Season,GameWeek,Split,Team,PlayerID,PassAttempts,RushAttempts,Targets,PassCompletions,PassYards,PassTDs,PassInts,RushYards,RushTDs,RecCompletions,RecYards,RecTDs
2026,3,M,BAL,12561,30.36,8.58,0.00,19.82,274.83,1.69,0.46,52.46,0.34,0.00,0.00,0.00
2026,3,M,BUF,12483,32.75,7.66,0.00,21.42,264.02,1.55,1.15,35.42,0.78,0.00,0.00,0.00
2026,3,M,SF,15834,30.07,4.35,0.00,19.97,250.25,2.20,0.67,20.42,0.24,0.00,0.00,0.00
2026,3,M,KC,11839,31.45,3.97,0.00,21.15,248.16,1.92,0.50,22.50,0.25,0.00,0.00,0.00
2026,3,M,DET,10729,33.32,1.92,0.00,21.31,254.00,2.19,0.10,5.06,0.05,0.00,0.00,0.00
2026,3,M,DAL,11008,36.21,3.00,0.00,23.15,268.56,1.81,0.61,10.86,0.12,0.00,0.00,0.00
2026,3,M,JAX,15357,33.05,4.76,0.00,20.13,238.64,1.64,0.49,19.04,0.31,0.00,0.00,0.00
2026,3,M,NE,17673,31.79,6.04,0.00,21.83,253.83,1.26,0.94,30.46,0.24,0.00,0.00,0.00
2026,3,M,NO,17037,33.33,5.20,0.00,21.88,239.85,1.56,0.52,17.94,0.25,0.00,0.00,0.00
2026,3,M,PHI,14416,28.52,6.52,0.00,18.12,216.61,1.18,0.92,33.08,0.43,0.00,0.00,0.00
2026,3,M,CIN,14442,33.95,3.27,0.00,22.77,246.52,1.82,0.98,10.15,0.08,0.00,0.00,0.00
2026,3,M,MIN,13613,30.45,5.93,0.00,19.75,211.79,1.33,0.40,28.98,0.23,0.00,0.00,0.00
2026,3,M,DEN,16995,33.39,4.61,0.00,21.50,226.31,1.50,0.87,20.65,0.21,0.00,0.00,0.00
2026,3,M,SEA,12490,30.49,2.42,0.00,19.30,236.51,1.70,0.55,9.61,0.08,0.00,0.00,0.00
2026,3,M,LAC,14446,33.12,4.12,0.00,21.08,232.75,1.26,0.58,20.93,0.19,0.00,0.00,0.00
2026,3,M,DET,16808,0.00,19.91,5.13,0.00,0.00,0.00,0.00,99.11,0.76,4.32,30.73,0.29
2026,3,M,GB,14371,32.32,3.30,0.00,21.21,232.01,1.63,1.14,15.00,0.09,0.00,0.00,0.00
2026,3,M,LAR,5971,32.90,1.87,0.00,20.41,241.82,1.57,0.57,4.01,0.05,0.00,0.00,0.00
2026,3,M,CAR,16807,32.15,4.41,0.00,19.06,202.55,1.37,0.66,21.84,0.21,0.00,0.00,0.00
2026,3,M,MIA,15872,28.57,5.28,0.00,18.57,215.94,0.94,0.42,24.46,0.29,0.00,0.00,0.00
2026,3,M,TB,12619,30.43,3.72,0.00,19.54,213.33,1.46,0.70,16.62,0.13,0.00,0.00,0.00
2026,3,M,NYJ,8743,32.23,3.14,0.00,21.72,226.25,1.39,0.63,13.38,0.11,0.00,0.00,0.00
2026,3,M,ARI,10919,34.02,3.05,0.00,21.31,224.24,1.37,0.28,11.36,0.09,0.00,0.00,0.00
2026,3,M,HOU,16886,30.81,3.03,0.00,19.74,233.61,1.15,0.45,11.53,0.15,0.00,0.00,0.00
2026,3,M,BAL,10819,0.00,16.59,1.78,0.00,0.00,0.00,0.00,98.28,0.95,1.49,14.85,0.08
2026,3,M,LV,8057,32.37,1.90,0.00,20.83,217.89,1.53,0.57,3.72,0.06,0.00,0.00,0.00
2026,3,M,IND,14455,0.00,21.76,3.62,0.00,0.00,0.00,0.00,86.85,0.93,2.96,20.74,0.11
2026,3,M,KC,15909,0.00,18.02,3.99,0.00,0.00,0.00,0.00,88.23,0.65,3.54,28.94,0.19
2026,3,M,PIT,4307,33.11,1.51,0.00,21.34,219.91,1.37,0.89,7.19,0.06,0.00,0.00,0.00
2026,3,M,NYG,10037,28.76,3.41,0.00,16.08,215.99,1.10,0.51,11.81,0.12,0.00,0.00,0.00
2026,3,M,SF,11690,0.00,16.46,5.12,0.00,0.00,0.00,0.00,79.35,0.57,4.37,31.61,0.30
2026,3,M,CLE,11712,29.09,3.02,0.00,20.93,213.40,1.09,1.15,14.01,0.13,0.00,0.00,0.00
2026,3,M,ATL,16739,0.00,18.47,5.10,0.00,0.00,0.00,0.00,85.95,0.46,4.15,32.57,0.24
2026,3,M,IND,13491,29.66,3.74,0.00,19.27,208.23,1.00,0.77,14.73,0.14,0.00,0.00,0.00
2026,3,M,ATL,17700,29.22,2.78,0.00,16.77,200.80,1.14,0.50,8.65,0.12,0.00,0.00,0.00
2026,3,M,SEA,16654,0.00,0.43,9.30,0.00,0.00,0.00,0.00,2.16,0.01,6.69,103.73,0.76
2026,3,M,TEN,16997,31.30,3.08,0.00,18.98,195.12,0.82,0.41,13.33,0.18,0.00,0.00,0.00
2026,3,M,WAS,10074,28.20,6.26,0.00,17.62,188.10,0.72,0.98,27.15,0.14,0.00,0.00,0.00
2026,3,M,BUF,15876,0.00,15.36,2.96,0.00,0.00,0.00,0.00,75.47,0.70,2.20,17.20,0.16
2026,3,M,PHI,12507,0.00,16.91,3.11,0.00,0.00,0.00,0.00,82.48,0.54,2.13,16.75,0.11
2026,3,M,CHI,8065,29.85,3.40,0.00,18.01,183.84,0.87,0.71,11.66,0.09,0.00,0.00,0.00
2026,3,M,NYG,18514,0.00,16.62,2.44,0.00,0.00,0.00,0.00,70.82,0.62,1.95,18.78,0.09
2026,3,M,DET,15332,0.00,0.28,9.50,0.00,0.00,0.00,0.00,1.62,0.01,6.60,83.77,0.75
2026,3,M,DAL,15306,0.00,16.03,3.26,0.00,0.00,0.00,0.00,59.12,0.77,2.72,15.86,0.11
2026,3,M,PIT,15984,0.00,13.42,3.97,0.00,0.00,0.00,0.00,72.96,0.37,3.53,25.53,0.11
2026,3,M,MIA,16661,0.00,14.10,4.44,0.00,0.00,0.00,0.00,67.46,0.33,3.96,27.29,0.17
2026,3,M,HOU,13556,0.00,15.30,2.17,0.00,0.00,0.00,0.00,52.91,0.85,1.97,15.38,0.09
2026,3,M,NYJ,15810,0.00,13.24,4.06,0.00,0.00,0.00,0.00,63.35,0.41,3.51,27.62,0.15
2026,3,M,CIN,16934,0.00,16.32,4.43,0.00,0.00,0.00,0.00,62.79,0.38,3.84,21.98,0.26
2026,3,M,CAR,15242,0.00,16.67,3.09,0.00,0.00,0.00,0.00,68.71,0.45,2.63,15.91,0.17
2026,3,M,NO,15895,0.00,0.05,8.83,0.00,0.00,0.00,0.00,0.19,0.00,5.72,79.59,0.69
2026,3,M,LV,18487,0.00,17.70,4.95,0.00,0.00,0.00,0.00,57.88,0.36,3.95,22.12,0.31
2026,3,M,CHI,14394,0.00,13.58,2.51,0.00,0.00,0.00,0.00,56.70,0.79,2.07,12.74,0.04
2026,3,M,LAC,18445,0.00,13.59,2.65,0.00,0.00,0.00,0.00,65.32,0.60,2.37,12.53,0.07
2026,3,M,GB,15946,0.00,0.24,7.24,0.00,0.00,0.00,0.00,1.36,0.01,3.93,69.46,0.75
2026,3,M,TB,17784,0.00,16.57,3.90,0.00,0.00,0.00,0.00,56.65,0.47,3.30,23.42,0.11
2026,3,M,LAR,15807,0.00,14.18,2.89,0.00,0.00,0.00,0.00,62.66,0.56,2.14,12.64,0.09
2026,3,M,DAL,14411,0.00,0.40,9.05,0.00,0.00,0.00,0.00,2.02,0.02,6.05,84.52,0.43
2026,3,M,ARI,19235,0.00,11.91,4.79,0.00,0.00,0.00,0.00,48.28,0.44,3.74,24.77,0.17
2026,3,M,CIN,15183,0.00,0.28,8.68,0.00,0.00,0.00,0.00,1.03,0.01,5.79,74.35,0.56
2026,3,M,MIN,14509,0.00,0.14,8.69,0.00,0.00,0.00,0.00,0.48,0.01,5.77,78.05,0.50
2026,3,M,MIN,11763,0.00,16.10,2.62,0.00,0.00,0.00,0.00,60.29,0.42,2.21,14.84,0.12
2026,3,M,TEN,13590,0.00,12.94,2.25,0.00,0.00,0.00,0.00,68.98,0.39,1.84,11.16,0.04
2026,3,M,NE,18517,0.00,11.80,2.55,0.00,0.00,0.00,0.00,55.42,0.55,2.05,13.13,0.07
2026,3,M,CLE,18516,0.00,15.46,2.35,0.00,0.00,0.00,0.00,57.67,0.50,2.04,11.82,0.07
2026,3,M,NYJ,15829,0.00,0.38,9.21,0.00,0.00,0.00,0.00,1.49,0.01,5.59,68.85,0.54
2026,3,M,JAX,16690,0.00,0.49,7.74,0.00,0.00,0.00,0.00,1.37,0.01,4.99,73.87,0.44
2026,3,M,PHI,15406,0.00,0.05,7.93,0.00,0.00,0.00,0.00,0.22,0.00,5.20,76.63,0.37
2026,3,M,DAL,15853,0.00,0.05,7.66,0.00,0.00,0.00,0.00,0.21,0.00,5.05,77.90,0.34
2026,3,M,BAL,16919,0.00,0.20,5.62,0.00,0.00,0.00,0.00,1.28,0.01,4.22,69.76,0.44
2026,3,M,ARI,15902,0.00,0.12,9.02,0.00,0.00,0.00,0.00,0.50,0.01,7.13,66.61,0.50
2026,3,M,JAX,18524,0.00,12.99,2.18,0.00,0.00,0.00,0.00,50.66,0.45,1.64,12.05,0.13
2026,3,M,DEN,14418,0.00,13.09,1.94,0.00,0.00,0.00,0.00,65.36,0.31,1.68,8.68,0.07
2026,3,M,CAR,18547,0.00,0.08,8.84,0.00,0.00,0.00,0.00,0.35,0.00,4.66,72.73,0.37
2026,3,M,CAR,17976,0.00,0.08,7.20,0.00,0.00,0.00,0.00,0.35,0.00,5.19,64.46,0.50
2026,3,M,CIN,14506,0.00,0.06,6.81,0.00,0.00,0.00,0.00,0.26,0.00,4.09,64.53,0.49
2026,3,M,LAR,9455,0.00,0.00,10.20,0.00,0.00,0.00,0.00,0.00,0.00,4.96,64.27,0.47
2026,3,M,LAC,17724,0.00,0.10,8.17,0.00,0.00,0.00,0.00,0.48,0.00,4.97,66.99,0.40
2026,3,M,NO,15385,0.00,13.29,2.67,0.00,0.00,0.00,0.00,49.43,0.22,2.17,14.85,0.23
2026,3,M,DET,15849,0.00,0.61,6.21,0.00,0.00,0.00,0.00,3.34,0.02,3.69,62.45,0.39
2026,3,M,SEA,19299,0.00,11.73,1.37,0.00,0.00,0.00,0.00,57.70,0.31,1.07,9.49,0.07
2026,3,M,NYG,17704,0.00,0.17,8.28,0.00,0.00,0.00,0.00,0.61,0.01,4.81,69.14,0.32
2026,3,M,ATL,15868,0.00,0.06,7.90,0.00,0.00,0.00,0.00,0.22,0.00,4.67,61.99,0.43
2026,3,M,BUF,12477,0.00,0.41,6.39,0.00,0.00,0.00,0.00,2.18,0.02,3.57,55.61,0.48
2026,3,M,SF,9253,0.00,0.00,6.38,0.00,0.00,0.00,0.00,0.00,0.00,3.81,55.69,0.53
2026,3,M,DEN,15404,0.00,0.22,7.20,0.00,0.00,0.00,0.00,1.20,0.01,4.61,63.81,0.36
2026,3,M,GB,17795,0.00,10.89,2.26,0.00,0.00,0.00,0.00,46.18,0.33,1.70,12.05,0.12
2026,3,M,WAS,18811,0.00,13.00,1.18,0.00,0.00,0.00,0.00,47.16,0.51,0.92,5.42,0.03
2026,3,M,BUF,16697,0.00,0.00,6.68,0.00,0.00,0.00,0.00,0.00,0.00,4.85,64.01,0.33
2026,3,M,NE,15372,0.00,7.78,2.92,0.00,0.00,0.00,0.00,37.72,0.30,2.55,19.25,0.12
2026,3,M,KC,16963,0.00,0.50,5.66,0.00,0.00,0.00,0.00,2.12,0.03,4.21,50.25,0.43
2026,3,M,ARI,16957,0.00,0.05,6.77,0.00,0.00,0.00,0.00,0.21,0.00,3.95,56.42,0.39
2026,3,M,DEN,18522,0.00,7.73,3.44,0.00,0.00,0.00,0.00,30.47,0.27,2.89,21.44,0.18
2026,3,M,SF,11892,0.00,0.00,5.27,0.00,0.00,0.00,0.00,0.00,0.00,4.30,51.28,0.46
2026,3,M,DET,17033,0.00,0.06,6.00,0.00,0.00,0.00,0.00,0.29,0.00,4.58,51.22,0.43
2026,3,M,GB,16649,0.00,0.00,5.45,0.00,0.00,0.00,0.00,0.00,0.00,3.81,48.84,0.46
2026,3,M,PIT,13424,0.00,0.19,6.79,0.00,0.00,0.00,0.00,0.99,0.01,3.56,55.51,0.32
2026,3,M,LV,17693,0.00,0.25,6.81,0.00,0.00,0.00,0.00,0.79,0.01,5.46,49.91,0.41
2026,3,M,LAR,17690,0.00,10.98,1.00,0.00,0.00,0.00,0.00,49.76,0.34,0.69,3.86,0.03
2026,3,M,SF,13429,0.00,1.03,5.41,0.00,0.00,0.00,0.00,5.82,0.06,3.78,48.18,0.30
2026,3,M,BAL,15210,0.00,0.06,5.80,0.00,0.00,0.00,0.00,0.30,0.00,3.46,52.72,0.35
2026,3,M,BAL,12559,0.00,0.22,5.53,0.00,0.00,0.00,0.00,1.08,0.01,4.47,50.48,0.35
2026,3,M,GB,18500,0.00,0.22,7.17,0.00,0.00,0.00,0.00,0.99,0.01,3.99,52.46,0.30
2026,3,M,KC,17687,0.00,1.17,5.50,0.00,0.00,0.00,0.00,6.60,0.07,3.22,42.05,0.32
2026,3,M,KC,8783,0.00,0.00,5.82,0.00,0.00,0.00,0.00,0.00,0.00,4.59,50.97,0.33
2026,3,M,DEN,12586,0.00,0.00,5.93,0.00,0.00,0.00,0.00,0.00,0.00,3.38,48.07,0.34
2026,3,M,CLE,19298,0.00,0.14,5.24,0.00,0.00,0.00,0.00,0.65,0.01,3.28,45.68,0.35
2026,3,M,IND,16689,0.00,0.11,6.94,0.00,0.00,0.00,0.00,0.32,0.00,4.36,51.41,0.27
2026,3,M,HOU,12514,0.00,0.00,6.62,0.00,0.00,0.00,0.00,0.00,0.00,5.03,53.01,0.24
2026,3,M,CHI,18520,0.00,11.07,1.47,0.00,0.00,0.00,0.00,48.53,0.15,1.06,7.64,0.02
2026,3,M,TB,18549,0.00,0.27,6.60,0.00,0.00,0.00,0.00,1.00,0.01,3.24,46.61,0.28
2026,3,M,NE,10735,0.00,0.00,5.69,0.00,0.00,0.00,0.00,0.00,0.00,4.34,45.07,0.30
2026,3,M,HOU,18449,0.00,9.57,2.11,0.00,0.00,0.00,0.00,33.56,0.18,1.60,13.14,0.09
2026,3,M,MIN,16895,0.00,0.30,5.21,0.00,0.00,0.00,0.00,2.59,0.02,2.92,42.12,0.28
2026,3,M,NO,14630,0.00,0.00,5.33,0.00,0.00,0.00,0.00,0.00,0.00,4.05,46.27,0.27
2026,3,M,MIA,17863,0.00,0.97,6.00,0.00,0.00,0.00,0.00,4.78,0.05,3.91,40.70,0.23
2026,3,M,LAC,16899,0.00,0.17,5.67,0.00,0.00,0.00,0.00,0.79,0.01,2.85,43.85,0.28
2026,3,M,WAS,13536,0.00,0.05,6.35,0.00,0.00,0.00,0.00,0.20,0.00,3.58,48.64,0.22
2026,3,M,NO,17975,0.00,0.06,5.50,0.00,0.00,0.00,0.00,0.23,0.00,3.83,42.60,0.32
2026,3,M,NE,16027,0.00,0.00,5.28,0.00,0.00,0.00,0.00,0.00,0.00,3.28,47.59,0.22
2026,3,M,NO,11732,0.00,7.91,2.33,0.00,0.00,0.00,0.00,28.21,0.27,2.06,11.37,0.08
2026,3,M,PHI,16658,0.00,0.03,4.99,0.00,0.00,0.00,0.00,0.16,0.00,3.19,45.15,0.25
2026,3,M,ATL,15265,0.00,0.00,4.97,0.00,0.00,0.00,0.00,0.00,0.00,3.54,40.30,0.32
2026,3,M,HOU,16795,0.00,0.00,4.93,0.00,0.00,0.00,0.00,0.00,0.00,2.88,45.68,0.23
2026,3,M,NYG,16033,0.00,0.00,4.74,0.00,0.00,0.00,0.00,0.00,0.00,3.86,44.50,0.25
2026,3,M,JAX,17716,0.00,0.21,5.48,0.00,0.00,0.00,0.00,1.09,0.01,3.14,44.29,0.22
2026,3,M,IND,18534,0.00,0.34,6.53,0.00,0.00,0.00,0.00,1.14,0.01,4.39,39.26,0.30
2026,3,M,CHI,18548,0.00,0.66,5.22,0.00,0.00,0.00,0.00,2.86,0.01,3.79,49.30,0.10
2026,3,M,TB,15222,0.00,7.18,2.35,0.00,0.00,0.00,0.00,27.61,0.23,1.87,12.96,0.07
2026,3,M,TB,11718,0.00,0.32,5.11,0.00,0.00,0.00,0.00,1.47,0.01,3.60,40.93,0.26
2026,3,M,SEA,16560,0.00,0.70,4.27,0.00,0.00,0.00,0.00,4.65,0.02,2.55,38.98,0.23
2026,3,M,BUF,15892,0.00,0.14,5.91,0.00,0.00,0.00,0.00,0.58,0.00,4.23,48.24,0.16
2026,3,M,SEA,17593,0.00,7.93,0.91,0.00,0.00,0.00,0.00,37.64,0.19,0.80,6.32,0.05
2026,3,M,ARI,15976,0.00,9.02,1.50,0.00,0.00,0.00,0.00,34.32,0.20,1.37,8.90,0.05
2026,3,M,LV,16694,0.00,0.49,5.44,0.00,0.00,0.00,0.00,2.10,0.01,3.05,41.06,0.24
2026,3,M,CLE,19242,0.00,0.73,5.23,0.00,0.00,0.00,0.00,3.33,0.03,3.68,38.60,0.24
2026,3,M,PIT,14378,0.00,0.07,5.49,0.00,0.00,0.00,0.00,0.44,0.00,3.70,43.96,0.21
2026,3,M,CLE,18472,0.00,0.22,5.24,0.00,0.00,0.00,0.00,0.81,0.02,3.77,36.86,0.30
2026,3,M,LAC,18481,0.00,0.00,4.92,0.00,0.00,0.00,0.00,0.00,0.00,3.34,42.25,0.24
2026,3,M,TEN,16941,0.00,5.86,2.19,0.00,0.00,0.00,0.00,27.71,0.24,1.96,11.94,0.03
2026,3,M,CHI,18460,0.00,0.06,5.00,0.00,0.00,0.00,0.00,0.18,0.00,3.40,36.86,0.31
2026,3,M,WAS,10133,0.00,0.00,5.50,0.00,0.00,0.00,0.00,0.00,0.00,3.65,40.50,0.25
2026,3,M,SEA,17811,0.00,0.64,3.70,0.00,0.00,0.00,0.00,2.58,0.04,2.92,31.61,0.31
2026,3,M,NYJ,17702,0.00,6.45,1.08,0.00,0.00,0.00,0.00,27.45,0.29,0.87,6.33,0.06
2026,3,M,LAC,16810,0.00,5.47,1.56,0.00,0.00,0.00,0.00,31.52,0.19,1.23,8.91,0.05
2026,3,M,GB,16741,0.00,6.21,1.94,0.00,0.00,0.00,0.00,29.39,0.16,1.47,9.54,0.10
2026,3,M,JAX,17017,0.00,0.00,4.79,0.00,0.00,0.00,0.00,0.00,0.00,3.74,37.18,0.28
2026,3,M,TEN,19268,0.00,0.10,6.28,0.00,0.00,0.00,0.00,0.49,0.00,3.61,42.67,0.18
2026,3,M,DAL,15947,0.00,0.00,5.14,0.00,0.00,0.00,0.00,0.00,0.00,3.85,35.82,0.30
2026,3,M,PIT,15267,0.00,0.00,4.64,0.00,0.00,0.00,0.00,0.00,0.00,3.58,38.05,0.24
2026,3,M,CHI,17020,0.00,0.06,5.66,0.00,0.00,0.00,0.00,0.22,0.00,3.02,43.33,0.14
2026,3,M,MIN,13610,0.00,0.00,4.69,0.00,0.00,0.00,0.00,0.00,0.00,3.62,36.32,0.25
2026,3,M,ARI,17674,0.00,0.00,5.24,0.00,0.00,0.00,0.00,0.00,0.00,2.48,37.98,0.22
2026,3,M,JAX,13517,0.00,0.27,4.95,0.00,0.00,0.00,0.00,1.24,0.01,3.35,38.13,0.18
2026,3,M,NE,11861,0.00,0.05,5.26,0.00,0.00,0.00,0.00,0.21,0.00,3.43,40.43,0.17
2026,3,M,TEN,15838,0.00,0.23,5.81,0.00,0.00,0.00,0.00,1.27,0.01,3.76,39.87,0.15
2026,3,M,HOU,16932,0.00,0.07,5.24,0.00,0.00,0.00,0.00,0.37,0.00,2.80,41.34,0.14
2026,3,M,NYJ,19279,0.00,0.12,5.00,0.00,0.00,0.00,0.00,0.53,0.01,3.69,34.12,0.24
2026,3,M,CAR,10215,0.00,0.00,4.18,0.00,0.00,0.00,0.00,0.00,0.00,2.92,29.48,0.33
2026,3,M,PIT,13484,0.00,4.88,1.75,0.00,0.00,0.00,0.00,24.99,0.15,1.43,10.93,0.07
2026,3,M,LAR,18497,0.00,0.00,5.59,0.00,0.00,0.00,0.00,0.00,0.00,2.73,30.96,0.30
2026,3,M,BAL,13427,0.00,3.18,2.40,0.00,0.00,0.00,0.00,15.68,0.13,2.08,18.18,0.12
2026,3,M,SEA,11863,0.00,0.07,3.72,0.00,0.00,0.00,0.00,0.38,0.00,2.41,35.08,0.22
2026,3,M,NYJ,17977,0.00,0.24,5.32,0.00,0.00,0.00,0.00,1.50,0.01,4.08,35.50,0.18
2026,3,M,DAL,17974,0.00,0.18,4.27,0.00,0.00,0.00,0.00,0.81,0.01,3.01,35.26,0.19
2026,3,M,MIN,14376,0.00,0.00,3.46,0.00,0.00,0.00,0.00,0.00,0.00,2.17,28.10,0.32
2026,3,M,SF,19607,0.00,6.61,0.93,0.00,0.00,0.00,0.00,30.65,0.13,0.84,6.00,0.04
2026,3,M,KC,15831,0.00,0.00,3.46,0.00,0.00,0.00,0.00,0.00,0.00,2.15,33.42,0.22
2026,3,M,DEN,18562,0.00,0.09,4.59,0.00,0.00,0.00,0.00,0.55,0.00,2.88,33.24,0.19
2026,3,M,SEA,17968,0.00,4.77,1.52,0.00,0.00,0.00,0.00,20.45,0.15,1.15,10.35,0.09
2026,3,M,NYG,15468,0.00,7.04,0.72,0.00,0.00,0.00,0.00,27.31,0.20,0.62,4.64,0.02
2026,3,M,LV,16025,0.00,0.25,3.92,0.00,0.00,0.00,0.00,0.85,0.01,2.20,29.98,0.22
2026,3,M,LAC,18478,0.00,0.12,4.92,0.00,0.00,0.00,0.00,0.60,0.00,2.85,36.11,0.13
2026,3,M,BUF,17732,0.00,0.04,3.93,0.00,0.00,0.00,0.00,0.17,0.00,2.37,32.81,0.18
2026,3,M,IND,8627,0.00,0.00,5.19,0.00,0.00,0.00,0.00,0.00,0.00,3.37,34.68,0.15
2026,3,M,WAS,15802,0.00,5.88,2.96,0.00,0.00,0.00,0.00,21.28,0.07,2.69,13.74,0.07
2026,3,M,NE,16751,0.00,0.35,4.39,0.00,0.00,0.00,0.00,1.37,0.01,3.00,34.08,0.12
2026,3,M,CLE,18526,0.00,4.94,2.04,0.00,0.00,0.00,0.00,19.49,0.11,1.71,11.70,0.09
2026,3,M,JAX,16933,0.00,5.28,0.68,0.00,0.00,0.00,0.00,22.84,0.23,0.50,4.14,0.03
2026,3,M,PHI,16705,0.00,4.34,0.79,0.00,0.00,0.00,0.00,20.63,0.23,0.56,5.13,0.03
2026,3,M,MIA,15891,0.00,0.00,3.71,0.00,0.00,0.00,0.00,0.00,0.00,2.82,32.11,0.15
2026,3,M,TB,16032,0.00,0.00,4.49,0.00,0.00,0.00,0.00,0.00,0.00,3.16,30.72,0.17
2026,3,M,NYG,19313,0.00,0.06,3.70,0.00,0.00,0.00,0.00,0.26,0.00,2.14,31.03,0.15
2026,3,M,MIA,19309,0.00,0.04,4.00,0.00,0.00,0.00,0.00,0.17,0.00,2.08,30.49,0.16
2026,3,M,HOU,18555,0.00,0.09,3.08,0.00,0.00,0.00,0.00,0.32,0.00,2.01,29.69,0.17
2026,3,M,TEN,18503,0.00,0.00,4.29,0.00,0.00,0.00,0.00,0.00,0.00,3.50,29.29,0.17
2026,3,M,CHI,11429,0.00,0.19,3.63,0.00,0.00,0.00,0.00,0.94,0.00,2.75,30.46,0.13
2026,3,M,GB,18515,0.00,5.82,0.97,0.00,0.00,0.00,0.00,21.98,0.15,0.67,4.93,0.05
2026,3,M,KC,19240,0.00,3.63,1.32,0.00,0.00,0.00,0.00,15.27,0.14,1.15,10.28,0.08
2026,3,M,CIN,12764,0.00,0.00,3.50,0.00,0.00,0.00,0.00,0.00,0.00,2.57,27.79,0.17
2026,3,M,CIN,11698,0.00,4.69,1.60,0.00,0.00,0.00,0.00,17.05,0.13,1.41,9.86,0.05
2026,3,M,ATL,15907,0.00,5.60,0.86,0.00,0.00,0.00,0.00,21.49,0.14,0.68,4.94,0.04
2026,3,M,CLE,14458,0.00,0.07,4.24,0.00,0.00,0.00,0.00,0.34,0.00,2.44,29.21,0.12
2026,3,M,LAR,14463,0.00,0.00,3.45,0.00,0.00,0.00,0.00,0.00,0.00,2.28,22.05,0.24
2026,3,M,TB,19320,0.00,0.08,3.94,0.00,0.00,0.00,0.00,0.35,0.00,1.88,27.15,0.14
2026,3,M,PIT,17043,0.00,0.10,3.65,0.00,0.00,0.00,0.00,0.49,0.00,2.14,25.10,0.16
2026,3,M,TEN,12616,0.00,0.05,3.24,0.00,0.00,0.00,0.00,0.23,0.00,1.76,26.06,0.13
2026,3,M,ARI,11847,0.00,0.00,3.23,0.00,0.00,0.00,0.00,0.00,0.00,2.24,26.33,0.12
2026,3,M,PHI,19231,0.00,0.26,3.54,0.00,0.00,0.00,0.00,1.12,0.01,2.64,23.44,0.13
2026,3,M,NYG,14510,0.00,0.06,3.11,0.00,0.00,0.00,0.00,0.26,0.00,1.63,26.96,0.09
2026,3,M,LV,18457,0.00,0.06,2.95,0.00,0.00,0.00,0.00,0.22,0.00,1.86,22.38,0.16
2026,3,M,MIA,19322,0.00,0.00,3.43,0.00,0.00,0.00,0.00,0.00,0.00,1.82,24.08,0.13
2026,3,M,DET,18642,0.00,0.05,2.43,0.00,0.00,0.00,0.00,0.26,0.00,1.36,20.16,0.18
2026,3,M,PIT,16701,0.00,4.01,0.30,0.00,0.00,0.00,0.00,20.23,0.14,0.23,1.77,0.01
2026,3,M,CAR,14370,0.00,4.68,0.64,0.00,0.00,0.00,0.00,18.74,0.11,0.56,3.49,0.03
2026,3,M,GB,16005,0.00,0.35,3.02,0.00,0.00,0.00,0.00,1.92,0.01,1.65,20.08,0.13
2026,3,M,DEN,11805,0.00,0.00,3.07,0.00,0.00,0.00,0.00,0.00,0.00,2.29,21.42,0.14
2026,3,M,IND,10739,0.00,0.00,3.26,0.00,0.00,0.00,0.00,0.00,0.00,1.19,22.96,0.11
2026,3,M,TEN,18552,0.00,0.00,3.04,0.00,0.00,0.00,0.00,0.00,0.00,1.43,21.73,0.13
2026,3,M,DAL,15990,0.00,3.59,1.01,0.00,0.00,0.00,0.00,14.10,0.11,0.82,5.42,0.04
2026,3,M,MIA,18450,0.00,4.98,0.86,0.00,0.00,0.00,0.00,12.29,0.15,0.69,4.83,0.04
2026,3,M,PIT,19263,0.00,0.17,2.64,0.00,0.00,0.00,0.00,0.95,0.01,1.46,19.48,0.12
2026,3,M,BUF,13466,0.00,0.00,2.13,0.00,0.00,0.00,0.00,0.00,0.00,1.49,16.58,0.18
2026,3,M,NO,19319,0.00,0.00,2.65,0.00,0.00,0.00,0.00,0.00,0.00,1.65,18.61,0.14
2026,3,M,MIN,14410,0.00,2.49,1.37,0.00,0.00,0.00,0.00,10.54,0.07,1.24,7.92,0.07
2026,3,M,WAS,19237,0.00,0.11,2.98,0.00,0.00,0.00,0.00,0.44,0.00,1.74,19.06,0.12
2026,3,M,ATL,15850,0.00,0.03,2.80,0.00,0.00,0.00,0.00,0.11,0.00,1.44,17.49,0.14
2026,3,M,NYG,17967,0.00,2.76,0.86,0.00,0.00,0.00,0.00,13.48,0.07,0.69,5.84,0.04
2026,3,M,BAL,17728,0.00,0.07,1.64,0.00,0.00,0.00,0.00,0.36,0.00,1.00,17.71,0.13
2026,3,M,LV,19300,0.00,3.64,0.99,0.00,0.00,0.00,0.00,14.09,0.07,0.65,5.12,0.04
2026,3,M,NYJ,10988,0.00,0.00,2.74,0.00,0.00,0.00,0.00,0.00,0.00,1.86,19.52,0.10
2026,3,M,LV,16666,0.00,0.00,3.17,0.00,0.00,0.00,0.00,0.00,0.00,2.25,19.53,0.09
2026,3,M,SEA,17772,0.00,0.06,1.83,0.00,0.00,0.00,0.00,0.31,0.00,1.11,15.76,0.14
2026,3,M,BAL,10994,0.00,0.00,1.79,0.00,0.00,0.00,0.00,0.00,0.00,1.02,18.16,0.08
2026,3,M,NO,13426,0.00,0.00,2.00,0.00,0.00,0.00,0.00,0.00,0.00,1.51,13.85,0.15
2026,3,M,HOU,16847,0.00,0.06,2.16,0.00,0.00,0.00,0.00,0.23,0.00,1.41,16.59,0.09
2026,3,M,MIA,16010,0.00,0.00,2.29,0.00,0.00,0.00,0.00,0.00,0.00,1.26,16.48,0.09
2026,3,M,NYG,17021,0.00,0.00,1.89,0.00,0.00,0.00,0.00,0.00,0.00,1.26,17.01,0.08
2026,3,M,LAR,17688,0.00,0.07,2.63,0.00,0.00,0.00,0.00,0.31,0.00,1.70,16.57,0.08
2026,3,M,PIT,16889,0.00,0.00,2.14,0.00,0.00,0.00,0.00,0.00,0.00,1.57,16.75,0.08
2026,3,M,BUF,17792,0.00,3.04,0.29,0.00,0.00,0.00,0.00,13.96,0.07,0.25,2.15,0.02
2026,3,M,DAL,13894,0.00,0.90,1.23,0.00,0.00,0.00,0.00,4.54,0.03,0.79,11.45,0.06
2026,3,M,ATL,13833,0.00,0.21,2.15,0.00,0.00,0.00,0.00,0.93,0.01,1.18,13.62,0.10
2026,3,M,DET,17760,0.00,3.46,0.05,0.00,0.00,0.00,0.00,15.14,0.09,0.03,0.39,0.00
2026,3,M,NE,19126,0.00,0.05,2.07,0.00,0.00,0.00,0.00,0.20,0.00,1.08,13.77,0.11
2026,3,M,JAX,10126,0.00,2.35,0.83,0.00,0.00,0.00,0.00,9.91,0.06,0.76,4.52,0.04
2026,3,M,KC,15459,0.00,0.00,1.79,0.00,0.00,0.00,0.00,0.00,0.00,1.36,13.79,0.11
2026,3,M,MIN,19234,0.00,2.69,0.61,0.00,0.00,0.00,0.00,9.92,0.08,0.53,3.66,0.03
2026,3,M,SEA,18540,0.00,0.00,1.60,0.00,0.00,0.00,0.00,0.00,0.00,1.13,13.96,0.10
2026,3,M,ATL,19262,0.00,0.14,1.97,0.00,0.00,0.00,0.00,0.55,0.00,1.41,13.94,0.09
2026,3,M,TEN,18518,0.00,2.79,0.13,0.00,0.00,0.00,0.00,12.71,0.10,0.10,0.66,0.00
2026,3,M,NYJ,15996,0.00,0.00,2.19,0.00,0.00,0.00,0.00,0.00,0.00,1.69,13.05,0.10
2026,3,M,BUF,15447,0.00,0.00,1.87,0.00,0.00,0.00,0.00,0.00,0.00,1.07,16.03,0.05
2026,3,M,GB,11807,0.00,0.00,1.94,0.00,0.00,0.00,0.00,0.00,0.00,1.39,12.53,0.10
2026,3,M,SF,17008,0.00,0.09,1.50,0.00,0.00,0.00,0.00,0.44,0.00,0.96,12.41,0.09
2026,3,M,CHI,14436,0.00,0.00,2.08,0.00,0.00,0.00,0.00,0.00,0.00,1.41,12.77,0.09
2026,3,M,PHI,17802,0.00,2.08,1.00,0.00,0.00,0.00,0.00,7.14,0.05,0.82,6.13,0.03
2026,3,M,HOU,13822,0.00,0.00,1.54,0.00,0.00,0.00,0.00,0.00,0.00,1.24,13.14,0.08
2026,3,M,CIN,19247,0.00,0.15,1.63,0.00,0.00,0.00,0.00,0.60,0.00,1.03,12.49,0.08
2026,3,M,BUF,13587,0.00,1.83,0.65,0.00,0.00,0.00,0.00,7.44,0.06,0.49,4.07,0.04
2026,3,M,CIN,19447,0.00,0.05,1.70,0.00,0.00,0.00,0.00,0.20,0.00,1.26,12.40,0.08
2026,3,M,PHI,12316,0.00,0.00,1.85,0.00,0.00,0.00,0.00,0.00,0.00,1.28,12.96,0.07
2026,3,M,PHI,8781,0.00,0.00,1.66,0.00,0.00,0.00,0.00,0.00,0.00,1.21,12.51,0.07
2026,3,M,CAR,15371,0.00,0.00,1.77,0.00,0.00,0.00,0.00,0.00,0.00,1.28,10.51,0.10
2026,3,M,JAX,19321,0.00,0.18,1.32,0.00,0.00,0.00,0.00,0.77,0.01,0.76,9.24,0.09
2026,3,M,IND,19303,0.00,2.60,0.39,0.00,0.00,0.00,0.00,8.58,0.08,0.28,2.05,0.01
2026,3,M,BAL,18567,0.00,0.05,1.21,0.00,0.00,0.00,0.00,0.25,0.00,0.79,11.43,0.07
2026,3,M,BAL,12807,0.00,0.00,1.37,0.00,0.00,0.00,0.00,0.00,0.00,1.09,12.06,0.06
2026,3,M,WAS,18533,0.00,2.65,0.56,0.00,0.00,0.00,0.00,9.02,0.05,0.40,2.36,0.02
2026,3,M,CIN,17696,0.00,0.00,1.54,0.00,0.00,0.00,0.00,0.00,0.00,1.17,11.05,0.07
2026,3,M,TB,17763,0.00,0.06,1.22,0.00,0.00,0.00,0.00,0.26,0.00,0.75,10.24,0.07
2026,3,M,MIN,13786,0.00,0.00,1.28,0.00,0.00,0.00,0.00,0.00,0.00,0.98,10.47,0.07
2026,3,M,CLE,18502,0.00,0.17,1.15,0.00,0.00,0.00,0.00,0.84,0.01,0.57,9.57,0.06
2026,3,M,PHI,18958,0.00,0.00,1.37,0.00,0.00,0.00,0.00,0.00,0.00,0.98,10.91,0.06
2026,3,M,CLE,17319,0.00,1.17,0.64,0.00,0.00,0.00,0.00,6.20,0.05,0.51,3.35,0.03
2026,3,M,ATL,10748,0.00,0.00,1.33,0.00,0.00,0.00,0.00,0.00,0.00,0.94,9.54,0.08
2026,3,M,CLE,17130,0.00,0.00,1.34,0.00,0.00,0.00,0.00,0.00,0.00,0.90,8.43,0.09
2026,3,M,MIA,19450,0.00,0.00,1.43,0.00,0.00,0.00,0.00,0.00,0.00,1.13,10.02,0.06
2026,3,M,TB,18484,0.00,0.12,1.22,0.00,0.00,0.00,0.00,0.37,0.00,0.63,8.86,0.07
2026,3,M,BAL,19364,0.00,0.00,1.09,0.00,0.00,0.00,0.00,0.00,0.00,0.82,9.81,0.06
2026,3,M,WAS,15289,0.00,0.00,1.61,0.00,0.00,0.00,0.00,0.00,0.00,1.13,9.34,0.06
2026,3,M,WAS,17833,0.00,0.00,1.69,0.00,0.00,0.00,0.00,0.00,0.00,1.30,9.77,0.05
2026,3,M,NYG,9255,0.00,0.00,1.15,0.00,0.00,0.00,0.00,0.00,0.00,0.72,9.74,0.05
2026,3,M,CHI,18938,0.00,0.00,1.05,0.00,0.00,0.00,0.00,0.00,0.00,0.58,7.07,0.09
2026,3,M,KC,18550,0.00,0.05,0.98,0.00,0.00,0.00,0.00,0.22,0.00,0.60,7.36,0.08
2026,3,M,CAR,16069,0.00,0.01,1.38,0.00,0.00,0.00,0.00,0.03,0.00,0.88,8.54,0.06
2026,3,M,DET,15681,0.00,0.00,1.07,0.00,0.00,0.00,0.00,0.00,0.00,0.86,7.78,0.07
2026,3,M,CAR,17330,0.00,0.04,1.29,0.00,0.00,0.00,0.00,0.17,0.00,0.92,8.18,0.06
2026,3,M,TEN,16036,0.00,0.00,1.10,0.00,0.00,0.00,0.00,0.00,0.00,0.86,8.91,0.05
2026,3,M,NO,19431,0.00,1.16,0.67,0.00,0.00,0.00,0.00,4.31,0.04,0.49,3.38,0.03
2026,3,M,LAR,17081,0.00,0.06,1.97,0.00,0.00,0.00,0.00,0.24,0.00,0.82,8.07,0.06
2026,3,M,JAX,18476,0.00,0.97,0.86,0.00,0.00,0.00,0.00,3.69,0.02,0.71,4.43,0.04
2026,3,M,WAS,15274,0.00,0.07,1.69,0.00,0.00,0.00,0.00,0.28,0.00,0.87,8.90,0.04
2026,3,M,CAR,12216,0.00,0.00,1.09,0.00,0.00,0.00,0.00,0.00,0.00,0.65,7.42,0.07
2026,3,M,DEN,14541,0.00,0.00,1.05,0.00,0.00,0.00,0.00,0.00,0.00,0.77,7.91,0.06
2026,3,M,CIN,13809,0.00,0.00,1.19,0.00,0.00,0.00,0.00,0.00,0.00,0.96,8.43,0.05
2026,3,M,TEN,18641,0.00,0.22,1.12,0.00,0.00,0.00,0.00,0.82,0.01,0.74,7.52,0.04
2026,3,M,DET,17584,0.00,1.09,0.43,0.00,0.00,0.00,0.00,5.23,0.03,0.34,2.79,0.02
2026,3,M,SF,15566,0.00,0.00,0.99,0.00,0.00,0.00,0.00,0.00,0.00,0.88,7.75,0.05
2026,3,M,NO,18544,0.00,0.00,1.06,0.00,0.00,0.00,0.00,0.00,0.00,0.87,7.12,0.06
2026,3,M,SF,9260,0.00,0.00,0.90,0.00,0.00,0.00,0.00,0.00,0.00,0.51,7.59,0.05
2026,3,M,LAR,17467,0.00,0.09,0.99,0.00,0.00,0.00,0.00,0.43,0.00,0.58,8.35,0.03
2026,3,M,MIN,18553,0.00,0.04,0.95,0.00,0.00,0.00,0.00,0.17,0.00,0.82,7.23,0.05
2026,3,M,WAS,18160,0.00,0.00,1.41,0.00,0.00,0.00,0.00,0.00,0.00,0.93,7.49,0.04
2026,3,M,DEN,17719,0.00,0.11,0.89,0.00,0.00,0.00,0.00,0.45,0.00,0.55,6.48,0.05
2026,3,M,HOU,19352,0.00,0.00,0.92,0.00,0.00,0.00,0.00,0.00,0.00,0.76,7.48,0.04
2026,3,M,LAR,10854,0.00,0.00,0.99,0.00,0.00,0.00,0.00,0.00,0.00,0.67,6.68,0.05
2026,3,M,DEN,16992,0.00,0.00,0.87,0.00,0.00,0.00,0.00,0.00,0.00,0.64,6.03,0.06
2026,3,M,DEN,15893,0.00,0.81,0.60,0.00,0.00,0.00,0.00,3.87,0.02,0.46,3.28,0.02
2026,3,M,SF,18647,0.00,0.00,0.84,0.00,0.00,0.00,0.00,0.00,0.00,0.58,6.50,0.05
2026,3,M,CIN,13286,0.00,0.00,0.95,0.00,0.00,0.00,0.00,0.00,0.00,0.75,7.09,0.04
2026,3,M,CHI,19357,0.00,0.00,1.31,0.00,0.00,0.00,0.00,0.00,0.00,0.85,7.12,0.04
2026,3,M,LAC,16939,0.00,0.12,1.06,0.00,0.00,0.00,0.00,0.64,0.00,0.67,6.49,0.04
2026,3,M,JAX,18578,0.00,0.14,0.99,0.00,0.00,0.00,0.00,0.55,0.00,0.58,6.53,0.04
2026,3,M,ARI,16959,0.00,0.00,1.01,0.00,0.00,0.00,0.00,0.00,0.00,0.83,7.62,0.03
2026,3,M,CAR,18545,0.00,0.00,0.96,0.00,0.00,0.00,0.00,0.00,0.00,0.69,6.59,0.04
2026,3,M,LAC,12934,0.00,0.00,1.09,0.00,0.00,0.00,0.00,0.00,0.00,0.46,6.47,0.04
2026,3,M,DAL,16855,0.00,0.00,0.92,0.00,0.00,0.00,0.00,0.00,0.00,0.70,7.06,0.03
2026,3,M,LAC,18251,0.00,0.00,0.99,0.00,0.00,0.00,0.00,0.00,0.00,0.68,6.40,0.04
2026,3,M,NE,18889,0.00,0.00,0.64,0.00,0.00,0.00,0.00,0.00,0.00,0.45,5.96,0.04
2026,3,M,JAX,19448,0.00,0.00,0.89,0.00,0.00,0.00,0.00,0.00,0.00,0.63,5.88,0.04
2026,3,M,LV,14495,0.00,0.00,0.65,0.00,0.00,0.00,0.00,0.00,0.00,0.39,5.20,0.05
2026,3,M,NYJ,19668,0.00,0.00,0.64,0.00,0.00,0.00,0.00,0.00,0.00,0.40,4.97,0.04
2026,3,M,DAL,17908,0.00,0.00,0.75,0.00,0.00,0.00,0.00,0.00,0.00,0.52,5.49,0.03
2026,3,M,JAX,19349,0.00,0.00,0.74,0.00,0.00,0.00,0.00,0.00,0.00,0.53,4.94,0.04
2026,3,M,NE,16931,0.00,0.00,0.76,0.00,0.00,0.00,0.00,0.00,0.00,0.55,5.48,0.03
2026,3,M,BUF,18538,0.00,0.00,0.65,0.00,0.00,0.00,0.00,0.00,0.00,0.50,5.13,0.03
2026,3,M,SF,13418,0.00,0.00,0.63,0.00,0.00,0.00,0.00,0.00,0.00,0.29,5.04,0.03
2026,3,M,SF,18485,0.00,0.95,0.06,0.00,0.00,0.00,0.00,4.64,0.03,0.05,0.38,0.00
2026,3,M,LAC,17821,0.00,0.77,0.26,0.00,0.00,0.00,0.00,3.41,0.02,0.20,1.49,0.01
2026,3,M,BAL,19426,0.00,0.00,0.52,0.00,0.00,0.00,0.00,0.00,0.00,0.39,4.63,0.03
2026,3,M,NO,16026,0.00,0.00,0.67,0.00,0.00,0.00,0.00,0.00,0.00,0.39,3.88,0.04
2026,3,M,IND,12196,0.00,0.00,0.66,0.00,0.00,0.00,0.00,0.00,0.00,0.44,4.37,0.03
2026,3,M,PHI,17218,0.00,0.00,0.57,0.00,0.00,0.00,0.00,0.00,0.00,0.40,4.25,0.03
2026,3,M,LV,19432,0.00,0.00,0.65,0.00,0.00,0.00,0.00,0.00,0.00,0.41,4.13,0.03
2026,3,M,IND,14750,0.00,0.00,0.59,0.00,0.00,0.00,0.00,0.00,0.00,0.32,3.97,0.03
2026,3,M,NYJ,17057,0.00,0.48,0.16,0.00,0.00,0.00,0.00,2.50,0.02,0.14,1.06,0.01
2026,3,M,NYJ,15821,0.00,0.00,0.52,0.00,0.00,0.00,0.00,0.00,0.00,0.32,3.56,0.03
2026,3,M,GB,15935,0.00,0.19,0.39,0.00,0.00,0.00,0.00,1.06,0.01,0.17,2.50,0.02
2026,3,M,DET,15918,0.00,0.00,0.43,0.00,0.00,0.00,0.00,0.00,0.00,0.28,3.56,0.03
2026,3,M,KC,18529,0.00,0.56,0.19,0.00,0.00,0.00,0.00,2.21,0.02,0.15,1.21,0.01
2026,3,M,KC,18542,0.00,0.00,0.41,0.00,0.00,0.00,0.00,0.00,0.00,0.31,3.30,0.03
2026,3,M,SEA,11897,0.00,0.00,0.46,0.00,0.00,0.00,0.00,0.00,0.00,0.32,3.20,0.03
2026,3,M,HOU,17794,0.00,0.12,0.46,0.00,0.00,0.00,0.00,0.43,0.00,0.35,3.24,0.02
2026,3,M,NE,18532,0.00,0.83,0.06,0.00,0.00,0.00,0.00,3.34,0.02,0.05,0.38,0.00
2026,3,M,CLE,15310,0.00,0.00,0.44,0.00,0.00,0.00,0.00,0.00,0.00,0.28,3.31,0.02
2026,3,M,CIN,18519,0.00,0.88,0.10,0.00,0.00,0.00,0.00,2.54,0.02,0.08,0.61,0.00
2026,3,M,ARI,17185,0.00,0.00,0.48,0.00,0.00,0.00,0.00,0.00,0.00,0.25,3.19,0.02
2026,3,M,KC,19631,0.00,0.00,0.37,0.00,0.00,0.00,0.00,0.00,0.00,0.23,2.99,0.02
2026,3,M,IND,19315,0.00,0.00,0.42,0.00,0.00,0.00,0.00,0.00,0.00,0.26,2.75,0.02
2026,3,M,LAR,19306,0.00,0.56,0.10,0.00,0.00,0.00,0.00,2.20,0.02,0.07,0.46,0.00
2026,3,M,TB,16728,0.00,0.49,0.09,0.00,0.00,0.00,0.00,1.65,0.02,0.06,0.49,0.01
2026,3,M,LAR,17030,0.00,0.00,0.47,0.00,0.00,0.00,0.00,0.00,0.00,0.31,2.58,0.02
2026,3,M,CIN,18841,0.00,0.05,0.34,0.00,0.00,0.00,0.00,0.16,0.00,0.23,2.45,0.02
2026,3,M,ATL,14608,0.00,0.00,0.43,0.00,0.00,0.00,0.00,0.00,0.00,0.33,2.56,0.02
2026,3,M,DET,14246,0.00,0.00,0.30,0.00,0.00,0.00,0.00,0.00,0.00,0.19,2.45,0.02
2026,3,M,TB,18307,0.00,0.05,0.28,0.00,0.00,0.00,0.00,0.23,0.00,0.15,1.84,0.02
2026,3,M,GB,16866,0.00,0.00,0.32,0.00,0.00,0.00,0.00,0.00,0.00,0.26,2.09,0.02
2026,3,M,WAS,18643,0.00,0.22,0.34,0.00,0.00,0.00,0.00,0.81,0.00,0.18,1.88,0.01
2026,3,M,LV,17818,0.00,0.56,0.12,0.00,0.00,0.00,0.00,1.39,0.01,0.10,0.64,0.01
2026,3,M,DAL,16937,0.00,0.00,0.36,0.00,0.00,0.00,0.00,0.00,0.00,0.15,2.40,0.01
2026,3,M,JAX,15460,0.00,0.00,0.29,0.00,0.00,0.00,0.00,0.00,0.00,0.21,1.83,0.02
2026,3,M,LV,15922,0.00,0.00,0.30,0.00,0.00,0.00,0.00,0.00,0.00,0.17,2.16,0.01
2026,3,M,MIA,19276,0.00,0.00,0.29,0.00,0.00,0.00,0.00,0.00,0.00,0.21,2.18,0.01
2026,3,M,CHI,16772,0.00,0.44,0.00,0.00,0.00,0.00,0.00,1.49,0.02,0.00,0.00,0.00
2026,3,M,MIA,19681,0.00,0.00,0.29,0.00,0.00,0.00,0.00,0.00,0.00,0.21,2.07,0.01
2026,3,M,LV,12858,0.00,0.00,0.32,0.00,0.00,0.00,0.00,0.00,0.00,0.24,2.02,0.01
2026,3,M,IND,16277,0.00,0.00,0.25,0.00,0.00,0.00,0.00,0.00,0.00,0.16,1.59,0.01
2026,3,M,WAS,15896,0.00,0.23,0.28,0.00,0.00,0.00,0.00,0.87,0.00,0.12,1.32,0.00
2026,3,M,HOU,19326,0.00,0.00,0.18,0.00,0.00,0.00,0.00,0.00,0.00,0.12,1.46,0.01
2026,3,M,BAL,17026,0.00,0.12,0.12,0.00,0.00,0.00,0.00,0.49,0.00,0.10,0.93,0.01
2026,3,M,NYG,10033,0.00,0.00,0.18,0.00,0.00,0.00,0.00,0.00,0.00,0.12,1.41,0.01
2026,3,M,PIT,15467,0.00,0.00,0.13,0.00,0.00,0.00,0.00,0.00,0.00,0.09,0.98,0.01
2026,3,M,KC,16744,0.00,0.03,0.08,0.00,0.00,0.00,0.00,0.16,0.00,0.05,0.71,0.01
2026,3,M,CLE,19608,0.00,0.00,0.12,0.00,0.00,0.00,0.00,0.00,0.00,0.09,0.81,0.01
2026,3,M,CLE,17777,0.00,0.13,0.06,0.00,0.00,0.00,0.00,0.96,0.00,0.04,0.45,0.00
2026,3,M,TB,16720,0.00,0.00,0.12,0.00,0.00,0.00,0.00,0.00,0.00,0.07,0.77,0.01
2026,3,M,PHI,15280,0.00,0.08,0.14,0.00,0.00,0.00,0.00,0.32,0.00,0.08,0.98,0.00
2026,3,M,CHI,19259,0.00,0.12,0.12,0.00,0.00,0.00,0.00,0.48,0.00,0.07,0.74,0.00
2026,3,M,TEN,15921,0.00,0.11,0.10,0.00,0.00,0.00,0.00,0.53,0.00,0.07,0.54,0.00
2026,3,M,HOU,18300,0.00,0.11,0.06,0.00,0.00,0.00,0.00,0.49,0.00,0.05,0.40,0.00
2026,3,M,ARI,14636,0.00,0.04,0.12,0.00,0.00,0.00,0.00,0.18,0.00,0.08,0.73,0.00
2026,3,M,PIT,19340,0.00,0.05,0.07,0.00,0.00,0.00,0.00,0.25,0.00,0.04,0.51,0.00
2026,3,M,NYG,12771,0.00,0.00,0.06,0.00,0.00,0.00,0.00,0.00,0.00,0.05,0.46,0.00
2026,3,M,MIN,19095,0.00,0.00,0.06,0.00,0.00,0.00,0.00,0.00,0.00,0.04,0.47,0.00
2026,3,M,CAR,15324,0.00,0.05,0.03,0.00,0.00,0.00,0.00,0.19,0.00,0.02,0.17,0.00
2026,3,M,PHI,16337,0.00,0.00,0.06,0.00,0.00,0.00,0.00,0.00,0.00,0.04,0.41,0.00
2026,3,M,TB,19452,0.00,0.00,0.06,0.00,0.00,0.00,0.00,0.00,0.00,0.04,0.40,0.00
2026,3,M,PIT,12389,0.00,0.00,0.04,0.00,0.00,0.00,0.00,0.00,0.00,0.03,0.31,0.00
2026,3,M,TB,16282,0.00,0.00,0.03,0.00,0.00,0.00,0.00,0.00,0.00,0.02,0.17,0.00
2026,3,M,DEN,13565,0.00,0.00,0.00,0.00,0.00,0.00,0.00,0.00,0.00,0.00,0.00,0.00
2026,3,M,PHI,19296,0.00,0.00,0.00,0.00,0.00,0.00,0.00,0.00,0.00,0.00,0.00,0.00
2026,3,M,SF,11163,0.00,0.00,0.00,0.00,0.00,0.00,0.00,0.00,0.00,0.00,0.00,0.00
2026,3,M,SEA,18477,0.00,0.00,0.00,0.00,0.00,0.00,0.00,0.00,0.00,0.00,0.00,0.00
2026,3,M,LAC,11734,0.00,0.00,0.00,0.00,0.00,0.00,0.00,0.00,0.00,0.00,0.00,0.00
2026,3,M,LAC,18650,0.00,0.00,0.00,0.00,0.00,0.00,0.00,0.00,0.00,0.00,0.00,0.00
2026,3,M,MIN,16163,0.00,0.00,0.00,0.00,0.00,0.00,0.00,0.00,0.00,0.00,0.00,0.00
2026,3,M,IND,13522,0.00,0.00,0.00,0.00,0.00,0.00,0.00,0.00,0.00,0.00,0.00,0.00
2026,3,M,DEN,13438,0.00,0.00,0.00,0.00,0.00,0.00,0.00,0.00,0.00,0.00,0.00,0.00
2026,3,M,BUF,17555,0.00,0.00,0.00,0.00,0.00,0.00,0.00,0.00,0.00,0.00,0.00,0.00
2026,3,M,LAR,19275,0.00,0.00,0.00,0.00,0.00,0.00,0.00,0.00,0.00,0.00,0.00,0.00
2026,3,M,CAR,17748,0.00,0.00,0.00,0.00,0.00,0.00,0.00,0.00,0.00,0.00,0.00,0.00
2026,3,M,CLE,18467,0.00,0.00,0.00,0.00,0.00,0.00,0.00,0.00,0.00,0.00,0.00,0.00
2026,3,M,PIT,12629,0.00,0.00,0.00,0.00,0.00,0.00,0.00,0.00,0.00,0.00,0.00,0.00
2026,3,M,SF,15402,0.00,0.00,0.00,0.00,0.00,0.00,0.00,0.00,0.00,0.00,0.00,0.00
2026,3,M,SF,19330,0.00,0.00,0.00,0.00,0.00,0.00,0.00,0.00,0.00,0.00,0.00,0.00
2026,3,M,SF,12508,0.00,0.00,0.00,0.00,0.00,0.00,0.00,0.00,0.00,0.00,0.00,0.00
2026,3,M,GB,7357,0.00,0.00,0.00,0.00,0.00,0.00,0.00,0.00,0.00,0.00,0.00,0.00
2026,3,M,CAR,17734,0.00,0.00,0.00,0.00,0.00,0.00,0.00,0.00,0.00,0.00,0.00,0.00
2026,3,M,MIN,8986,0.00,0.00,0.00,0.00,0.00,0.00,0.00,0.00,0.00,0.00,0.00,0.00
2026,3,M,WAS,11767,0.00,0.00,0.00,0.00,0.00,0.00,0.00,0.00,0.00,0.00,0.00,0.00
2026,3,M,LAC,19318,0.00,0.00,0.00,0.00,0.00,0.00,0.00,0.00,0.00,0.00,0.00,0.00
2026,3,M,NE,19293,0.00,0.00,0.00,0.00,0.00,0.00,0.00,0.00,0.00,0.00,0.00,0.00
2026,3,M,SF,16418,0.00,0.00,0.00,0.00,0.00,0.00,0.00,0.00,0.00,0.00,0.00,0.00
2026,3,M,WAS,16042,0.00,0.00,0.00,0.00,0.00,0.00,0.00,0.00,0.00,0.00,0.00,0.00
2026,3,M,TEN,11709,0.00,0.00,0.00,0.00,0.00,0.00,0.00,0.00,0.00,0.00,0.00,0.00
2026,3,M,NO,17684,0.00,0.00,0.00,0.00,0.00,0.00,0.00,0.00,0.00,0.00,0.00,0.00
2026,3,M,ARI,19445,0.00,0.00,0.00,0.00,0.00,0.00,0.00,0.00,0.00,0.00,0.00,0.00
2026,3,M,PIT,18512,0.00,0.00,0.00,0.00,0.00,0.00,0.00,0.00,0.00,0.00,0.00,0.00
2026,3,M,GB,18554,0.00,0.00,0.00,0.00,0.00,0.00,0.00,0.00,0.00,0.00,0.00,0.00
2026,3,M,CIN,16965,0.00,0.00,0.00,0.00,0.00,0.00,0.00,0.00,0.00,0.00,0.00,0.00
2026,3,M,PHI,17011,0.00,0.00,0.00,0.00,0.00,0.00,0.00,0.00,0.00,0.00,0.00,0.00
2026,3,M,WAS,19368,0.00,0.00,0.00,0.00,0.00,0.00,0.00,0.00,0.00,0.00,0.00,0.00
2026,3,M,MIA,17800,0.00,0.00,0.00,0.00,0.00,0.00,0.00,0.00,0.00,0.00,0.00,0.00
2026,3,M,NYJ,19284,0.00,0.00,0.00,0.00,0.00,0.00,0.00,0.00,0.00,0.00,0.00,0.00
2026,3,M,GB,16977,0.00,0.00,0.00,0.00,0.00,0.00,0.00,0.00,0.00,0.00,0.00,0.00
2026,3,M,BAL,19230,0.00,0.00,0.00,0.00,0.00,0.00,0.00,0.00,0.00,0.00,0.00,0.00
2026,3,M,NO,9317,0.00,0.00,0.00,0.00,0.00,0.00,0.00,0.00,0.00,0.00,0.00,0.00
2026,3,M,SEA,13736,0.00,0.00,0.00,0.00,0.00,0.00,0.00,0.00,0.00,0.00,0.00,0.00
2026,3,M,TEN,15273,0.00,0.00,0.00,0.00,0.00,0.00,0.00,0.00,0.00,0.00,0.00,0.00
2026,3,M,MIA,18498,0.00,0.00,0.00,0.00,0.00,0.00,0.00,0.00,0.00,0.00,0.00,0.00
2026,3,M,NO,15979,0.00,0.00,0.00,0.00,0.00,0.00,0.00,0.00,0.00,0.00,0.00,0.00
2026,3,M,NO,16898,0.00,0.00,0.00,0.00,0.00,0.00,0.00,0.00,0.00,0.00,0.00,0.00
2026,3,M,SEA,16897,0.00,0.00,0.00,0.00,0.00,0.00,0.00,0.00,0.00,0.00,0.00,0.00
2026,3,M,ARI,13741,0.00,0.00,0.00,0.00,0.00,0.00,0.00,0.00,0.00,0.00,0.00,0.00
2026,3,M,DEN,19241,0.00,0.00,0.00,0.00,0.00,0.00,0.00,0.00,0.00,0.00,0.00,0.00
2026,3,M,GB,16663,0.00,0.00,0.00,0.00,0.00,0.00,0.00,0.00,0.00,0.00,0.00,0.00
2026,3,M,HOU,15200,0.00,0.00,0.00,0.00,0.00,0.00,0.00,0.00,0.00,0.00,0.00,0.00
2026,3,M,NYJ,15579,0.00,0.00,0.00,0.00,0.00,0.00,0.00,0.00,0.00,0.00,0.00,0.00
2026,3,M,DET,12809,0.00,0.00,0.00,0.00,0.00,0.00,0.00,0.00,0.00,0.00,0.00,0.00
2026,3,M,DET,16104,0.00,0.00,0.00,0.00,0.00,0.00,0.00,0.00,0.00,0.00,0.00,0.00
2026,3,M,ARI,11691,0.00,0.00,0.00,0.00,0.00,0.00,0.00,0.00,0.00,0.00,0.00,0.00
2026,3,M,CAR,15841,0.00,0.00,0.00,0.00,0.00,0.00,0.00,0.00,0.00,0.00,0.00,0.00
2026,3,M,MIA,18482,0.00,0.00,0.00,0.00,0.00,0.00,0.00,0.00,0.00,0.00,0.00,0.00
2026,3,M,NE,19348,0.00,0.00,0.00,0.00,0.00,0.00,0.00,0.00,0.00,0.00,0.00,0.00
2026,3,M,NYJ,19314,0.00,0.00,0.00,0.00,0.00,0.00,0.00,0.00,0.00,0.00,0.00,0.00
2026,3,M,NE,17335,0.00,0.00,0.00,0.00,0.00,0.00,0.00,0.00,0.00,0.00,0.00,0.00
2026,3,M,PHI,7355,0.00,0.00,0.00,0.00,0.00,0.00,0.00,0.00,0.00,0.00,0.00,0.00
2026,3,M,DAL,15825,0.00,0.00,0.00,0.00,0.00,0.00,0.00,0.00,0.00,0.00,0.00,0.00
2026,3,M,LAR,19316,0.00,0.00,0.00,0.00,0.00,0.00,0.00,0.00,0.00,0.00,0.00,0.00
2026,3,M,BAL,14563,0.00,0.00,0.00,0.00,0.00,0.00,0.00,0.00,0.00,0.00,0.00,0.00
2026,3,M,TB,19292,0.00,0.00,0.00,0.00,0.00,0.00,0.00,0.00,0.00,0.00,0.00,0.00
2026,3,M,GB,13582,0.00,0.00,0.00,0.00,0.00,0.00,0.00,0.00,0.00,0.00,0.00,0.00
2026,3,M,WAS,17692,0.00,0.00,0.00,0.00,0.00,0.00,0.00,0.00,0.00,0.00,0.00,0.00
2026,3,M,HOU,15369,0.00,0.00,0.00,0.00,0.00,0.00,0.00,0.00,0.00,0.00,0.00,0.00
2026,3,M,NYG,18574,0.00,0.00,0.00,0.00,0.00,0.00,0.00,0.00,0.00,0.00,0.00,0.00
2026,3,M,TEN,19359,0.00,0.00,0.00,0.00,0.00,0.00,0.00,0.00,0.00,0.00,0.00,0.00
2026,3,M,DAL,15828,0.00,0.00,0.00,0.00,0.00,0.00,0.00,0.00,0.00,0.00,0.00,0.00
2026,3,M,LAR,19278,0.00,0.00,0.00,0.00,0.00,0.00,0.00,0.00,0.00,0.00,0.00,0.00
2026,3,M,HOU,16935,0.00,0.00,0.00,0.00,0.00,0.00,0.00,0.00,0.00,0.00,0.00,0.00
2026,3,M,LAC,15924,0.00,0.00,0.00,0.00,0.00,0.00,0.00,0.00,0.00,0.00,0.00,0.00
2026,3,M,DAL,17091,0.00,0.00,0.00,0.00,0.00,0.00,0.00,0.00,0.00,0.00,0.00,0.00
2026,3,M,LAC,15198,0.00,0.00,0.00,0.00,0.00,0.00,0.00,0.00,0.00,0.00,0.00,0.00
2026,3,M,NE,16797,0.00,0.00,0.00,0.00,0.00,0.00,0.00,0.00,0.00,0.00,0.00,0.00
2026,3,M,DET,19443,0.00,0.00,0.00,0.00,0.00,0.00,0.00,0.00,0.00,0.00,0.00,0.00
2026,3,M,DET,11834,0.00,0.00,0.00,0.00,0.00,0.00,0.00,0.00,0.00,0.00,0.00,0.00
2026,3,M,IND,18513,0.00,0.00,0.00,0.00,0.00,0.00,0.00,0.00,0.00,0.00,0.00,0.00
2026,3,M,MIA,19343,0.00,0.00,0.00,0.00,0.00,0.00,0.00,0.00,0.00,0.00,0.00,0.00
2026,3,M,IND,17014,0.00,0.00,0.00,0.00,0.00,0.00,0.00,0.00,0.00,0.00,0.00,0.00
2026,3,M,PIT,14657,0.00,0.00,0.00,0.00,0.00,0.00,0.00,0.00,0.00,0.00,0.00,0.00
2026,3,M,WAS,17820,0.00,0.00,0.00,0.00,0.00,0.00,0.00,0.00,0.00,0.00,0.00,0.00
2026,3,M,IND,13854,0.00,0.00,0.00,0.00,0.00,0.00,0.00,0.00,0.00,0.00,0.00,0.00
2026,3,M,PHI,16686,0.00,0.00,0.00,0.00,0.00,0.00,0.00,0.00,0.00,0.00,0.00,0.00
2026,3,M,CIN,19258,0.00,0.00,0.00,0.00,0.00,0.00,0.00,0.00,0.00,0.00,0.00,0.00
2026,3,M,LV,19281,0.00,0.00,0.00,0.00,0.00,0.00,0.00,0.00,0.00,0.00,0.00,0.00
2026,3,M,CAR,18506,0.00,0.00,0.00,0.00,0.00,0.00,0.00,0.00,0.00,0.00,0.00,0.00
2026,3,M,HOU,15542,0.00,0.00,0.00,0.00,0.00,0.00,0.00,0.00,0.00,0.00,0.00,0.00
2026,3,M,JAX,18505,0.00,0.00,0.00,0.00,0.00,0.00,0.00,0.00,0.00,0.00,0.00,0.00
2026,3,M,DEN,16849,0.00,0.00,0.00,0.00,0.00,0.00,0.00,0.00,0.00,0.00,0.00,0.00
2026,3,M,KC,15416,0.00,0.00,0.00,0.00,0.00,0.00,0.00,0.00,0.00,0.00,0.00,0.00
2026,3,M,NYJ,17668,0.00,0.00,0.00,0.00,0.00,0.00,0.00,0.00,0.00,0.00,0.00,0.00
2026,3,M,CIN,5648,0.00,0.00,0.00,0.00,0.00,0.00,0.00,0.00,0.00,0.00,0.00,0.00
2026,3,M,MIA,18530,0.00,0.00,0.00,0.00,0.00,0.00,0.00,0.00,0.00,0.00,0.00,0.00
2026,3,M,CLE,18496,0.00,0.00,0.00,0.00,0.00,0.00,0.00,0.00,0.00,0.00,0.00,0.00
2026,3,M,LAR,16790,0.00,0.00,0.00,0.00,0.00,0.00,0.00,0.00,0.00,0.00,0.00,0.00
2026,3,M,IND,18443,0.00,0.00,0.00,0.00,0.00,0.00,0.00,0.00,0.00,0.00,0.00,0.00
2026,3,M,KC,19283,0.00,0.00,0.00,0.00,0.00,0.00,0.00,0.00,0.00,0.00,0.00,0.00
2026,3,M,PHI,12860,0.00,0.00,0.00,0.00,0.00,0.00,0.00,0.00,0.00,0.00,0.00,0.00
2026,3,M,LV,16716,0.00,0.00,0.00,0.00,0.00,0.00,0.00,0.00,0.00,0.00,0.00,0.00
2026,3,M,TEN,15245,0.00,0.00,0.00,0.00,0.00,0.00,0.00,0.00,0.00,0.00,0.00,0.00
2026,3,M,NYG,14318,0.00,0.00,0.00,0.00,0.00,0.00,0.00,0.00,0.00,0.00,0.00,0.00
2026,3,M,CLE,19289,0.00,0.00,0.00,0.00,0.00,0.00,0.00,0.00,0.00,0.00,0.00,0.00
2026,3,M,NYJ,12061,0.00,0.00,0.00,0.00,0.00,0.00,0.00,0.00,0.00,0.00,0.00,0.00
2026,3,M,SF,17947,0.00,0.00,0.00,0.00,0.00,0.00,0.00,0.00,0.00,0.00,0.00,0.00
2026,3,M,SF,17761,0.00,0.00,0.00,0.00,0.00,0.00,0.00,0.00,0.00,0.00,0.00,0.00
2026,3,M,KC,19351,0.00,0.00,0.00,0.00,0.00,0.00,0.00,0.00,0.00,0.00,0.00,0.00
2026,3,M,IND,16022,0.00,0.00,0.00,0.00,0.00,0.00,0.00,0.00,0.00,0.00,0.00,0.00
2026,3,M,PIT,19335,0.00,0.00,0.00,0.00,0.00,0.00,0.00,0.00,0.00,0.00,0.00,0.00
2026,3,M,BAL,19301,0.00,0.00,0.00,0.00,0.00,0.00,0.00,0.00,0.00,0.00,0.00,0.00
2026,3,M,HOU,18551,0.00,0.00,0.00,0.00,0.00,0.00,0.00,0.00,0.00,0.00,0.00,0.00
2026,3,M,NO,17782,0.00,0.00,0.00,0.00,0.00,0.00,0.00,0.00,0.00,0.00,0.00,0.00
2026,3,M,IND,16653,0.00,0.00,0.00,0.00,0.00,0.00,0.00,0.00,0.00,0.00,0.00,0.00
2026,3,M,ARI,17966,0.00,0.00,0.00,0.00,0.00,0.00,0.00,0.00,0.00,0.00,0.00,0.00
2026,3,M,SF,14386,0.00,0.00,0.00,0.00,0.00,0.00,0.00,0.00,0.00,0.00,0.00,0.00
2026,3,M,LAR,16108,0.00,0.00,0.00,0.00,0.00,0.00,0.00,0.00,0.00,0.00,0.00,0.00
2026,3,M,PIT,19286,0.00,0.00,0.00,0.00,0.00,0.00,0.00,0.00,0.00,0.00,0.00,0.00
2026,3,M,CLE,19312,0.00,0.00,0.00,0.00,0.00,0.00,0.00,0.00,0.00,0.00,0.00,0.00
2026,3,M,BUF,12623,0.00,0.00,0.00,0.00,0.00,0.00,0.00,0.00,0.00,0.00,0.00,0.00
2026,3,M,ATL,11841,0.00,0.00,0.00,0.00,0.00,0.00,0.00,0.00,0.00,0.00,0.00,0.00
2026,3,M,LAR,15229,0.00,0.00,0.00,0.00,0.00,0.00,0.00,0.00,0.00,0.00,0.00,0.00
2026,3,M,CLE,18479,0.00,0.00,0.00,0.00,0.00,0.00,0.00,0.00,0.00,0.00,0.00,0.00
2026,3,M,NYG,15874,0.00,0.00,0.00,0.00,0.00,0.00,0.00,0.00,0.00,0.00,0.00,0.00
2026,3,M,BAL,19310,0.00,0.00,0.00,0.00,0.00,0.00,0.00,0.00,0.00,0.00,0.00,0.00
2026,3,M,CHI,16946,0.00,0.00,0.00,0.00,0.00,0.00,0.00,0.00,0.00,0.00,0.00,0.00
2026,3,M,TB,13634,0.00,0.00,0.00,0.00,0.00,0.00,0.00,0.00,0.00,0.00,0.00,0.00
2026,3,M,ARI,19287,0.00,0.00,0.00,0.00,0.00,0.00,0.00,0.00,0.00,0.00,0.00,0.00
2026,3,M,NYG,13449,0.00,0.00,0.00,0.00,0.00,0.00,0.00,0.00,0.00,0.00,0.00,0.00
2026,3,M,BUF,19251,0.00,0.00,0.00,0.00,0.00,0.00,0.00,0.00,0.00,0.00,0.00,0.00
2026,3,M,NYJ,18646,0.00,0.00,0.00,0.00,0.00,0.00,0.00,0.00,0.00,0.00,0.00,0.00
2026,3,M,LAR,16871,0.00,0.00,0.00,0.00,0.00,0.00,0.00,0.00,0.00,0.00,0.00,0.00
2026,3,M,PHI,18539,0.00,0.00,0.00,0.00,0.00,0.00,0.00,0.00,0.00,0.00,0.00,0.00
2026,3,M,ARI,17767,0.00,0.00,0.00,0.00,0.00,0.00,0.00,0.00,0.00,0.00,0.00,0.00
2026,3,M,ATL,14465,0.00,0.00,0.00,0.00,0.00,0.00,0.00,0.00,0.00,0.00,0.00,0.00
2026,3,M,DEN,19363,0.00,0.00,0.00,0.00,0.00,0.00,0.00,0.00,0.00,0.00,0.00,0.00
2026,3,M,NYJ,18535,0.00,0.00,0.00,0.00,0.00,0.00,0.00,0.00,0.00,0.00,0.00,0.00
2026,3,M,SEA,17040,0.00,0.00,0.00,0.00,0.00,0.00,0.00,0.00,0.00,0.00,0.00,0.00
2026,3,M,BAL,15974,0.00,0.00,0.00,0.00,0.00,0.00,0.00,0.00,0.00,0.00,0.00,0.00
2026,3,M,CAR,19239,0.00,0.00,0.00,0.00,0.00,0.00,0.00,0.00,0.00,0.00,0.00,0.00
2026,3,M,LV,18558,0.00,0.00,0.00,0.00,0.00,0.00,0.00,0.00,0.00,0.00,0.00,0.00
2026,3,M,DET,9245,0.00,0.00,0.00,0.00,0.00,0.00,0.00,0.00,0.00,0.00,0.00,0.00
2026,3,M,NYJ,19425,0.00,0.00,0.00,0.00,0.00,0.00,0.00,0.00,0.00,0.00,0.00,0.00
2026,3,M,CAR,17747,0.00,0.00,0.00,0.00,0.00,0.00,0.00,0.00,0.00,0.00,0.00,0.00
2026,3,M,NO,19233,0.00,0.00,0.00,0.00,0.00,0.00,0.00,0.00,0.00,0.00,0.00,0.00
2026,3,M,NO,19336,0.00,0.00,0.00,0.00,0.00,0.00,0.00,0.00,0.00,0.00,0.00,0.00
2026,3,M,MIN,10856,0.00,0.00,0.00,0.00,0.00,0.00,0.00,0.00,0.00,0.00,0.00,0.00
2026,3,M,NE,13432,0.00,0.00,0.00,0.00,0.00,0.00,0.00,0.00,0.00,0.00,0.00,0.00
2026,3,M,CHI,17695,0.00,0.00,0.00,0.00,0.00,0.00,0.00,0.00,0.00,0.00,0.00,0.00
2026,3,M,PHI,13502,0.00,0.00,0.00,0.00,0.00,0.00,0.00,0.00,0.00,0.00,0.00,0.00
2026,3,M,NO,15330,0.00,0.00,0.00,0.00,0.00,0.00,0.00,0.00,0.00,0.00,0.00,0.00
2026,3,M,PHI,16039,0.00,0.00,0.00,0.00,0.00,0.00,0.00,0.00,0.00,0.00,0.00,0.00
2026,3,M,MIN,18536,0.00,0.00,0.00,0.00,0.00,0.00,0.00,0.00,0.00,0.00,0.00,0.00
2026,3,M,DAL,13525,0.00,0.00,0.00,0.00,0.00,0.00,0.00,0.00,0.00,0.00,0.00,0.00
2026,3,C,BAL,12561,34.09,10.03,0.00,24.12,327.99,2.26,0.00,67.24,0.55,0.00,0.00,0.00
2026,3,C,BUF,12483,36.59,8.55,0.00,25.90,315.19,2.09,0.00,44.68,1.04,0.00,0.00,0.00
2026,3,C,SF,15834,33.83,5.62,0.00,24.36,302.22,2.83,0.00,29.94,0.41,0.00,0.00,0.00
2026,3,C,KC,11839,35.17,5.03,0.00,25.55,296.49,2.52,0.00,32.19,0.40,0.00,0.00,0.00
2026,3,C,JAX,15357,36.84,5.28,0.00,24.47,286.86,2.22,0.00,24.21,0.44,0.00,0.00,0.00
2026,3,C,DAL,11008,39.97,3.71,0.00,27.76,317.05,2.39,0.00,15.91,0.21,0.00,0.00,0.00
2026,3,C,NE,17673,35.47,6.48,0.00,26.41,304.69,1.75,0.00,36.83,0.36,0.00,0.00,0.00
2026,3,C,DET,10729,37.12,2.34,0.00,25.75,301.92,2.78,0.00,7.86,0.10,0.00,0.00,0.00
2026,3,C,NO,17037,37.15,5.33,0.00,26.58,290.97,2.14,0.00,21.93,0.36,0.00,0.00,0.00
2026,3,C,DET,16808,0.00,23.13,6.33,0.00,0.00,0.00,0.00,126.71,1.20,6.29,44.32,0.48
2026,3,C,MIN,13613,34.10,7.71,0.00,24.04,257.00,1.83,0.00,42.55,0.43,0.00,0.00,0.00
2026,3,C,PHI,14416,32.22,7.19,0.00,21.85,261.41,1.64,0.53,40.27,0.58,0.00,0.00,0.00
2026,3,C,CIN,14442,37.67,3.86,0.00,27.36,293.18,2.39,0.00,14.54,0.15,0.00,0.00,0.00
2026,3,C,DEN,16995,37.18,4.97,0.00,26.03,273.25,2.02,0.00,25.43,0.30,0.00,0.00,0.00
2026,3,C,GB,14371,36.04,3.69,0.00,25.66,279.55,2.18,0.00,19.39,0.16,0.00,0.00,0.00
2026,3,C,SEA,12490,34.21,2.93,0.00,23.52,284.14,2.24,0.00,13.68,0.14,0.00,0.00,0.00
2026,3,C,MIA,15872,31.97,6.90,0.00,22.69,263.00,1.37,0.00,36.55,0.50,0.00,0.00,0.00
2026,3,C,LAC,14446,36.75,4.42,0.00,25.41,277.42,1.74,0.00,25.53,0.28,0.00,0.00,0.00
2026,3,C,CAR,16807,35.78,4.82,0.00,23.22,247.08,1.87,0.00,27.03,0.31,0.00,0.00,0.00
2026,3,C,TB,12619,34.15,4.04,0.00,23.78,257.33,2.00,0.00,21.06,0.22,0.00,0.00,0.00
2026,3,C,LAR,5971,36.70,2.22,0.00,24.74,288.64,2.09,0.00,6.40,0.09,0.00,0.00,0.00
2026,3,C,NYJ,8743,35.73,3.61,0.00,26.05,269.90,1.89,0.00,17.75,0.18,0.00,0.00,0.00
2026,3,C,ARI,10919,37.62,4.11,0.00,25.63,267.85,1.87,0.00,17.94,0.19,0.00,0.00,0.00
2026,3,C,HOU,16886,34.53,3.69,0.00,24.05,281.21,1.63,0.00,16.49,0.24,0.00,0.00,0.00
2026,3,C,BAL,10819,0.00,19.26,2.31,0.00,0.00,0.00,0.00,122.29,1.34,2.31,21.69,0.15
2026,3,C,CLE,11712,32.55,3.65,0.00,25.16,255.34,1.77,0.00,19.09,0.24,0.00,0.00,0.00
2026,3,C,SF,11690,0.00,19.87,5.74,0.00,0.00,0.00,0.00,104.32,0.95,5.80,40.97,0.45
2026,3,C,LV,8057,35.96,2.28,0.00,25.12,262.52,2.04,0.00,6.02,0.11,0.00,0.00,0.00
2026,3,C,PIT,4307,36.68,1.95,0.00,25.63,263.87,1.89,0.00,10.79,0.11,0.00,0.00,0.00
2026,3,C,ATL,16739,0.00,21.16,5.79,0.00,0.00,0.00,0.00,108.76,0.81,5.60,42.66,0.39
2026,3,C,NYG,10037,32.49,4.01,0.00,20.00,263.78,1.56,0.00,16.59,0.20,0.00,0.00,0.00
2026,3,C,IND,13491,33.32,4.35,0.00,23.47,252.03,1.44,0.00,19.78,0.23,0.00,0.00,0.00
2026,3,C,SEA,16654,0.00,0.50,11.68,0.00,0.00,0.00,0.00,2.87,0.02,10.30,142.04,1.17
2026,3,C,KC,15909,0.00,19.40,4.09,0.00,0.00,0.00,0.00,104.13,0.97,4.26,33.80,0.28
2026,3,C,IND,14455,0.00,22.74,3.86,0.00,0.00,0.00,0.00,100.57,1.25,3.75,25.95,0.19
2026,3,C,WAS,10074,31.76,7.12,0.00,21.62,230.21,1.11,0.00,35.21,0.27,0.00,0.00,0.00
2026,3,C,ATL,17700,32.77,3.55,0.00,20.74,244.17,1.57,0.00,13.77,0.20,0.00,0.00,0.00
2026,3,C,TEN,16997,34.84,3.81,0.00,23.17,238.57,1.23,0.00,19.04,0.29,0.00,0.00,0.00
2026,3,C,BUF,15876,0.00,17.90,3.72,0.00,0.00,0.00,0.00,96.58,1.07,3.35,25.41,0.28
2026,3,C,NYG,18514,0.00,19.45,3.51,0.00,0.00,0.00,0.00,95.55,1.02,3.38,30.78,0.20
2026,3,C,PHI,12507,0.00,19.31,3.94,0.00,0.00,0.00,0.00,102.67,0.87,3.20,25.14,0.21
2026,3,C,SEA,19299,0.00,19.07,2.13,0.00,0.00,0.00,0.00,109.92,0.83,2.06,17.24,0.16
2026,3,C,PIT,15984,0.00,15.86,4.97,0.00,0.00,0.00,0.00,93.91,0.65,5.14,37.11,0.23
2026,3,C,JAX,18524,0.00,19.40,3.18,0.00,0.00,0.00,0.00,88.12,0.97,2.96,21.39,0.26
2026,3,C,DAL,15306,0.00,18.78,3.74,0.00,0.00,0.00,0.00,78.12,1.16,3.66,22.17,0.21
2026,3,C,LV,18487,0.00,20.31,5.83,0.00,0.00,0.00,0.00,78.49,0.71,5.56,32.30,0.48
2026,3,C,ARI,19235,0.00,15.80,5.41,0.00,0.00,0.00,0.00,77.49,0.85,5.17,34.26,0.31
2026,3,C,DET,15332,0.00,0.32,11.33,0.00,0.00,0.00,0.00,2.04,0.01,9.70,110.71,1.11
2026,3,C,LAC,18445,0.00,16.54,3.64,0.00,0.00,0.00,0.00,89.71,0.98,3.83,21.37,0.16
2026,3,C,CHI,8065,33.58,4.14,0.00,21.60,216.20,1.18,0.21,16.05,0.16,0.00,0.00,0.00
2026,3,C,CHI,14394,0.00,17.15,2.88,0.00,0.00,0.00,0.00,79.45,1.24,2.71,17.44,0.11
2026,3,C,LAR,15807,0.00,18.13,3.42,0.00,0.00,0.00,0.00,89.15,0.97,3.06,18.60,0.17
2026,3,C,LAR,17690,0.00,20.78,1.26,0.00,0.00,0.00,0.00,106.20,0.96,1.07,6.32,0.07
2026,3,C,TB,17784,0.00,18.77,4.87,0.00,0.00,0.00,0.00,74.48,0.83,4.92,34.79,0.24
2026,3,C,CIN,16934,0.00,18.04,4.98,0.00,0.00,0.00,0.00,78.70,0.67,5.08,29.85,0.38
2026,3,C,CAR,15242,0.00,17.95,4.28,0.00,0.00,0.00,0.00,82.54,0.71,4.32,26.51,0.33
2026,3,C,GB,15946,0.00,0.38,9.02,0.00,0.00,0.00,0.00,2.39,0.02,6.45,98.07,1.13
2026,3,C,HOU,13556,0.00,17.15,2.56,0.00,0.00,0.00,0.00,66.98,1.19,2.71,20.79,0.16
2026,3,C,NYJ,15810,0.00,15.18,4.14,0.00,0.00,0.00,0.00,79.86,0.68,4.22,32.51,0.24
2026,3,C,MIA,16661,0.00,14.92,5.14,0.00,0.00,0.00,0.00,78.80,0.55,5.35,36.80,0.30
2026,3,C,DAL,14411,0.00,0.74,11.08,0.00,0.00,0.00,0.00,4.29,0.04,9.21,114.13,0.76
2026,3,C,NE,18517,0.00,14.86,2.98,0.00,0.00,0.00,0.00,79.02,0.91,2.89,18.71,0.14
2026,3,C,NO,15895,0.00,0.06,10.00,0.00,0.00,0.00,0.00,0.26,0.00,8.13,100.33,0.99
2026,3,C,BAL,16919,0.00,0.26,7.74,0.00,0.00,0.00,0.00,1.84,0.02,7.09,104.56,0.77
2026,3,C,MIN,11763,0.00,18.02,3.36,0.00,0.00,0.00,0.00,75.41,0.70,3.33,22.47,0.22
2026,3,C,NYJ,15829,0.00,0.53,10.96,0.00,0.00,0.00,0.00,2.34,0.03,8.50,92.78,0.87
2026,3,C,MIN,14509,0.00,0.16,10.03,0.00,0.00,0.00,0.00,0.68,0.01,8.28,101.33,0.76
2026,3,C,TEN,13590,0.00,14.66,3.13,0.00,0.00,0.00,0.00,84.69,0.62,3.04,18.75,0.12
2026,3,C,CIN,15183,0.00,0.32,9.96,0.00,0.00,0.00,0.00,1.42,0.01,8.27,95.40,0.84
2026,3,C,NO,15385,0.00,15.78,3.77,0.00,0.00,0.00,0.00,66.37,0.52,3.66,24.82,0.41
2026,3,C,CLE,18516,0.00,16.78,2.62,0.00,0.00,0.00,0.00,73.18,0.81,2.67,16.12,0.13
2026,3,C,DAL,15853,0.00,0.06,9.31,0.00,0.00,0.00,0.00,0.26,0.00,7.67,104.34,0.60
2026,3,C,GB,17795,0.00,14.15,3.55,0.00,0.00,0.00,0.00,67.73,0.60,3.17,21.51,0.23
2026,3,C,DEN,14418,0.00,14.93,2.34,0.00,0.00,0.00,0.00,82.22,0.58,2.38,12.91,0.12
2026,3,C,ARI,15902,0.00,0.17,10.55,0.00,0.00,0.00,0.00,0.81,0.01,10.00,87.91,0.79
2026,3,C,PHI,15406,0.00,0.06,9.41,0.00,0.00,0.00,0.00,0.31,0.00,7.38,99.82,0.61
2026,3,C,CIN,14506,0.00,0.07,8.46,0.00,0.00,0.00,0.00,0.34,0.00,6.51,89.08,0.78
2026,3,C,LAR,9455,0.00,0.00,11.84,0.00,0.00,0.00,0.00,0.00,0.00,7.72,85.95,0.79
2026,3,C,BUF,12477,0.00,0.45,8.23,0.00,0.00,0.00,0.00,2.70,0.03,5.95,79.51,0.79
2026,3,C,CAR,18547,0.00,0.08,10.21,0.00,0.00,0.00,0.00,0.38,0.00,7.17,94.73,0.60
2026,3,C,DEN,18522,0.00,10.86,4.01,0.00,0.00,0.00,0.00,49.48,0.54,4.02,29.41,0.29
2026,3,C,NYG,17704,0.00,0.19,9.78,0.00,0.00,0.00,0.00,0.78,0.01,7.39,92.44,0.55
2026,3,C,DET,15849,0.00,0.68,7.48,0.00,0.00,0.00,0.00,4.19,0.04,5.71,83.33,0.61
2026,3,C,LAC,17724,0.00,0.11,9.44,0.00,0.00,0.00,0.00,0.53,0.00,7.35,87.25,0.64
2026,3,C,JAX,16690,0.00,0.54,8.05,0.00,0.00,0.00,0.00,1.98,0.02,6.57,85.95,0.60
2026,3,C,WAS,18811,0.00,14.74,1.69,0.00,0.00,0.00,0.00,62.23,0.79,1.59,9.82,0.08
2026,3,C,DEN,15404,0.00,0.24,8.70,0.00,0.00,0.00,0.00,1.51,0.01,7.02,85.99,0.60
2026,3,C,CAR,17976,0.00,0.08,8.04,0.00,0.00,0.00,0.00,0.38,0.00,7.19,80.88,0.71
2026,3,C,SF,9253,0.00,0.00,7.82,0.00,0.00,0.00,0.00,0.00,0.00,5.97,75.84,0.80
2026,3,C,BUF,16697,0.00,0.00,8.19,0.00,0.00,0.00,0.00,0.00,0.00,7.32,87.78,0.57
2026,3,C,NE,15372,0.00,9.72,3.34,0.00,0.00,0.00,0.00,51.89,0.50,3.43,25.41,0.20
2026,3,C,ATL,15868,0.00,0.07,8.86,0.00,0.00,0.00,0.00,0.31,0.00,6.71,78.57,0.66
2026,3,C,SF,11892,0.00,0.00,6.92,0.00,0.00,0.00,0.00,0.00,0.00,6.73,74.04,0.74
2026,3,C,KC,16963,0.00,0.53,7.23,0.00,0.00,0.00,0.00,2.65,0.04,6.53,71.52,0.68
2026,3,C,GB,18500,0.00,0.41,9.31,0.00,0.00,0.00,0.00,2.19,0.02,6.81,78.92,0.57
2026,3,C,SF,13429,0.00,1.53,6.92,0.00,0.00,0.00,0.00,9.47,0.11,5.90,68.25,0.52
2026,3,C,ARI,16957,0.00,0.05,8.16,0.00,0.00,0.00,0.00,0.25,0.00,6.14,76.31,0.62
2026,3,C,LV,17693,0.00,0.26,8.42,0.00,0.00,0.00,0.00,1.06,0.01,8.13,70.35,0.68
2026,3,C,PIT,13424,0.00,0.27,8.24,0.00,0.00,0.00,0.00,1.64,0.02,5.69,75.89,0.54
2026,3,C,BUF,15892,0.00,0.17,9.08,0.00,0.00,0.00,0.00,0.84,0.01,7.91,83.59,0.43
2026,3,C,BAL,15210,0.00,0.09,7.29,0.00,0.00,0.00,0.00,0.51,0.00,5.62,73.76,0.59
2026,3,C,JAX,17716,0.00,0.23,8.41,0.00,0.00,0.00,0.00,1.42,0.01,6.27,77.17,0.49
2026,3,C,TB,15222,0.00,10.20,4.00,0.00,0.00,0.00,0.00,43.89,0.46,3.75,25.45,0.18
2026,3,C,CHI,18520,0.00,13.29,1.93,0.00,0.00,0.00,0.00,66.47,0.40,1.64,12.19,0.07
2026,3,C,SF,19607,0.00,11.85,1.32,0.00,0.00,0.00,0.00,64.93,0.43,1.39,10.06,0.09
2026,3,C,DET,17033,0.00,0.07,7.00,0.00,0.00,0.00,0.00,0.36,0.00,6.49,67.11,0.64
2026,3,C,GB,16649,0.00,0.00,6.46,0.00,0.00,0.00,0.00,0.00,0.00,5.58,64.95,0.68
2026,3,C,TEN,16941,0.00,8.78,3.44,0.00,0.00,0.00,0.00,46.26,0.49,3.61,22.29,0.12
2026,3,C,LAC,16899,0.00,0.18,7.98,0.00,0.00,0.00,0.00,0.99,0.01,5.40,69.67,0.56
2026,3,C,CHI,18548,0.00,0.75,7.64,0.00,0.00,0.00,0.00,3.90,0.03,6.58,80.30,0.31
2026,3,C,SEA,17593,0.00,11.50,1.22,0.00,0.00,0.00,0.00,60.94,0.45,1.26,9.83,0.10
2026,3,C,KC,17687,0.00,1.24,6.82,0.00,0.00,0.00,0.00,7.90,0.09,5.15,59.25,0.52
2026,3,C,CLE,19298,0.00,0.15,6.40,0.00,0.00,0.00,0.00,0.89,0.01,5.20,65.90,0.60
2026,3,C,KC,8783,0.00,0.00,7.23,0.00,0.00,0.00,0.00,0.00,0.00,6.83,70.22,0.55
2026,3,C,TB,18549,0.00,0.29,8.37,0.00,0.00,0.00,0.00,1.32,0.01,5.57,68.34,0.52
2026,3,C,DEN,12586,0.00,0.00,7.45,0.00,0.00,0.00,0.00,0.00,0.00,5.51,67.62,0.56
2026,3,C,TB,11718,0.00,0.38,7.43,0.00,0.00,0.00,0.00,2.08,0.02,6.39,66.60,0.52
2026,3,C,MIA,17863,0.00,1.28,7.72,0.00,0.00,0.00,0.00,7.23,0.09,6.34,60.51,0.45
2026,3,C,HOU,12514,0.00,0.00,8.16,0.00,0.00,0.00,0.00,0.00,0.00,7.50,72.79,0.45
2026,3,C,IND,16689,0.00,0.17,8.31,0.00,0.00,0.00,0.00,0.61,0.01,6.60,69.62,0.48
2026,3,C,CLE,19242,0.00,0.94,6.81,0.00,0.00,0.00,0.00,5.25,0.06,6.07,60.56,0.50
2026,3,C,NO,11732,0.00,9.69,3.33,0.00,0.00,0.00,0.00,39.37,0.48,3.42,19.59,0.19
2026,3,C,HOU,18449,0.00,10.77,2.77,0.00,0.00,0.00,0.00,44.39,0.37,2.57,20.55,0.17
2026,3,C,NO,17975,0.00,0.06,7.00,0.00,0.00,0.00,0.00,0.25,0.00,6.05,61.84,0.55
2026,3,C,BAL,12559,0.00,0.29,6.07,0.00,0.00,0.00,0.00,1.66,0.02,5.87,61.45,0.50
2026,3,C,HOU,16795,0.00,0.00,6.47,0.00,0.00,0.00,0.00,0.00,0.00,4.91,67.04,0.42
2026,3,C,MIN,16895,0.00,0.33,6.36,0.00,0.00,0.00,0.00,3.21,0.03,4.68,58.45,0.47
2026,3,C,LAC,16810,0.00,7.49,2.01,0.00,0.00,0.00,0.00,47.59,0.38,1.92,13.81,0.11
2026,3,C,MIN,14376,0.00,0.00,5.63,0.00,0.00,0.00,0.00,0.00,0.00,4.47,51.17,0.65
2026,3,C,TEN,19268,0.00,0.12,7.69,0.00,0.00,0.00,0.00,0.66,0.01,5.87,63.81,0.41
2026,3,C,NO,14630,0.00,0.00,6.33,0.00,0.00,0.00,0.00,0.00,0.00,5.84,61.37,0.46
2026,3,C,NYJ,17702,0.00,8.42,1.42,0.00,0.00,0.00,0.00,41.14,0.51,1.37,10.02,0.11
2026,3,C,NE,16027,0.00,0.00,6.40,0.00,0.00,0.00,0.00,0.00,0.00,5.06,64.11,0.40
2026,3,C,JAX,13517,0.00,0.30,7.14,0.00,0.00,0.00,0.00,1.62,0.02,5.98,61.78,0.39
2026,3,C,ARI,15976,0.00,10.77,1.70,0.00,0.00,0.00,0.00,46.25,0.39,1.82,11.98,0.10
2026,3,C,CLE,18526,0.00,7.81,2.91,0.00,0.00,0.00,0.00,36.53,0.31,2.95,20.19,0.20
2026,3,C,NE,10735,0.00,0.00,6.68,0.00,0.00,0.00,0.00,0.00,0.00,6.14,59.12,0.47
2026,3,C,LV,16694,0.00,0.53,6.64,0.00,0.00,0.00,0.00,2.63,0.02,4.88,57.04,0.43
2026,3,C,LAC,18481,0.00,0.00,6.29,0.00,0.00,0.00,0.00,0.00,0.00,5.41,61.15,0.42
2026,3,C,CHI,17020,0.00,0.07,7.39,0.00,0.00,0.00,0.00,0.30,0.00,4.98,64.45,0.35
2026,3,C,WAS,13536,0.00,0.06,7.19,0.00,0.00,0.00,0.00,0.24,0.00,5.24,62.21,0.38
2026,3,C,SEA,16560,0.00,0.73,5.18,0.00,0.00,0.00,0.00,5.36,0.04,3.98,53.00,0.39
2026,3,C,IND,18534,0.00,0.46,7.42,0.00,0.00,0.00,0.00,1.95,0.02,6.20,52.81,0.47
2026,3,C,SEA,17811,0.00,0.67,4.88,0.00,0.00,0.00,0.00,3.27,0.05,4.66,46.88,0.51
2026,3,C,KC,19240,0.00,6.86,1.89,0.00,0.00,0.00,0.00,34.78,0.38,1.96,16.74,0.15
2026,3,C,PIT,14378,0.00,0.12,6.62,0.00,0.00,0.00,0.00,0.81,0.01,5.53,59.26,0.37
2026,3,C,JAX,16933,0.00,8.29,1.16,0.00,0.00,0.00,0.00,40.41,0.48,1.07,8.42,0.08
2026,3,C,NYG,16033,0.00,0.00,5.55,0.00,0.00,0.00,0.00,0.00,0.00,5.43,57.75,0.40
2026,3,C,ATL,15265,0.00,0.00,5.84,0.00,0.00,0.00,0.00,0.00,0.00,5.11,53.03,0.48
2026,3,C,CAR,10215,0.00,0.00,5.79,0.00,0.00,0.00,0.00,0.00,0.00,5.01,46.64,0.58
2026,3,C,GB,18515,0.00,8.98,1.62,0.00,0.00,0.00,0.00,40.56,0.38,1.40,10.04,0.12
2026,3,C,ATL,15907,0.00,10.10,1.19,0.00,0.00,0.00,0.00,43.74,0.39,1.14,8.17,0.08
2026,3,C,BAL,13427,0.00,4.86,2.88,0.00,0.00,0.00,0.00,26.79,0.27,2.97,24.97,0.20
2026,3,C,GB,16741,0.00,6.53,2.68,0.00,0.00,0.00,0.00,34.95,0.28,2.43,16.24,0.19
2026,3,C,HOU,16932,0.00,0.08,6.78,0.00,0.00,0.00,0.00,0.50,0.00,4.79,60.64,0.30
2026,3,C,PHI,16658,0.00,0.05,5.48,0.00,0.00,0.00,0.00,0.26,0.00,4.23,55.16,0.39
2026,3,C,WAS,10133,0.00,0.00,6.49,0.00,0.00,0.00,0.00,0.00,0.00,5.33,53.62,0.41
2026,3,C,LAR,18497,0.00,0.00,6.91,0.00,0.00,0.00,0.00,0.00,0.00,4.63,46.36,0.53
2026,3,C,PIT,13484,0.00,6.10,2.32,0.00,0.00,0.00,0.00,35.47,0.29,2.23,16.13,0.13
2026,3,C,CLE,18472,0.00,0.31,5.82,0.00,0.00,0.00,0.00,1.44,0.03,5.16,47.15,0.44
2026,3,C,JAX,17017,0.00,0.00,5.62,0.00,0.00,0.00,0.00,0.00,0.00,5.32,49.38,0.44
2026,3,C,CHI,18460,0.00,0.07,5.67,0.00,0.00,0.00,0.00,0.28,0.00,4.59,47.79,0.46
2026,3,C,SEA,17968,0.00,6.04,2.18,0.00,0.00,0.00,0.00,30.18,0.29,2.04,17.47,0.17
2026,3,C,NYJ,17977,0.00,0.34,6.58,0.00,0.00,0.00,0.00,2.39,0.02,6.12,51.23,0.34
2026,3,C,NE,11861,0.00,0.06,6.36,0.00,0.00,0.00,0.00,0.30,0.00,5.19,55.06,0.33
2026,3,C,LV,16025,0.00,0.26,5.50,0.00,0.00,0.00,0.00,1.13,0.01,4.04,48.21,0.42
2026,3,C,BUF,17732,0.00,0.04,5.57,0.00,0.00,0.00,0.00,0.21,0.00,4.33,52.53,0.36
2026,3,C,DAL,15947,0.00,0.00,5.79,0.00,0.00,0.00,0.00,0.00,0.00,5.32,46.14,0.47
2026,3,C,NYG,15468,0.00,9.19,1.15,0.00,0.00,0.00,0.00,39.91,0.37,1.16,8.50,0.05
2026,3,C,ARI,17674,0.00,0.00,6.12,0.00,0.00,0.00,0.00,0.00,0.00,3.99,51.09,0.37
2026,3,C,NYJ,19279,0.00,0.17,5.80,0.00,0.00,0.00,0.00,0.88,0.02,5.40,45.88,0.41
2026,3,C,TEN,15838,0.00,0.26,6.65,0.00,0.00,0.00,0.00,1.60,0.01,5.37,51.97,0.29
2026,3,C,PIT,15267,0.00,0.00,5.30,0.00,0.00,0.00,0.00,0.00,0.00,4.91,48.57,0.37
2026,3,C,MIN,14410,0.00,6.10,2.13,0.00,0.00,0.00,0.00,29.73,0.27,2.24,14.81,0.16
2026,3,C,DAL,17974,0.00,0.20,5.21,0.00,0.00,0.00,0.00,1.03,0.01,4.55,48.60,0.33
2026,3,C,KC,15831,0.00,0.00,4.40,0.00,0.00,0.00,0.00,0.00,0.00,3.52,47.72,0.37
2026,3,C,NYG,19313,0.00,0.07,4.97,0.00,0.00,0.00,0.00,0.36,0.00,3.83,49.30,0.33
2026,3,C,CAR,14370,0.00,7.80,1.29,0.00,0.00,0.00,0.00,35.55,0.30,1.31,8.42,0.10
2026,3,C,MIN,13610,0.00,0.00,5.18,0.00,0.00,0.00,0.00,0.00,0.00,4.85,45.03,0.38
2026,3,C,MIA,19309,0.00,0.05,5.14,0.00,0.00,0.00,0.00,0.25,0.00,3.66,46.95,0.34
2026,3,C,IND,8627,0.00,0.00,6.53,0.00,0.00,0.00,0.00,0.00,0.00,5.25,49.53,0.30
2026,3,C,HOU,18555,0.00,0.11,4.31,0.00,0.00,0.00,0.00,0.52,0.01,3.58,46.67,0.32
2026,3,C,SEA,11863,0.00,0.11,4.27,0.00,0.00,0.00,0.00,0.65,0.01,3.47,44.34,0.33
2026,3,C,LAC,18478,0.00,0.13,5.80,0.00,0.00,0.00,0.00,0.77,0.01,4.38,48.88,0.25
2026,3,C,WAS,15802,0.00,6.55,3.38,0.00,0.00,0.00,0.00,26.97,0.17,3.59,19.13,0.14
2026,3,C,CIN,11698,0.00,6.18,2.25,0.00,0.00,0.00,0.00,25.56,0.25,2.34,16.20,0.12
2026,3,C,CHI,11429,0.00,0.22,4.78,0.00,0.00,0.00,0.00,1.22,0.01,4.24,44.91,0.27
2026,3,C,NE,16751,0.00,0.43,5.05,0.00,0.00,0.00,0.00,2.03,0.02,4.29,44.65,0.24
2026,3,C,MIA,15891,0.00,0.00,4.57,0.00,0.00,0.00,0.00,0.00,0.00,4.25,44.47,0.27
2026,3,C,PHI,19231,0.00,0.33,4.85,0.00,0.00,0.00,0.00,1.76,0.02,4.28,39.02,0.30
2026,3,C,DEN,18562,0.00,0.10,4.94,0.00,0.00,0.00,0.00,0.69,0.00,3.95,41.37,0.29
2026,3,C,TB,19320,0.00,0.09,4.87,0.00,0.00,0.00,0.00,0.49,0.00,3.28,40.87,0.30
2026,3,C,TB,16032,0.00,0.00,5.17,0.00,0.00,0.00,0.00,0.00,0.00,4.47,40.45,0.30
2026,3,C,CIN,12764,0.00,0.00,4.41,0.00,0.00,0.00,0.00,0.00,0.00,3.96,39.70,0.31
2026,3,C,TEN,12616,0.00,0.05,4.54,0.00,0.00,0.00,0.00,0.28,0.00,3.26,41.24,0.27
2026,3,C,PHI,16705,0.00,4.54,1.28,0.00,0.00,0.00,0.00,24.12,0.31,1.10,9.86,0.07
2026,3,C,PIT,17043,0.00,0.20,4.64,0.00,0.00,0.00,0.00,1.01,0.01,3.54,37.10,0.30
2026,3,C,CLE,14458,0.00,0.07,5.24,0.00,0.00,0.00,0.00,0.44,0.00,3.87,41.20,0.25
2026,3,C,LAR,14463,0.00,0.00,4.38,0.00,0.00,0.00,0.00,0.00,0.00,3.62,32.45,0.40
2026,3,C,TEN,18503,0.00,0.00,5.01,0.00,0.00,0.00,0.00,0.00,0.00,4.95,39.68,0.28
2026,3,C,MIA,19322,0.00,0.00,4.57,0.00,0.00,0.00,0.00,0.00,0.00,3.34,39.03,0.29
2026,3,C,IND,10739,0.00,0.00,4.45,0.00,0.00,0.00,0.00,0.00,0.00,2.42,39.43,0.28
2026,3,C,ARI,11847,0.00,0.00,4.42,0.00,0.00,0.00,0.00,0.00,0.00,3.79,40.43,0.25
2026,3,C,NYG,14510,0.00,0.07,4.31,0.00,0.00,0.00,0.00,0.33,0.00,3.01,41.70,0.21
2026,3,C,PIT,19263,0.00,0.27,3.97,0.00,0.00,0.00,0.00,1.78,0.01,2.96,35.28,0.27
2026,3,C,GB,16005,0.00,0.63,4.04,0.00,0.00,0.00,0.00,3.95,0.03,2.92,31.34,0.26
2026,3,C,WAS,19237,0.00,0.12,4.23,0.00,0.00,0.00,0.00,0.59,0.00,3.29,33.58,0.28
2026,3,C,MIN,19234,0.00,5.54,0.91,0.00,0.00,0.00,0.00,25.12,0.25,0.94,6.50,0.07
2026,3,C,IND,19303,0.00,5.42,1.28,0.00,0.00,0.00,0.00,22.81,0.25,1.16,8.22,0.08
2026,3,C,MIA,18450,0.00,5.79,1.43,0.00,0.00,0.00,0.00,18.13,0.28,1.40,9.76,0.10
2026,3,C,DAL,15990,0.00,4.70,1.59,0.00,0.00,0.00,0.00,21.70,0.22,1.53,10.23,0.09
2026,3,C,ATL,19262,0.00,0.19,3.71,0.00,0.00,0.00,0.00,0.99,0.01,3.32,31.87,0.27
2026,3,C,NO,19319,0.00,0.00,3.67,0.00,0.00,0.00,0.00,0.00,0.00,2.98,31.27,0.29
2026,3,C,LV,19300,0.00,4.30,1.78,0.00,0.00,0.00,0.00,20.48,0.16,1.50,11.18,0.11
2026,3,C,LV,18457,0.00,0.06,3.57,0.00,0.00,0.00,0.00,0.24,0.00,2.90,31.10,0.27
2026,3,C,DET,18642,0.00,0.08,3.00,0.00,0.00,0.00,0.00,0.39,0.00,2.22,28.32,0.29
2026,3,C,NYJ,10988,0.00,0.00,3.87,0.00,0.00,0.00,0.00,0.00,0.00,3.24,31.01,0.22
2026,3,C,BAL,10994,0.00,0.00,2.88,0.00,0.00,0.00,0.00,0.00,0.00,2.14,32.57,0.19
2026,3,C,DEN,11805,0.00,0.00,3.67,0.00,0.00,0.00,0.00,0.00,0.00,3.30,29.03,0.24
2026,3,C,LV,16666,0.00,0.00,4.21,0.00,0.00,0.00,0.00,0.00,0.00,3.68,30.18,0.21
2026,3,C,PIT,16701,0.00,4.88,0.46,0.00,0.00,0.00,0.00,25.04,0.20,0.41,2.92,0.02
2026,3,C,MIA,16010,0.00,0.00,3.43,0.00,0.00,0.00,0.00,0.00,0.00,2.50,28.28,0.21
2026,3,C,ATL,15850,0.00,0.04,3.51,0.00,0.00,0.00,0.00,0.20,0.00,2.41,25.52,0.25
2026,3,C,CLE,18502,0.00,0.19,2.87,0.00,0.00,0.00,0.00,1.10,0.01,1.97,27.64,0.19
2026,3,C,DAL,13894,0.00,0.98,2.18,0.00,0.00,0.00,0.00,5.61,0.05,1.78,22.73,0.15
2026,3,C,DET,17760,0.00,4.93,0.08,0.00,0.00,0.00,0.00,25.71,0.22,0.06,0.67,0.01
2026,3,C,BAL,17728,0.00,0.10,2.19,0.00,0.00,0.00,0.00,0.51,0.00,1.73,26.31,0.22
2026,3,C,BUF,13466,0.00,0.00,2.62,0.00,0.00,0.00,0.00,0.00,0.00,2.28,23.03,0.28
2026,3,C,ATL,13833,0.00,0.23,3.25,0.00,0.00,0.00,0.00,1.20,0.01,2.33,24.00,0.22
2026,3,C,SEA,17772,0.00,0.07,2.44,0.00,0.00,0.00,0.00,0.33,0.00,1.92,23.69,0.25
2026,3,C,BUF,17792,0.00,4.27,0.46,0.00,0.00,0.00,0.00,22.22,0.17,0.46,3.87,0.04
2026,3,C,WAS,18533,0.00,5.12,0.85,0.00,0.00,0.00,0.00,21.84,0.17,0.74,4.28,0.04
2026,3,C,SEA,18540,0.00,0.00,2.56,0.00,0.00,0.00,0.00,0.00,0.00,2.25,25.34,0.22
2026,3,C,TEN,18518,0.00,4.32,0.19,0.00,0.00,0.00,0.00,23.43,0.22,0.18,1.16,0.01
2026,3,C,NE,19126,0.00,0.08,3.02,0.00,0.00,0.00,0.00,0.38,0.00,2.13,24.02,0.23
2026,3,C,TEN,18552,0.00,0.00,3.13,0.00,0.00,0.00,0.00,0.00,0.00,2.04,25.71,0.19
2026,3,C,NO,13426,0.00,0.00,2.67,0.00,0.00,0.00,0.00,0.00,0.00,2.44,21.12,0.26
2026,3,C,LAR,17688,0.00,0.11,3.29,0.00,0.00,0.00,0.00,0.56,0.01,2.68,24.40,0.18
2026,3,C,NYG,17967,0.00,2.76,1.44,0.00,0.00,0.00,0.00,13.48,0.10,1.38,11.29,0.09
2026,3,C,KC,18550,0.00,0.05,2.45,0.00,0.00,0.00,0.00,0.24,0.00,1.96,21.32,0.24
2026,3,C,CIN,19447,0.00,0.08,2.72,0.00,0.00,0.00,0.00,0.38,0.00,2.49,23.95,0.19
2026,3,C,PHI,8781,0.00,0.00,2.99,0.00,0.00,0.00,0.00,0.00,0.00,2.52,24.75,0.18
2026,3,C,JAX,10126,0.00,3.04,1.32,0.00,0.00,0.00,0.00,14.51,0.12,1.42,8.62,0.08
2026,3,C,GB,11807,0.00,0.00,2.91,0.00,0.00,0.00,0.00,0.00,0.00,2.54,21.66,0.22
2026,3,C,KC,15459,0.00,0.00,2.52,0.00,0.00,0.00,0.00,0.00,0.00,2.32,22.05,0.21
2026,3,C,PIT,16889,0.00,0.00,2.88,0.00,0.00,0.00,0.00,0.00,0.00,2.60,25.74,0.15
2026,3,C,PHI,17802,0.00,2.42,1.71,0.00,0.00,0.00,0.00,10.00,0.10,1.65,12.51,0.10
2026,3,C,JAX,19321,0.00,0.20,2.31,0.00,0.00,0.00,0.00,1.08,0.01,1.79,19.74,0.21
2026,3,C,PHI,12316,0.00,0.00,2.85,0.00,0.00,0.00,0.00,0.00,0.00,2.36,23.00,0.17
2026,3,C,CHI,18938,0.00,0.00,2.28,0.00,0.00,0.00,0.00,0.00,0.00,1.61,18.12,0.25
2026,3,C,BUF,15447,0.00,0.00,2.62,0.00,0.00,0.00,0.00,0.00,0.00,1.92,24.59,0.12
2026,3,C,NYJ,15996,0.00,0.00,2.84,0.00,0.00,0.00,0.00,0.00,0.00,2.66,19.90,0.19
2026,3,C,BUF,13587,0.00,2.56,0.98,0.00,0.00,0.00,0.00,11.76,0.12,0.90,7.13,0.08
2026,3,C,HOU,16847,0.00,0.09,2.77,0.00,0.00,0.00,0.00,0.36,0.00,2.24,22.46,0.13
2026,3,C,HOU,13822,0.00,0.00,2.16,0.00,0.00,0.00,0.00,0.00,0.00,2.07,20.69,0.16
2026,3,C,DEN,17719,0.00,0.14,2.20,0.00,0.00,0.00,0.00,0.68,0.01,1.74,18.57,0.17
2026,3,C,CAR,15371,0.00,0.00,2.57,0.00,0.00,0.00,0.00,0.00,0.00,2.27,17.92,0.20
2026,3,C,NYG,17021,0.00,0.00,2.16,0.00,0.00,0.00,0.00,0.00,0.00,1.80,21.74,0.13
2026,3,C,SF,17008,0.00,0.15,2.11,0.00,0.00,0.00,0.00,0.83,0.01,1.67,18.93,0.15
2026,3,C,BAL,12807,0.00,0.00,2.12,0.00,0.00,0.00,0.00,0.00,0.00,2.04,21.03,0.14
2026,3,C,CIN,19247,0.00,0.23,2.38,0.00,0.00,0.00,0.00,0.92,0.01,1.83,19.16,0.14
2026,3,C,WAS,17833,0.00,0.00,2.82,0.00,0.00,0.00,0.00,0.00,0.00,2.65,19.47,0.15
2026,3,C,CIN,13809,0.00,0.00,2.38,0.00,0.00,0.00,0.00,0.00,0.00,2.32,19.37,0.15
2026,3,C,TEN,16036,0.00,0.00,2.19,0.00,0.00,0.00,0.00,0.00,0.00,2.09,20.15,0.13
2026,3,C,CLE,17319,0.00,1.77,1.11,0.00,0.00,0.00,0.00,10.37,0.10,1.07,7.09,0.07
2026,3,C,MIA,19450,0.00,0.00,2.29,0.00,0.00,0.00,0.00,0.00,0.00,2.19,18.50,0.14
2026,3,C,CIN,13286,0.00,0.00,2.21,0.00,0.00,0.00,0.00,0.00,0.00,2.10,18.78,0.13
2026,3,C,CHI,14436,0.00,0.00,2.39,0.00,0.00,0.00,0.00,0.00,0.00,1.92,16.92,0.16
2026,3,C,TB,17763,0.00,0.09,1.83,0.00,0.00,0.00,0.00,0.47,0.00,1.44,17.49,0.14
2026,3,C,PHI,18958,0.00,0.00,2.00,0.00,0.00,0.00,0.00,0.00,0.00,1.71,18.26,0.13
2026,3,C,CLE,17130,0.00,0.00,2.04,0.00,0.00,0.00,0.00,0.00,0.00,1.72,15.22,0.18
2026,3,C,JAX,18578,0.00,0.44,1.98,0.00,0.00,0.00,0.00,2.11,0.02,1.52,15.46,0.12
2026,3,C,TEN,18641,0.00,0.51,1.88,0.00,0.00,0.00,0.00,2.35,0.03,1.56,14.69,0.11
2026,3,C,TB,18484,0.00,0.16,1.83,0.00,0.00,0.00,0.00,0.64,0.01,1.27,15.34,0.14
2026,3,C,CAR,16069,0.00,0.01,2.25,0.00,0.00,0.00,0.00,0.06,0.00,1.82,16.23,0.14
2026,3,C,SF,15566,0.00,0.00,1.80,0.00,0.00,0.00,0.00,0.00,0.00,1.87,16.10,0.14
2026,3,C,ATL,10748,0.00,0.00,1.88,0.00,0.00,0.00,0.00,0.00,0.00,1.65,15.37,0.15
2026,3,C,NO,19431,0.00,1.66,1.00,0.00,0.00,0.00,0.00,7.67,0.09,0.92,6.25,0.07
2026,3,C,CIN,17696,0.00,0.00,2.04,0.00,0.00,0.00,0.00,0.00,0.00,1.84,15.97,0.12
2026,3,C,WAS,15289,0.00,0.00,2.26,0.00,0.00,0.00,0.00,0.00,0.00,1.95,15.42,0.13
2026,3,C,DET,15681,0.00,0.00,1.67,0.00,0.00,0.00,0.00,0.00,0.00,1.60,14.03,0.15
2026,3,C,LAR,17081,0.00,0.08,2.63,0.00,0.00,0.00,0.00,0.36,0.00,1.57,13.78,0.14
2026,3,C,WAS,15274,0.00,0.07,2.54,0.00,0.00,0.00,0.00,0.35,0.00,1.75,16.09,0.10
2026,3,C,CAR,17330,0.00,0.05,2.25,0.00,0.00,0.00,0.00,0.24,0.00,1.92,15.15,0.11
2026,3,C,BAL,18567,0.00,0.06,1.52,0.00,0.00,0.00,0.00,0.31,0.00,1.20,14.89,0.10
2026,3,C,NYG,9255,0.00,0.00,1.73,0.00,0.00,0.00,0.00,0.00,0.00,1.34,15.61,0.09
2026,3,C,NO,18544,0.00,0.00,1.67,0.00,0.00,0.00,0.00,0.00,0.00,1.65,12.95,0.13
2026,3,C,JAX,18476,0.00,1.38,1.09,0.00,0.00,0.00,0.00,6.29,0.05,1.09,6.94,0.07
2026,3,C,CAR,12216,0.00,0.00,1.61,0.00,0.00,0.00,0.00,0.00,0.00,1.22,12.43,0.13
2026,3,C,LAC,16939,0.00,0.13,1.66,0.00,0.00,0.00,0.00,0.79,0.01,1.34,12.06,0.10
2026,3,C,CAR,18545,0.00,0.00,1.61,0.00,0.00,0.00,0.00,0.00,0.00,1.43,12.88,0.11
2026,3,C,MIN,13786,0.00,0.00,1.33,0.00,0.00,0.00,0.00,0.00,0.00,1.23,12.26,0.11
2026,3,C,DEN,16992,0.00,0.00,1.34,0.00,0.00,0.00,0.00,0.00,0.00,1.22,10.82,0.13
2026,3,C,KC,19631,0.00,0.00,1.26,0.00,0.00,0.00,0.00,0.00,0.00,1.02,12.04,0.11
2026,3,C,DEN,15893,0.00,1.36,0.73,0.00,0.00,0.00,0.00,7.49,0.06,0.68,4.87,0.04
2026,3,C,LAR,17467,0.00,0.13,1.32,0.00,0.00,0.00,0.00,0.73,0.01,1.01,12.68,0.07
2026,3,C,SF,13418,0.00,0.00,1.35,0.00,0.00,0.00,0.00,0.00,0.00,0.87,12.68,0.09
2026,3,C,DAL,16855,0.00,0.00,1.45,0.00,0.00,0.00,0.00,0.00,0.00,1.35,12.70,0.08
2026,3,C,CHI,19357,0.00,0.00,1.79,0.00,0.00,0.00,0.00,0.00,0.00,1.41,11.76,0.09
2026,3,C,LAC,12934,0.00,0.00,1.66,0.00,0.00,0.00,0.00,0.00,0.00,0.99,11.54,0.09
2026,3,C,SF,9260,0.00,0.00,1.20,0.00,0.00,0.00,0.00,0.00,0.00,0.89,11.33,0.09
2026,3,C,DAL,17908,0.00,0.00,1.37,0.00,0.00,0.00,0.00,0.00,0.00,1.20,11.62,0.08
2026,3,C,ARI,16959,0.00,0.00,1.40,0.00,0.00,0.00,0.00,0.00,0.00,1.37,11.99,0.07
2026,3,C,HOU,19352,0.00,0.00,1.23,0.00,0.00,0.00,0.00,0.00,0.00,1.22,11.33,0.08
2026,3,C,SF,18647,0.00,0.00,1.20,0.00,0.00,0.00,0.00,0.00,0.00,1.04,10.64,0.09
2026,3,C,BAL,19364,0.00,0.00,1.10,0.00,0.00,0.00,0.00,0.00,0.00,1.04,11.10,0.08
2026,3,C,CHI,16772,0.00,2.22,0.00,0.00,0.00,0.00,0.00,8.67,0.12,0.00,0.00,0.00
2026,3,C,NYJ,15821,0.00,0.00,1.29,0.00,0.00,0.00,0.00,0.00,0.00,1.02,10.42,0.09
2026,3,C,LAR,10854,0.00,0.00,1.29,0.00,0.00,0.00,0.00,0.00,0.00,1.08,9.99,0.09
2026,3,C,WAS,18160,0.00,0.00,1.97,0.00,0.00,0.00,0.00,0.00,0.00,1.59,11.24,0.07
2026,3,C,LV,14495,0.00,0.00,0.97,0.00,0.00,0.00,0.00,0.00,0.00,0.77,8.99,0.10
2026,3,C,NE,18889,0.00,0.00,0.95,0.00,0.00,0.00,0.00,0.00,0.00,0.85,10.12,0.08
2026,3,C,DEN,14541,0.00,0.00,1.09,0.00,0.00,0.00,0.00,0.00,0.00,0.99,9.36,0.09
2026,3,C,DET,17584,0.00,1.10,0.60,0.00,0.00,0.00,0.00,5.81,0.04,0.54,4.08,0.04
2026,3,C,IND,14750,0.00,0.00,1.19,0.00,0.00,0.00,0.00,0.00,0.00,0.84,9.20,0.09
2026,3,C,NYJ,19668,0.00,0.00,0.97,0.00,0.00,0.00,0.00,0.00,0.00,0.77,8.88,0.08
2026,3,C,LAC,17821,0.00,1.26,0.31,0.00,0.00,0.00,0.00,6.32,0.06,0.28,2.12,0.02
2026,3,C,NE,16931,0.00,0.00,1.27,0.00,0.00,0.00,0.00,0.00,0.00,1.09,9.55,0.06
2026,3,C,BUF,18538,0.00,0.00,0.98,0.00,0.00,0.00,0.00,0.00,0.00,0.92,8.85,0.07
2026,3,C,MIN,18553,0.00,0.05,0.98,0.00,0.00,0.00,0.00,0.20,0.00,1.00,8.70,0.07
2026,3,C,CIN,18519,0.00,1.54,0.34,0.00,0.00,0.00,0.00,5.68,0.06,0.33,2.47,0.02
2026,3,C,LAC,18251,0.00,0.00,1.32,0.00,0.00,0.00,0.00,0.00,0.00,1.08,8.97,0.06
2026,3,C,HOU,17794,0.00,0.14,0.92,0.00,0.00,0.00,0.00,0.60,0.01,0.86,7.53,0.06
2026,3,C,LV,19432,0.00,0.00,0.97,0.00,0.00,0.00,0.00,0.00,0.00,0.79,7.70,0.07
2026,3,C,CLE,15310,0.00,0.00,0.87,0.00,0.00,0.00,0.00,0.00,0.00,0.71,7.56,0.07
2026,3,C,NO,16026,0.00,0.00,1.00,0.00,0.00,0.00,0.00,0.00,0.00,0.75,6.93,0.08
2026,3,C,PHI,17218,0.00,0.00,1.00,0.00,0.00,0.00,0.00,0.00,0.00,0.82,8.02,0.06
2026,3,C,SF,18485,0.00,1.48,0.09,0.00,0.00,0.00,0.00,7.38,0.05,0.08,0.61,0.01
2026,3,C,NE,18532,0.00,1.35,0.10,0.00,0.00,0.00,0.00,6.50,0.06,0.09,0.69,0.01
2026,3,C,IND,19315,0.00,0.00,0.89,0.00,0.00,0.00,0.00,0.00,0.00,0.70,7.15,0.06
2026,3,C,JAX,19448,0.00,0.00,1.02,0.00,0.00,0.00,0.00,0.00,0.00,0.86,7.12,0.06
2026,3,C,KC,18529,0.00,0.84,0.31,0.00,0.00,0.00,0.00,3.90,0.04,0.30,2.40,0.03
2026,3,C,WAS,18643,0.00,0.23,0.85,0.00,0.00,0.00,0.00,1.03,0.01,0.60,5.73,0.05
2026,3,C,GB,15935,0.00,0.30,0.65,0.00,0.00,0.00,0.00,1.91,0.01,0.39,4.90,0.05
2026,3,C,NYJ,17057,0.00,0.72,0.23,0.00,0.00,0.00,0.00,4.22,0.05,0.23,1.75,0.02
2026,3,C,JAX,19349,0.00,0.00,0.86,0.00,0.00,0.00,0.00,0.00,0.00,0.76,6.41,0.06
2026,3,C,DET,15918,0.00,0.00,0.67,0.00,0.00,0.00,0.00,0.00,0.00,0.53,5.77,0.05
2026,3,C,TB,16728,0.00,0.87,0.12,0.00,0.00,0.00,0.00,3.46,0.06,0.10,0.80,0.01
2026,3,C,KC,18542,0.00,0.00,0.63,0.00,0.00,0.00,0.00,0.00,0.00,0.56,5.28,0.05
2026,3,C,SEA,11897,0.00,0.00,0.61,0.00,0.00,0.00,0.00,0.00,0.00,0.53,4.95,0.05
2026,3,C,LAR,19306,0.00,0.83,0.16,0.00,0.00,0.00,0.00,4.00,0.04,0.14,0.92,0.01
2026,3,C,GB,16866,0.00,0.00,0.65,0.00,0.00,0.00,0.00,0.00,0.00,0.61,4.91,0.05
2026,3,C,CIN,18841,0.00,0.08,0.68,0.00,0.00,0.00,0.00,0.28,0.00,0.56,5.16,0.04
2026,3,C,ARI,17185,0.00,0.00,0.68,0.00,0.00,0.00,0.00,0.00,0.00,0.49,5.36,0.04
2026,3,C,BAL,19426,0.00,0.00,0.52,0.00,0.00,0.00,0.00,0.00,0.00,0.49,5.07,0.04
2026,3,C,IND,12196,0.00,0.00,0.66,0.00,0.00,0.00,0.00,0.00,0.00,0.55,5.05,0.04
2026,3,C,LV,12858,0.00,0.00,0.65,0.00,0.00,0.00,0.00,0.00,0.00,0.59,4.74,0.04
2026,3,C,MIA,19681,0.00,0.00,0.57,0.00,0.00,0.00,0.00,0.00,0.00,0.51,4.59,0.04
2026,3,C,DET,14246,0.00,0.00,0.43,0.00,0.00,0.00,0.00,0.00,0.00,0.35,4.01,0.03
2026,3,C,WAS,15896,0.00,0.34,0.42,0.00,0.00,0.00,0.00,1.49,0.01,0.26,2.41,0.02
2026,3,C,PIT,15467,0.00,0.00,0.43,0.00,0.00,0.00,0.00,0.00,0.00,0.36,3.68,0.03
2026,3,C,TEN,15921,0.00,0.53,0.11,0.00,0.00,0.00,0.00,2.83,0.02,0.10,0.69,0.01
2026,3,C,LAR,17030,0.00,0.00,0.50,0.00,0.00,0.00,0.00,0.00,0.00,0.42,3.33,0.03
2026,3,C,ATL,14608,0.00,0.00,0.44,0.00,0.00,0.00,0.00,0.00,0.00,0.42,3.18,0.03
2026,3,C,DAL,16937,0.00,0.00,0.47,0.00,0.00,0.00,0.00,0.00,0.00,0.28,3.64,0.02
2026,3,C,HOU,19326,0.00,0.00,0.37,0.00,0.00,0.00,0.00,0.00,0.00,0.31,3.45,0.02
2026,3,C,LV,17818,0.00,0.59,0.13,0.00,0.00,0.00,0.00,1.95,0.02,0.12,0.80,0.01
2026,3,C,BAL,17026,0.00,0.17,0.18,0.00,0.00,0.00,0.00,0.87,0.01,0.18,1.61,0.02
2026,3,C,JAX,15460,0.00,0.00,0.33,0.00,0.00,0.00,0.00,0.00,0.00,0.30,2.47,0.03
2026,3,C,CHI,19259,0.00,0.27,0.21,0.00,0.00,0.00,0.00,1.37,0.01,0.15,1.56,0.01
2026,3,C,MIA,19276,0.00,0.00,0.34,0.00,0.00,0.00,0.00,0.00,0.00,0.31,2.90,0.02
2026,3,C,PHI,15280,0.00,0.15,0.26,0.00,0.00,0.00,0.00,0.76,0.01,0.18,1.99,0.01
2026,3,C,TB,18307,0.00,0.06,0.31,0.00,0.00,0.00,0.00,0.30,0.00,0.22,2.43,0.02
2026,3,C,LV,15922,0.00,0.00,0.31,0.00,0.00,0.00,0.00,0.00,0.00,0.24,2.62,0.02
2026,3,C,CLE,17777,0.00,0.18,0.09,0.00,0.00,0.00,0.00,1.48,0.01,0.08,0.78,0.01
2026,3,C,IND,16277,0.00,0.00,0.25,0.00,0.00,0.00,0.00,0.00,0.00,0.21,1.82,0.02
2026,3,C,TB,16720,0.00,0.00,0.24,0.00,0.00,0.00,0.00,0.00,0.00,0.18,1.83,0.02
2026,3,C,NYG,10033,0.00,0.00,0.19,0.00,0.00,0.00,0.00,0.00,0.00,0.16,1.65,0.01
2026,3,C,CLE,19608,0.00,0.00,0.17,0.00,0.00,0.00,0.00,0.00,0.00,0.16,1.36,0.01
2026,3,C,HOU,18300,0.00,0.17,0.09,0.00,0.00,0.00,0.00,0.81,0.01,0.08,0.63,0.00
2026,3,C,PIT,19340,0.00,0.07,0.10,0.00,0.00,0.00,0.00,0.38,0.00,0.07,0.80,0.01
2026,3,C,PHI,16337,0.00,0.00,0.14,0.00,0.00,0.00,0.00,0.00,0.00,0.11,1.19,0.01
2026,3,C,ARI,14636,0.00,0.04,0.12,0.00,0.00,0.00,0.00,0.21,0.00,0.10,0.88,0.01
2026,3,C,KC,16744,0.00,0.03,0.08,0.00,0.00,0.00,0.00,0.20,0.00,0.06,0.80,0.01
2026,3,C,NYG,12771,0.00,0.00,0.09,0.00,0.00,0.00,0.00,0.00,0.00,0.09,0.81,0.01
2026,3,C,TB,19452,0.00,0.00,0.09,0.00,0.00,0.00,0.00,0.00,0.00,0.08,0.67,0.01
2026,3,C,MIN,19095,0.00,0.00,0.09,0.00,0.00,0.00,0.00,0.00,0.00,0.07,0.74,0.01
2026,3,C,CAR,15324,0.00,0.05,0.03,0.00,0.00,0.00,0.00,0.24,0.00,0.03,0.22,0.00
2026,3,C,PIT,12389,0.00,0.00,0.04,0.00,0.00,0.00,0.00,0.00,0.00,0.04,0.35,0.00
2026,3,C,TB,16282,0.00,0.00,0.03,0.00,0.00,0.00,0.00,0.00,0.00,0.02,0.21,0.00
2026,3,C,DEN,13565,0.00,0.00,0.00,0.00,0.00,0.00,0.00,0.00,0.00,0.00,0.00,0.00
2026,3,C,PHI,19296,0.00,0.00,0.00,0.00,0.00,0.00,0.00,0.00,0.00,0.00,0.00,0.00
2026,3,C,SF,11163,0.00,0.00,0.00,0.00,0.00,0.00,0.00,0.00,0.00,0.00,0.00,0.00
2026,3,C,SEA,18477,0.00,0.00,0.00,0.00,0.00,0.00,0.00,0.00,0.00,0.00,0.00,0.00
2026,3,C,LAC,11734,0.00,0.00,0.00,0.00,0.00,0.00,0.00,0.00,0.00,0.00,0.00,0.00
2026,3,C,LAC,18650,0.00,0.00,0.00,0.00,0.00,0.00,0.00,0.00,0.00,0.00,0.00,0.00
2026,3,C,MIN,16163,0.00,0.00,0.00,0.00,0.00,0.00,0.00,0.00,0.00,0.00,0.00,0.00
2026,3,C,IND,13522,0.00,0.00,0.00,0.00,0.00,0.00,0.00,0.00,0.00,0.00,0.00,0.00
2026,3,C,DEN,13438,0.00,0.00,0.00,0.00,0.00,0.00,0.00,0.00,0.00,0.00,0.00,0.00
2026,3,C,BUF,17555,0.00,0.00,0.00,0.00,0.00,0.00,0.00,0.00,0.00,0.00,0.00,0.00
2026,3,C,LAR,19275,0.00,0.00,0.00,0.00,0.00,0.00,0.00,0.00,0.00,0.00,0.00,0.00
2026,3,C,CAR,17748,0.00,0.00,0.00,0.00,0.00,0.00,0.00,0.00,0.00,0.00,0.00,0.00
2026,3,C,CLE,18467,0.00,0.00,0.00,0.00,0.00,0.00,0.00,0.00,0.00,0.00,0.00,0.00
2026,3,C,PIT,12629,0.00,0.00,0.00,0.00,0.00,0.00,0.00,0.00,0.00,0.00,0.00,0.00
2026,3,C,SF,15402,0.00,0.00,0.00,0.00,0.00,0.00,0.00,0.00,0.00,0.00,0.00,0.00
2026,3,C,SF,19330,0.00,0.00,0.00,0.00,0.00,0.00,0.00,0.00,0.00,0.00,0.00,0.00
2026,3,C,SF,12508,0.00,0.00,0.00,0.00,0.00,0.00,0.00,0.00,0.00,0.00,0.00,0.00
2026,3,C,GB,7357,0.00,0.00,0.00,0.00,0.00,0.00,0.00,0.00,0.00,0.00,0.00,0.00
2026,3,C,CAR,17734,0.00,0.00,0.00,0.00,0.00,0.00,0.00,0.00,0.00,0.00,0.00,0.00
2026,3,C,MIN,8986,0.00,0.00,0.00,0.00,0.00,0.00,0.00,0.00,0.00,0.00,0.00,0.00
2026,3,C,WAS,11767,0.00,0.00,0.00,0.00,0.00,0.00,0.00,0.00,0.00,0.00,0.00,0.00
2026,3,C,LAC,19318,0.00,0.00,0.00,0.00,0.00,0.00,0.00,0.00,0.00,0.00,0.00,0.00
2026,3,C,NE,19293,0.00,0.00,0.00,0.00,0.00,0.00,0.00,0.00,0.00,0.00,0.00,0.00
2026,3,C,SF,16418,0.00,0.00,0.00,0.00,0.00,0.00,0.00,0.00,0.00,0.00,0.00,0.00
2026,3,C,WAS,16042,0.00,0.00,0.00,0.00,0.00,0.00,0.00,0.00,0.00,0.00,0.00,0.00
2026,3,C,TEN,11709,0.00,0.00,0.00,0.00,0.00,0.00,0.00,0.00,0.00,0.00,0.00,0.00
2026,3,C,NO,17684,0.00,0.00,0.00,0.00,0.00,0.00,0.00,0.00,0.00,0.00,0.00,0.00
2026,3,C,ARI,19445,0.00,0.00,0.00,0.00,0.00,0.00,0.00,0.00,0.00,0.00,0.00,0.00
2026,3,C,PIT,18512,0.00,0.00,0.00,0.00,0.00,0.00,0.00,0.00,0.00,0.00,0.00,0.00
2026,3,C,GB,18554,0.00,0.00,0.00,0.00,0.00,0.00,0.00,0.00,0.00,0.00,0.00,0.00
2026,3,C,CIN,16965,0.00,0.00,0.00,0.00,0.00,0.00,0.00,0.00,0.00,0.00,0.00,0.00
2026,3,C,PHI,17011,0.00,0.00,0.00,0.00,0.00,0.00,0.00,0.00,0.00,0.00,0.00,0.00
2026,3,C,WAS,19368,0.00,0.00,0.00,0.00,0.00,0.00,0.00,0.00,0.00,0.00,0.00,0.00
2026,3,C,MIA,17800,0.00,0.00,0.00,0.00,0.00,0.00,0.00,0.00,0.00,0.00,0.00,0.00
2026,3,C,NYJ,19284,0.00,0.00,0.00,0.00,0.00,0.00,0.00,0.00,0.00,0.00,0.00,0.00
2026,3,C,GB,16977,0.00,0.00,0.00,0.00,0.00,0.00,0.00,0.00,0.00,0.00,0.00,0.00
2026,3,C,BAL,19230,0.00,0.00,0.00,0.00,0.00,0.00,0.00,0.00,0.00,0.00,0.00,0.00
2026,3,C,NO,9317,0.00,0.00,0.00,0.00,0.00,0.00,0.00,0.00,0.00,0.00,0.00,0.00
2026,3,C,SEA,13736,0.00,0.00,0.00,0.00,0.00,0.00,0.00,0.00,0.00,0.00,0.00,0.00
2026,3,C,TEN,15273,0.00,0.00,0.00,0.00,0.00,0.00,0.00,0.00,0.00,0.00,0.00,0.00
2026,3,C,MIA,18498,0.00,0.00,0.00,0.00,0.00,0.00,0.00,0.00,0.00,0.00,0.00,0.00
2026,3,C,NO,15979,0.00,0.00,0.00,0.00,0.00,0.00,0.00,0.00,0.00,0.00,0.00,0.00
2026,3,C,NO,16898,0.00,0.00,0.00,0.00,0.00,0.00,0.00,0.00,0.00,0.00,0.00,0.00
2026,3,C,SEA,16897,0.00,0.00,0.00,0.00,0.00,0.00,0.00,0.00,0.00,0.00,0.00,0.00
2026,3,C,ARI,13741,0.00,0.00,0.00,0.00,0.00,0.00,0.00,0.00,0.00,0.00,0.00,0.00
2026,3,C,DEN,19241,0.00,0.00,0.00,0.00,0.00,0.00,0.00,0.00,0.00,0.00,0.00,0.00
2026,3,C,GB,16663,0.00,0.00,0.00,0.00,0.00,0.00,0.00,0.00,0.00,0.00,0.00,0.00
2026,3,C,HOU,15200,0.00,0.00,0.00,0.00,0.00,0.00,0.00,0.00,0.00,0.00,0.00,0.00
2026,3,C,NYJ,15579,0.00,0.00,0.00,0.00,0.00,0.00,0.00,0.00,0.00,0.00,0.00,0.00
2026,3,C,DET,12809,0.00,0.00,0.00,0.00,0.00,0.00,0.00,0.00,0.00,0.00,0.00,0.00
2026,3,C,DET,16104,0.00,0.00,0.00,0.00,0.00,0.00,0.00,0.00,0.00,0.00,0.00,0.00
2026,3,C,ARI,11691,0.00,0.00,0.00,0.00,0.00,0.00,0.00,0.00,0.00,0.00,0.00,0.00
2026,3,C,CAR,15841,0.00,0.00,0.00,0.00,0.00,0.00,0.00,0.00,0.00,0.00,0.00,0.00
2026,3,C,MIA,18482,0.00,0.00,0.00,0.00,0.00,0.00,0.00,0.00,0.00,0.00,0.00,0.00
2026,3,C,NE,19348,0.00,0.00,0.00,0.00,0.00,0.00,0.00,0.00,0.00,0.00,0.00,0.00
2026,3,C,NYJ,19314,0.00,0.00,0.00,0.00,0.00,0.00,0.00,0.00,0.00,0.00,0.00,0.00
2026,3,C,NE,17335,0.00,0.00,0.00,0.00,0.00,0.00,0.00,0.00,0.00,0.00,0.00,0.00
2026,3,C,PHI,7355,0.00,0.00,0.00,0.00,0.00,0.00,0.00,0.00,0.00,0.00,0.00,0.00
2026,3,C,DAL,15825,0.00,0.00,0.00,0.00,0.00,0.00,0.00,0.00,0.00,0.00,0.00,0.00
2026,3,C,LAR,19316,0.00,0.00,0.00,0.00,0.00,0.00,0.00,0.00,0.00,0.00,0.00,0.00
2026,3,C,BAL,14563,0.00,0.00,0.00,0.00,0.00,0.00,0.00,0.00,0.00,0.00,0.00,0.00
2026,3,C,TB,19292,0.00,0.00,0.00,0.00,0.00,0.00,0.00,0.00,0.00,0.00,0.00,0.00
2026,3,C,GB,13582,0.00,0.00,0.00,0.00,0.00,0.00,0.00,0.00,0.00,0.00,0.00,0.00
2026,3,C,WAS,17692,0.00,0.00,0.00,0.00,0.00,0.00,0.00,0.00,0.00,0.00,0.00,0.00
2026,3,C,HOU,15369,0.00,0.00,0.00,0.00,0.00,0.00,0.00,0.00,0.00,0.00,0.00,0.00
2026,3,C,NYG,18574,0.00,0.00,0.00,0.00,0.00,0.00,0.00,0.00,0.00,0.00,0.00,0.00
2026,3,C,TEN,19359,0.00,0.00,0.00,0.00,0.00,0.00,0.00,0.00,0.00,0.00,0.00,0.00
2026,3,C,DAL,15828,0.00,0.00,0.00,0.00,0.00,0.00,0.00,0.00,0.00,0.00,0.00,0.00
2026,3,C,LAR,19278,0.00,0.00,0.00,0.00,0.00,0.00,0.00,0.00,0.00,0.00,0.00,0.00
2026,3,C,HOU,16935,0.00,0.00,0.00,0.00,0.00,0.00,0.00,0.00,0.00,0.00,0.00,0.00
2026,3,C,LAC,15924,0.00,0.00,0.00,0.00,0.00,0.00,0.00,0.00,0.00,0.00,0.00,0.00
2026,3,C,DAL,17091,0.00,0.00,0.00,0.00,0.00,0.00,0.00,0.00,0.00,0.00,0.00,0.00
2026,3,C,LAC,15198,0.00,0.00,0.00,0.00,0.00,0.00,0.00,0.00,0.00,0.00,0.00,0.00
2026,3,C,NE,16797,0.00,0.00,0.00,0.00,0.00,0.00,0.00,0.00,0.00,0.00,0.00,0.00
2026,3,C,DET,19443,0.00,0.00,0.00,0.00,0.00,0.00,0.00,0.00,0.00,0.00,0.00,0.00
2026,3,C,DET,11834,0.00,0.00,0.00,0.00,0.00,0.00,0.00,0.00,0.00,0.00,0.00,0.00
2026,3,C,IND,18513,0.00,0.00,0.00,0.00,0.00,0.00,0.00,0.00,0.00,0.00,0.00,0.00
2026,3,C,MIA,19343,0.00,0.00,0.00,0.00,0.00,0.00,0.00,0.00,0.00,0.00,0.00,0.00
2026,3,C,IND,17014,0.00,0.00,0.00,0.00,0.00,0.00,0.00,0.00,0.00,0.00,0.00,0.00
2026,3,C,PIT,14657,0.00,0.00,0.00,0.00,0.00,0.00,0.00,0.00,0.00,0.00,0.00,0.00
2026,3,C,WAS,17820,0.00,0.00,0.00,0.00,0.00,0.00,0.00,0.00,0.00,0.00,0.00,0.00
2026,3,C,IND,13854,0.00,0.00,0.00,0.00,0.00,0.00,0.00,0.00,0.00,0.00,0.00,0.00
2026,3,C,PHI,16686,0.00,0.00,0.00,0.00,0.00,0.00,0.00,0.00,0.00,0.00,0.00,0.00
2026,3,C,CIN,19258,0.00,0.00,0.00,0.00,0.00,0.00,0.00,0.00,0.00,0.00,0.00,0.00
2026,3,C,LV,19281,0.00,0.00,0.00,0.00,0.00,0.00,0.00,0.00,0.00,0.00,0.00,0.00
2026,3,C,CAR,18506,0.00,0.00,0.00,0.00,0.00,0.00,0.00,0.00,0.00,0.00,0.00,0.00
2026,3,C,HOU,15542,0.00,0.00,0.00,0.00,0.00,0.00,0.00,0.00,0.00,0.00,0.00,0.00
2026,3,C,JAX,18505,0.00,0.00,0.00,0.00,0.00,0.00,0.00,0.00,0.00,0.00,0.00,0.00
2026,3,C,DEN,16849,0.00,0.00,0.00,0.00,0.00,0.00,0.00,0.00,0.00,0.00,0.00,0.00
2026,3,C,KC,15416,0.00,0.00,0.00,0.00,0.00,0.00,0.00,0.00,0.00,0.00,0.00,0.00
2026,3,C,NYJ,17668,0.00,0.00,0.00,0.00,0.00,0.00,0.00,0.00,0.00,0.00,0.00,0.00
2026,3,C,CIN,5648,0.00,0.00,0.00,0.00,0.00,0.00,0.00,0.00,0.00,0.00,0.00,0.00
2026,3,C,MIA,18530,0.00,0.00,0.00,0.00,0.00,0.00,0.00,0.00,0.00,0.00,0.00,0.00
2026,3,C,CLE,18496,0.00,0.00,0.00,0.00,0.00,0.00,0.00,0.00,0.00,0.00,0.00,0.00
2026,3,C,LAR,16790,0.00,0.00,0.00,0.00,0.00,0.00,0.00,0.00,0.00,0.00,0.00,0.00
2026,3,C,IND,18443,0.00,0.00,0.00,0.00,0.00,0.00,0.00,0.00,0.00,0.00,0.00,0.00
2026,3,C,KC,19283,0.00,0.00,0.00,0.00,0.00,0.00,0.00,0.00,0.00,0.00,0.00,0.00
2026,3,C,PHI,12860,0.00,0.00,0.00,0.00,0.00,0.00,0.00,0.00,0.00,0.00,0.00,0.00
2026,3,C,LV,16716,0.00,0.00,0.00,0.00,0.00,0.00,0.00,0.00,0.00,0.00,0.00,0.00
2026,3,C,TEN,15245,0.00,0.00,0.00,0.00,0.00,0.00,0.00,0.00,0.00,0.00,0.00,0.00
2026,3,C,NYG,14318,0.00,0.00,0.00,0.00,0.00,0.00,0.00,0.00,0.00,0.00,0.00,0.00
2026,3,C,CLE,19289,0.00,0.00,0.00,0.00,0.00,0.00,0.00,0.00,0.00,0.00,0.00,0.00
2026,3,C,NYJ,12061,0.00,0.00,0.00,0.00,0.00,0.00,0.00,0.00,0.00,0.00,0.00,0.00
2026,3,C,SF,17947,0.00,0.00,0.00,0.00,0.00,0.00,0.00,0.00,0.00,0.00,0.00,0.00
2026,3,C,SF,17761,0.00,0.00,0.00,0.00,0.00,0.00,0.00,0.00,0.00,0.00,0.00,0.00
2026,3,C,KC,19351,0.00,0.00,0.00,0.00,0.00,0.00,0.00,0.00,0.00,0.00,0.00,0.00
2026,3,C,IND,16022,0.00,0.00,0.00,0.00,0.00,0.00,0.00,0.00,0.00,0.00,0.00,0.00
2026,3,C,PIT,19335,0.00,0.00,0.00,0.00,0.00,0.00,0.00,0.00,0.00,0.00,0.00,0.00
2026,3,C,BAL,19301,0.00,0.00,0.00,0.00,0.00,0.00,0.00,0.00,0.00,0.00,0.00,0.00
2026,3,C,HOU,18551,0.00,0.00,0.00,0.00,0.00,0.00,0.00,0.00,0.00,0.00,0.00,0.00
2026,3,C,NO,17782,0.00,0.00,0.00,0.00,0.00,0.00,0.00,0.00,0.00,0.00,0.00,0.00
2026,3,C,IND,16653,0.00,0.00,0.00,0.00,0.00,0.00,0.00,0.00,0.00,0.00,0.00,0.00
2026,3,C,ARI,17966,0.00,0.00,0.00,0.00,0.00,0.00,0.00,0.00,0.00,0.00,0.00,0.00
2026,3,C,SF,14386,0.00,0.00,0.00,0.00,0.00,0.00,0.00,0.00,0.00,0.00,0.00,0.00
2026,3,C,LAR,16108,0.00,0.00,0.00,0.00,0.00,0.00,0.00,0.00,0.00,0.00,0.00,0.00
2026,3,C,PIT,19286,0.00,0.00,0.00,0.00,0.00,0.00,0.00,0.00,0.00,0.00,0.00,0.00
2026,3,C,CLE,19312,0.00,0.00,0.00,0.00,0.00,0.00,0.00,0.00,0.00,0.00,0.00,0.00
2026,3,C,BUF,12623,0.00,0.00,0.00,0.00,0.00,0.00,0.00,0.00,0.00,0.00,0.00,0.00
2026,3,C,ATL,11841,0.00,0.00,0.00,0.00,0.00,0.00,0.00,0.00,0.00,0.00,0.00,0.00
2026,3,C,LAR,15229,0.00,0.00,0.00,0.00,0.00,0.00,0.00,0.00,0.00,0.00,0.00,0.00
2026,3,C,CLE,18479,0.00,0.00,0.00,0.00,0.00,0.00,0.00,0.00,0.00,0.00,0.00,0.00
2026,3,C,NYG,15874,0.00,0.00,0.00,0.00,0.00,0.00,0.00,0.00,0.00,0.00,0.00,0.00
2026,3,C,BAL,19310,0.00,0.00,0.00,0.00,0.00,0.00,0.00,0.00,0.00,0.00,0.00,0.00
2026,3,C,CHI,16946,0.00,0.00,0.00,0.00,0.00,0.00,0.00,0.00,0.00,0.00,0.00,0.00
2026,3,C,TB,13634,0.00,0.00,0.00,0.00,0.00,0.00,0.00,0.00,0.00,0.00,0.00,0.00
2026,3,C,ARI,19287,0.00,0.00,0.00,0.00,0.00,0.00,0.00,0.00,0.00,0.00,0.00,0.00
2026,3,C,NYG,13449,0.00,0.00,0.00,0.00,0.00,0.00,0.00,0.00,0.00,0.00,0.00,0.00
2026,3,C,BUF,19251,0.00,0.00,0.00,0.00,0.00,0.00,0.00,0.00,0.00,0.00,0.00,0.00
2026,3,C,NYJ,18646,0.00,0.00,0.00,0.00,0.00,0.00,0.00,0.00,0.00,0.00,0.00,0.00
2026,3,C,LAR,16871,0.00,0.00,0.00,0.00,0.00,0.00,0.00,0.00,0.00,0.00,0.00,0.00
2026,3,C,PHI,18539,0.00,0.00,0.00,0.00,0.00,0.00,0.00,0.00,0.00,0.00,0.00,0.00
2026,3,C,ARI,17767,0.00,0.00,0.00,0.00,0.00,0.00,0.00,0.00,0.00,0.00,0.00,0.00
2026,3,C,ATL,14465,0.00,0.00,0.00,0.00,0.00,0.00,0.00,0.00,0.00,0.00,0.00,0.00
2026,3,C,DEN,19363,0.00,0.00,0.00,0.00,0.00,0.00,0.00,0.00,0.00,0.00,0.00,0.00
2026,3,C,NYJ,18535,0.00,0.00,0.00,0.00,0.00,0.00,0.00,0.00,0.00,0.00,0.00,0.00
2026,3,C,SEA,17040,0.00,0.00,0.00,0.00,0.00,0.00,0.00,0.00,0.00,0.00,0.00,0.00
2026,3,C,BAL,15974,0.00,0.00,0.00,0.00,0.00,0.00,0.00,0.00,0.00,0.00,0.00,0.00
2026,3,C,CAR,19239,0.00,0.00,0.00,0.00,0.00,0.00,0.00,0.00,0.00,0.00,0.00,0.00
2026,3,C,LV,18558,0.00,0.00,0.00,0.00,0.00,0.00,0.00,0.00,0.00,0.00,0.00,0.00
2026,3,C,DET,9245,0.00,0.00,0.00,0.00,0.00,0.00,0.00,0.00,0.00,0.00,0.00,0.00
2026,3,C,NYJ,19425,0.00,0.00,0.00,0.00,0.00,0.00,0.00,0.00,0.00,0.00,0.00,0.00
2026,3,C,CAR,17747,0.00,0.00,0.00,0.00,0.00,0.00,0.00,0.00,0.00,0.00,0.00,0.00
2026,3,C,NO,19233,0.00,0.00,0.00,0.00,0.00,0.00,0.00,0.00,0.00,0.00,0.00,0.00
2026,3,C,NO,19336,0.00,0.00,0.00,0.00,0.00,0.00,0.00,0.00,0.00,0.00,0.00,0.00
2026,3,C,MIN,10856,0.00,0.00,0.00,0.00,0.00,0.00,0.00,0.00,0.00,0.00,0.00,0.00
2026,3,C,NE,13432,0.00,0.00,0.00,0.00,0.00,0.00,0.00,0.00,0.00,0.00,0.00,0.00
2026,3,C,CHI,17695,0.00,0.00,0.00,0.00,0.00,0.00,0.00,0.00,0.00,0.00,0.00,0.00
2026,3,C,PHI,13502,0.00,0.00,0.00,0.00,0.00,0.00,0.00,0.00,0.00,0.00,0.00,0.00
2026,3,C,NO,15330,0.00,0.00,0.00,0.00,0.00,0.00,0.00,0.00,0.00,0.00,0.00,0.00
2026,3,C,PHI,16039,0.00,0.00,0.00,0.00,0.00,0.00,0.00,0.00,0.00,0.00,0.00,0.00
2026,3,C,MIN,18536,0.00,0.00,0.00,0.00,0.00,0.00,0.00,0.00,0.00,0.00,0.00,0.00
2026,3,C,DAL,13525,0.00,0.00,0.00,0.00,0.00,0.00,0.00,0.00,0.00,0.00,0.00,0.00
2026,3,F,BAL,12561,25.56,5.68,0.00,15.29,216.87,1.21,0.50,31.09,0.15,0.00,0.00,0.00
2026,3,F,BUF,12483,27.75,4.98,0.00,16.66,208.41,1.11,1.11,19.77,0.43,0.00,0.00,0.00
2026,3,F,SF,15834,25.27,2.65,0.00,15.36,194.78,1.65,0.67,10.63,0.11,0.00,0.00,0.00
2026,3,F,KC,11839,26.61,2.51,0.00,16.46,195.68,1.41,0.53,12.30,0.13,0.00,0.00,0.00
2026,3,F,DET,10729,28.35,1.11,0.00,16.60,201.57,1.66,0.19,2.09,0.01,0.00,0.00,0.00
2026,3,F,DAL,11008,31.15,1.87,0.00,18.20,214.98,1.33,0.67,5.45,0.05,0.00,0.00,0.00
2026,3,F,JAX,15357,28.08,3.35,0.00,15.56,186.93,1.15,0.55,11.26,0.17,0.00,0.00,0.00
2026,3,F,PHI,14416,23.84,5.59,0.00,14.11,168.63,0.79,0.78,25.21,0.29,0.00,0.00,0.00
2026,3,F,NO,17037,28.34,3.66,0.00,16.93,185.85,1.10,0.52,10.01,0.13,0.00,0.00,0.00
2026,3,F,CIN,14442,29.03,2.38,0.00,17.84,195.59,1.33,0.95,5.69,0.02,0.00,0.00,0.00
2026,3,F,NE,17673,26.98,3.18,0.00,16.97,199.12,0.86,0.89,13.83,0.08,0.00,0.00,0.00
2026,3,F,LAC,14446,28.02,3.03,0.00,16.29,182.28,0.86,0.62,13.16,0.10,0.00,0.00,0.00
2026,3,F,DEN,16995,28.43,2.79,0.00,16.70,176.35,1.06,0.84,10.57,0.09,0.00,0.00,0.00
2026,3,F,GB,14371,27.45,2.27,0.00,16.49,181.21,1.18,1.09,8.57,0.03,0.00,0.00,0.00
2026,3,F,LAR,5971,27.93,1.15,0.00,15.82,190.95,1.13,0.61,1.57,0.01,0.00,0.00,0.00
2026,3,F,SEA,12490,24.36,1.38,0.00,14.09,175.60,1.18,0.53,4.47,0.03,0.00,0.00,0.00
2026,3,F,MIN,13613,25.46,3.58,0.00,15.07,162.28,0.91,0.42,15.02,0.09,0.00,0.00,0.00
2026,3,F,TB,12619,25.64,2.89,0.00,15.08,166.30,1.04,0.70,10.57,0.06,0.00,0.00,0.00
2026,3,F,NYJ,8743,27.30,2.16,0.00,16.89,177.02,0.97,0.66,7.66,0.04,0.00,0.00,0.00
2026,3,F,CAR,16807,27.37,3.38,0.00,14.69,155.93,0.95,0.68,14.34,0.12,0.00,0.00,0.00
2026,3,F,HOU,16886,25.74,2.09,0.00,15.06,180.69,0.77,0.46,6.43,0.08,0.00,0.00,0.00
2026,3,F,ARI,10919,28.90,0.63,0.00,16.51,175.21,0.95,0.34,1.90,0.01,0.00,0.00,0.00
2026,3,F,LV,8057,27.34,1.26,0.00,16.09,168.48,1.09,0.60,1.55,0.02,0.00,0.00,0.00
2026,3,F,MIA,15872,23.42,3.83,0.00,13.82,161.29,0.58,0.40,15.01,0.15,0.00,0.00,0.00
2026,3,F,PIT,4307,28.06,1.22,0.00,16.56,170.89,0.93,0.87,4.80,0.03,0.00,0.00,0.00
2026,3,F,BAL,10819,0.00,13.39,1.03,0.00,0.00,0.00,0.00,72.96,0.63,0.76,6.97,0.02
2026,3,F,DET,16808,0.00,15.98,3.41,0.00,0.00,0.00,0.00,70.74,0.43,2.56,15.12,0.12
2026,3,F,NYG,10037,23.27,2.82,0.00,11.69,160.65,0.70,0.48,7.71,0.07,0.00,0.00,0.00
2026,3,F,IND,13491,24.71,2.70,0.00,14.70,159.99,0.64,0.74,8.85,0.06,0.00,0.00,0.00
2026,3,F,ATL,17700,24.39,1.91,0.00,12.55,153.47,0.78,0.52,4.37,0.05,0.00,0.00,0.00
2026,3,F,IND,14455,0.00,17.68,1.89,0.00,0.00,0.00,0.00,62.05,0.57,1.37,7.92,0.02
2026,3,F,ATL,16739,0.00,16.27,3.48,0.00,0.00,0.00,0.00,66.94,0.23,2.52,16.96,0.09
2026,3,F,TEN,16997,25.81,2.32,0.00,14.14,145.09,0.48,0.42,8.35,0.11,0.00,0.00,0.00
2026,3,F,CLE,11712,23.58,0.35,0.00,15.69,153.89,0.78,1.00,1.32,0.02,0.00,0.00,0.00
2026,3,F,SF,11690,0.00,12.75,3.77,0.00,0.00,0.00,0.00,55.35,0.31,2.87,17.75,0.15
2026,3,F,BUF,15876,0.00,13.37,1.80,0.00,0.00,0.00,0.00,58.54,0.46,1.16,7.58,0.05
2026,3,F,KC,15909,0.00,14.35,1.54,0.00,0.00,0.00,0.00,62.77,0.36,1.22,8.75,0.04
2026,3,F,WAS,10074,22.67,4.27,0.00,12.89,138.10,0.40,0.89,15.69,0.04,0.00,0.00,0.00
2026,3,F,CHI,8065,24.03,1.04,0.00,13.55,141.27,0.60,0.60,3.04,0.02,0.00,0.00,0.00
2026,3,F,SEA,16654,0.00,0.35,6.79,0.00,0.00,0.00,0.00,1.46,0.01,4.27,65.12,0.41
2026,3,F,DET,15332,0.00,0.22,7.97,0.00,0.00,0.00,0.00,1.07,0.00,4.79,58.63,0.47
2026,3,F,PHI,12507,0.00,13.54,2.34,0.00,0.00,0.00,0.00,59.58,0.29,1.39,9.01,0.02
2026,3,F,CHI,14394,0.00,11.64,1.68,0.00,0.00,0.00,0.00,42.87,0.55,1.24,6.02,0.00
2026,3,F,PIT,15984,0.00,10.98,2.98,0.00,0.00,0.00,0.00,53.81,0.18,2.36,14.35,0.02
2026,3,F,HOU,13556,0.00,11.53,1.76,0.00,0.00,0.00,0.00,34.09,0.52,1.43,9.67,0.03
2026,3,F,NO,15895,0.00,0.04,6.99,0.00,0.00,0.00,0.00,0.11,0.00,3.88,52.02,0.40
2026,3,F,DAL,15306,0.00,12.74,1.97,0.00,0.00,0.00,0.00,40.30,0.47,1.46,6.36,0.02
2026,3,F,DAL,14411,0.00,0.25,7.43,0.00,0.00,0.00,0.00,1.07,0.01,4.33,58.48,0.18
2026,3,F,CIN,15183,0.00,0.22,7.30,0.00,0.00,0.00,0.00,0.65,0.00,4.22,51.30,0.31
2026,3,F,LAC,18445,0.00,10.58,1.99,0.00,0.00,0.00,0.00,43.74,0.33,1.57,5.92,0.01
2026,3,F,LAR,15807,0.00,11.56,1.74,0.00,0.00,0.00,0.00,44.77,0.33,1.12,4.74,0.01
2026,3,F,CIN,16934,0.00,14.03,2.43,0.00,0.00,0.00,0.00,46.04,0.17,1.87,8.17,0.09
2026,3,F,CAR,15242,0.00,12.49,2.15,0.00,0.00,0.00,0.00,44.86,0.20,1.63,7.65,0.07
2026,3,F,MIN,14509,0.00,0.11,7.11,0.00,0.00,0.00,0.00,0.28,0.00,4.10,51.65,0.27
2026,3,F,NYJ,15810,0.00,10.00,2.16,0.00,0.00,0.00,0.00,42.57,0.20,1.66,11.25,0.03
2026,3,F,MIA,16661,0.00,10.87,2.41,0.00,0.00,0.00,0.00,46.06,0.13,1.92,11.04,0.03
2026,3,F,LV,18487,0.00,15.26,3.56,0.00,0.00,0.00,0.00,40.05,0.13,2.48,10.00,0.14
2026,3,F,TEN,13590,0.00,10.07,1.43,0.00,0.00,0.00,0.00,48.69,0.20,1.04,4.81,0.00
2026,3,F,NYG,18514,0.00,10.96,1.58,0.00,0.00,0.00,0.00,38.97,0.25,1.10,9.52,0.02
2026,3,F,GB,15946,0.00,0.05,5.12,0.00,0.00,0.00,0.00,0.26,0.00,2.28,39.01,0.40
2026,3,F,DAL,15853,0.00,0.04,6.34,0.00,0.00,0.00,0.00,0.14,0.00,3.60,54.31,0.14
2026,3,F,SEA,19299,0.00,11.09,1.22,0.00,0.00,0.00,0.00,44.68,0.14,0.80,6.26,0.03
2026,3,F,NYJ,15829,0.00,0.12,7.23,0.00,0.00,0.00,0.00,0.39,0.00,3.70,43.00,0.25
2026,3,F,TB,17784,0.00,11.84,2.74,0.00,0.00,0.00,0.00,33.34,0.20,2.02,11.71,0.02
2026,3,F,PHI,15406,0.00,0.03,6.04,0.00,0.00,0.00,0.00,0.14,0.00,3.44,49.63,0.14
2026,3,F,ARI,19235,0.00,10.40,2.85,0.00,0.00,0.00,0.00,32.90,0.23,1.88,9.66,0.03
2026,3,F,DET,15849,0.00,0.48,5.07,0.00,0.00,0.00,0.00,2.27,0.01,2.52,42.57,0.21
2026,3,F,ARI,15902,0.00,0.07,7.14,0.00,0.00,0.00,0.00,0.25,0.00,5.02,42.40,0.25
2026,3,F,BUF,12477,0.00,0.33,5.36,0.00,0.00,0.00,0.00,1.50,0.01,2.51,38.80,0.28
2026,3,F,DEN,15404,0.00,0.17,6.28,0.00,0.00,0.00,0.00,0.75,0.00,3.44,45.83,0.18
2026,3,F,NE,18517,0.00,8.15,2.11,0.00,0.00,0.00,0.00,32.79,0.27,1.46,7.11,0.02
2026,3,F,CAR,18547,0.00,0.06,7.09,0.00,0.00,0.00,0.00,0.26,0.00,2.99,46.81,0.17
2026,3,F,ATL,15868,0.00,0.05,6.80,0.00,0.00,0.00,0.00,0.13,0.00,3.39,42.64,0.21
2026,3,F,CLE,18516,0.00,11.60,1.55,0.00,0.00,0.00,0.00,35.34,0.23,1.19,5.15,0.01
2026,3,F,CIN,14506,0.00,0.05,4.93,0.00,0.00,0.00,0.00,0.17,0.00,2.51,38.76,0.24
2026,3,F,CAR,17976,0.00,0.06,5.23,0.00,0.00,0.00,0.00,0.26,0.00,3.24,37.93,0.25
2026,3,F,NO,15385,0.00,11.07,1.80,0.00,0.00,0.00,0.00,35.24,0.05,1.29,7.19,0.11
2026,3,F,SF,9253,0.00,0.00,4.66,0.00,0.00,0.00,0.00,0.00,0.00,2.37,33.81,0.29
2026,3,F,PIT,13424,0.00,0.14,6.05,0.00,0.00,0.00,0.00,0.61,0.01,2.62,39.85,0.16
2026,3,F,LAR,9455,0.00,0.00,8.22,0.00,0.00,0.00,0.00,0.00,0.00,3.26,39.75,0.18
2026,3,F,LAC,17724,0.00,0.07,5.96,0.00,0.00,0.00,0.00,0.35,0.00,3.04,39.37,0.16
2026,3,F,GB,16649,0.00,0.00,4.52,0.00,0.00,0.00,0.00,0.00,0.00,2.72,33.01,0.27
2026,3,F,DEN,14418,0.00,8.96,0.78,0.00,0.00,0.00,0.00,39.62,0.10,0.61,2.25,0.02
2026,3,F,LAR,17690,0.00,9.25,0.85,0.00,0.00,0.00,0.00,36.09,0.17,0.50,1.77,0.00
2026,3,F,JAX,18524,0.00,8.64,1.66,0.00,0.00,0.00,0.00,27.73,0.18,1.05,6.12,0.05
2026,3,F,NYG,17704,0.00,0.14,6.04,0.00,0.00,0.00,0.00,0.40,0.00,2.89,40.18,0.11
2026,3,F,NE,15372,0.00,5.94,1.91,0.00,0.00,0.00,0.00,25.62,0.16,1.48,9.54,0.04
2026,3,F,BAL,12559,0.00,0.15,4.55,0.00,0.00,0.00,0.00,0.60,0.00,3.27,34.53,0.19
2026,3,F,LV,17693,0.00,0.18,5.83,0.00,0.00,0.00,0.00,0.43,0.00,4.11,33.43,0.21
2026,3,F,SF,13429,0.00,0.40,4.51,0.00,0.00,0.00,0.00,2.00,0.02,2.77,33.46,0.16
2026,3,F,BUF,16697,0.00,0.00,4.91,0.00,0.00,0.00,0.00,0.00,0.00,3.09,38.45,0.13
2026,3,F,KC,16963,0.00,0.37,4.09,0.00,0.00,0.00,0.00,1.25,0.01,2.66,29.94,0.23
2026,3,F,KC,8783,0.00,0.00,4.72,0.00,0.00,0.00,0.00,0.00,0.00,3.33,34.45,0.18
2026,3,F,GB,17795,0.00,6.80,1.68,0.00,0.00,0.00,0.00,24.86,0.15,1.15,7.09,0.07
2026,3,F,KC,17687,0.00,0.85,4.56,0.00,0.00,0.00,0.00,4.14,0.04,2.21,27.55,0.17
2026,3,F,BAL,16919,0.00,0.15,3.04,0.00,0.00,0.00,0.00,0.80,0.01,2.00,32.64,0.16
2026,3,F,JAX,16690,0.00,0.39,4.33,0.00,0.00,0.00,0.00,0.73,0.00,2.37,33.86,0.15
2026,3,F,MIN,11763,0.00,8.31,1.52,0.00,0.00,0.00,0.00,27.03,0.13,1.15,6.25,0.03
2026,3,F,DET,17033,0.00,0.05,4.33,0.00,0.00,0.00,0.00,0.19,0.00,2.89,29.99,0.21
2026,3,F,ARI,16957,0.00,0.04,4.76,0.00,0.00,0.00,0.00,0.13,0.00,2.32,32.24,0.17
2026,3,F,MIN,16895,0.00,0.23,4.80,0.00,0.00,0.00,0.00,1.79,0.01,2.19,30.70,0.15
2026,3,F,DEN,12586,0.00,0.00,4.72,0.00,0.00,0.00,0.00,0.00,0.00,2.25,31.29,0.17
2026,3,F,DEN,18522,0.00,6.14,2.05,0.00,0.00,0.00,0.00,20.08,0.13,1.51,9.29,0.07
2026,3,F,SF,11892,0.00,0.00,3.31,0.00,0.00,0.00,0.00,0.00,0.00,2.41,27.17,0.23
2026,3,F,CHI,18548,0.00,0.54,4.94,0.00,0.00,0.00,0.00,1.86,0.00,3.08,38.47,0.01
2026,3,F,NO,14630,0.00,0.00,4.67,0.00,0.00,0.00,0.00,0.00,0.00,3.12,33.22,0.12
2026,3,F,HOU,12514,0.00,0.00,5.24,0.00,0.00,0.00,0.00,0.00,0.00,3.52,34.57,0.08
2026,3,F,NYG,16033,0.00,0.00,4.03,0.00,0.00,0.00,0.00,0.00,0.00,2.89,31.42,0.13
2026,3,F,LAC,16899,0.00,0.13,4.87,0.00,0.00,0.00,0.00,0.50,0.00,1.96,30.16,0.14
2026,3,F,BAL,15210,0.00,0.03,3.95,0.00,0.00,0.00,0.00,0.13,0.00,1.96,29.63,0.15
2026,3,F,ATL,15265,0.00,0.00,4.09,0.00,0.00,0.00,0.00,0.00,0.00,2.55,27.13,0.18
2026,3,F,TB,11718,0.00,0.04,4.56,0.00,0.00,0.00,0.00,0.15,0.00,2.82,29.83,0.13
2026,3,F,TB,18549,0.00,0.20,5.54,0.00,0.00,0.00,0.00,0.55,0.00,2.13,29.70,0.10
2026,3,F,BUF,15892,0.00,0.08,5.23,0.00,0.00,0.00,0.00,0.27,0.00,3.26,34.35,0.02
2026,3,F,CHI,18520,0.00,8.42,1.08,0.00,0.00,0.00,0.00,31.38,0.01,0.67,3.76,0.00
2026,3,F,IND,16689,0.00,0.03,5.11,0.00,0.00,0.00,0.00,0.07,0.00,2.71,30.16,0.09
2026,3,F,NE,10735,0.00,0.00,4.26,0.00,0.00,0.00,0.00,0.00,0.00,2.88,27.62,0.13
2026,3,F,WAS,13536,0.00,0.04,4.96,0.00,0.00,0.00,0.00,0.12,0.00,2.36,30.53,0.07
2026,3,F,GB,18500,0.00,0.10,5.04,0.00,0.00,0.00,0.00,0.37,0.00,2.26,27.82,0.11
2026,3,F,NE,16027,0.00,0.00,3.97,0.00,0.00,0.00,0.00,0.00,0.00,2.09,29.78,0.08
2026,3,F,DAL,15947,0.00,0.00,4.71,0.00,0.00,0.00,0.00,0.00,0.00,3.07,25.57,0.15
2026,3,F,CLE,19298,0.00,0.10,4.07,0.00,0.00,0.00,0.00,0.38,0.00,2.04,25.68,0.14
2026,3,F,IND,18534,0.00,0.11,5.64,0.00,0.00,0.00,0.00,0.27,0.00,3.23,24.32,0.16
2026,3,F,TEN,16941,0.00,4.59,1.88,0.00,0.00,0.00,0.00,19.06,0.13,1.50,7.28,0.00
2026,3,F,CLE,18472,0.00,0.14,4.36,0.00,0.00,0.00,0.00,0.40,0.01,2.70,23.57,0.15
2026,3,F,JAX,17017,0.00,0.00,3.97,0.00,0.00,0.00,0.00,0.00,0.00,2.70,24.48,0.15
2026,3,F,HOU,16795,0.00,0.00,3.70,0.00,0.00,0.00,0.00,0.00,0.00,1.78,28.04,0.09
2026,3,F,JAX,17716,0.00,0.16,4.14,0.00,0.00,0.00,0.00,0.70,0.00,1.96,26.55,0.09
2026,3,F,TB,15222,0.00,4.87,1.91,0.00,0.00,0.00,0.00,16.23,0.11,1.37,8.07,0.02
2026,3,F,MIN,13610,0.00,0.00,3.96,0.00,0.00,0.00,0.00,0.00,0.00,2.69,24.86,0.12
2026,3,F,SEA,17811,0.00,0.46,2.74,0.00,0.00,0.00,0.00,1.46,0.02,1.89,18.97,0.17
2026,3,F,CHI,18460,0.00,0.04,3.88,0.00,0.00,0.00,0.00,0.10,0.00,2.26,22.28,0.15
2026,3,F,PIT,15267,0.00,0.00,3.64,0.00,0.00,0.00,0.00,0.00,0.00,2.49,24.52,0.11
2026,3,F,MIA,17863,0.00,0.71,4.29,0.00,0.00,0.00,0.00,2.93,0.03,2.37,22.08,0.07
2026,3,F,LV,16694,0.00,0.36,4.06,0.00,0.00,0.00,0.00,1.26,0.00,1.85,24.04,0.09
2026,3,F,PIT,14378,0.00,0.01,3.97,0.00,0.00,0.00,0.00,0.07,0.00,2.33,26.11,0.07
2026,3,F,WAS,18811,0.00,6.27,0.91,0.00,0.00,0.00,0.00,18.70,0.15,0.61,2.44,0.00
2026,3,F,WAS,10133,0.00,0.00,3.98,0.00,0.00,0.00,0.00,0.00,0.00,2.30,23.77,0.10
2026,3,F,JAX,13517,0.00,0.21,4.02,0.00,0.00,0.00,0.00,0.79,0.00,2.37,25.08,0.06
2026,3,F,SEA,16560,0.00,0.53,2.74,0.00,0.00,0.00,0.00,3.05,0.01,1.37,20.49,0.08
2026,3,F,HOU,16932,0.00,0.06,4.01,0.00,0.00,0.00,0.00,0.25,0.00,1.74,25.14,0.03
2026,3,F,MIN,14376,0.00,0.00,2.54,0.00,0.00,0.00,0.00,0.00,0.00,1.35,16.74,0.17
2026,3,F,LAC,16810,0.00,3.64,0.81,0.00,0.00,0.00,0.00,18.65,0.08,0.55,3.19,0.00
2026,3,F,TEN,15838,0.00,0.18,4.54,0.00,0.00,0.00,0.00,0.81,0.00,2.53,24.52,0.02
2026,3,F,LAC,18481,0.00,0.00,2.98,0.00,0.00,0.00,0.00,0.00,0.00,1.70,20.48,0.09
2026,3,F,CLE,19242,0.00,0.47,3.79,0.00,0.00,0.00,0.00,1.65,0.02,2.18,19.15,0.06
2026,3,F,ARI,17674,0.00,0.00,3.74,0.00,0.00,0.00,0.00,0.00,0.00,1.37,20.84,0.08
2026,3,F,CAR,10215,0.00,0.00,2.89,0.00,0.00,0.00,0.00,0.00,0.00,1.75,15.94,0.16
2026,3,F,CHI,17020,0.00,0.04,4.04,0.00,0.00,0.00,0.00,0.15,0.00,1.75,24.29,0.01
2026,3,F,NO,11732,0.00,3.88,1.67,0.00,0.00,0.00,0.00,11.68,0.10,1.32,5.54,0.01
2026,3,F,NO,17975,0.00,0.04,2.57,0.00,0.00,0.00,0.00,0.16,0.00,1.53,15.62,0.12
2026,3,F,TB,16032,0.00,0.00,3.65,0.00,0.00,0.00,0.00,0.00,0.00,2.23,19.56,0.05
2026,3,F,SEA,11863,0.00,0.03,2.15,0.00,0.00,0.00,0.00,0.14,0.00,1.20,17.09,0.08
2026,3,F,HOU,18555,0.00,0.06,2.16,0.00,0.00,0.00,0.00,0.16,0.00,1.17,16.86,0.08
2026,3,F,TEN,19268,0.00,0.08,4.60,0.00,0.00,0.00,0.00,0.29,0.00,2.07,20.69,0.01
2026,3,F,ATL,15907,0.00,4.28,0.63,0.00,0.00,0.00,0.00,14.08,0.06,0.43,2.53,0.02
2026,3,F,LV,16025,0.00,0.18,2.59,0.00,0.00,0.00,0.00,0.47,0.00,1.19,15.43,0.09
2026,3,F,HOU,18449,0.00,4.81,0.90,0.00,0.00,0.00,0.00,13.67,0.03,0.58,3.93,0.02
2026,3,F,DAL,17974,0.00,0.14,2.49,0.00,0.00,0.00,0.00,0.51,0.00,1.50,16.46,0.06
2026,3,F,GB,16741,0.00,3.38,0.97,0.00,0.00,0.00,0.00,13.74,0.04,0.64,3.08,0.02
2026,3,F,CLE,14458,0.00,0.05,3.49,0.00,0.00,0.00,0.00,0.22,0.00,1.69,18.78,0.02
2026,3,F,BAL,13427,0.00,1.41,1.52,0.00,0.00,0.00,0.00,6.07,0.04,1.16,9.00,0.04
2026,3,F,ARI,15976,0.00,4.54,0.46,0.00,0.00,0.00,0.00,14.82,0.05,0.38,1.97,0.00
2026,3,F,DEN,18562,0.00,0.07,2.85,0.00,0.00,0.00,0.00,0.34,0.00,1.49,15.65,0.06
2026,3,F,BUF,17732,0.00,0.03,2.29,0.00,0.00,0.00,0.00,0.11,0.00,1.14,15.31,0.06
2026,3,F,SEA,17593,0.00,3.45,0.30,0.00,0.00,0.00,0.00,14.31,0.04,0.24,1.57,0.01
2026,3,F,PHI,16705,0.00,2.61,0.39,0.00,0.00,0.00,0.00,10.87,0.10,0.23,1.80,0.00
2026,3,F,PHI,16658,0.00,0.02,2.09,0.00,0.00,0.00,0.00,0.10,0.00,1.14,15.60,0.05
2026,3,F,SEA,17968,0.00,2.30,1.22,0.00,0.00,0.00,0.00,8.09,0.04,0.77,5.97,0.03
2026,3,F,JAX,16933,0.00,3.23,0.14,0.00,0.00,0.00,0.00,12.03,0.09,0.09,0.59,0.00
2026,3,F,LAR,18497,0.00,0.00,3.29,0.00,0.00,0.00,0.00,0.00,0.00,1.23,12.27,0.09
2026,3,F,BUF,13466,0.00,0.00,1.73,0.00,0.00,0.00,0.00,0.00,0.00,1.05,10.81,0.11
2026,3,F,CHI,11429,0.00,0.15,2.09,0.00,0.00,0.00,0.00,0.64,0.00,1.40,14.33,0.03
2026,3,F,NYJ,17702,0.00,2.89,0.21,0.00,0.00,0.00,0.00,10.33,0.09,0.15,0.86,0.00
2026,3,F,CIN,12764,0.00,0.00,2.04,0.00,0.00,0.00,0.00,0.00,0.00,1.31,12.90,0.06
2026,3,F,NYJ,19279,0.00,0.02,2.58,0.00,0.00,0.00,0.00,0.09,0.00,1.55,13.34,0.05
2026,3,F,MIA,15891,0.00,0.00,2.00,0.00,0.00,0.00,0.00,0.00,0.00,1.32,13.97,0.04
2026,3,F,TEN,18503,0.00,0.00,2.50,0.00,0.00,0.00,0.00,0.00,0.00,1.78,12.90,0.05
2026,3,F,NYG,15468,0.00,3.37,0.29,0.00,0.00,0.00,0.00,11.32,0.05,0.22,1.44,0.00
2026,3,F,ARI,11847,0.00,0.00,2.04,0.00,0.00,0.00,0.00,0.00,0.00,1.23,13.50,0.03
2026,3,F,CLE,18526,0.00,2.60,1.16,0.00,0.00,0.00,0.00,8.26,0.02,0.84,4.55,0.02
2026,3,F,GB,16005,0.00,0.16,2.35,0.00,0.00,0.00,0.00,0.75,0.00,1.02,11.56,0.04
2026,3,F,MIN,14410,0.00,2.22,0.91,0.00,0.00,0.00,0.00,7.82,0.03,0.73,3.64,0.02
2026,3,F,PIT,17043,0.00,0.00,2.32,0.00,0.00,0.00,0.00,0.00,0.00,1.10,11.91,0.04
2026,3,F,KC,19240,0.00,2.35,0.36,0.00,0.00,0.00,0.00,7.76,0.06,0.27,2.21,0.01
2026,3,F,WAS,15802,0.00,2.28,2.26,0.00,0.00,0.00,0.00,7.00,0.00,1.82,6.95,0.00
2026,3,F,HOU,16847,0.00,0.03,1.54,0.00,0.00,0.00,0.00,0.11,0.00,0.89,10.90,0.05
2026,3,F,TB,19320,0.00,0.06,2.74,0.00,0.00,0.00,0.00,0.20,0.00,0.95,12.53,0.02
2026,3,F,PIT,13484,0.00,2.20,0.33,0.00,0.00,0.00,0.00,9.62,0.03,0.24,1.69,0.01
2026,3,F,NYG,19313,0.00,0.05,2.01,0.00,0.00,0.00,0.00,0.15,0.00,0.90,12.20,0.02
2026,3,F,MIA,19309,0.00,0.03,2.29,0.00,0.00,0.00,0.00,0.10,0.00,0.89,12.13,0.02
2026,3,F,LAC,18478,0.00,0.09,2.07,0.00,0.00,0.00,0.00,0.37,0.00,0.98,11.70,0.01
2026,3,F,CAR,14370,0.00,2.60,0.32,0.00,0.00,0.00,0.00,8.84,0.03,0.25,1.19,0.01
2026,3,F,SEA,17772,0.00,0.05,1.22,0.00,0.00,0.00,0.00,0.22,0.00,0.61,8.45,0.06
2026,3,F,LAR,14463,0.00,0.00,1.64,0.00,0.00,0.00,0.00,0.00,0.00,0.93,7.89,0.07
2026,3,F,NYJ,17977,0.00,0.12,1.93,0.00,0.00,0.00,0.00,0.64,0.00,1.28,9.59,0.03
2026,3,F,PHI,19231,0.00,0.09,2.34,0.00,0.00,0.00,0.00,0.30,0.00,1.47,10.39,0.02
2026,3,F,PIT,16701,0.00,1.71,0.03,0.00,0.00,0.00,0.00,8.40,0.05,0.02,0.18,0.00
2026,3,F,IND,8627,0.00,0.00,2.08,0.00,0.00,0.00,0.00,0.00,0.00,1.18,10.97,0.01
2026,3,F,ATL,13833,0.00,0.16,1.79,0.00,0.00,0.00,0.00,0.60,0.00,0.82,8.54,0.04
2026,3,F,DAL,13894,0.00,0.70,0.78,0.00,0.00,0.00,0.00,3.01,0.02,0.42,5.98,0.02
2026,3,F,NYG,14510,0.00,0.05,1.48,0.00,0.00,0.00,0.00,0.17,0.00,0.63,10.61,0.01
2026,3,F,TEN,12616,0.00,0.03,1.53,0.00,0.00,0.00,0.00,0.16,0.00,0.68,9.85,0.02
2026,3,F,NE,16751,0.00,0.30,1.54,0.00,0.00,0.00,0.00,0.93,0.00,0.91,9.43,0.01
2026,3,F,IND,10739,0.00,0.00,1.78,0.00,0.00,0.00,0.00,0.00,0.00,0.43,9.71,0.02
2026,3,F,NO,19319,0.00,0.00,1.67,0.00,0.00,0.00,0.00,0.00,0.00,0.82,7.81,0.04
2026,3,F,DET,18642,0.00,0.03,1.07,0.00,0.00,0.00,0.00,0.13,0.00,0.48,7.00,0.05
2026,3,F,CIN,11698,0.00,2.14,0.37,0.00,0.00,0.00,0.00,6.61,0.03,0.29,1.72,0.00
2026,3,F,NYG,17021,0.00,0.00,1.22,0.00,0.00,0.00,0.00,0.00,0.00,0.69,8.92,0.02
2026,3,F,TEN,18518,0.00,2.02,0.06,0.00,0.00,0.00,0.00,7.36,0.04,0.04,0.25,0.00
2026,3,F,CIN,19247,0.00,0.04,1.02,0.00,0.00,0.00,0.00,0.15,0.00,0.60,7.19,0.04
2026,3,F,DEN,11805,0.00,0.00,1.39,0.00,0.00,0.00,0.00,0.00,0.00,0.92,7.72,0.03
2026,3,F,LV,16666,0.00,0.00,1.94,0.00,0.00,0.00,0.00,0.00,0.00,1.20,8.92,0.01
2026,3,F,WAS,19237,0.00,0.08,1.97,0.00,0.00,0.00,0.00,0.23,0.00,0.88,8.00,0.02
2026,3,F,PIT,16889,0.00,0.00,1.32,0.00,0.00,0.00,0.00,0.00,0.00,0.84,8.17,0.02
2026,3,F,BUF,17792,0.00,1.71,0.16,0.00,0.00,0.00,0.00,6.73,0.02,0.12,0.91,0.01
2026,3,F,CHI,14436,0.00,0.00,1.59,0.00,0.00,0.00,0.00,0.00,0.00,0.94,7.40,0.03
2026,3,F,KC,15831,0.00,0.00,0.86,0.00,0.00,0.00,0.00,0.00,0.00,0.44,6.73,0.04
2026,3,F,TEN,18552,0.00,0.00,1.30,0.00,0.00,0.00,0.00,0.00,0.00,0.47,7.20,0.03
2026,3,F,SF,17008,0.00,0.03,0.90,0.00,0.00,0.00,0.00,0.13,0.00,0.51,6.42,0.04
2026,3,F,LV,19300,0.00,2.43,0.30,0.00,0.00,0.00,0.00,7.14,0.01,0.16,1.02,0.00
2026,3,F,MIA,18450,0.00,2.65,0.29,0.00,0.00,0.00,0.00,4.64,0.05,0.20,1.08,0.00
2026,3,F,DAL,15990,0.00,1.73,0.36,0.00,0.00,0.00,0.00,5.53,0.03,0.26,1.34,0.00
2026,3,F,LAR,17688,0.00,0.07,1.64,0.00,0.00,0.00,0.00,0.25,0.00,0.89,7.52,0.01
2026,3,F,KC,15459,0.00,0.00,0.95,0.00,0.00,0.00,0.00,0.00,0.00,0.63,5.83,0.04
2026,3,F,SEA,18540,0.00,0.00,0.91,0.00,0.00,0.00,0.00,0.00,0.00,0.54,6.28,0.03
2026,3,F,NE,19126,0.00,0.03,1.27,0.00,0.00,0.00,0.00,0.08,0.00,0.51,5.96,0.03
2026,3,F,MIN,13786,0.00,0.00,0.90,0.00,0.00,0.00,0.00,0.00,0.00,0.60,5.95,0.03
2026,3,F,MIA,16010,0.00,0.00,1.14,0.00,0.00,0.00,0.00,0.00,0.00,0.51,6.42,0.02
2026,3,F,SF,19607,0.00,1.36,0.23,0.00,0.00,0.00,0.00,5.12,0.01,0.18,1.06,0.01
2026,3,F,MIA,19322,0.00,0.00,1.43,0.00,0.00,0.00,0.00,0.00,0.00,0.56,6.71,0.01
2026,3,F,BUF,13587,0.00,1.14,0.33,0.00,0.00,0.00,0.00,3.96,0.02,0.21,1.51,0.01
2026,3,F,DET,17760,0.00,1.64,0.03,0.00,0.00,0.00,0.00,5.74,0.02,0.01,0.15,0.00
2026,3,F,ATL,15850,0.00,0.01,1.10,0.00,0.00,0.00,0.00,0.05,0.00,0.45,5.14,0.03
2026,3,F,LV,18457,0.00,0.04,0.97,0.00,0.00,0.00,0.00,0.16,0.00,0.51,5.68,0.02
2026,3,F,MIN,19234,0.00,1.39,0.30,0.00,0.00,0.00,0.00,3.88,0.02,0.23,1.31,0.01
2026,3,F,BAL,19364,0.00,0.00,0.76,0.00,0.00,0.00,0.00,0.00,0.00,0.47,5.55,0.02
2026,3,F,CLE,18502,0.00,0.13,0.80,0.00,0.00,0.00,0.00,0.52,0.00,0.31,5.07,0.02
2026,3,F,PHI,12316,0.00,0.00,1.14,0.00,0.00,0.00,0.00,0.00,0.00,0.68,6.08,0.01
2026,3,F,NYG,17967,0.00,1.23,0.29,0.00,0.00,0.00,0.00,4.60,0.01,0.20,1.47,0.00
2026,3,F,GB,11807,0.00,0.00,0.97,0.00,0.00,0.00,0.00,0.00,0.00,0.61,4.80,0.03
2026,3,F,ATL,19262,0.00,0.08,1.10,0.00,0.00,0.00,0.00,0.24,0.00,0.65,5.20,0.02
2026,3,F,JAX,10126,0.00,1.11,0.33,0.00,0.00,0.00,0.00,3.99,0.01,0.27,1.28,0.01
2026,3,F,MIA,19450,0.00,0.00,1.09,0.00,0.00,0.00,0.00,0.00,0.00,0.72,5.85,0.01
2026,3,F,NO,13426,0.00,0.00,0.64,0.00,0.00,0.00,0.00,0.00,0.00,0.42,3.44,0.05
2026,3,F,CIN,19447,0.00,0.03,1.02,0.00,0.00,0.00,0.00,0.07,0.00,0.63,5.08,0.02
2026,3,F,CAR,15371,0.00,0.00,1.02,0.00,0.00,0.00,0.00,0.00,0.00,0.65,4.48,0.03
2026,3,F,DEN,14541,0.00,0.00,0.74,0.00,0.00,0.00,0.00,0.00,0.00,0.47,4.38,0.03
2026,3,F,JAX,19448,0.00,0.00,0.70,0.00,0.00,0.00,0.00,0.00,0.00,0.47,4.31,0.03
2026,3,F,NE,11861,0.00,0.04,0.95,0.00,0.00,0.00,0.00,0.15,0.00,0.53,5.86,0.00
2026,3,F,TEN,16036,0.00,0.00,0.72,0.00,0.00,0.00,0.00,0.00,0.00,0.49,4.67,0.02
2026,3,F,PIT,19263,0.00,0.02,0.99,0.00,0.00,0.00,0.00,0.11,0.00,0.42,5.05,0.01
2026,3,F,LAR,10854,0.00,0.00,0.87,0.00,0.00,0.00,0.00,0.00,0.00,0.50,4.51,0.02
2026,3,F,CLE,17130,0.00,0.00,0.87,0.00,0.00,0.00,0.00,0.00,0.00,0.49,3.92,0.03
2026,3,F,NYG,9255,0.00,0.00,0.58,0.00,0.00,0.00,0.00,0.00,0.00,0.33,4.35,0.02
2026,3,F,CLE,17319,0.00,0.57,0.29,0.00,0.00,0.00,0.00,2.68,0.02,0.20,1.00,0.01
2026,3,F,BUF,15447,0.00,0.00,0.65,0.00,0.00,0.00,0.00,0.00,0.00,0.32,4.78,0.01
2026,3,F,TB,17763,0.00,0.03,0.61,0.00,0.00,0.00,0.00,0.11,0.00,0.31,4.03,0.02
2026,3,F,SF,9260,0.00,0.00,0.60,0.00,0.00,0.00,0.00,0.00,0.00,0.29,4.13,0.02
2026,3,F,CIN,13809,0.00,0.00,0.73,0.00,0.00,0.00,0.00,0.00,0.00,0.51,4.01,0.02
2026,3,F,MIN,18553,0.00,0.03,0.68,0.00,0.00,0.00,0.00,0.13,0.00,0.51,3.88,0.02
2026,3,F,WAS,18160,0.00,0.00,0.85,0.00,0.00,0.00,0.00,0.00,0.00,0.49,4.00,0.02
2026,3,F,LAC,18251,0.00,0.00,0.66,0.00,0.00,0.00,0.00,0.00,0.00,0.42,3.94,0.02
2026,3,F,ATL,10748,0.00,0.00,0.69,0.00,0.00,0.00,0.00,0.00,0.00,0.42,3.91,0.02
2026,3,F,CAR,17330,0.00,0.01,0.64,0.00,0.00,0.00,0.00,0.06,0.00,0.42,3.72,0.02
2026,3,F,SF,15566,0.00,0.00,0.60,0.00,0.00,0.00,0.00,0.00,0.00,0.47,3.67,0.02
2026,3,F,IND,19303,0.00,1.20,0.23,0.00,0.00,0.00,0.00,2.83,0.02,0.13,0.80,0.00
2026,3,F,LAR,17467,0.00,0.09,0.66,0.00,0.00,0.00,0.00,0.37,0.00,0.31,4.38,0.00
2026,3,F,JAX,19321,0.00,0.14,0.66,0.00,0.00,0.00,0.00,0.44,0.00,0.29,3.05,0.02
2026,3,F,TB,18484,0.00,0.06,0.61,0.00,0.00,0.00,0.00,0.13,0.00,0.25,3.37,0.02
2026,3,F,SF,18647,0.00,0.00,0.54,0.00,0.00,0.00,0.00,0.00,0.00,0.31,3.24,0.02
2026,3,F,JAX,19349,0.00,0.00,0.59,0.00,0.00,0.00,0.00,0.00,0.00,0.35,3.16,0.02
2026,3,F,BAL,10994,0.00,0.00,0.46,0.00,0.00,0.00,0.00,0.00,0.00,0.21,3.81,0.01
2026,3,F,DET,15681,0.00,0.00,0.58,0.00,0.00,0.00,0.00,0.00,0.00,0.41,3.23,0.02
2026,3,F,TEN,18641,0.00,0.13,0.63,0.00,0.00,0.00,0.00,0.38,0.00,0.35,3.17,0.01
2026,3,F,JAX,18578,0.00,0.11,0.66,0.00,0.00,0.00,0.00,0.32,0.00,0.31,3.12,0.01
2026,3,F,GB,18515,0.00,0.54,0.32,0.00,0.00,0.00,0.00,1.63,0.01,0.19,1.08,0.01
2026,3,F,WAS,15289,0.00,0.00,0.78,0.00,0.00,0.00,0.00,0.00,0.00,0.47,3.24,0.01
2026,3,F,NO,19431,0.00,0.55,0.33,0.00,0.00,0.00,0.00,1.53,0.01,0.20,1.08,0.01
2026,3,F,ARI,16959,0.00,0.00,0.54,0.00,0.00,0.00,0.00,0.00,0.00,0.39,3.18,0.01
2026,3,F,DAL,16855,0.00,0.00,0.52,0.00,0.00,0.00,0.00,0.00,0.00,0.34,3.06,0.01
2026,3,F,CAR,16069,0.00,0.00,0.64,0.00,0.00,0.00,0.00,0.01,0.00,0.35,2.95,0.01
2026,3,F,BAL,18567,0.00,0.04,0.30,0.00,0.00,0.00,0.00,0.21,0.00,0.19,2.67,0.01
2026,3,F,NYJ,10988,0.00,0.00,0.48,0.00,0.00,0.00,0.00,0.00,0.00,0.29,2.78,0.01
2026,3,F,LAC,17821,0.00,0.50,0.23,0.00,0.00,0.00,0.00,1.91,0.01,0.14,0.88,0.00
2026,3,F,WAS,17833,0.00,0.00,0.85,0.00,0.00,0.00,0.00,0.00,0.00,0.55,3.42,0.00
2026,3,F,PHI,17802,0.00,0.48,0.48,0.00,0.00,0.00,0.00,1.29,0.00,0.34,2.11,0.00
2026,3,F,BAL,19426,0.00,0.00,0.37,0.00,0.00,0.00,0.00,0.00,0.00,0.24,2.81,0.01
2026,3,F,DET,17584,0.00,0.27,0.13,0.00,0.00,0.00,0.00,1.18,0.01,0.10,0.78,0.01
2026,3,F,DEN,15893,0.00,0.27,0.40,0.00,0.00,0.00,0.00,1.07,0.00,0.27,1.48,0.01
2026,3,F,WAS,15274,0.00,0.05,0.85,0.00,0.00,0.00,0.00,0.16,0.00,0.34,3.05,0.00
2026,3,F,JAX,18476,0.00,0.28,0.50,0.00,0.00,0.00,0.00,0.84,0.00,0.35,1.64,0.01
2026,3,F,KC,18550,0.00,0.04,0.31,0.00,0.00,0.00,0.00,0.16,0.00,0.15,1.76,0.02
2026,3,F,BAL,12807,0.00,0.00,0.35,0.00,0.00,0.00,0.00,0.00,0.00,0.24,2.51,0.01
2026,3,F,NE,18889,0.00,0.00,0.32,0.00,0.00,0.00,0.00,0.00,0.00,0.18,2.37,0.01
2026,3,F,CIN,17696,0.00,0.00,0.37,0.00,0.00,0.00,0.00,0.00,0.00,0.26,2.31,0.01
2026,3,F,CHI,19357,0.00,0.00,0.76,0.00,0.00,0.00,0.00,0.00,0.00,0.40,2.80,0.00
2026,3,F,CHI,18938,0.00,0.00,0.32,0.00,0.00,0.00,0.00,0.00,0.00,0.14,1.59,0.02
2026,3,F,NO,18544,0.00,0.00,0.42,0.00,0.00,0.00,0.00,0.00,0.00,0.29,2.15,0.01
2026,3,F,HOU,13822,0.00,0.00,0.31,0.00,0.00,0.00,0.00,0.00,0.00,0.22,2.12,0.01
2026,3,F,WAS,18533,0.00,0.77,0.28,0.00,0.00,0.00,0.00,1.93,0.00,0.17,0.80,0.00
2026,3,F,NE,16931,0.00,0.00,0.32,0.00,0.00,0.00,0.00,0.00,0.00,0.22,2.13,0.01
2026,3,F,DEN,17719,0.00,0.08,0.33,0.00,0.00,0.00,0.00,0.27,0.00,0.17,1.86,0.01
2026,3,F,IND,12196,0.00,0.00,0.40,0.00,0.00,0.00,0.00,0.00,0.00,0.23,2.01,0.01
2026,3,F,BUF,18538,0.00,0.00,0.33,0.00,0.00,0.00,0.00,0.00,0.00,0.21,1.98,0.01
2026,3,F,PHI,17218,0.00,0.00,0.29,0.00,0.00,0.00,0.00,0.00,0.00,0.19,1.88,0.01
2026,3,F,DAL,17908,0.00,0.00,0.44,0.00,0.00,0.00,0.00,0.00,0.00,0.26,2.48,0.00
2026,3,F,NYJ,15996,0.00,0.00,0.42,0.00,0.00,0.00,0.00,0.00,0.00,0.28,1.80,0.01
2026,3,F,NYJ,19668,0.00,0.00,0.32,0.00,0.00,0.00,0.00,0.00,0.00,0.17,1.75,0.01
2026,3,F,LAR,17081,0.00,0.03,0.99,0.00,0.00,0.00,0.00,0.11,0.00,0.30,2.29,0.00
2026,3,F,CAR,12216,0.00,0.00,0.32,0.00,0.00,0.00,0.00,0.00,0.00,0.16,1.71,0.01
2026,3,F,DEN,16992,0.00,0.00,0.33,0.00,0.00,0.00,0.00,0.00,0.00,0.21,1.72,0.01
2026,3,F,KC,18529,0.00,0.31,0.13,0.00,0.00,0.00,0.00,0.99,0.00,0.09,0.57,0.01
2026,3,F,SF,18485,0.00,0.30,0.03,0.00,0.00,0.00,0.00,1.41,0.01,0.02,0.18,0.00
2026,3,F,NYJ,15821,0.00,0.00,0.32,0.00,0.00,0.00,0.00,0.00,0.00,0.16,1.64,0.01
2026,3,F,NYJ,17057,0.00,0.24,0.06,0.00,0.00,0.00,0.00,1.08,0.01,0.05,0.31,0.00
2026,3,F,NO,16026,0.00,0.00,0.33,0.00,0.00,0.00,0.00,0.00,0.00,0.16,1.38,0.01
2026,3,F,HOU,19352,0.00,0.00,0.31,0.00,0.00,0.00,0.00,0.00,0.00,0.21,1.97,0.00
2026,3,F,LAC,16939,0.00,0.09,0.33,0.00,0.00,0.00,0.00,0.42,0.00,0.17,1.44,0.00
2026,3,F,CAR,18545,0.00,0.00,0.37,0.00,0.00,0.00,0.00,0.00,0.00,0.22,1.86,0.00
2026,3,F,HOU,17794,0.00,0.10,0.31,0.00,0.00,0.00,0.00,0.26,0.00,0.20,1.62,0.00
2026,3,F,DET,15918,0.00,0.00,0.17,0.00,0.00,0.00,0.00,0.00,0.00,0.10,1.25,0.01
2026,3,F,ATL,14608,0.00,0.00,0.32,0.00,0.00,0.00,0.00,0.00,0.00,0.21,1.34,0.01
2026,3,F,TB,18307,0.00,0.04,0.21,0.00,0.00,0.00,0.00,0.14,0.00,0.09,1.05,0.01
2026,3,F,PHI,18958,0.00,0.00,0.29,0.00,0.00,0.00,0.00,0.00,0.00,0.17,1.76,0.00
2026,3,F,LAC,12934,0.00,0.00,0.40,0.00,0.00,0.00,0.00,0.00,0.00,0.13,1.71,0.00
2026,3,F,BAL,17728,0.00,0.03,0.17,0.00,0.00,0.00,0.00,0.16,0.00,0.08,1.51,0.00
2026,3,F,JAX,15460,0.00,0.00,0.24,0.00,0.00,0.00,0.00,0.00,0.00,0.14,1.07,0.01
2026,3,F,KC,19631,0.00,0.00,0.20,0.00,0.00,0.00,0.00,0.00,0.00,0.10,1.13,0.01
2026,3,F,SEA,11897,0.00,0.00,0.19,0.00,0.00,0.00,0.00,0.00,0.00,0.11,0.99,0.01
2026,3,F,CIN,18519,0.00,0.56,0.05,0.00,0.00,0.00,0.00,1.17,0.00,0.04,0.22,0.00
2026,3,F,GB,16866,0.00,0.00,0.16,0.00,0.00,0.00,0.00,0.00,0.00,0.11,0.74,0.01
2026,3,F,LAR,17030,0.00,0.00,0.35,0.00,0.00,0.00,0.00,0.00,0.00,0.20,1.33,0.00
2026,3,F,LV,19432,0.00,0.00,0.32,0.00,0.00,0.00,0.00,0.00,0.00,0.16,1.30,0.00
2026,3,F,CHI,16772,0.00,0.22,0.00,0.00,0.00,0.00,0.00,0.59,0.01,0.00,0.00,0.00
2026,3,F,LV,15922,0.00,0.00,0.21,0.00,0.00,0.00,0.00,0.00,0.00,0.10,1.15,0.00
2026,3,F,LAR,19306,0.00,0.28,0.03,0.00,0.00,0.00,0.00,0.85,0.00,0.02,0.11,0.00
2026,3,F,NE,18532,0.00,0.27,0.03,0.00,0.00,0.00,0.00,0.87,0.00,0.02,0.13,0.00
2026,3,F,CIN,13286,0.00,0.00,0.17,0.00,0.00,0.00,0.00,0.00,0.00,0.12,0.99,0.00
2026,3,F,MIA,19681,0.00,0.00,0.17,0.00,0.00,0.00,0.00,0.00,0.00,0.10,1.00,0.00
2026,3,F,LV,17818,0.00,0.42,0.09,0.00,0.00,0.00,0.00,0.69,0.00,0.06,0.31,0.00
2026,3,F,PHI,8781,0.00,0.00,0.14,0.00,0.00,0.00,0.00,0.00,0.00,0.09,0.92,0.00
2026,3,F,WAS,18643,0.00,0.16,0.11,0.00,0.00,0.00,0.00,0.46,0.00,0.05,0.42,0.00
2026,3,F,WAS,15896,0.00,0.14,0.14,0.00,0.00,0.00,0.00,0.46,0.00,0.05,0.44,0.00
2026,3,F,SF,13418,0.00,0.00,0.15,0.00,0.00,0.00,0.00,0.00,0.00,0.05,0.91,0.00
2026,3,F,GB,15935,0.00,0.08,0.10,0.00,0.00,0.00,0.00,0.39,0.00,0.03,0.46,0.00
2026,3,F,NYG,10033,0.00,0.00,0.13,0.00,0.00,0.00,0.00,0.00,0.00,0.07,0.77,0.00
2026,3,F,ARI,17185,0.00,0.00,0.17,0.00,0.00,0.00,0.00,0.00,0.00,0.07,0.84,0.00
2026,3,F,IND,16277,0.00,0.00,0.15,0.00,0.00,0.00,0.00,0.00,0.00,0.08,0.73,0.00
2026,3,F,DAL,16937,0.00,0.00,0.14,0.00,0.00,0.00,0.00,0.00,0.00,0.04,0.71,0.00
2026,3,F,LV,14495,0.00,0.00,0.10,0.00,0.00,0.00,0.00,0.00,0.00,0.05,0.60,0.00
2026,3,F,BAL,17026,0.00,0.06,0.06,0.00,0.00,0.00,0.00,0.20,0.00,0.04,0.36,0.00
2026,3,F,TEN,15921,0.00,0.07,0.08,0.00,0.00,0.00,0.00,0.28,0.00,0.05,0.28,0.00
2026,3,F,PHI,15280,0.00,0.03,0.09,0.00,0.00,0.00,0.00,0.11,0.00,0.04,0.48,0.00
2026,3,F,LV,12858,0.00,0.00,0.14,0.00,0.00,0.00,0.00,0.00,0.00,0.09,0.62,0.00
2026,3,F,IND,14750,0.00,0.00,0.09,0.00,0.00,0.00,0.00,0.00,0.00,0.04,0.45,0.00
2026,3,F,KC,16744,0.00,0.02,0.05,0.00,0.00,0.00,0.00,0.10,0.00,0.02,0.39,0.00
2026,3,F,ARI,14636,0.00,0.03,0.08,0.00,0.00,0.00,0.00,0.12,0.00,0.05,0.39,0.00
2026,3,F,CLE,17777,0.00,0.05,0.03,0.00,0.00,0.00,0.00,0.34,0.00,0.02,0.17,0.00
2026,3,F,KC,18542,0.00,0.00,0.06,0.00,0.00,0.00,0.00,0.00,0.00,0.04,0.48,0.00
2026,3,F,PIT,15467,0.00,0.00,0.07,0.00,0.00,0.00,0.00,0.00,0.00,0.04,0.38,0.00
2026,3,F,DET,14246,0.00,0.00,0.07,0.00,0.00,0.00,0.00,0.00,0.00,0.03,0.43,0.00
2026,3,F,HOU,18300,0.00,0.06,0.03,0.00,0.00,0.00,0.00,0.22,0.00,0.02,0.18,0.00
2026,3,F,PIT,19340,0.00,0.02,0.03,0.00,0.00,0.00,0.00,0.12,0.00,0.02,0.23,0.00
2026,3,F,HOU,19326,0.00,0.00,0.06,0.00,0.00,0.00,0.00,0.00,0.00,0.03,0.35,0.00
2026,3,F,CLE,19608,0.00,0.00,0.06,0.00,0.00,0.00,0.00,0.00,0.00,0.04,0.33,0.00
2026,3,F,TB,16720,0.00,0.00,0.06,0.00,0.00,0.00,0.00,0.00,0.00,0.03,0.28,0.00
2026,3,F,PIT,12389,0.00,0.00,0.03,0.00,0.00,0.00,0.00,0.00,0.00,0.02,0.17,0.00
2026,3,F,TB,19452,0.00,0.00,0.03,0.00,0.00,0.00,0.00,0.00,0.00,0.02,0.16,0.00
2026,3,F,PHI,16337,0.00,0.00,0.03,0.00,0.00,0.00,0.00,0.00,0.00,0.01,0.15,0.00
2026,3,F,IND,19315,0.00,0.00,0.04,0.00,0.00,0.00,0.00,0.00,0.00,0.02,0.19,0.00
2026,3,F,NYG,12771,0.00,0.00,0.03,0.00,0.00,0.00,0.00,0.00,0.00,0.02,0.18,0.00
2026,3,F,MIN,19095,0.00,0.00,0.03,0.00,0.00,0.00,0.00,0.00,0.00,0.02,0.22,0.00
2026,3,F,CAR,15324,0.00,0.04,0.02,0.00,0.00,0.00,0.00,0.11,0.00,0.01,0.11,0.00
2026,3,F,TB,16728,0.00,0.00,0.06,0.00,0.00,0.00,0.00,0.00,0.00,0.03,0.23,0.00
2026,3,F,MIA,19276,0.00,0.00,0.01,0.00,0.00,0.00,0.00,0.00,0.00,0.01,0.05,0.00
2026,3,F,TB,16282,0.00,0.00,0.02,0.00,0.00,0.00,0.00,0.00,0.00,0.01,0.12,0.00
2026,3,F,CLE,15310,0.00,0.00,0.02,0.00,0.00,0.00,0.00,0.00,0.00,0.01,0.14,0.00
2026,3,F,CIN,18841,0.00,0.03,0.00,0.00,0.00,0.00,0.00,0.06,0.00,0.00,0.00,0.00
2026,3,F,PIT,19335,0.00,0.00,0.00,0.00,0.00,0.00,0.00,0.00,0.00,0.00,0.00,0.00
2026,3,F,DAL,15825,0.00,0.00,0.00,0.00,0.00,0.00,0.00,0.00,0.00,0.00,0.00,0.00
2026,3,F,LAR,16790,0.00,0.00,0.00,0.00,0.00,0.00,0.00,0.00,0.00,0.00,0.00,0.00
2026,3,F,NYJ,12061,0.00,0.00,0.00,0.00,0.00,0.00,0.00,0.00,0.00,0.00,0.00,0.00
2026,3,F,IND,17014,0.00,0.00,0.00,0.00,0.00,0.00,0.00,0.00,0.00,0.00,0.00,0.00
2026,3,F,HOU,15542,0.00,0.00,0.00,0.00,0.00,0.00,0.00,0.00,0.00,0.00,0.00,0.00
2026,3,F,BAL,19310,0.00,0.00,0.00,0.00,0.00,0.00,0.00,0.00,0.00,0.00,0.00,0.00
2026,3,F,LAC,15924,0.00,0.00,0.00,0.00,0.00,0.00,0.00,0.00,0.00,0.00,0.00,0.00
2026,3,F,ATL,11841,0.00,0.00,0.00,0.00,0.00,0.00,0.00,0.00,0.00,0.00,0.00,0.00
2026,3,F,CLE,18479,0.00,0.00,0.00,0.00,0.00,0.00,0.00,0.00,0.00,0.00,0.00,0.00
2026,3,F,CLE,19312,0.00,0.00,0.00,0.00,0.00,0.00,0.00,0.00,0.00,0.00,0.00,0.00
2026,3,F,LAR,16108,0.00,0.00,0.00,0.00,0.00,0.00,0.00,0.00,0.00,0.00,0.00,0.00
2026,3,F,ARI,17966,0.00,0.00,0.00,0.00,0.00,0.00,0.00,0.00,0.00,0.00,0.00,0.00
2026,3,F,GB,13582,0.00,0.00,0.00,0.00,0.00,0.00,0.00,0.00,0.00,0.00,0.00,0.00
2026,3,F,TB,13634,0.00,0.00,0.00,0.00,0.00,0.00,0.00,0.00,0.00,0.00,0.00,0.00
2026,3,F,TEN,19359,0.00,0.00,0.00,0.00,0.00,0.00,0.00,0.00,0.00,0.00,0.00,0.00
2026,3,F,NYG,13449,0.00,0.00,0.00,0.00,0.00,0.00,0.00,0.00,0.00,0.00,0.00,0.00
2026,3,F,DET,19443,0.00,0.00,0.00,0.00,0.00,0.00,0.00,0.00,0.00,0.00,0.00,0.00
2026,3,F,NYJ,18646,0.00,0.00,0.00,0.00,0.00,0.00,0.00,0.00,0.00,0.00,0.00,0.00
2026,3,F,PHI,16686,0.00,0.00,0.00,0.00,0.00,0.00,0.00,0.00,0.00,0.00,0.00,0.00
2026,3,F,PHI,18539,0.00,0.00,0.00,0.00,0.00,0.00,0.00,0.00,0.00,0.00,0.00,0.00
2026,3,F,NYJ,17668,0.00,0.00,0.00,0.00,0.00,0.00,0.00,0.00,0.00,0.00,0.00,0.00
2026,3,F,ATL,14465,0.00,0.00,0.00,0.00,0.00,0.00,0.00,0.00,0.00,0.00,0.00,0.00
2026,3,F,LV,16716,0.00,0.00,0.00,0.00,0.00,0.00,0.00,0.00,0.00,0.00,0.00,0.00
2026,3,F,NYJ,18535,0.00,0.00,0.00,0.00,0.00,0.00,0.00,0.00,0.00,0.00,0.00,0.00
2026,3,F,NO,17782,0.00,0.00,0.00,0.00,0.00,0.00,0.00,0.00,0.00,0.00,0.00,0.00
2026,3,F,CHI,19259,0.00,0.00,0.00,0.00,0.00,0.00,0.00,0.00,0.00,0.00,0.00,0.00
2026,3,F,NE,17335,0.00,0.00,0.00,0.00,0.00,0.00,0.00,0.00,0.00,0.00,0.00,0.00
2026,3,F,BAL,15974,0.00,0.00,0.00,0.00,0.00,0.00,0.00,0.00,0.00,0.00,0.00,0.00
2026,3,F,BAL,14563,0.00,0.00,0.00,0.00,0.00,0.00,0.00,0.00,0.00,0.00,0.00,0.00
2026,3,F,SF,16418,0.00,0.00,0.00,0.00,0.00,0.00,0.00,0.00,0.00,0.00,0.00,0.00
2026,3,F,HOU,15369,0.00,0.00,0.00,0.00,0.00,0.00,0.00,0.00,0.00,0.00,0.00,0.00
2026,3,F,TEN,11709,0.00,0.00,0.00,0.00,0.00,0.00,0.00,0.00,0.00,0.00,0.00,0.00
2026,3,F,LAR,19278,0.00,0.00,0.00,0.00,0.00,0.00,0.00,0.00,0.00,0.00,0.00,0.00
2026,3,F,ARI,19445,0.00,0.00,0.00,0.00,0.00,0.00,0.00,0.00,0.00,0.00,0.00,0.00
2026,3,F,LAC,15198,0.00,0.00,0.00,0.00,0.00,0.00,0.00,0.00,0.00,0.00,0.00,0.00
2026,3,F,GB,18554,0.00,0.00,0.00,0.00,0.00,0.00,0.00,0.00,0.00,0.00,0.00,0.00
2026,3,F,IND,18513,0.00,0.00,0.00,0.00,0.00,0.00,0.00,0.00,0.00,0.00,0.00,0.00
2026,3,F,PHI,17011,0.00,0.00,0.00,0.00,0.00,0.00,0.00,0.00,0.00,0.00,0.00,0.00
2026,3,F,WAS,17820,0.00,0.00,0.00,0.00,0.00,0.00,0.00,0.00,0.00,0.00,0.00,0.00
2026,3,F,MIA,17800,0.00,0.00,0.00,0.00,0.00,0.00,0.00,0.00,0.00,0.00,0.00,0.00
2026,3,F,LV,19281,0.00,0.00,0.00,0.00,0.00,0.00,0.00,0.00,0.00,0.00,0.00,0.00
2026,3,F,IND,16022,0.00,0.00,0.00,0.00,0.00,0.00,0.00,0.00,0.00,0.00,0.00,0.00
2026,3,F,DEN,16849,0.00,0.00,0.00,0.00,0.00,0.00,0.00,0.00,0.00,0.00,0.00,0.00
2026,3,F,SEA,16897,0.00,0.00,0.00,0.00,0.00,0.00,0.00,0.00,0.00,0.00,0.00,0.00
2026,3,F,MIA,18530,0.00,0.00,0.00,0.00,0.00,0.00,0.00,0.00,0.00,0.00,0.00,0.00
2026,3,F,DEN,19241,0.00,0.00,0.00,0.00,0.00,0.00,0.00,0.00,0.00,0.00,0.00,0.00
2026,3,F,KC,19283,0.00,0.00,0.00,0.00,0.00,0.00,0.00,0.00,0.00,0.00,0.00,0.00
2026,3,F,HOU,15200,0.00,0.00,0.00,0.00,0.00,0.00,0.00,0.00,0.00,0.00,0.00,0.00
2026,3,F,NYG,14318,0.00,0.00,0.00,0.00,0.00,0.00,0.00,0.00,0.00,0.00,0.00,0.00
2026,3,F,DET,12809,0.00,0.00,0.00,0.00,0.00,0.00,0.00,0.00,0.00,0.00,0.00,0.00
2026,3,F,SF,17761,0.00,0.00,0.00,0.00,0.00,0.00,0.00,0.00,0.00,0.00,0.00,0.00
2026,3,F,ARI,11691,0.00,0.00,0.00,0.00,0.00,0.00,0.00,0.00,0.00,0.00,0.00,0.00
2026,3,F,KC,19351,0.00,0.00,0.00,0.00,0.00,0.00,0.00,0.00,0.00,0.00,0.00,0.00
2026,3,F,MIA,18482,0.00,0.00,0.00,0.00,0.00,0.00,0.00,0.00,0.00,0.00,0.00,0.00
2026,3,F,HOU,18551,0.00,0.00,0.00,0.00,0.00,0.00,0.00,0.00,0.00,0.00,0.00,0.00
2026,3,F,NYJ,19314,0.00,0.00,0.00,0.00,0.00,0.00,0.00,0.00,0.00,0.00,0.00,0.00
2026,3,F,PIT,18512,0.00,0.00,0.00,0.00,0.00,0.00,0.00,0.00,0.00,0.00,0.00,0.00
2026,3,F,PHI,7355,0.00,0.00,0.00,0.00,0.00,0.00,0.00,0.00,0.00,0.00,0.00,0.00
2026,3,F,DEN,13565,0.00,0.00,0.00,0.00,0.00,0.00,0.00,0.00,0.00,0.00,0.00,0.00
2026,3,F,LAR,19316,0.00,0.00,0.00,0.00,0.00,0.00,0.00,0.00,0.00,0.00,0.00,0.00
2026,3,F,CIN,16965,0.00,0.00,0.00,0.00,0.00,0.00,0.00,0.00,0.00,0.00,0.00,0.00
2026,3,F,TB,19292,0.00,0.00,0.00,0.00,0.00,0.00,0.00,0.00,0.00,0.00,0.00,0.00
2026,3,F,SF,15402,0.00,0.00,0.00,0.00,0.00,0.00,0.00,0.00,0.00,0.00,0.00,0.00
2026,3,F,WAS,17692,0.00,0.00,0.00,0.00,0.00,0.00,0.00,0.00,0.00,0.00,0.00,0.00
2026,3,F,WAS,19368,0.00,0.00,0.00,0.00,0.00,0.00,0.00,0.00,0.00,0.00,0.00,0.00
2026,3,F,NYG,18574,0.00,0.00,0.00,0.00,0.00,0.00,0.00,0.00,0.00,0.00,0.00,0.00
2026,3,F,SF,12508,0.00,0.00,0.00,0.00,0.00,0.00,0.00,0.00,0.00,0.00,0.00,0.00
2026,3,F,DAL,15828,0.00,0.00,0.00,0.00,0.00,0.00,0.00,0.00,0.00,0.00,0.00,0.00
2026,3,F,NYJ,19284,0.00,0.00,0.00,0.00,0.00,0.00,0.00,0.00,0.00,0.00,0.00,0.00
2026,3,F,HOU,16935,0.00,0.00,0.00,0.00,0.00,0.00,0.00,0.00,0.00,0.00,0.00,0.00
2026,3,F,LAC,18650,0.00,0.00,0.00,0.00,0.00,0.00,0.00,0.00,0.00,0.00,0.00,0.00
2026,3,F,DAL,17091,0.00,0.00,0.00,0.00,0.00,0.00,0.00,0.00,0.00,0.00,0.00,0.00
2026,3,F,BAL,19230,0.00,0.00,0.00,0.00,0.00,0.00,0.00,0.00,0.00,0.00,0.00,0.00
2026,3,F,NE,16797,0.00,0.00,0.00,0.00,0.00,0.00,0.00,0.00,0.00,0.00,0.00,0.00
2026,3,F,CAR,17734,0.00,0.00,0.00,0.00,0.00,0.00,0.00,0.00,0.00,0.00,0.00,0.00
2026,3,F,DET,11834,0.00,0.00,0.00,0.00,0.00,0.00,0.00,0.00,0.00,0.00,0.00,0.00
2026,3,F,SEA,13736,0.00,0.00,0.00,0.00,0.00,0.00,0.00,0.00,0.00,0.00,0.00,0.00
2026,3,F,MIA,19343,0.00,0.00,0.00,0.00,0.00,0.00,0.00,0.00,0.00,0.00,0.00,0.00
2026,3,F,MIN,16163,0.00,0.00,0.00,0.00,0.00,0.00,0.00,0.00,0.00,0.00,0.00,0.00
2026,3,F,PIT,14657,0.00,0.00,0.00,0.00,0.00,0.00,0.00,0.00,0.00,0.00,0.00,0.00
2026,3,F,MIA,18498,0.00,0.00,0.00,0.00,0.00,0.00,0.00,0.00,0.00,0.00,0.00,0.00
2026,3,F,IND,13854,0.00,0.00,0.00,0.00,0.00,0.00,0.00,0.00,0.00,0.00,0.00,0.00
2026,3,F,WAS,11767,0.00,0.00,0.00,0.00,0.00,0.00,0.00,0.00,0.00,0.00,0.00,0.00
2026,3,F,CIN,19258,0.00,0.00,0.00,0.00,0.00,0.00,0.00,0.00,0.00,0.00,0.00,0.00
2026,3,F,NO,16898,0.00,0.00,0.00,0.00,0.00,0.00,0.00,0.00,0.00,0.00,0.00,0.00
2026,3,F,CAR,18506,0.00,0.00,0.00,0.00,0.00,0.00,0.00,0.00,0.00,0.00,0.00,0.00
2026,3,F,SEA,18477,0.00,0.00,0.00,0.00,0.00,0.00,0.00,0.00,0.00,0.00,0.00,0.00
2026,3,F,JAX,18505,0.00,0.00,0.00,0.00,0.00,0.00,0.00,0.00,0.00,0.00,0.00,0.00
2026,3,F,ARI,13741,0.00,0.00,0.00,0.00,0.00,0.00,0.00,0.00,0.00,0.00,0.00,0.00
2026,3,F,KC,15416,0.00,0.00,0.00,0.00,0.00,0.00,0.00,0.00,0.00,0.00,0.00,0.00
2026,3,F,NE,19293,0.00,0.00,0.00,0.00,0.00,0.00,0.00,0.00,0.00,0.00,0.00,0.00
2026,3,F,CIN,5648,0.00,0.00,0.00,0.00,0.00,0.00,0.00,0.00,0.00,0.00,0.00,0.00
2026,3,F,GB,16663,0.00,0.00,0.00,0.00,0.00,0.00,0.00,0.00,0.00,0.00,0.00,0.00
2026,3,F,CLE,18496,0.00,0.00,0.00,0.00,0.00,0.00,0.00,0.00,0.00,0.00,0.00,0.00
2026,3,F,LAC,11734,0.00,0.00,0.00,0.00,0.00,0.00,0.00,0.00,0.00,0.00,0.00,0.00
2026,3,F,IND,18443,0.00,0.00,0.00,0.00,0.00,0.00,0.00,0.00,0.00,0.00,0.00,0.00
2026,3,F,NYJ,15579,0.00,0.00,0.00,0.00,0.00,0.00,0.00,0.00,0.00,0.00,0.00,0.00
2026,3,F,PHI,12860,0.00,0.00,0.00,0.00,0.00,0.00,0.00,0.00,0.00,0.00,0.00,0.00
2026,3,F,WAS,16042,0.00,0.00,0.00,0.00,0.00,0.00,0.00,0.00,0.00,0.00,0.00,0.00
2026,3,F,TEN,15245,0.00,0.00,0.00,0.00,0.00,0.00,0.00,0.00,0.00,0.00,0.00,0.00
2026,3,F,DET,16104,0.00,0.00,0.00,0.00,0.00,0.00,0.00,0.00,0.00,0.00,0.00,0.00
2026,3,F,CLE,19289,0.00,0.00,0.00,0.00,0.00,0.00,0.00,0.00,0.00,0.00,0.00,0.00
2026,3,F,PHI,19296,0.00,0.00,0.00,0.00,0.00,0.00,0.00,0.00,0.00,0.00,0.00,0.00
2026,3,F,SF,17947,0.00,0.00,0.00,0.00,0.00,0.00,0.00,0.00,0.00,0.00,0.00,0.00
2026,3,F,CAR,15841,0.00,0.00,0.00,0.00,0.00,0.00,0.00,0.00,0.00,0.00,0.00,0.00
2026,3,F,BAL,19301,0.00,0.00,0.00,0.00,0.00,0.00,0.00,0.00,0.00,0.00,0.00,0.00
2026,3,F,NO,17684,0.00,0.00,0.00,0.00,0.00,0.00,0.00,0.00,0.00,0.00,0.00,0.00
2026,3,F,SF,14386,0.00,0.00,0.00,0.00,0.00,0.00,0.00,0.00,0.00,0.00,0.00,0.00
2026,3,F,NE,19348,0.00,0.00,0.00,0.00,0.00,0.00,0.00,0.00,0.00,0.00,0.00,0.00
2026,3,F,PIT,19286,0.00,0.00,0.00,0.00,0.00,0.00,0.00,0.00,0.00,0.00,0.00,0.00
2026,3,F,GB,16977,0.00,0.00,0.00,0.00,0.00,0.00,0.00,0.00,0.00,0.00,0.00,0.00
2026,3,F,BUF,12623,0.00,0.00,0.00,0.00,0.00,0.00,0.00,0.00,0.00,0.00,0.00,0.00
2026,3,F,IND,16653,0.00,0.00,0.00,0.00,0.00,0.00,0.00,0.00,0.00,0.00,0.00,0.00
2026,3,F,LAR,15229,0.00,0.00,0.00,0.00,0.00,0.00,0.00,0.00,0.00,0.00,0.00,0.00
2026,3,F,SF,11163,0.00,0.00,0.00,0.00,0.00,0.00,0.00,0.00,0.00,0.00,0.00,0.00
2026,3,F,NYG,15874,0.00,0.00,0.00,0.00,0.00,0.00,0.00,0.00,0.00,0.00,0.00,0.00
2026,3,F,PIT,12629,0.00,0.00,0.00,0.00,0.00,0.00,0.00,0.00,0.00,0.00,0.00,0.00
2026,3,F,CHI,16946,0.00,0.00,0.00,0.00,0.00,0.00,0.00,0.00,0.00,0.00,0.00,0.00
2026,3,F,CLE,18467,0.00,0.00,0.00,0.00,0.00,0.00,0.00,0.00,0.00,0.00,0.00,0.00
2026,3,F,ARI,19287,0.00,0.00,0.00,0.00,0.00,0.00,0.00,0.00,0.00,0.00,0.00,0.00
2026,3,F,CAR,17748,0.00,0.00,0.00,0.00,0.00,0.00,0.00,0.00,0.00,0.00,0.00,0.00
2026,3,F,BUF,19251,0.00,0.00,0.00,0.00,0.00,0.00,0.00,0.00,0.00,0.00,0.00,0.00
2026,3,F,BUF,17555,0.00,0.00,0.00,0.00,0.00,0.00,0.00,0.00,0.00,0.00,0.00,0.00
2026,3,F,LAR,16871,0.00,0.00,0.00,0.00,0.00,0.00,0.00,0.00,0.00,0.00,0.00,0.00
2026,3,F,LAR,19275,0.00,0.00,0.00,0.00,0.00,0.00,0.00,0.00,0.00,0.00,0.00,0.00
2026,3,F,ARI,17767,0.00,0.00,0.00,0.00,0.00,0.00,0.00,0.00,0.00,0.00,0.00,0.00
2026,3,F,IND,13522,0.00,0.00,0.00,0.00,0.00,0.00,0.00,0.00,0.00,0.00,0.00,0.00
2026,3,F,DEN,19363,0.00,0.00,0.00,0.00,0.00,0.00,0.00,0.00,0.00,0.00,0.00,0.00
2026,3,F,DEN,13438,0.00,0.00,0.00,0.00,0.00,0.00,0.00,0.00,0.00,0.00,0.00,0.00
2026,3,F,SEA,17040,0.00,0.00,0.00,0.00,0.00,0.00,0.00,0.00,0.00,0.00,0.00,0.00
2026,3,F,SF,19330,0.00,0.00,0.00,0.00,0.00,0.00,0.00,0.00,0.00,0.00,0.00,0.00
2026,3,F,CAR,19239,0.00,0.00,0.00,0.00,0.00,0.00,0.00,0.00,0.00,0.00,0.00,0.00
2026,3,F,GB,7357,0.00,0.00,0.00,0.00,0.00,0.00,0.00,0.00,0.00,0.00,0.00,0.00
2026,3,F,DET,9245,0.00,0.00,0.00,0.00,0.00,0.00,0.00,0.00,0.00,0.00,0.00,0.00
2026,3,F,MIN,8986,0.00,0.00,0.00,0.00,0.00,0.00,0.00,0.00,0.00,0.00,0.00,0.00
2026,3,F,CAR,17747,0.00,0.00,0.00,0.00,0.00,0.00,0.00,0.00,0.00,0.00,0.00,0.00
2026,3,F,LAC,19318,0.00,0.00,0.00,0.00,0.00,0.00,0.00,0.00,0.00,0.00,0.00,0.00
2026,3,F,NO,19336,0.00,0.00,0.00,0.00,0.00,0.00,0.00,0.00,0.00,0.00,0.00,0.00
2026,3,F,LV,18558,0.00,0.00,0.00,0.00,0.00,0.00,0.00,0.00,0.00,0.00,0.00,0.00
2026,3,F,NE,13432,0.00,0.00,0.00,0.00,0.00,0.00,0.00,0.00,0.00,0.00,0.00,0.00
2026,3,F,NYJ,19425,0.00,0.00,0.00,0.00,0.00,0.00,0.00,0.00,0.00,0.00,0.00,0.00
2026,3,F,PHI,13502,0.00,0.00,0.00,0.00,0.00,0.00,0.00,0.00,0.00,0.00,0.00,0.00
2026,3,F,NO,19233,0.00,0.00,0.00,0.00,0.00,0.00,0.00,0.00,0.00,0.00,0.00,0.00
2026,3,F,PHI,16039,0.00,0.00,0.00,0.00,0.00,0.00,0.00,0.00,0.00,0.00,0.00,0.00
2026,3,F,MIN,10856,0.00,0.00,0.00,0.00,0.00,0.00,0.00,0.00,0.00,0.00,0.00,0.00
2026,3,F,DAL,13525,0.00,0.00,0.00,0.00,0.00,0.00,0.00,0.00,0.00,0.00,0.00,0.00
2026,3,F,CHI,17695,0.00,0.00,0.00,0.00,0.00,0.00,0.00,0.00,0.00,0.00,0.00,0.00
2026,3,F,NO,9317,0.00,0.00,0.00,0.00,0.00,0.00,0.00,0.00,0.00,0.00,0.00,0.00
2026,3,F,NO,15330,0.00,0.00,0.00,0.00,0.00,0.00,0.00,0.00,0.00,0.00,0.00,0.00
2026,3,F,TEN,15273,0.00,0.00,0.00,0.00,0.00,0.00,0.00,0.00,0.00,0.00,0.00,0.00
2026,3,F,MIN,18536,0.00,0.00,0.00,0.00,0.00,0.00,0.00,0.00,0.00,0.00,0.00,0.00
2026,3,F,NO,15979,0.00,0.00,0.00,0.00,0.00,0.00,0.00,0.00,0.00,0.00,0.00,0.00
