Season,GameWeek,Split,Team,PlayerID,PassAttempts,RushAttempts,Targets,PassCompletions,PassYards,PassTDs,PassInts,RushYards,RushTDs,RecCompletions,RecYards,RecTDs
2026,2,M,BUF,12483,30.60,6.00,,19.81,234.25,1.67,0.45,27.54,0.60,0.00,0.00,0.00
2026,2,M,DAL,11008,34.97,2.53,,22.53,268.88,2.16,0.51,10.22,0.09,0.00,0.00,0.00
2026,2,M,PHI,14416,27.26,7.37,,17.40,204.27,1.58,0.40,30.65,0.62,0.00,0.00,0.00
2026,2,M,SF,15834,30.09,4.24,,20.01,244.50,2.00,0.69,16.53,0.23,0.00,0.00,0.00
2026,2,M,BAL,12561,26.55,9.58,,17.04,210.71,1.65,0.40,44.37,0.23,0.00,0.00,0.00
2026,2,M,WAS,17692,29.85,7.93,,18.93,211.65,1.48,0.37,42.07,0.36,0.00,0.00,0.00
2026,2,M,DET,16808,0.00,19.28,,0.00,0.00,0.00,0.00,111.31,1.31,3.86,24.08,0.15
2026,2,M,GB,14371,33.51,3.09,,20.85,249.97,2.01,0.26,12.66,0.11,0.00,0.00,0.00
2026,2,M,NE,17673,31.86,5.53,,21.41,254.59,1.58,1.01,24.54,0.18,0.00,0.00,0.00
2026,2,M,HOU,16886,31.57,2.94,,20.31,234.52,1.87,0.89,13.62,0.12,0.00,0.00,0.00
2026,2,M,CIN,14442,34.81,2.61,,23.41,246.51,1.93,0.89,6.90,0.09,0.00,0.00,0.00
2026,2,M,MIA,15872,27.97,7.20,,18.64,203.49,1.25,0.37,33.31,0.37,0.00,0.00,0.00
2026,2,M,KC,11839,32.51,4.03,,21.31,245.25,1.43,0.54,18.53,0.17,0.00,0.00,0.00
2026,2,M,NYG,18574,30.27,6.65,,18.87,202.62,1.41,0.85,31.79,0.36,0.00,0.00,0.00
2026,2,M,JAX,15357,33.48,4.57,,20.51,231.46,1.29,0.60,15.59,0.33,0.00,0.00,0.00
2026,2,M,TB,12619,30.72,3.66,,19.51,216.74,1.78,0.69,15.14,0.14,0.00,0.00,0.00
2026,2,M,LAR,5971,32.89,1.33,,20.63,249.24,1.74,0.65,3.64,0.06,0.00,0.00,0.00
2026,2,M,LAC,14446,31.27,4.70,,20.34,229.82,1.34,0.48,18.86,0.18,0.00,0.00,0.00
2026,2,M,CHI,17695,31.46,5.56,,19.06,222.86,1.27,0.49,24.79,0.14,0.00,0.00,0.00
2026,2,M,DET,10729,33.48,1.74,,21.81,250.55,1.50,0.50,4.60,0.08,0.00,0.00,0.00
2026,2,M,CAR,16807,31.61,4.61,,19.97,207.52,1.51,1.06,22.28,0.19,0.00,0.00,0.00
2026,2,M,PIT,4307,31.68,1.24,,20.13,214.92,1.94,0.55,3.57,0.04,0.00,0.00,0.00
2026,2,M,MIN,10856,31.90,2.87,,21.25,212.89,1.71,0.80,12.22,0.09,0.00,0.00,0.00
2026,2,M,ATL,16739,0.00,19.72,,0.00,0.00,0.00,0.00,97.48,0.75,4.12,30.38,0.18
2026,2,M,DEN,16995,33.55,4.46,,21.74,219.42,1.28,0.92,16.47,0.22,0.00,0.00,0.00
2026,2,M,NO,17037,34.40,4.38,,21.86,236.19,1.04,0.59,14.88,0.16,0.00,0.00,0.00
2026,2,M,NYJ,8743,30.59,2.97,,20.16,214.83,1.38,0.54,10.55,0.08,0.00,0.00,0.00
2026,2,M,IND,13491,31.03,3.38,,19.39,217.15,1.17,0.47,13.49,0.12,0.00,0.00,0.00
2026,2,M,CLE,11712,28.49,3.08,,20.41,214.75,1.18,1.02,11.53,0.11,0.00,0.00,0.00
2026,2,M,IND,14455,0.00,19.69,,0.00,0.00,0.00,0.00,89.12,0.77,2.83,19.10,0.10
2026,2,M,LV,8057,31.18,1.94,,20.64,220.71,1.26,1.06,4.32,0.08,0.00,0.00,0.00
2026,2,M,SEA,13736,29.91,4.07,,18.13,195.98,0.92,0.68,17.73,0.15,0.00,0.00,0.00
2026,2,M,SF,11690,0.00,14.62,,0.00,0.00,0.00,0.00,65.85,0.55,4.65,34.18,0.31
2026,2,M,LAR,15807,0.00,14.82,,0.00,0.00,0.00,0.00,84.29,0.79,2.02,12.62,0.10
2026,2,M,HOU,13556,0.00,16.73,,0.00,0.00,0.00,0.00,80.89,0.76,2.17,15.78,0.12
2026,2,M,DAL,15306,0.00,19.15,,0.00,0.00,0.00,0.00,91.22,0.53,2.60,18.09,0.13
2026,2,M,ARI,10919,34.34,3.11,,21.23,223.60,0.80,0.95,8.86,0.09,0.00,0.00,0.00
2026,2,M,BUF,15876,0.00,15.86,,0.00,0.00,0.00,0.00,80.69,0.63,2.52,17.49,0.16
2026,2,M,PHI,12507,0.00,17.17,,0.00,0.00,0.00,0.00,78.14,0.62,2.39,18.13,0.16
2026,2,M,TEN,16997,31.86,2.69,,19.02,197.23,0.81,0.54,9.23,0.12,0.00,0.00,0.00
2026,2,M,BAL,10819,0.00,18.27,,0.00,0.00,0.00,0.00,80.75,0.71,1.27,9.81,0.06
2026,2,M,MIA,16661,0.00,13.06,,0.00,0.00,0.00,0.00,70.10,0.50,3.54,22.51,0.19
2026,2,M,KC,15909,0.00,17.17,,0.00,0.00,0.00,0.00,68.38,0.65,3.14,23.41,0.04
2026,2,M,LAR,16790,0.00,0.45,,0.00,0.00,0.00,0.00,3.40,0.03,7.18,96.19,0.47
2026,2,M,ATL,11841,28.91,2.56,,18.75,185.32,0.91,0.91,0.19,0.10,0.00,0.00,0.00
2026,2,M,DAL,14411,0.00,0.18,,0.00,0.00,0.00,0.00,1.12,0.01,6.11,90.64,0.54
2026,2,M,SEA,16654,0.00,0.48,,0.00,0.00,0.00,0.00,2.44,0.01,6.45,91.43,0.47
2026,2,M,HOU,15200,0.00,0.22,,0.00,0.00,0.00,0.00,1.25,0.01,5.34,86.05,0.56
2026,2,M,MIN,11763,0.00,14.40,,0.00,0.00,0.00,0.00,71.52,0.43,2.15,14.67,0.12
2026,2,M,LV,18487,0.00,18.08,,0.00,0.00,0.00,0.00,65.81,0.51,3.05,14.83,0.13
2026,2,M,CIN,16934,0.00,15.57,,0.00,0.00,0.00,0.00,57.85,0.44,3.82,19.34,0.22
2026,2,M,MIN,14509,0.00,0.13,,0.00,0.00,0.00,0.00,0.58,0.00,6.02,85.76,0.47
2026,2,M,DAL,15853,0.00,0.06,,0.00,0.00,0.00,0.00,0.30,0.00,4.99,85.44,0.46
2026,2,M,TB,17784,0.00,16.07,,0.00,0.00,0.00,0.00,59.58,0.40,2.76,19.69,0.14
2026,2,M,WAS,18811,0.00,11.85,,0.00,0.00,0.00,0.00,57.73,0.60,1.32,12.28,0.09
2026,2,M,NYJ,15810,0.00,15.08,,0.00,0.00,0.00,0.00,64.18,0.34,2.82,20.06,0.11
2026,2,M,DET,15332,0.00,0.28,,0.00,0.00,0.00,0.00,1.61,0.01,6.43,76.34,0.52
2026,2,M,NYG,18514,0.00,13.87,,0.00,0.00,0.00,0.00,56.46,0.45,2.45,17.66,0.14
2026,2,M,CIN,15183,0.00,0.26,,0.00,0.00,0.00,0.00,0.95,0.01,5.90,71.52,0.60
2026,2,M,GB,15946,0.00,0.14,,0.00,0.00,0.00,0.00,0.76,0.01,4.02,70.79,0.60
2026,2,M,LAC,18445,0.00,14.81,,0.00,0.00,0.00,0.00,61.40,0.39,3.20,16.50,0.08
2026,2,M,CLE,18516,0.00,15.74,,0.00,0.00,0.00,0.00,55.91,0.57,1.89,12.40,0.06
2026,2,M,CAR,15242,0.00,15.04,,0.00,0.00,0.00,0.00,64.17,0.36,2.02,11.73,0.12
2026,2,M,SEA,19299,0.00,13.30,,0.00,0.00,0.00,0.00,66.11,0.38,1.44,10.11,0.06
2026,2,M,CAR,18547,0.00,0.08,,0.00,0.00,0.00,0.00,0.37,0.00,4.49,70.39,0.50
2026,2,M,LAR,17690,0.00,10.96,,0.00,0.00,0.00,0.00,63.61,0.49,0.73,3.97,0.04
2026,2,M,NO,15895,0.00,0.05,,0.00,0.00,0.00,0.00,0.17,0.00,5.87,77.81,0.32
2026,2,M,GB,17795,0.00,11.47,,0.00,0.00,0.00,0.00,49.07,0.43,2.02,14.06,0.13
2026,2,M,CIN,14506,0.00,0.06,,0.00,0.00,0.00,0.00,0.23,0.00,4.15,58.42,0.63
2026,2,M,PHI,15406,0.00,0.05,,0.00,0.00,0.00,0.00,0.24,0.00,5.11,69.59,0.44
2026,2,M,CHI,14394,0.00,13.62,,0.00,0.00,0.00,0.00,56.69,0.40,2.08,12.92,0.04
2026,2,M,NE,15372,0.00,11.89,,0.00,0.00,0.00,0.00,47.17,0.36,2.79,19.95,0.11
2026,2,M,NYJ,15829,0.00,0.17,,0.00,0.00,0.00,0.00,0.56,0.00,5.59,64.37,0.50
2026,2,M,WAS,13536,0.00,0.06,,0.00,0.00,0.00,0.00,0.28,0.00,4.58,67.46,0.43
2026,2,M,ARI,19235,0.00,12.89,,0.00,0.00,0.00,0.00,45.25,0.34,3.39,19.60,0.11
2026,2,M,BAL,16919,0.00,0.23,,0.00,0.00,0.00,0.00,1.14,0.01,4.90,67.55,0.37
2026,2,M,PIT,15984,0.00,11.92,,0.00,0.00,0.00,0.00,51.46,0.24,3.00,18.34,0.12
2026,2,M,ATL,15868,0.00,0.07,,0.00,0.00,0.00,0.00,0.29,0.00,4.71,65.27,0.42
2026,2,M,SF,9253,0.00,0.00,,0.00,0.00,0.00,0.00,0.00,0.00,3.95,56.46,0.55
2026,2,M,DET,15849,0.00,0.59,,0.00,0.00,0.00,0.00,3.37,0.03,3.77,61.48,0.36
2026,2,M,BUF,12477,0.00,0.43,,0.00,0.00,0.00,0.00,2.36,0.02,4.40,57.26,0.44
2026,2,M,PIT,14657,0.00,12.22,,0.00,0.00,0.00,0.00,49.56,0.24,2.48,15.69,0.12
2026,2,M,NYG,17704,0.00,0.16,,0.00,0.00,0.00,0.00,0.55,0.00,5.17,58.18,0.46
2026,2,M,CAR,17976,0.00,0.08,,0.00,0.00,0.00,0.00,0.37,0.00,4.46,58.19,0.43
2026,2,M,NO,15385,0.00,11.39,,0.00,0.00,0.00,0.00,44.77,0.24,2.67,18.70,0.10
2026,2,M,LAR,9455,0.00,0.00,,0.00,0.00,0.00,0.00,0.00,0.00,3.79,52.58,0.51
2026,2,M,IND,16022,0.00,0.06,,0.00,0.00,0.00,0.00,0.24,0.00,3.22,61.35,0.36
2026,2,M,PIT,13424,0.00,0.15,,0.00,0.00,0.00,0.00,0.64,0.01,3.80,54.30,0.46
2026,2,M,LAC,17724,0.00,0.11,,0.00,0.00,0.00,0.00,0.44,0.00,4.80,60.78,0.36
2026,2,M,KC,16963,0.00,0.47,,0.00,0.00,0.00,0.00,1.78,0.02,5.12,60.35,0.31
2026,2,M,DEN,15404,0.00,0.22,,0.00,0.00,0.00,0.00,1.03,0.01,4.56,60.71,0.32
2026,2,M,DEN,14418,0.00,11.03,,0.00,0.00,0.00,0.00,49.02,0.37,1.40,6.19,0.04
2026,2,M,GB,16649,0.00,0.00,,0.00,0.00,0.00,0.00,0.00,0.00,3.85,50.19,0.49
2026,2,M,ARI,15902,0.00,0.00,,0.00,0.00,0.00,0.00,0.00,0.00,6.71,62.42,0.27
2026,2,M,LV,17693,0.00,0.25,,0.00,0.00,0.00,0.00,0.94,0.01,5.56,54.83,0.35
2026,2,M,GB,16977,0.00,0.83,,0.00,0.00,0.00,0.00,6.04,0.04,3.81,46.48,0.37
2026,2,M,WAS,10133,0.00,0.00,,0.00,0.00,0.00,0.00,0.00,0.00,4.54,55.48,0.35
2026,2,M,MIN,16895,0.00,0.28,,0.00,0.00,0.00,0.00,2.43,0.02,3.33,48.30,0.40
2026,2,M,TB,18549,0.00,0.25,,0.00,0.00,0.00,0.00,1.05,0.01,3.28,49.41,0.40
2026,2,M,GB,18500,0.00,0.82,,0.00,0.00,0.00,0.00,3.82,0.03,3.58,49.68,0.32
2026,2,M,BUF,16697,0.00,0.00,,0.00,0.00,0.00,0.00,0.00,0.00,4.72,52.04,0.37
2026,2,M,TEN,13590,0.00,10.87,,0.00,0.00,0.00,0.00,48.33,0.27,1.51,7.80,0.03
2026,2,M,JAX,18524,0.00,10.67,,0.00,0.00,0.00,0.00,35.18,0.39,1.75,9.94,0.09
2026,2,M,NE,18517,0.00,8.33,,0.00,0.00,0.00,0.00,36.73,0.34,2.18,12.42,0.07
2026,2,M,CHI,18460,0.00,0.06,,0.00,0.00,0.00,0.00,0.20,0.00,4.26,51.78,0.35
2026,2,M,CHI,18548,0.00,0.64,,0.00,0.00,0.00,0.00,2.99,0.02,4.04,55.23,0.21
2026,2,M,PIT,14378,0.00,0.05,,0.00,0.00,0.00,0.00,0.23,0.00,4.60,49.83,0.35
2026,2,M,JAX,16690,0.00,0.47,,0.00,0.00,0.00,0.00,1.13,0.01,3.86,52.35,0.28
2026,2,M,SF,13429,0.00,0.96,,0.00,0.00,0.00,0.00,4.99,0.06,3.38,43.99,0.30
2026,2,M,IND,18534,0.00,0.29,,0.00,0.00,0.00,0.00,1.06,0.01,4.46,45.93,0.35
2026,2,M,DET,17033,0.00,0.06,,0.00,0.00,0.00,0.00,0.29,0.00,4.42,46.31,0.35
2026,2,M,SF,11892,0.00,0.00,,0.00,0.00,0.00,0.00,0.00,0.00,3.90,43.64,0.40
2026,2,M,DEN,18522,0.00,7.47,,0.00,0.00,0.00,0.00,24.96,0.31,2.61,16.29,0.12
2026,2,M,KC,17687,0.00,1.11,,0.00,0.00,0.00,0.00,5.86,0.06,3.18,46.24,0.18
2026,2,M,CLE,19242,0.00,0.74,,0.00,0.00,0.00,0.00,3.24,0.03,3.24,43.91,0.29
2026,2,M,LAC,16899,0.00,0.19,,0.00,0.00,0.00,0.00,0.69,0.00,3.27,43.30,0.35
2026,2,M,PHI,12860,0.00,0.00,,0.00,0.00,0.00,0.00,0.00,0.00,3.69,39.36,0.42
2026,2,M,CHI,17020,0.00,0.06,,0.00,0.00,0.00,0.00,0.23,0.00,3.04,45.40,0.31
2026,2,M,BUF,15892,0.00,0.11,,0.00,0.00,0.00,0.00,0.46,0.00,4.48,47.52,0.27
2026,2,M,TB,11718,0.00,0.05,,0.00,0.00,0.00,0.00,0.24,0.00,3.99,45.11,0.31
2026,2,M,SEA,17968,0.00,7.16,,0.00,0.00,0.00,0.00,31.55,0.29,1.45,10.19,0.07
2026,2,M,IND,16689,0.00,0.20,,0.00,0.00,0.00,0.00,0.63,0.01,3.99,44.07,0.30
2026,2,M,GB,16741,0.00,6.32,,0.00,0.00,0.00,0.00,30.23,0.23,1.77,11.90,0.12
2026,2,M,SF,19607,0.00,8.62,,0.00,0.00,0.00,0.00,39.51,0.25,0.81,5.52,0.05
2026,2,M,ARI,16957,0.00,0.05,,0.00,0.00,0.00,0.00,0.18,0.00,3.64,48.74,0.23
2026,2,M,NE,10735,0.00,0.00,,0.00,0.00,0.00,0.00,0.00,0.00,3.96,43.52,0.32
2026,2,M,BAL,12559,0.00,0.40,,0.00,0.00,0.00,0.00,1.65,0.01,3.64,36.95,0.39
2026,2,M,DEN,12586,0.00,0.00,,0.00,0.00,0.00,0.00,0.00,0.00,3.35,45.74,0.28
2026,2,M,ARI,17674,0.00,0.00,,0.00,0.00,0.00,0.00,0.00,0.00,3.03,47.30,0.25
2026,2,M,MIN,14376,0.00,0.00,,0.00,0.00,0.00,0.00,0.00,0.00,2.87,39.26,0.38
2026,2,M,KC,8783,0.00,0.00,,0.00,0.00,0.00,0.00,0.00,0.00,4.38,48.33,0.23
2026,2,M,JAX,16933,0.00,8.93,,0.00,0.00,0.00,0.00,36.51,0.34,0.49,3.17,0.02
2026,2,M,WAS,15802,0.00,5.17,,0.00,0.00,0.00,0.00,24.36,0.16,2.78,18.93,0.13
2026,2,M,CLE,18472,0.00,0.22,,0.00,0.00,0.00,0.00,0.69,0.01,3.70,39.99,0.32
2026,2,M,TB,15222,0.00,6.79,,0.00,0.00,0.00,0.00,27.53,0.24,2.01,12.25,0.10
2026,2,M,HOU,18449,0.00,7.05,,0.00,0.00,0.00,0.00,32.14,0.17,1.28,10.70,0.12
2026,2,M,HOU,12514,0.00,0.00,,0.00,0.00,0.00,0.00,0.00,0.00,3.81,40.52,0.32
2026,2,M,CHI,18520,0.00,8.43,,0.00,0.00,0.00,0.00,35.82,0.21,1.07,8.21,0.05
2026,2,M,DAL,15947,0.00,0.00,,0.00,0.00,0.00,0.00,0.00,0.00,4.05,39.13,0.34
2026,2,M,CLE,19298,0.00,0.14,,0.00,0.00,0.00,0.00,0.57,0.01,2.96,42.29,0.26
2026,2,M,NE,16027,0.00,0.00,,0.00,0.00,0.00,0.00,0.00,0.00,3.20,42.62,0.26
2026,2,M,NO,17975,0.00,0.05,,0.00,0.00,0.00,0.00,0.20,0.00,3.81,46.64,0.18
2026,2,M,MIA,19343,0.00,0.05,,0.00,0.00,0.00,0.00,0.21,0.00,3.14,40.45,0.27
2026,2,M,ATL,15265,0.00,0.00,,0.00,0.00,0.00,0.00,0.00,0.00,3.86,43.71,0.22
2026,2,M,BAL,15210,0.00,0.06,,0.00,0.00,0.00,0.00,0.26,0.00,2.65,37.82,0.31
2026,2,M,NO,14630,0.00,0.00,,0.00,0.00,0.00,0.00,0.00,0.00,4.30,45.81,0.17
2026,2,M,JAX,13517,0.00,0.26,,0.00,0.00,0.00,0.00,1.13,0.01,3.83,43.51,0.17
2026,2,M,NE,11861,0.00,0.05,,0.00,0.00,0.00,0.00,0.20,0.00,3.23,41.90,0.22
2026,2,M,MIA,17863,0.00,0.99,,0.00,0.00,0.00,0.00,5.06,0.06,3.77,33.22,0.22
2026,2,M,NYG,16033,0.00,0.00,,0.00,0.00,0.00,0.00,0.00,0.00,3.87,37.25,0.29
2026,2,M,DAL,17974,0.00,0.21,,0.00,0.00,0.00,0.00,1.11,0.01,2.62,37.00,0.26
2026,2,M,JAX,17716,0.00,0.20,,0.00,0.00,0.00,0.00,0.97,0.01,2.89,41.96,0.18
2026,2,M,TEN,16941,0.00,7.17,,0.00,0.00,0.00,0.00,27.70,0.22,2.33,11.75,0.02
2026,2,M,PHI,16658,0.00,0.05,,0.00,0.00,0.00,0.00,0.23,0.00,2.62,35.66,0.30
2026,2,M,LV,16694,0.00,0.50,,0.00,0.00,0.00,0.00,2.41,0.02,2.74,38.17,0.20
2026,2,M,TEN,19268,0.00,0.09,,0.00,0.00,0.00,0.00,0.36,0.00,3.11,40.65,0.21
2026,2,M,ATL,15907,0.00,7.22,,0.00,0.00,0.00,0.00,30.68,0.26,0.68,4.56,0.04
2026,2,M,LV,16025,0.00,0.25,,0.00,0.00,0.00,0.00,1.03,0.01,2.52,38.86,0.21
2026,2,M,MIN,13610,0.00,0.00,,0.00,0.00,0.00,0.00,0.00,0.00,3.85,37.30,0.25
2026,2,M,PIT,15267,0.00,0.00,,0.00,0.00,0.00,0.00,0.00,0.00,3.62,33.06,0.32
2026,2,M,CAR,17747,0.00,5.90,,0.00,0.00,0.00,0.00,25.52,0.15,1.66,10.35,0.11
2026,2,M,ARI,15976,0.00,8.58,,0.00,0.00,0.00,0.00,28.42,0.20,1.28,8.39,0.04
2026,2,M,LAC,16810,0.00,5.90,,0.00,0.00,0.00,0.00,31.31,0.13,1.24,8.28,0.06
2026,2,M,SEA,16560,0.00,0.71,,0.00,0.00,0.00,0.00,4.64,0.02,2.35,34.65,0.17
2026,2,M,NE,16751,0.00,0.35,,0.00,0.00,0.00,0.00,1.32,0.01,3.18,39.11,0.16
2026,2,M,SEA,17811,0.00,0.65,,0.00,0.00,0.00,0.00,2.80,0.03,3.35,30.31,0.24
2026,2,M,CLE,14458,0.00,0.07,,0.00,0.00,0.00,0.00,0.31,0.00,2.63,38.73,0.17
2026,2,M,WAS,16042,0.00,0.00,,0.00,0.00,0.00,0.00,0.00,0.00,3.35,35.89,0.20
2026,2,M,SEA,11863,0.00,0.07,,0.00,0.00,0.00,0.00,0.39,0.00,2.67,35.10,0.20
2026,2,M,NYJ,17702,0.00,6.73,,0.00,0.00,0.00,0.00,25.66,0.20,0.82,5.81,0.06
2026,2,M,HOU,16795,0.00,0.00,,0.00,0.00,0.00,0.00,0.00,0.00,1.95,30.57,0.26
2026,2,M,NYJ,17668,0.00,0.06,,0.00,0.00,0.00,0.00,0.18,0.00,2.22,33.29,0.21
2026,2,M,KC,15831,0.00,0.00,,0.00,0.00,0.00,0.00,0.00,0.00,1.92,33.68,0.20
2026,2,M,JAX,17017,0.00,0.00,,0.00,0.00,0.00,0.00,0.00,0.00,3.45,34.12,0.17
2026,2,M,TEN,15838,0.00,0.20,,0.00,0.00,0.00,0.00,0.96,0.01,3.30,34.05,0.14
2026,2,M,SF,11163,0.00,0.00,,0.00,0.00,0.00,0.00,0.00,0.00,2.00,28.38,0.26
2026,2,M,DEN,18562,0.00,0.09,,0.00,0.00,0.00,0.00,0.37,0.00,2.86,34.95,0.14
2026,2,M,IND,8627,0.00,0.00,,0.00,0.00,0.00,0.00,0.00,0.00,2.95,33.06,0.17
2026,2,M,MIA,19309,0.00,0.04,,0.00,0.00,0.00,0.00,0.18,0.00,2.42,30.19,0.21
2026,2,M,CAR,10215,0.00,0.00,,0.00,0.00,0.00,0.00,0.00,0.00,2.39,25.28,0.28
2026,2,M,DAL,17091,0.00,3.95,,0.00,0.00,0.00,0.00,27.10,0.09,0.80,6.54,0.05
2026,2,M,LAC,18478,0.00,0.13,,0.00,0.00,0.00,0.00,0.56,0.00,2.92,32.86,0.14
2026,2,M,MIN,14410,0.00,3.91,,0.00,0.00,0.00,0.00,19.59,0.11,1.36,9.42,0.09
2026,2,M,PHI,19231,0.00,0.11,,0.00,0.00,0.00,0.00,0.57,0.01,2.25,27.51,0.20
2026,2,M,NYG,19313,0.00,0.06,,0.00,0.00,0.00,0.00,0.23,0.00,2.30,26.81,0.22
2026,2,M,TB,16032,0.00,0.00,,0.00,0.00,0.00,0.00,0.00,0.00,2.97,27.87,0.19
2026,2,M,CLE,18526,0.00,5.02,,0.00,0.00,0.00,0.00,16.78,0.11,1.39,9.82,0.09
2026,2,M,HOU,16932,0.00,0.07,,0.00,0.00,0.00,0.00,0.43,0.00,1.72,24.99,0.21
2026,2,M,TB,17763,0.00,0.11,,0.00,0.00,0.00,0.00,0.54,0.00,1.82,24.23,0.22
2026,2,M,CIN,11698,0.00,4.64,,0.00,0.00,0.00,0.00,17.22,0.17,1.40,7.96,0.04
2026,2,M,BAL,13427,0.00,3.55,,0.00,0.00,0.00,0.00,14.22,0.12,1.50,10.32,0.09
2026,2,M,TEN,12616,0.00,0.04,,0.00,0.00,0.00,0.00,0.18,0.00,1.57,25.39,0.16
2026,2,M,NO,16898,0.00,5.09,,0.00,0.00,0.00,0.00,18.19,0.15,0.91,6.23,0.03
2026,2,M,TEN,18503,0.00,0.00,,0.00,0.00,0.00,0.00,0.00,0.00,2.78,23.22,0.20
2026,2,M,MIA,15891,0.00,0.00,,0.00,0.00,0.00,0.00,0.00,0.00,2.35,25.55,0.14
2026,2,M,NYJ,19314,0.00,0.17,,0.00,0.00,0.00,0.00,0.68,0.00,1.78,23.50,0.16
2026,2,M,CIN,12764,0.00,0.00,,0.00,0.00,0.00,0.00,0.00,0.00,2.49,22.95,0.16
2026,2,M,CHI,11429,0.00,0.19,,0.00,0.00,0.00,0.00,0.91,0.00,2.31,24.62,0.11
2026,2,M,LAR,14463,0.00,0.00,,0.00,0.00,0.00,0.00,0.00,0.00,2.14,20.10,0.20
2026,2,M,BUF,17792,0.00,4.32,,0.00,0.00,0.00,0.00,18.97,0.08,0.69,5.22,0.05
2026,2,M,MIN,19234,0.00,4.18,,0.00,0.00,0.00,0.00,19.21,0.12,0.55,3.79,0.03
2026,2,M,CAR,17734,0.00,0.00,,0.00,0.00,0.00,0.00,0.00,0.00,1.66,20.36,0.19
2026,2,M,PHI,16705,0.00,3.50,,0.00,0.00,0.00,0.00,17.27,0.15,0.35,3.05,0.03
2026,2,M,CIN,16965,0.00,0.20,,0.00,0.00,0.00,0.00,0.77,0.01,1.53,19.96,0.16
2026,2,M,HOU,18555,0.00,0.08,,0.00,0.00,0.00,0.00,0.37,0.00,1.54,20.11,0.17
2026,2,M,LV,19300,0.00,3.71,,0.00,0.00,0.00,0.00,15.47,0.12,0.86,5.20,0.04
2026,2,M,PIT,17043,0.00,0.03,,0.00,0.00,0.00,0.00,0.11,0.00,1.63,19.32,0.18
2026,2,M,NYG,13449,0.00,5.05,,0.00,0.00,0.00,0.00,19.28,0.12,0.40,2.26,0.02
2026,2,M,WAS,19237,0.00,0.11,,0.00,0.00,0.00,0.00,0.62,0.01,1.52,19.97,0.14
2026,2,M,DAL,13894,0.00,1.02,,0.00,0.00,0.00,0.00,6.16,0.03,1.02,15.63,0.10
2026,2,M,NYJ,19279,0.00,0.05,,0.00,0.00,0.00,0.00,0.21,0.00,2.23,19.76,0.15
2026,2,M,BUF,13587,0.00,2.48,,0.00,0.00,0.00,0.00,10.90,0.09,1.06,7.86,0.08
2026,2,M,WAS,18533,0.00,3.57,,0.00,0.00,0.00,0.00,16.39,0.13,0.37,2.91,0.03
2026,2,M,LAC,18481,0.00,0.00,,0.00,0.00,0.00,0.00,0.00,0.00,1.72,21.67,0.12
2026,2,M,NYG,14510,0.00,0.06,,0.00,0.00,0.00,0.00,0.24,0.00,1.45,20.90,0.12
2026,2,M,LV,18457,0.00,0.06,,0.00,0.00,0.00,0.00,0.25,0.00,1.74,21.24,0.11
2026,2,M,PIT,16889,0.00,0.00,,0.00,0.00,0.00,0.00,0.00,0.00,2.02,19.73,0.14
2026,2,M,NO,11732,0.00,3.59,,0.00,0.00,0.00,0.00,12.97,0.08,1.53,9.39,0.01
2026,2,M,DET,17760,0.00,3.71,,0.00,0.00,0.00,0.00,17.03,0.17,0.02,0.31,0.00
2026,2,M,ATL,15850,0.00,0.03,,0.00,0.00,0.00,0.00,0.13,0.00,1.42,18.41,0.14
2026,2,M,BUF,13466,0.00,0.00,,0.00,0.00,0.00,0.00,0.00,0.00,1.59,17.05,0.16
2026,2,M,DET,18642,0.00,0.05,,0.00,0.00,0.00,0.00,0.27,0.00,1.34,17.99,0.13
2026,2,M,TB,19320,0.00,0.09,,0.00,0.00,0.00,0.00,0.37,0.00,1.30,17.23,0.14
2026,2,M,NYJ,18535,0.00,0.00,,0.00,0.00,0.00,0.00,0.00,0.00,2.22,18.45,0.12
2026,2,M,KC,19240,0.00,3.02,,0.00,0.00,0.00,0.00,11.23,0.11,0.77,5.93,0.03
2026,2,M,GB,11807,0.00,0.00,,0.00,0.00,0.00,0.00,0.00,0.00,1.82,16.46,0.15
2026,2,M,ARI,11847,0.00,0.00,,0.00,0.00,0.00,0.00,0.00,0.00,1.66,20.78,0.07
2026,2,M,KC,15459,0.00,0.00,,0.00,0.00,0.00,0.00,0.00,0.00,1.79,19.03,0.09
2026,2,M,MIA,19450,0.00,0.00,,0.00,0.00,0.00,0.00,0.00,0.00,1.88,16.57,0.12
2026,2,M,NE,19348,0.00,0.00,,0.00,0.00,0.00,0.00,0.00,0.00,1.65,15.72,0.12
2026,2,M,LAR,18497,0.00,0.00,,0.00,0.00,0.00,0.00,0.00,0.00,1.31,15.15,0.12
2026,2,M,TEN,16036,0.00,0.00,,0.00,0.00,0.00,0.00,0.00,0.00,1.69,16.76,0.09
2026,2,M,LAC,11734,0.00,0.00,,0.00,0.00,0.00,0.00,0.00,0.00,1.65,14.84,0.12
2026,2,M,LAC,15924,0.00,0.11,,0.00,0.00,0.00,0.00,0.43,0.00,1.70,15.46,0.10
2026,2,M,SEA,18540,0.00,0.00,,0.00,0.00,0.00,0.00,0.00,0.00,1.23,15.65,0.10
2026,2,M,MIA,17800,0.00,2.42,,0.00,0.00,0.00,0.00,9.10,0.07,0.67,4.98,0.05
2026,2,M,CHI,14436,0.00,0.00,,0.00,0.00,0.00,0.00,0.00,0.00,1.66,15.68,0.09
2026,2,M,BUF,17732,0.00,0.04,,0.00,0.00,0.00,0.00,0.18,0.00,0.99,13.50,0.12
2026,2,M,DEN,11805,0.00,0.00,,0.00,0.00,0.00,0.00,0.00,0.00,2.20,17.26,0.06
2026,2,M,NYG,17021,0.00,0.00,,0.00,0.00,0.00,0.00,0.00,0.00,1.30,14.20,0.11
2026,2,M,NE,19126,0.00,0.05,,0.00,0.00,0.00,0.00,0.20,0.00,1.06,13.43,0.12
2026,2,M,ATL,13833,0.00,0.23,,0.00,0.00,0.00,0.00,1.11,0.01,1.26,13.58,0.09
2026,2,M,TEN,18552,0.00,0.00,,0.00,0.00,0.00,0.00,0.00,0.00,1.00,14.36,0.10
2026,2,M,BAL,17728,0.00,0.06,,0.00,0.00,0.00,0.00,0.25,0.00,0.89,12.64,0.12
2026,2,M,MIA,18450,0.00,2.21,,0.00,0.00,0.00,0.00,6.44,0.10,0.69,4.27,0.05
2026,2,M,DEN,16849,0.00,0.44,,0.00,0.00,0.00,0.00,1.82,0.02,1.14,12.23,0.07
2026,2,M,IND,19303,0.00,2.89,,0.00,0.00,0.00,0.00,10.59,0.08,0.46,2.93,0.02
2026,2,M,ATL,19262,0.00,0.15,,0.00,0.00,0.00,0.00,0.67,0.01,1.25,13.82,0.07
2026,2,M,SEA,17593,0.00,2.58,,0.00,0.00,0.00,0.00,12.78,0.08,0.15,1.02,0.01
2026,2,M,NO,19336,0.00,0.00,,0.00,0.00,0.00,0.00,0.00,0.00,1.30,14.78,0.06
2026,2,M,LV,16666,0.00,0.00,,0.00,0.00,0.00,0.00,0.00,0.00,1.68,15.34,0.05
2026,2,M,PHI,17802,0.00,2.42,,0.00,0.00,0.00,0.00,7.10,0.08,0.51,3.94,0.04
2026,2,M,NO,13426,0.00,0.00,,0.00,0.00,0.00,0.00,0.00,0.00,1.45,13.93,0.07
2026,2,M,CAR,15371,0.00,0.00,,0.00,0.00,0.00,0.00,0.00,0.00,1.24,10.72,0.11
2026,2,M,HOU,19352,0.00,0.00,,0.00,0.00,0.00,0.00,0.00,0.00,1.19,11.17,0.10
2026,2,M,TB,16728,0.00,2.11,,0.00,0.00,0.00,0.00,8.48,0.12,0.12,0.80,0.01
2026,2,M,WAS,15289,0.00,0.00,,0.00,0.00,0.00,0.00,0.00,0.00,1.11,11.91,0.08
2026,2,M,NYJ,17057,0.00,1.11,,0.00,0.00,0.00,0.00,4.98,0.04,0.82,5.66,0.05
2026,2,M,MIN,13786,0.00,0.00,,0.00,0.00,0.00,0.00,0.00,0.00,1.06,10.97,0.08
2026,2,M,DEN,19241,0.00,2.10,,0.00,0.00,0.00,0.00,8.04,0.05,0.54,2.94,0.02
2026,2,M,GB,18515,0.00,2.04,,0.00,0.00,0.00,0.00,7.83,0.07,0.25,1.91,0.02
2026,2,M,CLE,18502,0.00,0.18,,0.00,0.00,0.00,0.00,0.76,0.01,0.54,9.53,0.07
2026,2,M,WAS,17833,0.00,0.00,,0.00,0.00,0.00,0.00,0.00,0.00,1.02,9.83,0.08
2026,2,M,CIN,17696,0.00,0.00,,0.00,0.00,0.00,0.00,0.00,0.00,1.16,9.81,0.08
2026,2,M,PHI,13502,0.00,0.00,,0.00,0.00,0.00,0.00,0.00,0.00,0.72,9.46,0.08
2026,2,M,ARI,16959,0.00,0.00,,0.00,0.00,0.00,0.00,0.00,0.00,1.30,11.23,0.05
2026,2,M,LAR,17081,0.00,0.00,,0.00,0.00,0.00,0.00,0.00,0.00,0.87,9.29,0.08
2026,2,M,SF,15566,0.00,0.00,,0.00,0.00,0.00,0.00,0.00,0.00,1.02,9.32,0.08
2026,2,M,NYG,17967,0.00,2.03,,0.00,0.00,0.00,0.00,8.08,0.03,0.49,2.93,0.02
2026,2,M,SEA,17772,0.00,0.06,,0.00,0.00,0.00,0.00,0.32,0.00,0.67,9.02,0.07
2026,2,M,ATL,10748,0.00,0.00,,0.00,0.00,0.00,0.00,0.00,0.00,0.99,9.57,0.06
2026,2,M,CLE,17319,0.00,1.19,,0.00,0.00,0.00,0.00,5.26,0.04,0.55,3.58,0.03
2026,2,M,WAS,18643,0.00,0.22,,0.00,0.00,0.00,0.00,1.13,0.01,0.47,7.39,0.06
2026,2,M,DET,15681,0.00,0.00,,0.00,0.00,0.00,0.00,0.00,0.00,1.04,8.94,0.06
2026,2,M,NYG,9255,0.00,0.00,,0.00,0.00,0.00,0.00,0.00,0.00,0.75,8.30,0.07
2026,2,M,NO,18544,0.00,0.00,,0.00,0.00,0.00,0.00,0.00,0.00,1.05,9.89,0.04
2026,2,M,BUF,15447,0.00,0.00,,0.00,0.00,0.00,0.00,0.00,0.00,0.68,9.82,0.04
2026,2,M,JAX,18476,0.00,0.95,,0.00,0.00,0.00,0.00,3.39,0.02,1.04,5.14,0.04
2026,2,M,NO,19319,0.00,0.00,,0.00,0.00,0.00,0.00,0.00,0.00,0.79,9.73,0.04
2026,2,M,CHI,18938,0.00,0.00,,0.00,0.00,0.00,0.00,0.00,0.00,0.58,8.07,0.06
2026,2,M,BAL,10994,0.00,0.00,,0.00,0.00,0.00,0.00,0.00,0.00,0.62,8.66,0.05
2026,2,M,TB,18484,0.00,0.10,,0.00,0.00,0.00,0.00,0.35,0.00,0.54,6.71,0.07
2026,2,M,MIN,18553,0.00,0.04,,0.00,0.00,0.00,0.00,0.20,0.00,0.82,7.71,0.05
2026,2,M,PIT,19263,0.00,0.05,,0.00,0.00,0.00,0.00,0.24,0.00,0.61,6.97,0.06
2026,2,M,DEN,14541,0.00,0.00,,0.00,0.00,0.00,0.00,0.00,0.00,0.74,7.16,0.06
2026,2,M,HOU,17794,0.00,0.12,,0.00,0.00,0.00,0.00,0.55,0.00,0.71,6.68,0.06
2026,2,M,BUF,18538,0.00,0.00,,0.00,0.00,0.00,0.00,0.00,0.00,0.72,6.80,0.06
2026,2,M,BAL,19364,0.00,0.00,,0.00,0.00,0.00,0.00,0.00,0.00,0.69,6.83,0.06
2026,2,M,CLE,17130,0.00,0.00,,0.00,0.00,0.00,0.00,0.00,0.00,0.66,6.59,0.06
2026,2,M,DAL,16855,0.00,0.00,,0.00,0.00,0.00,0.00,0.00,0.00,0.66,7.24,0.05
2026,2,M,LAR,10854,0.00,0.00,,0.00,0.00,0.00,0.00,0.00,0.00,0.69,7.14,0.05
2026,2,M,CIN,13809,0.00,0.00,,0.00,0.00,0.00,0.00,0.00,0.00,0.85,6.72,0.05
2026,2,M,NYJ,17977,0.00,0.17,,0.00,0.00,0.00,0.00,0.90,0.00,0.76,6.98,0.03
2026,2,M,TEN,18641,0.00,0.41,,0.00,0.00,0.00,0.00,1.28,0.01,0.53,5.31,0.04
2026,2,M,JAX,19321,0.00,0.17,,0.00,0.00,0.00,0.00,0.67,0.01,0.52,5.91,0.04
2026,2,M,DET,17584,0.00,0.74,,0.00,0.00,0.00,0.00,3.76,0.04,0.34,2.22,0.02
2026,2,M,LAR,17688,0.00,0.07,,0.00,0.00,0.00,0.00,0.39,0.00,0.68,6.63,0.04
2026,2,M,PHI,12316,0.00,0.00,,0.00,0.00,0.00,0.00,0.00,0.00,0.59,6.28,0.05
2026,2,M,DEN,13565,0.00,0.00,,0.00,0.00,0.00,0.00,0.00,0.00,0.56,6.17,0.05
2026,2,M,CHI,19357,0.00,0.00,,0.00,0.00,0.00,0.00,0.00,0.00,0.72,6.53,0.04
2026,2,M,DEN,17719,0.00,0.11,,0.00,0.00,0.00,0.00,0.37,0.00,0.48,5.45,0.05
2026,2,M,MIA,19322,0.00,0.00,,0.00,0.00,0.00,0.00,0.00,0.00,0.55,6.20,0.04
2026,2,M,DAL,17908,0.00,0.00,,0.00,0.00,0.00,0.00,0.00,0.00,0.53,5.81,0.04
2026,2,M,HOU,13822,0.00,0.00,,0.00,0.00,0.00,0.00,0.00,0.00,0.46,5.07,0.05
2026,2,M,JAX,18578,0.00,0.13,,0.00,0.00,0.00,0.00,0.48,0.00,0.53,5.78,0.03
2026,2,M,SF,18647,0.00,0.00,,0.00,0.00,0.00,0.00,0.00,0.00,0.51,5.56,0.04
2026,2,M,LAC,19318,0.00,0.00,,0.00,0.00,0.00,0.00,0.00,0.00,0.47,5.49,0.04
2026,2,M,NE,18889,0.00,0.00,,0.00,0.00,0.00,0.00,0.00,0.00,0.44,6.02,0.03
2026,2,M,NYG,15468,0.00,0.86,,0.00,0.00,0.00,0.00,3.20,0.02,0.39,2.09,0.02
2026,2,M,GB,16005,0.00,0.07,,0.00,0.00,0.00,0.00,0.39,0.00,0.39,5.07,0.03
2026,2,M,WAS,15274,0.00,0.07,,0.00,0.00,0.00,0.00,0.38,0.00,0.36,4.70,0.03
2026,2,M,JAX,19448,0.00,0.00,,0.00,0.00,0.00,0.00,0.00,0.00,0.58,5.02,0.03
2026,2,M,IND,13854,0.00,0.07,,0.00,0.00,0.00,0.00,0.45,0.00,0.36,4.29,0.03
2026,2,M,LAR,17467,0.00,0.09,,0.00,0.00,0.00,0.00,0.53,0.00,0.35,4.80,0.02
2026,2,M,IND,12196,0.00,0.00,,0.00,0.00,0.00,0.00,0.00,0.00,0.46,4.59,0.03
2026,2,M,LAR,19278,0.00,0.00,,0.00,0.00,0.00,0.00,0.00,0.00,0.46,4.54,0.03
2026,2,M,CIN,18519,0.00,0.77,,0.00,0.00,0.00,0.00,2.20,0.03,0.23,1.43,0.01
2026,2,M,JAX,19349,0.00,0.00,,0.00,0.00,0.00,0.00,0.00,0.00,0.48,4.21,0.03
2026,2,M,LAC,17821,0.00,0.85,,0.00,0.00,0.00,0.00,3.32,0.01,0.19,1.42,0.01
2026,2,M,BAL,19310,0.00,0.01,,0.00,0.00,0.00,0.00,0.03,0.00,0.32,4.05,0.03
2026,2,M,CAR,18545,0.00,0.00,,0.00,0.00,0.00,0.00,0.00,0.00,0.41,4.10,0.03
2026,2,M,CAR,17330,0.00,0.00,,0.00,0.00,0.00,0.00,0.00,0.00,0.46,3.97,0.03
2026,2,M,DAL,15990,0.00,0.36,,0.00,0.00,0.00,0.00,1.78,0.01,0.26,2.00,0.02
2026,2,M,MIA,19681,0.00,0.00,,0.00,0.00,0.00,0.00,0.00,0.00,0.38,3.59,0.03
2026,2,M,DEN,15893,0.00,0.28,,0.00,0.00,0.00,0.00,1.23,0.01,0.40,2.32,0.02
2026,2,M,NYJ,15996,0.00,0.00,,0.00,0.00,0.00,0.00,0.00,0.00,0.44,3.27,0.03
2026,2,M,KC,19631,0.00,0.00,,0.00,0.00,0.00,0.00,0.00,0.00,0.28,3.91,0.02
2026,2,M,BAL,19426,0.00,0.00,,0.00,0.00,0.00,0.00,0.00,0.00,0.33,3.22,0.03
2026,2,M,NE,18532,0.00,0.81,,0.00,0.00,0.00,0.00,3.47,0.02,0.05,0.37,0.00
2026,2,M,CHI,19259,0.00,0.12,,0.00,0.00,0.00,0.00,0.49,0.00,0.25,3.00,0.02
2026,2,M,PIT,19335,0.00,0.21,,0.00,0.00,0.00,0.00,0.94,0.01,0.19,1.71,0.02
2026,2,M,BAL,12807,0.00,0.00,,0.00,0.00,0.00,0.00,0.00,0.00,0.34,3.29,0.02
2026,2,M,DET,15918,0.00,0.00,,0.00,0.00,0.00,0.00,0.00,0.00,0.27,3.14,0.02
2026,2,M,LAR,17030,0.00,0.00,,0.00,0.00,0.00,0.00,0.00,0.00,0.34,2.97,0.02
2026,2,M,CIN,19447,0.00,0.00,,0.00,0.00,0.00,0.00,0.00,0.00,0.27,2.98,0.02
2026,2,M,SF,17008,0.00,0.00,,0.00,0.00,0.00,0.00,0.00,0.00,0.21,2.77,0.02
2026,2,M,GB,15935,0.00,0.18,,0.00,0.00,0.00,0.00,1.01,0.01,0.12,1.64,0.01
2026,2,M,DAL,16937,0.00,0.00,,0.00,0.00,0.00,0.00,0.00,0.00,0.17,2.71,0.02
2026,2,M,TEN,15921,0.00,0.66,,0.00,0.00,0.00,0.00,2.69,0.01,0.07,0.42,0.00
2026,2,M,LAR,19316,0.00,0.04,,0.00,0.00,0.00,0.00,0.24,0.00,0.18,2.26,0.02
2026,2,M,ATL,14608,0.00,0.00,,0.00,0.00,0.00,0.00,0.00,0.00,0.33,2.53,0.02
2026,2,M,CLE,15310,0.00,0.00,,0.00,0.00,0.00,0.00,0.00,0.00,0.20,2.50,0.02
2026,2,M,KC,18529,0.00,0.53,,0.00,0.00,0.00,0.00,1.74,0.01,0.15,1.22,0.00
2026,2,M,CAR,16069,0.00,0.09,,0.00,0.00,0.00,0.00,0.34,0.00,0.19,1.95,0.02
2026,2,M,WAS,15896,0.00,0.15,,0.00,0.00,0.00,0.00,0.76,0.01,0.12,1.58,0.01
2026,2,M,MIA,19276,0.00,0.00,,0.00,0.00,0.00,0.00,0.00,0.00,0.22,2.15,0.02
2026,2,M,MIA,16010,0.00,0.00,,0.00,0.00,0.00,0.00,0.00,0.00,0.17,2.18,0.02
2026,2,M,LV,17818,0.00,0.57,,0.00,0.00,0.00,0.00,1.67,0.02,0.09,0.57,0.00
2026,2,M,CAR,14370,0.00,0.53,,0.00,0.00,0.00,0.00,2.27,0.01,0.08,0.48,0.00
2026,2,M,IND,18443,0.00,0.39,,0.00,0.00,0.00,0.00,1.39,0.01,0.13,0.82,0.01
2026,2,M,CIN,19258,0.00,0.00,,0.00,0.00,0.00,0.00,0.00,0.00,0.25,2.11,0.02
2026,2,M,TB,18307,0.00,0.05,,0.00,0.00,0.00,0.00,0.24,0.00,0.15,1.83,0.02
2026,2,M,PHI,18958,0.00,0.00,,0.00,0.00,0.00,0.00,0.00,0.00,0.20,2.02,0.02
2026,2,M,CAR,17748,0.00,0.00,,0.00,0.00,0.00,0.00,0.00,0.00,0.25,1.98,0.02
2026,2,M,TB,16720,0.00,0.00,,0.00,0.00,0.00,0.00,0.00,0.00,0.20,1.92,0.02
2026,2,M,HOU,15369,0.00,0.00,,0.00,0.00,0.00,0.00,0.00,0.00,0.18,1.78,0.02
2026,2,M,WAS,17820,0.00,0.00,,0.00,0.00,0.00,0.00,0.00,0.00,0.18,2.28,0.01
2026,2,M,CIN,19247,0.00,0.07,,0.00,0.00,0.00,0.00,0.28,0.00,0.17,1.93,0.01
2026,2,M,DET,14246,0.00,0.00,,0.00,0.00,0.00,0.00,0.00,0.00,0.18,2.17,0.01
2026,2,M,CHI,16772,0.00,0.38,,0.00,0.00,0.00,0.00,1.31,0.02,0.00,0.00,0.00
2026,2,M,LV,15922,0.00,0.00,,0.00,0.00,0.00,0.00,0.00,0.00,0.16,1.89,0.01
2026,2,M,IND,16277,0.00,0.00,,0.00,0.00,0.00,0.00,0.00,0.00,0.17,1.69,0.01
2026,2,M,ARI,19445,0.00,0.00,,0.00,0.00,0.00,0.00,0.00,0.00,0.13,1.57,0.01
2026,2,M,GB,16866,0.00,0.00,,0.00,0.00,0.00,0.00,0.00,0.00,0.17,1.55,0.01
2026,2,M,SEA,11897,0.00,0.00,,0.00,0.00,0.00,0.00,0.00,0.00,0.18,1.60,0.01
2026,2,M,LAR,16108,0.00,0.28,,0.00,0.00,0.00,0.00,1.45,0.01,0.02,0.12,0.00
2026,2,M,JAX,15460,0.00,0.00,,0.00,0.00,0.00,0.00,0.00,0.00,0.18,1.56,0.01
2026,2,M,ARI,17185,0.00,0.00,,0.00,0.00,0.00,0.00,0.00,0.00,0.12,1.47,0.01
2026,2,M,DET,12809,0.00,0.00,,0.00,0.00,0.00,0.00,0.00,0.00,0.14,1.42,0.01
2026,2,M,NYJ,18646,0.00,0.07,,0.00,0.00,0.00,0.00,0.27,0.00,0.11,1.14,0.01
2026,2,M,NYJ,15821,0.00,0.00,,0.00,0.00,0.00,0.00,0.00,0.00,0.12,1.31,0.01
2026,2,M,BUF,19251,0.00,0.03,,0.00,0.00,0.00,0.00,0.15,0.00,0.09,1.06,0.01
2026,2,M,JAX,10126,0.00,0.17,,0.00,0.00,0.00,0.00,0.64,0.01,0.10,0.51,0.00
2026,2,M,KC,18550,0.00,0.01,,0.00,0.00,0.00,0.00,0.02,0.00,0.08,1.21,0.01
2026,2,M,PHI,15280,0.00,0.00,,0.00,0.00,0.00,0.00,0.00,0.00,0.10,1.17,0.01
2026,2,M,LV,12858,0.00,0.00,,0.00,0.00,0.00,0.00,0.00,0.00,0.12,1.08,0.01
2026,2,M,DEN,16992,0.00,0.00,,0.00,0.00,0.00,0.00,0.00,0.00,0.13,1.06,0.01
2026,2,M,NYG,10033,0.00,0.00,,0.00,0.00,0.00,0.00,0.00,0.00,0.13,1.14,0.01
2026,2,M,BAL,18567,0.00,0.06,,0.00,0.00,0.00,0.00,0.21,0.00,0.06,0.83,0.01
2026,2,M,BAL,17026,0.00,0.13,,0.00,0.00,0.00,0.00,0.40,0.00,0.08,0.60,0.01
2026,2,M,NE,16931,0.00,0.00,,0.00,0.00,0.00,0.00,0.00,0.00,0.10,0.94,0.01
2026,2,M,PIT,15467,0.00,0.00,,0.00,0.00,0.00,0.00,0.00,0.00,0.09,0.89,0.01
2026,2,M,CLE,19608,0.00,0.00,,0.00,0.00,0.00,0.00,0.00,0.00,0.09,0.84,0.01
2026,2,M,IND,19315,0.00,0.00,,0.00,0.00,0.00,0.00,0.00,0.00,0.08,0.83,0.01
2026,2,M,DEN,19363,0.00,0.00,,0.00,0.00,0.00,0.00,0.00,0.00,0.09,0.80,0.01
2026,2,M,CLE,17777,0.00,0.13,,0.00,0.00,0.00,0.00,0.88,0.00,0.04,0.47,0.00
2026,2,M,PHI,16337,0.00,0.00,,0.00,0.00,0.00,0.00,0.00,0.00,0.06,0.61,0.01
2026,2,M,KC,18542,0.00,0.00,,0.00,0.00,0.00,0.00,0.00,0.00,0.10,1.02,0.00
2026,2,M,HOU,18300,0.00,0.11,,0.00,0.00,0.00,0.00,0.60,0.00,0.05,0.37,0.00
2026,2,M,LAC,16939,0.00,0.14,,0.00,0.00,0.00,0.00,0.60,0.00,0.05,0.43,0.00
2026,2,M,ARI,14636,0.00,0.04,,0.00,0.00,0.00,0.00,0.16,0.00,0.07,0.69,0.00
2026,2,M,KC,16744,0.00,0.03,,0.00,0.00,0.00,0.00,0.14,0.00,0.04,0.71,0.00
2026,2,M,PIT,19340,0.00,0.05,,0.00,0.00,0.00,0.00,0.21,0.00,0.04,0.47,0.00
2026,2,M,NYJ,15579,0.00,0.18,,0.00,0.00,0.00,0.00,0.61,0.00,0.01,0.07,0.00
2026,2,M,LAR,15229,0.00,0.01,,0.00,0.00,0.00,0.00,0.03,0.00,0.03,0.52,0.00
2026,2,M,TEN,15245,0.00,0.00,,0.00,0.00,0.00,0.00,0.00,0.00,0.06,0.60,0.00
2026,2,M,MIN,19095,0.00,0.00,,0.00,0.00,0.00,0.00,0.00,0.00,0.04,0.52,0.00
2026,2,M,CAR,15324,0.00,0.05,,0.00,0.00,0.00,0.00,0.20,0.00,0.02,0.17,0.00
2026,2,M,TB,19452,0.00,0.00,,0.00,0.00,0.00,0.00,0.00,0.00,0.05,0.39,0.00
2026,2,M,PIT,12389,0.00,0.00,,0.00,0.00,0.00,0.00,0.00,0.00,0.03,0.27,0.00
2026,2,M,SF,18485,0.00,0.06,,0.00,0.00,0.00,0.00,0.27,0.00,0.01,0.04,0.00
2026,2,M,TB,16282,0.00,0.00,,0.00,0.00,0.00,0.00,0.00,0.00,0.02,0.17,0.00
2026,2,M,LV,16716,0.00,0.00,,0.00,0.00,0.00,0.00,0.00,0.00,0.00,0.00,0.00
2026,2,M,MIA,18530,0.00,0.00,,0.00,0.00,0.00,0.00,0.00,0.00,0.00,0.00,0.00
2026,2,M,NYG,10037,0.00,0.00,,0.00,0.00,0.00,0.00,0.00,0.00,0.00,0.00,0.00
2026,2,M,LV,18558,0.00,0.00,,0.00,0.00,0.00,0.00,0.00,0.00,0.00,0.00,0.00
2026,2,M,TEN,18518,0.00,0.00,,0.00,0.00,0.00,0.00,0.00,0.00,0.00,0.00,0.00
2026,2,M,IND,16653,0.00,0.00,,0.00,0.00,0.00,0.00,0.00,0.00,0.00,0.00,0.00
2026,2,M,PIT,19286,0.00,0.00,,0.00,0.00,0.00,0.00,0.00,0.00,0.00,0.00,0.00
2026,2,M,SF,14386,0.00,0.00,,0.00,0.00,0.00,0.00,0.00,0.00,0.00,0.00,0.00
2026,2,M,LV,19432,0.00,0.00,,0.00,0.00,0.00,0.00,0.00,0.00,0.00,0.04,0.00
2026,2,M,PHI,19296,0.00,0.00,,0.00,0.00,0.00,0.00,0.00,0.00,0.00,0.00,0.00
2026,2,M,NO,17684,0.00,0.00,,0.00,0.00,0.00,0.00,0.00,0.00,0.00,0.00,0.00
2026,2,M,BUF,12623,0.00,0.00,,0.00,0.00,0.00,0.00,0.00,0.00,0.00,0.00,0.00
2026,2,M,CLE,18479,0.00,0.00,,0.00,0.00,0.00,0.00,0.00,0.00,0.00,0.00,0.00
2026,2,M,NYG,15874,0.00,0.00,,0.00,0.00,0.00,0.00,0.00,0.00,0.00,0.00,0.00
2026,2,M,ATL,14465,0.00,0.00,,0.00,0.00,0.00,0.00,0.00,0.00,0.00,0.00,0.00
2026,2,M,IND,17014,0.00,0.00,,0.00,0.00,0.00,0.00,0.00,0.00,0.00,0.00,0.00
2026,2,M,NO,19233,0.00,0.00,,0.00,0.00,0.00,0.00,0.00,0.00,0.00,0.00,0.00
2026,2,M,MIA,18498,0.00,0.00,,0.00,0.00,0.00,0.00,0.00,0.00,0.00,0.00,0.00
2026,2,M,CHI,16946,0.00,0.00,,0.00,0.00,0.00,0.00,0.00,0.00,0.00,0.00,0.00
2026,2,M,HOU,15542,0.00,0.00,,0.00,0.00,0.00,0.00,0.00,0.00,0.00,0.00,0.00
2026,2,M,MIN,16163,0.00,0.00,,0.00,0.00,0.00,0.00,0.00,0.00,0.00,0.00,0.00
2026,2,M,ARI,19287,0.00,0.00,,0.00,0.00,0.00,0.00,0.00,0.00,0.00,0.00,0.00
2026,2,M,WAS,11767,0.00,0.00,,0.00,0.00,0.00,0.00,0.00,0.00,0.00,0.00,0.00
2026,2,M,LAR,16871,0.00,0.00,,0.00,0.00,0.00,0.00,0.00,0.00,0.00,0.00,0.00
2026,2,M,ARI,13741,0.00,0.00,,0.00,0.00,0.00,0.00,0.00,0.00,0.00,0.00,0.00
2026,2,M,ARI,17767,0.00,0.00,,0.00,0.00,0.00,0.00,0.00,0.00,0.00,0.00,0.00
2026,2,M,GB,16663,0.00,0.00,,0.00,0.00,0.00,0.00,0.00,0.00,0.00,0.00,0.00
2026,2,M,SEA,17040,0.00,0.00,,0.00,0.00,0.00,0.00,0.00,0.00,0.00,0.00,0.00
2026,2,M,DET,16104,0.00,0.00,,0.00,0.00,0.00,0.00,0.00,0.00,0.00,0.00,0.00
2026,2,M,CAR,19239,0.00,0.00,,0.00,0.00,0.00,0.00,0.00,0.00,0.00,0.00,0.00
2026,2,M,ATL,17700,0.00,0.00,,0.00,0.00,0.00,0.00,0.00,0.00,0.00,0.00,0.00
2026,2,M,DET,9245,0.00,0.00,,0.00,0.00,0.00,0.00,0.00,0.00,0.00,0.00,0.00
2026,2,M,NO,17782,0.00,0.00,,0.00,0.00,0.00,0.00,0.00,0.00,0.00,0.00,0.00
2026,2,M,NE,13432,0.00,0.00,,0.00,0.00,0.00,0.00,0.00,0.00,0.00,0.00,0.00
2026,2,M,PIT,12629,0.00,0.00,,0.00,0.00,0.00,0.00,0.00,0.00,0.00,0.00,0.00
2026,2,M,PHI,16039,0.00,0.00,,0.00,0.00,0.00,0.00,0.00,0.00,0.00,0.00,0.00
2026,2,M,TB,13634,0.00,0.00,,0.00,0.00,0.00,0.00,0.00,0.00,0.00,0.00,0.00
2026,2,M,DAL,13525,0.00,0.00,,0.00,0.00,0.00,0.00,0.00,0.00,0.00,0.00,0.00
2026,2,M,PHI,18539,0.00,0.00,,0.00,0.00,0.00,0.00,0.00,0.00,0.00,0.00,0.00
2026,2,M,NO,9317,0.00,0.00,,0.00,0.00,0.00,0.00,0.00,0.00,0.00,0.00,0.00
2026,2,M,MIN,8986,0.00,0.00,,0.00,0.00,0.00,0.00,0.00,0.00,0.00,0.00,0.00
2026,2,M,NO,15979,0.00,0.00,,0.00,0.00,0.00,0.00,0.00,0.00,0.00,0.00,0.00
2026,2,M,NYJ,19425,0.00,0.00,,0.00,0.00,0.00,0.00,0.00,0.00,0.00,0.00,0.00
2026,2,M,SEA,16897,0.00,0.00,,0.00,0.00,0.00,0.00,0.00,0.00,0.00,0.00,0.00
2026,2,M,NO,15330,0.00,0.00,,0.00,0.00,0.00,0.00,0.00,0.00,0.00,0.00,0.00
2026,2,M,LAC,15198,0.00,0.00,,0.00,0.00,0.00,0.00,0.00,0.00,0.00,0.00,0.00
2026,2,M,ARI,11691,0.00,0.00,,0.00,0.00,0.00,0.00,0.00,0.00,0.00,0.00,0.00
2026,2,M,DET,19443,0.00,0.00,,0.00,0.00,0.00,0.00,0.00,0.00,0.00,0.00,0.00
2026,2,M,BAL,19230,0.00,0.00,,0.00,0.00,0.00,0.00,0.00,0.00,0.00,0.00,0.00
2026,2,M,MIA,18482,0.00,0.00,,0.00,0.00,0.00,0.00,0.00,0.00,0.00,0.00,0.00
2026,2,M,IND,18513,0.00,0.00,,0.00,0.00,0.00,0.00,0.00,0.00,0.00,0.00,0.00
2026,2,M,PHI,7355,0.00,0.00,,0.00,0.00,0.00,0.00,0.00,0.00,0.00,0.00,0.00
2026,2,M,WAS,10074,0.00,0.00,,0.00,0.00,0.00,0.00,0.00,0.00,0.00,0.00,0.00
2026,2,M,TB,19292,0.00,0.00,,0.00,0.00,0.00,0.00,0.00,0.00,0.00,0.00,0.00
2026,2,M,MIN,17689,0.00,0.00,,0.00,0.00,0.00,0.00,0.00,0.00,0.00,0.00,0.00
2026,2,M,SEA,12490,0.00,0.00,,0.00,0.00,0.00,0.00,0.00,0.00,0.00,0.00,0.00
2026,2,M,PHI,16686,0.00,0.00,,0.00,0.00,0.00,0.00,0.00,0.00,0.00,0.00,0.00
2026,2,M,DAL,15828,0.00,0.00,,0.00,0.00,0.00,0.00,0.00,0.00,0.00,0.00,0.00
2026,2,M,LV,19281,0.00,0.00,,0.00,0.00,0.00,0.00,0.00,0.00,0.00,0.00,0.00
2026,2,M,HOU,16935,0.00,0.00,,0.00,0.00,0.00,0.00,0.00,0.00,0.00,0.00,0.00
2026,2,M,SEA,18477,0.00,0.00,,0.00,0.00,0.00,0.00,0.00,0.00,0.00,0.00,0.00
2026,2,M,NE,16797,0.00,0.00,,0.00,0.00,0.00,0.00,0.00,0.00,0.00,0.00,0.00
2026,2,M,NE,19293,0.00,0.00,,0.00,0.00,0.00,0.00,0.00,0.00,0.00,0.00,0.00
2026,2,M,DET,11834,0.00,0.00,,0.00,0.00,0.00,0.00,0.00,0.00,0.00,0.00,0.00
2026,2,M,MIN,13613,0.00,0.00,,0.00,0.00,0.00,0.00,0.00,0.00,0.00,0.00,0.00
2026,2,M,NO,17788,0.00,0.00,,0.00,0.00,0.00,0.00,0.00,0.00,0.00,0.00,0.00
2026,2,M,KC,19283,0.00,0.00,,0.00,0.00,0.00,0.00,0.00,0.00,0.00,0.00,0.00
2026,2,M,CAR,18506,0.00,0.00,,0.00,0.00,0.00,0.00,0.00,0.00,0.00,0.00,0.00
2026,2,M,NYG,14318,0.00,0.00,,0.00,0.00,0.00,0.00,0.00,0.00,0.00,0.00,0.00
2026,2,M,JAX,18505,0.00,0.00,,0.00,0.00,0.00,0.00,0.00,0.00,0.00,0.00,0.00
2026,2,M,NYJ,12061,0.00,0.00,,0.00,0.00,0.00,0.00,0.00,0.00,0.00,0.00,0.00
2026,2,M,KC,15416,0.00,0.00,,0.00,0.00,0.00,0.00,0.00,0.00,0.00,0.00,0.00
2026,2,M,SF,17761,0.00,0.00,,0.00,0.00,0.00,0.00,0.00,0.00,0.00,0.00,0.00
2026,2,M,CIN,5648,0.00,0.00,,0.00,0.00,0.00,0.00,0.00,0.00,0.00,0.00,0.00
2026,2,M,CAR,15841,0.00,0.00,,0.00,0.00,0.00,0.00,0.00,0.00,0.00,0.00,0.00
2026,2,M,CLE,18496,0.00,0.00,,0.00,0.00,0.00,0.00,0.00,0.00,0.00,0.00,0.00
2026,2,M,BAL,19301,0.00,0.00,,0.00,0.00,0.00,0.00,0.00,0.00,0.00,0.00,0.00
2026,2,M,CLE,19289,0.00,0.00,,0.00,0.00,0.00,0.00,0.00,0.00,0.00,0.00,0.00
2026,2,M,ARI,17966,0.00,0.00,,0.00,0.00,0.00,0.00,0.00,0.00,0.00,0.00,0.00
2026,2,M,SF,17947,0.00,0.00,,0.00,0.00,0.00,0.00,0.00,0.00,0.00,0.00,0.00
2026,2,M,CLE,19312,0.00,0.00,,0.00,0.00,0.00,0.00,0.00,0.00,0.00,0.00,0.00
2026,2,M,KC,19351,0.00,0.00,,0.00,0.00,0.00,0.00,0.00,0.00,0.00,0.00,0.00
2026,2,M,CLE,18467,0.00,0.00,,0.00,0.00,0.00,0.00,0.00,0.00,0.00,0.00,0.00
2026,2,M,HOU,18551,0.00,0.00,,0.00,0.00,0.00,0.00,0.00,0.00,0.00,0.00,0.00
2026,2,M,BUF,17555,0.00,0.00,,0.00,0.00,0.00,0.00,0.00,0.00,0.00,0.00,0.00
2026,2,M,NE,17335,0.00,0.00,,0.00,0.00,0.00,0.00,0.00,0.00,0.00,0.00,0.00
2026,2,M,LAR,19275,0.00,0.00,,0.00,0.00,0.00,0.00,0.00,0.00,0.00,0.00,0.00
2026,2,M,PIT,18512,0.00,0.00,,0.00,0.00,0.00,0.00,0.00,0.00,0.00,0.00,0.00
2026,2,M,DEN,13438,0.00,0.00,,0.00,0.00,0.00,0.00,0.00,0.00,0.00,0.00,0.00
2026,2,M,DAL,15825,0.00,0.00,,0.00,0.00,0.00,0.00,0.00,0.00,0.00,0.00,0.00
2026,2,M,SF,19330,0.00,0.00,,0.00,0.00,0.00,0.00,0.00,0.00,0.00,0.00,0.00
2026,2,M,BAL,14563,0.00,0.00,,0.00,0.00,0.00,0.00,0.00,0.00,0.00,0.00,0.00
2026,2,M,GB,7357,0.00,0.00,,0.00,0.00,0.00,0.00,0.00,0.00,0.00,0.00,0.00
2026,2,M,GB,13582,0.00,0.00,,0.00,0.00,0.00,0.00,0.00,0.00,0.00,0.00,0.00
2026,2,M,BAL,15974,0.00,0.00,,0.00,0.00,0.00,0.00,0.00,0.00,0.00,0.00,0.00
2026,2,M,SF,15402,0.00,0.00,,0.00,0.00,0.00,0.00,0.00,0.00,0.00,0.00,0.00
2026,2,M,SF,16418,0.00,0.00,,0.00,0.00,0.00,0.00,0.00,0.00,0.00,0.00,0.00
2026,2,M,WAS,19368,0.00,0.00,,0.00,0.00,0.00,0.00,0.00,0.00,0.00,0.00,0.00
2026,2,M,TEN,11709,0.00,0.00,,0.00,0.00,0.00,0.00,0.00,0.00,0.00,0.00,0.00
2026,2,M,TEN,19359,0.00,0.00,,0.00,0.00,0.00,0.00,0.00,0.00,0.00,0.00,0.00
2026,2,M,GB,18554,0.00,0.00,,0.00,0.00,0.00,0.00,0.00,0.00,0.00,0.00,0.00
2026,2,M,SF,12508,0.00,0.00,,0.00,0.00,0.00,0.00,0.00,0.00,0.00,0.00,0.00
2026,2,M,PHI,17011,0.00,0.00,,0.00,0.00,0.00,0.00,0.00,0.00,0.00,0.00,0.00
2026,2,M,NYJ,19284,0.00,0.00,,0.00,0.00,0.00,0.00,0.00,0.00,0.00,0.00,0.00
2026,2,M,MIN,18536,0.00,0.00,,0.00,0.00,0.00,0.00,0.00,0.00,0.00,0.00,0.00
2026,2,M,LAC,18650,0.00,0.00,,0.00,0.00,0.00,0.00,0.00,0.00,0.00,0.00,0.00
2026,2,C,BUF,12483,34.37,6.70,,24.57,283.96,2.22,0.00,35.29,0.83,0.00,0.00,0.00
2026,2,C,DET,16808,0.00,22.40,,0.00,0.00,0.00,0.00,140.48,1.82,5.96,36.41,0.30
2026,2,C,BAL,12561,30.24,11.20,,21.47,258.51,2.21,0.00,58.95,0.44,0.00,0.00,0.00
2026,2,C,PHI,14416,30.90,8.23,,21.84,249.76,2.10,0.00,38.82,0.82,0.00,0.00,0.00
2026,2,C,DAL,11008,38.90,2.88,,27.78,320.68,2.78,0.00,13.66,0.15,0.00,0.00,0.00
2026,2,C,NE,17673,35.56,6.51,,26.44,307.00,2.11,0.00,33.23,0.31,0.00,0.00,0.00
2026,2,C,WAS,17692,33.56,8.38,,23.68,258.66,1.99,0.00,49.42,0.51,0.00,0.00,0.00
2026,2,C,SF,15834,33.80,4.03,,24.85,297.61,2.62,0.00,18.34,0.28,0.00,0.00,0.00
2026,2,C,NYG,18574,33.97,8.33,,23.67,248.86,1.92,0.00,45.13,0.58,0.00,0.00,0.00
2026,2,C,GB,14371,37.18,3.46,,25.72,299.99,2.59,0.00,16.69,0.18,0.00,0.00,0.00
2026,2,C,MIA,15872,31.36,8.29,,23.18,250.44,1.71,0.00,44.01,0.58,0.00,0.00,0.00
2026,2,C,HOU,16886,35.26,3.57,,25.14,282.94,2.44,0.00,19.03,0.20,0.00,0.00,0.00
2026,2,C,KC,11839,36.20,4.77,,26.22,293.79,1.99,0.00,25.88,0.28,0.00,0.00,0.00
2026,2,C,CIN,14442,38.46,3.10,,28.57,293.67,2.53,0.00,10.32,0.16,0.00,0.00,0.00
2026,2,C,MIN,10856,35.53,3.65,,26.17,262.63,2.52,0.00,18.97,0.20,0.00,0.00,0.00
2026,2,C,JAX,15357,37.22,5.07,,25.35,280.30,1.87,0.00,20.34,0.46,0.00,0.00,0.00
2026,2,C,TB,12619,34.49,4.10,,24.24,262.87,2.35,0.00,20.52,0.22,0.00,0.00,0.00
2026,2,C,ATL,16739,0.00,23.33,,0.00,0.00,0.00,0.00,126.77,1.18,5.77,40.41,0.31
2026,2,C,LAC,14446,34.97,5.42,,25.17,276.12,1.83,0.00,25.99,0.30,0.00,0.00,0.00
2026,2,C,CHI,17695,35.26,6.50,,23.85,270.67,1.76,0.00,33.36,0.27,0.00,0.00,0.00
2026,2,C,LAR,5971,36.71,1.80,,25.52,299.04,2.29,0.00,6.36,0.11,0.00,0.00,0.00
2026,2,C,CAR,16807,35.24,4.89,,24.71,254.56,2.05,0.00,26.91,0.28,0.00,0.00,0.00
2026,2,C,PIT,4307,35.28,1.51,,24.85,261.70,2.56,0.00,5.63,0.07,0.00,0.00,0.00
2026,2,C,DET,10729,37.22,1.74,,26.81,299.13,2.02,0.00,5.90,0.11,0.00,0.00,0.00
2026,2,C,DEN,16995,37.28,4.80,,26.76,265.89,1.77,0.00,20.91,0.30,0.00,0.00,0.00
2026,2,C,NO,17037,38.05,4.74,,26.95,286.56,1.51,0.00,19.12,0.24,0.00,0.00,0.00
2026,2,C,CLE,11712,31.94,3.71,,25.40,256.32,1.89,0.00,16.26,0.22,0.00,0.00,0.00
2026,2,C,NYJ,8743,34.20,3.50,,24.92,259.16,1.88,0.00,14.81,0.15,0.00,0.00,0.00
2026,2,C,IND,13491,34.67,4.06,,24.06,261.80,1.64,0.00,18.68,0.21,0.00,0.00,0.00
2026,2,C,SF,11690,0.00,19.39,,0.00,0.00,0.00,0.00,95.80,0.97,6.31,44.24,0.46
2026,2,C,LAR,17690,0.00,21.01,,0.00,0.00,0.00,0.00,134.13,1.25,1.17,6.43,0.08
2026,2,C,SEA,13736,33.62,5.24,,22.76,242.18,1.37,0.00,26.58,0.28,0.00,0.00,0.00
2026,2,C,LV,8057,34.74,2.32,,25.43,268.55,1.75,0.00,6.84,0.13,0.00,0.00,0.00
2026,2,C,LAR,15807,0.00,18.33,,0.00,0.00,0.00,0.00,113.52,1.22,2.52,15.50,0.15
2026,2,C,ARI,10919,37.99,4.19,,26.12,268.64,1.25,0.00,14.67,0.18,0.00,0.00,0.00
2026,2,C,IND,14455,0.00,21.48,,0.00,0.00,0.00,0.00,106.62,1.10,3.75,24.30,0.18
2026,2,C,BUF,15876,0.00,18.47,,0.00,0.00,0.00,0.00,103.10,0.97,3.69,24.69,0.26
2026,2,C,PHI,12507,0.00,19.61,,0.00,0.00,0.00,0.00,98.40,0.95,3.78,27.16,0.27
2026,2,C,DAL,15306,0.00,20.75,,0.00,0.00,0.00,0.00,108.52,0.84,3.67,24.83,0.22
2026,2,C,TEN,16997,35.20,3.32,,23.55,240.46,1.23,0.00,13.59,0.20,0.00,0.00,0.00
2026,2,C,BAL,10819,0.00,21.50,,0.00,0.00,0.00,0.00,104.65,1.10,2.04,14.86,0.12
2026,2,C,MIA,16661,0.00,15.20,,0.00,0.00,0.00,0.00,89.24,0.79,5.13,32.15,0.33
2026,2,C,SEA,19299,0.00,19.29,,0.00,0.00,0.00,0.00,112.90,0.86,2.24,14.91,0.12
2026,2,C,NYG,18514,0.00,18.96,,0.00,0.00,0.00,0.00,89.17,0.91,3.70,25.52,0.24
2026,2,C,ATL,11841,32.62,3.01,,23.46,229.50,1.35,0.00,3.05,0.17,0.00,0.00,0.00
2026,2,C,KC,15909,0.00,18.41,,0.00,0.00,0.00,0.00,81.99,0.94,4.61,32.96,0.14
2026,2,C,HOU,13556,0.00,16.60,,0.00,0.00,0.00,0.00,87.65,0.97,2.87,20.17,0.19
2026,2,C,DAL,14411,0.00,0.20,,0.00,0.00,0.00,0.00,1.36,0.01,9.62,122.10,0.88
2026,2,C,LAR,16790,0.00,0.69,,0.00,0.00,0.00,0.00,5.67,0.05,10.36,121.19,0.75
2026,2,C,LV,18487,0.00,20.74,,0.00,0.00,0.00,0.00,87.94,0.89,3.98,20.03,0.22
2026,2,C,MIN,11763,0.00,16.96,,0.00,0.00,0.00,0.00,91.97,0.72,3.60,23.75,0.23
2026,2,C,LAC,18445,0.00,18.21,,0.00,0.00,0.00,0.00,86.80,0.75,5.29,27.93,0.19
2026,2,C,TB,17784,0.00,19.03,,0.00,0.00,0.00,0.00,81.19,0.74,4.38,30.45,0.25
2026,2,C,WAS,18811,0.00,15.09,,0.00,0.00,0.00,0.00,82.68,0.99,2.12,18.21,0.17
2026,2,C,SEA,16654,0.00,0.50,,0.00,0.00,0.00,0.00,2.93,0.02,9.78,119.78,0.76
2026,2,C,HOU,15200,0.00,0.25,,0.00,0.00,0.00,0.00,1.64,0.02,8.39,114.18,0.85
2026,2,C,CIN,16934,0.00,16.95,,0.00,0.00,0.00,0.00,71.79,0.71,5.26,27.24,0.34
2026,2,C,MIN,14509,0.00,0.15,,0.00,0.00,0.00,0.00,0.77,0.01,9.17,113.83,0.74
2026,2,C,GB,15946,0.00,0.15,,0.00,0.00,0.00,0.00,0.92,0.01,6.84,100.95,0.95
2026,2,C,JAX,18524,0.00,18.62,,0.00,0.00,0.00,0.00,73.18,0.96,2.91,16.62,0.19
2026,2,C,DAL,15853,0.00,0.07,,0.00,0.00,0.00,0.00,0.36,0.00,7.94,114.06,0.73
2026,2,C,ARI,19235,0.00,16.12,,0.00,0.00,0.00,0.00,70.80,0.69,5.26,30.03,0.25
2026,2,C,WAS,15802,0.00,14.68,,0.00,0.00,0.00,0.00,76.39,0.66,4.02,26.84,0.22
2026,2,C,DET,15332,0.00,0.31,,0.00,0.00,0.00,0.00,2.03,0.02,9.58,98.84,0.81
2026,2,C,PIT,14657,0.00,16.93,,0.00,0.00,0.00,0.00,77.56,0.57,3.92,24.65,0.23
2026,2,C,NE,15372,0.00,16.06,,0.00,0.00,0.00,0.00,71.69,0.70,3.63,25.02,0.18
2026,2,C,CIN,15183,0.00,0.30,,0.00,0.00,0.00,0.00,1.31,0.01,8.82,93.53,0.90
2026,2,C,NYJ,15810,0.00,16.98,,0.00,0.00,0.00,0.00,80.33,0.61,3.21,21.95,0.17
2026,2,C,GB,17795,0.00,14.53,,0.00,0.00,0.00,0.00,70.39,0.72,3.31,21.68,0.22
2026,2,C,PIT,15984,0.00,15.95,,0.00,0.00,0.00,0.00,76.54,0.53,4.22,25.69,0.22
2026,2,C,CLE,18516,0.00,17.07,,0.00,0.00,0.00,0.00,71.60,0.86,2.32,14.88,0.10
2026,2,C,NE,18517,0.00,14.18,,0.00,0.00,0.00,0.00,71.54,0.78,3.12,17.88,0.13
2026,2,C,NO,15385,0.00,15.97,,0.00,0.00,0.00,0.00,70.70,0.55,3.93,26.42,0.20
2026,2,C,CHI,14394,0.00,16.36,,0.00,0.00,0.00,0.00,76.02,0.69,2.93,17.87,0.11
2026,2,C,CAR,18547,0.00,0.08,,0.00,0.00,0.00,0.00,0.40,0.00,7.56,95.27,0.76
2026,2,C,CIN,14506,0.00,0.07,,0.00,0.00,0.00,0.00,0.31,0.00,6.98,82.75,0.97
2026,2,C,NYJ,15829,0.00,0.20,,0.00,0.00,0.00,0.00,0.78,0.01,8.66,85.34,0.80
2026,2,C,BAL,16919,0.00,0.29,,0.00,0.00,0.00,0.00,1.66,0.02,7.80,93.80,0.63
2026,2,C,PHI,15406,0.00,0.06,,0.00,0.00,0.00,0.00,0.30,0.00,7.80,92.12,0.69
2026,2,C,NO,15895,0.00,0.05,,0.00,0.00,0.00,0.00,0.23,0.00,8.63,98.16,0.55
2026,2,C,KC,16963,0.00,0.50,,0.00,0.00,0.00,0.00,2.28,0.03,8.70,90.11,0.58
2026,2,C,CAR,15242,0.00,13.99,,0.00,0.00,0.00,0.00,66.23,0.51,3.18,18.45,0.22
2026,2,C,SF,9253,0.00,0.00,,0.00,0.00,0.00,0.00,0.00,0.00,6.54,78.12,0.83
2026,2,C,GB,16977,0.00,1.01,,0.00,0.00,0.00,0.00,8.11,0.07,6.98,75.26,0.67
2026,2,C,LAR,9455,0.00,0.00,,0.00,0.00,0.00,0.00,0.00,0.00,6.75,76.95,0.84
2026,2,C,NYG,17704,0.00,0.18,,0.00,0.00,0.00,0.00,0.71,0.01,8.30,80.30,0.73
2026,2,C,WAS,13536,0.00,0.06,,0.00,0.00,0.00,0.00,0.33,0.00,6.88,86.68,0.64
2026,2,C,DEN,18522,0.00,11.78,,0.00,0.00,0.00,0.00,46.64,0.66,4.10,25.12,0.22
2026,2,C,ATL,15868,0.00,0.07,,0.00,0.00,0.00,0.00,0.38,0.00,7.11,82.82,0.66
2026,2,C,JAX,16933,0.00,14.39,,0.00,0.00,0.00,0.00,66.63,0.75,1.08,6.76,0.06
2026,2,C,CAR,17976,0.00,0.08,,0.00,0.00,0.00,0.00,0.40,0.00,7.15,80.69,0.68
2026,2,C,GB,16649,0.00,0.00,,0.00,0.00,0.00,0.00,0.00,0.00,6.48,74.39,0.79
2026,2,C,ARI,15902,0.00,0.00,,0.00,0.00,0.00,0.00,0.00,0.00,10.41,87.95,0.56
2026,2,C,DEN,14418,0.00,13.26,,0.00,0.00,0.00,0.00,65.46,0.64,2.39,11.41,0.10
2026,2,C,PIT,13424,0.00,0.20,,0.00,0.00,0.00,0.00,1.05,0.01,6.28,75.04,0.72
2026,2,C,DET,15849,0.00,0.66,,0.00,0.00,0.00,0.00,4.22,0.05,5.90,79.12,0.55
2026,2,C,LAC,17724,0.00,0.12,,0.00,0.00,0.00,0.00,0.50,0.00,7.63,83.28,0.59
2026,2,C,DEN,15404,0.00,0.23,,0.00,0.00,0.00,0.00,1.31,0.01,7.32,83.05,0.55
2026,2,C,TB,15222,0.00,10.35,,0.00,0.00,0.00,0.00,47.00,0.51,4.15,24.87,0.24
2026,2,C,CHI,18548,0.00,0.73,,0.00,0.00,0.00,0.00,3.97,0.03,7.33,85.83,0.41
2026,2,C,CAR,17747,0.00,12.19,,0.00,0.00,0.00,0.00,59.48,0.44,3.05,18.18,0.20
2026,2,C,BUF,12477,0.00,0.47,,0.00,0.00,0.00,0.00,2.88,0.03,6.46,71.57,0.65
2026,2,C,TB,18549,0.00,0.28,,0.00,0.00,0.00,0.00,1.38,0.01,5.99,72.42,0.67
2026,2,C,BUF,15892,0.00,0.12,,0.00,0.00,0.00,0.00,0.60,0.01,8.15,78.58,0.57
2026,2,C,PIT,14378,0.00,0.06,,0.00,0.00,0.00,0.00,0.36,0.00,7.92,75.24,0.63
2026,2,C,CHI,18520,0.00,13.06,,0.00,0.00,0.00,0.00,63.51,0.51,1.79,13.12,0.10
2026,2,C,LV,17693,0.00,0.27,,0.00,0.00,0.00,0.00,1.22,0.01,8.38,74.56,0.59
2026,2,C,GB,18500,0.00,0.88,,0.00,0.00,0.00,0.00,4.76,0.05,6.03,70.65,0.53
2026,2,C,CLE,19242,0.00,0.95,,0.00,0.00,0.00,0.00,5.23,0.05,5.76,68.31,0.56
2026,2,C,SF,19607,0.00,11.56,,0.00,0.00,0.00,0.00,63.06,0.52,1.42,9.28,0.09
2026,2,C,LAC,16899,0.00,0.20,,0.00,0.00,0.00,0.00,0.90,0.01,6.22,68.65,0.64
2026,2,C,MIN,16895,0.00,0.31,,0.00,0.00,0.00,0.00,3.02,0.02,5.51,66.89,0.62
2026,2,C,TEN,13590,0.00,12.78,,0.00,0.00,0.00,0.00,62.83,0.48,2.04,10.79,0.08
2026,2,C,IND,16022,0.00,0.07,,0.00,0.00,0.00,0.00,0.29,0.00,4.83,73.83,0.52
2026,2,C,WAS,10133,0.00,0.00,,0.00,0.00,0.00,0.00,0.00,0.00,6.70,72.32,0.54
2026,2,C,JAX,16690,0.00,0.52,,0.00,0.00,0.00,0.00,1.68,0.02,6.37,73.00,0.47
2026,2,C,HOU,18449,0.00,9.87,,0.00,0.00,0.00,0.00,51.04,0.38,2.19,17.32,0.20
2026,2,C,SEA,17968,0.00,9.60,,0.00,0.00,0.00,0.00,48.97,0.53,2.13,14.43,0.13
2026,2,C,JAX,17716,0.00,0.22,,0.00,0.00,0.00,0.00,1.26,0.01,6.26,74.42,0.42
2026,2,C,BUF,16697,0.00,0.00,,0.00,0.00,0.00,0.00,0.00,0.00,6.76,67.78,0.56
2026,2,C,CHI,17020,0.00,0.06,,0.00,0.00,0.00,0.00,0.30,0.00,5.67,67.65,0.54
2026,2,C,CHI,18460,0.00,0.06,,0.00,0.00,0.00,0.00,0.28,0.00,6.45,68.49,0.52
2026,2,C,SF,11892,0.00,0.00,,0.00,0.00,0.00,0.00,0.00,0.00,6.03,61.39,0.62
2026,2,C,ATL,15907,0.00,11.13,,0.00,0.00,0.00,0.00,52.70,0.55,1.17,7.65,0.07
2026,2,C,SF,13429,0.00,1.49,,0.00,0.00,0.00,0.00,8.57,0.12,4.89,55.29,0.44
2026,2,C,KC,17687,0.00,1.18,,0.00,0.00,0.00,0.00,7.03,0.08,5.43,64.93,0.34
2026,2,C,TB,11718,0.00,0.06,,0.00,0.00,0.00,0.00,0.32,0.00,6.55,64.79,0.53
2026,2,C,ARI,17674,0.00,0.00,,0.00,0.00,0.00,0.00,0.00,0.00,5.70,69.64,0.45
2026,2,C,GB,16741,0.00,7.65,,0.00,0.00,0.00,0.00,41.13,0.39,2.79,18.34,0.22
2026,2,C,MIN,14376,0.00,0.00,,0.00,0.00,0.00,0.00,0.00,0.00,5.05,58.26,0.63
2026,2,C,ARI,16957,0.00,0.05,,0.00,0.00,0.00,0.00,0.23,0.00,6.15,69.16,0.43
2026,2,C,DEN,12586,0.00,0.00,,0.00,0.00,0.00,0.00,0.00,0.00,5.82,65.34,0.49
2026,2,C,CLE,19298,0.00,0.15,,0.00,0.00,0.00,0.00,0.81,0.01,5.02,62.79,0.49
2026,2,C,IND,16689,0.00,0.24,,0.00,0.00,0.00,0.00,0.93,0.01,6.25,59.97,0.50
2026,2,C,TEN,19268,0.00,0.10,,0.00,0.00,0.00,0.00,0.51,0.00,5.61,63.01,0.46
2026,2,C,IND,18534,0.00,0.42,,0.00,0.00,0.00,0.00,1.84,0.02,6.33,58.54,0.49
2026,2,C,NE,16027,0.00,0.00,,0.00,0.00,0.00,0.00,0.00,0.00,5.47,61.65,0.46
2026,2,C,CLE,18472,0.00,0.32,,0.00,0.00,0.00,0.00,1.25,0.02,5.81,55.72,0.51
2026,2,C,NO,17975,0.00,0.05,,0.00,0.00,0.00,0.00,0.23,0.00,6.37,67.53,0.34
2026,2,C,DET,17033,0.00,0.07,,0.00,0.00,0.00,0.00,0.37,0.00,6.04,56.80,0.50
2026,2,C,PHI,12860,0.00,0.00,,0.00,0.00,0.00,0.00,0.00,0.00,5.26,50.52,0.61
2026,2,C,MIA,17863,0.00,1.30,,0.00,0.00,0.00,0.00,7.58,0.09,6.13,49.67,0.40
2026,2,C,BUF,17792,0.00,10.86,,0.00,0.00,0.00,0.00,54.12,0.36,0.94,6.79,0.07
2026,2,C,LAC,16810,0.00,8.25,,0.00,0.00,0.00,0.00,48.48,0.30,1.97,12.85,0.11
2026,2,C,MIA,19343,0.00,0.08,,0.00,0.00,0.00,0.00,0.41,0.00,5.00,57.11,0.47
2026,2,C,BAL,12559,0.00,0.50,,0.00,0.00,0.00,0.00,2.42,0.02,5.17,47.49,0.54
2026,2,C,NE,10735,0.00,0.00,,0.00,0.00,0.00,0.00,0.00,0.00,5.67,55.18,0.47
2026,2,C,DAL,17974,0.00,0.23,,0.00,0.00,0.00,0.00,1.38,0.01,4.55,54.84,0.44
2026,2,C,NYJ,17702,0.00,9.42,,0.00,0.00,0.00,0.00,41.65,0.41,1.36,9.24,0.11
2026,2,C,SEA,16560,0.00,0.74,,0.00,0.00,0.00,0.00,5.33,0.04,4.34,53.37,0.35
2026,2,C,KC,8783,0.00,0.00,,0.00,0.00,0.00,0.00,0.00,0.00,6.01,59.56,0.37
2026,2,C,DAL,15947,0.00,0.00,,0.00,0.00,0.00,0.00,0.00,0.00,5.74,50.42,0.51
2026,2,C,LV,16694,0.00,0.54,,0.00,0.00,0.00,0.00,2.95,0.03,4.74,53.74,0.37
2026,2,C,MIN,14410,0.00,6.52,,0.00,0.00,0.00,0.00,36.67,0.28,2.35,15.83,0.18
2026,2,C,JAX,13517,0.00,0.29,,0.00,0.00,0.00,0.00,1.47,0.02,5.81,56.85,0.34
2026,2,C,HOU,16795,0.00,0.00,,0.00,0.00,0.00,0.00,0.00,0.00,3.95,51.24,0.47
2026,2,C,LV,16025,0.00,0.27,,0.00,0.00,0.00,0.00,1.31,0.01,4.44,55.83,0.36
2026,2,C,MIA,19309,0.00,0.05,,0.00,0.00,0.00,0.00,0.27,0.00,4.75,52.41,0.44
2026,2,C,HOU,12514,0.00,0.00,,0.00,0.00,0.00,0.00,0.00,0.00,5.34,50.20,0.46
2026,2,C,LV,19300,0.00,7.76,,0.00,0.00,0.00,0.00,39.39,0.38,1.66,9.81,0.09
2026,2,C,BAL,15210,0.00,0.10,,0.00,0.00,0.00,0.00,0.46,0.00,4.26,49.38,0.46
2026,2,C,NYG,16033,0.00,0.00,,0.00,0.00,0.00,0.00,0.00,0.00,5.72,49.68,0.46
2026,2,C,WAS,16042,0.00,0.00,,0.00,0.00,0.00,0.00,0.00,0.00,5.67,54.40,0.38
2026,2,C,TB,17763,0.00,0.18,,0.00,0.00,0.00,0.00,0.99,0.01,4.16,47.18,0.47
2026,2,C,NO,14630,0.00,0.00,,0.00,0.00,0.00,0.00,0.00,0.00,6.08,58.30,0.30
2026,2,C,CLE,18526,0.00,7.95,,0.00,0.00,0.00,0.00,32.13,0.30,2.33,15.79,0.17
2026,2,C,PHI,16658,0.00,0.05,,0.00,0.00,0.00,0.00,0.30,0.00,4.11,47.18,0.46
2026,2,C,ATL,15265,0.00,0.00,,0.00,0.00,0.00,0.00,0.00,0.00,5.43,53.63,0.35
2026,2,C,MIN,13610,0.00,0.00,,0.00,0.00,0.00,0.00,0.00,0.00,5.50,48.08,0.40
2026,2,C,NE,11861,0.00,0.06,,0.00,0.00,0.00,0.00,0.29,0.00,4.57,50.43,0.35
2026,2,C,NE,16751,0.00,0.44,,0.00,0.00,0.00,0.00,1.96,0.02,4.70,50.76,0.29
2026,2,C,SF,11163,0.00,0.00,,0.00,0.00,0.00,0.00,0.00,0.00,3.73,44.17,0.45
2026,2,C,ARI,15976,0.00,9.01,,0.00,0.00,0.00,0.00,34.22,0.33,1.79,11.43,0.09
2026,2,C,NYG,19313,0.00,0.06,,0.00,0.00,0.00,0.00,0.33,0.00,4.30,44.65,0.43
2026,2,C,PIT,15267,0.00,0.00,,0.00,0.00,0.00,0.00,0.00,0.00,5.12,42.85,0.46
2026,2,C,NYJ,17668,0.00,0.07,,0.00,0.00,0.00,0.00,0.27,0.00,4.07,48.06,0.36
2026,2,C,TEN,16941,0.00,6.42,,0.00,0.00,0.00,0.00,28.19,0.28,3.57,18.50,0.10
2026,2,C,IND,8627,0.00,0.00,,0.00,0.00,0.00,0.00,0.00,0.00,5.04,49.09,0.34
2026,2,C,KC,15831,0.00,0.00,,0.00,0.00,0.00,0.00,0.00,0.00,3.45,48.56,0.34
2026,2,C,CLE,14458,0.00,0.08,,0.00,0.00,0.00,0.00,0.40,0.00,4.15,50.05,0.29
2026,2,C,CAR,10215,0.00,0.00,,0.00,0.00,0.00,0.00,0.00,0.00,4.23,39.50,0.47
2026,2,C,SEA,11863,0.00,0.11,,0.00,0.00,0.00,0.00,0.67,0.01,4.16,46.42,0.33
2026,2,C,TEN,15838,0.00,0.22,,0.00,0.00,0.00,0.00,1.23,0.01,5.23,46.87,0.29
2026,2,C,SEA,17811,0.00,0.68,,0.00,0.00,0.00,0.00,3.47,0.04,4.71,39.07,0.35
2026,2,C,KC,19240,0.00,6.51,,0.00,0.00,0.00,0.00,29.82,0.33,1.53,10.92,0.08
2026,2,C,DAL,17091,0.00,4.77,,0.00,0.00,0.00,0.00,35.73,0.18,1.55,11.98,0.11
2026,2,C,BAL,13427,0.00,5.43,,0.00,0.00,0.00,0.00,24.74,0.27,2.21,14.60,0.15
2026,2,C,NO,16898,0.00,6.89,,0.00,0.00,0.00,0.00,28.53,0.31,1.83,12.28,0.08
2026,2,C,JAX,17017,0.00,0.00,,0.00,0.00,0.00,0.00,0.00,0.00,5.22,46.02,0.30
2026,2,C,PHI,19231,0.00,0.12,,0.00,0.00,0.00,0.00,0.75,0.01,3.68,40.91,0.35
2026,2,C,NO,11732,0.00,6.15,,0.00,0.00,0.00,0.00,25.16,0.22,3.31,20.12,0.08
2026,2,C,WAS,19237,0.00,0.12,,0.00,0.00,0.00,0.00,0.80,0.01,3.50,40.85,0.35
2026,2,C,CIN,11698,0.00,5.81,,0.00,0.00,0.00,0.00,24.37,0.29,2.42,13.63,0.11
2026,2,C,HOU,16932,0.00,0.08,,0.00,0.00,0.00,0.00,0.56,0.00,3.36,39.84,0.36
2026,2,C,LAC,18481,0.00,0.00,,0.00,0.00,0.00,0.00,0.00,0.00,3.90,42.56,0.26
2026,2,C,IND,19303,0.00,7.61,,0.00,0.00,0.00,0.00,34.54,0.32,0.42,2.55,0.02
2026,2,C,NYJ,19314,0.00,0.20,,0.00,0.00,0.00,0.00,1.01,0.01,3.16,36.87,0.31
2026,2,C,BUF,17732,0.00,0.04,,0.00,0.00,0.00,0.00,0.23,0.00,3.20,36.22,0.34
2026,2,C,SEA,17593,0.00,6.75,,0.00,0.00,0.00,0.00,37.18,0.29,0.25,1.63,0.01
2026,2,C,TB,16032,0.00,0.00,,0.00,0.00,0.00,0.00,0.00,0.00,4.43,37.35,0.32
2026,2,C,TEN,12616,0.00,0.04,,0.00,0.00,0.00,0.00,0.22,0.00,3.00,37.50,0.30
2026,2,C,TB,19320,0.00,0.09,,0.00,0.00,0.00,0.00,0.52,0.00,3.08,34.80,0.34
2026,2,C,MIA,15891,0.00,0.00,,0.00,0.00,0.00,0.00,0.00,0.00,4.08,39.70,0.26
2026,2,C,LAC,18478,0.00,0.14,,0.00,0.00,0.00,0.00,0.73,0.01,4.09,39.97,0.22
2026,2,C,DEN,18562,0.00,0.10,,0.00,0.00,0.00,0.00,0.41,0.00,3.92,40.88,0.22
2026,2,C,MIN,19234,0.00,5.22,,0.00,0.00,0.00,0.00,28.53,0.23,1.02,6.65,0.07
2026,2,C,CIN,16965,0.00,0.22,,0.00,0.00,0.00,0.00,1.07,0.01,3.09,33.13,0.30
2026,2,C,CAR,17734,0.00,0.00,,0.00,0.00,0.00,0.00,0.00,0.00,3.21,32.40,0.33
2026,2,C,LAR,18497,0.00,0.00,,0.00,0.00,0.00,0.00,0.00,0.00,3.37,32.49,0.32
2026,2,C,CHI,11429,0.00,0.21,,0.00,0.00,0.00,0.00,1.20,0.01,3.77,36.57,0.22
2026,2,C,PIT,17043,0.00,0.05,,0.00,0.00,0.00,0.00,0.22,0.00,3.01,29.99,0.32
2026,2,C,WAS,18533,0.00,4.37,,0.00,0.00,0.00,0.00,23.92,0.23,0.93,6.71,0.07
2026,2,C,NYG,14510,0.00,0.06,,0.00,0.00,0.00,0.00,0.31,0.00,2.94,33.86,0.24
2026,2,C,CIN,12764,0.00,0.00,,0.00,0.00,0.00,0.00,0.00,0.00,3.83,32.34,0.27
2026,2,C,MIA,17800,0.00,4.84,,0.00,0.00,0.00,0.00,21.03,0.20,1.33,9.40,0.10
2026,2,C,ATL,19262,0.00,0.21,,0.00,0.00,0.00,0.00,1.18,0.01,3.16,32.00,0.23
2026,2,C,HOU,18555,0.00,0.11,,0.00,0.00,0.00,0.00,0.58,0.01,2.59,29.34,0.26
2026,2,C,NYJ,19279,0.00,0.08,,0.00,0.00,0.00,0.00,0.36,0.01,3.66,28.64,0.27
2026,2,C,NYG,13449,0.00,6.61,,0.00,0.00,0.00,0.00,28.22,0.24,0.33,1.87,0.02
2026,2,C,MIA,18450,0.00,4.60,,0.00,0.00,0.00,0.00,16.43,0.28,1.12,6.94,0.09
2026,2,C,TEN,18503,0.00,0.00,,0.00,0.00,0.00,0.00,0.00,0.00,3.85,29.43,0.27
2026,2,C,NYG,17967,0.00,4.88,,0.00,0.00,0.00,0.00,22.11,0.14,1.58,9.36,0.09
2026,2,C,LAR,14463,0.00,0.00,,0.00,0.00,0.00,0.00,0.00,0.00,3.12,26.54,0.31
2026,2,C,DAL,13894,0.00,1.11,,0.00,0.00,0.00,0.00,7.41,0.05,1.84,23.79,0.17
2026,2,C,DET,17760,0.00,4.77,,0.00,0.00,0.00,0.00,25.65,0.30,0.05,0.55,0.00
2026,2,C,GB,11807,0.00,0.00,,0.00,0.00,0.00,0.00,0.00,0.00,3.25,26.94,0.28
2026,2,C,ARI,11847,0.00,0.00,,0.00,0.00,0.00,0.00,0.00,0.00,3.09,33.15,0.17
2026,2,C,CLE,18502,0.00,0.20,,0.00,0.00,0.00,0.00,1.00,0.01,1.99,27.74,0.23
2026,2,C,LV,18457,0.00,0.06,,0.00,0.00,0.00,0.00,0.27,0.00,2.85,29.60,0.21
2026,2,C,ATL,15850,0.00,0.05,,0.00,0.00,0.00,0.00,0.24,0.00,2.53,26.76,0.24
2026,2,C,NYJ,18535,0.00,0.00,,0.00,0.00,0.00,0.00,0.00,0.00,3.71,28.40,0.21
2026,2,C,DET,18642,0.00,0.08,,0.00,0.00,0.00,0.00,0.41,0.00,2.33,25.65,0.24
2026,2,C,BUF,13587,0.00,2.84,,0.00,0.00,0.00,0.00,13.97,0.14,1.49,10.37,0.12
2026,2,C,NYJ,17057,0.00,1.88,,0.00,0.00,0.00,0.00,9.63,0.09,2.24,14.73,0.16
2026,2,C,BUF,13466,0.00,0.00,,0.00,0.00,0.00,0.00,0.00,0.00,2.56,24.17,0.25
2026,2,C,SEA,18540,0.00,0.00,,0.00,0.00,0.00,0.00,0.00,0.00,2.46,26.16,0.21
2026,2,C,NE,19126,0.00,0.08,,0.00,0.00,0.00,0.00,0.36,0.00,2.24,23.83,0.24
2026,2,C,ATL,13833,0.00,0.25,,0.00,0.00,0.00,0.00,1.42,0.01,2.58,24.03,0.20
2026,2,C,DEN,19241,0.00,3.94,,0.00,0.00,0.00,0.00,18.48,0.16,1.01,5.45,0.06
2026,2,C,NE,19348,0.00,0.00,,0.00,0.00,0.00,0.00,0.00,0.00,2.80,23.52,0.22
2026,2,C,GB,18515,0.00,3.82,,0.00,0.00,0.00,0.00,17.46,0.19,0.65,4.62,0.05
2026,2,C,PIT,16889,0.00,0.00,,0.00,0.00,0.00,0.00,0.00,0.00,2.74,24.23,0.20
2026,2,C,DEN,16849,0.00,0.47,,0.00,0.00,0.00,0.00,2.29,0.03,2.23,21.45,0.16
2026,2,C,JAX,18476,0.00,3.47,,0.00,0.00,0.00,0.00,14.84,0.12,1.49,7.61,0.08
2026,2,C,TB,16728,0.00,3.51,,0.00,0.00,0.00,0.00,16.25,0.25,0.27,1.75,0.02
2026,2,C,DEN,11805,0.00,0.00,,0.00,0.00,0.00,0.00,0.00,0.00,3.34,24.20,0.15
2026,2,C,NO,19336,0.00,0.00,,0.00,0.00,0.00,0.00,0.00,0.00,2.35,24.14,0.15
2026,2,C,TEN,18552,0.00,0.00,,0.00,0.00,0.00,0.00,0.00,0.00,2.01,22.18,0.18
2026,2,C,BAL,17728,0.00,0.10,,0.00,0.00,0.00,0.00,0.39,0.00,1.68,19.77,0.21
2026,2,C,PHI,16705,0.00,2.15,,0.00,0.00,0.00,0.00,11.82,0.12,1.01,8.03,0.09
2026,2,C,LAC,15924,0.00,0.12,,0.00,0.00,0.00,0.00,0.54,0.01,2.42,20.38,0.18
2026,2,C,CHI,18938,0.00,0.00,,0.00,0.00,0.00,0.00,0.00,0.00,1.80,20.38,0.19
2026,2,C,KC,15459,0.00,0.00,,0.00,0.00,0.00,0.00,0.00,0.00,2.40,22.56,0.14
2026,2,C,CAR,15371,0.00,0.00,,0.00,0.00,0.00,0.00,0.00,0.00,2.31,18.25,0.21
2026,2,C,LAC,11734,0.00,0.00,,0.00,0.00,0.00,0.00,0.00,0.00,2.36,19.05,0.19
2026,2,C,MIA,19450,0.00,0.00,,0.00,0.00,0.00,0.00,0.00,0.00,2.44,19.45,0.18
2026,2,C,CHI,14436,0.00,0.00,,0.00,0.00,0.00,0.00,0.00,0.00,2.39,20.53,0.16
2026,2,C,LV,16666,0.00,0.00,,0.00,0.00,0.00,0.00,0.00,0.00,2.64,21.63,0.13
2026,2,C,TEN,16036,0.00,0.00,,0.00,0.00,0.00,0.00,0.00,0.00,2.35,20.85,0.14
2026,2,C,NYG,17021,0.00,0.00,,0.00,0.00,0.00,0.00,0.00,0.00,1.95,18.67,0.17
2026,2,C,DEN,17719,0.00,0.13,,0.00,0.00,0.00,0.00,0.57,0.01,1.67,16.18,0.16
2026,2,C,PHI,17802,0.00,2.46,,0.00,0.00,0.00,0.00,8.83,0.12,0.87,6.31,0.07
2026,2,C,WAS,15289,0.00,0.00,,0.00,0.00,0.00,0.00,0.00,0.00,1.77,17.07,0.15
2026,2,C,HOU,19352,0.00,0.00,,0.00,0.00,0.00,0.00,0.00,0.00,1.90,15.93,0.17
2026,2,C,JAX,18578,0.00,0.42,,0.00,0.00,0.00,0.00,1.85,0.02,1.75,16.34,0.11
2026,2,C,WAS,17833,0.00,0.00,,0.00,0.00,0.00,0.00,0.00,0.00,1.91,16.80,0.15
2026,2,C,NO,13426,0.00,0.00,,0.00,0.00,0.00,0.00,0.00,0.00,2.08,18.18,0.12
2026,2,C,CLE,17319,0.00,1.80,,0.00,0.00,0.00,0.00,8.93,0.08,1.15,7.47,0.07
2026,2,C,SEA,17772,0.00,0.07,,0.00,0.00,0.00,0.00,0.34,0.00,1.41,15.65,0.15
2026,2,C,BUF,15447,0.00,0.00,,0.00,0.00,0.00,0.00,0.00,0.00,1.52,18.06,0.11
2026,2,C,PHI,13502,0.00,0.00,,0.00,0.00,0.00,0.00,0.00,0.00,1.39,15.68,0.15
2026,2,C,NO,19319,0.00,0.00,,0.00,0.00,0.00,0.00,0.00,0.00,1.66,18.00,0.11
2026,2,C,SF,15566,0.00,0.00,,0.00,0.00,0.00,0.00,0.00,0.00,1.86,15.58,0.15
2026,2,C,LAR,17081,0.00,0.00,,0.00,0.00,0.00,0.00,0.00,0.00,1.61,14.39,0.15
2026,2,C,TB,18484,0.00,0.16,,0.00,0.00,0.00,0.00,0.69,0.01,1.25,13.05,0.15
2026,2,C,WAS,18643,0.00,0.23,,0.00,0.00,0.00,0.00,1.37,0.01,1.10,14.17,0.12
2026,2,C,PIT,19263,0.00,0.08,,0.00,0.00,0.00,0.00,0.44,0.00,1.38,14.32,0.14
2026,2,C,ATL,10748,0.00,0.00,,0.00,0.00,0.00,0.00,0.00,0.00,1.77,15.45,0.12
2026,2,C,DET,15681,0.00,0.00,,0.00,0.00,0.00,0.00,0.00,0.00,1.71,13.52,0.13
2026,2,C,LAC,19318,0.00,0.00,,0.00,0.00,0.00,0.00,0.00,0.00,1.34,13.83,0.12
2026,2,C,BAL,10994,0.00,0.00,,0.00,0.00,0.00,0.00,0.00,0.00,1.26,14.96,0.10
2026,2,C,NYG,9255,0.00,0.00,,0.00,0.00,0.00,0.00,0.00,0.00,1.47,13.77,0.12
2026,2,C,JAX,19321,0.00,0.19,,0.00,0.00,0.00,0.00,0.96,0.01,1.26,12.64,0.11
2026,2,C,LAR,17688,0.00,0.11,,0.00,0.00,0.00,0.00,0.69,0.01,1.47,12.87,0.10
2026,2,C,MIN,13786,0.00,0.00,,0.00,0.00,0.00,0.00,0.00,0.00,1.38,12.87,0.12
2026,2,C,CIN,17696,0.00,0.00,,0.00,0.00,0.00,0.00,0.00,0.00,1.64,12.39,0.11
2026,2,C,DAL,16855,0.00,0.00,,0.00,0.00,0.00,0.00,0.00,0.00,1.32,12.93,0.10
2026,2,C,NO,18544,0.00,0.00,,0.00,0.00,0.00,0.00,0.00,0.00,1.64,13.41,0.09
2026,2,C,DAL,17908,0.00,0.00,,0.00,0.00,0.00,0.00,0.00,0.00,1.25,12.16,0.11
2026,2,C,MIA,19322,0.00,0.00,,0.00,0.00,0.00,0.00,0.00,0.00,1.25,12.66,0.10
2026,2,C,HOU,17794,0.00,0.13,,0.00,0.00,0.00,0.00,0.74,0.01,1.21,10.36,0.11
2026,2,C,ARI,16959,0.00,0.00,,0.00,0.00,0.00,0.00,0.00,0.00,1.68,13.42,0.08
2026,2,C,CLE,17130,0.00,0.00,,0.00,0.00,0.00,0.00,0.00,0.00,1.25,11.07,0.11
2026,2,C,DEN,13565,0.00,0.00,,0.00,0.00,0.00,0.00,0.00,0.00,1.19,11.20,0.10
2026,2,C,BUF,18538,0.00,0.00,,0.00,0.00,0.00,0.00,0.00,0.00,1.23,10.47,0.11
2026,2,C,CIN,19447,0.00,0.00,,0.00,0.00,0.00,0.00,0.00,0.00,1.10,10.89,0.10
2026,2,C,SF,18647,0.00,0.00,,0.00,0.00,0.00,0.00,0.00,0.00,1.10,10.59,0.10
2026,2,C,DAL,15990,0.00,1.46,,0.00,0.00,0.00,0.00,8.08,0.06,0.43,3.15,0.03
2026,2,C,CIN,18519,0.00,1.45,,0.00,0.00,0.00,0.00,5.19,0.07,0.66,4.08,0.05
2026,2,C,CHI,16772,0.00,2.18,,0.00,0.00,0.00,0.00,8.86,0.12,0.00,0.00,0.00
2026,2,C,LAR,10854,0.00,0.00,,0.00,0.00,0.00,0.00,0.00,0.00,1.16,10.64,0.09
2026,2,C,TEN,18641,0.00,0.45,,0.00,0.00,0.00,0.00,1.73,0.02,0.98,8.52,0.07
2026,2,C,NYG,15468,0.00,1.44,,0.00,0.00,0.00,0.00,6.02,0.05,0.79,4.29,0.04
2026,2,C,NE,18889,0.00,0.00,,0.00,0.00,0.00,0.00,0.00,0.00,0.87,10.22,0.08
2026,2,C,PHI,12316,0.00,0.00,,0.00,0.00,0.00,0.00,0.00,0.00,1.01,9.55,0.09
2026,2,C,LAR,19278,0.00,0.00,,0.00,0.00,0.00,0.00,0.00,0.00,1.20,10.16,0.08
2026,2,C,DET,17584,0.00,1.06,,0.00,0.00,0.00,0.00,5.92,0.06,0.56,3.38,0.03
2026,2,C,HOU,13822,0.00,0.00,,0.00,0.00,0.00,0.00,0.00,0.00,0.89,8.64,0.10
2026,2,C,MIN,18553,0.00,0.05,,0.00,0.00,0.00,0.00,0.23,0.00,1.06,9.20,0.08
2026,2,C,GB,16005,0.00,0.08,,0.00,0.00,0.00,0.00,0.48,0.00,0.80,8.73,0.07
2026,2,C,DEN,14541,0.00,0.00,,0.00,0.00,0.00,0.00,0.00,0.00,1.00,8.60,0.08
2026,2,C,NYJ,17977,0.00,0.20,,0.00,0.00,0.00,0.00,1.23,0.01,0.99,8.35,0.05
2026,2,C,BAL,19364,0.00,0.00,,0.00,0.00,0.00,0.00,0.00,0.00,0.91,7.85,0.08
2026,2,C,CHI,19357,0.00,0.00,,0.00,0.00,0.00,0.00,0.00,0.00,1.05,8.30,0.07
2026,2,C,SF,17008,0.00,0.00,,0.00,0.00,0.00,0.00,0.00,0.00,0.76,8.34,0.07
2026,2,C,CIN,13809,0.00,0.00,,0.00,0.00,0.00,0.00,0.00,0.00,1.08,7.93,0.07
2026,2,C,LAC,17821,0.00,1.39,,0.00,0.00,0.00,0.00,6.21,0.04,0.28,2.00,0.02
2026,2,C,NE,18532,0.00,1.36,,0.00,0.00,0.00,0.00,6.81,0.06,0.09,0.67,0.01
2026,2,C,BAL,19310,0.00,0.01,,0.00,0.00,0.00,0.00,0.05,0.00,0.66,7.37,0.07
2026,2,C,IND,13854,0.00,0.08,,0.00,0.00,0.00,0.00,0.59,0.00,0.72,7.23,0.06
2026,2,C,LAR,17467,0.00,0.13,,0.00,0.00,0.00,0.00,0.89,0.01,0.61,7.07,0.04
2026,2,C,KC,19631,0.00,0.00,,0.00,0.00,0.00,0.00,0.00,0.00,0.65,7.83,0.05
2026,2,C,CAR,17330,0.00,0.00,,0.00,0.00,0.00,0.00,0.00,0.00,0.85,6.31,0.06
2026,2,C,PIT,19335,0.00,0.36,,0.00,0.00,0.00,0.00,2.05,0.02,0.42,3.63,0.04
2026,2,C,JAX,19448,0.00,0.00,,0.00,0.00,0.00,0.00,0.00,0.00,0.85,6.25,0.05
2026,2,C,CHI,19259,0.00,0.26,,0.00,0.00,0.00,0.00,1.39,0.01,0.45,4.79,0.04
2026,2,C,DEN,15893,0.00,0.59,,0.00,0.00,0.00,0.00,2.99,0.02,0.53,3.07,0.03
2026,2,C,CAR,16069,0.00,0.18,,0.00,0.00,0.00,0.00,0.82,0.01,0.52,4.55,0.05
2026,2,C,LAR,19316,0.00,0.06,,0.00,0.00,0.00,0.00,0.44,0.00,0.51,5.58,0.05
2026,2,C,JAX,19349,0.00,0.00,,0.00,0.00,0.00,0.00,0.00,0.00,0.75,5.67,0.05
2026,2,C,CIN,19258,0.00,0.00,,0.00,0.00,0.00,0.00,0.00,0.00,0.74,5.49,0.05
2026,2,C,CAR,18545,0.00,0.00,,0.00,0.00,0.00,0.00,0.00,0.00,0.59,5.31,0.05
2026,2,C,TEN,15921,0.00,1.11,,0.00,0.00,0.00,0.00,5.22,0.03,0.10,0.57,0.01
2026,2,C,MIA,16010,0.00,0.00,,0.00,0.00,0.00,0.00,0.00,0.00,0.47,4.95,0.05
2026,2,C,KC,18529,0.00,0.79,,0.00,0.00,0.00,0.00,3.14,0.03,0.32,2.44,0.01
2026,2,C,LAR,16108,0.00,0.80,,0.00,0.00,0.00,0.00,4.63,0.05,0.03,0.17,0.00
2026,2,C,IND,12196,0.00,0.00,,0.00,0.00,0.00,0.00,0.00,0.00,0.61,5.32,0.04
2026,2,C,CAR,14370,0.00,0.79,,0.00,0.00,0.00,0.00,3.82,0.03,0.17,1.07,0.01
2026,2,C,WAS,17820,0.00,0.00,,0.00,0.00,0.00,0.00,0.00,0.00,0.43,4.80,0.04
2026,2,C,GB,15935,0.00,0.28,,0.00,0.00,0.00,0.00,1.79,0.01,0.27,3.00,0.03
2026,2,C,WAS,15896,0.00,0.15,,0.00,0.00,0.00,0.00,0.88,0.01,0.36,3.86,0.03
2026,2,C,CAR,17748,0.00,0.00,,0.00,0.00,0.00,0.00,0.00,0.00,0.64,4.65,0.04
2026,2,C,MIA,19681,0.00,0.00,,0.00,0.00,0.00,0.00,0.00,0.00,0.55,4.53,0.04
2026,2,C,DET,15918,0.00,0.00,,0.00,0.00,0.00,0.00,0.00,0.00,0.54,5.14,0.03
2026,2,C,WAS,15274,0.00,0.08,,0.00,0.00,0.00,0.00,0.46,0.00,0.39,4.23,0.03
2026,2,C,NYJ,15996,0.00,0.00,,0.00,0.00,0.00,0.00,0.00,0.00,0.56,3.95,0.04
2026,2,C,IND,18443,0.00,0.54,,0.00,0.00,0.00,0.00,2.31,0.02,0.24,1.49,0.02
2026,2,C,BAL,19426,0.00,0.00,,0.00,0.00,0.00,0.00,0.00,0.00,0.43,3.65,0.04
2026,2,C,CIN,19247,0.00,0.11,,0.00,0.00,0.00,0.00,0.43,0.00,0.38,3.65,0.03
2026,2,C,DAL,16937,0.00,0.00,,0.00,0.00,0.00,0.00,0.00,0.00,0.32,4.03,0.03
2026,2,C,BAL,12807,0.00,0.00,,0.00,0.00,0.00,0.00,0.00,0.00,0.43,3.81,0.03
2026,2,C,LAR,17030,0.00,0.00,,0.00,0.00,0.00,0.00,0.00,0.00,0.47,3.75,0.03
2026,2,C,LV,17818,0.00,0.60,,0.00,0.00,0.00,0.00,2.23,0.03,0.12,0.73,0.01
2026,2,C,DET,14246,0.00,0.00,,0.00,0.00,0.00,0.00,0.00,0.00,0.35,3.63,0.03
2026,2,C,PIT,15467,0.00,0.00,,0.00,0.00,0.00,0.00,0.00,0.00,0.37,3.36,0.03
2026,2,C,DET,12809,0.00,0.00,,0.00,0.00,0.00,0.00,0.00,0.00,0.42,3.80,0.02
2026,2,C,CLE,15310,0.00,0.00,,0.00,0.00,0.00,0.00,0.00,0.00,0.29,3.12,0.03
2026,2,C,ATL,14608,0.00,0.00,,0.00,0.00,0.00,0.00,0.00,0.00,0.43,3.14,0.03
2026,2,C,HOU,15369,0.00,0.00,,0.00,0.00,0.00,0.00,0.00,0.00,0.34,2.95,0.03
2026,2,C,MIA,19276,0.00,0.00,,0.00,0.00,0.00,0.00,0.00,0.00,0.34,2.90,0.03
2026,2,C,BUF,19251,0.00,0.04,,0.00,0.00,0.00,0.00,0.26,0.00,0.25,2.61,0.03
2026,2,C,TB,18307,0.00,0.06,,0.00,0.00,0.00,0.00,0.32,0.00,0.24,2.45,0.03
2026,2,C,JAX,10126,0.00,0.49,,0.00,0.00,0.00,0.00,2.08,0.02,0.14,0.74,0.01
2026,2,C,TB,16720,0.00,0.00,,0.00,0.00,0.00,0.00,0.00,0.00,0.30,2.56,0.03
2026,2,C,PHI,18958,0.00,0.00,,0.00,0.00,0.00,0.00,0.00,0.00,0.28,2.55,0.02
2026,2,C,KC,18550,0.00,0.01,,0.00,0.00,0.00,0.00,0.03,0.00,0.19,2.25,0.02
2026,2,C,LV,15922,0.00,0.00,,0.00,0.00,0.00,0.00,0.00,0.00,0.23,2.32,0.02
2026,2,C,NYJ,15821,0.00,0.00,,0.00,0.00,0.00,0.00,0.00,0.00,0.24,2.28,0.02
2026,2,C,CLE,17777,0.00,0.19,,0.00,0.00,0.00,0.00,1.37,0.01,0.08,0.80,0.01
2026,2,C,JAX,15460,0.00,0.00,,0.00,0.00,0.00,0.00,0.00,0.00,0.28,2.17,0.02
2026,2,C,IND,16277,0.00,0.00,,0.00,0.00,0.00,0.00,0.00,0.00,0.23,1.97,0.02
2026,2,C,PHI,15280,0.00,0.00,,0.00,0.00,0.00,0.00,0.00,0.00,0.20,2.01,0.02
2026,2,C,GB,16866,0.00,0.00,,0.00,0.00,0.00,0.00,0.00,0.00,0.22,1.90,0.02
2026,2,C,SEA,11897,0.00,0.00,,0.00,0.00,0.00,0.00,0.00,0.00,0.24,1.93,0.02
2026,2,C,IND,19315,0.00,0.00,,0.00,0.00,0.00,0.00,0.00,0.00,0.18,1.81,0.02
2026,2,C,NYJ,18646,0.00,0.08,,0.00,0.00,0.00,0.00,0.38,0.00,0.16,1.41,0.02
2026,2,C,BAL,17026,0.00,0.19,,0.00,0.00,0.00,0.00,0.75,0.01,0.15,1.08,0.01
2026,2,C,HOU,18300,0.00,0.16,,0.00,0.00,0.00,0.00,0.96,0.01,0.09,0.60,0.01
2026,2,C,NYG,10033,0.00,0.00,,0.00,0.00,0.00,0.00,0.00,0.00,0.17,1.38,0.02
2026,2,C,ARI,17185,0.00,0.00,,0.00,0.00,0.00,0.00,0.00,0.00,0.18,1.81,0.01
2026,2,C,ARI,19445,0.00,0.00,,0.00,0.00,0.00,0.00,0.00,0.00,0.18,1.76,0.01
2026,2,C,KC,18542,0.00,0.00,,0.00,0.00,0.00,0.00,0.00,0.00,0.18,1.61,0.01
2026,2,C,NE,16931,0.00,0.00,,0.00,0.00,0.00,0.00,0.00,0.00,0.18,1.49,0.01
2026,2,C,BAL,18567,0.00,0.07,,0.00,0.00,0.00,0.00,0.28,0.00,0.12,1.23,0.01
2026,2,C,CLE,19608,0.00,0.00,,0.00,0.00,0.00,0.00,0.00,0.00,0.16,1.42,0.01
2026,2,C,PHI,16337,0.00,0.00,,0.00,0.00,0.00,0.00,0.00,0.00,0.15,1.41,0.01
2026,2,C,LV,12858,0.00,0.00,,0.00,0.00,0.00,0.00,0.00,0.00,0.16,1.32,0.01
2026,2,C,LAC,16939,0.00,0.15,,0.00,0.00,0.00,0.00,0.75,0.01,0.07,0.53,0.00
2026,2,C,DEN,19363,0.00,0.00,,0.00,0.00,0.00,0.00,0.00,0.00,0.17,1.29,0.01
2026,2,C,DEN,16992,0.00,0.00,,0.00,0.00,0.00,0.00,0.00,0.00,0.17,1.32,0.01
2026,2,C,PIT,19340,0.00,0.08,,0.00,0.00,0.00,0.00,0.33,0.00,0.08,0.75,0.01
2026,2,C,ARI,14636,0.00,0.04,,0.00,0.00,0.00,0.00,0.19,0.00,0.09,0.84,0.01
2026,2,C,NYJ,15579,0.00,0.21,,0.00,0.00,0.00,0.00,0.85,0.01,0.01,0.09,0.00
2026,2,C,TEN,15245,0.00,0.00,,0.00,0.00,0.00,0.00,0.00,0.00,0.09,0.77,0.01
2026,2,C,MIN,19095,0.00,0.00,,0.00,0.00,0.00,0.00,0.00,0.00,0.08,0.83,0.01
2026,2,C,TB,19452,0.00,0.00,,0.00,0.00,0.00,0.00,0.00,0.00,0.09,0.68,0.01
2026,2,C,LAR,15229,0.00,0.01,,0.00,0.00,0.00,0.00,0.05,0.00,0.07,0.90,0.00
2026,2,C,KC,16744,0.00,0.03,,0.00,0.00,0.00,0.00,0.17,0.00,0.06,0.81,0.00
2026,2,C,SF,18485,0.00,0.09,,0.00,0.00,0.00,0.00,0.42,0.00,0.01,0.06,0.00
2026,2,C,CAR,15324,0.00,0.05,,0.00,0.00,0.00,0.00,0.26,0.00,0.03,0.22,0.00
2026,2,C,PIT,12389,0.00,0.00,,0.00,0.00,0.00,0.00,0.00,0.00,0.04,0.32,0.00
2026,2,C,TB,16282,0.00,0.00,,0.00,0.00,0.00,0.00,0.00,0.00,0.03,0.21,0.00
2026,2,C,LV,19432,0.00,0.00,,0.00,0.00,0.00,0.00,0.00,0.00,0.01,0.08,0.00
2026,2,C,IND,17014,0.00,0.00,,0.00,0.00,0.00,0.00,0.00,0.00,0.00,0.00,0.00
2026,2,C,MIN,16163,0.00,0.00,,0.00,0.00,0.00,0.00,0.00,0.00,0.00,0.00,0.00
2026,2,C,NYG,10037,0.00,0.00,,0.00,0.00,0.00,0.00,0.00,0.00,0.00,0.00,0.00
2026,2,C,MIA,18498,0.00,0.00,,0.00,0.00,0.00,0.00,0.00,0.00,0.00,0.00,0.00
2026,2,C,LV,18558,0.00,0.00,,0.00,0.00,0.00,0.00,0.00,0.00,0.00,0.00,0.00
2026,2,C,NO,19233,0.00,0.00,,0.00,0.00,0.00,0.00,0.00,0.00,0.00,0.00,0.00
2026,2,C,TEN,18518,0.00,0.00,,0.00,0.00,0.00,0.00,0.00,0.00,0.00,0.00,0.00
2026,2,C,ATL,14465,0.00,0.00,,0.00,0.00,0.00,0.00,0.00,0.00,0.00,0.00,0.00
2026,2,C,IND,16653,0.00,0.00,,0.00,0.00,0.00,0.00,0.00,0.00,0.00,0.00,0.00
2026,2,C,CLE,18479,0.00,0.00,,0.00,0.00,0.00,0.00,0.00,0.00,0.00,0.00,0.00
2026,2,C,NO,17684,0.00,0.00,,0.00,0.00,0.00,0.00,0.00,0.00,0.00,0.00,0.00
2026,2,C,PHI,19296,0.00,0.00,,0.00,0.00,0.00,0.00,0.00,0.00,0.00,0.00,0.00
2026,2,C,LV,16716,0.00,0.00,,0.00,0.00,0.00,0.00,0.00,0.00,0.00,0.00,0.00
2026,2,C,MIA,18530,0.00,0.00,,0.00,0.00,0.00,0.00,0.00,0.00,0.00,0.00,0.00
2026,2,C,HOU,15542,0.00,0.00,,0.00,0.00,0.00,0.00,0.00,0.00,0.00,0.00,0.00
2026,2,C,WAS,11767,0.00,0.00,,0.00,0.00,0.00,0.00,0.00,0.00,0.00,0.00,0.00
2026,2,C,SF,14386,0.00,0.00,,0.00,0.00,0.00,0.00,0.00,0.00,0.00,0.00,0.00
2026,2,C,ARI,13741,0.00,0.00,,0.00,0.00,0.00,0.00,0.00,0.00,0.00,0.00,0.00
2026,2,C,PIT,19286,0.00,0.00,,0.00,0.00,0.00,0.00,0.00,0.00,0.00,0.00,0.00
2026,2,C,GB,16663,0.00,0.00,,0.00,0.00,0.00,0.00,0.00,0.00,0.00,0.00,0.00
2026,2,C,BUF,12623,0.00,0.00,,0.00,0.00,0.00,0.00,0.00,0.00,0.00,0.00,0.00
2026,2,C,DET,16104,0.00,0.00,,0.00,0.00,0.00,0.00,0.00,0.00,0.00,0.00,0.00
2026,2,C,NYG,15874,0.00,0.00,,0.00,0.00,0.00,0.00,0.00,0.00,0.00,0.00,0.00
2026,2,C,ATL,17700,0.00,0.00,,0.00,0.00,0.00,0.00,0.00,0.00,0.00,0.00,0.00
2026,2,C,CHI,16946,0.00,0.00,,0.00,0.00,0.00,0.00,0.00,0.00,0.00,0.00,0.00
2026,2,C,NO,17782,0.00,0.00,,0.00,0.00,0.00,0.00,0.00,0.00,0.00,0.00,0.00
2026,2,C,ARI,19287,0.00,0.00,,0.00,0.00,0.00,0.00,0.00,0.00,0.00,0.00,0.00
2026,2,C,PIT,12629,0.00,0.00,,0.00,0.00,0.00,0.00,0.00,0.00,0.00,0.00,0.00
2026,2,C,LAR,16871,0.00,0.00,,0.00,0.00,0.00,0.00,0.00,0.00,0.00,0.00,0.00
2026,2,C,TB,13634,0.00,0.00,,0.00,0.00,0.00,0.00,0.00,0.00,0.00,0.00,0.00
2026,2,C,ARI,17767,0.00,0.00,,0.00,0.00,0.00,0.00,0.00,0.00,0.00,0.00,0.00
2026,2,C,PHI,18539,0.00,0.00,,0.00,0.00,0.00,0.00,0.00,0.00,0.00,0.00,0.00
2026,2,C,SF,15402,0.00,0.00,,0.00,0.00,0.00,0.00,0.00,0.00,0.00,0.00,0.00
2026,2,C,MIN,8986,0.00,0.00,,0.00,0.00,0.00,0.00,0.00,0.00,0.00,0.00,0.00
2026,2,C,TEN,19359,0.00,0.00,,0.00,0.00,0.00,0.00,0.00,0.00,0.00,0.00,0.00
2026,2,C,NYJ,19425,0.00,0.00,,0.00,0.00,0.00,0.00,0.00,0.00,0.00,0.00,0.00
2026,2,C,NYJ,19284,0.00,0.00,,0.00,0.00,0.00,0.00,0.00,0.00,0.00,0.00,0.00
2026,2,C,NO,15330,0.00,0.00,,0.00,0.00,0.00,0.00,0.00,0.00,0.00,0.00,0.00
2026,2,C,LAC,15198,0.00,0.00,,0.00,0.00,0.00,0.00,0.00,0.00,0.00,0.00,0.00
2026,2,C,SEA,17040,0.00,0.00,,0.00,0.00,0.00,0.00,0.00,0.00,0.00,0.00,0.00
2026,2,C,DET,19443,0.00,0.00,,0.00,0.00,0.00,0.00,0.00,0.00,0.00,0.00,0.00
2026,2,C,WAS,19368,0.00,0.00,,0.00,0.00,0.00,0.00,0.00,0.00,0.00,0.00,0.00
2026,2,C,CAR,19239,0.00,0.00,,0.00,0.00,0.00,0.00,0.00,0.00,0.00,0.00,0.00
2026,2,C,SF,12508,0.00,0.00,,0.00,0.00,0.00,0.00,0.00,0.00,0.00,0.00,0.00
2026,2,C,DET,9245,0.00,0.00,,0.00,0.00,0.00,0.00,0.00,0.00,0.00,0.00,0.00
2026,2,C,LAC,18650,0.00,0.00,,0.00,0.00,0.00,0.00,0.00,0.00,0.00,0.00,0.00
2026,2,C,NE,13432,0.00,0.00,,0.00,0.00,0.00,0.00,0.00,0.00,0.00,0.00,0.00
2026,2,C,BAL,19230,0.00,0.00,,0.00,0.00,0.00,0.00,0.00,0.00,0.00,0.00,0.00
2026,2,C,PHI,16039,0.00,0.00,,0.00,0.00,0.00,0.00,0.00,0.00,0.00,0.00,0.00
2026,2,C,IND,18513,0.00,0.00,,0.00,0.00,0.00,0.00,0.00,0.00,0.00,0.00,0.00
2026,2,C,DAL,13525,0.00,0.00,,0.00,0.00,0.00,0.00,0.00,0.00,0.00,0.00,0.00
2026,2,C,WAS,10074,0.00,0.00,,0.00,0.00,0.00,0.00,0.00,0.00,0.00,0.00,0.00
2026,2,C,NO,9317,0.00,0.00,,0.00,0.00,0.00,0.00,0.00,0.00,0.00,0.00,0.00
2026,2,C,MIN,17689,0.00,0.00,,0.00,0.00,0.00,0.00,0.00,0.00,0.00,0.00,0.00
2026,2,C,NO,15979,0.00,0.00,,0.00,0.00,0.00,0.00,0.00,0.00,0.00,0.00,0.00
2026,2,C,PHI,16686,0.00,0.00,,0.00,0.00,0.00,0.00,0.00,0.00,0.00,0.00,0.00
2026,2,C,SEA,16897,0.00,0.00,,0.00,0.00,0.00,0.00,0.00,0.00,0.00,0.00,0.00
2026,2,C,LV,19281,0.00,0.00,,0.00,0.00,0.00,0.00,0.00,0.00,0.00,0.00,0.00
2026,2,C,ARI,11691,0.00,0.00,,0.00,0.00,0.00,0.00,0.00,0.00,0.00,0.00,0.00
2026,2,C,SEA,18477,0.00,0.00,,0.00,0.00,0.00,0.00,0.00,0.00,0.00,0.00,0.00
2026,2,C,MIA,18482,0.00,0.00,,0.00,0.00,0.00,0.00,0.00,0.00,0.00,0.00,0.00
2026,2,C,NE,19293,0.00,0.00,,0.00,0.00,0.00,0.00,0.00,0.00,0.00,0.00,0.00
2026,2,C,PHI,7355,0.00,0.00,,0.00,0.00,0.00,0.00,0.00,0.00,0.00,0.00,0.00
2026,2,C,MIN,13613,0.00,0.00,,0.00,0.00,0.00,0.00,0.00,0.00,0.00,0.00,0.00
2026,2,C,TB,19292,0.00,0.00,,0.00,0.00,0.00,0.00,0.00,0.00,0.00,0.00,0.00
2026,2,C,KC,19283,0.00,0.00,,0.00,0.00,0.00,0.00,0.00,0.00,0.00,0.00,0.00
2026,2,C,SEA,12490,0.00,0.00,,0.00,0.00,0.00,0.00,0.00,0.00,0.00,0.00,0.00
2026,2,C,NYG,14318,0.00,0.00,,0.00,0.00,0.00,0.00,0.00,0.00,0.00,0.00,0.00
2026,2,C,DAL,15828,0.00,0.00,,0.00,0.00,0.00,0.00,0.00,0.00,0.00,0.00,0.00
2026,2,C,NYJ,12061,0.00,0.00,,0.00,0.00,0.00,0.00,0.00,0.00,0.00,0.00,0.00
2026,2,C,HOU,16935,0.00,0.00,,0.00,0.00,0.00,0.00,0.00,0.00,0.00,0.00,0.00
2026,2,C,SF,17761,0.00,0.00,,0.00,0.00,0.00,0.00,0.00,0.00,0.00,0.00,0.00
2026,2,C,NE,16797,0.00,0.00,,0.00,0.00,0.00,0.00,0.00,0.00,0.00,0.00,0.00
2026,2,C,CAR,15841,0.00,0.00,,0.00,0.00,0.00,0.00,0.00,0.00,0.00,0.00,0.00
2026,2,C,DET,11834,0.00,0.00,,0.00,0.00,0.00,0.00,0.00,0.00,0.00,0.00,0.00
2026,2,C,BAL,19301,0.00,0.00,,0.00,0.00,0.00,0.00,0.00,0.00,0.00,0.00,0.00
2026,2,C,NO,17788,0.00,0.00,,0.00,0.00,0.00,0.00,0.00,0.00,0.00,0.00,0.00
2026,2,C,ARI,17966,0.00,0.00,,0.00,0.00,0.00,0.00,0.00,0.00,0.00,0.00,0.00
2026,2,C,CAR,18506,0.00,0.00,,0.00,0.00,0.00,0.00,0.00,0.00,0.00,0.00,0.00
2026,2,C,CLE,19312,0.00,0.00,,0.00,0.00,0.00,0.00,0.00,0.00,0.00,0.00,0.00
2026,2,C,JAX,18505,0.00,0.00,,0.00,0.00,0.00,0.00,0.00,0.00,0.00,0.00,0.00
2026,2,C,CLE,18467,0.00,0.00,,0.00,0.00,0.00,0.00,0.00,0.00,0.00,0.00,0.00
2026,2,C,KC,15416,0.00,0.00,,0.00,0.00,0.00,0.00,0.00,0.00,0.00,0.00,0.00
2026,2,C,BUF,17555,0.00,0.00,,0.00,0.00,0.00,0.00,0.00,0.00,0.00,0.00,0.00
2026,2,C,CIN,5648,0.00,0.00,,0.00,0.00,0.00,0.00,0.00,0.00,0.00,0.00,0.00
2026,2,C,LAR,19275,0.00,0.00,,0.00,0.00,0.00,0.00,0.00,0.00,0.00,0.00,0.00
2026,2,C,CLE,18496,0.00,0.00,,0.00,0.00,0.00,0.00,0.00,0.00,0.00,0.00,0.00
2026,2,C,DEN,13438,0.00,0.00,,0.00,0.00,0.00,0.00,0.00,0.00,0.00,0.00,0.00
2026,2,C,CLE,19289,0.00,0.00,,0.00,0.00,0.00,0.00,0.00,0.00,0.00,0.00,0.00
2026,2,C,SF,19330,0.00,0.00,,0.00,0.00,0.00,0.00,0.00,0.00,0.00,0.00,0.00
2026,2,C,SF,17947,0.00,0.00,,0.00,0.00,0.00,0.00,0.00,0.00,0.00,0.00,0.00
2026,2,C,GB,7357,0.00,0.00,,0.00,0.00,0.00,0.00,0.00,0.00,0.00,0.00,0.00
2026,2,C,KC,19351,0.00,0.00,,0.00,0.00,0.00,0.00,0.00,0.00,0.00,0.00,0.00
2026,2,C,BAL,15974,0.00,0.00,,0.00,0.00,0.00,0.00,0.00,0.00,0.00,0.00,0.00
2026,2,C,HOU,18551,0.00,0.00,,0.00,0.00,0.00,0.00,0.00,0.00,0.00,0.00,0.00
2026,2,C,SF,16418,0.00,0.00,,0.00,0.00,0.00,0.00,0.00,0.00,0.00,0.00,0.00
2026,2,C,NE,17335,0.00,0.00,,0.00,0.00,0.00,0.00,0.00,0.00,0.00,0.00,0.00
2026,2,C,TEN,11709,0.00,0.00,,0.00,0.00,0.00,0.00,0.00,0.00,0.00,0.00,0.00
2026,2,C,PIT,18512,0.00,0.00,,0.00,0.00,0.00,0.00,0.00,0.00,0.00,0.00,0.00
2026,2,C,GB,18554,0.00,0.00,,0.00,0.00,0.00,0.00,0.00,0.00,0.00,0.00,0.00
2026,2,C,DAL,15825,0.00,0.00,,0.00,0.00,0.00,0.00,0.00,0.00,0.00,0.00,0.00
2026,2,C,PHI,17011,0.00,0.00,,0.00,0.00,0.00,0.00,0.00,0.00,0.00,0.00,0.00
2026,2,C,BAL,14563,0.00,0.00,,0.00,0.00,0.00,0.00,0.00,0.00,0.00,0.00,0.00
2026,2,C,MIN,18536,0.00,0.00,,0.00,0.00,0.00,0.00,0.00,0.00,0.00,0.00,0.00
2026,2,C,GB,13582,0.00,0.00,,0.00,0.00,0.00,0.00,0.00,0.00,0.00,0.00,0.00
2026,2,F,BUF,12483,24.95,5.14,,14.46,175.87,1.19,0.58,19.75,0.41,0.00,0.00,0.00
2026,2,F,DAL,11008,28.86,2.12,,16.59,205.93,1.58,0.67,6.91,0.05,0.00,0.00,0.00
2026,2,F,PHI,14416,21.97,6.29,,12.52,151.66,1.11,0.50,22.28,0.45,0.00,0.00,0.00
2026,2,F,GB,14371,27.45,2.12,,15.17,188.07,1.46,0.43,6.99,0.05,0.00,0.00,0.00
2026,2,F,SF,15834,24.54,2.59,,14.60,182.68,1.43,0.75,8.23,0.10,0.00,0.00,0.00
2026,2,F,WAS,17692,24.06,5.74,,13.53,155.68,1.01,0.48,26.68,0.19,0.00,0.00,0.00
2026,2,F,DET,16808,0.00,15.47,,0.00,0.00,0.00,0.00,80.64,0.89,2.49,12.16,0.04
2026,2,F,BAL,12561,21.26,6.34,,12.19,155.70,1.14,0.48,24.94,0.08,0.00,0.00,0.00
2026,2,F,CIN,14442,28.98,2.23,,17.45,189.16,1.39,0.95,4.23,0.05,0.00,0.00,0.00
2026,2,F,NE,17673,26.19,3.20,,15.72,192.46,1.11,1.03,11.85,0.06,0.00,0.00,0.00
2026,2,F,HOU,16886,25.36,2.02,,14.55,173.35,1.32,0.90,7.85,0.06,0.00,0.00,0.00
2026,2,F,LAR,5971,26.75,1.16,,14.95,187.48,1.23,0.74,2.20,0.04,0.00,0.00,0.00
2026,2,F,KC,11839,26.80,2.38,,15.72,186.86,0.95,0.66,8.85,0.07,0.00,0.00,0.00
2026,2,F,TB,12619,24.80,2.93,,14.07,160.88,1.24,0.76,9.37,0.07,0.00,0.00,0.00
2026,2,F,DET,10729,27.65,1.08,,16.12,191.68,1.05,0.62,1.98,0.04,0.00,0.00,0.00
2026,2,F,LAC,14446,25.64,3.34,,14.90,174.43,0.92,0.61,10.57,0.09,0.00,0.00,0.00
2026,2,F,JAX,15357,27.36,3.22,,14.88,172.26,0.80,0.72,8.81,0.19,0.00,0.00,0.00
2026,2,F,MIA,15872,21.88,5.10,,12.99,143.61,0.82,0.43,19.78,0.18,0.00,0.00,0.00
2026,2,F,NYG,18574,23.64,4.52,,13.00,143.34,0.93,0.86,18.45,0.19,0.00,0.00,0.00
2026,2,F,CHI,17695,25.45,3.94,,13.62,165.18,0.85,0.58,14.70,0.05,0.00,0.00,0.00
2026,2,F,PIT,4307,25.55,0.97,,14.48,157.16,1.33,0.65,1.88,0.02,0.00,0.00,0.00
2026,2,F,ATL,16739,0.00,17.94,,0.00,0.00,0.00,0.00,78.73,0.50,2.46,15.24,0.05
2026,2,F,CAR,16807,25.46,3.42,,14.32,150.39,1.02,1.05,14.02,0.10,0.00,0.00,0.00
2026,2,F,DEN,16995,27.43,2.70,,15.86,163.18,0.86,0.95,8.01,0.10,0.00,0.00,0.00
2026,2,F,NO,17037,27.97,3.25,,15.74,173.52,0.65,0.68,8.77,0.08,0.00,0.00,0.00
2026,2,F,NYJ,8743,24.29,2.41,,14.31,157.07,0.92,0.62,6.74,0.03,0.00,0.00,0.00
2026,2,F,IND,13491,24.93,2.55,,13.85,160.63,0.76,0.58,8.46,0.06,0.00,0.00,0.00
2026,2,F,LV,8057,24.85,1.29,,14.71,159.76,0.83,1.03,1.88,0.04,0.00,0.00,0.00
2026,2,F,CLE,11712,22.53,2.12,,14.37,147.79,0.84,0.97,5.75,0.05,0.00,0.00,0.00
2026,2,F,IND,14455,0.00,16.70,,0.00,0.00,0.00,0.00,67.20,0.49,1.43,7.83,0.02
2026,2,F,SEA,13736,23.85,2.91,,12.77,140.70,0.57,0.73,10.37,0.07,0.00,0.00,0.00
2026,2,F,MIN,10856,19.79,1.83,,11.79,117.93,0.96,0.62,6.78,0.04,0.00,0.00,0.00
2026,2,F,SF,11690,0.00,12.44,,0.00,0.00,0.00,0.00,49.84,0.35,3.05,19.26,0.16
2026,2,F,BUF,15876,0.00,13.80,,0.00,0.00,0.00,0.00,62.54,0.40,1.29,7.41,0.06
2026,2,F,LAR,15807,0.00,11.69,,0.00,0.00,0.00,0.00,59.88,0.50,1.19,5.55,0.03
2026,2,F,ARI,10919,27.61,1.13,,15.16,164.38,0.45,0.96,2.42,0.02,0.00,0.00,0.00
2026,2,F,TEN,16997,25.67,2.03,,13.48,142.46,0.48,0.62,5.48,0.06,0.00,0.00,0.00
2026,2,F,PHI,12507,0.00,13.75,,0.00,0.00,0.00,0.00,55.25,0.37,1.56,9.80,0.07
2026,2,F,BAL,10819,0.00,14.94,,0.00,0.00,0.00,0.00,58.41,0.44,0.64,4.24,0.02
2026,2,F,DAL,15306,0.00,14.43,,0.00,0.00,0.00,0.00,61.04,0.26,1.38,7.64,0.03
2026,2,F,MIA,16661,0.00,11.07,,0.00,0.00,0.00,0.00,53.11,0.31,1.97,10.10,0.06
2026,2,F,HOU,13556,0.00,11.15,,0.00,0.00,0.00,0.00,48.23,0.40,1.46,9.00,0.05
2026,2,F,DAL,14411,0.00,0.14,,0.00,0.00,0.00,0.00,0.74,0.00,4.34,63.01,0.29
2026,2,F,LAR,16790,0.00,0.45,,0.00,0.00,0.00,0.00,3.06,0.02,4.91,63.05,0.22
2026,2,F,KC,15909,0.00,13.61,,0.00,0.00,0.00,0.00,46.87,0.38,1.27,8.11,0.00
2026,2,F,DAL,15853,0.00,0.05,,0.00,0.00,0.00,0.00,0.20,0.00,3.52,59.96,0.26
2026,2,F,HOU,15200,0.00,0.18,,0.00,0.00,0.00,0.00,0.85,0.01,3.51,55.27,0.31
2026,2,F,ATL,11841,20.16,1.81,,11.65,116.62,0.49,0.76,-1.67,0.05,0.00,0.00,0.00
2026,2,F,DET,15332,0.00,0.21,,0.00,0.00,0.00,0.00,1.07,0.01,4.65,52.84,0.28
2026,2,F,MIN,14509,0.00,0.10,,0.00,0.00,0.00,0.00,0.36,0.00,4.27,55.91,0.25
2026,2,F,SEA,16654,0.00,0.35,,0.00,0.00,0.00,0.00,1.48,0.01,4.06,55.40,0.22
2026,2,F,LAR,17690,0.00,9.35,,0.00,0.00,0.00,0.00,48.22,0.31,0.54,1.89,0.01
2026,2,F,CIN,15183,0.00,0.21,,0.00,0.00,0.00,0.00,0.59,0.00,4.23,47.35,0.34
2026,2,F,CAR,18547,0.00,0.06,,0.00,0.00,0.00,0.00,0.27,0.00,2.96,46.87,0.32
2026,2,F,CIN,16934,0.00,13.18,,0.00,0.00,0.00,0.00,41.24,0.23,1.83,6.45,0.08
2026,2,F,GB,15946,0.00,0.10,,0.00,0.00,0.00,0.00,0.48,0.00,2.57,43.23,0.33
2026,2,F,PHI,15406,0.00,0.04,,0.00,0.00,0.00,0.00,0.15,0.00,3.58,47.13,0.25
2026,2,F,SEA,19299,0.00,11.22,,0.00,0.00,0.00,0.00,45.24,0.18,0.81,4.68,0.01
2026,2,F,NYJ,15810,0.00,11.19,,0.00,0.00,0.00,0.00,41.56,0.14,1.57,9.26,0.03
2026,2,F,GB,16649,0.00,0.00,,0.00,0.00,0.00,0.00,0.00,0.00,3.12,38.80,0.36
2026,2,F,CHI,14394,0.00,11.43,,0.00,0.00,0.00,0.00,41.28,0.22,1.20,5.67,0.00
2026,2,F,WAS,13536,0.00,0.04,,0.00,0.00,0.00,0.00,0.18,0.00,3.16,44.97,0.24
2026,2,F,GB,17795,0.00,8.92,,0.00,0.00,0.00,0.00,32.60,0.25,1.29,7.73,0.07
2026,2,F,LV,18487,0.00,12.91,,0.00,0.00,0.00,0.00,38.42,0.22,1.87,5.68,0.03
2026,2,F,CLE,18516,0.00,11.81,,0.00,0.00,0.00,0.00,33.61,0.29,1.09,5.55,0.02
2026,2,F,ATL,15868,0.00,0.05,,0.00,0.00,0.00,0.00,0.17,0.00,3.38,44.78,0.21
2026,2,F,LAC,18445,0.00,11.64,,0.00,0.00,0.00,0.00,40.30,0.16,1.68,6.26,0.02
2026,2,F,NO,15895,0.00,0.03,,0.00,0.00,0.00,0.00,0.10,0.00,4.01,50.28,0.11
2026,2,F,TB,17784,0.00,11.33,,0.00,0.00,0.00,0.00,34.93,0.15,1.49,8.72,0.06
2026,2,F,NYG,18514,0.00,10.28,,0.00,0.00,0.00,0.00,34.66,0.21,1.14,6.56,0.04
2026,2,F,PIT,13424,0.00,0.15,,0.00,0.00,0.00,0.00,0.51,0.00,2.80,38.06,0.29
2026,2,F,SF,9253,0.00,0.00,,0.00,0.00,0.00,0.00,0.00,0.00,2.56,35.63,0.33
2026,2,F,CIN,14506,0.00,0.05,,0.00,0.00,0.00,0.00,0.16,0.00,2.50,33.21,0.33
2026,2,F,MIN,16895,0.00,0.22,,0.00,0.00,0.00,0.00,1.68,0.01,2.50,35.36,0.26
2026,2,F,NE,18517,0.00,8.19,,0.00,0.00,0.00,0.00,30.37,0.24,1.57,6.54,0.03
2026,2,F,DET,15849,0.00,0.47,,0.00,0.00,0.00,0.00,2.30,0.02,2.37,38.49,0.18
2026,2,F,NYJ,15829,0.00,0.13,,0.00,0.00,0.00,0.00,0.37,0.00,3.59,38.55,0.23
2026,2,F,DEN,15404,0.00,0.16,,0.00,0.00,0.00,0.00,0.63,0.00,3.34,42.24,0.16
2026,2,F,PIT,15984,0.00,10.10,,0.00,0.00,0.00,0.00,38.06,0.09,1.41,6.82,0.03
2026,2,F,CAR,17976,0.00,0.06,,0.00,0.00,0.00,0.00,0.27,0.00,3.00,37.08,0.24
2026,2,F,CHI,18460,0.00,0.04,,0.00,0.00,0.00,0.00,0.12,0.00,3.28,37.21,0.24
2026,2,F,NO,15385,0.00,10.72,,0.00,0.00,0.00,0.00,36.15,0.12,1.33,7.55,0.01
2026,2,F,CAR,15242,0.00,9.53,,0.00,0.00,0.00,0.00,35.56,0.13,1.15,5.00,0.04
2026,2,F,BAL,16919,0.00,0.16,,0.00,0.00,0.00,0.00,0.69,0.00,3.10,40.42,0.16
2026,2,F,LAC,17724,0.00,0.08,,0.00,0.00,0.00,0.00,0.32,0.00,3.23,39.01,0.18
2026,2,F,CHI,18548,0.00,0.53,,0.00,0.00,0.00,0.00,2.02,0.01,3.02,40.04,0.12
2026,2,F,NE,15372,0.00,8.39,,0.00,0.00,0.00,0.00,28.59,0.17,1.51,9.01,0.03
2026,2,F,LV,17693,0.00,0.18,,0.00,0.00,0.00,0.00,0.53,0.00,4.33,38.63,0.17
2026,2,F,GB,16977,0.00,0.72,,0.00,0.00,0.00,0.00,4.68,0.03,2.58,29.39,0.22
2026,2,F,WAS,18811,0.00,6.42,,0.00,0.00,0.00,0.00,26.94,0.25,0.66,5.22,0.03
2026,2,F,LAR,9455,0.00,0.00,,0.00,0.00,0.00,0.00,0.00,0.00,2.38,32.12,0.27
2026,2,F,BUF,12477,0.00,0.34,,0.00,0.00,0.00,0.00,1.64,0.01,2.69,33.58,0.20
2026,2,F,KC,16963,0.00,0.35,,0.00,0.00,0.00,0.00,1.01,0.01,3.26,36.22,0.14
2026,2,F,TB,18549,0.00,0.20,,0.00,0.00,0.00,0.00,0.67,0.00,2.12,31.52,0.23
2026,2,F,NYG,17704,0.00,0.13,,0.00,0.00,0.00,0.00,0.36,0.00,3.08,31.44,0.23
2026,2,F,IND,18534,0.00,0.10,,0.00,0.00,0.00,0.00,0.29,0.00,3.41,30.81,0.24
2026,2,F,TEN,13590,0.00,8.79,,0.00,0.00,0.00,0.00,34.39,0.13,0.96,3.21,0.00
2026,2,F,PIT,14657,0.00,8.99,,0.00,0.00,0.00,0.00,31.15,0.08,1.32,6.32,0.04
2026,2,F,PIT,14378,0.00,0.05,,0.00,0.00,0.00,0.00,0.20,0.00,3.26,32.79,0.18
2026,2,F,WAS,10133,0.00,0.00,,0.00,0.00,0.00,0.00,0.00,0.00,2.90,33.63,0.17
2026,2,F,ARI,15902,0.00,0.00,,0.00,0.00,0.00,0.00,0.00,0.00,4.73,39.35,0.07
2026,2,F,KC,8783,0.00,0.00,,0.00,0.00,0.00,0.00,0.00,0.00,3.56,36.30,0.12
2026,2,F,LAC,16899,0.00,0.14,,0.00,0.00,0.00,0.00,0.42,0.00,2.30,29.92,0.21
2026,2,F,ARI,19235,0.00,10.61,,0.00,0.00,0.00,0.00,27.34,0.13,1.81,7.50,0.00
2026,2,F,PHI,12860,0.00,0.00,,0.00,0.00,0.00,0.00,0.00,0.00,2.77,27.51,0.25
2026,2,F,DAL,15947,0.00,0.00,,0.00,0.00,0.00,0.00,0.00,0.00,3.30,29.15,0.21
2026,2,F,GB,18500,0.00,0.61,,0.00,0.00,0.00,0.00,2.31,0.01,2.14,28.44,0.17
2026,2,F,BAL,12559,0.00,0.36,,0.00,0.00,0.00,0.00,1.17,0.01,2.69,24.69,0.25
2026,2,F,CHI,18520,0.00,8.27,,0.00,0.00,0.00,0.00,29.52,0.11,0.67,4.04,0.02
2026,2,F,KC,17687,0.00,0.81,,0.00,0.00,0.00,0.00,3.66,0.03,2.14,30.52,0.08
2026,2,F,IND,16689,0.00,0.16,,0.00,0.00,0.00,0.00,0.36,0.00,2.98,30.76,0.16
2026,2,F,SF,11892,0.00,0.00,,0.00,0.00,0.00,0.00,0.00,0.00,2.54,26.57,0.23
2026,2,F,NE,10735,0.00,0.00,,0.00,0.00,0.00,0.00,0.00,0.00,2.84,29.11,0.18
2026,2,F,BUF,15892,0.00,0.08,,0.00,0.00,0.00,0.00,0.29,0.00,3.27,31.56,0.13
2026,2,F,HOU,12514,0.00,0.00,,0.00,0.00,0.00,0.00,0.00,0.00,2.86,28.30,0.19
2026,2,F,JAX,18524,0.00,8.29,,0.00,0.00,0.00,0.00,21.55,0.21,0.98,3.64,0.01
2026,2,F,NO,14630,0.00,0.00,,0.00,0.00,0.00,0.00,0.00,0.00,3.52,34.30,0.06
2026,2,F,TB,11718,0.00,0.04,,0.00,0.00,0.00,0.00,0.15,0.00,2.75,28.73,0.15
2026,2,F,DET,17033,0.00,0.05,,0.00,0.00,0.00,0.00,0.20,0.00,2.83,27.06,0.17
2026,2,F,BUF,16697,0.00,0.00,,0.00,0.00,0.00,0.00,0.00,0.00,2.73,26.85,0.17
2026,2,F,ATL,15265,0.00,0.00,,0.00,0.00,0.00,0.00,0.00,0.00,2.92,30.75,0.10
2026,2,F,DEN,12586,0.00,0.00,,0.00,0.00,0.00,0.00,0.00,0.00,2.16,28.81,0.13
2026,2,F,WAS,15802,0.00,4.73,,0.00,0.00,0.00,0.00,19.61,0.09,1.50,8.72,0.04
2026,2,F,CLE,18472,0.00,0.14,,0.00,0.00,0.00,0.00,0.32,0.01,2.45,24.42,0.18
2026,2,F,ARI,17674,0.00,0.00,,0.00,0.00,0.00,0.00,0.00,0.00,1.83,28.90,0.12
2026,2,F,DEN,14418,0.00,6.40,,0.00,0.00,0.00,0.00,24.91,0.14,0.73,1.91,0.01
2026,2,F,DEN,18522,0.00,5.94,,0.00,0.00,0.00,0.00,15.81,0.17,1.46,6.95,0.04
2026,2,F,NE,16027,0.00,0.00,,0.00,0.00,0.00,0.00,0.00,0.00,2.16,27.86,0.12
2026,2,F,TB,15222,0.00,4.94,,0.00,0.00,0.00,0.00,17.32,0.13,1.46,7.03,0.04
2026,2,F,NYG,16033,0.00,0.00,,0.00,0.00,0.00,0.00,0.00,0.00,2.85,24.79,0.16
2026,2,F,MIN,13610,0.00,0.00,,0.00,0.00,0.00,0.00,0.00,0.00,2.96,26.44,0.13
2026,2,F,CAR,17747,0.00,4.97,,0.00,0.00,0.00,0.00,18.50,0.08,1.26,6.48,0.07
2026,2,F,CHI,17020,0.00,0.04,,0.00,0.00,0.00,0.00,0.15,0.00,1.68,25.35,0.14
2026,2,F,JAX,16690,0.00,0.37,,0.00,0.00,0.00,0.00,0.57,0.00,2.03,25.36,0.11
2026,2,F,MIN,11763,0.00,4.11,,0.00,0.00,0.00,0.00,18.28,0.08,1.18,6.44,0.04
2026,2,F,PIT,15267,0.00,0.00,,0.00,0.00,0.00,0.00,0.00,0.00,2.51,20.61,0.18
2026,2,F,LV,16025,0.00,0.19,,0.00,0.00,0.00,0.00,0.61,0.00,1.59,24.04,0.10
2026,2,F,BAL,15210,0.00,0.03,,0.00,0.00,0.00,0.00,0.11,0.00,1.50,21.25,0.15
2026,2,F,CLE,19242,0.00,0.48,,0.00,0.00,0.00,0.00,1.54,0.01,1.84,22.28,0.10
2026,2,F,IND,16022,0.00,0.05,,0.00,0.00,0.00,0.00,0.18,0.00,1.18,23.02,0.11
2026,2,F,SEA,17811,0.00,0.46,,0.00,0.00,0.00,0.00,1.62,0.01,2.43,19.35,0.13
2026,2,F,JAX,17716,0.00,0.15,,0.00,0.00,0.00,0.00,0.61,0.00,1.74,24.16,0.07
2026,2,F,MIN,14376,0.00,0.00,,0.00,0.00,0.00,0.00,0.00,0.00,1.45,19.42,0.16
2026,2,F,SF,13429,0.00,0.39,,0.00,0.00,0.00,0.00,1.79,0.02,1.54,19.13,0.11
2026,2,F,HOU,18449,0.00,4.65,,0.00,0.00,0.00,0.00,18.09,0.06,0.60,4.05,0.05
2026,2,F,WAS,16042,0.00,0.00,,0.00,0.00,0.00,0.00,0.00,0.00,2.31,23.14,0.09
2026,2,F,ARI,16957,0.00,0.04,,0.00,0.00,0.00,0.00,0.11,0.00,1.87,23.95,0.07
2026,2,F,ATL,15907,0.00,4.72,,0.00,0.00,0.00,0.00,17.46,0.12,0.43,2.24,0.02
2026,2,F,DAL,17974,0.00,0.16,,0.00,0.00,0.00,0.00,0.73,0.00,1.42,19.52,0.12
2026,2,F,LV,16694,0.00,0.37,,0.00,0.00,0.00,0.00,1.49,0.01,1.59,21.68,0.06
2026,2,F,SEA,17968,0.00,4.07,,0.00,0.00,0.00,0.00,14.84,0.11,0.81,4.43,0.01
2026,2,F,HOU,16795,0.00,0.00,,0.00,0.00,0.00,0.00,0.00,0.00,1.13,17.53,0.15
2026,2,F,CLE,14458,0.00,0.05,,0.00,0.00,0.00,0.00,0.19,0.00,1.56,22.53,0.06
2026,2,F,CAR,10215,0.00,0.00,,0.00,0.00,0.00,0.00,0.00,0.00,1.67,16.04,0.17
2026,2,F,JAX,17017,0.00,0.00,,0.00,0.00,0.00,0.00,0.00,0.00,2.44,21.70,0.07
2026,2,F,SEA,16560,0.00,0.53,,0.00,0.00,0.00,0.00,3.06,0.01,1.28,18.27,0.06
2026,2,F,TEN,16941,0.00,4.65,,0.00,0.00,0.00,0.00,15.19,0.09,1.39,4.85,0.00
2026,2,F,PHI,19231,0.00,0.08,,0.00,0.00,0.00,0.00,0.33,0.00,1.83,18.73,0.10
2026,2,F,TB,16032,0.00,0.00,,0.00,0.00,0.00,0.00,0.00,0.00,2.23,18.67,0.10
2026,2,F,JAX,13517,0.00,0.20,,0.00,0.00,0.00,0.00,0.72,0.01,2.07,21.54,0.03
2026,2,F,LAC,16810,0.00,4.00,,0.00,0.00,0.00,0.00,18.66,0.04,0.56,2.95,0.01
2026,2,F,GB,16741,0.00,3.16,,0.00,0.00,0.00,0.00,13.02,0.08,0.71,3.74,0.03
2026,2,F,CLE,19298,0.00,0.11,,0.00,0.00,0.00,0.00,0.32,0.00,1.50,18.87,0.07
2026,2,F,TB,17763,0.00,0.09,,0.00,0.00,0.00,0.00,0.35,0.00,1.16,14.46,0.14
2026,2,F,NE,11861,0.00,0.04,,0.00,0.00,0.00,0.00,0.14,0.00,1.48,18.44,0.06
2026,2,F,NYJ,17668,0.00,0.04,,0.00,0.00,0.00,0.00,0.11,0.00,1.10,16.62,0.09
2026,2,F,TEN,15838,0.00,0.15,,0.00,0.00,0.00,0.00,0.60,0.00,2.20,20.19,0.02
2026,2,F,PHI,16658,0.00,0.04,,0.00,0.00,0.00,0.00,0.14,0.00,1.04,13.52,0.10
2026,2,F,NO,17975,0.00,0.04,,0.00,0.00,0.00,0.00,0.14,0.00,1.50,17.20,0.04
2026,2,F,NE,16751,0.00,0.30,,0.00,0.00,0.00,0.00,0.90,0.00,1.43,16.44,0.04
2026,2,F,TEN,19268,0.00,0.07,,0.00,0.00,0.00,0.00,0.20,0.00,1.67,17.65,0.02
2026,2,F,MIA,17863,0.00,0.72,,0.00,0.00,0.00,0.00,3.12,0.03,1.45,10.92,0.05
2026,2,F,PHI,16705,0.00,2.65,,0.00,0.00,0.00,0.00,11.39,0.08,0.23,1.66,0.01
2026,2,F,DEN,18562,0.00,0.07,,0.00,0.00,0.00,0.00,0.27,0.00,1.34,15.05,0.05
2026,2,F,ARI,15976,0.00,4.63,,0.00,0.00,0.00,0.00,12.77,0.06,0.34,1.80,0.00
2026,2,F,HOU,16932,0.00,0.05,,0.00,0.00,0.00,0.00,0.30,0.00,0.82,11.80,0.10
2026,2,F,SEA,11863,0.00,0.03,,0.00,0.00,0.00,0.00,0.14,0.00,1.13,14.27,0.06
2026,2,F,SF,19607,0.00,3.47,,0.00,0.00,0.00,0.00,12.71,0.06,0.17,0.97,0.01
2026,2,F,CIN,12764,0.00,0.00,,0.00,0.00,0.00,0.00,0.00,0.00,1.72,13.51,0.07
2026,2,F,HOU,18555,0.00,0.05,,0.00,0.00,0.00,0.00,0.20,0.00,0.92,11.39,0.10
2026,2,F,BUF,13587,0.00,2.02,,0.00,0.00,0.00,0.00,7.68,0.05,0.69,4.25,0.04
2026,2,F,TEN,18503,0.00,0.00,,0.00,0.00,0.00,0.00,0.00,0.00,1.53,10.83,0.10
2026,2,F,DAL,17091,0.00,2.24,,0.00,0.00,0.00,0.00,13.79,0.02,0.17,1.22,0.01
2026,2,F,MIN,14410,0.00,2.09,,0.00,0.00,0.00,0.00,9.02,0.03,0.71,3.91,0.03
2026,2,F,MIA,15891,0.00,0.00,,0.00,0.00,0.00,0.00,0.00,0.00,1.28,12.77,0.06
2026,2,F,CLE,18526,0.00,3.18,,0.00,0.00,0.00,0.00,8.20,0.03,0.79,4.48,0.03
2026,2,F,BUF,17792,0.00,2.93,,0.00,0.00,0.00,0.00,10.92,0.02,0.46,2.93,0.02
2026,2,F,CAR,17734,0.00,0.00,,0.00,0.00,0.00,0.00,0.00,0.00,0.88,10.21,0.10
2026,2,F,JAX,16933,0.00,3.10,,0.00,0.00,0.00,0.00,10.81,0.08,0.08,0.39,0.00
2026,2,F,SF,11163,0.00,0.00,,0.00,0.00,0.00,0.00,0.00,0.00,0.76,10.49,0.09
2026,2,F,MIA,19343,0.00,0.03,,0.00,0.00,0.00,0.00,0.08,0.00,1.11,12.17,0.06
2026,2,F,PIT,17043,0.00,0.00,,0.00,0.00,0.00,0.00,0.00,0.00,1.00,11.11,0.08
2026,2,F,LAC,18481,0.00,0.00,,0.00,0.00,0.00,0.00,0.00,0.00,0.98,11.79,0.06
2026,2,F,IND,8627,0.00,0.00,,0.00,0.00,0.00,0.00,0.00,0.00,1.22,12.69,0.04
2026,2,F,PIT,16889,0.00,0.00,,0.00,0.00,0.00,0.00,0.00,0.00,1.24,10.73,0.07
2026,2,F,NO,16898,0.00,2.95,,0.00,0.00,0.00,0.00,8.67,0.05,0.53,2.99,0.00
2026,2,F,BUF,13466,0.00,0.00,,0.00,0.00,0.00,0.00,0.00,0.00,1.00,9.93,0.08
2026,2,F,NYG,13449,0.00,3.45,,0.00,0.00,0.00,0.00,11.39,0.05,0.05,0.19,0.00
2026,2,F,NYJ,17702,0.00,3.23,,0.00,0.00,0.00,0.00,10.14,0.05,0.14,0.78,0.01
2026,2,F,BAL,13427,0.00,1.57,,0.00,0.00,0.00,0.00,5.34,0.04,0.71,4.01,0.04
2026,2,F,LAC,18478,0.00,0.10,,0.00,0.00,0.00,0.00,0.33,0.00,1.10,11.46,0.04
2026,2,F,DAL,13894,0.00,0.79,,0.00,0.00,0.00,0.00,4.21,0.01,0.42,6.39,0.04
2026,2,F,MIA,19309,0.00,0.03,,0.00,0.00,0.00,0.00,0.11,0.00,0.96,10.11,0.05
2026,2,F,LAR,14463,0.00,0.00,,0.00,0.00,0.00,0.00,0.00,0.00,1.06,8.75,0.07
2026,2,F,NYG,19313,0.00,0.04,,0.00,0.00,0.00,0.00,0.13,0.00,0.97,9.25,0.06
2026,2,F,NYJ,19279,0.00,0.03,,0.00,0.00,0.00,0.00,0.08,0.00,1.14,9.64,0.05
2026,2,F,CIN,16965,0.00,0.16,,0.00,0.00,0.00,0.00,0.48,0.00,0.67,8.49,0.06
2026,2,F,MIA,19450,0.00,0.00,,0.00,0.00,0.00,0.00,0.00,0.00,1.12,9.25,0.05
2026,2,F,ATL,13833,0.00,0.18,,0.00,0.00,0.00,0.00,0.73,0.01,0.88,8.42,0.04
2026,2,F,LV,19300,0.00,2.48,,0.00,0.00,0.00,0.00,7.93,0.05,0.19,0.88,0.00
2026,2,F,NYJ,18535,0.00,0.00,,0.00,0.00,0.00,0.00,0.00,0.00,1.25,8.69,0.05
2026,2,F,CHI,14436,0.00,0.00,,0.00,0.00,0.00,0.00,0.00,0.00,1.11,9.32,0.04
2026,2,F,WAS,19237,0.00,0.08,,0.00,0.00,0.00,0.00,0.35,0.00,0.77,8.95,0.04
2026,2,F,KC,19240,0.00,2.23,,0.00,0.00,0.00,0.00,6.23,0.05,0.26,1.78,0.01
2026,2,F,MIA,17800,0.00,2.43,,0.00,0.00,0.00,0.00,7.61,0.04,0.14,0.80,0.01
2026,2,F,SEA,17593,0.00,1.96,,0.00,0.00,0.00,0.00,8.51,0.04,0.09,0.47,0.00
2026,2,F,NE,19348,0.00,0.00,,0.00,0.00,0.00,0.00,0.00,0.00,0.99,9.03,0.04
2026,2,F,TEN,16036,0.00,0.00,,0.00,0.00,0.00,0.00,0.00,0.00,1.00,9.02,0.04
2026,2,F,DEN,16849,0.00,0.33,,0.00,0.00,0.00,0.00,1.14,0.01,0.77,7.32,0.03
2026,2,F,NYG,14510,0.00,0.04,,0.00,0.00,0.00,0.00,0.16,0.00,0.62,8.96,0.03
2026,2,F,TEN,12616,0.00,0.03,,0.00,0.00,0.00,0.00,0.12,0.00,0.51,8.32,0.04
2026,2,F,CIN,11698,0.00,2.01,,0.00,0.00,0.00,0.00,6.33,0.05,0.29,1.25,0.00
2026,2,F,SEA,18540,0.00,0.00,,0.00,0.00,0.00,0.00,0.00,0.00,0.68,8.22,0.03
2026,2,F,NYG,17021,0.00,0.00,,0.00,0.00,0.00,0.00,0.00,0.00,0.70,7.00,0.05
2026,2,F,NYJ,19314,0.00,0.13,,0.00,0.00,0.00,0.00,0.39,0.00,0.70,7.71,0.03
2026,2,F,PHI,13502,0.00,0.00,,0.00,0.00,0.00,0.00,0.00,0.00,0.55,6.90,0.05
2026,2,F,ARI,11847,0.00,0.00,,0.00,0.00,0.00,0.00,0.00,0.00,0.72,8.55,0.01
2026,2,F,DET,17760,0.00,1.59,,0.00,0.00,0.00,0.00,5.94,0.05,0.01,0.10,0.00
2026,2,F,NO,11732,0.00,1.53,,0.00,0.00,0.00,0.00,4.69,0.02,0.60,2.92,0.00
2026,2,F,NYG,17967,0.00,1.72,,0.00,0.00,0.00,0.00,5.84,0.01,0.38,1.69,0.01
2026,2,F,KC,15831,0.00,0.00,,0.00,0.00,0.00,0.00,0.00,0.00,0.37,6.64,0.03
2026,2,F,MIN,19234,0.00,1.30,,0.00,0.00,0.00,0.00,4.80,0.02,0.24,1.41,0.01
2026,2,F,DET,18642,0.00,0.03,,0.00,0.00,0.00,0.00,0.13,0.00,0.46,6.04,0.03
2026,2,F,TB,19320,0.00,0.07,,0.00,0.00,0.00,0.00,0.21,0.00,0.46,5.36,0.04
2026,2,F,HOU,19352,0.00,0.00,,0.00,0.00,0.00,0.00,0.00,0.00,0.62,5.55,0.04
2026,2,F,MIN,13786,0.00,0.00,,0.00,0.00,0.00,0.00,0.00,0.00,0.65,6.21,0.03
2026,2,F,TEN,18552,0.00,0.00,,0.00,0.00,0.00,0.00,0.00,0.00,0.38,5.52,0.04
2026,2,F,GB,11807,0.00,0.00,,0.00,0.00,0.00,0.00,0.00,0.00,0.68,5.47,0.04
2026,2,F,CLE,18502,0.00,0.13,,0.00,0.00,0.00,0.00,0.46,0.00,0.28,4.96,0.04
2026,2,F,LAR,18497,0.00,0.00,,0.00,0.00,0.00,0.00,0.00,0.00,0.57,5.92,0.03
2026,2,F,NE,19126,0.00,0.03,,0.00,0.00,0.00,0.00,0.07,0.00,0.50,5.55,0.03
2026,2,F,WAS,15289,0.00,0.00,,0.00,0.00,0.00,0.00,0.00,0.00,0.56,5.59,0.03
2026,2,F,ARI,16959,0.00,0.00,,0.00,0.00,0.00,0.00,0.00,0.00,0.81,6.07,0.02
2026,2,F,ATL,15850,0.00,0.02,,0.00,0.00,0.00,0.00,0.06,0.00,0.44,5.46,0.03
2026,2,F,LAC,11734,0.00,0.00,,0.00,0.00,0.00,0.00,0.00,0.00,0.66,5.35,0.03
2026,2,F,TB,16728,0.00,1.17,,0.00,0.00,0.00,0.00,3.93,0.05,0.04,0.22,0.00
2026,2,F,CAR,15371,0.00,0.00,,0.00,0.00,0.00,0.00,0.00,0.00,0.61,4.59,0.04
2026,2,F,BUF,17732,0.00,0.03,,0.00,0.00,0.00,0.00,0.12,0.00,0.33,4.36,0.04
2026,2,F,LAR,10854,0.00,0.00,,0.00,0.00,0.00,0.00,0.00,0.00,0.52,4.85,0.03
2026,2,F,SEA,17772,0.00,0.05,,0.00,0.00,0.00,0.00,0.22,0.00,0.40,5.13,0.02
2026,2,F,KC,15459,0.00,0.00,,0.00,0.00,0.00,0.00,0.00,0.00,0.61,5.91,0.01
2026,2,F,MIA,18450,0.00,1.40,,0.00,0.00,0.00,0.00,3.06,0.05,0.06,0.27,0.00
2026,2,F,LV,16666,0.00,0.00,,0.00,0.00,0.00,0.00,0.00,0.00,0.79,6.23,0.00
2026,2,F,LV,18457,0.00,0.04,,0.00,0.00,0.00,0.00,0.18,0.00,0.47,5.36,0.01
2026,2,F,TB,18484,0.00,0.06,,0.00,0.00,0.00,0.00,0.16,0.00,0.29,3.40,0.04
2026,2,F,ATL,19262,0.00,0.09,,0.00,0.00,0.00,0.00,0.29,0.00,0.56,4.99,0.01
2026,2,F,DEN,11805,0.00,0.00,,0.00,0.00,0.00,0.00,0.00,0.00,0.87,5.75,0.00
2026,2,F,MIN,18553,0.00,0.03,,0.00,0.00,0.00,0.00,0.15,0.00,0.51,4.20,0.02
2026,2,F,DEN,14541,0.00,0.00,,0.00,0.00,0.00,0.00,0.00,0.00,0.45,3.83,0.03
2026,2,F,LAC,15924,0.00,0.08,,0.00,0.00,0.00,0.00,0.27,0.00,0.59,4.65,0.01
2026,2,F,HOU,17794,0.00,0.09,,0.00,0.00,0.00,0.00,0.36,0.00,0.41,3.34,0.03
2026,2,F,NYG,9255,0.00,0.00,,0.00,0.00,0.00,0.00,0.00,0.00,0.33,3.48,0.03
2026,2,F,IND,19303,0.00,1.14,,0.00,0.00,0.00,0.00,3.13,0.02,0.17,0.85,0.00
2026,2,F,JAX,18476,0.00,0.81,,0.00,0.00,0.00,0.00,2.28,0.00,0.72,2.28,0.01
2026,2,F,WAS,18643,0.00,0.17,,0.00,0.00,0.00,0.00,0.69,0.00,0.21,3.30,0.02
2026,2,F,PHI,17802,0.00,0.49,,0.00,0.00,0.00,0.00,1.07,0.01,0.34,2.19,0.02
2026,2,F,ATL,10748,0.00,0.00,,0.00,0.00,0.00,0.00,0.00,0.00,0.44,3.91,0.02
2026,2,F,WAS,17833,0.00,0.00,,0.00,0.00,0.00,0.00,0.00,0.00,0.44,3.86,0.02
2026,2,F,DEN,19241,0.00,0.97,,0.00,0.00,0.00,0.00,2.81,0.01,0.26,1.04,0.01
2026,2,F,NYJ,17057,0.00,0.54,,0.00,0.00,0.00,0.00,2.04,0.01,0.29,1.62,0.01
2026,2,F,NYJ,17977,0.00,0.13,,0.00,0.00,0.00,0.00,0.61,0.00,0.46,3.71,0.01
2026,2,F,BAL,19364,0.00,0.00,,0.00,0.00,0.00,0.00,0.00,0.00,0.39,3.74,0.02
2026,2,F,NO,19336,0.00,0.00,,0.00,0.00,0.00,0.00,0.00,0.00,0.52,4.84,0.00
2026,2,F,NO,13426,0.00,0.00,,0.00,0.00,0.00,0.00,0.00,0.00,0.47,4.09,0.01
2026,2,F,SF,15566,0.00,0.00,,0.00,0.00,0.00,0.00,0.00,0.00,0.43,3.52,0.02
2026,2,F,JAX,19448,0.00,0.00,,0.00,0.00,0.00,0.00,0.00,0.00,0.42,3.49,0.02
2026,2,F,BUF,18538,0.00,0.00,,0.00,0.00,0.00,0.00,0.00,0.00,0.41,3.45,0.02
2026,2,F,LAR,17467,0.00,0.09,,0.00,0.00,0.00,0.00,0.48,0.00,0.26,3.54,0.01
2026,2,F,CLE,17319,0.00,0.58,,0.00,0.00,0.00,0.00,2.21,0.01,0.22,1.11,0.01
2026,2,F,BAL,10994,0.00,0.00,,0.00,0.00,0.00,0.00,0.00,0.00,0.25,3.32,0.02
2026,2,F,WAS,18533,0.00,0.79,,0.00,0.00,0.00,0.00,2.87,0.02,0.06,0.44,0.00
2026,2,F,CHI,19357,0.00,0.00,,0.00,0.00,0.00,0.00,0.00,0.00,0.45,3.88,0.01
2026,2,F,PHI,12316,0.00,0.00,,0.00,0.00,0.00,0.00,0.00,0.00,0.34,3.28,0.02
2026,2,F,CIN,13809,0.00,0.00,,0.00,0.00,0.00,0.00,0.00,0.00,0.48,3.25,0.02
2026,2,F,TEN,18641,0.00,0.32,,0.00,0.00,0.00,0.00,0.75,0.00,0.29,2.43,0.02
2026,2,F,DAL,16855,0.00,0.00,,0.00,0.00,0.00,0.00,0.00,0.00,0.31,3.18,0.02
2026,2,F,CHI,11429,0.00,0.15,,0.00,0.00,0.00,0.00,0.62,0.00,0.28,2.67,0.01
2026,2,F,NO,19319,0.00,0.00,,0.00,0.00,0.00,0.00,0.00,0.00,0.36,3.72,0.00
2026,2,F,JAX,18578,0.00,0.10,,0.00,0.00,0.00,0.00,0.27,0.00,0.28,2.60,0.01
2026,2,F,BUF,15447,0.00,0.00,,0.00,0.00,0.00,0.00,0.00,0.00,0.19,2.70,0.01
2026,2,F,DAL,17908,0.00,0.00,,0.00,0.00,0.00,0.00,0.00,0.00,0.27,2.70,0.01
2026,2,F,JAX,19321,0.00,0.13,,0.00,0.00,0.00,0.00,0.36,0.00,0.25,2.23,0.01
2026,2,F,DET,15681,0.00,0.00,,0.00,0.00,0.00,0.00,0.00,0.00,0.35,2.59,0.01
2026,2,F,HOU,13822,0.00,0.00,,0.00,0.00,0.00,0.00,0.00,0.00,0.20,2.01,0.02
2026,2,F,IND,13854,0.00,0.06,,0.00,0.00,0.00,0.00,0.32,0.00,0.20,2.13,0.01
2026,2,F,JAX,19349,0.00,0.00,,0.00,0.00,0.00,0.00,0.00,0.00,0.30,2.48,0.01
2026,2,F,DEN,13565,0.00,0.00,,0.00,0.00,0.00,0.00,0.00,0.00,0.19,1.89,0.02
2026,2,F,LAC,19318,0.00,0.00,,0.00,0.00,0.00,0.00,0.00,0.00,0.25,2.35,0.01
2026,2,F,NE,18889,0.00,0.00,,0.00,0.00,0.00,0.00,0.00,0.00,0.18,2.40,0.01
2026,2,F,CAR,17330,0.00,0.00,,0.00,0.00,0.00,0.00,0.00,0.00,0.20,1.80,0.02
2026,2,F,GB,16005,0.00,0.05,,0.00,0.00,0.00,0.00,0.25,0.00,0.15,1.95,0.01
2026,2,F,LAC,17821,0.00,0.55,,0.00,0.00,0.00,0.00,1.82,0.00,0.14,0.84,0.00
2026,2,F,IND,12196,0.00,0.00,,0.00,0.00,0.00,0.00,0.00,0.00,0.24,2.10,0.01
2026,2,F,LAR,17688,0.00,0.07,,0.00,0.00,0.00,0.00,0.33,0.00,0.20,1.69,0.01
2026,2,F,CAR,18545,0.00,0.00,,0.00,0.00,0.00,0.00,0.00,0.00,0.22,1.95,0.01
2026,2,F,CHI,18938,0.00,0.00,,0.00,0.00,0.00,0.00,0.00,0.00,0.14,1.88,0.01
2026,2,F,CIN,17696,0.00,0.00,,0.00,0.00,0.00,0.00,0.00,0.00,0.25,1.93,0.01
2026,2,F,BAL,19426,0.00,0.00,,0.00,0.00,0.00,0.00,0.00,0.00,0.19,1.83,0.01
2026,2,F,BAL,12807,0.00,0.00,,0.00,0.00,0.00,0.00,0.00,0.00,0.20,1.76,0.01
2026,2,F,GB,18515,0.00,0.51,,0.00,0.00,0.00,0.00,1.56,0.01,0.04,0.26,0.00
2026,2,F,NO,18544,0.00,0.00,,0.00,0.00,0.00,0.00,0.00,0.00,0.26,2.38,0.00
2026,2,F,DET,17584,0.00,0.27,,0.00,0.00,0.00,0.00,1.22,0.01,0.10,0.58,0.00
2026,2,F,NYJ,15996,0.00,0.00,,0.00,0.00,0.00,0.00,0.00,0.00,0.27,1.70,0.01
2026,2,F,PIT,19263,0.00,0.03,,0.00,0.00,0.00,0.00,0.09,0.00,0.16,1.55,0.01
2026,2,F,LAR,17030,0.00,0.00,,0.00,0.00,0.00,0.00,0.00,0.00,0.22,1.62,0.01
2026,2,F,DEN,17719,0.00,0.08,,0.00,0.00,0.00,0.00,0.21,0.00,0.14,1.43,0.01
2026,2,F,WAS,15896,0.00,0.11,,0.00,0.00,0.00,0.00,0.49,0.00,0.07,0.88,0.01
2026,2,F,MIA,19322,0.00,0.00,,0.00,0.00,0.00,0.00,0.00,0.00,0.14,1.35,0.01
2026,2,F,BAL,19310,0.00,0.00,,0.00,0.00,0.00,0.00,0.01,0.00,0.13,1.36,0.01
2026,2,F,CLE,17130,0.00,0.00,,0.00,0.00,0.00,0.00,0.00,0.00,0.15,1.38,0.01
2026,2,F,ATL,14608,0.00,0.00,,0.00,0.00,0.00,0.00,0.00,0.00,0.21,1.33,0.01
2026,2,F,LV,17818,0.00,0.43,,0.00,0.00,0.00,0.00,0.91,0.01,0.05,0.26,0.00
2026,2,F,PHI,18958,0.00,0.00,,0.00,0.00,0.00,0.00,0.00,0.00,0.13,1.21,0.01
2026,2,F,TB,18307,0.00,0.04,,0.00,0.00,0.00,0.00,0.15,0.00,0.09,1.01,0.01
2026,2,F,CIN,18519,0.00,0.53,,0.00,0.00,0.00,0.00,1.08,0.01,0.03,0.15,0.00
2026,2,F,DET,15918,0.00,0.00,,0.00,0.00,0.00,0.00,0.00,0.00,0.09,1.09,0.01
2026,2,F,TB,16720,0.00,0.00,,0.00,0.00,0.00,0.00,0.00,0.00,0.13,1.07,0.01
2026,2,F,MIA,19681,0.00,0.00,,0.00,0.00,0.00,0.00,0.00,0.00,0.10,0.95,0.01
2026,2,F,DAL,15990,0.00,0.22,,0.00,0.00,0.00,0.00,0.94,0.00,0.10,0.64,0.00
2026,2,F,BAL,17728,0.00,0.04,,0.00,0.00,0.00,0.00,0.13,0.00,0.07,0.91,0.01
2026,2,F,LAR,16108,0.00,0.22,,0.00,0.00,0.00,0.00,0.99,0.01,0.01,0.03,0.00
2026,2,F,DEN,15893,0.00,0.16,,0.00,0.00,0.00,0.00,0.57,0.00,0.25,0.93,0.00
2026,2,F,GB,16866,0.00,0.00,,0.00,0.00,0.00,0.00,0.00,0.00,0.11,0.91,0.01
2026,2,F,HOU,15369,0.00,0.00,,0.00,0.00,0.00,0.00,0.00,0.00,0.08,0.75,0.01
2026,2,F,CHI,19259,0.00,0.00,,0.00,0.00,0.00,0.00,0.00,0.00,0.14,1.35,0.00
2026,2,F,NYG,15468,0.00,0.29,,0.00,0.00,0.00,0.00,0.91,0.00,0.11,0.45,0.00
2026,2,F,CAR,17748,0.00,0.00,,0.00,0.00,0.00,0.00,0.00,0.00,0.11,0.73,0.01
2026,2,F,KC,18529,0.00,0.29,,0.00,0.00,0.00,0.00,0.74,0.00,0.09,0.57,0.00
2026,2,F,CHI,16772,0.00,0.21,,0.00,0.00,0.00,0.00,0.60,0.01,0.00,0.00,0.00
2026,2,F,KC,19631,0.00,0.00,,0.00,0.00,0.00,0.00,0.00,0.00,0.09,1.13,0.00
2026,2,F,NE,18532,0.00,0.27,,0.00,0.00,0.00,0.00,0.93,0.00,0.02,0.13,0.00
2026,2,F,CAR,14370,0.00,0.26,,0.00,0.00,0.00,0.00,0.98,0.00,0.03,0.16,0.00
2026,2,F,IND,18443,0.00,0.27,,0.00,0.00,0.00,0.00,0.76,0.00,0.06,0.29,0.00
2026,2,F,LV,15922,0.00,0.00,,0.00,0.00,0.00,0.00,0.00,0.00,0.09,0.98,0.00
2026,2,F,LAR,17081,0.00,0.00,,0.00,0.00,0.00,0.00,0.00,0.00,0.11,0.99,0.00
2026,2,F,ARI,19445,0.00,0.00,,0.00,0.00,0.00,0.00,0.00,0.00,0.08,0.97,0.00
2026,2,F,JAX,15460,0.00,0.00,,0.00,0.00,0.00,0.00,0.00,0.00,0.12,0.85,0.00
2026,2,F,DAL,16937,0.00,0.00,,0.00,0.00,0.00,0.00,0.00,0.00,0.05,0.85,0.00
2026,2,F,TEN,15921,0.00,0.22,,0.00,0.00,0.00,0.00,0.73,0.00,0.04,0.17,0.00
2026,2,F,GB,15935,0.00,0.08,,0.00,0.00,0.00,0.00,0.37,0.00,0.04,0.53,0.00
2026,2,F,PIT,19335,0.00,0.10,,0.00,0.00,0.00,0.00,0.35,0.00,0.08,0.55,0.00
2026,2,F,LAR,19316,0.00,0.04,,0.00,0.00,0.00,0.00,0.20,0.00,0.07,0.72,0.00
2026,2,F,SEA,11897,0.00,0.00,,0.00,0.00,0.00,0.00,0.00,0.00,0.11,0.82,0.00
2026,2,F,IND,16277,0.00,0.00,,0.00,0.00,0.00,0.00,0.00,0.00,0.09,0.75,0.00
2026,2,F,CIN,19247,0.00,0.04,,0.00,0.00,0.00,0.00,0.13,0.00,0.06,0.64,0.00
2026,2,F,LAR,19278,0.00,0.00,,0.00,0.00,0.00,0.00,0.00,0.00,0.08,0.82,0.00
2026,2,F,NYJ,18646,0.00,0.06,,0.00,0.00,0.00,0.00,0.17,0.00,0.06,0.55,0.00
2026,2,F,ARI,17185,0.00,0.00,,0.00,0.00,0.00,0.00,0.00,0.00,0.07,0.73,0.00
2026,2,F,LV,12858,0.00,0.00,,0.00,0.00,0.00,0.00,0.00,0.00,0.07,0.56,0.00
2026,2,F,LAC,16939,0.00,0.10,,0.00,0.00,0.00,0.00,0.37,0.00,0.03,0.23,0.00
2026,2,F,SF,18647,0.00,0.00,,0.00,0.00,0.00,0.00,0.00,0.00,0.06,0.60,0.00
2026,2,F,NYG,10033,0.00,0.00,,0.00,0.00,0.00,0.00,0.00,0.00,0.08,0.57,0.00
2026,2,F,WAS,15274,0.00,0.05,,0.00,0.00,0.00,0.00,0.24,0.00,0.03,0.39,0.00
2026,2,F,WAS,17820,0.00,0.00,,0.00,0.00,0.00,0.00,0.00,0.00,0.04,0.46,0.00
2026,2,F,CLE,17777,0.00,0.05,,0.00,0.00,0.00,0.00,0.31,0.00,0.02,0.18,0.00
2026,2,F,KC,18542,0.00,0.00,,0.00,0.00,0.00,0.00,0.00,0.00,0.04,0.46,0.00
2026,2,F,JAX,10126,0.00,0.08,,0.00,0.00,0.00,0.00,0.26,0.00,0.07,0.24,0.00
2026,2,F,DEN,16992,0.00,0.00,,0.00,0.00,0.00,0.00,0.00,0.00,0.08,0.53,0.00
2026,2,F,PHI,15280,0.00,0.00,,0.00,0.00,0.00,0.00,0.00,0.00,0.04,0.45,0.00
2026,2,F,KC,16744,0.00,0.02,,0.00,0.00,0.00,0.00,0.08,0.00,0.02,0.38,0.00
2026,2,F,ARI,14636,0.00,0.03,,0.00,0.00,0.00,0.00,0.10,0.00,0.04,0.36,0.00
2026,2,F,HOU,18300,0.00,0.05,,0.00,0.00,0.00,0.00,0.28,0.00,0.02,0.16,0.00
2026,2,F,DEN,19363,0.00,0.00,,0.00,0.00,0.00,0.00,0.00,0.00,0.04,0.36,0.00
2026,2,F,BAL,17026,0.00,0.06,,0.00,0.00,0.00,0.00,0.15,0.00,0.03,0.20,0.00
2026,2,F,BAL,18567,0.00,0.05,,0.00,0.00,0.00,0.00,0.18,0.00,0.02,0.26,0.00
2026,2,F,NE,16931,0.00,0.00,,0.00,0.00,0.00,0.00,0.00,0.00,0.04,0.43,0.00
2026,2,F,NYJ,15579,0.00,0.15,,0.00,0.00,0.00,0.00,0.39,0.00,0.01,0.03,0.00
2026,2,F,DET,14246,0.00,0.00,,0.00,0.00,0.00,0.00,0.00,0.00,0.03,0.36,0.00
2026,2,F,KC,18550,0.00,0.00,,0.00,0.00,0.00,0.00,0.01,0.00,0.02,0.37,0.00
2026,2,F,DET,12809,0.00,0.00,,0.00,0.00,0.00,0.00,0.00,0.00,0.04,0.37,0.00
2026,2,F,PIT,19340,0.00,0.03,,0.00,0.00,0.00,0.00,0.10,0.00,0.02,0.21,0.00
2026,2,F,TEN,15245,0.00,0.00,,0.00,0.00,0.00,0.00,0.00,0.00,0.04,0.31,0.00
2026,2,F,CIN,19447,0.00,0.00,,0.00,0.00,0.00,0.00,0.00,0.00,0.04,0.31,0.00
2026,2,F,CLE,19608,0.00,0.00,,0.00,0.00,0.00,0.00,0.00,0.00,0.04,0.34,0.00
2026,2,F,NYJ,15821,0.00,0.00,,0.00,0.00,0.00,0.00,0.00,0.00,0.03,0.33,0.00
2026,2,F,PIT,15467,0.00,0.00,,0.00,0.00,0.00,0.00,0.00,0.00,0.04,0.34,0.00
2026,2,F,CIN,19258,0.00,0.00,,0.00,0.00,0.00,0.00,0.00,0.00,0.02,0.17,0.00
2026,2,F,PHI,16337,0.00,0.00,,0.00,0.00,0.00,0.00,0.00,0.00,0.02,0.15,0.00
2026,2,F,IND,19315,0.00,0.00,,0.00,0.00,0.00,0.00,0.00,0.00,0.02,0.18,0.00
2026,2,F,MIN,19095,0.00,0.00,,0.00,0.00,0.00,0.00,0.00,0.00,0.02,0.23,0.00
2026,2,F,CAR,15324,0.00,0.04,,0.00,0.00,0.00,0.00,0.12,0.00,0.01,0.11,0.00
2026,2,F,SF,18485,0.00,0.03,,0.00,0.00,0.00,0.00,0.13,0.00,0.00,0.02,0.00
2026,2,F,LAR,15229,0.00,0.00,,0.00,0.00,0.00,0.00,0.01,0.00,0.01,0.20,0.00
2026,2,F,TB,19452,0.00,0.00,,0.00,0.00,0.00,0.00,0.00,0.00,0.02,0.15,0.00
2026,2,F,SF,17008,0.00,0.00,,0.00,0.00,0.00,0.00,0.00,0.00,0.01,0.07,0.00
2026,2,F,CLE,15310,0.00,0.00,,0.00,0.00,0.00,0.00,0.00,0.00,0.01,0.14,0.00
2026,2,F,PIT,12389,0.00,0.00,,0.00,0.00,0.00,0.00,0.00,0.00,0.02,0.14,0.00
2026,2,F,CAR,16069,0.00,0.05,,0.00,0.00,0.00,0.00,0.13,0.00,0.00,0.00,0.00
2026,2,F,TB,16282,0.00,0.00,,0.00,0.00,0.00,0.00,0.00,0.00,0.01,0.11,0.00
2026,2,F,MIA,19276,0.00,0.00,,0.00,0.00,0.00,0.00,0.00,0.00,0.01,0.05,0.00
2026,2,F,WAS,10074,0.00,0.00,,0.00,0.00,0.00,0.00,0.00,0.00,0.00,0.00,0.00
2026,2,F,BAL,19230,0.00,0.00,,0.00,0.00,0.00,0.00,0.00,0.00,0.00,0.00,0.00
2026,2,F,IND,18513,0.00,0.00,,0.00,0.00,0.00,0.00,0.00,0.00,0.00,0.00,0.00
2026,2,F,CAR,15841,0.00,0.00,,0.00,0.00,0.00,0.00,0.00,0.00,0.00,0.00,0.00
2026,2,F,LAC,18650,0.00,0.00,,0.00,0.00,0.00,0.00,0.00,0.00,0.00,0.00,0.00
2026,2,F,LV,19281,0.00,0.00,,0.00,0.00,0.00,0.00,0.00,0.00,0.00,0.00,0.00
2026,2,F,NE,19293,0.00,0.00,,0.00,0.00,0.00,0.00,0.00,0.00,0.00,0.00,0.00
2026,2,F,NYJ,19425,0.00,0.00,,0.00,0.00,0.00,0.00,0.00,0.00,0.00,0.00,0.00
2026,2,F,PHI,17011,0.00,0.00,,0.00,0.00,0.00,0.00,0.00,0.00,0.00,0.00,0.00
2026,2,F,SF,19330,0.00,0.00,,0.00,0.00,0.00,0.00,0.00,0.00,0.00,0.00,0.00
2026,2,F,BAL,15974,0.00,0.00,,0.00,0.00,0.00,0.00,0.00,0.00,0.00,0.00,0.00
2026,2,F,LAR,19275,0.00,0.00,,0.00,0.00,0.00,0.00,0.00,0.00,0.00,0.00,0.00
2026,2,F,CLE,18467,0.00,0.00,,0.00,0.00,0.00,0.00,0.00,0.00,0.00,0.00,0.00
2026,2,F,ARI,17966,0.00,0.00,,0.00,0.00,0.00,0.00,0.00,0.00,0.00,0.00,0.00
2026,2,F,MIN,17689,0.00,0.00,,0.00,0.00,0.00,0.00,0.00,0.00,0.00,0.00,0.00
2026,2,F,KC,19283,0.00,0.00,,0.00,0.00,0.00,0.00,0.00,0.00,0.00,0.00,0.00
2026,2,F,PHI,16686,0.00,0.00,,0.00,0.00,0.00,0.00,0.00,0.00,0.00,0.00,0.00
2026,2,F,WAS,19368,0.00,0.00,,0.00,0.00,0.00,0.00,0.00,0.00,0.00,0.00,0.00
2026,2,F,SEA,18477,0.00,0.00,,0.00,0.00,0.00,0.00,0.00,0.00,0.00,0.00,0.00
2026,2,F,SF,12508,0.00,0.00,,0.00,0.00,0.00,0.00,0.00,0.00,0.00,0.00,0.00
2026,2,F,MIN,13613,0.00,0.00,,0.00,0.00,0.00,0.00,0.00,0.00,0.00,0.00,0.00
2026,2,F,NYJ,12061,0.00,0.00,,0.00,0.00,0.00,0.00,0.00,0.00,0.00,0.00,0.00
2026,2,F,NYG,14318,0.00,0.00,,0.00,0.00,0.00,0.00,0.00,0.00,0.00,0.00,0.00
2026,2,F,SF,14386,0.00,0.00,,0.00,0.00,0.00,0.00,0.00,0.00,0.00,0.00,0.00
2026,2,F,SF,17761,0.00,0.00,,0.00,0.00,0.00,0.00,0.00,0.00,0.00,0.00,0.00
2026,2,F,PIT,19286,0.00,0.00,,0.00,0.00,0.00,0.00,0.00,0.00,0.00,0.00,0.00
2026,2,F,BAL,19301,0.00,0.00,,0.00,0.00,0.00,0.00,0.00,0.00,0.00,0.00,0.00
2026,2,F,BUF,12623,0.00,0.00,,0.00,0.00,0.00,0.00,0.00,0.00,0.00,0.00,0.00
2026,2,F,CLE,19312,0.00,0.00,,0.00,0.00,0.00,0.00,0.00,0.00,0.00,0.00,0.00
2026,2,F,NYG,15874,0.00,0.00,,0.00,0.00,0.00,0.00,0.00,0.00,0.00,0.00,0.00
2026,2,F,BUF,17555,0.00,0.00,,0.00,0.00,0.00,0.00,0.00,0.00,0.00,0.00,0.00
2026,2,F,CHI,16946,0.00,0.00,,0.00,0.00,0.00,0.00,0.00,0.00,0.00,0.00,0.00
2026,2,F,DEN,13438,0.00,0.00,,0.00,0.00,0.00,0.00,0.00,0.00,0.00,0.00,0.00
2026,2,F,ARI,19287,0.00,0.00,,0.00,0.00,0.00,0.00,0.00,0.00,0.00,0.00,0.00
2026,2,F,GB,7357,0.00,0.00,,0.00,0.00,0.00,0.00,0.00,0.00,0.00,0.00,0.00
2026,2,F,BUF,19251,0.00,0.01,,0.00,0.00,0.00,0.00,0.04,0.00,0.00,0.00,0.00
2026,2,F,MIA,16010,0.00,0.00,,0.00,0.00,0.00,0.00,0.00,0.00,0.00,0.00,0.00
2026,2,F,LAR,16871,0.00,0.00,,0.00,0.00,0.00,0.00,0.00,0.00,0.00,0.00,0.00
2026,2,F,NO,19233,0.00,0.00,,0.00,0.00,0.00,0.00,0.00,0.00,0.00,0.00,0.00
2026,2,F,LV,19432,0.00,0.00,,0.00,0.00,0.00,0.00,0.00,0.00,0.00,0.01,0.00
2026,2,F,NYG,10037,0.00,0.00,,0.00,0.00,0.00,0.00,0.00,0.00,0.00,0.00,0.00
2026,2,F,ARI,17767,0.00,0.00,,0.00,0.00,0.00,0.00,0.00,0.00,0.00,0.00,0.00
2026,2,F,SF,15402,0.00,0.00,,0.00,0.00,0.00,0.00,0.00,0.00,0.00,0.00,0.00
2026,2,F,SEA,17040,0.00,0.00,,0.00,0.00,0.00,0.00,0.00,0.00,0.00,0.00,0.00
2026,2,F,TEN,19359,0.00,0.00,,0.00,0.00,0.00,0.00,0.00,0.00,0.00,0.00,0.00
2026,2,F,CAR,19239,0.00,0.00,,0.00,0.00,0.00,0.00,0.00,0.00,0.00,0.00,0.00
2026,2,F,NYJ,19284,0.00,0.00,,0.00,0.00,0.00,0.00,0.00,0.00,0.00,0.00,0.00
2026,2,F,DET,9245,0.00,0.00,,0.00,0.00,0.00,0.00,0.00,0.00,0.00,0.00,0.00
2026,2,F,LAC,15198,0.00,0.00,,0.00,0.00,0.00,0.00,0.00,0.00,0.00,0.00,0.00
2026,2,F,NE,13432,0.00,0.00,,0.00,0.00,0.00,0.00,0.00,0.00,0.00,0.00,0.00
2026,2,F,DET,19443,0.00,0.00,,0.00,0.00,0.00,0.00,0.00,0.00,0.00,0.00,0.00
2026,2,F,PHI,16039,0.00,0.00,,0.00,0.00,0.00,0.00,0.00,0.00,0.00,0.00,0.00
2026,2,F,IND,17014,0.00,0.00,,0.00,0.00,0.00,0.00,0.00,0.00,0.00,0.00,0.00
2026,2,F,DAL,13525,0.00,0.00,,0.00,0.00,0.00,0.00,0.00,0.00,0.00,0.00,0.00
2026,2,F,MIN,16163,0.00,0.00,,0.00,0.00,0.00,0.00,0.00,0.00,0.00,0.00,0.00
2026,2,F,NO,9317,0.00,0.00,,0.00,0.00,0.00,0.00,0.00,0.00,0.00,0.00,0.00
2026,2,F,MIA,18498,0.00,0.00,,0.00,0.00,0.00,0.00,0.00,0.00,0.00,0.00,0.00
2026,2,F,NO,15979,0.00,0.00,,0.00,0.00,0.00,0.00,0.00,0.00,0.00,0.00,0.00
2026,2,F,WAS,11767,0.00,0.00,,0.00,0.00,0.00,0.00,0.00,0.00,0.00,0.00,0.00
2026,2,F,SEA,16897,0.00,0.00,,0.00,0.00,0.00,0.00,0.00,0.00,0.00,0.00,0.00
2026,2,F,HOU,15542,0.00,0.00,,0.00,0.00,0.00,0.00,0.00,0.00,0.00,0.00,0.00
2026,2,F,ARI,11691,0.00,0.00,,0.00,0.00,0.00,0.00,0.00,0.00,0.00,0.00,0.00
2026,2,F,ARI,13741,0.00,0.00,,0.00,0.00,0.00,0.00,0.00,0.00,0.00,0.00,0.00
2026,2,F,MIA,18482,0.00,0.00,,0.00,0.00,0.00,0.00,0.00,0.00,0.00,0.00,0.00
2026,2,F,MIA,18530,0.00,0.00,,0.00,0.00,0.00,0.00,0.00,0.00,0.00,0.00,0.00
2026,2,F,PHI,7355,0.00,0.00,,0.00,0.00,0.00,0.00,0.00,0.00,0.00,0.00,0.00
2026,2,F,GB,16663,0.00,0.00,,0.00,0.00,0.00,0.00,0.00,0.00,0.00,0.00,0.00
2026,2,F,TB,19292,0.00,0.00,,0.00,0.00,0.00,0.00,0.00,0.00,0.00,0.00,0.00
2026,2,F,LV,16716,0.00,0.00,,0.00,0.00,0.00,0.00,0.00,0.00,0.00,0.00,0.00
2026,2,F,SEA,12490,0.00,0.00,,0.00,0.00,0.00,0.00,0.00,0.00,0.00,0.00,0.00
2026,2,F,DET,16104,0.00,0.00,,0.00,0.00,0.00,0.00,0.00,0.00,0.00,0.00,0.00
2026,2,F,DAL,15828,0.00,0.00,,0.00,0.00,0.00,0.00,0.00,0.00,0.00,0.00,0.00
2026,2,F,PHI,19296,0.00,0.00,,0.00,0.00,0.00,0.00,0.00,0.00,0.00,0.00,0.00
2026,2,F,HOU,16935,0.00,0.00,,0.00,0.00,0.00,0.00,0.00,0.00,0.00,0.00,0.00
2026,2,F,ATL,17700,0.00,0.00,,0.00,0.00,0.00,0.00,0.00,0.00,0.00,0.00,0.00
2026,2,F,NE,16797,0.00,0.00,,0.00,0.00,0.00,0.00,0.00,0.00,0.00,0.00,0.00
2026,2,F,NO,17684,0.00,0.00,,0.00,0.00,0.00,0.00,0.00,0.00,0.00,0.00,0.00
2026,2,F,DET,11834,0.00,0.00,,0.00,0.00,0.00,0.00,0.00,0.00,0.00,0.00,0.00
2026,2,F,NO,17782,0.00,0.00,,0.00,0.00,0.00,0.00,0.00,0.00,0.00,0.00,0.00
2026,2,F,NO,17788,0.00,0.00,,0.00,0.00,0.00,0.00,0.00,0.00,0.00,0.00,0.00
2026,2,F,IND,16653,0.00,0.00,,0.00,0.00,0.00,0.00,0.00,0.00,0.00,0.00,0.00
2026,2,F,CAR,18506,0.00,0.00,,0.00,0.00,0.00,0.00,0.00,0.00,0.00,0.00,0.00
2026,2,F,PIT,12629,0.00,0.00,,0.00,0.00,0.00,0.00,0.00,0.00,0.00,0.00,0.00
2026,2,F,JAX,18505,0.00,0.00,,0.00,0.00,0.00,0.00,0.00,0.00,0.00,0.00,0.00
2026,2,F,CLE,18479,0.00,0.00,,0.00,0.00,0.00,0.00,0.00,0.00,0.00,0.00,0.00
2026,2,F,KC,15416,0.00,0.00,,0.00,0.00,0.00,0.00,0.00,0.00,0.00,0.00,0.00
2026,2,F,TB,13634,0.00,0.00,,0.00,0.00,0.00,0.00,0.00,0.00,0.00,0.00,0.00
2026,2,F,CIN,5648,0.00,0.00,,0.00,0.00,0.00,0.00,0.00,0.00,0.00,0.00,0.00
2026,2,F,TEN,18518,0.00,0.00,,0.00,0.00,0.00,0.00,0.00,0.00,0.00,0.00,0.00
2026,2,F,CLE,18496,0.00,0.00,,0.00,0.00,0.00,0.00,0.00,0.00,0.00,0.00,0.00
2026,2,F,PHI,18539,0.00,0.00,,0.00,0.00,0.00,0.00,0.00,0.00,0.00,0.00,0.00
2026,2,F,CLE,19289,0.00,0.00,,0.00,0.00,0.00,0.00,0.00,0.00,0.00,0.00,0.00
2026,2,F,ATL,14465,0.00,0.00,,0.00,0.00,0.00,0.00,0.00,0.00,0.00,0.00,0.00
2026,2,F,SF,17947,0.00,0.00,,0.00,0.00,0.00,0.00,0.00,0.00,0.00,0.00,0.00
2026,2,F,MIN,8986,0.00,0.00,,0.00,0.00,0.00,0.00,0.00,0.00,0.00,0.00,0.00
2026,2,F,KC,19351,0.00,0.00,,0.00,0.00,0.00,0.00,0.00,0.00,0.00,0.00,0.00
2026,2,F,LV,18558,0.00,0.00,,0.00,0.00,0.00,0.00,0.00,0.00,0.00,0.00,0.00
2026,2,F,HOU,18551,0.00,0.00,,0.00,0.00,0.00,0.00,0.00,0.00,0.00,0.00,0.00
2026,2,F,SF,16418,0.00,0.00,,0.00,0.00,0.00,0.00,0.00,0.00,0.00,0.00,0.00
2026,2,F,NE,17335,0.00,0.00,,0.00,0.00,0.00,0.00,0.00,0.00,0.00,0.00,0.00
2026,2,F,TEN,11709,0.00,0.00,,0.00,0.00,0.00,0.00,0.00,0.00,0.00,0.00,0.00
2026,2,F,PIT,18512,0.00,0.00,,0.00,0.00,0.00,0.00,0.00,0.00,0.00,0.00,0.00
2026,2,F,GB,18554,0.00,0.00,,0.00,0.00,0.00,0.00,0.00,0.00,0.00,0.00,0.00
2026,2,F,DAL,15825,0.00,0.00,,0.00,0.00,0.00,0.00,0.00,0.00,0.00,0.00,0.00
2026,2,F,NO,15330,0.00,0.00,,0.00,0.00,0.00,0.00,0.00,0.00,0.00,0.00,0.00
2026,2,F,BAL,14563,0.00,0.00,,0.00,0.00,0.00,0.00,0.00,0.00,0.00,0.00,0.00
2026,2,F,MIN,18536,0.00,0.00,,0.00,0.00,0.00,0.00,0.00,0.00,0.00,0.00,0.00
2026,2,F,GB,13582,0.00,0.00,,0.00,0.00,0.00,0.00,0.00,0.00,0.00,0.00,0.00
