Season,Week,PlayerID,Name,Team,Pos,Opp,Stat,Book,Line,Side,Proj,Odds,OppositeOdds,ImpliedProb,FairProb,Hold,OneSided,OurProb,Edge,ModelEdge,EdgeBasis,DevigMethod,PriceModel,Slot,LineSource,FixtureID,CapturedAt
2026,4,18526,Raheim Sanders,CLE,RB,vs PIT,rushYds,Hard Rock,31.5,over,15.36,1200,,0.0769,0.0769,,1,0.2735,0.1966,0.1966,ev,none,projection,main,live,20261002CCEAD0D8,2026-10-01T20:06:10.078Z
2026,4,15984,Jaylen Warren,PIT,RB,at CLE,rushYds,Circa Sports,89.5,over,96.25,185,-215,0.3509,0.3395,0.0334,0,0.5469,0.1960,0.2074,ev,multiplicative,projection,main,live,20261002CCEAD0D8,2026-10-01T20:06:10.078Z
2026,4,13484,Travis Homer,PIT,RB,at CLE,rushYds,DraftKings,14.5,over,13.65,266,,0.2732,0.2732,,1,0.4684,0.1952,0.1952,ev,none,projection,main,live,20261002CCEAD0D8,2026-10-01T20:06:10.078Z
2026,4,13484,Travis Homer,PIT,RB,at CLE,rushYds,FanDuel,14.5,over,13.65,266,,0.2732,0.2732,,1,0.4684,0.1952,0.1952,ev,none,projection,main,live,20261002CCEAD0D8,2026-10-01T20:06:10.078Z
2026,4,17130,Blake Whiteheart,CLE,TE,vs PIT,recYds,FanDuel,9.5,over,9.35,234,,0.2994,0.2994,,1,0.4945,0.1951,0.1951,ev,none,projection,main,live,20261002CCEAD0D8,2026-10-01T20:06:10.078Z
2026,4,15984,Jaylen Warren,PIT,RB,at CLE,rushYds,BetRivers,99.5,over,96.25,265,,0.2740,0.2740,,1,0.4673,0.1933,0.1933,ev,none,projection,main,live,20261002CCEAD0D8,2026-10-01T20:06:10.078Z
2026,4,15984,Jaylen Warren,PIT,RB,at CLE,rushYds,BetRivers,89.5,over,96.25,180,,0.3571,0.3571,,1,0.5469,0.1898,0.1898,ev,none,projection,main,live,20261002CCEAD0D8,2026-10-01T20:06:10.078Z
2026,4,18526,Raheim Sanders,CLE,RB,vs PIT,rushYds,Hard Rock,32.5,over,15.36,1300,-6000,0.0714,0.0677,0.0550,0,0.2613,0.1898,0.1936,ev,multiplicative,projection,main,live,20261002CCEAD0D8,2026-10-01T20:06:10.078Z
2026,4,13484,Travis Homer,PIT,RB,at CLE,rushYds,FanDuel,9.5,over,13.65,139,,0.4184,0.4184,,1,0.6066,0.1882,0.1882,ev,none,projection,main,live,20261002CCEAD0D8,2026-10-01T20:06:10.078Z
2026,4,14378,Michael Pittman Jr.,PIT,WR,at CLE,receptions,DraftKings,5.5,over,3.94,535,,0.1575,0.1575,,1,0.3457,0.1882,0.1882,ev,none,projection,main,live,20261002CCEAD0D8,2026-10-01T20:06:10.078Z
2026,4,17130,Blake Whiteheart,CLE,TE,vs PIT,recYds,theScore,9.5,over,9.35,225,,0.3077,0.3077,,1,0.4945,0.1868,0.1868,ev,none,projection,main,live,20261002CCEAD0D8,2026-10-01T20:06:10.078Z
2026,4,11712,Deshaun Watson,CLE,QB,vs PIT,passYds,BetRivers,224.5,over,218.73,255,,0.2817,0.2817,,1,0.4647,0.1830,0.1830,ev,none,projection,main,live,20261002CCEAD0D8,2026-10-01T20:06:10.078Z
2026,4,18526,Raheim Sanders,CLE,RB,vs PIT,rushYds,Hard Rock,33.5,over,15.36,1400,,0.0667,0.0667,,1,0.2493,0.1826,0.1826,ev,none,projection,main,live,20261002CCEAD0D8,2026-10-01T20:06:10.078Z
2026,4,15984,Jaylen Warren,PIT,RB,at CLE,rushYds,DraftKings,99.5,over,96.25,250,,0.2857,0.2857,,1,0.4673,0.1816,0.1816,ev,none,projection,main,live,20261002CCEAD0D8,2026-10-01T20:06:10.078Z
2026,4,13484,Travis Homer,PIT,RB,at CLE,rushYds,DraftKings,9.5,over,13.65,135,,0.4255,0.4255,,1,0.6066,0.1811,0.1811,ev,none,projection,main,live,20261002CCEAD0D8,2026-10-01T20:06:10.078Z
2026,4,14378,Michael Pittman Jr.,PIT,WR,at CLE,receptions,BetRivers,5.5,over,3.94,500,,0.1667,0.1667,,1,0.3457,0.1790,0.1790,ev,none,projection,main,live,20261002CCEAD0D8,2026-10-01T20:06:10.078Z
2026,4,11712,Deshaun Watson,CLE,QB,vs PIT,passYds,Circa Sports,224.5,over,218.73,250,-300,0.2857,0.2759,0.0357,0,0.4647,0.1790,0.1889,ev,multiplicative,projection,main,live,20261002CCEAD0D8,2026-10-01T20:06:10.078Z
2026,4,18526,Raheim Sanders,CLE,RB,vs PIT,rushYds,theScore,34.5,over,15.36,1600,,0.0588,0.0588,,1,0.2376,0.1788,0.1788,ev,none,projection,main,live,20261002CCEAD0D8,2026-10-01T20:06:10.078Z
2026,4,14458,Jerry Jeudy,CLE,WR,vs PIT,receptions,BetRivers,3.5,over,1.43,1050,,0.0870,0.0870,,1,0.2656,0.1787,0.1787,ev,none,projection,main,live,20261002CCEAD0D8,2026-10-01T20:06:10.078Z
2026,4,14378,Michael Pittman Jr.,PIT,WR,at CLE,receptions,DraftKings,6.5,over,3.94,1120,,0.0820,0.0820,,1,0.2573,0.1754,0.1754,ev,none,projection,main,live,20261002CCEAD0D8,2026-10-01T20:06:10.078Z
2026,4,4307,Aaron Rodgers,PIT,QB,at CLE,passYds,Hard Rock,208.5,under,184.84,105,-145,0.4878,0.4518,0.0796,0,0.6630,0.1752,0.2112,ev,multiplicative,projection,main,live,20261002CCEAD0D8,2026-10-01T20:06:10.078Z
2026,4,18526,Raheim Sanders,CLE,RB,vs PIT,rushYds,Hard Rock,34.5,over,15.36,1500,-7000,0.0625,0.0596,0.0484,0,0.2376,0.1751,0.1780,ev,multiplicative,projection,main,live,20261002CCEAD0D8,2026-10-01T20:06:10.078Z
2026,4,13484,Travis Homer,PIT,RB,at CLE,rushYds,Hard Rock,16.5,over,13.65,350,-600,0.2222,0.2059,0.0794,0,0.3952,0.1729,0.1893,ev,multiplicative,projection,main,live,20261002CCEAD0D8,2026-10-01T20:06:10.078Z
2026,4,17130,Blake Whiteheart,CLE,TE,vs PIT,recYds,Hard Rock,9.5,over,9.35,210,-300,0.3226,0.3008,0.0726,0,0.4945,0.1719,0.1937,ev,multiplicative,projection,main,live,20261002CCEAD0D8,2026-10-01T20:06:10.078Z
2026,4,14378,Michael Pittman Jr.,PIT,WR,at CLE,receptions,Caesars,5.5,over,3.94,475,,0.1739,0.1739,,1,0.3457,0.1717,0.1717,ev,none,projection,main,live,20261002CCEAD0D8,2026-10-01T20:06:10.078Z
2026,4,14378,Michael Pittman Jr.,PIT,WR,at CLE,receptions,BetRivers,6.5,over,3.94,1050,,0.0870,0.0870,,1,0.2573,0.1704,0.1704,ev,none,projection,main,live,20261002CCEAD0D8,2026-10-01T20:06:10.078Z
2026,4,4307,Aaron Rodgers,PIT,QB,at CLE,passYds,Hard Rock,198.5,under,184.84,135,-185,0.4255,0.3960,0.0747,0,0.5960,0.1704,0.2000,ev,multiplicative,projection,main,live,20261002CCEAD0D8,2026-10-01T20:06:10.078Z
2026,4,14458,Jerry Jeudy,CLE,WR,vs PIT,receptions,DraftKings,3.5,over,1.43,940,,0.0962,0.0962,,1,0.2656,0.1695,0.1695,ev,none,projection,main,live,20261002CCEAD0D8,2026-10-01T20:06:10.078Z
2026,4,15984,Jaylen Warren,PIT,RB,at CLE,rushYds,DraftKings,89.5,over,96.25,164,,0.3788,0.3788,,1,0.5469,0.1681,0.1681,ev,none,projection,main,live,20261002CCEAD0D8,2026-10-01T20:06:10.078Z
2026,4,4307,Aaron Rodgers,PIT,QB,at CLE,passYds,Hard Rock,199.5,under,184.84,130,-180,0.4348,0.4035,0.0776,0,0.6028,0.1681,0.1994,ev,multiplicative,projection,main,live,20261002CCEAD0D8,2026-10-01T20:06:10.078Z
2026,4,18526,Raheim Sanders,CLE,RB,vs PIT,rushYds,Hard Rock,35.5,over,15.36,1600,-8000,0.0588,0.0562,0.0465,0,0.2262,0.1674,0.1700,ev,multiplicative,projection,main,live,20261002CCEAD0D8,2026-10-01T20:06:10.078Z
2026,4,18516,Quinshon Judkins,CLE,RB,vs PIT,rushYds,Hard Rock,46.5,under,42.39,145,-200,0.4082,0.3797,0.0748,0,0.5752,0.1670,0.1954,ev,multiplicative,projection,main,live,20261002CCEAD0D8,2026-10-01T20:06:10.078Z
2026,4,14378,Michael Pittman Jr.,PIT,WR,at CLE,receptions,Circa Sports,3.5,over,3.94,120,-140,0.4545,0.4380,0.0379,0,0.6202,0.1656,0.1822,ev,multiplicative,projection,main,live,20261002CCEAD0D8,2026-10-01T20:06:10.078Z
2026,4,4307,Aaron Rodgers,PIT,QB,at CLE,passYds,Hard Rock,196.5,under,184.84,140,-195,0.4167,0.3866,0.0777,0,0.5821,0.1655,0.1955,ev,multiplicative,projection,main,live,20261002CCEAD0D8,2026-10-01T20:06:10.078Z
2026,4,4307,Aaron Rodgers,PIT,QB,at CLE,passYds,Hard Rock,200.5,under,184.84,125,-175,0.4444,0.4112,0.0808,0,0.6097,0.1652,0.1985,ev,multiplicative,projection,main,live,20261002CCEAD0D8,2026-10-01T20:06:10.078Z
2026,4,15984,Jaylen Warren,PIT,RB,at CLE,rushYds,FanDuel,89.5,over,96.25,161,,0.3831,0.3831,,1,0.5469,0.1638,0.1638,ev,none,projection,main,live,20261002CCEAD0D8,2026-10-01T20:06:10.078Z
2026,4,4307,Aaron Rodgers,PIT,QB,at CLE,passYds,Hard Rock,197.5,under,184.84,135,-190,0.4255,0.3938,0.0807,0,0.5891,0.1635,0.1953,ev,multiplicative,projection,main,live,20261002CCEAD0D8,2026-10-01T20:06:10.078Z
2026,4,15984,Jaylen Warren,PIT,RB,at CLE,rushYds,FanDuel,99.5,over,96.25,229,,0.3040,0.3040,,1,0.4673,0.1634,0.1634,ev,none,projection,main,live,20261002CCEAD0D8,2026-10-01T20:06:10.078Z
2026,4,14458,Jerry Jeudy,CLE,WR,vs PIT,receptions,FanDuel,3.5,over,1.43,877,,0.1024,0.1024,,1,0.2656,0.1633,0.1633,ev,none,projection,main,live,20261002CCEAD0D8,2026-10-01T20:06:10.078Z
2026,4,11712,Deshaun Watson,CLE,QB,vs PIT,passYds,DraftKings,219.5,over,218.73,201,,0.3322,0.3322,,1,0.4953,0.1631,0.1631,ev,none,projection,main,live,20261002CCEAD0D8,2026-10-01T20:06:10.078Z
2026,4,4307,Aaron Rodgers,PIT,QB,at CLE,passYds,Hard Rock,190.5,under,184.84,165,-240,0.3774,0.3484,0.0832,0,0.5401,0.1627,0.1917,ev,multiplicative,projection,main,live,20261002CCEAD0D8,2026-10-01T20:06:10.078Z
2026,4,4307,Aaron Rodgers,PIT,QB,at CLE,passYds,Hard Rock,191.5,under,184.84,160,-225,0.3846,0.3571,0.0769,0,0.5471,0.1625,0.1900,ev,multiplicative,projection,main,live,20261002CCEAD0D8,2026-10-01T20:06:10.078Z
2026,4,4307,Aaron Rodgers,PIT,QB,at CLE,passYds,Hard Rock,188.5,under,184.84,175,-250,0.3636,0.3373,0.0779,0,0.5259,0.1623,0.1886,ev,multiplicative,projection,main,live,20261002CCEAD0D8,2026-10-01T20:06:10.078Z
2026,4,4307,Aaron Rodgers,PIT,QB,at CLE,passYds,Hard Rock,201.5,under,184.84,120,-175,0.4545,0.4167,0.0909,0,0.6165,0.1619,0.1998,ev,multiplicative,projection,main,live,20261002CCEAD0D8,2026-10-01T20:06:10.078Z
2026,4,4307,Aaron Rodgers,PIT,QB,at CLE,passYds,Hard Rock,187.5,under,184.84,180,-250,0.3571,0.3333,0.0714,0,0.5189,0.1617,0.1855,ev,multiplicative,projection,main,live,20261002CCEAD0D8,2026-10-01T20:06:10.078Z
2026,4,15984,Jaylen Warren,PIT,RB,at CLE,rushYds,DraftKings,109.5,over,96.25,382,,0.2075,0.2075,,1,0.3691,0.1616,0.1616,ev,none,projection,main,live,20261002CCEAD0D8,2026-10-01T20:06:10.078Z
2026,4,19298,Denzel Boston,CLE,WR,vs PIT,recYds,Circa Sports,37.5,over,51.99,-110,-110,0.5238,0.5000,0.0476,0,0.6854,0.1616,0.1854,ev,multiplicative,projection,main,live,20261002CCEAD0D8,2026-10-01T20:06:10.078Z
2026,4,19298,Denzel Boston,CLE,WR,vs PIT,recYds,BetRivers,39.5,over,51.99,100,,0.5000,0.5000,,1,0.6614,0.1614,0.1614,ev,none,projection,main,live,20261002CCEAD0D8,2026-10-01T20:06:10.078Z
2026,4,19298,Denzel Boston,CLE,WR,vs PIT,recYds,theScore,39.5,over,51.99,100,-130,0.5000,0.4694,0.0652,0,0.6614,0.1614,0.1920,ev,multiplicative,projection,main,live,20261002CCEAD0D8,2026-10-01T20:06:10.078Z
2026,4,4307,Aaron Rodgers,PIT,QB,at CLE,passYds,Hard Rock,193.5,under,184.84,150,-220,0.4000,0.3678,0.0875,0,0.5612,0.1612,0.1934,ev,multiplicative,projection,main,live,20261002CCEAD0D8,2026-10-01T20:06:10.078Z
2026,4,18526,Raheim Sanders,CLE,RB,vs PIT,rushYds,Hard Rock,36.5,over,15.36,1750,-9000,0.0541,0.0518,0.0431,0,0.2152,0.1611,0.1633,ev,multiplicative,projection,main,live,20261002CCEAD0D8,2026-10-01T20:06:10.078Z
2026,4,4307,Aaron Rodgers,PIT,QB,at CLE,passYds,Hard Rock,186.5,under,184.84,185,-260,0.3509,0.3270,0.0731,0,0.5118,0.1609,0.1848,ev,multiplicative,projection,main,live,20261002CCEAD0D8,2026-10-01T20:06:10.078Z
2026,4,15984,Jaylen Warren,PIT,RB,at CLE,rushYds,BetRivers,109.5,over,96.25,380,,0.2083,0.2083,,1,0.3691,0.1607,0.1607,ev,none,projection,main,live,20261002CCEAD0D8,2026-10-01T20:06:10.078Z
2026,4,14458,Jerry Jeudy,CLE,WR,vs PIT,receptions,Hard Rock,3.5,over,1.43,850,,0.1053,0.1053,,1,0.2656,0.1604,0.1604,ev,none,projection,main,live,20261002CCEAD0D8,2026-10-01T20:06:10.078Z
2026,4,11712,Deshaun Watson,CLE,QB,vs PIT,completions,DraftKings,21.5,over,20.11,312,,0.2427,0.2427,,1,0.4028,0.1601,0.1601,ev,none,projection,main,live,20261002CCEAD0D8,2026-10-01T20:06:10.078Z
2026,4,4307,Aaron Rodgers,PIT,QB,at CLE,passYds,Hard Rock,194.5,under,184.84,145,-210,0.4082,0.3760,0.0856,0,0.5682,0.1600,0.1922,ev,multiplicative,projection,main,live,20261002CCEAD0D8,2026-10-01T20:06:10.078Z
2026,4,15984,Jaylen Warren,PIT,RB,at CLE,rushYds,theScore,99.5,over,96.25,225,,0.3077,0.3077,,1,0.4673,0.1596,0.1596,ev,none,projection,main,live,20261002CCEAD0D8,2026-10-01T20:06:10.078Z
2026,4,19298,Denzel Boston,CLE,WR,vs PIT,recYds,BetRivers,36.5,over,51.99,-117,-113,0.5392,0.5040,0.0697,0,0.6971,0.1580,0.1931,ev,multiplicative,projection,main,live,20261002CCEAD0D8,2026-10-01T20:06:10.078Z
2026,4,14378,Michael Pittman Jr.,PIT,WR,at CLE,receptions,DraftKings,4.5,over,3.94,249,,0.2865,0.2865,,1,0.4433,0.1568,0.1568,ev,none,projection,main,live,20261002CCEAD0D8,2026-10-01T20:06:10.078Z
2026,4,18526,Raheim Sanders,CLE,RB,vs PIT,rushYds,Hard Rock,37.5,over,15.36,2000,,0.0476,0.0476,,1,0.2044,0.1568,0.1568,ev,none,projection,main,live,20261002CCEAD0D8,2026-10-01T20:06:10.078Z
2026,4,4307,Aaron Rodgers,PIT,QB,at CLE,passYds,Hard Rock,178.5,under,184.84,230,-350,0.3030,0.2804,0.0808,0,0.4595,0.1565,0.1791,ev,multiplicative,projection,main,live,20261002CCEAD0D8,2026-10-01T20:06:10.078Z
2026,4,14378,Michael Pittman Jr.,PIT,WR,at CLE,receptions,FanDuel,5.5,over,3.94,428,,0.1894,0.1894,,1,0.3457,0.1563,0.1563,ev,none,projection,main,live,20261002CCEAD0D8,2026-10-01T20:06:10.078Z
2026,4,15984,Jaylen Warren,PIT,RB,at CLE,rushYds,BetRivers,79.5,over,96.25,118,,0.4587,0.4587,,1,0.6150,0.1563,0.1563,ev,none,projection,main,live,20261002CCEAD0D8,2026-10-01T20:06:10.078Z
2026,4,4307,Aaron Rodgers,PIT,QB,at CLE,passYds,Hard Rock,181.5,under,184.84,210,-325,0.3226,0.2967,0.0873,0,0.4786,0.1561,0.1819,ev,multiplicative,projection,main,live,20261002CCEAD0D8,2026-10-01T20:06:10.078Z
2026,4,14458,Jerry Jeudy,CLE,WR,vs PIT,receptions,BetRivers,2.5,over,1.43,360,,0.2174,0.2174,,1,0.3731,0.1557,0.1557,ev,none,projection,main,live,20261002CCEAD0D8,2026-10-01T20:06:10.078Z
2026,4,13484,Travis Homer,PIT,RB,at CLE,rushYds,theScore,7.5,over,13.65,100,-130,0.5000,0.4694,0.0652,0,0.6557,0.1557,0.1863,ev,multiplicative,projection,main,live,20261002CCEAD0D8,2026-10-01T20:06:10.078Z
2026,4,14458,Jerry Jeudy,CLE,WR,vs PIT,receptions,DraftKings,2.5,over,1.43,359,,0.2179,0.2179,,1,0.3731,0.1552,0.1552,ev,none,projection,main,live,20261002CCEAD0D8,2026-10-01T20:06:10.078Z
2026,4,19298,Denzel Boston,CLE,WR,vs PIT,recYds,FanDuel,37.5,over,51.99,-113,-113,0.5305,0.5000,0.0610,0,0.6854,0.1549,0.1854,ev,multiplicative,projection,main,live,20261002CCEAD0D8,2026-10-01T20:06:10.078Z
2026,4,15984,Jaylen Warren,PIT,RB,at CLE,rushYds,theScore,89.5,over,96.25,155,,0.3922,0.3922,,1,0.5469,0.1548,0.1548,ev,none,projection,main,live,20261002CCEAD0D8,2026-10-01T20:06:10.078Z
2026,4,4307,Aaron Rodgers,PIT,QB,at CLE,passYds,Hard Rock,175.5,under,184.84,250,-375,0.2857,0.2657,0.0752,0,0.4404,0.1547,0.1747,ev,multiplicative,projection,main,live,20261002CCEAD0D8,2026-10-01T20:06:10.078Z
2026,4,17130,Blake Whiteheart,CLE,TE,vs PIT,recYds,Hard Rock,10.5,over,9.35,230,-350,0.3030,0.2804,0.0808,0,0.4576,0.1546,0.1773,ev,multiplicative,projection,main,live,20261002CCEAD0D8,2026-10-01T20:06:10.078Z
2026,4,18526,Raheim Sanders,CLE,RB,vs PIT,rushYds,DraftKings,39.5,over,15.36,3300,,0.0294,0.0294,,1,0.1839,0.1545,0.1545,ev,none,projection,main,live,20261002CCEAD0D8,2026-10-01T20:06:10.078Z
2026,4,11712,Deshaun Watson,CLE,QB,vs PIT,passYds,DraftKings,229.5,over,218.73,257,,0.2801,0.2801,,1,0.4344,0.1543,0.1543,ev,none,projection,main,live,20261002CCEAD0D8,2026-10-01T20:06:10.078Z
2026,4,11712,Deshaun Watson,CLE,QB,vs PIT,completions,theScore,22.5,over,20.11,450,,0.1818,0.1818,,1,0.3361,0.1543,0.1543,ev,none,projection,main,live,20261002CCEAD0D8,2026-10-01T20:06:10.078Z
2026,4,11712,Deshaun Watson,CLE,QB,vs PIT,passYds,FanDuel,224.5,over,218.73,222,,0.3106,0.3106,,1,0.4647,0.1542,0.1542,ev,none,projection,main,live,20261002CCEAD0D8,2026-10-01T20:06:10.078Z
2026,4,11712,Deshaun Watson,CLE,QB,vs PIT,passYds,DraftKings,209.5,over,218.73,158,,0.3876,0.3876,,1,0.5408,0.1532,0.1532,ev,none,projection,main,live,20261002CCEAD0D8,2026-10-01T20:06:10.078Z
2026,4,11712,Deshaun Watson,CLE,QB,vs PIT,passYds,Hard Rock,213.5,over,218.73,170,,0.3704,0.3704,,1,0.5232,0.1528,0.1528,ev,none,projection,main,live,20261002CCEAD0D8,2026-10-01T20:06:10.078Z
2026,4,19298,Denzel Boston,CLE,WR,vs PIT,recYds,DraftKings,37.5,over,51.99,-114,-110,0.5327,0.5042,0.0565,0,0.6854,0.1527,0.1812,ev,multiplicative,projection,main,live,20261002CCEAD0D8,2026-10-01T20:06:10.078Z
2026,4,4307,Aaron Rodgers,PIT,QB,at CLE,passYds,Circa Sports,249.5,under,184.84,-260,220,0.7222,0.6980,0.0347,0,0.8749,0.1527,0.1769,ev,multiplicative,projection,main,live,20261002CCEAD0D8,2026-10-01T20:06:10.078Z
2026,4,4307,Aaron Rodgers,PIT,QB,at CLE,passYds,Hard Rock,176.5,under,184.84,240,-375,0.2941,0.2714,0.0836,0,0.4468,0.1527,0.1753,ev,multiplicative,projection,main,live,20261002CCEAD0D8,2026-10-01T20:06:10.078Z
2026,4,4307,Aaron Rodgers,PIT,QB,at CLE,passYds,Hard Rock,183.5,under,184.84,195,-300,0.3390,0.3113,0.0890,0,0.4914,0.1524,0.1801,ev,multiplicative,projection,main,live,20261002CCEAD0D8,2026-10-01T20:06:10.078Z
2026,4,4307,Aaron Rodgers,PIT,QB,at CLE,int,BetRivers,0.5,under,0.36,-120,-110,0.5455,0.5101,0.0693,0,0.6977,0.1522,0.1876,ev,multiplicative,projection,main,live,20261002CCEAD0D8,2026-10-01T20:06:10.078Z
2026,4,14378,Michael Pittman Jr.,PIT,WR,at CLE,receptions,FanDuel,6.5,over,3.94,848,,0.1055,0.1055,,1,0.2573,0.1518,0.1518,ev,none,projection,main,live,20261002CCEAD0D8,2026-10-01T20:06:10.078Z
2026,4,19298,Denzel Boston,CLE,WR,vs PIT,recYds,DraftKings,39.5,over,51.99,-104,,0.5098,0.5098,,1,0.6614,0.1516,0.1516,ev,none,projection,main,live,20261002CCEAD0D8,2026-10-01T20:06:10.078Z
2026,4,14458,Jerry Jeudy,CLE,WR,vs PIT,receptions,Caesars,2.5,over,1.43,350,,0.2222,0.2222,,1,0.3731,0.1509,0.1509,ev,none,projection,main,live,20261002CCEAD0D8,2026-10-01T20:06:10.078Z
2026,4,11712,Deshaun Watson,CLE,QB,vs PIT,passYds,Hard Rock,212.5,over,218.73,165,,0.3774,0.3774,,1,0.5276,0.1502,0.1502,ev,none,projection,main,live,20261002CCEAD0D8,2026-10-01T20:06:10.078Z
2026,4,4307,Aaron Rodgers,PIT,QB,at CLE,passYds,Hard Rock,177.5,under,184.84,230,-350,0.3030,0.2804,0.0808,0,0.4531,0.1501,0.1728,ev,multiplicative,projection,main,live,20261002CCEAD0D8,2026-10-01T20:06:10.078Z
2026,4,4307,Aaron Rodgers,PIT,QB,at CLE,passYds,Hard Rock,173.5,under,184.84,260,-400,0.2778,0.2577,0.0778,0,0.4278,0.1500,0.1701,ev,multiplicative,projection,main,live,20261002CCEAD0D8,2026-10-01T20:06:10.078Z
2026,4,11712,Deshaun Watson,CLE,QB,vs PIT,passYds,BetRivers,199.5,over,218.73,130,,0.4348,0.4348,,1,0.5846,0.1498,0.1498,ev,none,projection,main,live,20261002CCEAD0D8,2026-10-01T20:06:10.078Z
2026,4,14378,Michael Pittman Jr.,PIT,WR,at CLE,receptions,DraftKings,2.5,over,3.94,-225,,0.6923,0.6923,,1,0.8417,0.1494,0.1494,ev,none,projection,main,live,20261002CCEAD0D8,2026-10-01T20:06:10.078Z
2026,4,14458,Jerry Jeudy,CLE,WR,vs PIT,receptions,FanDuel,2.5,over,1.43,347,,0.2237,0.2237,,1,0.3731,0.1494,0.1494,ev,none,projection,main,live,20261002CCEAD0D8,2026-10-01T20:06:10.078Z
2026,4,19298,Denzel Boston,CLE,WR,vs PIT,recYds,FanDuel,39.5,over,51.99,-105,,0.5122,0.5122,,1,0.6614,0.1492,0.1492,ev,none,projection,main,live,20261002CCEAD0D8,2026-10-01T20:06:10.078Z
2026,4,13484,Travis Homer,PIT,RB,at CLE,rushYds,FanDuel,6.5,over,13.65,-113,-113,0.5305,0.5000,0.0610,0,0.6794,0.1489,0.1794,ev,multiplicative,projection,main,live,20261002CCEAD0D8,2026-10-01T20:06:10.078Z
2026,4,4307,Aaron Rodgers,PIT,QB,at CLE,passYds,Hard Rock,171.5,under,184.84,275,-425,0.2667,0.2478,0.0762,0,0.4153,0.1486,0.1675,ev,multiplicative,projection,main,live,20261002CCEAD0D8,2026-10-01T20:06:10.078Z
2026,4,14378,Michael Pittman Jr.,PIT,WR,at CLE,receptions,DraftKings,3.5,over,3.94,112,-142,0.4717,0.4456,0.0585,0,0.6202,0.1485,0.1745,ev,multiplicative,projection,main,live,20261002CCEAD0D8,2026-10-01T20:06:10.078Z
2026,4,4307,Aaron Rodgers,PIT,QB,at CLE,passYds,Hard Rock,174.5,under,184.84,250,-400,0.2857,0.2632,0.0857,0,0.4341,0.1484,0.1710,ev,multiplicative,projection,main,live,20261002CCEAD0D8,2026-10-01T20:06:10.078Z
2026,4,19298,Denzel Boston,CLE,WR,vs PIT,recYds,BetRivers,29.5,over,51.99,-167,,0.6255,0.6255,,1,0.7732,0.1477,0.1477,ev,none,projection,main,live,20261002CCEAD0D8,2026-10-01T20:06:10.078Z
2026,4,11712,Deshaun Watson,CLE,QB,vs PIT,passTD,DraftKings,1.5,over,1.46,255,,0.2817,0.2817,,1,0.4287,0.1470,0.1470,ev,none,projection,main,live,20261002CCEAD0D8,2026-10-01T20:06:10.078Z
2026,4,4307,Aaron Rodgers,PIT,QB,at CLE,passYds,Hard Rock,239.5,under,184.84,-220,155,0.6875,0.6368,0.0797,0,0.8345,0.1470,0.1977,ev,multiplicative,projection,main,live,20261002CCEAD0D8,2026-10-01T20:06:10.078Z
2026,4,18526,Raheim Sanders,CLE,RB,vs PIT,rushYds,Hard Rock,38.5,over,15.36,2000,,0.0476,0.0476,,1,0.1940,0.1464,0.1464,ev,none,projection,main,live,20261002CCEAD0D8,2026-10-01T20:06:10.078Z
2026,4,4307,Aaron Rodgers,PIT,QB,at CLE,passYds,Hard Rock,241.5,under,184.84,-230,160,0.6970,0.6444,0.0816,0,0.8432,0.1462,0.1988,ev,multiplicative,projection,main,live,20261002CCEAD0D8,2026-10-01T20:06:10.078Z
2026,4,15984,Jaylen Warren,PIT,RB,at CLE,recYds,Hard Rock,38.5,under,22.75,-275,190,0.7333,0.6802,0.0782,0,0.8790,0.1457,0.1988,ev,multiplicative,projection,main,live,20261002CCEAD0D8,2026-10-01T20:06:10.078Z
2026,4,4307,Aaron Rodgers,PIT,QB,at CLE,passYds,Hard Rock,243.5,under,184.84,-240,170,0.7059,0.6559,0.0763,0,0.8516,0.1457,0.1957,ev,multiplicative,projection,main,live,20261002CCEAD0D8,2026-10-01T20:06:10.078Z
2026,4,14378,Michael Pittman Jr.,PIT,WR,at CLE,recYds,DraftKings,24.5,over,40.74,-192,,0.6575,0.6575,,1,0.8030,0.1455,0.1455,ev,none,projection,main,live,20261002CCEAD0D8,2026-10-01T20:06:10.078Z
2026,4,14378,Michael Pittman Jr.,PIT,WR,at CLE,receptions,BetRivers,4.5,over,3.94,235,,0.2985,0.2985,,1,0.4433,0.1448,0.1448,ev,none,projection,main,live,20261002CCEAD0D8,2026-10-01T20:06:10.078Z
2026,4,14378,Michael Pittman Jr.,PIT,WR,at CLE,receptions,Hard Rock,2.5,over,3.94,-230,165,0.6970,0.6487,0.0743,0,0.8417,0.1447,0.1929,ev,multiplicative,projection,main,live,20261002CCEAD0D8,2026-10-01T20:06:10.078Z
2026,4,13484,Travis Homer,PIT,RB,at CLE,rushYds,BetRivers,6.5,over,13.65,-115,-115,0.5349,0.5000,0.0698,0,0.6794,0.1445,0.1794,ev,multiplicative,projection,main,live,20261002CCEAD0D8,2026-10-01T20:06:10.078Z
2026,4,13484,Travis Homer,PIT,RB,at CLE,rushYds,Hard Rock,6.5,over,13.65,-115,-115,0.5349,0.5000,0.0698,0,0.6794,0.1445,0.1794,ev,multiplicative,projection,main,live,20261002CCEAD0D8,2026-10-01T20:06:10.078Z
2026,4,14378,Michael Pittman Jr.,PIT,WR,at CLE,receptions,Hard Rock,3.5,over,3.94,110,-140,0.4762,0.4494,0.0595,0,0.6202,0.1440,0.1707,ev,multiplicative,projection,main,live,20261002CCEAD0D8,2026-10-01T20:06:10.078Z
2026,4,4307,Aaron Rodgers,PIT,QB,at CLE,passYds,Hard Rock,172.5,under,184.84,260,-425,0.2778,0.2555,0.0873,0,0.4215,0.1438,0.1661,ev,multiplicative,projection,main,live,20261002CCEAD0D8,2026-10-01T20:06:10.078Z
2026,4,19298,Denzel Boston,CLE,WR,vs PIT,recYds,Caesars,29.5,over,51.99,-170,,0.6296,0.6296,,1,0.7732,0.1436,0.1436,ev,none,projection,main,live,20261002CCEAD0D8,2026-10-01T20:06:10.078Z
2026,4,4307,Aaron Rodgers,PIT,QB,at CLE,int,Circa Sports,0.5,under,0.36,-125,105,0.5556,0.5325,0.0434,0,0.6977,0.1421,0.1652,ev,multiplicative,projection,main,live,20261002CCEAD0D8,2026-10-01T20:06:10.078Z
2026,4,15984,Jaylen Warren,PIT,RB,at CLE,rushYds,Hard Rock,95.5,over,96.25,175,-250,0.3636,0.3373,0.0779,0,0.5052,0.1416,0.1679,ev,multiplicative,projection,main,live,20261002CCEAD0D8,2026-10-01T20:06:10.078Z
2026,4,18526,Raheim Sanders,CLE,RB,vs PIT,rushYds,Hard Rock,39.5,over,15.36,2250,,0.0426,0.0426,,1,0.1839,0.1414,0.1414,ev,none,projection,main,live,20261002CCEAD0D8,2026-10-01T20:06:10.078Z
2026,4,15984,Jaylen Warren,PIT,RB,at CLE,recYds,Hard Rock,37.5,under,22.75,-260,180,0.7222,0.6691,0.0794,0,0.8634,0.1412,0.1943,ev,multiplicative,projection,main,live,20261002CCEAD0D8,2026-10-01T20:06:10.078Z
2026,4,19298,Denzel Boston,CLE,WR,vs PIT,recYds,BetRivers,49.5,over,51.99,155,,0.3922,0.3922,,1,0.5331,0.1409,0.1409,ev,none,projection,main,live,20261002CCEAD0D8,2026-10-01T20:06:10.078Z
2026,4,19298,Denzel Boston,CLE,WR,vs PIT,recYds,theScore,49.5,over,51.99,155,,0.3922,0.3922,,1,0.5331,0.1409,0.1409,ev,none,projection,main,live,20261002CCEAD0D8,2026-10-01T20:06:10.078Z
2026,4,11712,Deshaun Watson,CLE,QB,vs PIT,passYds,DraftKings,239.5,over,218.73,327,,0.2342,0.2342,,1,0.3750,0.1408,0.1408,ev,none,projection,main,live,20261002CCEAD0D8,2026-10-01T20:06:10.078Z
2026,4,14378,Michael Pittman Jr.,PIT,WR,at CLE,recYds,BetRivers,29.5,over,40.74,-139,,0.5816,0.5816,,1,0.7224,0.1408,0.1408,ev,none,projection,main,live,20261002CCEAD0D8,2026-10-01T20:06:10.078Z
2026,4,16889,Darnell Washington,PIT,TE,at CLE,recYds,Hard Rock,33.5,under,14.96,-400,260,0.8000,0.7423,0.0778,0,0.9408,0.1408,0.1985,ev,multiplicative,projection,main,live,20261002CCEAD0D8,2026-10-01T20:06:10.078Z
2026,4,15984,Jaylen Warren,PIT,RB,at CLE,recYds,Hard Rock,36.5,under,22.75,-240,170,0.7059,0.6559,0.0763,0,0.8465,0.1406,0.1906,ev,multiplicative,projection,main,live,20261002CCEAD0D8,2026-10-01T20:06:10.078Z
2026,4,16889,Darnell Washington,PIT,TE,at CLE,recYds,Hard Rock,34.5,under,14.96,-425,275,0.8095,0.7522,0.0762,0,0.9501,0.1405,0.1978,ev,multiplicative,projection,main,live,20261002CCEAD0D8,2026-10-01T20:06:10.078Z
2026,4,14378,Michael Pittman Jr.,PIT,WR,at CLE,receptions,Caesars,4.5,over,3.94,230,,0.3030,0.3030,,1,0.4433,0.1403,0.1403,ev,none,projection,main,live,20261002CCEAD0D8,2026-10-01T20:06:10.078Z
2026,4,15984,Jaylen Warren,PIT,RB,at CLE,rushYds,Hard Rock,96.5,over,96.25,180,-260,0.3571,0.3309,0.0794,0,0.4975,0.1403,0.1666,ev,multiplicative,projection,main,live,20261002CCEAD0D8,2026-10-01T20:06:10.078Z
2026,4,14378,Michael Pittman Jr.,PIT,WR,at CLE,receptions,Caesars,2.5,over,3.94,-235,,0.7015,0.7015,,1,0.8417,0.1402,0.1402,ev,none,projection,main,live,20261002CCEAD0D8,2026-10-01T20:06:10.078Z
2026,4,19298,Denzel Boston,CLE,WR,vs PIT,recYds,Hard Rock,37.5,over,51.99,-120,-115,0.5455,0.5049,0.0803,0,0.6854,0.1400,0.1805,ev,multiplicative,projection,main,live,20261002CCEAD0D8,2026-10-01T20:06:10.078Z
2026,4,16889,Darnell Washington,PIT,TE,at CLE,recYds,Hard Rock,28.5,under,14.96,-275,190,0.7333,0.6802,0.0782,0,0.8729,0.1396,0.1927,ev,multiplicative,projection,main,live,20261002CCEAD0D8,2026-10-01T20:06:10.078Z
2026,4,15984,Jaylen Warren,PIT,RB,at CLE,rushYds,Caesars,99.5,over,96.25,205,,0.3279,0.3279,,1,0.4673,0.1395,0.1395,ev,none,projection,main,live,20261002CCEAD0D8,2026-10-01T20:06:10.078Z
2026,4,11712,Deshaun Watson,CLE,QB,vs PIT,completions,DraftKings,19.5,over,20.11,155,,0.3922,0.3922,,1,0.5317,0.1395,0.1395,ev,none,projection,main,live,20261002CCEAD0D8,2026-10-01T20:06:10.078Z
2026,4,11712,Deshaun Watson,CLE,QB,vs PIT,completions,theScore,19.5,over,20.11,155,,0.3922,0.3922,,1,0.5317,0.1395,0.1395,ev,none,projection,main,live,20261002CCEAD0D8,2026-10-01T20:06:10.078Z
2026,4,15984,Jaylen Warren,PIT,RB,at CLE,recYds,Hard Rock,42.5,under,22.75,-375,250,0.7895,0.7343,0.0752,0,0.9288,0.1394,0.1946,ev,multiplicative,projection,main,live,20261002CCEAD0D8,2026-10-01T20:06:10.078Z
2026,4,4307,Aaron Rodgers,PIT,QB,at CLE,rushYds,FanDuel,19.5,over,11.04,879,,0.1021,0.1021,,1,0.2414,0.1392,0.1392,ev,none,projection,main,live,20261002CCEAD0D8,2026-10-01T20:06:10.078Z
2026,4,19298,Denzel Boston,CLE,WR,vs PIT,recYds,Hard Rock,38.5,over,51.99,-115,-115,0.5349,0.5000,0.0698,0,0.6735,0.1386,0.1735,ev,multiplicative,projection,main,live,20261002CCEAD0D8,2026-10-01T20:06:10.078Z
2026,4,15984,Jaylen Warren,PIT,RB,at CLE,rushYds,Hard Rock,98.5,over,96.25,195,,0.3390,0.3390,,1,0.4774,0.1384,0.1384,ev,none,projection,main,live,20261002CCEAD0D8,2026-10-01T20:06:10.078Z
2026,4,15984,Jaylen Warren,PIT,RB,at CLE,recYds,Hard Rock,43.5,under,22.75,-400,260,0.8000,0.7423,0.0778,0,0.9384,0.1384,0.1961,ev,multiplicative,projection,main,live,20261002CCEAD0D8,2026-10-01T20:06:10.078Z
2026,4,11712,Deshaun Watson,CLE,QB,vs PIT,passYds,DraftKings,199.5,over,218.73,124,,0.4464,0.4464,,1,0.5846,0.1382,0.1382,ev,none,projection,main,live,20261002CCEAD0D8,2026-10-01T20:06:10.078Z
2026,4,19298,Denzel Boston,CLE,WR,vs PIT,recYds,Caesars,37.5,over,51.99,-121,-111,0.5475,0.5100,0.0736,0,0.6854,0.1379,0.1754,ev,multiplicative,projection,main,live,20261002CCEAD0D8,2026-10-01T20:06:10.078Z
2026,4,4307,Aaron Rodgers,PIT,QB,at CLE,passYds,Hard Rock,248.5,under,184.84,-275,195,0.7333,0.6839,0.0723,0,0.8712,0.1379,0.1873,ev,multiplicative,projection,main,live,20261002CCEAD0D8,2026-10-01T20:06:10.078Z
2026,4,14458,Jerry Jeudy,CLE,WR,vs PIT,receptions,Hard Rock,2.5,over,1.43,325,-550,0.2353,0.2176,0.0814,0,0.3731,0.1378,0.1555,ev,multiplicative,projection,main,live,20261002CCEAD0D8,2026-10-01T20:06:10.078Z
2026,4,19298,Denzel Boston,CLE,WR,vs PIT,recYds,Caesars,39.5,over,51.99,-110,,0.5238,0.5238,,1,0.6614,0.1376,0.1376,ev,none,projection,main,live,20261002CCEAD0D8,2026-10-01T20:06:10.078Z
2026,4,11712,Deshaun Watson,CLE,QB,vs PIT,passYds,Hard Rock,206.5,over,218.73,140,-200,0.4167,0.3846,0.0833,0,0.5540,0.1374,0.1694,ev,multiplicative,projection,main,live,20261002CCEAD0D8,2026-10-01T20:06:10.078Z
2026,4,13484,Travis Homer,PIT,RB,at CLE,rushYds,Caesars,9.5,over,13.65,113,,0.4695,0.4695,,1,0.6066,0.1371,0.1371,ev,none,projection,main,live,20261002CCEAD0D8,2026-10-01T20:06:10.078Z
2026,4,14378,Michael Pittman Jr.,PIT,WR,at CLE,receptions,BetRivers,3.5,over,3.94,107,,0.4831,0.4831,,1,0.6202,0.1371,0.1371,ev,none,projection,main,live,20261002CCEAD0D8,2026-10-01T20:06:10.078Z
2026,4,15984,Jaylen Warren,PIT,RB,at CLE,rushYds,Hard Rock,97.5,over,96.25,185,-275,0.3509,0.3236,0.0842,0,0.4874,0.1365,0.1638,ev,multiplicative,projection,main,live,20261002CCEAD0D8,2026-10-01T20:06:10.078Z
2026,4,18526,Raheim Sanders,CLE,RB,vs PIT,rushYds,theScore,39.5,over,15.36,2000,,0.0476,0.0476,,1,0.1839,0.1363,0.1363,ev,none,projection,main,live,20261002CCEAD0D8,2026-10-01T20:06:10.078Z
2026,4,4307,Aaron Rodgers,PIT,QB,at CLE,rushYds,Caesars,19.5,over,11.04,850,,0.1053,0.1053,,1,0.2414,0.1361,0.1361,ev,none,projection,main,live,20261002CCEAD0D8,2026-10-01T20:06:10.078Z
2026,4,15267,Pat Freiermuth,PIT,TE,at CLE,recYds,DraftKings,24.5,over,33.66,-128,,0.5614,0.5614,,1,0.6974,0.1360,0.1360,ev,none,projection,main,live,20261002CCEAD0D8,2026-10-01T20:06:10.078Z
2026,4,15984,Jaylen Warren,PIT,RB,at CLE,recYds,Hard Rock,35.5,under,22.75,-225,155,0.6923,0.6384,0.0845,0,0.8282,0.1359,0.1898,ev,multiplicative,projection,main,live,20261002CCEAD0D8,2026-10-01T20:06:10.078Z
2026,4,14378,Michael Pittman Jr.,PIT,WR,at CLE,receptions,BetRivers,2.5,over,3.94,-240,,0.7059,0.7059,,1,0.8417,0.1358,0.1358,ev,none,projection,main,live,20261002CCEAD0D8,2026-10-01T20:06:10.078Z
2026,4,14378,Michael Pittman Jr.,PIT,WR,at CLE,receptions,theScore,2.5,over,3.94,-240,,0.7059,0.7059,,1,0.8417,0.1358,0.1358,ev,none,projection,main,live,20261002CCEAD0D8,2026-10-01T20:06:10.078Z
2026,4,18526,Raheim Sanders,CLE,RB,vs PIT,rushYds,Hard Rock,40.5,over,15.36,2500,,0.0385,0.0385,,1,0.1742,0.1357,0.1357,ev,none,projection,main,live,20261002CCEAD0D8,2026-10-01T20:06:10.078Z
2026,4,14378,Michael Pittman Jr.,PIT,WR,at CLE,receptions,theScore,4.5,over,3.94,225,,0.3077,0.3077,,1,0.4433,0.1356,0.1356,ev,none,projection,main,live,20261002CCEAD0D8,2026-10-01T20:06:10.078Z
2026,4,14378,Michael Pittman Jr.,PIT,WR,at CLE,receptions,Hard Rock,4.5,over,3.94,225,,0.3077,0.3077,,1,0.4433,0.1356,0.1356,ev,none,projection,main,live,20261002CCEAD0D8,2026-10-01T20:06:10.078Z
2026,4,17130,Blake Whiteheart,CLE,TE,vs PIT,recYds,Hard Rock,11.5,over,9.35,250,-400,0.2857,0.2632,0.0857,0,0.4212,0.1354,0.1580,ev,multiplicative,projection,main,live,20261002CCEAD0D8,2026-10-01T20:06:10.078Z
2026,4,11712,Deshaun Watson,CLE,QB,vs PIT,completions,DraftKings,23.5,over,20.11,620,,0.1389,0.1389,,1,0.2742,0.1353,0.1353,ev,none,projection,main,live,20261002CCEAD0D8,2026-10-01T20:06:10.078Z
2026,4,4307,Aaron Rodgers,PIT,QB,at CLE,rushYds,DraftKings,19.5,over,11.04,840,,0.1064,0.1064,,1,0.2414,0.1350,0.1350,ev,none,projection,main,live,20261002CCEAD0D8,2026-10-01T20:06:10.078Z
2026,4,18516,Quinshon Judkins,CLE,RB,vs PIT,rushYds,Hard Rock,90.5,under,42.39,-575,350,0.8519,0.7931,0.0741,0,0.9868,0.1349,0.1937,ev,multiplicative,projection,main,live,20261002CCEAD0D8,2026-10-01T20:06:10.078Z
2026,4,14378,Michael Pittman Jr.,PIT,WR,at CLE,receptions,DraftKings,7.5,over,3.94,2000,,0.0476,0.0476,,1,0.1824,0.1348,0.1348,ev,none,projection,main,live,20261002CCEAD0D8,2026-10-01T20:06:10.078Z
2026,4,15984,Jaylen Warren,PIT,RB,at CLE,rushYds,Hard Rock,94.5,over,96.25,165,-240,0.3774,0.3484,0.0832,0,0.5122,0.1348,0.1638,ev,multiplicative,projection,main,live,20261002CCEAD0D8,2026-10-01T20:06:10.078Z
2026,4,14378,Michael Pittman Jr.,PIT,WR,at CLE,receptions,FanDuel,3.5,over,3.94,106,-140,0.4854,0.4542,0.0688,0,0.6202,0.1347,0.1660,ev,multiplicative,projection,main,live,20261002CCEAD0D8,2026-10-01T20:06:10.078Z
2026,4,14378,Michael Pittman Jr.,PIT,WR,at CLE,receptions,Caesars,3.5,over,3.94,106,-137,0.4854,0.4565,0.0635,0,0.6202,0.1347,0.1637,ev,multiplicative,projection,main,live,20261002CCEAD0D8,2026-10-01T20:06:10.078Z
2026,4,19298,Denzel Boston,CLE,WR,vs PIT,recYds,FanDuel,49.5,over,51.99,151,,0.3984,0.3984,,1,0.5331,0.1347,0.1347,ev,none,projection,main,live,20261002CCEAD0D8,2026-10-01T20:06:10.078Z
2026,4,15984,Jaylen Warren,PIT,RB,at CLE,rushYds,Hard Rock,100.5,over,96.25,210,-325,0.3226,0.2967,0.0873,0,0.4573,0.1347,0.1606,ev,multiplicative,projection,main,live,20261002CCEAD0D8,2026-10-01T20:06:10.078Z
2026,4,11712,Deshaun Watson,CLE,QB,vs PIT,passTD,BetRivers,1.5,over,1.46,240,,0.2941,0.2941,,1,0.4287,0.1346,0.1346,ev,none,projection,main,live,20261002CCEAD0D8,2026-10-01T20:06:10.078Z
2026,4,15984,Jaylen Warren,PIT,RB,at CLE,rushYds,Hard Rock,93.5,over,96.25,160,-230,0.3846,0.3556,0.0816,0,0.5191,0.1345,0.1635,ev,multiplicative,projection,main,live,20261002CCEAD0D8,2026-10-01T20:06:10.078Z
2026,4,19298,Denzel Boston,CLE,WR,vs PIT,recYds,Hard Rock,35.5,over,51.99,-135,,0.5745,0.5745,,1,0.7087,0.1342,0.1342,ev,none,projection,main,live,20261002CCEAD0D8,2026-10-01T20:06:10.078Z
2026,4,14378,Michael Pittman Jr.,PIT,WR,at CLE,receptions,FanDuel,2.5,over,3.94,-242,,0.7076,0.7076,,1,0.8417,0.1341,0.1341,ev,none,projection,main,live,20261002CCEAD0D8,2026-10-01T20:06:10.078Z
2026,4,4307,Aaron Rodgers,PIT,QB,at CLE,passYds,Hard Rock,247.5,under,184.84,-275,190,0.7333,0.6802,0.0782,0,0.8674,0.1341,0.1872,ev,multiplicative,projection,main,live,20261002CCEAD0D8,2026-10-01T20:06:10.078Z
2026,4,15984,Jaylen Warren,PIT,RB,at CLE,rushYds,Hard Rock,99.5,over,96.25,200,-300,0.3333,0.3077,0.0833,0,0.4673,0.1340,0.1596,ev,multiplicative,projection,main,live,20261002CCEAD0D8,2026-10-01T20:06:10.078Z
2026,4,13484,Travis Homer,PIT,RB,at CLE,rushYds,Caesars,6.5,over,13.65,-120,-109,0.5455,0.5112,0.0670,0,0.6794,0.1339,0.1682,ev,multiplicative,projection,main,live,20261002CCEAD0D8,2026-10-01T20:06:10.078Z
2026,4,13484,Travis Homer,PIT,RB,at CLE,rushYds,DraftKings,6.5,over,13.65,-120,-104,0.5455,0.5169,0.0553,0,0.6794,0.1339,0.1625,ev,multiplicative,projection,main,live,20261002CCEAD0D8,2026-10-01T20:06:10.078Z
2026,4,15984,Jaylen Warren,PIT,RB,at CLE,rushYds,Hard Rock,92.5,over,96.25,155,-220,0.3922,0.3632,0.0797,0,0.5261,0.1339,0.1629,ev,multiplicative,projection,main,live,20261002CCEAD0D8,2026-10-01T20:06:10.078Z
2026,4,14378,Michael Pittman Jr.,PIT,WR,at CLE,receptions,FanDuel,4.5,over,3.94,223,,0.3096,0.3096,,1,0.4433,0.1337,0.1337,ev,none,projection,main,live,20261002CCEAD0D8,2026-10-01T20:06:10.078Z
2026,4,19298,Denzel Boston,CLE,WR,vs PIT,recYds,DraftKings,49.5,over,51.99,150,,0.4000,0.4000,,1,0.5331,0.1331,0.1331,ev,none,projection,main,live,20261002CCEAD0D8,2026-10-01T20:06:10.078Z
2026,4,15267,Pat Freiermuth,PIT,TE,at CLE,recYds,DraftKings,26.5,over,33.66,-110,-113,0.5238,0.4968,0.0543,0,0.6569,0.1331,0.1601,ev,multiplicative,projection,main,live,20261002CCEAD0D8,2026-10-01T20:06:10.078Z
2026,4,14458,Jerry Jeudy,CLE,WR,vs PIT,receptions,DraftKings,4.5,over,1.43,2200,,0.0435,0.0435,,1,0.1766,0.1331,0.1331,ev,none,projection,main,live,20261002CCEAD0D8,2026-10-01T20:06:10.078Z
2026,4,15984,Jaylen Warren,PIT,RB,at CLE,rushYds,Hard Rock,91.5,over,96.25,150,-210,0.4000,0.3713,0.0774,0,0.5330,0.1330,0.1618,ev,multiplicative,projection,main,live,20261002CCEAD0D8,2026-10-01T20:06:10.078Z
2026,4,18516,Quinshon Judkins,CLE,RB,vs PIT,rushYds,Hard Rock,92.5,under,42.39,-600,375,0.8571,0.8028,0.0677,0,0.9896,0.1325,0.1868,ev,multiplicative,projection,main,live,20261002CCEAD0D8,2026-10-01T20:06:10.078Z
2026,4,14378,Michael Pittman Jr.,PIT,WR,at CLE,recYds,BetRivers,32.5,over,40.74,-115,-115,0.5349,0.5000,0.0698,0,0.6673,0.1324,0.1673,ev,multiplicative,projection,main,live,20261002CCEAD0D8,2026-10-01T20:06:10.078Z
2026,4,14378,Michael Pittman Jr.,PIT,WR,at CLE,receptions,theScore,3.5,over,3.94,105,-135,0.4878,0.4592,0.0623,0,0.6202,0.1324,0.1610,ev,multiplicative,projection,main,live,20261002CCEAD0D8,2026-10-01T20:06:10.078Z
2026,4,16889,Darnell Washington,PIT,TE,at CLE,recYds,Hard Rock,27.5,under,14.96,-260,180,0.7222,0.6691,0.0794,0,0.8545,0.1323,0.1854,ev,multiplicative,projection,main,live,20261002CCEAD0D8,2026-10-01T20:06:10.078Z
2026,4,11712,Deshaun Watson,CLE,QB,vs PIT,passYds,FanDuel,199.5,over,218.73,121,,0.4525,0.4525,,1,0.5846,0.1321,0.1321,ev,none,projection,main,live,20261002CCEAD0D8,2026-10-01T20:06:10.078Z
2026,4,19298,Denzel Boston,CLE,WR,vs PIT,recYds,Hard Rock,36.5,over,51.99,-130,,0.5652,0.5652,,1,0.6971,0.1319,0.1319,ev,none,projection,main,live,20261002CCEAD0D8,2026-10-01T20:06:10.078Z
2026,4,15984,Jaylen Warren,PIT,RB,at CLE,rushYds,Hard Rock,90.5,over,96.25,145,-210,0.4082,0.3760,0.0856,0,0.5400,0.1318,0.1640,ev,multiplicative,projection,main,live,20261002CCEAD0D8,2026-10-01T20:06:10.078Z
2026,4,16889,Darnell Washington,PIT,TE,at CLE,recYds,Hard Rock,36.5,under,14.96,-500,300,0.8333,0.7692,0.0833,0,0.9651,0.1318,0.1959,ev,multiplicative,projection,main,live,20261002CCEAD0D8,2026-10-01T20:06:10.078Z
2026,4,11712,Deshaun Watson,CLE,QB,vs PIT,passYds,theScore,224.5,over,218.73,200,,0.3333,0.3333,,1,0.4647,0.1314,0.1314,ev,none,projection,main,live,20261002CCEAD0D8,2026-10-01T20:06:10.078Z
2026,4,16889,Darnell Washington,PIT,TE,at CLE,recYds,Hard Rock,37.5,under,14.96,-525,325,0.8400,0.7812,0.0753,0,0.9712,0.1312,0.1900,ev,multiplicative,projection,main,live,20261002CCEAD0D8,2026-10-01T20:06:10.078Z
2026,4,15984,Jaylen Warren,PIT,RB,at CLE,recYds,Hard Rock,34.5,under,22.75,-210,145,0.6774,0.6240,0.0856,0,0.8086,0.1312,0.1846,ev,multiplicative,projection,main,live,20261002CCEAD0D8,2026-10-01T20:06:10.078Z
2026,4,19298,Denzel Boston,CLE,WR,vs PIT,recYds,Hard Rock,33.5,over,51.99,-150,110,0.6000,0.5575,0.0762,0,0.7311,0.1311,0.1736,ev,multiplicative,projection,main,live,20261002CCEAD0D8,2026-10-01T20:06:10.078Z
2026,4,18516,Quinshon Judkins,CLE,RB,vs PIT,rushYds,Hard Rock,91.5,under,42.39,-600,350,0.8571,0.7941,0.0794,0,0.9883,0.1311,0.1941,ev,multiplicative,projection,main,live,20261002CCEAD0D8,2026-10-01T20:06:10.078Z
2026,4,4307,Aaron Rodgers,PIT,QB,at CLE,passYds,BetRivers,208.5,under,184.84,-114,-117,0.5327,0.4970,0.0719,0,0.6630,0.1303,0.1660,ev,multiplicative,projection,main,live,20261002CCEAD0D8,2026-10-01T20:06:10.078Z
2026,4,4307,Aaron Rodgers,PIT,QB,at CLE,rushYds,theScore,19.5,over,11.04,800,,0.1111,0.1111,,1,0.2414,0.1303,0.1303,ev,none,projection,main,live,20261002CCEAD0D8,2026-10-01T20:06:10.078Z
2026,4,15984,Jaylen Warren,PIT,RB,at CLE,rushYds,Caesars,89.5,over,96.25,140,,0.4167,0.4167,,1,0.5469,0.1302,0.1302,ev,none,projection,main,live,20261002CCEAD0D8,2026-10-01T20:06:10.078Z
2026,4,15984,Jaylen Warren,PIT,RB,at CLE,rushYds,Hard Rock,89.5,over,96.25,140,-200,0.4167,0.3846,0.0833,0,0.5469,0.1302,0.1623,ev,multiplicative,projection,main,live,20261002CCEAD0D8,2026-10-01T20:06:10.078Z
2026,4,15984,Jaylen Warren,PIT,RB,at CLE,rushYds,DraftKings,119.5,over,96.25,573,,0.1486,0.1486,,1,0.2787,0.1301,0.1301,ev,none,projection,main,live,20261002CCEAD0D8,2026-10-01T20:06:10.078Z
2026,4,15984,Jaylen Warren,PIT,RB,at CLE,rushYds,FanDuel,109.5,over,96.25,318,,0.2392,0.2392,,1,0.3691,0.1298,0.1298,ev,none,projection,main,live,20261002CCEAD0D8,2026-10-01T20:06:10.078Z
2026,4,15984,Jaylen Warren,PIT,RB,at CLE,rushYds,Hard Rock,102.5,over,96.25,225,-350,0.3077,0.2835,0.0855,0,0.4373,0.1297,0.1539,ev,multiplicative,projection,main,live,20261002CCEAD0D8,2026-10-01T20:06:10.078Z
2026,4,4307,Aaron Rodgers,PIT,QB,at CLE,int,Caesars,0.5,under,0.36,-132,101,0.5690,0.5335,0.0665,0,0.6977,0.1287,0.1642,ev,multiplicative,projection,main,live,20261002CCEAD0D8,2026-10-01T20:06:10.078Z
2026,4,4307,Aaron Rodgers,PIT,QB,at CLE,passYds,Hard Rock,250.5,under,184.84,-300,200,0.7500,0.6923,0.0833,0,0.8785,0.1285,0.1862,ev,multiplicative,projection,main,live,20261002CCEAD0D8,2026-10-01T20:06:10.078Z
2026,4,16889,Darnell Washington,PIT,TE,at CLE,recYds,Hard Rock,26.5,under,14.96,-240,170,0.7059,0.6559,0.0763,0,0.8344,0.1285,0.1785,ev,multiplicative,projection,main,live,20261002CCEAD0D8,2026-10-01T20:06:10.078Z
2026,4,11712,Deshaun Watson,CLE,QB,vs PIT,passTD,FanDuel,1.5,over,1.46,233,,0.3003,0.3003,,1,0.4287,0.1284,0.1284,ev,none,projection,main,live,20261002CCEAD0D8,2026-10-01T20:06:10.078Z
2026,4,15984,Jaylen Warren,PIT,RB,at CLE,recYds,Hard Rock,45.5,under,22.75,-475,275,0.8261,0.7560,0.0928,0,0.9545,0.1284,0.1985,ev,multiplicative,projection,main,live,20261002CCEAD0D8,2026-10-01T20:06:10.078Z
2026,4,15984,Jaylen Warren,PIT,RB,at CLE,rushYds,Hard Rock,88.5,over,96.25,135,-190,0.4255,0.3938,0.0807,0,0.5538,0.1283,0.1601,ev,multiplicative,projection,main,live,20261002CCEAD0D8,2026-10-01T20:06:10.078Z
2026,4,19298,Denzel Boston,CLE,WR,vs PIT,recYds,Hard Rock,34.5,over,51.99,-145,105,0.5918,0.5482,0.0796,0,0.7200,0.1282,0.1718,ev,multiplicative,projection,main,live,20261002CCEAD0D8,2026-10-01T20:06:10.078Z
2026,4,4307,Aaron Rodgers,PIT,QB,at CLE,passYds,Hard Rock,254.5,under,184.84,-325,220,0.7647,0.7099,0.0772,0,0.8923,0.1276,0.1824,ev,multiplicative,projection,main,live,20261002CCEAD0D8,2026-10-01T20:06:10.078Z
2026,4,4307,Aaron Rodgers,PIT,QB,at CLE,int,DraftKings,0.5,under,0.36,-133,104,0.5708,0.5380,0.0610,0,0.6977,0.1269,0.1597,ev,multiplicative,projection,main,live,20261002CCEAD0D8,2026-10-01T20:06:10.078Z
2026,4,15984,Jaylen Warren,PIT,RB,at CLE,recYds,Hard Rock,33.5,under,22.75,-195,140,0.6610,0.6134,0.0777,0,0.7877,0.1267,0.1744,ev,multiplicative,projection,main,live,20261002CCEAD0D8,2026-10-01T20:06:10.078Z
2026,4,19298,Denzel Boston,CLE,WR,vs PIT,recYds,Hard Rock,32.5,over,51.99,-160,115,0.6154,0.5695,0.0805,0,0.7420,0.1266,0.1725,ev,multiplicative,projection,main,live,20261002CCEAD0D8,2026-10-01T20:06:10.078Z
2026,4,18526,Raheim Sanders,CLE,RB,vs PIT,rushYds,Hard Rock,41.5,over,15.36,2500,,0.0385,0.0385,,1,0.1647,0.1263,0.1263,ev,none,projection,main,live,20261002CCEAD0D8,2026-10-01T20:06:10.078Z
2026,4,15984,Jaylen Warren,PIT,RB,at CLE,rushYds,Hard Rock,87.5,over,96.25,130,-180,0.4348,0.4035,0.0776,0,0.5607,0.1259,0.1573,ev,multiplicative,projection,main,live,20261002CCEAD0D8,2026-10-01T20:06:10.078Z
2026,4,11712,Deshaun Watson,CLE,QB,vs PIT,passTD,Circa Sports,1.5,over,1.46,230,-270,0.3030,0.2934,0.0328,0,0.4287,0.1257,0.1353,ev,multiplicative,projection,main,live,20261002CCEAD0D8,2026-10-01T20:06:10.078Z
2026,4,11712,Deshaun Watson,CLE,QB,vs PIT,passYds,DraftKings,249.5,over,218.73,417,,0.1934,0.1934,,1,0.3184,0.1250,0.1250,ev,none,projection,main,live,20261002CCEAD0D8,2026-10-01T20:06:10.078Z
2026,4,15984,Jaylen Warren,PIT,RB,at CLE,rushYds,DraftKings,79.5,over,96.25,104,,0.4902,0.4902,,1,0.6150,0.1248,0.1248,ev,none,projection,main,live,20261002CCEAD0D8,2026-10-01T20:06:10.078Z
2026,4,15984,Jaylen Warren,PIT,RB,at CLE,rushYds,Hard Rock,101.5,over,96.25,210,-325,0.3226,0.2967,0.0873,0,0.4473,0.1247,0.1506,ev,multiplicative,projection,main,live,20261002CCEAD0D8,2026-10-01T20:06:10.078Z
2026,4,16889,Darnell Washington,PIT,TE,at CLE,recYds,Hard Rock,38.5,under,14.96,-575,325,0.8519,0.7836,0.0871,0,0.9763,0.1244,0.1927,ev,multiplicative,projection,main,live,20261002CCEAD0D8,2026-10-01T20:06:10.078Z
2026,4,15984,Jaylen Warren,PIT,RB,at CLE,rushYds,Hard Rock,103.5,over,96.25,230,-350,0.3030,0.2804,0.0808,0,0.4274,0.1244,0.1470,ev,multiplicative,projection,main,live,20261002CCEAD0D8,2026-10-01T20:06:10.078Z
2026,4,15267,Pat Freiermuth,PIT,TE,at CLE,recYds,Caesars,26.5,over,33.66,-114,-114,0.5327,0.5000,0.0654,0,0.6569,0.1242,0.1569,ev,multiplicative,projection,main,live,20261002CCEAD0D8,2026-10-01T20:06:10.078Z
2026,4,19298,Denzel Boston,CLE,WR,vs PIT,recYds,DraftKings,24.5,over,51.99,-229,,0.6960,0.6960,,1,0.8202,0.1241,0.1241,ev,none,projection,main,live,20261002CCEAD0D8,2026-10-01T20:06:10.078Z
2026,4,15984,Jaylen Warren,PIT,RB,at CLE,rushYds,Circa Sports,74.5,over,96.25,-110,-110,0.5238,0.5000,0.0476,0,0.6479,0.1241,0.1479,ev,multiplicative,projection,main,live,20261002CCEAD0D8,2026-10-01T20:06:10.078Z
2026,4,16889,Darnell Washington,PIT,TE,at CLE,receptions,BetMGM,2.5,under,1.47,-200,145,0.6667,0.6203,0.0748,0,0.7904,0.1237,0.1701,ev,multiplicative,projection,main,live,20261002CCEAD0D8,2026-10-01T20:06:10.078Z
2026,4,16889,Darnell Washington,PIT,TE,at CLE,recYds,Hard Rock,39.5,under,14.96,-600,350,0.8571,0.7941,0.0794,0,0.9806,0.1235,0.1865,ev,multiplicative,projection,main,live,20261002CCEAD0D8,2026-10-01T20:06:10.078Z
2026,4,4307,Aaron Rodgers,PIT,QB,at CLE,int,theScore,0.5,under,0.36,-135,105,0.5745,0.5408,0.0623,0,0.6977,0.1232,0.1569,ev,multiplicative,projection,main,live,20261002CCEAD0D8,2026-10-01T20:06:10.078Z
2026,4,15984,Jaylen Warren,PIT,RB,at CLE,rushYds,Hard Rock,86.5,over,96.25,125,-175,0.4444,0.4112,0.0808,0,0.5676,0.1231,0.1564,ev,multiplicative,projection,main,live,20261002CCEAD0D8,2026-10-01T20:06:10.078Z
2026,4,14458,Jerry Jeudy,CLE,WR,vs PIT,receptions,theScore,2.5,over,1.43,300,,0.2500,0.2500,,1,0.3731,0.1231,0.1231,ev,none,projection,main,live,20261002CCEAD0D8,2026-10-01T20:06:10.078Z
2026,4,19298,Denzel Boston,CLE,WR,vs PIT,recYds,Hard Rock,31.5,over,51.99,-170,,0.6296,0.6296,,1,0.7526,0.1230,0.1230,ev,none,projection,main,live,20261002CCEAD0D8,2026-10-01T20:06:10.078Z
2026,4,19298,Denzel Boston,CLE,WR,vs PIT,recYds,BetMGM,36.5,over,51.99,-135,100,0.5745,0.5347,0.0745,0,0.6971,0.1227,0.1625,ev,multiplicative,projection,main,live,20261002CCEAD0D8,2026-10-01T20:06:10.078Z
2026,4,15984,Jaylen Warren,PIT,RB,at CLE,recYds,Hard Rock,32.5,under,22.75,-180,130,0.6429,0.5965,0.0776,0,0.7655,0.1227,0.1690,ev,multiplicative,projection,main,live,20261002CCEAD0D8,2026-10-01T20:06:10.078Z
2026,4,15984,Jaylen Warren,PIT,RB,at CLE,rushYds,FanDuel,79.5,over,96.25,103,,0.4926,0.4926,,1,0.6150,0.1224,0.1224,ev,none,projection,main,live,20261002CCEAD0D8,2026-10-01T20:06:10.078Z
2026,4,15984,Jaylen Warren,PIT,RB,at CLE,rushYds,Caesars,109.5,over,96.25,305,,0.2469,0.2469,,1,0.3691,0.1221,0.1221,ev,none,projection,main,live,20261002CCEAD0D8,2026-10-01T20:06:10.078Z
2026,4,15984,Jaylen Warren,PIT,RB,at CLE,rushYds,BetRivers,72.5,over,96.25,-117,-114,0.5392,0.5030,0.0719,0,0.6608,0.1216,0.1578,ev,multiplicative,projection,main,live,20261002CCEAD0D8,2026-10-01T20:06:10.078Z
2026,4,15984,Jaylen Warren,PIT,RB,at CLE,recYds,Hard Rock,46.5,under,22.75,-525,300,0.8400,0.7706,0.0900,0,0.9612,0.1212,0.1905,ev,multiplicative,projection,main,live,20261002CCEAD0D8,2026-10-01T20:06:10.078Z
2026,4,11712,Deshaun Watson,CLE,QB,vs PIT,passTD,Hard Rock,1.5,over,1.46,225,,0.3077,0.3077,,1,0.4287,0.1210,0.1210,ev,none,projection,main,live,20261002CCEAD0D8,2026-10-01T20:06:10.078Z
2026,4,11712,Deshaun Watson,CLE,QB,vs PIT,passTD,theScore,1.5,over,1.46,225,,0.3077,0.3077,,1,0.4287,0.1210,0.1210,ev,none,projection,main,live,20261002CCEAD0D8,2026-10-01T20:06:10.078Z
2026,4,15984,Jaylen Warren,PIT,RB,at CLE,recYds,Hard Rock,47.5,under,22.75,-550,325,0.8462,0.7824,0.0814,0,0.9670,0.1209,0.1846,ev,multiplicative,projection,main,live,20261002CCEAD0D8,2026-10-01T20:06:10.078Z
2026,4,4307,Aaron Rodgers,PIT,QB,at CLE,passYds,Hard Rock,256.5,under,184.84,-350,230,0.7778,0.7196,0.0808,0,0.8987,0.1209,0.1791,ev,multiplicative,projection,main,live,20261002CCEAD0D8,2026-10-01T20:06:10.078Z
2026,4,4307,Aaron Rodgers,PIT,QB,at CLE,passYds,Hard Rock,252.5,under,184.84,-325,210,0.7647,0.7033,0.0873,0,0.8855,0.1208,0.1822,ev,multiplicative,projection,main,live,20261002CCEAD0D8,2026-10-01T20:06:10.078Z
2026,4,14378,Michael Pittman Jr.,PIT,WR,at CLE,recYds,BetRivers,19.5,over,40.74,-295,,0.7468,0.7468,,1,0.8675,0.1207,0.1207,ev,none,projection,main,live,20261002CCEAD0D8,2026-10-01T20:06:10.078Z
2026,4,14378,Michael Pittman Jr.,PIT,WR,at CLE,recYds,DraftKings,14.5,over,40.74,-389,,0.7955,0.7955,,1,0.9158,0.1203,0.1203,ev,none,projection,main,live,20261002CCEAD0D8,2026-10-01T20:06:10.078Z
2026,4,16889,Darnell Washington,PIT,TE,at CLE,recYds,Hard Rock,25.5,under,14.96,-225,160,0.6923,0.6429,0.0769,0,0.8126,0.1203,0.1697,ev,multiplicative,projection,main,live,20261002CCEAD0D8,2026-10-01T20:06:10.078Z
2026,4,14378,Michael Pittman Jr.,PIT,WR,at CLE,receptions,BetMGM,3.5,over,3.94,100,-135,0.5000,0.4653,0.0745,0,0.6202,0.1202,0.1548,ev,multiplicative,projection,main,live,20261002CCEAD0D8,2026-10-01T20:06:10.078Z
2026,4,19298,Denzel Boston,CLE,WR,vs PIT,recYds,Hard Rock,30.5,over,51.99,-180,130,0.6429,0.5965,0.0776,0,0.7630,0.1202,0.1665,ev,multiplicative,projection,main,live,20261002CCEAD0D8,2026-10-01T20:06:10.078Z
2026,4,17130,Blake Whiteheart,CLE,TE,vs PIT,recYds,FanDuel,14.5,over,9.35,408,,0.1969,0.1969,,1,0.3169,0.1200,0.1200,ev,none,projection,main,live,20261002CCEAD0D8,2026-10-01T20:06:10.078Z
2026,4,15984,Jaylen Warren,PIT,RB,at CLE,rushYds,Hard Rock,85.5,over,96.25,120,-170,0.4545,0.4193,0.0842,0,0.5744,0.1199,0.1552,ev,multiplicative,projection,main,live,20261002CCEAD0D8,2026-10-01T20:06:10.078Z
2026,4,15984,Jaylen Warren,PIT,RB,at CLE,rushYds,BetMGM,73.5,over,96.25,-115,-115,0.5349,0.5000,0.0698,0,0.6544,0.1195,0.1544,ev,multiplicative,projection,main,live,20261002CCEAD0D8,2026-10-01T20:06:10.078Z
2026,4,15984,Jaylen Warren,PIT,RB,at CLE,recYds,Hard Rock,31.5,under,22.75,-165,120,0.6226,0.5780,0.0772,0,0.7421,0.1195,0.1641,ev,multiplicative,projection,main,live,20261002CCEAD0D8,2026-10-01T20:06:10.078Z
2026,4,19298,Denzel Boston,CLE,WR,vs PIT,recYds,FanDuel,29.5,over,51.99,-189,,0.6540,0.6540,,1,0.7732,0.1192,0.1192,ev,none,projection,main,live,20261002CCEAD0D8,2026-10-01T20:06:10.078Z
2026,4,17130,Blake Whiteheart,CLE,TE,vs PIT,recYds,Hard Rock,12.5,over,9.35,275,-450,0.2667,0.2458,0.0848,0,0.3854,0.1187,0.1395,ev,multiplicative,projection,main,live,20261002CCEAD0D8,2026-10-01T20:06:10.078Z
2026,4,19298,Denzel Boston,CLE,WR,vs PIT,recYds,Hard Rock,29.5,over,51.99,-190,135,0.6552,0.6062,0.0807,0,0.7732,0.1180,0.1670,ev,multiplicative,projection,main,live,20261002CCEAD0D8,2026-10-01T20:06:10.078Z
2026,4,19298,Denzel Boston,CLE,WR,vs PIT,recYds,theScore,29.5,over,51.99,-190,,0.6552,0.6552,,1,0.7732,0.1180,0.1180,ev,none,projection,main,live,20261002CCEAD0D8,2026-10-01T20:06:10.078Z
2026,4,11712,Deshaun Watson,CLE,QB,vs PIT,passYds,DraftKings,189.5,over,218.73,-104,,0.5098,0.5098,,1,0.6273,0.1175,0.1175,ev,none,projection,main,live,20261002CCEAD0D8,2026-10-01T20:06:10.078Z
2026,4,11712,Deshaun Watson,CLE,QB,vs PIT,rushYds,Hard Rock,51.5,under,17.22,-750,400,0.8824,0.8152,0.0824,0,0.9997,0.1173,0.1844,ev,multiplicative,projection,main,live,20261002CCEAD0D8,2026-10-01T20:06:10.078Z
2026,4,11712,Deshaun Watson,CLE,QB,vs PIT,passYds,FanDuel,249.5,over,218.73,397,,0.2012,0.2012,,1,0.3184,0.1172,0.1172,ev,none,projection,main,live,20261002CCEAD0D8,2026-10-01T20:06:10.078Z
2026,4,14378,Michael Pittman Jr.,PIT,WR,at CLE,recYds,Hard Rock,28.5,over,40.74,-165,125,0.6226,0.5835,0.0671,0,0.7397,0.1171,0.1562,ev,multiplicative,projection,main,live,20261002CCEAD0D8,2026-10-01T20:06:10.078Z
2026,4,13424,DK Metcalf,PIT,WR,at CLE,recYds,Hard Rock,68.5,under,42.16,-300,210,0.7500,0.6992,0.0726,0,0.8669,0.1169,0.1676,ev,multiplicative,projection,main,live,20261002CCEAD0D8,2026-10-01T20:06:10.078Z
2026,4,18516,Quinshon Judkins,CLE,RB,vs PIT,rushYds,Hard Rock,94.5,under,42.39,-700,400,0.8750,0.8140,0.0750,0,0.9919,0.1169,0.1779,ev,multiplicative,projection,main,live,20261002CCEAD0D8,2026-10-01T20:06:10.078Z
2026,4,19298,Denzel Boston,CLE,WR,vs PIT,recYds,Hard Rock,28.5,over,51.99,-200,145,0.6667,0.6203,0.0748,0,0.7831,0.1165,0.1629,ev,multiplicative,projection,main,live,20261002CCEAD0D8,2026-10-01T20:06:10.078Z
2026,4,13484,Travis Homer,PIT,RB,at CLE,rushYds,DraftKings,19.5,over,13.65,467,,0.1764,0.1764,,1,0.2926,0.1163,0.1163,ev,none,projection,main,live,20261002CCEAD0D8,2026-10-01T20:06:10.078Z
2026,4,15984,Jaylen Warren,PIT,RB,at CLE,rushYds,Hard Rock,84.5,over,96.25,115,-160,0.4651,0.4305,0.0805,0,0.5813,0.1162,0.1508,ev,multiplicative,projection,main,live,20261002CCEAD0D8,2026-10-01T20:06:10.078Z
2026,4,14378,Michael Pittman Jr.,PIT,WR,at CLE,recYds,Caesars,29.5,over,40.74,-154,,0.6063,0.6063,,1,0.7224,0.1161,0.1161,ev,none,projection,main,live,20261002CCEAD0D8,2026-10-01T20:06:10.078Z
2026,4,11712,Deshaun Watson,CLE,QB,vs PIT,passYds,Circa Sports,186.5,over,218.73,-110,-110,0.5238,0.5000,0.0476,0,0.6399,0.1161,0.1399,ev,multiplicative,projection,main,live,20261002CCEAD0D8,2026-10-01T20:06:10.078Z
2026,4,18516,Quinshon Judkins,CLE,RB,vs PIT,rushYds,Hard Rock,93.5,under,42.39,-700,375,0.8750,0.8061,0.0855,0,0.9908,0.1158,0.1848,ev,multiplicative,projection,main,live,20261002CCEAD0D8,2026-10-01T20:06:10.078Z
2026,4,14378,Michael Pittman Jr.,PIT,WR,at CLE,receptions,FanDuel,7.5,over,3.94,1398,,0.0668,0.0668,,1,0.1824,0.1157,0.1157,ev,none,projection,main,live,20261002CCEAD0D8,2026-10-01T20:06:10.078Z
2026,4,15984,Jaylen Warren,PIT,RB,at CLE,rushYds,theScore,79.5,over,96.25,100,,0.5000,0.5000,,1,0.6150,0.1150,0.1150,ev,none,projection,main,live,20261002CCEAD0D8,2026-10-01T20:06:10.078Z
2026,4,15984,Jaylen Warren,PIT,RB,at CLE,recYds,Hard Rock,48.5,under,22.75,-600,325,0.8571,0.7846,0.0924,0,0.9721,0.1150,0.1875,ev,multiplicative,projection,main,live,20261002CCEAD0D8,2026-10-01T20:06:10.078Z
2026,4,14378,Michael Pittman Jr.,PIT,WR,at CLE,recYds,Hard Rock,29.5,over,40.74,-155,115,0.6078,0.5665,0.0730,0,0.7224,0.1146,0.1559,ev,multiplicative,projection,main,live,20261002CCEAD0D8,2026-10-01T20:06:10.078Z
2026,4,13424,DK Metcalf,PIT,WR,at CLE,recYds,Hard Rock,66.5,under,42.16,-275,190,0.7333,0.6802,0.0782,0,0.8479,0.1145,0.1677,ev,multiplicative,projection,main,live,20261002CCEAD0D8,2026-10-01T20:06:10.078Z
2026,4,13424,DK Metcalf,PIT,WR,at CLE,recYds,Hard Rock,71.5,under,42.16,-350,230,0.7778,0.7196,0.0808,0,0.8922,0.1144,0.1726,ev,multiplicative,projection,main,live,20261002CCEAD0D8,2026-10-01T20:06:10.078Z
2026,4,13424,DK Metcalf,PIT,WR,at CLE,recYds,Hard Rock,77.5,under,42.16,-450,300,0.8182,0.7660,0.0682,0,0.9321,0.1139,0.1661,ev,multiplicative,projection,main,live,20261002CCEAD0D8,2026-10-01T20:06:10.078Z
2026,4,15984,Jaylen Warren,PIT,RB,at CLE,rushYds,Hard Rock,81.5,over,96.25,105,-145,0.4878,0.4518,0.0796,0,0.6016,0.1138,0.1498,ev,multiplicative,projection,main,live,20261002CCEAD0D8,2026-10-01T20:06:10.078Z
2026,4,14378,Michael Pittman Jr.,PIT,WR,at CLE,recYds,Hard Rock,27.5,over,40.74,-180,130,0.6429,0.5965,0.0776,0,0.7565,0.1136,0.1599,ev,multiplicative,projection,main,live,20261002CCEAD0D8,2026-10-01T20:06:10.078Z
2026,4,11712,Deshaun Watson,CLE,QB,vs PIT,passYds,FanDuel,185.5,over,218.73,-113,-113,0.5305,0.5000,0.0610,0,0.6440,0.1135,0.1440,ev,multiplicative,projection,main,live,20261002CCEAD0D8,2026-10-01T20:06:10.078Z
2026,4,11712,Deshaun Watson,CLE,QB,vs PIT,completions,theScore,24.5,over,20.11,850,,0.1053,0.1053,,1,0.2185,0.1133,0.1133,ev,none,projection,main,live,20261002CCEAD0D8,2026-10-01T20:06:10.078Z
2026,4,19298,Denzel Boston,CLE,WR,vs PIT,recYds,Caesars,49.5,over,51.99,138,,0.4202,0.4202,,1,0.5331,0.1129,0.1129,ev,none,projection,main,live,20261002CCEAD0D8,2026-10-01T20:06:10.078Z
2026,4,13424,DK Metcalf,PIT,WR,at CLE,recYds,Hard Rock,64.5,under,42.16,-250,175,0.7143,0.6627,0.0779,0,0.8271,0.1129,0.1645,ev,multiplicative,projection,main,live,20261002CCEAD0D8,2026-10-01T20:06:10.078Z
2026,4,14378,Michael Pittman Jr.,PIT,WR,at CLE,recYds,Hard Rock,30.5,over,40.74,-145,,0.5918,0.5918,,1,0.7045,0.1127,0.1127,ev,none,projection,main,live,20261002CCEAD0D8,2026-10-01T20:06:10.078Z
2026,4,16889,Darnell Washington,PIT,TE,at CLE,recYds,Hard Rock,41.5,under,14.96,-700,375,0.8750,0.8061,0.0855,0,0.9873,0.1123,0.1812,ev,multiplicative,projection,main,live,20261002CCEAD0D8,2026-10-01T20:06:10.078Z
2026,4,15267,Pat Freiermuth,PIT,TE,at CLE,recYds,Circa Sports,27.5,over,33.66,-110,-110,0.5238,0.5000,0.0476,0,0.6360,0.1122,0.1360,ev,multiplicative,projection,main,live,20261002CCEAD0D8,2026-10-01T20:06:10.078Z
2026,4,15984,Jaylen Warren,PIT,RB,at CLE,rushYds,Caesars,119.5,over,96.25,500,,0.1667,0.1667,,1,0.2787,0.1120,0.1120,ev,none,projection,main,live,20261002CCEAD0D8,2026-10-01T20:06:10.078Z
2026,4,15984,Jaylen Warren,PIT,RB,at CLE,rushYds,Hard Rock,108.5,over,96.25,275,,0.2667,0.2667,,1,0.3786,0.1120,0.1120,ev,none,projection,main,live,20261002CCEAD0D8,2026-10-01T20:06:10.078Z
2026,4,15984,Jaylen Warren,PIT,RB,at CLE,rushYds,Hard Rock,83.5,over,96.25,110,-155,0.4762,0.4393,0.0840,0,0.5881,0.1119,0.1488,ev,multiplicative,projection,main,live,20261002CCEAD0D8,2026-10-01T20:06:10.078Z
2026,4,17043,Roman Wilson,PIT,WR,at CLE,recYds,Hard Rock,45.5,under,20.34,-525,325,0.8400,0.7812,0.0753,0,0.9518,0.1118,0.1706,ev,multiplicative,projection,main,live,20261002CCEAD0D8,2026-10-01T20:06:10.078Z
2026,4,14378,Michael Pittman Jr.,PIT,WR,at CLE,recYds,Hard Rock,31.5,over,40.74,-135,,0.5745,0.5745,,1,0.6862,0.1117,0.1117,ev,none,projection,main,live,20261002CCEAD0D8,2026-10-01T20:06:10.078Z
2026,4,16889,Darnell Washington,PIT,TE,at CLE,recYds,Hard Rock,24.5,under,14.96,-210,150,0.6774,0.6287,0.0774,0,0.7891,0.1117,0.1604,ev,multiplicative,projection,main,live,20261002CCEAD0D8,2026-10-01T20:06:10.078Z
2026,4,11712,Deshaun Watson,CLE,QB,vs PIT,passYds,DraftKings,186.5,over,218.73,-112,-112,0.5283,0.5000,0.0566,0,0.6399,0.1116,0.1399,ev,multiplicative,projection,main,live,20261002CCEAD0D8,2026-10-01T20:06:10.078Z
2026,4,14378,Michael Pittman Jr.,PIT,WR,at CLE,recYds,Hard Rock,26.5,over,40.74,-195,135,0.6610,0.6084,0.0865,0,0.7726,0.1116,0.1642,ev,multiplicative,projection,main,live,20261002CCEAD0D8,2026-10-01T20:06:10.078Z
2026,4,13424,DK Metcalf,PIT,WR,at CLE,recYds,Hard Rock,78.5,under,42.16,-475,300,0.8261,0.7677,0.0761,0,0.9375,0.1114,0.1698,ev,multiplicative,projection,main,live,20261002CCEAD0D8,2026-10-01T20:06:10.078Z
2026,4,17043,Roman Wilson,PIT,WR,at CLE,recYds,Hard Rock,44.5,under,20.34,-500,300,0.8333,0.7692,0.0833,0,0.9448,0.1114,0.1755,ev,multiplicative,projection,main,live,20261002CCEAD0D8,2026-10-01T20:06:10.078Z
2026,4,11712,Deshaun Watson,CLE,QB,vs PIT,passYds,BetRivers,185.5,over,218.73,-114,-117,0.5327,0.4970,0.0719,0,0.6440,0.1113,0.1470,ev,multiplicative,projection,main,live,20261002CCEAD0D8,2026-10-01T20:06:10.078Z
2026,4,13424,DK Metcalf,PIT,WR,at CLE,recYds,Hard Rock,69.5,under,42.16,-325,220,0.7647,0.7099,0.0772,0,0.8757,0.1110,0.1658,ev,multiplicative,projection,main,live,20261002CCEAD0D8,2026-10-01T20:06:10.078Z
2026,4,15984,Jaylen Warren,PIT,RB,at CLE,rushYds,FanDuel,75.5,over,96.25,-113,-113,0.5305,0.5000,0.0610,0,0.6414,0.1109,0.1414,ev,multiplicative,projection,main,live,20261002CCEAD0D8,2026-10-01T20:06:10.078Z
2026,4,11712,Deshaun Watson,CLE,QB,vs PIT,rushYds,Hard Rock,52.5,under,17.22,-800,425,0.8889,0.8235,0.0794,0,0.9998,0.1109,0.1762,ev,multiplicative,projection,main,live,20261002CCEAD0D8,2026-10-01T20:06:10.078Z
2026,4,17043,Roman Wilson,PIT,WR,at CLE,recYds,Hard Rock,43.5,under,20.34,-475,300,0.8261,0.7677,0.0761,0,0.9370,0.1109,0.1693,ev,multiplicative,projection,main,live,20261002CCEAD0D8,2026-10-01T20:06:10.078Z
2026,4,13424,DK Metcalf,PIT,WR,at CLE,recYds,Hard Rock,75.5,under,42.16,-425,275,0.8095,0.7522,0.0762,0,0.9203,0.1108,0.1681,ev,multiplicative,projection,main,live,20261002CCEAD0D8,2026-10-01T20:06:10.078Z
2026,4,14378,Michael Pittman Jr.,PIT,WR,at CLE,recYds,Hard Rock,24.5,over,40.74,-225,155,0.6923,0.6384,0.0845,0,0.8030,0.1107,0.1646,ev,multiplicative,projection,main,live,20261002CCEAD0D8,2026-10-01T20:06:10.078Z
2026,4,14378,Michael Pittman Jr.,PIT,WR,at CLE,recYds,Hard Rock,25.5,over,40.74,-210,145,0.6774,0.6240,0.0856,0,0.7881,0.1107,0.1641,ev,multiplicative,projection,main,live,20261002CCEAD0D8,2026-10-01T20:06:10.078Z
2026,4,15267,Pat Freiermuth,PIT,TE,at CLE,recYds,BetRivers,19.5,over,33.66,-210,,0.6774,0.6774,,1,0.7879,0.1105,0.1105,ev,none,projection,main,live,20261002CCEAD0D8,2026-10-01T20:06:10.078Z
2026,4,18516,Quinshon Judkins,CLE,RB,vs PIT,rushYds,Hard Rock,95.5,under,42.39,-750,400,0.8824,0.8152,0.0824,0,0.9929,0.1105,0.1776,ev,multiplicative,projection,main,live,20261002CCEAD0D8,2026-10-01T20:06:10.078Z
2026,4,13484,Travis Homer,PIT,RB,at CLE,rushYds,Hard Rock,5.5,over,13.65,-145,,0.5918,0.5918,,1,0.7023,0.1105,0.1105,ev,none,projection,main,live,20261002CCEAD0D8,2026-10-01T20:06:10.078Z
2026,4,14378,Michael Pittman Jr.,PIT,WR,at CLE,recYds,Hard Rock,21.5,over,40.74,-275,195,0.7333,0.6839,0.0723,0,0.8437,0.1104,0.1599,ev,multiplicative,projection,main,live,20261002CCEAD0D8,2026-10-01T20:06:10.078Z
2026,4,13424,DK Metcalf,PIT,WR,at CLE,recYds,Hard Rock,72.5,under,42.16,-375,240,0.7895,0.7286,0.0836,0,0.8998,0.1104,0.1713,ev,multiplicative,projection,main,live,20261002CCEAD0D8,2026-10-01T20:06:10.078Z
2026,4,17043,Roman Wilson,PIT,WR,at CLE,recYds,Hard Rock,42.5,under,20.34,-450,275,0.8182,0.7542,0.0848,0,0.9284,0.1102,0.1742,ev,multiplicative,projection,main,live,20261002CCEAD0D8,2026-10-01T20:06:10.078Z
2026,4,15984,Jaylen Warren,PIT,RB,at CLE,rushYds,Caesars,79.5,over,96.25,-102,,0.5050,0.5050,,1,0.6150,0.1101,0.1101,ev,none,projection,main,live,20261002CCEAD0D8,2026-10-01T20:06:10.078Z
2026,4,19298,Denzel Boston,CLE,WR,vs PIT,recYds,Hard Rock,26.5,over,51.99,-225,160,0.6923,0.6429,0.0769,0,0.8022,0.1099,0.1593,ev,multiplicative,projection,main,live,20261002CCEAD0D8,2026-10-01T20:06:10.078Z
2026,4,15984,Jaylen Warren,PIT,RB,at CLE,recYds,Hard Rock,49.5,under,22.75,-650,350,0.8667,0.7959,0.0889,0,0.9765,0.1099,0.1806,ev,multiplicative,projection,main,live,20261002CCEAD0D8,2026-10-01T20:06:10.078Z
2026,4,15984,Jaylen Warren,PIT,RB,at CLE,recYds,Hard Rock,30.5,under,22.75,-155,110,0.6078,0.5607,0.0840,0,0.7176,0.1097,0.1569,ev,multiplicative,projection,main,live,20261002CCEAD0D8,2026-10-01T20:06:10.078Z
2026,4,13484,Travis Homer,PIT,RB,at CLE,rushYds,FanDuel,19.5,over,13.65,446,,0.1832,0.1832,,1,0.2926,0.1095,0.1095,ev,none,projection,main,live,20261002CCEAD0D8,2026-10-01T20:06:10.078Z
2026,4,13424,DK Metcalf,PIT,WR,at CLE,recYds,Hard Rock,79.5,under,42.16,-500,325,0.8333,0.7798,0.0686,0,0.9425,0.1092,0.1627,ev,multiplicative,projection,main,live,20261002CCEAD0D8,2026-10-01T20:06:10.078Z
2026,4,15984,Jaylen Warren,PIT,RB,at CLE,rushYds,DraftKings,76.5,over,96.25,-111,-113,0.5261,0.4979,0.0566,0,0.6349,0.1088,0.1370,ev,multiplicative,projection,main,live,20261002CCEAD0D8,2026-10-01T20:06:10.078Z
2026,4,14378,Michael Pittman Jr.,PIT,WR,at CLE,recYds,Hard Rock,22.5,over,40.74,-260,180,0.7222,0.6691,0.0794,0,0.8308,0.1086,0.1617,ev,multiplicative,projection,main,live,20261002CCEAD0D8,2026-10-01T20:06:10.078Z
2026,4,17043,Roman Wilson,PIT,WR,at CLE,recYds,Hard Rock,40.5,under,20.34,-400,260,0.8000,0.7423,0.0778,0,0.9085,0.1085,0.1663,ev,multiplicative,projection,main,live,20261002CCEAD0D8,2026-10-01T20:06:10.078Z
2026,4,11712,Deshaun Watson,CLE,QB,vs PIT,passYds,theScore,199.5,over,218.73,110,,0.4762,0.4762,,1,0.5846,0.1084,0.1084,ev,none,projection,main,live,20261002CCEAD0D8,2026-10-01T20:06:10.078Z
2026,4,15984,Jaylen Warren,PIT,RB,at CLE,rushYds,Hard Rock,80.5,over,96.25,100,-135,0.5000,0.4653,0.0745,0,0.6083,0.1083,0.1430,ev,multiplicative,projection,main,live,20261002CCEAD0D8,2026-10-01T20:06:10.078Z
2026,4,13424,DK Metcalf,PIT,WR,at CLE,recYds,Hard Rock,76.5,under,42.16,-450,275,0.8182,0.7542,0.0848,0,0.9264,0.1082,0.1722,ev,multiplicative,projection,main,live,20261002CCEAD0D8,2026-10-01T20:06:10.078Z
2026,4,15267,Pat Freiermuth,PIT,TE,at CLE,recYds,BetRivers,27.5,over,33.66,-112,-118,0.5283,0.4939,0.0696,0,0.6360,0.1077,0.1420,ev,multiplicative,projection,main,live,20261002CCEAD0D8,2026-10-01T20:06:10.078Z
2026,4,17043,Roman Wilson,PIT,WR,at CLE,recYds,Hard Rock,39.5,under,20.34,-375,250,0.7895,0.7343,0.0752,0,0.8972,0.1077,0.1629,ev,multiplicative,projection,main,live,20261002CCEAD0D8,2026-10-01T20:06:10.078Z
2026,4,13424,DK Metcalf,PIT,WR,at CLE,recYds,Hard Rock,67.5,under,42.16,-300,200,0.7500,0.6923,0.0833,0,0.8576,0.1076,0.1653,ev,multiplicative,projection,main,live,20261002CCEAD0D8,2026-10-01T20:06:10.078Z
2026,4,16889,Darnell Washington,PIT,TE,at CLE,recYds,Hard Rock,42.5,under,14.96,-750,400,0.8824,0.8152,0.0824,0,0.9898,0.1075,0.1746,ev,multiplicative,projection,main,live,20261002CCEAD0D8,2026-10-01T20:06:10.078Z
2026,4,13424,DK Metcalf,PIT,WR,at CLE,recYds,Hard Rock,80.5,under,42.16,-525,325,0.8400,0.7812,0.0753,0,0.9472,0.1072,0.1660,ev,multiplicative,projection,main,live,20261002CCEAD0D8,2026-10-01T20:06:10.078Z
2026,4,15984,Jaylen Warren,PIT,RB,at CLE,rushYds,BetRivers,69.5,over,96.25,-134,,0.5726,0.5726,,1,0.6798,0.1071,0.1071,ev,none,projection,main,live,20261002CCEAD0D8,2026-10-01T20:06:10.078Z
2026,4,15984,Jaylen Warren,PIT,RB,at CLE,rushYds,Hard Rock,82.5,over,96.25,105,-150,0.4878,0.4484,0.0878,0,0.5949,0.1071,0.1464,ev,multiplicative,projection,main,live,20261002CCEAD0D8,2026-10-01T20:06:10.078Z
2026,4,17043,Roman Wilson,PIT,WR,at CLE,recYds,Hard Rock,38.5,under,20.34,-350,230,0.7778,0.7196,0.0808,0,0.8849,0.1071,0.1652,ev,multiplicative,projection,main,live,20261002CCEAD0D8,2026-10-01T20:06:10.078Z
2026,4,14378,Michael Pittman Jr.,PIT,WR,at CLE,recYds,FanDuel,24.5,over,40.74,-229,,0.6960,0.6960,,1,0.8030,0.1070,0.1070,ev,none,projection,main,live,20261002CCEAD0D8,2026-10-01T20:06:10.078Z
2026,4,14378,Michael Pittman Jr.,PIT,WR,at CLE,recYds,DraftKings,34.5,over,40.74,-109,-115,0.5215,0.4937,0.0564,0,0.6284,0.1068,0.1347,ev,multiplicative,projection,main,live,20261002CCEAD0D8,2026-10-01T20:06:10.078Z
2026,4,17043,Roman Wilson,PIT,WR,at CLE,recYds,Hard Rock,37.5,under,20.34,-325,225,0.7647,0.7131,0.0724,0,0.8715,0.1068,0.1584,ev,multiplicative,projection,main,live,20261002CCEAD0D8,2026-10-01T20:06:10.078Z
2026,4,17043,Roman Wilson,PIT,WR,at CLE,recYds,Hard Rock,47.5,under,20.34,-600,350,0.8571,0.7941,0.0794,0,0.9636,0.1065,0.1695,ev,multiplicative,projection,main,live,20261002CCEAD0D8,2026-10-01T20:06:10.078Z
2026,4,13424,DK Metcalf,PIT,WR,at CLE,recYds,Hard Rock,70.5,under,42.16,-350,225,0.7778,0.7165,0.0855,0,0.8842,0.1064,0.1677,ev,multiplicative,projection,main,live,20261002CCEAD0D8,2026-10-01T20:06:10.078Z
2026,4,17043,Roman Wilson,PIT,WR,at CLE,recYds,Hard Rock,46.5,under,20.34,-575,325,0.8519,0.7836,0.0871,0,0.9580,0.1062,0.1745,ev,multiplicative,projection,main,live,20261002CCEAD0D8,2026-10-01T20:06:10.078Z
2026,4,15267,Pat Freiermuth,PIT,TE,at CLE,recYds,Hard Rock,22.5,over,33.66,-170,125,0.6296,0.5862,0.0741,0,0.7356,0.1060,0.1494,ev,multiplicative,projection,main,live,20261002CCEAD0D8,2026-10-01T20:06:10.078Z
2026,4,11712,Deshaun Watson,CLE,QB,vs PIT,passYds,DraftKings,259.5,over,218.73,524,,0.1603,0.1603,,1,0.2658,0.1056,0.1056,ev,none,projection,main,live,20261002CCEAD0D8,2026-10-01T20:06:10.078Z
2026,4,15267,Pat Freiermuth,PIT,TE,at CLE,recYds,Hard Rock,24.5,over,33.66,-145,105,0.5918,0.5482,0.0796,0,0.6974,0.1056,0.1492,ev,multiplicative,projection,main,live,20261002CCEAD0D8,2026-10-01T20:06:10.078Z
2026,4,18516,Quinshon Judkins,CLE,RB,vs PIT,rushYds,Hard Rock,97.5,under,42.39,-800,450,0.8889,0.8302,0.0707,0,0.9945,0.1056,0.1643,ev,multiplicative,projection,main,live,20261002CCEAD0D8,2026-10-01T20:06:10.078Z
2026,4,15267,Pat Freiermuth,PIT,TE,at CLE,recYds,FanDuel,27.5,over,33.66,-113,-113,0.5305,0.5000,0.0610,0,0.6360,0.1054,0.1360,ev,multiplicative,projection,main,live,20261002CCEAD0D8,2026-10-01T20:06:10.078Z
2026,4,15984,Jaylen Warren,PIT,RB,at CLE,recYds,Hard Rock,50.5,under,22.75,-700,375,0.8750,0.8061,0.0855,0,0.9804,0.1054,0.1743,ev,multiplicative,projection,main,live,20261002CCEAD0D8,2026-10-01T20:06:10.078Z
2026,4,13424,DK Metcalf,PIT,WR,at CLE,recYds,Hard Rock,81.5,under,42.16,-550,350,0.8462,0.7920,0.0684,0,0.9516,0.1054,0.1596,ev,multiplicative,projection,main,live,20261002CCEAD0D8,2026-10-01T20:06:10.078Z
2026,4,15267,Pat Freiermuth,PIT,TE,at CLE,recYds,DraftKings,14.5,over,33.66,-308,,0.7549,0.7549,,1,0.8602,0.1053,0.1053,ev,none,projection,main,live,20261002CCEAD0D8,2026-10-01T20:06:10.078Z
2026,4,13424,DK Metcalf,PIT,WR,at CLE,recYds,Hard Rock,61.5,under,42.16,-220,155,0.6875,0.6368,0.0797,0,0.7928,0.1053,0.1561,ev,multiplicative,projection,main,live,20261002CCEAD0D8,2026-10-01T20:06:10.078Z
2026,4,19298,Denzel Boston,CLE,WR,vs PIT,recYds,Hard Rock,27.5,over,51.99,-220,150,0.6875,0.6322,0.0875,0,0.7928,0.1053,0.1606,ev,multiplicative,projection,main,live,20261002CCEAD0D8,2026-10-01T20:06:10.078Z
2026,4,15267,Pat Freiermuth,PIT,TE,at CLE,recYds,BetRivers,29.5,over,33.66,105,,0.4878,0.4878,,1,0.5928,0.1050,0.1050,ev,none,projection,main,live,20261002CCEAD0D8,2026-10-01T20:06:10.078Z
2026,4,18516,Quinshon Judkins,CLE,RB,vs PIT,rushYds,Hard Rock,96.5,under,42.39,-800,425,0.8889,0.8235,0.0794,0,0.9937,0.1048,0.1702,ev,multiplicative,projection,main,live,20261002CCEAD0D8,2026-10-01T20:06:10.078Z
2026,4,14378,Michael Pittman Jr.,PIT,WR,at CLE,recYds,Circa Sports,34.5,over,40.74,-110,-110,0.5238,0.5000,0.0476,0,0.6284,0.1046,0.1284,ev,multiplicative,projection,main,live,20261002CCEAD0D8,2026-10-01T20:06:10.078Z
2026,4,15267,Pat Freiermuth,PIT,TE,at CLE,recYds,Hard Rock,21.5,over,33.66,-185,130,0.6491,0.5989,0.0839,0,0.7538,0.1046,0.1549,ev,multiplicative,projection,main,live,20261002CCEAD0D8,2026-10-01T20:06:10.078Z
2026,4,15267,Pat Freiermuth,PIT,TE,at CLE,recYds,Hard Rock,20.5,over,33.66,-200,145,0.6667,0.6203,0.0748,0,0.7712,0.1045,0.1509,ev,multiplicative,projection,main,live,20261002CCEAD0D8,2026-10-01T20:06:10.078Z
2026,4,13424,DK Metcalf,PIT,WR,at CLE,recYds,Hard Rock,65.5,under,42.16,-275,180,0.7333,0.6725,0.0905,0,0.8377,0.1044,0.1652,ev,multiplicative,projection,main,live,20261002CCEAD0D8,2026-10-01T20:06:10.078Z
2026,4,14378,Michael Pittman Jr.,PIT,WR,at CLE,recYds,FanDuel,29.5,over,40.74,-162,,0.6183,0.6183,,1,0.7224,0.1041,0.1041,ev,none,projection,main,live,20261002CCEAD0D8,2026-10-01T20:06:10.078Z
2026,4,19298,Denzel Boston,CLE,WR,vs PIT,recYds,FanDuel,24.5,over,51.99,-253,,0.7167,0.7167,,1,0.8202,0.1035,0.1035,ev,none,projection,main,live,20261002CCEAD0D8,2026-10-01T20:06:10.078Z
2026,4,11712,Deshaun Watson,CLE,QB,vs PIT,passYds,theScore,189.5,over,218.73,-110,-120,0.5238,0.4899,0.0693,0,0.6273,0.1035,0.1375,ev,multiplicative,projection,main,live,20261002CCEAD0D8,2026-10-01T20:06:10.078Z
2026,4,14378,Michael Pittman Jr.,PIT,WR,at CLE,recYds,FanDuel,19.5,over,40.74,-324,,0.7642,0.7642,,1,0.8675,0.1034,0.1034,ev,none,projection,main,live,20261002CCEAD0D8,2026-10-01T20:06:10.078Z
2026,4,16889,Darnell Washington,PIT,TE,at CLE,recYds,Hard Rock,43.5,under,14.96,-800,425,0.8889,0.8235,0.0794,0,0.9919,0.1030,0.1683,ev,multiplicative,projection,main,live,20261002CCEAD0D8,2026-10-01T20:06:10.078Z
2026,4,15267,Pat Freiermuth,PIT,TE,at CLE,recYds,Hard Rock,25.5,over,33.66,-135,-105,0.5745,0.5287,0.0867,0,0.6774,0.1030,0.1488,ev,multiplicative,projection,main,live,20261002CCEAD0D8,2026-10-01T20:06:10.078Z
2026,4,14378,Michael Pittman Jr.,PIT,WR,at CLE,recYds,Hard Rock,23.5,over,40.74,-250,165,0.7143,0.6543,0.0916,0,0.8172,0.1030,0.1629,ev,multiplicative,projection,main,live,20261002CCEAD0D8,2026-10-01T20:06:10.078Z
2026,4,16889,Darnell Washington,PIT,TE,at CLE,recYds,Hard Rock,23.5,under,14.96,-195,140,0.6610,0.6134,0.0777,0,0.7640,0.1029,0.1506,ev,multiplicative,projection,main,live,20261002CCEAD0D8,2026-10-01T20:06:10.078Z
2026,4,15984,Jaylen Warren,PIT,RB,at CLE,rushYds,Hard Rock,79.5,over,96.25,-105,-130,0.5122,0.4754,0.0774,0,0.6150,0.1028,0.1396,ev,multiplicative,projection,main,live,20261002CCEAD0D8,2026-10-01T20:06:10.078Z
2026,4,14378,Michael Pittman Jr.,PIT,WR,at CLE,recYds,Hard Rock,33.5,over,40.74,-120,-110,0.5455,0.5101,0.0693,0,0.6480,0.1026,0.1379,ev,multiplicative,projection,main,live,20261002CCEAD0D8,2026-10-01T20:06:10.078Z
2026,4,15984,Jaylen Warren,PIT,RB,at CLE,rushYds,Hard Rock,109.5,over,96.25,275,,0.2667,0.2667,,1,0.3691,0.1024,0.1024,ev,none,projection,main,live,20261002CCEAD0D8,2026-10-01T20:06:10.078Z
2026,4,13484,Travis Homer,PIT,RB,at CLE,rushYds,theScore,19.5,over,13.65,425,,0.1905,0.1905,,1,0.2926,0.1021,0.1021,ev,none,projection,main,live,20261002CCEAD0D8,2026-10-01T20:06:10.078Z
2026,4,14378,Michael Pittman Jr.,PIT,WR,at CLE,recYds,Hard Rock,32.5,over,40.74,-130,,0.5652,0.5652,,1,0.6673,0.1021,0.1021,ev,none,projection,main,live,20261002CCEAD0D8,2026-10-01T20:06:10.078Z
2026,4,17043,Roman Wilson,PIT,WR,at CLE,recYds,Hard Rock,48.5,under,20.34,-650,375,0.8667,0.8046,0.0772,0,0.9686,0.1019,0.1640,ev,multiplicative,projection,main,live,20261002CCEAD0D8,2026-10-01T20:06:10.078Z
2026,4,13424,DK Metcalf,PIT,WR,at CLE,recYds,Hard Rock,63.5,under,42.16,-250,170,0.7143,0.6585,0.0847,0,0.8161,0.1018,0.1576,ev,multiplicative,projection,main,live,20261002CCEAD0D8,2026-10-01T20:06:10.078Z
2026,4,17043,Roman Wilson,PIT,WR,at CLE,recYds,Hard Rock,50.5,under,20.34,-700,400,0.8750,0.8140,0.0750,0,0.9768,0.1018,0.1629,ev,multiplicative,projection,main,live,20261002CCEAD0D8,2026-10-01T20:06:10.078Z
2026,4,15267,Pat Freiermuth,PIT,TE,at CLE,recYds,Hard Rock,23.5,over,33.66,-160,115,0.6154,0.5695,0.0805,0,0.7168,0.1014,0.1473,ev,multiplicative,projection,main,live,20261002CCEAD0D8,2026-10-01T20:06:10.078Z
2026,4,15267,Pat Freiermuth,PIT,TE,at CLE,recYds,Hard Rock,26.5,over,33.66,-125,-110,0.5556,0.5147,0.0794,0,0.6569,0.1014,0.1422,ev,multiplicative,projection,main,live,20261002CCEAD0D8,2026-10-01T20:06:10.078Z
2026,4,13484,Travis Homer,PIT,RB,at CLE,rushYds,Hard Rock,20.5,over,13.65,525,-1200,0.1600,0.1477,0.0831,0,0.2614,0.1014,0.1137,ev,multiplicative,projection,main,live,20261002CCEAD0D8,2026-10-01T20:06:10.078Z
2026,4,15984,Jaylen Warren,PIT,RB,at CLE,recYds,Hard Rock,51.5,under,22.75,-750,400,0.8824,0.8152,0.0824,0,0.9836,0.1013,0.1684,ev,multiplicative,projection,main,live,20261002CCEAD0D8,2026-10-01T20:06:10.078Z
2026,4,15267,Pat Freiermuth,PIT,TE,at CLE,recYds,Hard Rock,27.5,over,33.66,-115,-115,0.5349,0.5000,0.0698,0,0.6360,0.1011,0.1360,ev,multiplicative,projection,main,live,20261002CCEAD0D8,2026-10-01T20:06:10.078Z
2026,4,11712,Deshaun Watson,CLE,QB,vs PIT,passYds,Hard Rock,187.5,over,218.73,-115,-115,0.5349,0.5000,0.0698,0,0.6357,0.1008,0.1357,ev,multiplicative,projection,main,live,20261002CCEAD0D8,2026-10-01T20:06:10.078Z
2026,4,4307,Aaron Rodgers,PIT,QB,at CLE,passYds,Hard Rock,266.5,under,184.84,-475,300,0.8261,0.7677,0.0761,0,0.9268,0.1007,0.1591,ev,multiplicative,projection,main,live,20261002CCEAD0D8,2026-10-01T20:06:10.078Z
2026,4,11712,Deshaun Watson,CLE,QB,vs PIT,passTD,DraftKings,2.5,over,1.46,1140,,0.0806,0.0806,,1,0.1812,0.1005,0.1005,ev,none,projection,main,live,20261002CCEAD0D8,2026-10-01T20:06:10.078Z
2026,4,17130,Blake Whiteheart,CLE,TE,vs PIT,recYds,Hard Rock,13.5,over,9.35,300,-525,0.2500,0.2294,0.0900,0,0.3505,0.1005,0.1211,ev,multiplicative,projection,main,live,20261002CCEAD0D8,2026-10-01T20:06:10.078Z
2026,4,15267,Pat Freiermuth,PIT,TE,at CLE,recYds,Hard Rock,19.5,over,33.66,-220,155,0.6875,0.6368,0.0797,0,0.7879,0.1004,0.1511,ev,multiplicative,projection,main,live,20261002CCEAD0D8,2026-10-01T20:06:10.078Z
2026,4,18516,Quinshon Judkins,CLE,RB,vs PIT,rushYds,Hard Rock,98.5,under,42.39,-850,450,0.8947,0.8311,0.0766,0,0.9952,0.1004,0.1641,ev,multiplicative,projection,main,live,20261002CCEAD0D8,2026-10-01T20:06:10.078Z
2026,4,15984,Jaylen Warren,PIT,RB,at CLE,recYds,Hard Rock,29.5,under,22.75,-145,105,0.5918,0.5482,0.0796,0,0.6920,0.1001,0.1438,ev,multiplicative,projection,main,live,20261002CCEAD0D8,2026-10-01T20:06:10.078Z
2026,4,15984,Jaylen Warren,PIT,RB,at CLE,rushYds,Hard Rock,76.5,over,96.25,-115,-115,0.5349,0.5000,0.0698,0,0.6349,0.1000,0.1349,ev,multiplicative,projection,main,live,20261002CCEAD0D8,2026-10-01T20:06:10.078Z
2026,4,18526,Raheim Sanders,CLE,RB,vs PIT,rushYds,theScore,44.5,over,15.36,2500,,0.0385,0.0385,,1,0.1385,0.1000,0.1000,ev,none,projection,main,live,20261002CCEAD0D8,2026-10-01T20:06:10.078Z
2026,4,11712,Deshaun Watson,CLE,QB,vs PIT,rushYds,Hard Rock,53.5,under,17.22,-900,450,0.9000,0.8319,0.0818,0,0.9998,0.0998,0.1679,ev,multiplicative,projection,main,live,20261002CCEAD0D8,2026-10-01T20:06:10.078Z
2026,4,19298,Denzel Boston,CLE,WR,vs PIT,recYds,BetRivers,59.5,over,51.99,230,,0.3030,0.3030,,1,0.4021,0.0991,0.0991,ev,none,projection,main,live,20261002CCEAD0D8,2026-10-01T20:06:10.078Z
2026,4,13424,DK Metcalf,PIT,WR,at CLE,recYds,Hard Rock,62.5,under,42.16,-240,160,0.7059,0.6473,0.0905,0,0.8047,0.0988,0.1574,ev,multiplicative,projection,main,live,20261002CCEAD0D8,2026-10-01T20:06:10.078Z
2026,4,13424,DK Metcalf,PIT,WR,at CLE,recYds,Hard Rock,82.5,under,42.16,-600,350,0.8571,0.7941,0.0794,0,0.9557,0.0985,0.1616,ev,multiplicative,projection,main,live,20261002CCEAD0D8,2026-10-01T20:06:10.078Z
2026,4,19298,Denzel Boston,CLE,WR,vs PIT,recYds,Hard Rock,24.5,over,51.99,-260,180,0.7222,0.6691,0.0794,0,0.8202,0.0980,0.1511,ev,multiplicative,projection,main,live,20261002CCEAD0D8,2026-10-01T20:06:10.078Z
2026,4,15267,Pat Freiermuth,PIT,TE,at CLE,recYds,Hard Rock,18.5,over,33.66,-240,170,0.7059,0.6559,0.0763,0,0.8039,0.0980,0.1480,ev,multiplicative,projection,main,live,20261002CCEAD0D8,2026-10-01T20:06:10.078Z
2026,4,17043,Roman Wilson,PIT,WR,at CLE,recYds,Hard Rock,49.5,under,20.34,-700,375,0.8750,0.8061,0.0855,0,0.9730,0.0980,0.1669,ev,multiplicative,projection,main,live,20261002CCEAD0D8,2026-10-01T20:06:10.078Z
2026,4,14378,Michael Pittman Jr.,PIT,WR,at CLE,recYds,FanDuel,34.5,over,40.74,-113,-113,0.5305,0.5000,0.0610,0,0.6284,0.0979,0.1284,ev,multiplicative,projection,main,live,20261002CCEAD0D8,2026-10-01T20:06:10.078Z
2026,4,17043,Roman Wilson,PIT,WR,at CLE,recYds,Hard Rock,51.5,under,20.34,-750,425,0.8824,0.8225,0.0728,0,0.9802,0.0979,0.1578,ev,multiplicative,projection,main,live,20261002CCEAD0D8,2026-10-01T20:06:10.078Z
2026,4,15984,Jaylen Warren,PIT,RB,at CLE,rushYds,Hard Rock,78.5,over,96.25,-110,-130,0.5238,0.4810,0.0890,0,0.6217,0.0979,0.1407,ev,multiplicative,projection,main,live,20261002CCEAD0D8,2026-10-01T20:06:10.078Z
2026,4,4307,Aaron Rodgers,PIT,QB,at CLE,int,BetMGM,0.5,under,0.36,-150,110,0.6000,0.5575,0.0762,0,0.6977,0.0977,0.1402,ev,multiplicative,projection,main,live,20261002CCEAD0D8,2026-10-01T20:06:10.078Z
2026,4,15984,Jaylen Warren,PIT,RB,at CLE,recYds,Hard Rock,52.5,under,22.75,-800,425,0.8889,0.8235,0.0794,0,0.9864,0.0976,0.1629,ev,multiplicative,projection,main,live,20261002CCEAD0D8,2026-10-01T20:06:10.078Z
2026,4,15267,Pat Freiermuth,PIT,TE,at CLE,recYds,FanDuel,24.5,over,33.66,-150,,0.6000,0.6000,,1,0.6974,0.0974,0.0974,ev,none,projection,main,live,20261002CCEAD0D8,2026-10-01T20:06:10.078Z
2026,4,19298,Denzel Boston,CLE,WR,vs PIT,recYds,Hard Rock,25.5,over,51.99,-250,170,0.7143,0.6585,0.0847,0,0.8113,0.0970,0.1528,ev,multiplicative,projection,main,live,20261002CCEAD0D8,2026-10-01T20:06:10.078Z
2026,4,15267,Pat Freiermuth,PIT,TE,at CLE,recYds,Hard Rock,17.5,over,33.66,-260,185,0.7222,0.6730,0.0731,0,0.8191,0.0969,0.1461,ev,multiplicative,projection,main,live,20261002CCEAD0D8,2026-10-01T20:06:10.078Z
2026,4,11712,Deshaun Watson,CLE,QB,vs PIT,passYds,Hard Rock,183.5,over,218.73,-125,-105,0.5556,0.5203,0.0678,0,0.6523,0.0967,0.1320,ev,multiplicative,projection,main,live,20261002CCEAD0D8,2026-10-01T20:06:10.078Z
2026,4,19298,Denzel Boston,CLE,WR,vs PIT,recYds,FanDuel,59.5,over,51.99,227,,0.3058,0.3058,,1,0.4021,0.0963,0.0963,ev,none,projection,main,live,20261002CCEAD0D8,2026-10-01T20:06:10.078Z
2026,4,19298,Denzel Boston,CLE,WR,vs PIT,recYds,DraftKings,59.5,over,51.99,227,,0.3058,0.3058,,1,0.4021,0.0963,0.0963,ev,none,projection,main,live,20261002CCEAD0D8,2026-10-01T20:06:10.078Z
2026,4,11712,Deshaun Watson,CLE,QB,vs PIT,passYds,theScore,249.5,over,218.73,350,,0.2222,0.2222,,1,0.3184,0.0962,0.0962,ev,none,projection,main,live,20261002CCEAD0D8,2026-10-01T20:06:10.078Z
2026,4,15984,Jaylen Warren,PIT,RB,at CLE,rushYds,Hard Rock,75.5,over,96.25,-120,-115,0.5455,0.5049,0.0803,0,0.6414,0.0960,0.1365,ev,multiplicative,projection,main,live,20261002CCEAD0D8,2026-10-01T20:06:10.078Z
2026,4,4307,Aaron Rodgers,PIT,QB,at CLE,passYds,Hard Rock,267.5,under,184.84,-500,300,0.8333,0.7692,0.0833,0,0.9292,0.0959,0.1600,ev,multiplicative,projection,main,live,20261002CCEAD0D8,2026-10-01T20:06:10.078Z
2026,4,18516,Quinshon Judkins,CLE,RB,vs PIT,rushYds,Hard Rock,99.5,under,42.39,-900,475,0.9000,0.8381,0.0739,0,0.9958,0.0958,0.1577,ev,multiplicative,projection,main,live,20261002CCEAD0D8,2026-10-01T20:06:10.078Z
2026,4,14378,Michael Pittman Jr.,PIT,WR,at CLE,recYds,Caesars,34.5,over,40.74,-114,-115,0.5327,0.4990,0.0676,0,0.6284,0.0957,0.1294,ev,multiplicative,projection,main,live,20261002CCEAD0D8,2026-10-01T20:06:10.078Z
2026,4,15984,Jaylen Warren,PIT,RB,at CLE,rushYds,DraftKings,129.5,over,96.25,850,,0.1053,0.1053,,1,0.2007,0.0955,0.0955,ev,none,projection,main,live,20261002CCEAD0D8,2026-10-01T20:06:10.078Z
2026,4,11712,Deshaun Watson,CLE,QB,vs PIT,passTD,Caesars,1.5,over,1.46,200,,0.3333,0.3333,,1,0.4287,0.0954,0.0954,ev,none,projection,main,live,20261002CCEAD0D8,2026-10-01T20:06:10.078Z
2026,4,16889,Darnell Washington,PIT,TE,at CLE,recYds,Hard Rock,22.5,under,14.96,-180,130,0.6429,0.5965,0.0776,0,0.7373,0.0944,0.1407,ev,multiplicative,projection,main,live,20261002CCEAD0D8,2026-10-01T20:06:10.078Z
2026,4,11712,Deshaun Watson,CLE,QB,vs PIT,passYds,Hard Rock,186.5,over,218.73,-120,-115,0.5455,0.5049,0.0803,0,0.6399,0.0944,0.1350,ev,multiplicative,projection,main,live,20261002CCEAD0D8,2026-10-01T20:06:10.078Z
2026,4,19298,Denzel Boston,CLE,WR,vs PIT,recYds,theScore,59.5,over,51.99,225,,0.3077,0.3077,,1,0.4021,0.0944,0.0944,ev,none,projection,main,live,20261002CCEAD0D8,2026-10-01T20:06:10.078Z
2026,4,11712,Deshaun Watson,CLE,QB,vs PIT,passTD,BetRivers,2.5,over,1.46,1050,,0.0870,0.0870,,1,0.1812,0.0942,0.0942,ev,none,projection,main,live,20261002CCEAD0D8,2026-10-01T20:06:10.078Z
2026,4,4307,Aaron Rodgers,PIT,QB,at CLE,passYds,Hard Rock,269.5,under,184.84,-525,325,0.8400,0.7812,0.0753,0,0.9339,0.0939,0.1527,ev,multiplicative,projection,main,live,20261002CCEAD0D8,2026-10-01T20:06:10.078Z
2026,4,13424,DK Metcalf,PIT,WR,at CLE,recYds,Hard Rock,58.5,under,42.16,-195,140,0.6610,0.6134,0.0777,0,0.7548,0.0938,0.1414,ev,multiplicative,projection,main,live,20261002CCEAD0D8,2026-10-01T20:06:10.078Z
2026,4,14378,Michael Pittman Jr.,PIT,WR,at CLE,recYds,BetMGM,34.5,over,40.74,-115,-115,0.5349,0.5000,0.0698,0,0.6284,0.0935,0.1284,ev,multiplicative,projection,main,live,20261002CCEAD0D8,2026-10-01T20:06:10.078Z
2026,4,11712,Deshaun Watson,CLE,QB,vs PIT,int,BetRivers,0.5,over,0.99,-115,-114,0.5349,0.5010,0.0676,0,0.6284,0.0935,0.1274,ev,multiplicative,projection,main,live,20261002CCEAD0D8,2026-10-01T20:06:10.078Z
2026,4,14378,Michael Pittman Jr.,PIT,WR,at CLE,recYds,Hard Rock,34.5,over,40.74,-115,-120,0.5349,0.4951,0.0803,0,0.6284,0.0935,0.1333,ev,multiplicative,projection,main,live,20261002CCEAD0D8,2026-10-01T20:06:10.078Z
2026,4,13424,DK Metcalf,PIT,WR,at CLE,recYds,Hard Rock,60.5,under,42.16,-220,150,0.6875,0.6322,0.0875,0,0.7806,0.0931,0.1484,ev,multiplicative,projection,main,live,20261002CCEAD0D8,2026-10-01T20:06:10.078Z
2026,4,15267,Pat Freiermuth,PIT,TE,at CLE,recYds,FanDuel,29.5,over,33.66,100,,0.5000,0.5000,,1,0.5928,0.0928,0.0928,ev,none,projection,main,live,20261002CCEAD0D8,2026-10-01T20:06:10.078Z
2026,4,15267,Pat Freiermuth,PIT,TE,at CLE,recYds,Hard Rock,29.5,over,33.66,100,-135,0.5000,0.4653,0.0745,0,0.5928,0.0928,0.1275,ev,multiplicative,projection,main,live,20261002CCEAD0D8,2026-10-01T20:06:10.078Z
2026,4,13424,DK Metcalf,PIT,WR,at CLE,recYds,Hard Rock,83.5,under,42.16,-650,350,0.8667,0.7959,0.0889,0,0.9595,0.0928,0.1636,ev,multiplicative,projection,main,live,20261002CCEAD0D8,2026-10-01T20:06:10.078Z
2026,4,11712,Deshaun Watson,CLE,QB,vs PIT,passYds,BetMGM,189.5,over,218.73,-115,-115,0.5349,0.5000,0.0698,0,0.6273,0.0924,0.1273,ev,multiplicative,projection,main,live,20261002CCEAD0D8,2026-10-01T20:06:10.078Z
2026,4,15984,Jaylen Warren,PIT,RB,at CLE,rushYds,theScore,74.5,over,96.25,-125,-105,0.5556,0.5203,0.0678,0,0.6479,0.0924,0.1276,ev,multiplicative,projection,main,live,20261002CCEAD0D8,2026-10-01T20:06:10.078Z
2026,4,15984,Jaylen Warren,PIT,RB,at CLE,recYds,Hard Rock,27.5,under,22.75,-120,-115,0.5455,0.5049,0.0803,0,0.6379,0.0924,0.1330,ev,multiplicative,projection,main,live,20261002CCEAD0D8,2026-10-01T20:06:10.078Z
2026,4,11712,Deshaun Watson,CLE,QB,vs PIT,passYds,BetRivers,179.5,over,218.73,-136,,0.5763,0.5763,,1,0.6686,0.0923,0.0923,ev,none,projection,main,live,20261002CCEAD0D8,2026-10-01T20:06:10.078Z
2026,4,4307,Aaron Rodgers,PIT,QB,at CLE,passYds,Hard Rock,271.5,under,184.84,-550,325,0.8462,0.7824,0.0814,0,0.9383,0.0922,0.1559,ev,multiplicative,projection,main,live,20261002CCEAD0D8,2026-10-01T20:06:10.078Z
2026,4,13424,DK Metcalf,PIT,WR,at CLE,recYds,Hard Rock,57.5,under,42.16,-185,135,0.6491,0.6040,0.0747,0,0.7413,0.0922,0.1373,ev,multiplicative,projection,main,live,20261002CCEAD0D8,2026-10-01T20:06:10.078Z
2026,4,17043,Roman Wilson,PIT,WR,at CLE,recYds,Hard Rock,34.5,under,20.34,-275,195,0.7333,0.6839,0.0723,0,0.8252,0.0919,0.1413,ev,multiplicative,projection,main,live,20261002CCEAD0D8,2026-10-01T20:06:10.078Z
2026,4,17043,Roman Wilson,PIT,WR,at CLE,recYds,Hard Rock,35.5,under,20.34,-300,200,0.7500,0.6923,0.0833,0,0.8417,0.0917,0.1494,ev,multiplicative,projection,main,live,20261002CCEAD0D8,2026-10-01T20:06:10.078Z
2026,4,18516,Quinshon Judkins,CLE,RB,vs PIT,rushYds,Hard Rock,100.5,under,42.39,-950,475,0.9048,0.8388,0.0787,0,0.9963,0.0916,0.1576,ev,multiplicative,projection,main,live,20261002CCEAD0D8,2026-10-01T20:06:10.078Z
2026,4,13424,DK Metcalf,PIT,WR,at CLE,recYds,Hard Rock,85.5,under,42.16,-700,375,0.8750,0.8061,0.0855,0,0.9663,0.0913,0.1603,ev,multiplicative,projection,main,live,20261002CCEAD0D8,2026-10-01T20:06:10.078Z
2026,4,19263,Germie Bernard,PIT,WR,at CLE,recYds,FanDuel,4.5,over,9.67,-175,,0.6364,0.6364,,1,0.7275,0.0912,0.0912,ev,none,projection,main,live,20261002CCEAD0D8,2026-10-01T20:06:10.078Z
2026,4,14378,Michael Pittman Jr.,PIT,WR,at CLE,recYds,BetRivers,39.5,over,40.74,130,,0.4348,0.4348,,1,0.5259,0.0912,0.0912,ev,none,projection,main,live,20261002CCEAD0D8,2026-10-01T20:06:10.078Z
2026,4,13424,DK Metcalf,PIT,WR,at CLE,recYds,Hard Rock,56.5,under,42.16,-175,130,0.6364,0.5941,0.0711,0,0.7275,0.0911,0.1334,ev,multiplicative,projection,main,live,20261002CCEAD0D8,2026-10-01T20:06:10.078Z
2026,4,15984,Jaylen Warren,PIT,RB,at CLE,recYds,Hard Rock,28.5,under,22.75,-135,-105,0.5745,0.5287,0.0867,0,0.6654,0.0909,0.1367,ev,multiplicative,projection,main,live,20261002CCEAD0D8,2026-10-01T20:06:10.078Z
2026,4,11712,Deshaun Watson,CLE,QB,vs PIT,rushYds,Hard Rock,55.5,under,17.22,-1000,500,0.9091,0.8451,0.0758,0,0.9999,0.0908,0.1549,ev,multiplicative,projection,main,live,20261002CCEAD0D8,2026-10-01T20:06:10.078Z
2026,4,15267,Pat Freiermuth,PIT,TE,at CLE,recYds,Hard Rock,28.5,over,33.66,-110,,0.5238,0.5238,,1,0.6146,0.0908,0.0908,ev,none,projection,main,live,20261002CCEAD0D8,2026-10-01T20:06:10.078Z
2026,4,11712,Deshaun Watson,CLE,QB,vs PIT,rushYds,Hard Rock,54.5,under,17.22,-1000,475,0.9091,0.8394,0.0830,0,0.9999,0.0908,0.1605,ev,multiplicative,projection,main,live,20261002CCEAD0D8,2026-10-01T20:06:10.078Z
2026,4,4307,Aaron Rodgers,PIT,QB,at CLE,passYds,Hard Rock,273.5,under,184.84,-575,350,0.8519,0.7931,0.0741,0,0.9426,0.0907,0.1495,ev,multiplicative,projection,main,live,20261002CCEAD0D8,2026-10-01T20:06:10.078Z
2026,4,11712,Deshaun Watson,CLE,QB,vs PIT,completions,DraftKings,25.5,over,20.11,1160,,0.0794,0.0794,,1,0.1700,0.0906,0.0906,ev,none,projection,main,live,20261002CCEAD0D8,2026-10-01T20:06:10.078Z
2026,4,11712,Deshaun Watson,CLE,QB,vs PIT,passYds,DraftKings,179.5,over,218.73,-137,,0.5781,0.5781,,1,0.6686,0.0905,0.0905,ev,none,projection,main,live,20261002CCEAD0D8,2026-10-01T20:06:10.078Z
2026,4,13424,DK Metcalf,PIT,WR,at CLE,recYds,Hard Rock,59.5,under,42.16,-210,145,0.6774,0.6240,0.0856,0,0.7679,0.0905,0.1439,ev,multiplicative,projection,main,live,20261002CCEAD0D8,2026-10-01T20:06:10.078Z
2026,4,19298,Denzel Boston,CLE,WR,vs PIT,recYds,BetRivers,19.5,over,51.99,-335,,0.7701,0.7701,,1,0.8605,0.0904,0.0904,ev,none,projection,main,live,20261002CCEAD0D8,2026-10-01T20:06:10.078Z
2026,4,11712,Deshaun Watson,CLE,QB,vs PIT,passTD,Circa Sports,0.5,over,1.46,-210,180,0.6774,0.6548,0.0346,0,0.7678,0.0903,0.1130,ev,multiplicative,projection,main,live,20261002CCEAD0D8,2026-10-01T20:06:10.078Z
2026,4,16889,Darnell Washington,PIT,TE,at CLE,recYds,Hard Rock,45.5,under,14.96,-950,475,0.9048,0.8388,0.0787,0,0.9949,0.0902,0.1562,ev,multiplicative,projection,main,live,20261002CCEAD0D8,2026-10-01T20:06:10.078Z
2026,4,4307,Aaron Rodgers,PIT,QB,at CLE,passYds,Hard Rock,270.5,under,184.84,-550,325,0.8462,0.7824,0.0814,0,0.9362,0.0900,0.1537,ev,multiplicative,projection,main,live,20261002CCEAD0D8,2026-10-01T20:06:10.078Z
2026,4,4307,Aaron Rodgers,PIT,QB,at CLE,passYds,Hard Rock,275.5,under,184.84,-600,375,0.8571,0.8028,0.0677,0,0.9465,0.0894,0.1437,ev,multiplicative,projection,main,live,20261002CCEAD0D8,2026-10-01T20:06:10.078Z
2026,4,17130,Blake Whiteheart,CLE,TE,vs PIT,receptions,DraftKings,1.5,over,0.87,423,,0.1912,0.1912,,1,0.2803,0.0890,0.0890,ev,none,projection,main,live,20261002CCEAD0D8,2026-10-01T20:06:10.078Z
2026,4,14378,Michael Pittman Jr.,PIT,WR,at CLE,recYds,Hard Rock,18.5,over,40.74,-375,250,0.7895,0.7343,0.0752,0,0.8785,0.0890,0.1442,ev,multiplicative,projection,main,live,20261002CCEAD0D8,2026-10-01T20:06:10.078Z
2026,4,13424,DK Metcalf,PIT,WR,at CLE,receptions,BetMGM,3.5,under,3.17,115,-155,0.4651,0.4335,0.0730,0,0.5540,0.0889,0.1205,ev,multiplicative,projection,main,live,20261002CCEAD0D8,2026-10-01T20:06:10.078Z
2026,4,13424,DK Metcalf,PIT,WR,at CLE,receptions,Circa Sports,3.5,under,3.17,115,-135,0.4651,0.4474,0.0396,0,0.5540,0.0889,0.1066,ev,multiplicative,projection,main,live,20261002CCEAD0D8,2026-10-01T20:06:10.078Z
2026,4,15984,Jaylen Warren,PIT,RB,at CLE,recYds,Hard Rock,53.5,under,22.75,-900,450,0.9000,0.8319,0.0818,0,0.9888,0.0888,0.1569,ev,multiplicative,projection,main,live,20261002CCEAD0D8,2026-10-01T20:06:10.078Z
2026,4,4307,Aaron Rodgers,PIT,QB,at CLE,passYds,Hard Rock,272.5,under,184.84,-575,350,0.8519,0.7931,0.0741,0,0.9405,0.0886,0.1474,ev,multiplicative,projection,main,live,20261002CCEAD0D8,2026-10-01T20:06:10.078Z
2026,4,19263,Germie Bernard,PIT,WR,at CLE,receptions,DraftKings,1.5,under,0.84,-193,150,0.6587,0.6222,0.0587,0,0.7468,0.0881,0.1246,ev,multiplicative,projection,main,live,20261002CCEAD0D8,2026-10-01T20:06:10.078Z
2026,4,11712,Deshaun Watson,CLE,QB,vs PIT,passYds,DraftKings,269.5,over,218.73,670,,0.1299,0.1299,,1,0.2180,0.0881,0.0881,ev,none,projection,main,live,20261002CCEAD0D8,2026-10-01T20:06:10.078Z
2026,4,18516,Quinshon Judkins,CLE,RB,vs PIT,rushYds,Hard Rock,102.5,under,42.39,-1000,525,0.9091,0.8503,0.0691,0,0.9972,0.0881,0.1469,ev,multiplicative,projection,main,live,20261002CCEAD0D8,2026-10-01T20:06:10.078Z
2026,4,18516,Quinshon Judkins,CLE,RB,vs PIT,rushYds,Hard Rock,101.5,under,42.39,-1000,500,0.9091,0.8451,0.0758,0,0.9968,0.0877,0.1517,ev,multiplicative,projection,main,live,20261002CCEAD0D8,2026-10-01T20:06:10.078Z
2026,4,15984,Jaylen Warren,PIT,RB,at CLE,rushYds,Caesars,76.5,over,96.25,-121,-111,0.5475,0.5100,0.0736,0,0.6349,0.0874,0.1249,ev,multiplicative,projection,main,live,20261002CCEAD0D8,2026-10-01T20:06:10.078Z
2026,4,4307,Aaron Rodgers,PIT,QB,at CLE,passYds,Hard Rock,274.5,under,184.84,-600,350,0.8571,0.7941,0.0794,0,0.9446,0.0874,0.1505,ev,multiplicative,projection,main,live,20261002CCEAD0D8,2026-10-01T20:06:10.078Z
2026,4,15267,Pat Freiermuth,PIT,TE,at CLE,recYds,FanDuel,19.5,over,33.66,-234,,0.7006,0.7006,,1,0.7879,0.0873,0.0873,ev,none,projection,main,live,20261002CCEAD0D8,2026-10-01T20:06:10.078Z
2026,4,11712,Deshaun Watson,CLE,QB,vs PIT,passTD,Caesars,0.5,over,1.46,-213,171,0.6805,0.6484,0.0495,0,0.7678,0.0873,0.1194,ev,multiplicative,projection,main,live,20261002CCEAD0D8,2026-10-01T20:06:10.078Z
2026,4,15984,Jaylen Warren,PIT,RB,at CLE,rushYds,Hard Rock,114.5,over,96.25,325,,0.2353,0.2353,,1,0.3226,0.0873,0.0873,ev,none,projection,main,live,20261002CCEAD0D8,2026-10-01T20:06:10.078Z
2026,4,11712,Deshaun Watson,CLE,QB,vs PIT,completions,BetRivers,19.5,over,20.11,125,,0.4444,0.4444,,1,0.5317,0.0872,0.0872,ev,none,projection,main,live,20261002CCEAD0D8,2026-10-01T20:06:10.078Z
2026,4,13424,DK Metcalf,PIT,WR,at CLE,recYds,Hard Rock,86.5,under,42.16,-750,400,0.8824,0.8152,0.0824,0,0.9694,0.0870,0.1541,ev,multiplicative,projection,main,live,20261002CCEAD0D8,2026-10-01T20:06:10.078Z
2026,4,16889,Darnell Washington,PIT,TE,at CLE,recYds,Hard Rock,46.5,under,14.96,-1000,500,0.9091,0.8451,0.0758,0,0.9960,0.0870,0.1510,ev,multiplicative,projection,main,live,20261002CCEAD0D8,2026-10-01T20:06:10.078Z
2026,4,14378,Michael Pittman Jr.,PIT,WR,at CLE,recYds,BetRivers,49.5,over,40.74,215,,0.3175,0.3175,,1,0.4036,0.0861,0.0861,ev,none,projection,main,live,20261002CCEAD0D8,2026-10-01T20:06:10.078Z
2026,4,15984,Jaylen Warren,PIT,RB,at CLE,recYds,Hard Rock,54.5,under,22.75,-950,450,0.9048,0.8327,0.0866,0,0.9908,0.0861,0.1582,ev,multiplicative,projection,main,live,20261002CCEAD0D8,2026-10-01T20:06:10.078Z
2026,4,13424,DK Metcalf,PIT,WR,at CLE,recYds,Hard Rock,88.5,under,42.16,-800,425,0.8889,0.8235,0.0794,0,0.9748,0.0859,0.1512,ev,multiplicative,projection,main,live,20261002CCEAD0D8,2026-10-01T20:06:10.078Z
2026,4,15984,Jaylen Warren,PIT,RB,at CLE,recYds,Hard Rock,26.5,under,22.75,-110,-120,0.5238,0.4899,0.0693,0,0.6097,0.0859,0.1198,ev,multiplicative,projection,main,live,20261002CCEAD0D8,2026-10-01T20:06:10.078Z
2026,4,17043,Roman Wilson,PIT,WR,at CLE,recYds,Hard Rock,53.5,under,20.34,-900,450,0.9000,0.8319,0.0818,0,0.9858,0.0858,0.1538,ev,multiplicative,projection,main,live,20261002CCEAD0D8,2026-10-01T20:06:10.078Z
2026,4,13484,Travis Homer,PIT,RB,at CLE,rushYds,FanDuel,4.5,over,13.65,-177,,0.6390,0.6390,,1,0.7245,0.0855,0.0855,ev,none,projection,main,live,20261002CCEAD0D8,2026-10-01T20:06:10.078Z
2026,4,15267,Pat Freiermuth,PIT,TE,at CLE,recYds,Caesars,29.5,over,33.66,-103,,0.5074,0.5074,,1,0.5928,0.0854,0.0854,ev,none,projection,main,live,20261002CCEAD0D8,2026-10-01T20:06:10.078Z
2026,4,19263,Germie Bernard,PIT,WR,at CLE,recYds,Hard Rock,2.5,over,9.67,-250,175,0.7143,0.6627,0.0779,0,0.7994,0.0851,0.1368,ev,multiplicative,projection,main,live,20261002CCEAD0D8,2026-10-01T20:06:10.078Z
2026,4,19263,Germie Bernard,PIT,WR,at CLE,recYds,Hard Rock,26.5,under,9.67,-650,375,0.8667,0.8046,0.0772,0,0.9505,0.0839,0.1460,ev,multiplicative,projection,main,live,20261002CCEAD0D8,2026-10-01T20:06:10.078Z
2026,4,13484,Travis Homer,PIT,RB,at CLE,rushYds,Hard Rock,21.5,over,13.65,575,-1400,0.1481,0.1370,0.0815,0,0.2320,0.0838,0.0950,ev,multiplicative,projection,main,live,20261002CCEAD0D8,2026-10-01T20:06:10.078Z
2026,4,13424,DK Metcalf,PIT,WR,at CLE,recYds,Hard Rock,55.5,under,42.16,-170,125,0.6296,0.5862,0.0741,0,0.7133,0.0837,0.1271,ev,multiplicative,projection,main,live,20261002CCEAD0D8,2026-10-01T20:06:10.078Z
2026,4,15984,Jaylen Warren,PIT,RB,at CLE,rushYds,FanDuel,124.5,over,96.25,548,,0.1543,0.1543,,1,0.2380,0.0836,0.0836,ev,none,projection,main,live,20261002CCEAD0D8,2026-10-01T20:06:10.078Z
2026,4,13424,DK Metcalf,PIT,WR,at CLE,recYds,Hard Rock,54.5,under,42.16,-160,120,0.6154,0.5752,0.0699,0,0.6988,0.0834,0.1236,ev,multiplicative,projection,main,live,20261002CCEAD0D8,2026-10-01T20:06:10.078Z
2026,4,13424,DK Metcalf,PIT,WR,at CLE,recYds,Hard Rock,87.5,under,42.16,-800,400,0.8889,0.8163,0.0889,0,0.9722,0.0833,0.1558,ev,multiplicative,projection,main,live,20261002CCEAD0D8,2026-10-01T20:06:10.078Z
2026,4,17043,Roman Wilson,PIT,WR,at CLE,recYds,Hard Rock,54.5,under,20.34,-950,475,0.9048,0.8388,0.0787,0,0.9880,0.0832,0.1492,ev,multiplicative,projection,main,live,20261002CCEAD0D8,2026-10-01T20:06:10.078Z
2026,4,11712,Deshaun Watson,CLE,QB,vs PIT,int,BetMGM,0.5,over,0.99,-120,-110,0.5455,0.5101,0.0693,0,0.6284,0.0830,0.1183,ev,multiplicative,projection,main,live,20261002CCEAD0D8,2026-10-01T20:06:10.078Z
2026,4,15267,Pat Freiermuth,PIT,TE,at CLE,recYds,Hard Rock,30.5,over,33.66,105,-145,0.4878,0.4518,0.0796,0,0.5708,0.0830,0.1190,ev,multiplicative,projection,main,live,20261002CCEAD0D8,2026-10-01T20:06:10.078Z
2026,4,11712,Deshaun Watson,CLE,QB,vs PIT,passTD,FanDuel,2.5,over,1.46,918,,0.0982,0.0982,,1,0.1812,0.0829,0.0829,ev,none,projection,main,live,20261002CCEAD0D8,2026-10-01T20:06:10.078Z
2026,4,15984,Jaylen Warren,PIT,RB,at CLE,rushYds,Hard Rock,74.5,over,96.25,-130,-110,0.5652,0.5190,0.0890,0,0.6479,0.0827,0.1289,ev,multiplicative,projection,main,live,20261002CCEAD0D8,2026-10-01T20:06:10.078Z
2026,4,15984,Jaylen Warren,PIT,RB,at CLE,rushYds,Hard Rock,116.5,over,96.25,350,,0.2222,0.2222,,1,0.3047,0.0825,0.0825,ev,none,projection,main,live,20261002CCEAD0D8,2026-10-01T20:06:10.078Z
2026,4,15267,Pat Freiermuth,PIT,TE,at CLE,recYds,Hard Rock,14.5,over,33.66,-350,230,0.7778,0.7196,0.0808,0,0.8602,0.0825,0.1406,ev,multiplicative,projection,main,live,20261002CCEAD0D8,2026-10-01T20:06:10.078Z
2026,4,19263,Germie Bernard,PIT,WR,at CLE,recYds,Hard Rock,25.5,under,9.67,-600,350,0.8571,0.7941,0.0794,0,0.9397,0.0825,0.1455,ev,multiplicative,projection,main,live,20261002CCEAD0D8,2026-10-01T20:06:10.078Z
2026,4,13424,DK Metcalf,PIT,WR,at CLE,recYds,Hard Rock,89.5,under,42.16,-850,450,0.8947,0.8311,0.0766,0,0.9771,0.0824,0.1460,ev,multiplicative,projection,main,live,20261002CCEAD0D8,2026-10-01T20:06:10.078Z
2026,4,4307,Aaron Rodgers,PIT,QB,at CLE,passYds,Hard Rock,276.5,under,184.84,-650,375,0.8667,0.8046,0.0772,0,0.9484,0.0818,0.1439,ev,multiplicative,projection,main,live,20261002CCEAD0D8,2026-10-01T20:06:10.078Z
2026,4,13484,Travis Homer,PIT,RB,at CLE,rushYds,Hard Rock,4.5,over,13.65,-180,,0.6429,0.6429,,1,0.7245,0.0817,0.0817,ev,none,projection,main,live,20261002CCEAD0D8,2026-10-01T20:06:10.078Z
2026,4,19298,Denzel Boston,CLE,WR,vs PIT,recYds,Hard Rock,60.5,over,51.99,225,,0.3077,0.3077,,1,0.3894,0.0817,0.0817,ev,none,projection,main,live,20261002CCEAD0D8,2026-10-01T20:06:10.078Z
2026,4,13424,DK Metcalf,PIT,WR,at CLE,recYds,Circa Sports,48.5,under,42.16,-110,-110,0.5238,0.5000,0.0476,0,0.6055,0.0817,0.1055,ev,multiplicative,projection,main,live,20261002CCEAD0D8,2026-10-01T20:06:10.078Z
2026,4,17130,Blake Whiteheart,CLE,TE,vs PIT,recYds,Hard Rock,14.5,over,9.35,325,-600,0.2353,0.2154,0.0924,0,0.3169,0.0816,0.1015,ev,multiplicative,projection,main,live,20261002CCEAD0D8,2026-10-01T20:06:10.078Z
2026,4,15984,Jaylen Warren,PIT,RB,at CLE,recYds,DraftKings,26.5,under,22.75,-112,-112,0.5283,0.5000,0.0566,0,0.6097,0.0814,0.1097,ev,multiplicative,projection,main,live,20261002CCEAD0D8,2026-10-01T20:06:10.078Z
2026,4,19298,Denzel Boston,CLE,WR,vs PIT,recYds,FanDuel,19.5,over,51.99,-353,,0.7792,0.7792,,1,0.8605,0.0813,0.0813,ev,none,projection,main,live,20261002CCEAD0D8,2026-10-01T20:06:10.078Z
2026,4,11712,Deshaun Watson,CLE,QB,vs PIT,passTD,theScore,2.5,over,1.46,900,,0.1000,0.1000,,1,0.1812,0.0812,0.0812,ev,none,projection,main,live,20261002CCEAD0D8,2026-10-01T20:06:10.078Z
2026,4,19263,Germie Bernard,PIT,WR,at CLE,recYds,Hard Rock,24.5,under,9.67,-550,325,0.8462,0.7824,0.0814,0,0.9270,0.0809,0.1446,ev,multiplicative,projection,main,live,20261002CCEAD0D8,2026-10-01T20:06:10.078Z
2026,4,17043,Roman Wilson,PIT,WR,at CLE,recYds,Hard Rock,55.5,under,20.34,-1000,500,0.9091,0.8451,0.0758,0,0.9899,0.0808,0.1448,ev,multiplicative,projection,main,live,20261002CCEAD0D8,2026-10-01T20:06:10.078Z
2026,4,15267,Pat Freiermuth,PIT,TE,at CLE,recYds,theScore,29.5,over,33.66,-105,-125,0.5122,0.4797,0.0678,0,0.5928,0.0806,0.1131,ev,multiplicative,projection,main,live,20261002CCEAD0D8,2026-10-01T20:06:10.078Z
2026,4,18526,Raheim Sanders,CLE,RB,vs PIT,receptions,Hard Rock,2.5,under,1.72,-185,135,0.6491,0.6040,0.0747,0,0.7296,0.0805,0.1256,ev,multiplicative,projection,main,live,20261002CCEAD0D8,2026-10-01T20:06:10.078Z
2026,4,14458,Jerry Jeudy,CLE,WR,vs PIT,recYds,Hard Rock,35.5,over,17.27,350,-600,0.2222,0.2059,0.0794,0,0.3026,0.0804,0.0967,ev,multiplicative,projection,main,live,20261002CCEAD0D8,2026-10-01T20:06:10.078Z
2026,4,14378,Michael Pittman Jr.,PIT,WR,at CLE,recYds,Caesars,19.5,over,40.74,-370,,0.7872,0.7872,,1,0.8675,0.0803,0.0803,ev,none,projection,main,live,20261002CCEAD0D8,2026-10-01T20:06:10.078Z
2026,4,11712,Deshaun Watson,CLE,QB,vs PIT,passTD,BetMGM,0.5,over,1.46,-220,165,0.6875,0.6456,0.0649,0,0.7678,0.0803,0.1221,ev,multiplicative,projection,main,live,20261002CCEAD0D8,2026-10-01T20:06:10.078Z
2026,4,16889,Darnell Washington,PIT,TE,at CLE,recYds,Hard Rock,47.5,under,14.96,-1100,525,0.9167,0.8514,0.0767,0,0.9969,0.0803,0.1455,ev,multiplicative,projection,main,live,20261002CCEAD0D8,2026-10-01T20:06:10.078Z
2026,4,19263,Germie Bernard,PIT,WR,at CLE,receptions,BetMGM,1.5,under,0.84,-200,145,0.6667,0.6203,0.0748,0,0.7468,0.0801,0.1265,ev,multiplicative,projection,main,live,20261002CCEAD0D8,2026-10-01T20:06:10.078Z
2026,4,15267,Pat Freiermuth,PIT,TE,at CLE,recYds,BetMGM,28.5,over,33.66,-115,-115,0.5349,0.5000,0.0698,0,0.6146,0.0797,0.1146,ev,multiplicative,projection,main,live,20261002CCEAD0D8,2026-10-01T20:06:10.078Z
2026,4,16889,Darnell Washington,PIT,TE,at CLE,recYds,Hard Rock,21.5,under,14.96,-170,120,0.6296,0.5807,0.0842,0,0.7091,0.0795,0.1283,ev,multiplicative,projection,main,live,20261002CCEAD0D8,2026-10-01T20:06:10.078Z
2026,4,13424,DK Metcalf,PIT,WR,at CLE,recYds,Hard Rock,90.5,under,42.16,-900,450,0.9000,0.8319,0.0818,0,0.9793,0.0793,0.1474,ev,multiplicative,projection,main,live,20261002CCEAD0D8,2026-10-01T20:06:10.078Z
2026,4,18526,Raheim Sanders,CLE,RB,vs PIT,recYds,Caesars,9.5,over,13.62,-141,,0.5851,0.5851,,1,0.6643,0.0792,0.0792,ev,none,projection,main,live,20261002CCEAD0D8,2026-10-01T20:06:10.078Z
2026,4,14378,Michael Pittman Jr.,PIT,WR,at CLE,recYds,Hard Rock,17.5,over,40.74,-425,,0.8095,0.8095,,1,0.8887,0.0792,0.0792,ev,none,projection,main,live,20261002CCEAD0D8,2026-10-01T20:06:10.078Z
2026,4,19263,Germie Bernard,PIT,WR,at CLE,recYds,Hard Rock,23.5,under,9.67,-500,300,0.8333,0.7692,0.0833,0,0.9124,0.0791,0.1432,ev,multiplicative,projection,main,live,20261002CCEAD0D8,2026-10-01T20:06:10.078Z
2026,4,4307,Aaron Rodgers,PIT,QB,at CLE,passYds,Hard Rock,279.5,under,184.84,-700,400,0.8750,0.8140,0.0750,0,0.9538,0.0788,0.1399,ev,multiplicative,projection,main,live,20261002CCEAD0D8,2026-10-01T20:06:10.078Z
2026,4,14458,Jerry Jeudy,CLE,WR,vs PIT,recYds,BetRivers,29.5,over,17.27,250,,0.2857,0.2857,,1,0.3644,0.0787,0.0787,ev,none,projection,main,live,20261002CCEAD0D8,2026-10-01T20:06:10.078Z
2026,4,19263,Germie Bernard,PIT,WR,at CLE,recYds,Hard Rock,28.5,under,9.67,-800,425,0.8889,0.8235,0.0794,0,0.9676,0.0787,0.1440,ev,multiplicative,projection,main,live,20261002CCEAD0D8,2026-10-01T20:06:10.078Z
2026,4,18472,Harold Fannin Jr.,CLE,TE,vs PIT,recYds,DraftKings,24.5,over,44.69,-335,,0.7701,0.7701,,1,0.8487,0.0786,0.0786,ev,none,projection,main,live,20261002CCEAD0D8,2026-10-01T20:06:10.078Z
2026,4,14378,Michael Pittman Jr.,PIT,WR,at CLE,recYds,BetRivers,59.5,over,40.74,350,,0.2222,0.2222,,1,0.3005,0.0783,0.0783,ev,none,projection,main,live,20261002CCEAD0D8,2026-10-01T20:06:10.078Z
2026,4,14378,Michael Pittman Jr.,PIT,WR,at CLE,recYds,theScore,19.5,over,40.74,-375,,0.7895,0.7895,,1,0.8675,0.0781,0.0781,ev,none,projection,main,live,20261002CCEAD0D8,2026-10-01T20:06:10.078Z
2026,4,11712,Deshaun Watson,CLE,QB,vs PIT,passYds,BetRivers,174.5,over,218.73,-157,,0.6109,0.6109,,1,0.6885,0.0776,0.0776,ev,none,projection,main,live,20261002CCEAD0D8,2026-10-01T20:06:10.078Z
2026,4,11712,Deshaun Watson,CLE,QB,vs PIT,passYds,FanDuel,174.5,over,218.73,-157,,0.6109,0.6109,,1,0.6885,0.0776,0.0776,ev,none,projection,main,live,20261002CCEAD0D8,2026-10-01T20:06:10.078Z
2026,4,19263,Germie Bernard,PIT,WR,at CLE,recYds,Hard Rock,22.5,under,9.67,-450,275,0.8182,0.7542,0.0848,0,0.8958,0.0776,0.1416,ev,multiplicative,projection,main,live,20261002CCEAD0D8,2026-10-01T20:06:10.078Z
2026,4,15984,Jaylen Warren,PIT,RB,at CLE,rushYds,Hard Rock,72.5,over,96.25,-140,100,0.5833,0.5385,0.0833,0,0.6608,0.0775,0.1224,ev,multiplicative,projection,main,live,20261002CCEAD0D8,2026-10-01T20:06:10.078Z
2026,4,19263,Germie Bernard,PIT,WR,at CLE,recYds,Hard Rock,27.5,under,9.67,-750,400,0.8824,0.8152,0.0824,0,0.9598,0.0774,0.1445,ev,multiplicative,projection,main,live,20261002CCEAD0D8,2026-10-01T20:06:10.078Z
2026,4,14458,Jerry Jeudy,CLE,WR,vs PIT,recYds,Hard Rock,34.5,over,17.27,325,-575,0.2353,0.2164,0.0871,0,0.3126,0.0773,0.0962,ev,multiplicative,projection,main,live,20261002CCEAD0D8,2026-10-01T20:06:10.078Z
2026,4,14378,Michael Pittman Jr.,PIT,WR,at CLE,receptions,DraftKings,1.5,over,3.94,-720,,0.8780,0.8780,,1,0.9551,0.0771,0.0771,ev,none,projection,main,live,20261002CCEAD0D8,2026-10-01T20:06:10.078Z
2026,4,4307,Aaron Rodgers,PIT,QB,at CLE,passYds,Hard Rock,278.5,under,184.84,-700,400,0.8750,0.8140,0.0750,0,0.9521,0.0771,0.1381,ev,multiplicative,projection,main,live,20261002CCEAD0D8,2026-10-01T20:06:10.078Z
2026,4,19263,Germie Bernard,PIT,WR,at CLE,recYds,Hard Rock,21.5,under,9.67,-400,260,0.8000,0.7423,0.0778,0,0.8769,0.0769,0.1347,ev,multiplicative,projection,main,live,20261002CCEAD0D8,2026-10-01T20:06:10.078Z
2026,4,11712,Deshaun Watson,CLE,QB,vs PIT,rushYds,Hard Rock,56.5,under,17.22,-1200,525,0.9231,0.8523,0.0831,0,1.0000,0.0769,0.1477,ev,multiplicative,projection,main,live,20261002CCEAD0D8,2026-10-01T20:06:10.078Z
2026,4,15984,Jaylen Warren,PIT,RB,at CLE,rushYds,Hard Rock,118.5,over,96.25,375,,0.2105,0.2105,,1,0.2872,0.0767,0.0767,ev,none,projection,main,live,20261002CCEAD0D8,2026-10-01T20:06:10.078Z
2026,4,14458,Jerry Jeudy,CLE,WR,vs PIT,recYds,Hard Rock,31.5,over,17.27,275,,0.2667,0.2667,,1,0.3433,0.0766,0.0766,ev,none,projection,main,live,20261002CCEAD0D8,2026-10-01T20:06:10.078Z
2026,4,13424,DK Metcalf,PIT,WR,at CLE,recYds,Hard Rock,91.5,under,42.16,-950,475,0.9048,0.8388,0.0787,0,0.9814,0.0766,0.1426,ev,multiplicative,projection,main,live,20261002CCEAD0D8,2026-10-01T20:06:10.078Z
2026,4,11712,Deshaun Watson,CLE,QB,vs PIT,passTD,DraftKings,0.5,over,1.46,-224,173,0.6914,0.6537,0.0577,0,0.7678,0.0764,0.1141,ev,multiplicative,projection,main,live,20261002CCEAD0D8,2026-10-01T20:06:10.078Z
2026,4,13424,DK Metcalf,PIT,WR,at CLE,recYds,Hard Rock,53.5,under,42.16,-155,115,0.6078,0.5665,0.0730,0,0.6839,0.0761,0.1174,ev,multiplicative,projection,main,live,20261002CCEAD0D8,2026-10-01T20:06:10.078Z
2026,4,16889,Darnell Washington,PIT,TE,at CLE,receptions,Hard Rock,2.5,under,1.47,-250,170,0.7143,0.6585,0.0847,0,0.7904,0.0761,0.1319,ev,multiplicative,projection,main,live,20261002CCEAD0D8,2026-10-01T20:06:10.078Z
2026,4,15984,Jaylen Warren,PIT,RB,at CLE,recYds,Hard Rock,55.5,under,22.75,-1100,475,0.9167,0.8405,0.0906,0,0.9925,0.0758,0.1520,ev,multiplicative,projection,main,live,20261002CCEAD0D8,2026-10-01T20:06:10.078Z
2026,4,15984,Jaylen Warren,PIT,RB,at CLE,rushYds,Caesars,129.5,over,96.25,700,,0.1250,0.1250,,1,0.2007,0.0757,0.0757,ev,none,projection,main,live,20261002CCEAD0D8,2026-10-01T20:06:10.078Z
2026,4,11712,Deshaun Watson,CLE,QB,vs PIT,completions,Caesars,18.5,over,20.11,-103,-129,0.5074,0.4739,0.0707,0,0.5830,0.0756,0.1091,ev,multiplicative,projection,main,live,20261002CCEAD0D8,2026-10-01T20:06:10.078Z
2026,4,13424,DK Metcalf,PIT,WR,at CLE,receptions,DraftKings,3.5,under,3.17,109,-139,0.4785,0.4514,0.0601,0,0.5540,0.0755,0.1026,ev,multiplicative,projection,main,live,20261002CCEAD0D8,2026-10-01T20:06:10.078Z
2026,4,19298,Denzel Boston,CLE,WR,vs PIT,recYds,DraftKings,14.5,over,51.99,-452,,0.8188,0.8188,,1,0.8942,0.0754,0.0754,ev,none,projection,main,live,20261002CCEAD0D8,2026-10-01T20:06:10.078Z
2026,4,15984,Jaylen Warren,PIT,RB,at CLE,rushYds,Hard Rock,71.5,over,96.25,-145,105,0.5918,0.5482,0.0796,0,0.6672,0.0753,0.1190,ev,multiplicative,projection,main,live,20261002CCEAD0D8,2026-10-01T20:06:10.078Z
2026,4,13484,Travis Homer,PIT,RB,at CLE,rushYds,Caesars,19.5,over,13.65,360,,0.2174,0.2174,,1,0.2926,0.0752,0.0752,ev,none,projection,main,live,20261002CCEAD0D8,2026-10-01T20:06:10.078Z
2026,4,18516,Quinshon Judkins,CLE,RB,vs PIT,rushYds,Hard Rock,105.5,under,42.39,-1200,575,0.9231,0.8617,0.0712,0,0.9982,0.0751,0.1365,ev,multiplicative,projection,main,live,20261002CCEAD0D8,2026-10-01T20:06:10.078Z
2026,4,17043,Roman Wilson,PIT,WR,at CLE,recYds,Hard Rock,56.5,under,20.34,-1100,500,0.9167,0.8462,0.0833,0,0.9915,0.0749,0.1454,ev,multiplicative,projection,main,live,20261002CCEAD0D8,2026-10-01T20:06:10.078Z
2026,4,17043,Roman Wilson,PIT,WR,at CLE,recYds,Hard Rock,32.5,under,20.34,-250,175,0.7143,0.6627,0.0779,0,0.7891,0.0748,0.1265,ev,multiplicative,projection,main,live,20261002CCEAD0D8,2026-10-01T20:06:10.078Z
2026,4,18516,Quinshon Judkins,CLE,RB,vs PIT,rushYds,Hard Rock,104.5,under,42.39,-1200,550,0.9231,0.8571,0.0769,0,0.9979,0.0748,0.1408,ev,multiplicative,projection,main,live,20261002CCEAD0D8,2026-10-01T20:06:10.078Z
2026,4,19263,Germie Bernard,PIT,WR,at CLE,receptions,Caesars,1.5,under,0.84,-205,154,0.6721,0.6306,0.0658,0,0.7468,0.0747,0.1162,ev,multiplicative,projection,main,live,20261002CCEAD0D8,2026-10-01T20:06:10.078Z
2026,4,16889,Darnell Washington,PIT,TE,at CLE,recYds,Hard Rock,48.5,under,14.96,-1200,550,0.9231,0.8571,0.0769,0,0.9976,0.0746,0.1405,ev,multiplicative,projection,main,live,20261002CCEAD0D8,2026-10-01T20:06:10.078Z
2026,4,16889,Darnell Washington,PIT,TE,at CLE,receptions,Hard Rock,1.5,under,1.47,130,-170,0.4348,0.4085,0.0644,0,0.5094,0.0746,0.1009,ev,multiplicative,projection,main,live,20261002CCEAD0D8,2026-10-01T20:06:10.078Z
2026,4,16889,Darnell Washington,PIT,TE,at CLE,receptions,theScore,1.5,under,1.47,130,-170,0.4348,0.4085,0.0644,0,0.5094,0.0746,0.1009,ev,multiplicative,projection,main,live,20261002CCEAD0D8,2026-10-01T20:06:10.078Z
2026,4,18516,Quinshon Judkins,CLE,RB,vs PIT,rushYds,Hard Rock,103.5,under,42.39,-1200,525,0.9231,0.8523,0.0831,0,0.9976,0.0745,0.1453,ev,multiplicative,projection,main,live,20261002CCEAD0D8,2026-10-01T20:06:10.078Z
2026,4,18526,Raheim Sanders,CLE,RB,vs PIT,receptions,theScore,2.5,under,1.72,-190,140,0.6552,0.6113,0.0718,0,0.7296,0.0745,0.1184,ev,multiplicative,projection,main,live,20261002CCEAD0D8,2026-10-01T20:06:10.078Z
2026,4,19298,Denzel Boston,CLE,WR,vs PIT,recYds,Caesars,59.5,over,51.99,205,,0.3279,0.3279,,1,0.4021,0.0743,0.0743,ev,none,projection,main,live,20261002CCEAD0D8,2026-10-01T20:06:10.078Z
2026,4,19263,Germie Bernard,PIT,WR,at CLE,recYds,Hard Rock,29.5,under,9.67,-900,450,0.9000,0.8319,0.0818,0,0.9741,0.0741,0.1421,ev,multiplicative,projection,main,live,20261002CCEAD0D8,2026-10-01T20:06:10.078Z
2026,4,17130,Blake Whiteheart,CLE,TE,vs PIT,recYds,Hard Rock,15.5,over,9.35,375,-650,0.2105,0.1954,0.0772,0,0.2847,0.0741,0.0892,ev,multiplicative,projection,main,live,20261002CCEAD0D8,2026-10-01T20:06:10.078Z
2026,4,14378,Michael Pittman Jr.,PIT,WR,at CLE,recYds,Hard Rock,15.5,over,40.74,-500,,0.8333,0.8333,,1,0.9074,0.0741,0.0741,ev,none,projection,main,live,20261002CCEAD0D8,2026-10-01T20:06:10.078Z
2026,4,13424,DK Metcalf,PIT,WR,at CLE,recYds,Hard Rock,92.5,under,42.16,-1000,500,0.9091,0.8451,0.0758,0,0.9832,0.0741,0.1381,ev,multiplicative,projection,main,live,20261002CCEAD0D8,2026-10-01T20:06:10.078Z
2026,4,14458,Jerry Jeudy,CLE,WR,vs PIT,recYds,BetRivers,39.5,over,17.27,425,,0.1905,0.1905,,1,0.2643,0.0738,0.0738,ev,none,projection,main,live,20261002CCEAD0D8,2026-10-01T20:06:10.078Z
2026,4,14458,Jerry Jeudy,CLE,WR,vs PIT,recYds,Caesars,39.5,over,17.27,425,,0.1905,0.1905,,1,0.2643,0.0738,0.0738,ev,none,projection,main,live,20261002CCEAD0D8,2026-10-01T20:06:10.078Z
2026,4,14458,Jerry Jeudy,CLE,WR,vs PIT,recYds,Hard Rock,39.5,over,17.27,425,,0.1905,0.1905,,1,0.2643,0.0738,0.0738,ev,none,projection,main,live,20261002CCEAD0D8,2026-10-01T20:06:10.078Z
2026,4,15984,Jaylen Warren,PIT,RB,at CLE,rushYds,Hard Rock,117.5,over,96.25,350,-650,0.2222,0.2041,0.0889,0,0.2959,0.0737,0.0918,ev,multiplicative,projection,main,live,20261002CCEAD0D8,2026-10-01T20:06:10.078Z
2026,4,14458,Jerry Jeudy,CLE,WR,vs PIT,recYds,Hard Rock,38.5,over,17.27,400,,0.2000,0.2000,,1,0.2736,0.0736,0.0736,ev,none,projection,main,live,20261002CCEAD0D8,2026-10-01T20:06:10.078Z
2026,4,18526,Raheim Sanders,CLE,RB,vs PIT,rushYds,theScore,49.5,over,15.36,3500,,0.0278,0.0278,,1,0.1014,0.0736,0.0736,ev,none,projection,main,live,20261002CCEAD0D8,2026-10-01T20:06:10.078Z
2026,4,15267,Pat Freiermuth,PIT,TE,at CLE,recYds,theScore,19.5,over,33.66,-250,,0.7143,0.7143,,1,0.7879,0.0736,0.0736,ev,none,projection,main,live,20261002CCEAD0D8,2026-10-01T20:06:10.078Z
2026,4,18472,Harold Fannin Jr.,CLE,TE,vs PIT,recYds,FanDuel,29.5,over,44.69,-242,,0.7076,0.7076,,1,0.7810,0.0734,0.0734,ev,none,projection,main,live,20261002CCEAD0D8,2026-10-01T20:06:10.078Z
2026,4,14458,Jerry Jeudy,CLE,WR,vs PIT,recYds,Hard Rock,40.5,over,17.27,450,,0.1818,0.1818,,1,0.2551,0.0733,0.0733,ev,none,projection,main,live,20261002CCEAD0D8,2026-10-01T20:06:10.078Z
2026,4,14378,Michael Pittman Jr.,PIT,WR,at CLE,recYds,theScore,29.5,over,40.74,-185,,0.6491,0.6491,,1,0.7224,0.0733,0.0733,ev,none,projection,main,live,20261002CCEAD0D8,2026-10-01T20:06:10.078Z
2026,4,13424,DK Metcalf,PIT,WR,at CLE,receptions,FanDuel,3.5,under,3.17,108,-144,0.4808,0.4489,0.0709,0,0.5540,0.0732,0.1051,ev,multiplicative,projection,main,live,20261002CCEAD0D8,2026-10-01T20:06:10.078Z
2026,4,4307,Aaron Rodgers,PIT,QB,at CLE,passYds,Hard Rock,280.5,under,184.84,-750,400,0.8824,0.8152,0.0824,0,0.9555,0.0732,0.1403,ev,multiplicative,projection,main,live,20261002CCEAD0D8,2026-10-01T20:06:10.078Z
2026,4,19263,Germie Bernard,PIT,WR,at CLE,recYds,Hard Rock,3.5,over,9.67,-225,160,0.6923,0.6429,0.0769,0,0.7650,0.0727,0.1221,ev,multiplicative,projection,main,live,20261002CCEAD0D8,2026-10-01T20:06:10.078Z
2026,4,14458,Jerry Jeudy,CLE,WR,vs PIT,recYds,Hard Rock,33.5,over,17.27,300,-525,0.2500,0.2294,0.0900,0,0.3227,0.0727,0.0933,ev,multiplicative,projection,main,live,20261002CCEAD0D8,2026-10-01T20:06:10.078Z
2026,4,11712,Deshaun Watson,CLE,QB,vs PIT,passYds,Hard Rock,178.5,over,218.73,-150,,0.6000,0.6000,,1,0.6726,0.0726,0.0726,ev,none,projection,main,live,20261002CCEAD0D8,2026-10-01T20:06:10.078Z
2026,4,14458,Jerry Jeudy,CLE,WR,vs PIT,recYds,Hard Rock,37.5,over,17.27,375,,0.2105,0.2105,,1,0.2831,0.0726,0.0726,ev,none,projection,main,live,20261002CCEAD0D8,2026-10-01T20:06:10.078Z
2026,4,15267,Pat Freiermuth,PIT,TE,at CLE,recYds,Hard Rock,13.5,over,33.66,-400,250,0.8000,0.7368,0.0857,0,0.8724,0.0724,0.1356,ev,multiplicative,projection,main,live,20261002CCEAD0D8,2026-10-01T20:06:10.078Z
2026,4,14378,Michael Pittman Jr.,PIT,WR,at CLE,recYds,Hard Rock,16.5,over,40.74,-475,,0.8261,0.8261,,1,0.8984,0.0723,0.0723,ev,none,projection,main,live,20261002CCEAD0D8,2026-10-01T20:06:10.078Z
2026,4,18472,Harold Fannin Jr.,CLE,TE,vs PIT,recYds,Hard Rock,31.5,over,44.69,-210,150,0.6774,0.6287,0.0774,0,0.7497,0.0723,0.1209,ev,multiplicative,projection,main,live,20261002CCEAD0D8,2026-10-01T20:06:10.078Z
2026,4,15267,Pat Freiermuth,PIT,TE,at CLE,recYds,Hard Rock,31.5,over,33.66,110,-155,0.4762,0.4393,0.0840,0,0.5485,0.0723,0.1092,ev,multiplicative,projection,main,live,20261002CCEAD0D8,2026-10-01T20:06:10.078Z
2026,4,14458,Jerry Jeudy,CLE,WR,vs PIT,recYds,Hard Rock,41.5,over,17.27,475,-950,0.1739,0.1612,0.0787,0,0.2461,0.0721,0.0848,ev,multiplicative,projection,main,live,20261002CCEAD0D8,2026-10-01T20:06:10.078Z
2026,4,15984,Jaylen Warren,PIT,RB,at CLE,rushYds,FanDuel,69.5,over,96.25,-155,,0.6078,0.6078,,1,0.6798,0.0719,0.0719,ev,none,projection,main,live,20261002CCEAD0D8,2026-10-01T20:06:10.078Z
2026,4,16889,Darnell Washington,PIT,TE,at CLE,recYds,Hard Rock,20.5,under,14.96,-155,110,0.6078,0.5607,0.0840,0,0.6796,0.0717,0.1188,ev,multiplicative,projection,main,live,20261002CCEAD0D8,2026-10-01T20:06:10.078Z
2026,4,15267,Pat Freiermuth,PIT,TE,at CLE,recYds,Hard Rock,32.5,over,33.66,120,-165,0.4545,0.4220,0.0772,0,0.5261,0.0716,0.1041,ev,multiplicative,projection,main,live,20261002CCEAD0D8,2026-10-01T20:06:10.078Z
2026,4,19298,Denzel Boston,CLE,WR,vs PIT,receptions,DraftKings,4.5,over,3.13,360,,0.2174,0.2174,,1,0.2889,0.0715,0.0715,ev,none,projection,main,live,20261002CCEAD0D8,2026-10-01T20:06:10.078Z
2026,4,19298,Denzel Boston,CLE,WR,vs PIT,receptions,theScore,4.5,over,3.13,360,,0.2174,0.2174,,1,0.2889,0.0715,0.0715,ev,none,projection,main,live,20261002CCEAD0D8,2026-10-01T20:06:10.078Z
2026,4,11712,Deshaun Watson,CLE,QB,vs PIT,passYds,DraftKings,279.5,over,218.73,860,,0.1042,0.1042,,1,0.1756,0.0714,0.0714,ev,none,projection,main,live,20261002CCEAD0D8,2026-10-01T20:06:10.078Z
2026,4,11712,Deshaun Watson,CLE,QB,vs PIT,rushYds,Hard Rock,57.5,under,17.22,-1300,550,0.9286,0.8579,0.0824,0,1.0000,0.0714,0.1421,ev,multiplicative,projection,main,live,20261002CCEAD0D8,2026-10-01T20:06:10.078Z
2026,4,14378,Michael Pittman Jr.,PIT,WR,at CLE,recYds,Hard Rock,39.5,over,40.74,120,-165,0.4545,0.4220,0.0772,0,0.5259,0.0714,0.1040,ev,multiplicative,projection,main,live,20261002CCEAD0D8,2026-10-01T20:06:10.078Z
2026,4,15984,Jaylen Warren,PIT,RB,at CLE,rushYds,theScore,124.5,over,96.25,500,,0.1667,0.1667,,1,0.2380,0.0713,0.0713,ev,none,projection,main,live,20261002CCEAD0D8,2026-10-01T20:06:10.078Z
2026,4,19298,Denzel Boston,CLE,WR,vs PIT,recYds,theScore,19.5,over,51.99,-375,,0.7895,0.7895,,1,0.8605,0.0711,0.0711,ev,none,projection,main,live,20261002CCEAD0D8,2026-10-01T20:06:10.078Z
2026,4,17043,Roman Wilson,PIT,WR,at CLE,recYds,Hard Rock,58.5,under,20.34,-1200,550,0.9231,0.8571,0.0769,0,0.9941,0.0711,0.1370,ev,multiplicative,projection,main,live,20261002CCEAD0D8,2026-10-01T20:06:10.078Z
2026,4,19298,Denzel Boston,CLE,WR,vs PIT,receptions,FanDuel,4.5,over,3.13,359,,0.2179,0.2179,,1,0.2889,0.0710,0.0710,ev,none,projection,main,live,20261002CCEAD0D8,2026-10-01T20:06:10.078Z
2026,4,18472,Harold Fannin Jr.,CLE,TE,vs PIT,recYds,BetRivers,29.5,over,44.69,-245,,0.7101,0.7101,,1,0.7810,0.0709,0.0709,ev,none,projection,main,live,20261002CCEAD0D8,2026-10-01T20:06:10.078Z
2026,4,14458,Jerry Jeudy,CLE,WR,vs PIT,recYds,DraftKings,39.5,over,17.27,417,,0.1934,0.1934,,1,0.2643,0.0708,0.0708,ev,none,projection,main,live,20261002CCEAD0D8,2026-10-01T20:06:10.078Z
2026,4,16889,Darnell Washington,PIT,TE,at CLE,receptions,Caesars,1.5,under,1.47,128,-164,0.4386,0.4138,0.0598,0,0.5094,0.0708,0.0955,ev,multiplicative,projection,main,live,20261002CCEAD0D8,2026-10-01T20:06:10.078Z
2026,4,11712,Deshaun Watson,CLE,QB,vs PIT,passTD,FanDuel,0.5,over,1.46,-230,172,0.6970,0.6547,0.0646,0,0.7678,0.0708,0.1131,ev,multiplicative,projection,main,live,20261002CCEAD0D8,2026-10-01T20:06:10.078Z
2026,4,15984,Jaylen Warren,PIT,RB,at CLE,recYds,Hard Rock,56.5,under,22.75,-1200,500,0.9231,0.8471,0.0897,0,0.9939,0.0708,0.1469,ev,multiplicative,projection,main,live,20261002CCEAD0D8,2026-10-01T20:06:10.078Z
2026,4,14458,Jerry Jeudy,CLE,WR,vs PIT,recYds,Hard Rock,36.5,over,17.27,350,-650,0.2222,0.2041,0.0889,0,0.2928,0.0706,0.0887,ev,multiplicative,projection,main,live,20261002CCEAD0D8,2026-10-01T20:06:10.078Z
2026,4,14458,Jerry Jeudy,CLE,WR,vs PIT,recYds,Hard Rock,42.5,over,17.27,500,,0.1667,0.1667,,1,0.2372,0.0705,0.0705,ev,none,projection,main,live,20261002CCEAD0D8,2026-10-01T20:06:10.078Z
2026,4,15984,Jaylen Warren,PIT,RB,at CLE,rushYds,Hard Rock,120.5,over,96.25,400,,0.2000,0.2000,,1,0.2703,0.0703,0.0703,ev,none,projection,main,live,20261002CCEAD0D8,2026-10-01T20:06:10.078Z
2026,4,19263,Germie Bernard,PIT,WR,at CLE,recYds,Hard Rock,30.5,under,9.67,-1000,500,0.9091,0.8451,0.0758,0,0.9794,0.0703,0.1344,ev,multiplicative,projection,main,live,20261002CCEAD0D8,2026-10-01T20:06:10.078Z
2026,4,14378,Michael Pittman Jr.,PIT,WR,at CLE,recYds,Hard Rock,50.5,over,40.74,210,,0.3226,0.3226,,1,0.3928,0.0702,0.0702,ev,none,projection,main,live,20261002CCEAD0D8,2026-10-01T20:06:10.078Z
2026,4,18516,Quinshon Judkins,CLE,RB,vs PIT,recYds,Hard Rock,4.5,over,12.98,-260,180,0.7222,0.6691,0.0794,0,0.7924,0.0702,0.1233,ev,multiplicative,projection,main,live,20261002CCEAD0D8,2026-10-01T20:06:10.078Z
2026,4,14378,Michael Pittman Jr.,PIT,WR,at CLE,recYds,Hard Rock,49.5,over,40.74,200,-300,0.3333,0.3077,0.0833,0,0.4036,0.0702,0.0959,ev,multiplicative,projection,main,live,20261002CCEAD0D8,2026-10-01T20:06:10.078Z
2026,4,18472,Harold Fannin Jr.,CLE,TE,vs PIT,recYds,FanDuel,24.5,over,44.69,-352,,0.7788,0.7788,,1,0.8487,0.0699,0.0699,ev,none,projection,main,live,20261002CCEAD0D8,2026-10-01T20:06:10.078Z
2026,4,18516,Quinshon Judkins,CLE,RB,vs PIT,rushYds,Hard Rock,106.5,under,42.39,-1300,575,0.9286,0.8624,0.0767,0,0.9985,0.0699,0.1360,ev,multiplicative,projection,main,live,20261002CCEAD0D8,2026-10-01T20:06:10.078Z
2026,4,4307,Aaron Rodgers,PIT,QB,at CLE,passYds,Hard Rock,282.5,under,184.84,-800,425,0.8889,0.8235,0.0794,0,0.9588,0.0699,0.1352,ev,multiplicative,projection,main,live,20261002CCEAD0D8,2026-10-01T20:06:10.078Z
2026,4,17130,Blake Whiteheart,CLE,TE,vs PIT,receptions,Hard Rock,1.5,over,0.87,375,-700,0.2105,0.1939,0.0855,0,0.2803,0.0697,0.0863,ev,multiplicative,projection,main,live,20261002CCEAD0D8,2026-10-01T20:06:10.078Z
2026,4,16889,Darnell Washington,PIT,TE,at CLE,recYds,Hard Rock,49.5,under,14.96,-1300,575,0.9286,0.8624,0.0767,0,0.9982,0.0696,0.1358,ev,multiplicative,projection,main,live,20261002CCEAD0D8,2026-10-01T20:06:10.078Z
2026,4,14378,Michael Pittman Jr.,PIT,WR,at CLE,recYds,Hard Rock,14.5,over,40.74,-550,,0.8462,0.8462,,1,0.9158,0.0696,0.0696,ev,none,projection,main,live,20261002CCEAD0D8,2026-10-01T20:06:10.078Z
2026,4,4307,Aaron Rodgers,PIT,QB,at CLE,rushYds,theScore,24.5,over,11.04,1500,,0.0625,0.0625,,1,0.1321,0.0696,0.0696,ev,none,projection,main,live,20261002CCEAD0D8,2026-10-01T20:06:10.078Z
2026,4,14378,Michael Pittman Jr.,PIT,WR,at CLE,recYds,Hard Rock,48.5,over,40.74,190,-275,0.3448,0.3198,0.0782,0,0.4144,0.0696,0.0946,ev,multiplicative,projection,main,live,20261002CCEAD0D8,2026-10-01T20:06:10.078Z
2026,4,14378,Michael Pittman Jr.,PIT,WR,at CLE,recYds,Hard Rock,51.5,over,40.74,220,,0.3125,0.3125,,1,0.3821,0.0696,0.0696,ev,none,projection,main,live,20261002CCEAD0D8,2026-10-01T20:06:10.078Z
2026,4,11712,Deshaun Watson,CLE,QB,vs PIT,int,Caesars,0.5,over,0.99,-127,-103,0.5595,0.5244,0.0669,0,0.6284,0.0690,0.1040,ev,multiplicative,projection,main,live,20261002CCEAD0D8,2026-10-01T20:06:10.078Z
2026,4,11712,Deshaun Watson,CLE,QB,vs PIT,int,DraftKings,0.5,over,0.99,-127,100,0.5595,0.5281,0.0595,0,0.6284,0.0690,0.1004,ev,multiplicative,projection,main,live,20261002CCEAD0D8,2026-10-01T20:06:10.078Z
2026,4,16889,Darnell Washington,PIT,TE,at CLE,receptions,DraftKings,1.5,under,1.47,127,-163,0.4405,0.4155,0.0603,0,0.5094,0.0689,0.0939,ev,multiplicative,projection,main,live,20261002CCEAD0D8,2026-10-01T20:06:10.078Z
2026,4,14458,Jerry Jeudy,CLE,WR,vs PIT,recYds,Hard Rock,25.5,over,17.27,195,,0.3390,0.3390,,1,0.4078,0.0688,0.0688,ev,none,projection,main,live,20261002CCEAD0D8,2026-10-01T20:06:10.078Z
2026,4,14378,Michael Pittman Jr.,PIT,WR,at CLE,recYds,FanDuel,14.5,over,40.74,-554,,0.8471,0.8471,,1,0.9158,0.0687,0.0687,ev,none,projection,main,live,20261002CCEAD0D8,2026-10-01T20:06:10.078Z
2026,4,18472,Harold Fannin Jr.,CLE,TE,vs PIT,recYds,Hard Rock,30.5,over,44.69,-230,160,0.6970,0.6444,0.0816,0,0.7656,0.0687,0.1212,ev,multiplicative,projection,main,live,20261002CCEAD0D8,2026-10-01T20:06:10.078Z
2026,4,13424,DK Metcalf,PIT,WR,at CLE,recYds,Hard Rock,52.5,under,42.16,-150,105,0.6000,0.5516,0.0878,0,0.6687,0.0687,0.1172,ev,multiplicative,projection,main,live,20261002CCEAD0D8,2026-10-01T20:06:10.078Z
2026,4,15984,Jaylen Warren,PIT,RB,at CLE,recYds,Hard Rock,25.5,under,22.75,-105,-130,0.5122,0.4754,0.0774,0,0.5809,0.0687,0.1055,ev,multiplicative,projection,main,live,20261002CCEAD0D8,2026-10-01T20:06:10.078Z
2026,4,11712,Deshaun Watson,CLE,QB,vs PIT,passYds,Hard Rock,177.5,over,218.73,-155,,0.6078,0.6078,,1,0.6766,0.0687,0.0687,ev,none,projection,main,live,20261002CCEAD0D8,2026-10-01T20:06:10.078Z
2026,4,14378,Michael Pittman Jr.,PIT,WR,at CLE,recYds,Hard Rock,52.5,over,40.74,230,,0.3030,0.3030,,1,0.3715,0.0685,0.0685,ev,none,projection,main,live,20261002CCEAD0D8,2026-10-01T20:06:10.078Z
2026,4,13424,DK Metcalf,PIT,WR,at CLE,recYds,Hard Rock,93.5,under,42.16,-1100,500,0.9167,0.8462,0.0833,0,0.9849,0.0682,0.1387,ev,multiplicative,projection,main,live,20261002CCEAD0D8,2026-10-01T20:06:10.078Z
2026,4,14378,Michael Pittman Jr.,PIT,WR,at CLE,recYds,Hard Rock,47.5,over,40.74,180,-260,0.3571,0.3309,0.0794,0,0.4253,0.0681,0.0944,ev,multiplicative,projection,main,live,20261002CCEAD0D8,2026-10-01T20:06:10.078Z
2026,4,14458,Jerry Jeudy,CLE,WR,vs PIT,recYds,Hard Rock,24.5,over,17.27,185,-260,0.3509,0.3270,0.0731,0,0.4188,0.0679,0.0918,ev,multiplicative,projection,main,live,20261002CCEAD0D8,2026-10-01T20:06:10.078Z
2026,4,11712,Deshaun Watson,CLE,QB,vs PIT,completions,theScore,17.5,over,20.11,-130,100,0.5652,0.5306,0.0652,0,0.6330,0.0678,0.1024,ev,multiplicative,projection,main,live,20261002CCEAD0D8,2026-10-01T20:06:10.078Z
2026,4,15984,Jaylen Warren,PIT,RB,at CLE,rushYds,DraftKings,69.5,over,96.25,-158,,0.6124,0.6124,,1,0.6798,0.0674,0.0674,ev,none,projection,main,live,20261002CCEAD0D8,2026-10-01T20:06:10.078Z
2026,4,11712,Deshaun Watson,CLE,QB,vs PIT,passYds,FanDuel,274.5,over,218.73,677,,0.1287,0.1287,,1,0.1961,0.0674,0.0674,ev,none,projection,main,live,20261002CCEAD0D8,2026-10-01T20:06:10.078Z
2026,4,14378,Michael Pittman Jr.,PIT,WR,at CLE,recYds,DraftKings,39.5,over,40.74,118,,0.4587,0.4587,,1,0.5259,0.0672,0.0672,ev,none,projection,main,live,20261002CCEAD0D8,2026-10-01T20:06:10.078Z
2026,4,19263,Germie Bernard,PIT,WR,at CLE,recYds,Hard Rock,31.5,under,9.67,-1100,525,0.9167,0.8514,0.0767,0,0.9838,0.0672,0.1324,ev,multiplicative,projection,main,live,20261002CCEAD0D8,2026-10-01T20:06:10.078Z
2026,4,4307,Aaron Rodgers,PIT,QB,at CLE,passYds,Hard Rock,284.5,under,184.84,-850,450,0.8947,0.8311,0.0766,0,0.9618,0.0671,0.1307,ev,multiplicative,projection,main,live,20261002CCEAD0D8,2026-10-01T20:06:10.078Z
2026,4,18472,Harold Fannin Jr.,CLE,TE,vs PIT,recYds,Hard Rock,33.5,over,44.69,-185,135,0.6491,0.6040,0.0747,0,0.7161,0.0670,0.1121,ev,multiplicative,projection,main,live,20261002CCEAD0D8,2026-10-01T20:06:10.078Z
2026,4,16889,Darnell Washington,PIT,TE,at CLE,receptions,FanDuel,1.5,under,1.47,126,-168,0.4425,0.4138,0.0693,0,0.5094,0.0669,0.0956,ev,multiplicative,projection,main,live,20261002CCEAD0D8,2026-10-01T20:06:10.078Z
2026,4,15267,Pat Freiermuth,PIT,TE,at CLE,recYds,FanDuel,14.5,over,33.66,-384,,0.7934,0.7934,,1,0.8602,0.0669,0.0669,ev,none,projection,main,live,20261002CCEAD0D8,2026-10-01T20:06:10.078Z
2026,4,18516,Quinshon Judkins,CLE,RB,vs PIT,recYds,Hard Rock,5.5,over,12.98,-230,160,0.6970,0.6444,0.0816,0,0.7638,0.0669,0.1194,ev,multiplicative,projection,main,live,20261002CCEAD0D8,2026-10-01T20:06:10.078Z
2026,4,14378,Michael Pittman Jr.,PIT,WR,at CLE,recYds,Hard Rock,53.5,over,40.74,240,-375,0.2941,0.2714,0.0836,0,0.3611,0.0669,0.0896,ev,multiplicative,projection,main,live,20261002CCEAD0D8,2026-10-01T20:06:10.078Z
2026,4,19298,Denzel Boston,CLE,WR,vs PIT,receptions,Caesars,4.5,over,3.13,350,,0.2222,0.2222,,1,0.2889,0.0667,0.0667,ev,none,projection,main,live,20261002CCEAD0D8,2026-10-01T20:06:10.078Z
2026,4,19298,Denzel Boston,CLE,WR,vs PIT,receptions,BetRivers,4.5,over,3.13,350,,0.2222,0.2222,,1,0.2889,0.0667,0.0667,ev,none,projection,main,live,20261002CCEAD0D8,2026-10-01T20:06:10.078Z
2026,4,18472,Harold Fannin Jr.,CLE,TE,vs PIT,recYds,Hard Rock,75.5,under,44.69,-950,475,0.9048,0.8388,0.0787,0,0.9715,0.0667,0.1327,ev,multiplicative,projection,main,live,20261002CCEAD0D8,2026-10-01T20:06:10.078Z
2026,4,18472,Harold Fannin Jr.,CLE,TE,vs PIT,recYds,Hard Rock,29.5,over,44.69,-250,175,0.7143,0.6627,0.0779,0,0.7810,0.0667,0.1184,ev,multiplicative,projection,main,live,20261002CCEAD0D8,2026-10-01T20:06:10.078Z
2026,4,18472,Harold Fannin Jr.,CLE,TE,vs PIT,recYds,theScore,29.5,over,44.69,-250,,0.7143,0.7143,,1,0.7810,0.0667,0.0667,ev,none,projection,main,live,20261002CCEAD0D8,2026-10-01T20:06:10.078Z
2026,4,18516,Quinshon Judkins,CLE,RB,vs PIT,recYds,Hard Rock,6.5,over,12.98,-200,145,0.6667,0.6203,0.0748,0,0.7332,0.0666,0.1130,ev,multiplicative,projection,main,live,20261002CCEAD0D8,2026-10-01T20:06:10.078Z
2026,4,11712,Deshaun Watson,CLE,QB,vs PIT,rushYds,Hard Rock,58.5,under,17.22,-1400,575,0.9333,0.8630,0.0815,0,1.0000,0.0666,0.1370,ev,multiplicative,projection,main,live,20261002CCEAD0D8,2026-10-01T20:06:10.078Z
2026,4,15984,Jaylen Warren,PIT,RB,at CLE,recYds,Hard Rock,57.5,under,22.75,-1300,550,0.9286,0.8579,0.0824,0,0.9951,0.0665,0.1372,ev,multiplicative,projection,main,live,20261002CCEAD0D8,2026-10-01T20:06:10.078Z
2026,4,18472,Harold Fannin Jr.,CLE,TE,vs PIT,recYds,Hard Rock,32.5,over,44.69,-200,140,0.6667,0.6154,0.0833,0,0.7332,0.0665,0.1178,ev,multiplicative,projection,main,live,20261002CCEAD0D8,2026-10-01T20:06:10.078Z
2026,4,19263,Germie Bernard,PIT,WR,at CLE,recYds,Hard Rock,20.5,under,9.67,-375,240,0.7895,0.7286,0.0836,0,0.8558,0.0663,0.1273,ev,multiplicative,projection,main,live,20261002CCEAD0D8,2026-10-01T20:06:10.078Z
2026,4,13424,DK Metcalf,PIT,WR,at CLE,receptions,Caesars,3.5,under,3.17,105,-137,0.4878,0.4577,0.0659,0,0.5540,0.0662,0.0963,ev,multiplicative,projection,main,live,20261002CCEAD0D8,2026-10-01T20:06:10.078Z
2026,4,13424,DK Metcalf,PIT,WR,at CLE,receptions,theScore,3.5,under,3.17,105,-135,0.4878,0.4592,0.0623,0,0.5540,0.0662,0.0948,ev,multiplicative,projection,main,live,20261002CCEAD0D8,2026-10-01T20:06:10.078Z
2026,4,14378,Michael Pittman Jr.,PIT,WR,at CLE,receptions,theScore,1.5,over,3.94,-800,,0.8889,0.8889,,1,0.9551,0.0662,0.0662,ev,none,projection,main,live,20261002CCEAD0D8,2026-10-01T20:06:10.078Z
2026,4,18472,Harold Fannin Jr.,CLE,TE,vs PIT,recYds,Hard Rock,76.5,under,44.69,-1000,500,0.9091,0.8451,0.0758,0,0.9753,0.0662,0.1302,ev,multiplicative,projection,main,live,20261002CCEAD0D8,2026-10-01T20:06:10.078Z
2026,4,15984,Jaylen Warren,PIT,RB,at CLE,rushYds,DraftKings,139.5,over,96.25,1300,,0.0714,0.0714,,1,0.1376,0.0661,0.0661,ev,none,projection,main,live,20261002CCEAD0D8,2026-10-01T20:06:10.078Z
2026,4,14378,Michael Pittman Jr.,PIT,WR,at CLE,recYds,Hard Rock,44.5,over,40.74,155,-220,0.3922,0.3632,0.0797,0,0.4583,0.0661,0.0950,ev,multiplicative,projection,main,live,20261002CCEAD0D8,2026-10-01T20:06:10.078Z
2026,4,14378,Michael Pittman Jr.,PIT,WR,at CLE,receptions,FanDuel,1.5,over,3.94,-802,,0.8891,0.8891,,1,0.9551,0.0660,0.0660,ev,none,projection,main,live,20261002CCEAD0D8,2026-10-01T20:06:10.078Z
2026,4,13424,DK Metcalf,PIT,WR,at CLE,recYds,Hard Rock,96.5,under,42.16,-1200,550,0.9231,0.8571,0.0769,0,0.9891,0.0660,0.1320,ev,multiplicative,projection,main,live,20261002CCEAD0D8,2026-10-01T20:06:10.078Z
2026,4,11712,Deshaun Watson,CLE,QB,vs PIT,completions,DraftKings,17.5,over,20.11,-131,103,0.5671,0.5351,0.0597,0,0.6330,0.0659,0.0979,ev,multiplicative,projection,main,live,20261002CCEAD0D8,2026-10-01T20:06:10.078Z
2026,4,15984,Jaylen Warren,PIT,RB,at CLE,rushYds,Caesars,69.5,over,96.25,-159,,0.6139,0.6139,,1,0.6798,0.0659,0.0659,ev,none,projection,main,live,20261002CCEAD0D8,2026-10-01T20:06:10.078Z
2026,4,14378,Michael Pittman Jr.,PIT,WR,at CLE,recYds,Hard Rock,46.5,over,40.74,170,-240,0.3704,0.3441,0.0763,0,0.4362,0.0659,0.0921,ev,multiplicative,projection,main,live,20261002CCEAD0D8,2026-10-01T20:06:10.078Z
2026,4,17130,Blake Whiteheart,CLE,TE,vs PIT,receptions,FanDuel,1.5,over,0.87,366,,0.2146,0.2146,,1,0.2803,0.0657,0.0657,ev,none,projection,main,live,20261002CCEAD0D8,2026-10-01T20:06:10.078Z
2026,4,15984,Jaylen Warren,PIT,RB,at CLE,rushYds,Hard Rock,70.5,over,96.25,-155,110,0.6078,0.5607,0.0840,0,0.6735,0.0657,0.1128,ev,multiplicative,projection,main,live,20261002CCEAD0D8,2026-10-01T20:06:10.078Z
2026,4,15267,Pat Freiermuth,PIT,TE,at CLE,recYds,Hard Rock,12.5,over,33.66,-450,275,0.8182,0.7542,0.0848,0,0.8838,0.0656,0.1296,ev,multiplicative,projection,main,live,20261002CCEAD0D8,2026-10-01T20:06:10.078Z
2026,4,4307,Aaron Rodgers,PIT,QB,at CLE,passYds,Hard Rock,283.5,under,184.84,-850,450,0.8947,0.8311,0.0766,0,0.9603,0.0656,0.1292,ev,multiplicative,projection,main,live,20261002CCEAD0D8,2026-10-01T20:06:10.078Z
2026,4,16889,Darnell Washington,PIT,TE,at CLE,recYds,theScore,19.5,under,14.96,-140,110,0.5833,0.5506,0.0595,0,0.6489,0.0655,0.0983,ev,multiplicative,projection,main,live,20261002CCEAD0D8,2026-10-01T20:06:10.078Z
2026,4,4307,Aaron Rodgers,PIT,QB,at CLE,rushYds,DraftKings,24.5,over,11.04,1400,,0.0667,0.0667,,1,0.1321,0.0654,0.0654,ev,none,projection,main,live,20261002CCEAD0D8,2026-10-01T20:06:10.078Z
2026,4,16889,Darnell Washington,PIT,TE,at CLE,recYds,Hard Rock,50.5,under,14.96,-1400,600,0.9333,0.8673,0.0762,0,0.9986,0.0653,0.1314,ev,multiplicative,projection,main,live,20261002CCEAD0D8,2026-10-01T20:06:10.078Z
2026,4,18516,Quinshon Judkins,CLE,RB,vs PIT,rushYds,Hard Rock,107.5,under,42.39,-1400,600,0.9333,0.8673,0.0762,0,0.9987,0.0653,0.1314,ev,multiplicative,projection,main,live,20261002CCEAD0D8,2026-10-01T20:06:10.078Z
2026,4,11712,Deshaun Watson,CLE,QB,vs PIT,passYds,Hard Rock,176.5,over,218.73,-160,,0.6154,0.6154,,1,0.6806,0.0652,0.0652,ev,none,projection,main,live,20261002CCEAD0D8,2026-10-01T20:06:10.078Z
2026,4,11712,Deshaun Watson,CLE,QB,vs PIT,passYds,DraftKings,169.5,over,218.73,-180,,0.6429,0.6429,,1,0.7078,0.0650,0.0650,ev,none,projection,main,live,20261002CCEAD0D8,2026-10-01T20:06:10.078Z
2026,4,14458,Jerry Jeudy,CLE,WR,vs PIT,recYds,FanDuel,29.5,over,17.27,234,,0.2994,0.2994,,1,0.3644,0.0650,0.0650,ev,none,projection,main,live,20261002CCEAD0D8,2026-10-01T20:06:10.078Z
2026,4,14378,Michael Pittman Jr.,PIT,WR,at CLE,recYds,Hard Rock,54.5,over,40.74,250,-400,0.2857,0.2632,0.0857,0,0.3507,0.0650,0.0875,ev,multiplicative,projection,main,live,20261002CCEAD0D8,2026-10-01T20:06:10.078Z
2026,4,18526,Raheim Sanders,CLE,RB,vs PIT,recYds,BetRivers,11.5,over,13.62,-109,-122,0.5215,0.4869,0.0711,0,0.5864,0.0649,0.0995,ev,multiplicative,projection,main,live,20261002CCEAD0D8,2026-10-01T20:06:10.078Z
2026,4,11712,Deshaun Watson,CLE,QB,vs PIT,int,BetRivers,1.5,over,0.99,410,,0.1961,0.1961,,1,0.2606,0.0645,0.0645,ev,none,projection,main,live,20261002CCEAD0D8,2026-10-01T20:06:10.078Z
2026,4,15984,Jaylen Warren,PIT,RB,at CLE,rushYds,theScore,69.5,over,96.25,-160,,0.6154,0.6154,,1,0.6798,0.0644,0.0644,ev,none,projection,main,live,20261002CCEAD0D8,2026-10-01T20:06:10.078Z
2026,4,15984,Jaylen Warren,PIT,RB,at CLE,rushYds,Hard Rock,69.5,over,96.25,-160,115,0.6154,0.5695,0.0805,0,0.6798,0.0644,0.1102,ev,multiplicative,projection,main,live,20261002CCEAD0D8,2026-10-01T20:06:10.078Z
2026,4,15984,Jaylen Warren,PIT,RB,at CLE,recYds,theScore,26.5,under,22.75,-120,-110,0.5455,0.5101,0.0693,0,0.6097,0.0643,0.0996,ev,multiplicative,projection,main,live,20261002CCEAD0D8,2026-10-01T20:06:10.078Z
2026,4,14458,Jerry Jeudy,CLE,WR,vs PIT,recYds,DraftKings,24.5,over,17.27,182,,0.3546,0.3546,,1,0.4188,0.0642,0.0642,ev,none,projection,main,live,20261002CCEAD0D8,2026-10-01T20:06:10.078Z
2026,4,15984,Jaylen Warren,PIT,RB,at CLE,rushYds,Hard Rock,123.5,over,96.25,450,-800,0.1818,0.1698,0.0707,0,0.2458,0.0640,0.0760,ev,multiplicative,projection,main,live,20261002CCEAD0D8,2026-10-01T20:06:10.078Z
2026,4,14458,Jerry Jeudy,CLE,WR,vs PIT,recYds,FanDuel,39.5,over,17.27,399,,0.2004,0.2004,,1,0.2643,0.0639,0.0639,ev,none,projection,main,live,20261002CCEAD0D8,2026-10-01T20:06:10.078Z
2026,4,15984,Jaylen Warren,PIT,RB,at CLE,recYds,Hard Rock,24.5,under,22.75,105,-145,0.4878,0.4518,0.0796,0,0.5517,0.0639,0.0999,ev,multiplicative,projection,main,live,20261002CCEAD0D8,2026-10-01T20:06:10.078Z
2026,4,14378,Michael Pittman Jr.,PIT,WR,at CLE,recYds,Hard Rock,42.5,over,40.74,140,-195,0.4167,0.3866,0.0777,0,0.4804,0.0638,0.0938,ev,multiplicative,projection,main,live,20261002CCEAD0D8,2026-10-01T20:06:10.078Z
2026,4,17130,Blake Whiteheart,CLE,TE,vs PIT,recYds,Hard Rock,16.5,over,9.35,425,-750,0.1905,0.1775,0.0728,0,0.2541,0.0637,0.0766,ev,multiplicative,projection,main,live,20261002CCEAD0D8,2026-10-01T20:06:10.078Z
2026,4,14378,Michael Pittman Jr.,PIT,WR,at CLE,recYds,Hard Rock,56.5,over,40.74,275,-425,0.2667,0.2478,0.0762,0,0.3302,0.0636,0.0825,ev,multiplicative,projection,main,live,20261002CCEAD0D8,2026-10-01T20:06:10.078Z
2026,4,17043,Roman Wilson,PIT,WR,at CLE,recYds,Hard Rock,31.5,under,20.34,-240,165,0.7059,0.6516,0.0832,0,0.7695,0.0636,0.1179,ev,multiplicative,projection,main,live,20261002CCEAD0D8,2026-10-01T20:06:10.078Z
2026,4,11712,Deshaun Watson,CLE,QB,vs PIT,passTD,Caesars,2.5,over,1.46,750,,0.1176,0.1176,,1,0.1812,0.0635,0.0635,ev,none,projection,main,live,20261002CCEAD0D8,2026-10-01T20:06:10.078Z
2026,4,14378,Michael Pittman Jr.,PIT,WR,at CLE,recYds,FanDuel,49.5,over,40.74,194,,0.3401,0.3401,,1,0.4036,0.0634,0.0634,ev,none,projection,main,live,20261002CCEAD0D8,2026-10-01T20:06:10.078Z
2026,4,15984,Jaylen Warren,PIT,RB,at CLE,rushYds,Hard Rock,122.5,over,96.25,425,-800,0.1905,0.1765,0.0794,0,0.2539,0.0634,0.0774,ev,multiplicative,projection,main,live,20261002CCEAD0D8,2026-10-01T20:06:10.078Z
2026,4,15984,Jaylen Warren,PIT,RB,at CLE,rushYds,Hard Rock,68.5,over,96.25,-165,120,0.6226,0.5780,0.0772,0,0.6860,0.0634,0.1080,ev,multiplicative,projection,main,live,20261002CCEAD0D8,2026-10-01T20:06:10.078Z
2026,4,13424,DK Metcalf,PIT,WR,at CLE,recYds,Hard Rock,94.5,under,42.16,-1200,525,0.9231,0.8523,0.0831,0,0.9864,0.0633,0.1341,ev,multiplicative,projection,main,live,20261002CCEAD0D8,2026-10-01T20:06:10.078Z
2026,4,11712,Deshaun Watson,CLE,QB,vs PIT,int,Circa Sports,0.5,over,0.99,-130,110,0.5652,0.5427,0.0414,0,0.6284,0.0632,0.0857,ev,multiplicative,projection,main,live,20261002CCEAD0D8,2026-10-01T20:06:10.078Z
2026,4,11712,Deshaun Watson,CLE,QB,vs PIT,int,theScore,0.5,over,0.99,-130,100,0.5652,0.5306,0.0652,0,0.6284,0.0632,0.0978,ev,multiplicative,projection,main,live,20261002CCEAD0D8,2026-10-01T20:06:10.078Z
2026,4,14458,Jerry Jeudy,CLE,WR,vs PIT,recYds,FanDuel,24.5,over,17.27,181,,0.3559,0.3559,,1,0.4188,0.0629,0.0629,ev,none,projection,main,live,20261002CCEAD0D8,2026-10-01T20:06:10.078Z
2026,4,17130,Blake Whiteheart,CLE,TE,vs PIT,receptions,theScore,1.5,over,0.87,360,,0.2174,0.2174,,1,0.2803,0.0629,0.0629,ev,none,projection,main,live,20261002CCEAD0D8,2026-10-01T20:06:10.078Z
2026,4,15984,Jaylen Warren,PIT,RB,at CLE,recYds,Hard Rock,58.5,under,22.75,-1400,575,0.9333,0.8630,0.0815,0,0.9960,0.0627,0.1330,ev,multiplicative,projection,main,live,20261002CCEAD0D8,2026-10-01T20:06:10.078Z
2026,4,14378,Michael Pittman Jr.,PIT,WR,at CLE,recYds,Hard Rock,45.5,over,40.74,160,-230,0.3846,0.3556,0.0816,0,0.4472,0.0626,0.0916,ev,multiplicative,projection,main,live,20261002CCEAD0D8,2026-10-01T20:06:10.078Z
2026,4,18472,Harold Fannin Jr.,CLE,TE,vs PIT,recYds,Hard Rock,28.5,over,44.69,-275,185,0.7333,0.6764,0.0842,0,0.7958,0.0624,0.1194,ev,multiplicative,projection,main,live,20261002CCEAD0D8,2026-10-01T20:06:10.078Z
2026,4,18472,Harold Fannin Jr.,CLE,TE,vs PIT,recYds,Hard Rock,34.5,over,44.69,-175,125,0.6364,0.5888,0.0808,0,0.6986,0.0622,0.1098,ev,multiplicative,projection,main,live,20261002CCEAD0D8,2026-10-01T20:06:10.078Z
2026,4,14378,Michael Pittman Jr.,PIT,WR,at CLE,receptions,BetRivers,1.5,over,3.94,-835,,0.8930,0.8930,,1,0.9551,0.0621,0.0621,ev,none,projection,main,live,20261002CCEAD0D8,2026-10-01T20:06:10.078Z
2026,4,15984,Jaylen Warren,PIT,RB,at CLE,rushYds,Hard Rock,121.5,over,96.25,400,,0.2000,0.2000,,1,0.2620,0.0620,0.0620,ev,none,projection,main,live,20261002CCEAD0D8,2026-10-01T20:06:10.078Z
2026,4,18472,Harold Fannin Jr.,CLE,TE,vs PIT,recYds,Hard Rock,77.5,under,44.69,-1100,525,0.9167,0.8514,0.0767,0,0.9786,0.0620,0.1273,ev,multiplicative,projection,main,live,20261002CCEAD0D8,2026-10-01T20:06:10.078Z
2026,4,11712,Deshaun Watson,CLE,QB,vs PIT,passTD,BetRivers,0.5,over,1.46,-240,175,0.7059,0.6600,0.0695,0,0.7678,0.0619,0.1078,ev,multiplicative,projection,main,live,20261002CCEAD0D8,2026-10-01T20:06:10.078Z
2026,4,11712,Deshaun Watson,CLE,QB,vs PIT,passYds,Hard Rock,175.5,over,218.73,-165,,0.6226,0.6226,,1,0.6845,0.0619,0.0619,ev,none,projection,main,live,20261002CCEAD0D8,2026-10-01T20:06:10.078Z
2026,4,11712,Deshaun Watson,CLE,QB,vs PIT,passTD,Hard Rock,0.5,over,1.46,-240,170,0.7059,0.6559,0.0763,0,0.7678,0.0619,0.1119,ev,multiplicative,projection,main,live,20261002CCEAD0D8,2026-10-01T20:06:10.078Z
2026,4,17043,Roman Wilson,PIT,WR,at CLE,recYds,Hard Rock,59.5,under,20.34,-1400,575,0.9333,0.8630,0.0815,0,0.9952,0.0618,0.1321,ev,multiplicative,projection,main,live,20261002CCEAD0D8,2026-10-01T20:06:10.078Z
2026,4,13424,DK Metcalf,PIT,WR,at CLE,recYds,Hard Rock,97.5,under,42.16,-1300,575,0.9286,0.8624,0.0767,0,0.9902,0.0617,0.1278,ev,multiplicative,projection,main,live,20261002CCEAD0D8,2026-10-01T20:06:10.078Z
2026,4,16889,Darnell Washington,PIT,TE,at CLE,recYds,Hard Rock,51.5,under,14.96,-1500,600,0.9375,0.8678,0.0804,0,0.9990,0.0615,0.1312,ev,multiplicative,projection,main,live,20261002CCEAD0D8,2026-10-01T20:06:10.078Z
2026,4,13424,DK Metcalf,PIT,WR,at CLE,recYds,Hard Rock,51.5,under,42.16,-145,105,0.5918,0.5482,0.0796,0,0.6533,0.0615,0.1051,ev,multiplicative,projection,main,live,20261002CCEAD0D8,2026-10-01T20:06:10.078Z
2026,4,17043,Roman Wilson,PIT,WR,at CLE,recYds,Hard Rock,30.5,under,20.34,-220,155,0.6875,0.6368,0.0797,0,0.7489,0.0614,0.1122,ev,multiplicative,projection,main,live,20261002CCEAD0D8,2026-10-01T20:06:10.078Z
2026,4,18516,Quinshon Judkins,CLE,RB,vs PIT,rushYds,Hard Rock,108.5,under,42.39,-1500,600,0.9375,0.8678,0.0804,0,0.9989,0.0614,0.1311,ev,multiplicative,projection,main,live,20261002CCEAD0D8,2026-10-01T20:06:10.078Z
2026,4,4307,Aaron Rodgers,PIT,QB,at CLE,passYds,Hard Rock,287.5,under,184.84,-950,475,0.9048,0.8388,0.0787,0,0.9660,0.0613,0.1273,ev,multiplicative,projection,main,live,20261002CCEAD0D8,2026-10-01T20:06:10.078Z
2026,4,14378,Michael Pittman Jr.,PIT,WR,at CLE,recYds,Hard Rock,43.5,over,40.74,145,-210,0.4082,0.3760,0.0856,0,0.4693,0.0612,0.0934,ev,multiplicative,projection,main,live,20261002CCEAD0D8,2026-10-01T20:06:10.078Z
2026,4,19263,Germie Bernard,PIT,WR,at CLE,recYds,Hard Rock,4.5,over,9.67,-200,145,0.6667,0.6203,0.0748,0,0.7275,0.0609,0.1073,ev,multiplicative,projection,main,live,20261002CCEAD0D8,2026-10-01T20:06:10.078Z
2026,4,18472,Harold Fannin Jr.,CLE,TE,vs PIT,recYds,Circa Sports,40.5,over,44.69,-110,-110,0.5238,0.5000,0.0476,0,0.5847,0.0609,0.0847,ev,multiplicative,projection,main,live,20261002CCEAD0D8,2026-10-01T20:06:10.078Z
2026,4,14378,Michael Pittman Jr.,PIT,WR,at CLE,recYds,Hard Rock,40.5,over,40.74,125,-175,0.4444,0.4112,0.0808,0,0.5050,0.0606,0.0938,ev,multiplicative,projection,main,live,20261002CCEAD0D8,2026-10-01T20:06:10.078Z
2026,4,19298,Denzel Boston,CLE,WR,vs PIT,recYds,Caesars,19.5,over,51.99,-400,,0.8000,0.8000,,1,0.8605,0.0605,0.0605,ev,none,projection,main,live,20261002CCEAD0D8,2026-10-01T20:06:10.078Z
2026,4,14378,Michael Pittman Jr.,PIT,WR,at CLE,receptions,Caesars,1.5,over,3.94,-850,,0.8947,0.8947,,1,0.9551,0.0604,0.0604,ev,none,projection,main,live,20261002CCEAD0D8,2026-10-01T20:06:10.078Z
2026,4,14458,Jerry Jeudy,CLE,WR,vs PIT,recYds,Hard Rock,44.5,over,17.27,525,,0.1600,0.1600,,1,0.2201,0.0601,0.0601,ev,none,projection,main,live,20261002CCEAD0D8,2026-10-01T20:06:10.078Z
2026,4,18472,Harold Fannin Jr.,CLE,TE,vs PIT,recYds,Hard Rock,37.5,over,44.69,-140,105,0.5833,0.5446,0.0711,0,0.6432,0.0599,0.0986,ev,multiplicative,projection,main,live,20261002CCEAD0D8,2026-10-01T20:06:10.078Z
2026,4,14458,Jerry Jeudy,CLE,WR,vs PIT,recYds,Hard Rock,23.5,over,17.27,170,,0.3704,0.3704,,1,0.4299,0.0595,0.0595,ev,none,projection,main,live,20261002CCEAD0D8,2026-10-01T20:06:10.078Z
2026,4,19298,Denzel Boston,CLE,WR,vs PIT,recYds,theScore,69.5,over,51.99,350,,0.2222,0.2222,,1,0.2817,0.0595,0.0595,ev,none,projection,main,live,20261002CCEAD0D8,2026-10-01T20:06:10.078Z
2026,4,15984,Jaylen Warren,PIT,RB,at CLE,recYds,Hard Rock,59.5,under,22.75,-1500,575,0.9375,0.8635,0.0856,0,0.9968,0.0593,0.1333,ev,multiplicative,projection,main,live,20261002CCEAD0D8,2026-10-01T20:06:10.078Z
2026,4,19263,Germie Bernard,PIT,WR,at CLE,receptions,Hard Rock,1.5,under,0.84,-220,155,0.6875,0.6368,0.0797,0,0.7468,0.0593,0.1100,ev,multiplicative,projection,main,live,20261002CCEAD0D8,2026-10-01T20:06:10.078Z
2026,4,18472,Harold Fannin Jr.,CLE,TE,vs PIT,recYds,Hard Rock,24.5,over,44.69,-375,240,0.7895,0.7286,0.0836,0,0.8487,0.0592,0.1201,ev,multiplicative,projection,main,live,20261002CCEAD0D8,2026-10-01T20:06:10.078Z
2026,4,11712,Deshaun Watson,CLE,QB,vs PIT,completions,Hard Rock,18.5,over,20.11,-110,-120,0.5238,0.4899,0.0693,0,0.5830,0.0592,0.0931,ev,multiplicative,projection,main,live,20261002CCEAD0D8,2026-10-01T20:06:10.078Z
2026,4,15267,Pat Freiermuth,PIT,TE,at CLE,recYds,Hard Rock,33.5,over,33.66,125,-180,0.4444,0.4088,0.0873,0,0.5036,0.0592,0.0948,ev,multiplicative,projection,main,live,20261002CCEAD0D8,2026-10-01T20:06:10.078Z
2026,4,18472,Harold Fannin Jr.,CLE,TE,vs PIT,recYds,Caesars,29.5,over,44.69,-260,,0.7222,0.7222,,1,0.7810,0.0588,0.0588,ev,none,projection,main,live,20261002CCEAD0D8,2026-10-01T20:06:10.078Z
2026,4,11712,Deshaun Watson,CLE,QB,vs PIT,rushYds,Hard Rock,59.5,under,17.22,-1600,600,0.9412,0.8682,0.0840,0,1.0000,0.0588,0.1318,ev,multiplicative,projection,main,live,20261002CCEAD0D8,2026-10-01T20:06:10.078Z
2026,4,18472,Harold Fannin Jr.,CLE,TE,vs PIT,recYds,Hard Rock,26.5,over,44.69,-325,210,0.7647,0.7033,0.0873,0,0.8235,0.0588,0.1202,ev,multiplicative,projection,main,live,20261002CCEAD0D8,2026-10-01T20:06:10.078Z
2026,4,11712,Deshaun Watson,CLE,QB,vs PIT,passYds,theScore,174.5,over,218.73,-170,,0.6296,0.6296,,1,0.6885,0.0588,0.0588,ev,none,projection,main,live,20261002CCEAD0D8,2026-10-01T20:06:10.078Z
2026,4,11712,Deshaun Watson,CLE,QB,vs PIT,passYds,Hard Rock,174.5,over,218.73,-170,,0.6296,0.6296,,1,0.6885,0.0588,0.0588,ev,none,projection,main,live,20261002CCEAD0D8,2026-10-01T20:06:10.078Z
2026,4,19263,Germie Bernard,PIT,WR,at CLE,recYds,Hard Rock,32.5,under,9.67,-1300,550,0.9286,0.8579,0.0824,0,0.9874,0.0588,0.1295,ev,multiplicative,projection,main,live,20261002CCEAD0D8,2026-10-01T20:06:10.078Z
2026,4,14378,Michael Pittman Jr.,PIT,WR,at CLE,recYds,FanDuel,39.5,over,40.74,114,,0.4673,0.4673,,1,0.5259,0.0587,0.0587,ev,none,projection,main,live,20261002CCEAD0D8,2026-10-01T20:06:10.078Z
2026,4,18472,Harold Fannin Jr.,CLE,TE,vs PIT,recYds,Hard Rock,25.5,over,44.69,-350,230,0.7778,0.7196,0.0808,0,0.8364,0.0586,0.1168,ev,multiplicative,projection,main,live,20261002CCEAD0D8,2026-10-01T20:06:10.078Z
2026,4,17043,Roman Wilson,PIT,WR,at CLE,recYds,Hard Rock,60.5,under,20.34,-1500,575,0.9375,0.8635,0.0856,0,0.9960,0.0585,0.1325,ev,multiplicative,projection,main,live,20261002CCEAD0D8,2026-10-01T20:06:10.078Z
2026,4,18472,Harold Fannin Jr.,CLE,TE,vs PIT,recYds,Hard Rock,78.5,under,44.69,-1200,525,0.9231,0.8523,0.0831,0,0.9816,0.0585,0.1293,ev,multiplicative,projection,main,live,20261002CCEAD0D8,2026-10-01T20:06:10.078Z
2026,4,19298,Denzel Boston,CLE,WR,vs PIT,recYds,FanDuel,69.5,over,51.99,347,,0.2237,0.2237,,1,0.2817,0.0580,0.0580,ev,none,projection,main,live,20261002CCEAD0D8,2026-10-01T20:06:10.078Z
2026,4,13424,DK Metcalf,PIT,WR,at CLE,recYds,Hard Rock,98.5,under,42.16,-1400,600,0.9333,0.8673,0.0762,0,0.9913,0.0580,0.1240,ev,multiplicative,projection,main,live,20261002CCEAD0D8,2026-10-01T20:06:10.078Z
2026,4,18516,Quinshon Judkins,CLE,RB,vs PIT,rushYds,Hard Rock,110.5,under,42.39,-1600,650,0.9412,0.8759,0.0745,0,0.9992,0.0580,0.1232,ev,multiplicative,projection,main,live,20261002CCEAD0D8,2026-10-01T20:06:10.078Z
2026,4,18472,Harold Fannin Jr.,CLE,TE,vs PIT,recYds,Hard Rock,35.5,over,44.69,-165,115,0.6226,0.5724,0.0878,0,0.6805,0.0579,0.1081,ev,multiplicative,projection,main,live,20261002CCEAD0D8,2026-10-01T20:06:10.078Z
2026,4,18516,Quinshon Judkins,CLE,RB,vs PIT,recYds,Hard Rock,7.5,over,12.98,-180,130,0.6429,0.5965,0.0776,0,0.7007,0.0579,0.1042,ev,multiplicative,projection,main,live,20261002CCEAD0D8,2026-10-01T20:06:10.078Z
2026,4,14458,Jerry Jeudy,CLE,WR,vs PIT,recYds,Hard Rock,45.5,over,17.27,550,,0.1538,0.1538,,1,0.2117,0.0579,0.0579,ev,none,projection,main,live,20261002CCEAD0D8,2026-10-01T20:06:10.078Z
2026,4,18516,Quinshon Judkins,CLE,RB,vs PIT,rushYds,Hard Rock,109.5,under,42.39,-1600,650,0.9412,0.8759,0.0745,0,0.9990,0.0578,0.1231,ev,multiplicative,projection,main,live,20261002CCEAD0D8,2026-10-01T20:06:10.078Z
2026,4,14458,Jerry Jeudy,CLE,WR,vs PIT,recYds,BetRivers,13.5,over,17.27,-115,-115,0.5349,0.5000,0.0698,0,0.5925,0.0576,0.0925,ev,multiplicative,projection,main,live,20261002CCEAD0D8,2026-10-01T20:06:10.078Z
2026,4,19298,Denzel Boston,CLE,WR,vs PIT,receptions,Circa Sports,2.5,over,3.13,-140,120,0.5833,0.5620,0.0379,0,0.6406,0.0573,0.0786,ev,multiplicative,projection,main,live,20261002CCEAD0D8,2026-10-01T20:06:10.078Z
2026,4,19298,Denzel Boston,CLE,WR,vs PIT,receptions,FanDuel,3.5,over,3.13,161,,0.3831,0.3831,,1,0.4402,0.0571,0.0571,ev,none,projection,main,live,20261002CCEAD0D8,2026-10-01T20:06:10.078Z
2026,4,15984,Jaylen Warren,PIT,RB,at CLE,recYds,Caesars,25.5,under,22.75,-110,-121,0.5238,0.4889,0.0713,0,0.5809,0.0571,0.0920,ev,multiplicative,projection,main,live,20261002CCEAD0D8,2026-10-01T20:06:10.078Z
2026,4,15984,Jaylen Warren,PIT,RB,at CLE,recYds,Circa Sports,25.5,under,22.75,-110,-110,0.5238,0.5000,0.0476,0,0.5809,0.0571,0.0809,ev,multiplicative,projection,main,live,20261002CCEAD0D8,2026-10-01T20:06:10.078Z
2026,4,15984,Jaylen Warren,PIT,RB,at CLE,recYds,Hard Rock,23.5,under,22.75,115,-155,0.4651,0.4335,0.0730,0,0.5222,0.0571,0.0887,ev,multiplicative,projection,main,live,20261002CCEAD0D8,2026-10-01T20:06:10.078Z
2026,4,18472,Harold Fannin Jr.,CLE,TE,vs PIT,recYds,DraftKings,39.5,over,44.69,-121,,0.5475,0.5475,,1,0.6045,0.0570,0.0570,ev,none,projection,main,live,20261002CCEAD0D8,2026-10-01T20:06:10.078Z
2026,4,16889,Darnell Washington,PIT,TE,at CLE,recYds,Hard Rock,19.5,under,14.96,-145,105,0.5918,0.5482,0.0796,0,0.6489,0.0570,0.1007,ev,multiplicative,projection,main,live,20261002CCEAD0D8,2026-10-01T20:06:10.078Z
2026,4,15267,Pat Freiermuth,PIT,TE,at CLE,recYds,Hard Rock,52.5,under,33.66,-600,375,0.8571,0.8028,0.0677,0,0.9141,0.0569,0.1113,ev,multiplicative,projection,main,live,20261002CCEAD0D8,2026-10-01T20:06:10.078Z
2026,4,19263,Germie Bernard,PIT,WR,at CLE,recYds,Hard Rock,33.5,under,9.67,-1400,575,0.9333,0.8630,0.0815,0,0.9903,0.0569,0.1272,ev,multiplicative,projection,main,live,20261002CCEAD0D8,2026-10-01T20:06:10.078Z
2026,4,14378,Michael Pittman Jr.,PIT,WR,at CLE,recYds,Hard Rock,13.5,over,40.74,-650,,0.8667,0.8667,,1,0.9236,0.0569,0.0569,ev,none,projection,main,live,20261002CCEAD0D8,2026-10-01T20:06:10.078Z
2026,4,14378,Michael Pittman Jr.,PIT,WR,at CLE,recYds,Hard Rock,41.5,over,40.74,130,-185,0.4348,0.4011,0.0839,0,0.4916,0.0568,0.0904,ev,multiplicative,projection,main,live,20261002CCEAD0D8,2026-10-01T20:06:10.078Z
2026,4,18526,Raheim Sanders,CLE,RB,vs PIT,receptions,Hard Rock,4.5,under,1.72,-1300,550,0.9286,0.8579,0.0824,0,0.9854,0.0568,0.1275,ev,multiplicative,projection,main,live,20261002CCEAD0D8,2026-10-01T20:06:10.078Z
2026,4,19298,Denzel Boston,CLE,WR,vs PIT,receptions,BetRivers,5.5,over,3.13,800,,0.1111,0.1111,,1,0.1678,0.0567,0.0567,ev,none,projection,main,live,20261002CCEAD0D8,2026-10-01T20:06:10.078Z
2026,4,19263,Germie Bernard,PIT,WR,at CLE,recYds,Hard Rock,18.5,under,9.67,-300,210,0.7500,0.6992,0.0726,0,0.8067,0.0567,0.1074,ev,multiplicative,projection,main,live,20261002CCEAD0D8,2026-10-01T20:06:10.078Z
2026,4,13424,DK Metcalf,PIT,WR,at CLE,recYds,Hard Rock,49.5,under,42.16,-130,-105,0.5652,0.5246,0.0774,0,0.6216,0.0564,0.0970,ev,multiplicative,projection,main,live,20261002CCEAD0D8,2026-10-01T20:06:10.078Z
2026,4,14458,Jerry Jeudy,CLE,WR,vs PIT,recYds,Hard Rock,22.5,over,17.27,160,-225,0.3846,0.3571,0.0769,0,0.4411,0.0564,0.0839,ev,multiplicative,projection,main,live,20261002CCEAD0D8,2026-10-01T20:06:10.078Z
2026,4,14378,Michael Pittman Jr.,PIT,WR,at CLE,recYds,DraftKings,49.5,over,40.74,188,,0.3472,0.3472,,1,0.4036,0.0563,0.0563,ev,none,projection,main,live,20261002CCEAD0D8,2026-10-01T20:06:10.078Z
2026,4,15984,Jaylen Warren,PIT,RB,at CLE,rushYds,Hard Rock,125.5,over,96.25,475,-900,0.1739,0.1619,0.0739,0,0.2302,0.0563,0.0683,ev,multiplicative,projection,main,live,20261002CCEAD0D8,2026-10-01T20:06:10.078Z
2026,4,15984,Jaylen Warren,PIT,RB,at CLE,recYds,Hard Rock,60.5,under,22.75,-1600,600,0.9412,0.8682,0.0840,0,0.9975,0.0563,0.1293,ev,multiplicative,projection,main,live,20261002CCEAD0D8,2026-10-01T20:06:10.078Z
2026,4,15984,Jaylen Warren,PIT,RB,at CLE,rushYds,Hard Rock,124.5,over,96.25,450,-850,0.1818,0.1689,0.0766,0,0.2380,0.0562,0.0691,ev,multiplicative,projection,main,live,20261002CCEAD0D8,2026-10-01T20:06:10.078Z
2026,4,11712,Deshaun Watson,CLE,QB,vs PIT,passYds,Hard Rock,173.5,over,218.73,-175,,0.6364,0.6364,,1,0.6924,0.0560,0.0560,ev,none,projection,main,live,20261002CCEAD0D8,2026-10-01T20:06:10.078Z
2026,4,15984,Jaylen Warren,PIT,RB,at CLE,rushYds,Hard Rock,67.5,over,96.25,-175,125,0.6364,0.5888,0.0808,0,0.6922,0.0558,0.1034,ev,multiplicative,projection,main,live,20261002CCEAD0D8,2026-10-01T20:06:10.078Z
2026,4,18472,Harold Fannin Jr.,CLE,TE,vs PIT,recYds,Hard Rock,79.5,under,44.69,-1300,550,0.9286,0.8579,0.0824,0,0.9842,0.0557,0.1264,ev,multiplicative,projection,main,live,20261002CCEAD0D8,2026-10-01T20:06:10.078Z
2026,4,19298,Denzel Boston,CLE,WR,vs PIT,receptions,BetRivers,3.5,over,3.13,160,,0.3846,0.3846,,1,0.4402,0.0556,0.0556,ev,none,projection,main,live,20261002CCEAD0D8,2026-10-01T20:06:10.078Z
2026,4,19298,Denzel Boston,CLE,WR,vs PIT,receptions,theScore,3.5,over,3.13,160,,0.3846,0.3846,,1,0.4402,0.0556,0.0556,ev,none,projection,main,live,20261002CCEAD0D8,2026-10-01T20:06:10.078Z
2026,4,14378,Michael Pittman Jr.,PIT,WR,at CLE,recYds,Hard Rock,60.5,over,40.74,325,-550,0.2353,0.2176,0.0814,0,0.2909,0.0556,0.0733,ev,multiplicative,projection,main,live,20261002CCEAD0D8,2026-10-01T20:06:10.078Z
2026,4,14458,Jerry Jeudy,CLE,WR,vs PIT,recYds,Hard Rock,46.5,over,17.27,575,,0.1481,0.1481,,1,0.2036,0.0555,0.0555,ev,none,projection,main,live,20261002CCEAD0D8,2026-10-01T20:06:10.078Z
2026,4,11712,Deshaun Watson,CLE,QB,vs PIT,passYds,DraftKings,289.5,over,218.73,1100,,0.0833,0.0833,,1,0.1388,0.0554,0.0554,ev,none,projection,main,live,20261002CCEAD0D8,2026-10-01T20:06:10.078Z
2026,4,16889,Darnell Washington,PIT,TE,at CLE,receptions,Hard Rock,3.5,under,1.47,-800,425,0.8889,0.8235,0.0794,0,0.9443,0.0554,0.1208,ev,multiplicative,projection,main,live,20261002CCEAD0D8,2026-10-01T20:06:10.078Z
2026,4,18526,Raheim Sanders,CLE,RB,vs PIT,recYds,Hard Rock,29.5,under,13.62,-750,400,0.8824,0.8152,0.0824,0,0.9370,0.0547,0.1218,ev,multiplicative,projection,main,live,20261002CCEAD0D8,2026-10-01T20:06:10.078Z
2026,4,13424,DK Metcalf,PIT,WR,at CLE,recYds,Hard Rock,99.5,under,42.16,-1500,600,0.9375,0.8678,0.0804,0,0.9922,0.0547,0.1245,ev,multiplicative,projection,main,live,20261002CCEAD0D8,2026-10-01T20:06:10.078Z
2026,4,19263,Germie Bernard,PIT,WR,at CLE,recYds,Hard Rock,19.5,under,9.67,-350,225,0.7778,0.7165,0.0855,0,0.8324,0.0546,0.1159,ev,multiplicative,projection,main,live,20261002CCEAD0D8,2026-10-01T20:06:10.078Z
2026,4,15267,Pat Freiermuth,PIT,TE,at CLE,recYds,Hard Rock,11.5,over,33.66,-525,300,0.8400,0.7706,0.0900,0,0.8945,0.0545,0.1238,ev,multiplicative,projection,main,live,20261002CCEAD0D8,2026-10-01T20:06:10.078Z
2026,4,13424,DK Metcalf,PIT,WR,at CLE,recYds,Hard Rock,47.5,under,42.16,-115,-115,0.5349,0.5000,0.0698,0,0.5892,0.0543,0.0892,ev,multiplicative,projection,main,live,20261002CCEAD0D8,2026-10-01T20:06:10.078Z
2026,4,13424,DK Metcalf,PIT,WR,at CLE,recYds,Hard Rock,50.5,under,42.16,-140,100,0.5833,0.5385,0.0833,0,0.6376,0.0543,0.0991,ev,multiplicative,projection,main,live,20261002CCEAD0D8,2026-10-01T20:06:10.078Z
2026,4,18472,Harold Fannin Jr.,CLE,TE,vs PIT,recYds,FanDuel,40.5,over,44.69,-113,-113,0.5305,0.5000,0.0610,0,0.5847,0.0542,0.0847,ev,multiplicative,projection,main,live,20261002CCEAD0D8,2026-10-01T20:06:10.078Z
2026,4,18472,Harold Fannin Jr.,CLE,TE,vs PIT,recYds,DraftKings,40.5,over,44.69,-113,-111,0.5305,0.5021,0.0566,0,0.5847,0.0542,0.0826,ev,multiplicative,projection,main,live,20261002CCEAD0D8,2026-10-01T20:06:10.078Z
2026,4,14378,Michael Pittman Jr.,PIT,WR,at CLE,recYds,FanDuel,59.5,over,40.74,306,,0.2463,0.2463,,1,0.3005,0.0542,0.0542,ev,none,projection,main,live,20261002CCEAD0D8,2026-10-01T20:06:10.078Z
2026,4,18472,Harold Fannin Jr.,CLE,TE,vs PIT,recYds,Hard Rock,36.5,over,44.69,-155,110,0.6078,0.5607,0.0840,0,0.6621,0.0542,0.1014,ev,multiplicative,projection,main,live,20261002CCEAD0D8,2026-10-01T20:06:10.078Z
2026,4,19298,Denzel Boston,CLE,WR,vs PIT,receptions,DraftKings,3.5,over,3.13,159,,0.3861,0.3861,,1,0.4402,0.0541,0.0541,ev,none,projection,main,live,20261002CCEAD0D8,2026-10-01T20:06:10.078Z
2026,4,19298,Denzel Boston,CLE,WR,vs PIT,receptions,DraftKings,5.5,over,3.13,780,,0.1136,0.1136,,1,0.1678,0.0541,0.0541,ev,none,projection,main,live,20261002CCEAD0D8,2026-10-01T20:06:10.078Z
2026,4,13484,Travis Homer,PIT,RB,at CLE,rushYds,Hard Rock,23.5,over,13.65,700,-2000,0.1250,0.1160,0.0774,0,0.1791,0.0541,0.0630,ev,multiplicative,projection,main,live,20261002CCEAD0D8,2026-10-01T20:06:10.078Z
2026,4,14458,Jerry Jeudy,CLE,WR,vs PIT,recYds,DraftKings,49.5,over,17.27,690,,0.1266,0.1266,,1,0.1804,0.0538,0.0538,ev,none,projection,main,live,20261002CCEAD0D8,2026-10-01T20:06:10.078Z
2026,4,13484,Travis Homer,PIT,RB,at CLE,rushYds,Hard Rock,3.5,over,13.65,-225,,0.6923,0.6923,,1,0.7458,0.0535,0.0535,ev,none,projection,main,live,20261002CCEAD0D8,2026-10-01T20:06:10.078Z
2026,4,11712,Deshaun Watson,CLE,QB,vs PIT,passTD,theScore,0.5,over,1.46,-250,180,0.7143,0.6667,0.0714,0,0.7678,0.0535,0.1011,ev,multiplicative,projection,main,live,20261002CCEAD0D8,2026-10-01T20:06:10.078Z
2026,4,14378,Michael Pittman Jr.,PIT,WR,at CLE,recYds,Hard Rock,57.5,over,40.74,275,-450,0.2667,0.2458,0.0848,0,0.3202,0.0535,0.0744,ev,multiplicative,projection,main,live,20261002CCEAD0D8,2026-10-01T20:06:10.078Z
2026,4,19298,Denzel Boston,CLE,WR,vs PIT,recYds,DraftKings,69.5,over,51.99,338,,0.2283,0.2283,,1,0.2817,0.0534,0.0534,ev,none,projection,main,live,20261002CCEAD0D8,2026-10-01T20:06:10.078Z
2026,4,11712,Deshaun Watson,CLE,QB,vs PIT,passYds,Hard Rock,172.5,over,218.73,-180,,0.6429,0.6429,,1,0.6963,0.0534,0.0534,ev,none,projection,main,live,20261002CCEAD0D8,2026-10-01T20:06:10.078Z
2026,4,18526,Raheim Sanders,CLE,RB,vs PIT,recYds,Hard Rock,30.5,under,13.62,-850,450,0.8947,0.8311,0.0766,0,0.9481,0.0533,0.1170,ev,multiplicative,projection,main,live,20261002CCEAD0D8,2026-10-01T20:06:10.078Z
2026,4,18472,Harold Fannin Jr.,CLE,TE,vs PIT,recYds,Hard Rock,80.5,under,44.69,-1400,575,0.9333,0.8630,0.0815,0,0.9865,0.0532,0.1235,ev,multiplicative,projection,main,live,20261002CCEAD0D8,2026-10-01T20:06:10.078Z
2026,4,18472,Harold Fannin Jr.,CLE,TE,vs PIT,recYds,Hard Rock,22.5,over,44.69,-450,,0.8182,0.8182,,1,0.8714,0.0532,0.0532,ev,none,projection,main,live,20261002CCEAD0D8,2026-10-01T20:06:10.078Z
2026,4,18526,Raheim Sanders,CLE,RB,vs PIT,recYds,Hard Rock,31.5,under,13.62,-950,475,0.9048,0.8388,0.0787,0,0.9575,0.0528,0.1188,ev,multiplicative,projection,main,live,20261002CCEAD0D8,2026-10-01T20:06:10.078Z
2026,4,14378,Michael Pittman Jr.,PIT,WR,at CLE,recYds,theScore,35.5,over,40.74,-125,-105,0.5556,0.5203,0.0678,0,0.6084,0.0528,0.0881,ev,multiplicative,projection,main,live,20261002CCEAD0D8,2026-10-01T20:06:10.078Z
2026,4,14458,Jerry Jeudy,CLE,WR,vs PIT,recYds,Hard Rock,47.5,over,17.27,600,,0.1429,0.1429,,1,0.1957,0.0528,0.0528,ev,none,projection,main,live,20261002CCEAD0D8,2026-10-01T20:06:10.078Z
2026,4,19263,Germie Bernard,PIT,WR,at CLE,receptions,Hard Rock,2.5,under,0.84,-900,475,0.9000,0.8381,0.0739,0,0.9527,0.0527,0.1146,ev,multiplicative,projection,main,live,20261002CCEAD0D8,2026-10-01T20:06:10.078Z
2026,4,11712,Deshaun Watson,CLE,QB,vs PIT,rushYds,Hard Rock,60.5,under,17.22,-1800,650,0.9474,0.8766,0.0807,0,1.0000,0.0526,0.1234,ev,multiplicative,projection,main,live,20261002CCEAD0D8,2026-10-01T20:06:10.078Z
2026,4,18526,Raheim Sanders,CLE,RB,vs PIT,recYds,Hard Rock,27.5,under,13.62,-600,350,0.8571,0.7941,0.0794,0,0.9095,0.0523,0.1153,ev,multiplicative,projection,main,live,20261002CCEAD0D8,2026-10-01T20:06:10.078Z
2026,4,18472,Harold Fannin Jr.,CLE,TE,vs PIT,recYds,Caesars,40.5,over,44.69,-114,-114,0.5327,0.5000,0.0654,0,0.5847,0.0520,0.0847,ev,multiplicative,projection,main,live,20261002CCEAD0D8,2026-10-01T20:06:10.078Z
2026,4,16889,Darnell Washington,PIT,TE,at CLE,recYds,Hard Rock,53.5,under,14.96,-1800,650,0.9474,0.8766,0.0807,0,0.9994,0.0520,0.1228,ev,multiplicative,projection,main,live,20261002CCEAD0D8,2026-10-01T20:06:10.078Z
2026,4,18516,Quinshon Judkins,CLE,RB,vs PIT,rushYds,Hard Rock,112.5,under,42.39,-1800,700,0.9474,0.8834,0.0724,0,0.9994,0.0520,0.1160,ev,multiplicative,projection,main,live,20261002CCEAD0D8,2026-10-01T20:06:10.078Z
2026,4,18526,Raheim Sanders,CLE,RB,vs PIT,recYds,Hard Rock,8.5,over,13.62,-185,135,0.6491,0.6040,0.0747,0,0.7010,0.0519,0.0970,ev,multiplicative,projection,main,live,20261002CCEAD0D8,2026-10-01T20:06:10.078Z
2026,4,13424,DK Metcalf,PIT,WR,at CLE,recYds,Hard Rock,100.5,under,42.16,-1600,650,0.9412,0.8759,0.0745,0,0.9931,0.0519,0.1172,ev,multiplicative,projection,main,live,20261002CCEAD0D8,2026-10-01T20:06:10.078Z
2026,4,18516,Quinshon Judkins,CLE,RB,vs PIT,rushYds,Hard Rock,111.5,under,42.39,-1800,650,0.9474,0.8766,0.0807,0,0.9993,0.0519,0.1227,ev,multiplicative,projection,main,live,20261002CCEAD0D8,2026-10-01T20:06:10.078Z
2026,4,19298,Denzel Boston,CLE,WR,vs PIT,recYds,BetRivers,69.5,over,51.99,335,,0.2299,0.2299,,1,0.2817,0.0518,0.0518,ev,none,projection,main,live,20261002CCEAD0D8,2026-10-01T20:06:10.078Z
2026,4,18526,Raheim Sanders,CLE,RB,vs PIT,recYds,BetMGM,11.5,over,13.62,-115,-115,0.5349,0.5000,0.0698,0,0.5864,0.0515,0.0864,ev,multiplicative,projection,main,live,20261002CCEAD0D8,2026-10-01T20:06:10.078Z
2026,4,14458,Jerry Jeudy,CLE,WR,vs PIT,recYds,Caesars,9.5,over,17.27,-173,,0.6337,0.6337,,1,0.6851,0.0514,0.0514,ev,none,projection,main,live,20261002CCEAD0D8,2026-10-01T20:06:10.078Z
2026,4,14458,Jerry Jeudy,CLE,WR,vs PIT,recYds,Caesars,49.5,over,17.27,675,,0.1290,0.1290,,1,0.1804,0.0514,0.0514,ev,none,projection,main,live,20261002CCEAD0D8,2026-10-01T20:06:10.078Z
2026,4,19263,Germie Bernard,PIT,WR,at CLE,recYds,Hard Rock,34.5,under,9.67,-1600,600,0.9412,0.8682,0.0840,0,0.9925,0.0514,0.1243,ev,multiplicative,projection,main,live,20261002CCEAD0D8,2026-10-01T20:06:10.078Z
2026,4,18516,Quinshon Judkins,CLE,RB,vs PIT,recYds,Hard Rock,8.5,over,12.98,-160,,0.6154,0.6154,,1,0.6666,0.0512,0.0512,ev,none,projection,main,live,20261002CCEAD0D8,2026-10-01T20:06:10.078Z
2026,4,11712,Deshaun Watson,CLE,QB,vs PIT,passYds,Hard Rock,171.5,over,218.73,-185,,0.6491,0.6491,,1,0.7001,0.0510,0.0510,ev,none,projection,main,live,20261002CCEAD0D8,2026-10-01T20:06:10.078Z
2026,4,18472,Harold Fannin Jr.,CLE,TE,vs PIT,recYds,FanDuel,39.5,over,44.69,-124,,0.5536,0.5536,,1,0.6045,0.0509,0.0509,ev,none,projection,main,live,20261002CCEAD0D8,2026-10-01T20:06:10.078Z
2026,4,18472,Harold Fannin Jr.,CLE,TE,vs PIT,recYds,BetRivers,39.5,over,44.69,-124,,0.5536,0.5536,,1,0.6045,0.0509,0.0509,ev,none,projection,main,live,20261002CCEAD0D8,2026-10-01T20:06:10.078Z
2026,4,18472,Harold Fannin Jr.,CLE,TE,vs PIT,receptions,theScore,2.5,over,4.41,-600,,0.8571,0.8571,,1,0.9079,0.0508,0.0508,ev,none,projection,main,live,20261002CCEAD0D8,2026-10-01T20:06:10.078Z
2026,4,13424,DK Metcalf,PIT,WR,at CLE,recYds,DraftKings,24.5,over,42.16,-354,,0.7797,0.7797,,1,0.8305,0.0507,0.0507,ev,none,projection,main,live,20261002CCEAD0D8,2026-10-01T20:06:10.078Z
2026,4,4307,Aaron Rodgers,PIT,QB,at CLE,completions,BetMGM,21.5,under,19.18,-160,120,0.6154,0.5752,0.0699,0,0.6659,0.0506,0.0908,ev,multiplicative,projection,main,live,20261002CCEAD0D8,2026-10-01T20:06:10.078Z
2026,4,15984,Jaylen Warren,PIT,RB,at CLE,recYds,Hard Rock,61.5,under,22.75,-1800,650,0.9474,0.8766,0.0807,0,0.9980,0.0506,0.1214,ev,multiplicative,projection,main,live,20261002CCEAD0D8,2026-10-01T20:06:10.078Z
2026,4,17043,Roman Wilson,PIT,WR,at CLE,recYds,Hard Rock,63.5,under,20.34,-1800,650,0.9474,0.8766,0.0807,0,0.9978,0.0505,0.1212,ev,multiplicative,projection,main,live,20261002CCEAD0D8,2026-10-01T20:06:10.078Z
2026,4,14378,Michael Pittman Jr.,PIT,WR,at CLE,recYds,Hard Rock,59.5,over,40.74,300,-500,0.2500,0.2308,0.0833,0,0.3005,0.0505,0.0698,ev,multiplicative,projection,main,live,20261002CCEAD0D8,2026-10-01T20:06:10.078Z
2026,4,15984,Jaylen Warren,PIT,RB,at CLE,recYds,FanDuel,25.5,under,22.75,-113,-113,0.5305,0.5000,0.0610,0,0.5809,0.0504,0.0809,ev,multiplicative,projection,main,live,20261002CCEAD0D8,2026-10-01T20:06:10.078Z
2026,4,18472,Harold Fannin Jr.,CLE,TE,vs PIT,recYds,Hard Rock,61.5,under,44.69,-400,260,0.8000,0.7423,0.0778,0,0.8504,0.0504,0.1082,ev,multiplicative,projection,main,live,20261002CCEAD0D8,2026-10-01T20:06:10.078Z
2026,4,15267,Pat Freiermuth,PIT,TE,at CLE,recYds,Hard Rock,34.5,over,33.66,135,-190,0.4255,0.3938,0.0807,0,0.4757,0.0502,0.0820,ev,multiplicative,projection,main,live,20261002CCEAD0D8,2026-10-01T20:06:10.078Z
2026,4,19298,Denzel Boston,CLE,WR,vs PIT,receptions,Caesars,5.5,over,3.13,750,,0.1176,0.1176,,1,0.1678,0.0501,0.0501,ev,none,projection,main,live,20261002CCEAD0D8,2026-10-01T20:06:10.078Z
2026,4,18472,Harold Fannin Jr.,CLE,TE,vs PIT,receptions,FanDuel,2.5,over,4.41,-604,,0.8580,0.8580,,1,0.9079,0.0500,0.0500,ev,none,projection,main,live,20261002CCEAD0D8,2026-10-01T20:06:10.078Z
2026,4,13424,DK Metcalf,PIT,WR,at CLE,recYds,Hard Rock,48.5,under,42.16,-125,-110,0.5556,0.5147,0.0794,0,0.6055,0.0499,0.0908,ev,multiplicative,projection,main,live,20261002CCEAD0D8,2026-10-01T20:06:10.078Z
2026,4,14378,Michael Pittman Jr.,PIT,WR,at CLE,recYds,Hard Rock,62.5,over,40.74,350,-600,0.2222,0.2059,0.0794,0,0.2721,0.0499,0.0662,ev,multiplicative,projection,main,live,20261002CCEAD0D8,2026-10-01T20:06:10.078Z
2026,4,19298,Denzel Boston,CLE,WR,vs PIT,receptions,Caesars,3.5,over,3.13,156,-209,0.3906,0.3661,0.0670,0,0.4402,0.0496,0.0742,ev,multiplicative,projection,main,live,20261002CCEAD0D8,2026-10-01T20:06:10.078Z
2026,4,18526,Raheim Sanders,CLE,RB,vs PIT,recYds,DraftKings,11.5,over,13.62,-116,-108,0.5370,0.5084,0.0563,0,0.5864,0.0494,0.0780,ev,multiplicative,projection,main,live,20261002CCEAD0D8,2026-10-01T20:06:10.078Z
2026,4,14458,Jerry Jeudy,CLE,WR,vs PIT,recYds,BetRivers,19.5,over,17.27,135,,0.4255,0.4255,,1,0.4748,0.0493,0.0493,ev,none,projection,main,live,20261002CCEAD0D8,2026-10-01T20:06:10.078Z
2026,4,15984,Jaylen Warren,PIT,RB,at CLE,rushYds,Hard Rock,66.5,over,96.25,-185,130,0.6491,0.5989,0.0839,0,0.6983,0.0492,0.0994,ev,multiplicative,projection,main,live,20261002CCEAD0D8,2026-10-01T20:06:10.078Z
2026,4,18526,Raheim Sanders,CLE,RB,vs PIT,recYds,Hard Rock,28.5,under,13.62,-700,375,0.8750,0.8061,0.0855,0,0.9242,0.0492,0.1181,ev,multiplicative,projection,main,live,20261002CCEAD0D8,2026-10-01T20:06:10.078Z
2026,4,15984,Jaylen Warren,PIT,RB,at CLE,rushYds,Hard Rock,65.5,over,96.25,-190,135,0.6552,0.6062,0.0807,0,0.7043,0.0492,0.0981,ev,multiplicative,projection,main,live,20261002CCEAD0D8,2026-10-01T20:06:10.078Z
2026,4,18472,Harold Fannin Jr.,CLE,TE,vs PIT,recYds,Caesars,39.5,over,44.69,-125,,0.5556,0.5556,,1,0.6045,0.0489,0.0489,ev,none,projection,main,live,20261002CCEAD0D8,2026-10-01T20:06:10.078Z
2026,4,18472,Harold Fannin Jr.,CLE,TE,vs PIT,recYds,Hard Rock,39.5,over,44.69,-125,-110,0.5556,0.5147,0.0794,0,0.6045,0.0489,0.0898,ev,multiplicative,projection,main,live,20261002CCEAD0D8,2026-10-01T20:06:10.078Z
2026,4,18526,Raheim Sanders,CLE,RB,vs PIT,recYds,theScore,9.5,over,13.62,-160,,0.6154,0.6154,,1,0.6643,0.0489,0.0489,ev,none,projection,main,live,20261002CCEAD0D8,2026-10-01T20:06:10.078Z
2026,4,18526,Raheim Sanders,CLE,RB,vs PIT,recYds,Hard Rock,32.5,under,13.62,-1100,500,0.9167,0.8462,0.0833,0,0.9656,0.0489,0.1194,ev,multiplicative,projection,main,live,20261002CCEAD0D8,2026-10-01T20:06:10.078Z
2026,4,18526,Raheim Sanders,CLE,RB,vs PIT,recYds,Hard Rock,9.5,over,13.62,-160,115,0.6154,0.5695,0.0805,0,0.6643,0.0489,0.0948,ev,multiplicative,projection,main,live,20261002CCEAD0D8,2026-10-01T20:06:10.078Z
2026,4,11712,Deshaun Watson,CLE,QB,vs PIT,passYds,Hard Rock,170.5,over,218.73,-190,,0.6552,0.6552,,1,0.7040,0.0488,0.0488,ev,none,projection,main,live,20261002CCEAD0D8,2026-10-01T20:06:10.078Z
2026,4,15984,Jaylen Warren,PIT,RB,at CLE,rushYds,Hard Rock,126.5,over,96.25,475,-950,0.1739,0.1612,0.0787,0,0.2226,0.0487,0.0614,ev,multiplicative,projection,main,live,20261002CCEAD0D8,2026-10-01T20:06:10.078Z
2026,4,15984,Jaylen Warren,PIT,RB,at CLE,rushYds,Hard Rock,127.5,over,96.25,500,-1000,0.1667,0.1549,0.0758,0,0.2152,0.0485,0.0603,ev,multiplicative,projection,main,live,20261002CCEAD0D8,2026-10-01T20:06:10.078Z
2026,4,14378,Michael Pittman Jr.,PIT,WR,at CLE,recYds,Hard Rock,12.5,over,40.74,-750,,0.8824,0.8824,,1,0.9309,0.0485,0.0485,ev,none,projection,main,live,20261002CCEAD0D8,2026-10-01T20:06:10.078Z
2026,4,18472,Harold Fannin Jr.,CLE,TE,vs PIT,recYds,Hard Rock,21.5,over,44.69,-500,,0.8333,0.8333,,1,0.8818,0.0485,0.0485,ev,none,projection,main,live,20261002CCEAD0D8,2026-10-01T20:06:10.078Z
2026,4,18526,Raheim Sanders,CLE,RB,vs PIT,recYds,Hard Rock,7.5,over,13.62,-220,155,0.6875,0.6368,0.0797,0,0.7357,0.0482,0.0989,ev,multiplicative,projection,main,live,20261002CCEAD0D8,2026-10-01T20:06:10.078Z
2026,4,14378,Michael Pittman Jr.,PIT,WR,at CLE,recYds,DraftKings,59.5,over,40.74,296,,0.2525,0.2525,,1,0.3005,0.0480,0.0480,ev,none,projection,main,live,20261002CCEAD0D8,2026-10-01T20:06:10.078Z
2026,4,13424,DK Metcalf,PIT,WR,at CLE,recYds,DraftKings,14.5,over,42.16,-770,,0.8851,0.8851,,1,0.9328,0.0478,0.0478,ev,none,projection,main,live,20261002CCEAD0D8,2026-10-01T20:06:10.078Z
2026,4,15267,Pat Freiermuth,PIT,TE,at CLE,recYds,Caesars,19.5,over,33.66,-285,,0.7403,0.7403,,1,0.7879,0.0477,0.0477,ev,none,projection,main,live,20261002CCEAD0D8,2026-10-01T20:06:10.078Z
2026,4,13424,DK Metcalf,PIT,WR,at CLE,recYds,Caesars,29.5,over,42.16,-240,,0.7059,0.7059,,1,0.7534,0.0475,0.0475,ev,none,projection,main,live,20261002CCEAD0D8,2026-10-01T20:06:10.078Z
2026,4,19298,Denzel Boston,CLE,WR,vs PIT,recYds,FanDuel,14.5,over,51.99,-553,,0.8469,0.8469,,1,0.8942,0.0474,0.0474,ev,none,projection,main,live,20261002CCEAD0D8,2026-10-01T20:06:10.078Z
2026,4,18472,Harold Fannin Jr.,CLE,TE,vs PIT,recYds,FanDuel,19.5,over,44.69,-582,,0.8534,0.8534,,1,0.9008,0.0474,0.0474,ev,none,projection,main,live,20261002CCEAD0D8,2026-10-01T20:06:10.078Z
2026,4,15267,Pat Freiermuth,PIT,TE,at CLE,recYds,Hard Rock,10.5,over,33.66,-600,350,0.8571,0.7941,0.0794,0,0.9044,0.0473,0.1103,ev,multiplicative,projection,main,live,20261002CCEAD0D8,2026-10-01T20:06:10.078Z
2026,4,16889,Darnell Washington,PIT,TE,at CLE,recYds,Hard Rock,54.5,under,14.96,-2000,700,0.9524,0.8840,0.0774,0,0.9996,0.0472,0.1156,ev,multiplicative,projection,main,live,20261002CCEAD0D8,2026-10-01T20:06:10.078Z
2026,4,15984,Jaylen Warren,PIT,RB,at CLE,rushYds,BetRivers,59.5,over,96.25,-225,,0.6923,0.6923,,1,0.7395,0.0471,0.0471,ev,none,projection,main,live,20261002CCEAD0D8,2026-10-01T20:06:10.078Z
2026,4,18516,Quinshon Judkins,CLE,RB,vs PIT,rushYds,Hard Rock,113.5,under,42.39,-2000,700,0.9524,0.8840,0.0774,0,0.9995,0.0471,0.1155,ev,multiplicative,projection,main,live,20261002CCEAD0D8,2026-10-01T20:06:10.078Z
2026,4,19263,Germie Bernard,PIT,WR,at CLE,recYds,Hard Rock,35.5,under,9.67,-1800,650,0.9474,0.8766,0.0807,0,0.9943,0.0470,0.1177,ev,multiplicative,projection,main,live,20261002CCEAD0D8,2026-10-01T20:06:10.078Z
2026,4,14458,Jerry Jeudy,CLE,WR,vs PIT,recYds,Caesars,29.5,over,17.27,215,,0.3175,0.3175,,1,0.3644,0.0469,0.0469,ev,none,projection,main,live,20261002CCEAD0D8,2026-10-01T20:06:10.078Z
2026,4,18472,Harold Fannin Jr.,CLE,TE,vs PIT,receptions,DraftKings,2.5,over,4.41,-620,,0.8611,0.8611,,1,0.9079,0.0468,0.0468,ev,none,projection,main,live,20261002CCEAD0D8,2026-10-01T20:06:10.078Z
2026,4,18526,Raheim Sanders,CLE,RB,vs PIT,recYds,Hard Rock,26.5,under,13.62,-550,325,0.8462,0.7824,0.0814,0,0.8927,0.0466,0.1103,ev,multiplicative,projection,main,live,20261002CCEAD0D8,2026-10-01T20:06:10.078Z
2026,4,13424,DK Metcalf,PIT,WR,at CLE,recYds,Hard Rock,101.5,under,42.16,-1800,650,0.9474,0.8766,0.0807,0,0.9939,0.0465,0.1172,ev,multiplicative,projection,main,live,20261002CCEAD0D8,2026-10-01T20:06:10.078Z
2026,4,19298,Denzel Boston,CLE,WR,vs PIT,recYds,Caesars,69.5,over,51.99,325,,0.2353,0.2353,,1,0.2817,0.0464,0.0464,ev,none,projection,main,live,20261002CCEAD0D8,2026-10-01T20:06:10.078Z
2026,4,15267,Pat Freiermuth,PIT,TE,at CLE,receptions,DraftKings,2.5,over,3.23,-184,,0.6479,0.6479,,1,0.6941,0.0462,0.0462,ev,none,projection,main,live,20261002CCEAD0D8,2026-10-01T20:06:10.078Z
2026,4,15267,Pat Freiermuth,PIT,TE,at CLE,recYds,Hard Rock,64.5,under,33.66,-1600,600,0.9412,0.8682,0.0840,0,0.9873,0.0462,0.1191,ev,multiplicative,projection,main,live,20261002CCEAD0D8,2026-10-01T20:06:10.078Z
2026,4,18526,Raheim Sanders,CLE,RB,vs PIT,recYds,Hard Rock,6.5,over,13.62,-260,185,0.7222,0.6730,0.0731,0,0.7683,0.0461,0.0953,ev,multiplicative,projection,main,live,20261002CCEAD0D8,2026-10-01T20:06:10.078Z
2026,4,14378,Michael Pittman Jr.,PIT,WR,at CLE,recYds,Hard Rock,67.5,over,40.74,450,-850,0.1818,0.1689,0.0766,0,0.2279,0.0461,0.0590,ev,multiplicative,projection,main,live,20261002CCEAD0D8,2026-10-01T20:06:10.078Z
2026,4,14378,Michael Pittman Jr.,PIT,WR,at CLE,recYds,Hard Rock,61.5,over,40.74,325,-600,0.2353,0.2154,0.0924,0,0.2814,0.0461,0.0660,ev,multiplicative,projection,main,live,20261002CCEAD0D8,2026-10-01T20:06:10.078Z
2026,4,15984,Jaylen Warren,PIT,RB,at CLE,recYds,BetMGM,25.5,under,22.75,-115,-115,0.5349,0.5000,0.0698,0,0.5809,0.0460,0.0809,ev,multiplicative,projection,main,live,20261002CCEAD0D8,2026-10-01T20:06:10.078Z
2026,4,15984,Jaylen Warren,PIT,RB,at CLE,recYds,Hard Rock,62.5,under,22.75,-2000,650,0.9524,0.8772,0.0857,0,0.9984,0.0460,0.1212,ev,multiplicative,projection,main,live,20261002CCEAD0D8,2026-10-01T20:06:10.078Z
2026,4,18472,Harold Fannin Jr.,CLE,TE,vs PIT,receptions,Caesars,2.5,over,4.41,-625,,0.8621,0.8621,,1,0.9079,0.0459,0.0459,ev,none,projection,main,live,20261002CCEAD0D8,2026-10-01T20:06:10.078Z
2026,4,17043,Roman Wilson,PIT,WR,at CLE,recYds,Hard Rock,64.5,under,20.34,-2000,700,0.9524,0.8840,0.0774,0,0.9982,0.0459,0.1143,ev,multiplicative,projection,main,live,20261002CCEAD0D8,2026-10-01T20:06:10.078Z
2026,4,14378,Michael Pittman Jr.,PIT,WR,at CLE,recYds,Hard Rock,66.5,over,40.74,425,-800,0.1905,0.1765,0.0794,0,0.2364,0.0459,0.0599,ev,multiplicative,projection,main,live,20261002CCEAD0D8,2026-10-01T20:06:10.078Z
2026,4,14378,Michael Pittman Jr.,PIT,WR,at CLE,recYds,Hard Rock,68.5,over,40.74,475,-950,0.1739,0.1612,0.0787,0,0.2196,0.0456,0.0583,ev,multiplicative,projection,main,live,20261002CCEAD0D8,2026-10-01T20:06:10.078Z
2026,4,18472,Harold Fannin Jr.,CLE,TE,vs PIT,recYds,Hard Rock,20.5,over,44.69,-550,325,0.8462,0.7824,0.0814,0,0.8916,0.0455,0.1092,ev,multiplicative,projection,main,live,20261002CCEAD0D8,2026-10-01T20:06:10.078Z
2026,4,19263,Germie Bernard,PIT,WR,at CLE,receptions,FanDuel,1.5,under,0.84,-235,172,0.7015,0.6561,0.0691,0,0.7468,0.0453,0.0907,ev,multiplicative,projection,main,live,20261002CCEAD0D8,2026-10-01T20:06:10.078Z
2026,4,15984,Jaylen Warren,PIT,RB,at CLE,recYds,Hard Rock,12.5,under,22.75,325,-500,0.2353,0.2202,0.0686,0,0.2806,0.0453,0.0604,ev,multiplicative,projection,main,live,20261002CCEAD0D8,2026-10-01T20:06:10.078Z
2026,4,19263,Germie Bernard,PIT,WR,at CLE,recYds,Hard Rock,17.5,under,9.67,-275,195,0.7333,0.6839,0.0723,0,0.7786,0.0453,0.0948,ev,multiplicative,projection,main,live,20261002CCEAD0D8,2026-10-01T20:06:10.078Z
2026,4,14378,Michael Pittman Jr.,PIT,WR,at CLE,recYds,Hard Rock,65.5,over,40.74,400,-750,0.2000,0.1848,0.0824,0,0.2451,0.0451,0.0603,ev,multiplicative,projection,main,live,20261002CCEAD0D8,2026-10-01T20:06:10.078Z
2026,4,15267,Pat Freiermuth,PIT,TE,at CLE,recYds,Hard Rock,51.5,under,33.66,-600,350,0.8571,0.7941,0.0794,0,0.9021,0.0450,0.1080,ev,multiplicative,projection,main,live,20261002CCEAD0D8,2026-10-01T20:06:10.078Z
2026,4,11712,Deshaun Watson,CLE,QB,vs PIT,passYds,Hard Rock,168.5,over,218.73,-200,,0.6667,0.6667,,1,0.7116,0.0450,0.0450,ev,none,projection,main,live,20261002CCEAD0D8,2026-10-01T20:06:10.078Z
2026,4,19263,Germie Bernard,PIT,WR,at CLE,recYds,FanDuel,8.5,over,9.67,-104,-122,0.5098,0.4812,0.0594,0,0.5545,0.0447,0.0732,ev,multiplicative,projection,main,live,20261002CCEAD0D8,2026-10-01T20:06:10.078Z
2026,4,19263,Germie Bernard,PIT,WR,at CLE,recYds,Hard Rock,5.5,over,9.67,-180,130,0.6429,0.5965,0.0776,0,0.6873,0.0445,0.0908,ev,multiplicative,projection,main,live,20261002CCEAD0D8,2026-10-01T20:06:10.078Z
2026,4,17043,Roman Wilson,PIT,WR,at CLE,recYds,Hard Rock,28.5,under,20.34,-195,135,0.6610,0.6084,0.0865,0,0.7051,0.0441,0.0967,ev,multiplicative,projection,main,live,20261002CCEAD0D8,2026-10-01T20:06:10.078Z
2026,4,18526,Raheim Sanders,CLE,RB,vs PIT,recYds,Hard Rock,33.5,under,13.62,-1300,550,0.9286,0.8579,0.0824,0,0.9723,0.0437,0.1144,ev,multiplicative,projection,main,live,20261002CCEAD0D8,2026-10-01T20:06:10.078Z
2026,4,15984,Jaylen Warren,PIT,RB,at CLE,rushYds,Hard Rock,64.5,over,96.25,-200,140,0.6667,0.6154,0.0833,0,0.7103,0.0437,0.0950,ev,multiplicative,projection,main,live,20261002CCEAD0D8,2026-10-01T20:06:10.078Z
2026,4,18472,Harold Fannin Jr.,CLE,TE,vs PIT,recYds,Hard Rock,19.5,over,44.69,-600,350,0.8571,0.7941,0.0794,0,0.9008,0.0437,0.1067,ev,multiplicative,projection,main,live,20261002CCEAD0D8,2026-10-01T20:06:10.078Z
2026,4,15984,Jaylen Warren,PIT,RB,at CLE,recYds,Hard Rock,10.5,under,22.75,400,-700,0.2000,0.1860,0.0750,0,0.2437,0.0437,0.0577,ev,multiplicative,projection,main,live,20261002CCEAD0D8,2026-10-01T20:06:10.078Z
2026,4,17130,Blake Whiteheart,CLE,TE,vs PIT,recYds,Hard Rock,17.5,over,9.35,450,-850,0.1818,0.1689,0.0766,0,0.2254,0.0436,0.0565,ev,multiplicative,projection,main,live,20261002CCEAD0D8,2026-10-01T20:06:10.078Z
2026,4,11712,Deshaun Watson,CLE,QB,vs PIT,rushYds,Hard Rock,61.5,under,17.22,-2200,700,0.9565,0.8844,0.0815,0,1.0000,0.0435,0.1156,ev,multiplicative,projection,main,live,20261002CCEAD0D8,2026-10-01T20:06:10.078Z
2026,4,18472,Harold Fannin Jr.,CLE,TE,vs PIT,recYds,BetRivers,40.5,over,44.69,-118,-113,0.5413,0.5050,0.0718,0,0.5847,0.0434,0.0797,ev,multiplicative,projection,main,live,20261002CCEAD0D8,2026-10-01T20:06:10.078Z
2026,4,14378,Michael Pittman Jr.,PIT,WR,at CLE,recYds,Hard Rock,64.5,over,40.74,375,-700,0.2105,0.1939,0.0855,0,0.2539,0.0434,0.0600,ev,multiplicative,projection,main,live,20261002CCEAD0D8,2026-10-01T20:06:10.078Z
2026,4,19263,Germie Bernard,PIT,WR,at CLE,recYds,Hard Rock,36.5,under,9.67,-2000,700,0.9524,0.8840,0.0774,0,0.9957,0.0434,0.1118,ev,multiplicative,projection,main,live,20261002CCEAD0D8,2026-10-01T20:06:10.078Z
2026,4,14458,Jerry Jeudy,CLE,WR,vs PIT,recYds,FanDuel,49.5,over,17.27,629,,0.1372,0.1372,,1,0.1804,0.0432,0.0432,ev,none,projection,main,live,20261002CCEAD0D8,2026-10-01T20:06:10.078Z
2026,4,16889,Darnell Washington,PIT,TE,at CLE,recYds,Hard Rock,55.5,under,14.96,-2200,700,0.9565,0.8844,0.0815,0,0.9997,0.0432,0.1153,ev,multiplicative,projection,main,live,20261002CCEAD0D8,2026-10-01T20:06:10.078Z
2026,4,14458,Jerry Jeudy,CLE,WR,vs PIT,receptions,DraftKings,1.5,over,1.43,123,-157,0.4484,0.4233,0.0593,0,0.4916,0.0431,0.0682,ev,multiplicative,projection,main,live,20261002CCEAD0D8,2026-10-01T20:06:10.078Z
2026,4,18516,Quinshon Judkins,CLE,RB,vs PIT,rushYds,Hard Rock,115.5,under,42.39,-2200,750,0.9565,0.8905,0.0742,0,0.9996,0.0431,0.1092,ev,multiplicative,projection,main,live,20261002CCEAD0D8,2026-10-01T20:06:10.078Z
2026,4,18516,Quinshon Judkins,CLE,RB,vs PIT,rushYds,Hard Rock,114.5,under,42.39,-2200,750,0.9565,0.8905,0.0742,0,0.9996,0.0430,0.1091,ev,multiplicative,projection,main,live,20261002CCEAD0D8,2026-10-01T20:06:10.078Z
2026,4,14378,Michael Pittman Jr.,PIT,WR,at CLE,recYds,Caesars,39.5,over,40.74,107,,0.4831,0.4831,,1,0.5259,0.0429,0.0429,ev,none,projection,main,live,20261002CCEAD0D8,2026-10-01T20:06:10.078Z
2026,4,15267,Pat Freiermuth,PIT,TE,at CLE,recYds,Hard Rock,50.5,under,33.66,-550,350,0.8462,0.7920,0.0684,0,0.8890,0.0429,0.0970,ev,multiplicative,projection,main,live,20261002CCEAD0D8,2026-10-01T20:06:10.078Z
2026,4,14378,Michael Pittman Jr.,PIT,WR,at CLE,recYds,Hard Rock,11.5,over,40.74,-850,,0.8947,0.8947,,1,0.9376,0.0428,0.0428,ev,none,projection,main,live,20261002CCEAD0D8,2026-10-01T20:06:10.078Z
2026,4,16889,Darnell Washington,PIT,TE,at CLE,recYds,Hard Rock,18.5,under,14.96,-135,-105,0.5745,0.5287,0.0867,0,0.6172,0.0427,0.0885,ev,multiplicative,projection,main,live,20261002CCEAD0D8,2026-10-01T20:06:10.078Z
2026,4,19298,Denzel Boston,CLE,WR,vs PIT,receptions,FanDuel,5.5,over,3.13,699,,0.1252,0.1252,,1,0.1678,0.0426,0.0426,ev,none,projection,main,live,20261002CCEAD0D8,2026-10-01T20:06:10.078Z
2026,4,18526,Raheim Sanders,CLE,RB,vs PIT,recYds,FanDuel,4.5,over,13.62,-363,,0.7840,0.7840,,1,0.8262,0.0422,0.0422,ev,none,projection,main,live,20261002CCEAD0D8,2026-10-01T20:06:10.078Z
2026,4,11712,Deshaun Watson,CLE,QB,vs PIT,passYds,theScore,274.5,over,218.73,550,,0.1538,0.1538,,1,0.1961,0.0422,0.0422,ev,none,projection,main,live,20261002CCEAD0D8,2026-10-01T20:06:10.078Z
2026,4,13424,DK Metcalf,PIT,WR,at CLE,recYds,Hard Rock,102.5,under,42.16,-2000,700,0.9524,0.8840,0.0774,0,0.9946,0.0422,0.1106,ev,multiplicative,projection,main,live,20261002CCEAD0D8,2026-10-01T20:06:10.078Z
2026,4,15984,Jaylen Warren,PIT,RB,at CLE,recYds,Hard Rock,63.5,under,22.75,-2200,700,0.9565,0.8844,0.0815,0,0.9988,0.0422,0.1143,ev,multiplicative,projection,main,live,20261002CCEAD0D8,2026-10-01T20:06:10.078Z
2026,4,18472,Harold Fannin Jr.,CLE,TE,vs PIT,recYds,Hard Rock,59.5,under,44.69,-350,230,0.7778,0.7196,0.0808,0,0.8198,0.0421,0.1002,ev,multiplicative,projection,main,live,20261002CCEAD0D8,2026-10-01T20:06:10.078Z
2026,4,17043,Roman Wilson,PIT,WR,at CLE,recYds,Hard Rock,65.5,under,20.34,-2200,700,0.9565,0.8844,0.0815,0,0.9986,0.0421,0.1142,ev,multiplicative,projection,main,live,20261002CCEAD0D8,2026-10-01T20:06:10.078Z
2026,4,11712,Deshaun Watson,CLE,QB,vs PIT,passYds,DraftKings,299.5,over,218.73,1420,,0.0658,0.0658,,1,0.1076,0.0418,0.0418,ev,none,projection,main,live,20261002CCEAD0D8,2026-10-01T20:06:10.078Z
2026,4,18526,Raheim Sanders,CLE,RB,vs PIT,recYds,Hard Rock,35.5,under,13.62,-1600,650,0.9412,0.8759,0.0745,0,0.9825,0.0413,0.1066,ev,multiplicative,projection,main,live,20261002CCEAD0D8,2026-10-01T20:06:10.078Z
2026,4,15267,Pat Freiermuth,PIT,TE,at CLE,recYds,Hard Rock,49.5,under,33.66,-500,325,0.8333,0.7798,0.0686,0,0.8747,0.0413,0.0949,ev,multiplicative,projection,main,live,20261002CCEAD0D8,2026-10-01T20:06:10.078Z
2026,4,18472,Harold Fannin Jr.,CLE,TE,vs PIT,receptions,Hard Rock,2.5,over,4.41,-650,,0.8667,0.8667,,1,0.9079,0.0413,0.0413,ev,none,projection,main,live,20261002CCEAD0D8,2026-10-01T20:06:10.078Z
2026,4,11712,Deshaun Watson,CLE,QB,vs PIT,passYds,Hard Rock,169.5,over,218.73,-200,,0.6667,0.6667,,1,0.7078,0.0412,0.0412,ev,none,projection,main,live,20261002CCEAD0D8,2026-10-01T20:06:10.078Z
2026,4,15984,Jaylen Warren,PIT,RB,at CLE,rushYds,Hard Rock,128.5,over,96.25,500,-1100,0.1667,0.1538,0.0833,0,0.2079,0.0412,0.0540,ev,multiplicative,projection,main,live,20261002CCEAD0D8,2026-10-01T20:06:10.078Z
2026,4,15984,Jaylen Warren,PIT,RB,at CLE,recYds,Hard Rock,20.5,under,22.75,145,-200,0.4082,0.3797,0.0748,0,0.4493,0.0411,0.0695,ev,multiplicative,projection,main,live,20261002CCEAD0D8,2026-10-01T20:06:10.078Z
2026,4,14378,Michael Pittman Jr.,PIT,WR,at CLE,recYds,Caesars,59.5,over,40.74,285,,0.2597,0.2597,,1,0.3005,0.0408,0.0408,ev,none,projection,main,live,20261002CCEAD0D8,2026-10-01T20:06:10.078Z
2026,4,15984,Jaylen Warren,PIT,RB,at CLE,rushYds,Hard Rock,129.5,over,96.25,525,-1100,0.1600,0.1486,0.0767,0,0.2007,0.0407,0.0521,ev,multiplicative,projection,main,live,20261002CCEAD0D8,2026-10-01T20:06:10.078Z
2026,4,18472,Harold Fannin Jr.,CLE,TE,vs PIT,receptions,DraftKings,3.5,over,4.41,-229,,0.6960,0.6960,,1,0.7366,0.0405,0.0405,ev,none,projection,main,live,20261002CCEAD0D8,2026-10-01T20:06:10.078Z
2026,4,18526,Raheim Sanders,CLE,RB,vs PIT,recYds,Hard Rock,25.5,under,13.62,-500,300,0.8333,0.7692,0.0833,0,0.8738,0.0405,0.1046,ev,multiplicative,projection,main,live,20261002CCEAD0D8,2026-10-01T20:06:10.078Z
2026,4,18526,Raheim Sanders,CLE,RB,vs PIT,recYds,Hard Rock,34.5,under,13.62,-1500,600,0.9375,0.8678,0.0804,0,0.9779,0.0404,0.1101,ev,multiplicative,projection,main,live,20261002CCEAD0D8,2026-10-01T20:06:10.078Z
2026,4,13424,DK Metcalf,PIT,WR,at CLE,recYds,DraftKings,46.5,under,42.16,-114,-110,0.5327,0.5042,0.0565,0,0.5727,0.0400,0.0685,ev,multiplicative,projection,main,live,20261002CCEAD0D8,2026-10-01T20:06:10.078Z
2026,4,14378,Michael Pittman Jr.,PIT,WR,at CLE,recYds,Caesars,49.5,over,40.74,175,,0.3636,0.3636,,1,0.4036,0.0399,0.0399,ev,none,projection,main,live,20261002CCEAD0D8,2026-10-01T20:06:10.078Z
2026,4,14378,Michael Pittman Jr.,PIT,WR,at CLE,recYds,theScore,49.5,over,40.74,175,,0.3636,0.3636,,1,0.4036,0.0399,0.0399,ev,none,projection,main,live,20261002CCEAD0D8,2026-10-01T20:06:10.078Z
2026,4,15984,Jaylen Warren,PIT,RB,at CLE,recYds,Hard Rock,22.5,under,22.75,120,-170,0.4545,0.4193,0.0842,0,0.4943,0.0398,0.0751,ev,multiplicative,projection,main,live,20261002CCEAD0D8,2026-10-01T20:06:10.078Z
2026,4,15984,Jaylen Warren,PIT,RB,at CLE,recYds,Hard Rock,11.5,under,22.75,350,-575,0.2222,0.2069,0.0741,0,0.2619,0.0396,0.0550,ev,multiplicative,projection,main,live,20261002CCEAD0D8,2026-10-01T20:06:10.078Z
2026,4,18472,Harold Fannin Jr.,CLE,TE,vs PIT,recYds,DraftKings,14.5,over,44.69,-890,,0.8990,0.8990,,1,0.9384,0.0394,0.0394,ev,none,projection,main,live,20261002CCEAD0D8,2026-10-01T20:06:10.078Z
2026,4,18472,Harold Fannin Jr.,CLE,TE,vs PIT,recYds,theScore,39.5,over,44.69,-130,100,0.5652,0.5306,0.0652,0,0.6045,0.0393,0.0739,ev,multiplicative,projection,main,live,20261002CCEAD0D8,2026-10-01T20:06:10.078Z
2026,4,18472,Harold Fannin Jr.,CLE,TE,vs PIT,recYds,Hard Rock,40.5,over,44.69,-120,-110,0.5455,0.5101,0.0693,0,0.5847,0.0392,0.0746,ev,multiplicative,projection,main,live,20261002CCEAD0D8,2026-10-01T20:06:10.078Z
2026,4,13424,DK Metcalf,PIT,WR,at CLE,recYds,Hard Rock,104.5,under,42.16,-2200,700,0.9565,0.8844,0.0815,0,0.9957,0.0392,0.1113,ev,multiplicative,projection,main,live,20261002CCEAD0D8,2026-10-01T20:06:10.078Z
2026,4,18516,Quinshon Judkins,CLE,RB,vs PIT,recYds,Hard Rock,9.5,over,12.98,-145,,0.5918,0.5918,,1,0.6309,0.0391,0.0391,ev,none,projection,main,live,20261002CCEAD0D8,2026-10-01T20:06:10.078Z
2026,4,19298,Denzel Boston,CLE,WR,vs PIT,receptions,DraftKings,2.5,over,3.13,-151,118,0.6016,0.5674,0.0603,0,0.6406,0.0390,0.0732,ev,multiplicative,projection,main,live,20261002CCEAD0D8,2026-10-01T20:06:10.078Z
2026,4,11712,Deshaun Watson,CLE,QB,vs PIT,passYds,DraftKings,159.5,over,218.73,-240,,0.7059,0.7059,,1,0.7448,0.0389,0.0389,ev,none,projection,main,live,20261002CCEAD0D8,2026-10-01T20:06:10.078Z
2026,4,15984,Jaylen Warren,PIT,RB,at CLE,rushYds,Hard Rock,63.5,over,96.25,-210,150,0.6774,0.6287,0.0774,0,0.7163,0.0389,0.0875,ev,multiplicative,projection,main,live,20261002CCEAD0D8,2026-10-01T20:06:10.078Z
2026,4,15267,Pat Freiermuth,PIT,TE,at CLE,recYds,Hard Rock,35.5,over,33.66,145,,0.4082,0.4082,,1,0.4469,0.0388,0.0388,ev,none,projection,main,live,20261002CCEAD0D8,2026-10-01T20:06:10.078Z
2026,4,18472,Harold Fannin Jr.,CLE,TE,vs PIT,recYds,BetRivers,19.5,over,44.69,-625,,0.8621,0.8621,,1,0.9008,0.0387,0.0387,ev,none,projection,main,live,20261002CCEAD0D8,2026-10-01T20:06:10.078Z
2026,4,15267,Pat Freiermuth,PIT,TE,at CLE,recYds,Hard Rock,9.5,over,33.66,-700,375,0.8750,0.8061,0.0855,0,0.9137,0.0387,0.1076,ev,multiplicative,projection,main,live,20261002CCEAD0D8,2026-10-01T20:06:10.078Z
2026,4,15984,Jaylen Warren,PIT,RB,at CLE,rushYds,DraftKings,149.5,over,96.25,1860,,0.0510,0.0510,,1,0.0895,0.0385,0.0385,ev,none,projection,main,live,20261002CCEAD0D8,2026-10-01T20:06:10.078Z
2026,4,11712,Deshaun Watson,CLE,QB,vs PIT,rushYds,Hard Rock,63.5,under,17.22,-2500,750,0.9615,0.8910,0.0792,0,1.0000,0.0385,0.1090,ev,multiplicative,projection,main,live,20261002CCEAD0D8,2026-10-01T20:06:10.078Z
2026,4,17130,Blake Whiteheart,CLE,TE,vs PIT,recYds,FanDuel,19.5,over,9.35,638,,0.1355,0.1355,,1,0.1738,0.0383,0.0383,ev,none,projection,main,live,20261002CCEAD0D8,2026-10-01T20:06:10.078Z
2026,4,16889,Darnell Washington,PIT,TE,at CLE,recYds,Hard Rock,57.5,under,14.96,-2500,800,0.9615,0.8964,0.0726,0,0.9998,0.0383,0.1034,ev,multiplicative,projection,main,live,20261002CCEAD0D8,2026-10-01T20:06:10.078Z
2026,4,11712,Deshaun Watson,CLE,QB,vs PIT,int,theScore,1.5,over,0.99,350,,0.2222,0.2222,,1,0.2606,0.0383,0.0383,ev,none,projection,main,live,20261002CCEAD0D8,2026-10-01T20:06:10.078Z
2026,4,15267,Pat Freiermuth,PIT,TE,at CLE,recYds,FanDuel,9.5,over,33.66,-703,,0.8755,0.8755,,1,0.9137,0.0382,0.0382,ev,none,projection,main,live,20261002CCEAD0D8,2026-10-01T20:06:10.078Z
2026,4,16889,Darnell Washington,PIT,TE,at CLE,recYds,Hard Rock,56.5,under,14.96,-2500,750,0.9615,0.8910,0.0792,0,0.9998,0.0382,0.1088,ev,multiplicative,projection,main,live,20261002CCEAD0D8,2026-10-01T20:06:10.078Z
2026,4,18516,Quinshon Judkins,CLE,RB,vs PIT,rushYds,Hard Rock,117.5,under,42.39,-2500,750,0.9615,0.8910,0.0792,0,0.9997,0.0382,0.1087,ev,multiplicative,projection,main,live,20261002CCEAD0D8,2026-10-01T20:06:10.078Z
2026,4,13484,Travis Homer,PIT,RB,at CLE,rushYds,DraftKings,24.5,over,13.65,750,,0.1176,0.1176,,1,0.1557,0.0381,0.0381,ev,none,projection,main,live,20261002CCEAD0D8,2026-10-01T20:06:10.078Z
2026,4,14458,Jerry Jeudy,CLE,WR,vs PIT,recYds,FanDuel,19.5,over,17.27,129,,0.4367,0.4367,,1,0.4748,0.0381,0.0381,ev,none,projection,main,live,20261002CCEAD0D8,2026-10-01T20:06:10.078Z
2026,4,18516,Quinshon Judkins,CLE,RB,vs PIT,rushYds,Hard Rock,116.5,under,42.39,-2500,750,0.9615,0.8910,0.0792,0,0.9997,0.0381,0.1087,ev,multiplicative,projection,main,live,20261002CCEAD0D8,2026-10-01T20:06:10.078Z
2026,4,14378,Michael Pittman Jr.,PIT,WR,at CLE,recYds,theScore,39.5,over,40.74,105,,0.4878,0.4878,,1,0.5259,0.0381,0.0381,ev,none,projection,main,live,20261002CCEAD0D8,2026-10-01T20:06:10.078Z
2026,4,13484,Travis Homer,PIT,RB,at CLE,rushYds,Hard Rock,24.5,over,13.65,750,-2500,0.1176,0.1090,0.0792,0,0.1557,0.0381,0.0467,ev,multiplicative,projection,main,live,20261002CCEAD0D8,2026-10-01T20:06:10.078Z
2026,4,14458,Jerry Jeudy,CLE,WR,vs PIT,recYds,Hard Rock,20.5,over,17.27,135,-195,0.4255,0.3916,0.0865,0,0.4635,0.0380,0.0719,ev,multiplicative,projection,main,live,20261002CCEAD0D8,2026-10-01T20:06:10.078Z
2026,4,11712,Deshaun Watson,CLE,QB,vs PIT,passYds,Hard Rock,167.5,over,218.73,-210,150,0.6774,0.6287,0.0774,0,0.7154,0.0380,0.0867,ev,multiplicative,projection,main,live,20261002CCEAD0D8,2026-10-01T20:06:10.078Z
2026,4,13424,DK Metcalf,PIT,WR,at CLE,recYds,Hard Rock,46.5,under,42.16,-115,-120,0.5349,0.4951,0.0803,0,0.5727,0.0378,0.0776,ev,multiplicative,projection,main,live,20261002CCEAD0D8,2026-10-01T20:06:10.078Z
2026,4,14458,Jerry Jeudy,CLE,WR,vs PIT,recYds,DraftKings,14.5,over,17.27,-113,-111,0.5305,0.5021,0.0566,0,0.5682,0.0377,0.0661,ev,multiplicative,projection,main,live,20261002CCEAD0D8,2026-10-01T20:06:10.078Z
2026,4,14458,Jerry Jeudy,CLE,WR,vs PIT,recYds,FanDuel,14.5,over,17.27,-113,-113,0.5305,0.5000,0.0610,0,0.5682,0.0377,0.0682,ev,multiplicative,projection,main,live,20261002CCEAD0D8,2026-10-01T20:06:10.078Z
2026,4,15984,Jaylen Warren,PIT,RB,at CLE,recYds,Hard Rock,65.5,under,22.75,-2500,800,0.9615,0.8964,0.0726,0,0.9993,0.0377,0.1028,ev,multiplicative,projection,main,live,20261002CCEAD0D8,2026-10-01T20:06:10.078Z
2026,4,11712,Deshaun Watson,CLE,QB,vs PIT,completions,BetMGM,18.5,over,20.11,-120,-110,0.5455,0.5101,0.0693,0,0.5830,0.0376,0.0729,ev,multiplicative,projection,main,live,20261002CCEAD0D8,2026-10-01T20:06:10.078Z
2026,4,15984,Jaylen Warren,PIT,RB,at CLE,rushYds,Caesars,139.5,over,96.25,900,,0.1000,0.1000,,1,0.1376,0.0376,0.0376,ev,none,projection,main,live,20261002CCEAD0D8,2026-10-01T20:06:10.078Z
2026,4,11712,Deshaun Watson,CLE,QB,vs PIT,completions,BetRivers,18.5,over,20.11,-120,,0.5455,0.5455,,1,0.5830,0.0376,0.0376,ev,none,projection,main,live,20261002CCEAD0D8,2026-10-01T20:06:10.078Z
2026,4,14378,Michael Pittman Jr.,PIT,WR,at CLE,recYds,Hard Rock,69.5,over,40.74,475,-1000,0.1739,0.1606,0.0830,0,0.2114,0.0375,0.0508,ev,multiplicative,projection,main,live,20261002CCEAD0D8,2026-10-01T20:06:10.078Z
2026,4,15984,Jaylen Warren,PIT,RB,at CLE,recYds,Hard Rock,64.5,under,22.75,-2500,750,0.9615,0.8910,0.0792,0,0.9990,0.0375,0.1081,ev,multiplicative,projection,main,live,20261002CCEAD0D8,2026-10-01T20:06:10.078Z
2026,4,17043,Roman Wilson,PIT,WR,at CLE,recYds,Hard Rock,66.5,under,20.34,-2500,750,0.9615,0.8910,0.0792,0,0.9989,0.0373,0.1079,ev,multiplicative,projection,main,live,20261002CCEAD0D8,2026-10-01T20:06:10.078Z
2026,4,19298,Denzel Boston,CLE,WR,vs PIT,recYds,Hard Rock,14.5,over,51.99,-600,,0.8571,0.8571,,1,0.8942,0.0371,0.0371,ev,none,projection,main,live,20261002CCEAD0D8,2026-10-01T20:06:10.078Z
2026,4,15984,Jaylen Warren,PIT,RB,at CLE,recYds,Hard Rock,21.5,under,22.75,130,-185,0.4348,0.4011,0.0839,0,0.4718,0.0370,0.0706,ev,multiplicative,projection,main,live,20261002CCEAD0D8,2026-10-01T20:06:10.078Z
2026,4,19263,Germie Bernard,PIT,WR,at CLE,recYds,Hard Rock,6.5,over,9.67,-155,115,0.6078,0.5665,0.0730,0,0.6448,0.0369,0.0782,ev,multiplicative,projection,main,live,20261002CCEAD0D8,2026-10-01T20:06:10.078Z
2026,4,13424,DK Metcalf,PIT,WR,at CLE,recYds,Caesars,45.5,under,42.16,-108,-125,0.5192,0.4831,0.0748,0,0.5561,0.0368,0.0730,ev,multiplicative,projection,main,live,20261002CCEAD0D8,2026-10-01T20:06:10.078Z
2026,4,14378,Michael Pittman Jr.,PIT,WR,at CLE,recYds,Hard Rock,70.5,over,40.74,500,-1000,0.1667,0.1549,0.0758,0,0.2034,0.0368,0.0485,ev,multiplicative,projection,main,live,20261002CCEAD0D8,2026-10-01T20:06:10.078Z
2026,4,11712,Deshaun Watson,CLE,QB,vs PIT,int,DraftKings,1.5,over,0.99,346,,0.2242,0.2242,,1,0.2606,0.0363,0.0363,ev,none,projection,main,live,20261002CCEAD0D8,2026-10-01T20:06:10.078Z
2026,4,13424,DK Metcalf,PIT,WR,at CLE,recYds,FanDuel,19.5,over,42.16,-584,,0.8538,0.8538,,1,0.8900,0.0362,0.0362,ev,none,projection,main,live,20261002CCEAD0D8,2026-10-01T20:06:10.078Z
2026,4,18526,Raheim Sanders,CLE,RB,vs PIT,recYds,FanDuel,9.5,over,13.62,-169,,0.6283,0.6283,,1,0.6643,0.0361,0.0361,ev,none,projection,main,live,20261002CCEAD0D8,2026-10-01T20:06:10.078Z
2026,4,19263,Germie Bernard,PIT,WR,at CLE,recYds,Hard Rock,38.5,under,9.67,-2500,750,0.9615,0.8910,0.0792,0,0.9976,0.0361,0.1067,ev,multiplicative,projection,main,live,20261002CCEAD0D8,2026-10-01T20:06:10.078Z
2026,4,15984,Jaylen Warren,PIT,RB,at CLE,recYds,Hard Rock,9.5,under,22.75,425,-800,0.1905,0.1765,0.0794,0,0.2263,0.0358,0.0499,ev,multiplicative,projection,main,live,20261002CCEAD0D8,2026-10-01T20:06:10.078Z
2026,4,14378,Michael Pittman Jr.,PIT,WR,at CLE,recYds,Hard Rock,71.5,over,40.74,525,-1100,0.1600,0.1486,0.0767,0,0.1956,0.0356,0.0470,ev,multiplicative,projection,main,live,20261002CCEAD0D8,2026-10-01T20:06:10.078Z
2026,4,14458,Jerry Jeudy,CLE,WR,vs PIT,recYds,Caesars,14.5,over,17.27,-114,-115,0.5327,0.4990,0.0676,0,0.5682,0.0355,0.0693,ev,multiplicative,projection,main,live,20261002CCEAD0D8,2026-10-01T20:06:10.078Z
2026,4,15267,Pat Freiermuth,PIT,TE,at CLE,receptions,Caesars,2.5,over,3.23,-193,,0.6587,0.6587,,1,0.6941,0.0354,0.0354,ev,none,projection,main,live,20261002CCEAD0D8,2026-10-01T20:06:10.078Z
2026,4,13424,DK Metcalf,PIT,WR,at CLE,recYds,Hard Rock,106.5,under,42.16,-2500,800,0.9615,0.8964,0.0726,0,0.9967,0.0352,0.1003,ev,multiplicative,projection,main,live,20261002CCEAD0D8,2026-10-01T20:06:10.078Z
2026,4,18472,Harold Fannin Jr.,CLE,TE,vs PIT,recYds,Hard Rock,88.5,under,44.69,-2500,750,0.9615,0.8910,0.0792,0,0.9966,0.0351,0.1056,ev,multiplicative,projection,main,live,20261002CCEAD0D8,2026-10-01T20:06:10.078Z
2026,4,13424,DK Metcalf,PIT,WR,at CLE,recYds,BetRivers,19.5,over,42.16,-590,,0.8551,0.8551,,1,0.8900,0.0349,0.0349,ev,none,projection,main,live,20261002CCEAD0D8,2026-10-01T20:06:10.078Z
2026,4,14458,Jerry Jeudy,CLE,WR,vs PIT,recYds,FanDuel,9.5,over,17.27,-186,,0.6503,0.6503,,1,0.6851,0.0348,0.0348,ev,none,projection,main,live,20261002CCEAD0D8,2026-10-01T20:06:10.078Z
2026,4,15984,Jaylen Warren,PIT,RB,at CLE,recYds,Hard Rock,19.5,under,22.75,155,-225,0.3922,0.3616,0.0845,0,0.4269,0.0348,0.0653,ev,multiplicative,projection,main,live,20261002CCEAD0D8,2026-10-01T20:06:10.078Z
2026,4,14378,Michael Pittman Jr.,PIT,WR,at CLE,recYds,FanDuel,69.5,over,40.74,466,,0.1767,0.1767,,1,0.2114,0.0347,0.0347,ev,none,projection,main,live,20261002CCEAD0D8,2026-10-01T20:06:10.078Z
2026,4,15984,Jaylen Warren,PIT,RB,at CLE,rushYds,Hard Rock,62.5,over,96.25,-220,155,0.6875,0.6368,0.0797,0,0.7222,0.0347,0.0854,ev,multiplicative,projection,main,live,20261002CCEAD0D8,2026-10-01T20:06:10.078Z
2026,4,13424,DK Metcalf,PIT,WR,at CLE,recYds,Hard Rock,105.5,under,42.16,-2500,750,0.9615,0.8910,0.0792,0,0.9962,0.0347,0.1053,ev,multiplicative,projection,main,live,20261002CCEAD0D8,2026-10-01T20:06:10.078Z
2026,4,18526,Raheim Sanders,CLE,RB,vs PIT,recYds,Hard Rock,24.5,under,13.62,-450,275,0.8182,0.7542,0.0848,0,0.8528,0.0346,0.0986,ev,multiplicative,projection,main,live,20261002CCEAD0D8,2026-10-01T20:06:10.078Z
2026,4,15984,Jaylen Warren,PIT,RB,at CLE,recYds,Hard Rock,18.5,under,22.75,170,-250,0.3704,0.3415,0.0847,0,0.4048,0.0345,0.0634,ev,multiplicative,projection,main,live,20261002CCEAD0D8,2026-10-01T20:06:10.078Z
2026,4,19298,Denzel Boston,CLE,WR,vs PIT,receptions,Caesars,2.5,over,3.13,-154,,0.6063,0.6063,,1,0.6406,0.0343,0.0343,ev,none,projection,main,live,20261002CCEAD0D8,2026-10-01T20:06:10.078Z
2026,4,15984,Jaylen Warren,PIT,RB,at CLE,recYds,Hard Rock,14.5,under,22.75,250,-375,0.2857,0.2657,0.0752,0,0.3200,0.0343,0.0543,ev,multiplicative,projection,main,live,20261002CCEAD0D8,2026-10-01T20:06:10.078Z
2026,4,18516,Quinshon Judkins,CLE,RB,vs PIT,recYds,Caesars,9.5,over,12.98,-148,,0.5968,0.5968,,1,0.6309,0.0342,0.0342,ev,none,projection,main,live,20261002CCEAD0D8,2026-10-01T20:06:10.078Z
2026,4,14378,Michael Pittman Jr.,PIT,WR,at CLE,recYds,Hard Rock,72.5,over,40.74,550,-1200,0.1538,0.1429,0.0769,0,0.1880,0.0342,0.0452,ev,multiplicative,projection,main,live,20261002CCEAD0D8,2026-10-01T20:06:10.078Z
2026,4,18526,Raheim Sanders,CLE,RB,vs PIT,recYds,Hard Rock,10.5,over,13.62,-145,105,0.5918,0.5482,0.0796,0,0.6260,0.0342,0.0778,ev,multiplicative,projection,main,live,20261002CCEAD0D8,2026-10-01T20:06:10.078Z
2026,4,18472,Harold Fannin Jr.,CLE,TE,vs PIT,recYds,Caesars,19.5,over,44.69,-650,,0.8667,0.8667,,1,0.9008,0.0341,0.0341,ev,none,projection,main,live,20261002CCEAD0D8,2026-10-01T20:06:10.078Z
2026,4,18472,Harold Fannin Jr.,CLE,TE,vs PIT,recYds,theScore,19.5,over,44.69,-650,,0.8667,0.8667,,1,0.9008,0.0341,0.0341,ev,none,projection,main,live,20261002CCEAD0D8,2026-10-01T20:06:10.078Z
2026,4,18526,Raheim Sanders,CLE,RB,vs PIT,recYds,Hard Rock,36.5,under,13.62,-2000,700,0.9524,0.8840,0.0774,0,0.9863,0.0339,0.1023,ev,multiplicative,projection,main,live,20261002CCEAD0D8,2026-10-01T20:06:10.078Z
2026,4,14378,Michael Pittman Jr.,PIT,WR,at CLE,recYds,theScore,59.5,over,40.74,275,,0.2667,0.2667,,1,0.3005,0.0339,0.0339,ev,none,projection,main,live,20261002CCEAD0D8,2026-10-01T20:06:10.078Z
2026,4,14458,Jerry Jeudy,CLE,WR,vs PIT,recYds,Hard Rock,55.5,over,17.27,850,,0.1053,0.1053,,1,0.1392,0.0339,0.0339,ev,none,projection,main,live,20261002CCEAD0D8,2026-10-01T20:06:10.078Z
2026,4,17043,Roman Wilson,PIT,WR,at CLE,recYds,theScore,24.5,under,20.34,-135,105,0.5745,0.5408,0.0623,0,0.6083,0.0338,0.0675,ev,multiplicative,projection,main,live,20261002CCEAD0D8,2026-10-01T20:06:10.078Z
2026,4,18526,Raheim Sanders,CLE,RB,vs PIT,recYds,Hard Rock,5.5,over,13.62,-325,220,0.7647,0.7099,0.0772,0,0.7985,0.0338,0.0886,ev,multiplicative,projection,main,live,20261002CCEAD0D8,2026-10-01T20:06:10.078Z
2026,4,15984,Jaylen Warren,PIT,RB,at CLE,rushYds,Hard Rock,130.5,over,96.25,525,,0.1600,0.1600,,1,0.1937,0.0337,0.0337,ev,none,projection,main,live,20261002CCEAD0D8,2026-10-01T20:06:10.078Z
2026,4,14458,Jerry Jeudy,CLE,WR,vs PIT,recYds,Hard Rock,14.5,over,17.27,-115,-115,0.5349,0.5000,0.0698,0,0.5682,0.0334,0.0682,ev,multiplicative,projection,main,live,20261002CCEAD0D8,2026-10-01T20:06:10.078Z
2026,4,15984,Jaylen Warren,PIT,RB,at CLE,recYds,Hard Rock,13.5,under,22.75,275,-425,0.2667,0.2478,0.0762,0,0.3000,0.0334,0.0523,ev,multiplicative,projection,main,live,20261002CCEAD0D8,2026-10-01T20:06:10.078Z
2026,4,15267,Pat Freiermuth,PIT,TE,at CLE,receptions,Hard Rock,2.5,over,3.23,-195,140,0.6610,0.6134,0.0777,0,0.6941,0.0331,0.0808,ev,multiplicative,projection,main,live,20261002CCEAD0D8,2026-10-01T20:06:10.078Z
2026,4,14458,Jerry Jeudy,CLE,WR,vs PIT,recYds,Hard Rock,12.5,over,17.27,-140,105,0.5833,0.5446,0.0711,0,0.6164,0.0330,0.0718,ev,multiplicative,projection,main,live,20261002CCEAD0D8,2026-10-01T20:06:10.078Z
2026,4,15984,Jaylen Warren,PIT,RB,at CLE,rushYds,Hard Rock,131.5,over,96.25,550,,0.1538,0.1538,,1,0.1869,0.0330,0.0330,ev,none,projection,main,live,20261002CCEAD0D8,2026-10-01T20:06:10.078Z
2026,4,15984,Jaylen Warren,PIT,RB,at CLE,recYds,Hard Rock,15.5,under,22.75,225,-350,0.3077,0.2835,0.0855,0,0.3406,0.0329,0.0571,ev,multiplicative,projection,main,live,20261002CCEAD0D8,2026-10-01T20:06:10.078Z
2026,4,14378,Michael Pittman Jr.,PIT,WR,at CLE,recYds,Caesars,9.5,over,40.74,-1100,,0.9167,0.9167,,1,0.9495,0.0328,0.0328,ev,none,projection,main,live,20261002CCEAD0D8,2026-10-01T20:06:10.078Z
2026,4,19298,Denzel Boston,CLE,WR,vs PIT,receptions,BetRivers,2.5,over,3.13,-155,,0.6078,0.6078,,1,0.6406,0.0328,0.0328,ev,none,projection,main,live,20261002CCEAD0D8,2026-10-01T20:06:10.078Z
2026,4,19298,Denzel Boston,CLE,WR,vs PIT,receptions,theScore,2.5,over,3.13,-155,120,0.6078,0.5721,0.0624,0,0.6406,0.0328,0.0685,ev,multiplicative,projection,main,live,20261002CCEAD0D8,2026-10-01T20:06:10.078Z
2026,4,18526,Raheim Sanders,CLE,RB,vs PIT,recYds,Hard Rock,37.5,under,13.62,-2200,700,0.9565,0.8844,0.0815,0,0.9893,0.0328,0.1049,ev,multiplicative,projection,main,live,20261002CCEAD0D8,2026-10-01T20:06:10.078Z
2026,4,17043,Roman Wilson,PIT,WR,at CLE,recYds,Hard Rock,27.5,under,20.34,-185,130,0.6491,0.5989,0.0839,0,0.6819,0.0328,0.0830,ev,multiplicative,projection,main,live,20261002CCEAD0D8,2026-10-01T20:06:10.078Z
2026,4,18516,Quinshon Judkins,CLE,RB,vs PIT,recYds,DraftKings,11.5,over,12.98,-110,-112,0.5238,0.4979,0.0521,0,0.5565,0.0327,0.0587,ev,multiplicative,projection,main,live,20261002CCEAD0D8,2026-10-01T20:06:10.078Z
2026,4,14378,Michael Pittman Jr.,PIT,WR,at CLE,recYds,FanDuel,9.5,over,40.74,-1103,,0.9169,0.9169,,1,0.9495,0.0326,0.0326,ev,none,projection,main,live,20261002CCEAD0D8,2026-10-01T20:06:10.078Z
2026,4,14378,Michael Pittman Jr.,PIT,WR,at CLE,recYds,Hard Rock,73.5,over,40.74,575,-1300,0.1481,0.1376,0.0767,0,0.1806,0.0325,0.0430,ev,multiplicative,projection,main,live,20261002CCEAD0D8,2026-10-01T20:06:10.078Z
2026,4,14458,Jerry Jeudy,CLE,WR,vs PIT,recYds,DraftKings,59.5,over,17.27,1100,,0.0833,0.0833,,1,0.1156,0.0323,0.0323,ev,none,projection,main,live,20261002CCEAD0D8,2026-10-01T20:06:10.078Z
2026,4,18472,Harold Fannin Jr.,CLE,TE,vs PIT,recYds,Hard Rock,42.5,over,44.69,-105,-130,0.5122,0.4754,0.0774,0,0.5445,0.0323,0.0691,ev,multiplicative,projection,main,live,20261002CCEAD0D8,2026-10-01T20:06:10.078Z
2026,4,11712,Deshaun Watson,CLE,QB,vs PIT,rushYds,Hard Rock,64.5,under,17.22,-3000,800,0.9677,0.8970,0.0789,0,1.0000,0.0323,0.1030,ev,multiplicative,projection,main,live,20261002CCEAD0D8,2026-10-01T20:06:10.078Z
2026,4,13424,DK Metcalf,PIT,WR,at CLE,recYds,Hard Rock,45.5,under,42.16,-110,-125,0.5238,0.4853,0.0794,0,0.5561,0.0322,0.0708,ev,multiplicative,projection,main,live,20261002CCEAD0D8,2026-10-01T20:06:10.078Z
2026,4,16889,Darnell Washington,PIT,TE,at CLE,recYds,Hard Rock,59.5,under,14.96,-3000,850,0.9677,0.9019,0.0730,0,0.9999,0.0322,0.0980,ev,multiplicative,projection,main,live,20261002CCEAD0D8,2026-10-01T20:06:10.078Z
2026,4,18516,Quinshon Judkins,CLE,RB,vs PIT,rushYds,Hard Rock,119.5,under,42.39,-3000,850,0.9677,0.9019,0.0730,0,0.9998,0.0321,0.0979,ev,multiplicative,projection,main,live,20261002CCEAD0D8,2026-10-01T20:06:10.078Z
2026,4,15984,Jaylen Warren,PIT,RB,at CLE,recYds,Hard Rock,17.5,under,22.75,185,-275,0.3509,0.3236,0.0842,0,0.3830,0.0321,0.0594,ev,multiplicative,projection,main,live,20261002CCEAD0D8,2026-10-01T20:06:10.078Z
2026,4,16889,Darnell Washington,PIT,TE,at CLE,recYds,Hard Rock,58.5,under,14.96,-3000,800,0.9677,0.8970,0.0789,0,0.9999,0.0321,0.1029,ev,multiplicative,projection,main,live,20261002CCEAD0D8,2026-10-01T20:06:10.078Z
2026,4,18516,Quinshon Judkins,CLE,RB,vs PIT,rushYds,Hard Rock,121.5,under,42.39,-3000,900,0.9677,0.9063,0.0677,0,0.9999,0.0321,0.0935,ev,multiplicative,projection,main,live,20261002CCEAD0D8,2026-10-01T20:06:10.078Z
2026,4,18516,Quinshon Judkins,CLE,RB,vs PIT,rushYds,Hard Rock,120.5,under,42.39,-3000,850,0.9677,0.9019,0.0730,0,0.9998,0.0321,0.0979,ev,multiplicative,projection,main,live,20261002CCEAD0D8,2026-10-01T20:06:10.078Z
2026,4,18516,Quinshon Judkins,CLE,RB,vs PIT,rushYds,Hard Rock,118.5,under,42.39,-3000,800,0.9677,0.8970,0.0789,0,0.9998,0.0320,0.1028,ev,multiplicative,projection,main,live,20261002CCEAD0D8,2026-10-01T20:06:10.078Z
2026,4,17130,Blake Whiteheart,CLE,TE,vs PIT,recYds,Hard Rock,18.5,over,9.35,500,-950,0.1667,0.1556,0.0714,0,0.1986,0.0319,0.0431,ev,multiplicative,projection,main,live,20261002CCEAD0D8,2026-10-01T20:06:10.078Z
2026,4,15984,Jaylen Warren,PIT,RB,at CLE,recYds,Hard Rock,67.5,under,22.75,-3000,850,0.9677,0.9019,0.0730,0,0.9996,0.0318,0.0977,ev,multiplicative,projection,main,live,20261002CCEAD0D8,2026-10-01T20:06:10.078Z
2026,4,15984,Jaylen Warren,PIT,RB,at CLE,recYds,Hard Rock,66.5,under,22.75,-3000,850,0.9677,0.9019,0.0730,0,0.9994,0.0317,0.0975,ev,multiplicative,projection,main,live,20261002CCEAD0D8,2026-10-01T20:06:10.078Z
2026,4,17043,Roman Wilson,PIT,WR,at CLE,recYds,Hard Rock,69.5,under,20.34,-3000,850,0.9677,0.9019,0.0730,0,0.9994,0.0317,0.0975,ev,multiplicative,projection,main,live,20261002CCEAD0D8,2026-10-01T20:06:10.078Z
2026,4,15984,Jaylen Warren,PIT,RB,at CLE,rushYds,Hard Rock,61.5,over,96.25,-230,160,0.6970,0.6444,0.0816,0,0.7280,0.0310,0.0836,ev,multiplicative,projection,main,live,20261002CCEAD0D8,2026-10-01T20:06:10.078Z
2026,4,17130,Blake Whiteheart,CLE,TE,vs PIT,recYds,theScore,19.5,over,9.35,600,,0.1429,0.1429,,1,0.1738,0.0310,0.0310,ev,none,projection,main,live,20261002CCEAD0D8,2026-10-01T20:06:10.078Z
2026,4,4307,Aaron Rodgers,PIT,QB,at CLE,passYds,Hard Rock,304.5,under,184.84,-2000,700,0.9524,0.8840,0.0774,0,0.9833,0.0309,0.0993,ev,multiplicative,projection,main,live,20261002CCEAD0D8,2026-10-01T20:06:10.078Z
2026,4,18526,Raheim Sanders,CLE,RB,vs PIT,recYds,Caesars,11.5,over,13.62,-125,-107,0.5556,0.5180,0.0725,0,0.5864,0.0308,0.0684,ev,multiplicative,projection,main,live,20261002CCEAD0D8,2026-10-01T20:06:10.078Z
2026,4,18526,Raheim Sanders,CLE,RB,vs PIT,recYds,Hard Rock,11.5,over,13.62,-125,-110,0.5556,0.5147,0.0794,0,0.5864,0.0308,0.0717,ev,multiplicative,projection,main,live,20261002CCEAD0D8,2026-10-01T20:06:10.078Z
2026,4,18472,Harold Fannin Jr.,CLE,TE,vs PIT,receptions,Caesars,3.5,over,4.41,-240,,0.7059,0.7059,,1,0.7366,0.0307,0.0307,ev,none,projection,main,live,20261002CCEAD0D8,2026-10-01T20:06:10.078Z
2026,4,18472,Harold Fannin Jr.,CLE,TE,vs PIT,receptions,Hard Rock,3.5,over,4.41,-240,165,0.7059,0.6516,0.0832,0,0.7366,0.0307,0.0849,ev,multiplicative,projection,main,live,20261002CCEAD0D8,2026-10-01T20:06:10.078Z
2026,4,11712,Deshaun Watson,CLE,QB,vs PIT,passYds,Hard Rock,165.5,over,218.73,-225,155,0.6923,0.6384,0.0845,0,0.7229,0.0306,0.0845,ev,multiplicative,projection,main,live,20261002CCEAD0D8,2026-10-01T20:06:10.078Z
2026,4,11712,Deshaun Watson,CLE,QB,vs PIT,passYds,FanDuel,299.5,over,218.73,1197,,0.0771,0.0771,,1,0.1076,0.0305,0.0305,ev,none,projection,main,live,20261002CCEAD0D8,2026-10-01T20:06:10.078Z
2026,4,19263,Germie Bernard,PIT,WR,at CLE,recYds,Hard Rock,39.5,under,9.67,-3000,800,0.9677,0.8970,0.0789,0,0.9983,0.0305,0.1013,ev,multiplicative,projection,main,live,20261002CCEAD0D8,2026-10-01T20:06:10.078Z
2026,4,14378,Michael Pittman Jr.,PIT,WR,at CLE,recYds,Hard Rock,74.5,over,40.74,600,-1400,0.1429,0.1327,0.0762,0,0.1734,0.0305,0.0406,ev,multiplicative,projection,main,live,20261002CCEAD0D8,2026-10-01T20:06:10.078Z
2026,4,15267,Pat Freiermuth,PIT,TE,at CLE,receptions,Caesars,1.5,over,3.23,-590,,0.8551,0.8551,,1,0.8855,0.0304,0.0304,ev,none,projection,main,live,20261002CCEAD0D8,2026-10-01T20:06:10.078Z
2026,4,13424,DK Metcalf,PIT,WR,at CLE,receptions,Hard Rock,4.5,under,3.17,-210,145,0.6774,0.6240,0.0856,0,0.7078,0.0304,0.0838,ev,multiplicative,projection,main,live,20261002CCEAD0D8,2026-10-01T20:06:10.078Z
2026,4,14378,Michael Pittman Jr.,PIT,WR,at CLE,recYds,DraftKings,69.5,over,40.74,452,,0.1812,0.1812,,1,0.2114,0.0302,0.0302,ev,none,projection,main,live,20261002CCEAD0D8,2026-10-01T20:06:10.078Z
2026,4,18526,Raheim Sanders,CLE,RB,vs PIT,recYds,Hard Rock,38.5,under,13.62,-2500,750,0.9615,0.8910,0.0792,0,0.9917,0.0302,0.1008,ev,multiplicative,projection,main,live,20261002CCEAD0D8,2026-10-01T20:06:10.078Z
2026,4,13424,DK Metcalf,PIT,WR,at CLE,recYds,Hard Rock,109.5,under,42.16,-3000,850,0.9677,0.9019,0.0730,0,0.9978,0.0300,0.0959,ev,multiplicative,projection,main,live,20261002CCEAD0D8,2026-10-01T20:06:10.078Z
2026,4,18472,Harold Fannin Jr.,CLE,TE,vs PIT,recYds,BetMGM,41.5,over,44.69,-115,-115,0.5349,0.5000,0.0698,0,0.5647,0.0298,0.0647,ev,multiplicative,projection,main,live,20261002CCEAD0D8,2026-10-01T20:06:10.078Z
2026,4,13424,DK Metcalf,PIT,WR,at CLE,recYds,Hard Rock,108.5,under,42.16,-3000,850,0.9677,0.9019,0.0730,0,0.9974,0.0297,0.0955,ev,multiplicative,projection,main,live,20261002CCEAD0D8,2026-10-01T20:06:10.078Z
2026,4,14378,Michael Pittman Jr.,PIT,WR,at CLE,recYds,Caesars,69.5,over,40.74,450,,0.1818,0.1818,,1,0.2114,0.0296,0.0296,ev,none,projection,main,live,20261002CCEAD0D8,2026-10-01T20:06:10.078Z
2026,4,11712,Deshaun Watson,CLE,QB,vs PIT,passYds,Hard Rock,164.5,over,218.73,-230,160,0.6970,0.6444,0.0816,0,0.7266,0.0296,0.0822,ev,multiplicative,projection,main,live,20261002CCEAD0D8,2026-10-01T20:06:10.078Z
2026,4,18526,Raheim Sanders,CLE,RB,vs PIT,recYds,Hard Rock,23.5,under,13.62,-400,260,0.8000,0.7423,0.0778,0,0.8295,0.0295,0.0872,ev,multiplicative,projection,main,live,20261002CCEAD0D8,2026-10-01T20:06:10.078Z
2026,4,14458,Jerry Jeudy,CLE,WR,vs PIT,recYds,Hard Rock,8.5,over,17.27,-210,150,0.6774,0.6287,0.0774,0,0.7068,0.0294,0.0781,ev,multiplicative,projection,main,live,20261002CCEAD0D8,2026-10-01T20:06:10.078Z
2026,4,15984,Jaylen Warren,PIT,RB,at CLE,rushYds,Caesars,59.5,over,96.25,-245,,0.7101,0.7101,,1,0.7395,0.0293,0.0293,ev,none,projection,main,live,20261002CCEAD0D8,2026-10-01T20:06:10.078Z
2026,4,16889,Darnell Washington,PIT,TE,at CLE,recYds,Hard Rock,17.5,under,14.96,-125,-110,0.5556,0.5147,0.0794,0,0.5847,0.0291,0.0700,ev,multiplicative,projection,main,live,20261002CCEAD0D8,2026-10-01T20:06:10.078Z
2026,4,13424,DK Metcalf,PIT,WR,at CLE,recYds,FanDuel,24.5,over,42.16,-404,,0.8016,0.8016,,1,0.8305,0.0289,0.0289,ev,none,projection,main,live,20261002CCEAD0D8,2026-10-01T20:06:10.078Z
2026,4,14458,Jerry Jeudy,CLE,WR,vs PIT,receptions,Caesars,1.5,over,1.43,116,-152,0.4630,0.4342,0.0661,0,0.4916,0.0286,0.0573,ev,multiplicative,projection,main,live,20261002CCEAD0D8,2026-10-01T20:06:10.078Z
2026,4,14458,Jerry Jeudy,CLE,WR,vs PIT,receptions,BetRivers,1.5,over,1.43,116,,0.4630,0.4630,,1,0.4916,0.0286,0.0286,ev,none,projection,main,live,20261002CCEAD0D8,2026-10-01T20:06:10.078Z
2026,4,18472,Harold Fannin Jr.,CLE,TE,vs PIT,recYds,Hard Rock,17.5,over,44.69,-800,425,0.8889,0.8235,0.0794,0,0.9175,0.0286,0.0939,ev,multiplicative,projection,main,live,20261002CCEAD0D8,2026-10-01T20:06:10.078Z
2026,4,15267,Pat Freiermuth,PIT,TE,at CLE,recYds,Hard Rock,70.5,under,33.66,-3000,800,0.9677,0.8970,0.0789,0,0.9962,0.0285,0.0992,ev,multiplicative,projection,main,live,20261002CCEAD0D8,2026-10-01T20:06:10.078Z
2026,4,15267,Pat Freiermuth,PIT,TE,at CLE,receptions,DraftKings,1.5,over,3.23,-600,,0.8571,0.8571,,1,0.8855,0.0284,0.0284,ev,none,projection,main,live,20261002CCEAD0D8,2026-10-01T20:06:10.078Z
2026,4,17043,Roman Wilson,PIT,WR,at CLE,recYds,Hard Rock,26.5,under,20.34,-170,125,0.6296,0.5862,0.0741,0,0.6580,0.0283,0.0718,ev,multiplicative,projection,main,live,20261002CCEAD0D8,2026-10-01T20:06:10.078Z
2026,4,19298,Denzel Boston,CLE,WR,vs PIT,receptions,FanDuel,2.5,over,3.13,-158,118,0.6124,0.5717,0.0711,0,0.6406,0.0282,0.0689,ev,multiplicative,projection,main,live,20261002CCEAD0D8,2026-10-01T20:06:10.078Z
2026,4,18516,Quinshon Judkins,CLE,RB,vs PIT,recYds,BetRivers,11.5,over,12.98,-112,-120,0.5283,0.4920,0.0738,0,0.5565,0.0282,0.0645,ev,multiplicative,projection,main,live,20261002CCEAD0D8,2026-10-01T20:06:10.078Z
2026,4,15984,Jaylen Warren,PIT,RB,at CLE,recYds,Hard Rock,16.5,under,22.75,200,-325,0.3333,0.3036,0.0980,0,0.3616,0.0282,0.0580,ev,multiplicative,projection,main,live,20261002CCEAD0D8,2026-10-01T20:06:10.078Z
2026,4,11712,Deshaun Watson,CLE,QB,vs PIT,passYds,DraftKings,309.5,over,218.73,1760,,0.0538,0.0538,,1,0.0819,0.0281,0.0281,ev,none,projection,main,live,20261002CCEAD0D8,2026-10-01T20:06:10.078Z
2026,4,16889,Darnell Washington,PIT,TE,at CLE,recYds,Hard Rock,16.5,under,14.96,-110,-120,0.5238,0.4899,0.0693,0,0.5516,0.0278,0.0617,ev,multiplicative,projection,main,live,20261002CCEAD0D8,2026-10-01T20:06:10.078Z
2026,4,18526,Raheim Sanders,CLE,RB,vs PIT,recYds,Hard Rock,2.5,over,13.62,-550,325,0.8462,0.7824,0.0814,0,0.8739,0.0278,0.0915,ev,multiplicative,projection,main,live,20261002CCEAD0D8,2026-10-01T20:06:10.078Z
2026,4,15267,Pat Freiermuth,PIT,TE,at CLE,recYds,Hard Rock,8.5,over,33.66,-850,,0.8947,0.8947,,1,0.9222,0.0275,0.0275,ev,none,projection,main,live,20261002CCEAD0D8,2026-10-01T20:06:10.078Z
2026,4,14458,Jerry Jeudy,CLE,WR,vs PIT,recYds,Hard Rock,13.5,over,17.27,-130,-105,0.5652,0.5246,0.0774,0,0.5925,0.0273,0.0679,ev,multiplicative,projection,main,live,20261002CCEAD0D8,2026-10-01T20:06:10.078Z
2026,4,13424,DK Metcalf,PIT,WR,at CLE,recYds,Hard Rock,44.5,under,42.16,-105,-135,0.5122,0.4713,0.0867,0,0.5393,0.0271,0.0680,ev,multiplicative,projection,main,live,20261002CCEAD0D8,2026-10-01T20:06:10.078Z
2026,4,13424,DK Metcalf,PIT,WR,at CLE,recYds,theScore,44.5,under,42.16,-105,-125,0.5122,0.4797,0.0678,0,0.5393,0.0271,0.0596,ev,multiplicative,projection,main,live,20261002CCEAD0D8,2026-10-01T20:06:10.078Z
2026,4,18526,Raheim Sanders,CLE,RB,vs PIT,receptions,Hard Rock,0.5,over,1.72,-650,375,0.8667,0.8046,0.0772,0,0.8938,0.0271,0.0892,ev,multiplicative,projection,main,live,20261002CCEAD0D8,2026-10-01T20:06:10.078Z
2026,4,13484,Travis Homer,PIT,RB,at CLE,rushYds,FanDuel,24.5,over,13.65,676,,0.1289,0.1289,,1,0.1557,0.0269,0.0269,ev,none,projection,main,live,20261002CCEAD0D8,2026-10-01T20:06:10.078Z
2026,4,14458,Jerry Jeudy,CLE,WR,vs PIT,receptions,BetMGM,1.5,over,1.43,115,-155,0.4651,0.4335,0.0730,0,0.4916,0.0264,0.0581,ev,multiplicative,projection,main,live,20261002CCEAD0D8,2026-10-01T20:06:10.078Z
2026,4,14458,Jerry Jeudy,CLE,WR,vs PIT,recYds,Hard Rock,10.5,over,17.27,-175,125,0.6364,0.5888,0.0808,0,0.6628,0.0264,0.0740,ev,multiplicative,projection,main,live,20261002CCEAD0D8,2026-10-01T20:06:10.078Z
2026,4,18516,Quinshon Judkins,CLE,RB,vs PIT,recYds,FanDuel,9.5,over,12.98,-153,,0.6047,0.6047,,1,0.6309,0.0262,0.0262,ev,none,projection,main,live,20261002CCEAD0D8,2026-10-01T20:06:10.078Z
2026,4,19263,Germie Bernard,PIT,WR,at CLE,recYds,Hard Rock,16.5,under,9.67,-260,175,0.7222,0.6651,0.0859,0,0.7484,0.0262,0.0833,ev,multiplicative,projection,main,live,20261002CCEAD0D8,2026-10-01T20:06:10.078Z
2026,4,15267,Pat Freiermuth,PIT,TE,at CLE,recYds,Hard Rock,36.5,over,33.66,155,-220,0.3922,0.3632,0.0797,0,0.4184,0.0262,0.0552,ev,multiplicative,projection,main,live,20261002CCEAD0D8,2026-10-01T20:06:10.078Z
2026,4,18526,Raheim Sanders,CLE,RB,vs PIT,recYds,Hard Rock,4.5,over,13.62,-400,250,0.8000,0.7368,0.0857,0,0.8262,0.0262,0.0893,ev,multiplicative,projection,main,live,20261002CCEAD0D8,2026-10-01T20:06:10.078Z
2026,4,18526,Raheim Sanders,CLE,RB,vs PIT,recYds,Hard Rock,22.5,under,13.62,-350,230,0.7778,0.7196,0.0808,0,0.8039,0.0261,0.0843,ev,multiplicative,projection,main,live,20261002CCEAD0D8,2026-10-01T20:06:10.078Z
2026,4,18516,Quinshon Judkins,CLE,RB,vs PIT,recYds,FanDuel,11.5,over,12.98,-113,-113,0.5305,0.5000,0.0610,0,0.5565,0.0260,0.0565,ev,multiplicative,projection,main,live,20261002CCEAD0D8,2026-10-01T20:06:10.078Z
2026,4,18526,Raheim Sanders,CLE,RB,vs PIT,recYds,Hard Rock,39.5,under,13.62,-3000,850,0.9677,0.9019,0.0730,0,0.9937,0.0259,0.0918,ev,multiplicative,projection,main,live,20261002CCEAD0D8,2026-10-01T20:06:10.078Z
2026,4,13424,DK Metcalf,PIT,WR,at CLE,recYds,Hard Rock,23.5,over,42.16,-450,300,0.8182,0.7660,0.0682,0,0.8438,0.0256,0.0778,ev,multiplicative,projection,main,live,20261002CCEAD0D8,2026-10-01T20:06:10.078Z
2026,4,13424,DK Metcalf,PIT,WR,at CLE,recYds,FanDuel,45.5,under,42.16,-113,-113,0.5305,0.5000,0.0610,0,0.5561,0.0255,0.0561,ev,multiplicative,projection,main,live,20261002CCEAD0D8,2026-10-01T20:06:10.078Z
2026,4,15984,Jaylen Warren,PIT,RB,at CLE,rushYds,Hard Rock,133.5,over,96.25,575,,0.1481,0.1481,,1,0.1736,0.0255,0.0255,ev,none,projection,main,live,20261002CCEAD0D8,2026-10-01T20:06:10.078Z
2026,4,19298,Denzel Boston,CLE,WR,vs PIT,receptions,Hard Rock,2.5,over,3.13,-160,125,0.6154,0.5806,0.0598,0,0.6406,0.0252,0.0600,ev,multiplicative,projection,main,live,20261002CCEAD0D8,2026-10-01T20:06:10.078Z
2026,4,18526,Raheim Sanders,CLE,RB,vs PIT,recYds,Hard Rock,3.5,over,13.62,-475,300,0.8261,0.7677,0.0761,0,0.8513,0.0252,0.0836,ev,multiplicative,projection,main,live,20261002CCEAD0D8,2026-10-01T20:06:10.078Z
2026,4,4307,Aaron Rodgers,PIT,QB,at CLE,passYds,Hard Rock,309.5,under,184.84,-2500,800,0.9615,0.8964,0.0726,0,0.9867,0.0251,0.0903,ev,multiplicative,projection,main,live,20261002CCEAD0D8,2026-10-01T20:06:10.078Z
2026,4,15267,Pat Freiermuth,PIT,TE,at CLE,recYds,theScore,9.5,over,33.66,-800,,0.8889,0.8889,,1,0.9137,0.0248,0.0248,ev,none,projection,main,live,20261002CCEAD0D8,2026-10-01T20:06:10.078Z
2026,4,14458,Jerry Jeudy,CLE,WR,vs PIT,recYds,Hard Rock,11.5,over,17.27,-160,115,0.6154,0.5695,0.0805,0,0.6398,0.0245,0.0703,ev,multiplicative,projection,main,live,20261002CCEAD0D8,2026-10-01T20:06:10.078Z
2026,4,4307,Aaron Rodgers,PIT,QB,at CLE,passYds,Hard Rock,308.5,under,184.84,-2500,750,0.9615,0.8910,0.0792,0,0.9861,0.0245,0.0951,ev,multiplicative,projection,main,live,20261002CCEAD0D8,2026-10-01T20:06:10.078Z
2026,4,11712,Deshaun Watson,CLE,QB,vs PIT,rushYds,Hard Rock,66.5,under,17.22,-4000,900,0.9756,0.9070,0.0756,0,1.0000,0.0244,0.0930,ev,multiplicative,projection,main,live,20261002CCEAD0D8,2026-10-01T20:06:10.078Z
2026,4,11712,Deshaun Watson,CLE,QB,vs PIT,rushYds,Hard Rock,67.5,under,17.22,-4000,1000,0.9756,0.9148,0.0665,0,1.0000,0.0244,0.0852,ev,multiplicative,projection,main,live,20261002CCEAD0D8,2026-10-01T20:06:10.078Z
2026,4,16889,Darnell Washington,PIT,TE,at CLE,recYds,Hard Rock,62.5,under,14.96,-4000,900,0.9756,0.9070,0.0756,0,1.0000,0.0244,0.0929,ev,multiplicative,projection,main,live,20261002CCEAD0D8,2026-10-01T20:06:10.078Z
2026,4,11712,Deshaun Watson,CLE,QB,vs PIT,passYds,Hard Rock,163.5,over,218.73,-240,165,0.7059,0.6516,0.0832,0,0.7303,0.0244,0.0787,ev,multiplicative,projection,main,live,20261002CCEAD0D8,2026-10-01T20:06:10.078Z
2026,4,15984,Jaylen Warren,PIT,RB,at CLE,rushYds,Hard Rock,134.5,over,96.25,600,,0.1429,0.1429,,1,0.1672,0.0244,0.0244,ev,none,projection,main,live,20261002CCEAD0D8,2026-10-01T20:06:10.078Z
2026,4,14458,Jerry Jeudy,CLE,WR,vs PIT,receptions,FanDuel,1.5,over,1.43,114,-152,0.4673,0.4365,0.0705,0,0.4916,0.0243,0.0550,ev,multiplicative,projection,main,live,20261002CCEAD0D8,2026-10-01T20:06:10.078Z
2026,4,18516,Quinshon Judkins,CLE,RB,vs PIT,rushYds,Hard Rock,124.5,under,42.39,-4000,1000,0.9756,0.9148,0.0665,0,0.9999,0.0243,0.0852,ev,multiplicative,projection,main,live,20261002CCEAD0D8,2026-10-01T20:06:10.078Z
2026,4,18516,Quinshon Judkins,CLE,RB,vs PIT,rushYds,Hard Rock,122.5,under,42.39,-4000,1000,0.9756,0.9148,0.0665,0,0.9999,0.0243,0.0851,ev,multiplicative,projection,main,live,20261002CCEAD0D8,2026-10-01T20:06:10.078Z
2026,4,18516,Quinshon Judkins,CLE,RB,vs PIT,rushYds,Hard Rock,123.5,under,42.39,-4000,1000,0.9756,0.9148,0.0665,0,0.9999,0.0243,0.0851,ev,multiplicative,projection,main,live,20261002CCEAD0D8,2026-10-01T20:06:10.078Z
2026,4,15984,Jaylen Warren,PIT,RB,at CLE,recYds,Hard Rock,70.5,under,22.75,-4000,1000,0.9756,0.9148,0.0665,0,0.9998,0.0242,0.0850,ev,multiplicative,projection,main,live,20261002CCEAD0D8,2026-10-01T20:06:10.078Z
2026,4,18472,Harold Fannin Jr.,CLE,TE,vs PIT,recYds,Hard Rock,43.5,over,44.69,100,-140,0.5000,0.4615,0.0833,0,0.5242,0.0242,0.0627,ev,multiplicative,projection,main,live,20261002CCEAD0D8,2026-10-01T20:06:10.078Z
2026,4,14458,Jerry Jeudy,CLE,WR,vs PIT,recYds,Hard Rock,9.5,over,17.27,-195,140,0.6610,0.6134,0.0777,0,0.6851,0.0241,0.0718,ev,multiplicative,projection,main,live,20261002CCEAD0D8,2026-10-01T20:06:10.078Z
2026,4,15267,Pat Freiermuth,PIT,TE,at CLE,recYds,Hard Rock,47.5,under,33.66,-450,300,0.8182,0.7660,0.0682,0,0.8423,0.0241,0.0763,ev,multiplicative,projection,main,live,20261002CCEAD0D8,2026-10-01T20:06:10.078Z
2026,4,15984,Jaylen Warren,PIT,RB,at CLE,recYds,Hard Rock,69.5,under,22.75,-4000,1000,0.9756,0.9148,0.0665,0,0.9997,0.0241,0.0850,ev,multiplicative,projection,main,live,20261002CCEAD0D8,2026-10-01T20:06:10.078Z
2026,4,18516,Quinshon Judkins,CLE,RB,vs PIT,recYds,Caesars,11.5,over,12.98,-114,-114,0.5327,0.5000,0.0654,0,0.5565,0.0238,0.0565,ev,multiplicative,projection,main,live,20261002CCEAD0D8,2026-10-01T20:06:10.078Z
2026,4,4307,Aaron Rodgers,PIT,QB,at CLE,completions,Hard Rock,19.5,under,19.18,100,-130,0.5000,0.4694,0.0652,0,0.5236,0.0236,0.0542,ev,multiplicative,projection,main,live,20261002CCEAD0D8,2026-10-01T20:06:10.078Z
2026,4,4307,Aaron Rodgers,PIT,QB,at CLE,completions,theScore,19.5,under,19.18,100,-130,0.5000,0.4694,0.0652,0,0.5236,0.0236,0.0542,ev,multiplicative,projection,main,live,20261002CCEAD0D8,2026-10-01T20:06:10.078Z
2026,4,19263,Germie Bernard,PIT,WR,at CLE,recYds,Hard Rock,41.5,under,9.67,-4000,900,0.9756,0.9070,0.0756,0,0.9991,0.0235,0.0921,ev,multiplicative,projection,main,live,20261002CCEAD0D8,2026-10-01T20:06:10.078Z
2026,4,13424,DK Metcalf,PIT,WR,at CLE,recYds,FanDuel,14.5,over,42.16,-1004,,0.9094,0.9094,,1,0.9328,0.0234,0.0234,ev,none,projection,main,live,20261002CCEAD0D8,2026-10-01T20:06:10.078Z
2026,4,13424,DK Metcalf,PIT,WR,at CLE,recYds,Caesars,19.5,over,42.16,-650,,0.8667,0.8667,,1,0.8900,0.0234,0.0234,ev,none,projection,main,live,20261002CCEAD0D8,2026-10-01T20:06:10.078Z
2026,4,13484,Travis Homer,PIT,RB,at CLE,rushYds,Hard Rock,25.5,over,13.65,800,-3000,0.1111,0.1030,0.0789,0,0.1345,0.0234,0.0315,ev,multiplicative,projection,main,live,20261002CCEAD0D8,2026-10-01T20:06:10.078Z
2026,4,13424,DK Metcalf,PIT,WR,at CLE,recYds,theScore,19.5,over,42.16,-650,,0.8667,0.8667,,1,0.8900,0.0234,0.0234,ev,none,projection,main,live,20261002CCEAD0D8,2026-10-01T20:06:10.078Z
2026,4,16889,Darnell Washington,PIT,TE,at CLE,recYds,Caesars,16.5,under,14.96,-112,-120,0.5283,0.4920,0.0738,0,0.5516,0.0233,0.0596,ev,multiplicative,projection,main,live,20261002CCEAD0D8,2026-10-01T20:06:10.078Z
2026,4,18472,Harold Fannin Jr.,CLE,TE,vs PIT,recYds,Hard Rock,94.5,under,44.69,-4000,1000,0.9756,0.9148,0.0665,0,0.9990,0.0233,0.0842,ev,multiplicative,projection,main,live,20261002CCEAD0D8,2026-10-01T20:06:10.078Z
2026,4,11712,Deshaun Watson,CLE,QB,vs PIT,passYds,Hard Rock,161.5,over,218.73,-250,175,0.7143,0.6627,0.0779,0,0.7376,0.0233,0.0749,ev,multiplicative,projection,main,live,20261002CCEAD0D8,2026-10-01T20:06:10.078Z
2026,4,18472,Harold Fannin Jr.,CLE,TE,vs PIT,receptions,FanDuel,3.5,over,4.41,-249,,0.7135,0.7135,,1,0.7366,0.0231,0.0231,ev,none,projection,main,live,20261002CCEAD0D8,2026-10-01T20:06:10.078Z
2026,4,13424,DK Metcalf,PIT,WR,at CLE,recYds,Hard Rock,22.5,over,42.16,-500,300,0.8333,0.7692,0.0833,0,0.8564,0.0231,0.0872,ev,multiplicative,projection,main,live,20261002CCEAD0D8,2026-10-01T20:06:10.078Z
2026,4,13424,DK Metcalf,PIT,WR,at CLE,recYds,Hard Rock,113.5,under,42.16,-4000,1000,0.9756,0.9148,0.0665,0,0.9987,0.0231,0.0839,ev,multiplicative,projection,main,live,20261002CCEAD0D8,2026-10-01T20:06:10.078Z
2026,4,15267,Pat Freiermuth,PIT,TE,at CLE,receptions,Caesars,3.5,over,3.23,145,-190,0.4082,0.3839,0.0633,0,0.4312,0.0230,0.0473,ev,multiplicative,projection,main,live,20261002CCEAD0D8,2026-10-01T20:06:10.078Z
2026,4,15984,Jaylen Warren,PIT,RB,at CLE,rushYds,Hard Rock,58.5,over,96.25,-260,185,0.7222,0.6730,0.0731,0,0.7451,0.0229,0.0721,ev,multiplicative,projection,main,live,20261002CCEAD0D8,2026-10-01T20:06:10.078Z
2026,4,14458,Jerry Jeudy,CLE,WR,vs PIT,recYds,theScore,14.5,over,17.27,-120,-110,0.5455,0.5101,0.0693,0,0.5682,0.0228,0.0581,ev,multiplicative,projection,main,live,20261002CCEAD0D8,2026-10-01T20:06:10.078Z
2026,4,13424,DK Metcalf,PIT,WR,at CLE,recYds,Hard Rock,43.5,under,42.16,100,-135,0.5000,0.4653,0.0745,0,0.5226,0.0226,0.0572,ev,multiplicative,projection,main,live,20261002CCEAD0D8,2026-10-01T20:06:10.078Z
2026,4,15267,Pat Freiermuth,PIT,TE,at CLE,recYds,Hard Rock,73.5,under,33.66,-4000,900,0.9756,0.9070,0.0756,0,0.9981,0.0225,0.0910,ev,multiplicative,projection,main,live,20261002CCEAD0D8,2026-10-01T20:06:10.078Z
2026,4,13424,DK Metcalf,PIT,WR,at CLE,recYds,Hard Rock,20.5,over,42.16,-600,350,0.8571,0.7941,0.0794,0,0.8795,0.0224,0.0854,ev,multiplicative,projection,main,live,20261002CCEAD0D8,2026-10-01T20:06:10.078Z
2026,4,13484,Travis Homer,PIT,RB,at CLE,rushYds,theScore,24.5,over,13.65,650,,0.1333,0.1333,,1,0.1557,0.0224,0.0224,ev,none,projection,main,live,20261002CCEAD0D8,2026-10-01T20:06:10.078Z
2026,4,18472,Harold Fannin Jr.,CLE,TE,vs PIT,receptions,theScore,3.5,over,4.41,-250,,0.7143,0.7143,,1,0.7366,0.0223,0.0223,ev,none,projection,main,live,20261002CCEAD0D8,2026-10-01T20:06:10.078Z
2026,4,19298,Denzel Boston,CLE,WR,vs PIT,receptions,DraftKings,6.5,over,3.13,1480,,0.0633,0.0633,,1,0.0855,0.0222,0.0222,ev,none,projection,main,live,20261002CCEAD0D8,2026-10-01T20:06:10.078Z
2026,4,13424,DK Metcalf,PIT,WR,at CLE,recYds,Hard Rock,21.5,over,42.16,-550,325,0.8462,0.7824,0.0814,0,0.8683,0.0221,0.0859,ev,multiplicative,projection,main,live,20261002CCEAD0D8,2026-10-01T20:06:10.078Z
2026,4,14458,Jerry Jeudy,CLE,WR,vs PIT,recYds,Hard Rock,7.5,over,17.27,-240,165,0.7059,0.6516,0.0832,0,0.7278,0.0219,0.0762,ev,multiplicative,projection,main,live,20261002CCEAD0D8,2026-10-01T20:06:10.078Z
2026,4,18526,Raheim Sanders,CLE,RB,vs PIT,recYds,Hard Rock,42.5,under,13.62,-4000,1100,0.9756,0.9213,0.0589,0,0.9973,0.0217,0.0760,ev,multiplicative,projection,main,live,20261002CCEAD0D8,2026-10-01T20:06:10.078Z
2026,4,18472,Harold Fannin Jr.,CLE,TE,vs PIT,recYds,FanDuel,14.5,over,44.69,-1102,,0.9168,0.9168,,1,0.9384,0.0216,0.0216,ev,none,projection,main,live,20261002CCEAD0D8,2026-10-01T20:06:10.078Z
2026,4,11712,Deshaun Watson,CLE,QB,vs PIT,passYds,FanDuel,149.5,over,218.73,-313,,0.7579,0.7579,,1,0.7791,0.0213,0.0213,ev,none,projection,main,live,20261002CCEAD0D8,2026-10-01T20:06:10.078Z
2026,4,15984,Jaylen Warren,PIT,RB,at CLE,recYds,BetRivers,24.5,under,22.75,-113,-118,0.5305,0.4950,0.0718,0,0.5517,0.0212,0.0567,ev,multiplicative,projection,main,live,20261002CCEAD0D8,2026-10-01T20:06:10.078Z
2026,4,13424,DK Metcalf,PIT,WR,at CLE,recYds,BetMGM,45.5,under,42.16,-115,-115,0.5349,0.5000,0.0698,0,0.5561,0.0212,0.0561,ev,multiplicative,projection,main,live,20261002CCEAD0D8,2026-10-01T20:06:10.078Z
2026,4,13424,DK Metcalf,PIT,WR,at CLE,recYds,BetRivers,45.5,under,42.16,-115,-115,0.5349,0.5000,0.0698,0,0.5561,0.0212,0.0561,ev,multiplicative,projection,main,live,20261002CCEAD0D8,2026-10-01T20:06:10.078Z
2026,4,14458,Jerry Jeudy,CLE,WR,vs PIT,recYds,Hard Rock,4.5,over,17.27,-325,225,0.7647,0.7131,0.0724,0,0.7859,0.0212,0.0729,ev,multiplicative,projection,main,live,20261002CCEAD0D8,2026-10-01T20:06:10.078Z
2026,4,4307,Aaron Rodgers,PIT,QB,at CLE,passYds,Hard Rock,313.5,under,184.84,-3000,850,0.9677,0.9019,0.0730,0,0.9889,0.0212,0.0870,ev,multiplicative,projection,main,live,20261002CCEAD0D8,2026-10-01T20:06:10.078Z
2026,4,16889,Darnell Washington,PIT,TE,at CLE,recYds,FanDuel,16.5,under,14.96,-113,-113,0.5305,0.5000,0.0610,0,0.5516,0.0211,0.0516,ev,multiplicative,projection,main,live,20261002CCEAD0D8,2026-10-01T20:06:10.078Z
2026,4,14378,Michael Pittman Jr.,PIT,WR,at CLE,recYds,theScore,9.5,over,40.74,-1300,,0.9286,0.9286,,1,0.9495,0.0209,0.0209,ev,none,projection,main,live,20261002CCEAD0D8,2026-10-01T20:06:10.078Z
2026,4,13424,DK Metcalf,PIT,WR,at CLE,recYds,Hard Rock,24.5,over,42.16,-425,260,0.8095,0.7445,0.0873,0,0.8305,0.0209,0.0859,ev,multiplicative,projection,main,live,20261002CCEAD0D8,2026-10-01T20:06:10.078Z
2026,4,14378,Michael Pittman Jr.,PIT,WR,at CLE,recYds,theScore,69.5,over,40.74,425,,0.1905,0.1905,,1,0.2114,0.0209,0.0209,ev,none,projection,main,live,20261002CCEAD0D8,2026-10-01T20:06:10.078Z
2026,4,18526,Raheim Sanders,CLE,RB,vs PIT,recYds,Hard Rock,41.5,under,13.62,-4000,1000,0.9756,0.9148,0.0665,0,0.9964,0.0208,0.0816,ev,multiplicative,projection,main,live,20261002CCEAD0D8,2026-10-01T20:06:10.078Z
2026,4,4307,Aaron Rodgers,PIT,QB,at CLE,passYds,Hard Rock,312.5,under,184.84,-3000,850,0.9677,0.9019,0.0730,0,0.9884,0.0207,0.0865,ev,multiplicative,projection,main,live,20261002CCEAD0D8,2026-10-01T20:06:10.078Z
2026,4,4307,Aaron Rodgers,PIT,QB,at CLE,passTD,BetRivers,2.5,over,1.31,700,,0.1250,0.1250,,1,0.1452,0.0202,0.0202,ev,none,projection,main,live,20261002CCEAD0D8,2026-10-01T20:06:10.078Z
2026,4,19263,Germie Bernard,PIT,WR,at CLE,recYds,FanDuel,9.5,over,9.67,105,,0.4878,0.4878,,1,0.5079,0.0201,0.0201,ev,none,projection,main,live,20261002CCEAD0D8,2026-10-01T20:06:10.078Z
2026,4,11712,Deshaun Watson,CLE,QB,vs PIT,passYds,Hard Rock,162.5,over,218.73,-250,170,0.7143,0.6585,0.0847,0,0.7340,0.0197,0.0754,ev,multiplicative,projection,main,live,20261002CCEAD0D8,2026-10-01T20:06:10.078Z
2026,4,18516,Quinshon Judkins,CLE,RB,vs PIT,rushYds,Hard Rock,128.5,under,42.39,-5000,1200,0.9804,0.9272,0.0573,0,1.0000,0.0196,0.0727,ev,multiplicative,projection,main,live,20261002CCEAD0D8,2026-10-01T20:06:10.078Z
2026,4,16889,Darnell Washington,PIT,TE,at CLE,recYds,Hard Rock,65.5,under,14.96,-5000,1100,0.9804,0.9217,0.0637,0,1.0000,0.0196,0.0783,ev,multiplicative,projection,main,live,20261002CCEAD0D8,2026-10-01T20:06:10.078Z
2026,4,18516,Quinshon Judkins,CLE,RB,vs PIT,rushYds,Hard Rock,126.5,under,42.39,-5000,1100,0.9804,0.9217,0.0637,0,0.9999,0.0196,0.0783,ev,multiplicative,projection,main,live,20261002CCEAD0D8,2026-10-01T20:06:10.078Z
2026,4,18516,Quinshon Judkins,CLE,RB,vs PIT,rushYds,Hard Rock,130.5,under,42.39,-5000,1300,0.9804,0.9321,0.0518,0,1.0000,0.0196,0.0679,ev,multiplicative,projection,main,live,20261002CCEAD0D8,2026-10-01T20:06:10.078Z
2026,4,11712,Deshaun Watson,CLE,QB,vs PIT,rushYds,Hard Rock,69.5,under,17.22,-5000,1100,0.9804,0.9217,0.0637,0,1.0000,0.0196,0.0783,ev,multiplicative,projection,main,live,20261002CCEAD0D8,2026-10-01T20:06:10.078Z
2026,4,16889,Darnell Washington,PIT,TE,at CLE,recYds,Hard Rock,66.5,under,14.96,-5000,1200,0.9804,0.9272,0.0573,0,1.0000,0.0196,0.0727,ev,multiplicative,projection,main,live,20261002CCEAD0D8,2026-10-01T20:06:10.078Z
2026,4,18516,Quinshon Judkins,CLE,RB,vs PIT,rushYds,Hard Rock,127.5,under,42.39,-5000,1200,0.9804,0.9272,0.0573,0,1.0000,0.0196,0.0727,ev,multiplicative,projection,main,live,20261002CCEAD0D8,2026-10-01T20:06:10.078Z
2026,4,18526,Raheim Sanders,CLE,RB,vs PIT,recYds,Hard Rock,40.5,under,13.62,-4000,900,0.9756,0.9070,0.0756,0,0.9952,0.0196,0.0882,ev,multiplicative,projection,main,live,20261002CCEAD0D8,2026-10-01T20:06:10.078Z
2026,4,15984,Jaylen Warren,PIT,RB,at CLE,recYds,Hard Rock,72.5,under,22.75,-5000,1200,0.9804,0.9272,0.0573,0,0.9999,0.0195,0.0726,ev,multiplicative,projection,main,live,20261002CCEAD0D8,2026-10-01T20:06:10.078Z
2026,4,18516,Quinshon Judkins,CLE,RB,vs PIT,rushYds,Hard Rock,125.5,under,42.39,-5000,1100,0.9804,0.9217,0.0637,0,0.9999,0.0195,0.0783,ev,multiplicative,projection,main,live,20261002CCEAD0D8,2026-10-01T20:06:10.078Z
2026,4,15984,Jaylen Warren,PIT,RB,at CLE,recYds,Hard Rock,73.5,under,22.75,-5000,1200,0.9804,0.9272,0.0573,0,0.9999,0.0195,0.0727,ev,multiplicative,projection,main,live,20261002CCEAD0D8,2026-10-01T20:06:10.078Z
2026,4,15984,Jaylen Warren,PIT,RB,at CLE,rushYds,Hard Rock,60.5,over,96.25,-250,170,0.7143,0.6585,0.0847,0,0.7338,0.0195,0.0752,ev,multiplicative,projection,main,live,20261002CCEAD0D8,2026-10-01T20:06:10.078Z
2026,4,4307,Aaron Rodgers,PIT,QB,at CLE,rushYds,DraftKings,29.5,over,11.04,2200,,0.0435,0.0435,,1,0.0628,0.0193,0.0193,ev,none,projection,main,live,20261002CCEAD0D8,2026-10-01T20:06:10.078Z
2026,4,19263,Germie Bernard,PIT,WR,at CLE,recYds,Hard Rock,44.5,under,9.67,-5000,1100,0.9804,0.9217,0.0637,0,0.9997,0.0193,0.0780,ev,multiplicative,projection,main,live,20261002CCEAD0D8,2026-10-01T20:06:10.078Z
2026,4,4307,Aaron Rodgers,PIT,QB,at CLE,rushYds,theScore,29.5,over,11.04,2200,,0.0435,0.0435,,1,0.0628,0.0193,0.0193,ev,none,projection,main,live,20261002CCEAD0D8,2026-10-01T20:06:10.078Z
2026,4,19263,Germie Bernard,PIT,WR,at CLE,recYds,Hard Rock,15.5,under,9.67,-230,160,0.6970,0.6444,0.0816,0,0.7162,0.0192,0.0718,ev,multiplicative,projection,main,live,20261002CCEAD0D8,2026-10-01T20:06:10.078Z
2026,4,13424,DK Metcalf,PIT,WR,at CLE,recYds,Hard Rock,118.5,under,42.16,-5000,1200,0.9804,0.9272,0.0573,0,0.9994,0.0190,0.0721,ev,multiplicative,projection,main,live,20261002CCEAD0D8,2026-10-01T20:06:10.078Z
2026,4,11712,Deshaun Watson,CLE,QB,vs PIT,passYds,Hard Rock,160.5,over,218.73,-260,180,0.7222,0.6691,0.0794,0,0.7412,0.0190,0.0721,ev,multiplicative,projection,main,live,20261002CCEAD0D8,2026-10-01T20:06:10.078Z
2026,4,13424,DK Metcalf,PIT,WR,at CLE,recYds,Hard Rock,117.5,under,42.16,-5000,1200,0.9804,0.9272,0.0573,0,0.9993,0.0189,0.0720,ev,multiplicative,projection,main,live,20261002CCEAD0D8,2026-10-01T20:06:10.078Z
2026,4,15267,Pat Freiermuth,PIT,TE,at CLE,receptions,Hard Rock,1.5,over,3.23,-650,375,0.8667,0.8046,0.0772,0,0.8855,0.0188,0.0809,ev,multiplicative,projection,main,live,20261002CCEAD0D8,2026-10-01T20:06:10.078Z
2026,4,11712,Deshaun Watson,CLE,QB,vs PIT,passYds,Hard Rock,325.5,over,218.73,3000,,0.0323,0.0323,,1,0.0507,0.0184,0.0184,ev,none,projection,main,live,20261002CCEAD0D8,2026-10-01T20:06:10.078Z
2026,4,15984,Jaylen Warren,PIT,RB,at CLE,rushYds,DraftKings,159.5,over,96.25,2600,,0.0370,0.0370,,1,0.0552,0.0182,0.0182,ev,none,projection,main,live,20261002CCEAD0D8,2026-10-01T20:06:10.078Z
2026,4,15984,Jaylen Warren,PIT,RB,at CLE,rushYds,Hard Rock,135.5,over,96.25,600,-1500,0.1429,0.1322,0.0804,0,0.1610,0.0181,0.0288,ev,multiplicative,projection,main,live,20261002CCEAD0D8,2026-10-01T20:06:10.078Z
2026,4,14458,Jerry Jeudy,CLE,WR,vs PIT,recYds,BetMGM,13.5,over,17.27,-135,100,0.5745,0.5347,0.0745,0,0.5925,0.0180,0.0578,ev,multiplicative,projection,main,live,20261002CCEAD0D8,2026-10-01T20:06:10.078Z
2026,4,19298,Denzel Boston,CLE,WR,vs PIT,receptions,BetMGM,2.5,over,3.13,-165,125,0.6226,0.5835,0.0671,0,0.6406,0.0180,0.0571,ev,multiplicative,projection,main,live,20261002CCEAD0D8,2026-10-01T20:06:10.078Z
2026,4,13424,DK Metcalf,PIT,WR,at CLE,recYds,BetRivers,29.5,over,42.16,-278,,0.7354,0.7354,,1,0.7534,0.0180,0.0180,ev,none,projection,main,live,20261002CCEAD0D8,2026-10-01T20:06:10.078Z
2026,4,17043,Roman Wilson,PIT,WR,at CLE,recYds,Hard Rock,25.5,under,20.34,-160,120,0.6154,0.5752,0.0699,0,0.6334,0.0180,0.0582,ev,multiplicative,projection,main,live,20261002CCEAD0D8,2026-10-01T20:06:10.078Z
2026,4,13424,DK Metcalf,PIT,WR,at CLE,recYds,Hard Rock,42.5,under,42.16,105,-145,0.4878,0.4518,0.0796,0,0.5057,0.0179,0.0539,ev,multiplicative,projection,main,live,20261002CCEAD0D8,2026-10-01T20:06:10.078Z
2026,4,18526,Raheim Sanders,CLE,RB,vs PIT,recYds,Hard Rock,43.5,under,13.62,-5000,1200,0.9804,0.9272,0.0573,0,0.9980,0.0176,0.0708,ev,multiplicative,projection,main,live,20261002CCEAD0D8,2026-10-01T20:06:10.078Z
2026,4,13424,DK Metcalf,PIT,WR,at CLE,recYds,Hard Rock,18.5,over,42.16,-750,400,0.8824,0.8152,0.0824,0,0.8999,0.0175,0.0846,ev,multiplicative,projection,main,live,20261002CCEAD0D8,2026-10-01T20:06:10.078Z
2026,4,14458,Jerry Jeudy,CLE,WR,vs PIT,recYds,Hard Rock,5.5,over,17.27,-300,200,0.7500,0.6923,0.0833,0,0.7674,0.0174,0.0751,ev,multiplicative,projection,main,live,20261002CCEAD0D8,2026-10-01T20:06:10.078Z
2026,4,13424,DK Metcalf,PIT,WR,at CLE,recYds,FanDuel,29.5,over,42.16,-279,,0.7361,0.7361,,1,0.7534,0.0173,0.0173,ev,none,projection,main,live,20261002CCEAD0D8,2026-10-01T20:06:10.078Z
2026,4,15984,Jaylen Warren,PIT,RB,at CLE,rushYds,Hard Rock,59.5,over,96.25,-260,180,0.7222,0.6691,0.0794,0,0.7395,0.0172,0.0703,ev,multiplicative,projection,main,live,20261002CCEAD0D8,2026-10-01T20:06:10.078Z
2026,4,19263,Germie Bernard,PIT,WR,at CLE,recYds,Hard Rock,7.5,over,9.67,-140,100,0.5833,0.5385,0.0833,0,0.6003,0.0170,0.0618,ev,multiplicative,projection,main,live,20261002CCEAD0D8,2026-10-01T20:06:10.078Z
2026,4,11712,Deshaun Watson,CLE,QB,vs PIT,passYds,Hard Rock,326.5,over,218.73,3000,,0.0323,0.0323,,1,0.0491,0.0169,0.0169,ev,none,projection,main,live,20261002CCEAD0D8,2026-10-01T20:06:10.078Z
2026,4,15267,Pat Freiermuth,PIT,TE,at CLE,receptions,BetRivers,2.5,over,3.23,-210,,0.6774,0.6774,,1,0.6941,0.0167,0.0167,ev,none,projection,main,live,20261002CCEAD0D8,2026-10-01T20:06:10.078Z
2026,4,16889,Darnell Washington,PIT,TE,at CLE,recYds,BetMGM,16.5,under,14.96,-115,-115,0.5349,0.5000,0.0698,0,0.5516,0.0167,0.0516,ev,multiplicative,projection,main,live,20261002CCEAD0D8,2026-10-01T20:06:10.078Z
2026,4,14378,Michael Pittman Jr.,PIT,WR,at CLE,recYds,Hard Rock,76.5,over,40.74,600,-1600,0.1429,0.1318,0.0840,0,0.1595,0.0166,0.0277,ev,multiplicative,projection,main,live,20261002CCEAD0D8,2026-10-01T20:06:10.078Z
2026,4,19298,Denzel Boston,CLE,WR,vs PIT,recYds,Hard Rock,11.5,over,51.99,-850,,0.8947,0.8947,,1,0.9114,0.0166,0.0166,ev,none,projection,main,live,20261002CCEAD0D8,2026-10-01T20:06:10.078Z
2026,4,15984,Jaylen Warren,PIT,RB,at CLE,rushYds,FanDuel,59.5,over,96.25,-261,,0.7230,0.7230,,1,0.7395,0.0165,0.0165,ev,none,projection,main,live,20261002CCEAD0D8,2026-10-01T20:06:10.078Z
2026,4,16889,Darnell Washington,PIT,TE,at CLE,recYds,Hard Rock,68.5,under,14.96,-6000,1300,0.9836,0.9323,0.0550,0,1.0000,0.0164,0.0677,ev,multiplicative,projection,main,live,20261002CCEAD0D8,2026-10-01T20:06:10.078Z
2026,4,13424,DK Metcalf,PIT,WR,at CLE,recYds,Hard Rock,25.5,over,42.16,-400,260,0.8000,0.7423,0.0778,0,0.8164,0.0164,0.0742,ev,multiplicative,projection,main,live,20261002CCEAD0D8,2026-10-01T20:06:10.078Z
2026,4,11712,Deshaun Watson,CLE,QB,vs PIT,rushYds,Hard Rock,71.5,under,17.22,-6000,1300,0.9836,0.9323,0.0550,0,1.0000,0.0164,0.0677,ev,multiplicative,projection,main,live,20261002CCEAD0D8,2026-10-01T20:06:10.078Z
2026,4,18516,Quinshon Judkins,CLE,RB,vs PIT,rushYds,Hard Rock,132.5,under,42.39,-6000,1300,0.9836,0.9323,0.0550,0,1.0000,0.0164,0.0677,ev,multiplicative,projection,main,live,20261002CCEAD0D8,2026-10-01T20:06:10.078Z
2026,4,16889,Darnell Washington,PIT,TE,at CLE,recYds,Hard Rock,69.5,under,14.96,-6000,1300,0.9836,0.9323,0.0550,0,1.0000,0.0164,0.0677,ev,multiplicative,projection,main,live,20261002CCEAD0D8,2026-10-01T20:06:10.078Z
2026,4,18516,Quinshon Judkins,CLE,RB,vs PIT,rushYds,Hard Rock,133.5,under,42.39,-6000,1500,0.9836,0.9403,0.0461,0,1.0000,0.0164,0.0597,ev,multiplicative,projection,main,live,20261002CCEAD0D8,2026-10-01T20:06:10.078Z
2026,4,11712,Deshaun Watson,CLE,QB,vs PIT,rushYds,Hard Rock,72.5,under,17.22,-6000,1400,0.9836,0.9365,0.0503,0,1.0000,0.0164,0.0635,ev,multiplicative,projection,main,live,20261002CCEAD0D8,2026-10-01T20:06:10.078Z
2026,4,18516,Quinshon Judkins,CLE,RB,vs PIT,rushYds,Hard Rock,129.5,under,42.39,-6000,1300,0.9836,0.9323,0.0550,0,1.0000,0.0164,0.0677,ev,multiplicative,projection,main,live,20261002CCEAD0D8,2026-10-01T20:06:10.078Z
2026,4,18516,Quinshon Judkins,CLE,RB,vs PIT,rushYds,Hard Rock,131.5,under,42.39,-6000,1400,0.9836,0.9365,0.0503,0,1.0000,0.0164,0.0635,ev,multiplicative,projection,main,live,20261002CCEAD0D8,2026-10-01T20:06:10.078Z
2026,4,15984,Jaylen Warren,PIT,RB,at CLE,recYds,Hard Rock,74.5,under,22.75,-6000,1300,0.9836,0.9323,0.0550,0,0.9999,0.0163,0.0676,ev,multiplicative,projection,main,live,20261002CCEAD0D8,2026-10-01T20:06:10.078Z
2026,4,19263,Germie Bernard,PIT,WR,at CLE,recYds,Hard Rock,46.5,under,9.67,-6000,1300,0.9836,0.9323,0.0550,0,0.9998,0.0162,0.0675,ev,multiplicative,projection,main,live,20261002CCEAD0D8,2026-10-01T20:06:10.078Z
2026,4,14458,Jerry Jeudy,CLE,WR,vs PIT,recYds,DraftKings,69.5,over,17.27,1780,,0.0532,0.0532,,1,0.0693,0.0161,0.0161,ev,none,projection,main,live,20261002CCEAD0D8,2026-10-01T20:06:10.078Z
2026,4,15267,Pat Freiermuth,PIT,TE,at CLE,recYds,Hard Rock,81.5,under,33.66,-6000,1400,0.9836,0.9365,0.0503,0,0.9997,0.0161,0.0632,ev,multiplicative,projection,main,live,20261002CCEAD0D8,2026-10-01T20:06:10.078Z
2026,4,18472,Harold Fannin Jr.,CLE,TE,vs PIT,recYds,Hard Rock,44.5,over,44.69,105,-145,0.4878,0.4518,0.0796,0,0.5039,0.0161,0.0520,ev,multiplicative,projection,main,live,20261002CCEAD0D8,2026-10-01T20:06:10.078Z
2026,4,13424,DK Metcalf,PIT,WR,at CLE,recYds,Hard Rock,121.5,under,42.16,-6000,1400,0.9836,0.9365,0.0503,0,0.9996,0.0160,0.0631,ev,multiplicative,projection,main,live,20261002CCEAD0D8,2026-10-01T20:06:10.078Z
2026,4,11712,Deshaun Watson,CLE,QB,vs PIT,passYds,DraftKings,319.5,over,218.73,2100,,0.0455,0.0455,,1,0.0610,0.0156,0.0156,ev,none,projection,main,live,20261002CCEAD0D8,2026-10-01T20:06:10.078Z
2026,4,18516,Quinshon Judkins,CLE,RB,vs PIT,recYds,theScore,9.5,over,12.98,-160,,0.6154,0.6154,,1,0.6309,0.0156,0.0156,ev,none,projection,main,live,20261002CCEAD0D8,2026-10-01T20:06:10.078Z
2026,4,15984,Jaylen Warren,PIT,RB,at CLE,rushYds,Hard Rock,137.5,over,96.25,650,-1800,0.1333,0.1234,0.0807,0,0.1490,0.0156,0.0256,ev,multiplicative,projection,main,live,20261002CCEAD0D8,2026-10-01T20:06:10.078Z
2026,4,16889,Darnell Washington,PIT,TE,at CLE,receptions,Hard Rock,4.5,under,1.47,-4000,1000,0.9756,0.9148,0.0665,0,0.9913,0.0156,0.0765,ev,multiplicative,projection,main,live,20261002CCEAD0D8,2026-10-01T20:06:10.078Z
2026,4,11712,Deshaun Watson,CLE,QB,vs PIT,passYds,DraftKings,149.5,over,218.73,-323,,0.7636,0.7636,,1,0.7791,0.0155,0.0155,ev,none,projection,main,live,20261002CCEAD0D8,2026-10-01T20:06:10.078Z
2026,4,18526,Raheim Sanders,CLE,RB,vs PIT,recYds,FanDuel,12.5,over,13.62,-113,-113,0.5305,0.5000,0.0610,0,0.5459,0.0154,0.0459,ev,multiplicative,projection,main,live,20261002CCEAD0D8,2026-10-01T20:06:10.078Z
2026,4,15267,Pat Freiermuth,PIT,TE,at CLE,recYds,DraftKings,39.5,over,33.66,212,,0.3205,0.3205,,1,0.3359,0.0154,0.0154,ev,none,projection,main,live,20261002CCEAD0D8,2026-10-01T20:06:10.078Z
2026,4,11712,Deshaun Watson,CLE,QB,vs PIT,passYds,Hard Rock,327.5,over,218.73,3000,,0.0323,0.0323,,1,0.0476,0.0153,0.0153,ev,none,projection,main,live,20261002CCEAD0D8,2026-10-01T20:06:10.078Z
2026,4,18526,Raheim Sanders,CLE,RB,vs PIT,recYds,Hard Rock,45.5,under,13.62,-6000,1400,0.9836,0.9365,0.0503,0,0.9989,0.0153,0.0624,ev,multiplicative,projection,main,live,20261002CCEAD0D8,2026-10-01T20:06:10.078Z
2026,4,13484,Travis Homer,PIT,RB,at CLE,rushYds,Hard Rock,26.5,over,13.65,900,-4000,0.1000,0.0930,0.0756,0,0.1153,0.0153,0.0223,ev,multiplicative,projection,main,live,20261002CCEAD0D8,2026-10-01T20:06:10.078Z
2026,4,19298,Denzel Boston,CLE,WR,vs PIT,recYds,theScore,79.5,over,51.99,500,,0.1667,0.1667,,1,0.1820,0.0153,0.0153,ev,none,projection,main,live,20261002CCEAD0D8,2026-10-01T20:06:10.078Z
2026,4,15267,Pat Freiermuth,PIT,TE,at CLE,receptions,FanDuel,1.5,over,3.23,-672,,0.8705,0.8705,,1,0.8855,0.0150,0.0150,ev,none,projection,main,live,20261002CCEAD0D8,2026-10-01T20:06:10.078Z
2026,4,19298,Denzel Boston,CLE,WR,vs PIT,recYds,DraftKings,79.5,over,51.99,499,,0.1669,0.1669,,1,0.1820,0.0150,0.0150,ev,none,projection,main,live,20261002CCEAD0D8,2026-10-01T20:06:10.078Z
2026,4,13424,DK Metcalf,PIT,WR,at CLE,recYds,Hard Rock,19.5,over,42.16,-700,375,0.8750,0.8061,0.0855,0,0.8900,0.0150,0.0840,ev,multiplicative,projection,main,live,20261002CCEAD0D8,2026-10-01T20:06:10.078Z
2026,4,18526,Raheim Sanders,CLE,RB,vs PIT,recYds,Hard Rock,44.5,under,13.62,-6000,1300,0.9836,0.9323,0.0550,0,0.9985,0.0149,0.0662,ev,multiplicative,projection,main,live,20261002CCEAD0D8,2026-10-01T20:06:10.078Z
2026,4,4307,Aaron Rodgers,PIT,QB,at CLE,completions,DraftKings,20.5,under,19.18,-139,109,0.5816,0.5486,0.0601,0,0.5964,0.0148,0.0477,ev,multiplicative,projection,main,live,20261002CCEAD0D8,2026-10-01T20:06:10.078Z
2026,4,15267,Pat Freiermuth,PIT,TE,at CLE,receptions,FanDuel,2.5,over,3.23,-212,,0.6795,0.6795,,1,0.6941,0.0146,0.0146,ev,none,projection,main,live,20261002CCEAD0D8,2026-10-01T20:06:10.078Z
2026,4,15267,Pat Freiermuth,PIT,TE,at CLE,recYds,Hard Rock,46.5,under,33.66,-425,260,0.8095,0.7445,0.0873,0,0.8241,0.0146,0.0796,ev,multiplicative,projection,main,live,20261002CCEAD0D8,2026-10-01T20:06:10.078Z
2026,4,13424,DK Metcalf,PIT,WR,at CLE,recYds,Hard Rock,17.5,over,42.16,-850,425,0.8947,0.8245,0.0852,0,0.9090,0.0143,0.0846,ev,multiplicative,projection,main,live,20261002CCEAD0D8,2026-10-01T20:06:10.078Z
2026,4,13424,DK Metcalf,PIT,WR,at CLE,recYds,Caesars,9.5,over,42.16,-1800,,0.9474,0.9474,,1,0.9615,0.0141,0.0141,ev,none,projection,main,live,20261002CCEAD0D8,2026-10-01T20:06:10.078Z
2026,4,18516,Quinshon Judkins,CLE,RB,vs PIT,rushYds,Hard Rock,135.5,under,42.39,-7000,1500,0.9859,0.9404,0.0484,0,1.0000,0.0141,0.0596,ev,multiplicative,projection,main,live,20261002CCEAD0D8,2026-10-01T20:06:10.078Z
2026,4,16889,Darnell Washington,PIT,TE,at CLE,recYds,Hard Rock,70.5,under,14.96,-7000,1400,0.9859,0.9367,0.0526,0,1.0000,0.0141,0.0633,ev,multiplicative,projection,main,live,20261002CCEAD0D8,2026-10-01T20:06:10.078Z
2026,4,18516,Quinshon Judkins,CLE,RB,vs PIT,rushYds,Hard Rock,134.5,under,42.39,-7000,1500,0.9859,0.9404,0.0484,0,1.0000,0.0141,0.0596,ev,multiplicative,projection,main,live,20261002CCEAD0D8,2026-10-01T20:06:10.078Z
2026,4,15984,Jaylen Warren,PIT,RB,at CLE,recYds,Hard Rock,76.5,under,22.75,-7000,1500,0.9859,0.9404,0.0484,0,1.0000,0.0141,0.0596,ev,multiplicative,projection,main,live,20261002CCEAD0D8,2026-10-01T20:06:10.078Z
2026,4,11712,Deshaun Watson,CLE,QB,vs PIT,rushYds,Hard Rock,73.5,under,17.22,-7000,1500,0.9859,0.9404,0.0484,0,1.0000,0.0141,0.0596,ev,multiplicative,projection,main,live,20261002CCEAD0D8,2026-10-01T20:06:10.078Z
2026,4,16889,Darnell Washington,PIT,TE,at CLE,recYds,Hard Rock,71.5,under,14.96,-7000,1500,0.9859,0.9404,0.0484,0,1.0000,0.0141,0.0596,ev,multiplicative,projection,main,live,20261002CCEAD0D8,2026-10-01T20:06:10.078Z
2026,4,13424,DK Metcalf,PIT,WR,at CLE,recYds,theScore,9.5,over,42.16,-1800,,0.9474,0.9474,,1,0.9615,0.0141,0.0141,ev,none,projection,main,live,20261002CCEAD0D8,2026-10-01T20:06:10.078Z
2026,4,18516,Quinshon Judkins,CLE,RB,vs PIT,rushYds,Hard Rock,136.5,under,42.39,-7000,1600,0.9859,0.9437,0.0447,0,1.0000,0.0141,0.0563,ev,multiplicative,projection,main,live,20261002CCEAD0D8,2026-10-01T20:06:10.078Z
2026,4,15984,Jaylen Warren,PIT,RB,at CLE,recYds,Hard Rock,75.5,under,22.75,-7000,1400,0.9859,0.9367,0.0526,0,1.0000,0.0140,0.0633,ev,multiplicative,projection,main,live,20261002CCEAD0D8,2026-10-01T20:06:10.078Z
2026,4,17130,Blake Whiteheart,CLE,TE,vs PIT,recYds,Hard Rock,19.5,over,9.35,525,-1200,0.1600,0.1477,0.0831,0,0.1738,0.0138,0.0261,ev,multiplicative,projection,main,live,20261002CCEAD0D8,2026-10-01T20:06:10.078Z
2026,4,13424,DK Metcalf,PIT,WR,at CLE,recYds,Hard Rock,124.5,under,42.16,-7000,1500,0.9859,0.9404,0.0484,0,0.9997,0.0138,0.0594,ev,multiplicative,projection,main,live,20261002CCEAD0D8,2026-10-01T20:06:10.078Z
2026,4,13424,DK Metcalf,PIT,WR,at CLE,recYds,Hard Rock,123.5,under,42.16,-7000,1500,0.9859,0.9404,0.0484,0,0.9997,0.0138,0.0593,ev,multiplicative,projection,main,live,20261002CCEAD0D8,2026-10-01T20:06:10.078Z
2026,4,15267,Pat Freiermuth,PIT,TE,at CLE,recYds,Caesars,9.5,over,33.66,-900,,0.9000,0.9000,,1,0.9137,0.0137,0.0137,ev,none,projection,main,live,20261002CCEAD0D8,2026-10-01T20:06:10.078Z
2026,4,14458,Jerry Jeudy,CLE,WR,vs PIT,recYds,FanDuel,59.5,over,17.27,879,,0.1021,0.1021,,1,0.1156,0.0135,0.0135,ev,none,projection,main,live,20261002CCEAD0D8,2026-10-01T20:06:10.078Z
2026,4,18526,Raheim Sanders,CLE,RB,vs PIT,recYds,Hard Rock,46.5,under,13.62,-7000,1500,0.9859,0.9404,0.0484,0,0.9992,0.0133,0.0588,ev,multiplicative,projection,main,live,20261002CCEAD0D8,2026-10-01T20:06:10.078Z
2026,4,18472,Harold Fannin Jr.,CLE,TE,vs PIT,receptions,DraftKings,1.5,over,4.41,-2800,,0.9655,0.9655,,1,0.9785,0.0130,0.0130,ev,none,projection,main,live,20261002CCEAD0D8,2026-10-01T20:06:10.078Z
2026,4,17130,Blake Whiteheart,CLE,TE,vs PIT,recYds,DraftKings,14.5,over,9.35,229,,0.3040,0.3040,,1,0.3169,0.0129,0.0129,ev,none,projection,main,live,20261002CCEAD0D8,2026-10-01T20:06:10.078Z
2026,4,19263,Germie Bernard,PIT,WR,at CLE,receptions,Hard Rock,3.5,under,0.84,-6000,1300,0.9836,0.9323,0.0550,0,0.9963,0.0127,0.0640,ev,multiplicative,projection,main,live,20261002CCEAD0D8,2026-10-01T20:06:10.078Z
2026,4,4307,Aaron Rodgers,PIT,QB,at CLE,rushYds,Hard Rock,31.5,over,11.04,3000,,0.0323,0.0323,,1,0.0448,0.0126,0.0126,ev,none,projection,main,live,20261002CCEAD0D8,2026-10-01T20:06:10.078Z
2026,4,19298,Denzel Boston,CLE,WR,vs PIT,recYds,FanDuel,9.5,over,51.99,-1002,,0.9093,0.9093,,1,0.9216,0.0124,0.0124,ev,none,projection,main,live,20261002CCEAD0D8,2026-10-01T20:06:10.078Z
2026,4,15267,Pat Freiermuth,PIT,TE,at CLE,recYds,Hard Rock,85.5,under,33.66,-8000,1750,0.9877,0.9481,0.0417,0,0.9999,0.0123,0.0518,ev,multiplicative,projection,main,live,20261002CCEAD0D8,2026-10-01T20:06:10.078Z
2026,4,18516,Quinshon Judkins,CLE,RB,vs PIT,rushYds,Hard Rock,137.5,under,42.39,-8000,1750,0.9877,0.9481,0.0417,0,1.0000,0.0123,0.0519,ev,multiplicative,projection,main,live,20261002CCEAD0D8,2026-10-01T20:06:10.078Z
2026,4,11712,Deshaun Watson,CLE,QB,vs PIT,rushYds,Hard Rock,74.5,under,17.22,-8000,1600,0.9877,0.9438,0.0465,0,1.0000,0.0123,0.0562,ev,multiplicative,projection,main,live,20261002CCEAD0D8,2026-10-01T20:06:10.078Z
2026,4,16889,Darnell Washington,PIT,TE,at CLE,recYds,Hard Rock,73.5,under,14.96,-8000,1600,0.9877,0.9438,0.0465,0,1.0000,0.0123,0.0562,ev,multiplicative,projection,main,live,20261002CCEAD0D8,2026-10-01T20:06:10.078Z
2026,4,18516,Quinshon Judkins,CLE,RB,vs PIT,rushYds,Hard Rock,138.5,under,42.39,-8000,1750,0.9877,0.9481,0.0417,0,1.0000,0.0123,0.0519,ev,multiplicative,projection,main,live,20261002CCEAD0D8,2026-10-01T20:06:10.078Z
2026,4,15984,Jaylen Warren,PIT,RB,at CLE,recYds,Hard Rock,77.5,under,22.75,-8000,1600,0.9877,0.9438,0.0465,0,1.0000,0.0123,0.0562,ev,multiplicative,projection,main,live,20261002CCEAD0D8,2026-10-01T20:06:10.078Z
2026,4,18516,Quinshon Judkins,CLE,RB,vs PIT,receptions,DraftKings,1.5,over,2.1,-202,,0.6689,0.6689,,1,0.6810,0.0122,0.0122,ev,none,projection,main,live,20261002CCEAD0D8,2026-10-01T20:06:10.078Z
2026,4,13424,DK Metcalf,PIT,WR,at CLE,recYds,Hard Rock,26.5,over,42.16,-375,240,0.7895,0.7286,0.0836,0,0.8017,0.0122,0.0731,ev,multiplicative,projection,main,live,20261002CCEAD0D8,2026-10-01T20:06:10.078Z
2026,4,13424,DK Metcalf,PIT,WR,at CLE,recYds,Hard Rock,126.5,under,42.16,-8000,1600,0.9877,0.9438,0.0465,0,0.9998,0.0122,0.0560,ev,multiplicative,projection,main,live,20261002CCEAD0D8,2026-10-01T20:06:10.078Z
2026,4,13424,DK Metcalf,PIT,WR,at CLE,recYds,Hard Rock,125.5,under,42.16,-8000,1600,0.9877,0.9438,0.0465,0,0.9998,0.0121,0.0560,ev,multiplicative,projection,main,live,20261002CCEAD0D8,2026-10-01T20:06:10.078Z
2026,4,19298,Denzel Boston,CLE,WR,vs PIT,receptions,FanDuel,6.5,over,3.13,1259,,0.0736,0.0736,,1,0.0855,0.0119,0.0119,ev,none,projection,main,live,20261002CCEAD0D8,2026-10-01T20:06:10.078Z
2026,4,14378,Michael Pittman Jr.,PIT,WR,at CLE,recYds,DraftKings,79.5,over,40.74,680,,0.1282,0.1282,,1,0.1400,0.0118,0.0118,ev,none,projection,main,live,20261002CCEAD0D8,2026-10-01T20:06:10.078Z
2026,4,18526,Raheim Sanders,CLE,RB,vs PIT,recYds,Hard Rock,47.5,under,13.62,-8000,1600,0.9877,0.9438,0.0465,0,0.9995,0.0118,0.0557,ev,multiplicative,projection,main,live,20261002CCEAD0D8,2026-10-01T20:06:10.078Z
2026,4,19298,Denzel Boston,CLE,WR,vs PIT,recYds,FanDuel,79.5,over,51.99,487,,0.1704,0.1704,,1,0.1820,0.0116,0.0116,ev,none,projection,main,live,20261002CCEAD0D8,2026-10-01T20:06:10.078Z
2026,4,18526,Raheim Sanders,CLE,RB,vs PIT,recYds,Hard Rock,21.5,under,13.62,-325,220,0.7647,0.7099,0.0772,0,0.7762,0.0115,0.0663,ev,multiplicative,projection,main,live,20261002CCEAD0D8,2026-10-01T20:06:10.078Z
2026,4,11712,Deshaun Watson,CLE,QB,vs PIT,passYds,Hard Rock,159.5,over,218.73,-275,,0.7333,0.7333,,1,0.7448,0.0114,0.0114,ev,none,projection,main,live,20261002CCEAD0D8,2026-10-01T20:06:10.078Z
2026,4,14378,Michael Pittman Jr.,PIT,WR,at CLE,recYds,FanDuel,79.5,over,40.74,676,,0.1289,0.1289,,1,0.1400,0.0111,0.0111,ev,none,projection,main,live,20261002CCEAD0D8,2026-10-01T20:06:10.078Z
2026,4,18516,Quinshon Judkins,CLE,RB,vs PIT,recYds,Hard Rock,11.5,over,12.98,-120,-110,0.5455,0.5101,0.0693,0,0.5565,0.0111,0.0464,ev,multiplicative,projection,main,live,20261002CCEAD0D8,2026-10-01T20:06:10.078Z
2026,4,18516,Quinshon Judkins,CLE,RB,vs PIT,rushYds,Hard Rock,140.5,under,42.39,-9000,2000,0.9890,0.9541,0.0366,0,1.0000,0.0110,0.0459,ev,multiplicative,projection,main,live,20261002CCEAD0D8,2026-10-01T20:06:10.078Z
2026,4,18526,Raheim Sanders,CLE,RB,vs PIT,recYds,Hard Rock,12.5,over,13.62,-115,-115,0.5349,0.5000,0.0698,0,0.5459,0.0110,0.0459,ev,multiplicative,projection,main,live,20261002CCEAD0D8,2026-10-01T20:06:10.078Z
2026,4,11712,Deshaun Watson,CLE,QB,vs PIT,rushYds,Hard Rock,75.5,under,17.22,-9000,1750,0.9890,0.9482,0.0431,0,1.0000,0.0110,0.0518,ev,multiplicative,projection,main,live,20261002CCEAD0D8,2026-10-01T20:06:10.078Z
2026,4,18516,Quinshon Judkins,CLE,RB,vs PIT,rushYds,Hard Rock,139.5,under,42.39,-9000,1750,0.9890,0.9482,0.0431,0,1.0000,0.0110,0.0518,ev,multiplicative,projection,main,live,20261002CCEAD0D8,2026-10-01T20:06:10.078Z
2026,4,16889,Darnell Washington,PIT,TE,at CLE,recYds,Hard Rock,74.5,under,14.96,-9000,1750,0.9890,0.9482,0.0431,0,1.0000,0.0110,0.0518,ev,multiplicative,projection,main,live,20261002CCEAD0D8,2026-10-01T20:06:10.078Z
2026,4,15984,Jaylen Warren,PIT,RB,at CLE,recYds,Hard Rock,79.5,under,22.75,-9000,1750,0.9890,0.9482,0.0431,0,1.0000,0.0110,0.0518,ev,multiplicative,projection,main,live,20261002CCEAD0D8,2026-10-01T20:06:10.078Z
2026,4,18516,Quinshon Judkins,CLE,RB,vs PIT,rushYds,Hard Rock,141.5,under,42.39,-9000,2000,0.9890,0.9541,0.0366,0,1.0000,0.0110,0.0459,ev,multiplicative,projection,main,live,20261002CCEAD0D8,2026-10-01T20:06:10.078Z
2026,4,15984,Jaylen Warren,PIT,RB,at CLE,recYds,Hard Rock,78.5,under,22.75,-9000,1600,0.9890,0.9439,0.0478,0,1.0000,0.0110,0.0561,ev,multiplicative,projection,main,live,20261002CCEAD0D8,2026-10-01T20:06:10.078Z
2026,4,13424,DK Metcalf,PIT,WR,at CLE,recYds,Hard Rock,128.5,under,42.16,-9000,1750,0.9890,0.9482,0.0431,0,0.9999,0.0109,0.0517,ev,multiplicative,projection,main,live,20261002CCEAD0D8,2026-10-01T20:06:10.078Z
2026,4,13424,DK Metcalf,PIT,WR,at CLE,recYds,Hard Rock,127.5,under,42.16,-9000,1750,0.9890,0.9482,0.0431,0,0.9998,0.0108,0.0517,ev,multiplicative,projection,main,live,20261002CCEAD0D8,2026-10-01T20:06:10.078Z
2026,4,14458,Jerry Jeudy,CLE,WR,vs PIT,recYds,Hard Rock,2.5,over,17.27,-425,260,0.8095,0.7445,0.0873,0,0.8203,0.0108,0.0758,ev,multiplicative,projection,main,live,20261002CCEAD0D8,2026-10-01T20:06:10.078Z
2026,4,15984,Jaylen Warren,PIT,RB,at CLE,receptions,Hard Rock,2.5,under,3.34,200,-300,0.3333,0.3077,0.0833,0,0.3439,0.0106,0.0362,ev,multiplicative,projection,main,live,20261002CCEAD0D8,2026-10-01T20:06:10.078Z
2026,4,18526,Raheim Sanders,CLE,RB,vs PIT,recYds,Hard Rock,48.5,under,13.62,-9000,1750,0.9890,0.9482,0.0431,0,0.9996,0.0106,0.0514,ev,multiplicative,projection,main,live,20261002CCEAD0D8,2026-10-01T20:06:10.078Z
2026,4,15267,Pat Freiermuth,PIT,TE,at CLE,receptions,theScore,1.5,over,3.23,-700,,0.8750,0.8750,,1,0.8855,0.0105,0.0105,ev,none,projection,main,live,20261002CCEAD0D8,2026-10-01T20:06:10.078Z
2026,4,4307,Aaron Rodgers,PIT,QB,at CLE,passYds,Hard Rock,334.5,under,184.84,-7000,1500,0.9859,0.9404,0.0484,0,0.9961,0.0102,0.0557,ev,multiplicative,projection,main,live,20261002CCEAD0D8,2026-10-01T20:06:10.078Z
2026,4,11712,Deshaun Watson,CLE,QB,vs PIT,rushYds,Hard Rock,76.5,under,17.22,-10000,2000,0.9901,0.9541,0.0377,0,1.0000,0.0099,0.0459,ev,multiplicative,projection,main,live,20261002CCEAD0D8,2026-10-01T20:06:10.078Z
2026,4,17043,Roman Wilson,PIT,WR,at CLE,receptions,theScore,2.5,under,1.96,-160,125,0.6154,0.5806,0.0598,0,0.6253,0.0099,0.0447,ev,multiplicative,projection,main,live,20261002CCEAD0D8,2026-10-01T20:06:10.078Z
2026,4,15984,Jaylen Warren,PIT,RB,at CLE,recYds,Hard Rock,80.5,under,22.75,-10000,1750,0.9901,0.9482,0.0442,0,1.0000,0.0099,0.0518,ev,multiplicative,projection,main,live,20261002CCEAD0D8,2026-10-01T20:06:10.078Z
2026,4,13424,DK Metcalf,PIT,WR,at CLE,recYds,Hard Rock,129.5,under,42.16,-10000,2000,0.9901,0.9541,0.0377,0,0.9999,0.0098,0.0458,ev,multiplicative,projection,main,live,20261002CCEAD0D8,2026-10-01T20:06:10.078Z
2026,4,13424,DK Metcalf,PIT,WR,at CLE,recYds,Hard Rock,41.5,under,42.16,110,-150,0.4762,0.4425,0.0762,0,0.4857,0.0096,0.0433,ev,multiplicative,projection,main,live,20261002CCEAD0D8,2026-10-01T20:06:10.078Z
2026,4,15984,Jaylen Warren,PIT,RB,at CLE,receptions,Hard Rock,4.5,under,3.34,-275,185,0.7333,0.6764,0.0842,0,0.7428,0.0095,0.0664,ev,multiplicative,projection,main,live,20261002CCEAD0D8,2026-10-01T20:06:10.078Z
2026,4,19263,Germie Bernard,PIT,WR,at CLE,recYds,BetMGM,8.5,over,9.67,-120,-110,0.5455,0.5101,0.0693,0,0.5545,0.0090,0.0444,ev,multiplicative,projection,main,live,20261002CCEAD0D8,2026-10-01T20:06:10.078Z
2026,4,19263,Germie Bernard,PIT,WR,at CLE,recYds,Caesars,8.5,over,9.67,-120,-110,0.5455,0.5101,0.0693,0,0.5545,0.0090,0.0444,ev,multiplicative,projection,main,live,20261002CCEAD0D8,2026-10-01T20:06:10.078Z
2026,4,19263,Germie Bernard,PIT,WR,at CLE,recYds,Hard Rock,8.5,over,9.67,-120,-110,0.5455,0.5101,0.0693,0,0.5545,0.0090,0.0444,ev,multiplicative,projection,main,live,20261002CCEAD0D8,2026-10-01T20:06:10.078Z
2026,4,4307,Aaron Rodgers,PIT,QB,at CLE,passYds,Hard Rock,337.5,under,184.84,-8000,1750,0.9877,0.9481,0.0417,0,0.9967,0.0090,0.0486,ev,multiplicative,projection,main,live,20261002CCEAD0D8,2026-10-01T20:06:10.078Z
2026,4,11712,Deshaun Watson,CLE,QB,vs PIT,passYds,DraftKings,329.5,over,218.73,2700,,0.0357,0.0357,,1,0.0446,0.0089,0.0089,ev,none,projection,main,live,20261002CCEAD0D8,2026-10-01T20:06:10.078Z
2026,4,18516,Quinshon Judkins,CLE,RB,vs PIT,receptions,Caesars,1.5,over,2.1,-205,,0.6721,0.6721,,1,0.6810,0.0089,0.0089,ev,none,projection,main,live,20261002CCEAD0D8,2026-10-01T20:06:10.078Z
2026,4,13424,DK Metcalf,PIT,WR,at CLE,recYds,Hard Rock,27.5,over,42.16,-350,230,0.7778,0.7196,0.0808,0,0.7863,0.0085,0.0667,ev,multiplicative,projection,main,live,20261002CCEAD0D8,2026-10-01T20:06:10.078Z
2026,4,4307,Aaron Rodgers,PIT,QB,at CLE,passTD,DraftKings,2.5,over,1.31,630,,0.1370,0.1370,,1,0.1452,0.0082,0.0082,ev,none,projection,main,live,20261002CCEAD0D8,2026-10-01T20:06:10.078Z
2026,4,18516,Quinshon Judkins,CLE,RB,vs PIT,receptions,DraftKings,2.5,over,2.1,151,-193,0.3984,0.3769,0.0571,0,0.4065,0.0081,0.0296,ev,multiplicative,projection,main,live,20261002CCEAD0D8,2026-10-01T20:06:10.078Z
2026,4,19298,Denzel Boston,CLE,WR,vs PIT,recYds,Caesars,79.5,over,51.99,475,,0.1739,0.1739,,1,0.1820,0.0081,0.0081,ev,none,projection,main,live,20261002CCEAD0D8,2026-10-01T20:06:10.078Z
2026,4,19263,Germie Bernard,PIT,WR,at CLE,recYds,theScore,9.5,over,9.67,100,-130,0.5000,0.4694,0.0652,0,0.5079,0.0079,0.0386,ev,multiplicative,projection,main,live,20261002CCEAD0D8,2026-10-01T20:06:10.078Z
2026,4,18526,Raheim Sanders,CLE,RB,vs PIT,receptions,FanDuel,1.5,under,1.72,148,-200,0.4032,0.3769,0.0699,0,0.4111,0.0078,0.0342,ev,multiplicative,projection,main,live,20261002CCEAD0D8,2026-10-01T20:06:10.078Z
2026,4,13484,Travis Homer,PIT,RB,at CLE,rushYds,Hard Rock,27.5,over,13.65,1000,,0.0909,0.0909,,1,0.0982,0.0073,0.0073,ev,none,projection,main,live,20261002CCEAD0D8,2026-10-01T20:06:10.078Z
2026,4,15984,Jaylen Warren,PIT,RB,at CLE,rushYds,Hard Rock,140.5,over,96.25,700,,0.1250,0.1250,,1,0.1321,0.0071,0.0071,ev,none,projection,main,live,20261002CCEAD0D8,2026-10-01T20:06:10.078Z
2026,4,4307,Aaron Rodgers,PIT,QB,at CLE,passYds,Hard Rock,340.5,under,184.84,-10000,2000,0.9901,0.9541,0.0377,0,0.9972,0.0071,0.0431,ev,multiplicative,projection,main,live,20261002CCEAD0D8,2026-10-01T20:06:10.078Z
2026,4,18472,Harold Fannin Jr.,CLE,TE,vs PIT,receptions,BetRivers,2.5,over,4.41,-910,,0.9010,0.9010,,1,0.9079,0.0069,0.0069,ev,none,projection,main,live,20261002CCEAD0D8,2026-10-01T20:06:10.078Z
2026,4,14378,Michael Pittman Jr.,PIT,WR,at CLE,recYds,Caesars,79.5,over,40.74,650,,0.1333,0.1333,,1,0.1400,0.0067,0.0067,ev,none,projection,main,live,20261002CCEAD0D8,2026-10-01T20:06:10.078Z
2026,4,17043,Roman Wilson,PIT,WR,at CLE,recYds,DraftKings,14.5,over,20.34,-172,,0.6324,0.6324,,1,0.6390,0.0067,0.0067,ev,none,projection,main,live,20261002CCEAD0D8,2026-10-01T20:06:10.078Z
2026,4,15267,Pat Freiermuth,PIT,TE,at CLE,receptions,theScore,2.5,over,3.23,-220,,0.6875,0.6875,,1,0.6941,0.0066,0.0066,ev,none,projection,main,live,20261002CCEAD0D8,2026-10-01T20:06:10.078Z
2026,4,16889,Darnell Washington,PIT,TE,at CLE,recYds,Hard Rock,2.5,over,14.96,-600,350,0.8571,0.7941,0.0794,0,0.8637,0.0066,0.0696,ev,multiplicative,projection,main,live,20261002CCEAD0D8,2026-10-01T20:06:10.078Z
2026,4,18472,Harold Fannin Jr.,CLE,TE,vs PIT,recYds,theScore,9.5,over,44.69,-2250,,0.9574,0.9574,,1,0.9638,0.0064,0.0064,ev,none,projection,main,live,20261002CCEAD0D8,2026-10-01T20:06:10.078Z
2026,4,15984,Jaylen Warren,PIT,RB,at CLE,rushYds,Hard Rock,56.5,over,96.25,-300,200,0.7500,0.6923,0.0833,0,0.7562,0.0062,0.0639,ev,multiplicative,projection,main,live,20261002CCEAD0D8,2026-10-01T20:06:10.078Z
2026,4,16889,Darnell Washington,PIT,TE,at CLE,recYds,BetRivers,16.5,under,14.96,-120,-112,0.5455,0.5080,0.0738,0,0.5516,0.0061,0.0436,ev,multiplicative,projection,main,live,20261002CCEAD0D8,2026-10-01T20:06:10.078Z
2026,4,15984,Jaylen Warren,PIT,RB,at CLE,rushYds,FanDuel,149.5,over,96.25,1098,,0.0835,0.0835,,1,0.0895,0.0061,0.0061,ev,none,projection,main,live,20261002CCEAD0D8,2026-10-01T20:06:10.078Z
2026,4,15984,Jaylen Warren,PIT,RB,at CLE,rushYds,theScore,59.5,over,96.25,-275,,0.7333,0.7333,,1,0.7395,0.0061,0.0061,ev,none,projection,main,live,20261002CCEAD0D8,2026-10-01T20:06:10.078Z
2026,4,18516,Quinshon Judkins,CLE,RB,vs PIT,recYds,DraftKings,14.5,over,12.98,125,,0.4444,0.4444,,1,0.4505,0.0060,0.0060,ev,none,projection,main,live,20261002CCEAD0D8,2026-10-01T20:06:10.078Z
2026,4,15984,Jaylen Warren,PIT,RB,at CLE,rushYds,DraftKings,169.5,over,96.25,3700,,0.0263,0.0263,,1,0.0323,0.0060,0.0060,ev,none,projection,main,live,20261002CCEAD0D8,2026-10-01T20:06:10.078Z
2026,4,16889,Darnell Washington,PIT,TE,at CLE,recYds,Hard Rock,15.5,under,14.96,-105,-135,0.5122,0.4713,0.0867,0,0.5181,0.0059,0.0468,ev,multiplicative,projection,main,live,20261002CCEAD0D8,2026-10-01T20:06:10.078Z
2026,4,15267,Pat Freiermuth,PIT,TE,at CLE,recYds,Hard Rock,37.5,over,33.66,160,-230,0.3846,0.3556,0.0816,0,0.3903,0.0057,0.0347,ev,multiplicative,projection,main,live,20261002CCEAD0D8,2026-10-01T20:06:10.078Z
2026,4,15984,Jaylen Warren,PIT,RB,at CLE,rushAtt,BetRivers,19.5,over,17.68,195,,0.3390,0.3390,,1,0.3446,0.0056,0.0056,ev,none,projection,main,live,20261002CCEAD0D8,2026-10-01T20:06:10.078Z
2026,4,13424,DK Metcalf,PIT,WR,at CLE,recYds,Hard Rock,28.5,over,42.16,-325,220,0.7647,0.7099,0.0772,0,0.7702,0.0055,0.0603,ev,multiplicative,projection,main,live,20261002CCEAD0D8,2026-10-01T20:06:10.078Z
2026,4,18472,Harold Fannin Jr.,CLE,TE,vs PIT,recYds,Hard Rock,54.5,under,44.69,-260,180,0.7222,0.6691,0.0794,0,0.7277,0.0055,0.0586,ev,multiplicative,projection,main,live,20261002CCEAD0D8,2026-10-01T20:06:10.078Z
2026,4,14458,Jerry Jeudy,CLE,WR,vs PIT,recYds,Caesars,19.5,over,17.27,113,,0.4695,0.4695,,1,0.4748,0.0053,0.0053,ev,none,projection,main,live,20261002CCEAD0D8,2026-10-01T20:06:10.078Z
2026,4,14378,Michael Pittman Jr.,PIT,WR,at CLE,recYds,Hard Rock,87.5,over,40.74,1000,,0.0909,0.0909,,1,0.0962,0.0053,0.0053,ev,none,projection,main,live,20261002CCEAD0D8,2026-10-01T20:06:10.078Z
2026,4,13424,DK Metcalf,PIT,WR,at CLE,receptions,Hard Rock,5.5,under,3.17,-475,300,0.8261,0.7677,0.0761,0,0.8310,0.0049,0.0634,ev,multiplicative,projection,main,live,20261002CCEAD0D8,2026-10-01T20:06:10.078Z
2026,4,19298,Denzel Boston,CLE,WR,vs PIT,recYds,theScore,9.5,over,51.99,-1100,,0.9167,0.9167,,1,0.9216,0.0049,0.0049,ev,none,projection,main,live,20261002CCEAD0D8,2026-10-01T20:06:10.078Z
2026,4,19263,Germie Bernard,PIT,WR,at CLE,recYds,Hard Rock,14.5,under,9.67,-210,150,0.6774,0.6287,0.0774,0,0.6821,0.0047,0.0533,ev,multiplicative,projection,main,live,20261002CCEAD0D8,2026-10-01T20:06:10.078Z
2026,4,4307,Aaron Rodgers,PIT,QB,at CLE,completions,Caesars,20.5,under,19.18,-145,108,0.5918,0.5518,0.0726,0,0.5964,0.0045,0.0446,ev,multiplicative,projection,main,live,20261002CCEAD0D8,2026-10-01T20:06:10.078Z
2026,4,15267,Pat Freiermuth,PIT,TE,at CLE,receptions,Hard Rock,5.5,under,3.23,-1200,550,0.9231,0.8571,0.0769,0,0.9276,0.0045,0.0705,ev,multiplicative,projection,main,live,20261002CCEAD0D8,2026-10-01T20:06:10.078Z
2026,4,15984,Jaylen Warren,PIT,RB,at CLE,rushYds,Hard Rock,142.5,over,96.25,750,,0.1176,0.1176,,1,0.1216,0.0039,0.0039,ev,none,projection,main,live,20261002CCEAD0D8,2026-10-01T20:06:10.078Z
2026,4,18472,Harold Fannin Jr.,CLE,TE,vs PIT,recYds,Hard Rock,45.5,over,44.69,110,-155,0.4762,0.4393,0.0840,0,0.4800,0.0039,0.0408,ev,multiplicative,projection,main,live,20261002CCEAD0D8,2026-10-01T20:06:10.078Z
2026,4,15267,Pat Freiermuth,PIT,TE,at CLE,receptions,DraftKings,3.5,over,3.23,134,-171,0.4274,0.4038,0.0583,0,0.4312,0.0038,0.0274,ev,multiplicative,projection,main,live,20261002CCEAD0D8,2026-10-01T20:06:10.078Z
2026,4,17130,Blake Whiteheart,CLE,TE,vs PIT,receptions,DraftKings,2.5,over,0.87,1500,,0.0625,0.0625,,1,0.0660,0.0035,0.0035,ev,none,projection,main,live,20261002CCEAD0D8,2026-10-01T20:06:10.078Z
2026,4,16889,Darnell Washington,PIT,TE,at CLE,recYds,Hard Rock,3.5,over,14.96,-525,325,0.8400,0.7812,0.0753,0,0.8435,0.0035,0.0624,ev,multiplicative,projection,main,live,20261002CCEAD0D8,2026-10-01T20:06:10.078Z
2026,4,13424,DK Metcalf,PIT,WR,at CLE,recYds,Hard Rock,29.5,over,42.16,-300,200,0.7500,0.6923,0.0833,0,0.7534,0.0034,0.0611,ev,multiplicative,projection,main,live,20261002CCEAD0D8,2026-10-01T20:06:10.078Z
2026,4,13424,DK Metcalf,PIT,WR,at CLE,recYds,theScore,29.5,over,42.16,-300,,0.7500,0.7500,,1,0.7534,0.0034,0.0034,ev,none,projection,main,live,20261002CCEAD0D8,2026-10-01T20:06:10.078Z
2026,4,11712,Deshaun Watson,CLE,QB,vs PIT,passAtt,theScore,29.5,under,29.14,-110,-120,0.5238,0.4899,0.0693,0,0.5271,0.0033,0.0372,ev,multiplicative,projection,main,live,20261002CCEAD0D8,2026-10-01T20:06:10.078Z
2026,4,16889,Darnell Washington,PIT,TE,at CLE,recYds,Hard Rock,4.5,over,14.96,-450,300,0.8182,0.7660,0.0682,0,0.8215,0.0033,0.0555,ev,multiplicative,projection,main,live,20261002CCEAD0D8,2026-10-01T20:06:10.078Z
2026,4,17130,Blake Whiteheart,CLE,TE,vs PIT,recYds,Hard Rock,20.5,over,9.35,575,-1300,0.1481,0.1376,0.0767,0,0.1511,0.0030,0.0135,ev,multiplicative,projection,main,live,20261002CCEAD0D8,2026-10-01T20:06:10.078Z
2026,4,13424,DK Metcalf,PIT,WR,at CLE,recYds,Hard Rock,30.5,over,42.16,-275,195,0.7333,0.6839,0.0723,0,0.7360,0.0027,0.0522,ev,multiplicative,projection,main,live,20261002CCEAD0D8,2026-10-01T20:06:10.078Z
2026,4,15984,Jaylen Warren,PIT,RB,at CLE,rushYds,Hard Rock,54.5,over,96.25,-325,220,0.7647,0.7099,0.0772,0,0.7670,0.0023,0.0571,ev,multiplicative,projection,main,live,20261002CCEAD0D8,2026-10-01T20:06:10.078Z
2026,4,17130,Blake Whiteheart,CLE,TE,vs PIT,recYds,Hard Rock,35.5,under,9.35,-10000,1750,0.9901,0.9482,0.0442,0,0.9922,0.0021,0.0440,ev,multiplicative,projection,main,live,20261002CCEAD0D8,2026-10-01T20:06:10.078Z
2026,4,15984,Jaylen Warren,PIT,RB,at CLE,rushYds,DraftKings,59.5,over,96.25,-281,,0.7375,0.7375,,1,0.7395,0.0019,0.0019,ev,none,projection,main,live,20261002CCEAD0D8,2026-10-01T20:06:10.078Z
2026,4,14458,Jerry Jeudy,CLE,WR,vs PIT,recYds,DraftKings,79.5,over,17.27,2600,,0.0370,0.0370,,1,0.0388,0.0018,0.0018,ev,none,projection,main,live,20261002CCEAD0D8,2026-10-01T20:06:10.078Z
2026,4,15267,Pat Freiermuth,PIT,TE,at CLE,receptions,Hard Rock,6.5,under,3.23,-5000,1200,0.9804,0.9272,0.0573,0,0.9822,0.0018,0.0549,ev,multiplicative,projection,main,live,20261002CCEAD0D8,2026-10-01T20:06:10.078Z
2026,4,15984,Jaylen Warren,PIT,RB,at CLE,rushYds,Hard Rock,141.5,over,96.25,700,-2200,0.1250,0.1156,0.0815,0,0.1268,0.0018,0.0112,ev,multiplicative,projection,main,live,20261002CCEAD0D8,2026-10-01T20:06:10.078Z
2026,4,11712,Deshaun Watson,CLE,QB,vs PIT,passYds,DraftKings,339.5,over,218.73,3200,,0.0303,0.0303,,1,0.0319,0.0016,0.0016,ev,none,projection,main,live,20261002CCEAD0D8,2026-10-01T20:06:10.078Z
2026,4,14378,Michael Pittman Jr.,PIT,WR,at CLE,recYds,Hard Rock,91.5,over,40.74,1200,-5000,0.0769,0.0728,0.0573,0,0.0786,0.0016,0.0058,ev,multiplicative,projection,main,live,20261002CCEAD0D8,2026-10-01T20:06:10.078Z
2026,4,11712,Deshaun Watson,CLE,QB,vs PIT,int,DraftKings,2.5,over,0.99,1200,,0.0769,0.0769,,1,0.0785,0.0015,0.0015,ev,none,projection,main,live,20261002CCEAD0D8,2026-10-01T20:06:10.078Z
2026,4,11712,Deshaun Watson,CLE,QB,vs PIT,passYds,theScore,149.5,over,218.73,-350,,0.7778,0.7778,,1,0.7791,0.0014,0.0014,ev,none,projection,main,live,20261002CCEAD0D8,2026-10-01T20:06:10.078Z
2026,4,17043,Roman Wilson,PIT,WR,at CLE,recYds,FanDuel,9.5,over,20.34,-291,,0.7442,0.7442,,1,0.7455,0.0013,0.0013,ev,none,projection,main,live,20261002CCEAD0D8,2026-10-01T20:06:10.078Z
2026,4,18526,Raheim Sanders,CLE,RB,vs PIT,recYds,DraftKings,14.5,over,13.62,115,,0.4651,0.4651,,1,0.4662,0.0011,0.0011,ev,none,projection,main,live,20261002CCEAD0D8,2026-10-01T20:06:10.078Z
2026,4,18472,Harold Fannin Jr.,CLE,TE,vs PIT,receptions,BetRivers,3.5,over,4.41,-278,,0.7354,0.7354,,1,0.7366,0.0011,0.0011,ev,none,projection,main,live,20261002CCEAD0D8,2026-10-01T20:06:10.078Z
2026,4,18526,Raheim Sanders,CLE,RB,vs PIT,recYds,theScore,14.5,over,13.62,115,-150,0.4651,0.4367,0.0651,0,0.4662,0.0011,0.0295,ev,multiplicative,projection,main,live,20261002CCEAD0D8,2026-10-01T20:06:10.078Z
2026,4,14378,Michael Pittman Jr.,PIT,WR,at CLE,recYds,Hard Rock,95.5,over,40.74,1500,-7000,0.0625,0.0596,0.0484,0,0.0635,0.0010,0.0039,ev,multiplicative,projection,main,live,20261002CCEAD0D8,2026-10-01T20:06:10.078Z
2026,4,17130,Blake Whiteheart,CLE,TE,vs PIT,recYds,Hard Rock,34.5,under,9.35,-9000,1750,0.9890,0.9482,0.0431,0,0.9900,0.0010,0.0418,ev,multiplicative,projection,main,live,20261002CCEAD0D8,2026-10-01T20:06:10.078Z
2026,4,15984,Jaylen Warren,PIT,RB,at CLE,receptions,BetMGM,3.5,under,3.34,-115,-115,0.5349,0.5000,0.0698,0,0.5358,0.0009,0.0358,ev,multiplicative,projection,main,live,20261002CCEAD0D8,2026-10-01T20:06:10.078Z
2026,4,19298,Denzel Boston,CLE,WR,vs PIT,receptions,DraftKings,7.5,over,3.13,2600,,0.0370,0.0370,,1,0.0379,0.0009,0.0009,ev,none,projection,main,live,20261002CCEAD0D8,2026-10-01T20:06:10.078Z
2026,4,15984,Jaylen Warren,PIT,RB,at CLE,receptions,Hard Rock,3.5,under,3.34,-115,-115,0.5349,0.5000,0.0698,0,0.5358,0.0009,0.0358,ev,multiplicative,projection,main,live,20261002CCEAD0D8,2026-10-01T20:06:10.078Z
2026,4,18472,Harold Fannin Jr.,CLE,TE,vs PIT,recYds,Hard Rock,46.5,over,44.69,120,-165,0.4545,0.4220,0.0772,0,0.4555,0.0009,0.0335,ev,multiplicative,projection,main,live,20261002CCEAD0D8,2026-10-01T20:06:10.078Z
2026,4,14378,Michael Pittman Jr.,PIT,WR,at CLE,recYds,Hard Rock,88.5,over,40.74,1000,-4000,0.0909,0.0852,0.0665,0,0.0916,0.0007,0.0063,ev,multiplicative,projection,main,live,20261002CCEAD0D8,2026-10-01T20:06:10.078Z
2026,4,18516,Quinshon Judkins,CLE,RB,vs PIT,rushAtt,DraftKings,16.5,over,16.49,101,-129,0.4975,0.4690,0.0608,0,0.4981,0.0006,0.0291,ev,multiplicative,projection,main,live,20261002CCEAD0D8,2026-10-01T20:06:10.078Z
2026,4,15984,Jaylen Warren,PIT,RB,at CLE,rushYds,Hard Rock,144.5,over,96.25,800,-2500,0.1111,0.1036,0.0726,0,0.1117,0.0006,0.0081,ev,multiplicative,projection,main,live,20261002CCEAD0D8,2026-10-01T20:06:10.078Z
2026,4,15267,Pat Freiermuth,PIT,TE,at CLE,receptions,BetRivers,1.5,over,3.23,-770,,0.8851,0.8851,,1,0.8855,0.0004,0.0004,ev,none,projection,main,live,20261002CCEAD0D8,2026-10-01T20:06:10.078Z
2026,4,17043,Roman Wilson,PIT,WR,at CLE,recYds,Hard Rock,24.5,under,20.34,-155,110,0.6078,0.5607,0.0840,0,0.6083,0.0004,0.0475,ev,multiplicative,projection,main,live,20261002CCEAD0D8,2026-10-01T20:06:10.078Z
2026,4,14378,Michael Pittman Jr.,PIT,WR,at CLE,recYds,Hard Rock,94.5,over,40.74,1400,-6000,0.0667,0.0635,0.0503,0,0.0670,0.0004,0.0035,ev,multiplicative,projection,main,live,20261002CCEAD0D8,2026-10-01T20:06:10.078Z
2026,4,18516,Quinshon Judkins,CLE,RB,vs PIT,receptions,Caesars,2.5,over,2.1,146,-193,0.4065,0.3816,0.0652,0,0.4065,-0.0000,0.0248,ev,multiplicative,projection,main,live,20261002CCEAD0D8,2026-10-01T20:06:10.078Z
2026,4,18516,Quinshon Judkins,CLE,RB,vs PIT,recYds,FanDuel,14.5,over,12.98,122,,0.4505,0.4505,,1,0.4505,0.0000,0.0000,ev,none,projection,main,live,20261002CCEAD0D8,2026-10-01T20:06:10.078Z
2026,4,19298,Denzel Boston,CLE,WR,vs PIT,receptions,DraftKings,1.5,over,3.13,-470,,0.8246,0.8246,,1,0.8243,-0.0003,-0.0003,ev,none,projection,main,live,20261002CCEAD0D8,2026-10-01T20:06:10.078Z
2026,4,13484,Travis Homer,PIT,RB,at CLE,rushYds,Hard Rock,28.5,over,13.65,1100,-5000,0.0833,0.0783,0.0637,0,0.0830,-0.0004,0.0046,ev,multiplicative,projection,main,live,20261002CCEAD0D8,2026-10-01T20:06:10.078Z
2026,4,17130,Blake Whiteheart,CLE,TE,vs PIT,recYds,Hard Rock,33.5,under,9.35,-8000,1600,0.9877,0.9438,0.0465,0,0.9873,-0.0004,0.0435,ev,multiplicative,projection,main,live,20261002CCEAD0D8,2026-10-01T20:06:10.078Z
2026,4,19298,Denzel Boston,CLE,WR,vs PIT,receptions,FanDuel,1.5,over,3.13,-471,,0.8249,0.8249,,1,0.8243,-0.0006,-0.0006,ev,none,projection,main,live,20261002CCEAD0D8,2026-10-01T20:06:10.078Z
2026,4,4307,Aaron Rodgers,PIT,QB,at CLE,passTD,BetRivers,1.5,over,1.31,165,-230,0.3774,0.3513,0.0743,0,0.3767,-0.0006,0.0255,ev,multiplicative,projection,main,live,20261002CCEAD0D8,2026-10-01T20:06:10.078Z
2026,4,17130,Blake Whiteheart,CLE,TE,vs PIT,receptions,Hard Rock,2.5,over,0.87,1400,,0.0667,0.0667,,1,0.0660,-0.0006,-0.0006,ev,none,projection,main,live,20261002CCEAD0D8,2026-10-01T20:06:10.078Z
2026,4,14378,Michael Pittman Jr.,PIT,WR,at CLE,recYds,Hard Rock,90.5,over,40.74,1100,,0.0833,0.0833,,1,0.0827,-0.0006,-0.0006,ev,none,projection,main,live,20261002CCEAD0D8,2026-10-01T20:06:10.078Z
2026,4,17043,Roman Wilson,PIT,WR,at CLE,recYds,Hard Rock,23.5,under,20.34,-140,105,0.5833,0.5446,0.0711,0,0.5827,-0.0007,0.0381,ev,multiplicative,projection,main,live,20261002CCEAD0D8,2026-10-01T20:06:10.078Z
2026,4,14378,Michael Pittman Jr.,PIT,WR,at CLE,recYds,Hard Rock,93.5,over,40.74,1300,-6000,0.0714,0.0677,0.0550,0,0.0707,-0.0007,0.0030,ev,multiplicative,projection,main,live,20261002CCEAD0D8,2026-10-01T20:06:10.078Z
2026,4,13424,DK Metcalf,PIT,WR,at CLE,recYds,Hard Rock,40.5,under,42.16,115,-165,0.4651,0.4276,0.0878,0,0.4642,-0.0009,0.0366,ev,multiplicative,projection,main,live,20261002CCEAD0D8,2026-10-01T20:06:10.078Z
2026,4,16889,Darnell Washington,PIT,TE,at CLE,recYds,DraftKings,15.5,under,14.96,-108,-116,0.5192,0.4916,0.0563,0,0.5181,-0.0011,0.0266,ev,multiplicative,projection,main,live,20261002CCEAD0D8,2026-10-01T20:06:10.078Z
2026,4,15984,Jaylen Warren,PIT,RB,at CLE,rushYds,Hard Rock,143.5,over,96.25,750,-2500,0.1176,0.1090,0.0792,0,0.1166,-0.0011,0.0076,ev,multiplicative,projection,main,live,20261002CCEAD0D8,2026-10-01T20:06:10.078Z
2026,4,19298,Denzel Boston,CLE,WR,vs PIT,recYds,Caesars,9.5,over,51.99,-1200,,0.9231,0.9231,,1,0.9216,-0.0015,-0.0015,ev,none,projection,main,live,20261002CCEAD0D8,2026-10-01T20:06:10.078Z
2026,4,18516,Quinshon Judkins,CLE,RB,vs PIT,receptions,DraftKings,3.5,over,2.1,387,,0.2053,0.2053,,1,0.2037,-0.0016,-0.0016,ev,none,projection,main,live,20261002CCEAD0D8,2026-10-01T20:06:10.078Z
2026,4,15984,Jaylen Warren,PIT,RB,at CLE,rushAtt,DraftKings,17.5,over,17.68,-104,-122,0.5098,0.4812,0.0594,0,0.5081,-0.0017,0.0269,ev,multiplicative,projection,main,live,20261002CCEAD0D8,2026-10-01T20:06:10.078Z
2026,4,13424,DK Metcalf,PIT,WR,at CLE,recYds,Hard Rock,39.5,under,42.16,125,-170,0.4444,0.4138,0.0741,0,0.4428,-0.0017,0.0290,ev,multiplicative,projection,main,live,20261002CCEAD0D8,2026-10-01T20:06:10.078Z
2026,4,19298,Denzel Boston,CLE,WR,vs PIT,receptions,theScore,1.5,over,3.13,-475,,0.8261,0.8261,,1,0.8243,-0.0018,-0.0018,ev,none,projection,main,live,20261002CCEAD0D8,2026-10-01T20:06:10.078Z
2026,4,18516,Quinshon Judkins,CLE,RB,vs PIT,rushAtt,theScore,16.5,over,16.49,100,-130,0.5000,0.4694,0.0652,0,0.4981,-0.0019,0.0287,ev,multiplicative,projection,main,live,20261002CCEAD0D8,2026-10-01T20:06:10.078Z
2026,4,11712,Deshaun Watson,CLE,QB,vs PIT,passYds,DraftKings,349.5,over,218.73,4000,,0.0244,0.0244,,1,0.0224,-0.0020,-0.0020,ev,none,projection,main,live,20261002CCEAD0D8,2026-10-01T20:06:10.078Z
2026,4,17130,Blake Whiteheart,CLE,TE,vs PIT,recYds,Hard Rock,32.5,under,9.35,-7000,1400,0.9859,0.9367,0.0526,0,0.9839,-0.0020,0.0472,ev,multiplicative,projection,main,live,20261002CCEAD0D8,2026-10-01T20:06:10.078Z
2026,4,4307,Aaron Rodgers,PIT,QB,at CLE,rushYds,theScore,34.5,over,11.04,3500,,0.0278,0.0278,,1,0.0258,-0.0020,-0.0020,ev,none,projection,main,live,20261002CCEAD0D8,2026-10-01T20:06:10.078Z
2026,4,14378,Michael Pittman Jr.,PIT,WR,at CLE,recYds,DraftKings,89.5,over,40.74,1020,,0.0893,0.0893,,1,0.0871,-0.0022,-0.0022,ev,none,projection,main,live,20261002CCEAD0D8,2026-10-01T20:06:10.078Z
2026,4,14378,Michael Pittman Jr.,PIT,WR,at CLE,recYds,Hard Rock,92.5,over,40.74,1200,-5000,0.0769,0.0728,0.0573,0,0.0746,-0.0024,0.0018,ev,multiplicative,projection,main,live,20261002CCEAD0D8,2026-10-01T20:06:10.078Z
2026,4,16889,Darnell Washington,PIT,TE,at CLE,recYds,Hard Rock,5.5,over,14.96,-400,260,0.8000,0.7423,0.0778,0,0.7976,-0.0024,0.0553,ev,multiplicative,projection,main,live,20261002CCEAD0D8,2026-10-01T20:06:10.078Z
2026,4,15984,Jaylen Warren,PIT,RB,at CLE,rushAtt,BetRivers,16.5,over,17.68,-125,,0.5556,0.5556,,1,0.5530,-0.0025,-0.0025,ev,none,projection,main,live,20261002CCEAD0D8,2026-10-01T20:06:10.078Z
2026,4,13424,DK Metcalf,PIT,WR,at CLE,receptions,Caesars,1.5,over,3.17,-1200,,0.9231,0.9231,,1,0.9204,-0.0026,-0.0026,ev,none,projection,main,live,20261002CCEAD0D8,2026-10-01T20:06:10.078Z
2026,4,13424,DK Metcalf,PIT,WR,at CLE,receptions,theScore,1.5,over,3.17,-1200,,0.9231,0.9231,,1,0.9204,-0.0026,-0.0026,ev,none,projection,main,live,20261002CCEAD0D8,2026-10-01T20:06:10.078Z
2026,4,13424,DK Metcalf,PIT,WR,at CLE,receptions,FanDuel,1.5,over,3.17,-1202,,0.9232,0.9232,,1,0.9204,-0.0028,-0.0028,ev,none,projection,main,live,20261002CCEAD0D8,2026-10-01T20:06:10.078Z
2026,4,14378,Michael Pittman Jr.,PIT,WR,at CLE,recYds,theScore,79.5,over,40.74,600,,0.1429,0.1429,,1,0.1400,-0.0029,-0.0029,ev,none,projection,main,live,20261002CCEAD0D8,2026-10-01T20:06:10.078Z
2026,4,15267,Pat Freiermuth,PIT,TE,at CLE,recYds,BetRivers,39.5,over,33.66,195,,0.3390,0.3390,,1,0.3359,-0.0030,-0.0030,ev,none,projection,main,live,20261002CCEAD0D8,2026-10-01T20:06:10.078Z
2026,4,19298,Denzel Boston,CLE,WR,vs PIT,receptions,Caesars,1.5,over,3.13,-480,,0.8276,0.8276,,1,0.8243,-0.0033,-0.0033,ev,none,projection,main,live,20261002CCEAD0D8,2026-10-01T20:06:10.078Z
2026,4,4307,Aaron Rodgers,PIT,QB,at CLE,passTD,DraftKings,3.5,over,1.31,2000,,0.0476,0.0476,,1,0.0441,-0.0035,-0.0035,ev,none,projection,main,live,20261002CCEAD0D8,2026-10-01T20:06:10.078Z
2026,4,18526,Raheim Sanders,CLE,RB,vs PIT,recYds,Hard Rock,20.5,under,13.62,-300,195,0.7500,0.6887,0.0890,0,0.7463,-0.0037,0.0576,ev,multiplicative,projection,main,live,20261002CCEAD0D8,2026-10-01T20:06:10.078Z
2026,4,17130,Blake Whiteheart,CLE,TE,vs PIT,recYds,Hard Rock,31.5,under,9.35,-6000,1300,0.9836,0.9323,0.0550,0,0.9798,-0.0038,0.0475,ev,multiplicative,projection,main,live,20261002CCEAD0D8,2026-10-01T20:06:10.078Z
2026,4,16889,Darnell Washington,PIT,TE,at CLE,recYds,Hard Rock,14.5,under,14.96,105,-145,0.4878,0.4518,0.0796,0,0.4838,-0.0040,0.0320,ev,multiplicative,projection,main,live,20261002CCEAD0D8,2026-10-01T20:06:10.078Z
2026,4,15984,Jaylen Warren,PIT,RB,at CLE,rushAtt,BetMGM,17.5,over,17.68,-105,-125,0.5122,0.4797,0.0678,0,0.5081,-0.0041,0.0284,ev,multiplicative,projection,main,live,20261002CCEAD0D8,2026-10-01T20:06:10.078Z
2026,4,15984,Jaylen Warren,PIT,RB,at CLE,rushAtt,theScore,17.5,over,17.68,-105,-125,0.5122,0.4797,0.0678,0,0.5081,-0.0041,0.0284,ev,multiplicative,projection,main,live,20261002CCEAD0D8,2026-10-01T20:06:10.078Z
2026,4,15984,Jaylen Warren,PIT,RB,at CLE,rushYds,Hard Rock,145.5,over,96.25,800,,0.1111,0.1111,,1,0.1070,-0.0041,-0.0041,ev,none,projection,main,live,20261002CCEAD0D8,2026-10-01T20:06:10.078Z
2026,4,17043,Roman Wilson,PIT,WR,at CLE,receptions,Hard Rock,2.5,under,1.96,-170,125,0.6296,0.5862,0.0741,0,0.6253,-0.0043,0.0391,ev,multiplicative,projection,main,live,20261002CCEAD0D8,2026-10-01T20:06:10.078Z
2026,4,14458,Jerry Jeudy,CLE,WR,vs PIT,recYds,DraftKings,89.5,over,17.27,3800,,0.0256,0.0256,,1,0.0203,-0.0054,-0.0054,ev,none,projection,main,live,20261002CCEAD0D8,2026-10-01T20:06:10.078Z
2026,4,18516,Quinshon Judkins,CLE,RB,vs PIT,recYds,theScore,12.5,over,12.98,-110,-120,0.5238,0.4899,0.0693,0,0.5184,-0.0054,0.0285,ev,multiplicative,projection,main,live,20261002CCEAD0D8,2026-10-01T20:06:10.078Z
2026,4,18516,Quinshon Judkins,CLE,RB,vs PIT,receptions,FanDuel,1.5,over,2.1,-219,,0.6865,0.6865,,1,0.6810,-0.0055,-0.0055,ev,none,projection,main,live,20261002CCEAD0D8,2026-10-01T20:06:10.078Z
2026,4,15984,Jaylen Warren,PIT,RB,at CLE,receptions,DraftKings,3.5,under,3.34,-118,-108,0.5413,0.5104,0.0605,0,0.5358,-0.0055,0.0254,ev,multiplicative,projection,main,live,20261002CCEAD0D8,2026-10-01T20:06:10.078Z
2026,4,15984,Jaylen Warren,PIT,RB,at CLE,rushYds,Hard Rock,53.5,over,96.25,-350,230,0.7778,0.7196,0.0808,0,0.7723,-0.0055,0.0527,ev,multiplicative,projection,main,live,20261002CCEAD0D8,2026-10-01T20:06:10.078Z
2026,4,17130,Blake Whiteheart,CLE,TE,vs PIT,recYds,Hard Rock,30.5,under,9.35,-5000,1200,0.9804,0.9272,0.0573,0,0.9748,-0.0056,0.0476,ev,multiplicative,projection,main,live,20261002CCEAD0D8,2026-10-01T20:06:10.078Z
2026,4,14378,Michael Pittman Jr.,PIT,WR,at CLE,recYds,Hard Rock,97.5,over,40.74,1500,-8000,0.0625,0.0595,0.0502,0,0.0568,-0.0057,-0.0027,ev,multiplicative,projection,main,live,20261002CCEAD0D8,2026-10-01T20:06:10.078Z
2026,4,16889,Darnell Washington,PIT,TE,at CLE,recYds,Hard Rock,6.5,over,14.96,-350,230,0.7778,0.7196,0.0808,0,0.7718,-0.0059,0.0522,ev,multiplicative,projection,main,live,20261002CCEAD0D8,2026-10-01T20:06:10.078Z
2026,4,4307,Aaron Rodgers,PIT,QB,at CLE,passTD,Circa Sports,1.5,under,1.31,-170,150,0.6296,0.6115,0.0296,0,0.6233,-0.0063,0.0118,ev,multiplicative,projection,main,live,20261002CCEAD0D8,2026-10-01T20:06:10.078Z
2026,4,17043,Roman Wilson,PIT,WR,at CLE,recYds,FanDuel,14.5,over,20.34,-182,,0.6454,0.6454,,1,0.6390,-0.0064,-0.0064,ev,none,projection,main,live,20261002CCEAD0D8,2026-10-01T20:06:10.078Z
2026,4,17043,Roman Wilson,PIT,WR,at CLE,receptions,Hard Rock,1.5,under,1.96,165,-240,0.3774,0.3484,0.0832,0,0.3707,-0.0067,0.0223,ev,multiplicative,projection,main,live,20261002CCEAD0D8,2026-10-01T20:06:10.078Z
2026,4,18516,Quinshon Judkins,CLE,RB,vs PIT,receptions,Caesars,3.5,over,2.1,375,,0.2105,0.2105,,1,0.2037,-0.0068,-0.0068,ev,none,projection,main,live,20261002CCEAD0D8,2026-10-01T20:06:10.078Z
2026,4,16889,Darnell Washington,PIT,TE,at CLE,recYds,Hard Rock,8.5,over,14.96,-260,185,0.7222,0.6730,0.0731,0,0.7153,-0.0070,0.0422,ev,multiplicative,projection,main,live,20261002CCEAD0D8,2026-10-01T20:06:10.078Z
2026,4,18526,Raheim Sanders,CLE,RB,vs PIT,recYds,Hard Rock,13.5,over,13.62,-105,-135,0.5122,0.4713,0.0867,0,0.5049,-0.0073,0.0336,ev,multiplicative,projection,main,live,20261002CCEAD0D8,2026-10-01T20:06:10.078Z
2026,4,15984,Jaylen Warren,PIT,RB,at CLE,rushYds,Hard Rock,147.5,over,96.25,850,-3000,0.1053,0.0981,0.0730,0,0.0980,-0.0073,-0.0001,ev,multiplicative,projection,main,live,20261002CCEAD0D8,2026-10-01T20:06:10.078Z
2026,4,13484,Travis Homer,PIT,RB,at CLE,rushYds,Hard Rock,29.5,over,13.65,1200,,0.0769,0.0769,,1,0.0696,-0.0073,-0.0073,ev,none,projection,main,live,20261002CCEAD0D8,2026-10-01T20:06:10.078Z
2026,4,18472,Harold Fannin Jr.,CLE,TE,vs PIT,recYds,Hard Rock,53.5,under,44.69,-250,170,0.7143,0.6585,0.0847,0,0.7068,-0.0075,0.0483,ev,multiplicative,projection,main,live,20261002CCEAD0D8,2026-10-01T20:06:10.078Z
2026,4,15267,Pat Freiermuth,PIT,TE,at CLE,recYds,Hard Rock,38.5,over,33.66,170,-250,0.3704,0.3415,0.0847,0,0.3628,-0.0076,0.0213,ev,multiplicative,projection,main,live,20261002CCEAD0D8,2026-10-01T20:06:10.078Z
2026,4,18516,Quinshon Judkins,CLE,RB,vs PIT,recYds,BetMGM,12.5,over,12.98,-111,-120,0.5261,0.4910,0.0715,0,0.5184,-0.0077,0.0274,ev,multiplicative,projection,main,live,20261002CCEAD0D8,2026-10-01T20:06:10.078Z
2026,4,18526,Raheim Sanders,CLE,RB,vs PIT,recYds,Hard Rock,19.5,under,13.62,-260,180,0.7222,0.6691,0.0794,0,0.7145,-0.0077,0.0454,ev,multiplicative,projection,main,live,20261002CCEAD0D8,2026-10-01T20:06:10.078Z
2026,4,11712,Deshaun Watson,CLE,QB,vs PIT,passAtt,Hard Rock,29.5,under,29.14,-115,-115,0.5349,0.5000,0.0698,0,0.5271,-0.0078,0.0271,ev,multiplicative,projection,main,live,20261002CCEAD0D8,2026-10-01T20:06:10.078Z
2026,4,17043,Roman Wilson,PIT,WR,at CLE,recYds,Hard Rock,22.5,under,20.34,-130,-105,0.5652,0.5246,0.0774,0,0.5567,-0.0085,0.0321,ev,multiplicative,projection,main,live,20261002CCEAD0D8,2026-10-01T20:06:10.078Z
2026,4,15984,Jaylen Warren,PIT,RB,at CLE,rushYds,Hard Rock,146.5,over,96.25,800,,0.1111,0.1111,,1,0.1024,-0.0087,-0.0087,ev,none,projection,main,live,20261002CCEAD0D8,2026-10-01T20:06:10.078Z
2026,4,15984,Jaylen Warren,PIT,RB,at CLE,rushAtt,Caesars,17.5,over,17.68,-107,-124,0.5169,0.4829,0.0705,0,0.5081,-0.0088,0.0252,ev,multiplicative,projection,main,live,20261002CCEAD0D8,2026-10-01T20:06:10.078Z
2026,4,19263,Germie Bernard,PIT,WR,at CLE,recYds,Hard Rock,13.5,under,9.67,-190,135,0.6552,0.6062,0.0807,0,0.6463,-0.0088,0.0401,ev,multiplicative,projection,main,live,20261002CCEAD0D8,2026-10-01T20:06:10.078Z
2026,4,4307,Aaron Rodgers,PIT,QB,at CLE,passTD,FanDuel,2.5,over,1.31,549,,0.1541,0.1541,,1,0.1452,-0.0089,-0.0089,ev,none,projection,main,live,20261002CCEAD0D8,2026-10-01T20:06:10.078Z
2026,4,15267,Pat Freiermuth,PIT,TE,at CLE,recYds,FanDuel,39.5,over,33.66,190,,0.3448,0.3448,,1,0.3359,-0.0089,-0.0089,ev,none,projection,main,live,20261002CCEAD0D8,2026-10-01T20:06:10.078Z
2026,4,19298,Denzel Boston,CLE,WR,vs PIT,receptions,BetRivers,1.5,over,3.13,-500,,0.8333,0.8333,,1,0.8243,-0.0091,-0.0091,ev,none,projection,main,live,20261002CCEAD0D8,2026-10-01T20:06:10.078Z
2026,4,13484,Travis Homer,PIT,RB,at CLE,rushYds,DraftKings,29.5,over,13.65,1160,,0.0794,0.0794,,1,0.0696,-0.0097,-0.0097,ev,none,projection,main,live,20261002CCEAD0D8,2026-10-01T20:06:10.078Z
2026,4,18526,Raheim Sanders,CLE,RB,vs PIT,recYds,Hard Rock,14.5,over,13.62,110,-155,0.4762,0.4393,0.0840,0,0.4662,-0.0100,0.0269,ev,multiplicative,projection,main,live,20261002CCEAD0D8,2026-10-01T20:06:10.078Z
2026,4,17043,Roman Wilson,PIT,WR,at CLE,recYds,FanDuel,19.5,over,20.34,-113,-113,0.5305,0.5000,0.0610,0,0.5204,-0.0101,0.0204,ev,multiplicative,projection,main,live,20261002CCEAD0D8,2026-10-01T20:06:10.078Z
2026,4,18516,Quinshon Judkins,CLE,RB,vs PIT,receptions,FanDuel,2.5,over,2.1,140,-188,0.4167,0.3896,0.0694,0,0.4065,-0.0102,0.0168,ev,multiplicative,projection,main,live,20261002CCEAD0D8,2026-10-01T20:06:10.078Z
2026,4,18516,Quinshon Judkins,CLE,RB,vs PIT,receptions,BetMGM,2.5,over,2.1,140,-190,0.4167,0.3887,0.0718,0,0.4065,-0.0102,0.0177,ev,multiplicative,projection,main,live,20261002CCEAD0D8,2026-10-01T20:06:10.078Z
2026,4,18516,Quinshon Judkins,CLE,RB,vs PIT,receptions,theScore,2.5,over,2.1,140,-190,0.4167,0.3887,0.0718,0,0.4065,-0.0102,0.0177,ev,multiplicative,projection,main,live,20261002CCEAD0D8,2026-10-01T20:06:10.078Z
2026,4,11712,Deshaun Watson,CLE,QB,vs PIT,passYds,BetRivers,149.5,over,218.73,-375,,0.7895,0.7895,,1,0.7791,-0.0103,-0.0103,ev,none,projection,main,live,20261002CCEAD0D8,2026-10-01T20:06:10.078Z
2026,4,17043,Roman Wilson,PIT,WR,at CLE,receptions,DraftKings,2.5,under,1.96,-175,137,0.6364,0.6013,0.0583,0,0.6253,-0.0110,0.0240,ev,multiplicative,projection,main,live,20261002CCEAD0D8,2026-10-01T20:06:10.078Z
2026,4,17043,Roman Wilson,PIT,WR,at CLE,receptions,BetMGM,2.5,under,1.96,-175,130,0.6364,0.5941,0.0711,0,0.6253,-0.0110,0.0312,ev,multiplicative,projection,main,live,20261002CCEAD0D8,2026-10-01T20:06:10.078Z
2026,4,19263,Germie Bernard,PIT,WR,at CLE,receptions,theScore,0.5,over,0.84,-240,170,0.7059,0.6559,0.0763,0,0.6948,-0.0110,0.0390,ev,multiplicative,projection,main,live,20261002CCEAD0D8,2026-10-01T20:06:10.078Z
2026,4,13424,DK Metcalf,PIT,WR,at CLE,receptions,DraftKings,1.5,over,3.17,-1360,,0.9315,0.9315,,1,0.9204,-0.0111,-0.0111,ev,none,projection,main,live,20261002CCEAD0D8,2026-10-01T20:06:10.078Z
2026,4,18516,Quinshon Judkins,CLE,RB,vs PIT,receptions,theScore,1.5,over,2.1,-225,,0.6923,0.6923,,1,0.6810,-0.0113,-0.0113,ev,none,projection,main,live,20261002CCEAD0D8,2026-10-01T20:06:10.078Z
2026,4,14378,Michael Pittman Jr.,PIT,WR,at CLE,recYds,FanDuel,89.5,over,40.74,916,,0.0984,0.0984,,1,0.0871,-0.0114,-0.0114,ev,none,projection,main,live,20261002CCEAD0D8,2026-10-01T20:06:10.078Z
2026,4,17130,Blake Whiteheart,CLE,TE,vs PIT,recYds,Hard Rock,29.5,under,9.35,-5000,1100,0.9804,0.9217,0.0637,0,0.9689,-0.0115,0.0472,ev,multiplicative,projection,main,live,20261002CCEAD0D8,2026-10-01T20:06:10.078Z
2026,4,15984,Jaylen Warren,PIT,RB,at CLE,rushYds,Hard Rock,148.5,over,96.25,850,,0.1053,0.1053,,1,0.0937,-0.0116,-0.0116,ev,none,projection,main,live,20261002CCEAD0D8,2026-10-01T20:06:10.078Z
2026,4,15984,Jaylen Warren,PIT,RB,at CLE,receptions,Caesars,3.5,under,3.34,-121,-108,0.5475,0.5133,0.0667,0,0.5358,-0.0117,0.0226,ev,multiplicative,projection,main,live,20261002CCEAD0D8,2026-10-01T20:06:10.078Z
2026,4,18516,Quinshon Judkins,CLE,RB,vs PIT,rushAtt,Caesars,16.5,over,16.49,-104,-127,0.5098,0.4768,0.0693,0,0.4981,-0.0117,0.0213,ev,multiplicative,projection,main,live,20261002CCEAD0D8,2026-10-01T20:06:10.078Z
2026,4,18472,Harold Fannin Jr.,CLE,TE,vs PIT,recYds,Hard Rock,52.5,under,44.69,-230,165,0.6970,0.6487,0.0743,0,0.6852,-0.0117,0.0365,ev,multiplicative,projection,main,live,20261002CCEAD0D8,2026-10-01T20:06:10.078Z
2026,4,15984,Jaylen Warren,PIT,RB,at CLE,rushYds,Hard Rock,52.5,over,96.25,-375,240,0.7895,0.7286,0.0836,0,0.7775,-0.0119,0.0490,ev,multiplicative,projection,main,live,20261002CCEAD0D8,2026-10-01T20:06:10.078Z
2026,4,17043,Roman Wilson,PIT,WR,at CLE,recYds,BetRivers,19.5,over,20.34,-114,-115,0.5327,0.4990,0.0676,0,0.5204,-0.0123,0.0214,ev,multiplicative,projection,main,live,20261002CCEAD0D8,2026-10-01T20:06:10.078Z
2026,4,17043,Roman Wilson,PIT,WR,at CLE,receptions,Caesars,2.5,under,1.96,-176,134,0.6377,0.5987,0.0650,0,0.6253,-0.0124,0.0266,ev,multiplicative,projection,main,live,20261002CCEAD0D8,2026-10-01T20:06:10.078Z
2026,4,17130,Blake Whiteheart,CLE,TE,vs PIT,recYds,Hard Rock,21.5,over,9.35,600,-1600,0.1429,0.1318,0.0840,0,0.1305,-0.0124,-0.0013,ev,multiplicative,projection,main,live,20261002CCEAD0D8,2026-10-01T20:06:10.078Z
2026,4,14378,Michael Pittman Jr.,PIT,WR,at CLE,recYds,DraftKings,99.5,over,40.74,1480,,0.0633,0.0633,,1,0.0507,-0.0126,-0.0126,ev,none,projection,main,live,20261002CCEAD0D8,2026-10-01T20:06:10.078Z
2026,4,15267,Pat Freiermuth,PIT,TE,at CLE,receptions,BetMGM,3.5,over,3.23,125,-165,0.4444,0.4165,0.0671,0,0.4312,-0.0133,0.0146,ev,multiplicative,projection,main,live,20261002CCEAD0D8,2026-10-01T20:06:10.078Z
2026,4,15267,Pat Freiermuth,PIT,TE,at CLE,receptions,BetRivers,3.5,over,3.23,125,,0.4444,0.4444,,1,0.4312,-0.0133,-0.0133,ev,none,projection,main,live,20261002CCEAD0D8,2026-10-01T20:06:10.078Z
2026,4,15267,Pat Freiermuth,PIT,TE,at CLE,receptions,Hard Rock,3.5,over,3.23,125,-170,0.4444,0.4138,0.0741,0,0.4312,-0.0133,0.0174,ev,multiplicative,projection,main,live,20261002CCEAD0D8,2026-10-01T20:06:10.078Z
2026,4,18472,Harold Fannin Jr.,CLE,TE,vs PIT,recYds,Hard Rock,47.5,over,44.69,125,-175,0.4444,0.4112,0.0808,0,0.4311,-0.0133,0.0199,ev,multiplicative,projection,main,live,20261002CCEAD0D8,2026-10-01T20:06:10.078Z
2026,4,15267,Pat Freiermuth,PIT,TE,at CLE,receptions,theScore,3.5,over,3.23,125,-160,0.4444,0.4194,0.0598,0,0.4312,-0.0133,0.0118,ev,multiplicative,projection,main,live,20261002CCEAD0D8,2026-10-01T20:06:10.078Z
2026,4,17043,Roman Wilson,PIT,WR,at CLE,recYds,Hard Rock,12.5,over,20.34,-230,160,0.6970,0.6444,0.0816,0,0.6836,-0.0134,0.0392,ev,multiplicative,projection,main,live,20261002CCEAD0D8,2026-10-01T20:06:10.078Z
2026,4,19263,Germie Bernard,PIT,WR,at CLE,recYds,DraftKings,9.5,over,9.67,-109,-115,0.5215,0.4937,0.0564,0,0.5079,-0.0136,0.0143,ev,multiplicative,projection,main,live,20261002CCEAD0D8,2026-10-01T20:06:10.078Z
2026,4,15984,Jaylen Warren,PIT,RB,at CLE,receptions,FanDuel,3.5,under,3.34,-122,-108,0.5495,0.5142,0.0688,0,0.5358,-0.0137,0.0216,ev,multiplicative,projection,main,live,20261002CCEAD0D8,2026-10-01T20:06:10.078Z
2026,4,17130,Blake Whiteheart,CLE,TE,vs PIT,recYds,Hard Rock,28.5,under,9.35,-4000,1000,0.9756,0.9148,0.0665,0,0.9618,-0.0138,0.0470,ev,multiplicative,projection,main,live,20261002CCEAD0D8,2026-10-01T20:06:10.078Z
2026,4,19298,Denzel Boston,CLE,WR,vs PIT,recYds,DraftKings,89.5,over,51.99,720,,0.1220,0.1220,,1,0.1079,-0.0141,-0.0141,ev,none,projection,main,live,20261002CCEAD0D8,2026-10-01T20:06:10.078Z
2026,4,18516,Quinshon Judkins,CLE,RB,vs PIT,rushAtt,Hard Rock,16.5,over,16.49,-105,-125,0.5122,0.4797,0.0678,0,0.4981,-0.0141,0.0184,ev,multiplicative,projection,main,live,20261002CCEAD0D8,2026-10-01T20:06:10.078Z
2026,4,13424,DK Metcalf,PIT,WR,at CLE,receptions,BetRivers,1.5,over,3.17,-1430,,0.9346,0.9346,,1,0.9204,-0.0142,-0.0142,ev,none,projection,main,live,20261002CCEAD0D8,2026-10-01T20:06:10.078Z
2026,4,17043,Roman Wilson,PIT,WR,at CLE,receptions,Hard Rock,3.5,under,1.96,-500,300,0.8333,0.7692,0.0833,0,0.8189,-0.0144,0.0497,ev,multiplicative,projection,main,live,20261002CCEAD0D8,2026-10-01T20:06:10.078Z
2026,4,11712,Deshaun Watson,CLE,QB,vs PIT,passYds,FanDuel,124.5,over,218.73,-653,,0.8672,0.8672,,1,0.8525,-0.0147,-0.0147,ev,none,projection,main,live,20261002CCEAD0D8,2026-10-01T20:06:10.078Z
2026,4,13424,DK Metcalf,PIT,WR,at CLE,recYds,Hard Rock,32.5,over,42.16,-250,175,0.7143,0.6627,0.0779,0,0.6995,-0.0148,0.0368,ev,multiplicative,projection,main,live,20261002CCEAD0D8,2026-10-01T20:06:10.078Z
2026,4,11712,Deshaun Watson,CLE,QB,vs PIT,passAtt,DraftKings,29.5,over,29.14,105,,0.4878,0.4878,,1,0.4729,-0.0149,-0.0149,ev,none,projection,main,live,20261002CCEAD0D8,2026-10-01T20:06:10.078Z
2026,4,15984,Jaylen Warren,PIT,RB,at CLE,rushYds,BetRivers,49.5,over,96.25,-420,,0.8077,0.8077,,1,0.7928,-0.0149,-0.0149,ev,none,projection,main,live,20261002CCEAD0D8,2026-10-01T20:06:10.078Z
2026,4,15267,Pat Freiermuth,PIT,TE,at CLE,recYds,theScore,39.5,over,33.66,185,,0.3509,0.3509,,1,0.3359,-0.0149,-0.0149,ev,none,projection,main,live,20261002CCEAD0D8,2026-10-01T20:06:10.078Z
2026,4,18526,Raheim Sanders,CLE,RB,vs PIT,receptions,BetRivers,0.5,over,1.72,-1000,,0.9091,0.9091,,1,0.8938,-0.0153,-0.0153,ev,none,projection,main,live,20261002CCEAD0D8,2026-10-01T20:06:10.078Z
2026,4,15267,Pat Freiermuth,PIT,TE,at CLE,receptions,FanDuel,3.5,over,3.23,124,-166,0.4464,0.4170,0.0705,0,0.4312,-0.0153,0.0141,ev,multiplicative,projection,main,live,20261002CCEAD0D8,2026-10-01T20:06:10.078Z
2026,4,13424,DK Metcalf,PIT,WR,at CLE,recYds,Hard Rock,31.5,over,42.16,-275,185,0.7333,0.6764,0.0842,0,0.7180,-0.0153,0.0417,ev,multiplicative,projection,main,live,20261002CCEAD0D8,2026-10-01T20:06:10.078Z
2026,4,4307,Aaron Rodgers,PIT,QB,at CLE,passTD,BetMGM,1.5,over,1.31,155,-210,0.3922,0.3666,0.0696,0,0.3767,-0.0154,0.0101,ev,multiplicative,projection,main,live,20261002CCEAD0D8,2026-10-01T20:06:10.078Z
2026,4,18516,Quinshon Judkins,CLE,RB,vs PIT,rushAtt,DraftKings,15.5,over,16.49,-138,,0.5798,0.5798,,1,0.5644,-0.0155,-0.0155,ev,none,projection,main,live,20261002CCEAD0D8,2026-10-01T20:06:10.078Z
2026,4,18526,Raheim Sanders,CLE,RB,vs PIT,receptions,FanDuel,0.5,over,1.72,-1002,,0.9093,0.9093,,1,0.8938,-0.0155,-0.0155,ev,none,projection,main,live,20261002CCEAD0D8,2026-10-01T20:06:10.078Z
2026,4,15984,Jaylen Warren,PIT,RB,at CLE,rushAtt,Hard Rock,17.5,over,17.68,-110,-120,0.5238,0.4899,0.0693,0,0.5081,-0.0157,0.0182,ev,multiplicative,projection,main,live,20261002CCEAD0D8,2026-10-01T20:06:10.078Z
2026,4,14378,Michael Pittman Jr.,PIT,WR,at CLE,recYds,DraftKings,109.5,over,40.74,2200,,0.0435,0.0435,,1,0.0277,-0.0158,-0.0158,ev,none,projection,main,live,20261002CCEAD0D8,2026-10-01T20:06:10.078Z
2026,4,18516,Quinshon Judkins,CLE,RB,vs PIT,receptions,BetRivers,1.5,over,2.1,-230,,0.6970,0.6970,,1,0.6810,-0.0159,-0.0159,ev,none,projection,main,live,20261002CCEAD0D8,2026-10-01T20:06:10.078Z
2026,4,19263,Germie Bernard,PIT,WR,at CLE,recYds,Hard Rock,9.5,over,9.67,-110,-125,0.5238,0.4853,0.0794,0,0.5079,-0.0159,0.0226,ev,multiplicative,projection,main,live,20261002CCEAD0D8,2026-10-01T20:06:10.078Z
2026,4,15984,Jaylen Warren,PIT,RB,at CLE,rushYds,Hard Rock,155.5,over,96.25,1100,,0.0833,0.0833,,1,0.0674,-0.0159,-0.0159,ev,none,projection,main,live,20261002CCEAD0D8,2026-10-01T20:06:10.078Z
2026,4,18472,Harold Fannin Jr.,CLE,TE,vs PIT,receptions,Circa Sports,4.5,under,4.41,-115,-105,0.5349,0.5108,0.0471,0,0.5189,-0.0160,0.0081,ev,multiplicative,projection,main,live,20261002CCEAD0D8,2026-10-01T20:06:10.078Z
2026,4,13484,Travis Homer,PIT,RB,at CLE,rushYds,Hard Rock,34.5,under,13.65,-10000,2000,0.9901,0.9541,0.0377,0,0.9741,-0.0160,0.0200,ev,multiplicative,projection,main,live,20261002CCEAD0D8,2026-10-01T20:06:10.078Z
2026,4,4307,Aaron Rodgers,PIT,QB,at CLE,passTD,Circa Sports,2.5,over,1.31,520,-700,0.1613,0.1556,0.0363,0,0.1452,-0.0161,-0.0104,ev,multiplicative,projection,main,live,20261002CCEAD0D8,2026-10-01T20:06:10.078Z
2026,4,17043,Roman Wilson,PIT,WR,at CLE,recYds,Hard Rock,14.5,over,20.34,-190,135,0.6552,0.6062,0.0807,0,0.6390,-0.0162,0.0328,ev,multiplicative,projection,main,live,20261002CCEAD0D8,2026-10-01T20:06:10.078Z
2026,4,16889,Darnell Washington,PIT,TE,at CLE,recYds,Hard Rock,13.5,under,14.96,115,-160,0.4651,0.4305,0.0805,0,0.4489,-0.0163,0.0184,ev,multiplicative,projection,main,live,20261002CCEAD0D8,2026-10-01T20:06:10.078Z
2026,4,18526,Raheim Sanders,CLE,RB,vs PIT,recYds,Hard Rock,15.5,over,13.62,125,-170,0.4444,0.4138,0.0741,0,0.4281,-0.0163,0.0143,ev,multiplicative,projection,main,live,20261002CCEAD0D8,2026-10-01T20:06:10.078Z
2026,4,4307,Aaron Rodgers,PIT,QB,at CLE,passTD,DraftKings,1.5,over,1.31,154,-196,0.3937,0.3729,0.0559,0,0.3767,-0.0170,0.0038,ev,multiplicative,projection,main,live,20261002CCEAD0D8,2026-10-01T20:06:10.078Z
2026,4,19298,Denzel Boston,CLE,WR,vs PIT,recYds,Caesars,89.5,over,51.99,700,,0.1250,0.1250,,1,0.1079,-0.0171,-0.0171,ev,none,projection,main,live,20261002CCEAD0D8,2026-10-01T20:06:10.078Z
2026,4,17130,Blake Whiteheart,CLE,TE,vs PIT,receptions,theScore,2.5,over,0.87,1100,,0.0833,0.0833,,1,0.0660,-0.0173,-0.0173,ev,none,projection,main,live,20261002CCEAD0D8,2026-10-01T20:06:10.078Z
2026,4,17043,Roman Wilson,PIT,WR,at CLE,recYds,Hard Rock,11.5,over,20.34,-260,180,0.7222,0.6691,0.0794,0,0.7049,-0.0173,0.0358,ev,multiplicative,projection,main,live,20261002CCEAD0D8,2026-10-01T20:06:10.078Z
2026,4,15984,Jaylen Warren,PIT,RB,at CLE,rushYds,Hard Rock,51.5,over,96.25,-400,260,0.8000,0.7423,0.0778,0,0.7827,-0.0173,0.0404,ev,multiplicative,projection,main,live,20261002CCEAD0D8,2026-10-01T20:06:10.078Z
2026,4,17043,Roman Wilson,PIT,WR,at CLE,receptions,FanDuel,2.5,under,1.96,-180,134,0.6429,0.6007,0.0702,0,0.6253,-0.0175,0.0246,ev,multiplicative,projection,main,live,20261002CCEAD0D8,2026-10-01T20:06:10.078Z
2026,4,15984,Jaylen Warren,PIT,RB,at CLE,rushYds,Hard Rock,163.5,over,96.25,1500,-7000,0.0625,0.0596,0.0484,0,0.0449,-0.0176,-0.0148,ev,multiplicative,projection,main,live,20261002CCEAD0D8,2026-10-01T20:06:10.078Z
2026,4,14378,Michael Pittman Jr.,PIT,WR,at CLE,recYds,DraftKings,129.5,over,40.74,4000,,0.0244,0.0244,,1,0.0067,-0.0177,-0.0177,ev,none,projection,main,live,20261002CCEAD0D8,2026-10-01T20:06:10.078Z
2026,4,17130,Blake Whiteheart,CLE,TE,vs PIT,recYds,FanDuel,24.5,over,9.35,918,,0.0982,0.0982,,1,0.0805,-0.0177,-0.0177,ev,none,projection,main,live,20261002CCEAD0D8,2026-10-01T20:06:10.078Z
2026,4,15984,Jaylen Warren,PIT,RB,at CLE,rushAtt,DraftKings,19.5,over,17.68,176,,0.3623,0.3623,,1,0.3446,-0.0177,-0.0177,ev,none,projection,main,live,20261002CCEAD0D8,2026-10-01T20:06:10.078Z
2026,4,13424,DK Metcalf,PIT,WR,at CLE,receptions,Hard Rock,7.5,under,3.17,-5000,1100,0.9804,0.9217,0.0637,0,0.9625,-0.0179,0.0409,ev,multiplicative,projection,main,live,20261002CCEAD0D8,2026-10-01T20:06:10.078Z
2026,4,15984,Jaylen Warren,PIT,RB,at CLE,rushYds,Hard Rock,183.5,over,96.25,3000,,0.0323,0.0323,,1,0.0138,-0.0184,-0.0184,ev,none,projection,main,live,20261002CCEAD0D8,2026-10-01T20:06:10.078Z
2026,4,18472,Harold Fannin Jr.,CLE,TE,vs PIT,recYds,Hard Rock,48.5,over,44.69,135,-185,0.4255,0.3960,0.0747,0,0.4070,-0.0186,0.0110,ev,multiplicative,projection,main,live,20261002CCEAD0D8,2026-10-01T20:06:10.078Z
2026,4,15984,Jaylen Warren,PIT,RB,at CLE,rushAtt,theScore,19.5,over,17.68,175,,0.3636,0.3636,,1,0.3446,-0.0190,-0.0190,ev,none,projection,main,live,20261002CCEAD0D8,2026-10-01T20:06:10.078Z
2026,4,18526,Raheim Sanders,CLE,RB,vs PIT,recYds,FanDuel,14.5,over,13.62,106,,0.4854,0.4854,,1,0.4662,-0.0192,-0.0192,ev,none,projection,main,live,20261002CCEAD0D8,2026-10-01T20:06:10.078Z
2026,4,14378,Michael Pittman Jr.,PIT,WR,at CLE,recYds,DraftKings,119.5,over,40.74,2900,,0.0333,0.0333,,1,0.0141,-0.0193,-0.0193,ev,none,projection,main,live,20261002CCEAD0D8,2026-10-01T20:06:10.078Z
2026,4,15984,Jaylen Warren,PIT,RB,at CLE,rushYds,Hard Rock,184.5,over,96.25,3000,,0.0323,0.0323,,1,0.0130,-0.0193,-0.0193,ev,none,projection,main,live,20261002CCEAD0D8,2026-10-01T20:06:10.078Z
2026,4,15984,Jaylen Warren,PIT,RB,at CLE,rushYds,Hard Rock,162.5,over,96.25,1400,-7000,0.0667,0.0633,0.0526,0,0.0473,-0.0194,-0.0160,ev,multiplicative,projection,main,live,20261002CCEAD0D8,2026-10-01T20:06:10.078Z
2026,4,4307,Aaron Rodgers,PIT,QB,at CLE,passTD,Caesars,1.5,under,1.31,-180,150,0.6429,0.6164,0.0429,0,0.6233,-0.0196,0.0068,ev,multiplicative,projection,main,live,20261002CCEAD0D8,2026-10-01T20:06:10.078Z
2026,4,4307,Aaron Rodgers,PIT,QB,at CLE,passTD,Hard Rock,1.5,under,1.31,-180,135,0.6429,0.6017,0.0684,0,0.6233,-0.0196,0.0216,ev,multiplicative,projection,main,live,20261002CCEAD0D8,2026-10-01T20:06:10.078Z
2026,4,4307,Aaron Rodgers,PIT,QB,at CLE,passTD,theScore,1.5,under,1.31,-180,135,0.6429,0.6017,0.0684,0,0.6233,-0.0196,0.0216,ev,multiplicative,projection,main,live,20261002CCEAD0D8,2026-10-01T20:06:10.078Z
2026,4,17043,Roman Wilson,PIT,WR,at CLE,recYds,Hard Rock,20.5,under,20.34,-110,-120,0.5238,0.4899,0.0693,0,0.5042,-0.0196,0.0143,ev,multiplicative,projection,main,live,20261002CCEAD0D8,2026-10-01T20:06:10.078Z
2026,4,15984,Jaylen Warren,PIT,RB,at CLE,receptions,theScore,3.5,under,3.34,-125,-105,0.5556,0.5203,0.0678,0,0.5358,-0.0197,0.0155,ev,multiplicative,projection,main,live,20261002CCEAD0D8,2026-10-01T20:06:10.078Z
2026,4,15984,Jaylen Warren,PIT,RB,at CLE,rushYds,Hard Rock,185.5,over,96.25,3000,,0.0323,0.0323,,1,0.0122,-0.0201,-0.0201,ev,none,projection,main,live,20261002CCEAD0D8,2026-10-01T20:06:10.078Z
2026,4,18516,Quinshon Judkins,CLE,RB,vs PIT,receptions,DraftKings,4.5,over,2.1,920,,0.0980,0.0980,,1,0.0778,-0.0202,-0.0202,ev,none,projection,main,live,20261002CCEAD0D8,2026-10-01T20:06:10.078Z
2026,4,4307,Aaron Rodgers,PIT,QB,at CLE,passTD,Circa Sports,2.5,under,1.31,-700,520,0.8750,0.8444,0.0363,0,0.8548,-0.0202,0.0104,ev,multiplicative,projection,main,live,20261002CCEAD0D8,2026-10-01T20:06:10.078Z
2026,4,19263,Germie Bernard,PIT,WR,at CLE,recYds,Hard Rock,12.5,under,9.67,-170,125,0.6296,0.5862,0.0741,0,0.6093,-0.0203,0.0231,ev,multiplicative,projection,main,live,20261002CCEAD0D8,2026-10-01T20:06:10.078Z
2026,4,17043,Roman Wilson,PIT,WR,at CLE,recYds,Hard Rock,15.5,over,20.34,-175,125,0.6364,0.5888,0.0808,0,0.6160,-0.0204,0.0272,ev,multiplicative,projection,main,live,20261002CCEAD0D8,2026-10-01T20:06:10.078Z
2026,4,14458,Jerry Jeudy,CLE,WR,vs PIT,receptions,theScore,1.5,over,1.43,-105,-125,0.5122,0.4797,0.0678,0,0.4916,-0.0206,0.0119,ev,multiplicative,projection,main,live,20261002CCEAD0D8,2026-10-01T20:06:10.078Z
2026,4,19298,Denzel Boston,CLE,WR,vs PIT,recYds,FanDuel,89.5,over,51.99,677,,0.1287,0.1287,,1,0.1079,-0.0208,-0.0208,ev,none,projection,main,live,20261002CCEAD0D8,2026-10-01T20:06:10.078Z
2026,4,15984,Jaylen Warren,PIT,RB,at CLE,rushYds,Hard Rock,186.5,over,96.25,3000,,0.0323,0.0323,,1,0.0114,-0.0209,-0.0209,ev,none,projection,main,live,20261002CCEAD0D8,2026-10-01T20:06:10.078Z
2026,4,15984,Jaylen Warren,PIT,RB,at CLE,rushYds,Hard Rock,41.5,under,96.25,425,-800,0.1905,0.1765,0.0794,0,0.1695,-0.0209,-0.0069,ev,multiplicative,projection,main,live,20261002CCEAD0D8,2026-10-01T20:06:10.078Z
2026,4,11712,Deshaun Watson,CLE,QB,vs PIT,completions,DraftKings,15.5,over,20.11,-295,,0.7468,0.7468,,1,0.7258,-0.0210,-0.0210,ev,none,projection,main,live,20261002CCEAD0D8,2026-10-01T20:06:10.078Z
2026,4,13484,Travis Homer,PIT,RB,at CLE,rushYds,Hard Rock,33.5,under,13.65,-9000,1750,0.9890,0.9482,0.0431,0,0.9680,-0.0210,0.0198,ev,multiplicative,projection,main,live,20261002CCEAD0D8,2026-10-01T20:06:10.078Z
2026,4,19263,Germie Bernard,PIT,WR,at CLE,receptions,FanDuel,0.5,over,0.84,-252,,0.7159,0.7159,,1,0.6948,-0.0211,-0.0211,ev,none,projection,main,live,20261002CCEAD0D8,2026-10-01T20:06:10.078Z
2026,4,16889,Darnell Washington,PIT,TE,at CLE,recYds,Hard Rock,9.5,over,14.96,-240,170,0.7059,0.6559,0.0763,0,0.6847,-0.0212,0.0288,ev,multiplicative,projection,main,live,20261002CCEAD0D8,2026-10-01T20:06:10.078Z
2026,4,15267,Pat Freiermuth,PIT,TE,at CLE,recYds,Hard Rock,39.5,over,33.66,180,-260,0.3571,0.3309,0.0794,0,0.3359,-0.0212,0.0051,ev,multiplicative,projection,main,live,20261002CCEAD0D8,2026-10-01T20:06:10.078Z
2026,4,4307,Aaron Rodgers,PIT,QB,at CLE,passTD,Caesars,2.5,over,1.31,500,,0.1667,0.1667,,1,0.1452,-0.0215,-0.0215,ev,none,projection,main,live,20261002CCEAD0D8,2026-10-01T20:06:10.078Z
2026,4,17130,Blake Whiteheart,CLE,TE,vs PIT,recYds,Hard Rock,22.5,over,9.35,650,-1800,0.1333,0.1234,0.0807,0,0.1119,-0.0215,-0.0115,ev,multiplicative,projection,main,live,20261002CCEAD0D8,2026-10-01T20:06:10.078Z
2026,4,4307,Aaron Rodgers,PIT,QB,at CLE,passTD,theScore,2.5,over,1.31,500,,0.1667,0.1667,,1,0.1452,-0.0215,-0.0215,ev,none,projection,main,live,20261002CCEAD0D8,2026-10-01T20:06:10.078Z
2026,4,15984,Jaylen Warren,PIT,RB,at CLE,rushYds,Hard Rock,50.5,over,96.25,-425,275,0.8095,0.7522,0.0762,0,0.7878,-0.0217,0.0356,ev,multiplicative,projection,main,live,20261002CCEAD0D8,2026-10-01T20:06:10.078Z
2026,4,13484,Travis Homer,PIT,RB,at CLE,rushYds,Hard Rock,34.5,over,13.65,2000,-10000,0.0476,0.0459,0.0377,0,0.0259,-0.0217,-0.0200,ev,multiplicative,projection,main,live,20261002CCEAD0D8,2026-10-01T20:06:10.078Z
2026,4,14378,Michael Pittman Jr.,PIT,WR,at CLE,recYds,FanDuel,99.5,over,40.74,1276,,0.0727,0.0727,,1,0.0507,-0.0219,-0.0219,ev,none,projection,main,live,20261002CCEAD0D8,2026-10-01T20:06:10.078Z
2026,4,13484,Travis Homer,PIT,RB,at CLE,rushYds,Hard Rock,33.5,over,13.65,1750,-9000,0.0541,0.0518,0.0431,0,0.0320,-0.0220,-0.0198,ev,multiplicative,projection,main,live,20261002CCEAD0D8,2026-10-01T20:06:10.078Z
2026,4,18516,Quinshon Judkins,CLE,RB,vs PIT,receptions,Caesars,4.5,over,2.1,900,,0.1000,0.1000,,1,0.0778,-0.0222,-0.0222,ev,none,projection,main,live,20261002CCEAD0D8,2026-10-01T20:06:10.078Z
2026,4,17130,Blake Whiteheart,CLE,TE,vs PIT,recYds,Hard Rock,27.5,under,9.35,-4000,900,0.9756,0.9070,0.0756,0,0.9535,-0.0222,0.0464,ev,multiplicative,projection,main,live,20261002CCEAD0D8,2026-10-01T20:06:10.078Z
2026,4,15267,Pat Freiermuth,PIT,TE,at CLE,recYds,Caesars,39.5,over,33.66,179,,0.3584,0.3584,,1,0.3359,-0.0225,-0.0225,ev,none,projection,main,live,20261002CCEAD0D8,2026-10-01T20:06:10.078Z
2026,4,18516,Quinshon Judkins,CLE,RB,vs PIT,receptions,BetRivers,2.5,over,2.1,133,,0.4292,0.4292,,1,0.4065,-0.0227,-0.0227,ev,none,projection,main,live,20261002CCEAD0D8,2026-10-01T20:06:10.078Z
2026,4,18526,Raheim Sanders,CLE,RB,vs PIT,receptions,theScore,0.5,over,1.72,-1100,,0.9167,0.9167,,1,0.8938,-0.0229,-0.0229,ev,none,projection,main,live,20261002CCEAD0D8,2026-10-01T20:06:10.078Z
2026,4,17043,Roman Wilson,PIT,WR,at CLE,recYds,Hard Rock,16.5,over,20.34,-160,115,0.6154,0.5695,0.0805,0,0.5925,-0.0229,0.0230,ev,multiplicative,projection,main,live,20261002CCEAD0D8,2026-10-01T20:06:10.078Z
2026,4,13424,DK Metcalf,PIT,WR,at CLE,recYds,Hard Rock,38.5,under,42.16,125,-180,0.4444,0.4088,0.0873,0,0.4215,-0.0230,0.0127,ev,multiplicative,projection,main,live,20261002CCEAD0D8,2026-10-01T20:06:10.078Z
2026,4,18472,Harold Fannin Jr.,CLE,TE,vs PIT,recYds,FanDuel,49.5,over,44.69,146,,0.4065,0.4065,,1,0.3832,-0.0233,-0.0233,ev,none,projection,main,live,20261002CCEAD0D8,2026-10-01T20:06:10.078Z
2026,4,4307,Aaron Rodgers,PIT,QB,at CLE,passTD,Caesars,1.5,over,1.31,150,-180,0.4000,0.3836,0.0429,0,0.3767,-0.0233,-0.0068,ev,multiplicative,projection,main,live,20261002CCEAD0D8,2026-10-01T20:06:10.078Z
2026,4,4307,Aaron Rodgers,PIT,QB,at CLE,passTD,Circa Sports,1.5,over,1.31,150,-170,0.4000,0.3885,0.0296,0,0.3767,-0.0233,-0.0118,ev,multiplicative,projection,main,live,20261002CCEAD0D8,2026-10-01T20:06:10.078Z
2026,4,17043,Roman Wilson,PIT,WR,at CLE,recYds,DraftKings,20.5,over,20.34,-108,-116,0.5192,0.4916,0.0563,0,0.4958,-0.0234,0.0042,ev,multiplicative,projection,main,live,20261002CCEAD0D8,2026-10-01T20:06:10.078Z
2026,4,18526,Raheim Sanders,CLE,RB,vs PIT,receptions,BetMGM,1.5,under,1.72,130,-175,0.4348,0.4059,0.0711,0,0.4111,-0.0237,0.0052,ev,multiplicative,projection,main,live,20261002CCEAD0D8,2026-10-01T20:06:10.078Z
2026,4,18526,Raheim Sanders,CLE,RB,vs PIT,receptions,Hard Rock,1.5,under,1.72,130,-175,0.4348,0.4059,0.0711,0,0.4111,-0.0237,0.0052,ev,multiplicative,projection,main,live,20261002CCEAD0D8,2026-10-01T20:06:10.078Z
2026,4,16889,Darnell Washington,PIT,TE,at CLE,recYds,FanDuel,9.5,over,14.96,-243,,0.7085,0.7085,,1,0.6847,-0.0238,-0.0238,ev,none,projection,main,live,20261002CCEAD0D8,2026-10-01T20:06:10.078Z
2026,4,17130,Blake Whiteheart,CLE,TE,vs PIT,recYds,Hard Rock,26.5,under,9.35,-3000,850,0.9677,0.9019,0.0730,0,0.9437,-0.0240,0.0418,ev,multiplicative,projection,main,live,20261002CCEAD0D8,2026-10-01T20:06:10.078Z
2026,4,14378,Michael Pittman Jr.,PIT,WR,at CLE,recYds,theScore,89.5,over,40.74,800,,0.1111,0.1111,,1,0.0871,-0.0240,-0.0240,ev,none,projection,main,live,20261002CCEAD0D8,2026-10-01T20:06:10.078Z
2026,4,17043,Roman Wilson,PIT,WR,at CLE,recYds,Caesars,20.5,under,20.34,-112,-113,0.5283,0.4990,0.0588,0,0.5042,-0.0241,0.0053,ev,multiplicative,projection,main,live,20261002CCEAD0D8,2026-10-01T20:06:10.078Z
2026,4,13424,DK Metcalf,PIT,WR,at CLE,receptions,Hard Rock,8.5,over,3.17,2500,,0.0385,0.0385,,1,0.0142,-0.0243,-0.0243,ev,none,projection,main,live,20261002CCEAD0D8,2026-10-01T20:06:10.078Z
2026,4,18516,Quinshon Judkins,CLE,RB,vs PIT,recYds,DraftKings,69.5,over,12.98,4000,,0.0244,0.0244,,1,0.0000,-0.0244,-0.0244,ev,none,projection,main,live,20261002CCEAD0D8,2026-10-01T20:06:10.078Z
2026,4,19298,Denzel Boston,CLE,WR,vs PIT,recYds,DraftKings,139.5,over,51.99,3700,,0.0263,0.0263,,1,0.0019,-0.0244,-0.0244,ev,none,projection,main,live,20261002CCEAD0D8,2026-10-01T20:06:10.078Z
2026,4,18472,Harold Fannin Jr.,CLE,TE,vs PIT,recYds,DraftKings,129.5,over,44.69,4000,,0.0244,0.0244,,1,0.0000,-0.0244,-0.0244,ev,none,projection,main,live,20261002CCEAD0D8,2026-10-01T20:06:10.078Z
2026,4,17043,Roman Wilson,PIT,WR,at CLE,recYds,DraftKings,99.5,over,20.34,4000,,0.0244,0.0244,,1,0.0000,-0.0244,-0.0244,ev,none,projection,main,live,20261002CCEAD0D8,2026-10-01T20:06:10.078Z
2026,4,18472,Harold Fannin Jr.,CLE,TE,vs PIT,recYds,Hard Rock,51.5,under,44.69,-220,160,0.6875,0.6413,0.0721,0,0.6630,-0.0245,0.0217,ev,multiplicative,projection,main,live,20261002CCEAD0D8,2026-10-01T20:06:10.078Z
2026,4,11712,Deshaun Watson,CLE,QB,vs PIT,passAtt,Caesars,29.5,over,29.14,101,-134,0.4975,0.4649,0.0702,0,0.4729,-0.0246,0.0080,ev,multiplicative,projection,main,live,20261002CCEAD0D8,2026-10-01T20:06:10.078Z
2026,4,19263,Germie Bernard,PIT,WR,at CLE,recYds,BetRivers,9.5,over,9.67,-114,-117,0.5327,0.4970,0.0719,0,0.5079,-0.0248,0.0110,ev,multiplicative,projection,main,live,20261002CCEAD0D8,2026-10-01T20:06:10.078Z
2026,4,19263,Germie Bernard,PIT,WR,at CLE,recYds,Caesars,9.5,over,9.67,-114,,0.5327,0.5327,,1,0.5079,-0.0248,-0.0248,ev,none,projection,main,live,20261002CCEAD0D8,2026-10-01T20:06:10.078Z
2026,4,18526,Raheim Sanders,CLE,RB,vs PIT,receptions,DraftKings,1.5,over,1.72,-159,124,0.6139,0.5790,0.0603,0,0.5889,-0.0250,0.0100,ev,multiplicative,projection,main,live,20261002CCEAD0D8,2026-10-01T20:06:10.078Z
2026,4,19263,Germie Bernard,PIT,WR,at CLE,recYds,DraftKings,79.5,over,9.67,3900,,0.0250,0.0250,,1,0.0000,-0.0250,-0.0250,ev,none,projection,main,live,20261002CCEAD0D8,2026-10-01T20:06:10.078Z
2026,4,17043,Roman Wilson,PIT,WR,at CLE,recYds,Hard Rock,21.5,under,20.34,-125,-110,0.5556,0.5147,0.0794,0,0.5305,-0.0250,0.0158,ev,multiplicative,projection,main,live,20261002CCEAD0D8,2026-10-01T20:06:10.078Z
2026,4,18526,Raheim Sanders,CLE,RB,vs PIT,recYds,Hard Rock,18.5,under,13.62,-240,165,0.7059,0.6516,0.0832,0,0.6809,-0.0250,0.0293,ev,multiplicative,projection,main,live,20261002CCEAD0D8,2026-10-01T20:06:10.078Z
2026,4,18472,Harold Fannin Jr.,CLE,TE,vs PIT,recYds,theScore,49.5,over,44.69,145,,0.4082,0.4082,,1,0.3832,-0.0250,-0.0250,ev,none,projection,main,live,20261002CCEAD0D8,2026-10-01T20:06:10.078Z
2026,4,13424,DK Metcalf,PIT,WR,at CLE,recYds,Hard Rock,37.5,under,42.16,135,-190,0.4255,0.3938,0.0807,0,0.4004,-0.0251,0.0067,ev,multiplicative,projection,main,live,20261002CCEAD0D8,2026-10-01T20:06:10.078Z
2026,4,15984,Jaylen Warren,PIT,RB,at CLE,rushYds,Hard Rock,49.5,over,96.25,-450,275,0.8182,0.7542,0.0848,0,0.7928,-0.0254,0.0386,ev,multiplicative,projection,main,live,20261002CCEAD0D8,2026-10-01T20:06:10.078Z
2026,4,13484,Travis Homer,PIT,RB,at CLE,rushYds,Hard Rock,37.5,over,13.65,2500,,0.0385,0.0385,,1,0.0130,-0.0254,-0.0254,ev,none,projection,main,live,20261002CCEAD0D8,2026-10-01T20:06:10.078Z
2026,4,11712,Deshaun Watson,CLE,QB,vs PIT,passAtt,DraftKings,28.5,over,29.14,-124,-103,0.5536,0.5218,0.0610,0,0.5281,-0.0255,0.0063,ev,multiplicative,projection,main,live,20261002CCEAD0D8,2026-10-01T20:06:10.078Z
2026,4,15267,Pat Freiermuth,PIT,TE,at CLE,receptions,Hard Rock,4.5,under,3.23,-450,260,0.8182,0.7465,0.0960,0,0.7927,-0.0255,0.0462,ev,multiplicative,projection,main,live,20261002CCEAD0D8,2026-10-01T20:06:10.078Z
2026,4,13424,DK Metcalf,PIT,WR,at CLE,recYds,Hard Rock,33.5,over,42.16,-240,165,0.7059,0.6516,0.0832,0,0.6804,-0.0255,0.0287,ev,multiplicative,projection,main,live,20261002CCEAD0D8,2026-10-01T20:06:10.078Z
2026,4,15984,Jaylen Warren,PIT,RB,at CLE,recYds,DraftKings,109.5,over,22.75,3800,,0.0256,0.0256,,1,0.0000,-0.0256,-0.0256,ev,none,projection,main,live,20261002CCEAD0D8,2026-10-01T20:06:10.078Z
2026,4,18516,Quinshon Judkins,CLE,RB,vs PIT,rushYds,DraftKings,149.5,over,42.39,3800,,0.0256,0.0256,,1,0.0000,-0.0256,-0.0256,ev,none,projection,main,live,20261002CCEAD0D8,2026-10-01T20:06:10.078Z
2026,4,15984,Jaylen Warren,PIT,RB,at CLE,rushYds,Hard Rock,42.5,under,96.25,400,-750,0.2000,0.1848,0.0824,0,0.1740,-0.0260,-0.0108,ev,multiplicative,projection,main,live,20261002CCEAD0D8,2026-10-01T20:06:10.078Z
2026,4,13484,Travis Homer,PIT,RB,at CLE,rushYds,Hard Rock,36.5,over,13.65,2250,,0.0426,0.0426,,1,0.0165,-0.0260,-0.0260,ev,none,projection,main,live,20261002CCEAD0D8,2026-10-01T20:06:10.078Z
2026,4,18472,Harold Fannin Jr.,CLE,TE,vs PIT,receptions,DraftKings,4.5,over,4.41,-103,-124,0.5074,0.4782,0.0610,0,0.4811,-0.0263,0.0029,ev,multiplicative,projection,main,live,20261002CCEAD0D8,2026-10-01T20:06:10.078Z
2026,4,4307,Aaron Rodgers,PIT,QB,at CLE,passTD,FanDuel,1.5,over,1.31,148,-196,0.4032,0.3785,0.0654,0,0.3767,-0.0265,-0.0018,ev,multiplicative,projection,main,live,20261002CCEAD0D8,2026-10-01T20:06:10.078Z
2026,4,17043,Roman Wilson,PIT,WR,at CLE,recYds,Hard Rock,7.5,over,20.34,-425,,0.8095,0.8095,,1,0.7830,-0.0265,-0.0265,ev,none,projection,main,live,20261002CCEAD0D8,2026-10-01T20:06:10.078Z
2026,4,18472,Harold Fannin Jr.,CLE,TE,vs PIT,receptions,Hard Rock,4.5,under,4.41,-120,-110,0.5455,0.5101,0.0693,0,0.5189,-0.0265,0.0088,ev,multiplicative,projection,main,live,20261002CCEAD0D8,2026-10-01T20:06:10.078Z
2026,4,13484,Travis Homer,PIT,RB,at CLE,rushYds,DraftKings,49.5,over,13.65,3600,,0.0270,0.0270,,1,0.0004,-0.0266,-0.0266,ev,none,projection,main,live,20261002CCEAD0D8,2026-10-01T20:06:10.078Z
2026,4,13484,Travis Homer,PIT,RB,at CLE,rushYds,Hard Rock,35.5,over,13.65,2000,,0.0476,0.0476,,1,0.0208,-0.0269,-0.0269,ev,none,projection,main,live,20261002CCEAD0D8,2026-10-01T20:06:10.078Z
2026,4,4307,Aaron Rodgers,PIT,QB,at CLE,completions,DraftKings,27.5,over,19.18,1020,,0.0893,0.0893,,1,0.0621,-0.0272,-0.0272,ev,none,projection,main,live,20261002CCEAD0D8,2026-10-01T20:06:10.078Z
2026,4,4307,Aaron Rodgers,PIT,QB,at CLE,passYds,DraftKings,379.5,over,184.84,3500,,0.0278,0.0278,,1,0.0003,-0.0275,-0.0275,ev,none,projection,main,live,20261002CCEAD0D8,2026-10-01T20:06:10.078Z
2026,4,18516,Quinshon Judkins,CLE,RB,vs PIT,rushAtt,theScore,14.5,over,16.49,-190,,0.6552,0.6552,,1,0.6277,-0.0275,-0.0275,ev,none,projection,main,live,20261002CCEAD0D8,2026-10-01T20:06:10.078Z
2026,4,15267,Pat Freiermuth,PIT,TE,at CLE,recYds,DraftKings,99.5,over,33.66,3500,,0.0278,0.0278,,1,0.0000,-0.0278,-0.0278,ev,none,projection,main,live,20261002CCEAD0D8,2026-10-01T20:06:10.078Z
2026,4,18516,Quinshon Judkins,CLE,RB,vs PIT,receptions,DraftKings,5.5,over,2.1,1900,,0.0500,0.0500,,1,0.0221,-0.0279,-0.0279,ev,none,projection,main,live,20261002CCEAD0D8,2026-10-01T20:06:10.078Z
2026,4,18516,Quinshon Judkins,CLE,RB,vs PIT,rushAtt,BetMGM,16.5,over,16.49,-111,-120,0.5261,0.4910,0.0715,0,0.4981,-0.0280,0.0071,ev,multiplicative,projection,main,live,20261002CCEAD0D8,2026-10-01T20:06:10.078Z
2026,4,18516,Quinshon Judkins,CLE,RB,vs PIT,receptions,FanDuel,0.5,over,2.1,-1204,,0.9233,0.9233,,1,0.8952,-0.0281,-0.0281,ev,none,projection,main,live,20261002CCEAD0D8,2026-10-01T20:06:10.078Z
2026,4,19298,Denzel Boston,CLE,WR,vs PIT,recYds,DraftKings,129.5,over,51.99,2900,,0.0333,0.0333,,1,0.0053,-0.0281,-0.0281,ev,none,projection,main,live,20261002CCEAD0D8,2026-10-01T20:06:10.078Z
2026,4,18472,Harold Fannin Jr.,CLE,TE,vs PIT,recYds,BetRivers,49.5,over,44.69,143,,0.4115,0.4115,,1,0.3832,-0.0283,-0.0283,ev,none,projection,main,live,20261002CCEAD0D8,2026-10-01T20:06:10.078Z
2026,4,15984,Jaylen Warren,PIT,RB,at CLE,rushYds,Hard Rock,48.5,over,96.25,-475,300,0.8261,0.7677,0.0761,0,0.7978,-0.0283,0.0301,ev,multiplicative,projection,main,live,20261002CCEAD0D8,2026-10-01T20:06:10.078Z
2026,4,13424,DK Metcalf,PIT,WR,at CLE,recYds,DraftKings,149.5,over,42.16,3400,,0.0286,0.0286,,1,0.0000,-0.0286,-0.0286,ev,none,projection,main,live,20261002CCEAD0D8,2026-10-01T20:06:10.078Z
2026,4,18472,Harold Fannin Jr.,CLE,TE,vs PIT,receptions,Caesars,4.5,over,4.41,-104,-127,0.5098,0.4768,0.0693,0,0.4811,-0.0287,0.0043,ev,multiplicative,projection,main,live,20261002CCEAD0D8,2026-10-01T20:06:10.078Z
2026,4,19298,Denzel Boston,CLE,WR,vs PIT,recYds,Hard Rock,133.5,over,51.99,3000,,0.0323,0.0323,,1,0.0036,-0.0287,-0.0287,ev,none,projection,main,live,20261002CCEAD0D8,2026-10-01T20:06:10.078Z
2026,4,13484,Travis Homer,PIT,RB,at CLE,rushYds,FanDuel,29.5,over,13.65,916,,0.0984,0.0984,,1,0.0696,-0.0288,-0.0288,ev,none,projection,main,live,20261002CCEAD0D8,2026-10-01T20:06:10.078Z
2026,4,4307,Aaron Rodgers,PIT,QB,at CLE,completions,theScore,27.5,over,19.18,1000,,0.0909,0.0909,,1,0.0621,-0.0288,-0.0288,ev,none,projection,main,live,20261002CCEAD0D8,2026-10-01T20:06:10.078Z
2026,4,19298,Denzel Boston,CLE,WR,vs PIT,recYds,Hard Rock,134.5,over,51.99,3000,,0.0323,0.0323,,1,0.0032,-0.0290,-0.0290,ev,none,projection,main,live,20261002CCEAD0D8,2026-10-01T20:06:10.078Z
2026,4,15267,Pat Freiermuth,PIT,TE,at CLE,recYds,Hard Rock,40.5,over,33.66,195,-275,0.3390,0.3161,0.0723,0,0.3099,-0.0291,-0.0062,ev,multiplicative,projection,main,live,20261002CCEAD0D8,2026-10-01T20:06:10.078Z
2026,4,19298,Denzel Boston,CLE,WR,vs PIT,recYds,DraftKings,99.5,over,51.99,1040,,0.0877,0.0877,,1,0.0585,-0.0293,-0.0293,ev,none,projection,main,live,20261002CCEAD0D8,2026-10-01T20:06:10.078Z
2026,4,17130,Blake Whiteheart,CLE,TE,vs PIT,recYds,DraftKings,59.5,over,9.35,3300,,0.0294,0.0294,,1,0.0000,-0.0294,-0.0294,ev,none,projection,main,live,20261002CCEAD0D8,2026-10-01T20:06:10.078Z
2026,4,16889,Darnell Washington,PIT,TE,at CLE,recYds,Caesars,9.5,over,14.96,-250,,0.7143,0.7143,,1,0.6847,-0.0296,-0.0296,ev,none,projection,main,live,20261002CCEAD0D8,2026-10-01T20:06:10.078Z
2026,4,16889,Darnell Washington,PIT,TE,at CLE,recYds,theScore,9.5,over,14.96,-250,,0.7143,0.7143,,1,0.6847,-0.0296,-0.0296,ev,none,projection,main,live,20261002CCEAD0D8,2026-10-01T20:06:10.078Z
2026,4,17130,Blake Whiteheart,CLE,TE,vs PIT,recYds,Hard Rock,23.5,over,9.35,700,-2200,0.1250,0.1156,0.0815,0,0.0952,-0.0298,-0.0203,ev,multiplicative,projection,main,live,20261002CCEAD0D8,2026-10-01T20:06:10.078Z
2026,4,16889,Darnell Washington,PIT,TE,at CLE,recYds,Hard Rock,12.5,under,14.96,125,-175,0.4444,0.4112,0.0808,0,0.4143,-0.0302,0.0030,ev,multiplicative,projection,main,live,20261002CCEAD0D8,2026-10-01T20:06:10.078Z
2026,4,17043,Roman Wilson,PIT,WR,at CLE,recYds,BetMGM,20.5,over,20.34,-111,-120,0.5261,0.4910,0.0715,0,0.4958,-0.0303,0.0048,ev,multiplicative,projection,main,live,20261002CCEAD0D8,2026-10-01T20:06:10.078Z
2026,4,11712,Deshaun Watson,CLE,QB,vs PIT,rushYds,DraftKings,89.5,over,17.22,3200,,0.0303,0.0303,,1,0.0000,-0.0303,-0.0303,ev,none,projection,main,live,20261002CCEAD0D8,2026-10-01T20:06:10.078Z
2026,4,15984,Jaylen Warren,PIT,RB,at CLE,rushYds,Hard Rock,163.5,under,96.25,-7000,1500,0.9859,0.9404,0.0484,0,0.9551,-0.0308,0.0148,ev,multiplicative,projection,main,live,20261002CCEAD0D8,2026-10-01T20:06:10.078Z
2026,4,18516,Quinshon Judkins,CLE,RB,vs PIT,recYds,BetRivers,19.5,over,12.98,205,,0.3279,0.3279,,1,0.2968,-0.0311,-0.0311,ev,none,projection,main,live,20261002CCEAD0D8,2026-10-01T20:06:10.078Z
2026,4,18472,Harold Fannin Jr.,CLE,TE,vs PIT,receptions,BetMGM,4.5,over,4.41,-105,-125,0.5122,0.4797,0.0678,0,0.4811,-0.0311,0.0014,ev,multiplicative,projection,main,live,20261002CCEAD0D8,2026-10-01T20:06:10.078Z
2026,4,18472,Harold Fannin Jr.,CLE,TE,vs PIT,receptions,Circa Sports,4.5,over,4.41,-105,-115,0.5122,0.4892,0.0471,0,0.4811,-0.0311,-0.0081,ev,multiplicative,projection,main,live,20261002CCEAD0D8,2026-10-01T20:06:10.078Z
2026,4,18472,Harold Fannin Jr.,CLE,TE,vs PIT,receptions,theScore,4.5,over,4.41,-105,-125,0.5122,0.4797,0.0678,0,0.4811,-0.0311,0.0014,ev,multiplicative,projection,main,live,20261002CCEAD0D8,2026-10-01T20:06:10.078Z
2026,4,17130,Blake Whiteheart,CLE,TE,vs PIT,recYds,Hard Rock,42.5,over,9.35,3000,,0.0323,0.0323,,1,0.0011,-0.0312,-0.0312,ev,none,projection,main,live,20261002CCEAD0D8,2026-10-01T20:06:10.078Z
2026,4,13424,DK Metcalf,PIT,WR,at CLE,receptions,DraftKings,8.5,over,3.17,2100,,0.0455,0.0455,,1,0.0142,-0.0313,-0.0313,ev,none,projection,main,live,20261002CCEAD0D8,2026-10-01T20:06:10.078Z
2026,4,17043,Roman Wilson,PIT,WR,at CLE,recYds,Hard Rock,17.5,over,20.34,-150,105,0.6000,0.5516,0.0878,0,0.5687,-0.0313,0.0171,ev,multiplicative,projection,main,live,20261002CCEAD0D8,2026-10-01T20:06:10.078Z
2026,4,4307,Aaron Rodgers,PIT,QB,at CLE,passYds,Hard Rock,359.5,over,184.84,3000,,0.0323,0.0323,,1,0.0009,-0.0313,-0.0313,ev,none,projection,main,live,20261002CCEAD0D8,2026-10-01T20:06:10.078Z
2026,4,4307,Aaron Rodgers,PIT,QB,at CLE,passYds,Hard Rock,361.5,over,184.84,3000,,0.0323,0.0323,,1,0.0008,-0.0314,-0.0314,ev,none,projection,main,live,20261002CCEAD0D8,2026-10-01T20:06:10.078Z
2026,4,4307,Aaron Rodgers,PIT,QB,at CLE,passYds,Hard Rock,360.5,over,184.84,3000,,0.0323,0.0323,,1,0.0009,-0.0314,-0.0314,ev,none,projection,main,live,20261002CCEAD0D8,2026-10-01T20:06:10.078Z
2026,4,18516,Quinshon Judkins,CLE,RB,vs PIT,receptions,BetRivers,3.5,over,2.1,325,,0.2353,0.2353,,1,0.2037,-0.0315,-0.0315,ev,none,projection,main,live,20261002CCEAD0D8,2026-10-01T20:06:10.078Z
2026,4,13424,DK Metcalf,PIT,WR,at CLE,recYds,Hard Rock,34.5,over,42.16,-225,155,0.6923,0.6384,0.0845,0,0.6608,-0.0315,0.0224,ev,multiplicative,projection,main,live,20261002CCEAD0D8,2026-10-01T20:06:10.078Z
2026,4,16889,Darnell Washington,PIT,TE,at CLE,receptions,Hard Rock,5.5,over,1.47,3000,,0.0323,0.0323,,1,0.0008,-0.0315,-0.0315,ev,none,projection,main,live,20261002CCEAD0D8,2026-10-01T20:06:10.078Z
2026,4,18516,Quinshon Judkins,CLE,RB,vs PIT,receptions,theScore,3.5,over,2.1,325,,0.2353,0.2353,,1,0.2037,-0.0315,-0.0315,ev,none,projection,main,live,20261002CCEAD0D8,2026-10-01T20:06:10.078Z
2026,4,4307,Aaron Rodgers,PIT,QB,at CLE,passYds,DraftKings,369.5,over,184.84,3000,,0.0323,0.0323,,1,0.0005,-0.0317,-0.0317,ev,none,projection,main,live,20261002CCEAD0D8,2026-10-01T20:06:10.078Z
2026,4,18472,Harold Fannin Jr.,CLE,TE,vs PIT,recYds,DraftKings,49.5,over,44.69,141,,0.4149,0.4149,,1,0.3832,-0.0317,-0.0317,ev,none,projection,main,live,20261002CCEAD0D8,2026-10-01T20:06:10.078Z
2026,4,18526,Raheim Sanders,CLE,RB,vs PIT,recYds,Hard Rock,17.5,under,13.62,-210,150,0.6774,0.6287,0.0774,0,0.6457,-0.0317,0.0170,ev,multiplicative,projection,main,live,20261002CCEAD0D8,2026-10-01T20:06:10.078Z
2026,4,15984,Jaylen Warren,PIT,RB,at CLE,rushYds,FanDuel,49.5,over,96.25,-471,,0.8249,0.8249,,1,0.7928,-0.0320,-0.0320,ev,none,projection,main,live,20261002CCEAD0D8,2026-10-01T20:06:10.078Z
2026,4,15984,Jaylen Warren,PIT,RB,at CLE,rushYds,Hard Rock,43.5,under,96.25,375,-700,0.2105,0.1939,0.0855,0,0.1785,-0.0320,-0.0154,ev,multiplicative,projection,main,live,20261002CCEAD0D8,2026-10-01T20:06:10.078Z
2026,4,13424,DK Metcalf,PIT,WR,at CLE,recYds,Hard Rock,143.5,over,42.16,3000,,0.0323,0.0323,,1,0.0000,-0.0322,-0.0322,ev,none,projection,main,live,20261002CCEAD0D8,2026-10-01T20:06:10.078Z
2026,4,18526,Raheim Sanders,CLE,RB,vs PIT,recYds,Hard Rock,54.5,over,13.62,3000,,0.0323,0.0323,,1,0.0000,-0.0322,-0.0322,ev,none,projection,main,live,20261002CCEAD0D8,2026-10-01T20:06:10.078Z
2026,4,13424,DK Metcalf,PIT,WR,at CLE,recYds,Hard Rock,141.5,over,42.16,3000,,0.0323,0.0323,,1,0.0000,-0.0322,-0.0322,ev,none,projection,main,live,20261002CCEAD0D8,2026-10-01T20:06:10.078Z
2026,4,18526,Raheim Sanders,CLE,RB,vs PIT,recYds,Hard Rock,55.5,over,13.62,3000,,0.0323,0.0323,,1,0.0000,-0.0322,-0.0322,ev,none,projection,main,live,20261002CCEAD0D8,2026-10-01T20:06:10.078Z
2026,4,13424,DK Metcalf,PIT,WR,at CLE,recYds,Hard Rock,142.5,over,42.16,3000,,0.0323,0.0323,,1,0.0000,-0.0322,-0.0322,ev,none,projection,main,live,20261002CCEAD0D8,2026-10-01T20:06:10.078Z
2026,4,15984,Jaylen Warren,PIT,RB,at CLE,recYds,DraftKings,99.5,over,22.75,3000,,0.0323,0.0323,,1,0.0000,-0.0323,-0.0323,ev,none,projection,main,live,20261002CCEAD0D8,2026-10-01T20:06:10.078Z
2026,4,18516,Quinshon Judkins,CLE,RB,vs PIT,rushYds,Hard Rock,156.5,over,42.39,3000,,0.0323,0.0323,,1,0.0000,-0.0323,-0.0323,ev,none,projection,main,live,20261002CCEAD0D8,2026-10-01T20:06:10.078Z
2026,4,18472,Harold Fannin Jr.,CLE,TE,vs PIT,recYds,Hard Rock,118.5,over,44.69,3000,,0.0323,0.0323,,1,0.0000,-0.0323,-0.0323,ev,none,projection,main,live,20261002CCEAD0D8,2026-10-01T20:06:10.078Z
2026,4,15267,Pat Freiermuth,PIT,TE,at CLE,recYds,Hard Rock,98.5,over,33.66,3000,,0.0323,0.0323,,1,0.0000,-0.0323,-0.0323,ev,none,projection,main,live,20261002CCEAD0D8,2026-10-01T20:06:10.078Z
2026,4,11712,Deshaun Watson,CLE,QB,vs PIT,rushYds,Hard Rock,83.5,over,17.22,3000,,0.0323,0.0323,,1,0.0000,-0.0323,-0.0323,ev,none,projection,main,live,20261002CCEAD0D8,2026-10-01T20:06:10.078Z
2026,4,18516,Quinshon Judkins,CLE,RB,vs PIT,rushYds,Hard Rock,152.5,over,42.39,3000,,0.0323,0.0323,,1,0.0000,-0.0323,-0.0323,ev,none,projection,main,live,20261002CCEAD0D8,2026-10-01T20:06:10.078Z
2026,4,17043,Roman Wilson,PIT,WR,at CLE,recYds,Hard Rock,99.5,over,20.34,3000,,0.0323,0.0323,,1,0.0000,-0.0323,-0.0323,ev,none,projection,main,live,20261002CCEAD0D8,2026-10-01T20:06:10.078Z
2026,4,18516,Quinshon Judkins,CLE,RB,vs PIT,rushYds,Hard Rock,155.5,over,42.39,3000,,0.0323,0.0323,,1,0.0000,-0.0323,-0.0323,ev,none,projection,main,live,20261002CCEAD0D8,2026-10-01T20:06:10.078Z
2026,4,13424,DK Metcalf,PIT,WR,at CLE,recYds,Hard Rock,144.5,over,42.16,3000,,0.0323,0.0323,,1,0.0000,-0.0323,-0.0323,ev,none,projection,main,live,20261002CCEAD0D8,2026-10-01T20:06:10.078Z
2026,4,11712,Deshaun Watson,CLE,QB,vs PIT,rushYds,Hard Rock,82.5,over,17.22,3000,,0.0323,0.0323,,1,0.0000,-0.0323,-0.0323,ev,none,projection,main,live,20261002CCEAD0D8,2026-10-01T20:06:10.078Z
2026,4,18516,Quinshon Judkins,CLE,RB,vs PIT,rushYds,Hard Rock,153.5,over,42.39,3000,,0.0323,0.0323,,1,0.0000,-0.0323,-0.0323,ev,none,projection,main,live,20261002CCEAD0D8,2026-10-01T20:06:10.078Z
2026,4,15984,Jaylen Warren,PIT,RB,at CLE,recYds,Hard Rock,90.5,over,22.75,3000,,0.0323,0.0323,,1,0.0000,-0.0323,-0.0323,ev,none,projection,main,live,20261002CCEAD0D8,2026-10-01T20:06:10.078Z
2026,4,17043,Roman Wilson,PIT,WR,at CLE,recYds,Hard Rock,98.5,over,20.34,3000,,0.0323,0.0323,,1,0.0000,-0.0323,-0.0323,ev,none,projection,main,live,20261002CCEAD0D8,2026-10-01T20:06:10.078Z
2026,4,17043,Roman Wilson,PIT,WR,at CLE,recYds,theScore,9.5,over,20.34,-350,,0.7778,0.7778,,1,0.7455,-0.0323,-0.0323,ev,none,projection,main,live,20261002CCEAD0D8,2026-10-01T20:06:10.078Z
2026,4,18516,Quinshon Judkins,CLE,RB,vs PIT,rushYds,Hard Rock,154.5,over,42.39,3000,,0.0323,0.0323,,1,0.0000,-0.0323,-0.0323,ev,none,projection,main,live,20261002CCEAD0D8,2026-10-01T20:06:10.078Z
2026,4,18516,Quinshon Judkins,CLE,RB,vs PIT,rushYds,Hard Rock,157.5,over,42.39,3000,,0.0323,0.0323,,1,0.0000,-0.0323,-0.0323,ev,none,projection,main,live,20261002CCEAD0D8,2026-10-01T20:06:10.078Z
2026,4,18516,Quinshon Judkins,CLE,RB,vs PIT,rushYds,Hard Rock,151.5,over,42.39,3000,,0.0323,0.0323,,1,0.0000,-0.0323,-0.0323,ev,none,projection,main,live,20261002CCEAD0D8,2026-10-01T20:06:10.078Z
2026,4,18516,Quinshon Judkins,CLE,RB,vs PIT,rushAtt,BetRivers,16.5,over,16.49,-113,,0.5305,0.5305,,1,0.4981,-0.0324,-0.0324,ev,none,projection,main,live,20261002CCEAD0D8,2026-10-01T20:06:10.078Z
2026,4,19263,Germie Bernard,PIT,WR,at CLE,recYds,Hard Rock,10.5,over,9.67,100,-140,0.5000,0.4615,0.0833,0,0.4676,-0.0324,0.0060,ev,multiplicative,projection,main,live,20261002CCEAD0D8,2026-10-01T20:06:10.078Z
2026,4,19298,Denzel Boston,CLE,WR,vs PIT,recYds,DraftKings,119.5,over,51.99,2100,,0.0455,0.0455,,1,0.0129,-0.0325,-0.0325,ev,none,projection,main,live,20261002CCEAD0D8,2026-10-01T20:06:10.078Z
2026,4,17043,Roman Wilson,PIT,WR,at CLE,recYds,Hard Rock,19.5,under,20.34,-105,-130,0.5122,0.4754,0.0774,0,0.4796,-0.0326,0.0042,ev,multiplicative,projection,main,live,20261002CCEAD0D8,2026-10-01T20:06:10.078Z
2026,4,18472,Harold Fannin Jr.,CLE,TE,vs PIT,receptions,DraftKings,10.5,over,4.41,2900,,0.0333,0.0333,,1,0.0007,-0.0327,-0.0327,ev,none,projection,main,live,20261002CCEAD0D8,2026-10-01T20:06:10.078Z
2026,4,17043,Roman Wilson,PIT,WR,at CLE,recYds,DraftKings,20.5,under,20.34,-116,-108,0.5370,0.5084,0.0563,0,0.5042,-0.0328,-0.0042,ev,multiplicative,projection,main,live,20261002CCEAD0D8,2026-10-01T20:06:10.078Z
2026,4,4307,Aaron Rodgers,PIT,QB,at CLE,completions,DraftKings,25.5,over,19.18,548,,0.1543,0.1543,,1,0.1214,-0.0329,-0.0329,ev,none,projection,main,live,20261002CCEAD0D8,2026-10-01T20:06:10.078Z
2026,4,17043,Roman Wilson,PIT,WR,at CLE,recYds,Hard Rock,6.5,over,20.34,-500,,0.8333,0.8333,,1,0.8005,-0.0329,-0.0329,ev,none,projection,main,live,20261002CCEAD0D8,2026-10-01T20:06:10.078Z
2026,4,15984,Jaylen Warren,PIT,RB,at CLE,rushYds,Hard Rock,162.5,under,96.25,-7000,1400,0.9859,0.9367,0.0526,0,0.9527,-0.0332,0.0160,ev,multiplicative,projection,main,live,20261002CCEAD0D8,2026-10-01T20:06:10.078Z
2026,4,18472,Harold Fannin Jr.,CLE,TE,vs PIT,recYds,DraftKings,119.5,over,44.69,2900,,0.0333,0.0333,,1,0.0000,-0.0333,-0.0333,ev,none,projection,main,live,20261002CCEAD0D8,2026-10-01T20:06:10.078Z
2026,4,18516,Quinshon Judkins,CLE,RB,vs PIT,receptions,BetRivers,4.5,over,2.1,800,,0.1111,0.1111,,1,0.0778,-0.0333,-0.0333,ev,none,projection,main,live,20261002CCEAD0D8,2026-10-01T20:06:10.078Z
2026,4,17043,Roman Wilson,PIT,WR,at CLE,recYds,DraftKings,89.5,over,20.34,2900,,0.0333,0.0333,,1,0.0000,-0.0333,-0.0333,ev,none,projection,main,live,20261002CCEAD0D8,2026-10-01T20:06:10.078Z
2026,4,18516,Quinshon Judkins,CLE,RB,vs PIT,rushYds,DraftKings,139.5,over,42.39,2900,,0.0333,0.0333,,1,0.0000,-0.0333,-0.0333,ev,none,projection,main,live,20261002CCEAD0D8,2026-10-01T20:06:10.078Z
2026,4,18526,Raheim Sanders,CLE,RB,vs PIT,recYds,DraftKings,69.5,over,13.62,2900,,0.0333,0.0333,,1,0.0000,-0.0333,-0.0333,ev,none,projection,main,live,20261002CCEAD0D8,2026-10-01T20:06:10.078Z
2026,4,16889,Darnell Washington,PIT,TE,at CLE,recYds,DraftKings,79.5,over,14.96,2900,,0.0333,0.0333,,1,0.0000,-0.0333,-0.0333,ev,none,projection,main,live,20261002CCEAD0D8,2026-10-01T20:06:10.078Z
2026,4,16889,Darnell Washington,PIT,TE,at CLE,receptions,DraftKings,6.5,over,1.47,2900,,0.0333,0.0333,,1,0.0000,-0.0333,-0.0333,ev,none,projection,main,live,20261002CCEAD0D8,2026-10-01T20:06:10.078Z
2026,4,18516,Quinshon Judkins,CLE,RB,vs PIT,receptions,theScore,0.5,over,2.1,-1300,,0.9286,0.9286,,1,0.8952,-0.0333,-0.0333,ev,none,projection,main,live,20261002CCEAD0D8,2026-10-01T20:06:10.078Z
2026,4,17043,Roman Wilson,PIT,WR,at CLE,receptions,DraftKings,5.5,over,1.96,1840,,0.0515,0.0515,,1,0.0181,-0.0334,-0.0334,ev,none,projection,main,live,20261002CCEAD0D8,2026-10-01T20:06:10.078Z
2026,4,18526,Raheim Sanders,CLE,RB,vs PIT,receptions,Caesars,1.5,under,1.72,125,-170,0.4444,0.4138,0.0741,0,0.4111,-0.0334,-0.0027,ev,multiplicative,projection,main,live,20261002CCEAD0D8,2026-10-01T20:06:10.078Z
2026,4,18472,Harold Fannin Jr.,CLE,TE,vs PIT,receptions,FanDuel,4.5,over,4.41,-106,-125,0.5146,0.4808,0.0701,0,0.4811,-0.0335,0.0002,ev,multiplicative,projection,main,live,20261002CCEAD0D8,2026-10-01T20:06:10.078Z
2026,4,18472,Harold Fannin Jr.,CLE,TE,vs PIT,recYds,Hard Rock,49.5,over,44.69,140,-195,0.4167,0.3866,0.0777,0,0.3832,-0.0335,-0.0034,ev,multiplicative,projection,main,live,20261002CCEAD0D8,2026-10-01T20:06:10.078Z
2026,4,19298,Denzel Boston,CLE,WR,vs PIT,recYds,DraftKings,109.5,over,51.99,1500,,0.0625,0.0625,,1,0.0289,-0.0336,-0.0336,ev,none,projection,main,live,20261002CCEAD0D8,2026-10-01T20:06:10.078Z
2026,4,11712,Deshaun Watson,CLE,QB,vs PIT,passYds,FanDuel,99.5,over,218.73,-1602,,0.9412,0.9412,,1,0.9074,-0.0339,-0.0339,ev,none,projection,main,live,20261002CCEAD0D8,2026-10-01T20:06:10.078Z
2026,4,15984,Jaylen Warren,PIT,RB,at CLE,receptions,DraftKings,8.5,over,3.34,2700,,0.0357,0.0357,,1,0.0019,-0.0339,-0.0339,ev,none,projection,main,live,20261002CCEAD0D8,2026-10-01T20:06:10.078Z
2026,4,19298,Denzel Boston,CLE,WR,vs PIT,receptions,theScore,0.5,over,3.13,-3000,,0.9677,0.9677,,1,0.9336,-0.0341,-0.0341,ev,none,projection,main,live,20261002CCEAD0D8,2026-10-01T20:06:10.078Z
2026,4,15984,Jaylen Warren,PIT,RB,at CLE,rushYds,Hard Rock,45.5,under,96.25,350,-600,0.2222,0.2059,0.0794,0,0.1878,-0.0344,-0.0181,ev,multiplicative,projection,main,live,20261002CCEAD0D8,2026-10-01T20:06:10.078Z
2026,4,11712,Deshaun Watson,CLE,QB,vs PIT,passAtt,DraftKings,31.5,over,29.14,176,,0.3623,0.3623,,1,0.3278,-0.0345,-0.0345,ev,none,projection,main,live,20261002CCEAD0D8,2026-10-01T20:06:10.078Z
2026,4,17043,Roman Wilson,PIT,WR,at CLE,recYds,Caesars,20.5,over,20.34,-113,-112,0.5305,0.5010,0.0588,0,0.4958,-0.0347,-0.0053,ev,multiplicative,projection,main,live,20261002CCEAD0D8,2026-10-01T20:06:10.078Z
2026,4,18472,Harold Fannin Jr.,CLE,TE,vs PIT,receptions,DraftKings,4.5,under,4.41,-124,-103,0.5536,0.5218,0.0610,0,0.5189,-0.0347,-0.0029,ev,multiplicative,projection,main,live,20261002CCEAD0D8,2026-10-01T20:06:10.078Z
2026,4,17043,Roman Wilson,PIT,WR,at CLE,recYds,Caesars,9.5,over,20.34,-355,,0.7802,0.7802,,1,0.7455,-0.0347,-0.0347,ev,none,projection,main,live,20261002CCEAD0D8,2026-10-01T20:06:10.078Z
2026,4,16889,Darnell Washington,PIT,TE,at CLE,recYds,Hard Rock,10.5,over,14.96,-220,155,0.6875,0.6368,0.0797,0,0.6527,-0.0348,0.0160,ev,multiplicative,projection,main,live,20261002CCEAD0D8,2026-10-01T20:06:10.078Z
2026,4,18526,Raheim Sanders,CLE,RB,vs PIT,recYds,Hard Rock,16.5,over,13.62,135,-190,0.4255,0.3938,0.0807,0,0.3907,-0.0348,-0.0031,ev,multiplicative,projection,main,live,20261002CCEAD0D8,2026-10-01T20:06:10.078Z
2026,4,15984,Jaylen Warren,PIT,RB,at CLE,rushAtt,DraftKings,21.5,over,17.68,324,,0.2358,0.2358,,1,0.2007,-0.0352,-0.0352,ev,none,projection,main,live,20261002CCEAD0D8,2026-10-01T20:06:10.078Z
2026,4,17130,Blake Whiteheart,CLE,TE,vs PIT,recYds,Hard Rock,25.5,under,9.35,-3000,800,0.9677,0.8970,0.0789,0,0.9324,-0.0353,0.0354,ev,multiplicative,projection,main,live,20261002CCEAD0D8,2026-10-01T20:06:10.078Z
2026,4,18526,Raheim Sanders,CLE,RB,vs PIT,receptions,DraftKings,1.5,under,1.72,124,-159,0.4464,0.4210,0.0603,0,0.4111,-0.0354,-0.0100,ev,multiplicative,projection,main,live,20261002CCEAD0D8,2026-10-01T20:06:10.078Z
2026,4,15267,Pat Freiermuth,PIT,TE,at CLE,receptions,Hard Rock,7.5,over,3.23,2500,,0.0385,0.0385,,1,0.0030,-0.0354,-0.0354,ev,none,projection,main,live,20261002CCEAD0D8,2026-10-01T20:06:10.078Z
2026,4,13484,Travis Homer,PIT,RB,at CLE,rushYds,DraftKings,39.5,over,13.65,2200,,0.0435,0.0435,,1,0.0079,-0.0355,-0.0355,ev,none,projection,main,live,20261002CCEAD0D8,2026-10-01T20:06:10.078Z
2026,4,11712,Deshaun Watson,CLE,QB,vs PIT,passAtt,DraftKings,28.5,under,29.14,-103,-124,0.5074,0.4782,0.0610,0,0.4719,-0.0355,-0.0063,ev,multiplicative,projection,main,live,20261002CCEAD0D8,2026-10-01T20:06:10.078Z
2026,4,18516,Quinshon Judkins,CLE,RB,vs PIT,recYds,DraftKings,59.5,over,12.98,2700,,0.0357,0.0357,,1,0.0001,-0.0356,-0.0356,ev,none,projection,main,live,20261002CCEAD0D8,2026-10-01T20:06:10.078Z
2026,4,18526,Raheim Sanders,CLE,RB,vs PIT,receptions,DraftKings,6.5,over,1.72,2700,,0.0357,0.0357,,1,0.0001,-0.0356,-0.0356,ev,none,projection,main,live,20261002CCEAD0D8,2026-10-01T20:06:10.078Z
2026,4,13484,Travis Homer,PIT,RB,at CLE,rushYds,theScore,29.5,over,13.65,850,,0.1053,0.1053,,1,0.0696,-0.0356,-0.0356,ev,none,projection,main,live,20261002CCEAD0D8,2026-10-01T20:06:10.078Z
2026,4,19263,Germie Bernard,PIT,WR,at CLE,recYds,DraftKings,69.5,over,9.67,2700,,0.0357,0.0357,,1,0.0000,-0.0357,-0.0357,ev,none,projection,main,live,20261002CCEAD0D8,2026-10-01T20:06:10.078Z
2026,4,16889,Darnell Washington,PIT,TE,at CLE,recYds,Hard Rock,11.5,under,14.96,140,-195,0.4167,0.3866,0.0777,0,0.3803,-0.0364,-0.0063,ev,multiplicative,projection,main,live,20261002CCEAD0D8,2026-10-01T20:06:10.078Z
2026,4,17130,Blake Whiteheart,CLE,TE,vs PIT,recYds,Hard Rock,40.5,over,9.35,2500,,0.0385,0.0385,,1,0.0020,-0.0365,-0.0365,ev,none,projection,main,live,20261002CCEAD0D8,2026-10-01T20:06:10.078Z
2026,4,18472,Harold Fannin Jr.,CLE,TE,vs PIT,receptions,FanDuel,4.5,under,4.41,-125,-106,0.5556,0.5192,0.0701,0,0.5189,-0.0366,-0.0002,ev,multiplicative,projection,main,live,20261002CCEAD0D8,2026-10-01T20:06:10.078Z
2026,4,18472,Harold Fannin Jr.,CLE,TE,vs PIT,receptions,BetMGM,4.5,under,4.41,-125,-105,0.5556,0.5203,0.0678,0,0.5189,-0.0366,-0.0014,ev,multiplicative,projection,main,live,20261002CCEAD0D8,2026-10-01T20:06:10.078Z
2026,4,18516,Quinshon Judkins,CLE,RB,vs PIT,receptions,FanDuel,3.5,over,2.1,316,,0.2404,0.2404,,1,0.2037,-0.0366,-0.0366,ev,none,projection,main,live,20261002CCEAD0D8,2026-10-01T20:06:10.078Z
2026,4,13424,DK Metcalf,PIT,WR,at CLE,recYds,Hard Rock,35.5,over,42.16,-210,150,0.6774,0.6287,0.0774,0,0.6408,-0.0366,0.0120,ev,multiplicative,projection,main,live,20261002CCEAD0D8,2026-10-01T20:06:10.078Z
2026,4,18472,Harold Fannin Jr.,CLE,TE,vs PIT,receptions,theScore,4.5,under,4.41,-125,-105,0.5556,0.5203,0.0678,0,0.5189,-0.0366,-0.0014,ev,multiplicative,projection,main,live,20261002CCEAD0D8,2026-10-01T20:06:10.078Z
2026,4,19263,Germie Bernard,PIT,WR,at CLE,recYds,Hard Rock,11.5,under,9.67,-155,110,0.6078,0.5607,0.0840,0,0.5712,-0.0367,0.0105,ev,multiplicative,projection,main,live,20261002CCEAD0D8,2026-10-01T20:06:10.078Z
2026,4,4307,Aaron Rodgers,PIT,QB,at CLE,passYds,Hard Rock,351.5,over,184.84,2500,,0.0385,0.0385,,1,0.0015,-0.0369,-0.0369,ev,none,projection,main,live,20261002CCEAD0D8,2026-10-01T20:06:10.078Z
2026,4,4307,Aaron Rodgers,PIT,QB,at CLE,passYds,Hard Rock,350.5,over,184.84,2500,,0.0385,0.0385,,1,0.0016,-0.0369,-0.0369,ev,none,projection,main,live,20261002CCEAD0D8,2026-10-01T20:06:10.078Z
2026,4,15267,Pat Freiermuth,PIT,TE,at CLE,receptions,DraftKings,7.5,over,3.23,2400,,0.0400,0.0400,,1,0.0030,-0.0370,-0.0370,ev,none,projection,main,live,20261002CCEAD0D8,2026-10-01T20:06:10.078Z
2026,4,13424,DK Metcalf,PIT,WR,at CLE,recYds,DraftKings,139.5,over,42.16,2600,,0.0370,0.0370,,1,0.0000,-0.0370,-0.0370,ev,none,projection,main,live,20261002CCEAD0D8,2026-10-01T20:06:10.078Z
2026,4,13424,DK Metcalf,PIT,WR,at CLE,recYds,Hard Rock,36.5,under,42.16,140,-200,0.4167,0.3846,0.0833,0,0.3797,-0.0370,-0.0050,ev,multiplicative,projection,main,live,20261002CCEAD0D8,2026-10-01T20:06:10.078Z
2026,4,4307,Aaron Rodgers,PIT,QB,at CLE,passYds,Hard Rock,352.5,over,184.84,2500,,0.0385,0.0385,,1,0.0014,-0.0370,-0.0370,ev,none,projection,main,live,20261002CCEAD0D8,2026-10-01T20:06:10.078Z
2026,4,17130,Blake Whiteheart,CLE,TE,vs PIT,recYds,Hard Rock,24.5,over,9.35,750,-2500,0.1176,0.1090,0.0792,0,0.0805,-0.0371,-0.0285,ev,multiplicative,projection,main,live,20261002CCEAD0D8,2026-10-01T20:06:10.078Z
2026,4,4307,Aaron Rodgers,PIT,QB,at CLE,passYds,Hard Rock,353.5,over,184.84,2500,,0.0385,0.0385,,1,0.0014,-0.0371,-0.0371,ev,none,projection,main,live,20261002CCEAD0D8,2026-10-01T20:06:10.078Z
2026,4,4307,Aaron Rodgers,PIT,QB,at CLE,passYds,Hard Rock,354.5,over,184.84,2500,,0.0385,0.0385,,1,0.0013,-0.0372,-0.0372,ev,none,projection,main,live,20261002CCEAD0D8,2026-10-01T20:06:10.078Z
2026,4,4307,Aaron Rodgers,PIT,QB,at CLE,completions,theScore,24.5,over,19.18,400,,0.2000,0.2000,,1,0.1628,-0.0372,-0.0372,ev,none,projection,main,live,20261002CCEAD0D8,2026-10-01T20:06:10.078Z
2026,4,18472,Harold Fannin Jr.,CLE,TE,vs PIT,recYds,Hard Rock,50.5,under,44.69,-210,145,0.6774,0.6240,0.0856,0,0.6402,-0.0373,0.0161,ev,multiplicative,projection,main,live,20261002CCEAD0D8,2026-10-01T20:06:10.078Z
2026,4,15984,Jaylen Warren,PIT,RB,at CLE,rushYds,Hard Rock,47.5,over,96.25,-525,,0.8400,0.8400,,1,0.8027,-0.0373,-0.0373,ev,none,projection,main,live,20261002CCEAD0D8,2026-10-01T20:06:10.078Z
2026,4,13424,DK Metcalf,PIT,WR,at CLE,receptions,DraftKings,7.5,over,3.17,1220,,0.0758,0.0758,,1,0.0375,-0.0383,-0.0383,ev,none,projection,main,live,20261002CCEAD0D8,2026-10-01T20:06:10.078Z
2026,4,13424,DK Metcalf,PIT,WR,at CLE,recYds,Hard Rock,136.5,over,42.16,2500,,0.0385,0.0385,,1,0.0000,-0.0384,-0.0384,ev,none,projection,main,live,20261002CCEAD0D8,2026-10-01T20:06:10.078Z
2026,4,18526,Raheim Sanders,CLE,RB,vs PIT,recYds,Hard Rock,52.5,over,13.62,2500,,0.0385,0.0385,,1,0.0001,-0.0384,-0.0384,ev,none,projection,main,live,20261002CCEAD0D8,2026-10-01T20:06:10.078Z
2026,4,13424,DK Metcalf,PIT,WR,at CLE,recYds,Hard Rock,138.5,over,42.16,2500,,0.0385,0.0385,,1,0.0000,-0.0384,-0.0384,ev,none,projection,main,live,20261002CCEAD0D8,2026-10-01T20:06:10.078Z
2026,4,18526,Raheim Sanders,CLE,RB,vs PIT,recYds,Hard Rock,53.5,over,13.62,2500,,0.0385,0.0385,,1,0.0001,-0.0384,-0.0384,ev,none,projection,main,live,20261002CCEAD0D8,2026-10-01T20:06:10.078Z
2026,4,13424,DK Metcalf,PIT,WR,at CLE,recYds,Hard Rock,137.5,over,42.16,2500,,0.0385,0.0385,,1,0.0000,-0.0384,-0.0384,ev,none,projection,main,live,20261002CCEAD0D8,2026-10-01T20:06:10.078Z
2026,4,15984,Jaylen Warren,PIT,RB,at CLE,recYds,Hard Rock,86.5,over,22.75,2500,,0.0385,0.0385,,1,0.0000,-0.0385,-0.0385,ev,none,projection,main,live,20261002CCEAD0D8,2026-10-01T20:06:10.078Z
2026,4,15267,Pat Freiermuth,PIT,TE,at CLE,recYds,Hard Rock,93.5,over,33.66,2500,,0.0385,0.0385,,1,0.0000,-0.0385,-0.0385,ev,none,projection,main,live,20261002CCEAD0D8,2026-10-01T20:06:10.078Z
2026,4,17043,Roman Wilson,PIT,WR,at CLE,recYds,Hard Rock,94.5,over,20.34,2500,,0.0385,0.0385,,1,0.0000,-0.0385,-0.0385,ev,none,projection,main,live,20261002CCEAD0D8,2026-10-01T20:06:10.078Z
2026,4,17043,Roman Wilson,PIT,WR,at CLE,recYds,Hard Rock,93.5,over,20.34,2500,,0.0385,0.0385,,1,0.0000,-0.0385,-0.0385,ev,none,projection,main,live,20261002CCEAD0D8,2026-10-01T20:06:10.078Z
2026,4,18516,Quinshon Judkins,CLE,RB,vs PIT,rushYds,Hard Rock,149.5,over,42.39,2500,,0.0385,0.0385,,1,0.0000,-0.0385,-0.0385,ev,none,projection,main,live,20261002CCEAD0D8,2026-10-01T20:06:10.078Z
2026,4,19263,Germie Bernard,PIT,WR,at CLE,receptions,Hard Rock,0.5,over,0.84,-275,190,0.7333,0.6802,0.0782,0,0.6948,-0.0385,0.0147,ev,multiplicative,projection,main,live,20261002CCEAD0D8,2026-10-01T20:06:10.078Z
2026,4,11712,Deshaun Watson,CLE,QB,vs PIT,rushYds,Hard Rock,81.5,over,17.22,2500,,0.0385,0.0385,,1,0.0000,-0.0385,-0.0385,ev,none,projection,main,live,20261002CCEAD0D8,2026-10-01T20:06:10.078Z
2026,4,18516,Quinshon Judkins,CLE,RB,vs PIT,rushYds,Hard Rock,147.5,over,42.39,2500,,0.0385,0.0385,,1,0.0000,-0.0385,-0.0385,ev,none,projection,main,live,20261002CCEAD0D8,2026-10-01T20:06:10.078Z
2026,4,16889,Darnell Washington,PIT,TE,at CLE,recYds,Hard Rock,83.5,over,14.96,2500,,0.0385,0.0385,,1,0.0000,-0.0385,-0.0385,ev,none,projection,main,live,20261002CCEAD0D8,2026-10-01T20:06:10.078Z
2026,4,18516,Quinshon Judkins,CLE,RB,vs PIT,rushYds,Hard Rock,148.5,over,42.39,2500,,0.0385,0.0385,,1,0.0000,-0.0385,-0.0385,ev,none,projection,main,live,20261002CCEAD0D8,2026-10-01T20:06:10.078Z
2026,4,11712,Deshaun Watson,CLE,QB,vs PIT,rushYds,Hard Rock,80.5,over,17.22,2500,,0.0385,0.0385,,1,0.0000,-0.0385,-0.0385,ev,none,projection,main,live,20261002CCEAD0D8,2026-10-01T20:06:10.078Z
2026,4,15267,Pat Freiermuth,PIT,TE,at CLE,recYds,Hard Rock,92.5,over,33.66,2500,,0.0385,0.0385,,1,0.0000,-0.0385,-0.0385,ev,none,projection,main,live,20261002CCEAD0D8,2026-10-01T20:06:10.078Z
2026,4,18516,Quinshon Judkins,CLE,RB,vs PIT,rushYds,Hard Rock,150.5,over,42.39,2500,,0.0385,0.0385,,1,0.0000,-0.0385,-0.0385,ev,none,projection,main,live,20261002CCEAD0D8,2026-10-01T20:06:10.078Z
2026,4,17043,Roman Wilson,PIT,WR,at CLE,recYds,Hard Rock,18.5,over,20.34,-140,100,0.5833,0.5385,0.0833,0,0.5446,-0.0387,0.0062,ev,multiplicative,projection,main,live,20261002CCEAD0D8,2026-10-01T20:06:10.078Z
2026,4,15984,Jaylen Warren,PIT,RB,at CLE,rushYds,Hard Rock,46.5,over,96.25,-550,325,0.8462,0.7824,0.0814,0,0.8075,-0.0387,0.0251,ev,multiplicative,projection,main,live,20261002CCEAD0D8,2026-10-01T20:06:10.078Z
2026,4,15984,Jaylen Warren,PIT,RB,at CLE,rushAtt,theScore,16.5,over,17.68,-145,,0.5918,0.5918,,1,0.5530,-0.0388,-0.0388,ev,none,projection,main,live,20261002CCEAD0D8,2026-10-01T20:06:10.078Z
2026,4,4307,Aaron Rodgers,PIT,QB,at CLE,passTD,FanDuel,1.5,under,1.31,-196,148,0.6622,0.6215,0.0654,0,0.6233,-0.0389,0.0018,ev,multiplicative,projection,main,live,20261002CCEAD0D8,2026-10-01T20:06:10.078Z
2026,4,4307,Aaron Rodgers,PIT,QB,at CLE,passTD,DraftKings,1.5,under,1.31,-196,154,0.6622,0.6271,0.0559,0,0.6233,-0.0389,-0.0038,ev,multiplicative,projection,main,live,20261002CCEAD0D8,2026-10-01T20:06:10.078Z
2026,4,17043,Roman Wilson,PIT,WR,at CLE,recYds,Caesars,19.5,over,20.34,-127,,0.5595,0.5595,,1,0.5204,-0.0391,-0.0391,ev,none,projection,main,live,20261002CCEAD0D8,2026-10-01T20:06:10.078Z
2026,4,4307,Aaron Rodgers,PIT,QB,at CLE,passYds,DraftKings,359.5,over,184.84,2400,,0.0400,0.0400,,1,0.0009,-0.0391,-0.0391,ev,none,projection,main,live,20261002CCEAD0D8,2026-10-01T20:06:10.078Z
2026,4,17130,Blake Whiteheart,CLE,TE,vs PIT,recYds,Hard Rock,38.5,over,9.35,2250,,0.0426,0.0426,,1,0.0035,-0.0391,-0.0391,ev,none,projection,main,live,20261002CCEAD0D8,2026-10-01T20:06:10.078Z
2026,4,18516,Quinshon Judkins,CLE,RB,vs PIT,receptions,BetRivers,0.5,over,2.1,-1430,,0.9346,0.9346,,1,0.8952,-0.0394,-0.0394,ev,none,projection,main,live,20261002CCEAD0D8,2026-10-01T20:06:10.078Z
2026,4,13424,DK Metcalf,PIT,WR,at CLE,receptions,BetRivers,7.5,over,3.17,1200,,0.0769,0.0769,,1,0.0375,-0.0395,-0.0395,ev,none,projection,main,live,20261002CCEAD0D8,2026-10-01T20:06:10.078Z
2026,4,15267,Pat Freiermuth,PIT,TE,at CLE,receptions,DraftKings,4.5,over,3.23,305,,0.2469,0.2469,,1,0.2073,-0.0396,-0.0396,ev,none,projection,main,live,20261002CCEAD0D8,2026-10-01T20:06:10.078Z
2026,4,19263,Germie Bernard,PIT,WR,at CLE,receptions,Hard Rock,0.5,under,0.84,190,-275,0.3448,0.3198,0.0782,0,0.3052,-0.0397,-0.0147,ev,multiplicative,projection,main,live,20261002CCEAD0D8,2026-10-01T20:06:10.078Z
2026,4,17043,Roman Wilson,PIT,WR,at CLE,receptions,DraftKings,4.5,over,1.96,840,,0.1064,0.1064,,1,0.0664,-0.0399,-0.0399,ev,none,projection,main,live,20261002CCEAD0D8,2026-10-01T20:06:10.078Z
2026,4,17130,Blake Whiteheart,CLE,TE,vs PIT,recYds,Hard Rock,39.5,over,9.35,2250,,0.0426,0.0426,,1,0.0026,-0.0399,-0.0399,ev,none,projection,main,live,20261002CCEAD0D8,2026-10-01T20:06:10.078Z
2026,4,15267,Pat Freiermuth,PIT,TE,at CLE,recYds,DraftKings,89.5,over,33.66,2400,,0.0400,0.0400,,1,0.0000,-0.0400,-0.0400,ev,none,projection,main,live,20261002CCEAD0D8,2026-10-01T20:06:10.078Z
2026,4,15984,Jaylen Warren,PIT,RB,at CLE,rushAtt,DraftKings,23.5,over,17.68,610,,0.1408,0.1408,,1,0.1005,-0.0403,-0.0403,ev,none,projection,main,live,20261002CCEAD0D8,2026-10-01T20:06:10.078Z
2026,4,4307,Aaron Rodgers,PIT,QB,at CLE,passYds,Hard Rock,344.5,over,184.84,2250,,0.0426,0.0426,,1,0.0023,-0.0403,-0.0403,ev,none,projection,main,live,20261002CCEAD0D8,2026-10-01T20:06:10.078Z
2026,4,15984,Jaylen Warren,PIT,RB,at CLE,rushAtt,DraftKings,25.5,over,17.68,1100,,0.0833,0.0833,,1,0.0429,-0.0404,-0.0404,ev,none,projection,main,live,20261002CCEAD0D8,2026-10-01T20:06:10.078Z
2026,4,15984,Jaylen Warren,PIT,RB,at CLE,rushYds,Caesars,49.5,over,96.25,-500,,0.8333,0.8333,,1,0.7928,-0.0405,-0.0405,ev,none,projection,main,live,20261002CCEAD0D8,2026-10-01T20:06:10.078Z
2026,4,15984,Jaylen Warren,PIT,RB,at CLE,rushYds,theScore,49.5,over,96.25,-500,,0.8333,0.8333,,1,0.7928,-0.0405,-0.0405,ev,none,projection,main,live,20261002CCEAD0D8,2026-10-01T20:06:10.078Z
2026,4,18472,Harold Fannin Jr.,CLE,TE,vs PIT,receptions,Caesars,4.5,under,4.41,-127,-104,0.5595,0.5232,0.0693,0,0.5189,-0.0406,-0.0043,ev,multiplicative,projection,main,live,20261002CCEAD0D8,2026-10-01T20:06:10.078Z
2026,4,4307,Aaron Rodgers,PIT,QB,at CLE,passYds,Hard Rock,347.5,over,184.84,2250,,0.0426,0.0426,,1,0.0019,-0.0406,-0.0406,ev,none,projection,main,live,20261002CCEAD0D8,2026-10-01T20:06:10.078Z
2026,4,18526,Raheim Sanders,CLE,RB,vs PIT,receptions,Caesars,1.5,over,1.72,-170,125,0.6296,0.5862,0.0741,0,0.5889,-0.0407,0.0027,ev,multiplicative,projection,main,live,20261002CCEAD0D8,2026-10-01T20:06:10.078Z
2026,4,4307,Aaron Rodgers,PIT,QB,at CLE,passYds,Hard Rock,348.5,over,184.84,2250,,0.0426,0.0426,,1,0.0018,-0.0407,-0.0407,ev,none,projection,main,live,20261002CCEAD0D8,2026-10-01T20:06:10.078Z
2026,4,13424,DK Metcalf,PIT,WR,at CLE,recYds,Hard Rock,35.5,under,42.16,150,-210,0.4000,0.3713,0.0774,0,0.3592,-0.0408,-0.0120,ev,multiplicative,projection,main,live,20261002CCEAD0D8,2026-10-01T20:06:10.078Z
2026,4,17130,Blake Whiteheart,CLE,TE,vs PIT,recYds,theScore,39.5,over,9.35,2200,,0.0435,0.0435,,1,0.0026,-0.0408,-0.0408,ev,none,projection,main,live,20261002CCEAD0D8,2026-10-01T20:06:10.078Z
2026,4,4307,Aaron Rodgers,PIT,QB,at CLE,passYds,Hard Rock,349.5,over,184.84,2250,,0.0426,0.0426,,1,0.0017,-0.0408,-0.0408,ev,none,projection,main,live,20261002CCEAD0D8,2026-10-01T20:06:10.078Z
2026,4,18516,Quinshon Judkins,CLE,RB,vs PIT,recYds,FanDuel,19.5,over,12.98,196,,0.3378,0.3378,,1,0.2968,-0.0411,-0.0411,ev,none,projection,main,live,20261002CCEAD0D8,2026-10-01T20:06:10.078Z
2026,4,17043,Roman Wilson,PIT,WR,at CLE,recYds,BetMGM,20.5,under,20.34,-120,-111,0.5455,0.5090,0.0715,0,0.5042,-0.0412,-0.0048,ev,multiplicative,projection,main,live,20261002CCEAD0D8,2026-10-01T20:06:10.078Z
2026,4,16889,Darnell Washington,PIT,TE,at CLE,recYds,Hard Rock,11.5,over,14.96,-195,140,0.6610,0.6134,0.0777,0,0.6197,-0.0413,0.0063,ev,multiplicative,projection,main,live,20261002CCEAD0D8,2026-10-01T20:06:10.078Z
2026,4,17130,Blake Whiteheart,CLE,TE,vs PIT,recYds,Hard Rock,36.5,over,9.35,2000,,0.0476,0.0476,,1,0.0060,-0.0416,-0.0416,ev,none,projection,main,live,20261002CCEAD0D8,2026-10-01T20:06:10.078Z
2026,4,14458,Jerry Jeudy,CLE,WR,vs PIT,receptions,FanDuel,0.5,over,1.43,-423,,0.8088,0.8088,,1,0.7671,-0.0417,-0.0417,ev,none,projection,main,live,20261002CCEAD0D8,2026-10-01T20:06:10.078Z
2026,4,18472,Harold Fannin Jr.,CLE,TE,vs PIT,receptions,DraftKings,9.5,over,4.41,2100,,0.0455,0.0455,,1,0.0037,-0.0418,-0.0418,ev,none,projection,main,live,20261002CCEAD0D8,2026-10-01T20:06:10.078Z
2026,4,17130,Blake Whiteheart,CLE,TE,vs PIT,recYds,Hard Rock,24.5,under,9.35,-2500,750,0.9615,0.8910,0.0792,0,0.9195,-0.0420,0.0285,ev,multiplicative,projection,main,live,20261002CCEAD0D8,2026-10-01T20:06:10.078Z
2026,4,18526,Raheim Sanders,CLE,RB,vs PIT,recYds,BetRivers,19.5,over,13.62,205,,0.3279,0.3279,,1,0.2855,-0.0424,-0.0424,ev,none,projection,main,live,20261002CCEAD0D8,2026-10-01T20:06:10.078Z
2026,4,18526,Raheim Sanders,CLE,RB,vs PIT,recYds,Hard Rock,51.5,over,13.62,2250,,0.0426,0.0426,,1,0.0001,-0.0424,-0.0424,ev,none,projection,main,live,20261002CCEAD0D8,2026-10-01T20:06:10.078Z
2026,4,14458,Jerry Jeudy,CLE,WR,vs PIT,receptions,Hard Rock,0.5,over,1.43,-425,,0.8095,0.8095,,1,0.7671,-0.0424,-0.0424,ev,none,projection,main,live,20261002CCEAD0D8,2026-10-01T20:06:10.078Z
2026,4,13424,DK Metcalf,PIT,WR,at CLE,recYds,Hard Rock,134.5,over,42.16,2250,,0.0426,0.0426,,1,0.0000,-0.0425,-0.0425,ev,none,projection,main,live,20261002CCEAD0D8,2026-10-01T20:06:10.078Z
2026,4,13424,DK Metcalf,PIT,WR,at CLE,recYds,Hard Rock,135.5,over,42.16,2250,,0.0426,0.0426,,1,0.0000,-0.0425,-0.0425,ev,none,projection,main,live,20261002CCEAD0D8,2026-10-01T20:06:10.078Z
2026,4,15267,Pat Freiermuth,PIT,TE,at CLE,recYds,Hard Rock,91.5,over,33.66,2250,,0.0426,0.0426,,1,0.0000,-0.0425,-0.0425,ev,none,projection,main,live,20261002CCEAD0D8,2026-10-01T20:06:10.078Z
2026,4,13424,DK Metcalf,PIT,WR,at CLE,recYds,Hard Rock,133.5,over,42.16,2250,,0.0426,0.0426,,1,0.0001,-0.0425,-0.0425,ev,none,projection,main,live,20261002CCEAD0D8,2026-10-01T20:06:10.078Z
2026,4,15984,Jaylen Warren,PIT,RB,at CLE,recYds,Hard Rock,83.5,over,22.75,2250,,0.0426,0.0426,,1,0.0000,-0.0425,-0.0425,ev,none,projection,main,live,20261002CCEAD0D8,2026-10-01T20:06:10.078Z
2026,4,18516,Quinshon Judkins,CLE,RB,vs PIT,rushYds,Hard Rock,144.5,over,42.39,2250,,0.0426,0.0426,,1,0.0000,-0.0426,-0.0426,ev,none,projection,main,live,20261002CCEAD0D8,2026-10-01T20:06:10.078Z
2026,4,17043,Roman Wilson,PIT,WR,at CLE,recYds,Hard Rock,91.5,over,20.34,2250,,0.0426,0.0426,,1,0.0000,-0.0426,-0.0426,ev,none,projection,main,live,20261002CCEAD0D8,2026-10-01T20:06:10.078Z
2026,4,16889,Darnell Washington,PIT,TE,at CLE,recYds,Hard Rock,81.5,over,14.96,2250,,0.0426,0.0426,,1,0.0000,-0.0426,-0.0426,ev,none,projection,main,live,20261002CCEAD0D8,2026-10-01T20:06:10.078Z
2026,4,16889,Darnell Washington,PIT,TE,at CLE,recYds,Hard Rock,78.5,over,14.96,2250,,0.0426,0.0426,,1,0.0000,-0.0426,-0.0426,ev,none,projection,main,live,20261002CCEAD0D8,2026-10-01T20:06:10.078Z
2026,4,11712,Deshaun Watson,CLE,QB,vs PIT,rushYds,Hard Rock,79.5,over,17.22,2250,,0.0426,0.0426,,1,0.0000,-0.0426,-0.0426,ev,none,projection,main,live,20261002CCEAD0D8,2026-10-01T20:06:10.078Z
2026,4,18516,Quinshon Judkins,CLE,RB,vs PIT,rushYds,Hard Rock,146.5,over,42.39,2250,,0.0426,0.0426,,1,0.0000,-0.0426,-0.0426,ev,none,projection,main,live,20261002CCEAD0D8,2026-10-01T20:06:10.078Z
2026,4,15984,Jaylen Warren,PIT,RB,at CLE,recYds,Hard Rock,84.5,over,22.75,2250,,0.0426,0.0426,,1,0.0000,-0.0426,-0.0426,ev,none,projection,main,live,20261002CCEAD0D8,2026-10-01T20:06:10.078Z
2026,4,16889,Darnell Washington,PIT,TE,at CLE,recYds,Hard Rock,79.5,over,14.96,2250,,0.0426,0.0426,,1,0.0000,-0.0426,-0.0426,ev,none,projection,main,live,20261002CCEAD0D8,2026-10-01T20:06:10.078Z
2026,4,18516,Quinshon Judkins,CLE,RB,vs PIT,rushYds,Hard Rock,145.5,over,42.39,2250,,0.0426,0.0426,,1,0.0000,-0.0426,-0.0426,ev,none,projection,main,live,20261002CCEAD0D8,2026-10-01T20:06:10.078Z
2026,4,11712,Deshaun Watson,CLE,QB,vs PIT,rushYds,Hard Rock,78.5,over,17.22,2250,,0.0426,0.0426,,1,0.0000,-0.0426,-0.0426,ev,none,projection,main,live,20261002CCEAD0D8,2026-10-01T20:06:10.078Z
2026,4,15984,Jaylen Warren,PIT,RB,at CLE,recYds,Hard Rock,85.5,over,22.75,2250,,0.0426,0.0426,,1,0.0000,-0.0426,-0.0426,ev,none,projection,main,live,20261002CCEAD0D8,2026-10-01T20:06:10.078Z
2026,4,18472,Harold Fannin Jr.,CLE,TE,vs PIT,receptions,Hard Rock,4.5,over,4.41,-110,-120,0.5238,0.4899,0.0693,0,0.4811,-0.0427,-0.0088,ev,multiplicative,projection,main,live,20261002CCEAD0D8,2026-10-01T20:06:10.078Z
2026,4,19263,Germie Bernard,PIT,WR,at CLE,recYds,DraftKings,9.5,under,9.67,-115,-109,0.5349,0.5063,0.0564,0,0.4921,-0.0428,-0.0143,ev,multiplicative,projection,main,live,20261002CCEAD0D8,2026-10-01T20:06:10.078Z
2026,4,15984,Jaylen Warren,PIT,RB,at CLE,rushYds,Hard Rock,46.5,under,96.25,325,-550,0.2353,0.2176,0.0814,0,0.1925,-0.0428,-0.0251,ev,multiplicative,projection,main,live,20261002CCEAD0D8,2026-10-01T20:06:10.078Z
2026,4,17130,Blake Whiteheart,CLE,TE,vs PIT,recYds,Hard Rock,37.5,over,9.35,2000,,0.0476,0.0476,,1,0.0046,-0.0430,-0.0430,ev,none,projection,main,live,20261002CCEAD0D8,2026-10-01T20:06:10.078Z
2026,4,16889,Darnell Washington,PIT,TE,at CLE,recYds,DraftKings,14.5,over,14.96,-127,,0.5595,0.5595,,1,0.5162,-0.0433,-0.0433,ev,none,projection,main,live,20261002CCEAD0D8,2026-10-01T20:06:10.078Z
2026,4,15267,Pat Freiermuth,PIT,TE,at CLE,recYds,Hard Rock,40.5,under,33.66,-275,195,0.7333,0.6839,0.0723,0,0.6901,-0.0433,0.0062,ev,multiplicative,projection,main,live,20261002CCEAD0D8,2026-10-01T20:06:10.078Z
2026,4,17130,Blake Whiteheart,CLE,TE,vs PIT,recYds,DraftKings,49.5,over,9.35,2200,,0.0435,0.0435,,1,0.0001,-0.0434,-0.0434,ev,none,projection,main,live,20261002CCEAD0D8,2026-10-01T20:06:10.078Z
2026,4,18516,Quinshon Judkins,CLE,RB,vs PIT,rushAtt,BetMGM,16.5,under,16.49,-120,-111,0.5455,0.5090,0.0715,0,0.5019,-0.0435,-0.0071,ev,multiplicative,projection,main,live,20261002CCEAD0D8,2026-10-01T20:06:10.078Z
2026,4,17130,Blake Whiteheart,CLE,TE,vs PIT,recYds,Hard Rock,25.5,over,9.35,800,-3000,0.1111,0.1030,0.0789,0,0.0676,-0.0436,-0.0354,ev,multiplicative,projection,main,live,20261002CCEAD0D8,2026-10-01T20:06:10.078Z
2026,4,19298,Denzel Boston,CLE,WR,vs PIT,recYds,FanDuel,99.5,over,51.99,877,,0.1024,0.1024,,1,0.0585,-0.0439,-0.0439,ev,none,projection,main,live,20261002CCEAD0D8,2026-10-01T20:06:10.078Z
2026,4,17130,Blake Whiteheart,CLE,TE,vs PIT,recYds,Hard Rock,34.5,over,9.35,1750,-9000,0.0541,0.0518,0.0431,0,0.0100,-0.0441,-0.0418,ev,multiplicative,projection,main,live,20261002CCEAD0D8,2026-10-01T20:06:10.078Z
2026,4,18472,Harold Fannin Jr.,CLE,TE,vs PIT,recYds,Hard Rock,49.5,under,44.69,-195,140,0.6610,0.6134,0.0777,0,0.6168,-0.0442,0.0034,ev,multiplicative,projection,main,live,20261002CCEAD0D8,2026-10-01T20:06:10.078Z
2026,4,18516,Quinshon Judkins,CLE,RB,vs PIT,rushAtt,theScore,6.5,over,16.49,-15000,,0.9934,0.9934,,1,0.9490,-0.0444,-0.0444,ev,none,projection,main,live,20261002CCEAD0D8,2026-10-01T20:06:10.078Z
2026,4,14378,Michael Pittman Jr.,PIT,WR,at CLE,recYds,Hard Rock,97.5,under,40.74,-8000,1500,0.9877,0.9405,0.0502,0,0.9432,-0.0445,0.0027,ev,multiplicative,projection,main,live,20261002CCEAD0D8,2026-10-01T20:06:10.078Z
2026,4,17043,Roman Wilson,PIT,WR,at CLE,receptions,DraftKings,3.5,over,1.96,343,,0.2257,0.2257,,1,0.1811,-0.0446,-0.0446,ev,none,projection,main,live,20261002CCEAD0D8,2026-10-01T20:06:10.078Z
2026,4,17043,Roman Wilson,PIT,WR,at CLE,recYds,Hard Rock,18.5,under,20.34,100,-140,0.5000,0.4615,0.0833,0,0.4554,-0.0446,-0.0062,ev,multiplicative,projection,main,live,20261002CCEAD0D8,2026-10-01T20:06:10.078Z
2026,4,4307,Aaron Rodgers,PIT,QB,at CLE,completions,DraftKings,23.5,over,19.18,289,,0.2571,0.2571,,1,0.2123,-0.0447,-0.0447,ev,none,projection,main,live,20261002CCEAD0D8,2026-10-01T20:06:10.078Z
2026,4,17043,Roman Wilson,PIT,WR,at CLE,receptions,Caesars,4.5,over,1.96,800,,0.1111,0.1111,,1,0.0664,-0.0447,-0.0447,ev,none,projection,main,live,20261002CCEAD0D8,2026-10-01T20:06:10.078Z
2026,4,17043,Roman Wilson,PIT,WR,at CLE,receptions,BetRivers,4.5,over,1.96,800,,0.1111,0.1111,,1,0.0664,-0.0447,-0.0447,ev,none,projection,main,live,20261002CCEAD0D8,2026-10-01T20:06:10.078Z
2026,4,17043,Roman Wilson,PIT,WR,at CLE,recYds,Hard Rock,19.5,over,20.34,-130,-105,0.5652,0.5246,0.0774,0,0.5204,-0.0448,-0.0042,ev,multiplicative,projection,main,live,20261002CCEAD0D8,2026-10-01T20:06:10.078Z
2026,4,4307,Aaron Rodgers,PIT,QB,at CLE,passYds,Hard Rock,340.5,over,184.84,2000,-10000,0.0476,0.0459,0.0377,0,0.0028,-0.0448,-0.0431,ev,multiplicative,projection,main,live,20261002CCEAD0D8,2026-10-01T20:06:10.078Z
2026,4,15984,Jaylen Warren,PIT,RB,at CLE,rushYds,Hard Rock,45.5,over,96.25,-600,350,0.8571,0.7941,0.0794,0,0.8122,-0.0449,0.0181,ev,multiplicative,projection,main,live,20261002CCEAD0D8,2026-10-01T20:06:10.078Z
2026,4,16889,Darnell Washington,PIT,TE,at CLE,recYds,Hard Rock,10.5,under,14.96,155,-220,0.3922,0.3632,0.0797,0,0.3473,-0.0449,-0.0160,ev,multiplicative,projection,main,live,20261002CCEAD0D8,2026-10-01T20:06:10.078Z
2026,4,4307,Aaron Rodgers,PIT,QB,at CLE,passYds,Hard Rock,341.5,over,184.84,2000,,0.0476,0.0476,,1,0.0027,-0.0449,-0.0449,ev,none,projection,main,live,20261002CCEAD0D8,2026-10-01T20:06:10.078Z
2026,4,4307,Aaron Rodgers,PIT,QB,at CLE,passTD,BetRivers,0.5,over,1.31,-345,,0.7753,0.7753,,1,0.7302,-0.0451,-0.0451,ev,none,projection,main,live,20261002CCEAD0D8,2026-10-01T20:06:10.078Z
2026,4,4307,Aaron Rodgers,PIT,QB,at CLE,passYds,Hard Rock,342.5,over,184.84,2000,,0.0476,0.0476,,1,0.0025,-0.0451,-0.0451,ev,none,projection,main,live,20261002CCEAD0D8,2026-10-01T20:06:10.078Z
2026,4,4307,Aaron Rodgers,PIT,QB,at CLE,passYds,Hard Rock,343.5,over,184.84,2000,,0.0476,0.0476,,1,0.0024,-0.0452,-0.0452,ev,none,projection,main,live,20261002CCEAD0D8,2026-10-01T20:06:10.078Z
2026,4,11712,Deshaun Watson,CLE,QB,vs PIT,passAtt,Caesars,29.5,under,29.14,-134,101,0.5726,0.5351,0.0702,0,0.5271,-0.0455,-0.0080,ev,multiplicative,projection,main,live,20261002CCEAD0D8,2026-10-01T20:06:10.078Z
2026,4,11712,Deshaun Watson,CLE,QB,vs PIT,rushYds,DraftKings,79.5,over,17.22,2100,,0.0455,0.0455,,1,0.0000,-0.0455,-0.0455,ev,none,projection,main,live,20261002CCEAD0D8,2026-10-01T20:06:10.078Z
2026,4,18526,Raheim Sanders,CLE,RB,vs PIT,recYds,Hard Rock,17.5,over,13.62,150,-210,0.4000,0.3713,0.0774,0,0.3543,-0.0457,-0.0170,ev,multiplicative,projection,main,live,20261002CCEAD0D8,2026-10-01T20:06:10.078Z
2026,4,17130,Blake Whiteheart,CLE,TE,vs PIT,recYds,theScore,29.5,over,9.35,1200,,0.0769,0.0769,,1,0.0311,-0.0458,-0.0458,ev,none,projection,main,live,20261002CCEAD0D8,2026-10-01T20:06:10.078Z
2026,4,13424,DK Metcalf,PIT,WR,at CLE,recYds,DraftKings,39.5,over,42.16,-152,,0.6032,0.6032,,1,0.5572,-0.0459,-0.0459,ev,none,projection,main,live,20261002CCEAD0D8,2026-10-01T20:06:10.078Z
2026,4,13424,DK Metcalf,PIT,WR,at CLE,receptions,Hard Rock,7.5,over,3.17,1100,-5000,0.0833,0.0783,0.0637,0,0.0375,-0.0459,-0.0409,ev,multiplicative,projection,main,live,20261002CCEAD0D8,2026-10-01T20:06:10.078Z
2026,4,18526,Raheim Sanders,CLE,RB,vs PIT,recYds,Hard Rock,16.5,under,13.62,-190,135,0.6552,0.6062,0.0807,0,0.6093,-0.0459,0.0031,ev,multiplicative,projection,main,live,20261002CCEAD0D8,2026-10-01T20:06:10.078Z
2026,4,14458,Jerry Jeudy,CLE,WR,vs PIT,receptions,BetRivers,0.5,over,1.43,-435,,0.8131,0.8131,,1,0.7671,-0.0460,-0.0460,ev,none,projection,main,live,20261002CCEAD0D8,2026-10-01T20:06:10.078Z
2026,4,17130,Blake Whiteheart,CLE,TE,vs PIT,recYds,Hard Rock,33.5,over,9.35,1600,-8000,0.0588,0.0562,0.0465,0,0.0127,-0.0461,-0.0435,ev,multiplicative,projection,main,live,20261002CCEAD0D8,2026-10-01T20:06:10.078Z
2026,4,18516,Quinshon Judkins,CLE,RB,vs PIT,rushAtt,DraftKings,13.5,over,16.49,-276,,0.7340,0.7340,,1,0.6878,-0.0463,-0.0463,ev,none,projection,main,live,20261002CCEAD0D8,2026-10-01T20:06:10.078Z
2026,4,17130,Blake Whiteheart,CLE,TE,vs PIT,recYds,Hard Rock,35.5,over,9.35,1750,-10000,0.0541,0.0518,0.0442,0,0.0078,-0.0463,-0.0440,ev,multiplicative,projection,main,live,20261002CCEAD0D8,2026-10-01T20:06:10.078Z
2026,4,13424,DK Metcalf,PIT,WR,at CLE,recYds,Hard Rock,36.5,over,42.16,-200,140,0.6667,0.6154,0.0833,0,0.6203,-0.0463,0.0050,ev,multiplicative,projection,main,live,20261002CCEAD0D8,2026-10-01T20:06:10.078Z
2026,4,4307,Aaron Rodgers,PIT,QB,at CLE,passYds,DraftKings,349.5,over,184.84,1980,,0.0481,0.0481,,1,0.0017,-0.0464,-0.0464,ev,none,projection,main,live,20261002CCEAD0D8,2026-10-01T20:06:10.078Z
2026,4,15267,Pat Freiermuth,PIT,TE,at CLE,receptions,theScore,3.5,under,3.23,-160,125,0.6154,0.5806,0.0598,0,0.5688,-0.0465,-0.0118,ev,multiplicative,projection,main,live,20261002CCEAD0D8,2026-10-01T20:06:10.078Z
2026,4,19263,Germie Bernard,PIT,WR,at CLE,recYds,BetRivers,9.5,under,9.67,-117,-114,0.5392,0.5030,0.0719,0,0.4921,-0.0471,-0.0110,ev,multiplicative,projection,main,live,20261002CCEAD0D8,2026-10-01T20:06:10.078Z
2026,4,11712,Deshaun Watson,CLE,QB,vs PIT,passAtt,DraftKings,41.5,over,29.14,1660,,0.0568,0.0568,,1,0.0098,-0.0471,-0.0471,ev,none,projection,main,live,20261002CCEAD0D8,2026-10-01T20:06:10.078Z
2026,4,14458,Jerry Jeudy,CLE,WR,vs PIT,receptions,theScore,1.5,under,1.43,-125,-105,0.5556,0.5203,0.0678,0,0.5084,-0.0471,-0.0119,ev,multiplicative,projection,main,live,20261002CCEAD0D8,2026-10-01T20:06:10.078Z
2026,4,17043,Roman Wilson,PIT,WR,at CLE,receptions,DraftKings,2.5,over,1.96,137,-175,0.4219,0.3987,0.0583,0,0.3747,-0.0473,-0.0240,ev,multiplicative,projection,main,live,20261002CCEAD0D8,2026-10-01T20:06:10.078Z
2026,4,18526,Raheim Sanders,CLE,RB,vs PIT,recYds,Hard Rock,49.5,over,13.62,2000,,0.0476,0.0476,,1,0.0003,-0.0473,-0.0473,ev,none,projection,main,live,20261002CCEAD0D8,2026-10-01T20:06:10.078Z
2026,4,18526,Raheim Sanders,CLE,RB,vs PIT,receptions,BetMGM,1.5,over,1.72,-175,130,0.6364,0.5941,0.0711,0,0.5889,-0.0474,-0.0052,ev,multiplicative,projection,main,live,20261002CCEAD0D8,2026-10-01T20:06:10.078Z
2026,4,18526,Raheim Sanders,CLE,RB,vs PIT,recYds,Hard Rock,50.5,over,13.62,2000,,0.0476,0.0476,,1,0.0002,-0.0474,-0.0474,ev,none,projection,main,live,20261002CCEAD0D8,2026-10-01T20:06:10.078Z
2026,4,18526,Raheim Sanders,CLE,RB,vs PIT,receptions,Hard Rock,1.5,over,1.72,-175,130,0.6364,0.5941,0.0711,0,0.5889,-0.0474,-0.0052,ev,multiplicative,projection,main,live,20261002CCEAD0D8,2026-10-01T20:06:10.078Z
2026,4,19263,Germie Bernard,PIT,WR,at CLE,recYds,Hard Rock,11.5,over,9.67,110,-155,0.4762,0.4393,0.0840,0,0.4288,-0.0474,-0.0105,ev,multiplicative,projection,main,live,20261002CCEAD0D8,2026-10-01T20:06:10.078Z
2026,4,13424,DK Metcalf,PIT,WR,at CLE,recYds,Hard Rock,129.5,over,42.16,2000,-10000,0.0476,0.0459,0.0377,0,0.0001,-0.0475,-0.0458,ev,multiplicative,projection,main,live,20261002CCEAD0D8,2026-10-01T20:06:10.078Z
2026,4,13424,DK Metcalf,PIT,WR,at CLE,recYds,Hard Rock,130.5,over,42.16,2000,,0.0476,0.0476,,1,0.0001,-0.0475,-0.0475,ev,none,projection,main,live,20261002CCEAD0D8,2026-10-01T20:06:10.078Z
2026,4,13424,DK Metcalf,PIT,WR,at CLE,recYds,Hard Rock,131.5,over,42.16,2000,,0.0476,0.0476,,1,0.0001,-0.0475,-0.0475,ev,none,projection,main,live,20261002CCEAD0D8,2026-10-01T20:06:10.078Z
2026,4,17043,Roman Wilson,PIT,WR,at CLE,recYds,DraftKings,79.5,over,20.34,2000,,0.0476,0.0476,,1,0.0000,-0.0476,-0.0476,ev,none,projection,main,live,20261002CCEAD0D8,2026-10-01T20:06:10.078Z
2026,4,18472,Harold Fannin Jr.,CLE,TE,vs PIT,recYds,DraftKings,109.5,over,44.69,2000,,0.0476,0.0476,,1,0.0000,-0.0476,-0.0476,ev,none,projection,main,live,20261002CCEAD0D8,2026-10-01T20:06:10.078Z
2026,4,15984,Jaylen Warren,PIT,RB,at CLE,recYds,DraftKings,89.5,over,22.75,2000,,0.0476,0.0476,,1,0.0000,-0.0476,-0.0476,ev,none,projection,main,live,20261002CCEAD0D8,2026-10-01T20:06:10.078Z
2026,4,18516,Quinshon Judkins,CLE,RB,vs PIT,rushYds,DraftKings,129.5,over,42.39,2000,,0.0476,0.0476,,1,0.0000,-0.0476,-0.0476,ev,none,projection,main,live,20261002CCEAD0D8,2026-10-01T20:06:10.078Z
2026,4,18516,Quinshon Judkins,CLE,RB,vs PIT,rushYds,Hard Rock,140.5,over,42.39,2000,-9000,0.0476,0.0459,0.0366,0,0.0000,-0.0476,-0.0459,ev,multiplicative,projection,main,live,20261002CCEAD0D8,2026-10-01T20:06:10.078Z
2026,4,11712,Deshaun Watson,CLE,QB,vs PIT,rushYds,Hard Rock,77.5,over,17.22,2000,,0.0476,0.0476,,1,0.0000,-0.0476,-0.0476,ev,none,projection,main,live,20261002CCEAD0D8,2026-10-01T20:06:10.078Z
2026,4,11712,Deshaun Watson,CLE,QB,vs PIT,rushYds,Hard Rock,76.5,over,17.22,2000,-10000,0.0476,0.0459,0.0377,0,0.0000,-0.0476,-0.0459,ev,multiplicative,projection,main,live,20261002CCEAD0D8,2026-10-01T20:06:10.078Z
2026,4,15984,Jaylen Warren,PIT,RB,at CLE,recYds,Hard Rock,82.5,over,22.75,2000,,0.0476,0.0476,,1,0.0000,-0.0476,-0.0476,ev,none,projection,main,live,20261002CCEAD0D8,2026-10-01T20:06:10.078Z
2026,4,16889,Darnell Washington,PIT,TE,at CLE,recYds,Hard Rock,77.5,over,14.96,2000,,0.0476,0.0476,,1,0.0000,-0.0476,-0.0476,ev,none,projection,main,live,20261002CCEAD0D8,2026-10-01T20:06:10.078Z
2026,4,18516,Quinshon Judkins,CLE,RB,vs PIT,rushYds,Hard Rock,143.5,over,42.39,2000,,0.0476,0.0476,,1,0.0000,-0.0476,-0.0476,ev,none,projection,main,live,20261002CCEAD0D8,2026-10-01T20:06:10.078Z
2026,4,16889,Darnell Washington,PIT,TE,at CLE,recYds,Hard Rock,80.5,over,14.96,2000,,0.0476,0.0476,,1,0.0000,-0.0476,-0.0476,ev,none,projection,main,live,20261002CCEAD0D8,2026-10-01T20:06:10.078Z
2026,4,16889,Darnell Washington,PIT,TE,at CLE,recYds,Hard Rock,76.5,over,14.96,2000,,0.0476,0.0476,,1,0.0000,-0.0476,-0.0476,ev,none,projection,main,live,20261002CCEAD0D8,2026-10-01T20:06:10.078Z
2026,4,18516,Quinshon Judkins,CLE,RB,vs PIT,rushYds,Hard Rock,142.5,over,42.39,2000,,0.0476,0.0476,,1,0.0000,-0.0476,-0.0476,ev,none,projection,main,live,20261002CCEAD0D8,2026-10-01T20:06:10.078Z
2026,4,18516,Quinshon Judkins,CLE,RB,vs PIT,rushYds,Hard Rock,141.5,over,42.39,2000,-9000,0.0476,0.0459,0.0366,0,0.0000,-0.0476,-0.0459,ev,multiplicative,projection,main,live,20261002CCEAD0D8,2026-10-01T20:06:10.078Z
2026,4,18472,Harold Fannin Jr.,CLE,TE,vs PIT,recYds,Hard Rock,51.5,over,44.69,160,-220,0.3846,0.3587,0.0721,0,0.3370,-0.0476,-0.0217,ev,multiplicative,projection,main,live,20261002CCEAD0D8,2026-10-01T20:06:10.078Z
2026,4,15984,Jaylen Warren,PIT,RB,at CLE,recYds,Hard Rock,81.5,over,22.75,2000,,0.0476,0.0476,,1,0.0000,-0.0476,-0.0476,ev,none,projection,main,live,20261002CCEAD0D8,2026-10-01T20:06:10.078Z
2026,4,13424,DK Metcalf,PIT,WR,at CLE,recYds,Hard Rock,132.5,over,42.16,2000,,0.0476,0.0476,,1,0.0001,-0.0476,-0.0476,ev,none,projection,main,live,20261002CCEAD0D8,2026-10-01T20:06:10.078Z
2026,4,15984,Jaylen Warren,PIT,RB,at CLE,rushYds,Hard Rock,48.5,under,96.25,300,-475,0.2500,0.2323,0.0761,0,0.2022,-0.0478,-0.0301,ev,multiplicative,projection,main,live,20261002CCEAD0D8,2026-10-01T20:06:10.078Z
2026,4,13424,DK Metcalf,PIT,WR,at CLE,receptions,DraftKings,6.5,over,3.17,650,,0.1333,0.1333,,1,0.0854,-0.0479,-0.0479,ev,none,projection,main,live,20261002CCEAD0D8,2026-10-01T20:06:10.078Z
2026,4,13424,DK Metcalf,PIT,WR,at CLE,receptions,BetRivers,6.5,over,3.17,650,,0.1333,0.1333,,1,0.0854,-0.0479,-0.0479,ev,none,projection,main,live,20261002CCEAD0D8,2026-10-01T20:06:10.078Z
2026,4,15984,Jaylen Warren,PIT,RB,at CLE,receptions,theScore,3.5,over,3.34,-105,-125,0.5122,0.4797,0.0678,0,0.4642,-0.0480,-0.0155,ev,multiplicative,projection,main,live,20261002CCEAD0D8,2026-10-01T20:06:10.078Z
2026,4,16889,Darnell Washington,PIT,TE,at CLE,recYds,DraftKings,69.5,over,14.96,1980,,0.0481,0.0481,,1,0.0000,-0.0481,-0.0481,ev,none,projection,main,live,20261002CCEAD0D8,2026-10-01T20:06:10.078Z
2026,4,19298,Denzel Boston,CLE,WR,vs PIT,recYds,FanDuel,109.5,over,51.99,1196,,0.0772,0.0772,,1,0.0289,-0.0483,-0.0483,ev,none,projection,main,live,20261002CCEAD0D8,2026-10-01T20:06:10.078Z
2026,4,18472,Harold Fannin Jr.,CLE,TE,vs PIT,recYds,Hard Rock,50.5,over,44.69,145,-210,0.4082,0.3760,0.0856,0,0.3598,-0.0483,-0.0161,ev,multiplicative,projection,main,live,20261002CCEAD0D8,2026-10-01T20:06:10.078Z
2026,4,15267,Pat Freiermuth,PIT,TE,at CLE,recYds,Hard Rock,41.5,over,33.66,200,,0.3333,0.3333,,1,0.2848,-0.0485,-0.0485,ev,none,projection,main,live,20261002CCEAD0D8,2026-10-01T20:06:10.078Z
2026,4,4307,Aaron Rodgers,PIT,QB,at CLE,passTD,Hard Rock,1.5,over,1.31,135,-180,0.4255,0.3983,0.0684,0,0.3767,-0.0488,-0.0216,ev,multiplicative,projection,main,live,20261002CCEAD0D8,2026-10-01T20:06:10.078Z
2026,4,4307,Aaron Rodgers,PIT,QB,at CLE,passTD,theScore,1.5,over,1.31,135,-180,0.4255,0.3983,0.0684,0,0.3767,-0.0488,-0.0216,ev,multiplicative,projection,main,live,20261002CCEAD0D8,2026-10-01T20:06:10.078Z
2026,4,17130,Blake Whiteheart,CLE,TE,vs PIT,recYds,Hard Rock,26.5,over,9.35,850,-3000,0.1053,0.0981,0.0730,0,0.0563,-0.0490,-0.0418,ev,multiplicative,projection,main,live,20261002CCEAD0D8,2026-10-01T20:06:10.078Z
2026,4,15267,Pat Freiermuth,PIT,TE,at CLE,receptions,Caesars,4.5,over,3.23,290,,0.2564,0.2564,,1,0.2073,-0.0491,-0.0491,ev,none,projection,main,live,20261002CCEAD0D8,2026-10-01T20:06:10.078Z
2026,4,19263,Germie Bernard,PIT,WR,at CLE,receptions,DraftKings,4.5,over,0.84,1920,,0.0495,0.0495,,1,0.0001,-0.0494,-0.0494,ev,none,projection,main,live,20261002CCEAD0D8,2026-10-01T20:06:10.078Z
2026,4,13424,DK Metcalf,PIT,WR,at CLE,recYds,DraftKings,129.5,over,42.16,1920,,0.0495,0.0495,,1,0.0001,-0.0494,-0.0494,ev,none,projection,main,live,20261002CCEAD0D8,2026-10-01T20:06:10.078Z
2026,4,14378,Michael Pittman Jr.,PIT,WR,at CLE,recYds,Hard Rock,95.5,under,40.74,-7000,1500,0.9859,0.9404,0.0484,0,0.9365,-0.0494,-0.0039,ev,multiplicative,projection,main,live,20261002CCEAD0D8,2026-10-01T20:06:10.078Z
2026,4,11712,Deshaun Watson,CLE,QB,vs PIT,passAtt,DraftKings,27.5,over,29.14,-164,,0.6212,0.6212,,1,0.5716,-0.0496,-0.0496,ev,none,projection,main,live,20261002CCEAD0D8,2026-10-01T20:06:10.078Z
2026,4,17043,Roman Wilson,PIT,WR,at CLE,recYds,Hard Rock,20.5,over,20.34,-120,-110,0.5455,0.5101,0.0693,0,0.4958,-0.0497,-0.0143,ev,multiplicative,projection,main,live,20261002CCEAD0D8,2026-10-01T20:06:10.078Z
2026,4,15984,Jaylen Warren,PIT,RB,at CLE,receptions,DraftKings,7.5,over,3.34,1580,,0.0595,0.0595,,1,0.0097,-0.0498,-0.0498,ev,none,projection,main,live,20261002CCEAD0D8,2026-10-01T20:06:10.078Z
2026,4,15984,Jaylen Warren,PIT,RB,at CLE,rushYds,Hard Rock,44.5,over,96.25,-650,,0.8667,0.8667,,1,0.8169,-0.0498,-0.0498,ev,none,projection,main,live,20261002CCEAD0D8,2026-10-01T20:06:10.078Z
2026,4,18526,Raheim Sanders,CLE,RB,vs PIT,recYds,DraftKings,59.5,over,13.62,1900,,0.0500,0.0500,,1,0.0000,-0.0500,-0.0500,ev,none,projection,main,live,20261002CCEAD0D8,2026-10-01T20:06:10.078Z
2026,4,13424,DK Metcalf,PIT,WR,at CLE,recYds,BetRivers,39.5,over,42.16,-155,,0.6078,0.6078,,1,0.5572,-0.0506,-0.0506,ev,none,projection,main,live,20261002CCEAD0D8,2026-10-01T20:06:10.078Z
2026,4,17130,Blake Whiteheart,CLE,TE,vs PIT,recYds,Hard Rock,32.5,over,9.35,1400,-7000,0.0667,0.0633,0.0526,0,0.0161,-0.0506,-0.0472,ev,multiplicative,projection,main,live,20261002CCEAD0D8,2026-10-01T20:06:10.078Z
2026,4,14378,Michael Pittman Jr.,PIT,WR,at CLE,recYds,Hard Rock,94.5,under,40.74,-6000,1400,0.9836,0.9365,0.0503,0,0.9330,-0.0506,-0.0035,ev,multiplicative,projection,main,live,20261002CCEAD0D8,2026-10-01T20:06:10.078Z
2026,4,16889,Darnell Washington,PIT,TE,at CLE,recYds,Hard Rock,12.5,over,14.96,-175,125,0.6364,0.5888,0.0808,0,0.5857,-0.0506,-0.0030,ev,multiplicative,projection,main,live,20261002CCEAD0D8,2026-10-01T20:06:10.078Z
2026,4,4307,Aaron Rodgers,PIT,QB,at CLE,passYds,Hard Rock,337.5,over,184.84,1750,-8000,0.0541,0.0519,0.0417,0,0.0033,-0.0507,-0.0486,ev,multiplicative,projection,main,live,20261002CCEAD0D8,2026-10-01T20:06:10.078Z
2026,4,17043,Roman Wilson,PIT,WR,at CLE,recYds,FanDuel,19.5,under,20.34,-113,-113,0.5305,0.5000,0.0610,0,0.4796,-0.0509,-0.0204,ev,multiplicative,projection,main,live,20261002CCEAD0D8,2026-10-01T20:06:10.078Z
2026,4,19263,Germie Bernard,PIT,WR,at CLE,recYds,Hard Rock,10.5,under,9.67,-140,100,0.5833,0.5385,0.0833,0,0.5324,-0.0509,-0.0060,ev,multiplicative,projection,main,live,20261002CCEAD0D8,2026-10-01T20:06:10.078Z
2026,4,13484,Travis Homer,PIT,RB,at CLE,rushYds,theScore,39.5,over,13.65,1600,,0.0588,0.0588,,1,0.0079,-0.0509,-0.0509,ev,none,projection,main,live,20261002CCEAD0D8,2026-10-01T20:06:10.078Z
2026,4,19263,Germie Bernard,PIT,WR,at CLE,recYds,DraftKings,59.5,over,9.67,1860,,0.0510,0.0510,,1,0.0000,-0.0510,-0.0510,ev,none,projection,main,live,20261002CCEAD0D8,2026-10-01T20:06:10.078Z
2026,4,13484,Travis Homer,PIT,RB,at CLE,rushYds,theScore,34.5,over,13.65,1200,,0.0769,0.0769,,1,0.0259,-0.0510,-0.0510,ev,none,projection,main,live,20261002CCEAD0D8,2026-10-01T20:06:10.078Z
2026,4,18516,Quinshon Judkins,CLE,RB,vs PIT,receptions,FanDuel,4.5,over,2.1,676,,0.1289,0.1289,,1,0.0778,-0.0511,-0.0511,ev,none,projection,main,live,20261002CCEAD0D8,2026-10-01T20:06:10.078Z
2026,4,17130,Blake Whiteheart,CLE,TE,vs PIT,recYds,Hard Rock,31.5,over,9.35,1300,-6000,0.0714,0.0677,0.0550,0,0.0202,-0.0512,-0.0475,ev,multiplicative,projection,main,live,20261002CCEAD0D8,2026-10-01T20:06:10.078Z
2026,4,17043,Roman Wilson,PIT,WR,at CLE,receptions,Caesars,3.5,over,1.96,330,,0.2326,0.2326,,1,0.1811,-0.0515,-0.0515,ev,none,projection,main,live,20261002CCEAD0D8,2026-10-01T20:06:10.078Z
2026,4,18516,Quinshon Judkins,CLE,RB,vs PIT,receptions,FanDuel,5.5,over,2.1,1256,,0.0737,0.0737,,1,0.0221,-0.0516,-0.0516,ev,none,projection,main,live,20261002CCEAD0D8,2026-10-01T20:06:10.078Z
2026,4,15267,Pat Freiermuth,PIT,TE,at CLE,receptions,DraftKings,6.5,over,3.23,1340,,0.0694,0.0694,,1,0.0178,-0.0516,-0.0516,ev,none,projection,main,live,20261002CCEAD0D8,2026-10-01T20:06:10.078Z
2026,4,17130,Blake Whiteheart,CLE,TE,vs PIT,recYds,Hard Rock,30.5,over,9.35,1200,-5000,0.0769,0.0728,0.0573,0,0.0252,-0.0517,-0.0476,ev,multiplicative,projection,main,live,20261002CCEAD0D8,2026-10-01T20:06:10.078Z
2026,4,17130,Blake Whiteheart,CLE,TE,vs PIT,recYds,Hard Rock,23.5,under,9.35,-2200,700,0.9565,0.8844,0.0815,0,0.9048,-0.0518,0.0203,ev,multiplicative,projection,main,live,20261002CCEAD0D8,2026-10-01T20:06:10.078Z
2026,4,15267,Pat Freiermuth,PIT,TE,at CLE,recYds,Hard Rock,42.5,over,33.66,220,,0.3125,0.3125,,1,0.2607,-0.0518,-0.0518,ev,none,projection,main,live,20261002CCEAD0D8,2026-10-01T20:06:10.078Z
2026,4,17043,Roman Wilson,PIT,WR,at CLE,receptions,FanDuel,6.5,over,1.96,1696,,0.0557,0.0557,,1,0.0036,-0.0521,-0.0521,ev,none,projection,main,live,20261002CCEAD0D8,2026-10-01T20:06:10.078Z
2026,4,18526,Raheim Sanders,CLE,RB,vs PIT,receptions,DraftKings,5.5,over,1.72,1760,,0.0538,0.0538,,1,0.0015,-0.0522,-0.0522,ev,none,projection,main,live,20261002CCEAD0D8,2026-10-01T20:06:10.078Z
2026,4,17130,Blake Whiteheart,CLE,TE,vs PIT,recYds,Hard Rock,29.5,over,9.35,1100,-5000,0.0833,0.0783,0.0637,0,0.0311,-0.0522,-0.0472,ev,multiplicative,projection,main,live,20261002CCEAD0D8,2026-10-01T20:06:10.078Z
2026,4,16889,Darnell Washington,PIT,TE,at CLE,receptions,DraftKings,5.5,over,1.47,1780,,0.0532,0.0532,,1,0.0008,-0.0524,-0.0524,ev,none,projection,main,live,20261002CCEAD0D8,2026-10-01T20:06:10.078Z
2026,4,15267,Pat Freiermuth,PIT,TE,at CLE,receptions,BetRivers,4.5,over,3.23,285,,0.2597,0.2597,,1,0.2073,-0.0524,-0.0524,ev,none,projection,main,live,20261002CCEAD0D8,2026-10-01T20:06:10.078Z
2026,4,13424,DK Metcalf,PIT,WR,at CLE,receptions,Caesars,6.5,over,3.17,625,,0.1379,0.1379,,1,0.0854,-0.0525,-0.0525,ev,none,projection,main,live,20261002CCEAD0D8,2026-10-01T20:06:10.078Z
2026,4,18526,Raheim Sanders,CLE,RB,vs PIT,recYds,theScore,59.5,over,13.62,1800,,0.0526,0.0526,,1,0.0000,-0.0526,-0.0526,ev,none,projection,main,live,20261002CCEAD0D8,2026-10-01T20:06:10.078Z
2026,4,17043,Roman Wilson,PIT,WR,at CLE,receptions,Caesars,2.5,over,1.96,134,-176,0.4274,0.4013,0.0650,0,0.3747,-0.0527,-0.0266,ev,multiplicative,projection,main,live,20261002CCEAD0D8,2026-10-01T20:06:10.078Z
2026,4,17043,Roman Wilson,PIT,WR,at CLE,receptions,FanDuel,2.5,over,1.96,134,-180,0.4274,0.3993,0.0702,0,0.3747,-0.0527,-0.0246,ev,multiplicative,projection,main,live,20261002CCEAD0D8,2026-10-01T20:06:10.078Z
2026,4,15984,Jaylen Warren,PIT,RB,at CLE,receptions,BetRivers,3.5,over,3.34,-107,,0.5169,0.5169,,1,0.4642,-0.0527,-0.0527,ev,none,projection,main,live,20261002CCEAD0D8,2026-10-01T20:06:10.078Z
2026,4,17130,Blake Whiteheart,CLE,TE,vs PIT,recYds,Hard Rock,28.5,over,9.35,1000,-4000,0.0909,0.0852,0.0665,0,0.0382,-0.0527,-0.0470,ev,multiplicative,projection,main,live,20261002CCEAD0D8,2026-10-01T20:06:10.078Z
2026,4,4307,Aaron Rodgers,PIT,QB,at CLE,completions,theScore,22.5,over,19.18,210,,0.3226,0.3226,,1,0.2698,-0.0528,-0.0528,ev,none,projection,main,live,20261002CCEAD0D8,2026-10-01T20:06:10.078Z
2026,4,4307,Aaron Rodgers,PIT,QB,at CLE,passTD,FanDuel,0.5,over,1.31,-361,,0.7831,0.7831,,1,0.7302,-0.0529,-0.0529,ev,none,projection,main,live,20261002CCEAD0D8,2026-10-01T20:06:10.078Z
2026,4,13424,DK Metcalf,PIT,WR,at CLE,recYds,Hard Rock,34.5,under,42.16,155,-225,0.3922,0.3616,0.0845,0,0.3392,-0.0530,-0.0224,ev,multiplicative,projection,main,live,20261002CCEAD0D8,2026-10-01T20:06:10.078Z
2026,4,17130,Blake Whiteheart,CLE,TE,vs PIT,recYds,Hard Rock,27.5,over,9.35,900,-4000,0.1000,0.0930,0.0756,0,0.0465,-0.0535,-0.0464,ev,multiplicative,projection,main,live,20261002CCEAD0D8,2026-10-01T20:06:10.078Z
2026,4,15984,Jaylen Warren,PIT,RB,at CLE,rushYds,Hard Rock,43.5,over,96.25,-700,375,0.8750,0.8061,0.0855,0,0.8215,-0.0535,0.0154,ev,multiplicative,projection,main,live,20261002CCEAD0D8,2026-10-01T20:06:10.078Z
2026,4,13424,DK Metcalf,PIT,WR,at CLE,recYds,Caesars,39.5,over,42.16,-157,,0.6109,0.6109,,1,0.5572,-0.0536,-0.0536,ev,none,projection,main,live,20261002CCEAD0D8,2026-10-01T20:06:10.078Z
2026,4,15984,Jaylen Warren,PIT,RB,at CLE,rushAtt,Hard Rock,17.5,under,17.68,-120,-110,0.5455,0.5101,0.0693,0,0.4919,-0.0536,-0.0182,ev,multiplicative,projection,main,live,20261002CCEAD0D8,2026-10-01T20:06:10.078Z
2026,4,18516,Quinshon Judkins,CLE,RB,vs PIT,rushAtt,Hard Rock,16.5,under,16.49,-125,-105,0.5556,0.5203,0.0678,0,0.5019,-0.0536,-0.0184,ev,multiplicative,projection,main,live,20261002CCEAD0D8,2026-10-01T20:06:10.078Z
2026,4,15984,Jaylen Warren,PIT,RB,at CLE,receptions,FanDuel,8.5,over,3.34,1699,,0.0556,0.0556,,1,0.0019,-0.0537,-0.0537,ev,none,projection,main,live,20261002CCEAD0D8,2026-10-01T20:06:10.078Z
2026,4,19263,Germie Bernard,PIT,WR,at CLE,recYds,Hard Rock,12.5,over,9.67,125,-170,0.4444,0.4138,0.0741,0,0.3907,-0.0537,-0.0231,ev,multiplicative,projection,main,live,20261002CCEAD0D8,2026-10-01T20:06:10.078Z
2026,4,18526,Raheim Sanders,CLE,RB,vs PIT,recYds,Hard Rock,48.5,over,13.62,1750,-9000,0.0541,0.0518,0.0431,0,0.0004,-0.0537,-0.0514,ev,multiplicative,projection,main,live,20261002CCEAD0D8,2026-10-01T20:06:10.078Z
2026,4,15267,Pat Freiermuth,PIT,TE,at CLE,receptions,BetMGM,3.5,under,3.23,-165,125,0.6226,0.5835,0.0671,0,0.5688,-0.0538,-0.0146,ev,multiplicative,projection,main,live,20261002CCEAD0D8,2026-10-01T20:06:10.078Z
2026,4,4307,Aaron Rodgers,PIT,QB,at CLE,passYds,FanDuel,349.5,over,184.84,1698,,0.0556,0.0556,,1,0.0017,-0.0539,-0.0539,ev,none,projection,main,live,20261002CCEAD0D8,2026-10-01T20:06:10.078Z
2026,4,13424,DK Metcalf,PIT,WR,at CLE,recYds,Hard Rock,127.5,over,42.16,1750,-9000,0.0541,0.0518,0.0431,0,0.0002,-0.0539,-0.0517,ev,multiplicative,projection,main,live,20261002CCEAD0D8,2026-10-01T20:06:10.078Z
2026,4,13424,DK Metcalf,PIT,WR,at CLE,recYds,Hard Rock,128.5,over,42.16,1750,-9000,0.0541,0.0518,0.0431,0,0.0001,-0.0539,-0.0517,ev,multiplicative,projection,main,live,20261002CCEAD0D8,2026-10-01T20:06:10.078Z
2026,4,15267,Pat Freiermuth,PIT,TE,at CLE,recYds,Hard Rock,85.5,over,33.66,1750,-8000,0.0541,0.0519,0.0417,0,0.0001,-0.0540,-0.0518,ev,multiplicative,projection,main,live,20261002CCEAD0D8,2026-10-01T20:06:10.078Z
2026,4,18516,Quinshon Judkins,CLE,RB,vs PIT,rushYds,Hard Rock,137.5,over,42.39,1750,-8000,0.0541,0.0519,0.0417,0,0.0000,-0.0540,-0.0519,ev,multiplicative,projection,main,live,20261002CCEAD0D8,2026-10-01T20:06:10.078Z
2026,4,18516,Quinshon Judkins,CLE,RB,vs PIT,rushYds,Hard Rock,138.5,over,42.39,1750,-8000,0.0541,0.0519,0.0417,0,0.0000,-0.0540,-0.0519,ev,multiplicative,projection,main,live,20261002CCEAD0D8,2026-10-01T20:06:10.078Z
2026,4,15984,Jaylen Warren,PIT,RB,at CLE,recYds,Hard Rock,80.5,over,22.75,1750,-10000,0.0541,0.0518,0.0442,0,0.0000,-0.0540,-0.0518,ev,multiplicative,projection,main,live,20261002CCEAD0D8,2026-10-01T20:06:10.078Z
2026,4,15984,Jaylen Warren,PIT,RB,at CLE,recYds,Hard Rock,79.5,over,22.75,1750,-9000,0.0541,0.0518,0.0431,0,0.0000,-0.0540,-0.0518,ev,multiplicative,projection,main,live,20261002CCEAD0D8,2026-10-01T20:06:10.078Z
2026,4,4307,Aaron Rodgers,PIT,QB,at CLE,passTD,BetMGM,1.5,under,1.31,-210,155,0.6774,0.6334,0.0696,0,0.6233,-0.0541,-0.0101,ev,multiplicative,projection,main,live,20261002CCEAD0D8,2026-10-01T20:06:10.078Z
2026,4,11712,Deshaun Watson,CLE,QB,vs PIT,rushYds,Hard Rock,75.5,over,17.22,1750,-9000,0.0541,0.0518,0.0431,0,0.0000,-0.0541,-0.0518,ev,multiplicative,projection,main,live,20261002CCEAD0D8,2026-10-01T20:06:10.078Z
2026,4,18516,Quinshon Judkins,CLE,RB,vs PIT,rushYds,Hard Rock,139.5,over,42.39,1750,-9000,0.0541,0.0518,0.0431,0,0.0000,-0.0541,-0.0518,ev,multiplicative,projection,main,live,20261002CCEAD0D8,2026-10-01T20:06:10.078Z
2026,4,16889,Darnell Washington,PIT,TE,at CLE,recYds,Hard Rock,74.5,over,14.96,1750,-9000,0.0541,0.0518,0.0431,0,0.0000,-0.0541,-0.0518,ev,multiplicative,projection,main,live,20261002CCEAD0D8,2026-10-01T20:06:10.078Z
2026,4,17043,Roman Wilson,PIT,WR,at CLE,recYds,theScore,19.5,over,20.34,-135,,0.5745,0.5745,,1,0.5204,-0.0541,-0.0541,ev,none,projection,main,live,20261002CCEAD0D8,2026-10-01T20:06:10.078Z
2026,4,15984,Jaylen Warren,PIT,RB,at CLE,rushYds,DraftKings,49.5,over,96.25,-554,,0.8471,0.8471,,1,0.7928,-0.0543,-0.0543,ev,none,projection,main,live,20261002CCEAD0D8,2026-10-01T20:06:10.078Z
2026,4,14378,Michael Pittman Jr.,PIT,WR,at CLE,recYds,Hard Rock,93.5,under,40.74,-6000,1300,0.9836,0.9323,0.0550,0,0.9293,-0.0543,-0.0030,ev,multiplicative,projection,main,live,20261002CCEAD0D8,2026-10-01T20:06:10.078Z
2026,4,17043,Roman Wilson,PIT,WR,at CLE,recYds,Hard Rock,21.5,over,20.34,-110,-125,0.5238,0.4853,0.0794,0,0.4695,-0.0544,-0.0158,ev,multiplicative,projection,main,live,20261002CCEAD0D8,2026-10-01T20:06:10.078Z
2026,4,15984,Jaylen Warren,PIT,RB,at CLE,rushYds,Hard Rock,50.5,under,96.25,275,-425,0.2667,0.2478,0.0762,0,0.2122,-0.0545,-0.0356,ev,multiplicative,projection,main,live,20261002CCEAD0D8,2026-10-01T20:06:10.078Z
2026,4,11712,Deshaun Watson,CLE,QB,vs PIT,passAtt,DraftKings,33.5,over,29.14,285,,0.2597,0.2597,,1,0.2050,-0.0547,-0.0547,ev,none,projection,main,live,20261002CCEAD0D8,2026-10-01T20:06:10.078Z
2026,4,17043,Roman Wilson,PIT,WR,at CLE,recYds,FanDuel,24.5,over,20.34,124,,0.4464,0.4464,,1,0.3917,-0.0547,-0.0547,ev,none,projection,main,live,20261002CCEAD0D8,2026-10-01T20:06:10.078Z
2026,4,15984,Jaylen Warren,PIT,RB,at CLE,rushAtt,Hard Rock,20.5,over,17.68,210,,0.3226,0.3226,,1,0.2678,-0.0548,-0.0548,ev,none,projection,main,live,20261002CCEAD0D8,2026-10-01T20:06:10.078Z
2026,4,14378,Michael Pittman Jr.,PIT,WR,at CLE,recYds,Hard Rock,92.5,under,40.74,-5000,1200,0.9804,0.9272,0.0573,0,0.9254,-0.0550,-0.0018,ev,multiplicative,projection,main,live,20261002CCEAD0D8,2026-10-01T20:06:10.078Z
2026,4,16889,Darnell Washington,PIT,TE,at CLE,recYds,Hard Rock,9.5,under,14.96,170,-240,0.3704,0.3441,0.0763,0,0.3153,-0.0550,-0.0288,ev,multiplicative,projection,main,live,20261002CCEAD0D8,2026-10-01T20:06:10.078Z
2026,4,15984,Jaylen Warren,PIT,RB,at CLE,receptions,FanDuel,3.5,over,3.34,-108,-122,0.5192,0.4858,0.0688,0,0.4642,-0.0551,-0.0216,ev,multiplicative,projection,main,live,20261002CCEAD0D8,2026-10-01T20:06:10.078Z
2026,4,15984,Jaylen Warren,PIT,RB,at CLE,receptions,Caesars,3.5,over,3.34,-108,-121,0.5192,0.4867,0.0667,0,0.4642,-0.0551,-0.0226,ev,multiplicative,projection,main,live,20261002CCEAD0D8,2026-10-01T20:06:10.078Z
2026,4,15984,Jaylen Warren,PIT,RB,at CLE,receptions,DraftKings,3.5,over,3.34,-108,-118,0.5192,0.4896,0.0605,0,0.4642,-0.0551,-0.0254,ev,multiplicative,projection,main,live,20261002CCEAD0D8,2026-10-01T20:06:10.078Z
2026,4,4307,Aaron Rodgers,PIT,QB,at CLE,passYds,Hard Rock,335.5,over,184.84,1600,,0.0588,0.0588,,1,0.0037,-0.0551,-0.0551,ev,none,projection,main,live,20261002CCEAD0D8,2026-10-01T20:06:10.078Z
2026,4,19263,Germie Bernard,PIT,WR,at CLE,recYds,FanDuel,14.5,over,9.67,168,,0.3731,0.3731,,1,0.3179,-0.0552,-0.0552,ev,none,projection,main,live,20261002CCEAD0D8,2026-10-01T20:06:10.078Z
2026,4,16889,Darnell Washington,PIT,TE,at CLE,recYds,DraftKings,15.5,over,14.96,-116,-108,0.5370,0.5084,0.0563,0,0.4819,-0.0552,-0.0266,ev,multiplicative,projection,main,live,20261002CCEAD0D8,2026-10-01T20:06:10.078Z
2026,4,15267,Pat Freiermuth,PIT,TE,at CLE,receptions,FanDuel,3.5,under,3.23,-166,124,0.6241,0.5830,0.0705,0,0.5688,-0.0552,-0.0141,ev,multiplicative,projection,main,live,20261002CCEAD0D8,2026-10-01T20:06:10.078Z
2026,4,17043,Roman Wilson,PIT,WR,at CLE,recYds,BetRivers,19.5,under,20.34,-115,-114,0.5349,0.5010,0.0676,0,0.4796,-0.0553,-0.0214,ev,multiplicative,projection,main,live,20261002CCEAD0D8,2026-10-01T20:06:10.078Z
2026,4,4307,Aaron Rodgers,PIT,QB,at CLE,passYds,Hard Rock,336.5,over,184.84,1600,,0.0588,0.0588,,1,0.0035,-0.0553,-0.0553,ev,none,projection,main,live,20261002CCEAD0D8,2026-10-01T20:06:10.078Z
2026,4,18516,Quinshon Judkins,CLE,RB,vs PIT,recYds,DraftKings,49.5,over,12.98,1660,,0.0568,0.0568,,1,0.0014,-0.0554,-0.0554,ev,none,projection,main,live,20261002CCEAD0D8,2026-10-01T20:06:10.078Z
2026,4,13424,DK Metcalf,PIT,WR,at CLE,recYds,Hard Rock,37.5,over,42.16,-190,135,0.6552,0.6062,0.0807,0,0.5996,-0.0556,-0.0067,ev,multiplicative,projection,main,live,20261002CCEAD0D8,2026-10-01T20:06:10.078Z
2026,4,18472,Harold Fannin Jr.,CLE,TE,vs PIT,recYds,Hard Rock,48.5,under,44.69,-185,135,0.6491,0.6040,0.0747,0,0.5930,-0.0561,-0.0110,ev,multiplicative,projection,main,live,20261002CCEAD0D8,2026-10-01T20:06:10.078Z
2026,4,15984,Jaylen Warren,PIT,RB,at CLE,rushYds,Hard Rock,42.5,over,96.25,-750,400,0.8824,0.8152,0.0824,0,0.8260,-0.0563,0.0108,ev,multiplicative,projection,main,live,20261002CCEAD0D8,2026-10-01T20:06:10.078Z
2026,4,19298,Denzel Boston,CLE,WR,vs PIT,receptions,BetRivers,0.5,over,3.13,-10000,,0.9901,0.9901,,1,0.9336,-0.0565,-0.0565,ev,none,projection,main,live,20261002CCEAD0D8,2026-10-01T20:06:10.078Z
2026,4,17043,Roman Wilson,PIT,WR,at CLE,recYds,Hard Rock,17.5,under,20.34,105,-150,0.4878,0.4484,0.0878,0,0.4313,-0.0565,-0.0171,ev,multiplicative,projection,main,live,20261002CCEAD0D8,2026-10-01T20:06:10.078Z
2026,4,17043,Roman Wilson,PIT,WR,at CLE,receptions,BetRivers,3.5,over,1.96,320,,0.2381,0.2381,,1,0.1811,-0.0570,-0.0570,ev,none,projection,main,live,20261002CCEAD0D8,2026-10-01T20:06:10.078Z
2026,4,4307,Aaron Rodgers,PIT,QB,at CLE,passYds,DraftKings,339.5,over,184.84,1560,,0.0602,0.0602,,1,0.0030,-0.0573,-0.0573,ev,none,projection,main,live,20261002CCEAD0D8,2026-10-01T20:06:10.078Z
2026,4,15267,Pat Freiermuth,PIT,TE,at CLE,receptions,DraftKings,5.5,over,3.23,670,,0.1299,0.1299,,1,0.0724,-0.0575,-0.0575,ev,none,projection,main,live,20261002CCEAD0D8,2026-10-01T20:06:10.078Z
2026,4,18516,Quinshon Judkins,CLE,RB,vs PIT,rushAtt,Caesars,16.5,under,16.49,-127,-104,0.5595,0.5232,0.0693,0,0.5019,-0.0575,-0.0213,ev,multiplicative,projection,main,live,20261002CCEAD0D8,2026-10-01T20:06:10.078Z
2026,4,4307,Aaron Rodgers,PIT,QB,at CLE,passYds,Caesars,329.5,over,184.84,1500,,0.0625,0.0625,,1,0.0050,-0.0575,-0.0575,ev,none,projection,main,live,20261002CCEAD0D8,2026-10-01T20:06:10.078Z
2026,4,17043,Roman Wilson,PIT,WR,at CLE,recYds,Hard Rock,16.5,under,20.34,115,-160,0.4651,0.4305,0.0805,0,0.4075,-0.0576,-0.0230,ev,multiplicative,projection,main,live,20261002CCEAD0D8,2026-10-01T20:06:10.078Z
2026,4,15984,Jaylen Warren,PIT,RB,at CLE,rushAtt,DraftKings,17.5,under,17.68,-122,-104,0.5495,0.5188,0.0594,0,0.4919,-0.0577,-0.0269,ev,multiplicative,projection,main,live,20261002CCEAD0D8,2026-10-01T20:06:10.078Z
2026,4,13424,DK Metcalf,PIT,WR,at CLE,recYds,Hard Rock,33.5,under,42.16,165,-240,0.3774,0.3484,0.0832,0,0.3196,-0.0577,-0.0287,ev,multiplicative,projection,main,live,20261002CCEAD0D8,2026-10-01T20:06:10.078Z
2026,4,18526,Raheim Sanders,CLE,RB,vs PIT,recYds,Hard Rock,15.5,under,13.62,-170,125,0.6296,0.5862,0.0741,0,0.5719,-0.0578,-0.0143,ev,multiplicative,projection,main,live,20261002CCEAD0D8,2026-10-01T20:06:10.078Z
2026,4,4307,Aaron Rodgers,PIT,QB,at CLE,passTD,DraftKings,0.5,over,1.31,-372,,0.7881,0.7881,,1,0.7302,-0.0580,-0.0580,ev,none,projection,main,live,20261002CCEAD0D8,2026-10-01T20:06:10.078Z
2026,4,11712,Deshaun Watson,CLE,QB,vs PIT,passAtt,DraftKings,39.5,over,29.14,1100,,0.0833,0.0833,,1,0.0252,-0.0582,-0.0582,ev,none,projection,main,live,20261002CCEAD0D8,2026-10-01T20:06:10.078Z
2026,4,19263,Germie Bernard,PIT,WR,at CLE,receptions,BetRivers,0.5,over,0.84,-305,,0.7531,0.7531,,1,0.6948,-0.0582,-0.0582,ev,none,projection,main,live,20261002CCEAD0D8,2026-10-01T20:06:10.078Z
2026,4,15267,Pat Freiermuth,PIT,TE,at CLE,recYds,Hard Rock,39.5,under,33.66,-260,180,0.7222,0.6691,0.0794,0,0.6641,-0.0582,-0.0051,ev,multiplicative,projection,main,live,20261002CCEAD0D8,2026-10-01T20:06:10.078Z
2026,4,18526,Raheim Sanders,CLE,RB,vs PIT,recYds,Hard Rock,18.5,over,13.62,165,-240,0.3774,0.3484,0.0832,0,0.3191,-0.0583,-0.0293,ev,multiplicative,projection,main,live,20261002CCEAD0D8,2026-10-01T20:06:10.078Z
2026,4,18526,Raheim Sanders,CLE,RB,vs PIT,recYds,Hard Rock,47.5,over,13.62,1600,-8000,0.0588,0.0562,0.0465,0,0.0005,-0.0583,-0.0557,ev,multiplicative,projection,main,live,20261002CCEAD0D8,2026-10-01T20:06:10.078Z
2026,4,15267,Pat Freiermuth,PIT,TE,at CLE,recYds,DraftKings,79.5,over,33.66,1600,,0.0588,0.0588,,1,0.0004,-0.0584,-0.0584,ev,none,projection,main,live,20261002CCEAD0D8,2026-10-01T20:06:10.078Z
2026,4,4307,Aaron Rodgers,PIT,QB,at CLE,passYds,Hard Rock,333.5,over,184.84,1500,,0.0625,0.0625,,1,0.0041,-0.0584,-0.0584,ev,none,projection,main,live,20261002CCEAD0D8,2026-10-01T20:06:10.078Z
2026,4,15984,Jaylen Warren,PIT,RB,at CLE,rushYds,Hard Rock,41.5,over,96.25,-800,425,0.8889,0.8235,0.0794,0,0.8305,-0.0584,0.0069,ev,multiplicative,projection,main,live,20261002CCEAD0D8,2026-10-01T20:06:10.078Z
2026,4,11712,Deshaun Watson,CLE,QB,vs PIT,completions,theScore,14.5,over,20.11,-475,,0.8261,0.8261,,1,0.7675,-0.0586,-0.0586,ev,none,projection,main,live,20261002CCEAD0D8,2026-10-01T20:06:10.078Z
2026,4,13424,DK Metcalf,PIT,WR,at CLE,recYds,Hard Rock,125.5,over,42.16,1600,-8000,0.0588,0.0562,0.0465,0,0.0002,-0.0586,-0.0560,ev,multiplicative,projection,main,live,20261002CCEAD0D8,2026-10-01T20:06:10.078Z
2026,4,13424,DK Metcalf,PIT,WR,at CLE,recYds,Hard Rock,126.5,over,42.16,1600,-8000,0.0588,0.0562,0.0465,0,0.0002,-0.0586,-0.0560,ev,multiplicative,projection,main,live,20261002CCEAD0D8,2026-10-01T20:06:10.078Z
2026,4,4307,Aaron Rodgers,PIT,QB,at CLE,passYds,Hard Rock,334.5,over,184.84,1500,-7000,0.0625,0.0596,0.0484,0,0.0039,-0.0586,-0.0557,ev,multiplicative,projection,main,live,20261002CCEAD0D8,2026-10-01T20:06:10.078Z
2026,4,17043,Roman Wilson,PIT,WR,at CLE,recYds,DraftKings,24.5,over,20.34,122,,0.4505,0.4505,,1,0.3917,-0.0587,-0.0587,ev,none,projection,main,live,20261002CCEAD0D8,2026-10-01T20:06:10.078Z
2026,4,11712,Deshaun Watson,CLE,QB,vs PIT,rushYds,Hard Rock,74.5,over,17.22,1600,-8000,0.0588,0.0562,0.0465,0,0.0000,-0.0588,-0.0562,ev,multiplicative,projection,main,live,20261002CCEAD0D8,2026-10-01T20:06:10.078Z
2026,4,16889,Darnell Washington,PIT,TE,at CLE,recYds,Hard Rock,73.5,over,14.96,1600,-8000,0.0588,0.0562,0.0465,0,0.0000,-0.0588,-0.0562,ev,multiplicative,projection,main,live,20261002CCEAD0D8,2026-10-01T20:06:10.078Z
2026,4,11712,Deshaun Watson,CLE,QB,vs PIT,rushAtt,theScore,11.5,over,4.33,1600,,0.0588,0.0588,,1,0.0000,-0.0588,-0.0588,ev,none,projection,main,live,20261002CCEAD0D8,2026-10-01T20:06:10.078Z
2026,4,15984,Jaylen Warren,PIT,RB,at CLE,recYds,Hard Rock,77.5,over,22.75,1600,-8000,0.0588,0.0562,0.0465,0,0.0000,-0.0588,-0.0562,ev,multiplicative,projection,main,live,20261002CCEAD0D8,2026-10-01T20:06:10.078Z
2026,4,15984,Jaylen Warren,PIT,RB,at CLE,recYds,Hard Rock,78.5,over,22.75,1600,-9000,0.0588,0.0561,0.0478,0,0.0000,-0.0588,-0.0561,ev,multiplicative,projection,main,live,20261002CCEAD0D8,2026-10-01T20:06:10.078Z
2026,4,18516,Quinshon Judkins,CLE,RB,vs PIT,rushYds,Hard Rock,136.5,over,42.39,1600,-7000,0.0588,0.0563,0.0447,0,0.0000,-0.0588,-0.0563,ev,multiplicative,projection,main,live,20261002CCEAD0D8,2026-10-01T20:06:10.078Z
2026,4,19263,Germie Bernard,PIT,WR,at CLE,recYds,Hard Rock,49.5,over,9.67,1600,,0.0588,0.0588,,1,0.0000,-0.0588,-0.0588,ev,none,projection,main,live,20261002CCEAD0D8,2026-10-01T20:06:10.078Z
2026,4,18472,Harold Fannin Jr.,CLE,TE,vs PIT,receptions,FanDuel,9.5,over,4.41,1496,,0.0627,0.0627,,1,0.0037,-0.0590,-0.0590,ev,none,projection,main,live,20261002CCEAD0D8,2026-10-01T20:06:10.078Z
2026,4,14458,Jerry Jeudy,CLE,WR,vs PIT,receptions,theScore,0.5,over,1.43,-475,,0.8261,0.8261,,1,0.7671,-0.0590,-0.0590,ev,none,projection,main,live,20261002CCEAD0D8,2026-10-01T20:06:10.078Z
2026,4,14378,Michael Pittman Jr.,PIT,WR,at CLE,recYds,Hard Rock,91.5,under,40.74,-5000,1200,0.9804,0.9272,0.0573,0,0.9214,-0.0590,-0.0058,ev,multiplicative,projection,main,live,20261002CCEAD0D8,2026-10-01T20:06:10.078Z
2026,4,15267,Pat Freiermuth,PIT,TE,at CLE,receptions,Hard Rock,6.5,over,3.23,1200,-5000,0.0769,0.0728,0.0573,0,0.0178,-0.0591,-0.0549,ev,multiplicative,projection,main,live,20261002CCEAD0D8,2026-10-01T20:06:10.078Z
2026,4,18516,Quinshon Judkins,CLE,RB,vs PIT,receptions,FanDuel,2.5,under,2.1,-188,140,0.6528,0.6104,0.0694,0,0.5935,-0.0592,-0.0168,ev,multiplicative,projection,main,live,20261002CCEAD0D8,2026-10-01T20:06:10.078Z
2026,4,17130,Blake Whiteheart,CLE,TE,vs PIT,recYds,Hard Rock,22.5,under,9.35,-1800,650,0.9474,0.8766,0.0807,0,0.8881,-0.0592,0.0115,ev,multiplicative,projection,main,live,20261002CCEAD0D8,2026-10-01T20:06:10.078Z
2026,4,4307,Aaron Rodgers,PIT,QB,at CLE,completions,BetRivers,24.5,over,19.18,350,,0.2222,0.2222,,1,0.1628,-0.0594,-0.0594,ev,none,projection,main,live,20261002CCEAD0D8,2026-10-01T20:06:10.078Z
2026,4,11712,Deshaun Watson,CLE,QB,vs PIT,rushAtt,DraftKings,11.5,over,4.33,1580,,0.0595,0.0595,,1,0.0000,-0.0595,-0.0595,ev,none,projection,main,live,20261002CCEAD0D8,2026-10-01T20:06:10.078Z
2026,4,15267,Pat Freiermuth,PIT,TE,at CLE,receptions,FanDuel,7.5,over,3.23,1498,,0.0626,0.0626,,1,0.0030,-0.0595,-0.0595,ev,none,projection,main,live,20261002CCEAD0D8,2026-10-01T20:06:10.078Z
2026,4,15984,Jaylen Warren,PIT,RB,at CLE,rushYds,Hard Rock,49.5,under,96.25,275,-450,0.2667,0.2458,0.0848,0,0.2072,-0.0595,-0.0386,ev,multiplicative,projection,main,live,20261002CCEAD0D8,2026-10-01T20:06:10.078Z
2026,4,4307,Aaron Rodgers,PIT,QB,at CLE,passAtt,DraftKings,47.5,over,30.49,1560,,0.0602,0.0602,,1,0.0007,-0.0596,-0.0596,ev,none,projection,main,live,20261002CCEAD0D8,2026-10-01T20:06:10.078Z
2026,4,13424,DK Metcalf,PIT,WR,at CLE,receptions,FanDuel,2.5,over,3.17,-342,,0.7738,0.7738,,1,0.7139,-0.0598,-0.0598,ev,none,projection,main,live,20261002CCEAD0D8,2026-10-01T20:06:10.078Z
2026,4,18516,Quinshon Judkins,CLE,RB,vs PIT,rushAtt,Hard Rock,14.5,over,16.49,-220,,0.6875,0.6875,,1,0.6277,-0.0598,-0.0598,ev,none,projection,main,live,20261002CCEAD0D8,2026-10-01T20:06:10.078Z
2026,4,17043,Roman Wilson,PIT,WR,at CLE,receptions,BetMGM,2.5,over,1.96,130,-175,0.4348,0.4059,0.0711,0,0.3747,-0.0601,-0.0312,ev,multiplicative,projection,main,live,20261002CCEAD0D8,2026-10-01T20:06:10.078Z
2026,4,18472,Harold Fannin Jr.,CLE,TE,vs PIT,receptions,BetRivers,4.5,over,4.41,-118,,0.5413,0.5413,,1,0.4811,-0.0602,-0.0602,ev,none,projection,main,live,20261002CCEAD0D8,2026-10-01T20:06:10.078Z
2026,4,18472,Harold Fannin Jr.,CLE,TE,vs PIT,receptions,DraftKings,8.5,over,4.41,1220,,0.0758,0.0758,,1,0.0156,-0.0602,-0.0602,ev,none,projection,main,live,20261002CCEAD0D8,2026-10-01T20:06:10.078Z
2026,4,18516,Quinshon Judkins,CLE,RB,vs PIT,recYds,Caesars,19.5,over,12.98,180,,0.3571,0.3571,,1,0.2968,-0.0604,-0.0604,ev,none,projection,main,live,20261002CCEAD0D8,2026-10-01T20:06:10.078Z
2026,4,17043,Roman Wilson,PIT,WR,at CLE,recYds,Hard Rock,15.5,under,20.34,125,-175,0.4444,0.4112,0.0808,0,0.3840,-0.0604,-0.0272,ev,multiplicative,projection,main,live,20261002CCEAD0D8,2026-10-01T20:06:10.078Z
2026,4,15984,Jaylen Warren,PIT,RB,at CLE,rushYds,Hard Rock,51.5,under,96.25,260,-400,0.2778,0.2577,0.0778,0,0.2173,-0.0605,-0.0404,ev,multiplicative,projection,main,live,20261002CCEAD0D8,2026-10-01T20:06:10.078Z
2026,4,15267,Pat Freiermuth,PIT,TE,at CLE,receptions,Hard Rock,3.5,under,3.23,-170,125,0.6296,0.5862,0.0741,0,0.5688,-0.0608,-0.0174,ev,multiplicative,projection,main,live,20261002CCEAD0D8,2026-10-01T20:06:10.078Z
2026,4,15267,Pat Freiermuth,PIT,TE,at CLE,receptions,BetRivers,5.5,over,3.23,650,,0.1333,0.1333,,1,0.0724,-0.0609,-0.0609,ev,none,projection,main,live,20261002CCEAD0D8,2026-10-01T20:06:10.078Z
2026,4,13424,DK Metcalf,PIT,WR,at CLE,recYds,FanDuel,39.5,over,42.16,-162,,0.6183,0.6183,,1,0.5572,-0.0611,-0.0611,ev,none,projection,main,live,20261002CCEAD0D8,2026-10-01T20:06:10.078Z
2026,4,13424,DK Metcalf,PIT,WR,at CLE,receptions,Caesars,2.5,over,3.17,-345,,0.7753,0.7753,,1,0.7139,-0.0614,-0.0614,ev,none,projection,main,live,20261002CCEAD0D8,2026-10-01T20:06:10.078Z
2026,4,18526,Raheim Sanders,CLE,RB,vs PIT,receptions,BetRivers,1.5,over,1.72,-186,,0.6503,0.6503,,1,0.5889,-0.0614,-0.0614,ev,none,projection,main,live,20261002CCEAD0D8,2026-10-01T20:06:10.078Z
2026,4,18516,Quinshon Judkins,CLE,RB,vs PIT,rushAtt,DraftKings,16.5,under,16.49,-129,101,0.5633,0.5310,0.0608,0,0.5019,-0.0614,-0.0291,ev,multiplicative,projection,main,live,20261002CCEAD0D8,2026-10-01T20:06:10.078Z
2026,4,4307,Aaron Rodgers,PIT,QB,at CLE,passTD,Caesars,0.5,over,1.31,-380,,0.7917,0.7917,,1,0.7302,-0.0615,-0.0615,ev,none,projection,main,live,20261002CCEAD0D8,2026-10-01T20:06:10.078Z
2026,4,18516,Quinshon Judkins,CLE,RB,vs PIT,receptions,BetMGM,2.5,under,2.1,-190,140,0.6552,0.6113,0.0718,0,0.5935,-0.0616,-0.0177,ev,multiplicative,projection,main,live,20261002CCEAD0D8,2026-10-01T20:06:10.078Z
2026,4,18516,Quinshon Judkins,CLE,RB,vs PIT,receptions,theScore,2.5,under,2.1,-190,140,0.6552,0.6113,0.0718,0,0.5935,-0.0616,-0.0177,ev,multiplicative,projection,main,live,20261002CCEAD0D8,2026-10-01T20:06:10.078Z
2026,4,15984,Jaylen Warren,PIT,RB,at CLE,rushAtt,Caesars,17.5,under,17.68,-124,-107,0.5536,0.5171,0.0705,0,0.4919,-0.0617,-0.0252,ev,multiplicative,projection,main,live,20261002CCEAD0D8,2026-10-01T20:06:10.078Z
2026,4,18516,Quinshon Judkins,CLE,RB,vs PIT,rushAtt,DraftKings,25.5,over,16.49,1520,,0.0617,0.0617,,1,0.0000,-0.0617,-0.0617,ev,none,projection,main,live,20261002CCEAD0D8,2026-10-01T20:06:10.078Z
2026,4,18526,Raheim Sanders,CLE,RB,vs PIT,recYds,Hard Rock,46.5,over,13.62,1500,-7000,0.0625,0.0596,0.0484,0,0.0008,-0.0617,-0.0588,ev,multiplicative,projection,main,live,20261002CCEAD0D8,2026-10-01T20:06:10.078Z
2026,4,18472,Harold Fannin Jr.,CLE,TE,vs PIT,receptions,Caesars,5.5,over,4.41,190,,0.3448,0.3448,,1,0.2829,-0.0620,-0.0620,ev,none,projection,main,live,20261002CCEAD0D8,2026-10-01T20:06:10.078Z
2026,4,17043,Roman Wilson,PIT,WR,at CLE,receptions,FanDuel,1.5,over,1.96,-224,,0.6914,0.6914,,1,0.6293,-0.0620,-0.0620,ev,none,projection,main,live,20261002CCEAD0D8,2026-10-01T20:06:10.078Z
2026,4,11712,Deshaun Watson,CLE,QB,vs PIT,passAtt,Hard Rock,29.5,over,29.14,-115,-115,0.5349,0.5000,0.0698,0,0.4729,-0.0620,-0.0271,ev,multiplicative,projection,main,live,20261002CCEAD0D8,2026-10-01T20:06:10.078Z
2026,4,15267,Pat Freiermuth,PIT,TE,at CLE,receptions,DraftKings,3.5,under,3.23,-171,134,0.6310,0.5962,0.0583,0,0.5688,-0.0621,-0.0274,ev,multiplicative,projection,main,live,20261002CCEAD0D8,2026-10-01T20:06:10.078Z
2026,4,17043,Roman Wilson,PIT,WR,at CLE,recYds,Hard Rock,11.5,under,20.34,180,-260,0.3571,0.3309,0.0794,0,0.2951,-0.0621,-0.0358,ev,multiplicative,projection,main,live,20261002CCEAD0D8,2026-10-01T20:06:10.078Z
2026,4,13424,DK Metcalf,PIT,WR,at CLE,recYds,Hard Rock,124.5,over,42.16,1500,-7000,0.0625,0.0596,0.0484,0,0.0003,-0.0622,-0.0594,ev,multiplicative,projection,main,live,20261002CCEAD0D8,2026-10-01T20:06:10.078Z
2026,4,13424,DK Metcalf,PIT,WR,at CLE,recYds,Hard Rock,123.5,over,42.16,1500,-7000,0.0625,0.0596,0.0484,0,0.0003,-0.0622,-0.0593,ev,multiplicative,projection,main,live,20261002CCEAD0D8,2026-10-01T20:06:10.078Z
2026,4,4307,Aaron Rodgers,PIT,QB,at CLE,passYds,Hard Rock,332.5,over,184.84,1400,,0.0667,0.0667,,1,0.0043,-0.0623,-0.0623,ev,none,projection,main,live,20261002CCEAD0D8,2026-10-01T20:06:10.078Z
2026,4,18516,Quinshon Judkins,CLE,RB,vs PIT,rushYds,Hard Rock,135.5,over,42.39,1500,-7000,0.0625,0.0596,0.0484,0,0.0000,-0.0625,-0.0596,ev,multiplicative,projection,main,live,20261002CCEAD0D8,2026-10-01T20:06:10.078Z
2026,4,18516,Quinshon Judkins,CLE,RB,vs PIT,rushYds,Hard Rock,134.5,over,42.39,1500,-7000,0.0625,0.0596,0.0484,0,0.0000,-0.0625,-0.0596,ev,multiplicative,projection,main,live,20261002CCEAD0D8,2026-10-01T20:06:10.078Z
2026,4,15984,Jaylen Warren,PIT,RB,at CLE,recYds,Hard Rock,76.5,over,22.75,1500,-7000,0.0625,0.0596,0.0484,0,0.0000,-0.0625,-0.0596,ev,multiplicative,projection,main,live,20261002CCEAD0D8,2026-10-01T20:06:10.078Z
2026,4,11712,Deshaun Watson,CLE,QB,vs PIT,rushYds,Hard Rock,73.5,over,17.22,1500,-7000,0.0625,0.0596,0.0484,0,0.0000,-0.0625,-0.0596,ev,multiplicative,projection,main,live,20261002CCEAD0D8,2026-10-01T20:06:10.078Z
2026,4,18516,Quinshon Judkins,CLE,RB,vs PIT,rushYds,Hard Rock,133.5,over,42.39,1500,-6000,0.0625,0.0597,0.0461,0,0.0000,-0.0625,-0.0597,ev,multiplicative,projection,main,live,20261002CCEAD0D8,2026-10-01T20:06:10.078Z
2026,4,16889,Darnell Washington,PIT,TE,at CLE,recYds,Hard Rock,72.5,over,14.96,1500,,0.0625,0.0625,,1,0.0000,-0.0625,-0.0625,ev,none,projection,main,live,20261002CCEAD0D8,2026-10-01T20:06:10.078Z
2026,4,16889,Darnell Washington,PIT,TE,at CLE,recYds,Hard Rock,71.5,over,14.96,1500,-7000,0.0625,0.0596,0.0484,0,0.0000,-0.0625,-0.0596,ev,multiplicative,projection,main,live,20261002CCEAD0D8,2026-10-01T20:06:10.078Z
2026,4,18472,Harold Fannin Jr.,CLE,TE,vs PIT,recYds,Hard Rock,52.5,over,44.69,165,-230,0.3774,0.3513,0.0743,0,0.3148,-0.0626,-0.0365,ev,multiplicative,projection,main,live,20261002CCEAD0D8,2026-10-01T20:06:10.078Z
2026,4,13424,DK Metcalf,PIT,WR,at CLE,receptions,FanDuel,8.5,over,3.17,1198,,0.0770,0.0770,,1,0.0142,-0.0629,-0.0629,ev,none,projection,main,live,20261002CCEAD0D8,2026-10-01T20:06:10.078Z
2026,4,13424,DK Metcalf,PIT,WR,at CLE,recYds,Hard Rock,32.5,under,42.16,175,-250,0.3636,0.3373,0.0779,0,0.3005,-0.0631,-0.0368,ev,multiplicative,projection,main,live,20261002CCEAD0D8,2026-10-01T20:06:10.078Z
2026,4,18472,Harold Fannin Jr.,CLE,TE,vs PIT,receptions,DraftKings,5.5,over,4.41,189,,0.3460,0.3460,,1,0.2829,-0.0632,-0.0632,ev,none,projection,main,live,20261002CCEAD0D8,2026-10-01T20:06:10.078Z
2026,4,18472,Harold Fannin Jr.,CLE,TE,vs PIT,recYds,Caesars,49.5,over,44.69,124,,0.4464,0.4464,,1,0.3832,-0.0632,-0.0632,ev,none,projection,main,live,20261002CCEAD0D8,2026-10-01T20:06:10.078Z
2026,4,18516,Quinshon Judkins,CLE,RB,vs PIT,rushAtt,theScore,16.5,under,16.49,-130,100,0.5652,0.5306,0.0652,0,0.5019,-0.0633,-0.0287,ev,multiplicative,projection,main,live,20261002CCEAD0D8,2026-10-01T20:06:10.078Z
2026,4,13484,Travis Homer,PIT,RB,at CLE,rushYds,Hard Rock,28.5,under,13.65,-5000,1100,0.9804,0.9217,0.0637,0,0.9170,-0.0634,-0.0046,ev,multiplicative,projection,main,live,20261002CCEAD0D8,2026-10-01T20:06:10.078Z
2026,4,19263,Germie Bernard,PIT,WR,at CLE,recYds,Hard Rock,9.5,under,9.67,-125,-110,0.5556,0.5147,0.0794,0,0.4921,-0.0635,-0.0226,ev,multiplicative,projection,main,live,20261002CCEAD0D8,2026-10-01T20:06:10.078Z
2026,4,15984,Jaylen Warren,PIT,RB,at CLE,rushAtt,BetMGM,17.5,under,17.68,-125,-105,0.5556,0.5203,0.0678,0,0.4919,-0.0637,-0.0284,ev,multiplicative,projection,main,live,20261002CCEAD0D8,2026-10-01T20:06:10.078Z
2026,4,15984,Jaylen Warren,PIT,RB,at CLE,rushAtt,DraftKings,15.5,over,17.68,-195,,0.6610,0.6610,,1,0.5973,-0.0637,-0.0637,ev,none,projection,main,live,20261002CCEAD0D8,2026-10-01T20:06:10.078Z
2026,4,15984,Jaylen Warren,PIT,RB,at CLE,rushAtt,theScore,17.5,under,17.68,-125,-105,0.5556,0.5203,0.0678,0,0.4919,-0.0637,-0.0284,ev,multiplicative,projection,main,live,20261002CCEAD0D8,2026-10-01T20:06:10.078Z
2026,4,18516,Quinshon Judkins,CLE,RB,vs PIT,recYds,BetMGM,12.5,under,12.98,-120,-111,0.5455,0.5090,0.0715,0,0.4816,-0.0638,-0.0274,ev,multiplicative,projection,main,live,20261002CCEAD0D8,2026-10-01T20:06:10.078Z
2026,4,18516,Quinshon Judkins,CLE,RB,vs PIT,recYds,theScore,12.5,under,12.98,-120,-110,0.5455,0.5101,0.0693,0,0.4816,-0.0638,-0.0285,ev,multiplicative,projection,main,live,20261002CCEAD0D8,2026-10-01T20:06:10.078Z
2026,4,17043,Roman Wilson,PIT,WR,at CLE,receptions,BetRivers,2.5,over,1.96,128,,0.4386,0.4386,,1,0.3747,-0.0639,-0.0639,ev,none,projection,main,live,20261002CCEAD0D8,2026-10-01T20:06:10.078Z
2026,4,13424,DK Metcalf,PIT,WR,at CLE,receptions,theScore,2.5,over,3.17,-350,,0.7778,0.7778,,1,0.7139,-0.0639,-0.0639,ev,none,projection,main,live,20261002CCEAD0D8,2026-10-01T20:06:10.078Z
2026,4,16889,Darnell Washington,PIT,TE,at CLE,recYds,Hard Rock,13.5,over,14.96,-160,115,0.6154,0.5695,0.0805,0,0.5511,-0.0642,-0.0184,ev,multiplicative,projection,main,live,20261002CCEAD0D8,2026-10-01T20:06:10.078Z
2026,4,13424,DK Metcalf,PIT,WR,at CLE,recYds,Hard Rock,38.5,over,42.16,-180,125,0.6429,0.5912,0.0873,0,0.5785,-0.0643,-0.0127,ev,multiplicative,projection,main,live,20261002CCEAD0D8,2026-10-01T20:06:10.078Z
2026,4,17043,Roman Wilson,PIT,WR,at CLE,receptions,FanDuel,0.5,over,1.96,-1104,,0.9169,0.9169,,1,0.8526,-0.0644,-0.0644,ev,none,projection,main,live,20261002CCEAD0D8,2026-10-01T20:06:10.078Z
2026,4,11712,Deshaun Watson,CLE,QB,vs PIT,passAtt,DraftKings,35.5,over,29.14,458,,0.1792,0.1792,,1,0.1148,-0.0645,-0.0645,ev,none,projection,main,live,20261002CCEAD0D8,2026-10-01T20:06:10.078Z
2026,4,17043,Roman Wilson,PIT,WR,at CLE,recYds,Hard Rock,14.5,under,20.34,135,-190,0.4255,0.3938,0.0807,0,0.3610,-0.0645,-0.0328,ev,multiplicative,projection,main,live,20261002CCEAD0D8,2026-10-01T20:06:10.078Z
2026,4,15984,Jaylen Warren,PIT,RB,at CLE,rushAtt,Hard Rock,26.5,over,17.68,1000,,0.0909,0.0909,,1,0.0263,-0.0646,-0.0646,ev,none,projection,main,live,20261002CCEAD0D8,2026-10-01T20:06:10.078Z
2026,4,11712,Deshaun Watson,CLE,QB,vs PIT,passAtt,DraftKings,37.5,over,29.14,720,,0.1220,0.1220,,1,0.0571,-0.0648,-0.0648,ev,none,projection,main,live,20261002CCEAD0D8,2026-10-01T20:06:10.078Z
2026,4,18516,Quinshon Judkins,CLE,RB,vs PIT,receptions,Caesars,2.5,under,2.1,-193,146,0.6587,0.6184,0.0652,0,0.5935,-0.0652,-0.0248,ev,multiplicative,projection,main,live,20261002CCEAD0D8,2026-10-01T20:06:10.078Z
2026,4,18516,Quinshon Judkins,CLE,RB,vs PIT,receptions,DraftKings,2.5,under,2.1,-193,151,0.6587,0.6231,0.0571,0,0.5935,-0.0652,-0.0296,ev,multiplicative,projection,main,live,20261002CCEAD0D8,2026-10-01T20:06:10.078Z
2026,4,19263,Germie Bernard,PIT,WR,at CLE,receptions,theScore,0.5,under,0.84,170,-240,0.3704,0.3441,0.0763,0,0.3052,-0.0652,-0.0390,ev,multiplicative,projection,main,live,20261002CCEAD0D8,2026-10-01T20:06:10.078Z
2026,4,15267,Pat Freiermuth,PIT,TE,at CLE,recYds,Hard Rock,43.5,over,33.66,230,,0.3030,0.3030,,1,0.2377,-0.0653,-0.0653,ev,none,projection,main,live,20261002CCEAD0D8,2026-10-01T20:06:10.078Z
2026,4,15267,Pat Freiermuth,PIT,TE,at CLE,receptions,Caesars,5.5,over,3.23,625,,0.1379,0.1379,,1,0.0724,-0.0655,-0.0655,ev,none,projection,main,live,20261002CCEAD0D8,2026-10-01T20:06:10.078Z
2026,4,18516,Quinshon Judkins,CLE,RB,vs PIT,rushYds,DraftKings,119.5,over,42.39,1420,,0.0658,0.0658,,1,0.0002,-0.0656,-0.0656,ev,none,projection,main,live,20261002CCEAD0D8,2026-10-01T20:06:10.078Z
2026,4,15984,Jaylen Warren,PIT,RB,at CLE,rushAtt,BetRivers,14.5,over,17.68,-240,,0.7059,0.7059,,1,0.6403,-0.0656,-0.0656,ev,none,projection,main,live,20261002CCEAD0D8,2026-10-01T20:06:10.078Z
2026,4,18526,Raheim Sanders,CLE,RB,vs PIT,recYds,Hard Rock,45.5,over,13.62,1400,-6000,0.0667,0.0635,0.0503,0,0.0011,-0.0656,-0.0624,ev,multiplicative,projection,main,live,20261002CCEAD0D8,2026-10-01T20:06:10.078Z
2026,4,18516,Quinshon Judkins,CLE,RB,vs PIT,recYds,Caesars,29.5,over,12.98,550,,0.1538,0.1538,,1,0.0881,-0.0657,-0.0657,ev,none,projection,main,live,20261002CCEAD0D8,2026-10-01T20:06:10.078Z
2026,4,15984,Jaylen Warren,PIT,RB,at CLE,rushYds,Hard Rock,147.5,under,96.25,-3000,850,0.9677,0.9019,0.0730,0,0.9020,-0.0657,0.0001,ev,multiplicative,projection,main,live,20261002CCEAD0D8,2026-10-01T20:06:10.078Z
2026,4,13424,DK Metcalf,PIT,WR,at CLE,receptions,DraftKings,5.5,over,3.17,326,,0.2347,0.2347,,1,0.1690,-0.0658,-0.0658,ev,none,projection,main,live,20261002CCEAD0D8,2026-10-01T20:06:10.078Z
2026,4,11712,Deshaun Watson,CLE,QB,vs PIT,passAtt,theScore,39.5,over,29.14,1000,,0.0909,0.0909,,1,0.0252,-0.0658,-0.0658,ev,none,projection,main,live,20261002CCEAD0D8,2026-10-01T20:06:10.078Z
2026,4,13424,DK Metcalf,PIT,WR,at CLE,recYds,DraftKings,119.5,over,42.16,1400,,0.0667,0.0667,,1,0.0005,-0.0661,-0.0661,ev,none,projection,main,live,20261002CCEAD0D8,2026-10-01T20:06:10.078Z
2026,4,16889,Darnell Washington,PIT,TE,at CLE,recYds,Hard Rock,8.5,under,14.96,185,-260,0.3509,0.3270,0.0731,0,0.2847,-0.0661,-0.0422,ev,multiplicative,projection,main,live,20261002CCEAD0D8,2026-10-01T20:06:10.078Z
2026,4,18526,Raheim Sanders,CLE,RB,vs PIT,recYds,theScore,14.5,under,13.62,-150,115,0.6000,0.5633,0.0651,0,0.5338,-0.0662,-0.0295,ev,multiplicative,projection,main,live,20261002CCEAD0D8,2026-10-01T20:06:10.078Z
2026,4,13424,DK Metcalf,PIT,WR,at CLE,recYds,Hard Rock,121.5,over,42.16,1400,-6000,0.0667,0.0635,0.0503,0,0.0004,-0.0663,-0.0631,ev,multiplicative,projection,main,live,20261002CCEAD0D8,2026-10-01T20:06:10.078Z
2026,4,13424,DK Metcalf,PIT,WR,at CLE,recYds,Hard Rock,122.5,over,42.16,1400,,0.0667,0.0667,,1,0.0003,-0.0663,-0.0663,ev,none,projection,main,live,20261002CCEAD0D8,2026-10-01T20:06:10.078Z
2026,4,15267,Pat Freiermuth,PIT,TE,at CLE,recYds,Hard Rock,81.5,over,33.66,1400,-6000,0.0667,0.0635,0.0503,0,0.0003,-0.0664,-0.0632,ev,multiplicative,projection,main,live,20261002CCEAD0D8,2026-10-01T20:06:10.078Z
2026,4,15984,Jaylen Warren,PIT,RB,at CLE,recYds,Hard Rock,75.5,over,22.75,1400,-7000,0.0667,0.0633,0.0526,0,0.0000,-0.0666,-0.0633,ev,multiplicative,projection,main,live,20261002CCEAD0D8,2026-10-01T20:06:10.078Z
2026,4,19263,Germie Bernard,PIT,WR,at CLE,recYds,Hard Rock,47.5,over,9.67,1400,,0.0667,0.0667,,1,0.0001,-0.0666,-0.0666,ev,none,projection,main,live,20261002CCEAD0D8,2026-10-01T20:06:10.078Z
2026,4,18516,Quinshon Judkins,CLE,RB,vs PIT,rushYds,Hard Rock,131.5,over,42.39,1400,-6000,0.0667,0.0635,0.0503,0,0.0000,-0.0666,-0.0635,ev,multiplicative,projection,main,live,20261002CCEAD0D8,2026-10-01T20:06:10.078Z
2026,4,17043,Roman Wilson,PIT,WR,at CLE,recYds,FanDuel,79.5,over,20.34,1398,,0.0668,0.0668,,1,0.0000,-0.0667,-0.0667,ev,none,projection,main,live,20261002CCEAD0D8,2026-10-01T20:06:10.078Z
2026,4,16889,Darnell Washington,PIT,TE,at CLE,recYds,Hard Rock,70.5,over,14.96,1400,-7000,0.0667,0.0633,0.0526,0,0.0000,-0.0667,-0.0633,ev,multiplicative,projection,main,live,20261002CCEAD0D8,2026-10-01T20:06:10.078Z
2026,4,18516,Quinshon Judkins,CLE,RB,vs PIT,rushAtt,Hard Rock,26.5,over,16.49,1400,,0.0667,0.0667,,1,0.0000,-0.0667,-0.0667,ev,none,projection,main,live,20261002CCEAD0D8,2026-10-01T20:06:10.078Z
2026,4,11712,Deshaun Watson,CLE,QB,vs PIT,rushYds,Hard Rock,72.5,over,17.22,1400,-6000,0.0667,0.0635,0.0503,0,0.0000,-0.0667,-0.0635,ev,multiplicative,projection,main,live,20261002CCEAD0D8,2026-10-01T20:06:10.078Z
2026,4,15984,Jaylen Warren,PIT,RB,at CLE,recYds,FanDuel,79.5,over,22.75,1397,,0.0668,0.0668,,1,0.0000,-0.0668,-0.0668,ev,none,projection,main,live,20261002CCEAD0D8,2026-10-01T20:06:10.078Z
2026,4,11712,Deshaun Watson,CLE,QB,vs PIT,rushYds,FanDuel,79.5,over,17.22,1398,,0.0668,0.0668,,1,0.0000,-0.0668,-0.0668,ev,none,projection,main,live,20261002CCEAD0D8,2026-10-01T20:06:10.078Z
2026,4,18516,Quinshon Judkins,CLE,RB,vs PIT,recYds,theScore,19.5,over,12.98,175,,0.3636,0.3636,,1,0.2968,-0.0669,-0.0669,ev,none,projection,main,live,20261002CCEAD0D8,2026-10-01T20:06:10.078Z
2026,4,17043,Roman Wilson,PIT,WR,at CLE,receptions,Hard Rock,4.5,over,1.96,650,,0.1333,0.1333,,1,0.0664,-0.0669,-0.0669,ev,none,projection,main,live,20261002CCEAD0D8,2026-10-01T20:06:10.078Z
2026,4,14378,Michael Pittman Jr.,PIT,WR,at CLE,recYds,Hard Rock,88.5,under,40.74,-4000,1000,0.9756,0.9148,0.0665,0,0.9084,-0.0672,-0.0063,ev,multiplicative,projection,main,live,20261002CCEAD0D8,2026-10-01T20:06:10.078Z
2026,4,13424,DK Metcalf,PIT,WR,at CLE,receptions,DraftKings,2.5,over,3.17,-357,,0.7812,0.7812,,1,0.7139,-0.0673,-0.0673,ev,none,projection,main,live,20261002CCEAD0D8,2026-10-01T20:06:10.078Z
2026,4,15984,Jaylen Warren,PIT,RB,at CLE,receptions,BetRivers,6.5,over,3.34,850,,0.1053,0.1053,,1,0.0379,-0.0674,-0.0674,ev,none,projection,main,live,20261002CCEAD0D8,2026-10-01T20:06:10.078Z
2026,4,18472,Harold Fannin Jr.,CLE,TE,vs PIT,recYds,Hard Rock,47.5,under,44.69,-175,125,0.6364,0.5888,0.0808,0,0.5689,-0.0675,-0.0199,ev,multiplicative,projection,main,live,20261002CCEAD0D8,2026-10-01T20:06:10.078Z
2026,4,15984,Jaylen Warren,PIT,RB,at CLE,receptions,theScore,0.5,over,3.34,-5000,,0.9804,0.9804,,1,0.9129,-0.0675,-0.0675,ev,none,projection,main,live,20261002CCEAD0D8,2026-10-01T20:06:10.078Z
2026,4,17043,Roman Wilson,PIT,WR,at CLE,receptions,Caesars,1.5,over,1.96,-230,,0.6970,0.6970,,1,0.6293,-0.0676,-0.0676,ev,none,projection,main,live,20261002CCEAD0D8,2026-10-01T20:06:10.078Z
2026,4,17043,Roman Wilson,PIT,WR,at CLE,receptions,DraftKings,1.5,over,1.96,-230,,0.6970,0.6970,,1,0.6293,-0.0676,-0.0676,ev,none,projection,main,live,20261002CCEAD0D8,2026-10-01T20:06:10.078Z
2026,4,19263,Germie Bernard,PIT,WR,at CLE,receptions,Hard Rock,3.5,over,0.84,1300,-6000,0.0714,0.0677,0.0550,0,0.0037,-0.0677,-0.0640,ev,multiplicative,projection,main,live,20261002CCEAD0D8,2026-10-01T20:06:10.078Z
2026,4,18472,Harold Fannin Jr.,CLE,TE,vs PIT,receptions,Hard Rock,5.5,over,4.41,185,,0.3509,0.3509,,1,0.2829,-0.0680,-0.0680,ev,none,projection,main,live,20261002CCEAD0D8,2026-10-01T20:06:10.078Z
2026,4,18472,Harold Fannin Jr.,CLE,TE,vs PIT,recYds,DraftKings,99.5,over,44.69,1360,,0.0685,0.0685,,1,0.0004,-0.0681,-0.0681,ev,none,projection,main,live,20261002CCEAD0D8,2026-10-01T20:06:10.078Z
2026,4,16889,Darnell Washington,PIT,TE,at CLE,receptions,BetRivers,4.5,over,1.47,1200,,0.0769,0.0769,,1,0.0087,-0.0682,-0.0682,ev,none,projection,main,live,20261002CCEAD0D8,2026-10-01T20:06:10.078Z
2026,4,16889,Darnell Washington,PIT,TE,at CLE,receptions,FanDuel,0.5,over,1.47,-902,,0.9002,0.9002,,1,0.8320,-0.0682,-0.0682,ev,none,projection,main,live,20261002CCEAD0D8,2026-10-01T20:06:10.078Z
2026,4,17043,Roman Wilson,PIT,WR,at CLE,recYds,Hard Rock,12.5,under,20.34,160,-230,0.3846,0.3556,0.0816,0,0.3164,-0.0682,-0.0392,ev,multiplicative,projection,main,live,20261002CCEAD0D8,2026-10-01T20:06:10.078Z
2026,4,15984,Jaylen Warren,PIT,RB,at CLE,recYds,DraftKings,79.5,over,22.75,1360,,0.0685,0.0685,,1,0.0000,-0.0685,-0.0685,ev,none,projection,main,live,20261002CCEAD0D8,2026-10-01T20:06:10.078Z
2026,4,15984,Jaylen Warren,PIT,RB,at CLE,receptions,DraftKings,6.5,over,3.34,840,,0.1064,0.1064,,1,0.0379,-0.0685,-0.0685,ev,none,projection,main,live,20261002CCEAD0D8,2026-10-01T20:06:10.078Z
2026,4,4307,Aaron Rodgers,PIT,QB,at CLE,passYds,DraftKings,329.5,over,184.84,1260,,0.0735,0.0735,,1,0.0050,-0.0685,-0.0685,ev,none,projection,main,live,20261002CCEAD0D8,2026-10-01T20:06:10.078Z
2026,4,4307,Aaron Rodgers,PIT,QB,at CLE,passYds,Caesars,319.5,over,184.84,1200,,0.0769,0.0769,,1,0.0083,-0.0686,-0.0686,ev,none,projection,main,live,20261002CCEAD0D8,2026-10-01T20:06:10.078Z
2026,4,13424,DK Metcalf,PIT,WR,at CLE,receptions,BetRivers,2.5,over,3.17,-360,,0.7826,0.7826,,1,0.7139,-0.0687,-0.0687,ev,none,projection,main,live,20261002CCEAD0D8,2026-10-01T20:06:10.078Z
2026,4,13424,DK Metcalf,PIT,WR,at CLE,recYds,Hard Rock,31.5,under,42.16,185,-275,0.3509,0.3236,0.0842,0,0.2820,-0.0689,-0.0417,ev,multiplicative,projection,main,live,20261002CCEAD0D8,2026-10-01T20:06:10.078Z
2026,4,17043,Roman Wilson,PIT,WR,at CLE,receptions,Hard Rock,3.5,over,1.96,300,-500,0.2500,0.2308,0.0833,0,0.1811,-0.0689,-0.0497,ev,multiplicative,projection,main,live,20261002CCEAD0D8,2026-10-01T20:06:10.078Z
2026,4,17043,Roman Wilson,PIT,WR,at CLE,recYds,Hard Rock,22.5,over,20.34,-105,-130,0.5122,0.4754,0.0774,0,0.4433,-0.0689,-0.0321,ev,multiplicative,projection,main,live,20261002CCEAD0D8,2026-10-01T20:06:10.078Z
2026,4,13424,DK Metcalf,PIT,WR,at CLE,receptions,BetRivers,5.5,over,3.17,320,,0.2381,0.2381,,1,0.1690,-0.0691,-0.0691,ev,none,projection,main,live,20261002CCEAD0D8,2026-10-01T20:06:10.078Z
2026,4,17043,Roman Wilson,PIT,WR,at CLE,recYds,DraftKings,69.5,over,20.34,1320,,0.0704,0.0704,,1,0.0006,-0.0698,-0.0698,ev,none,projection,main,live,20261002CCEAD0D8,2026-10-01T20:06:10.078Z
2026,4,15984,Jaylen Warren,PIT,RB,at CLE,recYds,BetRivers,19.5,over,22.75,-180,,0.6429,0.6429,,1,0.5731,-0.0698,-0.0698,ev,none,projection,main,live,20261002CCEAD0D8,2026-10-01T20:06:10.078Z
2026,4,17043,Roman Wilson,PIT,WR,at CLE,receptions,theScore,2.5,over,1.96,125,-160,0.4444,0.4194,0.0598,0,0.3747,-0.0698,-0.0447,ev,multiplicative,projection,main,live,20261002CCEAD0D8,2026-10-01T20:06:10.078Z
2026,4,17043,Roman Wilson,PIT,WR,at CLE,receptions,Hard Rock,2.5,over,1.96,125,-170,0.4444,0.4138,0.0741,0,0.3747,-0.0698,-0.0391,ev,multiplicative,projection,main,live,20261002CCEAD0D8,2026-10-01T20:06:10.078Z
2026,4,4307,Aaron Rodgers,PIT,QB,at CLE,passTD,theScore,0.5,over,1.31,-400,,0.8000,0.8000,,1,0.7302,-0.0698,-0.0698,ev,none,projection,main,live,20261002CCEAD0D8,2026-10-01T20:06:10.078Z
2026,4,15984,Jaylen Warren,PIT,RB,at CLE,receptions,Caesars,2.5,over,3.34,-265,,0.7260,0.7260,,1,0.6561,-0.0699,-0.0699,ev,none,projection,main,live,20261002CCEAD0D8,2026-10-01T20:06:10.078Z
2026,4,18526,Raheim Sanders,CLE,RB,vs PIT,recYds,Hard Rock,44.5,over,13.62,1300,-6000,0.0714,0.0677,0.0550,0,0.0015,-0.0700,-0.0662,ev,multiplicative,projection,main,live,20261002CCEAD0D8,2026-10-01T20:06:10.078Z
2026,4,15267,Pat Freiermuth,PIT,TE,at CLE,receptions,Hard Rock,4.5,over,3.23,260,-450,0.2778,0.2535,0.0960,0,0.2073,-0.0705,-0.0462,ev,multiplicative,projection,main,live,20261002CCEAD0D8,2026-10-01T20:06:10.078Z
2026,4,17043,Roman Wilson,PIT,WR,at CLE,receptions,theScore,0.5,over,1.96,-1200,,0.9231,0.9231,,1,0.8526,-0.0705,-0.0705,ev,none,projection,main,live,20261002CCEAD0D8,2026-10-01T20:06:10.078Z
2026,4,17043,Roman Wilson,PIT,WR,at CLE,recYds,Hard Rock,23.5,over,20.34,105,-140,0.4878,0.4554,0.0711,0,0.4173,-0.0705,-0.0381,ev,multiplicative,projection,main,live,20261002CCEAD0D8,2026-10-01T20:06:10.078Z
2026,4,16889,Darnell Washington,PIT,TE,at CLE,recYds,FanDuel,14.5,over,14.96,-142,,0.5868,0.5868,,1,0.5162,-0.0706,-0.0706,ev,none,projection,main,live,20261002CCEAD0D8,2026-10-01T20:06:10.078Z
2026,4,15984,Jaylen Warren,PIT,RB,at CLE,recYds,DraftKings,14.5,over,22.75,-301,,0.7506,0.7506,,1,0.6800,-0.0707,-0.0707,ev,none,projection,main,live,20261002CCEAD0D8,2026-10-01T20:06:10.078Z
2026,4,15984,Jaylen Warren,PIT,RB,at CLE,receptions,BetMGM,3.5,over,3.34,-115,-115,0.5349,0.5000,0.0698,0,0.4642,-0.0707,-0.0358,ev,multiplicative,projection,main,live,20261002CCEAD0D8,2026-10-01T20:06:10.078Z
2026,4,15984,Jaylen Warren,PIT,RB,at CLE,receptions,BetRivers,4.5,over,3.34,205,,0.3279,0.3279,,1,0.2572,-0.0707,-0.0707,ev,none,projection,main,live,20261002CCEAD0D8,2026-10-01T20:06:10.078Z
2026,4,15984,Jaylen Warren,PIT,RB,at CLE,receptions,Hard Rock,3.5,over,3.34,-115,-115,0.5349,0.5000,0.0698,0,0.4642,-0.0707,-0.0358,ev,multiplicative,projection,main,live,20261002CCEAD0D8,2026-10-01T20:06:10.078Z
2026,4,4307,Aaron Rodgers,PIT,QB,at CLE,completions,DraftKings,21.5,over,19.18,147,,0.4049,0.4049,,1,0.3341,-0.0708,-0.0708,ev,none,projection,main,live,20261002CCEAD0D8,2026-10-01T20:06:10.078Z
2026,4,17130,Blake Whiteheart,CLE,TE,vs PIT,recYds,DraftKings,39.5,over,9.35,1260,,0.0735,0.0735,,1,0.0026,-0.0709,-0.0709,ev,none,projection,main,live,20261002CCEAD0D8,2026-10-01T20:06:10.078Z
2026,4,13424,DK Metcalf,PIT,WR,at CLE,recYds,Hard Rock,119.5,over,42.16,1300,,0.0714,0.0714,,1,0.0005,-0.0709,-0.0709,ev,none,projection,main,live,20261002CCEAD0D8,2026-10-01T20:06:10.078Z
2026,4,15267,Pat Freiermuth,PIT,TE,at CLE,recYds,Hard Rock,78.5,over,33.66,1300,,0.0714,0.0714,,1,0.0006,-0.0709,-0.0709,ev,none,projection,main,live,20261002CCEAD0D8,2026-10-01T20:06:10.078Z
2026,4,15267,Pat Freiermuth,PIT,TE,at CLE,recYds,Hard Rock,79.5,over,33.66,1300,,0.0714,0.0714,,1,0.0004,-0.0710,-0.0710,ev,none,projection,main,live,20261002CCEAD0D8,2026-10-01T20:06:10.078Z
2026,4,13424,DK Metcalf,PIT,WR,at CLE,recYds,Hard Rock,120.5,over,42.16,1300,,0.0714,0.0714,,1,0.0005,-0.0710,-0.0710,ev,none,projection,main,live,20261002CCEAD0D8,2026-10-01T20:06:10.078Z
2026,4,15267,Pat Freiermuth,PIT,TE,at CLE,recYds,Hard Rock,80.5,over,33.66,1300,,0.0714,0.0714,,1,0.0003,-0.0711,-0.0711,ev,none,projection,main,live,20261002CCEAD0D8,2026-10-01T20:06:10.078Z
2026,4,19263,Germie Bernard,PIT,WR,at CLE,recYds,Hard Rock,46.5,over,9.67,1300,-6000,0.0714,0.0677,0.0550,0,0.0002,-0.0713,-0.0675,ev,multiplicative,projection,main,live,20261002CCEAD0D8,2026-10-01T20:06:10.078Z
2026,4,11712,Deshaun Watson,CLE,QB,vs PIT,rushYds,DraftKings,69.5,over,17.22,1300,,0.0714,0.0714,,1,0.0000,-0.0714,-0.0714,ev,none,projection,main,live,20261002CCEAD0D8,2026-10-01T20:06:10.078Z
2026,4,16889,Darnell Washington,PIT,TE,at CLE,recYds,Hard Rock,68.5,over,14.96,1300,-6000,0.0714,0.0677,0.0550,0,0.0000,-0.0714,-0.0677,ev,multiplicative,projection,main,live,20261002CCEAD0D8,2026-10-01T20:06:10.078Z
2026,4,11712,Deshaun Watson,CLE,QB,vs PIT,rushYds,Hard Rock,71.5,over,17.22,1300,-6000,0.0714,0.0677,0.0550,0,0.0000,-0.0714,-0.0677,ev,multiplicative,projection,main,live,20261002CCEAD0D8,2026-10-01T20:06:10.078Z
2026,4,18516,Quinshon Judkins,CLE,RB,vs PIT,rushYds,Hard Rock,132.5,over,42.39,1300,-6000,0.0714,0.0677,0.0550,0,0.0000,-0.0714,-0.0677,ev,multiplicative,projection,main,live,20261002CCEAD0D8,2026-10-01T20:06:10.078Z
2026,4,15984,Jaylen Warren,PIT,RB,at CLE,recYds,Hard Rock,74.5,over,22.75,1300,-6000,0.0714,0.0677,0.0550,0,0.0001,-0.0714,-0.0676,ev,multiplicative,projection,main,live,20261002CCEAD0D8,2026-10-01T20:06:10.078Z
2026,4,16889,Darnell Washington,PIT,TE,at CLE,recYds,Hard Rock,69.5,over,14.96,1300,-6000,0.0714,0.0677,0.0550,0,0.0000,-0.0714,-0.0677,ev,multiplicative,projection,main,live,20261002CCEAD0D8,2026-10-01T20:06:10.078Z
2026,4,18516,Quinshon Judkins,CLE,RB,vs PIT,rushYds,Hard Rock,130.5,over,42.39,1300,-5000,0.0714,0.0679,0.0518,0,0.0000,-0.0714,-0.0679,ev,multiplicative,projection,main,live,20261002CCEAD0D8,2026-10-01T20:06:10.078Z
2026,4,18516,Quinshon Judkins,CLE,RB,vs PIT,rushYds,Hard Rock,129.5,over,42.39,1300,-6000,0.0714,0.0677,0.0550,0,0.0000,-0.0714,-0.0677,ev,multiplicative,projection,main,live,20261002CCEAD0D8,2026-10-01T20:06:10.078Z
2026,4,16889,Darnell Washington,PIT,TE,at CLE,recYds,Hard Rock,4.5,under,14.96,300,-450,0.2500,0.2340,0.0682,0,0.1785,-0.0715,-0.0555,ev,multiplicative,projection,main,live,20261002CCEAD0D8,2026-10-01T20:06:10.078Z
2026,4,18526,Raheim Sanders,CLE,RB,vs PIT,recYds,Hard Rock,19.5,over,13.62,180,-260,0.3571,0.3309,0.0794,0,0.2855,-0.0716,-0.0454,ev,multiplicative,projection,main,live,20261002CCEAD0D8,2026-10-01T20:06:10.078Z
2026,4,17130,Blake Whiteheart,CLE,TE,vs PIT,recYds,Hard Rock,21.5,under,9.35,-1600,600,0.9412,0.8682,0.0840,0,0.8695,-0.0717,0.0013,ev,multiplicative,projection,main,live,20261002CCEAD0D8,2026-10-01T20:06:10.078Z
2026,4,15984,Jaylen Warren,PIT,RB,at CLE,rushYds,Hard Rock,52.5,under,96.25,240,-375,0.2941,0.2714,0.0836,0,0.2225,-0.0717,-0.0490,ev,multiplicative,projection,main,live,20261002CCEAD0D8,2026-10-01T20:06:10.078Z
2026,4,18516,Quinshon Judkins,CLE,RB,vs PIT,rushAtt,DraftKings,11.5,over,16.49,-640,,0.8649,0.8649,,1,0.7930,-0.0719,-0.0719,ev,none,projection,main,live,20261002CCEAD0D8,2026-10-01T20:06:10.078Z
2026,4,19263,Germie Bernard,PIT,WR,at CLE,recYds,Hard Rock,13.5,over,9.67,135,-190,0.4255,0.3938,0.0807,0,0.3537,-0.0719,-0.0401,ev,multiplicative,projection,main,live,20261002CCEAD0D8,2026-10-01T20:06:10.078Z
2026,4,15984,Jaylen Warren,PIT,RB,at CLE,rushYds,theScore,44.5,over,96.25,-800,,0.8889,0.8889,,1,0.8169,-0.0720,-0.0720,ev,none,projection,main,live,20261002CCEAD0D8,2026-10-01T20:06:10.078Z
2026,4,15984,Jaylen Warren,PIT,RB,at CLE,receptions,DraftKings,2.5,over,3.34,-268,,0.7283,0.7283,,1,0.6561,-0.0722,-0.0722,ev,none,projection,main,live,20261002CCEAD0D8,2026-10-01T20:06:10.078Z
2026,4,18516,Quinshon Judkins,CLE,RB,vs PIT,recYds,FanDuel,49.5,over,12.98,1258,,0.0736,0.0736,,1,0.0014,-0.0722,-0.0722,ev,none,projection,main,live,20261002CCEAD0D8,2026-10-01T20:06:10.078Z
2026,4,15267,Pat Freiermuth,PIT,TE,at CLE,recYds,FanDuel,79.5,over,33.66,1276,,0.0727,0.0727,,1,0.0004,-0.0722,-0.0722,ev,none,projection,main,live,20261002CCEAD0D8,2026-10-01T20:06:10.078Z
2026,4,18472,Harold Fannin Jr.,CLE,TE,vs PIT,recYds,FanDuel,99.5,over,44.69,1278,,0.0726,0.0726,,1,0.0004,-0.0722,-0.0722,ev,none,projection,main,live,20261002CCEAD0D8,2026-10-01T20:06:10.078Z
2026,4,13424,DK Metcalf,PIT,WR,at CLE,recYds,FanDuel,124.5,over,42.16,1279,,0.0725,0.0725,,1,0.0003,-0.0723,-0.0723,ev,none,projection,main,live,20261002CCEAD0D8,2026-10-01T20:06:10.078Z
2026,4,18516,Quinshon Judkins,CLE,RB,vs PIT,recYds,FanDuel,24.5,over,12.98,308,,0.2451,0.2451,,1,0.1728,-0.0723,-0.0723,ev,none,projection,main,live,20261002CCEAD0D8,2026-10-01T20:06:10.078Z
2026,4,16889,Darnell Washington,PIT,TE,at CLE,recYds,DraftKings,59.5,over,14.96,1280,,0.0725,0.0725,,1,0.0001,-0.0724,-0.0724,ev,none,projection,main,live,20261002CCEAD0D8,2026-10-01T20:06:10.078Z
2026,4,13424,DK Metcalf,PIT,WR,at CLE,recYds,Hard Rock,39.5,over,42.16,-170,125,0.6296,0.5862,0.0741,0,0.5572,-0.0724,-0.0290,ev,multiplicative,projection,main,live,20261002CCEAD0D8,2026-10-01T20:06:10.078Z
2026,4,13424,DK Metcalf,PIT,WR,at CLE,recYds,theScore,39.5,over,42.16,-170,,0.6296,0.6296,,1,0.5572,-0.0724,-0.0724,ev,none,projection,main,live,20261002CCEAD0D8,2026-10-01T20:06:10.078Z
2026,4,11712,Deshaun Watson,CLE,QB,vs PIT,passAtt,theScore,29.5,over,29.14,-120,-110,0.5455,0.5101,0.0693,0,0.4729,-0.0726,-0.0372,ev,multiplicative,projection,main,live,20261002CCEAD0D8,2026-10-01T20:06:10.078Z
2026,4,15984,Jaylen Warren,PIT,RB,at CLE,receptions,DraftKings,4.5,over,3.34,203,,0.3300,0.3300,,1,0.2572,-0.0728,-0.0728,ev,none,projection,main,live,20261002CCEAD0D8,2026-10-01T20:06:10.078Z
2026,4,17043,Roman Wilson,PIT,WR,at CLE,receptions,FanDuel,5.5,over,1.96,996,,0.0912,0.0912,,1,0.0181,-0.0731,-0.0731,ev,none,projection,main,live,20261002CCEAD0D8,2026-10-01T20:06:10.078Z
2026,4,15984,Jaylen Warren,PIT,RB,at CLE,rushYds,Hard Rock,144.5,under,96.25,-2500,800,0.9615,0.8964,0.0726,0,0.8883,-0.0732,-0.0081,ev,multiplicative,projection,main,live,20261002CCEAD0D8,2026-10-01T20:06:10.078Z
2026,4,19263,Germie Bernard,PIT,WR,at CLE,recYds,theScore,9.5,under,9.67,-130,100,0.5652,0.5306,0.0652,0,0.4921,-0.0732,-0.0386,ev,multiplicative,projection,main,live,20261002CCEAD0D8,2026-10-01T20:06:10.078Z
2026,4,18472,Harold Fannin Jr.,CLE,TE,vs PIT,receptions,Caesars,7.5,over,4.41,700,,0.1250,0.1250,,1,0.0517,-0.0733,-0.0733,ev,none,projection,main,live,20261002CCEAD0D8,2026-10-01T20:06:10.078Z
2026,4,18472,Harold Fannin Jr.,CLE,TE,vs PIT,receptions,BetRivers,7.5,over,4.41,700,,0.1250,0.1250,,1,0.0517,-0.0733,-0.0733,ev,none,projection,main,live,20261002CCEAD0D8,2026-10-01T20:06:10.078Z
2026,4,4307,Aaron Rodgers,PIT,QB,at CLE,passTD,BetRivers,1.5,under,1.31,-230,165,0.6970,0.6487,0.0743,0,0.6233,-0.0737,-0.0255,ev,multiplicative,projection,main,live,20261002CCEAD0D8,2026-10-01T20:06:10.078Z
2026,4,15984,Jaylen Warren,PIT,RB,at CLE,receptions,FanDuel,7.5,over,3.34,1099,,0.0834,0.0834,,1,0.0097,-0.0737,-0.0737,ev,none,projection,main,live,20261002CCEAD0D8,2026-10-01T20:06:10.078Z
2026,4,18516,Quinshon Judkins,CLE,RB,vs PIT,rushAtt,theScore,11.5,over,16.49,-650,,0.8667,0.8667,,1,0.7930,-0.0737,-0.0737,ev,none,projection,main,live,20261002CCEAD0D8,2026-10-01T20:06:10.078Z
2026,4,18516,Quinshon Judkins,CLE,RB,vs PIT,rushAtt,BetRivers,14.5,over,16.49,-235,,0.7015,0.7015,,1,0.6277,-0.0738,-0.0738,ev,none,projection,main,live,20261002CCEAD0D8,2026-10-01T20:06:10.078Z
2026,4,13424,DK Metcalf,PIT,WR,at CLE,receptions,FanDuel,7.5,over,3.17,798,,0.1114,0.1114,,1,0.0375,-0.0739,-0.0739,ev,none,projection,main,live,20261002CCEAD0D8,2026-10-01T20:06:10.078Z
2026,4,18526,Raheim Sanders,CLE,RB,vs PIT,recYds,Hard Rock,14.5,under,13.62,-155,110,0.6078,0.5607,0.0840,0,0.5338,-0.0741,-0.0269,ev,multiplicative,projection,main,live,20261002CCEAD0D8,2026-10-01T20:06:10.078Z
2026,4,18472,Harold Fannin Jr.,CLE,TE,vs PIT,receptions,BetRivers,5.5,over,4.41,180,,0.3571,0.3571,,1,0.2829,-0.0743,-0.0743,ev,none,projection,main,live,20261002CCEAD0D8,2026-10-01T20:06:10.078Z
2026,4,15984,Jaylen Warren,PIT,RB,at CLE,receptions,FanDuel,2.5,over,3.34,-271,,0.7305,0.7305,,1,0.6561,-0.0744,-0.0744,ev,none,projection,main,live,20261002CCEAD0D8,2026-10-01T20:06:10.078Z
2026,4,4307,Aaron Rodgers,PIT,QB,at CLE,completions,DraftKings,20.5,over,19.18,109,-139,0.4785,0.4514,0.0601,0,0.4036,-0.0748,-0.0477,ev,multiplicative,projection,main,live,20261002CCEAD0D8,2026-10-01T20:06:10.078Z
2026,4,16889,Darnell Washington,PIT,TE,at CLE,recYds,Hard Rock,6.5,under,14.96,230,-350,0.3030,0.2804,0.0808,0,0.2282,-0.0749,-0.0522,ev,multiplicative,projection,main,live,20261002CCEAD0D8,2026-10-01T20:06:10.078Z
2026,4,18526,Raheim Sanders,CLE,RB,vs PIT,recYds,Hard Rock,43.5,over,13.62,1200,-5000,0.0769,0.0728,0.0573,0,0.0020,-0.0749,-0.0708,ev,multiplicative,projection,main,live,20261002CCEAD0D8,2026-10-01T20:06:10.078Z
2026,4,13424,DK Metcalf,PIT,WR,at CLE,recYds,Hard Rock,30.5,under,42.16,195,-275,0.3390,0.3161,0.0723,0,0.2640,-0.0750,-0.0522,ev,multiplicative,projection,main,live,20261002CCEAD0D8,2026-10-01T20:06:10.078Z
2026,4,18516,Quinshon Judkins,CLE,RB,vs PIT,recYds,DraftKings,24.5,over,12.98,303,,0.2481,0.2481,,1,0.1728,-0.0753,-0.0753,ev,none,projection,main,live,20261002CCEAD0D8,2026-10-01T20:06:10.078Z
2026,4,15984,Jaylen Warren,PIT,RB,at CLE,rushYds,Hard Rock,53.5,under,96.25,230,-350,0.3030,0.2804,0.0808,0,0.2277,-0.0753,-0.0527,ev,multiplicative,projection,main,live,20261002CCEAD0D8,2026-10-01T20:06:10.078Z
2026,4,16889,Darnell Washington,PIT,TE,at CLE,recYds,Hard Rock,5.5,under,14.96,260,-400,0.2778,0.2577,0.0778,0,0.2024,-0.0754,-0.0553,ev,multiplicative,projection,main,live,20261002CCEAD0D8,2026-10-01T20:06:10.078Z
2026,4,16889,Darnell Washington,PIT,TE,at CLE,recYds,Hard Rock,14.5,over,14.96,-145,105,0.5918,0.5482,0.0796,0,0.5162,-0.0757,-0.0320,ev,multiplicative,projection,main,live,20261002CCEAD0D8,2026-10-01T20:06:10.078Z
2026,4,15984,Jaylen Warren,PIT,RB,at CLE,receptions,Caesars,4.5,over,3.34,200,,0.3333,0.3333,,1,0.2572,-0.0761,-0.0761,ev,none,projection,main,live,20261002CCEAD0D8,2026-10-01T20:06:10.078Z
2026,4,4307,Aaron Rodgers,PIT,QB,at CLE,passYds,Hard Rock,322.5,over,184.84,1100,,0.0833,0.0833,,1,0.0072,-0.0761,-0.0761,ev,none,projection,main,live,20261002CCEAD0D8,2026-10-01T20:06:10.078Z
2026,4,15984,Jaylen Warren,PIT,RB,at CLE,receptions,theScore,4.5,over,3.34,200,,0.3333,0.3333,,1,0.2572,-0.0761,-0.0761,ev,none,projection,main,live,20261002CCEAD0D8,2026-10-01T20:06:10.078Z
2026,4,15267,Pat Freiermuth,PIT,TE,at CLE,recYds,Hard Rock,77.5,over,33.66,1200,,0.0769,0.0769,,1,0.0007,-0.0762,-0.0762,ev,none,projection,main,live,20261002CCEAD0D8,2026-10-01T20:06:10.078Z
2026,4,13424,DK Metcalf,PIT,WR,at CLE,recYds,Hard Rock,117.5,over,42.16,1200,-5000,0.0769,0.0728,0.0573,0,0.0007,-0.0762,-0.0720,ev,multiplicative,projection,main,live,20261002CCEAD0D8,2026-10-01T20:06:10.078Z
2026,4,18526,Raheim Sanders,CLE,RB,vs PIT,receptions,BetRivers,4.5,over,1.72,1000,,0.0909,0.0909,,1,0.0146,-0.0763,-0.0763,ev,none,projection,main,live,20261002CCEAD0D8,2026-10-01T20:06:10.078Z
2026,4,13424,DK Metcalf,PIT,WR,at CLE,recYds,Hard Rock,118.5,over,42.16,1200,-5000,0.0769,0.0728,0.0573,0,0.0006,-0.0763,-0.0721,ev,multiplicative,projection,main,live,20261002CCEAD0D8,2026-10-01T20:06:10.078Z
2026,4,18526,Raheim Sanders,CLE,RB,vs PIT,recYds,FanDuel,12.5,under,13.62,-113,-113,0.5305,0.5000,0.0610,0,0.4541,-0.0764,-0.0459,ev,multiplicative,projection,main,live,20261002CCEAD0D8,2026-10-01T20:06:10.078Z
2026,4,18472,Harold Fannin Jr.,CLE,TE,vs PIT,receptions,DraftKings,7.5,over,4.41,680,,0.1282,0.1282,,1,0.0517,-0.0765,-0.0765,ev,none,projection,main,live,20261002CCEAD0D8,2026-10-01T20:06:10.078Z
2026,4,15267,Pat Freiermuth,PIT,TE,at CLE,recYds,theScore,79.5,over,33.66,1200,,0.0769,0.0769,,1,0.0004,-0.0765,-0.0765,ev,none,projection,main,live,20261002CCEAD0D8,2026-10-01T20:06:10.078Z
2026,4,17043,Roman Wilson,PIT,WR,at CLE,receptions,Hard Rock,1.5,over,1.96,-240,165,0.7059,0.6516,0.0832,0,0.6293,-0.0766,-0.0223,ev,multiplicative,projection,main,live,20261002CCEAD0D8,2026-10-01T20:06:10.078Z
2026,4,17043,Roman Wilson,PIT,WR,at CLE,receptions,theScore,1.5,over,1.96,-240,,0.7059,0.7059,,1,0.6293,-0.0766,-0.0766,ev,none,projection,main,live,20261002CCEAD0D8,2026-10-01T20:06:10.078Z
2026,4,19263,Germie Bernard,PIT,WR,at CLE,recYds,Hard Rock,45.5,over,9.67,1200,,0.0769,0.0769,,1,0.0002,-0.0767,-0.0767,ev,none,projection,main,live,20261002CCEAD0D8,2026-10-01T20:06:10.078Z
2026,4,15984,Jaylen Warren,PIT,RB,at CLE,recYds,Hard Rock,72.5,over,22.75,1200,-5000,0.0769,0.0728,0.0573,0,0.0001,-0.0768,-0.0726,ev,multiplicative,projection,main,live,20261002CCEAD0D8,2026-10-01T20:06:10.078Z
2026,4,15984,Jaylen Warren,PIT,RB,at CLE,recYds,Hard Rock,73.5,over,22.75,1200,-5000,0.0769,0.0728,0.0573,0,0.0001,-0.0768,-0.0727,ev,multiplicative,projection,main,live,20261002CCEAD0D8,2026-10-01T20:06:10.078Z
2026,4,18516,Quinshon Judkins,CLE,RB,vs PIT,rushYds,FanDuel,124.5,over,42.39,1199,,0.0770,0.0770,,1,0.0001,-0.0769,-0.0769,ev,none,projection,main,live,20261002CCEAD0D8,2026-10-01T20:06:10.078Z
2026,4,18472,Harold Fannin Jr.,CLE,TE,vs PIT,receptions,FanDuel,5.5,over,4.41,178,,0.3597,0.3597,,1,0.2829,-0.0769,-0.0769,ev,none,projection,main,live,20261002CCEAD0D8,2026-10-01T20:06:10.078Z
2026,4,16889,Darnell Washington,PIT,TE,at CLE,recYds,Hard Rock,67.5,over,14.96,1200,,0.0769,0.0769,,1,0.0000,-0.0769,-0.0769,ev,none,projection,main,live,20261002CCEAD0D8,2026-10-01T20:06:10.078Z
2026,4,18516,Quinshon Judkins,CLE,RB,vs PIT,rushYds,Hard Rock,128.5,over,42.39,1200,-5000,0.0769,0.0728,0.0573,0,0.0000,-0.0769,-0.0727,ev,multiplicative,projection,main,live,20261002CCEAD0D8,2026-10-01T20:06:10.078Z
2026,4,16889,Darnell Washington,PIT,TE,at CLE,recYds,Hard Rock,66.5,over,14.96,1200,-5000,0.0769,0.0728,0.0573,0,0.0000,-0.0769,-0.0727,ev,multiplicative,projection,main,live,20261002CCEAD0D8,2026-10-01T20:06:10.078Z
2026,4,18516,Quinshon Judkins,CLE,RB,vs PIT,rushYds,Hard Rock,127.5,over,42.39,1200,-5000,0.0769,0.0728,0.0573,0,0.0000,-0.0769,-0.0727,ev,multiplicative,projection,main,live,20261002CCEAD0D8,2026-10-01T20:06:10.078Z
2026,4,11712,Deshaun Watson,CLE,QB,vs PIT,rushYds,Hard Rock,70.5,over,17.22,1200,,0.0769,0.0769,,1,0.0000,-0.0769,-0.0769,ev,none,projection,main,live,20261002CCEAD0D8,2026-10-01T20:06:10.078Z
2026,4,4307,Aaron Rodgers,PIT,QB,at CLE,completions,Caesars,20.5,over,19.18,108,-145,0.4808,0.4482,0.0726,0,0.4036,-0.0771,-0.0446,ev,multiplicative,projection,main,live,20261002CCEAD0D8,2026-10-01T20:06:10.078Z
2026,4,15267,Pat Freiermuth,PIT,TE,at CLE,recYds,Hard Rock,38.5,under,33.66,-250,170,0.7143,0.6585,0.0847,0,0.6372,-0.0771,-0.0213,ev,multiplicative,projection,main,live,20261002CCEAD0D8,2026-10-01T20:06:10.078Z
2026,4,16889,Darnell Washington,PIT,TE,at CLE,receptions,theScore,0.5,over,1.47,-1000,,0.9091,0.9091,,1,0.8320,-0.0771,-0.0771,ev,none,projection,main,live,20261002CCEAD0D8,2026-10-01T20:06:10.078Z
2026,4,15984,Jaylen Warren,PIT,RB,at CLE,receptions,BetRivers,2.5,over,3.34,-275,,0.7333,0.7333,,1,0.6561,-0.0772,-0.0772,ev,none,projection,main,live,20261002CCEAD0D8,2026-10-01T20:06:10.078Z
2026,4,18472,Harold Fannin Jr.,CLE,TE,vs PIT,recYds,Hard Rock,53.5,over,44.69,170,-250,0.3704,0.3415,0.0847,0,0.2932,-0.0772,-0.0483,ev,multiplicative,projection,main,live,20261002CCEAD0D8,2026-10-01T20:06:10.078Z
2026,4,15984,Jaylen Warren,PIT,RB,at CLE,receptions,theScore,2.5,over,3.34,-275,,0.7333,0.7333,,1,0.6561,-0.0772,-0.0772,ev,none,projection,main,live,20261002CCEAD0D8,2026-10-01T20:06:10.078Z
2026,4,15984,Jaylen Warren,PIT,RB,at CLE,rushYds,FanDuel,39.5,over,96.25,-1101,,0.9167,0.9167,,1,0.8391,-0.0776,-0.0776,ev,none,projection,main,live,20261002CCEAD0D8,2026-10-01T20:06:10.078Z
2026,4,18526,Raheim Sanders,CLE,RB,vs PIT,receptions,FanDuel,1.5,over,1.72,-200,148,0.6667,0.6231,0.0699,0,0.5889,-0.0777,-0.0342,ev,multiplicative,projection,main,live,20261002CCEAD0D8,2026-10-01T20:06:10.078Z
2026,4,18526,Raheim Sanders,CLE,RB,vs PIT,receptions,theScore,1.5,over,1.72,-200,,0.6667,0.6667,,1,0.5889,-0.0777,-0.0777,ev,none,projection,main,live,20261002CCEAD0D8,2026-10-01T20:06:10.078Z
2026,4,15984,Jaylen Warren,PIT,RB,at CLE,rushYds,theScore,19.5,over,96.25,-8000,,0.9877,0.9877,,1,0.9099,-0.0778,-0.0778,ev,none,projection,main,live,20261002CCEAD0D8,2026-10-01T20:06:10.078Z
2026,4,18526,Raheim Sanders,CLE,RB,vs PIT,recYds,DraftKings,49.5,over,13.62,1180,,0.0781,0.0781,,1,0.0003,-0.0779,-0.0779,ev,none,projection,main,live,20261002CCEAD0D8,2026-10-01T20:06:10.078Z
2026,4,13424,DK Metcalf,PIT,WR,at CLE,receptions,Caesars,5.5,over,3.17,305,,0.2469,0.2469,,1,0.1690,-0.0780,-0.0780,ev,none,projection,main,live,20261002CCEAD0D8,2026-10-01T20:06:10.078Z
2026,4,17043,Roman Wilson,PIT,WR,at CLE,receptions,FanDuel,3.5,over,1.96,286,,0.2591,0.2591,,1,0.1811,-0.0780,-0.0780,ev,none,projection,main,live,20261002CCEAD0D8,2026-10-01T20:06:10.078Z
2026,4,15984,Jaylen Warren,PIT,RB,at CLE,receptions,DraftKings,5.5,over,3.34,425,,0.1905,0.1905,,1,0.1124,-0.0781,-0.0781,ev,none,projection,main,live,20261002CCEAD0D8,2026-10-01T20:06:10.078Z
2026,4,19263,Germie Bernard,PIT,WR,at CLE,recYds,DraftKings,49.5,over,9.67,1180,,0.0781,0.0781,,1,0.0000,-0.0781,-0.0781,ev,none,projection,main,live,20261002CCEAD0D8,2026-10-01T20:06:10.078Z
2026,4,15984,Jaylen Warren,PIT,RB,at CLE,rushYds,Hard Rock,143.5,under,96.25,-2500,750,0.9615,0.8910,0.0792,0,0.8834,-0.0781,-0.0076,ev,multiplicative,projection,main,live,20261002CCEAD0D8,2026-10-01T20:06:10.078Z
2026,4,18472,Harold Fannin Jr.,CLE,TE,vs PIT,recYds,Hard Rock,46.5,under,44.69,-165,120,0.6226,0.5780,0.0772,0,0.5445,-0.0781,-0.0335,ev,multiplicative,projection,main,live,20261002CCEAD0D8,2026-10-01T20:06:10.078Z
2026,4,18526,Raheim Sanders,CLE,RB,vs PIT,recYds,theScore,19.5,over,13.62,175,,0.3636,0.3636,,1,0.2855,-0.0781,-0.0781,ev,none,projection,main,live,20261002CCEAD0D8,2026-10-01T20:06:10.078Z
2026,4,15267,Pat Freiermuth,PIT,TE,at CLE,recYds,Hard Rock,44.5,over,33.66,240,,0.2941,0.2941,,1,0.2159,-0.0782,-0.0782,ev,none,projection,main,live,20261002CCEAD0D8,2026-10-01T20:06:10.078Z
2026,4,19263,Germie Bernard,PIT,WR,at CLE,recYds,BetMGM,8.5,under,9.67,-110,-120,0.5238,0.4899,0.0693,0,0.4455,-0.0783,-0.0444,ev,multiplicative,projection,main,live,20261002CCEAD0D8,2026-10-01T20:06:10.078Z
2026,4,19263,Germie Bernard,PIT,WR,at CLE,recYds,Caesars,8.5,under,9.67,-110,-120,0.5238,0.4899,0.0693,0,0.4455,-0.0783,-0.0444,ev,multiplicative,projection,main,live,20261002CCEAD0D8,2026-10-01T20:06:10.078Z
2026,4,19263,Germie Bernard,PIT,WR,at CLE,recYds,Hard Rock,8.5,under,9.67,-110,-120,0.5238,0.4899,0.0693,0,0.4455,-0.0783,-0.0444,ev,multiplicative,projection,main,live,20261002CCEAD0D8,2026-10-01T20:06:10.078Z
2026,4,11712,Deshaun Watson,CLE,QB,vs PIT,completions,DraftKings,13.5,over,20.11,-760,,0.8837,0.8837,,1,0.8053,-0.0784,-0.0784,ev,none,projection,main,live,20261002CCEAD0D8,2026-10-01T20:06:10.078Z
2026,4,15984,Jaylen Warren,PIT,RB,at CLE,rushYds,Caesars,29.5,over,96.25,-2200,,0.9565,0.9565,,1,0.8781,-0.0784,-0.0784,ev,none,projection,main,live,20261002CCEAD0D8,2026-10-01T20:06:10.078Z
2026,4,15267,Pat Freiermuth,PIT,TE,at CLE,receptions,theScore,4.5,over,3.23,250,,0.2857,0.2857,,1,0.2073,-0.0784,-0.0784,ev,none,projection,main,live,20261002CCEAD0D8,2026-10-01T20:06:10.078Z
2026,4,16889,Darnell Washington,PIT,TE,at CLE,recYds,Hard Rock,3.5,under,14.96,325,-525,0.2353,0.2188,0.0753,0,0.1565,-0.0788,-0.0624,ev,multiplicative,projection,main,live,20261002CCEAD0D8,2026-10-01T20:06:10.078Z
2026,4,4307,Aaron Rodgers,PIT,QB,at CLE,passTD,Hard Rock,0.5,over,1.31,-425,,0.8095,0.8095,,1,0.7302,-0.0793,-0.0793,ev,none,projection,main,live,20261002CCEAD0D8,2026-10-01T20:06:10.078Z
2026,4,18526,Raheim Sanders,CLE,RB,vs PIT,recYds,Hard Rock,13.5,under,13.62,-135,-105,0.5745,0.5287,0.0867,0,0.4951,-0.0794,-0.0336,ev,multiplicative,projection,main,live,20261002CCEAD0D8,2026-10-01T20:06:10.078Z
2026,4,15984,Jaylen Warren,PIT,RB,at CLE,rushYds,theScore,29.5,over,96.25,-2250,,0.9574,0.9574,,1,0.8781,-0.0794,-0.0794,ev,none,projection,main,live,20261002CCEAD0D8,2026-10-01T20:06:10.078Z
2026,4,15984,Jaylen Warren,PIT,RB,at CLE,rushYds,Hard Rock,54.5,under,96.25,220,-325,0.3125,0.2901,0.0772,0,0.2330,-0.0795,-0.0571,ev,multiplicative,projection,main,live,20261002CCEAD0D8,2026-10-01T20:06:10.078Z
2026,4,11712,Deshaun Watson,CLE,QB,vs PIT,passAtt,theScore,34.5,over,29.14,325,,0.2353,0.2353,,1,0.1556,-0.0797,-0.0797,ev,none,projection,main,live,20261002CCEAD0D8,2026-10-01T20:06:10.078Z
2026,4,17130,Blake Whiteheart,CLE,TE,vs PIT,recYds,Hard Rock,20.5,under,9.35,-1300,575,0.9286,0.8624,0.0767,0,0.8489,-0.0797,-0.0135,ev,multiplicative,projection,main,live,20261002CCEAD0D8,2026-10-01T20:06:10.078Z
2026,4,16889,Darnell Washington,PIT,TE,at CLE,recYds,BetRivers,16.5,over,14.96,-112,-120,0.5283,0.4920,0.0738,0,0.4484,-0.0799,-0.0436,ev,multiplicative,projection,main,live,20261002CCEAD0D8,2026-10-01T20:06:10.078Z
2026,4,15984,Jaylen Warren,PIT,RB,at CLE,receptions,BetRivers,5.5,over,3.34,420,,0.1923,0.1923,,1,0.1124,-0.0799,-0.0799,ev,none,projection,main,live,20261002CCEAD0D8,2026-10-01T20:06:10.078Z
2026,4,15267,Pat Freiermuth,PIT,TE,at CLE,receptions,FanDuel,4.5,over,3.23,248,,0.2874,0.2874,,1,0.2073,-0.0801,-0.0801,ev,none,projection,main,live,20261002CCEAD0D8,2026-10-01T20:06:10.078Z
2026,4,19263,Germie Bernard,PIT,WR,at CLE,receptions,theScore,1.5,over,0.84,200,,0.3333,0.3333,,1,0.2532,-0.0801,-0.0801,ev,none,projection,main,live,20261002CCEAD0D8,2026-10-01T20:06:10.078Z
2026,4,18516,Quinshon Judkins,CLE,RB,vs PIT,recYds,Hard Rock,11.5,under,12.98,-110,-120,0.5238,0.4899,0.0693,0,0.4435,-0.0803,-0.0464,ev,multiplicative,projection,main,live,20261002CCEAD0D8,2026-10-01T20:06:10.078Z
2026,4,18526,Raheim Sanders,CLE,RB,vs PIT,recYds,Hard Rock,42.5,over,13.62,1100,-4000,0.0833,0.0787,0.0589,0,0.0027,-0.0806,-0.0760,ev,multiplicative,projection,main,live,20261002CCEAD0D8,2026-10-01T20:06:10.078Z
2026,4,18526,Raheim Sanders,CLE,RB,vs PIT,recYds,Hard Rock,12.5,under,13.62,-115,-115,0.5349,0.5000,0.0698,0,0.4541,-0.0808,-0.0459,ev,multiplicative,projection,main,live,20261002CCEAD0D8,2026-10-01T20:06:10.078Z
2026,4,18472,Harold Fannin Jr.,CLE,TE,vs PIT,receptions,theScore,5.5,over,4.41,175,,0.3636,0.3636,,1,0.2829,-0.0808,-0.0808,ev,none,projection,main,live,20261002CCEAD0D8,2026-10-01T20:06:10.078Z
2026,4,13424,DK Metcalf,PIT,WR,at CLE,receptions,Hard Rock,5.5,over,3.17,300,-475,0.2500,0.2323,0.0761,0,0.1690,-0.0810,-0.0634,ev,multiplicative,projection,main,live,20261002CCEAD0D8,2026-10-01T20:06:10.078Z
2026,4,17130,Blake Whiteheart,CLE,TE,vs PIT,recYds,DraftKings,24.5,over,9.35,519,,0.1616,0.1616,,1,0.0805,-0.0811,-0.0811,ev,none,projection,main,live,20261002CCEAD0D8,2026-10-01T20:06:10.078Z
2026,4,15984,Jaylen Warren,PIT,RB,at CLE,rushAtt,Hard Rock,23.5,over,17.68,450,,0.1818,0.1818,,1,0.1005,-0.0813,-0.0813,ev,none,projection,main,live,20261002CCEAD0D8,2026-10-01T20:06:10.078Z
2026,4,18472,Harold Fannin Jr.,CLE,TE,vs PIT,receptions,DraftKings,6.5,over,4.41,361,,0.2169,0.2169,,1,0.1354,-0.0815,-0.0815,ev,none,projection,main,live,20261002CCEAD0D8,2026-10-01T20:06:10.078Z
2026,4,17043,Roman Wilson,PIT,WR,at CLE,receptions,FanDuel,4.5,over,1.96,576,,0.1479,0.1479,,1,0.0664,-0.0815,-0.0815,ev,none,projection,main,live,20261002CCEAD0D8,2026-10-01T20:06:10.078Z
2026,4,15267,Pat Freiermuth,PIT,TE,at CLE,receptions,Hard Rock,5.5,over,3.23,550,-1200,0.1538,0.1429,0.0769,0,0.0724,-0.0815,-0.0705,ev,multiplicative,projection,main,live,20261002CCEAD0D8,2026-10-01T20:06:10.078Z
2026,4,15984,Jaylen Warren,PIT,RB,at CLE,rushYds,theScore,34.5,over,96.25,-1600,,0.9412,0.9412,,1,0.8595,-0.0817,-0.0817,ev,none,projection,main,live,20261002CCEAD0D8,2026-10-01T20:06:10.078Z
2026,4,18472,Harold Fannin Jr.,CLE,TE,vs PIT,receptions,Caesars,6.5,over,4.41,360,,0.2174,0.2174,,1,0.1354,-0.0820,-0.0820,ev,none,projection,main,live,20261002CCEAD0D8,2026-10-01T20:06:10.078Z
2026,4,18472,Harold Fannin Jr.,CLE,TE,vs PIT,receptions,BetRivers,6.5,over,4.41,360,,0.2174,0.2174,,1,0.1354,-0.0820,-0.0820,ev,none,projection,main,live,20261002CCEAD0D8,2026-10-01T20:06:10.078Z
2026,4,15984,Jaylen Warren,PIT,RB,at CLE,recYds,Caesars,19.5,over,22.75,-190,,0.6552,0.6552,,1,0.5731,-0.0821,-0.0821,ev,none,projection,main,live,20261002CCEAD0D8,2026-10-01T20:06:10.078Z
2026,4,16889,Darnell Washington,PIT,TE,at CLE,recYds,FanDuel,16.5,over,14.96,-113,-113,0.5305,0.5000,0.0610,0,0.4484,-0.0821,-0.0516,ev,multiplicative,projection,main,live,20261002CCEAD0D8,2026-10-01T20:06:10.078Z
2026,4,19263,Germie Bernard,PIT,WR,at CLE,recYds,Hard Rock,14.5,over,9.67,150,-210,0.4000,0.3713,0.0774,0,0.3179,-0.0821,-0.0533,ev,multiplicative,projection,main,live,20261002CCEAD0D8,2026-10-01T20:06:10.078Z
2026,4,16889,Darnell Washington,PIT,TE,at CLE,receptions,Hard Rock,4.5,over,1.47,1000,-4000,0.0909,0.0852,0.0665,0,0.0087,-0.0822,-0.0765,ev,multiplicative,projection,main,live,20261002CCEAD0D8,2026-10-01T20:06:10.078Z
2026,4,4307,Aaron Rodgers,PIT,QB,at CLE,passYds,Hard Rock,318.5,over,184.84,1000,,0.0909,0.0909,,1,0.0087,-0.0822,-0.0822,ev,none,projection,main,live,20261002CCEAD0D8,2026-10-01T20:06:10.078Z
2026,4,13424,DK Metcalf,PIT,WR,at CLE,recYds,Hard Rock,115.5,over,42.16,1100,,0.0833,0.0833,,1,0.0010,-0.0824,-0.0824,ev,none,projection,main,live,20261002CCEAD0D8,2026-10-01T20:06:10.078Z
2026,4,13424,DK Metcalf,PIT,WR,at CLE,recYds,Hard Rock,116.5,over,42.16,1100,,0.0833,0.0833,,1,0.0009,-0.0825,-0.0825,ev,none,projection,main,live,20261002CCEAD0D8,2026-10-01T20:06:10.078Z
2026,4,4307,Aaron Rodgers,PIT,QB,at CLE,passYds,DraftKings,319.5,over,184.84,1000,,0.0909,0.0909,,1,0.0083,-0.0826,-0.0826,ev,none,projection,main,live,20261002CCEAD0D8,2026-10-01T20:06:10.078Z
2026,4,13424,DK Metcalf,PIT,WR,at CLE,recYds,Hard Rock,28.5,under,42.16,220,-325,0.3125,0.2901,0.0772,0,0.2298,-0.0827,-0.0603,ev,multiplicative,projection,main,live,20261002CCEAD0D8,2026-10-01T20:06:10.078Z
2026,4,18516,Quinshon Judkins,CLE,RB,vs PIT,rushAtt,DraftKings,9.5,over,16.49,-2200,,0.9565,0.9565,,1,0.8738,-0.0828,-0.0828,ev,none,projection,main,live,20261002CCEAD0D8,2026-10-01T20:06:10.078Z
2026,4,18472,Harold Fannin Jr.,CLE,TE,vs PIT,receptions,FanDuel,8.5,over,4.41,916,,0.0984,0.0984,,1,0.0156,-0.0829,-0.0829,ev,none,projection,main,live,20261002CCEAD0D8,2026-10-01T20:06:10.078Z
2026,4,19263,Germie Bernard,PIT,WR,at CLE,recYds,Hard Rock,43.5,over,9.67,1100,,0.0833,0.0833,,1,0.0005,-0.0829,-0.0829,ev,none,projection,main,live,20261002CCEAD0D8,2026-10-01T20:06:10.078Z
2026,4,19263,Germie Bernard,PIT,WR,at CLE,recYds,Hard Rock,44.5,over,9.67,1100,-5000,0.0833,0.0783,0.0637,0,0.0003,-0.0830,-0.0780,ev,multiplicative,projection,main,live,20261002CCEAD0D8,2026-10-01T20:06:10.078Z
2026,4,18526,Raheim Sanders,CLE,RB,vs PIT,recYds,theScore,49.5,over,13.62,1100,,0.0833,0.0833,,1,0.0003,-0.0831,-0.0831,ev,none,projection,main,live,20261002CCEAD0D8,2026-10-01T20:06:10.078Z
2026,4,15984,Jaylen Warren,PIT,RB,at CLE,recYds,Hard Rock,71.5,over,22.75,1100,,0.0833,0.0833,,1,0.0001,-0.0832,-0.0832,ev,none,projection,main,live,20261002CCEAD0D8,2026-10-01T20:06:10.078Z
2026,4,16889,Darnell Washington,PIT,TE,at CLE,recYds,Hard Rock,65.5,over,14.96,1100,-5000,0.0833,0.0783,0.0637,0,0.0000,-0.0833,-0.0783,ev,multiplicative,projection,main,live,20261002CCEAD0D8,2026-10-01T20:06:10.078Z
2026,4,15984,Jaylen Warren,PIT,RB,at CLE,rushYds,Hard Rock,141.5,under,96.25,-2200,700,0.9565,0.8844,0.0815,0,0.8732,-0.0833,-0.0112,ev,multiplicative,projection,main,live,20261002CCEAD0D8,2026-10-01T20:06:10.078Z
2026,4,18516,Quinshon Judkins,CLE,RB,vs PIT,rushYds,Hard Rock,126.5,over,42.39,1100,-5000,0.0833,0.0783,0.0637,0,0.0001,-0.0833,-0.0783,ev,multiplicative,projection,main,live,20261002CCEAD0D8,2026-10-01T20:06:10.078Z
2026,4,18516,Quinshon Judkins,CLE,RB,vs PIT,rushYds,Hard Rock,125.5,over,42.39,1100,-5000,0.0833,0.0783,0.0637,0,0.0001,-0.0833,-0.0783,ev,multiplicative,projection,main,live,20261002CCEAD0D8,2026-10-01T20:06:10.078Z
2026,4,11712,Deshaun Watson,CLE,QB,vs PIT,rushYds,Hard Rock,69.5,over,17.22,1100,-5000,0.0833,0.0783,0.0637,0,0.0000,-0.0833,-0.0783,ev,multiplicative,projection,main,live,20261002CCEAD0D8,2026-10-01T20:06:10.078Z
2026,4,18516,Quinshon Judkins,CLE,RB,vs PIT,rushYds,theScore,124.5,over,42.39,1100,,0.0833,0.0833,,1,0.0001,-0.0833,-0.0833,ev,none,projection,main,live,20261002CCEAD0D8,2026-10-01T20:06:10.078Z
2026,4,15984,Jaylen Warren,PIT,RB,at CLE,recYds,FanDuel,14.5,over,22.75,-323,,0.7636,0.7636,,1,0.6800,-0.0836,-0.0836,ev,none,projection,main,live,20261002CCEAD0D8,2026-10-01T20:06:10.078Z
2026,4,18516,Quinshon Judkins,CLE,RB,vs PIT,rushAtt,theScore,9.5,over,16.49,-2250,,0.9574,0.9574,,1,0.8738,-0.0837,-0.0837,ev,none,projection,main,live,20261002CCEAD0D8,2026-10-01T20:06:10.078Z
2026,4,4307,Aaron Rodgers,PIT,QB,at CLE,passAtt,DraftKings,45.5,over,30.49,1060,,0.0862,0.0862,,1,0.0023,-0.0839,-0.0839,ev,none,projection,main,live,20261002CCEAD0D8,2026-10-01T20:06:10.078Z
2026,4,15984,Jaylen Warren,PIT,RB,at CLE,rushYds,Caesars,39.5,over,96.25,-1200,,0.9231,0.9231,,1,0.8391,-0.0840,-0.0840,ev,none,projection,main,live,20261002CCEAD0D8,2026-10-01T20:06:10.078Z
2026,4,18516,Quinshon Judkins,CLE,RB,vs PIT,recYds,DraftKings,39.5,over,12.98,910,,0.0990,0.0990,,1,0.0150,-0.0840,-0.0840,ev,none,projection,main,live,20261002CCEAD0D8,2026-10-01T20:06:10.078Z
2026,4,15984,Jaylen Warren,PIT,RB,at CLE,rushYds,theScore,39.5,over,96.25,-1200,,0.9231,0.9231,,1,0.8391,-0.0840,-0.0840,ev,none,projection,main,live,20261002CCEAD0D8,2026-10-01T20:06:10.078Z
2026,4,15984,Jaylen Warren,PIT,RB,at CLE,receptions,FanDuel,4.5,over,3.34,193,,0.3413,0.3413,,1,0.2572,-0.0841,-0.0841,ev,none,projection,main,live,20261002CCEAD0D8,2026-10-01T20:06:10.078Z
2026,4,15984,Jaylen Warren,PIT,RB,at CLE,receptions,Caesars,1.5,over,3.34,-850,,0.8947,0.8947,,1,0.8106,-0.0841,-0.0841,ev,none,projection,main,live,20261002CCEAD0D8,2026-10-01T20:06:10.078Z
2026,4,15267,Pat Freiermuth,PIT,TE,at CLE,receptions,FanDuel,6.5,over,3.23,878,,0.1022,0.1022,,1,0.0178,-0.0844,-0.0844,ev,none,projection,main,live,20261002CCEAD0D8,2026-10-01T20:06:10.078Z
2026,4,17043,Roman Wilson,PIT,WR,at CLE,recYds,Hard Rock,24.5,over,20.34,110,-155,0.4762,0.4393,0.0840,0,0.3917,-0.0845,-0.0475,ev,multiplicative,projection,main,live,20261002CCEAD0D8,2026-10-01T20:06:10.078Z
2026,4,4307,Aaron Rodgers,PIT,QB,at CLE,passYds,FanDuel,324.5,over,184.84,998,,0.0911,0.0911,,1,0.0065,-0.0846,-0.0846,ev,none,projection,main,live,20261002CCEAD0D8,2026-10-01T20:06:10.078Z
2026,4,18516,Quinshon Judkins,CLE,RB,vs PIT,recYds,DraftKings,11.5,under,12.98,-112,-110,0.5283,0.5021,0.0521,0,0.4435,-0.0848,-0.0587,ev,multiplicative,projection,main,live,20261002CCEAD0D8,2026-10-01T20:06:10.078Z
2026,4,18526,Raheim Sanders,CLE,RB,vs PIT,recYds,FanDuel,19.5,over,13.62,170,,0.3704,0.3704,,1,0.2855,-0.0849,-0.0849,ev,none,projection,main,live,20261002CCEAD0D8,2026-10-01T20:06:10.078Z
2026,4,18472,Harold Fannin Jr.,CLE,TE,vs PIT,recYds,Hard Rock,54.5,over,44.69,180,-260,0.3571,0.3309,0.0794,0,0.2723,-0.0849,-0.0586,ev,multiplicative,projection,main,live,20261002CCEAD0D8,2026-10-01T20:06:10.078Z
2026,4,17043,Roman Wilson,PIT,WR,at CLE,receptions,BetRivers,1.5,over,1.96,-250,,0.7143,0.7143,,1,0.6293,-0.0850,-0.0850,ev,none,projection,main,live,20261002CCEAD0D8,2026-10-01T20:06:10.078Z
2026,4,19298,Denzel Boston,CLE,WR,vs PIT,receptions,BetMGM,2.5,under,3.13,125,-165,0.4444,0.4165,0.0671,0,0.3594,-0.0851,-0.0571,ev,multiplicative,projection,main,live,20261002CCEAD0D8,2026-10-01T20:06:10.078Z
2026,4,19298,Denzel Boston,CLE,WR,vs PIT,receptions,Hard Rock,2.5,under,3.13,125,-160,0.4444,0.4194,0.0598,0,0.3594,-0.0851,-0.0600,ev,multiplicative,projection,main,live,20261002CCEAD0D8,2026-10-01T20:06:10.078Z
2026,4,18526,Raheim Sanders,CLE,RB,vs PIT,recYds,Hard Rock,20.5,over,13.62,195,-300,0.3390,0.3113,0.0890,0,0.2537,-0.0853,-0.0576,ev,multiplicative,projection,main,live,20261002CCEAD0D8,2026-10-01T20:06:10.078Z
2026,4,15984,Jaylen Warren,PIT,RB,at CLE,rushYds,theScore,24.5,over,96.25,-5000,,0.9804,0.9804,,1,0.8949,-0.0855,-0.0855,ev,none,projection,main,live,20261002CCEAD0D8,2026-10-01T20:06:10.078Z
2026,4,16889,Darnell Washington,PIT,TE,at CLE,receptions,BetRivers,0.5,over,1.47,-1115,,0.9177,0.9177,,1,0.8320,-0.0857,-0.0857,ev,none,projection,main,live,20261002CCEAD0D8,2026-10-01T20:06:10.078Z
2026,4,13424,DK Metcalf,PIT,WR,at CLE,recYds,Hard Rock,41.5,over,42.16,-150,110,0.6000,0.5575,0.0762,0,0.5143,-0.0857,-0.0433,ev,multiplicative,projection,main,live,20261002CCEAD0D8,2026-10-01T20:06:10.078Z
2026,4,16889,Darnell Washington,PIT,TE,at CLE,recYds,Hard Rock,2.5,under,14.96,350,-600,0.2222,0.2059,0.0794,0,0.1363,-0.0859,-0.0696,ev,multiplicative,projection,main,live,20261002CCEAD0D8,2026-10-01T20:06:10.078Z
2026,4,15267,Pat Freiermuth,PIT,TE,at CLE,recYds,DraftKings,69.5,over,33.66,1000,,0.0909,0.0909,,1,0.0047,-0.0862,-0.0862,ev,none,projection,main,live,20261002CCEAD0D8,2026-10-01T20:06:10.078Z
2026,4,15267,Pat Freiermuth,PIT,TE,at CLE,receptions,Caesars,3.5,under,3.23,-190,145,0.6552,0.6161,0.0633,0,0.5688,-0.0863,-0.0473,ev,multiplicative,projection,main,live,20261002CCEAD0D8,2026-10-01T20:06:10.078Z
2026,4,15267,Pat Freiermuth,PIT,TE,at CLE,recYds,DraftKings,49.5,over,33.66,372,,0.2119,0.2119,,1,0.1253,-0.0865,-0.0865,ev,none,projection,main,live,20261002CCEAD0D8,2026-10-01T20:06:10.078Z
2026,4,16889,Darnell Washington,PIT,TE,at CLE,recYds,BetMGM,16.5,over,14.96,-115,-115,0.5349,0.5000,0.0698,0,0.4484,-0.0865,-0.0516,ev,multiplicative,projection,main,live,20261002CCEAD0D8,2026-10-01T20:06:10.078Z
2026,4,13424,DK Metcalf,PIT,WR,at CLE,recYds,FanDuel,45.5,over,42.16,-113,-113,0.5305,0.5000,0.0610,0,0.4439,-0.0866,-0.0561,ev,multiplicative,projection,main,live,20261002CCEAD0D8,2026-10-01T20:06:10.078Z
2026,4,13424,DK Metcalf,PIT,WR,at CLE,recYds,Hard Rock,29.5,under,42.16,200,-300,0.3333,0.3077,0.0833,0,0.2466,-0.0868,-0.0611,ev,multiplicative,projection,main,live,20261002CCEAD0D8,2026-10-01T20:06:10.078Z
2026,4,13424,DK Metcalf,PIT,WR,at CLE,recYds,Hard Rock,40.5,over,42.16,-165,115,0.6226,0.5724,0.0878,0,0.5358,-0.0868,-0.0366,ev,multiplicative,projection,main,live,20261002CCEAD0D8,2026-10-01T20:06:10.078Z
2026,4,18516,Quinshon Judkins,CLE,RB,vs PIT,recYds,FanDuel,11.5,under,12.98,-113,-113,0.5305,0.5000,0.0610,0,0.4435,-0.0871,-0.0565,ev,multiplicative,projection,main,live,20261002CCEAD0D8,2026-10-01T20:06:10.078Z
2026,4,18526,Raheim Sanders,CLE,RB,vs PIT,recYds,Hard Rock,41.5,over,13.62,1000,-4000,0.0909,0.0852,0.0665,0,0.0036,-0.0873,-0.0816,ev,multiplicative,projection,main,live,20261002CCEAD0D8,2026-10-01T20:06:10.078Z
2026,4,15267,Pat Freiermuth,PIT,TE,at CLE,recYds,Hard Rock,37.5,under,33.66,-230,160,0.6970,0.6444,0.0816,0,0.6097,-0.0873,-0.0347,ev,multiplicative,projection,main,live,20261002CCEAD0D8,2026-10-01T20:06:10.078Z
2026,4,15984,Jaylen Warren,PIT,RB,at CLE,receptions,Caesars,5.5,over,3.34,400,,0.2000,0.2000,,1,0.1124,-0.0876,-0.0876,ev,none,projection,main,live,20261002CCEAD0D8,2026-10-01T20:06:10.078Z
2026,4,17043,Roman Wilson,PIT,WR,at CLE,recYds,Hard Rock,25.5,over,20.34,120,-160,0.4545,0.4248,0.0699,0,0.3666,-0.0879,-0.0582,ev,multiplicative,projection,main,live,20261002CCEAD0D8,2026-10-01T20:06:10.078Z
2026,4,18472,Harold Fannin Jr.,CLE,TE,vs PIT,recYds,Hard Rock,45.5,under,44.69,-155,110,0.6078,0.5607,0.0840,0,0.5200,-0.0879,-0.0408,ev,multiplicative,projection,main,live,20261002CCEAD0D8,2026-10-01T20:06:10.078Z
2026,4,18526,Raheim Sanders,CLE,RB,vs PIT,recYds,Hard Rock,21.5,over,13.62,220,-325,0.3125,0.2901,0.0772,0,0.2238,-0.0887,-0.0663,ev,multiplicative,projection,main,live,20261002CCEAD0D8,2026-10-01T20:06:10.078Z
2026,4,4307,Aaron Rodgers,PIT,QB,at CLE,completions,Hard Rock,19.5,over,19.18,-130,100,0.5652,0.5306,0.0652,0,0.4764,-0.0888,-0.0542,ev,multiplicative,projection,main,live,20261002CCEAD0D8,2026-10-01T20:06:10.078Z
2026,4,4307,Aaron Rodgers,PIT,QB,at CLE,completions,theScore,19.5,over,19.18,-130,100,0.5652,0.5306,0.0652,0,0.4764,-0.0888,-0.0542,ev,multiplicative,projection,main,live,20261002CCEAD0D8,2026-10-01T20:06:10.078Z
2026,4,18516,Quinshon Judkins,CLE,RB,vs PIT,recYds,Caesars,11.5,under,12.98,-114,-114,0.5327,0.5000,0.0654,0,0.4435,-0.0892,-0.0565,ev,multiplicative,projection,main,live,20261002CCEAD0D8,2026-10-01T20:06:10.078Z
2026,4,16889,Darnell Washington,PIT,TE,at CLE,receptions,DraftKings,4.5,over,1.47,920,,0.0980,0.0980,,1,0.0087,-0.0893,-0.0893,ev,none,projection,main,live,20261002CCEAD0D8,2026-10-01T20:06:10.078Z
2026,4,13424,DK Metcalf,PIT,WR,at CLE,recYds,Hard Rock,27.5,under,42.16,230,-350,0.3030,0.2804,0.0808,0,0.2137,-0.0893,-0.0667,ev,multiplicative,projection,main,live,20261002CCEAD0D8,2026-10-01T20:06:10.078Z
2026,4,15267,Pat Freiermuth,PIT,TE,at CLE,receptions,FanDuel,5.5,over,3.23,518,,0.1618,0.1618,,1,0.0724,-0.0894,-0.0894,ev,none,projection,main,live,20261002CCEAD0D8,2026-10-01T20:06:10.078Z
2026,4,13424,DK Metcalf,PIT,WR,at CLE,recYds,Hard Rock,112.5,over,42.16,1000,,0.0909,0.0909,,1,0.0015,-0.0894,-0.0894,ev,none,projection,main,live,20261002CCEAD0D8,2026-10-01T20:06:10.078Z
2026,4,13424,DK Metcalf,PIT,WR,at CLE,recYds,DraftKings,109.5,over,42.16,990,,0.0917,0.0917,,1,0.0022,-0.0895,-0.0895,ev,none,projection,main,live,20261002CCEAD0D8,2026-10-01T20:06:10.078Z
2026,4,15984,Jaylen Warren,PIT,RB,at CLE,receptions,FanDuel,1.5,over,3.34,-901,,0.9001,0.9001,,1,0.8106,-0.0895,-0.0895,ev,none,projection,main,live,20261002CCEAD0D8,2026-10-01T20:06:10.078Z
2026,4,16889,Darnell Washington,PIT,TE,at CLE,receptions,FanDuel,4.5,over,1.47,918,,0.0982,0.0982,,1,0.0087,-0.0895,-0.0895,ev,none,projection,main,live,20261002CCEAD0D8,2026-10-01T20:06:10.078Z
2026,4,15984,Jaylen Warren,PIT,RB,at CLE,rushYds,Hard Rock,56.5,under,96.25,200,-300,0.3333,0.3077,0.0833,0,0.2438,-0.0895,-0.0639,ev,multiplicative,projection,main,live,20261002CCEAD0D8,2026-10-01T20:06:10.078Z
2026,4,13424,DK Metcalf,PIT,WR,at CLE,recYds,Hard Rock,113.5,over,42.16,1000,-4000,0.0909,0.0852,0.0665,0,0.0013,-0.0896,-0.0839,ev,multiplicative,projection,main,live,20261002CCEAD0D8,2026-10-01T20:06:10.078Z
2026,4,18472,Harold Fannin Jr.,CLE,TE,vs PIT,recYds,Hard Rock,94.5,over,44.69,1000,-4000,0.0909,0.0852,0.0665,0,0.0010,-0.0899,-0.0842,ev,multiplicative,projection,main,live,20261002CCEAD0D8,2026-10-01T20:06:10.078Z
2026,4,4307,Aaron Rodgers,PIT,QB,at CLE,passYds,Hard Rock,315.5,over,184.84,900,,0.1000,0.1000,,1,0.0101,-0.0899,-0.0899,ev,none,projection,main,live,20261002CCEAD0D8,2026-10-01T20:06:10.078Z
2026,4,15984,Jaylen Warren,PIT,RB,at CLE,recYds,FanDuel,19.5,over,22.75,-197,,0.6633,0.6633,,1,0.5731,-0.0902,-0.0902,ev,none,projection,main,live,20261002CCEAD0D8,2026-10-01T20:06:10.078Z
2026,4,19263,Germie Bernard,PIT,WR,at CLE,recYds,Hard Rock,42.5,over,9.67,1000,,0.0909,0.0909,,1,0.0006,-0.0903,-0.0903,ev,none,projection,main,live,20261002CCEAD0D8,2026-10-01T20:06:10.078Z
2026,4,4307,Aaron Rodgers,PIT,QB,at CLE,passYds,Hard Rock,316.5,over,184.84,900,,0.1000,0.1000,,1,0.0096,-0.0904,-0.0904,ev,none,projection,main,live,20261002CCEAD0D8,2026-10-01T20:06:10.078Z
2026,4,17043,Roman Wilson,PIT,WR,at CLE,recYds,FanDuel,69.5,over,20.34,998,,0.0911,0.0911,,1,0.0006,-0.0905,-0.0905,ev,none,projection,main,live,20261002CCEAD0D8,2026-10-01T20:06:10.078Z
2026,4,15267,Pat Freiermuth,PIT,TE,at CLE,recYds,Hard Rock,45.5,over,33.66,250,,0.2857,0.2857,,1,0.1953,-0.0905,-0.0905,ev,none,projection,main,live,20261002CCEAD0D8,2026-10-01T20:06:10.078Z
2026,4,11712,Deshaun Watson,CLE,QB,vs PIT,passAtt,DraftKings,25.5,over,29.14,-294,,0.7462,0.7462,,1,0.6556,-0.0906,-0.0906,ev,none,projection,main,live,20261002CCEAD0D8,2026-10-01T20:06:10.078Z
2026,4,18526,Raheim Sanders,CLE,RB,vs PIT,receptions,DraftKings,4.5,over,1.72,850,,0.1053,0.1053,,1,0.0146,-0.0906,-0.0906,ev,none,projection,main,live,20261002CCEAD0D8,2026-10-01T20:06:10.078Z
2026,4,13424,DK Metcalf,PIT,WR,at CLE,receptions,FanDuel,6.5,over,3.17,468,,0.1761,0.1761,,1,0.0854,-0.0906,-0.0906,ev,none,projection,main,live,20261002CCEAD0D8,2026-10-01T20:06:10.078Z
2026,4,17043,Roman Wilson,PIT,WR,at CLE,recYds,Hard Rock,72.5,over,20.34,1000,,0.0909,0.0909,,1,0.0003,-0.0906,-0.0906,ev,none,projection,main,live,20261002CCEAD0D8,2026-10-01T20:06:10.078Z
2026,4,15984,Jaylen Warren,PIT,RB,at CLE,recYds,Hard Rock,70.5,over,22.75,1000,-4000,0.0909,0.0852,0.0665,0,0.0002,-0.0907,-0.0850,ev,multiplicative,projection,main,live,20261002CCEAD0D8,2026-10-01T20:06:10.078Z
2026,4,17043,Roman Wilson,PIT,WR,at CLE,recYds,Hard Rock,73.5,over,20.34,1000,,0.0909,0.0909,,1,0.0002,-0.0907,-0.0907,ev,none,projection,main,live,20261002CCEAD0D8,2026-10-01T20:06:10.078Z
2026,4,15984,Jaylen Warren,PIT,RB,at CLE,recYds,Hard Rock,69.5,over,22.75,1000,-4000,0.0909,0.0852,0.0665,0,0.0003,-0.0907,-0.0850,ev,multiplicative,projection,main,live,20261002CCEAD0D8,2026-10-01T20:06:10.078Z
2026,4,17043,Roman Wilson,PIT,WR,at CLE,receptions,BetRivers,0.5,over,1.96,-1667,,0.9434,0.9434,,1,0.8526,-0.0908,-0.0908,ev,none,projection,main,live,20261002CCEAD0D8,2026-10-01T20:06:10.078Z
2026,4,18516,Quinshon Judkins,CLE,RB,vs PIT,rushYds,Hard Rock,124.5,over,42.39,1000,-4000,0.0909,0.0852,0.0665,0,0.0001,-0.0908,-0.0852,ev,multiplicative,projection,main,live,20261002CCEAD0D8,2026-10-01T20:06:10.078Z
2026,4,4307,Aaron Rodgers,PIT,QB,at CLE,passYds,Hard Rock,317.5,over,184.84,900,,0.1000,0.1000,,1,0.0092,-0.0908,-0.0908,ev,none,projection,main,live,20261002CCEAD0D8,2026-10-01T20:06:10.078Z
2026,4,18516,Quinshon Judkins,CLE,RB,vs PIT,rushYds,Hard Rock,122.5,over,42.39,1000,-4000,0.0909,0.0852,0.0665,0,0.0001,-0.0908,-0.0851,ev,multiplicative,projection,main,live,20261002CCEAD0D8,2026-10-01T20:06:10.078Z
2026,4,18516,Quinshon Judkins,CLE,RB,vs PIT,rushYds,Hard Rock,123.5,over,42.39,1000,-4000,0.0909,0.0852,0.0665,0,0.0001,-0.0908,-0.0851,ev,multiplicative,projection,main,live,20261002CCEAD0D8,2026-10-01T20:06:10.078Z
2026,4,13424,DK Metcalf,PIT,WR,at CLE,recYds,BetMGM,45.5,over,42.16,-115,-115,0.5349,0.5000,0.0698,0,0.4439,-0.0909,-0.0561,ev,multiplicative,projection,main,live,20261002CCEAD0D8,2026-10-01T20:06:10.078Z
2026,4,13424,DK Metcalf,PIT,WR,at CLE,recYds,BetRivers,45.5,over,42.16,-115,-115,0.5349,0.5000,0.0698,0,0.4439,-0.0909,-0.0561,ev,multiplicative,projection,main,live,20261002CCEAD0D8,2026-10-01T20:06:10.078Z
2026,4,11712,Deshaun Watson,CLE,QB,vs PIT,rushYds,Hard Rock,67.5,over,17.22,1000,-4000,0.0909,0.0852,0.0665,0,0.0000,-0.0909,-0.0852,ev,multiplicative,projection,main,live,20261002CCEAD0D8,2026-10-01T20:06:10.078Z
2026,4,16889,Darnell Washington,PIT,TE,at CLE,recYds,Hard Rock,63.5,over,14.96,1000,,0.0909,0.0909,,1,0.0000,-0.0909,-0.0909,ev,none,projection,main,live,20261002CCEAD0D8,2026-10-01T20:06:10.078Z
2026,4,13484,Travis Homer,PIT,RB,at CLE,rushYds,Hard Rock,26.5,under,13.65,-4000,900,0.9756,0.9070,0.0756,0,0.8847,-0.0909,-0.0223,ev,multiplicative,projection,main,live,20261002CCEAD0D8,2026-10-01T20:06:10.078Z
2026,4,11712,Deshaun Watson,CLE,QB,vs PIT,rushYds,Hard Rock,68.5,over,17.22,1000,,0.0909,0.0909,,1,0.0000,-0.0909,-0.0909,ev,none,projection,main,live,20261002CCEAD0D8,2026-10-01T20:06:10.078Z
2026,4,17043,Roman Wilson,PIT,WR,at CLE,recYds,BetRivers,29.5,over,20.34,175,,0.3636,0.3636,,1,0.2725,-0.0911,-0.0911,ev,none,projection,main,live,20261002CCEAD0D8,2026-10-01T20:06:10.078Z
2026,4,15984,Jaylen Warren,PIT,RB,at CLE,rushYds,DraftKings,39.5,over,96.25,-1340,,0.9306,0.9306,,1,0.8391,-0.0914,-0.0914,ev,none,projection,main,live,20261002CCEAD0D8,2026-10-01T20:06:10.078Z
2026,4,14458,Jerry Jeudy,CLE,WR,vs PIT,recYds,theScore,14.5,under,17.27,-110,-120,0.5238,0.4899,0.0693,0,0.4318,-0.0920,-0.0581,ev,multiplicative,projection,main,live,20261002CCEAD0D8,2026-10-01T20:06:10.078Z
2026,4,15984,Jaylen Warren,PIT,RB,at CLE,receptions,DraftKings,1.5,over,3.34,-930,,0.9029,0.9029,,1,0.8106,-0.0923,-0.0923,ev,none,projection,main,live,20261002CCEAD0D8,2026-10-01T20:06:10.078Z
2026,4,15267,Pat Freiermuth,PIT,TE,at CLE,recYds,Hard Rock,47.5,over,33.66,300,-450,0.2500,0.2340,0.0682,0,0.1577,-0.0923,-0.0763,ev,multiplicative,projection,main,live,20261002CCEAD0D8,2026-10-01T20:06:10.078Z
2026,4,14458,Jerry Jeudy,CLE,WR,vs PIT,recYds,BetMGM,13.5,under,17.27,100,-135,0.5000,0.4653,0.0745,0,0.4075,-0.0925,-0.0578,ev,multiplicative,projection,main,live,20261002CCEAD0D8,2026-10-01T20:06:10.078Z
2026,4,16889,Darnell Washington,PIT,TE,at CLE,recYds,Hard Rock,15.5,over,14.96,-135,-105,0.5745,0.5287,0.0867,0,0.4819,-0.0926,-0.0468,ev,multiplicative,projection,main,live,20261002CCEAD0D8,2026-10-01T20:06:10.078Z
2026,4,18472,Harold Fannin Jr.,CLE,TE,vs PIT,recYds,Hard Rock,55.5,over,44.69,190,,0.3448,0.3448,,1,0.2522,-0.0927,-0.0927,ev,none,projection,main,live,20261002CCEAD0D8,2026-10-01T20:06:10.078Z
2026,4,15984,Jaylen Warren,PIT,RB,at CLE,recYds,BetRivers,24.5,over,22.75,-118,-113,0.5413,0.5050,0.0718,0,0.4483,-0.0930,-0.0567,ev,multiplicative,projection,main,live,20261002CCEAD0D8,2026-10-01T20:06:10.078Z
2026,4,15984,Jaylen Warren,PIT,RB,at CLE,rushAtt,Hard Rock,14.5,over,17.68,-275,,0.7333,0.7333,,1,0.6403,-0.0930,-0.0930,ev,none,projection,main,live,20261002CCEAD0D8,2026-10-01T20:06:10.078Z
2026,4,15984,Jaylen Warren,PIT,RB,at CLE,recYds,FanDuel,9.5,over,22.75,-652,,0.8670,0.8670,,1,0.7737,-0.0933,-0.0933,ev,none,projection,main,live,20261002CCEAD0D8,2026-10-01T20:06:10.078Z
2026,4,18516,Quinshon Judkins,CLE,RB,vs PIT,rushYds,DraftKings,109.5,over,42.39,960,,0.0943,0.0943,,1,0.0010,-0.0934,-0.0934,ev,none,projection,main,live,20261002CCEAD0D8,2026-10-01T20:06:10.078Z
2026,4,19263,Germie Bernard,PIT,WR,at CLE,receptions,DraftKings,3.5,over,0.84,930,,0.0971,0.0971,,1,0.0037,-0.0934,-0.0934,ev,none,projection,main,live,20261002CCEAD0D8,2026-10-01T20:06:10.078Z
2026,4,14458,Jerry Jeudy,CLE,WR,vs PIT,recYds,Hard Rock,4.5,under,17.27,225,-325,0.3077,0.2869,0.0724,0,0.2141,-0.0936,-0.0729,ev,multiplicative,projection,main,live,20261002CCEAD0D8,2026-10-01T20:06:10.078Z
2026,4,15984,Jaylen Warren,PIT,RB,at CLE,receptions,Hard Rock,4.5,over,3.34,185,-275,0.3509,0.3236,0.0842,0,0.2572,-0.0937,-0.0664,ev,multiplicative,projection,main,live,20261002CCEAD0D8,2026-10-01T20:06:10.078Z
2026,4,4307,Aaron Rodgers,PIT,QB,at CLE,passYds,Hard Rock,312.5,over,184.84,850,-3000,0.1053,0.0981,0.0730,0,0.0116,-0.0937,-0.0865,ev,multiplicative,projection,main,live,20261002CCEAD0D8,2026-10-01T20:06:10.078Z
2026,4,13424,DK Metcalf,PIT,WR,at CLE,recYds,Hard Rock,23.5,under,42.16,300,-450,0.2500,0.2340,0.0682,0,0.1562,-0.0938,-0.0778,ev,multiplicative,projection,main,live,20261002CCEAD0D8,2026-10-01T20:06:10.078Z
2026,4,15984,Jaylen Warren,PIT,RB,at CLE,receptions,Hard Rock,2.5,over,3.34,-300,200,0.7500,0.6923,0.0833,0,0.6561,-0.0939,-0.0362,ev,multiplicative,projection,main,live,20261002CCEAD0D8,2026-10-01T20:06:10.078Z
2026,4,13424,DK Metcalf,PIT,WR,at CLE,recYds,Hard Rock,25.5,under,42.16,260,-400,0.2778,0.2577,0.0778,0,0.1836,-0.0942,-0.0742,ev,multiplicative,projection,main,live,20261002CCEAD0D8,2026-10-01T20:06:10.078Z
2026,4,4307,Aaron Rodgers,PIT,QB,at CLE,passYds,Hard Rock,313.5,over,184.84,850,-3000,0.1053,0.0981,0.0730,0,0.0111,-0.0942,-0.0870,ev,multiplicative,projection,main,live,20261002CCEAD0D8,2026-10-01T20:06:10.078Z
2026,4,14458,Jerry Jeudy,CLE,WR,vs PIT,recYds,DraftKings,14.5,under,17.27,-111,-113,0.5261,0.4979,0.0566,0,0.4318,-0.0943,-0.0661,ev,multiplicative,projection,main,live,20261002CCEAD0D8,2026-10-01T20:06:10.078Z
2026,4,15267,Pat Freiermuth,PIT,TE,at CLE,receptions,theScore,5.5,over,3.23,500,,0.1667,0.1667,,1,0.0724,-0.0943,-0.0943,ev,none,projection,main,live,20261002CCEAD0D8,2026-10-01T20:06:10.078Z
2026,4,18526,Raheim Sanders,CLE,RB,vs PIT,receptions,Caesars,2.5,over,1.72,174,,0.3650,0.3650,,1,0.2704,-0.0946,-0.0946,ev,none,projection,main,live,20261002CCEAD0D8,2026-10-01T20:06:10.078Z
2026,4,14458,Jerry Jeudy,CLE,WR,vs PIT,receptions,Caesars,1.5,under,1.43,-152,116,0.6032,0.5658,0.0661,0,0.5084,-0.0947,-0.0573,ev,multiplicative,projection,main,live,20261002CCEAD0D8,2026-10-01T20:06:10.078Z
2026,4,14458,Jerry Jeudy,CLE,WR,vs PIT,receptions,FanDuel,1.5,under,1.43,-152,114,0.6032,0.5635,0.0705,0,0.5084,-0.0947,-0.0550,ev,multiplicative,projection,main,live,20261002CCEAD0D8,2026-10-01T20:06:10.078Z
2026,4,13424,DK Metcalf,PIT,WR,at CLE,recYds,theScore,44.5,over,42.16,-125,-105,0.5556,0.5203,0.0678,0,0.4607,-0.0949,-0.0596,ev,multiplicative,projection,main,live,20261002CCEAD0D8,2026-10-01T20:06:10.078Z
2026,4,17043,Roman Wilson,PIT,WR,at CLE,recYds,FanDuel,29.5,over,20.34,172,,0.3676,0.3676,,1,0.2725,-0.0951,-0.0951,ev,none,projection,main,live,20261002CCEAD0D8,2026-10-01T20:06:10.078Z
2026,4,19298,Denzel Boston,CLE,WR,vs PIT,receptions,theScore,2.5,under,3.13,120,-155,0.4545,0.4279,0.0624,0,0.3594,-0.0952,-0.0685,ev,multiplicative,projection,main,live,20261002CCEAD0D8,2026-10-01T20:06:10.078Z
2026,4,19298,Denzel Boston,CLE,WR,vs PIT,receptions,Circa Sports,2.5,under,3.13,120,-140,0.4545,0.4380,0.0379,0,0.3594,-0.0952,-0.0786,ev,multiplicative,projection,main,live,20261002CCEAD0D8,2026-10-01T20:06:10.078Z
2026,4,18526,Raheim Sanders,CLE,RB,vs PIT,recYds,Hard Rock,40.5,over,13.62,900,-4000,0.1000,0.0930,0.0756,0,0.0048,-0.0952,-0.0882,ev,multiplicative,projection,main,live,20261002CCEAD0D8,2026-10-01T20:06:10.078Z
2026,4,15984,Jaylen Warren,PIT,RB,at CLE,receptions,Caesars,6.5,over,3.34,650,,0.1333,0.1333,,1,0.0379,-0.0955,-0.0955,ev,none,projection,main,live,20261002CCEAD0D8,2026-10-01T20:06:10.078Z
2026,4,18472,Harold Fannin Jr.,CLE,TE,vs PIT,recYds,Hard Rock,44.5,under,44.69,-145,105,0.5918,0.5482,0.0796,0,0.4961,-0.0957,-0.0520,ev,multiplicative,projection,main,live,20261002CCEAD0D8,2026-10-01T20:06:10.078Z
2026,4,13424,DK Metcalf,PIT,WR,at CLE,recYds,Hard Rock,26.5,under,42.16,240,-375,0.2941,0.2714,0.0836,0,0.1983,-0.0958,-0.0731,ev,multiplicative,projection,main,live,20261002CCEAD0D8,2026-10-01T20:06:10.078Z
2026,4,18516,Quinshon Judkins,CLE,RB,vs PIT,rushAtt,Hard Rock,11.5,over,16.49,-800,,0.8889,0.8889,,1,0.7930,-0.0959,-0.0959,ev,none,projection,main,live,20261002CCEAD0D8,2026-10-01T20:06:10.078Z
2026,4,15267,Pat Freiermuth,PIT,TE,at CLE,receptions,Hard Rock,1.5,under,3.23,375,-650,0.2105,0.1954,0.0772,0,0.1145,-0.0960,-0.0809,ev,multiplicative,projection,main,live,20261002CCEAD0D8,2026-10-01T20:06:10.078Z
2026,4,15984,Jaylen Warren,PIT,RB,at CLE,rushYds,Hard Rock,58.5,under,96.25,185,-260,0.3509,0.3270,0.0731,0,0.2549,-0.0960,-0.0721,ev,multiplicative,projection,main,live,20261002CCEAD0D8,2026-10-01T20:06:10.078Z
2026,4,17043,Roman Wilson,PIT,WR,at CLE,recYds,theScore,24.5,over,20.34,105,-135,0.4878,0.4592,0.0623,0,0.3917,-0.0961,-0.0675,ev,multiplicative,projection,main,live,20261002CCEAD0D8,2026-10-01T20:06:10.078Z
2026,4,18472,Harold Fannin Jr.,CLE,TE,vs PIT,receptions,FanDuel,7.5,over,4.41,576,,0.1479,0.1479,,1,0.0517,-0.0962,-0.0962,ev,none,projection,main,live,20261002CCEAD0D8,2026-10-01T20:06:10.078Z
2026,4,15984,Jaylen Warren,PIT,RB,at CLE,rushYds,Hard Rock,137.5,under,96.25,-1800,650,0.9474,0.8766,0.0807,0,0.8510,-0.0963,-0.0256,ev,multiplicative,projection,main,live,20261002CCEAD0D8,2026-10-01T20:06:10.078Z
2026,4,18516,Quinshon Judkins,CLE,RB,vs PIT,recYds,FanDuel,39.5,over,12.98,798,,0.1114,0.1114,,1,0.0150,-0.0964,-0.0964,ev,none,projection,main,live,20261002CCEAD0D8,2026-10-01T20:06:10.078Z
2026,4,13424,DK Metcalf,PIT,WR,at CLE,recYds,DraftKings,46.5,over,42.16,-110,-114,0.5238,0.4958,0.0565,0,0.4273,-0.0965,-0.0685,ev,multiplicative,projection,main,live,20261002CCEAD0D8,2026-10-01T20:06:10.078Z
2026,4,15984,Jaylen Warren,PIT,RB,at CLE,rushYds,Hard Rock,59.5,under,96.25,180,-260,0.3571,0.3309,0.0794,0,0.2605,-0.0966,-0.0703,ev,multiplicative,projection,main,live,20261002CCEAD0D8,2026-10-01T20:06:10.078Z
2026,4,17130,Blake Whiteheart,CLE,TE,vs PIT,recYds,Hard Rock,19.5,under,9.35,-1200,525,0.9231,0.8523,0.0831,0,0.8262,-0.0969,-0.0261,ev,multiplicative,projection,main,live,20261002CCEAD0D8,2026-10-01T20:06:10.078Z
2026,4,16889,Darnell Washington,PIT,TE,at CLE,recYds,Caesars,16.5,over,14.96,-120,-112,0.5455,0.5080,0.0738,0,0.4484,-0.0970,-0.0596,ev,multiplicative,projection,main,live,20261002CCEAD0D8,2026-10-01T20:06:10.078Z
2026,4,19263,Germie Bernard,PIT,WR,at CLE,recYds,DraftKings,14.5,over,9.67,141,,0.4149,0.4149,,1,0.3179,-0.0970,-0.0970,ev,none,projection,main,live,20261002CCEAD0D8,2026-10-01T20:06:10.078Z
2026,4,16889,Darnell Washington,PIT,TE,at CLE,recYds,Hard Rock,16.5,over,14.96,-120,-110,0.5455,0.5101,0.0693,0,0.4484,-0.0970,-0.0617,ev,multiplicative,projection,main,live,20261002CCEAD0D8,2026-10-01T20:06:10.078Z
2026,4,13424,DK Metcalf,PIT,WR,at CLE,recYds,Hard Rock,43.5,over,42.16,-135,100,0.5745,0.5347,0.0745,0,0.4774,-0.0970,-0.0572,ev,multiplicative,projection,main,live,20261002CCEAD0D8,2026-10-01T20:06:10.078Z
2026,4,18472,Harold Fannin Jr.,CLE,TE,vs PIT,recYds,DraftKings,89.5,over,44.69,900,,0.1000,0.1000,,1,0.0028,-0.0972,-0.0972,ev,none,projection,main,live,20261002CCEAD0D8,2026-10-01T20:06:10.078Z
2026,4,15984,Jaylen Warren,PIT,RB,at CLE,receptions,FanDuel,6.5,over,3.34,639,,0.1353,0.1353,,1,0.0379,-0.0975,-0.0975,ev,none,projection,main,live,20261002CCEAD0D8,2026-10-01T20:06:10.078Z
2026,4,13424,DK Metcalf,PIT,WR,at CLE,recYds,Hard Rock,42.5,over,42.16,-145,105,0.5918,0.5482,0.0796,0,0.4943,-0.0976,-0.0539,ev,multiplicative,projection,main,live,20261002CCEAD0D8,2026-10-01T20:06:10.078Z
2026,4,15267,Pat Freiermuth,PIT,TE,at CLE,recYds,Hard Rock,72.5,over,33.66,900,,0.1000,0.1000,,1,0.0024,-0.0976,-0.0976,ev,none,projection,main,live,20261002CCEAD0D8,2026-10-01T20:06:10.078Z
2026,4,13424,DK Metcalf,PIT,WR,at CLE,receptions,theScore,5.5,over,3.17,275,,0.2667,0.2667,,1,0.1690,-0.0977,-0.0977,ev,none,projection,main,live,20261002CCEAD0D8,2026-10-01T20:06:10.078Z
2026,4,4307,Aaron Rodgers,PIT,QB,at CLE,passYds,DraftKings,309.5,over,184.84,800,,0.1111,0.1111,,1,0.0133,-0.0978,-0.0978,ev,none,projection,main,live,20261002CCEAD0D8,2026-10-01T20:06:10.078Z
2026,4,15267,Pat Freiermuth,PIT,TE,at CLE,recYds,FanDuel,69.5,over,33.66,876,,0.1025,0.1025,,1,0.0047,-0.0978,-0.0978,ev,none,projection,main,live,20261002CCEAD0D8,2026-10-01T20:06:10.078Z
2026,4,4307,Aaron Rodgers,PIT,QB,at CLE,passYds,Hard Rock,309.5,over,184.84,800,-2500,0.1111,0.1036,0.0726,0,0.0133,-0.0978,-0.0903,ev,multiplicative,projection,main,live,20261002CCEAD0D8,2026-10-01T20:06:10.078Z
2026,4,13424,DK Metcalf,PIT,WR,at CLE,recYds,Hard Rock,110.5,over,42.16,900,,0.1000,0.1000,,1,0.0020,-0.0980,-0.0980,ev,none,projection,main,live,20261002CCEAD0D8,2026-10-01T20:06:10.078Z
2026,4,15984,Jaylen Warren,PIT,RB,at CLE,recYds,FanDuel,69.5,over,22.75,917,,0.0983,0.0983,,1,0.0003,-0.0981,-0.0981,ev,none,projection,main,live,20261002CCEAD0D8,2026-10-01T20:06:10.078Z
2026,4,14458,Jerry Jeudy,CLE,WR,vs PIT,recYds,Hard Rock,2.5,under,17.27,260,-425,0.2778,0.2555,0.0873,0,0.1797,-0.0981,-0.0758,ev,multiplicative,projection,main,live,20261002CCEAD0D8,2026-10-01T20:06:10.078Z
2026,4,15267,Pat Freiermuth,PIT,TE,at CLE,recYds,Hard Rock,73.5,over,33.66,900,-4000,0.1000,0.0930,0.0756,0,0.0019,-0.0981,-0.0910,ev,multiplicative,projection,main,live,20261002CCEAD0D8,2026-10-01T20:06:10.078Z
2026,4,11712,Deshaun Watson,CLE,QB,vs PIT,rushYds,FanDuel,69.5,over,17.22,918,,0.0982,0.0982,,1,0.0000,-0.0982,-0.0982,ev,none,projection,main,live,20261002CCEAD0D8,2026-10-01T20:06:10.078Z
2026,4,11712,Deshaun Watson,CLE,QB,vs PIT,passYds,Hard Rock,160.5,under,218.73,180,-260,0.3571,0.3309,0.0794,0,0.2588,-0.0983,-0.0721,ev,multiplicative,projection,main,live,20261002CCEAD0D8,2026-10-01T20:06:10.078Z
2026,4,15984,Jaylen Warren,PIT,RB,at CLE,rushAtt,theScore,6.5,over,17.68,-20000,,0.9950,0.9950,,1,0.8967,-0.0983,-0.0983,ev,none,projection,main,live,20261002CCEAD0D8,2026-10-01T20:06:10.078Z
2026,4,13424,DK Metcalf,PIT,WR,at CLE,recYds,Hard Rock,111.5,over,42.16,900,,0.1000,0.1000,,1,0.0017,-0.0983,-0.0983,ev,none,projection,main,live,20261002CCEAD0D8,2026-10-01T20:06:10.078Z
2026,4,13424,DK Metcalf,PIT,WR,at CLE,receptions,DraftKings,4.5,over,3.17,156,,0.3906,0.3906,,1,0.2922,-0.0984,-0.0984,ev,none,projection,main,live,20261002CCEAD0D8,2026-10-01T20:06:10.078Z
2026,4,4307,Aaron Rodgers,PIT,QB,at CLE,passYds,Hard Rock,310.5,over,184.84,800,,0.1111,0.1111,,1,0.0127,-0.0984,-0.0984,ev,none,projection,main,live,20261002CCEAD0D8,2026-10-01T20:06:10.078Z
2026,4,18472,Harold Fannin Jr.,CLE,TE,vs PIT,recYds,Hard Rock,92.5,over,44.69,900,,0.1000,0.1000,,1,0.0016,-0.0984,-0.0984,ev,none,projection,main,live,20261002CCEAD0D8,2026-10-01T20:06:10.078Z
2026,4,19263,Germie Bernard,PIT,WR,at CLE,receptions,FanDuel,3.5,over,0.84,878,,0.1022,0.1022,,1,0.0037,-0.0985,-0.0985,ev,none,projection,main,live,20261002CCEAD0D8,2026-10-01T20:06:10.078Z
2026,4,15984,Jaylen Warren,PIT,RB,at CLE,receptions,BetRivers,1.5,over,3.34,-1000,,0.9091,0.9091,,1,0.8106,-0.0985,-0.0985,ev,none,projection,main,live,20261002CCEAD0D8,2026-10-01T20:06:10.078Z
2026,4,15984,Jaylen Warren,PIT,RB,at CLE,rushYds,Hard Rock,135.5,under,96.25,-1500,600,0.9375,0.8678,0.0804,0,0.8390,-0.0985,-0.0288,ev,multiplicative,projection,main,live,20261002CCEAD0D8,2026-10-01T20:06:10.078Z
2026,4,15267,Pat Freiermuth,PIT,TE,at CLE,recYds,Hard Rock,74.5,over,33.66,900,,0.1000,0.1000,,1,0.0015,-0.0985,-0.0985,ev,none,projection,main,live,20261002CCEAD0D8,2026-10-01T20:06:10.078Z
2026,4,15984,Jaylen Warren,PIT,RB,at CLE,receptions,theScore,1.5,over,3.34,-1000,,0.9091,0.9091,,1,0.8106,-0.0985,-0.0985,ev,none,projection,main,live,20261002CCEAD0D8,2026-10-01T20:06:10.078Z
2026,4,14458,Jerry Jeudy,CLE,WR,vs PIT,recYds,FanDuel,14.5,under,17.27,-113,-113,0.5305,0.5000,0.0610,0,0.4318,-0.0988,-0.0682,ev,multiplicative,projection,main,live,20261002CCEAD0D8,2026-10-01T20:06:10.078Z
2026,4,15267,Pat Freiermuth,PIT,TE,at CLE,recYds,FanDuel,49.5,over,33.66,346,,0.2242,0.2242,,1,0.1253,-0.0989,-0.0989,ev,none,projection,main,live,20261002CCEAD0D8,2026-10-01T20:06:10.078Z
2026,4,18526,Raheim Sanders,CLE,RB,vs PIT,recYds,Hard Rock,39.5,over,13.62,850,-3000,0.1053,0.0981,0.0730,0,0.0063,-0.0989,-0.0918,ev,multiplicative,projection,main,live,20261002CCEAD0D8,2026-10-01T20:06:10.078Z
2026,4,4307,Aaron Rodgers,PIT,QB,at CLE,passYds,Hard Rock,311.5,over,184.84,800,,0.1111,0.1111,,1,0.0122,-0.0990,-0.0990,ev,none,projection,main,live,20261002CCEAD0D8,2026-10-01T20:06:10.078Z
2026,4,19263,Germie Bernard,PIT,WR,at CLE,recYds,Hard Rock,41.5,over,9.67,900,-4000,0.1000,0.0930,0.0756,0,0.0009,-0.0991,-0.0921,ev,multiplicative,projection,main,live,20261002CCEAD0D8,2026-10-01T20:06:10.078Z
2026,4,19298,Denzel Boston,CLE,WR,vs PIT,receptions,FanDuel,2.5,under,3.13,118,-158,0.4587,0.4283,0.0711,0,0.3594,-0.0993,-0.0689,ev,multiplicative,projection,main,live,20261002CCEAD0D8,2026-10-01T20:06:10.078Z
2026,4,19298,Denzel Boston,CLE,WR,vs PIT,receptions,DraftKings,2.5,under,3.13,118,-151,0.4587,0.4326,0.0603,0,0.3594,-0.0993,-0.0732,ev,multiplicative,projection,main,live,20261002CCEAD0D8,2026-10-01T20:06:10.078Z
2026,4,14458,Jerry Jeudy,CLE,WR,vs PIT,receptions,BetMGM,1.5,under,1.43,-155,115,0.6078,0.5665,0.0730,0,0.5084,-0.0994,-0.0581,ev,multiplicative,projection,main,live,20261002CCEAD0D8,2026-10-01T20:06:10.078Z
2026,4,18472,Harold Fannin Jr.,CLE,TE,vs PIT,recYds,FanDuel,89.5,over,44.69,878,,0.1022,0.1022,,1,0.0028,-0.0994,-0.0994,ev,none,projection,main,live,20261002CCEAD0D8,2026-10-01T20:06:10.078Z
2026,4,13424,DK Metcalf,PIT,WR,at CLE,recYds,Hard Rock,17.5,under,42.16,425,-850,0.1905,0.1755,0.0852,0,0.0910,-0.0995,-0.0846,ev,multiplicative,projection,main,live,20261002CCEAD0D8,2026-10-01T20:06:10.078Z
2026,4,18472,Harold Fannin Jr.,CLE,TE,vs PIT,recYds,BetMGM,41.5,under,44.69,-115,-115,0.5349,0.5000,0.0698,0,0.4353,-0.0996,-0.0647,ev,multiplicative,projection,main,live,20261002CCEAD0D8,2026-10-01T20:06:10.078Z
2026,4,17043,Roman Wilson,PIT,WR,at CLE,recYds,Hard Rock,71.5,over,20.34,900,,0.1000,0.1000,,1,0.0004,-0.0996,-0.0996,ev,none,projection,main,live,20261002CCEAD0D8,2026-10-01T20:06:10.078Z
2026,4,15984,Jaylen Warren,PIT,RB,at CLE,recYds,DraftKings,69.5,over,22.75,900,,0.1000,0.1000,,1,0.0003,-0.0997,-0.0997,ev,none,projection,main,live,20261002CCEAD0D8,2026-10-01T20:06:10.078Z
2026,4,15984,Jaylen Warren,PIT,RB,at CLE,recYds,Hard Rock,68.5,over,22.75,900,,0.1000,0.1000,,1,0.0003,-0.0997,-0.0997,ev,none,projection,main,live,20261002CCEAD0D8,2026-10-01T20:06:10.078Z
2026,4,13424,DK Metcalf,PIT,WR,at CLE,recYds,FanDuel,109.5,over,42.16,879,,0.1021,0.1021,,1,0.0022,-0.0999,-0.0999,ev,none,projection,main,live,20261002CCEAD0D8,2026-10-01T20:06:10.078Z
2026,4,11712,Deshaun Watson,CLE,QB,vs PIT,completions,DraftKings,11.5,over,20.11,-3100,,0.9688,0.9688,,1,0.8689,-0.0999,-0.0999,ev,none,projection,main,live,20261002CCEAD0D8,2026-10-01T20:06:10.078Z
2026,4,18472,Harold Fannin Jr.,CLE,TE,vs PIT,receptions,theScore,6.5,over,4.41,325,,0.2353,0.2353,,1,0.1354,-0.0999,-0.0999,ev,none,projection,main,live,20261002CCEAD0D8,2026-10-01T20:06:10.078Z
2026,4,13424,DK Metcalf,PIT,WR,at CLE,recYds,Hard Rock,18.5,under,42.16,400,-750,0.2000,0.1848,0.0824,0,0.1001,-0.0999,-0.0846,ev,multiplicative,projection,main,live,20261002CCEAD0D8,2026-10-01T20:06:10.078Z
2026,4,18516,Quinshon Judkins,CLE,RB,vs PIT,rushYds,Hard Rock,121.5,over,42.39,900,-3000,0.1000,0.0937,0.0677,0,0.0001,-0.0999,-0.0935,ev,multiplicative,projection,main,live,20261002CCEAD0D8,2026-10-01T20:06:10.078Z
2026,4,16889,Darnell Washington,PIT,TE,at CLE,recYds,Hard Rock,60.5,over,14.96,900,,0.1000,0.1000,,1,0.0001,-0.0999,-0.0999,ev,none,projection,main,live,20261002CCEAD0D8,2026-10-01T20:06:10.078Z
2026,4,13424,DK Metcalf,PIT,WR,at CLE,receptions,BetRivers,4.5,over,3.17,155,,0.3922,0.3922,,1,0.2922,-0.1000,-0.1000,ev,none,projection,main,live,20261002CCEAD0D8,2026-10-01T20:06:10.078Z
2026,4,11712,Deshaun Watson,CLE,QB,vs PIT,rushYds,Hard Rock,66.5,over,17.22,900,-4000,0.1000,0.0930,0.0756,0,0.0000,-0.1000,-0.0930,ev,multiplicative,projection,main,live,20261002CCEAD0D8,2026-10-01T20:06:10.078Z
2026,4,16889,Darnell Washington,PIT,TE,at CLE,recYds,Hard Rock,61.5,over,14.96,900,,0.1000,0.1000,,1,0.0000,-0.1000,-0.1000,ev,none,projection,main,live,20261002CCEAD0D8,2026-10-01T20:06:10.078Z
2026,4,16889,Darnell Washington,PIT,TE,at CLE,recYds,Hard Rock,62.5,over,14.96,900,-4000,0.1000,0.0930,0.0756,0,0.0000,-0.1000,-0.0929,ev,multiplicative,projection,main,live,20261002CCEAD0D8,2026-10-01T20:06:10.078Z
2026,4,19263,Germie Bernard,PIT,WR,at CLE,recYds,Hard Rock,7.5,under,9.67,100,-140,0.5000,0.4615,0.0833,0,0.3997,-0.1003,-0.0618,ev,multiplicative,projection,main,live,20261002CCEAD0D8,2026-10-01T20:06:10.078Z
2026,4,13424,DK Metcalf,PIT,WR,at CLE,recYds,Hard Rock,19.5,under,42.16,375,-700,0.2105,0.1939,0.0855,0,0.1100,-0.1005,-0.0840,ev,multiplicative,projection,main,live,20261002CCEAD0D8,2026-10-01T20:06:10.078Z
2026,4,18472,Harold Fannin Jr.,CLE,TE,vs PIT,recYds,Hard Rock,56.5,over,44.69,200,,0.3333,0.3333,,1,0.2329,-0.1005,-0.1005,ev,none,projection,main,live,20261002CCEAD0D8,2026-10-01T20:06:10.078Z
2026,4,15267,Pat Freiermuth,PIT,TE,at CLE,recYds,Caesars,69.5,over,33.66,850,,0.1053,0.1053,,1,0.0047,-0.1006,-0.1006,ev,none,projection,main,live,20261002CCEAD0D8,2026-10-01T20:06:10.078Z
2026,4,14378,Michael Pittman Jr.,PIT,WR,at CLE,recYds,Hard Rock,76.5,under,40.74,-1600,600,0.9412,0.8682,0.0840,0,0.8405,-0.1006,-0.0277,ev,multiplicative,projection,main,live,20261002CCEAD0D8,2026-10-01T20:06:10.078Z
2026,4,14458,Jerry Jeudy,CLE,WR,vs PIT,recYds,Hard Rock,5.5,under,17.27,200,-300,0.3333,0.3077,0.0833,0,0.2326,-0.1007,-0.0751,ev,multiplicative,projection,main,live,20261002CCEAD0D8,2026-10-01T20:06:10.078Z
2026,4,19263,Germie Bernard,PIT,WR,at CLE,recYds,Hard Rock,15.5,over,9.67,160,-230,0.3846,0.3556,0.0816,0,0.2838,-0.1008,-0.0718,ev,multiplicative,projection,main,live,20261002CCEAD0D8,2026-10-01T20:06:10.078Z
2026,4,4307,Aaron Rodgers,PIT,QB,at CLE,passAtt,theScore,44.5,over,30.49,850,,0.1053,0.1053,,1,0.0042,-0.1011,-0.1011,ev,none,projection,main,live,20261002CCEAD0D8,2026-10-01T20:06:10.078Z
2026,4,18516,Quinshon Judkins,CLE,RB,vs PIT,recYds,FanDuel,29.5,over,12.98,428,,0.1894,0.1894,,1,0.0881,-0.1012,-0.1012,ev,none,projection,main,live,20261002CCEAD0D8,2026-10-01T20:06:10.078Z
2026,4,11712,Deshaun Watson,CLE,QB,vs PIT,passYds,Hard Rock,161.5,under,218.73,175,-250,0.3636,0.3373,0.0779,0,0.2624,-0.1012,-0.0749,ev,multiplicative,projection,main,live,20261002CCEAD0D8,2026-10-01T20:06:10.078Z
2026,4,15984,Jaylen Warren,PIT,RB,at CLE,recYds,Caesars,9.5,over,22.75,-700,,0.8750,0.8750,,1,0.7737,-0.1013,-0.1013,ev,none,projection,main,live,20261002CCEAD0D8,2026-10-01T20:06:10.078Z
2026,4,18526,Raheim Sanders,CLE,RB,vs PIT,recYds,Hard Rock,3.5,under,13.62,300,-475,0.2500,0.2323,0.0761,0,0.1487,-0.1013,-0.0836,ev,multiplicative,projection,main,live,20261002CCEAD0D8,2026-10-01T20:06:10.078Z
2026,4,15984,Jaylen Warren,PIT,RB,at CLE,recYds,theScore,9.5,over,22.75,-700,,0.8750,0.8750,,1,0.7737,-0.1013,-0.1013,ev,none,projection,main,live,20261002CCEAD0D8,2026-10-01T20:06:10.078Z
2026,4,4307,Aaron Rodgers,PIT,QB,at CLE,completions,DraftKings,19.5,over,19.18,-137,,0.5781,0.5781,,1,0.4764,-0.1016,-0.1016,ev,none,projection,main,live,20261002CCEAD0D8,2026-10-01T20:06:10.078Z
2026,4,13424,DK Metcalf,PIT,WR,at CLE,recYds,Hard Rock,20.5,under,42.16,350,-600,0.2222,0.2059,0.0794,0,0.1205,-0.1017,-0.0854,ev,multiplicative,projection,main,live,20261002CCEAD0D8,2026-10-01T20:06:10.078Z
2026,4,14458,Jerry Jeudy,CLE,WR,vs PIT,recYds,Hard Rock,9.5,under,17.27,140,-195,0.4167,0.3866,0.0777,0,0.3149,-0.1018,-0.0718,ev,multiplicative,projection,main,live,20261002CCEAD0D8,2026-10-01T20:06:10.078Z
2026,4,15267,Pat Freiermuth,PIT,TE,at CLE,recYds,Hard Rock,46.5,over,33.66,260,-425,0.2778,0.2555,0.0873,0,0.1759,-0.1019,-0.0796,ev,multiplicative,projection,main,live,20261002CCEAD0D8,2026-10-01T20:06:10.078Z
2026,4,15267,Pat Freiermuth,PIT,TE,at CLE,recYds,BetRivers,49.5,over,33.66,340,,0.2273,0.2273,,1,0.1253,-0.1020,-0.1020,ev,none,projection,main,live,20261002CCEAD0D8,2026-10-01T20:06:10.078Z
2026,4,15267,Pat Freiermuth,PIT,TE,at CLE,recYds,Caesars,49.5,over,33.66,340,,0.2273,0.2273,,1,0.1253,-0.1020,-0.1020,ev,none,projection,main,live,20261002CCEAD0D8,2026-10-01T20:06:10.078Z
2026,4,18516,Quinshon Judkins,CLE,RB,vs PIT,recYds,BetRivers,11.5,under,12.98,-120,-112,0.5455,0.5080,0.0738,0,0.4435,-0.1020,-0.0645,ev,multiplicative,projection,main,live,20261002CCEAD0D8,2026-10-01T20:06:10.078Z
2026,4,4307,Aaron Rodgers,PIT,QB,at CLE,passYds,FanDuel,124.5,over,184.84,-1452,,0.9356,0.9356,,1,0.8335,-0.1021,-0.1021,ev,none,projection,main,live,20261002CCEAD0D8,2026-10-01T20:06:10.078Z
2026,4,18472,Harold Fannin Jr.,CLE,TE,vs PIT,receptions,theScore,7.5,over,4.41,550,,0.1538,0.1538,,1,0.0517,-0.1021,-0.1021,ev,none,projection,main,live,20261002CCEAD0D8,2026-10-01T20:06:10.078Z
2026,4,15267,Pat Freiermuth,PIT,TE,at CLE,recYds,Hard Rock,71.5,over,33.66,850,,0.1053,0.1053,,1,0.0030,-0.1022,-0.1022,ev,none,projection,main,live,20261002CCEAD0D8,2026-10-01T20:06:10.078Z
2026,4,13484,Travis Homer,PIT,RB,at CLE,rushYds,Hard Rock,25.5,under,13.65,-3000,800,0.9677,0.8970,0.0789,0,0.8655,-0.1022,-0.0315,ev,multiplicative,projection,main,live,20261002CCEAD0D8,2026-10-01T20:06:10.078Z
2026,4,14458,Jerry Jeudy,CLE,WR,vs PIT,receptions,DraftKings,1.5,under,1.43,-157,123,0.6109,0.5767,0.0593,0,0.5084,-0.1024,-0.0682,ev,multiplicative,projection,main,live,20261002CCEAD0D8,2026-10-01T20:06:10.078Z
2026,4,18472,Harold Fannin Jr.,CLE,TE,vs PIT,recYds,Caesars,89.5,over,44.69,850,,0.1053,0.1053,,1,0.0028,-0.1024,-0.1024,ev,none,projection,main,live,20261002CCEAD0D8,2026-10-01T20:06:10.078Z
2026,4,17043,Roman Wilson,PIT,WR,at CLE,recYds,Hard Rock,26.5,over,20.34,125,-170,0.4444,0.4138,0.0741,0,0.3420,-0.1024,-0.0718,ev,multiplicative,projection,main,live,20261002CCEAD0D8,2026-10-01T20:06:10.078Z
2026,4,18516,Quinshon Judkins,CLE,RB,vs PIT,rushAtt,DraftKings,23.5,over,16.49,870,,0.1031,0.1031,,1,0.0004,-0.1027,-0.1027,ev,none,projection,main,live,20261002CCEAD0D8,2026-10-01T20:06:10.078Z
2026,4,13424,DK Metcalf,PIT,WR,at CLE,recYds,Hard Rock,108.5,over,42.16,850,-3000,0.1053,0.0981,0.0730,0,0.0026,-0.1027,-0.0955,ev,multiplicative,projection,main,live,20261002CCEAD0D8,2026-10-01T20:06:10.078Z
2026,4,13424,DK Metcalf,PIT,WR,at CLE,receptions,FanDuel,5.5,over,3.17,268,,0.2717,0.2717,,1,0.1690,-0.1028,-0.1028,ev,none,projection,main,live,20261002CCEAD0D8,2026-10-01T20:06:10.078Z
2026,4,18472,Harold Fannin Jr.,CLE,TE,vs PIT,recYds,Hard Rock,90.5,over,44.69,850,,0.1053,0.1053,,1,0.0023,-0.1029,-0.1029,ev,none,projection,main,live,20261002CCEAD0D8,2026-10-01T20:06:10.078Z
2026,4,13424,DK Metcalf,PIT,WR,at CLE,recYds,Hard Rock,109.5,over,42.16,850,-3000,0.1053,0.0981,0.0730,0,0.0022,-0.1030,-0.0959,ev,multiplicative,projection,main,live,20261002CCEAD0D8,2026-10-01T20:06:10.078Z
2026,4,14458,Jerry Jeudy,CLE,WR,vs PIT,recYds,Caesars,14.5,under,17.27,-115,-114,0.5349,0.5010,0.0676,0,0.4318,-0.1031,-0.0693,ev,multiplicative,projection,main,live,20261002CCEAD0D8,2026-10-01T20:06:10.078Z
2026,4,4307,Aaron Rodgers,PIT,QB,at CLE,passYds,Hard Rock,307.5,over,184.84,750,,0.1176,0.1176,,1,0.0146,-0.1031,-0.1031,ev,none,projection,main,live,20261002CCEAD0D8,2026-10-01T20:06:10.078Z
2026,4,14458,Jerry Jeudy,CLE,WR,vs PIT,recYds,Hard Rock,14.5,under,17.27,-115,-115,0.5349,0.5000,0.0698,0,0.4318,-0.1031,-0.0682,ev,multiplicative,projection,main,live,20261002CCEAD0D8,2026-10-01T20:06:10.078Z
2026,4,18526,Raheim Sanders,CLE,RB,vs PIT,recYds,Caesars,11.5,under,13.62,-107,-125,0.5169,0.4820,0.0725,0,0.4136,-0.1033,-0.0684,ev,multiplicative,projection,main,live,20261002CCEAD0D8,2026-10-01T20:06:10.078Z
2026,4,17130,Blake Whiteheart,CLE,TE,vs PIT,recYds,Hard Rock,18.5,under,9.35,-950,500,0.9048,0.8444,0.0714,0,0.8014,-0.1034,-0.0431,ev,multiplicative,projection,main,live,20261002CCEAD0D8,2026-10-01T20:06:10.078Z
2026,4,13424,DK Metcalf,PIT,WR,at CLE,recYds,Hard Rock,21.5,under,42.16,325,-550,0.2353,0.2176,0.0814,0,0.1317,-0.1036,-0.0859,ev,multiplicative,projection,main,live,20261002CCEAD0D8,2026-10-01T20:06:10.078Z
2026,4,4307,Aaron Rodgers,PIT,QB,at CLE,passYds,Hard Rock,308.5,over,184.84,750,-2500,0.1176,0.1090,0.0792,0,0.0139,-0.1037,-0.0951,ev,multiplicative,projection,main,live,20261002CCEAD0D8,2026-10-01T20:06:10.078Z
2026,4,17043,Roman Wilson,PIT,WR,at CLE,recYds,DraftKings,59.5,over,20.34,820,,0.1087,0.1087,,1,0.0048,-0.1039,-0.1039,ev,none,projection,main,live,20261002CCEAD0D8,2026-10-01T20:06:10.078Z
2026,4,19263,Germie Bernard,PIT,WR,at CLE,recYds,FanDuel,8.5,under,9.67,-122,-104,0.5495,0.5188,0.0594,0,0.4455,-0.1040,-0.0732,ev,multiplicative,projection,main,live,20261002CCEAD0D8,2026-10-01T20:06:10.078Z
2026,4,19263,Germie Bernard,PIT,WR,at CLE,recYds,Hard Rock,40.5,over,9.67,850,,0.1053,0.1053,,1,0.0013,-0.1040,-0.1040,ev,none,projection,main,live,20261002CCEAD0D8,2026-10-01T20:06:10.078Z
2026,4,15984,Jaylen Warren,PIT,RB,at CLE,rushYds,Hard Rock,60.5,under,96.25,170,-250,0.3704,0.3415,0.0847,0,0.2662,-0.1041,-0.0752,ev,multiplicative,projection,main,live,20261002CCEAD0D8,2026-10-01T20:06:10.078Z
2026,4,14458,Jerry Jeudy,CLE,WR,vs PIT,recYds,Hard Rock,12.5,under,17.27,105,-140,0.4878,0.4554,0.0711,0,0.3836,-0.1042,-0.0718,ev,multiplicative,projection,main,live,20261002CCEAD0D8,2026-10-01T20:06:10.078Z
2026,4,11712,Deshaun Watson,CLE,QB,vs PIT,passYds,Hard Rock,162.5,under,218.73,170,-250,0.3704,0.3415,0.0847,0,0.2660,-0.1043,-0.0754,ev,multiplicative,projection,main,live,20261002CCEAD0D8,2026-10-01T20:06:10.078Z
2026,4,18526,Raheim Sanders,CLE,RB,vs PIT,receptions,Hard Rock,0.5,under,1.72,375,-650,0.2105,0.1954,0.0772,0,0.1062,-0.1043,-0.0892,ev,multiplicative,projection,main,live,20261002CCEAD0D8,2026-10-01T20:06:10.078Z
2026,4,15984,Jaylen Warren,PIT,RB,at CLE,recYds,theScore,19.5,over,22.75,-210,,0.6774,0.6774,,1,0.5731,-0.1043,-0.1043,ev,none,projection,main,live,20261002CCEAD0D8,2026-10-01T20:06:10.078Z
2026,4,17043,Roman Wilson,PIT,WR,at CLE,recYds,Hard Rock,68.5,over,20.34,850,,0.1053,0.1053,,1,0.0007,-0.1045,-0.1045,ev,none,projection,main,live,20261002CCEAD0D8,2026-10-01T20:06:10.078Z
2026,4,18472,Harold Fannin Jr.,CLE,TE,vs PIT,recYds,theScore,39.5,under,44.69,100,-130,0.5000,0.4694,0.0652,0,0.3955,-0.1045,-0.0739,ev,multiplicative,projection,main,live,20261002CCEAD0D8,2026-10-01T20:06:10.078Z
2026,4,11712,Deshaun Watson,CLE,QB,vs PIT,int,Circa Sports,0.5,under,0.99,110,-130,0.4762,0.4573,0.0414,0,0.3716,-0.1046,-0.0857,ev,multiplicative,projection,main,live,20261002CCEAD0D8,2026-10-01T20:06:10.078Z
2026,4,17043,Roman Wilson,PIT,WR,at CLE,receptions,theScore,3.5,over,1.96,250,,0.2857,0.2857,,1,0.1811,-0.1046,-0.1046,ev,none,projection,main,live,20261002CCEAD0D8,2026-10-01T20:06:10.078Z
2026,4,15984,Jaylen Warren,PIT,RB,at CLE,recYds,Circa Sports,25.5,over,22.75,-110,-110,0.5238,0.5000,0.0476,0,0.4191,-0.1047,-0.0809,ev,multiplicative,projection,main,live,20261002CCEAD0D8,2026-10-01T20:06:10.078Z
2026,4,15984,Jaylen Warren,PIT,RB,at CLE,recYds,Hard Rock,66.5,over,22.75,850,-3000,0.1053,0.0981,0.0730,0,0.0006,-0.1047,-0.0975,ev,multiplicative,projection,main,live,20261002CCEAD0D8,2026-10-01T20:06:10.078Z
2026,4,17043,Roman Wilson,PIT,WR,at CLE,recYds,Hard Rock,69.5,over,20.34,850,-3000,0.1053,0.0981,0.0730,0,0.0006,-0.1047,-0.0975,ev,multiplicative,projection,main,live,20261002CCEAD0D8,2026-10-01T20:06:10.078Z
2026,4,14458,Jerry Jeudy,CLE,WR,vs PIT,recYds,Hard Rock,13.5,under,17.27,-105,-130,0.5122,0.4754,0.0774,0,0.4075,-0.1047,-0.0679,ev,multiplicative,projection,main,live,20261002CCEAD0D8,2026-10-01T20:06:10.078Z
2026,4,15984,Jaylen Warren,PIT,RB,at CLE,recYds,Hard Rock,67.5,over,22.75,850,-3000,0.1053,0.0981,0.0730,0,0.0004,-0.1048,-0.0977,ev,multiplicative,projection,main,live,20261002CCEAD0D8,2026-10-01T20:06:10.078Z
2026,4,18472,Harold Fannin Jr.,CLE,TE,vs PIT,receptions,FanDuel,6.5,over,4.41,316,,0.2404,0.2404,,1,0.1354,-0.1050,-0.1050,ev,none,projection,main,live,20261002CCEAD0D8,2026-10-01T20:06:10.078Z
2026,4,15984,Jaylen Warren,PIT,RB,at CLE,recYds,theScore,69.5,over,22.75,850,,0.1053,0.1053,,1,0.0003,-0.1050,-0.1050,ev,none,projection,main,live,20261002CCEAD0D8,2026-10-01T20:06:10.078Z
2026,4,14458,Jerry Jeudy,CLE,WR,vs PIT,recYds,Hard Rock,11.5,under,17.27,115,-160,0.4651,0.4305,0.0805,0,0.3602,-0.1050,-0.0703,ev,multiplicative,projection,main,live,20261002CCEAD0D8,2026-10-01T20:06:10.078Z
2026,4,15984,Jaylen Warren,PIT,RB,at CLE,receptions,theScore,5.5,over,3.34,360,,0.2174,0.2174,,1,0.1124,-0.1050,-0.1050,ev,none,projection,main,live,20261002CCEAD0D8,2026-10-01T20:06:10.078Z
2026,4,18516,Quinshon Judkins,CLE,RB,vs PIT,rushYds,Hard Rock,119.5,over,42.39,850,-3000,0.1053,0.0981,0.0730,0,0.0002,-0.1051,-0.0979,ev,multiplicative,projection,main,live,20261002CCEAD0D8,2026-10-01T20:06:10.078Z
2026,4,18516,Quinshon Judkins,CLE,RB,vs PIT,rushYds,Hard Rock,120.5,over,42.39,850,-3000,0.1053,0.0981,0.0730,0,0.0002,-0.1051,-0.0979,ev,multiplicative,projection,main,live,20261002CCEAD0D8,2026-10-01T20:06:10.078Z
2026,4,14458,Jerry Jeudy,CLE,WR,vs PIT,recYds,Hard Rock,7.5,under,17.27,165,-240,0.3774,0.3484,0.0832,0,0.2722,-0.1052,-0.0762,ev,multiplicative,projection,main,live,20261002CCEAD0D8,2026-10-01T20:06:10.078Z
2026,4,16889,Darnell Washington,PIT,TE,at CLE,recYds,Hard Rock,59.5,over,14.96,850,-3000,0.1053,0.0981,0.0730,0,0.0001,-0.1052,-0.0980,ev,multiplicative,projection,main,live,20261002CCEAD0D8,2026-10-01T20:06:10.078Z
2026,4,11712,Deshaun Watson,CLE,QB,vs PIT,rushYds,Caesars,69.5,over,17.22,850,,0.1053,0.1053,,1,0.0000,-0.1053,-0.1053,ev,none,projection,main,live,20261002CCEAD0D8,2026-10-01T20:06:10.078Z
2026,4,11712,Deshaun Watson,CLE,QB,vs PIT,rushYds,Hard Rock,65.5,over,17.22,850,,0.1053,0.1053,,1,0.0000,-0.1053,-0.1053,ev,none,projection,main,live,20261002CCEAD0D8,2026-10-01T20:06:10.078Z
2026,4,11712,Deshaun Watson,CLE,QB,vs PIT,rushYds,theScore,69.5,over,17.22,850,,0.1053,0.1053,,1,0.0000,-0.1053,-0.1053,ev,none,projection,main,live,20261002CCEAD0D8,2026-10-01T20:06:10.078Z
2026,4,15984,Jaylen Warren,PIT,RB,at CLE,receptions,FanDuel,5.5,over,3.34,359,,0.2179,0.2179,,1,0.1124,-0.1055,-0.1055,ev,none,projection,main,live,20261002CCEAD0D8,2026-10-01T20:06:10.078Z
2026,4,18526,Raheim Sanders,CLE,RB,vs PIT,recYds,DraftKings,11.5,under,13.62,-108,-116,0.5192,0.4916,0.0563,0,0.4136,-0.1056,-0.0780,ev,multiplicative,projection,main,live,20261002CCEAD0D8,2026-10-01T20:06:10.078Z
2026,4,15267,Pat Freiermuth,PIT,TE,at CLE,recYds,Hard Rock,36.5,under,33.66,-220,155,0.6875,0.6368,0.0797,0,0.5816,-0.1059,-0.0552,ev,multiplicative,projection,main,live,20261002CCEAD0D8,2026-10-01T20:06:10.078Z
2026,4,13424,DK Metcalf,PIT,WR,at CLE,recYds,Hard Rock,22.5,under,42.16,300,-500,0.2500,0.2308,0.0833,0,0.1436,-0.1064,-0.0872,ev,multiplicative,projection,main,live,20261002CCEAD0D8,2026-10-01T20:06:10.078Z
2026,4,15267,Pat Freiermuth,PIT,TE,at CLE,recYds,theScore,69.5,over,33.66,800,,0.1111,0.1111,,1,0.0047,-0.1064,-0.1064,ev,none,projection,main,live,20261002CCEAD0D8,2026-10-01T20:06:10.078Z
2026,4,14378,Michael Pittman Jr.,PIT,WR,at CLE,recYds,Hard Rock,74.5,under,40.74,-1400,600,0.9333,0.8673,0.0762,0,0.8266,-0.1067,-0.0406,ev,multiplicative,projection,main,live,20261002CCEAD0D8,2026-10-01T20:06:10.078Z
2026,4,11712,Deshaun Watson,CLE,QB,vs PIT,completions,BetMGM,18.5,under,20.11,-110,-120,0.5238,0.4899,0.0693,0,0.4170,-0.1068,-0.0729,ev,multiplicative,projection,main,live,20261002CCEAD0D8,2026-10-01T20:06:10.078Z
2026,4,14458,Jerry Jeudy,CLE,WR,vs PIT,recYds,Hard Rock,8.5,under,17.27,150,-210,0.4000,0.3713,0.0774,0,0.2932,-0.1068,-0.0781,ev,multiplicative,projection,main,live,20261002CCEAD0D8,2026-10-01T20:06:10.078Z
2026,4,18516,Quinshon Judkins,CLE,RB,vs PIT,rushAtt,DraftKings,17.5,over,16.49,138,,0.4202,0.4202,,1,0.3133,-0.1069,-0.1069,ev,none,projection,main,live,20261002CCEAD0D8,2026-10-01T20:06:10.078Z
2026,4,18526,Raheim Sanders,CLE,RB,vs PIT,recYds,Hard Rock,22.5,over,13.62,230,-350,0.3030,0.2804,0.0808,0,0.1961,-0.1069,-0.0843,ev,multiplicative,projection,main,live,20261002CCEAD0D8,2026-10-01T20:06:10.078Z
2026,4,18526,Raheim Sanders,CLE,RB,vs PIT,receptions,DraftKings,2.5,over,1.72,165,,0.3774,0.3774,,1,0.2704,-0.1070,-0.1070,ev,none,projection,main,live,20261002CCEAD0D8,2026-10-01T20:06:10.078Z
2026,4,13424,DK Metcalf,PIT,WR,at CLE,recYds,BetRivers,49.5,over,42.16,106,,0.4854,0.4854,,1,0.3784,-0.1071,-0.1071,ev,none,projection,main,live,20261002CCEAD0D8,2026-10-01T20:06:10.078Z
2026,4,18526,Raheim Sanders,CLE,RB,vs PIT,recYds,Hard Rock,23.5,over,13.62,260,-400,0.2778,0.2577,0.0778,0,0.1705,-0.1072,-0.0872,ev,multiplicative,projection,main,live,20261002CCEAD0D8,2026-10-01T20:06:10.078Z
2026,4,14458,Jerry Jeudy,CLE,WR,vs PIT,recYds,Hard Rock,10.5,under,17.27,125,-175,0.4444,0.4112,0.0808,0,0.3372,-0.1072,-0.0740,ev,multiplicative,projection,main,live,20261002CCEAD0D8,2026-10-01T20:06:10.078Z
2026,4,15267,Pat Freiermuth,PIT,TE,at CLE,recYds,Hard Rock,70.5,over,33.66,800,-3000,0.1111,0.1030,0.0789,0,0.0038,-0.1073,-0.0992,ev,multiplicative,projection,main,live,20261002CCEAD0D8,2026-10-01T20:06:10.078Z
2026,4,15267,Pat Freiermuth,PIT,TE,at CLE,recYds,Caesars,59.5,over,33.66,625,,0.1379,0.1379,,1,0.0305,-0.1075,-0.1075,ev,none,projection,main,live,20261002CCEAD0D8,2026-10-01T20:06:10.078Z
2026,4,18472,Harold Fannin Jr.,CLE,TE,vs PIT,recYds,Hard Rock,43.5,under,44.69,-140,100,0.5833,0.5385,0.0833,0,0.4758,-0.1076,-0.0627,ev,multiplicative,projection,main,live,20261002CCEAD0D8,2026-10-01T20:06:10.078Z
2026,4,11712,Deshaun Watson,CLE,QB,vs PIT,passYds,Hard Rock,163.5,under,218.73,165,-240,0.3774,0.3484,0.0832,0,0.2697,-0.1077,-0.0787,ev,multiplicative,projection,main,live,20261002CCEAD0D8,2026-10-01T20:06:10.078Z
2026,4,13424,DK Metcalf,PIT,WR,at CLE,receptions,theScore,4.5,over,3.17,150,,0.4000,0.4000,,1,0.2922,-0.1078,-0.1078,ev,none,projection,main,live,20261002CCEAD0D8,2026-10-01T20:06:10.078Z
2026,4,13424,DK Metcalf,PIT,WR,at CLE,recYds,Hard Rock,106.5,over,42.16,800,-2500,0.1111,0.1036,0.0726,0,0.0033,-0.1078,-0.1003,ev,multiplicative,projection,main,live,20261002CCEAD0D8,2026-10-01T20:06:10.078Z
2026,4,18472,Harold Fannin Jr.,CLE,TE,vs PIT,recYds,Hard Rock,17.5,under,44.69,425,-800,0.1905,0.1765,0.0794,0,0.0825,-0.1080,-0.0939,ev,multiplicative,projection,main,live,20261002CCEAD0D8,2026-10-01T20:06:10.078Z
2026,4,13424,DK Metcalf,PIT,WR,at CLE,recYds,Hard Rock,24.5,under,42.16,260,-425,0.2778,0.2555,0.0873,0,0.1695,-0.1082,-0.0859,ev,multiplicative,projection,main,live,20261002CCEAD0D8,2026-10-01T20:06:10.078Z
2026,4,18472,Harold Fannin Jr.,CLE,TE,vs PIT,recYds,Hard Rock,57.5,over,44.69,210,,0.3226,0.3226,,1,0.2144,-0.1082,-0.1082,ev,none,projection,main,live,20261002CCEAD0D8,2026-10-01T20:06:10.078Z
2026,4,13424,DK Metcalf,PIT,WR,at CLE,recYds,Hard Rock,107.5,over,42.16,800,,0.1111,0.1111,,1,0.0029,-0.1082,-0.1082,ev,none,projection,main,live,20261002CCEAD0D8,2026-10-01T20:06:10.078Z
2026,4,18472,Harold Fannin Jr.,CLE,TE,vs PIT,recYds,theScore,89.5,over,44.69,800,,0.1111,0.1111,,1,0.0028,-0.1083,-0.1083,ev,none,projection,main,live,20261002CCEAD0D8,2026-10-01T20:06:10.078Z
2026,4,4307,Aaron Rodgers,PIT,QB,at CLE,passYds,Hard Rock,304.5,over,184.84,700,-2000,0.1250,0.1160,0.0774,0,0.0167,-0.1083,-0.0993,ev,multiplicative,projection,main,live,20261002CCEAD0D8,2026-10-01T20:06:10.078Z
2026,4,18472,Harold Fannin Jr.,CLE,TE,vs PIT,recYds,Hard Rock,89.5,over,44.69,800,,0.1111,0.1111,,1,0.0028,-0.1083,-0.1083,ev,none,projection,main,live,20261002CCEAD0D8,2026-10-01T20:06:10.078Z
2026,4,15267,Pat Freiermuth,PIT,TE,at CLE,recYds,DraftKings,59.5,over,33.66,620,,0.1389,0.1389,,1,0.0305,-0.1084,-0.1084,ev,none,projection,main,live,20261002CCEAD0D8,2026-10-01T20:06:10.078Z
2026,4,18472,Harold Fannin Jr.,CLE,TE,vs PIT,recYds,Hard Rock,40.5,under,44.69,-110,-120,0.5238,0.4899,0.0693,0,0.4153,-0.1085,-0.0746,ev,multiplicative,projection,main,live,20261002CCEAD0D8,2026-10-01T20:06:10.078Z
2026,4,18472,Harold Fannin Jr.,CLE,TE,vs PIT,recYds,Circa Sports,40.5,under,44.69,-110,-110,0.5238,0.5000,0.0476,0,0.4153,-0.1085,-0.0847,ev,multiplicative,projection,main,live,20261002CCEAD0D8,2026-10-01T20:06:10.078Z
2026,4,16889,Darnell Washington,PIT,TE,at CLE,recYds,Hard Rock,17.5,over,14.96,-110,-125,0.5238,0.4853,0.0794,0,0.4153,-0.1085,-0.0700,ev,multiplicative,projection,main,live,20261002CCEAD0D8,2026-10-01T20:06:10.078Z
2026,4,4307,Aaron Rodgers,PIT,QB,at CLE,passYds,Hard Rock,305.5,over,184.84,700,,0.1250,0.1250,,1,0.0160,-0.1090,-0.1090,ev,none,projection,main,live,20261002CCEAD0D8,2026-10-01T20:06:10.078Z
2026,4,14378,Michael Pittman Jr.,PIT,WR,at CLE,recYds,Hard Rock,73.5,under,40.74,-1300,575,0.9286,0.8624,0.0767,0,0.8194,-0.1092,-0.0430,ev,multiplicative,projection,main,live,20261002CCEAD0D8,2026-10-01T20:06:10.078Z
2026,4,18526,Raheim Sanders,CLE,RB,vs PIT,recYds,Hard Rock,2.5,under,13.62,325,-550,0.2353,0.2176,0.0814,0,0.1261,-0.1092,-0.0915,ev,multiplicative,projection,main,live,20261002CCEAD0D8,2026-10-01T20:06:10.078Z
2026,4,13424,DK Metcalf,PIT,WR,at CLE,receptions,Caesars,4.5,over,3.17,149,,0.4016,0.4016,,1,0.2922,-0.1094,-0.1094,ev,none,projection,main,live,20261002CCEAD0D8,2026-10-01T20:06:10.078Z
2026,4,19263,Germie Bernard,PIT,WR,at CLE,recYds,Hard Rock,39.5,over,9.67,800,-3000,0.1111,0.1030,0.0789,0,0.0017,-0.1094,-0.1013,ev,multiplicative,projection,main,live,20261002CCEAD0D8,2026-10-01T20:06:10.078Z
2026,4,18526,Raheim Sanders,CLE,RB,vs PIT,recYds,Hard Rock,38.5,over,13.62,750,-2500,0.1176,0.1090,0.0792,0,0.0083,-0.1094,-0.1008,ev,multiplicative,projection,main,live,20261002CCEAD0D8,2026-10-01T20:06:10.078Z
2026,4,15984,Jaylen Warren,PIT,RB,at CLE,recYds,Hard Rock,14.5,over,22.75,-375,250,0.7895,0.7343,0.0752,0,0.6800,-0.1095,-0.0543,ev,multiplicative,projection,main,live,20261002CCEAD0D8,2026-10-01T20:06:10.078Z
2026,4,15984,Jaylen Warren,PIT,RB,at CLE,recYds,Hard Rock,13.5,over,22.75,-425,275,0.8095,0.7522,0.0762,0,0.7000,-0.1096,-0.0523,ev,multiplicative,projection,main,live,20261002CCEAD0D8,2026-10-01T20:06:10.078Z
2026,4,4307,Aaron Rodgers,PIT,QB,at CLE,passYds,Hard Rock,306.5,over,184.84,700,,0.1250,0.1250,,1,0.0153,-0.1097,-0.1097,ev,none,projection,main,live,20261002CCEAD0D8,2026-10-01T20:06:10.078Z
2026,4,18472,Harold Fannin Jr.,CLE,TE,vs PIT,recYds,Hard Rock,42.5,under,44.69,-130,-105,0.5652,0.5246,0.0774,0,0.4555,-0.1097,-0.0691,ev,multiplicative,projection,main,live,20261002CCEAD0D8,2026-10-01T20:06:10.078Z
2026,4,15984,Jaylen Warren,PIT,RB,at CLE,rushAtt,theScore,14.5,over,17.68,-300,,0.7500,0.7500,,1,0.6403,-0.1097,-0.1097,ev,none,projection,main,live,20261002CCEAD0D8,2026-10-01T20:06:10.078Z
2026,4,19263,Germie Bernard,PIT,WR,at CLE,recYds,Hard Rock,6.5,under,9.67,115,-155,0.4651,0.4335,0.0730,0,0.3552,-0.1099,-0.0782,ev,multiplicative,projection,main,live,20261002CCEAD0D8,2026-10-01T20:06:10.078Z
2026,4,15267,Pat Freiermuth,PIT,TE,at CLE,recYds,Hard Rock,49.5,over,33.66,325,-500,0.2353,0.2202,0.0686,0,0.1253,-0.1100,-0.0949,ev,multiplicative,projection,main,live,20261002CCEAD0D8,2026-10-01T20:06:10.078Z
2026,4,15267,Pat Freiermuth,PIT,TE,at CLE,recYds,theScore,49.5,over,33.66,325,,0.2353,0.2353,,1,0.1253,-0.1100,-0.1100,ev,none,projection,main,live,20261002CCEAD0D8,2026-10-01T20:06:10.078Z
2026,4,18526,Raheim Sanders,CLE,RB,vs PIT,recYds,Hard Rock,11.5,under,13.62,-110,-125,0.5238,0.4853,0.0794,0,0.4136,-0.1102,-0.0717,ev,multiplicative,projection,main,live,20261002CCEAD0D8,2026-10-01T20:06:10.078Z
2026,4,17043,Roman Wilson,PIT,WR,at CLE,recYds,Hard Rock,67.5,over,20.34,800,,0.1111,0.1111,,1,0.0009,-0.1102,-0.1102,ev,none,projection,main,live,20261002CCEAD0D8,2026-10-01T20:06:10.078Z
2026,4,18516,Quinshon Judkins,CLE,RB,vs PIT,rushYds,FanDuel,109.5,over,42.39,799,,0.1112,0.1112,,1,0.0010,-0.1103,-0.1103,ev,none,projection,main,live,20261002CCEAD0D8,2026-10-01T20:06:10.078Z
2026,4,15984,Jaylen Warren,PIT,RB,at CLE,recYds,Hard Rock,65.5,over,22.75,800,-2500,0.1111,0.1036,0.0726,0,0.0007,-0.1104,-0.1028,ev,multiplicative,projection,main,live,20261002CCEAD0D8,2026-10-01T20:06:10.078Z
2026,4,18472,Harold Fannin Jr.,CLE,TE,vs PIT,recYds,DraftKings,40.5,under,44.69,-111,-113,0.5261,0.4979,0.0566,0,0.4153,-0.1108,-0.0826,ev,multiplicative,projection,main,live,20261002CCEAD0D8,2026-10-01T20:06:10.078Z
2026,4,15267,Pat Freiermuth,PIT,TE,at CLE,receptions,Hard Rock,2.5,under,3.23,140,-195,0.4167,0.3866,0.0777,0,0.3059,-0.1108,-0.0808,ev,multiplicative,projection,main,live,20261002CCEAD0D8,2026-10-01T20:06:10.078Z
2026,4,16889,Darnell Washington,PIT,TE,at CLE,recYds,Hard Rock,57.5,over,14.96,800,-2500,0.1111,0.1036,0.0726,0,0.0002,-0.1109,-0.1034,ev,multiplicative,projection,main,live,20261002CCEAD0D8,2026-10-01T20:06:10.078Z
2026,4,18516,Quinshon Judkins,CLE,RB,vs PIT,rushYds,Hard Rock,118.5,over,42.39,800,-3000,0.1111,0.1030,0.0789,0,0.0002,-0.1109,-0.1028,ev,multiplicative,projection,main,live,20261002CCEAD0D8,2026-10-01T20:06:10.078Z
2026,4,16889,Darnell Washington,PIT,TE,at CLE,recYds,Hard Rock,58.5,over,14.96,800,-3000,0.1111,0.1030,0.0789,0,0.0001,-0.1110,-0.1029,ev,multiplicative,projection,main,live,20261002CCEAD0D8,2026-10-01T20:06:10.078Z
2026,4,18526,Raheim Sanders,CLE,RB,vs PIT,recYds,Hard Rock,5.5,under,13.62,220,-325,0.3125,0.2901,0.0772,0,0.2015,-0.1110,-0.0886,ev,multiplicative,projection,main,live,20261002CCEAD0D8,2026-10-01T20:06:10.078Z
2026,4,14378,Michael Pittman Jr.,PIT,WR,at CLE,recYds,Hard Rock,72.5,under,40.74,-1200,550,0.9231,0.8571,0.0769,0,0.8120,-0.1111,-0.0452,ev,multiplicative,projection,main,live,20261002CCEAD0D8,2026-10-01T20:06:10.078Z
2026,4,11712,Deshaun Watson,CLE,QB,vs PIT,rushYds,Hard Rock,64.5,over,17.22,800,-3000,0.1111,0.1030,0.0789,0,0.0000,-0.1111,-0.1030,ev,multiplicative,projection,main,live,20261002CCEAD0D8,2026-10-01T20:06:10.078Z
2026,4,11712,Deshaun Watson,CLE,QB,vs PIT,passYds,Hard Rock,164.5,under,218.73,160,-230,0.3846,0.3556,0.0816,0,0.2734,-0.1112,-0.0822,ev,multiplicative,projection,main,live,20261002CCEAD0D8,2026-10-01T20:06:10.078Z
2026,4,15267,Pat Freiermuth,PIT,TE,at CLE,recYds,Hard Rock,50.5,over,33.66,350,-550,0.2222,0.2080,0.0684,0,0.1110,-0.1112,-0.0970,ev,multiplicative,projection,main,live,20261002CCEAD0D8,2026-10-01T20:06:10.078Z
2026,4,18526,Raheim Sanders,CLE,RB,vs PIT,recYds,Caesars,19.5,over,13.62,152,,0.3968,0.3968,,1,0.2855,-0.1113,-0.1113,ev,none,projection,main,live,20261002CCEAD0D8,2026-10-01T20:06:10.078Z
2026,4,18526,Raheim Sanders,CLE,RB,vs PIT,recYds,Hard Rock,36.5,over,13.62,700,-2000,0.1250,0.1160,0.0774,0,0.0137,-0.1113,-0.1023,ev,multiplicative,projection,main,live,20261002CCEAD0D8,2026-10-01T20:06:10.078Z
2026,4,15984,Jaylen Warren,PIT,RB,at CLE,recYds,FanDuel,25.5,over,22.75,-113,-113,0.5305,0.5000,0.0610,0,0.4191,-0.1114,-0.0809,ev,multiplicative,projection,main,live,20261002CCEAD0D8,2026-10-01T20:06:10.078Z
2026,4,13424,DK Metcalf,PIT,WR,at CLE,recYds,Caesars,45.5,over,42.16,-125,-108,0.5556,0.5169,0.0748,0,0.4439,-0.1116,-0.0730,ev,multiplicative,projection,main,live,20261002CCEAD0D8,2026-10-01T20:06:10.078Z
2026,4,13424,DK Metcalf,PIT,WR,at CLE,recYds,Hard Rock,45.5,over,42.16,-125,-110,0.5556,0.5147,0.0794,0,0.4439,-0.1116,-0.0708,ev,multiplicative,projection,main,live,20261002CCEAD0D8,2026-10-01T20:06:10.078Z
2026,4,16889,Darnell Washington,PIT,TE,at CLE,recYds,BetRivers,19.5,over,14.96,116,,0.4630,0.4630,,1,0.3511,-0.1118,-0.1118,ev,none,projection,main,live,20261002CCEAD0D8,2026-10-01T20:06:10.078Z
2026,4,18526,Raheim Sanders,CLE,RB,vs PIT,recYds,Hard Rock,4.5,under,13.62,250,-400,0.2857,0.2632,0.0857,0,0.1738,-0.1119,-0.0893,ev,multiplicative,projection,main,live,20261002CCEAD0D8,2026-10-01T20:06:10.078Z
2026,4,19263,Germie Bernard,PIT,WR,at CLE,recYds,Hard Rock,16.5,over,9.67,175,-260,0.3636,0.3349,0.0859,0,0.2516,-0.1121,-0.0833,ev,multiplicative,projection,main,live,20261002CCEAD0D8,2026-10-01T20:06:10.078Z
2026,4,11712,Deshaun Watson,CLE,QB,vs PIT,passAtt,theScore,19.5,over,29.14,-3000,,0.9677,0.9677,,1,0.8556,-0.1122,-0.1122,ev,none,projection,main,live,20261002CCEAD0D8,2026-10-01T20:06:10.078Z
2026,4,14378,Michael Pittman Jr.,PIT,WR,at CLE,recYds,Hard Rock,71.5,under,40.74,-1100,525,0.9167,0.8514,0.0767,0,0.8044,-0.1123,-0.0470,ev,multiplicative,projection,main,live,20261002CCEAD0D8,2026-10-01T20:06:10.078Z
2026,4,14378,Michael Pittman Jr.,PIT,WR,at CLE,recYds,Hard Rock,70.5,under,40.74,-1000,500,0.9091,0.8451,0.0758,0,0.7966,-0.1125,-0.0485,ev,multiplicative,projection,main,live,20261002CCEAD0D8,2026-10-01T20:06:10.078Z
2026,4,15984,Jaylen Warren,PIT,RB,at CLE,rushYds,Hard Rock,61.5,under,96.25,160,-230,0.3846,0.3556,0.0816,0,0.2720,-0.1126,-0.0836,ev,multiplicative,projection,main,live,20261002CCEAD0D8,2026-10-01T20:06:10.078Z
2026,4,17043,Roman Wilson,PIT,WR,at CLE,recYds,Caesars,59.5,over,20.34,750,,0.1176,0.1176,,1,0.0048,-0.1128,-0.1128,ev,none,projection,main,live,20261002CCEAD0D8,2026-10-01T20:06:10.078Z
2026,4,15984,Jaylen Warren,PIT,RB,at CLE,recYds,FanDuel,24.5,over,22.75,-128,,0.5614,0.5614,,1,0.4483,-0.1131,-0.1131,ev,none,projection,main,live,20261002CCEAD0D8,2026-10-01T20:06:10.078Z
2026,4,17043,Roman Wilson,PIT,WR,at CLE,recYds,FanDuel,59.5,over,20.34,748,,0.1179,0.1179,,1,0.0048,-0.1131,-0.1131,ev,none,projection,main,live,20261002CCEAD0D8,2026-10-01T20:06:10.078Z
2026,4,15984,Jaylen Warren,PIT,RB,at CLE,recYds,Hard Rock,11.5,over,22.75,-575,350,0.8519,0.7931,0.0741,0,0.7381,-0.1137,-0.0550,ev,multiplicative,projection,main,live,20261002CCEAD0D8,2026-10-01T20:06:10.078Z
2026,4,13424,DK Metcalf,PIT,WR,at CLE,recYds,Hard Rock,44.5,over,42.16,-135,-105,0.5745,0.5287,0.0867,0,0.4607,-0.1138,-0.0680,ev,multiplicative,projection,main,live,20261002CCEAD0D8,2026-10-01T20:06:10.078Z
2026,4,18526,Raheim Sanders,CLE,RB,vs PIT,recYds,Hard Rock,10.5,under,13.62,105,-145,0.4878,0.4518,0.0796,0,0.3740,-0.1138,-0.0778,ev,multiplicative,projection,main,live,20261002CCEAD0D8,2026-10-01T20:06:10.078Z
2026,4,18526,Raheim Sanders,CLE,RB,vs PIT,receptions,FanDuel,4.5,over,1.72,678,,0.1285,0.1285,,1,0.0146,-0.1139,-0.1139,ev,none,projection,main,live,20261002CCEAD0D8,2026-10-01T20:06:10.078Z
2026,4,13424,DK Metcalf,PIT,WR,at CLE,recYds,Hard Rock,105.5,over,42.16,750,-2500,0.1176,0.1090,0.0792,0,0.0038,-0.1139,-0.1053,ev,multiplicative,projection,main,live,20261002CCEAD0D8,2026-10-01T20:06:10.078Z
2026,4,18472,Harold Fannin Jr.,CLE,TE,vs PIT,receptions,Hard Rock,3.5,under,4.41,165,-240,0.3774,0.3484,0.0832,0,0.2634,-0.1139,-0.0849,ev,multiplicative,projection,main,live,20261002CCEAD0D8,2026-10-01T20:06:10.078Z
2026,4,15984,Jaylen Warren,PIT,RB,at CLE,recYds,Hard Rock,12.5,over,22.75,-500,325,0.8333,0.7798,0.0686,0,0.7194,-0.1140,-0.0604,ev,multiplicative,projection,main,live,20261002CCEAD0D8,2026-10-01T20:06:10.078Z
2026,4,18472,Harold Fannin Jr.,CLE,TE,vs PIT,recYds,Hard Rock,88.5,over,44.69,750,-2500,0.1176,0.1090,0.0792,0,0.0034,-0.1142,-0.1056,ev,multiplicative,projection,main,live,20261002CCEAD0D8,2026-10-01T20:06:10.078Z
2026,4,18526,Raheim Sanders,CLE,RB,vs PIT,receptions,BetRivers,2.5,over,1.72,160,,0.3846,0.3846,,1,0.2704,-0.1143,-0.1143,ev,none,projection,main,live,20261002CCEAD0D8,2026-10-01T20:06:10.078Z
2026,4,13424,DK Metcalf,PIT,WR,at CLE,recYds,DraftKings,49.5,over,42.16,103,,0.4926,0.4926,,1,0.3784,-0.1143,-0.1143,ev,none,projection,main,live,20261002CCEAD0D8,2026-10-01T20:06:10.078Z
2026,4,15984,Jaylen Warren,PIT,RB,at CLE,rushYds,Hard Rock,62.5,under,96.25,155,-220,0.3922,0.3632,0.0797,0,0.2778,-0.1143,-0.0854,ev,multiplicative,projection,main,live,20261002CCEAD0D8,2026-10-01T20:06:10.078Z
2026,4,18526,Raheim Sanders,CLE,RB,vs PIT,recYds,Hard Rock,37.5,over,13.62,700,-2200,0.1250,0.1156,0.0815,0,0.0107,-0.1143,-0.1049,ev,multiplicative,projection,main,live,20261002CCEAD0D8,2026-10-01T20:06:10.078Z
2026,4,4307,Aaron Rodgers,PIT,QB,at CLE,passYds,Hard Rock,301.5,over,184.84,650,,0.1333,0.1333,,1,0.0190,-0.1143,-0.1143,ev,none,projection,main,live,20261002CCEAD0D8,2026-10-01T20:06:10.078Z
2026,4,19263,Germie Bernard,PIT,WR,at CLE,receptions,FanDuel,1.5,over,0.84,172,-235,0.3676,0.3439,0.0691,0,0.2532,-0.1144,-0.0907,ev,multiplicative,projection,main,live,20261002CCEAD0D8,2026-10-01T20:06:10.078Z
2026,4,16889,Darnell Washington,PIT,TE,at CLE,recYds,DraftKings,49.5,over,14.96,760,,0.1163,0.1163,,1,0.0018,-0.1145,-0.1145,ev,none,projection,main,live,20261002CCEAD0D8,2026-10-01T20:06:10.078Z
2026,4,11712,Deshaun Watson,CLE,QB,vs PIT,passYds,Hard Rock,165.5,under,218.73,155,-225,0.3922,0.3616,0.0845,0,0.2771,-0.1151,-0.0845,ev,multiplicative,projection,main,live,20261002CCEAD0D8,2026-10-01T20:06:10.078Z
2026,4,4307,Aaron Rodgers,PIT,QB,at CLE,passYds,Hard Rock,302.5,over,184.84,650,,0.1333,0.1333,,1,0.0182,-0.1151,-0.1151,ev,none,projection,main,live,20261002CCEAD0D8,2026-10-01T20:06:10.078Z
2026,4,18472,Harold Fannin Jr.,CLE,TE,vs PIT,recYds,FanDuel,40.5,under,44.69,-113,-113,0.5305,0.5000,0.0610,0,0.4153,-0.1152,-0.0847,ev,multiplicative,projection,main,live,20261002CCEAD0D8,2026-10-01T20:06:10.078Z
2026,4,18472,Harold Fannin Jr.,CLE,TE,vs PIT,recYds,BetRivers,40.5,under,44.69,-113,-118,0.5305,0.4950,0.0718,0,0.4153,-0.1152,-0.0797,ev,multiplicative,projection,main,live,20261002CCEAD0D8,2026-10-01T20:06:10.078Z
2026,4,15984,Jaylen Warren,PIT,RB,at CLE,recYds,Hard Rock,9.5,over,22.75,-800,425,0.8889,0.8235,0.0794,0,0.7737,-0.1152,-0.0499,ev,multiplicative,projection,main,live,20261002CCEAD0D8,2026-10-01T20:06:10.078Z
2026,4,19263,Germie Bernard,PIT,WR,at CLE,recYds,Hard Rock,38.5,over,9.67,750,-2500,0.1176,0.1090,0.0792,0,0.0024,-0.1153,-0.1067,ev,multiplicative,projection,main,live,20261002CCEAD0D8,2026-10-01T20:06:10.078Z
2026,4,11712,Deshaun Watson,CLE,QB,vs PIT,passYds,Hard Rock,167.5,under,218.73,150,-210,0.4000,0.3713,0.0774,0,0.2846,-0.1154,-0.0867,ev,multiplicative,projection,main,live,20261002CCEAD0D8,2026-10-01T20:06:10.078Z
2026,4,15984,Jaylen Warren,PIT,RB,at CLE,rushAtt,DraftKings,13.5,over,17.68,-393,,0.7972,0.7972,,1,0.6816,-0.1155,-0.1155,ev,none,projection,main,live,20261002CCEAD0D8,2026-10-01T20:06:10.078Z
2026,4,4307,Aaron Rodgers,PIT,QB,at CLE,int,theScore,1.5,over,0.36,500,,0.1667,0.1667,,1,0.0512,-0.1155,-0.1155,ev,none,projection,main,live,20261002CCEAD0D8,2026-10-01T20:06:10.078Z
2026,4,18472,Harold Fannin Jr.,CLE,TE,vs PIT,recYds,FanDuel,59.5,over,44.69,238,,0.2959,0.2959,,1,0.1802,-0.1157,-0.1157,ev,none,projection,main,live,20261002CCEAD0D8,2026-10-01T20:06:10.078Z
2026,4,18472,Harold Fannin Jr.,CLE,TE,vs PIT,recYds,Hard Rock,58.5,over,44.69,220,,0.3125,0.3125,,1,0.1968,-0.1157,-0.1157,ev,none,projection,main,live,20261002CCEAD0D8,2026-10-01T20:06:10.078Z
2026,4,15984,Jaylen Warren,PIT,RB,at CLE,recYds,BetMGM,25.5,over,22.75,-115,-115,0.5349,0.5000,0.0698,0,0.4191,-0.1158,-0.0809,ev,multiplicative,projection,main,live,20261002CCEAD0D8,2026-10-01T20:06:10.078Z
2026,4,18526,Raheim Sanders,CLE,RB,vs PIT,recYds,Hard Rock,35.5,over,13.62,650,-1600,0.1333,0.1241,0.0745,0,0.0175,-0.1158,-0.1066,ev,multiplicative,projection,main,live,20261002CCEAD0D8,2026-10-01T20:06:10.078Z
2026,4,15984,Jaylen Warren,PIT,RB,at CLE,recYds,Hard Rock,20.5,over,22.75,-200,145,0.6667,0.6203,0.0748,0,0.5507,-0.1159,-0.0695,ev,multiplicative,projection,main,live,20261002CCEAD0D8,2026-10-01T20:06:10.078Z
2026,4,13424,DK Metcalf,PIT,WR,at CLE,receptions,Hard Rock,4.5,over,3.17,145,-210,0.4082,0.3760,0.0856,0,0.2922,-0.1160,-0.0838,ev,multiplicative,projection,main,live,20261002CCEAD0D8,2026-10-01T20:06:10.078Z
2026,4,4307,Aaron Rodgers,PIT,QB,at CLE,passYds,DraftKings,299.5,over,184.84,630,,0.1370,0.1370,,1,0.0207,-0.1163,-0.1163,ev,none,projection,main,live,20261002CCEAD0D8,2026-10-01T20:06:10.078Z
2026,4,15984,Jaylen Warren,PIT,RB,at CLE,rushYds,Hard Rock,63.5,under,96.25,150,-210,0.4000,0.3713,0.0774,0,0.2837,-0.1163,-0.0875,ev,multiplicative,projection,main,live,20261002CCEAD0D8,2026-10-01T20:06:10.078Z
2026,4,15984,Jaylen Warren,PIT,RB,at CLE,recYds,Hard Rock,17.5,over,22.75,-275,185,0.7333,0.6764,0.0842,0,0.6170,-0.1163,-0.0594,ev,multiplicative,projection,main,live,20261002CCEAD0D8,2026-10-01T20:06:10.078Z
2026,4,16889,Darnell Washington,PIT,TE,at CLE,recYds,FanDuel,49.5,over,14.96,746,,0.1182,0.1182,,1,0.0018,-0.1164,-0.1164,ev,none,projection,main,live,20261002CCEAD0D8,2026-10-01T20:06:10.078Z
2026,4,19263,Germie Bernard,PIT,WR,at CLE,recYds,FanDuel,39.5,over,9.67,746,,0.1182,0.1182,,1,0.0017,-0.1165,-0.1165,ev,none,projection,main,live,20261002CCEAD0D8,2026-10-01T20:06:10.078Z
2026,4,17043,Roman Wilson,PIT,WR,at CLE,recYds,Hard Rock,66.5,over,20.34,750,-2500,0.1176,0.1090,0.0792,0,0.0011,-0.1165,-0.1079,ev,multiplicative,projection,main,live,20261002CCEAD0D8,2026-10-01T20:06:10.078Z
2026,4,4307,Aaron Rodgers,PIT,QB,at CLE,passYds,FanDuel,299.5,over,184.84,628,,0.1374,0.1374,,1,0.0207,-0.1166,-0.1166,ev,none,projection,main,live,20261002CCEAD0D8,2026-10-01T20:06:10.078Z
2026,4,19298,Denzel Boston,CLE,WR,vs PIT,receptions,Caesars,3.5,under,3.13,-209,156,0.6764,0.6339,0.0670,0,0.5598,-0.1166,-0.0742,ev,multiplicative,projection,main,live,20261002CCEAD0D8,2026-10-01T20:06:10.078Z
2026,4,15984,Jaylen Warren,PIT,RB,at CLE,recYds,Hard Rock,64.5,over,22.75,750,-2500,0.1176,0.1090,0.0792,0,0.0010,-0.1167,-0.1081,ev,multiplicative,projection,main,live,20261002CCEAD0D8,2026-10-01T20:06:10.078Z
2026,4,17043,Roman Wilson,PIT,WR,at CLE,recYds,Hard Rock,27.5,over,20.34,130,-185,0.4348,0.4011,0.0839,0,0.3181,-0.1167,-0.0830,ev,multiplicative,projection,main,live,20261002CCEAD0D8,2026-10-01T20:06:10.078Z
2026,4,18516,Quinshon Judkins,CLE,RB,vs PIT,rushYds,Hard Rock,114.5,over,42.39,750,-2200,0.1176,0.1095,0.0742,0,0.0004,-0.1172,-0.1091,ev,multiplicative,projection,main,live,20261002CCEAD0D8,2026-10-01T20:06:10.078Z
2026,4,18516,Quinshon Judkins,CLE,RB,vs PIT,rushYds,Hard Rock,115.5,over,42.39,750,-2200,0.1176,0.1095,0.0742,0,0.0004,-0.1173,-0.1092,ev,multiplicative,projection,main,live,20261002CCEAD0D8,2026-10-01T20:06:10.078Z
2026,4,18516,Quinshon Judkins,CLE,RB,vs PIT,rushYds,Hard Rock,116.5,over,42.39,750,-2500,0.1176,0.1090,0.0792,0,0.0003,-0.1173,-0.1087,ev,multiplicative,projection,main,live,20261002CCEAD0D8,2026-10-01T20:06:10.078Z
2026,4,13484,Travis Homer,PIT,RB,at CLE,rushYds,Hard Rock,24.5,under,13.65,-2500,750,0.9615,0.8910,0.0792,0,0.8443,-0.1173,-0.0467,ev,multiplicative,projection,main,live,20261002CCEAD0D8,2026-10-01T20:06:10.078Z
2026,4,18472,Harold Fannin Jr.,CLE,TE,vs PIT,recYds,Caesars,40.5,under,44.69,-114,-114,0.5327,0.5000,0.0654,0,0.4153,-0.1174,-0.0847,ev,multiplicative,projection,main,live,20261002CCEAD0D8,2026-10-01T20:06:10.078Z
2026,4,15984,Jaylen Warren,PIT,RB,at CLE,rushYds,Hard Rock,129.5,under,96.25,-1100,525,0.9167,0.8514,0.0767,0,0.7993,-0.1174,-0.0521,ev,multiplicative,projection,main,live,20261002CCEAD0D8,2026-10-01T20:06:10.078Z
2026,4,16889,Darnell Washington,PIT,TE,at CLE,recYds,Hard Rock,56.5,over,14.96,750,-2500,0.1176,0.1090,0.0792,0,0.0002,-0.1174,-0.1088,ev,multiplicative,projection,main,live,20261002CCEAD0D8,2026-10-01T20:06:10.078Z
2026,4,18516,Quinshon Judkins,CLE,RB,vs PIT,rushYds,Hard Rock,117.5,over,42.39,750,-2500,0.1176,0.1090,0.0792,0,0.0003,-0.1174,-0.1087,ev,multiplicative,projection,main,live,20261002CCEAD0D8,2026-10-01T20:06:10.078Z
2026,4,15267,Pat Freiermuth,PIT,TE,at CLE,recYds,FanDuel,59.5,over,33.66,576,,0.1479,0.1479,,1,0.0305,-0.1175,-0.1175,ev,none,projection,main,live,20261002CCEAD0D8,2026-10-01T20:06:10.078Z
2026,4,13424,DK Metcalf,PIT,WR,at CLE,receptions,FanDuel,4.5,over,3.17,144,,0.4098,0.4098,,1,0.2922,-0.1176,-0.1176,ev,none,projection,main,live,20261002CCEAD0D8,2026-10-01T20:06:10.078Z
2026,4,11712,Deshaun Watson,CLE,QB,vs PIT,completions,BetRivers,14.5,over,20.11,-770,,0.8851,0.8851,,1,0.7675,-0.1176,-0.1176,ev,none,projection,main,live,20261002CCEAD0D8,2026-10-01T20:06:10.078Z
2026,4,19263,Germie Bernard,PIT,WR,at CLE,recYds,Hard Rock,17.5,over,9.67,195,-275,0.3390,0.3161,0.0723,0,0.2214,-0.1176,-0.0948,ev,multiplicative,projection,main,live,20261002CCEAD0D8,2026-10-01T20:06:10.078Z
2026,4,11712,Deshaun Watson,CLE,QB,vs PIT,rushYds,Hard Rock,63.5,over,17.22,750,-2500,0.1176,0.1090,0.0792,0,0.0000,-0.1176,-0.1090,ev,multiplicative,projection,main,live,20261002CCEAD0D8,2026-10-01T20:06:10.078Z
2026,4,4307,Aaron Rodgers,PIT,QB,at CLE,int,DraftKings,1.5,over,0.36,492,,0.1689,0.1689,,1,0.0512,-0.1178,-0.1178,ev,none,projection,main,live,20261002CCEAD0D8,2026-10-01T20:06:10.078Z
2026,4,13424,DK Metcalf,PIT,WR,at CLE,recYds,Hard Rock,46.5,over,42.16,-120,-115,0.5455,0.5049,0.0803,0,0.4273,-0.1181,-0.0776,ev,multiplicative,projection,main,live,20261002CCEAD0D8,2026-10-01T20:06:10.078Z
2026,4,18472,Harold Fannin Jr.,CLE,TE,vs PIT,recYds,BetRivers,59.5,over,44.69,235,,0.2985,0.2985,,1,0.1802,-0.1183,-0.1183,ev,none,projection,main,live,20261002CCEAD0D8,2026-10-01T20:06:10.078Z
2026,4,15984,Jaylen Warren,PIT,RB,at CLE,recYds,Hard Rock,15.5,over,22.75,-350,225,0.7778,0.7165,0.0855,0,0.6594,-0.1183,-0.0571,ev,multiplicative,projection,main,live,20261002CCEAD0D8,2026-10-01T20:06:10.078Z
2026,4,11712,Deshaun Watson,CLE,QB,vs PIT,passAtt,DraftKings,23.5,over,29.14,-571,,0.8510,0.8510,,1,0.7326,-0.1184,-0.1184,ev,none,projection,main,live,20261002CCEAD0D8,2026-10-01T20:06:10.078Z
2026,4,18516,Quinshon Judkins,CLE,RB,vs PIT,recYds,Caesars,39.5,over,12.98,650,,0.1333,0.1333,,1,0.0150,-0.1184,-0.1184,ev,none,projection,main,live,20261002CCEAD0D8,2026-10-01T20:06:10.078Z
2026,4,18526,Raheim Sanders,CLE,RB,vs PIT,receptions,BetRivers,3.5,over,1.72,400,,0.2000,0.2000,,1,0.0814,-0.1186,-0.1186,ev,none,projection,main,live,20261002CCEAD0D8,2026-10-01T20:06:10.078Z
2026,4,15984,Jaylen Warren,PIT,RB,at CLE,recYds,Hard Rock,10.5,over,22.75,-700,400,0.8750,0.8140,0.0750,0,0.7563,-0.1187,-0.0577,ev,multiplicative,projection,main,live,20261002CCEAD0D8,2026-10-01T20:06:10.078Z
2026,4,11712,Deshaun Watson,CLE,QB,vs PIT,rushYds,DraftKings,59.5,over,17.22,740,,0.1190,0.1190,,1,0.0000,-0.1190,-0.1190,ev,none,projection,main,live,20261002CCEAD0D8,2026-10-01T20:06:10.078Z
2026,4,15984,Jaylen Warren,PIT,RB,at CLE,recYds,Hard Rock,18.5,over,22.75,-250,170,0.7143,0.6585,0.0847,0,0.5952,-0.1191,-0.0634,ev,multiplicative,projection,main,live,20261002CCEAD0D8,2026-10-01T20:06:10.078Z
2026,4,18526,Raheim Sanders,CLE,RB,vs PIT,recYds,Hard Rock,6.5,under,13.62,185,-260,0.3509,0.3270,0.0731,0,0.2317,-0.1192,-0.0953,ev,multiplicative,projection,main,live,20261002CCEAD0D8,2026-10-01T20:06:10.078Z
2026,4,15984,Jaylen Warren,PIT,RB,at CLE,recYds,Hard Rock,19.5,over,22.75,-225,155,0.6923,0.6384,0.0845,0,0.5731,-0.1192,-0.0653,ev,multiplicative,projection,main,live,20261002CCEAD0D8,2026-10-01T20:06:10.078Z
2026,4,19263,Germie Bernard,PIT,WR,at CLE,receptions,BetRivers,2.5,over,0.84,500,,0.1667,0.1667,,1,0.0473,-0.1193,-0.1193,ev,none,projection,main,live,20261002CCEAD0D8,2026-10-01T20:06:10.078Z
2026,4,18526,Raheim Sanders,CLE,RB,vs PIT,recYds,Hard Rock,24.5,over,13.62,275,-450,0.2667,0.2458,0.0848,0,0.1472,-0.1194,-0.0986,ev,multiplicative,projection,main,live,20261002CCEAD0D8,2026-10-01T20:06:10.078Z
2026,4,4307,Aaron Rodgers,PIT,QB,at CLE,passAtt,DraftKings,43.5,over,30.49,690,,0.1266,0.1266,,1,0.0071,-0.1195,-0.1195,ev,none,projection,main,live,20261002CCEAD0D8,2026-10-01T20:06:10.078Z
2026,4,13424,DK Metcalf,PIT,WR,at CLE,recYds,Hard Rock,102.5,over,42.16,700,-2000,0.1250,0.1160,0.0774,0,0.0054,-0.1196,-0.1106,ev,multiplicative,projection,main,live,20261002CCEAD0D8,2026-10-01T20:06:10.078Z
2026,4,17130,Blake Whiteheart,CLE,TE,vs PIT,recYds,Hard Rock,17.5,under,9.35,-850,450,0.8947,0.8311,0.0766,0,0.7746,-0.1201,-0.0565,ev,multiplicative,projection,main,live,20261002CCEAD0D8,2026-10-01T20:06:10.078Z
2026,4,4307,Aaron Rodgers,PIT,QB,at CLE,completions,BetRivers,20.5,over,19.18,-110,,0.5238,0.5238,,1,0.4036,-0.1202,-0.1202,ev,none,projection,main,live,20261002CCEAD0D8,2026-10-01T20:06:10.078Z
2026,4,13424,DK Metcalf,PIT,WR,at CLE,recYds,Hard Rock,103.5,over,42.16,700,,0.1250,0.1250,,1,0.0048,-0.1202,-0.1202,ev,none,projection,main,live,20261002CCEAD0D8,2026-10-01T20:06:10.078Z
2026,4,18526,Raheim Sanders,CLE,RB,vs PIT,recYds,DraftKings,39.5,over,13.62,690,,0.1266,0.1266,,1,0.0063,-0.1203,-0.1203,ev,none,projection,main,live,20261002CCEAD0D8,2026-10-01T20:06:10.078Z
2026,4,4307,Aaron Rodgers,PIT,QB,at CLE,completions,BetMGM,21.5,over,19.18,120,-160,0.4545,0.4248,0.0699,0,0.3341,-0.1205,-0.0908,ev,multiplicative,projection,main,live,20261002CCEAD0D8,2026-10-01T20:06:10.078Z
2026,4,14378,Michael Pittman Jr.,PIT,WR,at CLE,recYds,Hard Rock,69.5,under,40.74,-1000,475,0.9091,0.8394,0.0830,0,0.7886,-0.1205,-0.0508,ev,multiplicative,projection,main,live,20261002CCEAD0D8,2026-10-01T20:06:10.078Z
2026,4,16889,Darnell Washington,PIT,TE,at CLE,recYds,FanDuel,19.5,over,14.96,112,,0.4717,0.4717,,1,0.3511,-0.1206,-0.1206,ev,none,projection,main,live,20261002CCEAD0D8,2026-10-01T20:06:10.078Z
2026,4,14378,Michael Pittman Jr.,PIT,WR,at CLE,recYds,theScore,35.5,under,40.74,-105,-125,0.5122,0.4797,0.0678,0,0.3916,-0.1206,-0.0881,ev,multiplicative,projection,main,live,20261002CCEAD0D8,2026-10-01T20:06:10.078Z
2026,4,15984,Jaylen Warren,PIT,RB,at CLE,recYds,DraftKings,24.5,over,22.75,-132,,0.5690,0.5690,,1,0.4483,-0.1207,-0.1207,ev,none,projection,main,live,20261002CCEAD0D8,2026-10-01T20:06:10.078Z
2026,4,19263,Germie Bernard,PIT,WR,at CLE,recYds,Hard Rock,36.5,over,9.67,700,-2000,0.1250,0.1160,0.0774,0,0.0043,-0.1207,-0.1118,ev,multiplicative,projection,main,live,20261002CCEAD0D8,2026-10-01T20:06:10.078Z
2026,4,13424,DK Metcalf,PIT,WR,at CLE,recYds,Hard Rock,104.5,over,42.16,700,-2200,0.1250,0.1156,0.0815,0,0.0043,-0.1207,-0.1113,ev,multiplicative,projection,main,live,20261002CCEAD0D8,2026-10-01T20:06:10.078Z
2026,4,18526,Raheim Sanders,CLE,RB,vs PIT,recYds,Hard Rock,34.5,over,13.62,600,-1500,0.1429,0.1322,0.0804,0,0.0221,-0.1207,-0.1101,ev,multiplicative,projection,main,live,20261002CCEAD0D8,2026-10-01T20:06:10.078Z
2026,4,15984,Jaylen Warren,PIT,RB,at CLE,recYds,Hard Rock,21.5,over,22.75,-185,130,0.6491,0.5989,0.0839,0,0.5282,-0.1209,-0.0706,ev,multiplicative,projection,main,live,20261002CCEAD0D8,2026-10-01T20:06:10.078Z
2026,4,4307,Aaron Rodgers,PIT,QB,at CLE,passYds,Hard Rock,298.5,over,184.84,600,,0.1429,0.1429,,1,0.0216,-0.1212,-0.1212,ev,none,projection,main,live,20261002CCEAD0D8,2026-10-01T20:06:10.078Z
2026,4,18526,Raheim Sanders,CLE,RB,vs PIT,recYds,BetMGM,11.5,under,13.62,-115,-115,0.5349,0.5000,0.0698,0,0.4136,-0.1213,-0.0864,ev,multiplicative,projection,main,live,20261002CCEAD0D8,2026-10-01T20:06:10.078Z
2026,4,18472,Harold Fannin Jr.,CLE,TE,vs PIT,recYds,FanDuel,79.5,over,44.69,628,,0.1374,0.1374,,1,0.0158,-0.1216,-0.1216,ev,none,projection,main,live,20261002CCEAD0D8,2026-10-01T20:06:10.078Z
2026,4,13424,DK Metcalf,PIT,WR,at CLE,recYds,FanDuel,49.5,over,42.16,100,,0.5000,0.5000,,1,0.3784,-0.1216,-0.1216,ev,none,projection,main,live,20261002CCEAD0D8,2026-10-01T20:06:10.078Z
2026,4,18472,Harold Fannin Jr.,CLE,TE,vs PIT,recYds,DraftKings,59.5,over,44.69,231,,0.3021,0.3021,,1,0.1802,-0.1220,-0.1220,ev,none,projection,main,live,20261002CCEAD0D8,2026-10-01T20:06:10.078Z
2026,4,13424,DK Metcalf,PIT,WR,at CLE,recYds,DraftKings,99.5,over,42.16,670,,0.1299,0.1299,,1,0.0078,-0.1221,-0.1221,ev,none,projection,main,live,20261002CCEAD0D8,2026-10-01T20:06:10.078Z
2026,4,19263,Germie Bernard,PIT,WR,at CLE,recYds,Hard Rock,5.5,under,9.67,130,-180,0.4348,0.4035,0.0776,0,0.3127,-0.1221,-0.0908,ev,multiplicative,projection,main,live,20261002CCEAD0D8,2026-10-01T20:06:10.078Z
2026,4,18516,Quinshon Judkins,CLE,RB,vs PIT,recYds,theScore,29.5,over,12.98,375,,0.2105,0.2105,,1,0.0881,-0.1224,-0.1224,ev,none,projection,main,live,20261002CCEAD0D8,2026-10-01T20:06:10.078Z
2026,4,18526,Raheim Sanders,CLE,RB,vs PIT,recYds,FanDuel,39.5,over,13.62,676,,0.1289,0.1289,,1,0.0063,-0.1225,-0.1225,ev,none,projection,main,live,20261002CCEAD0D8,2026-10-01T20:06:10.078Z
2026,4,14378,Michael Pittman Jr.,PIT,WR,at CLE,recYds,Hard Rock,67.5,under,40.74,-850,450,0.8947,0.8311,0.0766,0,0.7721,-0.1226,-0.0590,ev,multiplicative,projection,main,live,20261002CCEAD0D8,2026-10-01T20:06:10.078Z
2026,4,18526,Raheim Sanders,CLE,RB,vs PIT,recYds,Caesars,39.5,over,13.62,675,,0.1290,0.1290,,1,0.0063,-0.1227,-0.1227,ev,none,projection,main,live,20261002CCEAD0D8,2026-10-01T20:06:10.078Z
2026,4,18472,Harold Fannin Jr.,CLE,TE,vs PIT,recYds,Hard Rock,59.5,over,44.69,230,-350,0.3030,0.2804,0.0808,0,0.1802,-0.1229,-0.1002,ev,multiplicative,projection,main,live,20261002CCEAD0D8,2026-10-01T20:06:10.078Z
2026,4,18472,Harold Fannin Jr.,CLE,TE,vs PIT,recYds,Hard Rock,19.5,under,44.69,350,-600,0.2222,0.2059,0.0794,0,0.0992,-0.1230,-0.1067,ev,multiplicative,projection,main,live,20261002CCEAD0D8,2026-10-01T20:06:10.078Z
2026,4,18526,Raheim Sanders,CLE,RB,vs PIT,receptions,DraftKings,3.5,over,1.72,389,,0.2045,0.2045,,1,0.0814,-0.1231,-0.1231,ev,none,projection,main,live,20261002CCEAD0D8,2026-10-01T20:06:10.078Z
2026,4,16889,Darnell Washington,PIT,TE,at CLE,recYds,Caesars,49.5,over,14.96,700,,0.1250,0.1250,,1,0.0018,-0.1232,-0.1232,ev,none,projection,main,live,20261002CCEAD0D8,2026-10-01T20:06:10.078Z
2026,4,16889,Darnell Washington,PIT,TE,at CLE,recYds,theScore,49.5,over,14.96,700,,0.1250,0.1250,,1,0.0018,-0.1232,-0.1232,ev,none,projection,main,live,20261002CCEAD0D8,2026-10-01T20:06:10.078Z
2026,4,17043,Roman Wilson,PIT,WR,at CLE,recYds,Hard Rock,64.5,over,20.34,700,-2000,0.1250,0.1160,0.0774,0,0.0018,-0.1232,-0.1143,ev,multiplicative,projection,main,live,20261002CCEAD0D8,2026-10-01T20:06:10.078Z
2026,4,19263,Germie Bernard,PIT,WR,at CLE,recYds,theScore,39.5,over,9.67,700,,0.1250,0.1250,,1,0.0017,-0.1233,-0.1233,ev,none,projection,main,live,20261002CCEAD0D8,2026-10-01T20:06:10.078Z
2026,4,15267,Pat Freiermuth,PIT,TE,at CLE,recYds,theScore,59.5,over,33.66,550,,0.1538,0.1538,,1,0.0305,-0.1234,-0.1234,ev,none,projection,main,live,20261002CCEAD0D8,2026-10-01T20:06:10.078Z
2026,4,17043,Roman Wilson,PIT,WR,at CLE,recYds,Hard Rock,65.5,over,20.34,700,-2200,0.1250,0.1156,0.0815,0,0.0014,-0.1236,-0.1142,ev,multiplicative,projection,main,live,20261002CCEAD0D8,2026-10-01T20:06:10.078Z
2026,4,18526,Raheim Sanders,CLE,RB,vs PIT,recYds,Hard Rock,25.5,over,13.62,300,-500,0.2500,0.2308,0.0833,0,0.1262,-0.1238,-0.1046,ev,multiplicative,projection,main,live,20261002CCEAD0D8,2026-10-01T20:06:10.078Z
2026,4,15984,Jaylen Warren,PIT,RB,at CLE,recYds,Hard Rock,63.5,over,22.75,700,-2200,0.1250,0.1156,0.0815,0,0.0012,-0.1238,-0.1143,ev,multiplicative,projection,main,live,20261002CCEAD0D8,2026-10-01T20:06:10.078Z
2026,4,13424,DK Metcalf,PIT,WR,at CLE,recYds,Hard Rock,47.5,over,42.16,-115,-115,0.5349,0.5000,0.0698,0,0.4108,-0.1240,-0.0892,ev,multiplicative,projection,main,live,20261002CCEAD0D8,2026-10-01T20:06:10.078Z
2026,4,15984,Jaylen Warren,PIT,RB,at CLE,recYds,Hard Rock,22.5,over,22.75,-170,120,0.6296,0.5807,0.0842,0,0.5057,-0.1240,-0.0751,ev,multiplicative,projection,main,live,20261002CCEAD0D8,2026-10-01T20:06:10.078Z
2026,4,15267,Pat Freiermuth,PIT,TE,at CLE,recYds,Hard Rock,9.5,under,33.66,375,-700,0.2105,0.1939,0.0855,0,0.0863,-0.1242,-0.1076,ev,multiplicative,projection,main,live,20261002CCEAD0D8,2026-10-01T20:06:10.078Z
2026,4,14378,Michael Pittman Jr.,PIT,WR,at CLE,recYds,Hard Rock,68.5,under,40.74,-950,475,0.9048,0.8388,0.0787,0,0.7804,-0.1243,-0.0583,ev,multiplicative,projection,main,live,20261002CCEAD0D8,2026-10-01T20:06:10.078Z
2026,4,15984,Jaylen Warren,PIT,RB,at CLE,rushYds,Hard Rock,127.5,under,96.25,-1000,500,0.9091,0.8451,0.0758,0,0.7848,-0.1243,-0.0603,ev,multiplicative,projection,main,live,20261002CCEAD0D8,2026-10-01T20:06:10.078Z
2026,4,15267,Pat Freiermuth,PIT,TE,at CLE,recYds,Hard Rock,51.5,over,33.66,350,-600,0.2222,0.2059,0.0794,0,0.0979,-0.1244,-0.1080,ev,multiplicative,projection,main,live,20261002CCEAD0D8,2026-10-01T20:06:10.078Z
2026,4,18516,Quinshon Judkins,CLE,RB,vs PIT,rushYds,Hard Rock,112.5,over,42.39,700,-1800,0.1250,0.1166,0.0724,0,0.0006,-0.1244,-0.1160,ev,multiplicative,projection,main,live,20261002CCEAD0D8,2026-10-01T20:06:10.078Z
2026,4,14458,Jerry Jeudy,CLE,WR,vs PIT,recYds,Hard Rock,20.5,under,17.27,-195,135,0.6610,0.6084,0.0865,0,0.5365,-0.1245,-0.0719,ev,multiplicative,projection,main,live,20261002CCEAD0D8,2026-10-01T20:06:10.078Z
2026,4,18516,Quinshon Judkins,CLE,RB,vs PIT,rushYds,Hard Rock,113.5,over,42.39,700,-2000,0.1250,0.1160,0.0774,0,0.0005,-0.1245,-0.1155,ev,multiplicative,projection,main,live,20261002CCEAD0D8,2026-10-01T20:06:10.078Z
2026,4,15267,Pat Freiermuth,PIT,TE,at CLE,recYds,Hard Rock,52.5,over,33.66,375,-600,0.2105,0.1972,0.0677,0,0.0859,-0.1246,-0.1113,ev,multiplicative,projection,main,live,20261002CCEAD0D8,2026-10-01T20:06:10.078Z
2026,4,16889,Darnell Washington,PIT,TE,at CLE,recYds,Hard Rock,54.5,over,14.96,700,-2000,0.1250,0.1160,0.0774,0,0.0004,-0.1246,-0.1156,ev,multiplicative,projection,main,live,20261002CCEAD0D8,2026-10-01T20:06:10.078Z
2026,4,15984,Jaylen Warren,PIT,RB,at CLE,rushYds,Hard Rock,128.5,under,96.25,-1100,500,0.9167,0.8462,0.0833,0,0.7921,-0.1246,-0.0540,ev,multiplicative,projection,main,live,20261002CCEAD0D8,2026-10-01T20:06:10.078Z
2026,4,16889,Darnell Washington,PIT,TE,at CLE,recYds,Hard Rock,55.5,over,14.96,700,-2200,0.1250,0.1156,0.0815,0,0.0003,-0.1247,-0.1153,ev,multiplicative,projection,main,live,20261002CCEAD0D8,2026-10-01T20:06:10.078Z
2026,4,19263,Germie Bernard,PIT,WR,at CLE,recYds,DraftKings,39.5,over,9.67,690,,0.1266,0.1266,,1,0.0017,-0.1249,-0.1249,ev,none,projection,main,live,20261002CCEAD0D8,2026-10-01T20:06:10.078Z
2026,4,11712,Deshaun Watson,CLE,QB,vs PIT,passTD,theScore,0.5,under,1.46,180,-250,0.3571,0.3333,0.0714,0,0.2322,-0.1249,-0.1011,ev,multiplicative,projection,main,live,20261002CCEAD0D8,2026-10-01T20:06:10.078Z
2026,4,11712,Deshaun Watson,CLE,QB,vs PIT,passTD,Circa Sports,0.5,under,1.46,180,-210,0.3571,0.3452,0.0346,0,0.2322,-0.1249,-0.1130,ev,multiplicative,projection,main,live,20261002CCEAD0D8,2026-10-01T20:06:10.078Z
2026,4,15267,Pat Freiermuth,PIT,TE,at CLE,recYds,Hard Rock,53.5,over,33.66,400,,0.2000,0.2000,,1,0.0751,-0.1249,-0.1249,ev,none,projection,main,live,20261002CCEAD0D8,2026-10-01T20:06:10.078Z
2026,4,11712,Deshaun Watson,CLE,QB,vs PIT,rushYds,Hard Rock,61.5,over,17.22,700,-2200,0.1250,0.1156,0.0815,0,0.0000,-0.1250,-0.1156,ev,multiplicative,projection,main,live,20261002CCEAD0D8,2026-10-01T20:06:10.078Z
2026,4,16889,Darnell Washington,PIT,TE,at CLE,recYds,theScore,19.5,over,14.96,110,-140,0.4762,0.4494,0.0595,0,0.3511,-0.1251,-0.0983,ev,multiplicative,projection,main,live,20261002CCEAD0D8,2026-10-01T20:06:10.078Z
2026,4,14378,Michael Pittman Jr.,PIT,WR,at CLE,recYds,Hard Rock,66.5,under,40.74,-800,425,0.8889,0.8235,0.0794,0,0.7636,-0.1253,-0.0599,ev,multiplicative,projection,main,live,20261002CCEAD0D8,2026-10-01T20:06:10.078Z
2026,4,11712,Deshaun Watson,CLE,QB,vs PIT,completions,DraftKings,17.5,under,20.11,103,-131,0.4926,0.4649,0.0597,0,0.3670,-0.1256,-0.0979,ev,multiplicative,projection,main,live,20261002CCEAD0D8,2026-10-01T20:06:10.078Z
2026,4,16889,Darnell Washington,PIT,TE,at CLE,receptions,Caesars,3.5,over,1.47,450,,0.1818,0.1818,,1,0.0557,-0.1261,-0.1261,ev,none,projection,main,live,20261002CCEAD0D8,2026-10-01T20:06:10.078Z
2026,4,16889,Darnell Washington,PIT,TE,at CLE,receptions,BetRivers,3.5,over,1.47,450,,0.1818,0.1818,,1,0.0557,-0.1261,-0.1261,ev,none,projection,main,live,20261002CCEAD0D8,2026-10-01T20:06:10.078Z
2026,4,18526,Raheim Sanders,CLE,RB,vs PIT,recYds,Hard Rock,33.5,over,13.62,550,-1300,0.1538,0.1421,0.0824,0,0.0277,-0.1261,-0.1144,ev,multiplicative,projection,main,live,20261002CCEAD0D8,2026-10-01T20:06:10.078Z
2026,4,15984,Jaylen Warren,PIT,RB,at CLE,recYds,Hard Rock,16.5,over,22.75,-325,200,0.7647,0.6964,0.0980,0,0.6384,-0.1263,-0.0580,ev,multiplicative,projection,main,live,20261002CCEAD0D8,2026-10-01T20:06:10.078Z
2026,4,13424,DK Metcalf,PIT,WR,at CLE,recYds,Hard Rock,100.5,over,42.16,650,-1600,0.1333,0.1241,0.0745,0,0.0069,-0.1264,-0.1172,ev,multiplicative,projection,main,live,20261002CCEAD0D8,2026-10-01T20:06:10.078Z
2026,4,18526,Raheim Sanders,CLE,RB,vs PIT,recYds,Hard Rock,8.5,under,13.62,135,-185,0.4255,0.3960,0.0747,0,0.2990,-0.1265,-0.0970,ev,multiplicative,projection,main,live,20261002CCEAD0D8,2026-10-01T20:06:10.078Z
2026,4,19263,Germie Bernard,PIT,WR,at CLE,receptions,Hard Rock,2.5,over,0.84,475,-900,0.1739,0.1619,0.0739,0,0.0473,-0.1266,-0.1146,ev,multiplicative,projection,main,live,20261002CCEAD0D8,2026-10-01T20:06:10.078Z
2026,4,15267,Pat Freiermuth,PIT,TE,at CLE,recYds,Hard Rock,10.5,under,33.66,350,-600,0.2222,0.2059,0.0794,0,0.0956,-0.1267,-0.1103,ev,multiplicative,projection,main,live,20261002CCEAD0D8,2026-10-01T20:06:10.078Z
2026,4,18472,Harold Fannin Jr.,CLE,TE,vs PIT,recYds,Hard Rock,20.5,under,44.69,325,-550,0.2353,0.2176,0.0814,0,0.1084,-0.1269,-0.1092,ev,multiplicative,projection,main,live,20261002CCEAD0D8,2026-10-01T20:06:10.078Z
2026,4,15984,Jaylen Warren,PIT,RB,at CLE,rushYds,Hard Rock,64.5,under,96.25,140,-200,0.4167,0.3846,0.0833,0,0.2897,-0.1270,-0.0950,ev,multiplicative,projection,main,live,20261002CCEAD0D8,2026-10-01T20:06:10.078Z
2026,4,18526,Raheim Sanders,CLE,RB,vs PIT,recYds,theScore,39.5,over,13.62,650,,0.1333,0.1333,,1,0.0063,-0.1270,-0.1270,ev,none,projection,main,live,20261002CCEAD0D8,2026-10-01T20:06:10.078Z
2026,4,18472,Harold Fannin Jr.,CLE,TE,vs PIT,recYds,Caesars,79.5,over,44.69,600,,0.1429,0.1429,,1,0.0158,-0.1271,-0.1271,ev,none,projection,main,live,20261002CCEAD0D8,2026-10-01T20:06:10.078Z
2026,4,18472,Harold Fannin Jr.,CLE,TE,vs PIT,recYds,theScore,79.5,over,44.69,600,,0.1429,0.1429,,1,0.0158,-0.1271,-0.1271,ev,none,projection,main,live,20261002CCEAD0D8,2026-10-01T20:06:10.078Z
2026,4,13424,DK Metcalf,PIT,WR,at CLE,recYds,Hard Rock,101.5,over,42.16,650,-1800,0.1333,0.1234,0.0807,0,0.0061,-0.1272,-0.1172,ev,multiplicative,projection,main,live,20261002CCEAD0D8,2026-10-01T20:06:10.078Z
2026,4,14458,Jerry Jeudy,CLE,WR,vs PIT,recYds,BetRivers,13.5,under,17.27,-115,-115,0.5349,0.5000,0.0698,0,0.4075,-0.1274,-0.0925,ev,multiplicative,projection,main,live,20261002CCEAD0D8,2026-10-01T20:06:10.078Z
2026,4,15984,Jaylen Warren,PIT,RB,at CLE,rushYds,Hard Rock,126.5,under,96.25,-950,475,0.9048,0.8388,0.0787,0,0.7774,-0.1274,-0.0614,ev,multiplicative,projection,main,live,20261002CCEAD0D8,2026-10-01T20:06:10.078Z
2026,4,14378,Michael Pittman Jr.,PIT,WR,at CLE,recYds,Hard Rock,65.5,under,40.74,-750,400,0.8824,0.8152,0.0824,0,0.7549,-0.1274,-0.0603,ev,multiplicative,projection,main,live,20261002CCEAD0D8,2026-10-01T20:06:10.078Z
2026,4,17043,Roman Wilson,PIT,WR,at CLE,recYds,theScore,29.5,over,20.34,150,,0.4000,0.4000,,1,0.2725,-0.1275,-0.1275,ev,none,projection,main,live,20261002CCEAD0D8,2026-10-01T20:06:10.078Z
2026,4,18472,Harold Fannin Jr.,CLE,TE,vs PIT,recYds,theScore,59.5,over,44.69,225,,0.3077,0.3077,,1,0.1802,-0.1275,-0.1275,ev,none,projection,main,live,20261002CCEAD0D8,2026-10-01T20:06:10.078Z
2026,4,19263,Germie Bernard,PIT,WR,at CLE,recYds,Hard Rock,35.5,over,9.67,650,-1800,0.1333,0.1234,0.0807,0,0.0057,-0.1277,-0.1177,ev,multiplicative,projection,main,live,20261002CCEAD0D8,2026-10-01T20:06:10.078Z
2026,4,18526,Raheim Sanders,CLE,RB,vs PIT,recYds,Hard Rock,7.5,under,13.62,155,-220,0.3922,0.3632,0.0797,0,0.2643,-0.1279,-0.0989,ev,multiplicative,projection,main,live,20261002CCEAD0D8,2026-10-01T20:06:10.078Z
2026,4,18526,Raheim Sanders,CLE,RB,vs PIT,recYds,Hard Rock,26.5,over,13.62,325,-550,0.2353,0.2176,0.0814,0,0.1073,-0.1280,-0.1103,ev,multiplicative,projection,main,live,20261002CCEAD0D8,2026-10-01T20:06:10.078Z
2026,4,13424,DK Metcalf,PIT,WR,at CLE,recYds,FanDuel,99.5,over,42.16,636,,0.1359,0.1359,,1,0.0078,-0.1281,-0.1281,ev,none,projection,main,live,20261002CCEAD0D8,2026-10-01T20:06:10.078Z
2026,4,18472,Harold Fannin Jr.,CLE,TE,vs PIT,recYds,Hard Rock,61.5,over,44.69,260,-400,0.2778,0.2577,0.0778,0,0.1496,-0.1282,-0.1082,ev,multiplicative,projection,main,live,20261002CCEAD0D8,2026-10-01T20:06:10.078Z
2026,4,18472,Harold Fannin Jr.,CLE,TE,vs PIT,recYds,Hard Rock,39.5,under,44.69,-110,-125,0.5238,0.4853,0.0794,0,0.3955,-0.1283,-0.0898,ev,multiplicative,projection,main,live,20261002CCEAD0D8,2026-10-01T20:06:10.078Z
2026,4,11712,Deshaun Watson,CLE,QB,vs PIT,int,DraftKings,0.5,under,0.99,100,-127,0.5000,0.4719,0.0595,0,0.3716,-0.1284,-0.1004,ev,multiplicative,projection,main,live,20261002CCEAD0D8,2026-10-01T20:06:10.078Z
2026,4,15984,Jaylen Warren,PIT,RB,at CLE,recYds,Caesars,25.5,over,22.75,-121,-110,0.5475,0.5111,0.0713,0,0.4191,-0.1284,-0.0920,ev,multiplicative,projection,main,live,20261002CCEAD0D8,2026-10-01T20:06:10.078Z
2026,4,13424,DK Metcalf,PIT,WR,at CLE,receptions,theScore,3.5,over,3.17,-135,105,0.5745,0.5408,0.0623,0,0.4460,-0.1284,-0.0948,ev,multiplicative,projection,main,live,20261002CCEAD0D8,2026-10-01T20:06:10.078Z
2026,4,13424,DK Metcalf,PIT,WR,at CLE,receptions,Circa Sports,3.5,over,3.17,-135,115,0.5745,0.5526,0.0396,0,0.4460,-0.1284,-0.1066,ev,multiplicative,projection,main,live,20261002CCEAD0D8,2026-10-01T20:06:10.078Z
2026,4,11712,Deshaun Watson,CLE,QB,vs PIT,int,theScore,0.5,under,0.99,100,-130,0.5000,0.4694,0.0652,0,0.3716,-0.1284,-0.0978,ev,multiplicative,projection,main,live,20261002CCEAD0D8,2026-10-01T20:06:10.078Z
2026,4,17043,Roman Wilson,PIT,WR,at CLE,recYds,theScore,59.5,over,20.34,650,,0.1333,0.1333,,1,0.0048,-0.1285,-0.1285,ev,none,projection,main,live,20261002CCEAD0D8,2026-10-01T20:06:10.078Z
2026,4,11712,Deshaun Watson,CLE,QB,vs PIT,completions,Hard Rock,18.5,under,20.11,-120,-110,0.5455,0.5101,0.0693,0,0.4170,-0.1285,-0.0931,ev,multiplicative,projection,main,live,20261002CCEAD0D8,2026-10-01T20:06:10.078Z
2026,4,14378,Michael Pittman Jr.,PIT,WR,at CLE,recYds,Hard Rock,64.5,under,40.74,-700,375,0.8750,0.8061,0.0855,0,0.7461,-0.1289,-0.0600,ev,multiplicative,projection,main,live,20261002CCEAD0D8,2026-10-01T20:06:10.078Z
2026,4,16889,Darnell Washington,PIT,TE,at CLE,receptions,DraftKings,1.5,over,1.47,-163,127,0.6198,0.5845,0.0603,0,0.4906,-0.1292,-0.0939,ev,multiplicative,projection,main,live,20261002CCEAD0D8,2026-10-01T20:06:10.078Z
2026,4,18472,Harold Fannin Jr.,CLE,TE,vs PIT,recYds,DraftKings,79.5,over,44.69,590,,0.1449,0.1449,,1,0.0158,-0.1292,-0.1292,ev,none,projection,main,live,20261002CCEAD0D8,2026-10-01T20:06:10.078Z
2026,4,18526,Raheim Sanders,CLE,RB,vs PIT,receptions,Caesars,3.5,over,1.72,375,,0.2105,0.2105,,1,0.0814,-0.1292,-0.1292,ev,none,projection,main,live,20261002CCEAD0D8,2026-10-01T20:06:10.078Z
2026,4,19263,Germie Bernard,PIT,WR,at CLE,recYds,Hard Rock,18.5,over,9.67,210,-300,0.3226,0.3008,0.0726,0,0.1933,-0.1292,-0.1074,ev,multiplicative,projection,main,live,20261002CCEAD0D8,2026-10-01T20:06:10.078Z
2026,4,14378,Michael Pittman Jr.,PIT,WR,at CLE,recYds,Hard Rock,62.5,under,40.74,-600,350,0.8571,0.7941,0.0794,0,0.7279,-0.1292,-0.0662,ev,multiplicative,projection,main,live,20261002CCEAD0D8,2026-10-01T20:06:10.078Z
2026,4,13424,DK Metcalf,PIT,WR,at CLE,recYds,Hard Rock,48.5,over,42.16,-110,-125,0.5238,0.4853,0.0794,0,0.3945,-0.1293,-0.0908,ev,multiplicative,projection,main,live,20261002CCEAD0D8,2026-10-01T20:06:10.078Z
2026,4,13424,DK Metcalf,PIT,WR,at CLE,recYds,Circa Sports,48.5,over,42.16,-110,-110,0.5238,0.5000,0.0476,0,0.3945,-0.1293,-0.1055,ev,multiplicative,projection,main,live,20261002CCEAD0D8,2026-10-01T20:06:10.078Z
2026,4,16889,Darnell Washington,PIT,TE,at CLE,recYds,Hard Rock,18.5,over,14.96,-105,-135,0.5122,0.4713,0.0867,0,0.3828,-0.1294,-0.0885,ev,multiplicative,projection,main,live,20261002CCEAD0D8,2026-10-01T20:06:10.078Z
2026,4,18526,Raheim Sanders,CLE,RB,vs PIT,recYds,Hard Rock,9.5,under,13.62,115,-160,0.4651,0.4305,0.0805,0,0.3357,-0.1294,-0.0948,ev,multiplicative,projection,main,live,20261002CCEAD0D8,2026-10-01T20:06:10.078Z
2026,4,11712,Deshaun Watson,CLE,QB,vs PIT,passAtt,DraftKings,21.5,over,29.14,-1320,,0.9296,0.9296,,1,0.7997,-0.1299,-0.1299,ev,none,projection,main,live,20261002CCEAD0D8,2026-10-01T20:06:10.078Z
2026,4,18526,Raheim Sanders,CLE,RB,vs PIT,recYds,Hard Rock,30.5,over,13.62,450,-850,0.1818,0.1689,0.0766,0,0.0519,-0.1299,-0.1170,ev,multiplicative,projection,main,live,20261002CCEAD0D8,2026-10-01T20:06:10.078Z
2026,4,15984,Jaylen Warren,PIT,RB,at CLE,rushYds,Hard Rock,65.5,under,96.25,135,-190,0.4255,0.3938,0.0807,0,0.2957,-0.1299,-0.0981,ev,multiplicative,projection,main,live,20261002CCEAD0D8,2026-10-01T20:06:10.078Z
2026,4,19263,Germie Bernard,PIT,WR,at CLE,recYds,FanDuel,19.5,over,9.67,236,,0.2976,0.2976,,1,0.1676,-0.1300,-0.1300,ev,none,projection,main,live,20261002CCEAD0D8,2026-10-01T20:06:10.078Z
2026,4,15984,Jaylen Warren,PIT,RB,at CLE,recYds,Hard Rock,23.5,over,22.75,-155,115,0.6078,0.5665,0.0730,0,0.4778,-0.1301,-0.0887,ev,multiplicative,projection,main,live,20261002CCEAD0D8,2026-10-01T20:06:10.078Z
2026,4,13424,DK Metcalf,PIT,WR,at CLE,recYds,Caesars,99.5,over,42.16,625,,0.1379,0.1379,,1,0.0078,-0.1302,-0.1302,ev,none,projection,main,live,20261002CCEAD0D8,2026-10-01T20:06:10.078Z
2026,4,15267,Pat Freiermuth,PIT,TE,at CLE,recYds,Hard Rock,64.5,over,33.66,600,-1600,0.1429,0.1318,0.0840,0,0.0127,-0.1302,-0.1191,ev,multiplicative,projection,main,live,20261002CCEAD0D8,2026-10-01T20:06:10.078Z
2026,4,15984,Jaylen Warren,PIT,RB,at CLE,rushYds,Hard Rock,125.5,under,96.25,-900,475,0.9000,0.8381,0.0739,0,0.7698,-0.1302,-0.0683,ev,multiplicative,projection,main,live,20261002CCEAD0D8,2026-10-01T20:06:10.078Z
2026,4,16889,Darnell Washington,PIT,TE,at CLE,receptions,Caesars,1.5,over,1.47,-164,128,0.6212,0.5862,0.0598,0,0.4906,-0.1306,-0.0955,ev,multiplicative,projection,main,live,20261002CCEAD0D8,2026-10-01T20:06:10.078Z
2026,4,17043,Roman Wilson,PIT,WR,at CLE,recYds,Hard Rock,28.5,over,20.34,135,-195,0.4255,0.3916,0.0865,0,0.2949,-0.1306,-0.0967,ev,multiplicative,projection,main,live,20261002CCEAD0D8,2026-10-01T20:06:10.078Z
2026,4,17043,Roman Wilson,PIT,WR,at CLE,recYds,Hard Rock,62.5,over,20.34,650,,0.1333,0.1333,,1,0.0027,-0.1307,-0.1307,ev,none,projection,main,live,20261002CCEAD0D8,2026-10-01T20:06:10.078Z
2026,4,18516,Quinshon Judkins,CLE,RB,vs PIT,rushYds,DraftKings,99.5,over,42.39,640,,0.1351,0.1351,,1,0.0042,-0.1309,-0.1309,ev,none,projection,main,live,20261002CCEAD0D8,2026-10-01T20:06:10.078Z
2026,4,15267,Pat Freiermuth,PIT,TE,at CLE,recYds,Hard Rock,34.5,under,33.66,-190,135,0.6552,0.6062,0.0807,0,0.5243,-0.1309,-0.0820,ev,multiplicative,projection,main,live,20261002CCEAD0D8,2026-10-01T20:06:10.078Z
2026,4,11712,Deshaun Watson,CLE,QB,vs PIT,passAtt,theScore,24.5,over,29.14,-475,,0.8261,0.8261,,1,0.6952,-0.1309,-0.1309,ev,none,projection,main,live,20261002CCEAD0D8,2026-10-01T20:06:10.078Z
2026,4,18472,Harold Fannin Jr.,CLE,TE,vs PIT,recYds,Hard Rock,37.5,under,44.69,105,-140,0.4878,0.4554,0.0711,0,0.3568,-0.1310,-0.0986,ev,multiplicative,projection,main,live,20261002CCEAD0D8,2026-10-01T20:06:10.078Z
2026,4,17043,Roman Wilson,PIT,WR,at CLE,recYds,Hard Rock,63.5,over,20.34,650,-1800,0.1333,0.1234,0.0807,0,0.0022,-0.1312,-0.1212,ev,multiplicative,projection,main,live,20261002CCEAD0D8,2026-10-01T20:06:10.078Z
2026,4,15984,Jaylen Warren,PIT,RB,at CLE,recYds,Hard Rock,61.5,over,22.75,650,-1800,0.1333,0.1234,0.0807,0,0.0020,-0.1313,-0.1214,ev,multiplicative,projection,main,live,20261002CCEAD0D8,2026-10-01T20:06:10.078Z
2026,4,11712,Deshaun Watson,CLE,QB,vs PIT,passTD,BetRivers,0.5,under,1.46,175,-240,0.3636,0.3400,0.0695,0,0.2322,-0.1314,-0.1078,ev,multiplicative,projection,main,live,20261002CCEAD0D8,2026-10-01T20:06:10.078Z
2026,4,18526,Raheim Sanders,CLE,RB,vs PIT,recYds,Hard Rock,31.5,over,13.62,475,-950,0.1739,0.1612,0.0787,0,0.0425,-0.1315,-0.1188,ev,multiplicative,projection,main,live,20261002CCEAD0D8,2026-10-01T20:06:10.078Z
2026,4,13484,Travis Homer,PIT,RB,at CLE,rushYds,Hard Rock,23.5,under,13.65,-2000,700,0.9524,0.8840,0.0774,0,0.8209,-0.1315,-0.0630,ev,multiplicative,projection,main,live,20261002CCEAD0D8,2026-10-01T20:06:10.078Z
2026,4,18526,Raheim Sanders,CLE,RB,vs PIT,recYds,Hard Rock,27.5,over,13.62,350,-600,0.2222,0.2059,0.0794,0,0.0905,-0.1317,-0.1153,ev,multiplicative,projection,main,live,20261002CCEAD0D8,2026-10-01T20:06:10.078Z
2026,4,15984,Jaylen Warren,PIT,RB,at CLE,recYds,Hard Rock,62.5,over,22.75,650,-2000,0.1333,0.1228,0.0857,0,0.0016,-0.1318,-0.1212,ev,multiplicative,projection,main,live,20261002CCEAD0D8,2026-10-01T20:06:10.078Z
2026,4,13424,DK Metcalf,PIT,WR,at CLE,receptions,Caesars,3.5,over,3.17,-137,105,0.5781,0.5423,0.0659,0,0.4460,-0.1320,-0.0963,ev,multiplicative,projection,main,live,20261002CCEAD0D8,2026-10-01T20:06:10.078Z
2026,4,18526,Raheim Sanders,CLE,RB,vs PIT,recYds,Hard Rock,32.5,over,13.62,500,-1100,0.1667,0.1538,0.0833,0,0.0344,-0.1322,-0.1194,ev,multiplicative,projection,main,live,20261002CCEAD0D8,2026-10-01T20:06:10.078Z
2026,4,18516,Quinshon Judkins,CLE,RB,vs PIT,rushYds,Hard Rock,109.5,over,42.39,650,-1600,0.1333,0.1241,0.0745,0,0.0010,-0.1324,-0.1231,ev,multiplicative,projection,main,live,20261002CCEAD0D8,2026-10-01T20:06:10.078Z
2026,4,15984,Jaylen Warren,PIT,RB,at CLE,recYds,FanDuel,59.5,over,22.75,637,,0.1357,0.1357,,1,0.0032,-0.1325,-0.1325,ev,none,projection,main,live,20261002CCEAD0D8,2026-10-01T20:06:10.078Z
2026,4,18516,Quinshon Judkins,CLE,RB,vs PIT,rushYds,Hard Rock,110.5,over,42.39,650,-1600,0.1333,0.1241,0.0745,0,0.0008,-0.1325,-0.1232,ev,multiplicative,projection,main,live,20261002CCEAD0D8,2026-10-01T20:06:10.078Z
2026,4,18516,Quinshon Judkins,CLE,RB,vs PIT,rushYds,Hard Rock,111.5,over,42.39,650,-1800,0.1333,0.1234,0.0807,0,0.0007,-0.1326,-0.1227,ev,multiplicative,projection,main,live,20261002CCEAD0D8,2026-10-01T20:06:10.078Z
2026,4,16889,Darnell Washington,PIT,TE,at CLE,recYds,Hard Rock,53.5,over,14.96,650,-1800,0.1333,0.1234,0.0807,0,0.0006,-0.1327,-0.1228,ev,multiplicative,projection,main,live,20261002CCEAD0D8,2026-10-01T20:06:10.078Z
2026,4,15984,Jaylen Warren,PIT,RB,at CLE,rushYds,Hard Rock,124.5,under,96.25,-850,450,0.8947,0.8311,0.0766,0,0.7620,-0.1327,-0.0691,ev,multiplicative,projection,main,live,20261002CCEAD0D8,2026-10-01T20:06:10.078Z
2026,4,11712,Deshaun Watson,CLE,QB,vs PIT,completions,theScore,17.5,under,20.11,100,-130,0.5000,0.4694,0.0652,0,0.3670,-0.1330,-0.1024,ev,multiplicative,projection,main,live,20261002CCEAD0D8,2026-10-01T20:06:10.078Z
2026,4,15984,Jaylen Warren,PIT,RB,at CLE,rushYds,Hard Rock,66.5,under,96.25,130,-185,0.4348,0.4011,0.0839,0,0.3017,-0.1331,-0.0994,ev,multiplicative,projection,main,live,20261002CCEAD0D8,2026-10-01T20:06:10.078Z
2026,4,18472,Harold Fannin Jr.,CLE,TE,vs PIT,recYds,Hard Rock,82.5,over,44.69,600,,0.1429,0.1429,,1,0.0098,-0.1331,-0.1331,ev,none,projection,main,live,20261002CCEAD0D8,2026-10-01T20:06:10.078Z
2026,4,11712,Deshaun Watson,CLE,QB,vs PIT,rushYds,Hard Rock,60.5,over,17.22,650,-1800,0.1333,0.1234,0.0807,0,0.0000,-0.1333,-0.1234,ev,multiplicative,projection,main,live,20261002CCEAD0D8,2026-10-01T20:06:10.078Z
2026,4,4307,Aaron Rodgers,PIT,QB,at CLE,passYds,DraftKings,289.5,over,184.84,507,,0.1647,0.1647,,1,0.0314,-0.1334,-0.1334,ev,none,projection,main,live,20261002CCEAD0D8,2026-10-01T20:06:10.078Z
2026,4,14458,Jerry Jeudy,CLE,WR,vs PIT,recYds,Hard Rock,22.5,under,17.27,-225,160,0.6923,0.6429,0.0769,0,0.5589,-0.1334,-0.0839,ev,multiplicative,projection,main,live,20261002CCEAD0D8,2026-10-01T20:06:10.078Z
2026,4,15984,Jaylen Warren,PIT,RB,at CLE,recYds,theScore,26.5,over,22.75,-110,-120,0.5238,0.4899,0.0693,0,0.3903,-0.1335,-0.0996,ev,multiplicative,projection,main,live,20261002CCEAD0D8,2026-10-01T20:06:10.078Z
2026,4,18526,Raheim Sanders,CLE,RB,vs PIT,recYds,FanDuel,24.5,over,13.62,256,,0.2809,0.2809,,1,0.1472,-0.1337,-0.1337,ev,none,projection,main,live,20261002CCEAD0D8,2026-10-01T20:06:10.078Z
2026,4,16889,Darnell Washington,PIT,TE,at CLE,receptions,FanDuel,3.5,over,1.47,428,,0.1894,0.1894,,1,0.0557,-0.1337,-0.1337,ev,none,projection,main,live,20261002CCEAD0D8,2026-10-01T20:06:10.078Z
2026,4,13424,DK Metcalf,PIT,WR,at CLE,recYds,Caesars,49.5,over,42.16,-105,,0.5122,0.5122,,1,0.3784,-0.1338,-0.1338,ev,none,projection,main,live,20261002CCEAD0D8,2026-10-01T20:06:10.078Z
2026,4,13424,DK Metcalf,PIT,WR,at CLE,recYds,Hard Rock,49.5,over,42.16,-105,-130,0.5122,0.4754,0.0774,0,0.3784,-0.1338,-0.0970,ev,multiplicative,projection,main,live,20261002CCEAD0D8,2026-10-01T20:06:10.078Z
2026,4,13424,DK Metcalf,PIT,WR,at CLE,recYds,theScore,49.5,over,42.16,-105,,0.5122,0.5122,,1,0.3784,-0.1338,-0.1338,ev,none,projection,main,live,20261002CCEAD0D8,2026-10-01T20:06:10.078Z
2026,4,14378,Michael Pittman Jr.,PIT,WR,at CLE,recYds,Hard Rock,59.5,under,40.74,-500,300,0.8333,0.7692,0.0833,0,0.6995,-0.1339,-0.0698,ev,multiplicative,projection,main,live,20261002CCEAD0D8,2026-10-01T20:06:10.078Z
2026,4,4307,Aaron Rodgers,PIT,QB,at CLE,int,BetRivers,1.5,over,0.36,440,,0.1852,0.1852,,1,0.0512,-0.1340,-0.1340,ev,none,projection,main,live,20261002CCEAD0D8,2026-10-01T20:06:10.078Z
2026,4,11712,Deshaun Watson,CLE,QB,vs PIT,passTD,DraftKings,0.5,under,1.46,173,-224,0.3663,0.3463,0.0577,0,0.2322,-0.1341,-0.1141,ev,multiplicative,projection,main,live,20261002CCEAD0D8,2026-10-01T20:06:10.078Z
2026,4,13424,DK Metcalf,PIT,WR,at CLE,recYds,Hard Rock,98.5,over,42.16,600,-1400,0.1429,0.1327,0.0762,0,0.0087,-0.1342,-0.1240,ev,multiplicative,projection,main,live,20261002CCEAD0D8,2026-10-01T20:06:10.078Z
2026,4,16889,Darnell Washington,PIT,TE,at CLE,recYds,Caesars,19.5,over,14.96,106,,0.4854,0.4854,,1,0.3511,-0.1343,-0.1343,ev,none,projection,main,live,20261002CCEAD0D8,2026-10-01T20:06:10.078Z
2026,4,4307,Aaron Rodgers,PIT,QB,at CLE,completions,BetRivers,19.5,over,19.18,-157,,0.6109,0.6109,,1,0.4764,-0.1345,-0.1345,ev,none,projection,main,live,20261002CCEAD0D8,2026-10-01T20:06:10.078Z
2026,4,19263,Germie Bernard,PIT,WR,at CLE,receptions,theScore,2.5,over,0.84,450,,0.1818,0.1818,,1,0.0473,-0.1345,-0.1345,ev,none,projection,main,live,20261002CCEAD0D8,2026-10-01T20:06:10.078Z
2026,4,15984,Jaylen Warren,PIT,RB,at CLE,rushYds,Hard Rock,123.5,under,96.25,-800,450,0.8889,0.8302,0.0707,0,0.7542,-0.1347,-0.0760,ev,multiplicative,projection,main,live,20261002CCEAD0D8,2026-10-01T20:06:10.078Z
2026,4,18472,Harold Fannin Jr.,CLE,TE,vs PIT,recYds,Hard Rock,80.5,over,44.69,575,-1400,0.1481,0.1370,0.0815,0,0.0135,-0.1347,-0.1235,ev,multiplicative,projection,main,live,20261002CCEAD0D8,2026-10-01T20:06:10.078Z
2026,4,18526,Raheim Sanders,CLE,RB,vs PIT,recYds,Hard Rock,28.5,over,13.62,375,-700,0.2105,0.1939,0.0855,0,0.0758,-0.1347,-0.1181,ev,multiplicative,projection,main,live,20261002CCEAD0D8,2026-10-01T20:06:10.078Z
2026,4,16889,Darnell Washington,PIT,TE,at CLE,receptions,Hard Rock,3.5,over,1.47,425,-800,0.1905,0.1765,0.0794,0,0.0557,-0.1348,-0.1208,ev,multiplicative,projection,main,live,20261002CCEAD0D8,2026-10-01T20:06:10.078Z
2026,4,16889,Darnell Washington,PIT,TE,at CLE,receptions,theScore,3.5,over,1.47,425,,0.1905,0.1905,,1,0.0557,-0.1348,-0.1348,ev,none,projection,main,live,20261002CCEAD0D8,2026-10-01T20:06:10.078Z
2026,4,13424,DK Metcalf,PIT,WR,at CLE,recYds,Hard Rock,99.5,over,42.16,600,-1500,0.1429,0.1322,0.0804,0,0.0078,-0.1351,-0.1245,ev,multiplicative,projection,main,live,20261002CCEAD0D8,2026-10-01T20:06:10.078Z
2026,4,18526,Raheim Sanders,CLE,RB,vs PIT,recYds,DraftKings,24.5,over,13.62,254,,0.2825,0.2825,,1,0.1472,-0.1352,-0.1352,ev,none,projection,main,live,20261002CCEAD0D8,2026-10-01T20:06:10.078Z
2026,4,17043,Roman Wilson,PIT,WR,at CLE,recYds,BetRivers,39.5,over,20.34,320,,0.2381,0.2381,,1,0.1028,-0.1353,-0.1353,ev,none,projection,main,live,20261002CCEAD0D8,2026-10-01T20:06:10.078Z
2026,4,11712,Deshaun Watson,CLE,QB,vs PIT,passTD,FanDuel,0.5,under,1.46,172,-230,0.3676,0.3453,0.0646,0,0.2322,-0.1354,-0.1131,ev,multiplicative,projection,main,live,20261002CCEAD0D8,2026-10-01T20:06:10.078Z
2026,4,19263,Germie Bernard,PIT,WR,at CLE,recYds,Hard Rock,34.5,over,9.67,600,-1600,0.1429,0.1318,0.0840,0,0.0075,-0.1354,-0.1243,ev,multiplicative,projection,main,live,20261002CCEAD0D8,2026-10-01T20:06:10.078Z
2026,4,11712,Deshaun Watson,CLE,QB,vs PIT,rushYds,FanDuel,59.5,over,17.22,638,,0.1355,0.1355,,1,0.0000,-0.1355,-0.1355,ev,none,projection,main,live,20261002CCEAD0D8,2026-10-01T20:06:10.078Z
2026,4,18516,Quinshon Judkins,CLE,RB,vs PIT,recYds,Hard Rock,7.5,under,12.98,130,-180,0.4348,0.4035,0.0776,0,0.2993,-0.1355,-0.1042,ev,multiplicative,projection,main,live,20261002CCEAD0D8,2026-10-01T20:06:10.078Z
2026,4,13424,DK Metcalf,PIT,WR,at CLE,receptions,BetRivers,3.5,over,3.17,-139,,0.5816,0.5816,,1,0.4460,-0.1356,-0.1356,ev,none,projection,main,live,20261002CCEAD0D8,2026-10-01T20:06:10.078Z
2026,4,13424,DK Metcalf,PIT,WR,at CLE,receptions,DraftKings,3.5,over,3.17,-139,109,0.5816,0.5486,0.0601,0,0.4460,-0.1356,-0.1026,ev,multiplicative,projection,main,live,20261002CCEAD0D8,2026-10-01T20:06:10.078Z
2026,4,17043,Roman Wilson,PIT,WR,at CLE,recYds,Hard Rock,29.5,over,20.34,145,,0.4082,0.4082,,1,0.2725,-0.1356,-0.1356,ev,none,projection,main,live,20261002CCEAD0D8,2026-10-01T20:06:10.078Z
2026,4,19263,Germie Bernard,PIT,WR,at CLE,recYds,Hard Rock,4.5,under,9.67,145,-200,0.4082,0.3797,0.0748,0,0.2725,-0.1357,-0.1073,ev,multiplicative,projection,main,live,20261002CCEAD0D8,2026-10-01T20:06:10.078Z
2026,4,11712,Deshaun Watson,CLE,QB,vs PIT,int,Caesars,0.5,under,0.99,-103,-127,0.5074,0.4756,0.0669,0,0.3716,-0.1358,-0.1040,ev,multiplicative,projection,main,live,20261002CCEAD0D8,2026-10-01T20:06:10.078Z
2026,4,18526,Raheim Sanders,CLE,RB,vs PIT,recYds,BetRivers,11.5,under,13.62,-122,-109,0.5495,0.5131,0.0711,0,0.4136,-0.1360,-0.0995,ev,multiplicative,projection,main,live,20261002CCEAD0D8,2026-10-01T20:06:10.078Z
2026,4,19263,Germie Bernard,PIT,WR,at CLE,recYds,Caesars,39.5,over,9.67,625,,0.1379,0.1379,,1,0.0017,-0.1362,-0.1362,ev,none,projection,main,live,20261002CCEAD0D8,2026-10-01T20:06:10.078Z
2026,4,16889,Darnell Washington,PIT,TE,at CLE,receptions,FanDuel,1.5,over,1.47,-168,126,0.6269,0.5862,0.0693,0,0.4906,-0.1363,-0.0956,ev,multiplicative,projection,main,live,20261002CCEAD0D8,2026-10-01T20:06:10.078Z
2026,4,15984,Jaylen Warren,PIT,RB,at CLE,recYds,BetRivers,29.5,over,22.75,125,,0.4444,0.4444,,1,0.3080,-0.1364,-0.1364,ev,none,projection,main,live,20261002CCEAD0D8,2026-10-01T20:06:10.078Z
2026,4,17130,Blake Whiteheart,CLE,TE,vs PIT,recYds,Hard Rock,16.5,under,9.35,-750,425,0.8824,0.8225,0.0728,0,0.7459,-0.1365,-0.0766,ev,multiplicative,projection,main,live,20261002CCEAD0D8,2026-10-01T20:06:10.078Z
2026,4,15984,Jaylen Warren,PIT,RB,at CLE,rushYds,Hard Rock,67.5,under,96.25,125,-175,0.4444,0.4112,0.0808,0,0.3078,-0.1366,-0.1034,ev,multiplicative,projection,main,live,20261002CCEAD0D8,2026-10-01T20:06:10.078Z
2026,4,16889,Darnell Washington,PIT,TE,at CLE,recYds,Hard Rock,19.5,over,14.96,105,-145,0.4878,0.4518,0.0796,0,0.3511,-0.1367,-0.1007,ev,multiplicative,projection,main,live,20261002CCEAD0D8,2026-10-01T20:06:10.078Z
2026,4,11712,Deshaun Watson,CLE,QB,vs PIT,passTD,Caesars,0.5,under,1.46,171,-213,0.3690,0.3516,0.0495,0,0.2322,-0.1368,-0.1194,ev,multiplicative,projection,main,live,20261002CCEAD0D8,2026-10-01T20:06:10.078Z
2026,4,18526,Raheim Sanders,CLE,RB,vs PIT,recYds,Caesars,29.5,over,13.62,400,,0.2000,0.2000,,1,0.0630,-0.1370,-0.1370,ev,none,projection,main,live,20261002CCEAD0D8,2026-10-01T20:06:10.078Z
2026,4,18526,Raheim Sanders,CLE,RB,vs PIT,recYds,Hard Rock,29.5,over,13.62,400,-750,0.2000,0.1848,0.0824,0,0.0630,-0.1370,-0.1218,ev,multiplicative,projection,main,live,20261002CCEAD0D8,2026-10-01T20:06:10.078Z
2026,4,14378,Michael Pittman Jr.,PIT,WR,at CLE,recYds,Hard Rock,60.5,under,40.74,-550,325,0.8462,0.7824,0.0814,0,0.7091,-0.1371,-0.0733,ev,multiplicative,projection,main,live,20261002CCEAD0D8,2026-10-01T20:06:10.078Z
2026,4,13424,DK Metcalf,PIT,WR,at CLE,recYds,Hard Rock,50.5,over,42.16,100,-140,0.5000,0.4615,0.0833,0,0.3624,-0.1376,-0.0991,ev,multiplicative,projection,main,live,20261002CCEAD0D8,2026-10-01T20:06:10.078Z
2026,4,15984,Jaylen Warren,PIT,RB,at CLE,recYds,DraftKings,26.5,over,22.75,-112,-112,0.5283,0.5000,0.0566,0,0.3903,-0.1380,-0.1097,ev,multiplicative,projection,main,live,20261002CCEAD0D8,2026-10-01T20:06:10.078Z
2026,4,17043,Roman Wilson,PIT,WR,at CLE,recYds,DraftKings,49.5,over,20.34,506,,0.1650,0.1650,,1,0.0270,-0.1380,-0.1380,ev,none,projection,main,live,20261002CCEAD0D8,2026-10-01T20:06:10.078Z
2026,4,16889,Darnell Washington,PIT,TE,at CLE,receptions,DraftKings,3.5,over,1.47,416,,0.1938,0.1938,,1,0.0557,-0.1381,-0.1381,ev,none,projection,main,live,20261002CCEAD0D8,2026-10-01T20:06:10.078Z
2026,4,11712,Deshaun Watson,CLE,QB,vs PIT,passTD,Hard Rock,0.5,under,1.46,170,-240,0.3704,0.3441,0.0763,0,0.2322,-0.1381,-0.1119,ev,multiplicative,projection,main,live,20261002CCEAD0D8,2026-10-01T20:06:10.078Z
2026,4,18472,Harold Fannin Jr.,CLE,TE,vs PIT,recYds,Hard Rock,79.5,over,44.69,550,-1300,0.1538,0.1421,0.0824,0,0.0158,-0.1381,-0.1264,ev,multiplicative,projection,main,live,20261002CCEAD0D8,2026-10-01T20:06:10.078Z
2026,4,18472,Harold Fannin Jr.,CLE,TE,vs PIT,recYds,Hard Rock,36.5,under,44.69,110,-155,0.4762,0.4393,0.0840,0,0.3379,-0.1383,-0.1014,ev,multiplicative,projection,main,live,20261002CCEAD0D8,2026-10-01T20:06:10.078Z
2026,4,13424,DK Metcalf,PIT,WR,at CLE,recYds,Hard Rock,97.5,over,42.16,575,-1300,0.1481,0.1376,0.0767,0,0.0098,-0.1384,-0.1278,ev,multiplicative,projection,main,live,20261002CCEAD0D8,2026-10-01T20:06:10.078Z
2026,4,19263,Germie Bernard,PIT,WR,at CLE,recYds,Hard Rock,33.5,over,9.67,575,-1400,0.1481,0.1370,0.0815,0,0.0097,-0.1384,-0.1272,ev,multiplicative,projection,main,live,20261002CCEAD0D8,2026-10-01T20:06:10.078Z
2026,4,14378,Michael Pittman Jr.,PIT,WR,at CLE,recYds,Hard Rock,57.5,under,40.74,-450,275,0.8182,0.7542,0.0848,0,0.6798,-0.1384,-0.0744,ev,multiplicative,projection,main,live,20261002CCEAD0D8,2026-10-01T20:06:10.078Z
2026,4,14378,Michael Pittman Jr.,PIT,WR,at CLE,recYds,Hard Rock,61.5,under,40.74,-600,325,0.8571,0.7846,0.0924,0,0.7186,-0.1386,-0.0660,ev,multiplicative,projection,main,live,20261002CCEAD0D8,2026-10-01T20:06:10.078Z
2026,4,18472,Harold Fannin Jr.,CLE,TE,vs PIT,recYds,Hard Rock,77.5,over,44.69,525,-1100,0.1600,0.1486,0.0767,0,0.0214,-0.1386,-0.1273,ev,multiplicative,projection,main,live,20261002CCEAD0D8,2026-10-01T20:06:10.078Z
2026,4,19263,Germie Bernard,PIT,WR,at CLE,receptions,BetRivers,1.5,over,0.84,155,,0.3922,0.3922,,1,0.2532,-0.1389,-0.1389,ev,none,projection,main,live,20261002CCEAD0D8,2026-10-01T20:06:10.078Z
2026,4,19263,Germie Bernard,PIT,WR,at CLE,receptions,Hard Rock,1.5,over,0.84,155,-220,0.3922,0.3632,0.0797,0,0.2532,-0.1389,-0.1100,ev,multiplicative,projection,main,live,20261002CCEAD0D8,2026-10-01T20:06:10.078Z
2026,4,16889,Darnell Washington,PIT,TE,at CLE,receptions,Hard Rock,1.5,over,1.47,-170,130,0.6296,0.5915,0.0644,0,0.4906,-0.1390,-0.1009,ev,multiplicative,projection,main,live,20261002CCEAD0D8,2026-10-01T20:06:10.078Z
2026,4,16889,Darnell Washington,PIT,TE,at CLE,receptions,theScore,1.5,over,1.47,-170,130,0.6296,0.5915,0.0644,0,0.4906,-0.1390,-0.1009,ev,multiplicative,projection,main,live,20261002CCEAD0D8,2026-10-01T20:06:10.078Z
2026,4,18526,Raheim Sanders,CLE,RB,vs PIT,receptions,Hard Rock,4.5,over,1.72,550,-1300,0.1538,0.1421,0.0824,0,0.0146,-0.1392,-0.1275,ev,multiplicative,projection,main,live,20261002CCEAD0D8,2026-10-01T20:06:10.078Z
2026,4,18472,Harold Fannin Jr.,CLE,TE,vs PIT,recYds,Hard Rock,25.5,under,44.69,230,-350,0.3030,0.2804,0.0808,0,0.1636,-0.1394,-0.1168,ev,multiplicative,projection,main,live,20261002CCEAD0D8,2026-10-01T20:06:10.078Z
2026,4,4307,Aaron Rodgers,PIT,QB,at CLE,completions,DraftKings,17.5,over,19.18,-296,,0.7475,0.7475,,1,0.6078,-0.1396,-0.1396,ev,none,projection,main,live,20261002CCEAD0D8,2026-10-01T20:06:10.078Z
2026,4,15984,Jaylen Warren,PIT,RB,at CLE,recYds,Caesars,59.5,over,22.75,600,,0.1429,0.1429,,1,0.0032,-0.1397,-0.1397,ev,none,projection,main,live,20261002CCEAD0D8,2026-10-01T20:06:10.078Z
2026,4,15984,Jaylen Warren,PIT,RB,at CLE,recYds,theScore,59.5,over,22.75,600,,0.1429,0.1429,,1,0.0032,-0.1397,-0.1397,ev,none,projection,main,live,20261002CCEAD0D8,2026-10-01T20:06:10.078Z
2026,4,14378,Michael Pittman Jr.,PIT,WR,at CLE,recYds,Hard Rock,56.5,under,40.74,-425,275,0.8095,0.7522,0.0762,0,0.6698,-0.1398,-0.0825,ev,multiplicative,projection,main,live,20261002CCEAD0D8,2026-10-01T20:06:10.078Z
2026,4,4307,Aaron Rodgers,PIT,QB,at CLE,passYds,Hard Rock,287.5,over,184.84,475,-950,0.1739,0.1612,0.0787,0,0.0340,-0.1400,-0.1273,ev,multiplicative,projection,main,live,20261002CCEAD0D8,2026-10-01T20:06:10.078Z
2026,4,19263,Germie Bernard,PIT,WR,at CLE,recYds,Hard Rock,19.5,over,9.67,225,-350,0.3077,0.2835,0.0855,0,0.1676,-0.1401,-0.1159,ev,multiplicative,projection,main,live,20261002CCEAD0D8,2026-10-01T20:06:10.078Z
2026,4,19263,Germie Bernard,PIT,WR,at CLE,recYds,theScore,19.5,over,9.67,225,,0.3077,0.3077,,1,0.1676,-0.1401,-0.1401,ev,none,projection,main,live,20261002CCEAD0D8,2026-10-01T20:06:10.078Z
2026,4,15984,Jaylen Warren,PIT,RB,at CLE,recYds,Hard Rock,60.5,over,22.75,600,-1600,0.1429,0.1318,0.0840,0,0.0025,-0.1403,-0.1293,ev,multiplicative,projection,main,live,20261002CCEAD0D8,2026-10-01T20:06:10.078Z
2026,4,19263,Germie Bernard,PIT,WR,at CLE,receptions,Caesars,1.5,over,0.84,154,-205,0.3937,0.3694,0.0658,0,0.2532,-0.1405,-0.1162,ev,multiplicative,projection,main,live,20261002CCEAD0D8,2026-10-01T20:06:10.078Z
2026,4,15984,Jaylen Warren,PIT,RB,at CLE,rushYds,Hard Rock,68.5,under,96.25,120,-165,0.4545,0.4220,0.0772,0,0.3140,-0.1405,-0.1080,ev,multiplicative,projection,main,live,20261002CCEAD0D8,2026-10-01T20:06:10.078Z
2026,4,17043,Roman Wilson,PIT,WR,at CLE,recYds,Caesars,29.5,over,20.34,142,,0.4132,0.4132,,1,0.2725,-0.1407,-0.1407,ev,none,projection,main,live,20261002CCEAD0D8,2026-10-01T20:06:10.078Z
2026,4,14378,Michael Pittman Jr.,PIT,WR,at CLE,recYds,Hard Rock,41.5,under,40.74,-185,130,0.6491,0.5989,0.0839,0,0.5084,-0.1407,-0.0904,ev,multiplicative,projection,main,live,20261002CCEAD0D8,2026-10-01T20:06:10.078Z
2026,4,14458,Jerry Jeudy,CLE,WR,vs PIT,recYds,Hard Rock,24.5,under,17.27,-260,185,0.7222,0.6730,0.0731,0,0.5812,-0.1410,-0.0918,ev,multiplicative,projection,main,live,20261002CCEAD0D8,2026-10-01T20:06:10.078Z
2026,4,17043,Roman Wilson,PIT,WR,at CLE,recYds,Hard Rock,30.5,over,20.34,155,-220,0.3922,0.3632,0.0797,0,0.2511,-0.1411,-0.1122,ev,multiplicative,projection,main,live,20261002CCEAD0D8,2026-10-01T20:06:10.078Z
2026,4,13424,DK Metcalf,PIT,WR,at CLE,recYds,Hard Rock,51.5,over,42.16,105,-145,0.4878,0.4518,0.0796,0,0.3467,-0.1411,-0.1051,ev,multiplicative,projection,main,live,20261002CCEAD0D8,2026-10-01T20:06:10.078Z
2026,4,19263,Germie Bernard,PIT,WR,at CLE,recYds,Hard Rock,32.5,over,9.67,550,-1300,0.1538,0.1421,0.0824,0,0.0126,-0.1412,-0.1295,ev,multiplicative,projection,main,live,20261002CCEAD0D8,2026-10-01T20:06:10.078Z
2026,4,16889,Darnell Washington,PIT,TE,at CLE,receptions,theScore,2.5,over,1.47,185,,0.3509,0.3509,,1,0.2096,-0.1413,-0.1413,ev,none,projection,main,live,20261002CCEAD0D8,2026-10-01T20:06:10.078Z
2026,4,18516,Quinshon Judkins,CLE,RB,vs PIT,rushAtt,Hard Rock,17.5,over,16.49,120,,0.4545,0.4545,,1,0.3133,-0.1413,-0.1413,ev,none,projection,main,live,20261002CCEAD0D8,2026-10-01T20:06:10.078Z
2026,4,18516,Quinshon Judkins,CLE,RB,vs PIT,recYds,Hard Rock,6.5,under,12.98,145,-200,0.4082,0.3797,0.0748,0,0.2668,-0.1414,-0.1130,ev,multiplicative,projection,main,live,20261002CCEAD0D8,2026-10-01T20:06:10.078Z
2026,4,14378,Michael Pittman Jr.,PIT,WR,at CLE,recYds,Hard Rock,40.5,under,40.74,-175,125,0.6364,0.5888,0.0808,0,0.4950,-0.1414,-0.0938,ev,multiplicative,projection,main,live,20261002CCEAD0D8,2026-10-01T20:06:10.078Z
2026,4,16889,Darnell Washington,PIT,TE,at CLE,recYds,Hard Rock,50.5,over,14.96,600,-1400,0.1429,0.1327,0.0762,0,0.0014,-0.1415,-0.1314,ev,multiplicative,projection,main,live,20261002CCEAD0D8,2026-10-01T20:06:10.078Z
2026,4,14378,Michael Pittman Jr.,PIT,WR,at CLE,recYds,Hard Rock,42.5,under,40.74,-195,140,0.6610,0.6134,0.0777,0,0.5196,-0.1415,-0.0938,ev,multiplicative,projection,main,live,20261002CCEAD0D8,2026-10-01T20:06:10.078Z
2026,4,18516,Quinshon Judkins,CLE,RB,vs PIT,rushYds,Hard Rock,107.5,over,42.39,600,-1400,0.1429,0.1327,0.0762,0,0.0013,-0.1415,-0.1314,ev,multiplicative,projection,main,live,20261002CCEAD0D8,2026-10-01T20:06:10.078Z
2026,4,18472,Harold Fannin Jr.,CLE,TE,vs PIT,recYds,Hard Rock,78.5,over,44.69,525,-1200,0.1600,0.1477,0.0831,0,0.0184,-0.1416,-0.1293,ev,multiplicative,projection,main,live,20261002CCEAD0D8,2026-10-01T20:06:10.078Z
2026,4,4307,Aaron Rodgers,PIT,QB,at CLE,completions,DraftKings,13.5,over,19.18,-2700,,0.9643,0.9643,,1,0.8226,-0.1417,-0.1417,ev,none,projection,main,live,20261002CCEAD0D8,2026-10-01T20:06:10.078Z
2026,4,18516,Quinshon Judkins,CLE,RB,vs PIT,rushYds,Hard Rock,108.5,over,42.39,600,-1500,0.1429,0.1322,0.0804,0,0.0011,-0.1417,-0.1311,ev,multiplicative,projection,main,live,20261002CCEAD0D8,2026-10-01T20:06:10.078Z
2026,4,13424,DK Metcalf,PIT,WR,at CLE,recYds,Hard Rock,95.5,over,42.16,550,,0.1538,0.1538,,1,0.0122,-0.1417,-0.1417,ev,none,projection,main,live,20261002CCEAD0D8,2026-10-01T20:06:10.078Z
2026,4,18472,Harold Fannin Jr.,CLE,TE,vs PIT,recYds,Hard Rock,33.5,under,44.69,135,-185,0.4255,0.3960,0.0747,0,0.2839,-0.1417,-0.1121,ev,multiplicative,projection,main,live,20261002CCEAD0D8,2026-10-01T20:06:10.078Z
2026,4,16889,Darnell Washington,PIT,TE,at CLE,recYds,Hard Rock,51.5,over,14.96,600,-1500,0.1429,0.1322,0.0804,0,0.0010,-0.1418,-0.1312,ev,multiplicative,projection,main,live,20261002CCEAD0D8,2026-10-01T20:06:10.078Z
2026,4,18472,Harold Fannin Jr.,CLE,TE,vs PIT,recYds,Hard Rock,76.5,over,44.69,500,-1000,0.1667,0.1549,0.0758,0,0.0247,-0.1419,-0.1302,ev,multiplicative,projection,main,live,20261002CCEAD0D8,2026-10-01T20:06:10.078Z
2026,4,14378,Michael Pittman Jr.,PIT,WR,at CLE,recYds,Hard Rock,46.5,under,40.74,-240,170,0.7059,0.6559,0.0763,0,0.5638,-0.1421,-0.0921,ev,multiplicative,projection,main,live,20261002CCEAD0D8,2026-10-01T20:06:10.078Z
2026,4,4307,Aaron Rodgers,PIT,QB,at CLE,passYds,Hard Rock,283.5,over,184.84,450,-850,0.1818,0.1689,0.0766,0,0.0397,-0.1421,-0.1292,ev,multiplicative,projection,main,live,20261002CCEAD0D8,2026-10-01T20:06:10.078Z
2026,4,18472,Harold Fannin Jr.,CLE,TE,vs PIT,recYds,FanDuel,69.5,over,44.69,388,,0.2049,0.2049,,1,0.0627,-0.1422,-0.1422,ev,none,projection,main,live,20261002CCEAD0D8,2026-10-01T20:06:10.078Z
2026,4,4307,Aaron Rodgers,PIT,QB,at CLE,completions,theScore,17.5,over,19.18,-300,,0.7500,0.7500,,1,0.6078,-0.1422,-0.1422,ev,none,projection,main,live,20261002CCEAD0D8,2026-10-01T20:06:10.078Z
2026,4,11712,Deshaun Watson,CLE,QB,vs PIT,rushYds,Caesars,59.5,over,17.22,600,,0.1429,0.1429,,1,0.0000,-0.1428,-0.1428,ev,none,projection,main,live,20261002CCEAD0D8,2026-10-01T20:06:10.078Z
2026,4,15984,Jaylen Warren,PIT,RB,at CLE,rushYds,Hard Rock,122.5,under,96.25,-800,425,0.8889,0.8235,0.0794,0,0.7461,-0.1428,-0.0774,ev,multiplicative,projection,main,live,20261002CCEAD0D8,2026-10-01T20:06:10.078Z
2026,4,11712,Deshaun Watson,CLE,QB,vs PIT,rushYds,Hard Rock,59.5,over,17.22,600,-1600,0.1429,0.1318,0.0840,0,0.0000,-0.1428,-0.1318,ev,multiplicative,projection,main,live,20261002CCEAD0D8,2026-10-01T20:06:10.078Z
2026,4,11712,Deshaun Watson,CLE,QB,vs PIT,rushYds,theScore,59.5,over,17.22,600,,0.1429,0.1429,,1,0.0000,-0.1428,-0.1428,ev,none,projection,main,live,20261002CCEAD0D8,2026-10-01T20:06:10.078Z
2026,4,18472,Harold Fannin Jr.,CLE,TE,vs PIT,recYds,Hard Rock,24.5,under,44.69,240,-375,0.2941,0.2714,0.0836,0,0.1513,-0.1428,-0.1201,ev,multiplicative,projection,main,live,20261002CCEAD0D8,2026-10-01T20:06:10.078Z
2026,4,13424,DK Metcalf,PIT,WR,at CLE,recYds,Hard Rock,96.5,over,42.16,550,-1200,0.1538,0.1429,0.0769,0,0.0109,-0.1429,-0.1320,ev,multiplicative,projection,main,live,20261002CCEAD0D8,2026-10-01T20:06:10.078Z
2026,4,17043,Roman Wilson,PIT,WR,at CLE,recYds,FanDuel,49.5,over,20.34,488,,0.1701,0.1701,,1,0.0270,-0.1430,-0.1430,ev,none,projection,main,live,20261002CCEAD0D8,2026-10-01T20:06:10.078Z
2026,4,18472,Harold Fannin Jr.,CLE,TE,vs PIT,recYds,Hard Rock,34.5,under,44.69,125,-175,0.4444,0.4112,0.0808,0,0.3014,-0.1430,-0.1098,ev,multiplicative,projection,main,live,20261002CCEAD0D8,2026-10-01T20:06:10.078Z
2026,4,17043,Roman Wilson,PIT,WR,at CLE,recYds,Hard Rock,59.5,over,20.34,575,-1400,0.1481,0.1370,0.0815,0,0.0048,-0.1433,-0.1321,ev,multiplicative,projection,main,live,20261002CCEAD0D8,2026-10-01T20:06:10.078Z
2026,4,15984,Jaylen Warren,PIT,RB,at CLE,recYds,Hard Rock,24.5,over,22.75,-145,105,0.5918,0.5482,0.0796,0,0.4483,-0.1436,-0.0999,ev,multiplicative,projection,main,live,20261002CCEAD0D8,2026-10-01T20:06:10.078Z
2026,4,4307,Aaron Rodgers,PIT,QB,at CLE,passYds,Hard Rock,284.5,over,184.84,450,-850,0.1818,0.1689,0.0766,0,0.0382,-0.1436,-0.1307,ev,multiplicative,projection,main,live,20261002CCEAD0D8,2026-10-01T20:06:10.078Z
2026,4,18516,Quinshon Judkins,CLE,RB,vs PIT,rushYds,FanDuel,99.5,over,42.39,576,,0.1479,0.1479,,1,0.0042,-0.1437,-0.1437,ev,none,projection,main,live,20261002CCEAD0D8,2026-10-01T20:06:10.078Z
2026,4,19263,Germie Bernard,PIT,WR,at CLE,recYds,Hard Rock,31.5,over,9.67,525,-1100,0.1600,0.1486,0.0767,0,0.0162,-0.1438,-0.1324,ev,multiplicative,projection,main,live,20261002CCEAD0D8,2026-10-01T20:06:10.078Z
2026,4,13424,DK Metcalf,PIT,WR,at CLE,receptions,FanDuel,3.5,over,3.17,-144,108,0.5902,0.5511,0.0709,0,0.4460,-0.1441,-0.1051,ev,multiplicative,projection,main,live,20261002CCEAD0D8,2026-10-01T20:06:10.078Z
2026,4,15984,Jaylen Warren,PIT,RB,at CLE,recYds,Hard Rock,58.5,over,22.75,575,-1400,0.1481,0.1370,0.0815,0,0.0040,-0.1442,-0.1330,ev,multiplicative,projection,main,live,20261002CCEAD0D8,2026-10-01T20:06:10.078Z
2026,4,14378,Michael Pittman Jr.,PIT,WR,at CLE,recYds,Hard Rock,45.5,under,40.74,-230,160,0.6970,0.6444,0.0816,0,0.5528,-0.1442,-0.0916,ev,multiplicative,projection,main,live,20261002CCEAD0D8,2026-10-01T20:06:10.078Z
2026,4,17043,Roman Wilson,PIT,WR,at CLE,recYds,Hard Rock,60.5,over,20.34,575,-1500,0.1481,0.1365,0.0856,0,0.0040,-0.1442,-0.1325,ev,multiplicative,projection,main,live,20261002CCEAD0D8,2026-10-01T20:06:10.078Z
2026,4,15267,Pat Freiermuth,PIT,TE,at CLE,recYds,Hard Rock,11.5,under,33.66,300,-525,0.2500,0.2294,0.0900,0,0.1055,-0.1445,-0.1238,ev,multiplicative,projection,main,live,20261002CCEAD0D8,2026-10-01T20:06:10.078Z
2026,4,18472,Harold Fannin Jr.,CLE,TE,vs PIT,recYds,Hard Rock,29.5,under,44.69,175,-250,0.3636,0.3373,0.0779,0,0.2190,-0.1446,-0.1184,ev,multiplicative,projection,main,live,20261002CCEAD0D8,2026-10-01T20:06:10.078Z
2026,4,15984,Jaylen Warren,PIT,RB,at CLE,rushYds,Hard Rock,69.5,under,96.25,115,-160,0.4651,0.4305,0.0805,0,0.3202,-0.1449,-0.1102,ev,multiplicative,projection,main,live,20261002CCEAD0D8,2026-10-01T20:06:10.078Z
2026,4,15984,Jaylen Warren,PIT,RB,at CLE,recYds,Hard Rock,59.5,over,22.75,575,-1500,0.1481,0.1365,0.0856,0,0.0032,-0.1450,-0.1333,ev,multiplicative,projection,main,live,20261002CCEAD0D8,2026-10-01T20:06:10.078Z
2026,4,11712,Deshaun Watson,CLE,QB,vs PIT,passTD,BetMGM,0.5,under,1.46,165,-220,0.3774,0.3544,0.0649,0,0.2322,-0.1451,-0.1221,ev,multiplicative,projection,main,live,20261002CCEAD0D8,2026-10-01T20:06:10.078Z
2026,4,11712,Deshaun Watson,CLE,QB,vs PIT,rushAtt,DraftKings,9.5,over,4.33,587,,0.1456,0.1456,,1,0.0001,-0.1454,-0.1454,ev,none,projection,main,live,20261002CCEAD0D8,2026-10-01T20:06:10.078Z
2026,4,18472,Harold Fannin Jr.,CLE,TE,vs PIT,recYds,Hard Rock,75.5,over,44.69,475,-950,0.1739,0.1612,0.0787,0,0.0285,-0.1454,-0.1327,ev,multiplicative,projection,main,live,20261002CCEAD0D8,2026-10-01T20:06:10.078Z
2026,4,18472,Harold Fannin Jr.,CLE,TE,vs PIT,recYds,BetRivers,69.5,over,44.69,380,,0.2083,0.2083,,1,0.0627,-0.1456,-0.1456,ev,none,projection,main,live,20261002CCEAD0D8,2026-10-01T20:06:10.078Z
2026,4,18472,Harold Fannin Jr.,CLE,TE,vs PIT,recYds,Hard Rock,35.5,under,44.69,115,-165,0.4651,0.4276,0.0878,0,0.3195,-0.1457,-0.1081,ev,multiplicative,projection,main,live,20261002CCEAD0D8,2026-10-01T20:06:10.078Z
2026,4,13424,DK Metcalf,PIT,WR,at CLE,receptions,Hard Rock,3.5,over,3.17,-145,,0.5918,0.5918,,1,0.4460,-0.1458,-0.1458,ev,none,projection,main,live,20261002CCEAD0D8,2026-10-01T20:06:10.078Z
2026,4,14378,Michael Pittman Jr.,PIT,WR,at CLE,recYds,Hard Rock,44.5,under,40.74,-220,155,0.6875,0.6368,0.0797,0,0.5417,-0.1458,-0.0950,ev,multiplicative,projection,main,live,20261002CCEAD0D8,2026-10-01T20:06:10.078Z
2026,4,18472,Harold Fannin Jr.,CLE,TE,vs PIT,recYds,Hard Rock,26.5,under,44.69,210,-325,0.3226,0.2967,0.0873,0,0.1765,-0.1461,-0.1202,ev,multiplicative,projection,main,live,20261002CCEAD0D8,2026-10-01T20:06:10.078Z
2026,4,19263,Germie Bernard,PIT,WR,at CLE,recYds,Hard Rock,30.5,over,9.67,500,-1000,0.1667,0.1549,0.0758,0,0.0206,-0.1461,-0.1344,ev,multiplicative,projection,main,live,20261002CCEAD0D8,2026-10-01T20:06:10.078Z
2026,4,15984,Jaylen Warren,PIT,RB,at CLE,recYds,Hard Rock,25.5,over,22.75,-130,-105,0.5652,0.5246,0.0774,0,0.4191,-0.1461,-0.1055,ev,multiplicative,projection,main,live,20261002CCEAD0D8,2026-10-01T20:06:10.078Z
2026,4,11712,Deshaun Watson,CLE,QB,vs PIT,completions,Caesars,18.5,under,20.11,-129,-103,0.5633,0.5261,0.0707,0,0.4170,-0.1463,-0.1091,ev,multiplicative,projection,main,live,20261002CCEAD0D8,2026-10-01T20:06:10.078Z
2026,4,18526,Raheim Sanders,CLE,RB,vs PIT,receptions,FanDuel,2.5,over,1.72,140,,0.4167,0.4167,,1,0.2704,-0.1463,-0.1463,ev,none,projection,main,live,20261002CCEAD0D8,2026-10-01T20:06:10.078Z
2026,4,16889,Darnell Washington,PIT,TE,at CLE,recYds,Hard Rock,49.5,over,14.96,575,-1300,0.1481,0.1376,0.0767,0,0.0018,-0.1463,-0.1358,ev,multiplicative,projection,main,live,20261002CCEAD0D8,2026-10-01T20:06:10.078Z
2026,4,18526,Raheim Sanders,CLE,RB,vs PIT,receptions,theScore,2.5,over,1.72,140,-190,0.4167,0.3887,0.0718,0,0.2704,-0.1463,-0.1184,ev,multiplicative,projection,main,live,20261002CCEAD0D8,2026-10-01T20:06:10.078Z
2026,4,18516,Quinshon Judkins,CLE,RB,vs PIT,rushYds,Hard Rock,105.5,over,42.39,575,-1200,0.1481,0.1383,0.0712,0,0.0018,-0.1463,-0.1365,ev,multiplicative,projection,main,live,20261002CCEAD0D8,2026-10-01T20:06:10.078Z
2026,4,13424,DK Metcalf,PIT,WR,at CLE,recYds,Hard Rock,94.5,over,42.16,525,-1200,0.1600,0.1477,0.0831,0,0.0136,-0.1464,-0.1341,ev,multiplicative,projection,main,live,20261002CCEAD0D8,2026-10-01T20:06:10.078Z
2026,4,15267,Pat Freiermuth,PIT,TE,at CLE,recYds,Hard Rock,33.5,under,33.66,-180,125,0.6429,0.5912,0.0873,0,0.4964,-0.1465,-0.0948,ev,multiplicative,projection,main,live,20261002CCEAD0D8,2026-10-01T20:06:10.078Z
2026,4,18516,Quinshon Judkins,CLE,RB,vs PIT,rushYds,Hard Rock,106.5,over,42.39,575,-1300,0.1481,0.1376,0.0767,0,0.0015,-0.1466,-0.1360,ev,multiplicative,projection,main,live,20261002CCEAD0D8,2026-10-01T20:06:10.078Z
2026,4,18472,Harold Fannin Jr.,CLE,TE,vs PIT,recYds,Hard Rock,28.5,under,44.69,185,-275,0.3509,0.3236,0.0842,0,0.2042,-0.1467,-0.1194,ev,multiplicative,projection,main,live,20261002CCEAD0D8,2026-10-01T20:06:10.078Z
2026,4,19263,Germie Bernard,PIT,WR,at CLE,receptions,DraftKings,1.5,over,0.84,150,-193,0.4000,0.3778,0.0587,0,0.2532,-0.1468,-0.1246,ev,multiplicative,projection,main,live,20261002CCEAD0D8,2026-10-01T20:06:10.078Z
2026,4,14378,Michael Pittman Jr.,PIT,WR,at CLE,recYds,Hard Rock,43.5,under,40.74,-210,145,0.6774,0.6240,0.0856,0,0.5307,-0.1468,-0.0934,ev,multiplicative,projection,main,live,20261002CCEAD0D8,2026-10-01T20:06:10.078Z
2026,4,17043,Roman Wilson,PIT,WR,at CLE,recYds,Caesars,49.5,over,20.34,475,,0.1739,0.1739,,1,0.0270,-0.1469,-0.1469,ev,none,projection,main,live,20261002CCEAD0D8,2026-10-01T20:06:10.078Z
2026,4,17043,Roman Wilson,PIT,WR,at CLE,recYds,Hard Rock,31.5,over,20.34,165,-240,0.3774,0.3484,0.0832,0,0.2305,-0.1469,-0.1179,ev,multiplicative,projection,main,live,20261002CCEAD0D8,2026-10-01T20:06:10.078Z
2026,4,16889,Darnell Washington,PIT,TE,at CLE,receptions,FanDuel,2.5,over,1.47,180,,0.3571,0.3571,,1,0.2096,-0.1475,-0.1475,ev,none,projection,main,live,20261002CCEAD0D8,2026-10-01T20:06:10.078Z
2026,4,14378,Michael Pittman Jr.,PIT,WR,at CLE,recYds,Hard Rock,47.5,under,40.74,-260,180,0.7222,0.6691,0.0794,0,0.5747,-0.1475,-0.0944,ev,multiplicative,projection,main,live,20261002CCEAD0D8,2026-10-01T20:06:10.078Z
2026,4,18526,Raheim Sanders,CLE,RB,vs PIT,recYds,theScore,29.5,over,13.62,375,,0.2105,0.2105,,1,0.0630,-0.1475,-0.1475,ev,none,projection,main,live,20261002CCEAD0D8,2026-10-01T20:06:10.078Z
2026,4,18472,Harold Fannin Jr.,CLE,TE,vs PIT,recYds,Caesars,59.5,over,44.69,205,,0.3279,0.3279,,1,0.1802,-0.1477,-0.1477,ev,none,projection,main,live,20261002CCEAD0D8,2026-10-01T20:06:10.078Z
2026,4,14378,Michael Pittman Jr.,PIT,WR,at CLE,recYds,Hard Rock,48.5,under,40.74,-275,190,0.7333,0.6802,0.0782,0,0.5856,-0.1477,-0.0946,ev,multiplicative,projection,main,live,20261002CCEAD0D8,2026-10-01T20:06:10.078Z
2026,4,13424,DK Metcalf,PIT,WR,at CLE,recYds,FanDuel,89.5,over,42.16,486,,0.1706,0.1706,,1,0.0229,-0.1478,-0.1478,ev,none,projection,main,live,20261002CCEAD0D8,2026-10-01T20:06:10.078Z
2026,4,17043,Roman Wilson,PIT,WR,at CLE,recYds,DraftKings,39.5,over,20.34,299,,0.2506,0.2506,,1,0.1028,-0.1478,-0.1478,ev,none,projection,main,live,20261002CCEAD0D8,2026-10-01T20:06:10.078Z
2026,4,18472,Harold Fannin Jr.,CLE,TE,vs PIT,recYds,theScore,69.5,over,44.69,375,,0.2105,0.2105,,1,0.0627,-0.1478,-0.1478,ev,none,projection,main,live,20261002CCEAD0D8,2026-10-01T20:06:10.078Z
2026,4,18516,Quinshon Judkins,CLE,RB,vs PIT,rushAtt,Hard Rock,23.5,over,16.49,575,,0.1481,0.1481,,1,0.0004,-0.1478,-0.1478,ev,none,projection,main,live,20261002CCEAD0D8,2026-10-01T20:06:10.078Z
2026,4,15984,Jaylen Warren,PIT,RB,at CLE,recYds,DraftKings,59.5,over,22.75,562,,0.1511,0.1511,,1,0.0032,-0.1479,-0.1479,ev,none,projection,main,live,20261002CCEAD0D8,2026-10-01T20:06:10.078Z
2026,4,17043,Roman Wilson,PIT,WR,at CLE,recYds,Hard Rock,58.5,over,20.34,550,-1200,0.1538,0.1429,0.0769,0,0.0059,-0.1480,-0.1370,ev,multiplicative,projection,main,live,20261002CCEAD0D8,2026-10-01T20:06:10.078Z
2026,4,11712,Deshaun Watson,CLE,QB,vs PIT,rushYds,Hard Rock,58.5,over,17.22,575,-1400,0.1481,0.1370,0.0815,0,0.0000,-0.1481,-0.1370,ev,multiplicative,projection,main,live,20261002CCEAD0D8,2026-10-01T20:06:10.078Z
2026,4,15984,Jaylen Warren,PIT,RB,at CLE,rushAtt,DraftKings,11.5,over,17.68,-960,,0.9057,0.9057,,1,0.7575,-0.1482,-0.1482,ev,none,projection,main,live,20261002CCEAD0D8,2026-10-01T20:06:10.078Z
2026,4,15267,Pat Freiermuth,PIT,TE,at CLE,recYds,theScore,29.5,under,33.66,-125,-105,0.5556,0.5203,0.0678,0,0.4072,-0.1484,-0.1131,ev,multiplicative,projection,main,live,20261002CCEAD0D8,2026-10-01T20:06:10.078Z
2026,4,18516,Quinshon Judkins,CLE,RB,vs PIT,recYds,Hard Rock,5.5,under,12.98,160,-230,0.3846,0.3556,0.0816,0,0.2362,-0.1484,-0.1194,ev,multiplicative,projection,main,live,20261002CCEAD0D8,2026-10-01T20:06:10.078Z
2026,4,17043,Roman Wilson,PIT,WR,at CLE,recYds,FanDuel,39.5,over,20.34,298,,0.2513,0.2513,,1,0.1028,-0.1485,-0.1485,ev,none,projection,main,live,20261002CCEAD0D8,2026-10-01T20:06:10.078Z
2026,4,14378,Michael Pittman Jr.,PIT,WR,at CLE,recYds,Hard Rock,39.5,under,40.74,-165,120,0.6226,0.5780,0.0772,0,0.4741,-0.1486,-0.1040,ev,multiplicative,projection,main,live,20261002CCEAD0D8,2026-10-01T20:06:10.078Z
2026,4,18472,Harold Fannin Jr.,CLE,TE,vs PIT,recYds,DraftKings,69.5,over,44.69,373,,0.2114,0.2114,,1,0.0627,-0.1487,-0.1487,ev,none,projection,main,live,20261002CCEAD0D8,2026-10-01T20:06:10.078Z
2026,4,15267,Pat Freiermuth,PIT,TE,at CLE,recYds,Hard Rock,32.5,under,33.66,-165,120,0.6226,0.5780,0.0772,0,0.4739,-0.1487,-0.1041,ev,multiplicative,projection,main,live,20261002CCEAD0D8,2026-10-01T20:06:10.078Z
2026,4,15984,Jaylen Warren,PIT,RB,at CLE,recYds,Hard Rock,57.5,over,22.75,550,-1300,0.1538,0.1421,0.0824,0,0.0049,-0.1489,-0.1372,ev,multiplicative,projection,main,live,20261002CCEAD0D8,2026-10-01T20:06:10.078Z
2026,4,13424,DK Metcalf,PIT,WR,at CLE,recYds,Hard Rock,53.5,over,42.16,115,-155,0.4651,0.4335,0.0730,0,0.3161,-0.1490,-0.1174,ev,multiplicative,projection,main,live,20261002CCEAD0D8,2026-10-01T20:06:10.078Z
2026,4,4307,Aaron Rodgers,PIT,QB,at CLE,passYds,Hard Rock,282.5,over,184.84,425,-800,0.1905,0.1765,0.0794,0,0.0412,-0.1493,-0.1352,ev,multiplicative,projection,main,live,20261002CCEAD0D8,2026-10-01T20:06:10.078Z
2026,4,15267,Pat Freiermuth,PIT,TE,at CLE,recYds,BetMGM,28.5,under,33.66,-115,-115,0.5349,0.5000,0.0698,0,0.3854,-0.1495,-0.1146,ev,multiplicative,projection,main,live,20261002CCEAD0D8,2026-10-01T20:06:10.078Z
2026,4,19263,Germie Bernard,PIT,WR,at CLE,receptions,FanDuel,2.5,over,0.84,408,,0.1969,0.1969,,1,0.0473,-0.1495,-0.1495,ev,none,projection,main,live,20261002CCEAD0D8,2026-10-01T20:06:10.078Z
2026,4,18516,Quinshon Judkins,CLE,RB,vs PIT,recYds,Hard Rock,4.5,under,12.98,180,-260,0.3571,0.3309,0.0794,0,0.2076,-0.1495,-0.1233,ev,multiplicative,projection,main,live,20261002CCEAD0D8,2026-10-01T20:06:10.078Z
2026,4,19263,Germie Bernard,PIT,WR,at CLE,recYds,Hard Rock,3.5,under,9.67,160,-225,0.3846,0.3571,0.0769,0,0.2350,-0.1496,-0.1221,ev,multiplicative,projection,main,live,20261002CCEAD0D8,2026-10-01T20:06:10.078Z
2026,4,18516,Quinshon Judkins,CLE,RB,vs PIT,rushYds,theScore,99.5,over,42.39,550,,0.1538,0.1538,,1,0.0042,-0.1496,-0.1496,ev,none,projection,main,live,20261002CCEAD0D8,2026-10-01T20:06:10.078Z
2026,4,18472,Harold Fannin Jr.,CLE,TE,vs PIT,recYds,Hard Rock,31.5,under,44.69,150,-210,0.4000,0.3713,0.0774,0,0.2503,-0.1497,-0.1209,ev,multiplicative,projection,main,live,20261002CCEAD0D8,2026-10-01T20:06:10.078Z
2026,4,15984,Jaylen Warren,PIT,RB,at CLE,rushYds,Hard Rock,70.5,under,96.25,110,-155,0.4762,0.4393,0.0840,0,0.3265,-0.1497,-0.1128,ev,multiplicative,projection,main,live,20261002CCEAD0D8,2026-10-01T20:06:10.078Z
2026,4,18472,Harold Fannin Jr.,CLE,TE,vs PIT,recYds,Hard Rock,32.5,under,44.69,140,-200,0.4167,0.3846,0.0833,0,0.2668,-0.1498,-0.1178,ev,multiplicative,projection,main,live,20261002CCEAD0D8,2026-10-01T20:06:10.078Z
2026,4,15984,Jaylen Warren,PIT,RB,at CLE,rushAtt,DraftKings,9.5,over,17.68,-3500,,0.9722,0.9722,,1,0.8223,-0.1499,-0.1499,ev,none,projection,main,live,20261002CCEAD0D8,2026-10-01T20:06:10.078Z
2026,4,19263,Germie Bernard,PIT,WR,at CLE,recYds,Hard Rock,20.5,over,9.67,240,-375,0.2941,0.2714,0.0836,0,0.1442,-0.1499,-0.1273,ev,multiplicative,projection,main,live,20261002CCEAD0D8,2026-10-01T20:06:10.078Z
2026,4,13424,DK Metcalf,PIT,WR,at CLE,recYds,Hard Rock,92.5,over,42.16,500,-1000,0.1667,0.1549,0.0758,0,0.0168,-0.1499,-0.1381,ev,multiplicative,projection,main,live,20261002CCEAD0D8,2026-10-01T20:06:10.078Z
2026,4,18472,Harold Fannin Jr.,CLE,TE,vs PIT,recYds,Hard Rock,30.5,under,44.69,160,-230,0.3846,0.3556,0.0816,0,0.2344,-0.1502,-0.1212,ev,multiplicative,projection,main,live,20261002CCEAD0D8,2026-10-01T20:06:10.078Z
2026,4,15267,Pat Freiermuth,PIT,TE,at CLE,recYds,Hard Rock,12.5,under,33.66,275,-450,0.2667,0.2458,0.0848,0,0.1162,-0.1505,-0.1296,ev,multiplicative,projection,main,live,20261002CCEAD0D8,2026-10-01T20:06:10.078Z
2026,4,14378,Michael Pittman Jr.,PIT,WR,at CLE,recYds,Hard Rock,53.5,under,40.74,-375,240,0.7895,0.7286,0.0836,0,0.6389,-0.1505,-0.0896,ev,multiplicative,projection,main,live,20261002CCEAD0D8,2026-10-01T20:06:10.078Z
2026,4,19263,Germie Bernard,PIT,WR,at CLE,recYds,FanDuel,29.5,over,9.67,466,,0.1767,0.1767,,1,0.0259,-0.1507,-0.1507,ev,none,projection,main,live,20261002CCEAD0D8,2026-10-01T20:06:10.078Z
2026,4,14378,Michael Pittman Jr.,PIT,WR,at CLE,recYds,Hard Rock,54.5,under,40.74,-400,250,0.8000,0.7368,0.0857,0,0.6493,-0.1507,-0.0875,ev,multiplicative,projection,main,live,20261002CCEAD0D8,2026-10-01T20:06:10.078Z
2026,4,14458,Jerry Jeudy,CLE,WR,vs PIT,recYds,Hard Rock,41.5,under,17.27,-950,475,0.9048,0.8388,0.0787,0,0.7539,-0.1508,-0.0848,ev,multiplicative,projection,main,live,20261002CCEAD0D8,2026-10-01T20:06:10.078Z
2026,4,19263,Germie Bernard,PIT,WR,at CLE,recYds,FanDuel,24.5,over,9.67,346,,0.2242,0.2242,,1,0.0730,-0.1512,-0.1512,ev,none,projection,main,live,20261002CCEAD0D8,2026-10-01T20:06:10.078Z
2026,4,17130,Blake Whiteheart,CLE,TE,vs PIT,recYds,Hard Rock,15.5,under,9.35,-650,375,0.8667,0.8046,0.0772,0,0.7153,-0.1513,-0.0892,ev,multiplicative,projection,main,live,20261002CCEAD0D8,2026-10-01T20:06:10.078Z
2026,4,16889,Darnell Washington,PIT,TE,at CLE,recYds,Hard Rock,48.5,over,14.96,550,-1200,0.1538,0.1429,0.0769,0,0.0024,-0.1515,-0.1405,ev,multiplicative,projection,main,live,20261002CCEAD0D8,2026-10-01T20:06:10.078Z
2026,4,13424,DK Metcalf,PIT,WR,at CLE,recYds,Hard Rock,93.5,over,42.16,500,-1100,0.1667,0.1538,0.0833,0,0.0151,-0.1515,-0.1387,ev,multiplicative,projection,main,live,20261002CCEAD0D8,2026-10-01T20:06:10.078Z
2026,4,18526,Raheim Sanders,CLE,RB,vs PIT,recYds,FanDuel,29.5,over,13.62,366,,0.2146,0.2146,,1,0.0630,-0.1516,-0.1516,ev,none,projection,main,live,20261002CCEAD0D8,2026-10-01T20:06:10.078Z
2026,4,15984,Jaylen Warren,PIT,RB,at CLE,rushAtt,theScore,11.5,over,17.68,-1000,,0.9091,0.9091,,1,0.7575,-0.1516,-0.1516,ev,none,projection,main,live,20261002CCEAD0D8,2026-10-01T20:06:10.078Z
2026,4,18516,Quinshon Judkins,CLE,RB,vs PIT,rushYds,Hard Rock,104.5,over,42.39,550,-1200,0.1538,0.1429,0.0769,0,0.0021,-0.1518,-0.1408,ev,multiplicative,projection,main,live,20261002CCEAD0D8,2026-10-01T20:06:10.078Z
2026,4,4307,Aaron Rodgers,PIT,QB,at CLE,passYds,Hard Rock,278.5,over,184.84,400,-700,0.2000,0.1860,0.0750,0,0.0479,-0.1521,-0.1381,ev,multiplicative,projection,main,live,20261002CCEAD0D8,2026-10-01T20:06:10.078Z
2026,4,11712,Deshaun Watson,CLE,QB,vs PIT,int,BetMGM,0.5,under,0.99,-110,-120,0.5238,0.4899,0.0693,0,0.3716,-0.1522,-0.1183,ev,multiplicative,projection,main,live,20261002CCEAD0D8,2026-10-01T20:06:10.078Z
2026,4,14378,Michael Pittman Jr.,PIT,WR,at CLE,recYds,Circa Sports,34.5,under,40.74,-110,-110,0.5238,0.5000,0.0476,0,0.3716,-0.1522,-0.1284,ev,multiplicative,projection,main,live,20261002CCEAD0D8,2026-10-01T20:06:10.078Z
2026,4,4307,Aaron Rodgers,PIT,QB,at CLE,passYds,FanDuel,149.5,over,184.84,-652,,0.8670,0.8670,,1,0.7146,-0.1524,-0.1524,ev,none,projection,main,live,20261002CCEAD0D8,2026-10-01T20:06:10.078Z
2026,4,13424,DK Metcalf,PIT,WR,at CLE,recYds,BetRivers,59.5,over,42.16,160,,0.3846,0.3846,,1,0.2321,-0.1525,-0.1525,ev,none,projection,main,live,20261002CCEAD0D8,2026-10-01T20:06:10.078Z
2026,4,13424,DK Metcalf,PIT,WR,at CLE,recYds,FanDuel,59.5,over,42.16,160,,0.3846,0.3846,,1,0.2321,-0.1525,-0.1525,ev,none,projection,main,live,20261002CCEAD0D8,2026-10-01T20:06:10.078Z
2026,4,13424,DK Metcalf,PIT,WR,at CLE,recYds,DraftKings,89.5,over,42.16,470,,0.1754,0.1754,,1,0.0229,-0.1526,-0.1526,ev,none,projection,main,live,20261002CCEAD0D8,2026-10-01T20:06:10.078Z
2026,4,19263,Germie Bernard,PIT,WR,at CLE,receptions,Caesars,2.5,over,0.84,400,,0.2000,0.2000,,1,0.0473,-0.1527,-0.1527,ev,none,projection,main,live,20261002CCEAD0D8,2026-10-01T20:06:10.078Z
2026,4,16889,Darnell Washington,PIT,TE,at CLE,receptions,Caesars,2.5,over,1.47,176,,0.3623,0.3623,,1,0.2096,-0.1527,-0.1527,ev,none,projection,main,live,20261002CCEAD0D8,2026-10-01T20:06:10.078Z
2026,4,17043,Roman Wilson,PIT,WR,at CLE,recYds,Hard Rock,32.5,over,20.34,175,-250,0.3636,0.3373,0.0779,0,0.2109,-0.1527,-0.1265,ev,multiplicative,projection,main,live,20261002CCEAD0D8,2026-10-01T20:06:10.078Z
2026,4,4307,Aaron Rodgers,PIT,QB,at CLE,passYds,DraftKings,279.5,over,184.84,402,,0.1992,0.1992,,1,0.0462,-0.1530,-0.1530,ev,none,projection,main,live,20261002CCEAD0D8,2026-10-01T20:06:10.078Z
2026,4,17043,Roman Wilson,PIT,WR,at CLE,recYds,Hard Rock,57.5,over,20.34,525,,0.1600,0.1600,,1,0.0070,-0.1530,-0.1530,ev,none,projection,main,live,20261002CCEAD0D8,2026-10-01T20:06:10.078Z
2026,4,15984,Jaylen Warren,PIT,RB,at CLE,rushAtt,theScore,9.5,over,17.68,-4000,,0.9756,0.9756,,1,0.8223,-0.1533,-0.1533,ev,none,projection,main,live,20261002CCEAD0D8,2026-10-01T20:06:10.078Z
2026,4,13424,DK Metcalf,PIT,WR,at CLE,recYds,Hard Rock,54.5,over,42.16,120,-160,0.4545,0.4248,0.0699,0,0.3012,-0.1533,-0.1236,ev,multiplicative,projection,main,live,20261002CCEAD0D8,2026-10-01T20:06:10.078Z
2026,4,14378,Michael Pittman Jr.,PIT,WR,at CLE,recYds,Hard Rock,49.5,under,40.74,-300,200,0.7500,0.6923,0.0833,0,0.5964,-0.1536,-0.0959,ev,multiplicative,projection,main,live,20261002CCEAD0D8,2026-10-01T20:06:10.078Z
2026,4,11712,Deshaun Watson,CLE,QB,vs PIT,rushAtt,theScore,9.5,over,4.33,550,,0.1538,0.1538,,1,0.0001,-0.1537,-0.1537,ev,none,projection,main,live,20261002CCEAD0D8,2026-10-01T20:06:10.078Z
2026,4,4307,Aaron Rodgers,PIT,QB,at CLE,passYds,Hard Rock,279.5,over,184.84,400,-700,0.2000,0.1860,0.0750,0,0.0462,-0.1538,-0.1399,ev,multiplicative,projection,main,live,20261002CCEAD0D8,2026-10-01T20:06:10.078Z
2026,4,11712,Deshaun Watson,CLE,QB,vs PIT,rushYds,Hard Rock,57.5,over,17.22,550,-1300,0.1538,0.1421,0.0824,0,0.0000,-0.1538,-0.1421,ev,multiplicative,projection,main,live,20261002CCEAD0D8,2026-10-01T20:06:10.078Z
2026,4,18526,Raheim Sanders,CLE,RB,vs PIT,receptions,theScore,3.5,over,1.72,325,,0.2353,0.2353,,1,0.0814,-0.1539,-0.1539,ev,none,projection,main,live,20261002CCEAD0D8,2026-10-01T20:06:10.078Z
2026,4,19263,Germie Bernard,PIT,WR,at CLE,recYds,Hard Rock,21.5,over,9.67,260,-400,0.2778,0.2577,0.0778,0,0.1231,-0.1547,-0.1347,ev,multiplicative,projection,main,live,20261002CCEAD0D8,2026-10-01T20:06:10.078Z
2026,4,16889,Darnell Washington,PIT,TE,at CLE,receptions,BetRivers,1.5,over,1.47,-182,,0.6454,0.6454,,1,0.4906,-0.1548,-0.1548,ev,none,projection,main,live,20261002CCEAD0D8,2026-10-01T20:06:10.078Z
2026,4,19263,Germie Bernard,PIT,WR,at CLE,receptions,BetMGM,1.5,over,0.84,145,-200,0.4082,0.3797,0.0748,0,0.2532,-0.1550,-0.1265,ev,multiplicative,projection,main,live,20261002CCEAD0D8,2026-10-01T20:06:10.078Z
2026,4,15984,Jaylen Warren,PIT,RB,at CLE,rushYds,Hard Rock,71.5,under,96.25,105,-145,0.4878,0.4518,0.0796,0,0.3328,-0.1550,-0.1190,ev,multiplicative,projection,main,live,20261002CCEAD0D8,2026-10-01T20:06:10.078Z
2026,4,18526,Raheim Sanders,CLE,RB,vs PIT,receptions,Hard Rock,2.5,over,1.72,135,-185,0.4255,0.3960,0.0747,0,0.2704,-0.1552,-0.1256,ev,multiplicative,projection,main,live,20261002CCEAD0D8,2026-10-01T20:06:10.078Z
2026,4,15984,Jaylen Warren,PIT,RB,at CLE,recYds,Hard Rock,26.5,over,22.75,-120,-110,0.5455,0.5101,0.0693,0,0.3903,-0.1552,-0.1198,ev,multiplicative,projection,main,live,20261002CCEAD0D8,2026-10-01T20:06:10.078Z
2026,4,17130,Blake Whiteheart,CLE,TE,vs PIT,receptions,Hard Rock,1.5,under,0.87,-700,375,0.8750,0.8061,0.0855,0,0.7197,-0.1553,-0.0863,ev,multiplicative,projection,main,live,20261002CCEAD0D8,2026-10-01T20:06:10.078Z
2026,4,13424,DK Metcalf,PIT,WR,at CLE,recYds,Hard Rock,91.5,over,42.16,475,-950,0.1739,0.1612,0.0787,0,0.0186,-0.1553,-0.1426,ev,multiplicative,projection,main,live,20261002CCEAD0D8,2026-10-01T20:06:10.078Z
2026,4,4307,Aaron Rodgers,PIT,QB,at CLE,passYds,Hard Rock,280.5,over,184.84,400,-750,0.2000,0.1848,0.0824,0,0.0445,-0.1555,-0.1403,ev,multiplicative,projection,main,live,20261002CCEAD0D8,2026-10-01T20:06:10.078Z
2026,4,16889,Darnell Washington,PIT,TE,at CLE,recYds,Hard Rock,20.5,over,14.96,110,-155,0.4762,0.4393,0.0840,0,0.3204,-0.1558,-0.1188,ev,multiplicative,projection,main,live,20261002CCEAD0D8,2026-10-01T20:06:10.078Z
2026,4,19263,Germie Bernard,PIT,WR,at CLE,recYds,Hard Rock,29.5,over,9.67,450,-900,0.1818,0.1681,0.0818,0,0.0259,-0.1559,-0.1421,ev,multiplicative,projection,main,live,20261002CCEAD0D8,2026-10-01T20:06:10.078Z
2026,4,19263,Germie Bernard,PIT,WR,at CLE,recYds,theScore,29.5,over,9.67,450,,0.1818,0.1818,,1,0.0259,-0.1559,-0.1559,ev,none,projection,main,live,20261002CCEAD0D8,2026-10-01T20:06:10.078Z
2026,4,4307,Aaron Rodgers,PIT,QB,at CLE,completions,theScore,14.5,over,19.18,-1400,,0.9333,0.9333,,1,0.7771,-0.1562,-0.1562,ev,none,projection,main,live,20261002CCEAD0D8,2026-10-01T20:06:10.078Z
2026,4,15267,Pat Freiermuth,PIT,TE,at CLE,recYds,Hard Rock,31.5,under,33.66,-155,110,0.6078,0.5607,0.0840,0,0.4515,-0.1564,-0.1092,ev,multiplicative,projection,main,live,20261002CCEAD0D8,2026-10-01T20:06:10.078Z
2026,4,13424,DK Metcalf,PIT,WR,at CLE,recYds,Hard Rock,52.5,over,42.16,105,-150,0.4878,0.4484,0.0878,0,0.3313,-0.1565,-0.1172,ev,multiplicative,projection,main,live,20261002CCEAD0D8,2026-10-01T20:06:10.078Z
2026,4,17043,Roman Wilson,PIT,WR,at CLE,recYds,Hard Rock,55.5,over,20.34,500,-1000,0.1667,0.1549,0.0758,0,0.0101,-0.1566,-0.1448,ev,multiplicative,projection,main,live,20261002CCEAD0D8,2026-10-01T20:06:10.078Z
2026,4,19263,Germie Bernard,PIT,WR,at CLE,receptions,DraftKings,2.5,over,0.84,390,,0.2041,0.2041,,1,0.0473,-0.1567,-0.1567,ev,none,projection,main,live,20261002CCEAD0D8,2026-10-01T20:06:10.078Z
2026,4,16889,Darnell Washington,PIT,TE,at CLE,recYds,DraftKings,24.5,over,14.96,172,,0.3676,0.3676,,1,0.2109,-0.1568,-0.1568,ev,none,projection,main,live,20261002CCEAD0D8,2026-10-01T20:06:10.078Z
2026,4,16889,Darnell Washington,PIT,TE,at CLE,recYds,Hard Rock,47.5,over,14.96,525,-1100,0.1600,0.1486,0.0767,0,0.0031,-0.1569,-0.1455,ev,multiplicative,projection,main,live,20261002CCEAD0D8,2026-10-01T20:06:10.078Z
2026,4,15984,Jaylen Warren,PIT,RB,at CLE,recYds,FanDuel,29.5,over,22.75,115,,0.4651,0.4651,,1,0.3080,-0.1571,-0.1571,ev,none,projection,main,live,20261002CCEAD0D8,2026-10-01T20:06:10.078Z
2026,4,4307,Aaron Rodgers,PIT,QB,at CLE,passYds,Hard Rock,275.5,over,184.84,375,-600,0.2105,0.1972,0.0677,0,0.0535,-0.1571,-0.1437,ev,multiplicative,projection,main,live,20261002CCEAD0D8,2026-10-01T20:06:10.078Z
2026,4,18516,Quinshon Judkins,CLE,RB,vs PIT,rushYds,Hard Rock,102.5,over,42.39,525,-1000,0.1600,0.1497,0.0691,0,0.0028,-0.1572,-0.1469,ev,multiplicative,projection,main,live,20261002CCEAD0D8,2026-10-01T20:06:10.078Z
2026,4,18516,Quinshon Judkins,CLE,RB,vs PIT,rushYds,Hard Rock,103.5,over,42.39,525,-1200,0.1600,0.1477,0.0831,0,0.0024,-0.1576,-0.1453,ev,multiplicative,projection,main,live,20261002CCEAD0D8,2026-10-01T20:06:10.078Z
2026,4,13424,DK Metcalf,PIT,WR,at CLE,recYds,Hard Rock,55.5,over,42.16,125,-170,0.4444,0.4138,0.0741,0,0.2867,-0.1577,-0.1271,ev,multiplicative,projection,main,live,20261002CCEAD0D8,2026-10-01T20:06:10.078Z
2026,4,18526,Raheim Sanders,CLE,RB,vs PIT,receptions,FanDuel,3.5,over,1.72,318,,0.2392,0.2392,,1,0.0814,-0.1579,-0.1579,ev,none,projection,main,live,20261002CCEAD0D8,2026-10-01T20:06:10.078Z
2026,4,19263,Germie Bernard,PIT,WR,at CLE,recYds,Hard Rock,28.5,over,9.67,425,-800,0.1905,0.1765,0.0794,0,0.0324,-0.1580,-0.1440,ev,multiplicative,projection,main,live,20261002CCEAD0D8,2026-10-01T20:06:10.078Z
2026,4,4307,Aaron Rodgers,PIT,QB,at CLE,completions,DraftKings,15.5,over,19.18,-760,,0.8837,0.8837,,1,0.7256,-0.1581,-0.1581,ev,none,projection,main,live,20261002CCEAD0D8,2026-10-01T20:06:10.078Z
2026,4,15267,Pat Freiermuth,PIT,TE,at CLE,recYds,Hard Rock,13.5,under,33.66,250,-400,0.2857,0.2632,0.0857,0,0.1276,-0.1581,-0.1356,ev,multiplicative,projection,main,live,20261002CCEAD0D8,2026-10-01T20:06:10.078Z
2026,4,17043,Roman Wilson,PIT,WR,at CLE,recYds,Hard Rock,56.5,over,20.34,500,-1100,0.1667,0.1538,0.0833,0,0.0085,-0.1582,-0.1454,ev,multiplicative,projection,main,live,20261002CCEAD0D8,2026-10-01T20:06:10.078Z
2026,4,11712,Deshaun Watson,CLE,QB,vs PIT,passTD,Circa Sports,1.5,under,1.46,-270,230,0.7297,0.7066,0.0328,0,0.5713,-0.1584,-0.1353,ev,multiplicative,projection,main,live,20261002CCEAD0D8,2026-10-01T20:06:10.078Z
2026,4,13424,DK Metcalf,PIT,WR,at CLE,recYds,DraftKings,59.5,over,42.16,156,,0.3906,0.3906,,1,0.2321,-0.1585,-0.1585,ev,none,projection,main,live,20261002CCEAD0D8,2026-10-01T20:06:10.078Z
2026,4,17043,Roman Wilson,PIT,WR,at CLE,recYds,Hard Rock,33.5,over,20.34,185,,0.3509,0.3509,,1,0.1923,-0.1586,-0.1586,ev,none,projection,main,live,20261002CCEAD0D8,2026-10-01T20:06:10.078Z
2026,4,18516,Quinshon Judkins,CLE,RB,vs PIT,rushYds,DraftKings,19.5,over,42.39,-2100,,0.9545,0.9545,,1,0.7957,-0.1588,-0.1588,ev,none,projection,main,live,20261002CCEAD0D8,2026-10-01T20:06:10.078Z
2026,4,14378,Michael Pittman Jr.,PIT,WR,at CLE,recYds,FanDuel,34.5,under,40.74,-113,-113,0.5305,0.5000,0.0610,0,0.3716,-0.1589,-0.1284,ev,multiplicative,projection,main,live,20261002CCEAD0D8,2026-10-01T20:06:10.078Z
2026,4,13424,DK Metcalf,PIT,WR,at CLE,recYds,Caesars,89.5,over,42.16,450,,0.1818,0.1818,,1,0.0229,-0.1590,-0.1590,ev,none,projection,main,live,20261002CCEAD0D8,2026-10-01T20:06:10.078Z
2026,4,13424,DK Metcalf,PIT,WR,at CLE,recYds,Hard Rock,89.5,over,42.16,450,-850,0.1818,0.1689,0.0766,0,0.0229,-0.1590,-0.1460,ev,multiplicative,projection,main,live,20261002CCEAD0D8,2026-10-01T20:06:10.078Z
2026,4,13424,DK Metcalf,PIT,WR,at CLE,recYds,theScore,89.5,over,42.16,450,,0.1818,0.1818,,1,0.0229,-0.1590,-0.1590,ev,none,projection,main,live,20261002CCEAD0D8,2026-10-01T20:06:10.078Z
2026,4,4307,Aaron Rodgers,PIT,QB,at CLE,passYds,Hard Rock,276.5,over,184.84,375,-650,0.2105,0.1954,0.0772,0,0.0516,-0.1590,-0.1439,ev,multiplicative,projection,main,live,20261002CCEAD0D8,2026-10-01T20:06:10.078Z
2026,4,16889,Darnell Washington,PIT,TE,at CLE,recYds,FanDuel,24.5,over,14.96,170,,0.3704,0.3704,,1,0.2109,-0.1595,-0.1595,ev,none,projection,main,live,20261002CCEAD0D8,2026-10-01T20:06:10.078Z
2026,4,14458,Jerry Jeudy,CLE,WR,vs PIT,recYds,Hard Rock,36.5,under,17.27,-650,350,0.8667,0.7959,0.0889,0,0.7072,-0.1595,-0.0887,ev,multiplicative,projection,main,live,20261002CCEAD0D8,2026-10-01T20:06:10.078Z
2026,4,14458,Jerry Jeudy,CLE,WR,vs PIT,recYds,Hard Rock,35.5,under,17.27,-600,350,0.8571,0.7941,0.0794,0,0.6974,-0.1598,-0.0967,ev,multiplicative,projection,main,live,20261002CCEAD0D8,2026-10-01T20:06:10.078Z
2026,4,15267,Pat Freiermuth,PIT,TE,at CLE,recYds,Circa Sports,27.5,under,33.66,-110,-110,0.5238,0.5000,0.0476,0,0.3640,-0.1598,-0.1360,ev,multiplicative,projection,main,live,20261002CCEAD0D8,2026-10-01T20:06:10.078Z
2026,4,19263,Germie Bernard,PIT,WR,at CLE,recYds,Hard Rock,27.5,over,9.67,400,-750,0.2000,0.1848,0.0824,0,0.0402,-0.1598,-0.1445,ev,multiplicative,projection,main,live,20261002CCEAD0D8,2026-10-01T20:06:10.078Z
2026,4,13424,DK Metcalf,PIT,WR,at CLE,recYds,theScore,59.5,over,42.16,155,,0.3922,0.3922,,1,0.2321,-0.1600,-0.1600,ev,none,projection,main,live,20261002CCEAD0D8,2026-10-01T20:06:10.078Z
2026,4,11712,Deshaun Watson,CLE,QB,vs PIT,rushYds,Hard Rock,56.5,over,17.22,525,-1200,0.1600,0.1477,0.0831,0,0.0000,-0.1600,-0.1477,ev,multiplicative,projection,main,live,20261002CCEAD0D8,2026-10-01T20:06:10.078Z
2026,4,15984,Jaylen Warren,PIT,RB,at CLE,rushYds,theScore,74.5,under,96.25,-105,-125,0.5122,0.4797,0.0678,0,0.3521,-0.1601,-0.1276,ev,multiplicative,projection,main,live,20261002CCEAD0D8,2026-10-01T20:06:10.078Z
2026,4,4307,Aaron Rodgers,PIT,QB,at CLE,passYds,theScore,149.5,over,184.84,-700,,0.8750,0.8750,,1,0.7146,-0.1604,-0.1604,ev,none,projection,main,live,20261002CCEAD0D8,2026-10-01T20:06:10.078Z
2026,4,15984,Jaylen Warren,PIT,RB,at CLE,recYds,Hard Rock,56.5,over,22.75,500,-1200,0.1667,0.1529,0.0897,0,0.0061,-0.1606,-0.1469,ev,multiplicative,projection,main,live,20261002CCEAD0D8,2026-10-01T20:06:10.078Z
2026,4,16889,Darnell Washington,PIT,TE,at CLE,receptions,BetRivers,2.5,over,1.47,170,,0.3704,0.3704,,1,0.2096,-0.1608,-0.1608,ev,none,projection,main,live,20261002CCEAD0D8,2026-10-01T20:06:10.078Z
2026,4,15984,Jaylen Warren,PIT,RB,at CLE,rushYds,Hard Rock,72.5,under,96.25,100,-140,0.5000,0.4615,0.0833,0,0.3392,-0.1608,-0.1224,ev,multiplicative,projection,main,live,20261002CCEAD0D8,2026-10-01T20:06:10.078Z
2026,4,16889,Darnell Washington,PIT,TE,at CLE,receptions,Hard Rock,2.5,over,1.47,170,-250,0.3704,0.3415,0.0847,0,0.2096,-0.1608,-0.1319,ev,multiplicative,projection,main,live,20261002CCEAD0D8,2026-10-01T20:06:10.078Z
2026,4,4307,Aaron Rodgers,PIT,QB,at CLE,passYds,Hard Rock,277.5,over,184.84,375,,0.2105,0.2105,,1,0.0497,-0.1608,-0.1608,ev,none,projection,main,live,20261002CCEAD0D8,2026-10-01T20:06:10.078Z
2026,4,15984,Jaylen Warren,PIT,RB,at CLE,rushYds,Caesars,76.5,under,96.25,-111,-121,0.5261,0.4900,0.0736,0,0.3651,-0.1610,-0.1249,ev,multiplicative,projection,main,live,20261002CCEAD0D8,2026-10-01T20:06:10.078Z
2026,4,19263,Germie Bernard,PIT,WR,at CLE,recYds,Hard Rock,26.5,over,9.67,375,-650,0.2105,0.1954,0.0772,0,0.0495,-0.1610,-0.1460,ev,multiplicative,projection,main,live,20261002CCEAD0D8,2026-10-01T20:06:10.078Z
2026,4,11712,Deshaun Watson,CLE,QB,vs PIT,int,BetRivers,0.5,under,0.99,-114,-115,0.5327,0.4990,0.0676,0,0.3716,-0.1611,-0.1274,ev,multiplicative,projection,main,live,20261002CCEAD0D8,2026-10-01T20:06:10.078Z
2026,4,13424,DK Metcalf,PIT,WR,at CLE,recYds,Hard Rock,90.5,over,42.16,450,-900,0.1818,0.1681,0.0818,0,0.0207,-0.1612,-0.1474,ev,multiplicative,projection,main,live,20261002CCEAD0D8,2026-10-01T20:06:10.078Z
2026,4,4307,Aaron Rodgers,PIT,QB,at CLE,passAtt,DraftKings,41.5,over,30.49,454,,0.1805,0.1805,,1,0.0190,-0.1615,-0.1615,ev,none,projection,main,live,20261002CCEAD0D8,2026-10-01T20:06:10.078Z
2026,4,13424,DK Metcalf,PIT,WR,at CLE,receptions,BetMGM,3.5,over,3.17,-155,115,0.6078,0.5665,0.0730,0,0.4460,-0.1618,-0.1205,ev,multiplicative,projection,main,live,20261002CCEAD0D8,2026-10-01T20:06:10.078Z
2026,4,17043,Roman Wilson,PIT,WR,at CLE,recYds,Hard Rock,54.5,over,20.34,475,-950,0.1739,0.1612,0.0787,0,0.0120,-0.1619,-0.1492,ev,multiplicative,projection,main,live,20261002CCEAD0D8,2026-10-01T20:06:10.078Z
2026,4,19263,Germie Bernard,PIT,WR,at CLE,recYds,Hard Rock,25.5,over,9.67,350,-600,0.2222,0.2059,0.0794,0,0.0603,-0.1619,-0.1455,ev,multiplicative,projection,main,live,20261002CCEAD0D8,2026-10-01T20:06:10.078Z
2026,4,11712,Deshaun Watson,CLE,QB,vs PIT,passYds,BetMGM,189.5,under,218.73,-115,-115,0.5349,0.5000,0.0698,0,0.3727,-0.1622,-0.1273,ev,multiplicative,projection,main,live,20261002CCEAD0D8,2026-10-01T20:06:10.078Z
2026,4,13424,DK Metcalf,PIT,WR,at CLE,recYds,Hard Rock,56.5,over,42.16,130,-175,0.4348,0.4059,0.0711,0,0.2725,-0.1623,-0.1334,ev,multiplicative,projection,main,live,20261002CCEAD0D8,2026-10-01T20:06:10.078Z
2026,4,19263,Germie Bernard,PIT,WR,at CLE,recYds,Hard Rock,24.5,over,9.67,325,-550,0.2353,0.2176,0.0814,0,0.0730,-0.1623,-0.1446,ev,multiplicative,projection,main,live,20261002CCEAD0D8,2026-10-01T20:06:10.078Z
2026,4,19263,Germie Bernard,PIT,WR,at CLE,recYds,Hard Rock,22.5,over,9.67,275,-450,0.2667,0.2458,0.0848,0,0.1042,-0.1624,-0.1416,ev,multiplicative,projection,main,live,20261002CCEAD0D8,2026-10-01T20:06:10.078Z
2026,4,19263,Germie Bernard,PIT,WR,at CLE,recYds,Hard Rock,23.5,over,9.67,300,-500,0.2500,0.2308,0.0833,0,0.0876,-0.1624,-0.1432,ev,multiplicative,projection,main,live,20261002CCEAD0D8,2026-10-01T20:06:10.078Z
2026,4,15267,Pat Freiermuth,PIT,TE,at CLE,recYds,Hard Rock,30.5,under,33.66,-145,105,0.5918,0.5482,0.0796,0,0.4292,-0.1626,-0.1190,ev,multiplicative,projection,main,live,20261002CCEAD0D8,2026-10-01T20:06:10.078Z
2026,4,15984,Jaylen Warren,PIT,RB,at CLE,rushYds,Hard Rock,117.5,under,96.25,-650,350,0.8667,0.7959,0.0889,0,0.7041,-0.1626,-0.0918,ev,multiplicative,projection,main,live,20261002CCEAD0D8,2026-10-01T20:06:10.078Z
2026,4,4307,Aaron Rodgers,PIT,QB,at CLE,passYds,Hard Rock,272.5,over,184.84,350,-575,0.2222,0.2069,0.0741,0,0.0595,-0.1627,-0.1474,ev,multiplicative,projection,main,live,20261002CCEAD0D8,2026-10-01T20:06:10.078Z
2026,4,14458,Jerry Jeudy,CLE,WR,vs PIT,recYds,Hard Rock,33.5,under,17.27,-525,300,0.8400,0.7706,0.0900,0,0.6773,-0.1627,-0.0933,ev,multiplicative,projection,main,live,20261002CCEAD0D8,2026-10-01T20:06:10.078Z
2026,4,16889,Darnell Washington,PIT,TE,at CLE,recYds,Hard Rock,46.5,over,14.96,500,-1000,0.1667,0.1549,0.0758,0,0.0040,-0.1627,-0.1510,ev,multiplicative,projection,main,live,20261002CCEAD0D8,2026-10-01T20:06:10.078Z
2026,4,4307,Aaron Rodgers,PIT,QB,at CLE,passYds,FanDuel,274.5,over,184.84,358,,0.2183,0.2183,,1,0.0554,-0.1629,-0.1629,ev,none,projection,main,live,20261002CCEAD0D8,2026-10-01T20:06:10.078Z
2026,4,19263,Germie Bernard,PIT,WR,at CLE,recYds,Hard Rock,2.5,under,9.67,175,-250,0.3636,0.3373,0.0779,0,0.2006,-0.1631,-0.1368,ev,multiplicative,projection,main,live,20261002CCEAD0D8,2026-10-01T20:06:10.078Z
2026,4,14378,Michael Pittman Jr.,PIT,WR,at CLE,recYds,DraftKings,34.5,under,40.74,-115,-109,0.5349,0.5063,0.0564,0,0.3716,-0.1633,-0.1347,ev,multiplicative,projection,main,live,20261002CCEAD0D8,2026-10-01T20:06:10.078Z
2026,4,14378,Michael Pittman Jr.,PIT,WR,at CLE,recYds,BetMGM,34.5,under,40.74,-115,-115,0.5349,0.5000,0.0698,0,0.3716,-0.1633,-0.1284,ev,multiplicative,projection,main,live,20261002CCEAD0D8,2026-10-01T20:06:10.078Z
2026,4,14378,Michael Pittman Jr.,PIT,WR,at CLE,recYds,Caesars,34.5,under,40.74,-115,-114,0.5349,0.5010,0.0676,0,0.3716,-0.1633,-0.1294,ev,multiplicative,projection,main,live,20261002CCEAD0D8,2026-10-01T20:06:10.078Z
2026,4,15267,Pat Freiermuth,PIT,TE,at CLE,recYds,Hard Rock,14.5,under,33.66,230,-350,0.3030,0.2804,0.0808,0,0.1398,-0.1633,-0.1406,ev,multiplicative,projection,main,live,20261002CCEAD0D8,2026-10-01T20:06:10.078Z
2026,4,17043,Roman Wilson,PIT,WR,at CLE,recYds,theScore,49.5,over,20.34,425,,0.1905,0.1905,,1,0.0270,-0.1634,-0.1634,ev,none,projection,main,live,20261002CCEAD0D8,2026-10-01T20:06:10.078Z
2026,4,16889,Darnell Washington,PIT,TE,at CLE,receptions,DraftKings,2.5,over,1.47,168,,0.3731,0.3731,,1,0.2096,-0.1635,-0.1635,ev,none,projection,main,live,20261002CCEAD0D8,2026-10-01T20:06:10.078Z
2026,4,18516,Quinshon Judkins,CLE,RB,vs PIT,rushYds,Hard Rock,101.5,over,42.39,500,-1000,0.1667,0.1549,0.0758,0,0.0032,-0.1635,-0.1517,ev,multiplicative,projection,main,live,20261002CCEAD0D8,2026-10-01T20:06:10.078Z
2026,4,16889,Darnell Washington,PIT,TE,at CLE,recYds,Hard Rock,21.5,over,14.96,120,-170,0.4545,0.4193,0.0842,0,0.2909,-0.1636,-0.1283,ev,multiplicative,projection,main,live,20261002CCEAD0D8,2026-10-01T20:06:10.078Z
2026,4,11712,Deshaun Watson,CLE,QB,vs PIT,passYds,Circa Sports,186.5,under,218.73,-110,-110,0.5238,0.5000,0.0476,0,0.3601,-0.1637,-0.1399,ev,multiplicative,projection,main,live,20261002CCEAD0D8,2026-10-01T20:06:10.078Z
2026,4,16889,Darnell Washington,PIT,TE,at CLE,recYds,FanDuel,39.5,over,14.96,446,,0.1832,0.1832,,1,0.0194,-0.1638,-0.1638,ev,none,projection,main,live,20261002CCEAD0D8,2026-10-01T20:06:10.078Z
2026,4,17043,Roman Wilson,PIT,WR,at CLE,recYds,Hard Rock,34.5,over,20.34,195,-275,0.3390,0.3161,0.0723,0,0.1748,-0.1642,-0.1413,ev,multiplicative,projection,main,live,20261002CCEAD0D8,2026-10-01T20:06:10.078Z
2026,4,14378,Michael Pittman Jr.,PIT,WR,at CLE,recYds,Hard Rock,18.5,under,40.74,250,-375,0.2857,0.2657,0.0752,0,0.1215,-0.1642,-0.1442,ev,multiplicative,projection,main,live,20261002CCEAD0D8,2026-10-01T20:06:10.078Z
2026,4,16889,Darnell Washington,PIT,TE,at CLE,recYds,DraftKings,39.5,over,14.96,444,,0.1838,0.1838,,1,0.0194,-0.1644,-0.1644,ev,none,projection,main,live,20261002CCEAD0D8,2026-10-01T20:06:10.078Z
2026,4,14458,Jerry Jeudy,CLE,WR,vs PIT,recYds,Hard Rock,34.5,under,17.27,-575,325,0.8519,0.7836,0.0871,0,0.6874,-0.1644,-0.0962,ev,multiplicative,projection,main,live,20261002CCEAD0D8,2026-10-01T20:06:10.078Z
2026,4,11712,Deshaun Watson,CLE,QB,vs PIT,passYds,Hard Rock,183.5,under,218.73,-105,-125,0.5122,0.4797,0.0678,0,0.3477,-0.1645,-0.1320,ev,multiplicative,projection,main,live,20261002CCEAD0D8,2026-10-01T20:06:10.078Z
2026,4,18472,Harold Fannin Jr.,CLE,TE,vs PIT,recYds,Caesars,69.5,over,44.69,340,,0.2273,0.2273,,1,0.0627,-0.1646,-0.1646,ev,none,projection,main,live,20261002CCEAD0D8,2026-10-01T20:06:10.078Z
2026,4,4307,Aaron Rodgers,PIT,QB,at CLE,passYds,Hard Rock,273.5,over,184.84,350,-575,0.2222,0.2069,0.0741,0,0.0574,-0.1648,-0.1495,ev,multiplicative,projection,main,live,20261002CCEAD0D8,2026-10-01T20:06:10.078Z
2026,4,15984,Jaylen Warren,PIT,RB,at CLE,recYds,BetRivers,49.5,over,22.75,430,,0.1887,0.1887,,1,0.0235,-0.1652,-0.1652,ev,none,projection,main,live,20261002CCEAD0D8,2026-10-01T20:06:10.078Z
2026,4,13424,DK Metcalf,PIT,WR,at CLE,recYds,Hard Rock,88.5,over,42.16,425,-800,0.1905,0.1765,0.0794,0,0.0252,-0.1652,-0.1512,ev,multiplicative,projection,main,live,20261002CCEAD0D8,2026-10-01T20:06:10.078Z
2026,4,13484,Travis Homer,PIT,RB,at CLE,rushYds,Hard Rock,21.5,under,13.65,-1400,575,0.9333,0.8630,0.0815,0,0.7680,-0.1653,-0.0950,ev,multiplicative,projection,main,live,20261002CCEAD0D8,2026-10-01T20:06:10.078Z
2026,4,15984,Jaylen Warren,PIT,RB,at CLE,rushYds,DraftKings,76.5,under,96.25,-113,-111,0.5305,0.5021,0.0566,0,0.3651,-0.1654,-0.1370,ev,multiplicative,projection,main,live,20261002CCEAD0D8,2026-10-01T20:06:10.078Z
2026,4,18516,Quinshon Judkins,CLE,RB,vs PIT,rushYds,theScore,19.5,over,42.39,-2500,,0.9615,0.9615,,1,0.7957,-0.1658,-0.1658,ev,none,projection,main,live,20261002CCEAD0D8,2026-10-01T20:06:10.078Z
2026,4,15984,Jaylen Warren,PIT,RB,at CLE,recYds,Hard Rock,55.5,over,22.75,475,-1100,0.1739,0.1595,0.0906,0,0.0075,-0.1664,-0.1520,ev,multiplicative,projection,main,live,20261002CCEAD0D8,2026-10-01T20:06:10.078Z
2026,4,15267,Pat Freiermuth,PIT,TE,at CLE,recYds,FanDuel,27.5,under,33.66,-113,-113,0.5305,0.5000,0.0610,0,0.3640,-0.1665,-0.1360,ev,multiplicative,projection,main,live,20261002CCEAD0D8,2026-10-01T20:06:10.078Z
2026,4,18516,Quinshon Judkins,CLE,RB,vs PIT,rushAtt,DraftKings,21.5,over,16.49,473,,0.1745,0.1745,,1,0.0079,-0.1666,-0.1666,ev,none,projection,main,live,20261002CCEAD0D8,2026-10-01T20:06:10.078Z
2026,4,11712,Deshaun Watson,CLE,QB,vs PIT,rushYds,Hard Rock,55.5,over,17.22,500,-1000,0.1667,0.1549,0.0758,0,0.0001,-0.1666,-0.1549,ev,multiplicative,projection,main,live,20261002CCEAD0D8,2026-10-01T20:06:10.078Z
2026,4,13424,DK Metcalf,PIT,WR,at CLE,recYds,FanDuel,79.5,over,42.16,346,,0.2242,0.2242,,1,0.0575,-0.1667,-0.1667,ev,none,projection,main,live,20261002CCEAD0D8,2026-10-01T20:06:10.078Z
2026,4,4307,Aaron Rodgers,PIT,QB,at CLE,passYds,Hard Rock,274.5,over,184.84,350,-600,0.2222,0.2059,0.0794,0,0.0554,-0.1668,-0.1505,ev,multiplicative,projection,main,live,20261002CCEAD0D8,2026-10-01T20:06:10.078Z
2026,4,4307,Aaron Rodgers,PIT,QB,at CLE,passYds,theScore,274.5,over,184.84,350,,0.2222,0.2222,,1,0.0554,-0.1668,-0.1668,ev,none,projection,main,live,20261002CCEAD0D8,2026-10-01T20:06:10.078Z
2026,4,13424,DK Metcalf,PIT,WR,at CLE,recYds,Hard Rock,57.5,over,42.16,135,-185,0.4255,0.3960,0.0747,0,0.2587,-0.1669,-0.1373,ev,multiplicative,projection,main,live,20261002CCEAD0D8,2026-10-01T20:06:10.078Z
2026,4,15267,Pat Freiermuth,PIT,TE,at CLE,recYds,Hard Rock,29.5,under,33.66,-135,100,0.5745,0.5347,0.0745,0,0.4072,-0.1673,-0.1275,ev,multiplicative,projection,main,live,20261002CCEAD0D8,2026-10-01T20:06:10.078Z
2026,4,17043,Roman Wilson,PIT,WR,at CLE,recYds,Hard Rock,53.5,over,20.34,450,-900,0.1818,0.1681,0.0818,0,0.0142,-0.1676,-0.1538,ev,multiplicative,projection,main,live,20261002CCEAD0D8,2026-10-01T20:06:10.078Z
2026,4,15984,Jaylen Warren,PIT,RB,at CLE,recYds,theScore,29.5,over,22.75,110,,0.4762,0.4762,,1,0.3080,-0.1681,-0.1681,ev,none,projection,main,live,20261002CCEAD0D8,2026-10-01T20:06:10.078Z
2026,4,11712,Deshaun Watson,CLE,QB,vs PIT,passYds,DraftKings,186.5,under,218.73,-112,-112,0.5283,0.5000,0.0566,0,0.3601,-0.1682,-0.1399,ev,multiplicative,projection,main,live,20261002CCEAD0D8,2026-10-01T20:06:10.078Z
2026,4,16889,Darnell Washington,PIT,TE,at CLE,recYds,Hard Rock,45.5,over,14.96,475,-950,0.1739,0.1612,0.0787,0,0.0051,-0.1689,-0.1562,ev,multiplicative,projection,main,live,20261002CCEAD0D8,2026-10-01T20:06:10.078Z
2026,4,4307,Aaron Rodgers,PIT,QB,at CLE,passYds,Hard Rock,269.5,over,184.84,325,-525,0.2353,0.2188,0.0753,0,0.0661,-0.1692,-0.1527,ev,multiplicative,projection,main,live,20261002CCEAD0D8,2026-10-01T20:06:10.078Z
2026,4,13424,DK Metcalf,PIT,WR,at CLE,recYds,Hard Rock,86.5,over,42.16,400,-750,0.2000,0.1848,0.0824,0,0.0306,-0.1694,-0.1541,ev,multiplicative,projection,main,live,20261002CCEAD0D8,2026-10-01T20:06:10.078Z
2026,4,17043,Roman Wilson,PIT,WR,at CLE,recYds,Hard Rock,36.5,over,20.34,220,,0.3125,0.3125,,1,0.1429,-0.1696,-0.1696,ev,none,projection,main,live,20261002CCEAD0D8,2026-10-01T20:06:10.078Z
2026,4,18516,Quinshon Judkins,CLE,RB,vs PIT,rushYds,Hard Rock,99.5,over,42.39,475,-900,0.1739,0.1619,0.0739,0,0.0042,-0.1697,-0.1577,ev,multiplicative,projection,main,live,20261002CCEAD0D8,2026-10-01T20:06:10.078Z
2026,4,13424,DK Metcalf,PIT,WR,at CLE,recYds,BetRivers,79.5,over,42.16,340,,0.2273,0.2273,,1,0.0575,-0.1698,-0.1698,ev,none,projection,main,live,20261002CCEAD0D8,2026-10-01T20:06:10.078Z
2026,4,15984,Jaylen Warren,PIT,RB,at CLE,rushYds,Hard Rock,76.5,under,96.25,-115,-115,0.5349,0.5000,0.0698,0,0.3651,-0.1698,-0.1349,ev,multiplicative,projection,main,live,20261002CCEAD0D8,2026-10-01T20:06:10.078Z
2026,4,15267,Pat Freiermuth,PIT,TE,at CLE,recYds,Hard Rock,17.5,under,33.66,185,-260,0.3509,0.3270,0.0731,0,0.1809,-0.1700,-0.1461,ev,multiplicative,projection,main,live,20261002CCEAD0D8,2026-10-01T20:06:10.078Z
2026,4,18516,Quinshon Judkins,CLE,RB,vs PIT,rushYds,Hard Rock,100.5,over,42.39,475,-950,0.1739,0.1612,0.0787,0,0.0037,-0.1702,-0.1576,ev,multiplicative,projection,main,live,20261002CCEAD0D8,2026-10-01T20:06:10.078Z
2026,4,18516,Quinshon Judkins,CLE,RB,vs PIT,rushYds,BetRivers,89.5,over,42.39,440,,0.1852,0.1852,,1,0.0149,-0.1703,-0.1703,ev,none,projection,main,live,20261002CCEAD0D8,2026-10-01T20:06:10.078Z
2026,4,15984,Jaylen Warren,PIT,RB,at CLE,recYds,Hard Rock,53.5,over,22.75,450,-900,0.1818,0.1681,0.0818,0,0.0112,-0.1706,-0.1569,ev,multiplicative,projection,main,live,20261002CCEAD0D8,2026-10-01T20:06:10.078Z
2026,4,11712,Deshaun Watson,CLE,QB,vs PIT,passYds,Hard Rock,187.5,under,218.73,-115,-115,0.5349,0.5000,0.0698,0,0.3643,-0.1706,-0.1357,ev,multiplicative,projection,main,live,20261002CCEAD0D8,2026-10-01T20:06:10.078Z
2026,4,17043,Roman Wilson,PIT,WR,at CLE,recYds,Hard Rock,51.5,over,20.34,425,-750,0.1905,0.1775,0.0728,0,0.0198,-0.1707,-0.1578,ev,multiplicative,projection,main,live,20261002CCEAD0D8,2026-10-01T20:06:10.078Z
2026,4,15267,Pat Freiermuth,PIT,TE,at CLE,recYds,Hard Rock,27.5,under,33.66,-115,-115,0.5349,0.5000,0.0698,0,0.3640,-0.1708,-0.1360,ev,multiplicative,projection,main,live,20261002CCEAD0D8,2026-10-01T20:06:10.078Z
2026,4,16889,Darnell Washington,PIT,TE,at CLE,recYds,Caesars,39.5,over,14.96,425,,0.1905,0.1905,,1,0.0194,-0.1711,-0.1711,ev,none,projection,main,live,20261002CCEAD0D8,2026-10-01T20:06:10.078Z
2026,4,16889,Darnell Washington,PIT,TE,at CLE,recYds,BetRivers,39.5,over,14.96,425,,0.1905,0.1905,,1,0.0194,-0.1711,-0.1711,ev,none,projection,main,live,20261002CCEAD0D8,2026-10-01T20:06:10.078Z
2026,4,16889,Darnell Washington,PIT,TE,at CLE,recYds,theScore,39.5,over,14.96,425,,0.1905,0.1905,,1,0.0194,-0.1711,-0.1711,ev,none,projection,main,live,20261002CCEAD0D8,2026-10-01T20:06:10.078Z
2026,4,19263,Germie Bernard,PIT,WR,at CLE,recYds,BetRivers,19.5,over,9.67,195,,0.3390,0.3390,,1,0.1676,-0.1714,-0.1714,ev,none,projection,main,live,20261002CCEAD0D8,2026-10-01T20:06:10.078Z
2026,4,4307,Aaron Rodgers,PIT,QB,at CLE,passYds,Hard Rock,270.5,over,184.84,325,-550,0.2353,0.2176,0.0814,0,0.0638,-0.1714,-0.1537,ev,multiplicative,projection,main,live,20261002CCEAD0D8,2026-10-01T20:06:10.078Z
2026,4,13424,DK Metcalf,PIT,WR,at CLE,recYds,Hard Rock,58.5,over,42.16,140,-195,0.4167,0.3866,0.0777,0,0.2452,-0.1715,-0.1414,ev,multiplicative,projection,main,live,20261002CCEAD0D8,2026-10-01T20:06:10.078Z
2026,4,15984,Jaylen Warren,PIT,RB,at CLE,rushYds,Circa Sports,74.5,under,96.25,-110,-110,0.5238,0.5000,0.0476,0,0.3521,-0.1717,-0.1479,ev,multiplicative,projection,main,live,20261002CCEAD0D8,2026-10-01T20:06:10.078Z
2026,4,15984,Jaylen Warren,PIT,RB,at CLE,rushYds,Hard Rock,74.5,under,96.25,-110,-130,0.5238,0.4810,0.0890,0,0.3521,-0.1717,-0.1289,ev,multiplicative,projection,main,live,20261002CCEAD0D8,2026-10-01T20:06:10.078Z
2026,4,14378,Michael Pittman Jr.,PIT,WR,at CLE,recYds,Hard Rock,33.5,under,40.74,-110,-120,0.5238,0.4899,0.0693,0,0.3520,-0.1718,-0.1379,ev,multiplicative,projection,main,live,20261002CCEAD0D8,2026-10-01T20:06:10.078Z
2026,4,15984,Jaylen Warren,PIT,RB,at CLE,rushYds,FanDuel,75.5,under,96.25,-113,-113,0.5305,0.5000,0.0610,0,0.3586,-0.1720,-0.1414,ev,multiplicative,projection,main,live,20261002CCEAD0D8,2026-10-01T20:06:10.078Z
2026,4,16889,Darnell Washington,PIT,TE,at CLE,recYds,Hard Rock,22.5,over,14.96,130,-180,0.4348,0.4035,0.0776,0,0.2627,-0.1720,-0.1407,ev,multiplicative,projection,main,live,20261002CCEAD0D8,2026-10-01T20:06:10.078Z
2026,4,13424,DK Metcalf,PIT,WR,at CLE,recYds,Hard Rock,87.5,over,42.16,400,-800,0.2000,0.1837,0.0889,0,0.0278,-0.1722,-0.1558,ev,multiplicative,projection,main,live,20261002CCEAD0D8,2026-10-01T20:06:10.078Z
2026,4,15984,Jaylen Warren,PIT,RB,at CLE,recYds,Hard Rock,54.5,over,22.75,450,-950,0.1818,0.1673,0.0866,0,0.0092,-0.1726,-0.1582,ev,multiplicative,projection,main,live,20261002CCEAD0D8,2026-10-01T20:06:10.078Z
2026,4,11712,Deshaun Watson,CLE,QB,vs PIT,passYds,theScore,189.5,under,218.73,-120,-110,0.5455,0.5101,0.0693,0,0.3727,-0.1728,-0.1375,ev,multiplicative,projection,main,live,20261002CCEAD0D8,2026-10-01T20:06:10.078Z
2026,4,15984,Jaylen Warren,PIT,RB,at CLE,recYds,Hard Rock,27.5,over,22.75,-115,-120,0.5349,0.4951,0.0803,0,0.3621,-0.1728,-0.1330,ev,multiplicative,projection,main,live,20261002CCEAD0D8,2026-10-01T20:06:10.078Z
2026,4,4307,Aaron Rodgers,PIT,QB,at CLE,passYds,DraftKings,149.5,over,184.84,-790,,0.8876,0.8876,,1,0.7146,-0.1730,-0.1730,ev,none,projection,main,live,20261002CCEAD0D8,2026-10-01T20:06:10.078Z
2026,4,4307,Aaron Rodgers,PIT,QB,at CLE,passYds,Hard Rock,271.5,over,184.84,325,-550,0.2353,0.2176,0.0814,0,0.0617,-0.1736,-0.1559,ev,multiplicative,projection,main,live,20261002CCEAD0D8,2026-10-01T20:06:10.078Z
2026,4,13424,DK Metcalf,PIT,WR,at CLE,recYds,Hard Rock,84.5,over,42.16,375,,0.2105,0.2105,,1,0.0370,-0.1736,-0.1736,ev,none,projection,main,live,20261002CCEAD0D8,2026-10-01T20:06:10.078Z
2026,4,14378,Michael Pittman Jr.,PIT,WR,at CLE,recYds,Hard Rock,34.5,under,40.74,-120,-115,0.5455,0.5049,0.0803,0,0.3716,-0.1738,-0.1333,ev,multiplicative,projection,main,live,20261002CCEAD0D8,2026-10-01T20:06:10.078Z
2026,4,13424,DK Metcalf,PIT,WR,at CLE,recYds,Hard Rock,81.5,over,42.16,350,-550,0.2222,0.2080,0.0684,0,0.0484,-0.1738,-0.1596,ev,multiplicative,projection,main,live,20261002CCEAD0D8,2026-10-01T20:06:10.078Z
2026,4,11712,Deshaun Watson,CLE,QB,vs PIT,rushYds,Hard Rock,54.5,over,17.22,475,-1000,0.1739,0.1606,0.0830,0,0.0001,-0.1738,-0.1605,ev,multiplicative,projection,main,live,20261002CCEAD0D8,2026-10-01T20:06:10.078Z
2026,4,4307,Aaron Rodgers,PIT,QB,at CLE,int,BetMGM,0.5,over,0.36,110,-150,0.4762,0.4425,0.0762,0,0.3023,-0.1739,-0.1402,ev,multiplicative,projection,main,live,20261002CCEAD0D8,2026-10-01T20:06:10.078Z
2026,4,17130,Blake Whiteheart,CLE,TE,vs PIT,recYds,Hard Rock,14.5,under,9.35,-600,325,0.8571,0.7846,0.0924,0,0.6831,-0.1740,-0.1015,ev,multiplicative,projection,main,live,20261002CCEAD0D8,2026-10-01T20:06:10.078Z
2026,4,4307,Aaron Rodgers,PIT,QB,at CLE,passYds,DraftKings,269.5,over,184.84,316,,0.2404,0.2404,,1,0.0661,-0.1743,-0.1743,ev,none,projection,main,live,20261002CCEAD0D8,2026-10-01T20:06:10.078Z
2026,4,13424,DK Metcalf,PIT,WR,at CLE,recYds,BetRivers,69.5,over,42.16,235,,0.2985,0.2985,,1,0.1243,-0.1743,-0.1743,ev,none,projection,main,live,20261002CCEAD0D8,2026-10-01T20:06:10.078Z
2026,4,15267,Pat Freiermuth,PIT,TE,at CLE,recYds,Hard Rock,18.5,under,33.66,170,-240,0.3704,0.3441,0.0763,0,0.1961,-0.1743,-0.1480,ev,multiplicative,projection,main,live,20261002CCEAD0D8,2026-10-01T20:06:10.078Z
2026,4,11712,Deshaun Watson,CLE,QB,vs PIT,passYds,FanDuel,185.5,under,218.73,-113,-113,0.5305,0.5000,0.0610,0,0.3560,-0.1745,-0.1440,ev,multiplicative,projection,main,live,20261002CCEAD0D8,2026-10-01T20:06:10.078Z
2026,4,11712,Deshaun Watson,CLE,QB,vs PIT,passYds,Hard Rock,186.5,under,218.73,-115,-120,0.5349,0.4951,0.0803,0,0.3601,-0.1748,-0.1350,ev,multiplicative,projection,main,live,20261002CCEAD0D8,2026-10-01T20:06:10.078Z
2026,4,17043,Roman Wilson,PIT,WR,at CLE,recYds,Caesars,39.5,over,20.34,260,,0.2778,0.2778,,1,0.1028,-0.1750,-0.1750,ev,none,projection,main,live,20261002CCEAD0D8,2026-10-01T20:06:10.078Z
2026,4,17043,Roman Wilson,PIT,WR,at CLE,recYds,Hard Rock,35.5,over,20.34,200,-300,0.3333,0.3077,0.0833,0,0.1583,-0.1750,-0.1494,ev,multiplicative,projection,main,live,20261002CCEAD0D8,2026-10-01T20:06:10.078Z
2026,4,17043,Roman Wilson,PIT,WR,at CLE,recYds,theScore,39.5,over,20.34,260,,0.2778,0.2778,,1,0.1028,-0.1750,-0.1750,ev,none,projection,main,live,20261002CCEAD0D8,2026-10-01T20:06:10.078Z
2026,4,13424,DK Metcalf,PIT,WR,at CLE,recYds,DraftKings,79.5,over,42.16,330,,0.2326,0.2326,,1,0.0575,-0.1751,-0.1751,ev,none,projection,main,live,20261002CCEAD0D8,2026-10-01T20:06:10.078Z
2026,4,18516,Quinshon Judkins,CLE,RB,vs PIT,rushYds,DraftKings,24.5,over,42.39,-1100,,0.9167,0.9167,,1,0.7408,-0.1758,-0.1758,ev,none,projection,main,live,20261002CCEAD0D8,2026-10-01T20:06:10.078Z
2026,4,13424,DK Metcalf,PIT,WR,at CLE,recYds,Hard Rock,59.5,over,42.16,145,-210,0.4082,0.3760,0.0856,0,0.2321,-0.1760,-0.1439,ev,multiplicative,projection,main,live,20261002CCEAD0D8,2026-10-01T20:06:10.078Z
2026,4,18516,Quinshon Judkins,CLE,RB,vs PIT,rushYds,DraftKings,89.5,over,42.39,423,,0.1912,0.1912,,1,0.0149,-0.1763,-0.1763,ev,none,projection,main,live,20261002CCEAD0D8,2026-10-01T20:06:10.078Z
2026,4,15984,Jaylen Warren,PIT,RB,at CLE,rushYds,Hard Rock,75.5,under,96.25,-115,-120,0.5349,0.4951,0.0803,0,0.3586,-0.1763,-0.1365,ev,multiplicative,projection,main,live,20261002CCEAD0D8,2026-10-01T20:06:10.078Z
2026,4,18516,Quinshon Judkins,CLE,RB,vs PIT,rushYds,Hard Rock,97.5,over,42.39,450,-800,0.1818,0.1698,0.0707,0,0.0055,-0.1763,-0.1643,ev,multiplicative,projection,main,live,20261002CCEAD0D8,2026-10-01T20:06:10.078Z
2026,4,13424,DK Metcalf,PIT,WR,at CLE,recYds,Hard Rock,85.5,over,42.16,375,-700,0.2105,0.1939,0.0855,0,0.0337,-0.1768,-0.1603,ev,multiplicative,projection,main,live,20261002CCEAD0D8,2026-10-01T20:06:10.078Z
2026,4,17043,Roman Wilson,PIT,WR,at CLE,recYds,Hard Rock,50.5,over,20.34,400,-700,0.2000,0.1860,0.0750,0,0.0232,-0.1768,-0.1629,ev,multiplicative,projection,main,live,20261002CCEAD0D8,2026-10-01T20:06:10.078Z
2026,4,4307,Aaron Rodgers,PIT,QB,at CLE,passYds,Hard Rock,266.5,over,184.84,300,-475,0.2500,0.2323,0.0761,0,0.0732,-0.1768,-0.1591,ev,multiplicative,projection,main,live,20261002CCEAD0D8,2026-10-01T20:06:10.078Z
2026,4,15984,Jaylen Warren,PIT,RB,at CLE,recYds,Hard Rock,52.5,over,22.75,425,-800,0.1905,0.1765,0.0794,0,0.0136,-0.1769,-0.1629,ev,multiplicative,projection,main,live,20261002CCEAD0D8,2026-10-01T20:06:10.078Z
2026,4,18516,Quinshon Judkins,CLE,RB,vs PIT,rushYds,Hard Rock,98.5,over,42.39,450,-850,0.1818,0.1689,0.0766,0,0.0048,-0.1770,-0.1641,ev,multiplicative,projection,main,live,20261002CCEAD0D8,2026-10-01T20:06:10.078Z
2026,4,15267,Pat Freiermuth,PIT,TE,at CLE,recYds,BetRivers,27.5,under,33.66,-118,-112,0.5413,0.5061,0.0696,0,0.3640,-0.1772,-0.1420,ev,multiplicative,projection,main,live,20261002CCEAD0D8,2026-10-01T20:06:10.078Z
2026,4,19298,Denzel Boston,CLE,WR,vs PIT,recYds,Hard Rock,24.5,under,51.99,180,-260,0.3571,0.3309,0.0794,0,0.1798,-0.1773,-0.1511,ev,multiplicative,projection,main,live,20261002CCEAD0D8,2026-10-01T20:06:10.078Z
2026,4,15984,Jaylen Warren,PIT,RB,at CLE,recYds,Hard Rock,28.5,over,22.75,-105,-135,0.5122,0.4713,0.0867,0,0.3346,-0.1776,-0.1367,ev,multiplicative,projection,main,live,20261002CCEAD0D8,2026-10-01T20:06:10.078Z
2026,4,13424,DK Metcalf,PIT,WR,at CLE,recYds,Hard Rock,79.5,over,42.16,325,-500,0.2353,0.2202,0.0686,0,0.0575,-0.1778,-0.1627,ev,multiplicative,projection,main,live,20261002CCEAD0D8,2026-10-01T20:06:10.078Z
2026,4,13424,DK Metcalf,PIT,WR,at CLE,recYds,theScore,79.5,over,42.16,325,,0.2353,0.2353,,1,0.0575,-0.1778,-0.1778,ev,none,projection,main,live,20261002CCEAD0D8,2026-10-01T20:06:10.078Z
2026,4,13424,DK Metcalf,PIT,WR,at CLE,recYds,FanDuel,69.5,over,42.16,231,,0.3021,0.3021,,1,0.1243,-0.1779,-0.1779,ev,none,projection,main,live,20261002CCEAD0D8,2026-10-01T20:06:10.078Z
2026,4,13424,DK Metcalf,PIT,WR,at CLE,recYds,Hard Rock,82.5,over,42.16,350,-600,0.2222,0.2059,0.0794,0,0.0443,-0.1779,-0.1616,ev,multiplicative,projection,main,live,20261002CCEAD0D8,2026-10-01T20:06:10.078Z
2026,4,19263,Germie Bernard,PIT,WR,at CLE,recYds,Caesars,29.5,over,9.67,390,,0.2041,0.2041,,1,0.0259,-0.1781,-0.1781,ev,none,projection,main,live,20261002CCEAD0D8,2026-10-01T20:06:10.078Z
2026,4,4307,Aaron Rodgers,PIT,QB,at CLE,passAtt,theScore,24.5,over,30.49,-3500,,0.9722,0.9722,,1,0.7938,-0.1785,-0.1785,ev,none,projection,main,live,20261002CCEAD0D8,2026-10-01T20:06:10.078Z
2026,4,17043,Roman Wilson,PIT,WR,at CLE,recYds,Hard Rock,48.5,over,20.34,375,-650,0.2105,0.1954,0.0772,0,0.0314,-0.1791,-0.1640,ev,multiplicative,projection,main,live,20261002CCEAD0D8,2026-10-01T20:06:10.078Z
2026,4,17043,Roman Wilson,PIT,WR,at CLE,recYds,Hard Rock,37.5,over,20.34,225,-325,0.3077,0.2869,0.0724,0,0.1285,-0.1792,-0.1584,ev,multiplicative,projection,main,live,20261002CCEAD0D8,2026-10-01T20:06:10.078Z
2026,4,4307,Aaron Rodgers,PIT,QB,at CLE,passYds,Hard Rock,267.5,over,184.84,300,-500,0.2500,0.2308,0.0833,0,0.0708,-0.1792,-0.1600,ev,multiplicative,projection,main,live,20261002CCEAD0D8,2026-10-01T20:06:10.078Z
2026,4,15267,Pat Freiermuth,PIT,TE,at CLE,recYds,Hard Rock,20.5,under,33.66,145,-200,0.4082,0.3797,0.0748,0,0.2288,-0.1794,-0.1509,ev,multiplicative,projection,main,live,20261002CCEAD0D8,2026-10-01T20:06:10.078Z
2026,4,13424,DK Metcalf,PIT,WR,at CLE,recYds,DraftKings,69.5,over,42.16,229,,0.3040,0.3040,,1,0.1243,-0.1797,-0.1797,ev,none,projection,main,live,20261002CCEAD0D8,2026-10-01T20:06:10.078Z
2026,4,15984,Jaylen Warren,PIT,RB,at CLE,recYds,Hard Rock,29.5,over,22.75,105,-145,0.4878,0.4518,0.0796,0,0.3080,-0.1798,-0.1438,ev,multiplicative,projection,main,live,20261002CCEAD0D8,2026-10-01T20:06:10.078Z
2026,4,15267,Pat Freiermuth,PIT,TE,at CLE,recYds,Hard Rock,19.5,under,33.66,155,-220,0.3922,0.3632,0.0797,0,0.2121,-0.1801,-0.1511,ev,multiplicative,projection,main,live,20261002CCEAD0D8,2026-10-01T20:06:10.078Z
2026,4,15267,Pat Freiermuth,PIT,TE,at CLE,recYds,Hard Rock,22.5,under,33.66,125,-170,0.4444,0.4138,0.0741,0,0.2644,-0.1801,-0.1494,ev,multiplicative,projection,main,live,20261002CCEAD0D8,2026-10-01T20:06:10.078Z
2026,4,15984,Jaylen Warren,PIT,RB,at CLE,rushYds,Hard Rock,79.5,under,96.25,-130,-105,0.5652,0.5246,0.0774,0,0.3850,-0.1802,-0.1396,ev,multiplicative,projection,main,live,20261002CCEAD0D8,2026-10-01T20:06:10.078Z
2026,4,16889,Darnell Washington,PIT,TE,at CLE,recYds,Hard Rock,23.5,over,14.96,140,-195,0.4167,0.3866,0.0777,0,0.2360,-0.1806,-0.1506,ev,multiplicative,projection,main,live,20261002CCEAD0D8,2026-10-01T20:06:10.078Z
2026,4,13424,DK Metcalf,PIT,WR,at CLE,recYds,Hard Rock,60.5,over,42.16,150,-220,0.4000,0.3678,0.0875,0,0.2194,-0.1806,-0.1484,ev,multiplicative,projection,main,live,20261002CCEAD0D8,2026-10-01T20:06:10.078Z
2026,4,15267,Pat Freiermuth,PIT,TE,at CLE,recYds,Hard Rock,26.5,under,33.66,-110,-125,0.5238,0.4853,0.0794,0,0.3431,-0.1808,-0.1422,ev,multiplicative,projection,main,live,20261002CCEAD0D8,2026-10-01T20:06:10.078Z
2026,4,4307,Aaron Rodgers,PIT,QB,at CLE,passYds,Hard Rock,268.5,over,184.84,300,,0.2500,0.2500,,1,0.0684,-0.1816,-0.1816,ev,none,projection,main,live,20261002CCEAD0D8,2026-10-01T20:06:10.078Z
2026,4,11712,Deshaun Watson,CLE,QB,vs PIT,rushYds,Hard Rock,53.5,over,17.22,450,-900,0.1818,0.1681,0.0818,0,0.0002,-0.1817,-0.1679,ev,multiplicative,projection,main,live,20261002CCEAD0D8,2026-10-01T20:06:10.078Z
2026,4,13424,DK Metcalf,PIT,WR,at CLE,recYds,Hard Rock,83.5,over,42.16,350,-650,0.2222,0.2041,0.0889,0,0.0405,-0.1817,-0.1636,ev,multiplicative,projection,main,live,20261002CCEAD0D8,2026-10-01T20:06:10.078Z
2026,4,19298,Denzel Boston,CLE,WR,vs PIT,recYds,Hard Rock,25.5,under,51.99,170,-250,0.3704,0.3415,0.0847,0,0.1887,-0.1817,-0.1528,ev,multiplicative,projection,main,live,20261002CCEAD0D8,2026-10-01T20:06:10.078Z
2026,4,15984,Jaylen Warren,PIT,RB,at CLE,recYds,FanDuel,49.5,over,22.75,387,,0.2053,0.2053,,1,0.0235,-0.1819,-0.1819,ev,none,projection,main,live,20261002CCEAD0D8,2026-10-01T20:06:10.078Z
2026,4,15267,Pat Freiermuth,PIT,TE,at CLE,recYds,Hard Rock,23.5,under,33.66,115,-160,0.4651,0.4305,0.0805,0,0.2832,-0.1819,-0.1473,ev,multiplicative,projection,main,live,20261002CCEAD0D8,2026-10-01T20:06:10.078Z
2026,4,13424,DK Metcalf,PIT,WR,at CLE,recYds,Hard Rock,77.5,over,42.16,300,-450,0.2500,0.2340,0.0682,0,0.0679,-0.1821,-0.1661,ev,multiplicative,projection,main,live,20261002CCEAD0D8,2026-10-01T20:06:10.078Z
2026,4,15984,Jaylen Warren,PIT,RB,at CLE,recYds,Caesars,29.5,over,22.75,104,,0.4902,0.4902,,1,0.3080,-0.1822,-0.1822,ev,none,projection,main,live,20261002CCEAD0D8,2026-10-01T20:06:10.078Z
2026,4,16889,Darnell Washington,PIT,TE,at CLE,recYds,Hard Rock,43.5,over,14.96,425,-800,0.1905,0.1765,0.0794,0,0.0081,-0.1824,-0.1683,ev,multiplicative,projection,main,live,20261002CCEAD0D8,2026-10-01T20:06:10.078Z
2026,4,13424,DK Metcalf,PIT,WR,at CLE,recYds,Hard Rock,80.5,over,42.16,325,-525,0.2353,0.2188,0.0753,0,0.0528,-0.1825,-0.1660,ev,multiplicative,projection,main,live,20261002CCEAD0D8,2026-10-01T20:06:10.078Z
2026,4,14378,Michael Pittman Jr.,PIT,WR,at CLE,recYds,Hard Rock,21.5,under,40.74,195,-275,0.3390,0.3161,0.0723,0,0.1563,-0.1827,-0.1599,ev,multiplicative,projection,main,live,20261002CCEAD0D8,2026-10-01T20:06:10.078Z
2026,4,15984,Jaylen Warren,PIT,RB,at CLE,rushYds,Hard Rock,80.5,under,96.25,-135,100,0.5745,0.5347,0.0745,0,0.3917,-0.1828,-0.1430,ev,multiplicative,projection,main,live,20261002CCEAD0D8,2026-10-01T20:06:10.078Z
2026,4,17043,Roman Wilson,PIT,WR,at CLE,recYds,Hard Rock,39.5,over,20.34,250,-375,0.2857,0.2657,0.0752,0,0.1028,-0.1829,-0.1629,ev,multiplicative,projection,main,live,20261002CCEAD0D8,2026-10-01T20:06:10.078Z
2026,4,11712,Deshaun Watson,CLE,QB,vs PIT,passYds,BetRivers,185.5,under,218.73,-117,-114,0.5392,0.5030,0.0719,0,0.3560,-0.1832,-0.1470,ev,multiplicative,projection,main,live,20261002CCEAD0D8,2026-10-01T20:06:10.078Z
2026,4,13424,DK Metcalf,PIT,WR,at CLE,recYds,theScore,69.5,over,42.16,225,,0.3077,0.3077,,1,0.1243,-0.1834,-0.1834,ev,none,projection,main,live,20261002CCEAD0D8,2026-10-01T20:06:10.078Z
2026,4,17043,Roman Wilson,PIT,WR,at CLE,recYds,Hard Rock,49.5,over,20.34,375,-700,0.2105,0.1939,0.0855,0,0.0270,-0.1835,-0.1669,ev,multiplicative,projection,main,live,20261002CCEAD0D8,2026-10-01T20:06:10.078Z
2026,4,15984,Jaylen Warren,PIT,RB,at CLE,recYds,Hard Rock,51.5,over,22.75,400,-750,0.2000,0.1848,0.0824,0,0.0164,-0.1836,-0.1684,ev,multiplicative,projection,main,live,20261002CCEAD0D8,2026-10-01T20:06:10.078Z
2026,4,14378,Michael Pittman Jr.,PIT,WR,at CLE,recYds,Hard Rock,28.5,under,40.74,125,-165,0.4444,0.4165,0.0671,0,0.2603,-0.1842,-0.1562,ev,multiplicative,projection,main,live,20261002CCEAD0D8,2026-10-01T20:06:10.078Z
2026,4,18516,Quinshon Judkins,CLE,RB,vs PIT,rushYds,Hard Rock,96.5,over,42.39,425,-800,0.1905,0.1765,0.0794,0,0.0063,-0.1842,-0.1702,ev,multiplicative,projection,main,live,20261002CCEAD0D8,2026-10-01T20:06:10.078Z
2026,4,13484,Travis Homer,PIT,RB,at CLE,rushYds,Hard Rock,20.5,under,13.65,-1200,525,0.9231,0.8523,0.0831,0,0.7386,-0.1845,-0.1137,ev,multiplicative,projection,main,live,20261002CCEAD0D8,2026-10-01T20:06:10.078Z
2026,4,15984,Jaylen Warren,PIT,RB,at CLE,recYds,Caesars,49.5,over,22.75,380,,0.2083,0.2083,,1,0.0235,-0.1849,-0.1849,ev,none,projection,main,live,20261002CCEAD0D8,2026-10-01T20:06:10.078Z
2026,4,13424,DK Metcalf,PIT,WR,at CLE,recYds,Hard Rock,61.5,over,42.16,155,-220,0.3922,0.3632,0.0797,0,0.2072,-0.1850,-0.1561,ev,multiplicative,projection,main,live,20261002CCEAD0D8,2026-10-01T20:06:10.078Z
2026,4,15267,Pat Freiermuth,PIT,TE,at CLE,recYds,Hard Rock,24.5,under,33.66,105,-145,0.4878,0.4518,0.0796,0,0.3026,-0.1852,-0.1492,ev,multiplicative,projection,main,live,20261002CCEAD0D8,2026-10-01T20:06:10.078Z
2026,4,19263,Germie Bernard,PIT,WR,at CLE,recYds,DraftKings,24.5,over,9.67,287,,0.2584,0.2584,,1,0.0730,-0.1854,-0.1854,ev,none,projection,main,live,20261002CCEAD0D8,2026-10-01T20:06:10.078Z
2026,4,4307,Aaron Rodgers,PIT,QB,at CLE,int,Circa Sports,0.5,over,0.36,105,-125,0.4878,0.4675,0.0434,0,0.3023,-0.1855,-0.1652,ev,multiplicative,projection,main,live,20261002CCEAD0D8,2026-10-01T20:06:10.078Z
2026,4,4307,Aaron Rodgers,PIT,QB,at CLE,int,theScore,0.5,over,0.36,105,-135,0.4878,0.4592,0.0623,0,0.3023,-0.1855,-0.1569,ev,multiplicative,projection,main,live,20261002CCEAD0D8,2026-10-01T20:06:10.078Z
2026,4,4307,Aaron Rodgers,PIT,QB,at CLE,passYds,Hard Rock,263.5,over,184.84,275,,0.2667,0.2667,,1,0.0809,-0.1857,-0.1857,ev,none,projection,main,live,20261002CCEAD0D8,2026-10-01T20:06:10.078Z
2026,4,17043,Roman Wilson,PIT,WR,at CLE,recYds,Hard Rock,47.5,over,20.34,350,-600,0.2222,0.2059,0.0794,0,0.0364,-0.1858,-0.1695,ev,multiplicative,projection,main,live,20261002CCEAD0D8,2026-10-01T20:06:10.078Z
2026,4,17043,Roman Wilson,PIT,WR,at CLE,recYds,Hard Rock,40.5,over,20.34,260,-400,0.2778,0.2577,0.0778,0,0.0915,-0.1863,-0.1663,ev,multiplicative,projection,main,live,20261002CCEAD0D8,2026-10-01T20:06:10.078Z
2026,4,13424,DK Metcalf,PIT,WR,at CLE,recYds,Hard Rock,63.5,over,42.16,170,-250,0.3704,0.3415,0.0847,0,0.1839,-0.1865,-0.1576,ev,multiplicative,projection,main,live,20261002CCEAD0D8,2026-10-01T20:06:10.078Z
2026,4,19263,Germie Bernard,PIT,WR,at CLE,recYds,BetRivers,29.5,over,9.67,370,,0.2128,0.2128,,1,0.0259,-0.1868,-0.1868,ev,none,projection,main,live,20261002CCEAD0D8,2026-10-01T20:06:10.078Z
2026,4,19298,Denzel Boston,CLE,WR,vs PIT,recYds,Hard Rock,26.5,under,51.99,160,-225,0.3846,0.3571,0.0769,0,0.1978,-0.1868,-0.1593,ev,multiplicative,projection,main,live,20261002CCEAD0D8,2026-10-01T20:06:10.078Z
2026,4,15984,Jaylen Warren,PIT,RB,at CLE,rushYds,Hard Rock,78.5,under,96.25,-130,-110,0.5652,0.5190,0.0890,0,0.3783,-0.1869,-0.1407,ev,multiplicative,projection,main,live,20261002CCEAD0D8,2026-10-01T20:06:10.078Z
2026,4,17043,Roman Wilson,PIT,WR,at CLE,recYds,Hard Rock,43.5,over,20.34,300,-475,0.2500,0.2323,0.0761,0,0.0630,-0.1870,-0.1693,ev,multiplicative,projection,main,live,20261002CCEAD0D8,2026-10-01T20:06:10.078Z
2026,4,17043,Roman Wilson,PIT,WR,at CLE,recYds,Hard Rock,45.5,over,20.34,325,-525,0.2353,0.2188,0.0753,0,0.0482,-0.1870,-0.1706,ev,multiplicative,projection,main,live,20261002CCEAD0D8,2026-10-01T20:06:10.078Z
2026,4,13424,DK Metcalf,PIT,WR,at CLE,recYds,Hard Rock,75.5,over,42.16,275,-425,0.2667,0.2478,0.0762,0,0.0797,-0.1870,-0.1681,ev,multiplicative,projection,main,live,20261002CCEAD0D8,2026-10-01T20:06:10.078Z
2026,4,15984,Jaylen Warren,PIT,RB,at CLE,recYds,theScore,49.5,over,22.75,375,,0.2105,0.2105,,1,0.0235,-0.1871,-0.1871,ev,none,projection,main,live,20261002CCEAD0D8,2026-10-01T20:06:10.078Z
2026,4,15267,Pat Freiermuth,PIT,TE,at CLE,recYds,DraftKings,26.5,under,33.66,-113,-110,0.5305,0.5032,0.0543,0,0.3431,-0.1875,-0.1601,ev,multiplicative,projection,main,live,20261002CCEAD0D8,2026-10-01T20:06:10.078Z
2026,4,13424,DK Metcalf,PIT,WR,at CLE,recYds,Hard Rock,78.5,over,42.16,300,-475,0.2500,0.2323,0.0761,0,0.0625,-0.1875,-0.1698,ev,multiplicative,projection,main,live,20261002CCEAD0D8,2026-10-01T20:06:10.078Z
2026,4,14378,Michael Pittman Jr.,PIT,WR,at CLE,recYds,Hard Rock,29.5,under,40.74,115,-155,0.4651,0.4335,0.0730,0,0.2776,-0.1875,-0.1559,ev,multiplicative,projection,main,live,20261002CCEAD0D8,2026-10-01T20:06:10.078Z
2026,4,4307,Aaron Rodgers,PIT,QB,at CLE,int,DraftKings,0.5,over,0.36,104,-133,0.4902,0.4620,0.0610,0,0.3023,-0.1879,-0.1597,ev,multiplicative,projection,main,live,20261002CCEAD0D8,2026-10-01T20:06:10.078Z
2026,4,17043,Roman Wilson,PIT,WR,at CLE,recYds,Hard Rock,38.5,over,20.34,230,-350,0.3030,0.2804,0.0808,0,0.1151,-0.1879,-0.1652,ev,multiplicative,projection,main,live,20261002CCEAD0D8,2026-10-01T20:06:10.078Z
2026,4,14378,Michael Pittman Jr.,PIT,WR,at CLE,recYds,Hard Rock,22.5,under,40.74,180,-260,0.3571,0.3309,0.0794,0,0.1692,-0.1880,-0.1617,ev,multiplicative,projection,main,live,20261002CCEAD0D8,2026-10-01T20:06:10.078Z
2026,4,16889,Darnell Washington,PIT,TE,at CLE,recYds,BetRivers,29.5,over,14.96,235,,0.2985,0.2985,,1,0.1104,-0.1881,-0.1881,ev,none,projection,main,live,20261002CCEAD0D8,2026-10-01T20:06:10.078Z
2026,4,13424,DK Metcalf,PIT,WR,at CLE,recYds,Caesars,59.5,over,42.16,138,,0.4202,0.4202,,1,0.2321,-0.1881,-0.1881,ev,none,projection,main,live,20261002CCEAD0D8,2026-10-01T20:06:10.078Z
2026,4,13424,DK Metcalf,PIT,WR,at CLE,recYds,Hard Rock,69.5,over,42.16,220,-325,0.3125,0.2901,0.0772,0,0.1243,-0.1882,-0.1658,ev,multiplicative,projection,main,live,20261002CCEAD0D8,2026-10-01T20:06:10.078Z
2026,4,4307,Aaron Rodgers,PIT,QB,at CLE,passYds,DraftKings,159.5,over,184.84,-550,,0.8462,0.8462,,1,0.6578,-0.1883,-0.1883,ev,none,projection,main,live,20261002CCEAD0D8,2026-10-01T20:06:10.078Z
2026,4,4307,Aaron Rodgers,PIT,QB,at CLE,passYds,Hard Rock,264.5,over,184.84,275,,0.2667,0.2667,,1,0.0783,-0.1884,-0.1884,ev,none,projection,main,live,20261002CCEAD0D8,2026-10-01T20:06:10.078Z
2026,4,15267,Pat Freiermuth,PIT,TE,at CLE,recYds,Hard Rock,21.5,under,33.66,130,-185,0.4348,0.4011,0.0839,0,0.2462,-0.1885,-0.1549,ev,multiplicative,projection,main,live,20261002CCEAD0D8,2026-10-01T20:06:10.078Z
2026,4,16889,Darnell Washington,PIT,TE,at CLE,recYds,Hard Rock,24.5,over,14.96,150,-210,0.4000,0.3713,0.0774,0,0.2109,-0.1891,-0.1604,ev,multiplicative,projection,main,live,20261002CCEAD0D8,2026-10-01T20:06:10.078Z
2026,4,18516,Quinshon Judkins,CLE,RB,vs PIT,rushYds,DraftKings,29.5,over,42.39,-660,,0.8684,0.8684,,1,0.6792,-0.1892,-0.1892,ev,none,projection,main,live,20261002CCEAD0D8,2026-10-01T20:06:10.078Z
2026,4,13484,Travis Homer,PIT,RB,at CLE,rushYds,DraftKings,6.5,under,13.65,-104,-120,0.5098,0.4831,0.0553,0,0.3206,-0.1892,-0.1625,ev,multiplicative,projection,main,live,20261002CCEAD0D8,2026-10-01T20:06:10.078Z
2026,4,15984,Jaylen Warren,PIT,RB,at CLE,rushYds,BetMGM,73.5,under,96.25,-115,-115,0.5349,0.5000,0.0698,0,0.3456,-0.1893,-0.1544,ev,multiplicative,projection,main,live,20261002CCEAD0D8,2026-10-01T20:06:10.078Z
2026,4,13424,DK Metcalf,PIT,WR,at CLE,recYds,Hard Rock,62.5,over,42.16,160,-240,0.3846,0.3527,0.0905,0,0.1953,-0.1893,-0.1574,ev,multiplicative,projection,main,live,20261002CCEAD0D8,2026-10-01T20:06:10.078Z
2026,4,13424,DK Metcalf,PIT,WR,at CLE,recYds,Caesars,79.5,over,42.16,305,,0.2469,0.2469,,1,0.0575,-0.1894,-0.1894,ev,none,projection,main,live,20261002CCEAD0D8,2026-10-01T20:06:10.078Z
2026,4,13424,DK Metcalf,PIT,WR,at CLE,recYds,Hard Rock,68.5,over,42.16,210,-300,0.3226,0.3008,0.0726,0,0.1331,-0.1895,-0.1676,ev,multiplicative,projection,main,live,20261002CCEAD0D8,2026-10-01T20:06:10.078Z
2026,4,15267,Pat Freiermuth,PIT,TE,at CLE,recYds,Hard Rock,25.5,under,33.66,-105,-135,0.5122,0.4713,0.0867,0,0.3226,-0.1896,-0.1488,ev,multiplicative,projection,main,live,20261002CCEAD0D8,2026-10-01T20:06:10.078Z
2026,4,15267,Pat Freiermuth,PIT,TE,at CLE,recYds,Caesars,26.5,under,33.66,-114,-114,0.5327,0.5000,0.0654,0,0.3431,-0.1897,-0.1569,ev,multiplicative,projection,main,live,20261002CCEAD0D8,2026-10-01T20:06:10.078Z
2026,4,16889,Darnell Washington,PIT,TE,at CLE,recYds,Hard Rock,42.5,over,14.96,400,-750,0.2000,0.1848,0.0824,0,0.0102,-0.1898,-0.1746,ev,multiplicative,projection,main,live,20261002CCEAD0D8,2026-10-01T20:06:10.078Z
2026,4,11712,Deshaun Watson,CLE,QB,vs PIT,rushYds,Hard Rock,52.5,over,17.22,425,-800,0.1905,0.1765,0.0794,0,0.0002,-0.1902,-0.1762,ev,multiplicative,projection,main,live,20261002CCEAD0D8,2026-10-01T20:06:10.078Z
2026,4,17130,Blake Whiteheart,CLE,TE,vs PIT,recYds,Hard Rock,13.5,under,9.35,-525,300,0.8400,0.7706,0.0900,0,0.6495,-0.1905,-0.1211,ev,multiplicative,projection,main,live,20261002CCEAD0D8,2026-10-01T20:06:10.078Z
2026,4,13424,DK Metcalf,PIT,WR,at CLE,recYds,Hard Rock,64.5,over,42.16,175,-250,0.3636,0.3373,0.0779,0,0.1729,-0.1908,-0.1645,ev,multiplicative,projection,main,live,20261002CCEAD0D8,2026-10-01T20:06:10.078Z
2026,4,18516,Quinshon Judkins,CLE,RB,vs PIT,rushYds,FanDuel,89.5,over,42.39,386,,0.2058,0.2058,,1,0.0149,-0.1909,-0.1909,ev,none,projection,main,live,20261002CCEAD0D8,2026-10-01T20:06:10.078Z
2026,4,15984,Jaylen Warren,PIT,RB,at CLE,recYds,Hard Rock,50.5,over,22.75,375,-700,0.2105,0.1939,0.0855,0,0.0196,-0.1909,-0.1743,ev,multiplicative,projection,main,live,20261002CCEAD0D8,2026-10-01T20:06:10.078Z
2026,4,13424,DK Metcalf,PIT,WR,at CLE,recYds,Hard Rock,67.5,over,42.16,200,-300,0.3333,0.3077,0.0833,0,0.1424,-0.1909,-0.1653,ev,multiplicative,projection,main,live,20261002CCEAD0D8,2026-10-01T20:06:10.078Z
2026,4,14378,Michael Pittman Jr.,PIT,WR,at CLE,recYds,Hard Rock,27.5,under,40.74,130,-180,0.4348,0.4035,0.0776,0,0.2435,-0.1912,-0.1599,ev,multiplicative,projection,main,live,20261002CCEAD0D8,2026-10-01T20:06:10.078Z
2026,4,19298,Denzel Boston,CLE,WR,vs PIT,recYds,Hard Rock,28.5,under,51.99,145,-200,0.4082,0.3797,0.0748,0,0.2169,-0.1913,-0.1629,ev,multiplicative,projection,main,live,20261002CCEAD0D8,2026-10-01T20:06:10.078Z
2026,4,16889,Darnell Washington,PIT,TE,at CLE,recYds,FanDuel,29.5,over,14.96,231,,0.3021,0.3021,,1,0.1104,-0.1917,-0.1917,ev,none,projection,main,live,20261002CCEAD0D8,2026-10-01T20:06:10.078Z
2026,4,13424,DK Metcalf,PIT,WR,at CLE,recYds,Hard Rock,74.5,over,42.16,260,,0.2778,0.2778,,1,0.0861,-0.1917,-0.1917,ev,none,projection,main,live,20261002CCEAD0D8,2026-10-01T20:06:10.078Z
2026,4,13424,DK Metcalf,PIT,WR,at CLE,recYds,Hard Rock,70.5,over,42.16,225,-350,0.3077,0.2835,0.0855,0,0.1158,-0.1919,-0.1677,ev,multiplicative,projection,main,live,20261002CCEAD0D8,2026-10-01T20:06:10.078Z
2026,4,18516,Quinshon Judkins,CLE,RB,vs PIT,rushYds,Hard Rock,94.5,over,42.39,400,-700,0.2000,0.1860,0.0750,0,0.0081,-0.1919,-0.1779,ev,multiplicative,projection,main,live,20261002CCEAD0D8,2026-10-01T20:06:10.078Z
2026,4,18516,Quinshon Judkins,CLE,RB,vs PIT,rushYds,FanDuel,24.5,over,42.39,-1404,,0.9335,0.9335,,1,0.7408,-0.1927,-0.1927,ev,none,projection,main,live,20261002CCEAD0D8,2026-10-01T20:06:10.078Z
2026,4,13424,DK Metcalf,PIT,WR,at CLE,recYds,Hard Rock,66.5,over,42.16,190,-275,0.3448,0.3198,0.0782,0,0.1521,-0.1927,-0.1677,ev,multiplicative,projection,main,live,20261002CCEAD0D8,2026-10-01T20:06:10.078Z
2026,4,19298,Denzel Boston,CLE,WR,vs PIT,recYds,Hard Rock,27.5,under,51.99,150,-220,0.4000,0.3678,0.0875,0,0.2072,-0.1928,-0.1606,ev,multiplicative,projection,main,live,20261002CCEAD0D8,2026-10-01T20:06:10.078Z
2026,4,18516,Quinshon Judkins,CLE,RB,vs PIT,rushYds,Hard Rock,95.5,over,42.39,400,-750,0.2000,0.1848,0.0824,0,0.0071,-0.1929,-0.1776,ev,multiplicative,projection,main,live,20261002CCEAD0D8,2026-10-01T20:06:10.078Z
2026,4,13424,DK Metcalf,PIT,WR,at CLE,recYds,Hard Rock,76.5,over,42.16,275,-450,0.2667,0.2458,0.0848,0,0.0736,-0.1931,-0.1722,ev,multiplicative,projection,main,live,20261002CCEAD0D8,2026-10-01T20:06:10.078Z
2026,4,4307,Aaron Rodgers,PIT,QB,at CLE,passYds,BetRivers,174.5,over,184.84,-315,,0.7590,0.7590,,1,0.5659,-0.1932,-0.1932,ev,none,projection,main,live,20261002CCEAD0D8,2026-10-01T20:06:10.078Z
2026,4,17043,Roman Wilson,PIT,WR,at CLE,recYds,Hard Rock,46.5,over,20.34,325,-575,0.2353,0.2164,0.0871,0,0.0420,-0.1933,-0.1745,ev,multiplicative,projection,main,live,20261002CCEAD0D8,2026-10-01T20:06:10.078Z
2026,4,19263,Germie Bernard,PIT,WR,at CLE,recYds,Caesars,19.5,over,9.67,177,,0.3610,0.3610,,1,0.1676,-0.1934,-0.1934,ev,none,projection,main,live,20261002CCEAD0D8,2026-10-01T20:06:10.078Z
2026,4,15984,Jaylen Warren,PIT,RB,at CLE,rushYds,BetRivers,72.5,under,96.25,-114,-117,0.5327,0.4970,0.0719,0,0.3392,-0.1935,-0.1578,ev,multiplicative,projection,main,live,20261002CCEAD0D8,2026-10-01T20:06:10.078Z
2026,4,15984,Jaylen Warren,PIT,RB,at CLE,rushYds,Hard Rock,81.5,under,96.25,-145,105,0.5918,0.5482,0.0796,0,0.3984,-0.1935,-0.1498,ev,multiplicative,projection,main,live,20261002CCEAD0D8,2026-10-01T20:06:10.078Z
2026,4,15984,Jaylen Warren,PIT,RB,at CLE,recYds,Hard Rock,30.5,over,22.75,110,-155,0.4762,0.4393,0.0840,0,0.2824,-0.1938,-0.1569,ev,multiplicative,projection,main,live,20261002CCEAD0D8,2026-10-01T20:06:10.078Z
2026,4,13424,DK Metcalf,PIT,WR,at CLE,recYds,Hard Rock,72.5,over,42.16,240,-375,0.2941,0.2714,0.0836,0,0.1002,-0.1940,-0.1713,ev,multiplicative,projection,main,live,20261002CCEAD0D8,2026-10-01T20:06:10.078Z
2026,4,4307,Aaron Rodgers,PIT,QB,at CLE,passYds,DraftKings,259.5,over,184.84,249,,0.2865,0.2865,,1,0.0921,-0.1944,-0.1944,ev,none,projection,main,live,20261002CCEAD0D8,2026-10-01T20:06:10.078Z
2026,4,14378,Michael Pittman Jr.,PIT,WR,at CLE,receptions,BetMGM,3.5,under,3.94,-135,100,0.5745,0.5347,0.0745,0,0.3798,-0.1946,-0.1548,ev,multiplicative,projection,main,live,20261002CCEAD0D8,2026-10-01T20:06:10.078Z
2026,4,14378,Michael Pittman Jr.,PIT,WR,at CLE,receptions,theScore,3.5,under,3.94,-135,105,0.5745,0.5408,0.0623,0,0.3798,-0.1946,-0.1610,ev,multiplicative,projection,main,live,20261002CCEAD0D8,2026-10-01T20:06:10.078Z
2026,4,14378,Michael Pittman Jr.,PIT,WR,at CLE,recYds,Hard Rock,23.5,under,40.74,165,-250,0.3774,0.3457,0.0916,0,0.1828,-0.1946,-0.1629,ev,multiplicative,projection,main,live,20261002CCEAD0D8,2026-10-01T20:06:10.078Z
2026,4,17043,Roman Wilson,PIT,WR,at CLE,recYds,Hard Rock,44.5,over,20.34,300,-500,0.2500,0.2308,0.0833,0,0.0552,-0.1948,-0.1755,ev,multiplicative,projection,main,live,20261002CCEAD0D8,2026-10-01T20:06:10.078Z
2026,4,13424,DK Metcalf,PIT,WR,at CLE,recYds,Hard Rock,65.5,over,42.16,180,-275,0.3571,0.3275,0.0905,0,0.1623,-0.1949,-0.1652,ev,multiplicative,projection,main,live,20261002CCEAD0D8,2026-10-01T20:06:10.078Z
2026,4,15984,Jaylen Warren,PIT,RB,at CLE,rushYds,Hard Rock,82.5,under,96.25,-150,105,0.6000,0.5516,0.0878,0,0.4051,-0.1949,-0.1464,ev,multiplicative,projection,main,live,20261002CCEAD0D8,2026-10-01T20:06:10.078Z
2026,4,17043,Roman Wilson,PIT,WR,at CLE,recYds,Hard Rock,42.5,over,20.34,275,-450,0.2667,0.2458,0.0848,0,0.0716,-0.1951,-0.1742,ev,multiplicative,projection,main,live,20261002CCEAD0D8,2026-10-01T20:06:10.078Z
2026,4,4307,Aaron Rodgers,PIT,QB,at CLE,int,Caesars,0.5,over,0.36,101,-132,0.4975,0.4665,0.0665,0,0.3023,-0.1952,-0.1642,ev,multiplicative,projection,main,live,20261002CCEAD0D8,2026-10-01T20:06:10.078Z
2026,4,14378,Michael Pittman Jr.,PIT,WR,at CLE,recYds,Hard Rock,24.5,under,40.74,155,-225,0.3922,0.3616,0.0845,0,0.1970,-0.1952,-0.1646,ev,multiplicative,projection,main,live,20261002CCEAD0D8,2026-10-01T20:06:10.078Z
2026,4,13424,DK Metcalf,PIT,WR,at CLE,recYds,Hard Rock,71.5,over,42.16,230,-350,0.3030,0.2804,0.0808,0,0.1078,-0.1952,-0.1726,ev,multiplicative,projection,main,live,20261002CCEAD0D8,2026-10-01T20:06:10.078Z
2026,4,15984,Jaylen Warren,PIT,RB,at CLE,rushYds,Hard Rock,83.5,under,96.25,-155,110,0.6078,0.5607,0.0840,0,0.4119,-0.1959,-0.1488,ev,multiplicative,projection,main,live,20261002CCEAD0D8,2026-10-01T20:06:10.078Z
2026,4,14378,Michael Pittman Jr.,PIT,WR,at CLE,recYds,Hard Rock,25.5,under,40.74,145,-210,0.4082,0.3760,0.0856,0,0.2119,-0.1963,-0.1641,ev,multiplicative,projection,main,live,20261002CCEAD0D8,2026-10-01T20:06:10.078Z
2026,4,18516,Quinshon Judkins,CLE,RB,vs PIT,rushYds,FanDuel,29.5,over,42.39,-704,,0.8756,0.8756,,1,0.6792,-0.1964,-0.1964,ev,none,projection,main,live,20261002CCEAD0D8,2026-10-01T20:06:10.078Z
2026,4,15984,Jaylen Warren,PIT,RB,at CLE,recYds,Hard Rock,31.5,over,22.75,120,-165,0.4545,0.4220,0.0772,0,0.2579,-0.1967,-0.1641,ev,multiplicative,projection,main,live,20261002CCEAD0D8,2026-10-01T20:06:10.078Z
2026,4,15984,Jaylen Warren,PIT,RB,at CLE,rushYds,Hard Rock,84.5,under,96.25,-160,115,0.6154,0.5695,0.0805,0,0.4187,-0.1967,-0.1508,ev,multiplicative,projection,main,live,20261002CCEAD0D8,2026-10-01T20:06:10.078Z
2026,4,19298,Denzel Boston,CLE,WR,vs PIT,recYds,BetMGM,36.5,under,51.99,100,-135,0.5000,0.4653,0.0745,0,0.3029,-0.1971,-0.1625,ev,multiplicative,projection,main,live,20261002CCEAD0D8,2026-10-01T20:06:10.078Z
2026,4,4307,Aaron Rodgers,PIT,QB,at CLE,passYds,FanDuel,174.5,over,184.84,-322,,0.7630,0.7630,,1,0.5659,-0.1972,-0.1972,ev,none,projection,main,live,20261002CCEAD0D8,2026-10-01T20:06:10.078Z
2026,4,16889,Darnell Washington,PIT,TE,at CLE,recYds,Hard Rock,25.5,over,14.96,160,-225,0.3846,0.3571,0.0769,0,0.1874,-0.1972,-0.1697,ev,multiplicative,projection,main,live,20261002CCEAD0D8,2026-10-01T20:06:10.078Z
2026,4,16889,Darnell Washington,PIT,TE,at CLE,recYds,theScore,29.5,over,14.96,225,,0.3077,0.3077,,1,0.1104,-0.1973,-0.1973,ev,none,projection,main,live,20261002CCEAD0D8,2026-10-01T20:06:10.078Z
2026,4,11712,Deshaun Watson,CLE,QB,vs PIT,rushAtt,theScore,2.5,over,4.33,-1800,,0.9474,0.9474,,1,0.7500,-0.1974,-0.1974,ev,none,projection,main,live,20261002CCEAD0D8,2026-10-01T20:06:10.078Z
2026,4,19298,Denzel Boston,CLE,WR,vs PIT,recYds,Hard Rock,30.5,under,51.99,130,-180,0.4348,0.4035,0.0776,0,0.2370,-0.1978,-0.1665,ev,multiplicative,projection,main,live,20261002CCEAD0D8,2026-10-01T20:06:10.078Z
2026,4,16889,Darnell Washington,PIT,TE,at CLE,recYds,Hard Rock,41.5,over,14.96,375,-700,0.2105,0.1939,0.0855,0,0.0127,-0.1978,-0.1812,ev,multiplicative,projection,main,live,20261002CCEAD0D8,2026-10-01T20:06:10.078Z
2026,4,14378,Michael Pittman Jr.,PIT,WR,at CLE,recYds,Hard Rock,26.5,under,40.74,135,-195,0.4255,0.3916,0.0865,0,0.2274,-0.1981,-0.1642,ev,multiplicative,projection,main,live,20261002CCEAD0D8,2026-10-01T20:06:10.078Z
2026,4,14378,Michael Pittman Jr.,PIT,WR,at CLE,receptions,Caesars,3.5,under,3.94,-137,106,0.5781,0.5435,0.0635,0,0.3798,-0.1982,-0.1637,ev,multiplicative,projection,main,live,20261002CCEAD0D8,2026-10-01T20:06:10.078Z
2026,4,16889,Darnell Washington,PIT,TE,at CLE,receptions,BetMGM,2.5,over,1.47,145,-200,0.4082,0.3797,0.0748,0,0.2096,-0.1986,-0.1701,ev,multiplicative,projection,main,live,20261002CCEAD0D8,2026-10-01T20:06:10.078Z
2026,4,19298,Denzel Boston,CLE,WR,vs PIT,recYds,Hard Rock,29.5,under,51.99,135,-190,0.4255,0.3938,0.0807,0,0.2268,-0.1987,-0.1670,ev,multiplicative,projection,main,live,20261002CCEAD0D8,2026-10-01T20:06:10.078Z
2026,4,15984,Jaylen Warren,PIT,RB,at CLE,recYds,Hard Rock,49.5,over,22.75,350,-650,0.2222,0.2041,0.0889,0,0.0235,-0.1988,-0.1806,ev,multiplicative,projection,main,live,20261002CCEAD0D8,2026-10-01T20:06:10.078Z
2026,4,4307,Aaron Rodgers,PIT,QB,at CLE,passYds,theScore,174.5,over,184.84,-325,,0.7647,0.7647,,1,0.5659,-0.1988,-0.1988,ev,none,projection,main,live,20261002CCEAD0D8,2026-10-01T20:06:10.078Z
2026,4,11712,Deshaun Watson,CLE,QB,vs PIT,rushYds,Hard Rock,51.5,over,17.22,400,-750,0.2000,0.1848,0.0824,0,0.0003,-0.1997,-0.1844,ev,multiplicative,projection,main,live,20261002CCEAD0D8,2026-10-01T20:06:10.078Z
2026,4,18516,Quinshon Judkins,CLE,RB,vs PIT,rushYds,Hard Rock,92.5,over,42.39,375,-600,0.2105,0.1972,0.0677,0,0.0104,-0.2001,-0.1868,ev,multiplicative,projection,main,live,20261002CCEAD0D8,2026-10-01T20:06:10.078Z
2026,4,15984,Jaylen Warren,PIT,RB,at CLE,recYds,Hard Rock,32.5,over,22.75,130,-180,0.4348,0.4035,0.0776,0,0.2345,-0.2003,-0.1690,ev,multiplicative,projection,main,live,20261002CCEAD0D8,2026-10-01T20:06:10.078Z
2026,4,18516,Quinshon Judkins,CLE,RB,vs PIT,rushYds,theScore,24.5,over,42.39,-1600,,0.9412,0.9412,,1,0.7408,-0.2003,-0.2003,ev,none,projection,main,live,20261002CCEAD0D8,2026-10-01T20:06:10.078Z
2026,4,13484,Travis Homer,PIT,RB,at CLE,rushYds,Caesars,6.5,under,13.65,-109,-120,0.5215,0.4888,0.0670,0,0.3206,-0.2009,-0.1682,ev,multiplicative,projection,main,live,20261002CCEAD0D8,2026-10-01T20:06:10.078Z
2026,4,18516,Quinshon Judkins,CLE,RB,vs PIT,rushYds,Hard Rock,93.5,over,42.39,375,-700,0.2105,0.1939,0.0855,0,0.0092,-0.2013,-0.1848,ev,multiplicative,projection,main,live,20261002CCEAD0D8,2026-10-01T20:06:10.078Z
2026,4,4307,Aaron Rodgers,PIT,QB,at CLE,passYds,Hard Rock,256.5,over,184.84,230,-350,0.3030,0.2804,0.0808,0,0.1013,-0.2018,-0.1791,ev,multiplicative,projection,main,live,20261002CCEAD0D8,2026-10-01T20:06:10.078Z
2026,4,4307,Aaron Rodgers,PIT,QB,at CLE,passYds,BetRivers,208.5,over,184.84,-117,-114,0.5392,0.5030,0.0719,0,0.3370,-0.2022,-0.1660,ev,multiplicative,projection,main,live,20261002CCEAD0D8,2026-10-01T20:06:10.078Z
2026,4,14378,Michael Pittman Jr.,PIT,WR,at CLE,recYds,BetRivers,32.5,under,40.74,-115,-115,0.5349,0.5000,0.0698,0,0.3327,-0.2022,-0.1673,ev,multiplicative,projection,main,live,20261002CCEAD0D8,2026-10-01T20:06:10.078Z
2026,4,15984,Jaylen Warren,PIT,RB,at CLE,recYds,Hard Rock,47.5,over,22.75,325,-550,0.2353,0.2176,0.0814,0,0.0330,-0.2023,-0.1846,ev,multiplicative,projection,main,live,20261002CCEAD0D8,2026-10-01T20:06:10.078Z
2026,4,18516,Quinshon Judkins,CLE,RB,vs PIT,rushYds,theScore,89.5,over,42.39,360,,0.2174,0.2174,,1,0.0149,-0.2025,-0.2025,ev,none,projection,main,live,20261002CCEAD0D8,2026-10-01T20:06:10.078Z
2026,4,16889,Darnell Washington,PIT,TE,at CLE,recYds,Hard Rock,39.5,over,14.96,350,-600,0.2222,0.2059,0.0794,0,0.0194,-0.2028,-0.1865,ev,multiplicative,projection,main,live,20261002CCEAD0D8,2026-10-01T20:06:10.078Z
2026,4,14378,Michael Pittman Jr.,PIT,WR,at CLE,receptions,FanDuel,3.5,under,3.94,-140,106,0.5833,0.5458,0.0688,0,0.3798,-0.2035,-0.1660,ev,multiplicative,projection,main,live,20261002CCEAD0D8,2026-10-01T20:06:10.078Z
2026,4,14378,Michael Pittman Jr.,PIT,WR,at CLE,receptions,Hard Rock,3.5,under,3.94,-140,110,0.5833,0.5506,0.0595,0,0.3798,-0.2035,-0.1707,ev,multiplicative,projection,main,live,20261002CCEAD0D8,2026-10-01T20:06:10.078Z
2026,4,17130,Blake Whiteheart,CLE,TE,vs PIT,recYds,Hard Rock,12.5,under,9.35,-450,275,0.8182,0.7542,0.0848,0,0.6146,-0.2035,-0.1395,ev,multiplicative,projection,main,live,20261002CCEAD0D8,2026-10-01T20:06:10.078Z
2026,4,14378,Michael Pittman Jr.,PIT,WR,at CLE,receptions,Circa Sports,3.5,under,3.94,-140,120,0.5833,0.5620,0.0379,0,0.3798,-0.2035,-0.1822,ev,multiplicative,projection,main,live,20261002CCEAD0D8,2026-10-01T20:06:10.078Z
2026,4,15984,Jaylen Warren,PIT,RB,at CLE,rushYds,Hard Rock,87.5,under,96.25,-180,130,0.6429,0.5965,0.0776,0,0.4393,-0.2036,-0.1573,ev,multiplicative,projection,main,live,20261002CCEAD0D8,2026-10-01T20:06:10.078Z
2026,4,15984,Jaylen Warren,PIT,RB,at CLE,rushYds,Hard Rock,86.5,under,96.25,-175,125,0.6364,0.5888,0.0808,0,0.4324,-0.2040,-0.1564,ev,multiplicative,projection,main,live,20261002CCEAD0D8,2026-10-01T20:06:10.078Z
2026,4,15984,Jaylen Warren,PIT,RB,at CLE,rushYds,Hard Rock,85.5,under,96.25,-170,120,0.6296,0.5807,0.0842,0,0.4256,-0.2041,-0.1552,ev,multiplicative,projection,main,live,20261002CCEAD0D8,2026-10-01T20:06:10.078Z
2026,4,18526,Raheim Sanders,CLE,RB,vs PIT,rushYds,Hard Rock,36.5,under,15.36,-9000,1750,0.9890,0.9482,0.0431,0,0.7848,-0.2042,-0.1633,ev,multiplicative,projection,main,live,20261002CCEAD0D8,2026-10-01T20:06:10.078Z
2026,4,15984,Jaylen Warren,PIT,RB,at CLE,recYds,Hard Rock,33.5,over,22.75,140,-195,0.4167,0.3866,0.0777,0,0.2123,-0.2044,-0.1744,ev,multiplicative,projection,main,live,20261002CCEAD0D8,2026-10-01T20:06:10.078Z
2026,4,4307,Aaron Rodgers,PIT,QB,at CLE,passYds,Hard Rock,254.5,over,184.84,220,-325,0.3125,0.2901,0.0772,0,0.1077,-0.2048,-0.1824,ev,multiplicative,projection,main,live,20261002CCEAD0D8,2026-10-01T20:06:10.078Z
2026,4,16889,Darnell Washington,PIT,TE,at CLE,recYds,Hard Rock,26.5,over,14.96,170,-240,0.3704,0.3441,0.0763,0,0.1656,-0.2048,-0.1785,ev,multiplicative,projection,main,live,20261002CCEAD0D8,2026-10-01T20:06:10.078Z
2026,4,15984,Jaylen Warren,PIT,RB,at CLE,rushYds,Hard Rock,103.5,under,96.25,-350,230,0.7778,0.7196,0.0808,0,0.5726,-0.2052,-0.1470,ev,multiplicative,projection,main,live,20261002CCEAD0D8,2026-10-01T20:06:10.078Z
2026,4,15984,Jaylen Warren,PIT,RB,at CLE,recYds,DraftKings,49.5,over,22.75,337,,0.2288,0.2288,,1,0.0235,-0.2054,-0.2054,ev,none,projection,main,live,20261002CCEAD0D8,2026-10-01T20:06:10.078Z
2026,4,16889,Darnell Washington,PIT,TE,at CLE,recYds,Hard Rock,37.5,over,14.96,325,-525,0.2353,0.2188,0.0753,0,0.0288,-0.2064,-0.1900,ev,multiplicative,projection,main,live,20261002CCEAD0D8,2026-10-01T20:06:10.078Z
2026,4,14378,Michael Pittman Jr.,PIT,WR,at CLE,receptions,DraftKings,3.5,under,3.94,-142,112,0.5868,0.5544,0.0585,0,0.3798,-0.2070,-0.1745,ev,multiplicative,projection,main,live,20261002CCEAD0D8,2026-10-01T20:06:10.078Z
2026,4,16889,Darnell Washington,PIT,TE,at CLE,recYds,Caesars,29.5,over,14.96,215,,0.3175,0.3175,,1,0.1104,-0.2071,-0.2071,ev,none,projection,main,live,20261002CCEAD0D8,2026-10-01T20:06:10.078Z
2026,4,19298,Denzel Boston,CLE,WR,vs PIT,recYds,Hard Rock,32.5,under,51.99,115,-160,0.4651,0.4305,0.0805,0,0.2580,-0.2071,-0.1725,ev,multiplicative,projection,main,live,20261002CCEAD0D8,2026-10-01T20:06:10.078Z
2026,4,19298,Denzel Boston,CLE,WR,vs PIT,recYds,Hard Rock,33.5,under,51.99,110,-150,0.4762,0.4425,0.0762,0,0.2689,-0.2073,-0.1736,ev,multiplicative,projection,main,live,20261002CCEAD0D8,2026-10-01T20:06:10.078Z
2026,4,15984,Jaylen Warren,PIT,RB,at CLE,recYds,Hard Rock,48.5,over,22.75,325,-600,0.2353,0.2154,0.0924,0,0.0279,-0.2074,-0.1875,ev,multiplicative,projection,main,live,20261002CCEAD0D8,2026-10-01T20:06:10.078Z
2026,4,19298,Denzel Boston,CLE,WR,vs PIT,recYds,Hard Rock,34.5,under,51.99,105,-145,0.4878,0.4518,0.0796,0,0.2800,-0.2078,-0.1718,ev,multiplicative,projection,main,live,20261002CCEAD0D8,2026-10-01T20:06:10.078Z
2026,4,4307,Aaron Rodgers,PIT,QB,at CLE,passYds,Hard Rock,252.5,over,184.84,210,-325,0.3226,0.2967,0.0873,0,0.1145,-0.2081,-0.1822,ev,multiplicative,projection,main,live,20261002CCEAD0D8,2026-10-01T20:06:10.078Z
2026,4,19298,Denzel Boston,CLE,WR,vs PIT,recYds,Hard Rock,38.5,under,51.99,-115,-115,0.5349,0.5000,0.0698,0,0.3265,-0.2084,-0.1735,ev,multiplicative,projection,main,live,20261002CCEAD0D8,2026-10-01T20:06:10.078Z
2026,4,15984,Jaylen Warren,PIT,RB,at CLE,rushYds,Hard Rock,88.5,under,96.25,-190,135,0.6552,0.6062,0.0807,0,0.4462,-0.2090,-0.1601,ev,multiplicative,projection,main,live,20261002CCEAD0D8,2026-10-01T20:06:10.078Z
2026,4,18516,Quinshon Judkins,CLE,RB,vs PIT,rushYds,Hard Rock,90.5,over,42.39,350,-575,0.2222,0.2069,0.0741,0,0.0132,-0.2090,-0.1937,ev,multiplicative,projection,main,live,20261002CCEAD0D8,2026-10-01T20:06:10.078Z
2026,4,13424,DK Metcalf,PIT,WR,at CLE,recYds,Caesars,69.5,over,42.16,200,,0.3333,0.3333,,1,0.1243,-0.2091,-0.2091,ev,none,projection,main,live,20261002CCEAD0D8,2026-10-01T20:06:10.078Z
2026,4,19298,Denzel Boston,CLE,WR,vs PIT,recYds,DraftKings,37.5,under,51.99,-110,-114,0.5238,0.4958,0.0565,0,0.3146,-0.2092,-0.1812,ev,multiplicative,projection,main,live,20261002CCEAD0D8,2026-10-01T20:06:10.078Z
2026,4,19298,Denzel Boston,CLE,WR,vs PIT,recYds,Circa Sports,37.5,under,51.99,-110,-110,0.5238,0.5000,0.0476,0,0.3146,-0.2092,-0.1854,ev,multiplicative,projection,main,live,20261002CCEAD0D8,2026-10-01T20:06:10.078Z
2026,4,18516,Quinshon Judkins,CLE,RB,vs PIT,rushYds,theScore,29.5,over,42.39,-800,,0.8889,0.8889,,1,0.6792,-0.2097,-0.2097,ev,none,projection,main,live,20261002CCEAD0D8,2026-10-01T20:06:10.078Z
2026,4,13484,Travis Homer,PIT,RB,at CLE,rushYds,FanDuel,6.5,under,13.65,-113,-113,0.5305,0.5000,0.0610,0,0.3206,-0.2099,-0.1794,ev,multiplicative,projection,main,live,20261002CCEAD0D8,2026-10-01T20:06:10.078Z
2026,4,4307,Aaron Rodgers,PIT,QB,at CLE,passYds,Hard Rock,248.5,over,184.84,195,-275,0.3390,0.3161,0.0723,0,0.1288,-0.2102,-0.1873,ev,multiplicative,projection,main,live,20261002CCEAD0D8,2026-10-01T20:06:10.078Z
2026,4,18516,Quinshon Judkins,CLE,RB,vs PIT,rushYds,Hard Rock,91.5,over,42.39,350,-600,0.2222,0.2059,0.0794,0,0.0117,-0.2105,-0.1941,ev,multiplicative,projection,main,live,20261002CCEAD0D8,2026-10-01T20:06:10.078Z
2026,4,15984,Jaylen Warren,PIT,RB,at CLE,rushYds,Hard Rock,91.5,under,96.25,-210,150,0.6774,0.6287,0.0774,0,0.4670,-0.2105,-0.1618,ev,multiplicative,projection,main,live,20261002CCEAD0D8,2026-10-01T20:06:10.078Z
2026,4,15984,Jaylen Warren,PIT,RB,at CLE,recYds,Hard Rock,46.5,over,22.75,300,-525,0.2500,0.2294,0.0900,0,0.0388,-0.2112,-0.1905,ev,multiplicative,projection,main,live,20261002CCEAD0D8,2026-10-01T20:06:10.078Z
2026,4,19298,Denzel Boston,CLE,WR,vs PIT,recYds,Caesars,37.5,under,51.99,-111,-121,0.5261,0.4900,0.0736,0,0.3146,-0.2115,-0.1754,ev,multiplicative,projection,main,live,20261002CCEAD0D8,2026-10-01T20:06:10.078Z
2026,4,16889,Darnell Washington,PIT,TE,at CLE,recYds,Hard Rock,27.5,over,14.96,180,-260,0.3571,0.3309,0.0794,0,0.1455,-0.2116,-0.1854,ev,multiplicative,projection,main,live,20261002CCEAD0D8,2026-10-01T20:06:10.078Z
2026,4,16889,Darnell Washington,PIT,TE,at CLE,recYds,Hard Rock,38.5,over,14.96,325,-575,0.2353,0.2164,0.0871,0,0.0237,-0.2116,-0.1927,ev,multiplicative,projection,main,live,20261002CCEAD0D8,2026-10-01T20:06:10.078Z
2026,4,4307,Aaron Rodgers,PIT,QB,at CLE,passYds,Hard Rock,250.5,over,184.84,200,-300,0.3333,0.3077,0.0833,0,0.1215,-0.2118,-0.1862,ev,multiplicative,projection,main,live,20261002CCEAD0D8,2026-10-01T20:06:10.078Z
2026,4,15984,Jaylen Warren,PIT,RB,at CLE,rushYds,Hard Rock,101.5,under,96.25,-325,210,0.7647,0.7033,0.0873,0,0.5527,-0.2120,-0.1506,ev,multiplicative,projection,main,live,20261002CCEAD0D8,2026-10-01T20:06:10.078Z
2026,4,4307,Aaron Rodgers,PIT,QB,at CLE,passYds,Hard Rock,247.5,over,184.84,190,-275,0.3448,0.3198,0.0782,0,0.1326,-0.2122,-0.1872,ev,multiplicative,projection,main,live,20261002CCEAD0D8,2026-10-01T20:06:10.078Z
2026,4,15984,Jaylen Warren,PIT,RB,at CLE,rushYds,Hard Rock,92.5,under,96.25,-220,155,0.6875,0.6368,0.0797,0,0.4739,-0.2136,-0.1629,ev,multiplicative,projection,main,live,20261002CCEAD0D8,2026-10-01T20:06:10.078Z
2026,4,15984,Jaylen Warren,PIT,RB,at CLE,rushYds,Hard Rock,89.5,under,96.25,-200,140,0.6667,0.6154,0.0833,0,0.4531,-0.2136,-0.1623,ev,multiplicative,projection,main,live,20261002CCEAD0D8,2026-10-01T20:06:10.078Z
2026,4,18526,Raheim Sanders,CLE,RB,vs PIT,rushYds,Hard Rock,35.5,under,15.36,-8000,1600,0.9877,0.9438,0.0465,0,0.7738,-0.2139,-0.1700,ev,multiplicative,projection,main,live,20261002CCEAD0D8,2026-10-01T20:06:10.078Z
2026,4,13484,Travis Homer,PIT,RB,at CLE,rushYds,BetRivers,6.5,under,13.65,-115,-115,0.5349,0.5000,0.0698,0,0.3206,-0.2143,-0.1794,ev,multiplicative,projection,main,live,20261002CCEAD0D8,2026-10-01T20:06:10.078Z
2026,4,13484,Travis Homer,PIT,RB,at CLE,rushYds,Hard Rock,6.5,under,13.65,-115,-115,0.5349,0.5000,0.0698,0,0.3206,-0.2143,-0.1794,ev,multiplicative,projection,main,live,20261002CCEAD0D8,2026-10-01T20:06:10.078Z
2026,4,15984,Jaylen Warren,PIT,RB,at CLE,recYds,Hard Rock,42.5,over,22.75,250,-375,0.2857,0.2657,0.0752,0,0.0712,-0.2145,-0.1946,ev,multiplicative,projection,main,live,20261002CCEAD0D8,2026-10-01T20:06:10.078Z
2026,4,11712,Deshaun Watson,CLE,QB,vs PIT,passYds,Circa Sports,224.5,under,218.73,-300,250,0.7500,0.7241,0.0357,0,0.5353,-0.2147,-0.1889,ev,multiplicative,projection,main,live,20261002CCEAD0D8,2026-10-01T20:06:10.078Z
2026,4,15984,Jaylen Warren,PIT,RB,at CLE,rushYds,Hard Rock,102.5,under,96.25,-350,225,0.7778,0.7165,0.0855,0,0.5627,-0.2151,-0.1539,ev,multiplicative,projection,main,live,20261002CCEAD0D8,2026-10-01T20:06:10.078Z
2026,4,16889,Darnell Washington,PIT,TE,at CLE,recYds,Hard Rock,36.5,over,14.96,300,-500,0.2500,0.2308,0.0833,0,0.0349,-0.2151,-0.1959,ev,multiplicative,projection,main,live,20261002CCEAD0D8,2026-10-01T20:06:10.078Z
2026,4,19298,Denzel Boston,CLE,WR,vs PIT,recYds,FanDuel,37.5,under,51.99,-113,-113,0.5305,0.5000,0.0610,0,0.3146,-0.2159,-0.1854,ev,multiplicative,projection,main,live,20261002CCEAD0D8,2026-10-01T20:06:10.078Z
2026,4,15984,Jaylen Warren,PIT,RB,at CLE,rushYds,Hard Rock,93.5,under,96.25,-230,160,0.6970,0.6444,0.0816,0,0.4809,-0.2161,-0.1635,ev,multiplicative,projection,main,live,20261002CCEAD0D8,2026-10-01T20:06:10.078Z
2026,4,15984,Jaylen Warren,PIT,RB,at CLE,recYds,Hard Rock,43.5,over,22.75,260,-400,0.2778,0.2577,0.0778,0,0.0616,-0.2162,-0.1961,ev,multiplicative,projection,main,live,20261002CCEAD0D8,2026-10-01T20:06:10.078Z
2026,4,16889,Darnell Washington,PIT,TE,at CLE,recYds,Hard Rock,34.5,over,14.96,275,-425,0.2667,0.2478,0.0762,0,0.0499,-0.2167,-0.1978,ev,multiplicative,projection,main,live,20261002CCEAD0D8,2026-10-01T20:06:10.078Z
2026,4,15984,Jaylen Warren,PIT,RB,at CLE,recYds,Hard Rock,34.5,over,22.75,145,-210,0.4082,0.3760,0.0856,0,0.1914,-0.2168,-0.1846,ev,multiplicative,projection,main,live,20261002CCEAD0D8,2026-10-01T20:06:10.078Z
2026,4,15984,Jaylen Warren,PIT,RB,at CLE,recYds,Hard Rock,36.5,over,22.75,170,-240,0.3704,0.3441,0.0763,0,0.1535,-0.2168,-0.1906,ev,multiplicative,projection,main,live,20261002CCEAD0D8,2026-10-01T20:06:10.078Z
2026,4,15984,Jaylen Warren,PIT,RB,at CLE,rushYds,Hard Rock,99.5,under,96.25,-300,200,0.7500,0.6923,0.0833,0,0.5327,-0.2173,-0.1596,ev,multiplicative,projection,main,live,20261002CCEAD0D8,2026-10-01T20:06:10.078Z
2026,4,15984,Jaylen Warren,PIT,RB,at CLE,rushYds,Hard Rock,90.5,under,96.25,-210,145,0.6774,0.6240,0.0856,0,0.4600,-0.2174,-0.1640,ev,multiplicative,projection,main,live,20261002CCEAD0D8,2026-10-01T20:06:10.078Z
2026,4,16889,Darnell Washington,PIT,TE,at CLE,recYds,Hard Rock,28.5,over,14.96,190,-275,0.3448,0.3198,0.0782,0,0.1271,-0.2177,-0.1927,ev,multiplicative,projection,main,live,20261002CCEAD0D8,2026-10-01T20:06:10.078Z
2026,4,15984,Jaylen Warren,PIT,RB,at CLE,rushYds,Hard Rock,94.5,under,96.25,-240,165,0.7059,0.6516,0.0832,0,0.4878,-0.2181,-0.1638,ev,multiplicative,projection,main,live,20261002CCEAD0D8,2026-10-01T20:06:10.078Z
2026,4,16889,Darnell Washington,PIT,TE,at CLE,recYds,Hard Rock,33.5,over,14.96,260,-400,0.2778,0.2577,0.0778,0,0.0592,-0.2185,-0.1985,ev,multiplicative,projection,main,live,20261002CCEAD0D8,2026-10-01T20:06:10.078Z
2026,4,14378,Michael Pittman Jr.,PIT,WR,at CLE,receptions,Hard Rock,2.5,under,3.94,165,-230,0.3774,0.3513,0.0743,0,0.1583,-0.2190,-0.1929,ev,multiplicative,projection,main,live,20261002CCEAD0D8,2026-10-01T20:06:10.078Z
2026,4,14458,Jerry Jeudy,CLE,WR,vs PIT,receptions,Hard Rock,2.5,under,1.43,-550,325,0.8462,0.7824,0.0814,0,0.6269,-0.2193,-0.1555,ev,multiplicative,projection,main,live,20261002CCEAD0D8,2026-10-01T20:06:10.078Z
2026,4,15984,Jaylen Warren,PIT,RB,at CLE,rushYds,Hard Rock,95.5,under,96.25,-250,175,0.7143,0.6627,0.0779,0,0.4948,-0.2195,-0.1679,ev,multiplicative,projection,main,live,20261002CCEAD0D8,2026-10-01T20:06:10.078Z
2026,4,15984,Jaylen Warren,PIT,RB,at CLE,rushYds,Hard Rock,96.5,under,96.25,-260,180,0.7222,0.6691,0.0794,0,0.5025,-0.2197,-0.1666,ev,multiplicative,projection,main,live,20261002CCEAD0D8,2026-10-01T20:06:10.078Z
2026,4,19298,Denzel Boston,CLE,WR,vs PIT,recYds,Hard Rock,37.5,under,51.99,-115,-120,0.5349,0.4951,0.0803,0,0.3146,-0.2203,-0.1805,ev,multiplicative,projection,main,live,20261002CCEAD0D8,2026-10-01T20:06:10.078Z
2026,4,18516,Quinshon Judkins,CLE,RB,vs PIT,rushYds,Hard Rock,89.5,over,42.39,325,-550,0.2353,0.2176,0.0814,0,0.0149,-0.2204,-0.2027,ev,multiplicative,projection,main,live,20261002CCEAD0D8,2026-10-01T20:06:10.078Z
2026,4,15984,Jaylen Warren,PIT,RB,at CLE,recYds,Hard Rock,35.5,over,22.75,155,-225,0.3922,0.3616,0.0845,0,0.1718,-0.2204,-0.1898,ev,multiplicative,projection,main,live,20261002CCEAD0D8,2026-10-01T20:06:10.078Z
2026,4,15984,Jaylen Warren,PIT,RB,at CLE,recYds,Hard Rock,37.5,over,22.75,180,-260,0.3571,0.3309,0.0794,0,0.1366,-0.2205,-0.1943,ev,multiplicative,projection,main,live,20261002CCEAD0D8,2026-10-01T20:06:10.078Z
2026,4,11712,Deshaun Watson,CLE,QB,vs PIT,passYds,Hard Rock,206.5,under,218.73,-200,140,0.6667,0.6154,0.0833,0,0.4460,-0.2207,-0.1694,ev,multiplicative,projection,main,live,20261002CCEAD0D8,2026-10-01T20:06:10.078Z
2026,4,15984,Jaylen Warren,PIT,RB,at CLE,rushYds,Hard Rock,97.5,under,96.25,-275,185,0.7333,0.6764,0.0842,0,0.5126,-0.2208,-0.1638,ev,multiplicative,projection,main,live,20261002CCEAD0D8,2026-10-01T20:06:10.078Z
2026,4,13484,Travis Homer,PIT,RB,at CLE,rushYds,theScore,7.5,under,13.65,-130,100,0.5652,0.5306,0.0652,0,0.3443,-0.2209,-0.1863,ev,multiplicative,projection,main,live,20261002CCEAD0D8,2026-10-01T20:06:10.078Z
2026,4,15984,Jaylen Warren,PIT,RB,at CLE,recYds,Hard Rock,45.5,over,22.75,275,-475,0.2667,0.2440,0.0928,0,0.0455,-0.2211,-0.1985,ev,multiplicative,projection,main,live,20261002CCEAD0D8,2026-10-01T20:06:10.078Z
2026,4,17130,Blake Whiteheart,CLE,TE,vs PIT,recYds,Hard Rock,11.5,under,9.35,-400,250,0.8000,0.7368,0.0857,0,0.5788,-0.2212,-0.1580,ev,multiplicative,projection,main,live,20261002CCEAD0D8,2026-10-01T20:06:10.078Z
2026,4,4307,Aaron Rodgers,PIT,QB,at CLE,int,BetRivers,0.5,over,0.36,-110,-120,0.5238,0.4899,0.0693,0,0.3023,-0.2215,-0.1876,ev,multiplicative,projection,main,live,20261002CCEAD0D8,2026-10-01T20:06:10.078Z
2026,4,4307,Aaron Rodgers,PIT,QB,at CLE,passYds,Hard Rock,243.5,over,184.84,170,-240,0.3704,0.3441,0.0763,0,0.1484,-0.2219,-0.1957,ev,multiplicative,projection,main,live,20261002CCEAD0D8,2026-10-01T20:06:10.078Z
2026,4,15984,Jaylen Warren,PIT,RB,at CLE,rushYds,Hard Rock,100.5,under,96.25,-325,210,0.7647,0.7033,0.0873,0,0.5427,-0.2220,-0.1606,ev,multiplicative,projection,main,live,20261002CCEAD0D8,2026-10-01T20:06:10.078Z
2026,4,16889,Darnell Washington,PIT,TE,at CLE,recYds,Hard Rock,29.5,over,14.96,200,,0.3333,0.3333,,1,0.1104,-0.2229,-0.2229,ev,none,projection,main,live,20261002CCEAD0D8,2026-10-01T20:06:10.078Z
2026,4,18526,Raheim Sanders,CLE,RB,vs PIT,rushYds,Hard Rock,34.5,under,15.36,-7000,1500,0.9859,0.9404,0.0484,0,0.7624,-0.2235,-0.1780,ev,multiplicative,projection,main,live,20261002CCEAD0D8,2026-10-01T20:06:10.078Z
2026,4,15984,Jaylen Warren,PIT,RB,at CLE,recYds,Hard Rock,38.5,over,22.75,190,-275,0.3448,0.3198,0.0782,0,0.1210,-0.2238,-0.1988,ev,multiplicative,projection,main,live,20261002CCEAD0D8,2026-10-01T20:06:10.078Z
2026,4,4307,Aaron Rodgers,PIT,QB,at CLE,passYds,Hard Rock,171.5,over,184.84,-425,275,0.8095,0.7522,0.0762,0,0.5847,-0.2248,-0.1675,ev,multiplicative,projection,main,live,20261002CCEAD0D8,2026-10-01T20:06:10.078Z
2026,4,19298,Denzel Boston,CLE,WR,vs PIT,recYds,theScore,39.5,under,51.99,-130,100,0.5652,0.5306,0.0652,0,0.3386,-0.2266,-0.1920,ev,multiplicative,projection,main,live,20261002CCEAD0D8,2026-10-01T20:06:10.078Z
2026,4,19298,Denzel Boston,CLE,WR,vs PIT,recYds,BetRivers,36.5,under,51.99,-113,-117,0.5305,0.4960,0.0697,0,0.3029,-0.2277,-0.1931,ev,multiplicative,projection,main,live,20261002CCEAD0D8,2026-10-01T20:06:10.078Z
2026,4,4307,Aaron Rodgers,PIT,QB,at CLE,passYds,Hard Rock,241.5,over,184.84,160,-230,0.3846,0.3556,0.0816,0,0.1568,-0.2278,-0.1988,ev,multiplicative,projection,main,live,20261002CCEAD0D8,2026-10-01T20:06:10.078Z
2026,4,4307,Aaron Rodgers,PIT,QB,at CLE,passYds,Hard Rock,173.5,over,184.84,-400,260,0.8000,0.7423,0.0778,0,0.5722,-0.2278,-0.1701,ev,multiplicative,projection,main,live,20261002CCEAD0D8,2026-10-01T20:06:10.078Z
2026,4,15984,Jaylen Warren,PIT,RB,at CLE,rushYds,Circa Sports,89.5,under,96.25,-215,185,0.6825,0.6605,0.0334,0,0.4531,-0.2294,-0.2074,ev,multiplicative,projection,main,live,20261002CCEAD0D8,2026-10-01T20:06:10.078Z
2026,4,4307,Aaron Rodgers,PIT,QB,at CLE,passYds,Hard Rock,175.5,over,184.84,-375,250,0.7895,0.7343,0.0752,0,0.5596,-0.2299,-0.1747,ev,multiplicative,projection,main,live,20261002CCEAD0D8,2026-10-01T20:06:10.078Z
2026,4,4307,Aaron Rodgers,PIT,QB,at CLE,passYds,Hard Rock,177.5,over,184.84,-350,230,0.7778,0.7196,0.0808,0,0.5469,-0.2309,-0.1728,ev,multiplicative,projection,main,live,20261002CCEAD0D8,2026-10-01T20:06:10.078Z
2026,4,4307,Aaron Rodgers,PIT,QB,at CLE,passYds,Hard Rock,172.5,over,184.84,-425,260,0.8095,0.7445,0.0873,0,0.5785,-0.2311,-0.1661,ev,multiplicative,projection,main,live,20261002CCEAD0D8,2026-10-01T20:06:10.078Z
2026,4,4307,Aaron Rodgers,PIT,QB,at CLE,passYds,Hard Rock,187.5,over,184.84,-250,180,0.7143,0.6667,0.0714,0,0.4811,-0.2331,-0.1855,ev,multiplicative,projection,main,live,20261002CCEAD0D8,2026-10-01T20:06:10.078Z
2026,4,4307,Aaron Rodgers,PIT,QB,at CLE,passYds,Hard Rock,186.5,over,184.84,-260,185,0.7222,0.6730,0.0731,0,0.4882,-0.2340,-0.1848,ev,multiplicative,projection,main,live,20261002CCEAD0D8,2026-10-01T20:06:10.078Z
2026,4,4307,Aaron Rodgers,PIT,QB,at CLE,passYds,Hard Rock,174.5,over,184.84,-400,250,0.8000,0.7368,0.0857,0,0.5659,-0.2341,-0.1710,ev,multiplicative,projection,main,live,20261002CCEAD0D8,2026-10-01T20:06:10.078Z
2026,4,17130,Blake Whiteheart,CLE,TE,vs PIT,recYds,Hard Rock,10.5,under,9.35,-350,230,0.7778,0.7196,0.0808,0,0.5424,-0.2354,-0.1773,ev,multiplicative,projection,main,live,20261002CCEAD0D8,2026-10-01T20:06:10.078Z
2026,4,4307,Aaron Rodgers,PIT,QB,at CLE,passYds,Hard Rock,176.5,over,184.84,-375,240,0.7895,0.7286,0.0836,0,0.5532,-0.2363,-0.1753,ev,multiplicative,projection,main,live,20261002CCEAD0D8,2026-10-01T20:06:10.078Z
2026,4,4307,Aaron Rodgers,PIT,QB,at CLE,passYds,Hard Rock,178.5,over,184.84,-350,230,0.7778,0.7196,0.0808,0,0.5405,-0.2373,-0.1791,ev,multiplicative,projection,main,live,20261002CCEAD0D8,2026-10-01T20:06:10.078Z
2026,4,4307,Aaron Rodgers,PIT,QB,at CLE,passYds,Hard Rock,191.5,over,184.84,-225,160,0.6923,0.6429,0.0769,0,0.4529,-0.2394,-0.1900,ev,multiplicative,projection,main,live,20261002CCEAD0D8,2026-10-01T20:06:10.078Z
2026,4,4307,Aaron Rodgers,PIT,QB,at CLE,passYds,Hard Rock,188.5,over,184.84,-250,175,0.7143,0.6627,0.0779,0,0.4741,-0.2402,-0.1886,ev,multiplicative,projection,main,live,20261002CCEAD0D8,2026-10-01T20:06:10.078Z
2026,4,4307,Aaron Rodgers,PIT,QB,at CLE,passYds,Hard Rock,183.5,over,184.84,-300,195,0.7500,0.6887,0.0890,0,0.5086,-0.2414,-0.1801,ev,multiplicative,projection,main,live,20261002CCEAD0D8,2026-10-01T20:06:10.078Z
2026,4,18516,Quinshon Judkins,CLE,RB,vs PIT,rushYds,Hard Rock,46.5,over,42.39,-200,145,0.6667,0.6203,0.0748,0,0.4248,-0.2419,-0.1954,ev,multiplicative,projection,main,live,20261002CCEAD0D8,2026-10-01T20:06:10.078Z
2026,4,4307,Aaron Rodgers,PIT,QB,at CLE,passYds,Hard Rock,196.5,over,184.84,-195,140,0.6610,0.6134,0.0777,0,0.4179,-0.2431,-0.1955,ev,multiplicative,projection,main,live,20261002CCEAD0D8,2026-10-01T20:06:10.078Z
2026,4,4307,Aaron Rodgers,PIT,QB,at CLE,passYds,Hard Rock,181.5,over,184.84,-325,210,0.7647,0.7033,0.0873,0,0.5214,-0.2433,-0.1819,ev,multiplicative,projection,main,live,20261002CCEAD0D8,2026-10-01T20:06:10.078Z
2026,4,4307,Aaron Rodgers,PIT,QB,at CLE,passYds,Hard Rock,197.5,over,184.84,-190,135,0.6552,0.6062,0.0807,0,0.4109,-0.2442,-0.1953,ev,multiplicative,projection,main,live,20261002CCEAD0D8,2026-10-01T20:06:10.078Z
2026,4,17130,Blake Whiteheart,CLE,TE,vs PIT,recYds,Hard Rock,9.5,under,9.35,-300,210,0.7500,0.6992,0.0726,0,0.5055,-0.2445,-0.1937,ev,multiplicative,projection,main,live,20261002CCEAD0D8,2026-10-01T20:06:10.078Z
2026,4,18526,Raheim Sanders,CLE,RB,vs PIT,rushYds,Hard Rock,32.5,under,15.36,-6000,1300,0.9836,0.9323,0.0550,0,0.7387,-0.2449,-0.1936,ev,multiplicative,projection,main,live,20261002CCEAD0D8,2026-10-01T20:06:10.078Z
2026,4,4307,Aaron Rodgers,PIT,QB,at CLE,passYds,Hard Rock,198.5,over,184.84,-185,135,0.6491,0.6040,0.0747,0,0.4040,-0.2451,-0.2000,ev,multiplicative,projection,main,live,20261002CCEAD0D8,2026-10-01T20:06:10.078Z
2026,4,4307,Aaron Rodgers,PIT,QB,at CLE,passYds,Hard Rock,194.5,over,184.84,-210,145,0.6774,0.6240,0.0856,0,0.4318,-0.2456,-0.1922,ev,multiplicative,projection,main,live,20261002CCEAD0D8,2026-10-01T20:06:10.078Z
2026,4,4307,Aaron Rodgers,PIT,QB,at CLE,passYds,Hard Rock,190.5,over,184.84,-240,165,0.7059,0.6516,0.0832,0,0.4599,-0.2460,-0.1917,ev,multiplicative,projection,main,live,20261002CCEAD0D8,2026-10-01T20:06:10.078Z
2026,4,4307,Aaron Rodgers,PIT,QB,at CLE,passYds,Hard Rock,200.5,over,184.84,-175,125,0.6364,0.5888,0.0808,0,0.3903,-0.2460,-0.1985,ev,multiplicative,projection,main,live,20261002CCEAD0D8,2026-10-01T20:06:10.078Z
2026,4,4307,Aaron Rodgers,PIT,QB,at CLE,passYds,Hard Rock,193.5,over,184.84,-220,150,0.6875,0.6322,0.0875,0,0.4388,-0.2487,-0.1934,ev,multiplicative,projection,main,live,20261002CCEAD0D8,2026-10-01T20:06:10.078Z
2026,4,13484,Travis Homer,PIT,RB,at CLE,rushYds,Hard Rock,16.5,under,13.65,-600,350,0.8571,0.7941,0.0794,0,0.6048,-0.2523,-0.1893,ev,multiplicative,projection,main,live,20261002CCEAD0D8,2026-10-01T20:06:10.078Z
2026,4,4307,Aaron Rodgers,PIT,QB,at CLE,passYds,Hard Rock,201.5,over,184.84,-175,120,0.6364,0.5833,0.0909,0,0.3835,-0.2528,-0.1998,ev,multiplicative,projection,main,live,20261002CCEAD0D8,2026-10-01T20:06:10.078Z
2026,4,4307,Aaron Rodgers,PIT,QB,at CLE,passYds,Hard Rock,208.5,over,184.84,-145,105,0.5918,0.5482,0.0796,0,0.3370,-0.2549,-0.2112,ev,multiplicative,projection,main,live,20261002CCEAD0D8,2026-10-01T20:06:10.078Z
