Season,Week,Persona,PlayerID,Name,Team,Pos,Opp,Stat,Book,Line,Side,Odds,OppositeOdds,ImpliedProb,FairProb,Hold,OneSided,OurProb,Edge,ModelEdge,EdgeBucket,PriceModel,Bettable,Slot,StakeUnits,ScaledBy,BankrollBefore,Status,Actual,PnlUnits,ClvStatus,ClvProb,ClvPct,ClosingOdds,ClosingLine,LineMove,Source,CapturedAt
2026,1,firehose,14510,Darnell Mooney,NYG,WR,vs DAL,recYds,Hard Rock,21.5,over,300,-475,0.2500,0.2323,0.0761,0,0.6206,0.3706,0.3883,15%+,projection,1,closing-mixed,1,1,100,won,27,3,,,,,,,opticodds,2026-10-01T17:18:10.021Z
2026,1,firehose,17033,Sam LaPorta,DET,TE,vs NO,receptions,theScore,4.5,over,325,-160,0.2353,0.2766,-0.1493,0,0.5969,0.3616,0.3203,15%+,projection,1,closing-mixed,1,1,100,won,5,3.25,,,,,,,opticodds,2026-10-01T17:18:10.021Z
2026,1,firehose,16025,Jalen Nailor,LV,WR,vs MIA,recYds,Hard Rock,38.5,over,300,-475,0.2500,0.2323,0.0761,0,0.6013,0.3513,0.3690,15%+,projection,1,closing-mixed,1,1,100,lost,27,-1,,,,,,,opticodds,2026-10-01T17:18:10.021Z
2026,1,firehose,15372,Rhamondre Stevenson,NE,RB,at SEA,rushYds,Hard Rock,60.5,over,185,-275,0.3509,0.3236,0.0842,0,0.6938,0.3429,0.3702,15%+,projection,1,opening,1,1,100,lost,51,-1,,,,,,,opticodds,2026-10-08T15:29:02.144Z
2026,1,firehose,12764,Mike Gesicki,CIN,TE,vs TB,receptions,Hard Rock,1.5,over,-115,-115,0.5349,0.5000,0.0698,0,0.8572,0.3223,0.3572,15%+,projection,1,closing-mixed,1,1,100,won,5,0.8696,,,,,,,opticodds,2026-10-01T17:18:10.021Z
2026,1,firehose,17974,Ryan Flournoy,DAL,WR,at NYG,recYds,BetRivers,19.5,over,155,,0.3922,0.3922,,1,0.6968,0.3046,0.3046,15%+,projection,1,closing-mixed,1,1,100,won,22,1.55,,,,,,,opticodds,2026-10-01T17:18:10.021Z
2026,1,firehose,16965,Andrei Iosivas,CIN,WR,vs TB,recYds,Hard Rock,19.5,over,225,-350,0.3077,0.2835,0.0855,0,0.6059,0.2982,0.3224,15%+,projection,1,closing-mixed,1,1,100,lost,12,-1,,,,,,,opticodds,2026-10-01T17:18:10.021Z
2026,1,firehose,17974,Ryan Flournoy,DAL,WR,at NYG,receptions,BetRivers,2.5,over,380,,0.2083,0.2083,,1,0.4959,0.2875,0.2875,15%+,projection,1,closing-mixed,1,1,100,lost,2,-1,,,,,,,opticodds,2026-10-01T17:18:10.021Z
2026,1,firehose,13432,A.J. Brown,NE,WR,at SEA,receptions,theScore,5.5,over,375,-155,0.2105,0.2573,-0.1816,0,0.4927,0.2821,0.2354,15%+,projection,1,opening,1,1,100,lost,3,-1,,,,,,,opticodds,2026-10-08T15:29:02.144Z
2026,1,firehose,16666,Michael Mayer,LV,TE,vs MIA,receptions,FanDuel,4.5,over,880,-102,0.1020,0.1681,-0.3930,0,0.3800,0.2779,0.2119,15%+,projection,1,opening,1,1,100,won,6,8.8,,,,,,,opticodds,2026-10-08T15:29:02.144Z
2026,1,firehose,12764,Mike Gesicki,CIN,TE,vs TB,recYds,Hard Rock,23.5,over,200,-300,0.3333,0.3077,0.0833,0,0.6111,0.2777,0.3034,15%+,projection,1,closing-mixed,1,1,100,won,78,2,,,,,,,opticodds,2026-10-01T17:18:10.021Z
2026,1,firehose,16666,Michael Mayer,LV,TE,vs MIA,recYds,Caesars,39.5,over,675,-111,0.1290,0.1970,-0.3449,0,0.4000,0.2709,0.2030,15%+,projection,1,closing-mixed,1,1,100,lost,32,-1,,,,,,,opticodds,2026-10-01T17:18:10.021Z
2026,1,firehose,16025,Jalen Nailor,LV,WR,vs MIA,receptions,Hard Rock,3.5,over,450,-170,0.1818,0.2241,-0.1886,0,0.4511,0.2693,0.2270,15%+,projection,1,closing-mixed,1,1,100,lost,3,-1,,,,,,,opticodds,2026-10-01T17:18:10.021Z
2026,1,firehose,16027,Romeo Doubs,NE,WR,at SEA,receptions,theScore,4.5,over,700,,0.1250,0.1250,,1,0.3915,0.2665,0.2665,15%+,projection,1,opening,1,1,100,lost,0,-1,,,,,,,opticodds,2026-10-08T15:29:02.144Z
2026,1,firehose,13491,Daniel Jones,IND,QB,vs BAL,completions,theScore,24.5,over,750,,0.1176,0.1176,,1,0.3841,0.2664,0.2664,15%+,projection,1,closing-mixed,1,1,100,lost,19,-1,,,,,,,opticodds,2026-10-01T17:18:10.021Z
2026,1,firehose,19313,Malachi Fields,NYG,WR,vs DAL,receptions,BetRivers,2.5,over,265,,0.2740,0.2740,,1,0.5332,0.2592,0.2592,15%+,projection,1,closing-mixed,1,1,100,lost,2,-1,,,,,,,opticodds,2026-10-01T17:18:10.021Z
2026,1,firehose,14657,Rico Dowdle,PIT,RB,vs ATL,receptions,BetRivers,1.5,over,128,,0.4386,0.4386,,1,0.6958,0.2572,0.2572,15%+,projection,1,closing-mixed,1,1,100,won,2,1.28,,,,,,,opticodds,2026-10-01T17:18:10.021Z
2026,1,firehose,13590,Tony Pollard,TEN,RB,vs NYJ,receptions,BetRivers,0.5,over,-200,,0.6667,0.6667,,1,0.9212,0.2545,0.2545,15%+,projection,1,closing-mixed,1,1,100,won,1,0.5,,,,,,,opticodds,2026-10-01T17:18:10.021Z
2026,1,firehose,15947,Jake Ferguson,DAL,TE,at NYG,receptions,Hard Rock,2.5,over,-170,130,0.6296,0.5915,0.0644,0,0.8825,0.2528,0.2909,15%+,projection,1,closing-mixed,1,1,100,lost,2,-1,,,,,,,opticodds,2026-10-01T17:18:10.021Z
2026,1,firehose,15372,Rhamondre Stevenson,NE,RB,at SEA,recYds,theScore,29.5,under,-120,185,0.5455,0.6085,-0.1037,0,0.7931,0.2477,0.1846,15%+,projection,1,opening,1,1,100,lost,44,-1,,,,,,,opticodds,2026-10-08T15:29:02.144Z
2026,1,firehose,12860,Dallas Goedert,PHI,TE,vs WAS,recYds,DraftKings,29.5,over,-114,-110,0.5327,0.5042,0.0565,0,0.7782,0.2454,0.2739,15%+,projection,1,closing-mixed,1,1,100,won,77,0.8772,,,,,,,opticodds,2026-10-01T17:18:10.021Z
2026,1,firehose,12559,Mark Andrews,BAL,TE,at IND,recYds,DraftKings,29.5,over,-111,-113,0.5261,0.4979,0.0566,0,0.7689,0.2428,0.2710,15%+,projection,1,closing-mixed,1,1,100,won,49,0.9009,,,,,,,opticodds,2026-10-01T17:18:10.021Z
2026,1,firehose,14418,J.K. Dobbins,DEN,RB,at KC,rushYds,BetRivers,49.5,over,300,-113,0.2500,0.3203,-0.2195,0,0.4925,0.2425,0.1722,15%+,projection,1,closing-mixed,1,1,100,lost,36,-1,,,,,,,opticodds,2026-10-01T17:18:10.021Z
2026,1,firehose,14510,Darnell Mooney,NYG,WR,vs DAL,receptions,BetRivers,1.5,over,188,,0.3472,0.3472,,1,0.5867,0.2395,0.2395,15%+,projection,1,closing-mixed,1,1,100,won,2,1.88,,,,,,,opticodds,2026-10-01T17:18:10.021Z
2026,1,firehose,14411,CeeDee Lamb,DAL,WR,at NYG,receptions,theScore,7.5,over,600,,0.1429,0.1429,,1,0.3821,0.2392,0.2392,15%+,projection,1,closing-mixed,1,1,100,lost,5,-1,,,,,,,opticodds,2026-10-01T17:18:10.021Z
2026,1,firehose,15372,Rhamondre Stevenson,NE,RB,at SEA,rushAtt,DraftKings,14.5,over,-122,-104,0.5495,0.5188,0.0594,0,0.7883,0.2387,0.2695,15%+,projection,1,closing-mixed,1,1,100,won,18,0.8197,,,,,,,opticodds,2026-10-01T17:18:10.021Z
2026,1,firehose,19235,Jeremiyah Love,ARI,RB,at LAC,receptions,theScore,3.5,over,500,,0.1667,0.1667,,1,0.4036,0.2370,0.2370,15%+,projection,1,closing-mixed,1,1,100,lost,2,-1,,,,,,,opticodds,2026-10-01T17:18:10.021Z
2026,1,firehose,16042,Chig Okonkwo,WAS,TE,at PHI,receptions,Hard Rock,3.5,over,200,,0.3333,0.3333,,1,0.5649,0.2316,0.2316,15%+,projection,1,closing-mixed,1,1,100,lost,2,-1,,,,,,,opticodds,2026-10-01T17:18:10.021Z
2026,1,firehose,16654,Jaxon Smith-Njigba,SEA,WR,vs NE,receptions,theScore,8.5,over,550,,0.1538,0.1538,,1,0.3849,0.2311,0.2311,15%+,projection,1,opening,1,1,100,lost,8,-1,,,,,,,opticodds,2026-10-08T15:29:02.144Z
2026,1,firehose,18520,Kyle Monangai,CHI,RB,at CAR,receptions,Hard Rock,0.5,over,-200,150,0.6667,0.6250,0.0667,0,0.8975,0.2308,0.2725,15%+,projection,1,closing-mixed,1,1,100,won,2,0.5,,,,,,,opticodds,2026-10-01T17:18:10.021Z
2026,1,firehose,12483,Josh Allen,BUF,QB,at HOU,rushYds,Hard Rock,26.5,under,120,-170,0.4545,0.4193,0.0842,0,0.6839,0.2293,0.2646,15%+,projection,1,closing-mixed,1,1,100,won,23,1.2,,,,,,,opticodds,2026-10-01T17:18:10.021Z
2026,1,firehose,16965,Andrei Iosivas,CIN,WR,vs TB,receptions,Hard Rock,2.5,over,525,,0.1600,0.1600,,1,0.3884,0.2284,0.2284,15%+,projection,1,closing-mixed,1,1,100,lost,2,-1,,,,,,,opticodds,2026-10-01T17:18:10.021Z
2026,1,firehose,19300,Mike Washington,LV,RB,vs MIA,rushYds,theScore,59.5,over,900,,0.1000,0.1000,,1,0.3268,0.2268,0.2268,15%+,projection,1,closing-mixed,1,1,100,lost,41,-1,,,,,,,opticodds,2026-10-01T17:18:10.021Z
2026,1,firehose,14657,Rico Dowdle,PIT,RB,vs ATL,recYds,BetRivers,6.5,over,-110,-121,0.5238,0.4889,0.0713,0,0.7490,0.2251,0.2600,15%+,projection,1,closing-mixed,1,1,100,lost,6,-1,,,,,,,opticodds,2026-10-01T17:18:10.021Z
2026,1,firehose,11008,Dak Prescott,DAL,QB,at NYG,rushAtt,Hard Rock,1.5,over,-250,,0.7143,0.7143,,1,0.9387,0.2244,0.2244,15%+,projection,1,closing-mixed,1,1,100,won,2,0.4,,,,,,,opticodds,2026-10-01T17:18:10.021Z
2026,1,firehose,16933,Chris Rodriguez Jr.,JAX,RB,vs CLE,rushAtt,theScore,14.5,over,1500,,0.0625,0.0625,,1,0.2866,0.2241,0.2241,15%+,projection,1,closing-mixed,1,1,100,lost,6,-1,,,,,,,opticodds,2026-10-01T17:18:10.021Z
2026,1,firehose,14416,Jalen Hurts,PHI,QB,vs WAS,rushYds,FanDuel,24.5,over,-102,,0.5050,0.5050,,1,0.7288,0.2238,0.2238,15%+,projection,1,closing-mixed,1,1,100,won,46,0.9804,,,,,,,opticodds,2026-10-01T17:18:10.021Z
2026,1,firehose,16795,Kayshon Boutte,HOU,WR,vs BUF,receptions,betrivers,2.5,over,160,,0.3846,0.3846,,1,0.6081,0.2235,0.2235,15%+,projection,1,main,1,1,100,lost,1,-1,,,,,,,rotowire,2026-09-11T18:12:40.026Z
2026,1,firehose,16941,Tyjae Spears,TEN,RB,vs NYJ,rushYds,Hard Rock,26.5,over,195,-275,0.3390,0.3161,0.0723,0,0.5624,0.2234,0.2462,15%+,projection,1,closing-mixed,1,1,100,lost,12,-1,,,,,,,opticodds,2026-10-01T17:18:10.021Z
2026,1,firehose,11008,Dak Prescott,DAL,QB,@ NYG,rushYds,betr,7.5,over,-110,,0.5238,0.5238,,1,0.7443,0.2205,0.2205,15%+,projection,1,main,1,1,100,won,14,0.9091,,,,,,,rotowire,2026-09-11T18:12:40.026Z
2026,1,firehose,17724,Ladd McConkey,LAC,WR,vs ARI,receptions,theScore,6.5,over,650,,0.1333,0.1333,,1,0.3527,0.2194,0.2194,15%+,projection,1,closing-mixed,1,1,100,lost,5,-1,,,,,,,opticodds,2026-10-01T17:18:10.021Z
2026,1,firehose,16027,Romeo Doubs,NE,WR,at SEA,recYds,Caesars,19.5,over,-245,,0.7101,0.7101,,1,0.9294,0.2193,0.2193,15%+,projection,1,opening,1,1,100,lost,0,-1,,,,,,,opticodds,2026-10-08T15:29:02.144Z
2026,1,firehose,19313,Malachi Fields,NYG,WR,vs DAL,recYds,theScore,39.5,over,325,,0.2353,0.2353,,1,0.4530,0.2177,0.2177,15%+,projection,1,closing-mixed,1,1,100,lost,25,-1,,,,,,,opticodds,2026-10-01T17:18:10.021Z
2026,1,firehose,17784,Bucky Irving,TB,RB,at CIN,rushYds,DraftKings,69.5,over,237,,0.2967,0.2967,,1,0.5143,0.2175,0.2175,15%+,projection,1,closing-mixed,1,1,100,lost,45,-1,,,,,,,opticodds,2026-10-01T17:18:10.021Z
2026,1,firehose,14657,Rico Dowdle,PIT,RB,vs ATL,rushYds,theScore,49.5,over,130,-130,0.4348,0.4348,0.0000,0,0.6499,0.2151,0.2151,15%+,projection,1,closing-mixed,1,1,100,lost,15,-1,,,,,,,opticodds,2026-10-01T17:18:10.021Z
2026,1,firehose,16795,Kayshon Boutte,HOU,WR,vs BUF,recYds,DraftKings,49.5,over,447,,0.1828,0.1828,,1,0.3979,0.2151,0.2151,15%+,projection,1,closing-mixed,1,1,100,lost,21,-1,,,,,,,opticodds,2026-10-01T17:18:10.021Z
2026,1,firehose,18487,Ashton Jeanty,LV,RB,vs MIA,receptions,Hard Rock,2.5,over,115,-150,0.4651,0.4367,0.0651,0,0.6801,0.2150,0.2434,15%+,projection,1,closing-mixed,1,1,100,won,6,1.15,,,,,,,opticodds,2026-10-01T17:18:10.021Z
2026,1,firehose,17690,Blake Corum,LAR,RB,vs SF,rushAtt,theScore,14.5,over,1300,,0.0714,0.0714,,1,0.2864,0.2149,0.2149,15%+,projection,1,opening,1,1,100,lost,10,-1,,,,,,,opticodds,2026-10-08T15:29:02.144Z
2026,1,firehose,15210,Rashod Bateman,BAL,WR,at IND,recYds,Hard Rock,27.5,over,115,-160,0.4651,0.4305,0.0805,0,0.6792,0.2141,0.2487,15%+,projection,1,closing-mixed,1,1,100,lost,0,-1,,,,,,,opticodds,2026-10-01T17:18:10.021Z
2026,1,firehose,15332,Amon-Ra St. Brown,DET,WR,vs NO,receptions,DraftKings,8.5,over,427,,0.1898,0.1898,,1,0.4031,0.2133,0.2133,15%+,projection,1,closing-mixed,1,1,100,won,10,4.27,,,,,,,opticodds,2026-10-01T17:18:10.021Z
2026,1,firehose,16751,DeMario Douglas,NE,WR,at SEA,recYds,theScore,15.5,over,105,-135,0.4878,0.4592,0.0623,0,0.7004,0.2126,0.2412,15%+,projection,1,closing-mixed,1,1,100,won,20,1.05,,,,,,,opticodds,2026-10-01T17:18:10.021Z
2026,1,firehose,17690,Blake Corum,LAR,RB,vs SF,rushYds,BetRivers,59.5,over,420,,0.1923,0.1923,,1,0.4048,0.2125,0.2125,15%+,projection,1,opening,1,1,100,lost,54,-1,,,,,,,opticodds,2026-10-08T15:29:02.144Z
2026,1,firehose,15306,Javonte Williams,DAL,RB,at NYG,rushYds,FanDuel,79.5,over,154,,0.3937,0.3937,,1,0.6060,0.2123,0.2123,15%+,projection,1,closing-mixed,1,1,100,lost,41,-1,,,,,,,opticodds,2026-10-01T17:18:10.021Z
2026,1,firehose,12490,Sam Darnold,SEA,QB,vs NE,rushAtt,Hard Rock,1.5,over,-190,,0.6552,0.6552,,1,0.8673,0.2121,0.2121,15%+,projection,1,closing-mixed,1,1,100,lost,0,-1,,,,,,,opticodds,2026-10-01T17:18:10.021Z
2026,1,firehose,14455,Jonathan Taylor,IND,RB,vs BAL,receptions,theScore,4.5,over,450,,0.1818,0.1818,,1,0.3939,0.2121,0.2121,15%+,projection,1,closing-mixed,1,1,100,lost,3,-1,,,,,,,opticodds,2026-10-01T17:18:10.021Z
2026,1,firehose,15892,Khalil Shakir,BUF,WR,at HOU,receptions,theScore,6.5,over,650,,0.1333,0.1333,,1,0.3439,0.2106,0.2106,15%+,projection,1,closing-mixed,1,1,100,lost,4,-1,,,,,,,opticodds,2026-10-01T17:18:10.021Z
2026,1,firehose,13556,David Montgomery,HOU,RB,vs BUF,recYds,FanDuel,9.5,over,118,-114,0.4587,0.4627,-0.0086,0,0.6681,0.2094,0.2054,15%+,projection,1,closing-mixed,1,1,100,won,19,1.18,,,,,,,opticodds,2026-10-01T17:18:10.021Z
2026,1,firehose,14541,Adam Trautman,DEN,TE,at KC,recYds,FanDuel,5.5,over,108,-138,0.4808,0.4533,0.0606,0,0.6900,0.2092,0.2367,15%+,projection,1,closing-mixed,1,1,100,won,10,1.08,,,,,,,opticodds,2026-10-01T17:18:10.021Z
2026,1,firehose,16705,Tank Bigsby,PHI,RB,vs WAS,rushYds,DraftKings,12.5,over,-115,-109,0.5349,0.5063,0.0564,0,0.7440,0.2091,0.2377,15%+,projection,1,closing-mixed,1,1,100,lost,3,-1,,,,,,,opticodds,2026-10-01T17:18:10.021Z
2026,1,firehose,10819,Derrick Henry,BAL,RB,at IND,receptions,Hard Rock,1.5,under,-150,115,0.6000,0.5633,0.0651,0,0.8090,0.2090,0.2457,15%+,projection,1,closing-mixed,1,1,100,won,1,0.6667,,,,,,,opticodds,2026-10-01T17:18:10.021Z
2026,1,firehose,16919,Zay Flowers,BAL,WR,at IND,recYds,DraftKings,59.5,over,-112,-112,0.5283,0.5000,0.0566,0,0.7373,0.2090,0.2373,15%+,projection,1,closing-mixed,1,1,100,won,150,0.8929,,,,,,,opticodds,2026-10-01T17:18:10.021Z
2026,1,firehose,10215,Darren Waller,CAR,TE,vs CHI,recYds,Caesars,39.5,over,700,,0.1250,0.1250,,1,0.3337,0.2087,0.2087,15%+,projection,1,closing-mixed,1,1,100,lost,28,-1,,,,,,,opticodds,2026-10-01T17:18:10.021Z
2026,1,firehose,13590,Tony Pollard,TEN,RB,vs NYJ,recYds,Hard Rock,9.5,over,150,-210,0.4000,0.3713,0.0774,0,0.6087,0.2087,0.2375,15%+,projection,1,closing-mixed,1,1,100,lost,-1,-1,,,,,,,opticodds,2026-10-01T17:18:10.021Z
2026,1,firehose,16807,Bryce Young,CAR,QB,vs CHI,rushYds,FanDuel,24.5,over,360,,0.2174,0.2174,,1,0.4248,0.2074,0.2074,15%+,projection,1,closing-mixed,1,1,100,lost,10,-1,,,,,,,opticodds,2026-10-01T17:18:10.021Z
2026,1,firehose,17716,Brian Thomas Jr.,JAX,WR,vs CLE,receptions,DraftKings,4.5,over,408,,0.1969,0.1969,,1,0.4042,0.2074,0.2074,15%+,projection,1,closing-mixed,1,1,100,lost,3,-1,,,,,,,opticodds,2026-10-01T17:18:10.021Z
2026,1,firehose,13894,KaVontae Turpin,DAL,WR,at NYG,recYds,Hard Rock,9.5,over,140,-195,0.4167,0.3866,0.0777,0,0.6232,0.2065,0.2365,15%+,projection,1,closing-mixed,1,1,100,lost,8,-1,,,,,,,opticodds,2026-10-01T17:18:10.021Z
2026,1,firehose,14376,Jauan Jennings,MIN,WR,vs GB,receptions,Caesars,4.5,over,750,,0.1176,0.1176,,1,0.3242,0.2065,0.2065,15%+,projection,1,closing-mixed,1,1,100,lost,0,-1,,,,,,,opticodds,2026-10-01T17:18:10.021Z
2026,1,firehose,13432,A.J. Brown,NE,WR,at SEA,recYds,FanDuel,69.5,over,146,,0.4065,0.4065,,1,0.6127,0.2062,0.2062,15%+,projection,1,opening,1,1,100,lost,26,-1,,,,,,,opticodds,2026-10-08T15:29:02.144Z
2026,1,firehose,14455,Jonathan Taylor,IND,RB,vs BAL,recYds,BetRivers,29.5,over,310,,0.2439,0.2439,,1,0.4501,0.2062,0.2062,15%+,projection,1,closing-mixed,1,1,100,lost,23,-1,,,,,,,opticodds,2026-10-01T17:18:10.021Z
2026,1,firehose,15976,Tyler Allgeier,ARI,RB,at LAC,rushYds,theScore,44.5,over,250,,0.2857,0.2857,,1,0.4911,0.2054,0.2054,15%+,projection,1,closing-mixed,1,1,100,won,61,2.5,,,,,,,opticodds,2026-10-01T17:18:10.021Z
2026,1,firehose,17784,Bucky Irving,TB,RB,at CIN,recYds,Caesars,9.5,over,-145,,0.5918,0.5918,,1,0.7970,0.2051,0.2051,15%+,projection,1,closing-mixed,1,1,100,won,48,0.6897,,,,,,,opticodds,2026-10-01T17:18:10.021Z
2026,1,firehose,15802,Rachaad White,WAS,RB,at PHI,rushYds,Caesars,49.5,over,700,,0.1250,0.1250,,1,0.3297,0.2047,0.2047,15%+,projection,1,closing-mixed,1,1,100,lost,22,-1,,,,,,,opticodds,2026-10-01T17:18:10.021Z
2026,1,firehose,16849,Marvin Mims Jr.,DEN,WR,at KC,recYds,FanDuel,14.5,over,118,,0.4587,0.4587,,1,0.6630,0.2042,0.2042,15%+,projection,1,closing-mixed,1,1,100,pending,,,,,,,,,opticodds,2026-10-01T17:18:10.021Z
2026,1,firehose,17811,AJ Barner,SEA,TE,vs NE,receptions,FanDuel,3.5,over,172,,0.3676,0.3676,,1,0.5715,0.2039,0.2039,15%+,projection,1,closing-mixed,1,1,100,lost,2,-1,,,,,,,opticodds,2026-10-01T17:18:10.021Z
2026,1,firehose,16977,Jayden Reed,GB,WR,at MIN,recYds,BetRivers,39.5,over,116,-118,0.4630,0.4610,0.0042,0,0.6664,0.2035,0.2054,15%+,projection,1,closing-mixed,1,1,100,lost,20,-1,,,,,,,opticodds,2026-10-01T17:18:10.021Z
2026,1,firehose,14376,Jauan Jennings,MIN,WR,vs GB,recYds,DraftKings,19.5,over,-112,-112,0.5283,0.5000,0.0566,0,0.7315,0.2032,0.2315,15%+,projection,1,closing-mixed,1,1,100,lost,0,-1,,,,,,,opticodds,2026-10-01T17:18:10.021Z
2026,1,firehose,18555,Jaylin Noel,HOU,WR,vs BUF,recYds,BetRivers,11.5,over,-112,-120,0.5283,0.4920,0.0738,0,0.7288,0.2005,0.2368,15%+,projection,1,closing-mixed,1,1,100,won,53,0.8929,,,,,,,opticodds,2026-10-01T17:18:10.021Z
2026,1,firehose,16689,Josh Downs,IND,WR,vs BAL,receptions,DraftKings,6.5,over,558,,0.1520,0.1520,,1,0.3521,0.2001,0.2001,15%+,projection,1,closing-mixed,1,1,100,lost,2,-1,,,,,,,opticodds,2026-10-01T17:18:10.021Z
2026,1,firehose,18540,Elijah Arroyo,SEA,TE,vs NE,receptions,FanDuel,1.5,over,255,,0.2817,0.2817,,1,0.4814,0.1997,0.1997,15%+,projection,1,opening,1,1,100,pending,,,,,,,,,opticodds,2026-10-08T15:29:02.144Z
2026,1,firehose,13556,David Montgomery,HOU,RB,vs BUF,receptions,caesars,1.5,over,-121,,0.5475,0.5475,,1,0.7462,0.1986,0.1986,15%+,projection,1,main,1,1,100,won,3,0.8264,,,,,,,rotowire,2026-09-11T18:12:40.026Z
2026,1,firehose,15385,Travis Etienne Jr.,NO,RB,at DET,rushYds,DraftKings,59.5,over,142,,0.4132,0.4132,,1,0.6114,0.1982,0.1982,15%+,projection,1,closing-mixed,1,1,100,lost,46,-1,,,,,,,opticodds,2026-10-01T17:18:10.021Z
2026,1,firehose,18522,RJ Harvey,DEN,RB,at KC,rushAtt,theScore,11.5,over,1400,,0.0667,0.0667,,1,0.2646,0.1979,0.1979,15%+,projection,1,closing-mixed,1,1,100,lost,3,-1,,,,,,,opticodds,2026-10-01T17:18:10.021Z
2026,1,firehose,10854,Tyler Higbee,LAR,TE,vs SF,recYds,Hard Rock,10.5,under,155,-220,0.3922,0.3632,0.0797,0,0.5898,0.1977,0.2266,15%+,projection,1,closing-mixed,1,1,100,lost,12,-1,,,,,,,opticodds,2026-10-01T17:18:10.021Z
2026,1,firehose,19279,Kenyon Sadiq,NYJ,TE,at TEN,recYds,FanDuel,9.5,over,-154,,0.6063,0.6063,,1,0.8029,0.1966,0.1966,15%+,projection,1,closing-mixed,1,1,100,won,21,0.6494,,,,,,,opticodds,2026-10-01T17:18:10.021Z
2026,1,firehose,18514,Cam Skattebo,NYG,RB,vs DAL,recYds,BetMGM,11.5,over,-105,-110,0.5122,0.4944,0.0360,0,0.7087,0.1965,0.2143,15%+,projection,1,closing-mixed,1,1,100,lost,0,-1,,,,,,,opticodds,2026-10-01T17:18:10.021Z
2026,1,firehose,15802,Rachaad White,WAS,RB,at PHI,rushAtt,DraftKings,13.5,over,2500,,0.0385,0.0385,,1,0.2347,0.1963,0.1963,15%+,projection,1,closing-mixed,1,1,100,lost,7,-1,,,,,,,opticodds,2026-10-01T17:18:10.021Z
2026,1,firehose,17811,AJ Barner,SEA,TE,vs NE,recYds,FanDuel,24.5,over,-104,-113,0.5098,0.4900,0.0403,0,0.7060,0.1962,0.2160,15%+,projection,1,closing-mixed,1,1,100,lost,13,-1,,,,,,,opticodds,2026-10-01T17:18:10.021Z
2026,1,firehose,17976,Jalen Coker,CAR,WR,vs CHI,recYds,Caesars,19.5,over,-320,,0.7619,0.7619,,1,0.9581,0.1962,0.1962,15%+,projection,1,closing-mixed,1,1,100,won,138,0.3125,,,,,,,opticodds,2026-10-01T17:18:10.021Z
2026,1,firehose,13449,Devin Singletary,NYG,RB,vs DAL,rushYds,FanDuel,9.5,over,100,,0.5000,0.5000,,1,0.6961,0.1961,0.1961,15%+,projection,1,closing-mixed,1,1,100,won,16,1,,,,,,,opticodds,2026-10-01T17:18:10.021Z
2026,1,firehose,15372,Rhamondre Stevenson,NE,RB,at SEA,receptions,Caesars,1.5,over,-275,,0.7333,0.7333,,1,0.9294,0.1961,0.1961,15%+,projection,1,opening,1,1,100,won,5,0.3636,,,,,,,opticodds,2026-10-08T15:29:02.144Z
2026,1,firehose,17692,Jayden Daniels,WAS,QB,at PHI,passAtt,theScore,34.5,over,425,,0.1905,0.1905,,1,0.3861,0.1956,0.1956,15%+,projection,1,closing-mixed,1,1,100,lost,34,-1,,,,,,,opticodds,2026-10-01T17:18:10.021Z
2026,1,firehose,15902,Trey McBride,ARI,TE,at LAC,recYds,DraftKings,79.5,under,-120,211,0.5455,0.6291,-0.1330,0,0.7407,0.1952,0.1116,15%+,projection,1,closing-mixed,1,1,100,lost,95,-1,,,,,,,opticodds,2026-10-01T17:18:10.021Z
2026,1,firehose,15984,Jaylen Warren,PIT,RB,vs ATL,rushYds,DraftKings,89.5,over,1000,,0.0909,0.0909,,1,0.2850,0.1941,0.1941,15%+,projection,1,closing-mixed,1,1,100,lost,46,-1,,,,,,,opticodds,2026-10-01T17:18:10.021Z
2026,1,firehose,17033,Sam LaPorta,DET,TE,vs NO,recYds,theScore,69.5,over,1100,,0.0833,0.0833,,1,0.2773,0.1940,0.1940,15%+,projection,1,closing-mixed,1,1,100,lost,48,-1,,,,,,,opticodds,2026-10-01T17:18:10.021Z
2026,1,firehose,17668,Adonai Mitchell,NYJ,WR,at TEN,recYds,BetRivers,20.5,over,-117,-114,0.5392,0.5030,0.0719,0,0.7329,0.1938,0.2299,15%+,projection,1,closing-mixed,1,1,100,won,60,0.8547,,,,,,,opticodds,2026-10-01T17:18:10.021Z
2026,1,firehose,15404,Jaylen Waddle,DEN,WR,at KC,recYds,BetMGM,51.5,over,-110,-110,0.5238,0.5000,0.0476,0,0.7174,0.1936,0.2174,15%+,projection,1,closing-mixed,1,1,100,lost,2,-1,,,,,,,opticodds,2026-10-01T17:18:10.021Z
2026,1,firehose,19348,Eli Raridon,NE,TE,at SEA,recYds,FanDuel,4.5,over,-132,,0.5690,0.5690,,1,0.7622,0.1932,0.1932,15%+,projection,1,closing-mixed,1,1,100,lost,2,-1,,,,,,,opticodds,2026-10-01T17:18:10.021Z
2026,1,firehose,19607,Kaelon Black,SF,RB,at LAR,rushYds,DraftKings,14.5,over,177,,0.3610,0.3610,,1,0.5539,0.1929,0.1929,15%+,projection,1,opening,1,1,100,won,65,1.77,,,,,,,opticodds,2026-10-08T15:29:02.144Z
2026,1,firehose,14630,Juwan Johnson,NO,TE,at DET,receptions,DraftKings,3.5,over,-127,100,0.5595,0.5281,0.0595,0,0.7523,0.1928,0.2242,15%+,projection,1,closing-mixed,1,1,100,lost,3,-1,,,,,,,opticodds,2026-10-01T17:18:10.021Z
2026,1,firehose,15222,Kenny Gainwell,TB,RB,@ CIN,rushYds,draftkings,23.5,over,-108,,0.5192,0.5192,,1,0.7119,0.1927,0.1927,15%+,projection,1,main,1,1,100,lost,15,-1,,,,,,,rotowire,2026-09-11T18:12:40.026Z
2026,1,firehose,16933,Chris Rodriguez Jr.,JAX,RB,vs CLE,rushYds,Caesars,69.5,over,950,,0.0952,0.0952,,1,0.2875,0.1922,0.1922,15%+,projection,1,closing-mixed,1,1,100,lost,23,-1,,,,,,,opticodds,2026-10-01T17:18:10.021Z
2026,1,firehose,15872,Malik Willis,MIA,QB,at LV,completions,DraftKings,19.5,over,245,,0.2899,0.2899,,1,0.4815,0.1917,0.1917,15%+,projection,1,closing-mixed,1,1,100,lost,15,-1,,,,,,,opticodds,2026-10-01T17:18:10.021Z
2026,1,firehose,14446,Justin Herbert,LAC,QB,vs ARI,passTD,Caesars,2.5,under,-193,161,0.6587,0.6322,0.0418,0,0.8501,0.1914,0.2179,15%+,projection,1,closing-mixed,1,1,100,won,1,0.5181,,,,,,,opticodds,2026-10-01T17:18:10.021Z
2026,1,firehose,8057,Kirk Cousins,LV,QB,vs MIA,rushYds,FanDuel,4.5,over,225,,0.3077,0.3077,,1,0.4984,0.1907,0.1907,15%+,projection,1,closing-mixed,1,1,100,lost,-6,-1,,,,,,,opticodds,2026-10-01T17:18:10.021Z
2026,1,firehose,16022,Alec Pierce,IND,WR,vs BAL,recYds,Caesars,31.5,over,-102,-128,0.5050,0.4735,0.0664,0,0.6955,0.1906,0.2220,15%+,projection,1,closing-mixed,1,1,100,won,61,0.9804,,,,,,,opticodds,2026-10-01T17:18:10.021Z
2026,1,firehose,18445,Omarion Hampton,LAC,RB,vs ARI,recYds,DraftKings,9.5,over,-111,-113,0.5261,0.4979,0.0566,0,0.7166,0.1906,0.2187,15%+,projection,1,closing-mixed,1,1,100,lost,0,-1,,,,,,,opticodds,2026-10-01T17:18:10.021Z
2026,1,firehose,12619,Baker Mayfield,TB,QB,at CIN,completions,theScore,24.5,over,700,,0.1250,0.1250,,1,0.3155,0.1905,0.1905,15%+,projection,1,closing-mixed,1,1,100,lost,23,-1,,,,,,,opticodds,2026-10-01T17:18:10.021Z
2026,1,firehose,13491,Daniel Jones,IND,QB,vs BAL,passTD,Circa Sports,1.5,under,-155,135,0.6078,0.5882,0.0334,0,0.7980,0.1901,0.2098,15%+,projection,1,opening,1,1,100,won,1,0.6452,,,,,,,opticodds,2026-10-08T15:29:02.144Z
2026,1,firehose,11861,Mack Hollins,NE,WR,at SEA,recYds,FanDuel,9.5,over,102,,0.4950,0.4950,,1,0.6851,0.1900,0.1900,15%+,projection,1,closing-mixed,1,1,100,won,51,1.02,,,,,,,opticodds,2026-10-01T17:18:10.021Z
2026,1,firehose,15984,Jaylen Warren,PIT,RB,vs ATL,rushAtt,Hard Rock,5.5,over,-400,,0.8000,0.8000,,1,0.9900,0.1900,0.1900,15%+,projection,1,closing-mixed,1,1,100,won,10,0.25,,,,,,,opticodds,2026-10-01T17:18:10.021Z
2026,1,firehose,18520,Kyle Monangai,CHI,RB,at CAR,recYds,FanDuel,4.5,over,-140,,0.5833,0.5833,,1,0.7731,0.1897,0.1897,15%+,projection,1,closing-mixed,1,1,100,won,24,0.7143,,,,,,,opticodds,2026-10-01T17:18:10.021Z
2026,1,firehose,17967,Tyrone Tracy Jr.,NYG,RB,vs DAL,rushYds,FanDuel,29.5,over,230,,0.3030,0.3030,,1,0.4925,0.1895,0.1895,15%+,projection,1,closing-mixed,1,1,100,lost,14,-1,,,,,,,opticodds,2026-10-01T17:18:10.021Z
2026,1,firehose,18562,Pat Bryant,DEN,WR,at KC,recYds,BetMGM,20.5,over,-110,-110,0.5238,0.5000,0.0476,0,0.7133,0.1895,0.2133,15%+,projection,1,closing-mixed,1,1,100,won,42,0.9091,,,,,,,opticodds,2026-10-01T17:18:10.021Z
2026,1,firehose,12559,Mark Andrews,BAL,TE,at IND,receptions,Hard Rock,2.5,over,-200,,0.6667,0.6667,,1,0.8552,0.1885,0.1885,15%+,projection,1,closing-mixed,1,1,100,won,4,0.5,,,,,,,opticodds,2026-10-01T17:18:10.021Z
2026,1,firehose,10735,Hunter Henry,NE,TE,at SEA,recYds,Caesars,19.5,over,-245,,0.7101,0.7101,,1,0.8985,0.1884,0.1884,15%+,projection,1,opening,1,1,100,won,26,0.4082,,,,,,,opticodds,2026-10-08T15:29:02.144Z
2026,1,firehose,18548,Luther Burden III,CHI,WR,at CAR,receptions,DraftKings,7.5,over,730,,0.1205,0.1205,,1,0.3087,0.1882,0.1882,15%+,projection,1,closing-mixed,1,1,100,lost,5,-1,,,,,,,opticodds,2026-10-01T17:18:10.021Z
2026,1,firehose,9255,Odell Beckham Jr.,NYG,WR,vs DAL,recYds,FanDuel,14.5,over,205,,0.3279,0.3279,,1,0.5157,0.1879,0.1879,15%+,projection,1,closing-mixed,1,1,100,pending,,,,,,,,,opticodds,2026-10-01T17:18:10.021Z
2026,1,firehose,15907,Brian Robinson Jr.,ATL,RB,at PIT,rushYds,BetRivers,14.5,over,-121,-110,0.5475,0.5111,0.0713,0,0.7343,0.1868,0.2233,15%+,projection,1,closing-mixed,1,1,100,won,31,0.8264,,,,,,,opticodds,2026-10-01T17:18:10.021Z
2026,1,firehose,16919,Zay Flowers,BAL,WR,at IND,receptions,BetRivers,6.5,over,340,,0.2273,0.2273,,1,0.4134,0.1861,0.1861,15%+,projection,1,closing-mixed,1,1,100,lost,5,-1,,,,,,,opticodds,2026-10-01T17:18:10.021Z
2026,1,firehose,16739,Bijan Robinson,ATL,RB,at PIT,rushYds,Circa Sports,67.5,over,-110,-110,0.5238,0.5000,0.0476,0,0.7096,0.1858,0.2096,15%+,projection,1,opening,1,1,100,won,83,0.9091,,,,,,,opticodds,2026-10-08T15:29:02.144Z
2026,1,firehose,19230,Ja'Kobi Lane,BAL,WR,at IND,receptions,Caesars,3.5,over,675,,0.1290,0.1290,,1,0.3148,0.1858,0.1858,15%+,projection,1,closing-mixed,1,1,100,lost,1,-1,,,,,,,opticodds,2026-10-01T17:18:10.021Z
2026,1,firehose,19300,Mike Washington,LV,RB,vs MIA,rushAtt,DraftKings,13.5,over,1220,,0.0758,0.0758,,1,0.2611,0.1854,0.1854,15%+,projection,1,closing-mixed,1,1,100,lost,7,-1,,,,,,,opticodds,2026-10-01T17:18:10.021Z
2026,1,firehose,13429,Deebo Samuel Sr.,SF,WR,at LAR,receptions,theScore,4.5,over,650,,0.1333,0.1333,,1,0.3186,0.1852,0.1852,15%+,projection,1,opening,1,1,100,won,6,6.5,,,,,,,opticodds,2026-10-08T15:29:02.144Z
2026,1,firehose,12561,Lamar Jackson,BAL,QB,at IND,completions,theScore,22.5,over,650,,0.1333,0.1333,,1,0.3182,0.1848,0.1848,15%+,projection,1,closing-mixed,1,1,100,lost,17,-1,,,,,,,opticodds,2026-10-01T17:18:10.021Z
2026,1,firehose,18534,Tyler Warren,IND,TE,vs BAL,receptions,theScore,6.5,over,350,,0.2222,0.2222,,1,0.4070,0.1848,0.1848,15%+,projection,1,closing-mixed,1,1,100,lost,3,-1,,,,,,,opticodds,2026-10-01T17:18:10.021Z
2026,1,firehose,16997,Cam Ward,TEN,QB,vs NYJ,rushYds,DraftKings,7.5,over,-105,-119,0.5122,0.4852,0.0556,0,0.6964,0.1842,0.2111,15%+,projection,1,closing-mixed,1,1,100,won,21,0.9524,,,,,,,opticodds,2026-10-01T17:18:10.021Z
2026,1,firehose,18642,Isaac TeSlaa,DET,WR,vs NO,receptions,DraftKings,3.5,over,960,,0.0943,0.0943,,1,0.2781,0.1838,0.1838,15%+,projection,1,closing-mixed,1,1,100,lost,0,-1,,,,,,,opticodds,2026-10-01T17:18:10.021Z
2026,1,firehose,17695,Caleb Williams,CHI,QB,at CAR,rushAtt,Hard Rock,3.5,over,-145,110,0.5918,0.5541,0.0680,0,0.7749,0.1830,0.2207,15%+,projection,1,closing-mixed,1,1,100,won,10,0.6897,,,,,,,opticodds,2026-10-01T17:18:10.021Z
2026,1,firehose,17976,Jalen Coker,CAR,WR,vs CHI,receptions,Hard Rock,3.5,over,100,-130,0.5000,0.4694,0.0652,0,0.6829,0.1829,0.2135,15%+,projection,1,closing-mixed,1,1,100,won,8,1,,,,,,,opticodds,2026-10-01T17:18:10.021Z
2026,1,firehose,18460,Colston Loveland,CHI,TE,at CAR,recYds,DraftKings,46.5,over,-113,-111,0.5305,0.5021,0.0566,0,0.7132,0.1827,0.2111,15%+,projection,1,closing-mixed,1,1,100,lost,0,-1,,,,,,,opticodds,2026-10-01T17:18:10.021Z
2026,1,firehose,17695,Caleb Williams,CHI,QB,at CAR,passYds,theScore,299.5,over,1200,,0.0769,0.0769,,1,0.2591,0.1822,0.1822,15%+,projection,1,closing-mixed,1,1,100,lost,269,-1,,,,,,,opticodds,2026-10-01T17:18:10.021Z
2026,1,firehose,16810,Keaton Mitchell,LAC,RB,vs ARI,rushYds,Caesars,24.5,over,-108,-122,0.5192,0.4858,0.0688,0,0.7011,0.1819,0.2153,15%+,projection,1,closing-mixed,1,1,100,lost,9,-1,,,,,,,opticodds,2026-10-01T17:18:10.021Z
2026,1,firehose,17037,Tyler Shough,NO,QB,at DET,rushAtt,theScore,4.5,over,150,-200,0.4000,0.3750,0.0667,0,0.5813,0.1813,0.2063,15%+,projection,1,closing-mixed,1,1,100,lost,4,-1,,,,,,,opticodds,2026-10-01T17:18:10.021Z
2026,1,firehose,18534,Tyler Warren,IND,TE,vs BAL,recYds,DraftKings,49.5,over,119,,0.4566,0.4566,,1,0.6379,0.1813,0.1813,15%+,projection,1,closing-mixed,1,1,100,lost,13,-1,,,,,,,opticodds,2026-10-01T17:18:10.021Z
2026,1,firehose,13429,Deebo Samuel Sr.,SF,WR,at LAR,recYds,DraftKings,39.5,over,180,,0.3571,0.3571,,1,0.5382,0.1810,0.1810,15%+,projection,1,closing-mixed,1,1,100,won,48,1.8,,,,,,,opticodds,2026-10-01T17:18:10.021Z
2026,1,firehose,16739,Bijan Robinson,ATL,RB,at PIT,recYds,theScore,34.5,under,100,-130,0.5000,0.4694,0.0652,0,0.6808,0.1808,0.2115,15%+,projection,1,closing-mixed,1,1,100,lost,90,-1,,,,,,,opticodds,2026-10-01T17:18:10.021Z
2026,1,firehose,19230,Ja'Kobi Lane,BAL,WR,at IND,recYds,Hard Rock,35.5,over,275,-425,0.2667,0.2478,0.0762,0,0.4475,0.1808,0.1997,15%+,projection,1,closing-mixed,1,1,100,lost,11,-1,,,,,,,opticodds,2026-10-01T17:18:10.021Z
2026,1,firehose,16751,DeMario Douglas,NE,WR,at SEA,receptions,theScore,2.5,over,225,-160,0.3077,0.3333,-0.0769,0,0.4883,0.1806,0.1550,15%+,projection,1,opening,1,1,100,won,5,2.25,,,,,,,opticodds,2026-10-08T15:29:02.144Z
2026,1,firehose,16977,Jayden Reed,GB,WR,at MIN,receptions,BetRivers,5.5,over,440,,0.1852,0.1852,,1,0.3655,0.1803,0.1803,15%+,projection,1,closing-mixed,1,1,100,lost,3,-1,,,,,,,opticodds,2026-10-01T17:18:10.021Z
2026,1,firehose,15976,Tyler Allgeier,ARI,RB,at LAC,rushAtt,BetMGM,8.5,over,100,-135,0.5000,0.4653,0.0745,0,0.6797,0.1797,0.2144,15%+,projection,1,closing-mixed,1,1,100,won,17,1,,,,,,,opticodds,2026-10-01T17:18:10.021Z
2026,1,firehose,19268,Carnell Tate,TEN,WR,vs NYJ,receptions,theScore,5.5,over,650,,0.1333,0.1333,,1,0.3128,0.1795,0.1795,15%+,projection,1,closing-mixed,1,1,100,lost,4,-1,,,,,,,opticodds,2026-10-01T17:18:10.021Z
2026,1,firehose,15200,Nico Collins,HOU,WR,vs BUF,recYds,BetRivers,79.5,over,180,,0.3571,0.3571,,1,0.5363,0.1791,0.1791,15%+,projection,1,closing-mixed,1,1,100,lost,75,-1,,,,,,,opticodds,2026-10-01T17:18:10.021Z
2026,1,firehose,16849,Marvin Mims Jr.,DEN,WR,at KC,receptions,DraftKings,1.5,over,127,-162,0.4405,0.4160,0.0588,0,0.6194,0.1789,0.2034,15%+,projection,1,closing-mixed,1,1,100,pending,,,,,,,,,opticodds,2026-10-01T17:18:10.021Z
2026,1,firehose,4307,Aaron Rodgers,PIT,QB,vs ATL,int,DraftKings,1.5,over,800,,0.1111,0.1111,,1,0.2900,0.1789,0.1789,15%+,projection,1,closing-mixed,1,1,100,pending,,,,,,,,,opticodds,2026-10-01T17:18:10.021Z
2026,1,firehose,16995,Bo Nix,DEN,QB,at KC,rushYds,Caesars,19.5,under,-114,108,0.5327,0.5256,0.0135,0,0.7114,0.1787,0.1858,15%+,projection,1,closing-mixed,1,1,100,won,2,0.8772,,,,,,,opticodds,2026-10-01T17:18:10.021Z
2026,1,firehose,14657,Rico Dowdle,PIT,RB,vs ATL,rushAtt,theScore,16.5,over,550,,0.1538,0.1538,,1,0.3324,0.1785,0.1785,15%+,projection,1,closing-mixed,1,1,100,lost,8,-1,,,,,,,opticodds,2026-10-01T17:18:10.021Z
2026,1,firehose,12561,Lamar Jackson,BAL,QB,at IND,passYds,theScore,274.5,over,1200,,0.0769,0.0769,,1,0.2548,0.1779,0.1779,15%+,projection,1,closing-mixed,1,1,100,won,324,12,,,,,,,opticodds,2026-10-01T17:18:10.021Z
2026,1,firehose,18578,Travis Hunter,JAX,WR,vs CLE,recYds,Caesars,9.5,over,-117,-113,0.5392,0.5040,0.0697,0,0.7169,0.1778,0.2129,15%+,projection,1,closing-mixed,1,1,100,lost,8,-1,,,,,,,opticodds,2026-10-01T17:18:10.021Z
2026,1,firehose,8627,Keenan Allen,IND,WR,vs BAL,recYds,FanDuel,39.5,over,205,,0.3279,0.3279,,1,0.5056,0.1777,0.1777,15%+,projection,1,closing-mixed,1,1,100,lost,32,-1,,,,,,,opticodds,2026-10-01T17:18:10.021Z
2026,1,firehose,13610,T.J. Hockenson,MIN,TE,vs GB,recYds,draftkings,26.5,over,-109,,0.5215,0.5215,,1,0.6992,0.1776,0.1776,15%+,projection,1,main,1,1,100,won,36,0.9174,,,,,,,rotowire,2026-09-11T18:12:40.026Z
2026,1,firehose,17747,Jonathon Brooks,CAR,RB,vs CHI,rushYds,Caesars,26.5,over,100,-135,0.5000,0.4653,0.0745,0,0.6776,0.1776,0.2123,15%+,projection,1,closing-mixed,1,1,100,lost,14,-1,,,,,,,opticodds,2026-10-01T17:18:10.021Z
2026,1,firehose,18811,Jacory Croskey-Merritt,WAS,RB,at PHI,receptions,theScore,2.5,over,500,,0.1667,0.1667,,1,0.3442,0.1775,0.1775,15%+,projection,1,closing-mixed,1,1,100,lost,1,-1,,,,,,,opticodds,2026-10-01T17:18:10.021Z
2026,1,firehose,18514,Cam Skattebo,NYG,RB,vs DAL,rushYds,BetRivers,79.5,over,450,,0.1818,0.1818,,1,0.3590,0.1772,0.1772,15%+,projection,1,closing-mixed,1,1,100,won,81,4.5,,,,,,,opticodds,2026-10-01T17:18:10.021Z
2026,1,firehose,17690,Blake Corum,LAR,RB,vs SF,recYds,FanDuel,2.5,over,102,-130,0.4950,0.4669,0.0603,0,0.6721,0.1770,0.2052,15%+,projection,1,closing-mixed,1,1,100,lost,0,-1,,,,,,,opticodds,2026-10-01T17:18:10.021Z
2026,1,firehose,12561,Lamar Jackson,BAL,QB,at IND,rushAtt,theScore,9.5,over,1000,,0.0909,0.0909,,1,0.2677,0.1768,0.1768,15%+,projection,1,closing-mixed,1,1,100,lost,7,-1,,,,,,,opticodds,2026-10-01T17:18:10.021Z
2026,1,firehose,17967,Tyrone Tracy Jr.,NYG,RB,vs DAL,recYds,BetMGM,10.5,under,-105,-115,0.5122,0.4892,0.0471,0,0.6887,0.1765,0.1995,15%+,projection,1,closing-mixed,1,1,100,won,0,0.9524,,,,,,,opticodds,2026-10-01T17:18:10.021Z
2026,1,firehose,17716,Brian Thomas Jr.,JAX,WR,vs CLE,recYds,DraftKings,31.5,over,-114,-110,0.5327,0.5042,0.0565,0,0.7087,0.1760,0.2045,15%+,projection,1,closing-mixed,1,1,100,won,40,0.8772,,,,,,,opticodds,2026-10-01T17:18:10.021Z
2026,1,firehose,16997,Cam Ward,TEN,QB,vs NYJ,rushAtt,Hard Rock,1.5,over,-250,,0.7143,0.7143,,1,0.8900,0.1757,0.1757,15%+,projection,1,closing-mixed,1,1,100,won,4,0.4,,,,,,,opticodds,2026-10-01T17:18:10.021Z
2026,1,firehose,17695,Caleb Williams,CHI,QB,at CAR,rushYds,FanDuel,14.5,over,-146,,0.5935,0.5935,,1,0.7688,0.1753,0.1753,15%+,projection,1,closing-mixed,1,1,100,won,65,0.6849,,,,,,,opticodds,2026-10-01T17:18:10.021Z
2026,1,firehose,15802,Rachaad White,WAS,RB,@ PHI,receptions,betr,2.5,over,142,,0.4132,0.4132,,1,0.5884,0.1751,0.1751,15%+,projection,1,main,1,1,100,lost,2,-1,,,,,,,rotowire,2026-09-11T18:12:40.026Z
2026,1,firehose,17732,Keon Coleman,BUF,WR,at HOU,receptions,DraftKings,2.5,over,543,,0.1555,0.1555,,1,0.3304,0.1749,0.1749,15%+,projection,1,closing-mixed,1,1,100,lost,1,-1,,,,,,,opticodds,2026-10-01T17:18:10.021Z
2026,1,firehose,11698,Samaje Perine,CIN,RB,vs TB,rushYds,BetRivers,22.5,under,-112,-120,0.5283,0.4920,0.0738,0,0.7030,0.1747,0.2110,15%+,projection,1,closing-mixed,1,1,100,won,20,0.8929,,,,,,,opticodds,2026-10-01T17:18:10.021Z
2026,1,firehose,15357,Trevor Lawrence,JAX,QB,vs CLE,rushYds,BetRivers,19.5,under,-114,114,0.5327,0.5327,0.0000,0,0.7073,0.1746,0.1746,15%+,projection,1,closing-mixed,1,1,100,won,3,0.8772,,,,,,,opticodds,2026-10-01T17:18:10.021Z
2026,1,firehose,13610,T.J. Hockenson,MIN,TE,vs GB,receptions,BetRivers,3.5,over,112,,0.4717,0.4717,,1,0.6461,0.1744,0.1744,15%+,projection,1,closing-mixed,1,1,100,won,4,1.12,,,,,,,opticodds,2026-10-01T17:18:10.021Z
2026,1,firehose,12616,Calvin Ridley,TEN,WR,vs NYJ,recYds,Hard Rock,39.5,over,200,-300,0.3333,0.3077,0.0833,0,0.5076,0.1743,0.2000,15%+,projection,1,closing-mixed,1,1,100,pending,,,,,,,,,opticodds,2026-10-01T17:18:10.021Z
2026,1,firehose,16658,Dontayvion Wicks,PHI,WR,vs WAS,recYds,Hard Rock,27.5,over,120,-165,0.4545,0.4220,0.0772,0,0.6288,0.1742,0.2068,15%+,projection,1,closing-mixed,1,1,100,won,73,1.2,,,,,,,opticodds,2026-10-01T17:18:10.021Z
2026,1,firehose,12483,Josh Allen,BUF,QB,at HOU,rushAtt,Hard Rock,3.5,over,-375,,0.7895,0.7895,,1,0.9635,0.1741,0.1741,15%+,projection,1,closing-mixed,1,1,100,won,6,0.2667,,,,,,,opticodds,2026-10-01T17:18:10.021Z
2026,1,firehose,16934,Chase Brown,CIN,RB,vs TB,receptions,DraftKings,4.5,over,244,,0.2907,0.2907,,1,0.4641,0.1734,0.1734,15%+,projection,1,closing-mixed,1,1,100,won,5,2.44,,,,,,,opticodds,2026-10-01T17:18:10.021Z
2026,1,firehose,11841,Cooper Rush,ATL,QB,at PIT,completions,theScore,22.5,over,550,,0.1538,0.1538,,1,0.3271,0.1733,0.1733,15%+,projection,1,closing-mixed,1,1,100,lost,12,-1,,,,,,,opticodds,2026-10-01T17:18:10.021Z
2026,1,firehose,14418,J.K. Dobbins,DEN,RB,at KC,recYds,FanDuel,4.5,over,102,,0.4950,0.4950,,1,0.6683,0.1732,0.1732,15%+,projection,1,closing-mixed,1,1,100,lost,0,-1,,,,,,,opticodds,2026-10-01T17:18:10.021Z
2026,1,firehose,11712,Deshaun Watson,CLE,QB,at JAX,rushYds,Hard Rock,9.5,under,230,-350,0.3030,0.2804,0.0808,0,0.4760,0.1730,0.1956,15%+,projection,1,closing-mixed,1,1,100,lost,38,-1,,,,,,,opticodds,2026-10-01T17:18:10.021Z
2026,1,firehose,17687,Xavier Worthy,KC,WR,vs DEN,rushYds,Hard Rock,5.5,over,220,-325,0.3125,0.2901,0.0772,0,0.4855,0.1730,0.1954,15%+,projection,1,closing-mixed,1,1,100,lost,0,-1,,,,,,,opticodds,2026-10-01T17:18:10.021Z
2026,1,firehose,18515,Kaleb Johnson,GB,RB,at MIN,rushYds,BetMGM,8.5,over,-105,-118,0.5122,0.4862,0.0535,0,0.6851,0.1729,0.1989,15%+,projection,1,closing-mixed,1,1,100,pending,,,,,,,,,opticodds,2026-10-01T17:18:10.021Z
2026,1,firehose,15810,Breece Hall,NYJ,RB,at TEN,rushAtt,Caesars,16.5,under,105,-139,0.4878,0.4562,0.0694,0,0.6606,0.1728,0.2045,15%+,projection,1,closing-mixed,1,1,100,lost,22,-1,,,,,,,opticodds,2026-10-01T17:18:10.021Z
2026,1,firehose,16886,C.J. Stroud,HOU,QB,vs BUF,rushAtt,Hard Rock,1.5,over,-250,,0.7143,0.7143,,1,0.8864,0.1721,0.1721,15%+,projection,1,closing-mixed,1,1,100,won,2,0.4,,,,,,,opticodds,2026-10-01T17:18:10.021Z
2026,1,firehose,13429,Deebo Samuel Sr.,SF,WR,at LAR,rushYds,Hard Rock,4.5,under,175,-250,0.3636,0.3373,0.0779,0,0.5356,0.1720,0.1982,15%+,projection,1,closing-mixed,1,1,100,lost,12,-1,,,,,,,opticodds,2026-10-01T17:18:10.021Z
2026,1,firehose,18445,Omarion Hampton,LAC,RB,vs ARI,receptions,Hard Rock,5.5,over,1600,,0.0588,0.0588,,1,0.2307,0.1719,0.1719,15%+,projection,1,closing-mixed,1,1,100,lost,0,-1,,,,,,,opticodds,2026-10-01T17:18:10.021Z
2026,1,firehose,18457,Jack Bech,LV,WR,vs MIA,receptions,theScore,2.5,over,350,,0.2222,0.2222,,1,0.3937,0.1714,0.1714,15%+,projection,1,closing-mixed,1,1,100,won,3,3.5,,,,,,,opticodds,2026-10-01T17:18:10.021Z
2026,1,firehose,18522,RJ Harvey,DEN,RB,at KC,rushYds,BetRivers,19.5,over,108,,0.4808,0.4808,,1,0.6521,0.1713,0.1713,15%+,projection,1,closing-mixed,1,1,100,lost,18,-1,,,,,,,opticodds,2026-10-01T17:18:10.021Z
2026,1,firehose,16033,Isaiah Likely,NYG,TE,vs DAL,receptions,theScore,4.5,over,250,,0.2857,0.2857,,1,0.4568,0.1711,0.1711,15%+,projection,1,closing-mixed,1,1,100,won,8,2.5,,,,,,,opticodds,2026-10-01T17:18:10.021Z
2026,1,firehose,18574,Jaxson Dart,NYG,QB,vs DAL,completions,theScore,24.5,over,1000,,0.0909,0.0909,,1,0.2617,0.1708,0.1708,15%+,projection,1,closing-mixed,1,1,100,lost,23,-1,,,,,,,opticodds,2026-10-01T17:18:10.021Z
2026,1,firehose,16807,Bryce Young,CAR,QB,vs CHI,int,theScore,0.5,over,115,-150,0.4651,0.4367,0.0651,0,0.6358,0.1707,0.1991,15%+,projection,1,closing-mixed,1,1,100,pending,,,,,,,,,opticodds,2026-10-01T17:18:10.021Z
2026,1,firehose,19348,Eli Raridon,NE,TE,at SEA,receptions,DraftKings,3.5,over,2700,,0.0357,0.0357,,1,0.2055,0.1698,0.1698,15%+,projection,1,closing-mixed,1,1,100,lost,1,-1,,,,,,,opticodds,2026-10-01T17:18:10.021Z
2026,1,firehose,18540,Elijah Arroyo,SEA,TE,vs NE,recYds,Hard Rock,17.5,over,200,-300,0.3333,0.3077,0.0833,0,0.5030,0.1697,0.1953,15%+,projection,1,closing-mixed,1,1,100,pending,,,,,,,,,opticodds,2026-10-01T17:18:10.021Z
2026,1,firehose,11690,Christian McCaffrey,SF,RB,at LAR,recYds,DraftKings,40.5,under,-115,-109,0.5349,0.5063,0.0564,0,0.7041,0.1692,0.1977,15%+,projection,1,opening,1,1,100,won,20,0.8696,,,,,,,opticodds,2026-10-08T15:29:02.144Z
2026,1,firehose,15810,Breece Hall,NYJ,RB,at TEN,recYds,Caesars,22.5,under,-114,-115,0.5327,0.4990,0.0676,0,0.7015,0.1688,0.2025,15%+,projection,1,closing-mixed,1,1,100,won,16,0.8772,,,,,,,opticodds,2026-10-01T17:18:10.021Z
2026,1,firehose,15459,Noah Gray,KC,TE,vs DEN,recYds,BetMGM,7.5,over,-105,-115,0.5122,0.4892,0.0471,0,0.6805,0.1683,0.1913,15%+,projection,1,closing-mixed,1,1,100,lost,5,-1,,,,,,,opticodds,2026-10-01T17:18:10.021Z
2026,1,firehose,15267,Pat Freiermuth,PIT,TE,vs ATL,recYds,BetRivers,19.5,over,-114,-117,0.5327,0.4970,0.0719,0,0.7009,0.1682,0.2039,15%+,projection,1,closing-mixed,1,1,100,won,46,0.8772,,,,,,,opticodds,2026-10-01T17:18:10.021Z
2026,1,firehose,11839,Patrick Mahomes,KC,QB,vs DEN,rushAtt,theScore,2.5,under,170,-240,0.3704,0.3441,0.0763,0,0.5384,0.1680,0.1943,15%+,projection,1,closing-mixed,1,1,100,lost,7,-1,,,,,,,opticodds,2026-10-01T17:18:10.021Z
2026,1,firehose,13427,Justice Hill,BAL,RB,at IND,receptions,theScore,2.5,under,-160,145,0.6154,0.6012,0.0235,0,0.7828,0.1674,0.1816,15%+,projection,1,closing-mixed,1,1,100,won,1,0.625,,,,,,,opticodds,2026-10-01T17:18:10.021Z
2026,1,firehose,12586,Courtland Sutton,DEN,WR,at KC,recYds,BetMGM,37.5,over,-110,-105,0.5238,0.5056,0.0360,0,0.6909,0.1671,0.1853,15%+,projection,1,closing-mixed,1,1,100,lost,11,-1,,,,,,,opticodds,2026-10-01T17:18:10.021Z
2026,1,firehose,17692,Jayden Daniels,WAS,QB,at PHI,rushYds,DraftKings,37.5,under,-110,-114,0.5238,0.4958,0.0565,0,0.6909,0.1671,0.1951,15%+,projection,1,closing-mixed,1,1,100,won,31,0.9091,,,,,,,opticodds,2026-10-01T17:18:10.021Z
2026,1,firehose,18547,Tetairoa McMillan,CAR,WR,vs CHI,recYds,DraftKings,57.5,over,-110,-114,0.5238,0.4958,0.0565,0,0.6906,0.1668,0.1949,15%+,projection,1,closing-mixed,1,1,100,won,75,0.9091,,,,,,,opticodds,2026-10-01T17:18:10.021Z
2026,1,firehose,16033,Isaiah Likely,NYG,TE,vs DAL,recYds,Hard Rock,38.5,over,115,-160,0.4651,0.4305,0.0805,0,0.6315,0.1664,0.2010,15%+,projection,1,closing-mixed,1,1,100,won,78,1.15,,,,,,,opticodds,2026-10-01T17:18:10.021Z
2026,1,firehose,18552,Elic Ayomanor,TEN,WR,vs NYJ,recYds,FanDuel,9.5,over,-113,-113,0.5305,0.5000,0.0610,0,0.6968,0.1663,0.1968,15%+,projection,1,closing-mixed,1,1,100,won,11,0.885,,,,,,,opticodds,2026-10-01T17:18:10.021Z
2026,1,firehose,15242,Chuba Hubbard,CAR,RB,vs CHI,recYds,Hard Rock,4.5,over,-190,135,0.6552,0.6062,0.0807,0,0.8210,0.1659,0.2148,15%+,projection,1,closing-mixed,1,1,100,won,38,0.5263,,,,,,,opticodds,2026-10-01T17:18:10.021Z
2026,1,firehose,12507,Saquon Barkley,PHI,RB,vs WAS,recYds,BetMGM,14.5,over,-105,-115,0.5122,0.4892,0.0471,0,0.6778,0.1656,0.1886,15%+,projection,1,closing-mixed,1,1,100,lost,-3,-1,,,,,,,opticodds,2026-10-01T17:18:10.021Z
2026,1,firehose,11712,Deshaun Watson,CLE,QB,at JAX,passYds,BetRivers,199.5,over,170,,0.3704,0.3704,,1,0.5356,0.1653,0.1653,15%+,projection,1,closing-mixed,1,1,100,won,205,1.7,,,,,,,opticodds,2026-10-01T17:18:10.021Z
2026,1,firehose,16689,Josh Downs,IND,WR,vs BAL,recYds,BetRivers,41.5,over,-115,-115,0.5349,0.5000,0.0698,0,0.6997,0.1648,0.1997,15%+,projection,1,closing-mixed,1,1,100,lost,37,-1,,,,,,,opticodds,2026-10-01T17:18:10.021Z
2026,1,firehose,17021,Theo Johnson,NYG,TE,vs DAL,recYds,BetMGM,11.5,over,-110,-110,0.5238,0.5000,0.0476,0,0.6880,0.1642,0.1880,15%+,projection,1,closing-mixed,1,1,100,lost,9,-1,,,,,,,opticodds,2026-10-01T17:18:10.021Z
2026,1,firehose,18811,Jacory Croskey-Merritt,WAS,RB,at PHI,recYds,Hard Rock,10.5,over,135,-190,0.4255,0.3938,0.0807,0,0.5897,0.1642,0.1959,15%+,projection,1,closing-mixed,1,1,100,lost,-7,-1,,,,,,,opticodds,2026-10-01T17:18:10.021Z
2026,1,firehose,16661,De'Von Achane,MIA,RB,at LV,recYds,Hard Rock,25.5,under,115,-160,0.4651,0.4305,0.0805,0,0.6289,0.1638,0.1985,15%+,projection,1,closing-mixed,1,1,100,lost,30,-1,,,,,,,opticodds,2026-10-01T17:18:10.021Z
2026,1,firehose,12490,Sam Darnold,SEA,QB,vs NE,rushYds,FanDuel,9.5,over,182,,0.3546,0.3546,,1,0.5183,0.1637,0.1637,15%+,projection,1,closing-mixed,1,1,100,lost,0,-1,,,,,,,opticodds,2026-10-01T17:18:10.021Z
2026,1,firehose,19309,Chris Bell,MIA,WR,at LV,receptions,theScore,2.5,over,400,,0.2000,0.2000,,1,0.3637,0.1637,0.1637,15%+,projection,1,closing-mixed,1,1,100,lost,1,-1,,,,,,,opticodds,2026-10-01T17:18:10.021Z
2026,1,firehose,17673,Drake Maye,NE,QB,at SEA,completions,DraftKings,25.5,over,620,,0.1389,0.1389,,1,0.3024,0.1635,0.1635,15%+,projection,1,opening,1,1,100,lost,23,-1,,,,,,,opticodds,2026-10-08T15:29:02.144Z
2026,1,firehose,12507,Saquon Barkley,PHI,RB,vs WAS,rushYds,DraftKings,65.5,over,-111,-113,0.5261,0.4979,0.0566,0,0.6892,0.1632,0.1913,15%+,projection,1,closing-mixed,1,1,100,won,83,0.9009,,,,,,,opticodds,2026-10-01T17:18:10.021Z
2026,1,firehose,18555,Jaylin Noel,HOU,WR,vs BUF,receptions,theScore,2.5,over,350,,0.2222,0.2222,,1,0.3854,0.1632,0.1632,15%+,projection,1,closing-mixed,1,1,100,lost,2,-1,,,,,,,opticodds,2026-10-01T17:18:10.021Z
2026,1,firehose,13427,Justice Hill,BAL,RB,at IND,rushYds,DraftKings,7.5,over,-108,-116,0.5192,0.4916,0.0563,0,0.6821,0.1628,0.1905,15%+,projection,1,closing-mixed,1,1,100,won,18,0.9259,,,,,,,opticodds,2026-10-01T17:18:10.021Z
2026,1,firehose,15222,Kenneth Gainwell,TB,RB,at CIN,recYds,BetRivers,10.5,over,-121,-109,0.5475,0.5122,0.0690,0,0.7103,0.1627,0.1981,15%+,projection,1,closing-mixed,1,1,100,lost,3,-1,,,,,,,opticodds,2026-10-01T17:18:10.021Z
2026,1,firehose,15868,Drake London,ATL,WR,at PIT,recYds,DraftKings,52.5,over,-114,-110,0.5327,0.5042,0.0565,0,0.6953,0.1626,0.1911,15%+,projection,1,closing-mixed,1,1,100,lost,29,-1,,,,,,,opticodds,2026-10-01T17:18:10.021Z
2026,1,firehose,18514,Cam Skattebo,NYG,RB,vs DAL,rushAtt,BetMGM,10.5,over,-125,-105,0.5556,0.5203,0.0678,0,0.7179,0.1624,0.1976,15%+,projection,1,closing-mixed,1,1,100,won,18,0.8,,,,,,,opticodds,2026-10-01T17:18:10.021Z
2026,1,firehose,10819,Derrick Henry,BAL,RB,at IND,recYds,DraftKings,6.5,over,-104,-121,0.5098,0.4822,0.0573,0,0.6718,0.1620,0.1897,15%+,projection,1,closing-mixed,1,1,100,won,19,0.9615,,,,,,,opticodds,2026-10-01T17:18:10.021Z
2026,1,firehose,11847,Kendrick Bourne,ARI,WR,at LAC,receptions,BetRivers,2.5,over,420,,0.1923,0.1923,,1,0.3543,0.1620,0.1620,15%+,projection,1,closing-mixed,1,1,100,won,8,4.2,,,,,,,opticodds,2026-10-01T17:18:10.021Z
2026,1,firehose,19298,Denzel Boston,CLE,WR,at JAX,receptions,DraftKings,3.5,over,378,,0.2092,0.2092,,1,0.3712,0.1620,0.1620,15%+,projection,1,closing-mixed,1,1,100,lost,2,-1,,,,,,,opticodds,2026-10-01T17:18:10.021Z
2026,1,firehose,12619,Baker Mayfield,TB,QB,at CIN,rushYds,Circa Sports,18.5,under,-110,-110,0.5238,0.5000,0.0476,0,0.6855,0.1617,0.1855,15%+,projection,1,opening,1,1,100,lost,30,-1,,,,,,,opticodds,2026-10-08T15:29:02.144Z
2026,1,firehose,16560,Rashid Shaheed,SEA,WR,vs NE,recYds,BetRivers,39.5,over,170,,0.3704,0.3704,,1,0.5320,0.1616,0.1616,15%+,projection,1,opening,1,1,100,lost,4,-1,,,,,,,opticodds,2026-10-08T15:29:02.144Z
2026,1,firehose,15909,Kenneth Walker III,KC,RB,vs DEN,recYds,BetMGM,22.5,under,-115,-105,0.5349,0.5108,0.0471,0,0.6964,0.1615,0.1856,15%+,projection,1,closing-mixed,1,1,100,won,18,0.8696,,,,,,,opticodds,2026-10-01T17:18:10.021Z
2026,1,firehose,15807,Kyren Williams,LAR,RB,vs SF,rushYds,Circa Sports,51.5,over,-110,-110,0.5238,0.5000,0.0476,0,0.6846,0.1608,0.1846,15%+,projection,1,opening,1,1,100,lost,41,-1,,,,,,,opticodds,2026-10-08T15:29:02.144Z
2026,1,firehose,13466,Dawson Knox,BUF,TE,at HOU,recYds,BetRivers,12.5,over,-114,-117,0.5327,0.4970,0.0719,0,0.6930,0.1602,0.1960,15%+,projection,1,closing-mixed,1,1,100,lost,7,-1,,,,,,,opticodds,2026-10-01T17:18:10.021Z
2026,1,firehose,17747,Jonathon Brooks,CAR,RB,vs CHI,recYds,DraftKings,9.5,over,-110,-114,0.5238,0.4958,0.0565,0,0.6829,0.1591,0.1871,15%+,projection,1,closing-mixed,1,1,100,won,48,0.9091,,,,,,,opticodds,2026-10-01T17:18:10.021Z
2026,1,firehose,10215,Darren Waller,CAR,TE,vs CHI,receptions,Caesars,4.5,over,1100,,0.0833,0.0833,,1,0.2424,0.1590,0.1590,15%+,projection,1,closing-mixed,1,1,100,lost,2,-1,,,,,,,opticodds,2026-10-01T17:18:10.021Z
2026,1,firehose,11163,Demarcus Robinson,SF,WR,at LAR,receptions,Caesars,1.5,under,-137,115,0.5781,0.5541,0.0432,0,0.7368,0.1588,0.1827,15%+,projection,1,closing-mixed,1,1,100,lost,2,-1,,,,,,,opticodds,2026-10-01T17:18:10.021Z
2026,1,firehose,18497,Terrance Ferguson,LAR,TE,vs SF,recYds,Caesars,25.5,under,100,-135,0.5000,0.4653,0.0745,0,0.6588,0.1588,0.1935,15%+,projection,1,opening,1,1,100,won,0,1,,,,,,,opticodds,2026-10-08T15:29:02.144Z
2026,1,firehose,15892,Khalil Shakir,BUF,WR,at HOU,recYds,DraftKings,34.5,over,-113,-111,0.5305,0.5021,0.0566,0,0.6888,0.1583,0.1867,15%+,projection,1,closing-mixed,1,1,100,won,50,0.885,,,,,,,opticodds,2026-10-01T17:18:10.021Z
2026,1,firehose,11008,Dak Prescott,DAL,QB,at NYG,passAtt,theScore,28.5,over,-125,-105,0.5556,0.5203,0.0678,0,0.7135,0.1579,0.1932,15%+,projection,1,closing-mixed,1,1,100,won,34,0.8,,,,,,,opticodds,2026-10-01T17:18:10.021Z
2026,1,firehose,15210,Rashod Bateman,BAL,WR,at IND,receptions,FanDuel,3.5,over,430,,0.1887,0.1887,,1,0.3465,0.1578,0.1578,15%+,projection,1,closing-mixed,1,1,100,lost,0,-1,,,,,,,opticodds,2026-10-01T17:18:10.021Z
2026,1,firehose,18460,Colston Loveland,CHI,TE,at CAR,receptions,BetRivers,6.5,over,425,,0.1905,0.1905,,1,0.3482,0.1577,0.1577,15%+,projection,1,closing-mixed,1,1,100,lost,0,-1,,,,,,,opticodds,2026-10-01T17:18:10.021Z
2026,1,firehose,17673,Drake Maye,NE,QB,at SEA,rushYds,Circa Sports,26.5,under,-110,-110,0.5238,0.5000,0.0476,0,0.6814,0.1576,0.1814,15%+,projection,1,opening,1,1,100,lost,47,-1,,,,,,,opticodds,2026-10-08T15:29:02.144Z
2026,1,firehose,14416,Jalen Hurts,PHI,QB,vs WAS,rushAtt,Caesars,6.5,over,-125,-105,0.5556,0.5203,0.0678,0,0.7130,0.1574,0.1927,15%+,projection,1,closing-mixed,1,1,100,won,7,0.8,,,,,,,opticodds,2026-10-01T17:18:10.021Z
2026,1,firehose,15891,Greg Dulcich,MIA,TE,at LV,receptions,DraftKings,3.5,over,263,,0.2755,0.2755,,1,0.4326,0.1572,0.1572,15%+,projection,1,closing-mixed,1,1,100,lost,2,-1,,,,,,,opticodds,2026-10-01T17:18:10.021Z
2026,1,firehose,11718,Chris Godwin,TB,WR,at CIN,receptions,Caesars,6.5,over,625,,0.1379,0.1379,,1,0.2951,0.1571,0.1571,15%+,projection,1,closing-mixed,1,1,100,lost,4,-1,,,,,,,opticodds,2026-10-01T17:18:10.021Z
2026,1,firehose,18503,Gunnar Helm,TEN,TE,vs NYJ,recYds,betrivers,19.5,over,-118,,0.5413,0.5413,,1,0.6984,0.1571,0.1571,15%+,projection,1,main,1,1,100,won,28,0.8475,,,,,,,rotowire,2026-09-11T18:12:40.026Z
2026,1,firehose,19298,Denzel Boston,CLE,WR,at JAX,recYds,DraftKings,39.5,over,285,,0.2597,0.2597,,1,0.4167,0.1570,0.1570,15%+,projection,1,closing-mixed,1,1,100,won,59,2.85,,,,,,,opticodds,2026-10-01T17:18:10.021Z
2026,1,firehose,16899,Quentin Johnston,LAC,WR,vs ARI,receptions,FanDuel,5.5,over,520,,0.1613,0.1613,,1,0.3181,0.1568,0.1568,15%+,projection,1,closing-mixed,1,1,100,lost,2,-1,,,,,,,opticodds,2026-10-01T17:18:10.021Z
2026,1,firehose,17673,Drake Maye,NE,QB,at SEA,passYds,BetRivers,274.5,over,310,,0.2439,0.2439,,1,0.4005,0.1566,0.1566,15%+,projection,1,opening,1,1,100,lost,178,-1,,,,,,,opticodds,2026-10-08T15:29:02.144Z
2026,1,firehose,18457,Jack Bech,LV,WR,vs MIA,recYds,Hard Rock,18.5,over,130,-180,0.4348,0.4035,0.0776,0,0.5913,0.1565,0.1878,15%+,projection,1,closing-mixed,1,1,100,won,23,1.3,,,,,,,opticodds,2026-10-01T17:18:10.021Z
2026,1,firehose,14378,Michael Pittman Jr.,PIT,WR,vs ATL,recYds,BetRivers,34.5,over,-114,-117,0.5327,0.4970,0.0719,0,0.6889,0.1562,0.1920,15%+,projection,1,closing-mixed,1,1,100,won,58,0.8772,,,,,,,opticodds,2026-10-01T17:18:10.021Z
2026,1,firehose,12860,Dallas Goedert,PHI,TE,vs WAS,receptions,Hard Rock,2.5,over,-240,,0.7059,0.7059,,1,0.8619,0.1560,0.1560,15%+,projection,1,closing-mixed,1,1,100,won,4,0.4167,,,,,,,opticodds,2026-10-01T17:18:10.021Z
2026,1,firehose,15947,Jake Ferguson,DAL,TE,at NYG,recYds,Hard Rock,25.5,over,-115,-115,0.5349,0.5000,0.0698,0,0.6908,0.1559,0.1908,15%+,projection,1,closing-mixed,1,1,100,lost,6,-1,,,,,,,opticodds,2026-10-01T17:18:10.021Z
2026,1,firehose,11718,Chris Godwin,TB,WR,at CIN,recYds,BetRivers,39.5,over,-115,-115,0.5349,0.5000,0.0698,0,0.6901,0.1552,0.1901,15%+,projection,1,closing-mixed,1,1,100,won,40,0.8696,,,,,,,opticodds,2026-10-01T17:18:10.021Z
2026,1,firehose,16042,Chig Okonkwo,WAS,TE,at PHI,recYds,Hard Rock,24.5,over,-115,-115,0.5349,0.5000,0.0698,0,0.6900,0.1551,0.1900,15%+,projection,1,closing-mixed,1,1,100,lost,16,-1,,,,,,,opticodds,2026-10-01T17:18:10.021Z
2026,1,firehose,17091,Emari Demercado,DAL,RB,at NYG,rushYds,FanDuel,9.5,over,-154,,0.6063,0.6063,,1,0.7612,0.1549,0.1549,15%+,projection,1,closing-mixed,1,1,100,lost,7,-1,,,,,,,opticodds,2026-10-01T17:18:10.021Z
2026,1,firehose,17702,Braelon Allen,NYJ,RB,at TEN,rushAtt,Caesars,5.5,under,-139,105,0.5816,0.5438,0.0694,0,0.7364,0.1548,0.1926,15%+,projection,1,closing-mixed,1,1,100,lost,10,-1,,,,,,,opticodds,2026-10-01T17:18:10.021Z
2026,1,firehose,12619,Baker Mayfield,TB,QB,at CIN,int,DraftKings,0.5,over,106,-135,0.4854,0.4580,0.0599,0,0.6394,0.1540,0.1814,15%+,projection,1,closing-mixed,1,1,100,pending,,,,,,,,,opticodds,2026-10-01T17:18:10.021Z
2026,1,firehose,5971,Matthew Stafford,LAR,QB,vs SF,passAtt,DraftKings,35.5,under,-120,-110,0.5455,0.5101,0.0693,0,0.6994,0.1540,0.1893,15%+,projection,1,closing-mixed,1,1,100,won,25,0.8333,,,,,,,opticodds,2026-10-01T17:18:10.021Z
2026,1,firehose,17020,Rome Odunze,CHI,WR,at CAR,receptions,FanDuel,6.5,over,800,,0.1111,0.1111,,1,0.2650,0.1539,0.1539,15%+,projection,1,closing-mixed,1,1,100,lost,2,-1,,,,,,,opticodds,2026-10-01T17:18:10.021Z
2026,1,firehose,13502,Hollywood Brown,PHI,WR,vs WAS,recYds,Hard Rock,14.5,over,130,-180,0.4348,0.4035,0.0776,0,0.5885,0.1537,0.1850,15%+,projection,1,closing-mixed,1,1,100,pending,,,,,,,,,opticodds,2026-10-01T17:18:10.021Z
2026,1,firehose,16886,C.J. Stroud,HOU,QB,vs BUF,rushYds,Caesars,8.5,over,-118,-110,0.5413,0.5082,0.0651,0,0.6945,0.1533,0.1863,15%+,projection,1,closing-mixed,1,1,100,won,15,0.8475,,,,,,,opticodds,2026-10-01T17:18:10.021Z
2026,1,firehose,18467,Dylan Sampson,CLE,RB,at JAX,recYds,FanDuel,8.5,over,-113,-113,0.5305,0.5000,0.0610,0,0.6835,0.1530,0.1835,15%+,projection,1,closing-mixed,1,1,100,pending,,,,,,,,,opticodds,2026-10-01T17:18:10.021Z
2026,1,firehose,15829,Garrett Wilson,NYJ,WR,at TEN,receptions,theScore,7.5,over,650,,0.1333,0.1333,,1,0.2856,0.1523,0.1523,15%+,projection,1,closing-mixed,1,1,100,lost,6,-1,,,,,,,opticodds,2026-10-01T17:18:10.021Z
2026,1,firehose,19300,Mike Washington,LV,RB,vs MIA,receptions,BetMGM,0.5,over,-210,155,0.6774,0.6334,0.0696,0,0.8297,0.1522,0.1963,15%+,projection,1,closing-mixed,1,1,100,lost,0,-1,,,,,,,opticodds,2026-10-01T17:18:10.021Z
2026,1,firehose,16560,Rashid Shaheed,SEA,WR,vs NE,receptions,BetRivers,3.5,over,275,,0.2667,0.2667,,1,0.4187,0.1520,0.1520,15%+,projection,1,opening,1,1,100,lost,1,-1,,,,,,,opticodds,2026-10-08T15:29:02.144Z
2026,1,firehose,17695,Caleb Williams,CHI,QB,at CAR,completions,DraftKings,25.5,over,543,,0.1555,0.1555,,1,0.3075,0.1520,0.1520,15%+,projection,1,closing-mixed,1,1,100,lost,21,-1,,,,,,,opticodds,2026-10-01T17:18:10.021Z
2026,1,firehose,12858,Ian Thomas,LV,TE,vs MIA,recYds,BetMGM,4.5,over,-115,-105,0.5349,0.5108,0.0471,0,0.6866,0.1517,0.1758,15%+,projection,1,closing-mixed,1,1,100,pending,,,,,,,,,opticodds,2026-10-01T17:18:10.021Z
2026,1,firehose,14442,Joe Burrow,CIN,QB,vs TB,rushYds,Hard Rock,11.5,under,-230,165,0.6970,0.6487,0.0743,0,0.8486,0.1516,0.1998,15%+,projection,1,closing-mixed,1,1,100,lost,20,-1,,,,,,,opticodds,2026-10-01T17:18:10.021Z
2026,1,firehose,13809,Drew Sample,CIN,TE,vs TB,recYds,Hard Rock,5.5,over,-115,-115,0.5349,0.5000,0.0698,0,0.6864,0.1515,0.1864,15%+,projection,1,closing-mixed,1,1,100,won,19,0.8696,,,,,,,opticodds,2026-10-01T17:18:10.021Z
2026,1,firehose,15807,Kyren Williams,LAR,RB,vs SF,recYds,Hard Rock,15.5,under,-185,135,0.6491,0.6040,0.0747,0,0.8004,0.1513,0.1964,15%+,projection,1,opening,1,1,100,lost,24,-1,,,,,,,opticodds,2026-10-08T15:29:02.144Z
2026,1,firehose,15200,Nico Collins,HOU,WR,vs BUF,receptions,Caesars,8.5,over,800,,0.1111,0.1111,,1,0.2621,0.1509,0.1509,15%+,projection,1,closing-mixed,1,1,100,lost,7,-1,,,,,,,opticodds,2026-10-01T17:18:10.021Z
2026,1,firehose,17863,Malik Washington,MIA,WR,at LV,receptions,DraftKings,4.5,over,371,,0.2123,0.2123,,1,0.3632,0.1509,0.1509,15%+,projection,1,closing-mixed,1,1,100,lost,3,-1,,,,,,,opticodds,2026-10-01T17:18:10.021Z
2026,1,firehose,18574,Jaxson Dart,NYG,QB,vs DAL,passYds,Hard Rock,124.5,under,1100,-5000,0.0833,0.0783,0.0637,0,0.2340,0.1506,0.1556,15%+,projection,1,closing-mixed,1,1,100,lost,230,-1,,,,,,,opticodds,2026-10-01T17:18:10.021Z
2026,1,firehose,15853,George Pickens,DAL,WR,at NYG,receptions,DraftKings,8.5,over,830,,0.1075,0.1075,,1,0.2581,0.1505,0.1505,15%+,projection,1,closing-mixed,1,1,100,lost,3,-1,,,,,,,opticodds,2026-10-01T17:18:10.021Z
2026,1,firehose,12619,Baker Mayfield,TB,QB,at CIN,passTD,DraftKings,2.5,over,406,,0.1976,0.1976,,1,0.3477,0.1500,0.1500,15%+,projection,1,closing-mixed,1,1,100,lost,0,-1,,,,,,,opticodds,2026-10-01T17:18:10.021Z
2026,1,firehose,16997,Cam Ward,TEN,QB,vs NYJ,completions,DraftKings,25.5,over,620,,0.1389,0.1389,,1,0.2888,0.1499,0.1499,10-15%,projection,1,closing-mixed,1,1,100,lost,19,-1,,,,,,,opticodds,2026-10-01T17:18:10.021Z
2026,1,firehose,11008,Dak Prescott,DAL,QB,at NYG,completions,theScore,27.5,over,700,,0.1250,0.1250,,1,0.2746,0.1496,0.1496,10-15%,projection,1,closing-mixed,1,1,100,lost,22,-1,,,,,,,opticodds,2026-10-01T17:18:10.021Z
2026,1,firehose,9253,Mike Evans,SF,WR,at LAR,receptions,BetRivers,5.5,over,390,,0.2041,0.2041,,1,0.3532,0.1491,0.1491,10-15%,projection,1,opening,1,1,100,won,6,3.9,,,,,,,opticodds,2026-10-08T15:29:02.144Z
2026,1,firehose,17692,Jayden Daniels,WAS,QB,at PHI,completions,DraftKings,21.5,over,353,,0.2208,0.2208,,1,0.3698,0.1490,0.1490,10-15%,projection,1,closing-mixed,1,1,100,lost,18,-1,,,,,,,opticodds,2026-10-01T17:18:10.021Z
2026,1,firehose,15834,Brock Purdy,SF,QB,at LAR,passAtt,Hard Rock,34.5,under,-125,-105,0.5556,0.5203,0.0678,0,0.7041,0.1486,0.1838,10-15%,projection,1,closing-mixed,1,1,100,won,34,0.8,,,,,,,opticodds,2026-10-01T17:18:10.021Z
2026,1,firehose,18503,Gunnar Helm,TEN,TE,vs NYJ,receptions,caesars,2.5,over,111,,0.4739,0.4739,,1,0.6222,0.1483,0.1483,10-15%,projection,1,main,1,1,100,won,4,1.11,,,,,,,rotowire,2026-09-11T18:12:40.026Z
2026,1,firehose,16661,De'Von Achane,MIA,RB,at LV,receptions,FanDuel,4.5,under,-112,-118,0.5283,0.4939,0.0696,0,0.6761,0.1478,0.1822,10-15%,projection,1,closing-mixed,1,1,100,won,4,0.8929,,,,,,,opticodds,2026-10-01T17:18:10.021Z
2026,1,firehose,17968,George Holani,SEA,RB,vs NE,recYds,Hard Rock,17.5,under,-185,130,0.6491,0.5989,0.0839,0,0.7969,0.1478,0.1981,10-15%,projection,1,closing-mixed,1,1,100,won,0,0.5405,,,,,,,opticodds,2026-10-01T17:18:10.021Z
2026,1,firehose,16658,Dontayvion Wicks,PHI,WR,vs WAS,receptions,theScore,3.5,over,300,,0.2500,0.2500,,1,0.3975,0.1475,0.1475,10-15%,projection,1,closing-mixed,1,1,100,lost,2,-1,,,,,,,opticodds,2026-10-01T17:18:10.021Z
2026,1,firehose,18547,Tetairoa McMillan,CAR,WR,vs CHI,receptions,FanDuel,7.5,over,630,,0.1370,0.1370,,1,0.2843,0.1473,0.1473,10-15%,projection,1,closing-mixed,1,1,100,lost,5,-1,,,,,,,opticodds,2026-10-01T17:18:10.021Z
2026,1,firehose,16889,Darnell Washington,PIT,TE,vs ATL,receptions,Hard Rock,2.5,under,-160,165,0.6154,0.6199,-0.0073,0,0.7624,0.1471,0.1426,10-15%,projection,1,closing-mixed,1,1,100,won,2,0.625,,,,,,,opticodds,2026-10-01T17:18:10.021Z
2026,1,firehose,5971,Matthew Stafford,LAR,QB,vs SF,passYds,Hard Rock,174.5,under,800,-3000,0.1111,0.1030,0.0789,0,0.2582,0.1471,0.1552,10-15%,projection,1,opening,1,1,100,won,155,8,,,,,,,opticodds,2026-10-08T15:29:02.144Z
2026,1,firehose,13427,Justice Hill,BAL,RB,at IND,recYds,Hard Rock,17.5,under,-170,120,0.6296,0.5807,0.0842,0,0.7762,0.1465,0.1954,10-15%,projection,1,closing-mixed,1,1,100,won,10,0.5882,,,,,,,opticodds,2026-10-01T17:18:10.021Z
2026,1,firehose,15853,George Pickens,DAL,WR,at NYG,recYds,DraftKings,79.5,over,166,,0.3759,0.3759,,1,0.5223,0.1464,0.1464,10-15%,projection,1,closing-mixed,1,1,100,lost,28,-1,,,,,,,opticodds,2026-10-01T17:18:10.021Z
2026,1,firehose,18449,Woody Marks,HOU,RB,vs BUF,rushYds,Hard Rock,37.5,over,165,-240,0.3774,0.3484,0.0832,0,0.5237,0.1463,0.1753,10-15%,projection,1,closing-mixed,1,1,100,won,42,1.65,,,,,,,opticodds,2026-10-01T17:18:10.021Z
2026,1,firehose,18574,Jaxson Dart,NYG,QB,vs DAL,rushYds,FanDuel,24.5,over,-114,-114,0.5327,0.5000,0.0654,0,0.6789,0.1462,0.1789,10-15%,projection,1,closing-mixed,1,1,100,won,54,0.8772,,,,,,,opticodds,2026-10-01T17:18:10.021Z
2026,1,firehose,14630,Juwan Johnson,NO,TE,at DET,recYds,Hard Rock,58.5,under,-260,180,0.7222,0.6691,0.0794,0,0.8682,0.1460,0.1991,10-15%,projection,1,closing-mixed,1,1,100,won,54,0.3846,,,,,,,opticodds,2026-10-01T17:18:10.021Z
2026,1,firehose,16163,Jordan Mason,MIN,RB,vs GB,receptions,Hard Rock,1.5,over,325,,0.2353,0.2353,,1,0.3813,0.1460,0.1460,10-15%,projection,1,closing-mixed,1,1,100,lost,0,-1,,,,,,,opticodds,2026-10-01T17:18:10.021Z
2026,1,firehose,16932,Xavier Hutchinson,HOU,WR,vs BUF,receptions,theScore,1.5,under,150,-240,0.4000,0.3617,0.1059,0,0.5458,0.1458,0.1841,10-15%,projection,1,closing-mixed,1,1,100,lost,3,-1,,,,,,,opticodds,2026-10-01T17:18:10.021Z
2026,1,firehose,15404,Jaylen Waddle,DEN,WR,at KC,receptions,Hard Rock,7.5,over,600,,0.1429,0.1429,,1,0.2885,0.1456,0.1456,10-15%,projection,1,closing-mixed,1,1,100,lost,1,-1,,,,,,,opticodds,2026-10-01T17:18:10.021Z
2026,1,firehose,13894,KaVontae Turpin,DAL,WR,at NYG,rushYds,DraftKings,5.5,over,-112,-112,0.5283,0.5000,0.0566,0,0.6737,0.1454,0.1737,10-15%,projection,1,closing-mixed,1,1,100,lost,0,-1,,,,,,,opticodds,2026-10-01T17:18:10.021Z
2026,1,firehose,16661,De'Von Achane,MIA,RB,at LV,rushAtt,DraftKings,16.5,under,-130,-105,0.5652,0.5246,0.0774,0,0.7107,0.1454,0.1860,10-15%,projection,1,closing-mixed,1,1,100,won,11,0.7692,,,,,,,opticodds,2026-10-01T17:18:10.021Z
2026,1,firehose,11807,Jonnu Smith,GB,TE,at MIN,recYds,BetMGM,3.5,over,-115,-105,0.5349,0.5108,0.0471,0,0.6802,0.1453,0.1694,10-15%,projection,1,closing-mixed,1,1,100,won,50,0.8696,,,,,,,opticodds,2026-10-01T17:18:10.021Z
2026,1,firehose,13786,Josh Oliver,MIN,TE,vs GB,receptions,FanDuel,0.5,over,-220,162,0.6875,0.6430,0.0692,0,0.8324,0.1449,0.1893,10-15%,projection,1,closing-mixed,1,1,100,won,2,0.4545,,,,,,,opticodds,2026-10-01T17:18:10.021Z
2026,1,firehose,18484,Tez Johnson,TB,WR,at CIN,recYds,DraftKings,24.5,over,202,,0.3311,0.3311,,1,0.4760,0.1449,0.1449,10-15%,projection,1,closing-mixed,1,1,100,lost,0,-1,,,,,,,opticodds,2026-10-01T17:18:10.021Z
2026,1,firehose,13786,Josh Oliver,MIN,TE,vs GB,recYds,DraftKings,7.5,over,-104,-120,0.5098,0.4831,0.0553,0,0.6546,0.1448,0.1715,10-15%,projection,1,closing-mixed,1,1,100,won,22,0.9615,,,,,,,opticodds,2026-10-01T17:18:10.021Z
2026,1,firehose,18532,Corey Kiner,NE,RB,at SEA,rushYds,Hard Rock,23.5,under,-500,325,0.8333,0.7798,0.0686,0,0.9777,0.1444,0.1979,10-15%,projection,1,closing-mixed,1,1,100,won,11,0.2,,,,,,,opticodds,2026-10-01T17:18:10.021Z
2026,1,firehose,16163,Jordan Mason,MIN,RB,vs GB,rushAtt,DraftKings,15.5,over,650,,0.1333,0.1333,,1,0.2777,0.1443,0.1443,10-15%,projection,1,closing-mixed,1,1,100,lost,15,-1,,,,,,,opticodds,2026-10-01T17:18:10.021Z
2026,1,firehose,16995,Bo Nix,DEN,QB,at KC,completions,DraftKings,25.5,over,434,,0.1873,0.1873,,1,0.3315,0.1443,0.1443,10-15%,projection,1,closing-mixed,1,1,100,lost,17,-1,,,,,,,opticodds,2026-10-01T17:18:10.021Z
2026,1,firehose,8783,Travis Kelce,KC,TE,vs DEN,recYds,Hard Rock,53.5,under,-210,150,0.6774,0.6287,0.0774,0,0.8216,0.1442,0.1928,10-15%,projection,1,closing-mixed,1,1,100,lost,71,-1,,,,,,,opticodds,2026-10-01T17:18:10.021Z
2026,1,firehose,16163,Jordan Mason,MIN,RB,vs GB,rushYds,BetRivers,69.5,over,390,,0.2041,0.2041,,1,0.3481,0.1440,0.1440,10-15%,projection,1,closing-mixed,1,1,100,lost,59,-1,,,,,,,opticodds,2026-10-01T17:18:10.021Z
2026,1,firehose,18445,Omarion Hampton,LAC,RB,vs ARI,rushYds,BetRivers,89.5,over,370,,0.2128,0.2128,,1,0.3568,0.1440,0.1440,10-15%,projection,1,closing-mixed,1,1,100,lost,43,-1,,,,,,,opticodds,2026-10-01T17:18:10.021Z
2026,1,firehose,14378,Michael Pittman Jr.,PIT,WR,vs ATL,receptions,DraftKings,7.5,over,1040,,0.0877,0.0877,,1,0.2317,0.1439,0.1439,10-15%,projection,1,closing-mixed,1,1,100,lost,3,-1,,,,,,,opticodds,2026-10-01T17:18:10.021Z
2026,1,firehose,13556,David Montgomery,HOU,RB,vs BUF,rushYds,BetRivers,59.5,over,118,,0.4587,0.4587,,1,0.6025,0.1438,0.1438,10-15%,projection,1,closing-mixed,1,1,100,won,60,1.18,,,,,,,opticodds,2026-10-01T17:18:10.021Z
2026,1,firehose,11698,Samaje Perine,CIN,RB,vs TB,receptions,BetRivers,0.5,over,-136,,0.5763,0.5763,,1,0.7200,0.1437,0.1437,10-15%,projection,1,closing-mixed,1,1,100,won,3,0.7353,,,,,,,opticodds,2026-10-01T17:18:10.021Z
2026,1,firehose,12616,Calvin Ridley,TEN,WR,vs NYJ,receptions,theScore,3.5,over,450,,0.1818,0.1818,,1,0.3255,0.1437,0.1437,10-15%,projection,1,closing-mixed,1,1,100,pending,,,,,,,,,opticodds,2026-10-01T17:18:10.021Z
2026,1,firehose,18524,Bhayshul Tuten,JAX,RB,vs CLE,recYds,Hard Rock,29.5,under,-450,300,0.8182,0.7660,0.0682,0,0.9618,0.1436,0.1958,10-15%,projection,1,closing-mixed,1,1,100,won,22,0.2222,,,,,,,opticodds,2026-10-01T17:18:10.021Z
2026,1,firehose,15265,Kyle Pitts,ATL,TE,at PIT,recYds,DraftKings,35.5,over,-114,-109,0.5327,0.5053,0.0542,0,0.6761,0.1434,0.1708,10-15%,projection,1,closing-mixed,1,1,100,lost,0,-1,,,,,,,opticodds,2026-10-01T17:18:10.021Z
2026,1,firehose,17688,Jordan Whittington,LAR,WR,vs SF,recYds,DraftKings,6.5,under,-106,-119,0.5146,0.4864,0.0579,0,0.6579,0.1434,0.1715,10-15%,projection,1,opening,1,1,100,lost,8,-1,,,,,,,opticodds,2026-10-08T15:29:02.144Z
2026,1,firehose,14463,Colby Parkinson,LAR,TE,vs SF,recYds,Hard Rock,30.5,under,-260,180,0.7222,0.6691,0.0794,0,0.8655,0.1433,0.1964,10-15%,projection,1,closing-mixed,1,1,100,won,6,0.3846,,,,,,,opticodds,2026-10-01T17:18:10.021Z
2026,1,firehose,15984,Jaylen Warren,PIT,RB,vs ATL,recYds,Hard Rock,27.5,under,-250,175,0.7143,0.6627,0.0779,0,0.8576,0.1433,0.1950,10-15%,projection,1,closing-mixed,1,1,100,won,27,0.4,,,,,,,opticodds,2026-10-01T17:18:10.021Z
2026,1,firehose,16941,Tyjae Spears,TEN,RB,vs NYJ,recYds,Hard Rock,30.5,under,-240,165,0.7059,0.6516,0.0832,0,0.8492,0.1433,0.1976,10-15%,projection,1,closing-mixed,1,1,100,won,12,0.4167,,,,,,,opticodds,2026-10-01T17:18:10.021Z
2026,1,firehose,15459,Noah Gray,KC,TE,vs DEN,receptions,BetRivers,1.5,over,150,,0.4000,0.4000,,1,0.5432,0.1432,0.1432,10-15%,projection,1,closing-mixed,1,1,100,lost,1,-1,,,,,,,opticodds,2026-10-01T17:18:10.021Z
2026,1,firehose,12477,DJ Moore,BUF,WR,at HOU,receptions,BetRivers,5.5,over,430,,0.1887,0.1887,,1,0.3314,0.1427,0.1427,10-15%,projection,1,closing-mixed,1,1,100,lost,5,-1,,,,,,,opticodds,2026-10-01T17:18:10.021Z
2026,1,firehose,11690,Christian McCaffrey,SF,RB,at LAR,rushAtt,Hard Rock,17.5,over,175,,0.3636,0.3636,,1,0.5062,0.1426,0.1426,10-15%,projection,1,opening,1,1,100,lost,10,-1,,,,,,,opticodds,2026-10-08T15:29:02.144Z
2026,1,firehose,17784,Bucky Irving,TB,RB,at CIN,receptions,BetRivers,1.5,over,-190,,0.6552,0.6552,,1,0.7978,0.1426,0.1426,10-15%,projection,1,closing-mixed,1,1,100,won,7,0.5263,,,,,,,opticodds,2026-10-01T17:18:10.021Z
2026,1,firehose,5971,Matthew Stafford,LAR,QB,vs SF,completions,theScore,27.5,over,1100,,0.0833,0.0833,,1,0.2259,0.1426,0.1426,10-15%,projection,1,opening,1,1,100,lost,15,-1,,,,,,,opticodds,2026-10-08T15:29:02.144Z
2026,1,firehose,14509,Justin Jefferson,MIN,WR,vs GB,receptions,Caesars,9.5,over,750,,0.1176,0.1176,,1,0.2598,0.1422,0.1422,10-15%,projection,1,closing-mixed,1,1,100,lost,8,-1,,,,,,,opticodds,2026-10-01T17:18:10.021Z
2026,1,firehose,17724,Ladd McConkey,LAC,WR,vs ARI,recYds,Caesars,50.5,over,-113,-117,0.5305,0.4960,0.0697,0,0.6722,0.1417,0.1763,10-15%,projection,1,closing-mixed,1,1,100,won,82,0.885,,,,,,,opticodds,2026-10-01T17:18:10.021Z
2026,1,firehose,15242,Chuba Hubbard,CAR,RB,vs CHI,rushAtt,theScore,14.5,under,-190,145,0.6552,0.6161,0.0633,0,0.7963,0.1412,0.1802,10-15%,projection,1,closing-mixed,1,1,100,won,10,0.5263,,,,,,,opticodds,2026-10-01T17:18:10.021Z
2026,1,firehose,17037,Tyler Shough,NO,QB,at DET,rushYds,Hard Rock,29.5,under,-350,230,0.7778,0.7196,0.0808,0,0.9188,0.1410,0.1991,10-15%,projection,1,closing-mixed,1,1,100,won,8,0.2857,,,,,,,opticodds,2026-10-01T17:18:10.021Z
2026,1,firehose,18487,Ashton Jeanty,LV,RB,vs MIA,rushAtt,theScore,16.5,over,165,,0.3774,0.3774,,1,0.5182,0.1408,0.1408,10-15%,projection,1,closing-mixed,1,1,100,won,23,1.65,,,,,,,opticodds,2026-10-01T17:18:10.021Z
2026,1,firehose,14442,Joe Burrow,CIN,QB,vs TB,completions,theScore,29.5,over,450,,0.1818,0.1818,,1,0.3225,0.1407,0.1407,10-15%,projection,1,closing-mixed,1,1,100,lost,25,-1,,,,,,,opticodds,2026-10-01T17:18:10.021Z
2026,1,firehose,13590,Tony Pollard,TEN,RB,vs NYJ,rushYds,DraftKings,44.5,over,-116,-109,0.5370,0.5073,0.0586,0,0.6773,0.1403,0.1700,10-15%,projection,1,closing-mixed,1,1,100,lost,35,-1,,,,,,,opticodds,2026-10-01T17:18:10.021Z
2026,1,firehose,15872,Malik Willis,MIA,QB,at LV,rushYds,DraftKings,45.5,under,-120,-115,0.5455,0.5049,0.0803,0,0.6856,0.1401,0.1807,10-15%,projection,1,closing-mixed,1,1,100,won,39,0.8333,,,,,,,opticodds,2026-10-01T17:18:10.021Z
2026,1,firehose,15924,Charlie Kolar,LAC,TE,vs ARI,recYds,Hard Rock,34.5,under,-575,350,0.8519,0.7931,0.0741,0,0.9919,0.1400,0.1988,10-15%,projection,1,closing-mixed,1,1,100,pending,,,,,,,,,opticodds,2026-10-01T17:18:10.021Z
2026,1,firehose,16697,Dalton Kincaid,BUF,TE,at HOU,recYds,Hard Rock,63.5,under,-475,300,0.8261,0.7677,0.0761,0,0.9660,0.1399,0.1983,10-15%,projection,1,closing-mixed,1,1,100,lost,130,-1,,,,,,,opticodds,2026-10-01T17:18:10.021Z
2026,1,firehose,15872,Malik Willis,MIA,QB,at LV,int,DraftKings,0.5,under,117,-150,0.4608,0.4344,0.0608,0,0.6005,0.1397,0.1661,10-15%,projection,1,closing-mixed,1,1,100,pending,,,,,,,,,opticodds,2026-10-01T17:18:10.021Z
2026,1,firehose,17688,Jordan Whittington,LAR,WR,vs SF,receptions,Caesars,0.5,under,205,-290,0.3279,0.3060,0.0715,0,0.4674,0.1396,0.1614,10-15%,projection,1,opening,1,1,100,lost,1,-1,,,,,,,opticodds,2026-10-08T15:29:02.144Z
2026,1,firehose,16418,Jake Tonges,SF,TE,at LAR,recYds,Hard Rock,20.5,under,-300,200,0.7500,0.6923,0.0833,0,0.8894,0.1394,0.1971,10-15%,projection,1,opening,1,1,100,pending,,,,,,,,,opticodds,2026-10-08T15:29:02.144Z
2026,1,firehose,16932,Xavier Hutchinson,HOU,WR,vs BUF,recYds,Caesars,9.5,over,-225,,0.6923,0.6923,,1,0.8315,0.1392,0.1392,10-15%,projection,1,closing-mixed,1,1,100,won,32,0.4444,,,,,,,opticodds,2026-10-01T17:18:10.021Z
2026,1,firehose,11163,Demarcus Robinson,SF,WR,at LAR,recYds,Hard Rock,18.5,under,-180,130,0.6429,0.5965,0.0776,0,0.7816,0.1388,0.1851,10-15%,projection,1,opening,1,1,100,lost,50,-1,,,,,,,opticodds,2026-10-08T15:29:02.144Z
2026,1,firehose,16963,Rashee Rice,KC,WR,vs DEN,recYds,DraftKings,65.5,under,-110,-114,0.5238,0.4958,0.0565,0,0.6626,0.1388,0.1669,10-15%,projection,1,closing-mixed,1,1,100,won,19,0.9091,,,,,,,opticodds,2026-10-01T17:18:10.021Z
2026,1,firehose,13894,KaVontae Turpin,DAL,WR,at NYG,rushAtt,BetMGM,1.5,under,-175,130,0.6364,0.5941,0.0711,0,0.7750,0.1386,0.1809,10-15%,projection,1,closing-mixed,1,1,100,won,0,0.5714,,,,,,,opticodds,2026-10-01T17:18:10.021Z
2026,1,firehose,14446,Justin Herbert,LAC,QB,vs ARI,rushYds,Hard Rock,26.5,under,-185,130,0.6491,0.5989,0.0839,0,0.7877,0.1386,0.1889,10-15%,projection,1,closing-mixed,1,1,100,lost,29,-1,,,,,,,opticodds,2026-10-01T17:18:10.021Z
2026,1,firehose,19240,Emmett Johnson,KC,RB,vs DEN,recYds,BetMGM,2.5,over,-105,-115,0.5122,0.4892,0.0471,0,0.6508,0.1386,0.1616,10-15%,projection,1,closing-mixed,1,1,100,won,44,0.9524,,,,,,,opticodds,2026-10-01T17:18:10.021Z
2026,1,firehose,8057,Kirk Cousins,LV,QB,vs MIA,rushAtt,BetMGM,1.5,over,120,-160,0.4545,0.4248,0.0699,0,0.5931,0.1386,0.1683,10-15%,projection,1,closing-mixed,1,1,100,won,5,1.2,,,,,,,opticodds,2026-10-01T17:18:10.021Z
2026,1,firehose,14371,Jordan Love,GB,QB,at MIN,rushAtt,Hard Rock,1.5,over,-260,,0.7222,0.7222,,1,0.8607,0.1385,0.1385,10-15%,projection,1,closing-mixed,1,1,100,lost,1,-1,,,,,,,opticodds,2026-10-01T17:18:10.021Z
2026,1,firehose,8743,Geno Smith,NYJ,QB,at TEN,passAtt,theScore,32.5,under,-125,-105,0.5556,0.5203,0.0678,0,0.6939,0.1383,0.1736,10-15%,projection,1,closing-mixed,1,1,100,won,24,0.8,,,,,,,opticodds,2026-10-01T17:18:10.021Z
2026,1,firehose,18449,Woody Marks,HOU,RB,vs BUF,recYds,Hard Rock,19.5,under,-300,195,0.7500,0.6887,0.0890,0,0.8881,0.1381,0.1994,10-15%,projection,1,closing-mixed,1,1,100,won,-2,0.3333,,,,,,,opticodds,2026-10-01T17:18:10.021Z
2026,1,firehose,14436,Cole Kmet,CHI,TE,at CAR,recYds,Hard Rock,8.5,over,-210,150,0.6774,0.6287,0.0774,0,0.8154,0.1380,0.1867,10-15%,projection,1,closing-mixed,1,1,100,won,35,0.4762,,,,,,,opticodds,2026-10-01T17:18:10.021Z
2026,1,firehose,12561,Lamar Jackson,BAL,QB,at IND,rushYds,FanDuel,39.5,over,188,-113,0.3472,0.3956,-0.1223,0,0.4848,0.1376,0.0892,10-15%,projection,1,closing-mixed,1,1,100,won,40,1.88,,,,,,,opticodds,2026-10-01T17:18:10.021Z
2026,1,firehose,13517,Jakobi Meyers,JAX,WR,vs CLE,recYds,DraftKings,32.5,over,-113,-111,0.5305,0.5021,0.0566,0,0.6682,0.1376,0.1660,10-15%,projection,1,closing-mixed,1,1,100,won,40,0.885,,,,,,,opticodds,2026-10-01T17:18:10.021Z
2026,1,firehose,16899,Quentin Johnston,LAC,WR,vs ARI,recYds,BetMGM,40.5,over,-110,-105,0.5238,0.5056,0.0360,0,0.6612,0.1374,0.1556,10-15%,projection,1,closing-mixed,1,1,100,lost,17,-1,,,,,,,opticodds,2026-10-01T17:18:10.021Z
2026,1,firehose,15876,James Cook,BUF,RB,at HOU,receptions,FanDuel,3.5,over,310,,0.2439,0.2439,,1,0.3812,0.1373,0.1373,10-15%,projection,1,closing-mixed,1,1,100,lost,3,-1,,,,,,,opticodds,2026-10-01T17:18:10.021Z
2026,1,firehose,13491,Daniel Jones,IND,QB,vs BAL,rushYds,Hard Rock,21.5,under,-375,250,0.7895,0.7343,0.0752,0,0.9266,0.1371,0.1923,10-15%,projection,1,closing-mixed,1,1,100,won,4,0.2667,,,,,,,opticodds,2026-10-01T17:18:10.021Z
2026,1,firehose,14394,D'Andre Swift,CHI,RB,at CAR,recYds,Hard Rock,33.5,under,-525,325,0.8400,0.7812,0.0753,0,0.9769,0.1369,0.1957,10-15%,projection,1,closing-mixed,1,1,100,won,10,0.1905,,,,,,,opticodds,2026-10-01T17:18:10.021Z
2026,1,firehose,17695,Caleb Williams,CHI,QB,at CAR,passAtt,theScore,34.5,over,165,,0.3774,0.3774,,1,0.5140,0.1366,0.1366,10-15%,projection,1,closing-mixed,1,1,100,lost,29,-1,,,,,,,opticodds,2026-10-01T17:18:10.021Z
2026,1,firehose,14436,Cole Kmet,CHI,TE,@ CAR,receptions,fanduel,1.5,over,-122,,0.5495,0.5495,,1,0.6861,0.1365,0.1365,10-15%,projection,1,main,1,1,100,won,2,0.8197,,,,,,,rotowire,2026-09-11T18:12:40.026Z
2026,1,firehose,18472,Harold Fannin Jr.,CLE,TE,at JAX,recYds,DraftKings,32.5,over,-114,-110,0.5327,0.5042,0.0565,0,0.6691,0.1364,0.1649,10-15%,projection,1,closing-mixed,1,1,100,lost,21,-1,,,,,,,opticodds,2026-10-01T17:18:10.021Z
2026,1,firehose,15385,Travis Etienne Jr.,NO,RB,at DET,recYds,FanDuel,13.5,over,-114,-114,0.5327,0.5000,0.0654,0,0.6686,0.1359,0.1686,10-15%,projection,1,closing-mixed,1,1,100,won,32,0.8772,,,,,,,opticodds,2026-10-01T17:18:10.021Z
2026,1,firehose,15447,Joshua Palmer,BUF,WR,at HOU,recYds,Hard Rock,32.5,under,-525,325,0.8400,0.7812,0.0753,0,0.9757,0.1357,0.1945,10-15%,projection,1,closing-mixed,1,1,100,lost,34,-1,,,,,,,opticodds,2026-10-01T17:18:10.021Z
2026,1,firehose,15876,James Cook,BUF,RB,at HOU,rushAtt,DraftKings,17.5,under,-121,-106,0.5475,0.5155,0.0621,0,0.6832,0.1357,0.1677,10-15%,projection,1,closing-mixed,1,1,100,won,13,0.8264,,,,,,,opticodds,2026-10-01T17:18:10.021Z
2026,1,firehose,11847,Kendrick Bourne,ARI,WR,at LAC,recYds,BetRivers,13.5,over,-117,-114,0.5392,0.5030,0.0719,0,0.6745,0.1353,0.1715,10-15%,projection,1,closing-mixed,1,1,100,won,75,0.8547,,,,,,,opticodds,2026-10-01T17:18:10.021Z
2026,1,firehose,18487,Ashton Jeanty,LV,RB,vs MIA,recYds,Hard Rock,37.5,under,-475,300,0.8261,0.7677,0.0761,0,0.9613,0.1353,0.1937,10-15%,projection,1,closing-mixed,1,1,100,lost,45,-1,,,,,,,opticodds,2026-10-01T17:18:10.021Z
2026,1,firehose,15267,Pat Freiermuth,PIT,TE,vs ATL,receptions,Hard Rock,1.5,over,-275,,0.7333,0.7333,,1,0.8683,0.1350,0.1350,10-15%,projection,1,closing-mixed,1,1,100,won,5,0.3636,,,,,,,opticodds,2026-10-01T17:18:10.021Z
2026,1,firehose,10735,Hunter Henry,NE,TE,at SEA,receptions,Hard Rock,1.5,over,-475,,0.8261,0.8261,,1,0.9610,0.1349,0.1349,10-15%,projection,1,opening,1,1,100,won,3,0.2105,,,,,,,opticodds,2026-10-08T15:29:02.144Z
2026,1,firehose,19235,Jeremiyah Love,ARI,RB,at LAC,rushYds,Hard Rock,4.5,under,2250,-8000,0.0426,0.0413,0.0302,0,0.1774,0.1348,0.1361,10-15%,projection,1,closing-mixed,1,1,100,lost,41,-1,,,,,,,opticodds,2026-10-01T17:18:10.021Z
2026,1,firehose,13466,Dawson Knox,BUF,TE,at HOU,receptions,BetRivers,1.5,over,116,,0.4630,0.4630,,1,0.5977,0.1347,0.1347,10-15%,projection,1,closing-mixed,1,1,100,lost,1,-1,,,,,,,opticodds,2026-10-01T17:18:10.021Z
2026,1,firehose,17975,Devaughn Vele,NO,WR,at DET,receptions,DraftKings,5.5,over,473,,0.1745,0.1745,,1,0.3088,0.1343,0.1343,10-15%,projection,1,closing-mixed,1,1,100,won,7,4.73,,,,,,,opticodds,2026-10-01T17:18:10.021Z
2026,1,firehose,11712,Deshaun Watson,CLE,QB,at JAX,passAtt,theScore,34.5,over,1100,,0.0833,0.0833,,1,0.2175,0.1342,0.1342,10-15%,projection,1,closing-mixed,1,1,100,lost,22,-1,,,,,,,opticodds,2026-10-01T17:18:10.021Z
2026,1,firehose,15371,Tommy Tremble,CAR,TE,vs CHI,recYds,Hard Rock,26.5,under,-450,275,0.8182,0.7542,0.0848,0,0.9520,0.1339,0.1978,10-15%,projection,1,closing-mixed,1,1,100,won,25,0.2222,,,,,,,opticodds,2026-10-01T17:18:10.021Z
2026,1,firehose,15406,DeVonta Smith,PHI,WR,vs WAS,recYds,circasports,66.5,over,-110,,0.5238,0.5238,,1,0.6575,0.1337,0.1337,10-15%,projection,1,main,1,1,100,lost,53,-1,,,,,,,rotowire,2026-09-11T18:12:40.026Z
2026,1,firehose,16790,Puka Nacua,LAR,WR,vs SF,receptions,DraftKings,9.5,over,370,,0.2128,0.2128,,1,0.3465,0.1337,0.1337,10-15%,projection,1,closing-mixed,1,1,100,lost,5,-1,,,,,,,opticodds,2026-10-01T17:18:10.021Z
2026,1,firehose,15909,Kenneth Walker III,KC,RB,vs DEN,receptions,DraftKings,3.5,over,330,-175,0.2326,0.2676,-0.1311,0,0.3662,0.1336,0.0985,10-15%,projection,1,closing-mixed,1,1,100,lost,3,-1,,,,,,,opticodds,2026-10-01T17:18:10.021Z
2026,1,firehose,16959,Elijah Higgins,ARI,TE,at LAC,recYds,FanDuel,8.5,over,-112,-118,0.5283,0.4939,0.0696,0,0.6619,0.1336,0.1679,10-15%,projection,1,closing-mixed,1,1,100,pending,,,,,,,,,opticodds,2026-10-01T17:18:10.021Z
2026,1,firehose,16889,Darnell Washington,PIT,TE,vs ATL,recYds,Hard Rock,24.5,under,-260,180,0.7222,0.6691,0.0794,0,0.8557,0.1335,0.1866,10-15%,projection,1,closing-mixed,1,1,100,won,18,0.3846,,,,,,,opticodds,2026-10-01T17:18:10.021Z
2026,1,firehose,14465,Tua Tagovailoa,ATL,QB,at PIT,passYds,Hard Rock,267.5,under,-650,375,0.8667,0.8046,0.0772,0,1.0000,0.1333,0.1954,10-15%,projection,1,closing-mixed,1,1,100,pending,,,,,,,,,opticodds,2026-10-01T17:18:10.021Z
2026,1,firehose,15834,Brock Purdy,SF,QB,at LAR,rushYds,Hard Rock,39.5,under,-650,375,0.8667,0.8046,0.0772,0,1.0000,0.1333,0.1954,10-15%,projection,1,opening,1,1,100,won,29,0.1538,,,,,,,opticodds,2026-10-08T15:29:02.144Z
2026,1,firehose,16661,De'Von Achane,MIA,RB,at LV,rushYds,DraftKings,64.5,over,-115,-115,0.5349,0.5000,0.0698,0,0.6682,0.1333,0.1682,10-15%,projection,1,closing-mixed,1,1,100,lost,36,-1,,,,,,,opticodds,2026-10-01T17:18:10.021Z
2026,1,firehose,19330,De'Zhaun Stribling,SF,WR,at LAR,recYds,DraftKings,42.5,under,-114,-110,0.5327,0.5042,0.0565,0,0.6659,0.1332,0.1617,10-15%,projection,1,closing-mixed,1,1,100,pending,,,,,,,,,opticodds,2026-10-01T17:18:10.021Z
2026,1,firehose,19299,Jadarian Price,SEA,RB,vs NE,recYds,Hard Rock,23.5,under,-525,325,0.8400,0.7812,0.0753,0,0.9731,0.1331,0.1919,10-15%,projection,1,opening,1,1,100,won,6,0.1905,,,,,,,opticodds,2026-10-08T15:29:02.144Z
2026,1,firehose,9253,Mike Evans,SF,WR,at LAR,recYds,DraftKings,42.5,over,-114,-110,0.5327,0.5042,0.0565,0,0.6658,0.1331,0.1616,10-15%,projection,1,closing-mixed,1,1,100,won,49,0.8772,,,,,,,opticodds,2026-10-01T17:18:10.021Z
2026,1,firehose,16941,Tyjae Spears,TEN,RB,vs NYJ,rushAtt,Hard Rock,5.5,over,105,,0.4878,0.4878,,1,0.6208,0.1330,0.1330,10-15%,projection,1,closing-mixed,1,1,100,lost,3,-1,,,,,,,opticodds,2026-10-01T17:18:10.021Z
2026,1,firehose,14371,Jordan Love,GB,QB,at MIN,rushYds,Hard Rock,25.5,under,-650,375,0.8667,0.8046,0.0772,0,0.9996,0.1329,0.1950,10-15%,projection,1,closing-mixed,1,1,100,won,0,0.1538,,,,,,,opticodds,2026-10-01T17:18:10.021Z
2026,1,firehose,18515,Kaleb Johnson,GB,RB,at MIN,rushAtt,BetMGM,2.5,over,-160,120,0.6154,0.5752,0.0699,0,0.7480,0.1326,0.1728,10-15%,projection,1,closing-mixed,1,1,100,pending,,,,,,,,,opticodds,2026-10-01T17:18:10.021Z
2026,1,firehose,15807,Kyren Williams,LAR,RB,vs SF,rushAtt,Caesars,13.5,over,108,-143,0.4808,0.4496,0.0692,0,0.6133,0.1325,0.1637,10-15%,projection,1,closing-mixed,1,1,100,lost,11,-1,,,,,,,opticodds,2026-10-01T17:18:10.021Z
2026,1,firehose,13613,Kyler Murray,MIN,QB,vs GB,completions,DraftKings,25.5,over,343,,0.2257,0.2257,,1,0.3580,0.1323,0.1323,10-15%,projection,1,closing-mixed,1,1,100,lost,3,-1,,,,,,,opticodds,2026-10-01T17:18:10.021Z
2026,1,firehose,12507,Saquon Barkley,PHI,RB,vs WAS,rushAtt,theScore,19.5,under,-150,115,0.6000,0.5633,0.0651,0,0.7322,0.1322,0.1689,10-15%,projection,1,closing-mixed,1,1,100,won,15,0.6667,,,,,,,opticodds,2026-10-01T17:18:10.021Z
2026,1,firehose,16997,Cam Ward,TEN,QB,vs NYJ,passYds,theScore,274.5,over,900,,0.1000,0.1000,,1,0.2321,0.1321,0.1321,10-15%,projection,1,closing-mixed,1,1,100,lost,140,-1,,,,,,,opticodds,2026-10-01T17:18:10.021Z
2026,1,firehose,11763,Aaron Jones,MIN,RB,vs GB,rushAtt,theScore,14.5,over,1200,,0.0769,0.0769,,1,0.2087,0.1318,0.1318,10-15%,projection,1,closing-mixed,1,1,100,lost,12,-1,,,,,,,opticodds,2026-10-01T17:18:10.021Z
2026,1,firehose,16032,Cade Otton,TB,TE,at CIN,recYds,DraftKings,24.5,over,-142,,0.5868,0.5868,,1,0.7186,0.1318,0.1318,10-15%,projection,1,closing-mixed,1,1,100,won,26,0.7042,,,,,,,opticodds,2026-10-01T17:18:10.021Z
2026,1,firehose,18497,Terrance Ferguson,LAR,TE,vs SF,receptions,FanDuel,3.5,over,700,,0.1250,0.1250,,1,0.2568,0.1318,0.1318,10-15%,projection,1,opening,1,1,100,lost,0,-1,,,,,,,opticodds,2026-10-08T15:29:02.144Z
2026,1,firehose,8743,Geno Smith,NYJ,QB,at TEN,rushYds,DraftKings,14.5,over,352,,0.2212,0.2212,,1,0.3530,0.1317,0.1317,10-15%,projection,1,closing-mixed,1,1,100,lost,7,-1,,,,,,,opticodds,2026-10-01T17:18:10.021Z
2026,1,firehose,8743,Geno Smith,NYJ,QB,at TEN,passTD,FanDuel,1.5,over,225,,0.3077,0.3077,,1,0.4388,0.1311,0.1311,10-15%,projection,1,closing-mixed,1,1,100,lost,0,-1,,,,,,,opticodds,2026-10-01T17:18:10.021Z
2026,1,firehose,14506,Tee Higgins,CIN,WR,vs TB,receptions,Caesars,8.5,over,1100,,0.0833,0.0833,,1,0.2136,0.1303,0.1303,10-15%,projection,1,closing-mixed,1,1,100,lost,3,-1,,,,,,,opticodds,2026-10-01T17:18:10.021Z
2026,1,firehose,17732,Keon Coleman,BUF,WR,at HOU,recYds,Hard Rock,16.5,over,135,-190,0.4255,0.3938,0.0807,0,0.5554,0.1299,0.1617,10-15%,projection,1,closing-mixed,1,1,100,lost,1,-1,,,,,,,opticodds,2026-10-01T17:18:10.021Z
2026,1,firehose,13556,David Montgomery,HOU,RB,vs BUF,rushAtt,BetRivers,14.5,over,160,,0.3846,0.3846,,1,0.5143,0.1297,0.1297,10-15%,projection,1,closing-mixed,1,1,100,won,20,1.6,,,,,,,opticodds,2026-10-01T17:18:10.021Z
2026,1,firehose,16997,Cam Ward,TEN,QB,vs NYJ,passTD,Circa Sports,1.5,over,195,-225,0.3390,0.3287,0.0313,0,0.4686,0.1296,0.1399,10-15%,projection,1,opening,1,1,100,lost,1,-1,,,,,,,opticodds,2026-10-08T15:29:02.144Z
2026,1,firehose,11839,Patrick Mahomes,KC,QB,vs DEN,rushYds,BetMGM,12.5,under,-105,-115,0.5122,0.4892,0.0471,0,0.6416,0.1294,0.1524,10-15%,projection,1,closing-mixed,1,1,100,lost,23,-1,,,,,,,opticodds,2026-10-01T17:18:10.021Z
2026,1,firehose,17037,Tyler Shough,NO,QB,at DET,passAtt,theScore,34.5,over,175,-120,0.3636,0.4000,-0.0909,0,0.4928,0.1291,0.0928,10-15%,projection,1,closing-mixed,1,1,100,won,56,1.75,,,,,,,opticodds,2026-10-01T17:18:10.021Z
2026,1,firehose,14416,Jalen Hurts,PHI,QB,vs WAS,passYds,draftkings,211.5,over,-112,,0.5283,0.5283,,1,0.6567,0.1284,0.1284,10-15%,projection,1,main,1,1,100,lost,203,-1,,,,,,,rotowire,2026-09-11T18:12:40.026Z
2026,1,firehose,10919,Jacoby Brissett,ARI,QB,at LAC,int,theScore,0.5,over,-120,-110,0.5455,0.5101,0.0693,0,0.6737,0.1283,0.1636,10-15%,projection,1,closing-mixed,1,1,100,pending,,,,,,,,,opticodds,2026-10-01T17:18:10.021Z
2026,1,firehose,15909,Kenneth Walker III,KC,RB,vs DEN,rushYds,Circa Sports,89.5,under,-395,320,0.7980,0.7702,0.0361,0,0.9262,0.1282,0.1560,10-15%,projection,1,opening,1,1,100,lost,173,-1,,,,,,,opticodds,2026-10-08T15:29:02.144Z
2026,1,firehose,17020,Rome Odunze,CHI,WR,at CAR,recYds,Circa Sports,38.5,over,-110,-110,0.5238,0.5000,0.0476,0,0.6520,0.1282,0.1520,10-15%,projection,1,opening,1,1,100,won,52,0.9091,,,,,,,opticodds,2026-10-08T15:29:02.144Z
2026,1,firehose,18578,Travis Hunter,JAX,WR,vs CLE,receptions,FanDuel,0.5,over,-290,,0.7436,0.7436,,1,0.8715,0.1280,0.1280,10-15%,projection,1,closing-mixed,1,1,100,won,1,0.3448,,,,,,,opticodds,2026-10-01T17:18:10.021Z
2026,1,firehose,15306,Javonte Williams,DAL,RB,at NYG,recYds,Hard Rock,26.5,under,-400,260,0.8000,0.7423,0.0778,0,0.9276,0.1276,0.1853,10-15%,projection,1,closing-mixed,1,1,100,lost,31,-1,,,,,,,opticodds,2026-10-01T17:18:10.021Z
2026,1,firehose,14416,Jalen Hurts,PHI,QB,vs WAS,completions,theScore,24.5,over,1000,,0.0909,0.0909,,1,0.2184,0.1275,0.1275,10-15%,projection,1,closing-mixed,1,1,100,lost,14,-1,,,,,,,opticodds,2026-10-01T17:18:10.021Z
2026,1,firehose,15385,Travis Etienne Jr.,NO,RB,at DET,receptions,FanDuel,4.5,over,350,,0.2222,0.2222,,1,0.3494,0.1271,0.1271,10-15%,projection,1,closing-mixed,1,1,100,won,7,3.5,,,,,,,opticodds,2026-10-01T17:18:10.021Z
2026,1,firehose,11763,Aaron Jones,MIN,RB,vs GB,rushYds,Hard Rock,53.5,over,400,-1200,0.2000,0.1781,0.1231,0,0.3269,0.1269,0.1488,10-15%,projection,1,closing-mixed,1,1,100,lost,40,-1,,,,,,,opticodds,2026-10-01T17:18:10.021Z
2026,1,firehose,18516,Quinshon Judkins,CLE,RB,at JAX,rushYds,Hard Rock,79.5,under,-325,220,0.7647,0.7099,0.0772,0,0.8916,0.1269,0.1817,10-15%,projection,1,closing-mixed,1,1,100,won,33,0.3077,,,,,,,opticodds,2026-10-01T17:18:10.021Z
2026,1,firehose,13536,Terry McLaurin,WAS,WR,at PHI,receptions,BetRivers,5.5,over,300,,0.2500,0.2500,,1,0.3768,0.1268,0.1268,10-15%,projection,1,closing-mixed,1,1,100,lost,2,-1,,,,,,,opticodds,2026-10-01T17:18:10.021Z
2026,1,firehose,19279,Kenyon Sadiq,NYJ,TE,at TEN,receptions,Hard Rock,2.5,under,-135,105,0.5745,0.5408,0.0623,0,0.7012,0.1267,0.1604,10-15%,projection,1,closing-mixed,1,1,100,lost,3,-1,,,,,,,opticodds,2026-10-01T17:18:10.021Z
2026,1,firehose,14394,D'Andre Swift,CHI,RB,at CAR,rushYds,Hard Rock,88.5,under,-275,195,0.7333,0.6839,0.0723,0,0.8597,0.1264,0.1758,10-15%,projection,1,closing-mixed,1,1,100,lost,124,-1,,,,,,,opticodds,2026-10-01T17:18:10.021Z
2026,1,firehose,19240,Emmett Johnson,KC,RB,vs DEN,rushYds,BetMGM,8.5,over,-118,-105,0.5413,0.5138,0.0535,0,0.6673,0.1261,0.1535,10-15%,projection,1,closing-mixed,1,1,100,won,24,0.8475,,,,,,,opticodds,2026-10-01T17:18:10.021Z
2026,1,firehose,14442,Joe Burrow,CIN,QB,vs TB,passYds,Hard Rock,170.5,under,1200,-5000,0.0769,0.0728,0.0573,0,0.2029,0.1259,0.1301,10-15%,projection,1,closing-mixed,1,1,100,lost,254,-1,,,,,,,opticodds,2026-10-01T17:18:10.021Z
2026,1,firehose,19268,Carnell Tate,TEN,WR,vs NYJ,recYds,circasports,37.5,over,-110,,0.5238,0.5238,,1,0.6496,0.1258,0.1258,10-15%,projection,1,main,1,1,100,won,38,0.9091,,,,,,,rotowire,2026-09-11T18:12:40.026Z
2026,1,firehose,18524,Bhayshul Tuten,JAX,RB,vs CLE,rushYds,BetRivers,59.5,over,360,,0.2174,0.2174,,1,0.3429,0.1255,0.1255,10-15%,projection,1,closing-mixed,1,1,100,won,66,3.6,,,,,,,opticodds,2026-10-01T17:18:10.021Z
2026,1,firehose,18535,Mason Taylor,NYJ,TE,at TEN,recYds,DraftKings,24.5,over,150,,0.4000,0.4000,,1,0.5254,0.1254,0.1254,10-15%,projection,1,closing-mixed,1,1,100,lost,-2,-1,,,,,,,opticodds,2026-10-01T17:18:10.021Z
2026,1,firehose,14418,J.K. Dobbins,DEN,RB,at KC,rushAtt,DraftKings,12.5,under,-119,-107,0.5434,0.5125,0.0603,0,0.6687,0.1253,0.1562,10-15%,projection,1,closing-mixed,1,1,100,won,8,0.8403,,,,,,,opticodds,2026-10-01T17:18:10.021Z
2026,1,firehose,17747,Jonathon Brooks,CAR,RB,vs CHI,receptions,DraftKings,2.5,over,251,,0.2849,0.2849,,1,0.4102,0.1253,0.1253,10-15%,projection,1,closing-mixed,1,1,100,lost,1,-1,,,,,,,opticodds,2026-10-01T17:18:10.021Z
2026,1,firehose,11712,Deshaun Watson,CLE,QB,at JAX,completions,theScore,22.5,over,550,,0.1538,0.1538,,1,0.2789,0.1251,0.1251,10-15%,projection,1,closing-mixed,1,1,100,lost,16,-1,,,,,,,opticodds,2026-10-01T17:18:10.021Z
2026,1,firehose,15385,Travis Etienne Jr.,NO,RB,at DET,rushAtt,BetRivers,14.5,over,100,,0.5000,0.5000,,1,0.6248,0.1248,0.1248,10-15%,projection,1,closing-mixed,1,1,100,lost,9,-1,,,,,,,opticodds,2026-10-01T17:18:10.021Z
2026,1,firehose,18514,Cam Skattebo,NYG,RB,vs DAL,receptions,betr,2.5,over,121,,0.4525,0.4525,,1,0.5769,0.1244,0.1244,10-15%,projection,1,main,1,1,100,lost,0,-1,,,,,,,rotowire,2026-09-11T18:12:40.026Z
2026,1,firehose,15891,Greg Dulcich,MIA,TE,at LV,recYds,Hard Rock,23.5,over,-115,-115,0.5349,0.5000,0.0698,0,0.6592,0.1243,0.1592,10-15%,projection,1,closing-mixed,1,1,100,lost,18,-1,,,,,,,opticodds,2026-10-01T17:18:10.021Z
2026,1,firehose,14446,Justin Herbert,LAC,QB,vs ARI,completions,BetRivers,24.5,over,370,,0.2128,0.2128,,1,0.3365,0.1237,0.1237,10-15%,projection,1,closing-mixed,1,1,100,lost,17,-1,,,,,,,opticodds,2026-10-01T17:18:10.021Z
2026,1,firehose,11690,Christian McCaffrey,SF,RB,at LAR,rushYds,Hard Rock,92.5,under,-475,300,0.8261,0.7677,0.0761,0,0.9492,0.1231,0.1815,10-15%,projection,1,opening,1,1,100,won,68,0.2105,,,,,,,opticodds,2026-10-08T15:29:02.144Z
2026,1,firehose,8783,Travis Kelce,KC,TE,vs DEN,receptions,thescore,3.5,over,-145,,0.5918,0.5918,,1,0.7147,0.1229,0.1229,10-15%,projection,1,main,1,1,100,lost,3,-1,,,,,,,rotowire,2026-09-11T18:12:40.026Z
2026,1,firehose,4307,Aaron Rodgers,PIT,QB,vs ATL,completions,Hard Rock,21.5,under,-115,-115,0.5349,0.5000,0.0698,0,0.6575,0.1226,0.1575,10-15%,projection,1,closing-mixed,1,1,100,lost,24,-1,,,,,,,opticodds,2026-10-01T17:18:10.021Z
2026,1,firehose,11839,Patrick Mahomes,KC,QB,vs DEN,completions,BetRivers,24.5,over,360,,0.2174,0.2174,,1,0.3399,0.1225,0.1225,10-15%,projection,1,closing-mixed,1,1,100,lost,15,-1,,,,,,,opticodds,2026-10-01T17:18:10.021Z
2026,1,firehose,16022,Alec Pierce,IND,WR,vs BAL,receptions,theScore,4.5,over,500,,0.1667,0.1667,,1,0.2892,0.1225,0.1225,10-15%,projection,1,closing-mixed,1,1,100,lost,4,-1,,,,,,,opticodds,2026-10-01T17:18:10.021Z
2026,1,firehose,16997,Cam Ward,TEN,QB,vs NYJ,passAtt,DraftKings,35.5,over,211,,0.3215,0.3215,,1,0.4439,0.1224,0.1224,10-15%,projection,1,closing-mixed,1,1,100,lost,32,-1,,,,,,,opticodds,2026-10-01T17:18:10.021Z
2026,1,firehose,13424,DK Metcalf,PIT,WR,vs ATL,recYds,Caesars,29.5,over,-290,,0.7436,0.7436,,1,0.8659,0.1223,0.1223,10-15%,projection,1,closing-mixed,1,1,100,won,40,0.3448,,,,,,,opticodds,2026-10-01T17:18:10.021Z
2026,1,firehose,16807,Bryce Young,CAR,QB,vs CHI,rushAtt,Hard Rock,1.5,over,-525,,0.8400,0.8400,,1,0.9620,0.1220,0.1220,10-15%,projection,1,closing-mixed,1,1,100,won,2,0.1905,,,,,,,opticodds,2026-10-01T17:18:10.021Z
2026,1,firehose,15357,Trevor Lawrence,JAX,QB,vs CLE,passYds,Hard Rock,137.5,under,1300,-6000,0.0714,0.0677,0.0550,0,0.1932,0.1218,0.1255,10-15%,projection,1,closing-mixed,1,1,100,lost,245,-1,,,,,,,opticodds,2026-10-01T17:18:10.021Z
2026,1,firehose,16957,Michael Wilson,ARI,WR,at LAC,receptions,BetRivers,5.5,over,390,,0.2041,0.2041,,1,0.3256,0.1215,0.1215,10-15%,projection,1,closing-mixed,1,1,100,lost,5,-1,,,,,,,opticodds,2026-10-01T17:18:10.021Z
2026,1,firehose,18516,Quinshon Judkins,CLE,RB,at JAX,receptions,Hard Rock,2.5,under,-180,160,0.6429,0.6257,0.0275,0,0.7643,0.1214,0.1386,10-15%,projection,1,closing-mixed,1,1,100,won,2,0.5556,,,,,,,opticodds,2026-10-01T17:18:10.021Z
2026,1,firehose,16807,Bryce Young,CAR,QB,vs CHI,passYds,Hard Rock,126.5,under,1000,-4000,0.0909,0.0852,0.0665,0,0.2119,0.1210,0.1266,10-15%,projection,1,closing-mixed,1,1,100,lost,361,-1,,,,,,,opticodds,2026-10-01T17:18:10.021Z
2026,1,firehose,18562,Pat Bryant,DEN,WR,at KC,receptions,BetMGM,2.5,over,130,-175,0.4348,0.4059,0.0711,0,0.5558,0.1210,0.1499,10-15%,projection,1,closing-mixed,1,1,100,won,4,1.3,,,,,,,opticodds,2026-10-01T17:18:10.021Z
2026,1,firehose,17977,Isaiah Williams,NYJ,WR,at TEN,recYds,Hard Rock,29.5,under,-575,350,0.8519,0.7931,0.0741,0,0.9727,0.1209,0.1796,10-15%,projection,1,closing-mixed,1,1,100,won,7,0.1739,,,,,,,opticodds,2026-10-01T17:18:10.021Z
2026,1,firehose,10919,Jacoby Brissett,ARI,QB,at LAC,completions,theScore,24.5,over,550,,0.1538,0.1538,,1,0.2747,0.1208,0.1208,10-15%,projection,1,closing-mixed,1,1,100,won,27,5.5,,,,,,,opticodds,2026-10-01T17:18:10.021Z
2026,1,firehose,11892,George Kittle,SF,TE,at LAR,recYds,Hard Rock,62.5,under,-300,210,0.7500,0.6992,0.0726,0,0.8708,0.1208,0.1716,10-15%,projection,1,opening,1,1,100,won,12,0.3333,,,,,,,opticodds,2026-10-08T15:29:02.144Z
2026,1,firehose,19343,Caleb Douglas,MIA,WR,at LV,recYds,Hard Rock,53.5,under,-475,300,0.8261,0.7677,0.0761,0,0.9469,0.1208,0.1792,10-15%,projection,1,closing-mixed,1,1,100,lost,94,-1,,,,,,,opticodds,2026-10-01T17:18:10.021Z
2026,1,firehose,17795,MarShawn Lloyd,GB,RB,at MIN,rushYds,Hard Rock,39.5,under,185,-260,0.3509,0.3270,0.0731,0,0.4716,0.1207,0.1446,10-15%,projection,1,closing-mixed,1,1,100,won,37,1.85,,,,,,,opticodds,2026-10-01T17:18:10.021Z
2026,1,firehose,16697,Dalton Kincaid,BUF,TE,at HOU,receptions,DraftKings,2.5,over,-197,,0.6633,0.6633,,1,0.7839,0.1206,0.1206,10-15%,projection,1,closing-mixed,1,1,100,won,5,0.5076,,,,,,,opticodds,2026-10-01T17:18:10.021Z
2026,1,firehose,14446,Justin Herbert,LAC,QB,vs ARI,passYds,theScore,299.5,over,1200,,0.0769,0.0769,,1,0.1970,0.1201,0.1201,10-15%,projection,1,closing-mixed,1,1,100,lost,209,-1,,,,,,,opticodds,2026-10-01T17:18:10.021Z
2026,1,firehose,15834,Brock Purdy,SF,QB,at LAR,completions,theScore,27.5,over,1200,,0.0769,0.0769,,1,0.1963,0.1194,0.1194,10-15%,projection,1,opening,1,1,100,lost,25,-1,,,,,,,opticodds,2026-10-08T15:29:02.144Z
2026,1,firehose,10729,Jared Goff,DET,QB,vs NO,completions,BetRivers,24.5,over,195,,0.3390,0.3390,,1,0.4582,0.1193,0.1193,10-15%,projection,1,closing-mixed,1,1,100,won,26,1.95,,,,,,,opticodds,2026-10-01T17:18:10.021Z
2026,1,firehose,17692,Jayden Daniels,WAS,QB,at PHI,passYds,DraftKings,239.5,over,246,,0.2890,0.2890,,1,0.4075,0.1185,0.1185,10-15%,projection,1,closing-mixed,1,1,100,lost,164,-1,,,,,,,opticodds,2026-10-01T17:18:10.021Z
2026,1,firehose,18449,Woody Marks,HOU,RB,vs BUF,rushAtt,Caesars,6.5,over,-113,-115,0.5305,0.4980,0.0654,0,0.6490,0.1185,0.1510,10-15%,projection,1,closing-mixed,1,1,100,won,9,0.885,,,,,,,opticodds,2026-10-01T17:18:10.021Z
2026,1,firehose,19231,Makai Lemon,PHI,WR,vs WAS,recYds,FanDuel,20.5,over,-113,-113,0.5305,0.5000,0.0610,0,0.6483,0.1178,0.1483,10-15%,projection,1,closing-mixed,1,1,100,lost,-5,-1,,,,,,,opticodds,2026-10-01T17:18:10.021Z
2026,1,firehose,18487,Ashton Jeanty,LV,RB,vs MIA,rushYds,BetRivers,69.5,over,163,,0.3802,0.3802,,1,0.4979,0.1177,0.1177,10-15%,projection,1,closing-mixed,1,1,100,won,102,1.63,,,,,,,opticodds,2026-10-01T17:18:10.021Z
2026,1,firehose,11805,Evan Engram,DEN,TE,at KC,recYds,Hard Rock,47.5,under,-750,400,0.8824,0.8152,0.0824,0,1.0000,0.1176,0.1848,10-15%,projection,1,closing-mixed,1,1,100,won,43,0.1333,,,,,,,opticodds,2026-10-01T17:18:10.021Z
2026,1,firehose,15849,Jameson Williams,DET,WR,vs NO,receptions,FanDuel,6.5,over,630,,0.1370,0.1370,,1,0.2546,0.1176,0.1176,10-15%,projection,1,closing-mixed,1,1,100,lost,4,-1,,,,,,,opticodds,2026-10-01T17:18:10.021Z
2026,1,firehose,18522,RJ Harvey,DEN,RB,at KC,recYds,Hard Rock,41.5,under,-750,400,0.8824,0.8152,0.0824,0,1.0000,0.1176,0.1848,10-15%,projection,1,closing-mixed,1,1,100,won,23,0.1333,,,,,,,opticodds,2026-10-01T17:18:10.021Z
2026,1,firehose,11734,David Njoku,LAC,TE,vs ARI,recYds,Hard Rock,39.5,under,-750,400,0.8824,0.8152,0.0824,0,0.9998,0.1175,0.1846,10-15%,projection,1,closing-mixed,1,1,100,lost,58,-1,,,,,,,opticodds,2026-10-01T17:18:10.021Z
2026,1,firehose,16690,Parker Washington,JAX,WR,vs CLE,receptions,FanDuel,6.5,over,630,,0.1370,0.1370,,1,0.2542,0.1172,0.1172,10-15%,projection,1,closing-mixed,1,1,100,lost,5,-1,,,,,,,opticodds,2026-10-01T17:18:10.021Z
2026,1,firehose,16895,Jordan Addison,MIN,WR,vs GB,recYds,BetMGM,41.5,over,-110,-110,0.5238,0.5000,0.0476,0,0.6407,0.1169,0.1407,10-15%,projection,1,closing-mixed,1,1,100,lost,0,-1,,,,,,,opticodds,2026-10-01T17:18:10.021Z
2026,1,firehose,19631,Cyrus Allen,KC,WR,vs DEN,receptions,DraftKings,0.5,under,178,-230,0.3597,0.3404,0.0567,0,0.4766,0.1169,0.1362,10-15%,projection,1,closing-mixed,1,1,100,won,0,1.78,,,,,,,opticodds,2026-10-01T17:18:10.021Z
2026,1,firehose,15802,Rachaad White,WAS,RB,at PHI,recYds,Hard Rock,39.5,under,-750,400,0.8824,0.8152,0.0824,0,0.9983,0.1160,0.1831,10-15%,projection,1,closing-mixed,1,1,100,won,5,0.1333,,,,,,,opticodds,2026-10-01T17:18:10.021Z
2026,1,firehose,11763,Aaron Jones,MIN,RB,vs GB,recYds,Hard Rock,34.5,under,-525,325,0.8400,0.7812,0.0753,0,0.9559,0.1159,0.1747,10-15%,projection,1,closing-mixed,1,1,100,won,0,0.1905,,,,,,,opticodds,2026-10-01T17:18:10.021Z
2026,1,firehose,19299,Jadarian Price,SEA,RB,vs NE,rushYds,DraftKings,43.5,over,-109,-115,0.5215,0.4937,0.0564,0,0.6372,0.1157,0.1436,10-15%,projection,1,closing-mixed,1,1,100,won,52,0.9174,,,,,,,opticodds,2026-10-01T17:18:10.021Z
2026,1,firehose,17037,Tyler Shough,NO,QB,at DET,passYds,Hard Rock,137.5,under,1500,-7000,0.0625,0.0596,0.0484,0,0.1781,0.1156,0.1185,10-15%,projection,1,closing-mixed,1,1,100,lost,410,-1,,,,,,,opticodds,2026-10-01T17:18:10.021Z
2026,1,firehose,11841,Cooper Rush,ATL,QB,at PIT,passAtt,theScore,34.5,over,800,,0.1111,0.1111,,1,0.2265,0.1154,0.1154,10-15%,projection,1,closing-mixed,1,1,100,lost,22,-1,,,,,,,opticodds,2026-10-01T17:18:10.021Z
2026,1,firehose,16886,C.J. Stroud,HOU,QB,vs BUF,passYds,theScore,299.5,over,1200,,0.0769,0.0769,,1,0.1923,0.1154,0.1154,10-15%,projection,1,closing-mixed,1,1,100,lost,274,-1,,,,,,,opticodds,2026-10-01T17:18:10.021Z
2026,1,firehose,12490,Sam Darnold,SEA,QB,vs NE,passYds,theScore,274.5,over,360,,0.2174,0.2174,,1,0.3323,0.1149,0.1149,10-15%,projection,1,opening,1,1,100,lost,13,-1,,,,,,,opticodds,2026-10-08T15:29:02.144Z
2026,1,firehose,11008,Dak Prescott,DAL,QB,at NYG,passYds,theScore,324.5,over,900,,0.1000,0.1000,,1,0.2143,0.1143,0.1143,10-15%,projection,1,closing-mixed,1,1,100,lost,175,-1,,,,,,,opticodds,2026-10-01T17:18:10.021Z
2026,1,firehose,12514,Dalton Schultz,HOU,TE,vs BUF,recYds,DraftKings,30.5,over,-115,-109,0.5349,0.5063,0.0564,0,0.6492,0.1143,0.1428,10-15%,projection,1,closing-mixed,1,1,100,won,35,0.8696,,,,,,,opticodds,2026-10-01T17:18:10.021Z
2026,1,firehose,18520,Kyle Monangai,CHI,RB,at CAR,rushYds,Caesars,69.5,over,1000,,0.0909,0.0909,,1,0.2049,0.1140,0.1140,10-15%,projection,1,closing-mixed,1,1,100,won,100,10,,,,,,,opticodds,2026-10-01T17:18:10.021Z
2026,1,firehose,15895,Chris Olave,NO,WR,at DET,recYds,Hard Rock,99.5,under,-240,170,0.7059,0.6559,0.0763,0,0.8197,0.1138,0.1638,10-15%,projection,1,closing-mixed,1,1,100,lost,182,-1,,,,,,,opticodds,2026-10-01T17:18:10.021Z
2026,1,firehose,8057,Kirk Cousins,LV,QB,vs MIA,passAtt,Hard Rock,31.5,under,-115,-115,0.5349,0.5000,0.0698,0,0.6485,0.1136,0.1485,10-15%,projection,1,closing-mixed,1,1,100,won,30,0.8696,,,,,,,opticodds,2026-10-01T17:18:10.021Z
2026,1,firehose,16886,C.J. Stroud,HOU,QB,vs BUF,completions,theScore,24.5,over,500,,0.1667,0.1667,,1,0.2802,0.1135,0.1135,10-15%,projection,1,closing-mixed,1,1,100,won,26,5,,,,,,,opticodds,2026-10-01T17:18:10.021Z
2026,1,firehose,12490,Sam Darnold,SEA,QB,vs NE,completions,BetRivers,24.5,over,425,,0.1905,0.1905,,1,0.3037,0.1132,0.1132,10-15%,projection,1,opening,1,1,100,lost,1,-1,,,,,,,opticodds,2026-10-08T15:29:02.144Z
2026,1,firehose,15872,Malik Willis,MIA,QB,at LV,passYds,DraftKings,209.5,over,243,,0.2915,0.2915,,1,0.4048,0.1132,0.1132,10-15%,projection,1,closing-mixed,1,1,100,won,220,2.43,,,,,,,opticodds,2026-10-01T17:18:10.021Z
2026,1,firehose,12490,Sam Darnold,SEA,QB,vs NE,passAtt,DraftKings,33.5,over,215,,0.3175,0.3175,,1,0.4305,0.1130,0.1130,10-15%,projection,1,closing-mixed,1,1,100,lost,2,-1,,,,,,,opticodds,2026-10-01T17:18:10.021Z
2026,1,firehose,4307,Aaron Rodgers,PIT,QB,vs ATL,rushYds,FanDuel,4.5,over,168,,0.3731,0.3731,,1,0.4861,0.1130,0.1130,10-15%,projection,1,closing-mixed,1,1,100,lost,-3,-1,,,,,,,opticodds,2026-10-01T17:18:10.021Z
2026,1,firehose,14442,Joe Burrow,CIN,QB,vs TB,passTD,BetRivers,2.5,over,205,,0.3279,0.3279,,1,0.4407,0.1128,0.1128,10-15%,projection,1,closing-mixed,1,1,100,lost,1,-1,,,,,,,opticodds,2026-10-01T17:18:10.021Z
2026,1,firehose,15876,James Cook,BUF,RB,at HOU,recYds,theScore,24.5,under,-135,105,0.5745,0.5408,0.0623,0,0.6873,0.1128,0.1465,10-15%,projection,1,closing-mixed,1,1,100,won,12,0.7407,,,,,,,opticodds,2026-10-01T17:18:10.021Z
2026,1,firehose,17037,Tyler Shough,NO,QB,at DET,completions,DraftKings,27.5,over,545,,0.1550,0.1550,,1,0.2675,0.1125,0.1125,10-15%,projection,1,closing-mixed,1,1,100,won,35,5.45,,,,,,,opticodds,2026-10-01T17:18:10.021Z
2026,1,firehose,18811,Jacory Croskey-Merritt,WAS,RB,at PHI,rushYds,Caesars,52.5,under,-113,-115,0.5305,0.4980,0.0654,0,0.6426,0.1121,0.1447,10-15%,projection,1,closing-mixed,1,1,100,lost,63,-1,,,,,,,opticodds,2026-10-01T17:18:10.021Z
2026,1,firehose,14446,Justin Herbert,LAC,QB,vs ARI,passAtt,theScore,34.5,over,325,,0.2353,0.2353,,1,0.3472,0.1119,0.1119,10-15%,projection,1,closing-mixed,1,1,100,lost,27,-1,,,,,,,opticodds,2026-10-01T17:18:10.021Z
2026,1,firehose,17696,Erick All Jr.,CIN,TE,vs TB,recYds,Hard Rock,31.5,under,-800,425,0.8889,0.8235,0.0794,0,1.0000,0.1111,0.1765,10-15%,projection,1,closing-mixed,1,1,100,pending,,,,,,,,,opticodds,2026-10-01T17:18:10.021Z
2026,1,firehose,17704,Malik Nabers,NYG,WR,vs DAL,recYds,Hard Rock,20.5,under,900,-3000,0.1000,0.0937,0.0677,0,0.2105,0.1105,0.1168,10-15%,projection,1,closing-mixed,1,1,100,lost,69,-1,,,,,,,opticodds,2026-10-01T17:18:10.021Z
2026,1,firehose,11839,Patrick Mahomes,KC,QB,vs DEN,passTD,Circa Sports,1.5,under,-135,115,0.5745,0.5526,0.0396,0,0.6844,0.1099,0.1318,10-15%,projection,1,opening,1,1,100,lost,2,-1,,,,,,,opticodds,2026-10-08T15:29:02.144Z
2026,1,firehose,16957,Michael Wilson,ARI,WR,at LAC,recYds,DraftKings,37.5,over,-113,-111,0.5305,0.5021,0.0566,0,0.6402,0.1096,0.1380,10-15%,projection,1,closing-mixed,1,1,100,won,56,0.885,,,,,,,opticodds,2026-10-01T17:18:10.021Z
2026,1,firehose,17673,Drake Maye,NE,QB,at SEA,passTD,BetRivers,1.5,over,160,-220,0.3846,0.3587,0.0721,0,0.4942,0.1096,0.1355,10-15%,projection,1,opening,1,1,100,lost,1,-1,,,,,,,opticodds,2026-10-08T15:29:02.144Z
2026,1,firehose,4307,Aaron Rodgers,PIT,QB,vs ATL,passYds,Hard Rock,114.5,under,1750,-10000,0.0541,0.0518,0.0442,0,0.1635,0.1094,0.1117,10-15%,projection,1,closing-mixed,1,1,100,lost,221,-1,,,,,,,opticodds,2026-10-01T17:18:10.021Z
2026,1,firehose,19240,Emmett Johnson,KC,RB,vs DEN,rushAtt,BetMGM,3.5,over,125,-165,0.4444,0.4165,0.0671,0,0.5533,0.1089,0.1368,10-15%,projection,1,closing-mixed,1,1,100,won,8,1.25,,,,,,,opticodds,2026-10-01T17:18:10.021Z
2026,1,firehose,10919,Jacoby Brissett,ARI,QB,at LAC,passTD,Circa Sports,1.5,under,-185,160,0.6491,0.6279,0.0337,0,0.7578,0.1087,0.1299,10-15%,projection,1,opening,1,1,100,won,1,0.5405,,,,,,,opticodds,2026-10-08T15:29:02.144Z
2026,1,firehose,16739,Bijan Robinson,ATL,RB,at PIT,rushAtt,DraftKings,15.5,over,-247,,0.7118,0.7118,,1,0.8203,0.1085,0.1085,10-15%,projection,1,closing-mixed,1,1,100,won,21,0.4049,,,,,,,opticodds,2026-10-01T17:18:10.021Z
2026,1,firehose,17968,George Holani,SEA,RB,vs NE,receptions,FanDuel,1.5,under,128,-172,0.4386,0.4095,0.0709,0,0.5470,0.1084,0.1374,10-15%,projection,1,opening,1,1,100,won,0,1.28,,,,,,,opticodds,2026-10-08T15:29:02.144Z
2026,1,firehose,13491,Daniel Jones,IND,QB,vs BAL,rushAtt,Hard Rock,1.5,over,-375,,0.7895,0.7895,,1,0.8978,0.1083,0.1083,10-15%,projection,1,closing-mixed,1,1,100,lost,1,-1,,,,,,,opticodds,2026-10-01T17:18:10.021Z
2026,1,firehose,16808,Jahmyr Gibbs,DET,RB,vs NO,receptions,Caesars,7.5,over,850,,0.1053,0.1053,,1,0.2136,0.1083,0.1083,10-15%,projection,1,closing-mixed,1,1,100,lost,5,-1,,,,,,,opticodds,2026-10-01T17:18:10.021Z
2026,1,firehose,18811,Jacory Croskey-Merritt,WAS,RB,at PHI,rushAtt,Caesars,10.5,under,109,-143,0.4785,0.4484,0.0669,0,0.5866,0.1081,0.1381,10-15%,projection,1,closing-mixed,1,1,100,lost,16,-1,,,,,,,opticodds,2026-10-01T17:18:10.021Z
2026,1,firehose,16934,Chase Brown,CIN,RB,vs TB,rushYds,Hard Rock,84.5,under,-400,260,0.8000,0.7423,0.0778,0,0.9079,0.1079,0.1656,10-15%,projection,1,closing-mixed,1,1,100,won,56,0.25,,,,,,,opticodds,2026-10-01T17:18:10.021Z
2026,1,firehose,15406,DeVonta Smith,PHI,WR,vs WAS,receptions,theScore,8.5,over,700,,0.1250,0.1250,,1,0.2326,0.1076,0.1076,10-15%,projection,1,closing-mixed,1,1,100,lost,3,-1,,,,,,,opticodds,2026-10-01T17:18:10.021Z
2026,1,firehose,17734,Xavier Legette,CAR,WR,vs CHI,receptions,FanDuel,1.5,under,164,-225,0.3788,0.3536,0.0711,0,0.4862,0.1074,0.1326,10-15%,projection,1,closing-mixed,1,1,100,won,0,1.64,,,,,,,opticodds,2026-10-01T17:18:10.021Z
2026,1,firehose,15850,Jahan Dotson,ATL,WR,at PIT,recYds,Hard Rock,38.5,under,-475,300,0.8261,0.7677,0.0761,0,0.9331,0.1070,0.1654,10-15%,projection,1,closing-mixed,1,1,100,won,19,0.2105,,,,,,,opticodds,2026-10-01T17:18:10.021Z
2026,1,firehose,8627,Keenan Allen,IND,WR,vs BAL,receptions,Caesars,5.5,over,500,,0.1667,0.1667,,1,0.2736,0.1069,0.1069,10-15%,projection,1,closing-mixed,1,1,100,won,6,5,,,,,,,opticodds,2026-10-01T17:18:10.021Z
2026,1,firehose,11861,Mack Hollins,NE,WR,at SEA,receptions,DraftKings,2.5,over,526,,0.1597,0.1597,,1,0.2663,0.1065,0.1065,10-15%,projection,1,opening,1,1,100,won,4,5.26,,,,,,,opticodds,2026-10-08T15:29:02.144Z
2026,1,firehose,10729,Jared Goff,DET,QB,vs NO,passAtt,BetRivers,34.5,over,140,,0.4167,0.4167,,1,0.5229,0.1063,0.1063,10-15%,projection,1,closing-mixed,1,1,100,won,39,1.4,,,,,,,opticodds,2026-10-01T17:18:10.021Z
2026,1,firehose,17674,Marvin Harrison Jr.,ARI,WR,at LAC,receptions,Hard Rock,3.5,under,130,-175,0.4348,0.4059,0.0711,0,0.5410,0.1062,0.1351,10-15%,projection,1,closing-mixed,1,1,100,won,1,1.3,,,,,,,opticodds,2026-10-01T17:18:10.021Z
2026,1,firehose,15946,Christian Watson,GB,WR,at MIN,receptions,FanDuel,6.5,over,630,,0.1370,0.1370,,1,0.2430,0.1061,0.1061,10-15%,projection,1,closing-mixed,1,1,100,lost,6,-1,,,,,,,opticodds,2026-10-01T17:18:10.021Z
2026,1,firehose,16941,Tyjae Spears,TEN,RB,vs NYJ,receptions,Hard Rock,3.5,under,-115,-115,0.5349,0.5000,0.0698,0,0.6409,0.1061,0.1409,10-15%,projection,1,closing-mixed,1,1,100,won,2,0.8696,,,,,,,opticodds,2026-10-01T17:18:10.021Z
2026,1,firehose,18535,Mason Taylor,NYJ,TE,at TEN,receptions,DraftKings,3.5,over,307,,0.2457,0.2457,,1,0.3516,0.1059,0.1059,10-15%,projection,1,closing-mixed,1,1,100,lost,2,-1,,,,,,,opticodds,2026-10-01T17:18:10.021Z
2026,1,firehose,10919,Jacoby Brissett,ARI,QB,at LAC,rushYds,Hard Rock,23.5,under,-850,425,0.8947,0.8245,0.0852,0,1.0000,0.1053,0.1755,10-15%,projection,1,closing-mixed,1,1,100,won,14,0.1176,,,,,,,opticodds,2026-10-01T17:18:10.021Z
2026,1,firehose,18516,Quinshon Judkins,CLE,RB,at JAX,recYds,Hard Rock,34.5,under,-850,450,0.8947,0.8311,0.0766,0,1.0000,0.1053,0.1689,10-15%,projection,1,closing-mixed,1,1,100,won,17,0.1176,,,,,,,opticodds,2026-10-01T17:18:10.021Z
2026,1,firehose,14371,Jordan Love,GB,QB,at MIN,passYds,Hard Rock,131.5,under,1750,-8000,0.0541,0.0519,0.0417,0,0.1592,0.1051,0.1073,10-15%,projection,1,closing-mixed,1,1,100,lost,387,-1,,,,,,,opticodds,2026-10-01T17:18:10.021Z
2026,1,firehose,13613,Kyler Murray,MIN,QB,vs GB,rushYds,DraftKings,24.5,over,117,,0.4608,0.4608,,1,0.5656,0.1048,0.1048,10-15%,projection,1,closing-mixed,1,1,100,lost,9,-1,,,,,,,opticodds,2026-10-01T17:18:10.021Z
2026,1,firehose,8057,Kirk Cousins,LV,QB,vs MIA,passTD,Circa Sports,1.5,over,145,-165,0.4082,0.3960,0.0308,0,0.5129,0.1048,0.1170,10-15%,projection,1,opening,1,1,100,won,3,1.45,,,,,,,opticodds,2026-10-08T15:29:02.144Z
2026,1,firehose,16995,Bo Nix,DEN,QB,at KC,passYds,Hard Rock,119.5,under,2250,-10000,0.0426,0.0412,0.0327,0,0.1473,0.1047,0.1061,10-15%,projection,1,closing-mixed,1,1,100,lost,131,-1,,,,,,,opticodds,2026-10-01T17:18:10.021Z
2026,1,firehose,19314,Omar Cooper Jr.,NYJ,WR,at TEN,recYds,DraftKings,13.5,over,-114,-110,0.5327,0.5042,0.0565,0,0.6374,0.1047,0.1332,10-15%,projection,1,closing-mixed,1,1,100,won,30,0.8772,,,,,,,opticodds,2026-10-01T17:18:10.021Z
2026,1,firehose,11863,Cooper Kupp,SEA,WR,vs NE,recYds,BetRivers,29.5,over,107,-114,0.4831,0.4756,0.0158,0,0.5877,0.1046,0.1121,10-15%,projection,1,opening,1,1,100,won,35,1.07,,,,,,,opticodds,2026-10-08T15:29:02.144Z
2026,1,firehose,13536,Terry McLaurin,WAS,WR,at PHI,recYds,BetRivers,46.5,over,-114,-117,0.5327,0.4970,0.0719,0,0.6372,0.1045,0.1402,10-15%,projection,1,closing-mixed,1,1,100,lost,14,-1,,,,,,,opticodds,2026-10-01T17:18:10.021Z
2026,1,firehose,14442,Joe Burrow,CIN,QB,vs TB,passAtt,DraftKings,37.5,over,184,,0.3521,0.3521,,1,0.4561,0.1040,0.1040,10-15%,projection,1,closing-mixed,1,1,100,lost,35,-1,,,,,,,opticodds,2026-10-01T17:18:10.021Z
2026,1,firehose,13613,Kyler Murray,MIN,QB,vs GB,passYds,Hard Rock,120.5,under,1750,-8000,0.0541,0.0519,0.0417,0,0.1578,0.1037,0.1059,10-15%,projection,1,closing-mixed,1,1,100,won,18,17.5,,,,,,,opticodds,2026-10-01T17:18:10.021Z
2026,1,firehose,9455,Davante Adams,LAR,WR,vs SF,receptions,Caesars,7.5,over,700,,0.1250,0.1250,,1,0.2285,0.1035,0.1035,10-15%,projection,1,opening,1,1,100,lost,3,-1,,,,,,,opticodds,2026-10-08T15:29:02.144Z
2026,1,firehose,16895,Jordan Addison,MIN,WR,vs GB,receptions,theScore,4.5,over,225,,0.3077,0.3077,,1,0.4111,0.1034,0.1034,10-15%,projection,1,closing-mixed,1,1,100,lost,0,-1,,,,,,,opticodds,2026-10-01T17:18:10.021Z
2026,1,firehose,4307,Aaron Rodgers,PIT,QB,vs ATL,passTD,DraftKings,2.5,over,512,,0.1634,0.1634,,1,0.2667,0.1033,0.1033,10-15%,projection,1,closing-mixed,1,1,100,lost,1,-1,,,,,,,opticodds,2026-10-01T17:18:10.021Z
2026,1,firehose,11892,George Kittle,SF,TE,at LAR,receptions,Caesars,3.5,over,118,-175,0.4587,0.4189,0.0951,0,0.5618,0.1031,0.1430,10-15%,projection,1,closing-mixed,1,1,100,lost,2,-1,,,,,,,opticodds,2026-10-01T17:18:10.021Z
2026,1,firehose,15872,Malik Willis,MIA,QB,at LV,rushAtt,Hard Rock,6.5,over,-130,100,0.5652,0.5306,0.0652,0,0.6683,0.1031,0.1377,10-15%,projection,1,closing-mixed,1,1,100,lost,6,-1,,,,,,,opticodds,2026-10-01T17:18:10.021Z
2026,1,firehose,15902,Trey McBride,ARI,TE,at LAC,receptions,BetRivers,8.5,over,370,,0.2128,0.2128,,1,0.3157,0.1029,0.1029,10-15%,projection,1,closing-mixed,1,1,100,won,9,3.7,,,,,,,opticodds,2026-10-01T17:18:10.021Z
2026,1,firehose,16163,Jordan Mason,MIN,RB,vs GB,recYds,BetMGM,4.5,over,-110,-110,0.5238,0.5000,0.0476,0,0.6267,0.1029,0.1267,10-15%,projection,1,closing-mixed,1,1,100,lost,0,-1,,,,,,,opticodds,2026-10-01T17:18:10.021Z
2026,1,firehose,8057,Kirk Cousins,LV,QB,vs MIA,passYds,theScore,184.5,over,-110,-120,0.5238,0.4899,0.0693,0,0.6264,0.1026,0.1365,10-15%,projection,1,closing-mixed,1,1,100,lost,160,-1,,,,,,,opticodds,2026-10-01T17:18:10.021Z
2026,1,firehose,15306,Javonte Williams,DAL,RB,at NYG,receptions,Hard Rock,1.5,over,-155,115,0.6078,0.5665,0.0730,0,0.7101,0.1023,0.1436,10-15%,projection,1,closing-mixed,1,1,100,won,5,0.6452,,,,,,,opticodds,2026-10-01T17:18:10.021Z
2026,1,firehose,17017,Brenton Strange,JAX,TE,vs CLE,recYds,Hard Rock,60.5,under,-500,300,0.8333,0.7692,0.0833,0,0.9356,0.1023,0.1664,10-15%,projection,1,closing-mixed,1,1,100,won,23,0.2,,,,,,,opticodds,2026-10-01T17:18:10.021Z
2026,1,firehose,15849,Jameson Williams,DET,WR,vs NO,recYds,BetRivers,54.5,over,-114,-117,0.5327,0.4970,0.0719,0,0.6347,0.1020,0.1378,10-15%,projection,1,closing-mixed,1,1,100,lost,45,-1,,,,,,,opticodds,2026-10-01T17:18:10.021Z
2026,1,firehose,11698,Samaje Perine,CIN,RB,vs TB,recYds,Hard Rock,27.5,under,-600,350,0.8571,0.7941,0.0794,0,0.9590,0.1019,0.1649,10-15%,projection,1,closing-mixed,1,1,100,lost,30,-1,,,,,,,opticodds,2026-10-01T17:18:10.021Z
2026,1,firehose,14418,J.K. Dobbins,DEN,RB,at KC,receptions,FanDuel,0.5,over,-205,152,0.6721,0.6288,0.0690,0,0.7740,0.1019,0.1452,10-15%,projection,1,closing-mixed,1,1,100,lost,0,-1,,,,,,,opticodds,2026-10-01T17:18:10.021Z
2026,1,firehose,10133,Stefon Diggs,WAS,WR,at PHI,receptions,BetRivers,5.5,over,325,,0.2353,0.2353,,1,0.3370,0.1017,0.1017,10-15%,projection,1,closing-mixed,1,1,100,lost,4,-1,,,,,,,opticodds,2026-10-01T17:18:10.021Z
2026,1,firehose,4307,Aaron Rodgers,PIT,QB,vs ATL,passAtt,BetRivers,31.5,under,-109,-122,0.5215,0.4869,0.0711,0,0.6229,0.1014,0.1360,10-15%,projection,1,closing-mixed,1,1,100,lost,40,-1,,,,,,,opticodds,2026-10-01T17:18:10.021Z
2026,1,firehose,8743,Geno Smith,NYJ,QB,at TEN,completions,theScore,24.5,over,425,,0.1905,0.1905,,1,0.2919,0.1014,0.1014,10-15%,projection,1,closing-mixed,1,1,100,lost,19,-1,,,,,,,opticodds,2026-10-01T17:18:10.021Z
2026,1,firehose,14394,D'Andre Swift,CHI,RB,@ CAR,receptions,hardrock,1.5,over,-170,,0.6296,0.6296,,1,0.7309,0.1012,0.1012,10-15%,projection,1,main,1,1,100,lost,1,-1,,,,,,,rotowire,2026-09-11T18:12:40.026Z
2026,1,firehose,18548,Luther Burden III,CHI,WR,at CAR,recYds,FanDuel,79.5,over,270,,0.2703,0.2703,,1,0.3713,0.1010,0.1010,10-15%,projection,1,closing-mixed,1,1,100,lost,63,-1,,,,,,,opticodds,2026-10-01T17:18:10.021Z
2026,1,firehose,14541,Adam Trautman,DEN,TE,at KC,receptions,Hard Rock,0.5,over,-185,140,0.6491,0.6091,0.0658,0,0.7500,0.1009,0.1409,10-15%,projection,1,closing-mixed,1,1,100,won,2,0.5405,,,,,,,opticodds,2026-10-01T17:18:10.021Z
2026,1,firehose,15810,Breece Hall,NYJ,RB,at TEN,rushYds,DraftKings,69.5,over,129,,0.4367,0.4367,,1,0.5373,0.1006,0.1006,10-15%,projection,1,closing-mixed,1,1,100,won,102,1.29,,,,,,,opticodds,2026-10-01T17:18:10.021Z
2026,1,firehose,14455,Jonathan Taylor,IND,RB,vs BAL,rushAtt,DraftKings,18.5,under,-108,-118,0.5192,0.4896,0.0605,0,0.6195,0.1002,0.1299,10-15%,projection,1,closing-mixed,1,1,100,lost,19,-1,,,,,,,opticodds,2026-10-01T17:18:10.021Z
2026,1,firehose,14509,Justin Jefferson,MIN,WR,vs GB,recYds,BetMGM,71.5,over,-110,-110,0.5238,0.5000,0.0476,0,0.6239,0.1001,0.1239,10-15%,projection,1,closing-mixed,1,1,100,won,92,0.9091,,,,,,,opticodds,2026-10-01T17:18:10.021Z
2026,1,firehose,15876,James Cook,BUF,RB,at HOU,rushYds,Hard Rock,105.5,under,-425,260,0.8095,0.7445,0.0873,0,0.9095,0.1000,0.1650,10-15%,projection,1,closing-mixed,1,1,100,won,57,0.2353,,,,,,,opticodds,2026-10-01T17:18:10.021Z
2026,1,firehose,16560,Rashid Shaheed,SEA,WR,vs NE,rushYds,Hard Rock,16.5,under,-900,450,0.9000,0.8319,0.0818,0,1.0000,0.1000,0.1681,10-15%,projection,1,closing-mixed,1,1,100,won,0,0.1111,,,,,,,opticodds,2026-10-01T17:18:10.021Z
2026,1,firehose,17795,MarShawn Lloyd,GB,RB,at MIN,rushAtt,Caesars,13.5,under,-118,-112,0.5413,0.5061,0.0696,0,0.6410,0.0998,0.1350,5-10%,projection,1,closing-mixed,1,1,100,won,13,0.8475,,,,,,,opticodds,2026-10-01T17:18:10.021Z
2026,1,firehose,15807,Kyren Williams,LAR,RB,vs SF,receptions,DraftKings,1.5,over,-140,110,0.5833,0.5506,0.0595,0,0.6830,0.0997,0.1324,5-10%,projection,1,opening,1,1,100,won,3,0.7143,,,,,,,opticodds,2026-10-08T15:29:02.144Z
2026,1,firehose,10919,Jacoby Brissett,ARI,QB,at LAC,passYds,theScore,274.5,over,500,,0.1667,0.1667,,1,0.2663,0.0996,0.0996,5-10%,projection,1,closing-mixed,1,1,100,won,277,5,,,,,,,opticodds,2026-10-01T17:18:10.021Z
2026,1,firehose,16694,Tre Tucker,LV,WR,vs MIA,receptions,DraftKings,5.5,over,445,,0.1835,0.1835,,1,0.2828,0.0993,0.0993,5-10%,projection,1,closing-mixed,1,1,100,lost,2,-1,,,,,,,opticodds,2026-10-01T17:18:10.021Z
2026,1,firehose,16886,C.J. Stroud,HOU,QB,vs BUF,passAtt,DraftKings,33.5,over,187,,0.3484,0.3484,,1,0.4475,0.0991,0.0991,5-10%,projection,1,closing-mixed,1,1,100,won,38,1.87,,,,,,,opticodds,2026-10-01T17:18:10.021Z
2026,1,firehose,14506,Tee Higgins,CIN,WR,vs TB,recYds,DraftKings,56.5,over,-112,-112,0.5283,0.5000,0.0566,0,0.6273,0.0990,0.1273,5-10%,projection,1,closing-mixed,1,1,100,won,59,0.8929,,,,,,,opticodds,2026-10-01T17:18:10.021Z
2026,1,firehose,13491,Daniel Jones,IND,QB,vs BAL,passYds,Hard Rock,134.5,under,1400,-6000,0.0667,0.0635,0.0503,0,0.1654,0.0988,0.1019,5-10%,projection,1,closing-mixed,1,1,100,lost,166,-1,,,,,,,opticodds,2026-10-01T17:18:10.021Z
2026,1,firehose,10729,Jared Goff,DET,QB,vs NO,passYds,Hard Rock,148.5,under,1750,-9000,0.0541,0.0518,0.0431,0,0.1528,0.0987,0.1010,5-10%,projection,1,closing-mixed,1,1,100,lost,206,-1,,,,,,,opticodds,2026-10-01T17:18:10.021Z
2026,1,firehose,18472,Harold Fannin Jr.,CLE,TE,at JAX,receptions,DraftKings,5.5,over,295,,0.2532,0.2532,,1,0.3518,0.0987,0.0987,5-10%,projection,1,closing-mixed,1,1,100,lost,2,-1,,,,,,,opticodds,2026-10-01T17:18:10.021Z
2026,1,firehose,12619,Baker Mayfield,TB,QB,at CIN,passYds,Hard Rock,122.5,under,2000,-10000,0.0476,0.0459,0.0377,0,0.1461,0.0985,0.1003,5-10%,projection,1,closing-mixed,1,1,100,lost,216,-1,,,,,,,opticodds,2026-10-01T17:18:10.021Z
2026,1,firehose,16654,Jaxon Smith-Njigba,SEA,WR,vs NE,recYds,DraftKings,109.5,over,265,,0.2740,0.2740,,1,0.3724,0.0984,0.0984,5-10%,projection,1,closing-mixed,1,1,100,won,122,2.65,,,,,,,opticodds,2026-10-01T17:18:10.021Z
2026,1,firehose,15946,Christian Watson,GB,WR,at MIN,recYds,BetRivers,50.5,over,-114,-115,0.5327,0.4990,0.0676,0,0.6310,0.0983,0.1320,5-10%,projection,1,closing-mixed,1,1,100,won,147,0.8772,,,,,,,opticodds,2026-10-01T17:18:10.021Z
2026,1,firehose,11863,Cooper Kupp,SEA,WR,vs NE,receptions,FanDuel,4.5,over,470,,0.1754,0.1754,,1,0.2732,0.0978,0.0978,5-10%,projection,1,opening,1,1,100,lost,2,-1,,,,,,,opticodds,2026-10-08T15:29:02.144Z
2026,1,firehose,15834,Brock Purdy,SF,QB,at LAR,passYds,Hard Rock,124.5,under,2500,-9000,0.0385,0.0374,0.0275,0,0.1362,0.0978,0.0988,5-10%,projection,1,opening,1,1,100,lost,205,-1,,,,,,,opticodds,2026-10-08T15:29:02.144Z
2026,1,firehose,18552,Elic Ayomanor,TEN,WR,vs NYJ,receptions,FanDuel,0.5,over,-210,154,0.6774,0.6324,0.0711,0,0.7752,0.0978,0.1428,5-10%,projection,1,closing-mixed,1,1,100,won,1,0.4762,,,,,,,opticodds,2026-10-01T17:18:10.021Z
2026,1,firehose,17968,George Holani,SEA,RB,vs NE,rushYds,Hard Rock,5.5,under,550,-1200,0.1538,0.1429,0.0769,0,0.2511,0.0973,0.1083,5-10%,projection,1,opening,1,1,100,lost,29,-1,,,,,,,opticodds,2026-10-08T15:29:02.144Z
2026,1,firehose,19330,De'Zhaun Stribling,SF,WR,at LAR,receptions,Hard Rock,2.5,under,135,-220,0.4255,0.3823,0.1130,0,0.5222,0.0967,0.1399,5-10%,projection,1,opening,1,1,100,pending,,,,,,,,,opticodds,2026-10-08T15:29:02.144Z
2026,1,firehose,13491,Daniel Jones,IND,QB,vs BAL,passAtt,theScore,30.5,over,-110,-120,0.5238,0.4899,0.0693,0,0.6204,0.0966,0.1305,5-10%,projection,1,closing-mixed,1,1,100,won,31,0.9091,,,,,,,opticodds,2026-10-01T17:18:10.021Z
2026,1,firehose,15371,Tommy Tremble,CAR,TE,vs CHI,receptions,DraftKings,1.5,under,138,-177,0.4202,0.3967,0.0592,0,0.5166,0.0964,0.1199,5-10%,projection,1,closing-mixed,1,1,100,lost,3,-1,,,,,,,opticodds,2026-10-01T17:18:10.021Z
2026,1,firehose,15838,Wan'Dale Robinson,TEN,WR,vs NYJ,recYds,DraftKings,40.5,over,-110,-115,0.5238,0.4948,0.0587,0,0.6191,0.0953,0.1243,5-10%,projection,1,closing-mixed,1,1,100,lost,38,-1,,,,,,,opticodds,2026-10-01T17:18:10.021Z
2026,1,firehose,17734,Xavier Legette,CAR,WR,vs CHI,recYds,Hard Rock,39.5,under,-375,240,0.7895,0.7286,0.0836,0,0.8847,0.0952,0.1561,5-10%,projection,1,closing-mixed,1,1,100,won,0,0.2667,,,,,,,opticodds,2026-10-01T17:18:10.021Z
2026,1,firehose,15834,Brock Purdy,SF,QB,at LAR,passTD,BetRivers,2.5,over,425,,0.1905,0.1905,,1,0.2855,0.0950,0.0950,5-10%,projection,1,closing-mixed,1,1,100,won,3,4.25,,,,,,,opticodds,2026-10-01T17:18:10.021Z
2026,1,firehose,16933,Chris Rodriguez Jr.,JAX,RB,vs CLE,recYds,Hard Rock,15.5,under,-800,425,0.8889,0.8235,0.0794,0,0.9835,0.0946,0.1600,5-10%,projection,1,closing-mixed,1,1,100,won,0,0.125,,,,,,,opticodds,2026-10-01T17:18:10.021Z
2026,1,firehose,17702,Braelon Allen,NYJ,RB,at TEN,rushYds,DraftKings,15.5,over,-108,-116,0.5192,0.4916,0.0563,0,0.6134,0.0941,0.1218,5-10%,projection,1,closing-mixed,1,1,100,won,40,0.9259,,,,,,,opticodds,2026-10-01T17:18:10.021Z
2026,1,firehose,18500,Matthew Golden,GB,WR,at MIN,receptions,Caesars,6.5,over,950,,0.0952,0.0952,,1,0.1889,0.0937,0.0937,5-10%,projection,1,closing-mixed,1,1,100,lost,6,-1,,,,,,,opticodds,2026-10-01T17:18:10.021Z
2026,1,firehose,15895,Chris Olave,NO,WR,at DET,receptions,DraftKings,9.5,over,670,,0.1299,0.1299,,1,0.2233,0.0935,0.0935,5-10%,projection,1,closing-mixed,1,1,100,won,10,6.7,,,,,,,opticodds,2026-10-01T17:18:10.021Z
2026,1,firehose,12490,Sam Darnold,SEA,QB,vs NE,int,Circa Sports,0.5,over,100,-120,0.5000,0.4783,0.0455,0,0.5934,0.0934,0.1152,5-10%,projection,1,opening,1,1,100,pending,,,,,,,,,opticodds,2026-10-08T15:29:02.144Z
2026,1,firehose,17975,Devaughn Vele,NO,WR,at DET,recYds,Hard Rock,2.5,under,1100,-5000,0.0833,0.0783,0.0637,0,0.1767,0.0934,0.0984,5-10%,projection,1,closing-mixed,1,1,100,lost,69,-1,,,,,,,opticodds,2026-10-01T17:18:10.021Z
2026,1,firehose,16694,Tre Tucker,LV,WR,vs MIA,recYds,DraftKings,49.5,over,160,,0.3846,0.3846,,1,0.4779,0.0933,0.0933,5-10%,projection,1,closing-mixed,1,1,100,lost,27,-1,,,,,,,opticodds,2026-10-01T17:18:10.021Z
2026,1,firehose,11841,Cooper Rush,ATL,QB,at PIT,passYds,DraftKings,209.5,over,236,,0.2976,0.2976,,1,0.3908,0.0932,0.0932,5-10%,projection,1,closing-mixed,1,1,100,lost,143,-1,,,,,,,opticodds,2026-10-01T17:18:10.021Z
2026,1,firehose,15183,Ja'Marr Chase,CIN,WR,vs TB,receptions,DraftKings,10.5,over,680,,0.1282,0.1282,,1,0.2214,0.0932,0.0932,5-10%,projection,1,closing-mixed,1,1,100,lost,2,-1,,,,,,,opticodds,2026-10-01T17:18:10.021Z
2026,1,firehose,11690,Christian McCaffrey,SF,RB,at LAR,receptions,BetRivers,4.5,over,112,,0.4717,0.4717,,1,0.5643,0.0926,0.0926,5-10%,projection,1,opening,1,1,100,won,5,1.12,,,,,,,opticodds,2026-10-08T15:29:02.144Z
2026,1,firehose,17795,MarShawn Lloyd,GB,RB,at MIN,recYds,Hard Rock,5.5,over,-200,140,0.6667,0.6154,0.0833,0,0.7592,0.0925,0.1438,5-10%,projection,1,closing-mixed,1,1,100,lost,0,-1,,,,,,,opticodds,2026-10-01T17:18:10.021Z
2026,1,firehose,15984,Jaylen Warren,PIT,RB,vs ATL,receptions,Hard Rock,3.5,under,-135,105,0.5745,0.5408,0.0623,0,0.6669,0.0924,0.1261,5-10%,projection,1,closing-mixed,1,1,100,lost,5,-1,,,,,,,opticodds,2026-10-01T17:18:10.021Z
2026,1,firehose,11839,Patrick Mahomes,KC,QB,vs DEN,passYds,Hard Rock,118.5,under,2500,-6000,0.0385,0.0376,0.0221,0,0.1307,0.0922,0.0931,5-10%,projection,1,closing-mixed,1,1,100,lost,184,-1,,,,,,,opticodds,2026-10-01T17:18:10.021Z
2026,1,firehose,12483,Josh Allen,BUF,QB,at HOU,passYds,Hard Rock,123.5,under,1500,-7000,0.0625,0.0596,0.0484,0,0.1546,0.0921,0.0950,5-10%,projection,1,closing-mixed,1,1,100,lost,334,-1,,,,,,,opticodds,2026-10-01T17:18:10.021Z
2026,1,firehose,18522,RJ Harvey,DEN,RB,at KC,receptions,BetMGM,2.5,over,115,-150,0.4651,0.4367,0.0651,0,0.5570,0.0918,0.1203,5-10%,projection,1,closing-mixed,1,1,100,won,4,1.15,,,,,,,opticodds,2026-10-01T17:18:10.021Z
2026,1,firehose,5971,Matthew Stafford,LAR,QB,vs SF,passTD,BetRivers,2.5,over,275,,0.2667,0.2667,,1,0.3585,0.0918,0.0918,5-10%,projection,1,closing-mixed,1,1,100,lost,0,-1,,,,,,,opticodds,2026-10-01T17:18:10.021Z
2026,1,firehose,16741,Chris Brooks,GB,RB,at MIN,recYds,BetMGM,5.5,over,-115,-105,0.5349,0.5108,0.0471,0,0.6265,0.0916,0.1157,5-10%,projection,1,closing-mixed,1,1,100,lost,0,-1,,,,,,,opticodds,2026-10-01T17:18:10.021Z
2026,1,firehose,12316,Johnny Mundt,PHI,TE,vs WAS,receptions,BetMGM,0.5,over,-125,-105,0.5556,0.5203,0.0678,0,0.6469,0.0913,0.1266,5-10%,projection,1,closing-mixed,1,1,100,pending,,,,,,,,,opticodds,2026-10-01T17:18:10.021Z
2026,1,firehose,14442,Joe Burrow,CIN,QB,vs TB,rushAtt,Hard Rock,0.5,over,-1000,,0.9091,0.9091,,1,0.9999,0.0908,0.0908,5-10%,projection,1,closing-mixed,1,1,100,won,5,0.1,,,,,,,opticodds,2026-10-01T17:18:10.021Z
2026,1,firehose,18524,Bhayshul Tuten,JAX,RB,vs CLE,rushAtt,DraftKings,19.5,over,1200,,0.0769,0.0769,,1,0.1675,0.0906,0.0906,5-10%,projection,1,closing-mixed,1,1,100,lost,15,-1,,,,,,,opticodds,2026-10-01T17:18:10.021Z
2026,1,firehose,18549,Emeka Egbuka,TB,WR,at CIN,receptions,DraftKings,7.5,over,970,,0.0935,0.0935,,1,0.1838,0.0904,0.0904,5-10%,projection,1,closing-mixed,1,1,100,lost,5,-1,,,,,,,opticodds,2026-10-01T17:18:10.021Z
2026,1,firehose,15306,Javonte Williams,DAL,RB,at NYG,rushAtt,BetRivers,14.5,over,-148,,0.5968,0.5968,,1,0.6871,0.0903,0.0903,5-10%,projection,1,closing-mixed,1,1,100,lost,12,-1,,,,,,,opticodds,2026-10-01T17:18:10.021Z
2026,1,firehose,15810,Breece Hall,NYJ,RB,at TEN,receptions,BetRivers,1.5,over,-200,,0.6667,0.6667,,1,0.7569,0.0903,0.0903,5-10%,projection,1,closing-mixed,1,1,100,won,2,0.5,,,,,,,opticodds,2026-10-01T17:18:10.021Z
2026,1,firehose,18520,Kyle Monangai,CHI,RB,at CAR,rushAtt,DraftKings,13.5,over,1000,,0.0909,0.0909,,1,0.1811,0.0902,0.0902,5-10%,projection,1,closing-mixed,1,1,100,lost,10,-1,,,,,,,opticodds,2026-10-01T17:18:10.021Z
2026,1,firehose,16808,Jahmyr Gibbs,DET,RB,vs NO,rushAtt,DraftKings,19.5,under,-132,161,0.5690,0.5976,-0.0479,0,0.6589,0.0900,0.0613,5-10%,projection,1,closing-mixed,1,1,100,lost,29,-1,,,,,,,opticodds,2026-10-01T17:18:10.021Z
2026,1,firehose,17695,Caleb Williams,CHI,QB,at CAR,int,theScore,0.5,over,115,-150,0.4651,0.4367,0.0651,0,0.5551,0.0900,0.1185,5-10%,projection,1,closing-mixed,1,1,100,pending,,,,,,,,,opticodds,2026-10-01T17:18:10.021Z
2026,1,firehose,8743,Geno Smith,NYJ,QB,at TEN,passYds,Hard Rock,109.5,under,1750,-8000,0.0541,0.0519,0.0417,0,0.1439,0.0899,0.0920,5-10%,projection,1,closing-mixed,1,1,100,lost,215,-1,,,,,,,opticodds,2026-10-01T17:18:10.021Z
2026,1,firehose,10819,Derrick Henry,BAL,RB,at IND,rushYds,Hard Rock,118.5,under,-500,300,0.8333,0.7692,0.0833,0,0.9231,0.0897,0.1539,5-10%,projection,1,closing-mixed,1,1,100,lost,144,-1,,,,,,,opticodds,2026-10-01T17:18:10.021Z
2026,1,firehose,8743,Geno Smith,NYJ,QB,at TEN,rushAtt,Hard Rock,0.5,over,-1000,,0.9091,0.9091,,1,0.9987,0.0896,0.0896,5-10%,projection,1,closing-mixed,1,1,100,won,6,0.1,,,,,,,opticodds,2026-10-01T17:18:10.021Z
2026,1,firehose,13809,Drew Sample,CIN,TE,vs TB,receptions,Hard Rock,0.5,over,-220,160,0.6875,0.6413,0.0721,0,0.7767,0.0892,0.1354,5-10%,projection,1,closing-mixed,1,1,100,won,3,0.4545,,,,,,,opticodds,2026-10-01T17:18:10.021Z
2026,1,firehose,16934,Chase Brown,CIN,RB,vs TB,recYds,Hard Rock,47.5,under,-600,350,0.8571,0.7941,0.0794,0,0.9464,0.0892,0.1522,5-10%,projection,1,closing-mixed,1,1,100,won,22,0.1667,,,,,,,opticodds,2026-10-01T17:18:10.021Z
2026,1,firehose,18642,Isaac TeSlaa,DET,WR,vs NO,recYds,DraftKings,15.5,over,-112,-112,0.5283,0.5000,0.0566,0,0.6175,0.0892,0.1175,5-10%,projection,1,closing-mixed,1,1,100,lost,0,-1,,,,,,,opticodds,2026-10-01T17:18:10.021Z
2026,1,firehose,8057,Kirk Cousins,LV,QB,vs MIA,completions,DraftKings,25.5,over,630,,0.1370,0.1370,,1,0.2262,0.0892,0.0892,5-10%,projection,1,closing-mixed,1,1,100,lost,21,-1,,,,,,,opticodds,2026-10-01T17:18:10.021Z
2026,1,firehose,13517,Jakobi Meyers,JAX,WR,vs CLE,receptions,FanDuel,5.5,over,370,,0.2128,0.2128,,1,0.3019,0.0891,0.0891,5-10%,projection,1,closing-mixed,1,1,100,lost,2,-1,,,,,,,opticodds,2026-10-01T17:18:10.021Z
2026,1,firehose,18445,Omarion Hampton,LAC,RB,vs ARI,rushAtt,DraftKings,16.5,under,-123,-104,0.5516,0.5197,0.0614,0,0.6405,0.0889,0.1208,5-10%,projection,1,closing-mixed,1,1,100,won,12,0.813,,,,,,,opticodds,2026-10-01T17:18:10.021Z
2026,1,firehose,15332,Amon-Ra St. Brown,DET,WR,vs NO,recYds,Caesars,49.5,over,-290,,0.7436,0.7436,,1,0.8323,0.0887,0.0887,5-10%,projection,1,closing-mixed,1,1,100,won,67,0.3448,,,,,,,opticodds,2026-10-01T17:18:10.021Z
2026,1,firehose,18574,Jaxson Dart,NYG,QB,vs DAL,rushAtt,DraftKings,6.5,under,-110,-116,0.5238,0.4938,0.0608,0,0.6125,0.0886,0.1187,5-10%,projection,1,closing-mixed,1,1,100,lost,11,-1,,,,,,,opticodds,2026-10-01T17:18:10.021Z
2026,1,firehose,15447,Joshua Palmer,BUF,WR,at HOU,receptions,Hard Rock,1.5,under,-200,150,0.6667,0.6250,0.0667,0,0.7551,0.0884,0.1301,5-10%,projection,1,closing-mixed,1,1,100,won,1,0.5,,,,,,,opticodds,2026-10-01T17:18:10.021Z
2026,1,firehose,16807,Bryce Young,CAR,QB,vs CHI,completions,BetRivers,24.5,over,430,,0.1887,0.1887,,1,0.2771,0.0884,0.0884,5-10%,projection,1,closing-mixed,1,1,100,lost,23,-1,,,,,,,opticodds,2026-10-01T17:18:10.021Z
2026,1,firehose,17863,Malik Washington,MIA,WR,at LV,recYds,Hard Rock,27.5,over,125,-175,0.4444,0.4112,0.0808,0,0.5323,0.0878,0.1211,5-10%,projection,1,closing-mixed,1,1,100,won,53,1.25,,,,,,,opticodds,2026-10-01T17:18:10.021Z
2026,1,firehose,19314,Omar Cooper Jr.,NYJ,WR,at TEN,receptions,Hard Rock,2.5,over,450,,0.1818,0.1818,,1,0.2696,0.0878,0.0878,5-10%,projection,1,closing-mixed,1,1,100,lost,1,-1,,,,,,,opticodds,2026-10-01T17:18:10.021Z
2026,1,firehose,16739,Bijan Robinson,ATL,RB,at PIT,receptions,DraftKings,4.5,under,100,-128,0.5000,0.4711,0.0614,0,0.5877,0.0877,0.1166,5-10%,projection,1,closing-mixed,1,1,100,lost,8,-1,,,,,,,opticodds,2026-10-01T17:18:10.021Z
2026,1,firehose,15909,Kenneth Walker III,KC,RB,vs DEN,rushAtt,DraftKings,14.5,over,-132,104,0.5690,0.5372,0.0592,0,0.6560,0.0871,0.1189,5-10%,projection,1,closing-mixed,1,1,100,won,23,0.7576,,,,,,,opticodds,2026-10-01T17:18:10.021Z
2026,1,firehose,17037,Tyler Shough,NO,QB,at DET,int,BetRivers,0.5,under,-103,-129,0.5074,0.4739,0.0707,0,0.5945,0.0871,0.1206,5-10%,projection,1,closing-mixed,1,1,100,pending,,,,,,,,,opticodds,2026-10-01T17:18:10.021Z
2026,1,firehose,19299,Jadarian Price,SEA,RB,vs NE,receptions,DraftKings,1.5,under,-117,-109,0.5392,0.5083,0.0607,0,0.6252,0.0860,0.1169,5-10%,projection,1,opening,1,1,100,lost,2,-1,,,,,,,opticodds,2026-10-08T15:29:02.144Z
2026,1,firehose,12507,Saquon Barkley,PHI,RB,vs WAS,receptions,BetRivers,1.5,over,-240,,0.7059,0.7059,,1,0.7913,0.0854,0.0854,5-10%,projection,1,closing-mixed,1,1,100,lost,1,-1,,,,,,,opticodds,2026-10-01T17:18:10.021Z
2026,1,firehose,12619,Baker Mayfield,TB,QB,at CIN,rushAtt,Hard Rock,1.5,over,-525,,0.8400,0.8400,,1,0.9250,0.0850,0.0850,5-10%,projection,1,closing-mixed,1,1,100,won,5,0.1905,,,,,,,opticodds,2026-10-01T17:18:10.021Z
2026,1,firehose,18574,Jaxson Dart,NYG,QB,vs DAL,int,Hard Rock,0.5,under,-115,-115,0.5349,0.5000,0.0698,0,0.6188,0.0839,0.1188,5-10%,projection,1,closing-mixed,1,1,100,pending,,,,,,,,,opticodds,2026-10-01T17:18:10.021Z
2026,1,firehose,11008,Dak Prescott,DAL,QB,at NYG,passTD,DraftKings,1.5,under,117,-150,0.4608,0.4344,0.0608,0,0.5445,0.0837,0.1101,5-10%,projection,1,closing-mixed,1,1,100,lost,2,-1,,,,,,,opticodds,2026-10-01T17:18:10.021Z
2026,1,firehose,16032,Cade Otton,TB,TE,at CIN,receptions,DraftKings,2.5,over,-181,137,0.6441,0.6042,0.0661,0,0.7270,0.0829,0.1228,5-10%,projection,1,closing-mixed,1,1,100,won,3,0.5525,,,,,,,opticodds,2026-10-01T17:18:10.021Z
2026,1,firehose,17674,Marvin Harrison Jr.,ARI,WR,at LAC,recYds,DraftKings,42.5,over,-110,-114,0.5238,0.4958,0.0565,0,0.6066,0.0828,0.1108,5-10%,projection,1,closing-mixed,1,1,100,lost,33,-1,,,,,,,opticodds,2026-10-01T17:18:10.021Z
2026,1,firehose,15357,Trevor Lawrence,JAX,QB,vs CLE,rushAtt,Hard Rock,1.5,over,-900,,0.9000,0.9000,,1,0.9826,0.0826,0.0826,5-10%,projection,1,closing-mixed,1,1,100,won,2,0.1111,,,,,,,opticodds,2026-10-01T17:18:10.021Z
2026,1,firehose,15242,Chuba Hubbard,CAR,RB,vs CHI,receptions,theScore,0.5,over,-700,,0.8750,0.8750,,1,0.9575,0.0825,0.0825,5-10%,projection,1,closing-mixed,1,1,100,won,3,0.1429,,,,,,,opticodds,2026-10-01T17:18:10.021Z
2026,1,firehose,18484,Tez Johnson,TB,WR,at CIN,receptions,DraftKings,3.5,over,680,,0.1282,0.1282,,1,0.2104,0.0822,0.0822,5-10%,projection,1,closing-mixed,1,1,100,lost,0,-1,,,,,,,opticodds,2026-10-01T17:18:10.021Z
2026,1,firehose,11712,Deshaun Watson,CLE,QB,at JAX,passTD,DraftKings,1.5,over,416,,0.1938,0.1938,,1,0.2753,0.0815,0.0815,5-10%,projection,1,closing-mixed,1,1,100,lost,1,-1,,,,,,,opticodds,2026-10-01T17:18:10.021Z
2026,1,firehose,15829,Garrett Wilson,NYJ,WR,at TEN,recYds,BetRivers,56.5,over,-117,-114,0.5392,0.5030,0.0719,0,0.6204,0.0813,0.1174,5-10%,projection,1,closing-mixed,1,1,100,won,79,0.8547,,,,,,,opticodds,2026-10-01T17:18:10.021Z
2026,1,firehose,10919,Jacoby Brissett,ARI,QB,at LAC,passAtt,theScore,39.5,over,700,,0.1250,0.1250,,1,0.2059,0.0809,0.0809,5-10%,projection,1,closing-mixed,1,1,100,lost,37,-1,,,,,,,opticodds,2026-10-01T17:18:10.021Z
2026,1,firehose,12514,Dalton Schultz,HOU,TE,vs BUF,receptions,DraftKings,2.5,over,-287,,0.7416,0.7416,,1,0.8225,0.0809,0.0809,5-10%,projection,1,closing-mixed,1,1,100,won,4,0.3484,,,,,,,opticodds,2026-10-01T17:18:10.021Z
2026,1,firehose,17704,Malik Nabers,NYG,WR,vs DAL,receptions,Caesars,8.5,over,800,,0.1111,0.1111,,1,0.1920,0.0809,0.0809,5-10%,projection,1,closing-mixed,1,1,100,lost,6,-1,,,,,,,opticodds,2026-10-01T17:18:10.021Z
2026,1,firehose,12586,Courtland Sutton,DEN,WR,at KC,receptions,DraftKings,7.5,over,950,,0.0952,0.0952,,1,0.1746,0.0793,0.0793,5-10%,projection,1,closing-mixed,1,1,100,lost,2,-1,,,,,,,opticodds,2026-10-01T17:18:10.021Z
2026,1,firehose,16886,C.J. Stroud,HOU,QB,vs BUF,passTD,Circa Sports,1.5,under,-140,120,0.5833,0.5620,0.0379,0,0.6626,0.0793,0.1006,5-10%,projection,1,opening,1,1,100,lost,2,-1,,,,,,,opticodds,2026-10-08T15:29:02.144Z
2026,1,firehose,15850,Jahan Dotson,ATL,WR,at PIT,receptions,DraftKings,1.5,under,136,-175,0.4237,0.3997,0.0601,0,0.5023,0.0785,0.1026,5-10%,projection,1,closing-mixed,1,1,100,won,1,1.36,,,,,,,opticodds,2026-10-01T17:18:10.021Z
2026,1,firehose,14416,Jalen Hurts,PHI,QB,vs WAS,passAtt,Hard Rock,29.5,under,-115,-115,0.5349,0.5000,0.0698,0,0.6129,0.0781,0.1129,5-10%,projection,1,closing-mixed,1,1,100,won,25,0.8696,,,,,,,opticodds,2026-10-01T17:18:10.021Z
2026,1,firehose,16886,C.J. Stroud,HOU,QB,vs BUF,int,DraftKings,0.5,under,100,-127,0.5000,0.4719,0.0595,0,0.5769,0.0769,0.1050,5-10%,projection,1,closing-mixed,1,1,100,pending,,,,,,,,,opticodds,2026-10-01T17:18:10.021Z
2026,1,firehose,10133,Stefon Diggs,WAS,WR,at PHI,recYds,DraftKings,37.5,over,-111,-113,0.5261,0.4979,0.0566,0,0.6028,0.0767,0.1049,5-10%,projection,1,closing-mixed,1,1,100,won,55,0.9009,,,,,,,opticodds,2026-10-01T17:18:10.021Z
2026,1,firehose,14446,Justin Herbert,LAC,QB,vs ARI,rushAtt,DraftKings,4.5,under,122,-155,0.4505,0.4256,0.0583,0,0.5269,0.0764,0.1012,5-10%,projection,1,closing-mixed,1,1,100,lost,5,-1,,,,,,,opticodds,2026-10-01T17:18:10.021Z
2026,1,firehose,13424,DK Metcalf,PIT,WR,vs ATL,receptions,DraftKings,3.5,under,126,-159,0.4425,0.4189,0.0564,0,0.5185,0.0760,0.0996,5-10%,projection,1,closing-mixed,1,1,100,lost,4,-1,,,,,,,opticodds,2026-10-01T17:18:10.021Z
2026,1,firehose,14394,D'Andre Swift,CHI,RB,at CAR,rushAtt,DraftKings,14.5,under,-114,-112,0.5327,0.5021,0.0610,0,0.6088,0.0760,0.1067,5-10%,projection,1,closing-mixed,1,1,100,lost,18,-1,,,,,,,opticodds,2026-10-01T17:18:10.021Z
2026,1,firehose,11839,Patrick Mahomes,KC,QB,vs DEN,passAtt,DraftKings,33.5,over,133,-124,0.4292,0.4367,-0.0172,0,0.5043,0.0751,0.0676,5-10%,projection,1,closing-mixed,1,1,100,lost,27,-1,,,,,,,opticodds,2026-10-01T17:18:10.021Z
2026,1,firehose,13613,Kyler Murray,MIN,QB,vs GB,rushAtt,Hard Rock,4.5,over,-130,100,0.5652,0.5306,0.0652,0,0.6402,0.0749,0.1095,5-10%,projection,1,closing-mixed,1,1,100,lost,2,-1,,,,,,,opticodds,2026-10-01T17:18:10.021Z
2026,1,firehose,18574,Jaxson Dart,NYG,QB,vs DAL,passAtt,caesars,29.5,over,100,,0.5000,0.5000,,1,0.5748,0.0748,0.0748,5-10%,projection,1,main,1,1,100,lost,29,-1,,,,,,,rotowire,2026-09-11T18:12:40.026Z
2026,1,firehose,14371,Jordan Love,GB,QB,at MIN,passAtt,DraftKings,34.5,under,-130,-105,0.5652,0.5246,0.0774,0,0.6398,0.0746,0.1152,5-10%,projection,1,closing-mixed,1,1,100,lost,42,-1,,,,,,,opticodds,2026-10-01T17:18:10.021Z
2026,1,firehose,14411,CeeDee Lamb,DAL,WR,at NYG,recYds,theScore,119.5,over,1100,,0.0833,0.0833,,1,0.1564,0.0730,0.0730,5-10%,projection,1,closing-mixed,1,1,100,lost,44,-1,,,,,,,opticodds,2026-10-01T17:18:10.021Z
2026,1,firehose,17795,MarShawn Lloyd,GB,RB,at MIN,receptions,theScore,0.5,over,-525,,0.8400,0.8400,,1,0.9129,0.0729,0.0729,5-10%,projection,1,closing-mixed,1,1,100,lost,0,-1,,,,,,,opticodds,2026-10-01T17:18:10.021Z
2026,1,firehose,10819,Derrick Henry,BAL,RB,at IND,rushAtt,theScore,19.5,under,-200,155,0.6667,0.6296,0.0588,0,0.7395,0.0728,0.1099,5-10%,projection,1,closing-mixed,1,1,100,lost,24,-1,,,,,,,opticodds,2026-10-01T17:18:10.021Z
2026,1,firehose,14458,Jerry Jeudy,CLE,WR,at JAX,receptions,theScore,2.5,under,135,-175,0.4255,0.4007,0.0619,0,0.4983,0.0727,0.0975,5-10%,projection,1,closing-mixed,1,1,100,won,2,1.35,,,,,,,opticodds,2026-10-01T17:18:10.021Z
2026,1,firehose,18549,Emeka Egbuka,TB,WR,at CIN,recYds,DraftKings,51.5,over,-112,-112,0.5283,0.5000,0.0566,0,0.6010,0.0727,0.1010,5-10%,projection,1,closing-mixed,1,1,100,won,63,0.8929,,,,,,,opticodds,2026-10-01T17:18:10.021Z
2026,1,firehose,17668,Adonai Mitchell,NYJ,WR,at TEN,receptions,theScore,2.5,under,105,-135,0.4878,0.4592,0.0623,0,0.5604,0.0726,0.1012,5-10%,projection,1,closing-mixed,1,1,100,lost,3,-1,,,,,,,opticodds,2026-10-01T17:18:10.021Z
2026,1,firehose,10729,Jared Goff,DET,QB,vs NO,int,Hard Rock,0.5,under,-115,-115,0.5349,0.5000,0.0698,0,0.6065,0.0716,0.1065,5-10%,projection,1,closing-mixed,1,1,100,pending,,,,,,,,,opticodds,2026-10-01T17:18:10.021Z
2026,1,firehose,13613,Kyler Murray,MIN,QB,vs GB,passAtt,DraftKings,33.5,over,157,,0.3891,0.3891,,1,0.4607,0.0716,0.0716,5-10%,projection,1,closing-mixed,1,1,100,lost,5,-1,,,,,,,opticodds,2026-10-01T17:18:10.021Z
2026,1,firehose,16995,Bo Nix,DEN,QB,at KC,int,Circa Sports,0.5,under,100,-120,0.5000,0.4783,0.0455,0,0.5712,0.0712,0.0929,5-10%,projection,1,opening,1,1,100,pending,,,,,,,,,opticodds,2026-10-08T15:29:02.144Z
2026,1,firehose,17687,Xavier Worthy,KC,WR,vs DEN,receptions,DraftKings,5.5,over,596,,0.1437,0.1437,,1,0.2148,0.0711,0.0711,5-10%,projection,1,closing-mixed,1,1,100,lost,3,-1,,,,,,,opticodds,2026-10-01T17:18:10.021Z
2026,1,firehose,19235,Jeremiyah Love,ARI,RB,at LAC,recYds,Hard Rock,12.5,over,-115,-115,0.5349,0.5000,0.0698,0,0.6060,0.0711,0.1060,5-10%,projection,1,closing-mixed,1,1,100,lost,9,-1,,,,,,,opticodds,2026-10-01T17:18:10.021Z
2026,1,firehose,14455,Jonathan Taylor,IND,RB,vs BAL,rushYds,Hard Rock,118.5,under,-575,350,0.8519,0.7931,0.0741,0,0.9228,0.0709,0.1296,5-10%,projection,1,closing-mixed,1,1,100,won,98,0.1739,,,,,,,opticodds,2026-10-01T17:18:10.021Z
2026,1,firehose,11429,Kalif Raymond,CHI,WR,at CAR,receptions,FanDuel,3.5,over,630,,0.1370,0.1370,,1,0.2077,0.0707,0.0707,5-10%,projection,1,closing-mixed,1,1,100,won,8,6.3,,,,,,,opticodds,2026-10-01T17:18:10.021Z
2026,1,firehose,19343,Caleb Douglas,MIA,WR,at LV,receptions,Hard Rock,2.5,under,-115,-115,0.5349,0.5000,0.0698,0,0.6056,0.0707,0.1056,5-10%,projection,1,closing-mixed,1,1,100,lost,5,-1,,,,,,,opticodds,2026-10-01T17:18:10.021Z
2026,1,firehose,15357,Trevor Lawrence,JAX,QB,vs CLE,completions,DraftKings,25.5,over,530,,0.1587,0.1587,,1,0.2290,0.0702,0.0702,5-10%,projection,1,closing-mixed,1,1,100,lost,18,-1,,,,,,,opticodds,2026-10-01T17:18:10.021Z
2026,1,firehose,9255,Odell Beckham Jr.,NYG,WR,vs DAL,receptions,BetMGM,1.5,over,180,-235,0.3571,0.3374,0.0586,0,0.4272,0.0701,0.0899,5-10%,projection,1,closing-mixed,1,1,100,pending,,,,,,,,,opticodds,2026-10-01T17:18:10.021Z
2026,1,firehose,12561,Lamar Jackson,BAL,QB,at IND,passAtt,theScore,29.5,over,185,,0.3509,0.3509,,1,0.4207,0.0698,0.0698,5-10%,projection,1,closing-mixed,1,1,100,lost,25,-1,,,,,,,opticodds,2026-10-01T17:18:10.021Z
2026,1,firehose,13613,Kyler Murray,MIN,QB,vs GB,int,Hard Rock,0.5,under,-135,105,0.5745,0.5408,0.0623,0,0.6440,0.0696,0.1032,5-10%,projection,1,closing-mixed,1,1,100,pending,,,,,,,,,opticodds,2026-10-01T17:18:10.021Z
2026,1,firehose,15831,Tyquan Thornton,KC,WR,vs DEN,receptions,DraftKings,2.5,over,348,,0.2232,0.2232,,1,0.2923,0.0691,0.0691,5-10%,projection,1,closing-mixed,1,1,100,lost,0,-1,,,,,,,opticodds,2026-10-01T17:18:10.021Z
2026,1,firehose,16995,Bo Nix,DEN,QB,at KC,passAtt,BetRivers,31.5,over,-121,-110,0.5475,0.5111,0.0713,0,0.6162,0.0686,0.1051,5-10%,projection,1,closing-mixed,1,1,100,lost,28,-1,,,,,,,opticodds,2026-10-01T17:18:10.021Z
2026,1,firehose,16934,Chase Brown,CIN,RB,vs TB,rushAtt,Hard Rock,11.5,over,-350,,0.7778,0.7778,,1,0.8461,0.0683,0.0683,5-10%,projection,1,closing-mixed,1,1,100,won,16,0.2857,,,,,,,opticodds,2026-10-01T17:18:10.021Z
2026,1,firehose,14371,Jordan Love,GB,QB,at MIN,completions,DraftKings,25.5,over,515,,0.1626,0.1626,,1,0.2305,0.0679,0.0679,5-10%,projection,1,closing-mixed,1,1,100,lost,21,-1,,,,,,,opticodds,2026-10-01T17:18:10.021Z
2026,1,firehose,16649,Tucker Kraft,GB,TE,at MIN,recYds,Hard Rock,71.5,under,-400,260,0.8000,0.7423,0.0778,0,0.8673,0.0673,0.1250,5-10%,projection,1,closing-mixed,1,1,100,won,65,0.25,,,,,,,opticodds,2026-10-01T17:18:10.021Z
2026,1,firehose,18478,Tre Harris,LAC,WR,vs ARI,receptions,DraftKings,4.5,over,576,,0.1479,0.1479,,1,0.2150,0.0670,0.0670,5-10%,projection,1,closing-mixed,1,1,100,lost,3,-1,,,,,,,opticodds,2026-10-01T17:18:10.021Z
2026,1,firehose,18524,Bhayshul Tuten,JAX,RB,vs CLE,receptions,Hard Rock,1.5,over,-115,-115,0.5349,0.5000,0.0698,0,0.6016,0.0667,0.1016,5-10%,projection,1,closing-mixed,1,1,100,lost,1,-1,,,,,,,opticodds,2026-10-01T17:18:10.021Z
2026,1,firehose,19447,Colbie Young,CIN,WR,vs TB,recYds,Hard Rock,7.5,over,-115,-115,0.5349,0.5000,0.0698,0,0.6014,0.0666,0.1014,5-10%,projection,1,closing-mixed,1,1,100,pending,,,,,,,,,opticodds,2026-10-01T17:18:10.021Z
2026,1,firehose,17673,Drake Maye,NE,QB,at SEA,rushAtt,Hard Rock,3.5,over,-230,,0.6970,0.6970,,1,0.7633,0.0663,0.0663,5-10%,projection,1,opening,1,1,100,won,7,0.4348,,,,,,,opticodds,2026-10-08T15:29:02.144Z
2026,1,firehose,17692,Jayden Daniels,WAS,QB,at PHI,int,Hard Rock,0.5,under,-115,-115,0.5349,0.5000,0.0698,0,0.6005,0.0656,0.1005,5-10%,projection,1,closing-mixed,1,1,100,pending,,,,,,,,,opticodds,2026-10-01T17:18:10.021Z
2026,1,firehose,8743,Geno Smith,NYJ,QB,at TEN,int,Hard Rock,0.5,under,-115,-115,0.5349,0.5000,0.0698,0,0.6005,0.0656,0.1005,5-10%,projection,1,closing-mixed,1,1,100,pending,,,,,,,,,opticodds,2026-10-01T17:18:10.021Z
2026,1,firehose,11841,Cooper Rush,ATL,QB,at PIT,passTD,theScore,1.5,under,-200,225,0.6667,0.6842,-0.0256,0,0.7321,0.0654,0.0479,5-10%,projection,1,closing-mixed,1,1,100,won,1,0.5,,,,,,,opticodds,2026-10-01T17:18:10.021Z
2026,1,firehose,17037,Tyler Shough,NO,QB,at DET,passTD,DraftKings,2.5,over,596,,0.1437,0.1437,,1,0.2089,0.0652,0.0652,5-10%,projection,1,closing-mixed,1,1,100,won,3,5.96,,,,,,,opticodds,2026-10-01T17:18:10.021Z
2026,1,firehose,12483,Josh Allen,BUF,QB,at HOU,completions,theScore,24.5,over,550,,0.1538,0.1538,,1,0.2189,0.0650,0.0650,5-10%,projection,1,closing-mixed,1,1,100,lost,20,-1,,,,,,,opticodds,2026-10-01T17:18:10.021Z
2026,1,firehose,16790,Puka Nacua,LAR,WR,vs SF,recYds,DraftKings,83.5,over,-112,-112,0.5283,0.5000,0.0566,0,0.5931,0.0648,0.0931,5-10%,projection,1,closing-mixed,1,1,100,lost,74,-1,,,,,,,opticodds,2026-10-01T17:18:10.021Z
2026,1,firehose,17017,Brenton Strange,JAX,TE,vs CLE,receptions,Hard Rock,1.5,over,-700,,0.8750,0.8750,,1,0.9396,0.0646,0.0646,5-10%,projection,1,closing-mixed,1,1,100,won,2,0.1429,,,,,,,opticodds,2026-10-01T17:18:10.021Z
2026,1,firehose,12619,Baker Mayfield,TB,QB,at CIN,passAtt,Hard Rock,33.5,under,-115,-115,0.5349,0.5000,0.0698,0,0.5989,0.0640,0.0989,5-10%,projection,1,closing-mixed,1,1,100,won,28,0.8696,,,,,,,opticodds,2026-10-01T17:18:10.021Z
2026,1,firehose,14458,Jerry Jeudy,CLE,WR,at JAX,recYds,BetRivers,26.5,over,-115,-115,0.5349,0.5000,0.0698,0,0.5981,0.0632,0.0981,5-10%,projection,1,closing-mixed,1,1,100,lost,26,-1,,,,,,,opticodds,2026-10-01T17:18:10.021Z
2026,1,firehose,15834,Brock Purdy,SF,QB,at LAR,int,Hard Rock,0.5,over,-115,-115,0.5349,0.5000,0.0698,0,0.5975,0.0626,0.0975,5-10%,projection,1,opening,1,1,100,pending,,,,,,,,,opticodds,2026-10-08T15:29:02.144Z
2026,1,firehose,18500,Matthew Golden,GB,WR,at MIN,recYds,DraftKings,35.5,over,-115,-109,0.5349,0.5063,0.0564,0,0.5973,0.0624,0.0909,5-10%,projection,1,closing-mixed,1,1,100,won,95,0.8696,,,,,,,opticodds,2026-10-01T17:18:10.021Z
2026,1,firehose,14442,Joe Burrow,CIN,QB,vs TB,int,DraftKings,0.5,over,132,-169,0.4310,0.4069,0.0593,0,0.4934,0.0623,0.0865,5-10%,projection,1,closing-mixed,1,1,100,pending,,,,,,,,,opticodds,2026-10-01T17:18:10.021Z
2026,1,firehose,11429,Kalif Raymond,CHI,WR,at CAR,recYds,Hard Rock,34.5,under,-325,220,0.7647,0.7099,0.0772,0,0.8268,0.0621,0.1169,5-10%,projection,1,closing-mixed,1,1,100,lost,84,-1,,,,,,,opticodds,2026-10-01T17:18:10.021Z
2026,1,firehose,17696,Erick All Jr.,CIN,TE,vs TB,receptions,theScore,1.5,under,-115,-115,0.5349,0.5000,0.0698,0,0.5969,0.0620,0.0969,5-10%,projection,1,closing-mixed,1,1,100,pending,,,,,,,,,opticodds,2026-10-01T17:18:10.021Z
2026,1,firehose,17043,Roman Wilson,PIT,WR,vs ATL,recYds,theScore,15.5,under,-140,110,0.5833,0.5506,0.0595,0,0.6444,0.0611,0.0939,5-10%,projection,1,closing-mixed,1,1,100,lost,26,-1,,,,,,,opticodds,2026-10-01T17:18:10.021Z
2026,1,firehose,12490,Sam Darnold,SEA,QB,vs NE,passTD,BetRivers,2.5,over,440,,0.1852,0.1852,,1,0.2454,0.0602,0.0602,5-10%,projection,1,closing-mixed,1,1,100,lost,0,-1,,,,,,,opticodds,2026-10-01T17:18:10.021Z
2026,1,firehose,15265,Kyle Pitts,ATL,TE,at PIT,receptions,Caesars,2.5,over,-360,,0.7826,0.7826,,1,0.8425,0.0599,0.0599,5-10%,projection,1,closing-mixed,1,1,100,lost,0,-1,,,,,,,opticodds,2026-10-01T17:18:10.021Z
2026,1,firehose,11839,Patrick Mahomes,KC,QB,vs DEN,int,Hard Rock,0.5,under,-115,-115,0.5349,0.5000,0.0698,0,0.5945,0.0596,0.0945,5-10%,projection,1,closing-mixed,1,1,100,pending,,,,,,,,,opticodds,2026-10-01T17:18:10.021Z
2026,1,firehose,19309,Chris Bell,MIA,WR,at LV,recYds,BetMGM,23.5,under,-110,-110,0.5238,0.5000,0.0476,0,0.5832,0.0594,0.0832,5-10%,projection,1,closing-mixed,1,1,100,lost,25,-1,,,,,,,opticodds,2026-10-01T17:18:10.021Z
2026,1,firehose,19299,Jadarian Price,SEA,RB,vs NE,rushAtt,theScore,16.5,over,375,,0.2105,0.2105,,1,0.2698,0.0593,0.0593,5-10%,projection,1,closing-mixed,1,1,100,lost,10,-1,,,,,,,opticodds,2026-10-01T17:18:10.021Z
2026,1,firehose,16741,Chris Brooks,GB,RB,at MIN,receptions,BetMGM,1.5,over,140,-185,0.4167,0.3909,0.0658,0,0.4738,0.0571,0.0828,5-10%,projection,1,closing-mixed,1,1,100,lost,0,-1,,,,,,,opticodds,2026-10-01T17:18:10.021Z
2026,1,firehose,19631,Cyrus Allen,KC,WR,vs DEN,recYds,DraftKings,10.5,under,-108,-116,0.5192,0.4916,0.0563,0,0.5762,0.0570,0.0846,5-10%,projection,1,closing-mixed,1,1,100,won,0,0.9259,,,,,,,opticodds,2026-10-01T17:18:10.021Z
2026,1,firehose,5971,Matthew Stafford,LAR,QB,vs SF,int,Caesars,0.5,under,-135,-102,0.5745,0.5322,0.0794,0,0.6313,0.0568,0.0991,5-10%,projection,1,closing-mixed,1,1,100,pending,,,,,,,,,opticodds,2026-10-01T17:18:10.021Z
2026,1,firehose,16995,Bo Nix,DEN,QB,at KC,passTD,DraftKings,1.5,over,179,-232,0.3584,0.3390,0.0572,0,0.4151,0.0566,0.0760,5-10%,projection,1,closing-mixed,1,1,100,lost,1,-1,,,,,,,opticodds,2026-10-01T17:18:10.021Z
2026,1,firehose,16810,Keaton Mitchell,LAC,RB,vs ARI,recYds,BetMGM,7.5,over,-110,-105,0.5238,0.5056,0.0360,0,0.5801,0.0563,0.0745,5-10%,projection,1,closing-mixed,1,1,100,lost,0,-1,,,,,,,opticodds,2026-10-01T17:18:10.021Z
2026,1,firehose,12477,DJ Moore,BUF,WR,at HOU,recYds,Caesars,19.5,over,-420,,0.8077,0.8077,,1,0.8635,0.0558,0.0558,5-10%,projection,1,closing-mixed,1,1,100,won,100,0.2381,,,,,,,opticodds,2026-10-01T17:18:10.021Z
2026,1,firehose,11807,Jonnu Smith,GB,TE,at MIN,receptions,BetMGM,0.5,over,-155,115,0.6078,0.5665,0.0730,0,0.6629,0.0551,0.0964,5-10%,projection,1,closing-mixed,1,1,100,won,2,0.6452,,,,,,,opticodds,2026-10-01T17:18:10.021Z
2026,1,firehose,17673,Drake Maye,NE,QB,at SEA,int,Circa Sports,0.5,over,100,-120,0.5000,0.4783,0.0455,0,0.5551,0.0551,0.0769,5-10%,projection,1,opening,1,1,100,pending,,,,,,,,,opticodds,2026-10-08T15:29:02.144Z
2026,1,firehose,16690,Parker Washington,JAX,WR,vs CLE,recYds,Hard Rock,99.5,under,-750,400,0.8824,0.8152,0.0824,0,0.9372,0.0549,0.1220,5-10%,projection,1,closing-mixed,1,1,100,won,83,0.1333,,,,,,,opticodds,2026-10-01T17:18:10.021Z
2026,1,firehose,15872,Malik Willis,MIA,QB,at LV,passAtt,BetMGM,28.5,under,-125,-105,0.5556,0.5203,0.0678,0,0.6097,0.0542,0.0894,5-10%,projection,1,closing-mixed,1,1,100,won,27,0.8,,,,,,,opticodds,2026-10-01T17:18:10.021Z
2026,1,firehose,15357,Trevor Lawrence,JAX,QB,vs CLE,passTD,DraftKings,2.5,over,430,,0.1887,0.1887,,1,0.2428,0.0541,0.0541,5-10%,projection,1,closing-mixed,1,1,100,won,4,4.3,,,,,,,opticodds,2026-10-01T17:18:10.021Z
2026,1,firehose,16808,Jahmyr Gibbs,DET,RB,vs NO,recYds,Hard Rock,55.5,under,-525,325,0.8400,0.7812,0.0753,0,0.8939,0.0539,0.1127,5-10%,projection,1,closing-mixed,1,1,100,won,30,0.1905,,,,,,,opticodds,2026-10-01T17:18:10.021Z
2026,1,firehose,19235,Jeremiyah Love,ARI,RB,at LAC,rushAtt,Caesars,8.5,over,-121,-110,0.5475,0.5111,0.0713,0,0.6013,0.0538,0.0902,5-10%,projection,1,closing-mixed,1,1,100,won,11,0.8264,,,,,,,opticodds,2026-10-01T17:18:10.021Z
2026,1,firehose,15872,Malik Willis,MIA,QB,at LV,passTD,BetMGM,0.5,under,180,-235,0.3571,0.3374,0.0586,0,0.4107,0.0535,0.0733,5-10%,projection,1,closing-mixed,1,1,100,won,0,1.8,,,,,,,opticodds,2026-10-01T17:18:10.021Z
2026,1,firehose,18516,Quinshon Judkins,CLE,RB,at JAX,rushAtt,theScore,14.5,under,125,-185,0.4444,0.4064,0.0936,0,0.4978,0.0533,0.0914,5-10%,projection,1,closing-mixed,1,1,100,won,12,1.25,,,,,,,opticodds,2026-10-01T17:18:10.021Z
2026,1,firehose,15242,Chuba Hubbard,CAR,RB,vs CHI,rushYds,DraftKings,39.5,over,-213,,0.6805,0.6805,,1,0.7335,0.0530,0.0530,5-10%,projection,1,closing-mixed,1,1,100,won,49,0.4695,,,,,,,opticodds,2026-10-01T17:18:10.021Z
2026,1,firehose,19231,Makai Lemon,PHI,WR,vs WAS,receptions,theScore,0.5,over,-375,270,0.7895,0.7450,0.0597,0,0.8420,0.0525,0.0971,5-10%,projection,1,closing-mixed,1,1,100,won,3,0.2667,,,,,,,opticodds,2026-10-01T17:18:10.021Z
2026,1,firehose,15976,Tyler Allgeier,ARI,RB,at LAC,receptions,BetMGM,0.5,over,-190,145,0.6552,0.6161,0.0633,0,0.7070,0.0519,0.0909,5-10%,projection,1,closing-mixed,1,1,100,won,2,0.5263,,,,,,,opticodds,2026-10-01T17:18:10.021Z
2026,1,firehose,17687,Xavier Worthy,KC,WR,vs DEN,recYds,Caesars,9.5,over,-590,,0.8551,0.8551,,1,0.9064,0.0513,0.0513,5-10%,projection,1,closing-mixed,1,1,100,won,18,0.1695,,,,,,,opticodds,2026-10-01T17:18:10.021Z
2026,1,firehose,13491,Daniel Jones,IND,QB,vs BAL,int,DraftKings,0.5,under,-111,-115,0.5261,0.4958,0.0610,0,0.5769,0.0509,0.0811,5-10%,projection,1,closing-mixed,1,1,100,pending,,,,,,,,,opticodds,2026-10-01T17:18:10.021Z
2026,1,firehose,16963,Rashee Rice,KC,WR,vs DEN,receptions,Caesars,9.5,over,900,,0.1000,0.1000,,1,0.1509,0.0509,0.0509,5-10%,projection,1,closing-mixed,1,1,100,lost,2,-1,,,,,,,opticodds,2026-10-01T17:18:10.021Z
2026,1,firehose,17673,Drake Maye,NE,QB,at SEA,passAtt,BetRivers,34.5,over,230,,0.3030,0.3030,,1,0.3538,0.0508,0.0508,5-10%,projection,1,closing-mixed,1,1,100,lost,33,-1,,,,,,,opticodds,2026-10-01T17:18:10.021Z
2026,1,firehose,12561,Lamar Jackson,BAL,QB,at IND,passTD,theScore,1.5,under,-125,-105,0.5556,0.5203,0.0678,0,0.6057,0.0502,0.0854,5-10%,projection,1,closing-mixed,1,1,100,won,1,0.8,,,,,,,opticodds,2026-10-01T17:18:10.021Z
2026,1,firehose,16808,Jahmyr Gibbs,DET,RB,vs NO,rushYds,Hard Rock,132.5,under,-575,350,0.8519,0.7931,0.0741,0,0.9020,0.0501,0.1089,5-10%,projection,1,closing-mixed,1,1,100,lost,156,-1,,,,,,,opticodds,2026-10-01T17:18:10.021Z
2026,1,firehose,14371,Jordan Love,GB,QB,at MIN,passTD,Circa Sports,1.5,under,-120,100,0.5455,0.5217,0.0455,0,0.5953,0.0498,0.0736,3-5%,projection,1,opening,1,1,100,lost,2,-1,,,,,,,opticodds,2026-10-08T15:29:02.144Z
2026,1,firehose,17043,Roman Wilson,PIT,WR,vs ATL,receptions,Hard Rock,1.5,under,-155,120,0.6078,0.5721,0.0624,0,0.6565,0.0486,0.0843,3-5%,projection,1,closing-mixed,1,1,100,lost,3,-1,,,,,,,opticodds,2026-10-01T17:18:10.021Z
2026,1,firehose,14416,Jalen Hurts,PHI,QB,vs WAS,int,DraftKings,0.5,under,-148,116,0.5968,0.5631,0.0597,0,0.6440,0.0473,0.0809,3-5%,projection,1,closing-mixed,1,1,100,pending,,,,,,,,,opticodds,2026-10-01T17:18:10.021Z
2026,1,firehose,16807,Bryce Young,CAR,QB,vs CHI,passTD,DraftKings,2.5,over,547,,0.1546,0.1546,,1,0.2013,0.0467,0.0467,3-5%,projection,1,closing-mixed,1,1,100,won,3,5.47,,,,,,,opticodds,2026-10-01T17:18:10.021Z
2026,1,firehose,15831,Tyquan Thornton,KC,WR,vs DEN,recYds,BetMGM,16.5,over,-110,-105,0.5238,0.5056,0.0360,0,0.5703,0.0465,0.0647,3-5%,projection,1,closing-mixed,1,1,100,lost,0,-1,,,,,,,opticodds,2026-10-01T17:18:10.021Z
2026,1,firehose,17692,Jayden Daniels,WAS,QB,at PHI,passTD,DraftKings,1.5,under,-215,167,0.6825,0.6457,0.0571,0,0.7284,0.0459,0.0827,3-5%,projection,1,closing-mixed,1,1,100,lost,2,-1,,,,,,,opticodds,2026-10-01T17:18:10.021Z
2026,1,firehose,16995,Bo Nix,DEN,QB,at KC,rushAtt,Hard Rock,4.5,under,-140,110,0.5833,0.5506,0.0595,0,0.6284,0.0451,0.0778,3-5%,projection,1,closing-mixed,1,1,100,won,3,0.7143,,,,,,,opticodds,2026-10-01T17:18:10.021Z
2026,1,firehose,15868,Drake London,ATL,WR,at PIT,receptions,theScore,5.5,under,-105,-125,0.5122,0.4797,0.0678,0,0.5555,0.0433,0.0758,3-5%,projection,1,closing-mixed,1,1,100,won,2,0.9524,,,,,,,opticodds,2026-10-01T17:18:10.021Z
2026,1,firehose,17021,Theo Johnson,NYG,TE,vs DAL,receptions,BetRivers,2.5,over,320,,0.2381,0.2381,,1,0.2813,0.0432,0.0432,3-5%,projection,1,closing-mixed,1,1,100,lost,1,-1,,,,,,,opticodds,2026-10-01T17:18:10.021Z
2026,1,firehose,12483,Josh Allen,BUF,QB,at HOU,passTD,theScore,2.5,over,650,,0.1333,0.1333,,1,0.1762,0.0429,0.0429,3-5%,projection,1,closing-mixed,1,1,100,lost,2,-1,,,,,,,opticodds,2026-10-01T17:18:10.021Z
2026,1,firehose,15183,Ja'Marr Chase,CIN,WR,vs TB,recYds,DraftKings,80.5,over,-114,-110,0.5327,0.5042,0.0565,0,0.5756,0.0429,0.0714,3-5%,projection,1,closing-mixed,1,1,100,lost,12,-1,,,,,,,opticodds,2026-10-01T17:18:10.021Z
2026,1,firehose,12858,Ian Thomas,LV,TE,vs MIA,receptions,BetMGM,0.5,over,-185,140,0.6491,0.6091,0.0658,0,0.6899,0.0408,0.0808,3-5%,projection,1,closing-mixed,1,1,100,pending,,,,,,,,,opticodds,2026-10-01T17:18:10.021Z
2026,1,firehose,19320,Ted Hurst,TB,WR,at CIN,receptions,DraftKings,3.5,over,561,,0.1513,0.1513,,1,0.1911,0.0399,0.0399,3-5%,projection,1,closing-mixed,1,1,100,lost,3,-1,,,,,,,opticodds,2026-10-01T17:18:10.021Z
2026,1,firehose,10729,Jared Goff,DET,QB,vs NO,passTD,DraftKings,3.5,over,710,,0.1235,0.1235,,1,0.1633,0.0398,0.0398,3-5%,projection,1,closing-mixed,1,1,100,lost,2,-1,,,,,,,opticodds,2026-10-01T17:18:10.021Z
2026,1,firehose,15838,Wan'Dale Robinson,TEN,WR,vs NYJ,receptions,BetRivers,6.5,over,425,,0.1905,0.1905,,1,0.2295,0.0390,0.0390,3-5%,projection,1,closing-mixed,1,1,100,lost,5,-1,,,,,,,opticodds,2026-10-01T17:18:10.021Z
2026,1,firehose,19242,KC Concepcion,CLE,WR,@ JAX,recYds,draftkings,33.5,over,-110,,0.5238,0.5238,,1,0.5613,0.0375,0.0375,3-5%,projection,1,main,1,1,100,won,43,0.9091,,,,,,,rotowire,2026-09-11T18:12:40.026Z
2026,1,firehose,16649,Tucker Kraft,GB,TE,at MIN,receptions,DraftKings,3.5,under,131,-171,0.4329,0.4069,0.0639,0,0.4703,0.0374,0.0634,3-5%,projection,1,closing-mixed,1,1,100,won,3,1.31,,,,,,,opticodds,2026-10-01T17:18:10.021Z
2026,1,firehose,16418,Jake Tonges,SF,TE,at LAR,receptions,Caesars,1.5,under,-185,145,0.6491,0.6140,0.0573,0,0.6843,0.0351,0.0703,3-5%,projection,1,closing-mixed,1,1,100,pending,,,,,,,,,opticodds,2026-10-01T17:18:10.021Z
2026,1,firehose,17702,Braelon Allen,NYJ,RB,at TEN,recYds,Hard Rock,20.5,under,-1600,650,0.9412,0.8759,0.0745,0,0.9747,0.0335,0.0988,3-5%,projection,1,closing-mixed,1,1,100,won,0,0.0625,,,,,,,opticodds,2026-10-01T17:18:10.021Z
2026,1,firehose,12483,Josh Allen,BUF,QB,at HOU,passAtt,DraftKings,31.5,over,144,,0.4098,0.4098,,1,0.4423,0.0324,0.0324,3-5%,projection,1,closing-mixed,1,1,100,lost,29,-1,,,,,,,opticodds,2026-10-01T17:18:10.021Z
2026,1,firehose,14416,Jalen Hurts,PHI,QB,vs WAS,passTD,BetRivers,2.5,over,440,,0.1852,0.1852,,1,0.2166,0.0315,0.0315,3-5%,projection,1,closing-mixed,1,1,100,won,3,4.4,,,,,,,opticodds,2026-10-01T17:18:10.021Z
2026,1,firehose,11734,David Njoku,LAC,TE,vs ARI,receptions,FanDuel,1.5,over,-102,-130,0.5050,0.4718,0.0702,0,0.5360,0.0311,0.0642,3-5%,projection,1,closing-mixed,1,1,100,won,5,0.9804,,,,,,,opticodds,2026-10-01T17:18:10.021Z
2026,1,firehose,18574,Jaxson Dart,NYG,QB,vs DAL,passTD,Circa Sports,2.5,over,575,-800,0.1481,0.1429,0.0370,0,0.1787,0.0306,0.0359,3-5%,projection,1,opening,1,1,100,won,3,5.75,,,,,,,opticodds,2026-10-08T15:29:02.144Z
