Season,Week,PlayerID,Name,Team,Pos,Opp,Stat,Book,Line,Side,Proj,Odds,OppositeOdds,ImpliedProb,FairProb,Hold,OneSided,OurProb,Edge,ModelEdge,EdgeBasis,DevigMethod,PriceModel,Slot,LineSource,FixtureID,CapturedAt
2026,5,17784,Bucky Irving,TB,RB,at DAL,rushAtt,theScore,14.5,over,16.86,145,,0.4082,0.4082,,1,0.6294,0.2212,0.2212,ev,none,projection,main,live,2026100942D78F91,2026-10-06T19:09:09.837Z
2026,5,17784,Bucky Irving,TB,RB,at DAL,rushAtt,DraftKings,17.5,over,16.86,371,,0.2123,0.2123,,1,0.4233,0.2109,0.2109,ev,none,projection,main,live,2026100942D78F91,2026-10-06T19:09:09.837Z
2026,5,16560,Rashid Shaheed,SEA,WR,vs SF,recYds,FanDuel,19.5,over,30.27,100,,0.5000,0.5000,,1,0.7007,0.2007,0.2007,ev,none,projection,main,live,202610119C07AE76,2026-10-06T19:09:09.837Z
2026,5,16560,Rashid Shaheed,SEA,WR,vs SF,recYds,Hard Rock,19.5,over,30.27,100,-135,0.5000,0.4653,0.0745,0,0.7007,0.2007,0.2353,ev,multiplicative,projection,main,live,202610119C07AE76,2026-10-06T19:09:09.837Z
2026,5,8743,Geno Smith,NYJ,QB,vs CLE,rushYds,DraftKings,9.5,over,13.84,-123,,0.5516,0.5516,,1,0.7520,0.2004,0.2004,ev,none,projection,main,live,2026101112C81881,2026-10-06T19:09:09.837Z
2026,5,17784,Bucky Irving,TB,RB,at DAL,rushAtt,BetRivers,14.5,over,16.86,132,,0.4310,0.4310,,1,0.6294,0.1984,0.1984,ev,none,projection,main,live,2026100942D78F91,2026-10-06T19:09:09.837Z
2026,5,11718,Chris Godwin,TB,WR,at DAL,recYds,Hard Rock,24.5,over,43.08,-145,105,0.5918,0.5482,0.0796,0,0.7888,0.1970,0.2406,ev,multiplicative,projection,main,live,2026100942D78F91,2026-10-06T19:09:09.837Z
2026,5,11718,Chris Godwin,TB,WR,at DAL,recYds,DraftKings,24.5,over,43.08,-146,,0.5935,0.5935,,1,0.7888,0.1953,0.1953,ev,none,projection,main,live,2026100942D78F91,2026-10-06T19:09:09.837Z
2026,5,17784,Bucky Irving,TB,RB,at DAL,recYds,FanDuel,24.5,over,23.17,268,,0.2717,0.2717,,1,0.4668,0.1951,0.1951,ev,none,projection,main,live,2026100942D78F91,2026-10-06T19:09:09.837Z
2026,5,16560,Rashid Shaheed,SEA,WR,vs SF,recYds,DraftKings,14.5,over,30.27,-142,,0.5868,0.5868,,1,0.7796,0.1928,0.1928,ev,none,projection,main,live,202610119C07AE76,2026-10-06T19:09:09.837Z
2026,5,17784,Bucky Irving,TB,RB,at DAL,recYds,DraftKings,24.5,over,23.17,262,,0.2762,0.2762,,1,0.4668,0.1906,0.1906,ev,none,projection,main,live,2026100942D78F91,2026-10-06T19:09:09.837Z
2026,5,17690,Blake Corum,LAR,RB,vs BUF,rushYds,DraftKings,29.5,over,43.22,-121,,0.5475,0.5475,,1,0.7378,0.1902,0.1902,ev,none,projection,main,live,20261013A957AFD4,2026-10-06T19:09:09.837Z
2026,5,11718,Chris Godwin,TB,WR,at DAL,recYds,FanDuel,24.5,over,43.08,-150,,0.6000,0.6000,,1,0.7888,0.1888,0.1888,ev,none,projection,main,live,2026100942D78F91,2026-10-06T19:09:09.837Z
2026,5,16560,Rashid Shaheed,SEA,WR,vs SF,recYds,theScore,19.5,over,30.27,-105,,0.5122,0.5122,,1,0.7007,0.1885,0.1885,ev,none,projection,main,live,202610119C07AE76,2026-10-06T19:09:09.837Z
2026,5,17784,Bucky Irving,TB,RB,at DAL,rushYds,Hard Rock,53.5,over,75.16,-105,-130,0.5122,0.4754,0.0774,0,0.6968,0.1846,0.2214,ev,multiplicative,projection,main,live,2026100942D78F91,2026-10-06T19:09:09.837Z
2026,5,16560,Rashid Shaheed,SEA,WR,vs SF,recYds,Caesars,19.5,over,30.27,-107,,0.5169,0.5169,,1,0.7007,0.1838,0.1838,ev,none,projection,main,live,202610119C07AE76,2026-10-06T19:09:09.837Z
2026,5,16560,Rashid Shaheed,SEA,WR,vs SF,recYds,BetRivers,19.5,over,30.27,-107,,0.5169,0.5169,,1,0.7007,0.1838,0.1838,ev,none,projection,main,live,202610119C07AE76,2026-10-06T19:09:09.837Z
2026,5,8057,Kirk Cousins,LV,QB,at NE,passYds,Hard Rock,163.5,under,210.38,400,-750,0.2000,0.1848,0.0824,0,0.3833,0.1833,0.1985,ev,multiplicative,projection,main,live,202610116AF20186,2026-10-06T19:09:09.837Z
2026,5,11718,Chris Godwin,TB,WR,at DAL,recYds,DraftKings,49.5,over,43.08,319,,0.2387,0.2387,,1,0.4218,0.1831,0.1831,ev,none,projection,main,live,2026100942D78F91,2026-10-06T19:09:09.837Z
2026,5,16560,Rashid Shaheed,SEA,WR,vs SF,recYds,FanDuel,29.5,over,30.27,201,,0.3322,0.3322,,1,0.5150,0.1828,0.1828,ev,none,projection,main,live,202610119C07AE76,2026-10-06T19:09:09.837Z
2026,5,16919,Zay Flowers,BAL,WR,at ATL,recYds,Caesars,59.5,over,84.25,-152,,0.6032,0.6032,,1,0.7859,0.1827,0.1827,ev,none,projection,main,live,2026101240603BF9,2026-10-06T19:09:09.837Z
2026,5,11718,Chris Godwin,TB,WR,at DAL,recYds,FanDuel,49.5,over,43.08,318,,0.2392,0.2392,,1,0.4218,0.1825,0.1825,ev,none,projection,main,live,2026100942D78F91,2026-10-06T19:09:09.837Z
2026,5,8057,Kirk Cousins,LV,QB,at NE,passYds,Hard Rock,167.5,under,210.38,375,-650,0.2105,0.1954,0.0772,0,0.3930,0.1825,0.1976,ev,multiplicative,projection,main,live,202610116AF20186,2026-10-06T19:09:09.837Z
2026,5,17690,Blake Corum,LAR,RB,vs BUF,rushYds,DraftKings,39.5,over,43.22,159,,0.3861,0.3861,,1,0.5685,0.1824,0.1824,ev,none,projection,main,live,20261013A957AFD4,2026-10-06T19:09:09.837Z
2026,5,16560,Rashid Shaheed,SEA,WR,vs SF,recYds,theScore,29.5,over,30.27,200,,0.3333,0.3333,,1,0.5150,0.1817,0.1817,ev,none,projection,main,live,202610119C07AE76,2026-10-06T19:09:09.837Z
2026,5,16919,Zay Flowers,BAL,WR,at ATL,recYds,Caesars,49.5,over,84.25,-218,,0.6855,0.6855,,1,0.8670,0.1815,0.1815,ev,none,projection,main,live,2026101240603BF9,2026-10-06T19:09:09.837Z
2026,5,17784,Bucky Irving,TB,RB,at DAL,receptions,BetRivers,4.5,over,3.38,750,,0.1176,0.1176,,1,0.2987,0.1810,0.1810,ev,none,projection,main,live,2026100942D78F91,2026-10-06T19:09:09.837Z
2026,5,17784,Bucky Irving,TB,RB,at DAL,rushYds,Hard Rock,81.5,over,75.16,325,-575,0.2353,0.2164,0.0871,0,0.4160,0.1808,0.1996,ev,multiplicative,projection,main,live,2026100942D78F91,2026-10-06T19:09:09.837Z
2026,5,8057,Kirk Cousins,LV,QB,at NE,passYds,Hard Rock,166.5,under,210.38,375,-650,0.2105,0.1954,0.0772,0,0.3906,0.1801,0.1951,ev,multiplicative,projection,main,live,202610116AF20186,2026-10-06T19:09:09.837Z
2026,5,16560,Rashid Shaheed,SEA,WR,vs SF,recYds,Hard Rock,14.5,over,30.27,-150,110,0.6000,0.5575,0.0762,0,0.7796,0.1796,0.2221,ev,multiplicative,projection,main,live,202610119C07AE76,2026-10-06T19:09:09.837Z
2026,5,8743,Geno Smith,NYJ,QB,vs CLE,rushYds,DraftKings,10.5,over,13.84,-109,-113,0.5215,0.4957,0.0520,0,0.6998,0.1783,0.2041,ev,multiplicative,projection,main,live,2026101112C81881,2026-10-06T19:09:09.837Z
2026,5,8057,Kirk Cousins,LV,QB,at NE,passYds,Hard Rock,170.5,under,210.38,350,-600,0.2222,0.2059,0.0794,0,0.4003,0.1781,0.1945,ev,multiplicative,projection,main,live,202610116AF20186,2026-10-06T19:09:09.837Z
2026,5,16919,Zay Flowers,BAL,WR,at ATL,recYds,Hard Rock,59.5,over,84.25,-155,115,0.6078,0.5665,0.0730,0,0.7859,0.1781,0.2194,ev,multiplicative,projection,main,live,2026101240603BF9,2026-10-06T19:09:09.837Z
2026,5,8057,Kirk Cousins,LV,QB,at NE,passYds,Hard Rock,165.5,under,210.38,375,-700,0.2105,0.1939,0.0855,0,0.3882,0.1776,0.1942,ev,multiplicative,projection,main,live,202610116AF20186,2026-10-06T19:09:09.837Z
2026,5,11718,Chris Godwin,TB,WR,at DAL,recYds,Hard Rock,45.5,over,43.08,240,-375,0.2941,0.2714,0.0836,0,0.4703,0.1762,0.1989,ev,multiplicative,projection,main,live,2026100942D78F91,2026-10-06T19:09:09.837Z
2026,5,8057,Kirk Cousins,LV,QB,at NE,passYds,Hard Rock,169.5,under,210.38,350,-600,0.2222,0.2059,0.0794,0,0.3979,0.1757,0.1920,ev,multiplicative,projection,main,live,202610116AF20186,2026-10-06T19:09:09.837Z
2026,5,17784,Bucky Irving,TB,RB,at DAL,rushAtt,Hard Rock,14.5,over,16.86,120,,0.4545,0.4545,,1,0.6294,0.1748,0.1748,ev,none,projection,main,live,2026100942D78F91,2026-10-06T19:09:09.837Z
2026,5,15357,Trevor Lawrence,JAX,QB,vs PHI,rushYds,Hard Rock,14.5,over,19.9,100,-130,0.5000,0.4694,0.0652,0,0.6743,0.1743,0.2049,ev,multiplicative,projection,main,live,2026101118C77B29,2026-10-06T19:09:09.837Z
2026,5,16946,Tyson Bagent,CHI,QB,at GB,passTD,FanDuel,1.5,under,0.96,-136,102,0.5763,0.5379,0.0713,0,0.7505,0.1742,0.2126,ev,multiplicative,projection,main,live,202610112660CB0C,2026-10-06T19:09:09.837Z
2026,5,16919,Zay Flowers,BAL,WR,at ATL,recYds,FanDuel,69.5,over,84.25,-103,,0.5074,0.5074,,1,0.6816,0.1742,0.1742,ev,none,projection,main,live,2026101240603BF9,2026-10-06T19:09:09.837Z
2026,5,17690,Blake Corum,LAR,RB,vs BUF,rushYds,Hard Rock,33.5,over,43.22,100,-140,0.5000,0.4615,0.0833,0,0.6740,0.1740,0.2124,ev,multiplicative,projection,main,live,20261013A957AFD4,2026-10-06T19:09:09.837Z
2026,5,8743,Geno Smith,NYJ,QB,vs CLE,rushYds,Caesars,9.5,over,13.84,-137,,0.5781,0.5781,,1,0.7520,0.1739,0.1739,ev,none,projection,main,live,2026101112C81881,2026-10-06T19:09:09.837Z
2026,5,8057,Kirk Cousins,LV,QB,at NE,passYds,Hard Rock,168.5,under,210.38,350,-650,0.2222,0.2041,0.0889,0,0.3955,0.1732,0.1914,ev,multiplicative,projection,main,live,202610116AF20186,2026-10-06T19:09:09.837Z
2026,5,17690,Blake Corum,LAR,RB,vs BUF,rushYds,Hard Rock,29.5,over,43.22,-130,-105,0.5652,0.5246,0.0774,0,0.7378,0.1725,0.2132,ev,multiplicative,projection,main,live,20261013A957AFD4,2026-10-06T19:09:09.837Z
2026,5,11718,Chris Godwin,TB,WR,at DAL,recYds,Hard Rock,46.5,over,43.08,250,-375,0.2857,0.2657,0.0752,0,0.4581,0.1724,0.1924,ev,multiplicative,projection,main,live,2026100942D78F91,2026-10-06T19:09:09.837Z
2026,5,17784,Bucky Irving,TB,RB,at DAL,recYds,Hard Rock,9.5,over,23.17,-165,115,0.6226,0.5724,0.0878,0,0.7950,0.1724,0.2226,ev,multiplicative,projection,main,live,2026100942D78F91,2026-10-06T19:09:09.837Z
2026,5,8057,Kirk Cousins,LV,QB,at NE,passYds,Hard Rock,173.5,under,210.38,325,-550,0.2353,0.2176,0.0814,0,0.4077,0.1724,0.1901,ev,multiplicative,projection,main,live,202610116AF20186,2026-10-06T19:09:09.837Z
2026,5,11718,Chris Godwin,TB,WR,at DAL,recYds,Hard Rock,43.5,over,43.08,210,-325,0.3226,0.2967,0.0873,0,0.4948,0.1723,0.1982,ev,multiplicative,projection,main,live,2026100942D78F91,2026-10-06T19:09:09.837Z
2026,5,16919,Zay Flowers,BAL,WR,at ATL,recYds,FanDuel,59.5,over,84.25,-159,,0.6139,0.6139,,1,0.7859,0.1720,0.1720,ev,none,projection,main,live,2026101240603BF9,2026-10-06T19:09:09.837Z
2026,5,18549,Emeka Egbuka,TB,WR,at DAL,recYds,Hard Rock,43.5,over,46.67,160,-225,0.3846,0.3571,0.0769,0,0.5564,0.1718,0.1993,ev,multiplicative,projection,main,live,2026100942D78F91,2026-10-06T19:09:09.837Z
2026,5,11718,Chris Godwin,TB,WR,at DAL,recYds,Hard Rock,49.5,over,43.08,300,-475,0.2500,0.2323,0.0761,0,0.4218,0.1718,0.1894,ev,multiplicative,projection,main,live,2026100942D78F91,2026-10-06T19:09:09.837Z
2026,5,11718,Chris Godwin,TB,WR,at DAL,recYds,theScore,49.5,over,43.08,300,,0.2500,0.2500,,1,0.4218,0.1718,0.1718,ev,none,projection,main,live,2026100942D78F91,2026-10-06T19:09:09.837Z
2026,5,16560,Rashid Shaheed,SEA,WR,vs SF,recYds,Hard Rock,28.5,over,30.27,175,-250,0.3636,0.3373,0.0779,0,0.5345,0.1708,0.1971,ev,multiplicative,projection,main,live,202610119C07AE76,2026-10-06T19:09:09.837Z
2026,5,16560,Rashid Shaheed,SEA,WR,vs SF,recYds,BetRivers,29.5,over,30.27,190,,0.3448,0.3448,,1,0.5150,0.1702,0.1702,ev,none,projection,main,live,202610119C07AE76,2026-10-06T19:09:09.837Z
2026,5,16560,Rashid Shaheed,SEA,WR,vs SF,recYds,FanDuel,14.5,over,30.27,-156,,0.6094,0.6094,,1,0.7796,0.1702,0.1702,ev,none,projection,main,live,202610119C07AE76,2026-10-06T19:09:09.837Z
2026,5,17690,Blake Corum,LAR,RB,vs BUF,rushYds,FanDuel,39.5,over,43.22,151,,0.3984,0.3984,,1,0.5685,0.1701,0.1701,ev,none,projection,main,live,20261013A957AFD4,2026-10-06T19:09:09.837Z
2026,5,11718,Chris Godwin,TB,WR,at DAL,recYds,Hard Rock,44.5,over,43.08,220,-350,0.3125,0.2866,0.0903,0,0.4826,0.1701,0.1960,ev,multiplicative,projection,main,live,2026100942D78F91,2026-10-06T19:09:09.837Z
2026,5,15222,Kenneth Gainwell,TB,RB,at DAL,recYds,Hard Rock,16.5,over,18.34,155,-220,0.3922,0.3632,0.0797,0,0.5623,0.1701,0.1990,ev,multiplicative,projection,main,live,2026100942D78F91,2026-10-06T19:09:09.837Z
2026,5,8057,Kirk Cousins,LV,QB,at NE,passYds,Hard Rock,172.5,under,210.38,325,-550,0.2353,0.2176,0.0814,0,0.4052,0.1699,0.1877,ev,multiplicative,projection,main,live,202610116AF20186,2026-10-06T19:09:09.837Z
2026,5,15907,Brian Robinson Jr.,ATL,RB,vs BAL,rushYds,Hard Rock,22.5,under,23.17,225,-350,0.3077,0.2835,0.0855,0,0.4776,0.1699,0.1941,ev,multiplicative,projection,main,live,2026101240603BF9,2026-10-06T19:09:09.837Z
2026,5,15907,Brian Robinson Jr.,ATL,RB,vs BAL,rushYds,Hard Rock,24.5,under,23.17,190,-275,0.3448,0.3198,0.0782,0,0.5147,0.1699,0.1949,ev,multiplicative,projection,main,live,2026101240603BF9,2026-10-06T19:09:09.837Z
2026,5,17784,Bucky Irving,TB,RB,at DAL,recYds,Hard Rock,21.5,over,23.17,170,-240,0.3704,0.3441,0.0763,0,0.5401,0.1697,0.1960,ev,multiplicative,projection,main,live,2026100942D78F91,2026-10-06T19:09:09.837Z
2026,5,17784,Bucky Irving,TB,RB,at DAL,receptions,Caesars,4.5,over,3.38,675,,0.1290,0.1290,,1,0.2987,0.1696,0.1696,ev,none,projection,main,live,2026100942D78F91,2026-10-06T19:09:09.837Z
2026,5,11008,Dak Prescott,DAL,QB,vs TB,rushYds,BetRivers,9.5,over,14,-112,-120,0.5283,0.4920,0.0738,0,0.6978,0.1695,0.2057,ev,multiplicative,projection,main,live,2026100942D78F91,2026-10-06T19:09:09.837Z
2026,5,16919,Zay Flowers,BAL,WR,at ATL,recYds,Hard Rock,69.5,over,84.25,-105,-135,0.5122,0.4713,0.0867,0,0.6816,0.1694,0.2103,ev,multiplicative,projection,main,live,2026101240603BF9,2026-10-06T19:09:09.837Z
2026,5,8743,Geno Smith,NYJ,QB,vs CLE,rushYds,Hard Rock,9.5,over,13.84,-140,105,0.5833,0.5446,0.0711,0,0.7520,0.1687,0.2074,ev,multiplicative,projection,main,live,2026101112C81881,2026-10-06T19:09:09.837Z
2026,5,17690,Blake Corum,LAR,RB,vs BUF,rushYds,Hard Rock,39.5,over,43.22,150,-210,0.4000,0.3713,0.0774,0,0.5685,0.1685,0.1972,ev,multiplicative,projection,main,live,20261013A957AFD4,2026-10-06T19:09:09.837Z
2026,5,15222,Kenneth Gainwell,TB,RB,at DAL,rushYds,DraftKings,59.5,over,32.16,3000,,0.0323,0.0323,,1,0.2006,0.1684,0.1684,ev,none,projection,main,live,2026100942D78F91,2026-10-06T19:09:09.837Z
2026,5,11718,Chris Godwin,TB,WR,at DAL,recYds,Hard Rock,47.5,over,43.08,260,-400,0.2778,0.2577,0.0778,0,0.4460,0.1682,0.1882,ev,multiplicative,projection,main,live,2026100942D78F91,2026-10-06T19:09:09.837Z
2026,5,17784,Bucky Irving,TB,RB,at DAL,rushYds,Hard Rock,83.5,over,75.16,350,-650,0.2222,0.2041,0.0889,0,0.3902,0.1679,0.1861,ev,multiplicative,projection,main,live,2026100942D78F91,2026-10-06T19:09:09.837Z
2026,5,17784,Bucky Irving,TB,RB,at DAL,rushYds,Hard Rock,82.5,over,75.16,325,-600,0.2353,0.2154,0.0924,0,0.4031,0.1678,0.1877,ev,multiplicative,projection,main,live,2026100942D78F91,2026-10-06T19:09:09.837Z
2026,5,8057,Kirk Cousins,LV,QB,at NE,passYds,Hard Rock,171.5,under,210.38,325,-575,0.2353,0.2164,0.0871,0,0.4028,0.1675,0.1864,ev,multiplicative,projection,main,live,202610116AF20186,2026-10-06T19:09:09.837Z
2026,5,11008,Dak Prescott,DAL,QB,vs TB,rushYds,Caesars,9.5,over,14,-113,-115,0.5305,0.4980,0.0654,0,0.6978,0.1672,0.1998,ev,multiplicative,projection,main,live,2026100942D78F91,2026-10-06T19:09:09.837Z
2026,5,11718,Chris Godwin,TB,WR,at DAL,recYds,Hard Rock,48.5,over,43.08,275,-425,0.2667,0.2478,0.0762,0,0.4338,0.1672,0.1860,ev,multiplicative,projection,main,live,2026100942D78F91,2026-10-06T19:09:09.837Z
2026,5,17784,Bucky Irving,TB,RB,at DAL,receptions,DraftKings,4.5,over,3.38,660,,0.1316,0.1316,,1,0.2987,0.1671,0.1671,ev,none,projection,main,live,2026100942D78F91,2026-10-06T19:09:09.837Z
2026,5,17690,Blake Corum,LAR,RB,vs BUF,rushYds,FanDuel,29.5,over,43.22,-133,,0.5708,0.5708,,1,0.7378,0.1669,0.1669,ev,none,projection,main,live,20261013A957AFD4,2026-10-06T19:09:09.837Z
2026,5,17784,Bucky Irving,TB,RB,at DAL,rushYds,Hard Rock,84.5,over,75.16,375,-700,0.2105,0.1939,0.0855,0,0.3774,0.1669,0.1835,ev,multiplicative,projection,main,live,2026100942D78F91,2026-10-06T19:09:09.837Z
2026,5,17784,Bucky Irving,TB,RB,at DAL,recYds,FanDuel,9.5,over,23.17,-169,,0.6283,0.6283,,1,0.7950,0.1668,0.1668,ev,none,projection,main,live,2026100942D78F91,2026-10-06T19:09:09.837Z
2026,5,17811,AJ Barner,SEA,TE,vs SF,recYds,Caesars,19.5,over,33.13,-164,,0.6212,0.6212,,1,0.7878,0.1666,0.1666,ev,none,projection,main,live,202610119C07AE76,2026-10-06T19:09:09.837Z
2026,5,15357,Trevor Lawrence,JAX,QB,vs PHI,rushYds,Caesars,9.5,over,19.9,-179,,0.6416,0.6416,,1,0.8079,0.1664,0.1664,ev,none,projection,main,live,2026101118C77B29,2026-10-06T19:09:09.837Z
2026,5,17784,Bucky Irving,TB,RB,at DAL,rushYds,DraftKings,53.5,over,75.16,-113,-111,0.5305,0.5021,0.0566,0,0.6968,0.1663,0.1947,ev,multiplicative,projection,main,live,2026100942D78F91,2026-10-06T19:09:09.837Z
2026,5,18549,Emeka Egbuka,TB,WR,at DAL,recYds,Hard Rock,19.5,over,46.67,-260,180,0.7222,0.6691,0.0794,0,0.8882,0.1659,0.2191,ev,multiplicative,projection,main,live,2026100942D78F91,2026-10-06T19:09:09.837Z
2026,5,17690,Blake Corum,LAR,RB,vs BUF,rushYds,Hard Rock,40.5,over,43.22,160,-230,0.3846,0.3556,0.0816,0,0.5502,0.1656,0.1946,ev,multiplicative,projection,main,live,20261013A957AFD4,2026-10-06T19:09:09.837Z
2026,5,16946,Tyson Bagent,CHI,QB,at GB,passTD,Caesars,1.5,under,0.96,-141,115,0.5851,0.5571,0.0502,0,0.7505,0.1654,0.1934,ev,multiplicative,projection,main,live,202610112660CB0C,2026-10-06T19:09:09.837Z
2026,5,17811,AJ Barner,SEA,TE,vs SF,recYds,DraftKings,24.5,over,33.13,-112,-113,0.5283,0.4990,0.0588,0,0.6935,0.1652,0.1945,ev,multiplicative,projection,main,live,202610119C07AE76,2026-10-06T19:09:09.837Z
2026,5,8057,Kirk Cousins,LV,QB,at NE,passYds,Hard Rock,176.5,under,210.38,300,-475,0.2500,0.2323,0.0761,0,0.4151,0.1651,0.1828,ev,multiplicative,projection,main,live,202610116AF20186,2026-10-06T19:09:09.837Z
2026,5,11008,Dak Prescott,DAL,QB,vs TB,rushYds,FanDuel,9.5,over,14,-114,-114,0.5327,0.5000,0.0654,0,0.6978,0.1650,0.1978,ev,multiplicative,projection,main,live,2026100942D78F91,2026-10-06T19:09:09.837Z
2026,5,19607,Kaelon Black,SF,RB,at SEA,rushYds,BetRivers,29.5,over,15.13,400,,0.2000,0.2000,,1,0.3649,0.1649,0.1649,ev,none,projection,main,live,202610119C07AE76,2026-10-06T19:09:09.837Z
2026,5,17784,Bucky Irving,TB,RB,at DAL,rushYds,Hard Rock,85.5,over,75.16,400,-700,0.2000,0.1860,0.0750,0,0.3648,0.1648,0.1787,ev,multiplicative,projection,main,live,2026100942D78F91,2026-10-06T19:09:09.837Z
2026,5,15357,Trevor Lawrence,JAX,QB,vs PHI,rushYds,DraftKings,14.5,over,19.9,-104,,0.5098,0.5098,,1,0.6743,0.1645,0.1645,ev,none,projection,main,live,2026101118C77B29,2026-10-06T19:09:09.837Z
2026,5,16560,Rashid Shaheed,SEA,WR,vs SF,recYds,Hard Rock,29.5,over,30.27,185,-260,0.3509,0.3270,0.0731,0,0.5150,0.1641,0.1880,ev,multiplicative,projection,main,live,202610119C07AE76,2026-10-06T19:09:09.837Z
2026,5,13427,Justice Hill,BAL,RB,at ATL,rushYds,FanDuel,19.5,over,19.25,206,,0.3268,0.3268,,1,0.4905,0.1637,0.1637,ev,none,projection,main,live,2026101240603BF9,2026-10-06T19:09:09.837Z
2026,5,13427,Justice Hill,BAL,RB,at ATL,rushYds,Hard Rock,18.5,over,19.25,185,-275,0.3509,0.3236,0.0842,0,0.5145,0.1637,0.1909,ev,multiplicative,projection,main,live,2026101240603BF9,2026-10-06T19:09:09.837Z
2026,5,13427,Justice Hill,BAL,RB,at ATL,rushYds,Hard Rock,17.5,over,19.25,170,-240,0.3704,0.3441,0.0763,0,0.5339,0.1635,0.1898,ev,multiplicative,projection,main,live,2026101240603BF9,2026-10-06T19:09:09.837Z
2026,5,17690,Blake Corum,LAR,RB,vs BUF,rushYds,DraftKings,24.5,over,43.22,-181,,0.6441,0.6441,,1,0.8074,0.1633,0.1633,ev,none,projection,main,live,20261013A957AFD4,2026-10-06T19:09:09.837Z
2026,5,17811,AJ Barner,SEA,TE,vs SF,recYds,Caesars,24.5,over,33.13,-113,-115,0.5305,0.4980,0.0654,0,0.6935,0.1630,0.1955,ev,multiplicative,projection,main,live,202610119C07AE76,2026-10-06T19:09:09.837Z
2026,5,11008,Dak Prescott,DAL,QB,vs TB,rushYds,Hard Rock,9.5,over,14,-115,-115,0.5349,0.5000,0.0698,0,0.6978,0.1629,0.1978,ev,multiplicative,projection,main,live,2026100942D78F91,2026-10-06T19:09:09.837Z
2026,5,11718,Chris Godwin,TB,WR,at DAL,recYds,Hard Rock,51.5,over,43.08,325,-525,0.2353,0.2188,0.0753,0,0.3979,0.1626,0.1791,ev,multiplicative,projection,main,live,2026100942D78F91,2026-10-06T19:09:09.837Z
2026,5,8057,Kirk Cousins,LV,QB,at NE,passYds,Hard Rock,175.5,under,210.38,300,-500,0.2500,0.2308,0.0833,0,0.4126,0.1626,0.1818,ev,multiplicative,projection,main,live,202610116AF20186,2026-10-06T19:09:09.837Z
2026,5,19607,Kaelon Black,SF,RB,at SEA,rushYds,Hard Rock,38.5,over,15.13,700,-1800,0.1250,0.1166,0.0724,0,0.2872,0.1622,0.1706,ev,multiplicative,projection,main,live,202610119C07AE76,2026-10-06T19:09:09.837Z
2026,5,15907,Brian Robinson Jr.,ATL,RB,vs BAL,rushYds,Hard Rock,25.5,under,23.17,175,-250,0.3636,0.3373,0.0779,0,0.5258,0.1622,0.1884,ev,multiplicative,projection,main,live,2026101240603BF9,2026-10-06T19:09:09.837Z
2026,5,11718,Chris Godwin,TB,WR,at DAL,recYds,Caesars,49.5,over,43.08,285,,0.2597,0.2597,,1,0.4218,0.1620,0.1620,ev,none,projection,main,live,2026100942D78F91,2026-10-06T19:09:09.837Z
2026,5,17784,Bucky Irving,TB,RB,at DAL,rushYds,BetMGM,53.5,over,75.16,-115,-115,0.5349,0.5000,0.0698,0,0.6968,0.1620,0.1968,ev,multiplicative,projection,main,live,2026100942D78F91,2026-10-06T19:09:09.837Z
2026,5,16946,Tyson Bagent,CHI,QB,at GB,passTD,BetRivers,1.5,under,0.96,-143,108,0.5885,0.5504,0.0692,0,0.7505,0.1620,0.2001,ev,multiplicative,projection,main,live,202610112660CB0C,2026-10-06T19:09:09.837Z
2026,5,18549,Emeka Egbuka,TB,WR,at DAL,recYds,Hard Rock,44.5,over,46.67,165,-240,0.3774,0.3484,0.0832,0,0.5387,0.1614,0.1904,ev,multiplicative,projection,main,live,2026100942D78F91,2026-10-06T19:09:09.837Z
2026,5,19607,Kaelon Black,SF,RB,at SEA,rushYds,Hard Rock,39.5,over,15.13,750,-2200,0.1176,0.1095,0.0742,0,0.2791,0.1614,0.1696,ev,multiplicative,projection,main,live,202610119C07AE76,2026-10-06T19:09:09.837Z
2026,5,17690,Blake Corum,LAR,RB,vs BUF,rushYds,Hard Rock,41.5,over,43.22,170,-250,0.3704,0.3415,0.0847,0,0.5318,0.1614,0.1903,ev,multiplicative,projection,main,live,20261013A957AFD4,2026-10-06T19:09:09.837Z
2026,5,13427,Justice Hill,BAL,RB,at ATL,rushYds,Hard Rock,16.5,over,19.25,155,-220,0.3922,0.3632,0.0797,0,0.5532,0.1610,0.1899,ev,multiplicative,projection,main,live,2026101240603BF9,2026-10-06T19:09:09.837Z
2026,5,17784,Bucky Irving,TB,RB,at DAL,receptions,FanDuel,4.5,over,3.38,626,,0.1377,0.1377,,1,0.2987,0.1609,0.1609,ev,none,projection,main,live,2026100942D78F91,2026-10-06T19:09:09.837Z
2026,5,17811,AJ Barner,SEA,TE,vs SF,recYds,FanDuel,24.5,over,33.13,-114,-114,0.5327,0.5000,0.0654,0,0.6935,0.1608,0.1935,ev,multiplicative,projection,main,live,202610119C07AE76,2026-10-06T19:09:09.837Z
2026,5,11008,Dak Prescott,DAL,QB,vs TB,rushYds,DraftKings,9.5,over,14,-116,-108,0.5370,0.5084,0.0563,0,0.6978,0.1607,0.1893,ev,multiplicative,projection,main,live,2026100942D78F91,2026-10-06T19:09:09.837Z
2026,5,11712,Deshaun Watson,CLE,QB,at NYJ,rushYds,Hard Rock,13.5,under,14.86,275,-450,0.2667,0.2458,0.0848,0,0.4274,0.1607,0.1816,ev,multiplicative,projection,main,live,2026101112C81881,2026-10-06T19:09:09.837Z
2026,5,17690,Blake Corum,LAR,RB,vs BUF,rushYds,BetRivers,49.5,over,43.22,280,,0.2632,0.2632,,1,0.4236,0.1605,0.1605,ev,none,projection,main,live,20261013A957AFD4,2026-10-06T19:09:09.837Z
2026,5,8057,Kirk Cousins,LV,QB,at NE,passYds,Hard Rock,174.5,under,210.38,300,-525,0.2500,0.2294,0.0900,0,0.4102,0.1602,0.1808,ev,multiplicative,projection,main,live,202610116AF20186,2026-10-06T19:09:09.837Z
2026,5,16919,Zay Flowers,BAL,WR,at ATL,recYds,Caesars,69.5,over,84.25,-109,,0.5215,0.5215,,1,0.6816,0.1601,0.1601,ev,none,projection,main,live,2026101240603BF9,2026-10-06T19:09:09.837Z
2026,5,15222,Kenneth Gainwell,TB,RB,at DAL,recYds,FanDuel,19.5,over,18.34,223,,0.3096,0.3096,,1,0.4695,0.1599,0.1599,ev,none,projection,main,live,2026100942D78F91,2026-10-06T19:09:09.837Z
2026,5,11718,Chris Godwin,TB,WR,at DAL,recYds,Hard Rock,50.5,over,43.08,300,-500,0.2500,0.2308,0.0833,0,0.4098,0.1598,0.1790,ev,multiplicative,projection,main,live,2026100942D78F91,2026-10-06T19:09:09.837Z
2026,5,17716,Brian Thomas Jr.,JAX,WR,vs PHI,recYds,DraftKings,23.5,over,33.71,-110,-114,0.5238,0.4958,0.0565,0,0.6833,0.1595,0.1875,ev,multiplicative,projection,main,live,2026101118C77B29,2026-10-06T19:09:09.837Z
2026,5,17716,Brian Thomas Jr.,JAX,WR,vs PHI,recYds,DraftKings,24.5,over,33.71,-103,,0.5074,0.5074,,1,0.6665,0.1591,0.1591,ev,none,projection,main,live,2026101118C77B29,2026-10-06T19:09:09.837Z
2026,5,17784,Bucky Irving,TB,RB,at DAL,recYds,Hard Rock,22.5,over,23.17,180,-260,0.3571,0.3309,0.0794,0,0.5161,0.1590,0.1852,ev,multiplicative,projection,main,live,2026100942D78F91,2026-10-06T19:09:09.837Z
2026,5,17811,AJ Barner,SEA,TE,vs SF,recYds,Hard Rock,22.5,over,33.13,-135,100,0.5745,0.5347,0.0745,0,0.7333,0.1589,0.1987,ev,multiplicative,projection,main,live,202610119C07AE76,2026-10-06T19:09:09.837Z
2026,5,18549,Emeka Egbuka,TB,WR,at DAL,recYds,DraftKings,14.5,over,46.67,-328,,0.7664,0.7664,,1,0.9252,0.1588,0.1588,ev,none,projection,main,live,2026100942D78F91,2026-10-06T19:09:09.837Z
2026,5,15357,Trevor Lawrence,JAX,QB,vs PHI,rushYds,DraftKings,9.5,over,19.9,-185,,0.6491,0.6491,,1,0.8079,0.1588,0.1588,ev,none,projection,main,live,2026101118C77B29,2026-10-06T19:09:09.837Z
2026,5,17784,Bucky Irving,TB,RB,at DAL,recYds,theScore,9.5,over,23.17,-175,,0.6364,0.6364,,1,0.7950,0.1587,0.1587,ev,none,projection,main,live,2026100942D78F91,2026-10-06T19:09:09.837Z
2026,5,17811,AJ Barner,SEA,TE,vs SF,recYds,Hard Rock,24.5,over,33.13,-115,-115,0.5349,0.5000,0.0698,0,0.6935,0.1586,0.1935,ev,multiplicative,projection,main,live,202610119C07AE76,2026-10-06T19:09:09.837Z
2026,5,15907,Brian Robinson Jr.,ATL,RB,vs BAL,rushYds,Hard Rock,21.5,under,23.17,250,-375,0.2857,0.2657,0.0752,0,0.4443,0.1586,0.1786,ev,multiplicative,projection,main,live,2026101240603BF9,2026-10-06T19:09:09.837Z
2026,5,11718,Chris Godwin,TB,WR,at DAL,recYds,Hard Rock,19.5,over,43.08,-220,150,0.6875,0.6322,0.0875,0,0.8457,0.1582,0.2135,ev,multiplicative,projection,main,live,2026100942D78F91,2026-10-06T19:09:09.837Z
2026,5,17811,AJ Barner,SEA,TE,vs SF,recYds,Hard Rock,23.5,over,33.13,-125,-110,0.5556,0.5147,0.0794,0,0.7137,0.1582,0.1990,ev,multiplicative,projection,main,live,202610119C07AE76,2026-10-06T19:09:09.837Z
2026,5,15357,Trevor Lawrence,JAX,QB,vs PHI,rushYds,Hard Rock,16.5,over,19.9,120,-165,0.4545,0.4220,0.0772,0,0.6120,0.1575,0.1900,ev,multiplicative,projection,main,live,2026101118C77B29,2026-10-06T19:09:09.837Z
2026,5,16919,Zay Flowers,BAL,WR,at ATL,recYds,Hard Rock,74.5,over,84.25,115,-165,0.4651,0.4276,0.0878,0,0.6225,0.1574,0.1949,ev,multiplicative,projection,main,live,2026101240603BF9,2026-10-06T19:09:09.837Z
2026,5,18549,Emeka Egbuka,TB,WR,at DAL,recYds,Hard Rock,45.5,over,46.67,175,-250,0.3636,0.3373,0.0779,0,0.5209,0.1573,0.1835,ev,multiplicative,projection,main,live,2026100942D78F91,2026-10-06T19:09:09.837Z
2026,5,19607,Kaelon Black,SF,RB,at SEA,rushYds,DraftKings,39.5,over,15.13,720,,0.1220,0.1220,,1,0.2791,0.1571,0.1571,ev,none,projection,main,live,202610119C07AE76,2026-10-06T19:09:09.837Z
2026,5,13427,Justice Hill,BAL,RB,at ATL,rushYds,Hard Rock,19.5,over,19.25,200,-325,0.3333,0.3036,0.0980,0,0.4905,0.1571,0.1869,ev,multiplicative,projection,main,live,2026101240603BF9,2026-10-06T19:09:09.837Z
2026,5,18549,Emeka Egbuka,TB,WR,at DAL,recYds,FanDuel,19.5,over,46.67,-272,,0.7312,0.7312,,1,0.8882,0.1570,0.1570,ev,none,projection,main,live,2026100942D78F91,2026-10-06T19:09:09.837Z
2026,5,17690,Blake Corum,LAR,RB,vs BUF,rushYds,DraftKings,49.5,over,43.22,275,,0.2667,0.2667,,1,0.4236,0.1570,0.1570,ev,none,projection,main,live,20261013A957AFD4,2026-10-06T19:09:09.837Z
2026,5,17690,Blake Corum,LAR,RB,vs BUF,rushYds,BetRivers,39.5,over,43.22,143,,0.4115,0.4115,,1,0.5685,0.1570,0.1570,ev,none,projection,main,live,20261013A957AFD4,2026-10-06T19:09:09.837Z
2026,5,16560,Rashid Shaheed,SEA,WR,vs SF,recYds,Hard Rock,30.5,over,30.27,195,-275,0.3390,0.3161,0.0723,0,0.4958,0.1568,0.1797,ev,multiplicative,projection,main,live,202610119C07AE76,2026-10-06T19:09:09.837Z
2026,5,17784,Bucky Irving,TB,RB,at DAL,rushYds,BetRivers,49.5,over,75.16,-134,,0.5726,0.5726,,1,0.7292,0.1566,0.1566,ev,none,projection,main,live,2026100942D78F91,2026-10-06T19:09:09.837Z
2026,5,17784,Bucky Irving,TB,RB,at DAL,rushYds,FanDuel,49.5,over,75.16,-134,,0.5726,0.5726,,1,0.7292,0.1566,0.1566,ev,none,projection,main,live,2026100942D78F91,2026-10-06T19:09:09.837Z
2026,5,17690,Blake Corum,LAR,RB,vs BUF,rushYds,Caesars,29.5,over,43.22,-139,,0.5816,0.5816,,1,0.7378,0.1562,0.1562,ev,none,projection,main,live,20261013A957AFD4,2026-10-06T19:09:09.837Z
2026,5,17690,Blake Corum,LAR,RB,vs BUF,rushYds,Hard Rock,42.5,over,43.22,180,-260,0.3571,0.3309,0.0794,0,0.5133,0.1562,0.1824,ev,multiplicative,projection,main,live,20261013A957AFD4,2026-10-06T19:09:09.837Z
2026,5,18549,Emeka Egbuka,TB,WR,at DAL,recYds,FanDuel,49.5,over,46.67,228,,0.3049,0.3049,,1,0.4608,0.1559,0.1559,ev,none,projection,main,live,2026100942D78F91,2026-10-06T19:09:09.837Z
2026,5,17784,Bucky Irving,TB,RB,at DAL,receptions,Hard Rock,4.5,over,3.38,600,-1400,0.1429,0.1327,0.0762,0,0.2987,0.1558,0.1659,ev,multiplicative,projection,main,live,2026100942D78F91,2026-10-06T19:09:09.837Z
2026,5,8057,Kirk Cousins,LV,QB,at NE,passYds,Hard Rock,179.5,under,210.38,275,-425,0.2667,0.2478,0.0762,0,0.4225,0.1558,0.1747,ev,multiplicative,projection,main,live,202610116AF20186,2026-10-06T19:09:09.837Z
2026,5,16919,Zay Flowers,BAL,WR,at ATL,recYds,Hard Rock,75.5,over,84.25,120,-170,0.4545,0.4193,0.0842,0,0.6103,0.1558,0.1910,ev,multiplicative,projection,main,live,2026101240603BF9,2026-10-06T19:09:09.837Z
2026,5,19607,Kaelon Black,SF,RB,at SEA,rushYds,Hard Rock,36.5,over,15.13,575,-1400,0.1481,0.1370,0.0815,0,0.3038,0.1557,0.1668,ev,multiplicative,projection,main,live,202610119C07AE76,2026-10-06T19:09:09.837Z
2026,5,19607,Kaelon Black,SF,RB,at SEA,rushYds,Hard Rock,33.5,over,15.13,475,-900,0.1739,0.1619,0.0739,0,0.3295,0.1555,0.1675,ev,multiplicative,projection,main,live,202610119C07AE76,2026-10-06T19:09:09.837Z
2026,5,18549,Emeka Egbuka,TB,WR,at DAL,recYds,Caesars,19.5,over,46.67,-275,,0.7333,0.7333,,1,0.8882,0.1548,0.1548,ev,none,projection,main,live,2026100942D78F91,2026-10-06T19:09:09.837Z
2026,5,19292,Jalon Daniels,TB,QB,at DAL,passYds,Hard Rock,213.5,over,209.11,210,-300,0.3226,0.3008,0.0726,0,0.4774,0.1548,0.1766,ev,multiplicative,projection,main,live,2026100942D78F91,2026-10-06T19:09:09.837Z
2026,5,17784,Bucky Irving,TB,RB,at DAL,rushYds,Hard Rock,49.5,over,75.16,-135,100,0.5745,0.5347,0.0745,0,0.7292,0.1548,0.1946,ev,multiplicative,projection,main,live,2026100942D78F91,2026-10-06T19:09:09.837Z
2026,5,17784,Bucky Irving,TB,RB,at DAL,rushYds,theScore,49.5,over,75.16,-135,,0.5745,0.5745,,1,0.7292,0.1548,0.1548,ev,none,projection,main,live,2026100942D78F91,2026-10-06T19:09:09.837Z
2026,5,19292,Jalon Daniels,TB,QB,at DAL,passYds,Hard Rock,215.5,over,209.11,220,-325,0.3125,0.2901,0.0772,0,0.4671,0.1546,0.1770,ev,multiplicative,projection,main,live,2026100942D78F91,2026-10-06T19:09:09.837Z
2026,5,15357,Trevor Lawrence,JAX,QB,vs PHI,rushYds,Hard Rock,10.5,over,19.9,-170,125,0.6296,0.5862,0.0741,0,0.7842,0.1546,0.1980,ev,multiplicative,projection,main,live,2026101118C77B29,2026-10-06T19:09:09.837Z
2026,5,8743,Geno Smith,NYJ,QB,vs CLE,rushYds,Hard Rock,10.5,over,13.84,-120,-110,0.5455,0.5101,0.0693,0,0.6998,0.1544,0.1897,ev,multiplicative,projection,main,live,2026101112C81881,2026-10-06T19:09:09.837Z
2026,5,17811,AJ Barner,SEA,TE,vs SF,recYds,BetRivers,24.5,over,33.13,-117,-114,0.5392,0.5030,0.0719,0,0.6935,0.1543,0.1905,ev,multiplicative,projection,main,live,202610119C07AE76,2026-10-06T19:09:09.837Z
2026,5,19292,Jalon Daniels,TB,QB,at DAL,passYds,DraftKings,219.5,over,209.11,242,,0.2924,0.2924,,1,0.4466,0.1542,0.1542,ev,none,projection,main,live,2026100942D78F91,2026-10-06T19:09:09.837Z
2026,5,15357,Trevor Lawrence,JAX,QB,vs PHI,rushYds,Hard Rock,17.5,over,19.9,135,-185,0.4255,0.3960,0.0747,0,0.5796,0.1541,0.1836,ev,multiplicative,projection,main,live,2026101118C77B29,2026-10-06T19:09:09.837Z
2026,5,19607,Kaelon Black,SF,RB,at SEA,rushYds,Hard Rock,34.5,over,15.13,500,-1100,0.1667,0.1538,0.0833,0,0.3208,0.1541,0.1670,ev,multiplicative,projection,main,live,202610119C07AE76,2026-10-06T19:09:09.837Z
2026,5,17690,Blake Corum,LAR,RB,vs BUF,rushYds,Hard Rock,47.5,over,43.22,240,-375,0.2941,0.2714,0.0836,0,0.4478,0.1537,0.1763,ev,multiplicative,projection,main,live,20261013A957AFD4,2026-10-06T19:09:09.837Z
2026,5,12490,Sam Darnold,SEA,QB,vs SF,rushYds,Hard Rock,12.5,over,11.92,240,-375,0.2941,0.2714,0.0836,0,0.4476,0.1535,0.1762,ev,multiplicative,projection,main,live,202610119C07AE76,2026-10-06T19:09:09.837Z
2026,5,16919,Zay Flowers,BAL,WR,at ATL,recYds,Hard Rock,76.5,over,84.25,125,-175,0.4444,0.4112,0.0808,0,0.5980,0.1535,0.1868,ev,multiplicative,projection,main,live,2026101240603BF9,2026-10-06T19:09:09.837Z
2026,5,8057,Kirk Cousins,LV,QB,at NE,passYds,Hard Rock,178.5,under,210.38,275,-425,0.2667,0.2478,0.0762,0,0.4200,0.1534,0.1722,ev,multiplicative,projection,main,live,202610116AF20186,2026-10-06T19:09:09.837Z
2026,5,19607,Kaelon Black,SF,RB,at SEA,rushYds,Hard Rock,40.5,over,15.13,750,-2500,0.1176,0.1090,0.0792,0,0.2711,0.1534,0.1620,ev,multiplicative,projection,main,live,202610119C07AE76,2026-10-06T19:09:09.837Z
2026,5,19292,Jalon Daniels,TB,QB,at DAL,passYds,DraftKings,229.5,over,209.11,312,,0.2427,0.2427,,1,0.3961,0.1533,0.1533,ev,none,projection,main,live,2026100942D78F91,2026-10-06T19:09:09.837Z
2026,5,9253,Mike Evans,SF,WR,at SEA,recYds,DraftKings,59.5,over,64.8,147,,0.4049,0.4049,,1,0.5580,0.1531,0.1531,ev,none,projection,main,live,202610119C07AE76,2026-10-06T19:09:09.837Z
2026,5,18549,Emeka Egbuka,TB,WR,at DAL,recYds,theScore,49.5,over,46.67,225,,0.3077,0.3077,,1,0.4608,0.1531,0.1531,ev,none,projection,main,live,2026100942D78F91,2026-10-06T19:09:09.837Z
2026,5,11718,Chris Godwin,TB,WR,at DAL,recYds,Caesars,59.5,over,43.08,550,,0.1538,0.1538,,1,0.3069,0.1530,0.1530,ev,none,projection,main,live,2026100942D78F91,2026-10-06T19:09:09.837Z
2026,5,17784,Bucky Irving,TB,RB,at DAL,recYds,Hard Rock,23.5,over,23.17,195,-275,0.3390,0.3161,0.0723,0,0.4918,0.1528,0.1756,ev,multiplicative,projection,main,live,2026100942D78F91,2026-10-06T19:09:09.837Z
2026,5,16919,Zay Flowers,BAL,WR,at ATL,recYds,Hard Rock,49.5,over,84.25,-250,175,0.7143,0.6627,0.0779,0,0.8670,0.1527,0.2044,ev,multiplicative,projection,main,live,2026101240603BF9,2026-10-06T19:09:09.837Z
2026,5,19607,Kaelon Black,SF,RB,at SEA,rushYds,Hard Rock,37.5,over,15.13,600,-1500,0.1429,0.1322,0.0804,0,0.2955,0.1526,0.1632,ev,multiplicative,projection,main,live,202610119C07AE76,2026-10-06T19:09:09.837Z
2026,5,11718,Chris Godwin,TB,WR,at DAL,recYds,FanDuel,59.5,over,43.08,548,,0.1543,0.1543,,1,0.3069,0.1525,0.1525,ev,none,projection,main,live,2026100942D78F91,2026-10-06T19:09:09.837Z
2026,5,19292,Jalon Daniels,TB,QB,at DAL,passYds,Hard Rock,219.5,over,209.11,240,-350,0.2941,0.2744,0.0719,0,0.4466,0.1525,0.1722,ev,multiplicative,projection,main,live,2026100942D78F91,2026-10-06T19:09:09.837Z
2026,5,16919,Zay Flowers,BAL,WR,at ATL,recYds,FanDuel,79.5,over,84.25,145,,0.4082,0.4082,,1,0.5604,0.1523,0.1523,ev,none,projection,main,live,2026101240603BF9,2026-10-06T19:09:09.837Z
2026,5,11008,Dak Prescott,DAL,QB,vs TB,rushYds,theScore,9.5,over,14,-120,-110,0.5455,0.5101,0.0693,0,0.6978,0.1523,0.1876,ev,multiplicative,projection,main,live,2026100942D78F91,2026-10-06T19:09:09.837Z
2026,5,17784,Bucky Irving,TB,RB,at DAL,rushYds,Hard Rock,86.5,over,75.16,400,-750,0.2000,0.1848,0.0824,0,0.3523,0.1523,0.1675,ev,multiplicative,projection,main,live,2026100942D78F91,2026-10-06T19:09:09.837Z
2026,5,19607,Kaelon Black,SF,RB,at SEA,rushYds,Hard Rock,35.5,over,15.13,525,-1200,0.1600,0.1477,0.0831,0,0.3123,0.1523,0.1645,ev,multiplicative,projection,main,live,202610119C07AE76,2026-10-06T19:09:09.837Z
2026,5,18549,Emeka Egbuka,TB,WR,at DAL,recYds,Hard Rock,46.5,over,46.67,185,-260,0.3509,0.3270,0.0731,0,0.5030,0.1522,0.1761,ev,multiplicative,projection,main,live,2026100942D78F91,2026-10-06T19:09:09.837Z
2026,5,9253,Mike Evans,SF,WR,at SEA,recYds,Hard Rock,58.5,over,64.8,140,-195,0.4167,0.3866,0.0777,0,0.5688,0.1522,0.1822,ev,multiplicative,projection,main,live,202610119C07AE76,2026-10-06T19:09:09.837Z
2026,5,15907,Brian Robinson Jr.,ATL,RB,vs BAL,rushYds,Hard Rock,26.5,under,23.17,160,-230,0.3846,0.3556,0.0816,0,0.5368,0.1522,0.1812,ev,multiplicative,projection,main,live,2026101240603BF9,2026-10-06T19:09:09.837Z
2026,5,17690,Blake Corum,LAR,RB,vs BUF,rushYds,Hard Rock,46.5,over,43.22,225,-350,0.3077,0.2835,0.0855,0,0.4599,0.1522,0.1765,ev,multiplicative,projection,main,live,20261013A957AFD4,2026-10-06T19:09:09.837Z
2026,5,11718,Chris Godwin,TB,WR,at DAL,recYds,Hard Rock,53.5,over,43.08,350,-600,0.2222,0.2059,0.0794,0,0.3744,0.1521,0.1685,ev,multiplicative,projection,main,live,2026100942D78F91,2026-10-06T19:09:09.837Z
2026,5,19292,Jalon Daniels,TB,QB,at DAL,passYds,DraftKings,209.5,over,209.11,189,,0.3460,0.3460,,1,0.4980,0.1520,0.1520,ev,none,projection,main,live,2026100942D78F91,2026-10-06T19:09:09.837Z
2026,5,17702,Braelon Allen,NYJ,RB,vs CLE,rushYds,Hard Rock,78.5,under,38.23,-175,125,0.6364,0.5888,0.0808,0,0.7884,0.1520,0.1996,ev,multiplicative,projection,main,live,2026101112C81881,2026-10-06T19:09:09.837Z
2026,5,19607,Kaelon Black,SF,RB,at SEA,rushYds,Hard Rock,41.5,over,15.13,800,-3000,0.1111,0.1030,0.0789,0,0.2632,0.1520,0.1602,ev,multiplicative,projection,main,live,202610119C07AE76,2026-10-06T19:09:09.837Z
2026,5,16919,Zay Flowers,BAL,WR,at ATL,recYds,FanDuel,49.5,over,84.25,-251,,0.7151,0.7151,,1,0.8670,0.1519,0.1519,ev,none,projection,main,live,2026101240603BF9,2026-10-06T19:09:09.837Z
2026,5,17690,Blake Corum,LAR,RB,vs BUF,rushYds,Hard Rock,43.5,over,43.22,190,-275,0.3448,0.3198,0.0782,0,0.4966,0.1517,0.1767,ev,multiplicative,projection,main,live,20261013A957AFD4,2026-10-06T19:09:09.837Z
2026,5,17690,Blake Corum,LAR,RB,vs BUF,rushYds,Hard Rock,25.5,over,43.22,-180,130,0.6429,0.5965,0.0776,0,0.7945,0.1516,0.1979,ev,multiplicative,projection,main,live,20261013A957AFD4,2026-10-06T19:09:09.837Z
2026,5,11718,Chris Godwin,TB,WR,at DAL,recYds,FanDuel,19.5,over,43.08,-227,,0.6942,0.6942,,1,0.8457,0.1515,0.1515,ev,none,projection,main,live,2026100942D78F91,2026-10-06T19:09:09.837Z
2026,5,17811,AJ Barner,SEA,TE,vs SF,recYds,Hard Rock,19.5,over,33.13,-175,125,0.6364,0.5888,0.0808,0,0.7878,0.1514,0.1990,ev,multiplicative,projection,main,live,202610119C07AE76,2026-10-06T19:09:09.837Z
2026,5,15222,Kenneth Gainwell,TB,RB,at DAL,recYds,Hard Rock,17.5,over,18.34,165,-240,0.3774,0.3484,0.0832,0,0.5285,0.1512,0.1802,ev,multiplicative,projection,main,live,2026100942D78F91,2026-10-06T19:09:09.837Z
2026,5,17702,Braelon Allen,NYJ,RB,vs CLE,rushYds,Hard Rock,79.5,under,38.23,-180,130,0.6429,0.5965,0.0776,0,0.7941,0.1512,0.1975,ev,multiplicative,projection,main,live,2026101112C81881,2026-10-06T19:09:09.837Z
2026,5,17811,AJ Barner,SEA,TE,vs SF,recYds,Hard Rock,26.5,over,33.13,100,-140,0.5000,0.4615,0.0833,0,0.6512,0.1512,0.1896,ev,multiplicative,projection,main,live,202610119C07AE76,2026-10-06T19:09:09.837Z
2026,5,19292,Jalon Daniels,TB,QB,at DAL,passYds,Hard Rock,228.5,over,209.11,300,-475,0.2500,0.2323,0.0761,0,0.4010,0.1510,0.1687,ev,multiplicative,projection,main,live,2026100942D78F91,2026-10-06T19:09:09.837Z
2026,5,17690,Blake Corum,LAR,RB,vs BUF,rushYds,Hard Rock,44.5,over,43.22,200,-300,0.3333,0.3077,0.0833,0,0.4843,0.1510,0.1766,ev,multiplicative,projection,main,live,20261013A957AFD4,2026-10-06T19:09:09.837Z
2026,5,8057,Kirk Cousins,LV,QB,at NE,passYds,Hard Rock,177.5,under,210.38,275,-450,0.2667,0.2458,0.0848,0,0.4176,0.1509,0.1717,ev,multiplicative,projection,main,live,202610116AF20186,2026-10-06T19:09:09.837Z
2026,5,19607,Kaelon Black,SF,RB,at SEA,rushYds,DraftKings,29.5,over,15.13,367,,0.2141,0.2141,,1,0.3649,0.1508,0.1508,ev,none,projection,main,live,202610119C07AE76,2026-10-06T19:09:09.837Z
2026,5,19292,Jalon Daniels,TB,QB,at DAL,passYds,Hard Rock,231.5,over,209.11,325,-525,0.2353,0.2188,0.0753,0,0.3861,0.1508,0.1673,ev,multiplicative,projection,main,live,2026100942D78F91,2026-10-06T19:09:09.837Z
2026,5,11718,Chris Godwin,TB,WR,at DAL,recYds,Hard Rock,52.5,over,43.08,325,-550,0.2353,0.2176,0.0814,0,0.3861,0.1508,0.1685,ev,multiplicative,projection,main,live,2026100942D78F91,2026-10-06T19:09:09.837Z
2026,5,16919,Zay Flowers,BAL,WR,at ATL,recYds,Hard Rock,77.5,over,84.25,130,-185,0.4348,0.4011,0.0839,0,0.5855,0.1508,0.1844,ev,multiplicative,projection,main,live,2026101240603BF9,2026-10-06T19:09:09.837Z
2026,5,19292,Jalon Daniels,TB,QB,at DAL,passYds,Hard Rock,221.5,over,209.11,250,-375,0.2857,0.2657,0.0752,0,0.4364,0.1507,0.1706,ev,multiplicative,projection,main,live,2026100942D78F91,2026-10-06T19:09:09.837Z
2026,5,17784,Bucky Irving,TB,RB,at DAL,receptions,BetRivers,1.5,over,3.38,-225,,0.6923,0.6923,,1,0.8429,0.1506,0.1506,ev,none,projection,main,live,2026100942D78F91,2026-10-06T19:09:09.837Z
2026,5,19607,Kaelon Black,SF,RB,at SEA,rushYds,Hard Rock,42.5,over,15.13,850,-3000,0.1053,0.0981,0.0730,0,0.2554,0.1501,0.1573,ev,multiplicative,projection,main,live,202610119C07AE76,2026-10-06T19:09:09.837Z
2026,5,17690,Blake Corum,LAR,RB,vs BUF,rushYds,Hard Rock,48.5,over,43.22,250,-400,0.2857,0.2632,0.0857,0,0.4357,0.1500,0.1725,ev,multiplicative,projection,main,live,20261013A957AFD4,2026-10-06T19:09:09.837Z
2026,5,11718,Chris Godwin,TB,WR,at DAL,recYds,DraftKings,59.5,over,43.08,537,,0.1570,0.1570,,1,0.3069,0.1499,0.1499,ev,none,projection,main,live,2026100942D78F91,2026-10-06T19:09:09.837Z
2026,5,9253,Mike Evans,SF,WR,at SEA,recYds,Hard Rock,59.5,over,64.8,145,-200,0.4082,0.3797,0.0748,0,0.5580,0.1498,0.1782,ev,multiplicative,projection,main,live,202610119C07AE76,2026-10-06T19:09:09.837Z
2026,5,17690,Blake Corum,LAR,RB,vs BUF,rushYds,Hard Rock,51.5,over,43.22,300,-475,0.2500,0.2323,0.0761,0,0.3998,0.1498,0.1674,ev,multiplicative,projection,main,live,20261013A957AFD4,2026-10-06T19:09:09.837Z
2026,5,19292,Jalon Daniels,TB,QB,at DAL,passYds,Hard Rock,214.5,over,209.11,210,-325,0.3226,0.2967,0.0873,0,0.4722,0.1496,0.1755,ev,multiplicative,projection,main,live,2026100942D78F91,2026-10-06T19:09:09.837Z
2026,5,17784,Bucky Irving,TB,RB,at DAL,rushYds,Hard Rock,87.5,over,75.16,425,-800,0.1905,0.1765,0.0794,0,0.3399,0.1495,0.1635,ev,multiplicative,projection,main,live,2026100942D78F91,2026-10-06T19:09:09.837Z
2026,5,17690,Blake Corum,LAR,RB,vs BUF,rushYds,Hard Rock,45.5,over,43.22,210,-325,0.3226,0.2967,0.0873,0,0.4721,0.1495,0.1754,ev,multiplicative,projection,main,live,20261013A957AFD4,2026-10-06T19:09:09.837Z
2026,5,19292,Jalon Daniels,TB,QB,at DAL,passYds,Hard Rock,216.5,over,209.11,220,-325,0.3125,0.2901,0.0772,0,0.4619,0.1494,0.1718,ev,multiplicative,projection,main,live,2026100942D78F91,2026-10-06T19:09:09.837Z
2026,5,19292,Jalon Daniels,TB,QB,at DAL,passYds,Hard Rock,225.5,over,209.11,275,-425,0.2667,0.2478,0.0762,0,0.4161,0.1494,0.1683,ev,multiplicative,projection,main,live,2026100942D78F91,2026-10-06T19:09:09.837Z
2026,5,19607,Kaelon Black,SF,RB,at SEA,rushYds,Hard Rock,45.5,over,15.13,1100,-4000,0.0833,0.0787,0.0589,0,0.2328,0.1494,0.1541,ev,multiplicative,projection,main,live,202610119C07AE76,2026-10-06T19:09:09.837Z
2026,5,19607,Kaelon Black,SF,RB,at SEA,rushYds,Hard Rock,44.5,over,15.13,1000,-4000,0.0909,0.0852,0.0665,0,0.2402,0.1493,0.1549,ev,multiplicative,projection,main,live,202610119C07AE76,2026-10-06T19:09:09.837Z
2026,5,19292,Jalon Daniels,TB,QB,at DAL,passYds,Hard Rock,212.5,over,209.11,200,-300,0.3333,0.3077,0.0833,0,0.4825,0.1492,0.1748,ev,multiplicative,projection,main,live,2026100942D78F91,2026-10-06T19:09:09.837Z
2026,5,19292,Jalon Daniels,TB,QB,at DAL,passYds,Hard Rock,217.5,over,209.11,225,-350,0.3077,0.2835,0.0855,0,0.4568,0.1491,0.1734,ev,multiplicative,projection,main,live,2026100942D78F91,2026-10-06T19:09:09.837Z
2026,5,17811,AJ Barner,SEA,TE,vs SF,recYds,Hard Rock,25.5,over,33.13,-110,-130,0.5238,0.4810,0.0890,0,0.6726,0.1488,0.1916,ev,multiplicative,projection,main,live,202610119C07AE76,2026-10-06T19:09:09.837Z
2026,5,11718,Chris Godwin,TB,WR,at DAL,recYds,Caesars,19.5,over,43.08,-230,,0.6970,0.6970,,1,0.8457,0.1487,0.1487,ev,none,projection,main,live,2026100942D78F91,2026-10-06T19:09:09.837Z
2026,5,19292,Jalon Daniels,TB,QB,at DAL,passYds,Hard Rock,211.5,over,209.11,195,-275,0.3390,0.3161,0.0723,0,0.4877,0.1487,0.1716,ev,multiplicative,projection,main,live,2026100942D78F91,2026-10-06T19:09:09.837Z
2026,5,19292,Jalon Daniels,TB,QB,at DAL,passYds,Hard Rock,218.5,over,209.11,230,-350,0.3030,0.2804,0.0808,0,0.4517,0.1487,0.1713,ev,multiplicative,projection,main,live,2026100942D78F91,2026-10-06T19:09:09.837Z
2026,5,17716,Brian Thomas Jr.,JAX,WR,vs PHI,recYds,Caesars,23.5,over,33.71,-115,-114,0.5349,0.5010,0.0676,0,0.6833,0.1484,0.1823,ev,multiplicative,projection,main,live,2026101118C77B29,2026-10-06T19:09:09.837Z
2026,5,19292,Jalon Daniels,TB,QB,at DAL,passYds,Hard Rock,223.5,over,209.11,260,-400,0.2778,0.2577,0.0778,0,0.4262,0.1484,0.1685,ev,multiplicative,projection,main,live,2026100942D78F91,2026-10-06T19:09:09.837Z
2026,5,17811,AJ Barner,SEA,TE,vs SF,receptions,DraftKings,2.5,over,3.25,-132,103,0.5690,0.5360,0.0616,0,0.7173,0.1483,0.1813,ev,multiplicative,projection,main,live,202610119C07AE76,2026-10-06T19:09:09.837Z
2026,5,19292,Jalon Daniels,TB,QB,at DAL,passYds,Hard Rock,206.5,over,209.11,175,-250,0.3636,0.3373,0.0779,0,0.5118,0.1482,0.1745,ev,multiplicative,projection,main,live,2026100942D78F91,2026-10-06T19:09:09.837Z
2026,5,19292,Jalon Daniels,TB,QB,at DAL,passYds,Hard Rock,210.5,over,209.11,190,-275,0.3448,0.3198,0.0782,0,0.4928,0.1480,0.1730,ev,multiplicative,projection,main,live,2026100942D78F91,2026-10-06T19:09:09.837Z
2026,5,17811,AJ Barner,SEA,TE,vs SF,recYds,theScore,24.5,over,33.13,-120,-110,0.5455,0.5101,0.0693,0,0.6935,0.1480,0.1834,ev,multiplicative,projection,main,live,202610119C07AE76,2026-10-06T19:09:09.837Z
2026,5,9253,Mike Evans,SF,WR,at SEA,recYds,Hard Rock,62.5,over,64.8,165,-230,0.3774,0.3513,0.0743,0,0.5252,0.1479,0.1740,ev,multiplicative,projection,main,live,202610119C07AE76,2026-10-06T19:09:09.837Z
2026,5,15907,Brian Robinson Jr.,ATL,RB,vs BAL,rushYds,Hard Rock,27.5,under,23.17,150,-210,0.4000,0.3713,0.0774,0,0.5479,0.1479,0.1766,ev,multiplicative,projection,main,live,2026101240603BF9,2026-10-06T19:09:09.837Z
2026,5,11718,Chris Godwin,TB,WR,at DAL,recYds,BetRivers,49.5,over,43.08,265,,0.2740,0.2740,,1,0.4218,0.1478,0.1478,ev,none,projection,main,live,2026100942D78F91,2026-10-06T19:09:09.837Z
2026,5,19607,Kaelon Black,SF,RB,at SEA,rushYds,Hard Rock,32.5,over,15.13,425,-850,0.1905,0.1755,0.0852,0,0.3382,0.1477,0.1627,ev,multiplicative,projection,main,live,202610119C07AE76,2026-10-06T19:09:09.837Z
2026,5,19607,Kaelon Black,SF,RB,at SEA,rushYds,Hard Rock,43.5,over,15.13,900,-4000,0.1000,0.0930,0.0756,0,0.2477,0.1477,0.1547,ev,multiplicative,projection,main,live,202610119C07AE76,2026-10-06T19:09:09.837Z
2026,5,19292,Jalon Daniels,TB,QB,at DAL,passYds,DraftKings,239.5,over,209.11,401,,0.1996,0.1996,,1,0.3472,0.1476,0.1476,ev,none,projection,main,live,2026100942D78F91,2026-10-06T19:09:09.837Z
2026,5,16919,Zay Flowers,BAL,WR,at ATL,recYds,Hard Rock,78.5,over,84.25,135,-190,0.4255,0.3938,0.0807,0,0.5730,0.1475,0.1793,ev,multiplicative,projection,main,live,2026101240603BF9,2026-10-06T19:09:09.837Z
2026,5,17690,Blake Corum,LAR,RB,vs BUF,rushYds,FanDuel,49.5,over,43.22,262,,0.2762,0.2762,,1,0.4236,0.1474,0.1474,ev,none,projection,main,live,20261013A957AFD4,2026-10-06T19:09:09.837Z
2026,5,19292,Jalon Daniels,TB,QB,at DAL,passYds,Hard Rock,220.5,over,209.11,240,-375,0.2941,0.2714,0.0836,0,0.4415,0.1474,0.1700,ev,multiplicative,projection,main,live,2026100942D78F91,2026-10-06T19:09:09.837Z
2026,5,19292,Jalon Daniels,TB,QB,at DAL,passYds,BetRivers,224.5,over,209.11,265,,0.2740,0.2740,,1,0.4212,0.1472,0.1472,ev,none,projection,main,live,2026100942D78F91,2026-10-06T19:09:09.837Z
2026,5,8743,Geno Smith,NYJ,QB,vs CLE,rushYds,FanDuel,9.5,over,13.84,-153,,0.6047,0.6047,,1,0.7520,0.1472,0.1472,ev,none,projection,main,live,2026101112C81881,2026-10-06T19:09:09.837Z
2026,5,8057,Kirk Cousins,LV,QB,at NE,passYds,Hard Rock,180.5,under,210.38,260,-400,0.2778,0.2577,0.0778,0,0.4250,0.1472,0.1672,ev,multiplicative,projection,main,live,202610116AF20186,2026-10-06T19:09:09.837Z
2026,5,9253,Mike Evans,SF,WR,at SEA,recYds,DraftKings,48.5,over,64.8,-111,-113,0.5261,0.4979,0.0566,0,0.6731,0.1471,0.1752,ev,multiplicative,projection,main,live,202610119C07AE76,2026-10-06T19:09:09.837Z
2026,5,19292,Jalon Daniels,TB,QB,at DAL,passYds,Hard Rock,209.5,over,209.11,185,-275,0.3509,0.3236,0.0842,0,0.4980,0.1471,0.1744,ev,multiplicative,projection,main,live,2026100942D78F91,2026-10-06T19:09:09.837Z
2026,5,9253,Mike Evans,SF,WR,at SEA,recYds,Hard Rock,60.5,over,64.8,150,-210,0.4000,0.3713,0.0774,0,0.5471,0.1471,0.1758,ev,multiplicative,projection,main,live,202610119C07AE76,2026-10-06T19:09:09.837Z
2026,5,19607,Kaelon Black,SF,RB,at SEA,rushYds,Hard Rock,31.5,over,15.13,400,-750,0.2000,0.1848,0.0824,0,0.3470,0.1470,0.1622,ev,multiplicative,projection,main,live,202610119C07AE76,2026-10-06T19:09:09.837Z
2026,5,16919,Zay Flowers,BAL,WR,at ATL,recYds,Hard Rock,47.5,over,84.25,-275,195,0.7333,0.6839,0.0723,0,0.8803,0.1470,0.1964,ev,multiplicative,projection,main,live,2026101240603BF9,2026-10-06T19:09:09.837Z
2026,5,19607,Kaelon Black,SF,RB,at SEA,rushYds,Hard Rock,47.5,over,15.13,1300,-5000,0.0714,0.0679,0.0518,0,0.2183,0.1469,0.1504,ev,multiplicative,projection,main,live,202610119C07AE76,2026-10-06T19:09:09.837Z
2026,5,16560,Rashid Shaheed,SEA,WR,vs SF,recYds,Hard Rock,32.5,over,30.27,220,-325,0.3125,0.2901,0.0772,0,0.4593,0.1468,0.1692,ev,multiplicative,projection,main,live,202610119C07AE76,2026-10-06T19:09:09.837Z
2026,5,13427,Justice Hill,BAL,RB,at ATL,rushYds,Hard Rock,14.5,over,19.25,125,-170,0.4444,0.4138,0.0741,0,0.5913,0.1468,0.1775,ev,multiplicative,projection,main,live,2026101240603BF9,2026-10-06T19:09:09.837Z
2026,5,13427,Justice Hill,BAL,RB,at ATL,rushYds,Hard Rock,15.5,over,19.25,135,-195,0.4255,0.3916,0.0865,0,0.5723,0.1468,0.1807,ev,multiplicative,projection,main,live,2026101240603BF9,2026-10-06T19:09:09.837Z
2026,5,9253,Mike Evans,SF,WR,at SEA,recYds,Hard Rock,55.5,over,64.8,120,-165,0.4545,0.4220,0.0772,0,0.6010,0.1465,0.1790,ev,multiplicative,projection,main,live,202610119C07AE76,2026-10-06T19:09:09.837Z
2026,5,9253,Mike Evans,SF,WR,at SEA,recYds,Hard Rock,54.5,over,64.8,115,-160,0.4651,0.4305,0.0805,0,0.6116,0.1465,0.1811,ev,multiplicative,projection,main,live,202610119C07AE76,2026-10-06T19:09:09.837Z
2026,5,17690,Blake Corum,LAR,RB,vs BUF,rushYds,Hard Rock,24.5,over,43.22,-195,140,0.6610,0.6134,0.0777,0,0.8074,0.1464,0.1940,ev,multiplicative,projection,main,live,20261013A957AFD4,2026-10-06T19:09:09.837Z
2026,5,9253,Mike Evans,SF,WR,at SEA,recYds,Hard Rock,64.5,over,64.8,180,-260,0.3571,0.3309,0.0794,0,0.5033,0.1462,0.1724,ev,multiplicative,projection,main,live,202610119C07AE76,2026-10-06T19:09:09.837Z
2026,5,19292,Jalon Daniels,TB,QB,at DAL,passYds,Caesars,229.5,over,209.11,300,,0.2500,0.2500,,1,0.3961,0.1461,0.1461,ev,none,projection,main,live,2026100942D78F91,2026-10-06T19:09:09.837Z
2026,5,19292,Jalon Daniels,TB,QB,at DAL,passYds,Hard Rock,229.5,over,209.11,300,-500,0.2500,0.2308,0.0833,0,0.3961,0.1461,0.1653,ev,multiplicative,projection,main,live,2026100942D78F91,2026-10-06T19:09:09.837Z
2026,5,19292,Jalon Daniels,TB,QB,at DAL,passYds,Hard Rock,205.5,over,209.11,170,-240,0.3704,0.3441,0.0763,0,0.5163,0.1460,0.1722,ev,multiplicative,projection,main,live,2026100942D78F91,2026-10-06T19:09:09.837Z
2026,5,19292,Jalon Daniels,TB,QB,at DAL,passYds,Caesars,209.5,over,209.11,184,,0.3521,0.3521,,1,0.4980,0.1459,0.1459,ev,none,projection,main,live,2026100942D78F91,2026-10-06T19:09:09.837Z
2026,5,19292,Jalon Daniels,TB,QB,at DAL,passYds,Hard Rock,232.5,over,209.11,325,-525,0.2353,0.2188,0.0753,0,0.3812,0.1459,0.1624,ev,multiplicative,projection,main,live,2026100942D78F91,2026-10-06T19:09:09.837Z
2026,5,17784,Bucky Irving,TB,RB,at DAL,rushYds,Hard Rock,88.5,over,75.16,450,-850,0.1818,0.1689,0.0766,0,0.3278,0.1459,0.1589,ev,multiplicative,projection,main,live,2026100942D78F91,2026-10-06T19:09:09.837Z
2026,5,9253,Mike Evans,SF,WR,at SEA,recYds,Hard Rock,53.5,over,64.8,110,-150,0.4762,0.4425,0.0762,0,0.6221,0.1459,0.1796,ev,multiplicative,projection,main,live,202610119C07AE76,2026-10-06T19:09:09.837Z
2026,5,9253,Mike Evans,SF,WR,at SEA,recYds,Hard Rock,56.5,over,64.8,125,-175,0.4444,0.4112,0.0808,0,0.5903,0.1459,0.1791,ev,multiplicative,projection,main,live,202610119C07AE76,2026-10-06T19:09:09.837Z
2026,5,17690,Blake Corum,LAR,RB,vs BUF,rushYds,Hard Rock,49.5,over,43.22,260,-425,0.2778,0.2555,0.0873,0,0.4236,0.1458,0.1682,ev,multiplicative,projection,main,live,20261013A957AFD4,2026-10-06T19:09:09.837Z
2026,5,19292,Jalon Daniels,TB,QB,at DAL,passYds,FanDuel,224.5,over,209.11,263,,0.2755,0.2755,,1,0.4212,0.1457,0.1457,ev,none,projection,main,live,2026100942D78F91,2026-10-06T19:09:09.837Z
2026,5,19607,Kaelon Black,SF,RB,at SEA,rushYds,Caesars,39.5,over,15.13,650,,0.1333,0.1333,,1,0.2791,0.1457,0.1457,ev,none,projection,main,live,202610119C07AE76,2026-10-06T19:09:09.837Z
2026,5,17690,Blake Corum,LAR,RB,vs BUF,rushYds,BetRivers,33.5,over,43.22,-112,-120,0.5283,0.4920,0.0738,0,0.6740,0.1457,0.1820,ev,multiplicative,projection,main,live,20261013A957AFD4,2026-10-06T19:09:09.837Z
2026,5,17811,AJ Barner,SEA,TE,vs SF,recYds,BetRivers,29.5,over,33.13,128,,0.4386,0.4386,,1,0.5842,0.1456,0.1456,ev,none,projection,main,live,202610119C07AE76,2026-10-06T19:09:09.837Z
2026,5,19292,Jalon Daniels,TB,QB,at DAL,passYds,Hard Rock,208.5,over,209.11,180,-260,0.3571,0.3309,0.0794,0,0.5028,0.1456,0.1719,ev,multiplicative,projection,main,live,2026100942D78F91,2026-10-06T19:09:09.837Z
2026,5,19292,Jalon Daniels,TB,QB,at DAL,passYds,Hard Rock,222.5,over,209.11,250,-400,0.2857,0.2632,0.0857,0,0.4313,0.1456,0.1681,ev,multiplicative,projection,main,live,2026100942D78F91,2026-10-06T19:09:09.837Z
2026,5,17784,Bucky Irving,TB,RB,at DAL,recYds,Hard Rock,6.5,over,23.17,-230,160,0.6970,0.6444,0.0816,0,0.8425,0.1455,0.1981,ev,multiplicative,projection,main,live,2026100942D78F91,2026-10-06T19:09:09.837Z
2026,5,16560,Rashid Shaheed,SEA,WR,vs SF,recYds,Hard Rock,10.5,over,30.27,-220,155,0.6875,0.6368,0.0797,0,0.8330,0.1455,0.1963,ev,multiplicative,projection,main,live,202610119C07AE76,2026-10-06T19:09:09.837Z
2026,5,19607,Kaelon Black,SF,RB,at SEA,rushYds,Hard Rock,30.5,over,15.13,375,-650,0.2105,0.1954,0.0772,0,0.3559,0.1454,0.1605,ev,multiplicative,projection,main,live,202610119C07AE76,2026-10-06T19:09:09.837Z
2026,5,17784,Bucky Irving,TB,RB,at DAL,rushYds,Hard Rock,48.5,over,75.16,-145,105,0.5918,0.5482,0.0796,0,0.7371,0.1452,0.1889,ev,multiplicative,projection,main,live,2026100942D78F91,2026-10-06T19:09:09.837Z
2026,5,17784,Bucky Irving,TB,RB,at DAL,rushYds,FanDuel,89.5,over,75.16,486,,0.1706,0.1706,,1,0.3158,0.1451,0.1451,ev,none,projection,main,live,2026100942D78F91,2026-10-06T19:09:09.837Z
2026,5,13429,Deebo Samuel Sr.,SF,WR,at SEA,recYds,DraftKings,39.5,over,42.63,147,,0.4049,0.4049,,1,0.5500,0.1451,0.1451,ev,none,projection,main,live,202610119C07AE76,2026-10-06T19:09:09.837Z
2026,5,17690,Blake Corum,LAR,RB,vs BUF,rushYds,Hard Rock,50.5,over,43.22,275,-450,0.2667,0.2458,0.0848,0,0.4117,0.1450,0.1658,ev,multiplicative,projection,main,live,20261013A957AFD4,2026-10-06T19:09:09.837Z
2026,5,17811,AJ Barner,SEA,TE,vs SF,recYds,BetRivers,19.5,over,33.13,-180,,0.6429,0.6429,,1,0.7878,0.1449,0.1449,ev,none,projection,main,live,202610119C07AE76,2026-10-06T19:09:09.837Z
2026,5,17784,Bucky Irving,TB,RB,at DAL,rushYds,Hard Rock,47.5,over,75.16,-150,110,0.6000,0.5575,0.0762,0,0.7448,0.1448,0.1872,ev,multiplicative,projection,main,live,2026100942D78F91,2026-10-06T19:09:09.837Z
2026,5,9253,Mike Evans,SF,WR,at SEA,recYds,Hard Rock,57.5,over,64.8,130,-185,0.4348,0.4011,0.0839,0,0.5796,0.1448,0.1785,ev,multiplicative,projection,main,live,202610119C07AE76,2026-10-06T19:09:09.837Z
2026,5,9253,Mike Evans,SF,WR,at SEA,recYds,Hard Rock,52.5,over,64.8,105,-145,0.4878,0.4518,0.0796,0,0.6325,0.1447,0.1807,ev,multiplicative,projection,main,live,202610119C07AE76,2026-10-06T19:09:09.837Z
2026,5,13427,Justice Hill,BAL,RB,at ATL,rushYds,Hard Rock,20.5,over,19.25,225,-325,0.3077,0.2869,0.0724,0,0.4524,0.1447,0.1655,ev,multiplicative,projection,main,live,2026101240603BF9,2026-10-06T19:09:09.837Z
2026,5,15907,Brian Robinson Jr.,ATL,RB,vs BAL,rushYds,Hard Rock,20.5,under,23.17,275,-425,0.2667,0.2478,0.0762,0,0.4114,0.1447,0.1636,ev,multiplicative,projection,main,live,2026101240603BF9,2026-10-06T19:09:09.837Z
2026,5,9253,Mike Evans,SF,WR,at SEA,recYds,Hard Rock,65.5,over,64.8,190,-275,0.3448,0.3198,0.0782,0,0.4894,0.1446,0.1696,ev,multiplicative,projection,main,live,202610119C07AE76,2026-10-06T19:09:09.837Z
2026,5,17702,Braelon Allen,NYJ,RB,vs CLE,rushYds,Hard Rock,80.5,under,38.23,-190,135,0.6552,0.6062,0.0807,0,0.7997,0.1445,0.1934,ev,multiplicative,projection,main,live,2026101112C81881,2026-10-06T19:09:09.837Z
2026,5,19292,Jalon Daniels,TB,QB,at DAL,passYds,Hard Rock,226.5,over,209.11,275,-450,0.2667,0.2458,0.0848,0,0.4111,0.1444,0.1653,ev,multiplicative,projection,main,live,2026100942D78F91,2026-10-06T19:09:09.837Z
2026,5,17784,Bucky Irving,TB,RB,at DAL,rushYds,DraftKings,89.5,over,75.16,483,,0.1715,0.1715,,1,0.3158,0.1443,0.1443,ev,none,projection,main,live,2026100942D78F91,2026-10-06T19:09:09.837Z
2026,5,17784,Bucky Irving,TB,RB,at DAL,recYds,Hard Rock,24.5,over,23.17,210,-300,0.3226,0.3008,0.0726,0,0.4668,0.1443,0.1661,ev,multiplicative,projection,main,live,2026100942D78F91,2026-10-06T19:09:09.837Z
2026,5,19292,Jalon Daniels,TB,QB,at DAL,passYds,Hard Rock,235.5,over,209.11,350,-600,0.2222,0.2059,0.0794,0,0.3665,0.1443,0.1606,ev,multiplicative,projection,main,live,2026100942D78F91,2026-10-06T19:09:09.837Z
2026,5,11008,Dak Prescott,DAL,QB,vs TB,rushYds,Hard Rock,10.5,over,14,-105,-135,0.5122,0.4713,0.0867,0,0.6565,0.1443,0.1851,ev,multiplicative,projection,main,live,2026100942D78F91,2026-10-06T19:09:09.837Z
2026,5,17784,Bucky Irving,TB,RB,at DAL,rushYds,DraftKings,49.5,over,75.16,-141,,0.5851,0.5851,,1,0.7292,0.1442,0.1442,ev,none,projection,main,live,2026100942D78F91,2026-10-06T19:09:09.837Z
2026,5,17716,Brian Thomas Jr.,JAX,WR,vs PHI,recYds,Hard Rock,22.5,over,33.71,-125,-105,0.5556,0.5203,0.0678,0,0.6997,0.1442,0.1794,ev,multiplicative,projection,main,live,2026101118C77B29,2026-10-06T19:09:09.837Z
2026,5,17702,Braelon Allen,NYJ,RB,vs CLE,rushYds,Hard Rock,81.5,under,38.23,-195,140,0.6610,0.6134,0.0777,0,0.8052,0.1442,0.1919,ev,multiplicative,projection,main,live,2026101112C81881,2026-10-06T19:09:09.837Z
2026,5,8057,Kirk Cousins,LV,QB,at NE,passYds,Hard Rock,182.5,under,210.38,250,-375,0.2857,0.2657,0.0752,0,0.4299,0.1442,0.1642,ev,multiplicative,projection,main,live,202610116AF20186,2026-10-06T19:09:09.837Z
2026,5,16560,Rashid Shaheed,SEA,WR,vs SF,recYds,Hard Rock,31.5,over,30.27,200,-300,0.3333,0.3077,0.0833,0,0.4775,0.1442,0.1698,ev,multiplicative,projection,main,live,202610119C07AE76,2026-10-06T19:09:09.837Z
2026,5,13429,Deebo Samuel Sr.,SF,WR,at SEA,recYds,DraftKings,31.5,over,42.63,-112,-109,0.5283,0.5032,0.0498,0,0.6724,0.1441,0.1692,ev,multiplicative,projection,main,live,202610119C07AE76,2026-10-06T19:09:09.837Z
2026,5,17716,Brian Thomas Jr.,JAX,WR,vs PHI,recYds,Hard Rock,26.5,over,33.71,105,-140,0.4878,0.4554,0.0711,0,0.6319,0.1441,0.1764,ev,multiplicative,projection,main,live,2026101118C77B29,2026-10-06T19:09:09.837Z
2026,5,17702,Braelon Allen,NYJ,RB,vs CLE,rushYds,Hard Rock,82.5,under,38.23,-200,145,0.6667,0.6203,0.0748,0,0.8107,0.1440,0.1904,ev,multiplicative,projection,main,live,2026101112C81881,2026-10-06T19:09:09.837Z
2026,5,9253,Mike Evans,SF,WR,at SEA,recYds,Hard Rock,61.5,over,64.8,155,-225,0.3922,0.3616,0.0845,0,0.5362,0.1440,0.1746,ev,multiplicative,projection,main,live,202610119C07AE76,2026-10-06T19:09:09.837Z
2026,5,9253,Mike Evans,SF,WR,at SEA,recYds,DraftKings,49.5,over,64.8,-108,,0.5192,0.5192,,1,0.6631,0.1439,0.1439,ev,none,projection,main,live,202610119C07AE76,2026-10-06T19:09:09.837Z
2026,5,9253,Mike Evans,SF,WR,at SEA,recYds,Hard Rock,63.5,over,64.8,170,-250,0.3704,0.3415,0.0847,0,0.5143,0.1439,0.1728,ev,multiplicative,projection,main,live,202610119C07AE76,2026-10-06T19:09:09.837Z
2026,5,16919,Zay Flowers,BAL,WR,at ATL,recYds,Hard Rock,79.5,over,84.25,140,-200,0.4167,0.3846,0.0833,0,0.5604,0.1438,0.1758,ev,multiplicative,projection,main,live,2026101240603BF9,2026-10-06T19:09:09.837Z
2026,5,19292,Jalon Daniels,TB,QB,at DAL,passYds,Hard Rock,207.5,over,209.11,175,-260,0.3636,0.3349,0.0859,0,0.5073,0.1437,0.1724,ev,multiplicative,projection,main,live,2026100942D78F91,2026-10-06T19:09:09.837Z
2026,5,19292,Jalon Daniels,TB,QB,at DAL,passYds,Caesars,219.5,over,209.11,230,,0.3030,0.3030,,1,0.4466,0.1436,0.1436,ev,none,projection,main,live,2026100942D78F91,2026-10-06T19:09:09.837Z
2026,5,18549,Emeka Egbuka,TB,WR,at DAL,recYds,Hard Rock,47.5,over,46.67,190,-275,0.3448,0.3198,0.0782,0,0.4885,0.1436,0.1686,ev,multiplicative,projection,main,live,2026100942D78F91,2026-10-06T19:09:09.837Z
2026,5,19292,Jalon Daniels,TB,QB,at DAL,passYds,Hard Rock,204.5,over,209.11,165,-240,0.3774,0.3484,0.0832,0,0.5209,0.1435,0.1725,ev,multiplicative,projection,main,live,2026100942D78F91,2026-10-06T19:09:09.837Z
2026,5,19292,Jalon Daniels,TB,QB,at DAL,passYds,Hard Rock,224.5,over,209.11,260,-425,0.2778,0.2555,0.0873,0,0.4212,0.1434,0.1657,ev,multiplicative,projection,main,live,2026100942D78F91,2026-10-06T19:09:09.837Z
2026,5,8057,Kirk Cousins,LV,QB,at NE,passYds,Hard Rock,185.5,under,210.38,240,-350,0.2941,0.2744,0.0719,0,0.4374,0.1433,0.1630,ev,multiplicative,projection,main,live,202610116AF20186,2026-10-06T19:09:09.837Z
2026,5,17811,AJ Barner,SEA,TE,vs SF,recYds,Hard Rock,18.5,over,33.13,-195,140,0.6610,0.6134,0.0777,0,0.8044,0.1433,0.1910,ev,multiplicative,projection,main,live,202610119C07AE76,2026-10-06T19:09:09.837Z
2026,5,11718,Chris Godwin,TB,WR,at DAL,recYds,Hard Rock,17.5,over,43.08,-260,180,0.7222,0.6691,0.0794,0,0.8653,0.1431,0.1962,ev,multiplicative,projection,main,live,2026100942D78F91,2026-10-06T19:09:09.837Z
2026,5,16690,Parker Washington,JAX,WR,vs PHI,recYds,Hard Rock,88.5,under,68.35,-375,250,0.7895,0.7343,0.0752,0,0.9323,0.1429,0.1981,ev,multiplicative,projection,main,live,2026101118C77B29,2026-10-06T19:09:09.837Z
2026,5,17057,Isaiah Davis,NYJ,RB,vs CLE,rushYds,Hard Rock,30.5,under,3.02,-600,375,0.8571,0.8028,0.0677,0,1.0000,0.1429,0.1972,ev,multiplicative,projection,main,live,2026101112C81881,2026-10-06T19:09:09.837Z
2026,5,9253,Mike Evans,SF,WR,at SEA,recYds,Hard Rock,51.5,over,64.8,100,-135,0.5000,0.4653,0.0745,0,0.6428,0.1428,0.1775,ev,multiplicative,projection,main,live,202610119C07AE76,2026-10-06T19:09:09.837Z
2026,5,15222,Kenneth Gainwell,TB,RB,at DAL,rushYds,FanDuel,4.5,over,32.16,-443,,0.8158,0.8158,,1,0.9585,0.1427,0.1427,ev,none,projection,main,live,2026100942D78F91,2026-10-06T19:09:09.837Z
2026,5,12559,Mark Andrews,BAL,TE,at ATL,recYds,FanDuel,30.5,over,39.91,-114,-114,0.5327,0.5000,0.0654,0,0.6754,0.1427,0.1754,ev,multiplicative,projection,main,live,2026101240603BF9,2026-10-06T19:09:09.837Z
2026,5,17716,Brian Thomas Jr.,JAX,WR,vs PHI,recYds,Hard Rock,24.5,over,33.71,-110,-120,0.5238,0.4899,0.0693,0,0.6665,0.1427,0.1766,ev,multiplicative,projection,main,live,2026101118C77B29,2026-10-06T19:09:09.837Z
2026,5,19607,Kaelon Black,SF,RB,at SEA,rushYds,Hard Rock,29.5,over,15.13,350,-600,0.2222,0.2059,0.0794,0,0.3649,0.1427,0.1591,ev,multiplicative,projection,main,live,202610119C07AE76,2026-10-06T19:09:09.837Z
2026,5,17811,AJ Barner,SEA,TE,vs SF,recYds,Hard Rock,17.5,over,33.13,-210,150,0.6774,0.6287,0.0774,0,0.8201,0.1427,0.1914,ev,multiplicative,projection,main,live,202610119C07AE76,2026-10-06T19:09:09.837Z
2026,5,9253,Mike Evans,SF,WR,at SEA,recYds,Caesars,48.5,over,64.8,-113,-117,0.5305,0.4960,0.0697,0,0.6731,0.1426,0.1772,ev,multiplicative,projection,main,live,202610119C07AE76,2026-10-06T19:09:09.837Z
2026,5,17690,Blake Corum,LAR,RB,vs BUF,rushYds,Hard Rock,54.5,over,43.22,350,-575,0.2222,0.2069,0.0741,0,0.3647,0.1425,0.1578,ev,multiplicative,projection,main,live,20261013A957AFD4,2026-10-06T19:09:09.837Z
2026,5,17690,Blake Corum,LAR,RB,vs BUF,rushYds,Hard Rock,23.5,over,43.22,-210,150,0.6774,0.6287,0.0774,0,0.8198,0.1424,0.1911,ev,multiplicative,projection,main,live,20261013A957AFD4,2026-10-06T19:09:09.837Z
2026,5,19292,Jalon Daniels,TB,QB,at DAL,passYds,Hard Rock,201.5,over,209.11,155,-220,0.3922,0.3632,0.0797,0,0.5344,0.1423,0.1712,ev,multiplicative,projection,main,live,2026100942D78F91,2026-10-06T19:09:09.837Z
2026,5,15876,James Cook,BUF,RB,at LAR,rushYds,BetRivers,79.5,over,88.04,114,,0.4673,0.4673,,1,0.6095,0.1422,0.1422,ev,none,projection,main,live,20261013A957AFD4,2026-10-06T19:09:09.837Z
2026,5,19607,Kaelon Black,SF,RB,at SEA,rushYds,Hard Rock,46.5,over,15.13,1100,-5000,0.0833,0.0783,0.0637,0,0.2255,0.1422,0.1471,ev,multiplicative,projection,main,live,202610119C07AE76,2026-10-06T19:09:09.837Z
2026,5,15907,Brian Robinson Jr.,ATL,RB,vs BAL,rushYds,Hard Rock,28.5,under,23.17,140,-195,0.4167,0.3866,0.0777,0,0.5588,0.1422,0.1722,ev,multiplicative,projection,main,live,2026101240603BF9,2026-10-06T19:09:09.837Z
2026,5,17784,Bucky Irving,TB,RB,at DAL,rushYds,Caesars,89.5,over,75.16,475,,0.1739,0.1739,,1,0.3158,0.1419,0.1419,ev,none,projection,main,live,2026100942D78F91,2026-10-06T19:09:09.837Z
2026,5,17811,AJ Barner,SEA,TE,vs SF,recYds,Hard Rock,28.5,over,33.13,115,-160,0.4651,0.4305,0.0805,0,0.6069,0.1418,0.1765,ev,multiplicative,projection,main,live,202610119C07AE76,2026-10-06T19:09:09.837Z
2026,5,8057,Kirk Cousins,LV,QB,at NE,passYds,Hard Rock,181.5,under,210.38,250,-400,0.2857,0.2632,0.0857,0,0.4275,0.1417,0.1643,ev,multiplicative,projection,main,live,202610116AF20186,2026-10-06T19:09:09.837Z
2026,5,19292,Jalon Daniels,TB,QB,at DAL,passYds,Hard Rock,238.5,over,209.11,375,-650,0.2105,0.1954,0.0772,0,0.3520,0.1415,0.1566,ev,multiplicative,projection,main,live,2026100942D78F91,2026-10-06T19:09:09.837Z
2026,5,16690,Parker Washington,JAX,WR,vs PHI,recYds,Hard Rock,89.5,under,68.35,-400,260,0.8000,0.7423,0.0778,0,0.9415,0.1415,0.1992,ev,multiplicative,projection,main,live,2026101118C77B29,2026-10-06T19:09:09.837Z
2026,5,17811,AJ Barner,SEA,TE,vs SF,recYds,Hard Rock,27.5,over,33.13,105,-150,0.4878,0.4484,0.0878,0,0.6293,0.1415,0.1808,ev,multiplicative,projection,main,live,202610119C07AE76,2026-10-06T19:09:09.837Z
2026,5,9253,Mike Evans,SF,WR,at SEA,recYds,FanDuel,59.5,over,64.8,140,,0.4167,0.4167,,1,0.5580,0.1413,0.1413,ev,none,projection,main,live,202610119C07AE76,2026-10-06T19:09:09.837Z
2026,5,18549,Emeka Egbuka,TB,WR,at DAL,recYds,Hard Rock,48.5,over,46.67,200,-300,0.3333,0.3077,0.0833,0,0.4746,0.1413,0.1669,ev,multiplicative,projection,main,live,2026100942D78F91,2026-10-06T19:09:09.837Z
2026,5,15357,Trevor Lawrence,JAX,QB,vs PHI,rushYds,Hard Rock,9.5,over,19.9,-200,140,0.6667,0.6154,0.0833,0,0.8079,0.1413,0.1925,ev,multiplicative,projection,main,live,2026101118C77B29,2026-10-06T19:09:09.837Z
2026,5,17716,Brian Thomas Jr.,JAX,WR,vs PHI,recYds,Hard Rock,21.5,over,33.71,-135,100,0.5745,0.5347,0.0745,0,0.7158,0.1413,0.1811,ev,multiplicative,projection,main,live,2026101118C77B29,2026-10-06T19:09:09.837Z
2026,5,14416,Jalen Hurts,PHI,QB,at JAX,rushYds,Hard Rock,30.5,under,24.48,-160,115,0.6154,0.5695,0.0805,0,0.7566,0.1412,0.1870,ev,multiplicative,projection,main,live,2026101118C77B29,2026-10-06T19:09:09.837Z
2026,5,17811,AJ Barner,SEA,TE,vs SF,recYds,FanDuel,19.5,over,33.13,-183,,0.6466,0.6466,,1,0.7878,0.1411,0.1411,ev,none,projection,main,live,202610119C07AE76,2026-10-06T19:09:09.837Z
2026,5,19292,Jalon Daniels,TB,QB,at DAL,passYds,Hard Rock,230.5,over,209.11,300,-500,0.2500,0.2308,0.0833,0,0.3911,0.1411,0.1603,ev,multiplicative,projection,main,live,2026100942D78F91,2026-10-06T19:09:09.837Z
2026,5,11718,Chris Godwin,TB,WR,at DAL,recYds,Hard Rock,16.5,over,43.08,-275,195,0.7333,0.6839,0.0723,0,0.8745,0.1411,0.1906,ev,multiplicative,projection,main,live,2026100942D78F91,2026-10-06T19:09:09.837Z
2026,5,19292,Jalon Daniels,TB,QB,at DAL,passYds,Hard Rock,233.5,over,209.11,325,-550,0.2353,0.2176,0.0814,0,0.3763,0.1410,0.1587,ev,multiplicative,projection,main,live,2026100942D78F91,2026-10-06T19:09:09.837Z
2026,5,17690,Blake Corum,LAR,RB,vs BUF,rushYds,Hard Rock,53.5,over,43.22,325,-550,0.2353,0.2176,0.0814,0,0.3763,0.1410,0.1587,ev,multiplicative,projection,main,live,20261013A957AFD4,2026-10-06T19:09:09.837Z
2026,5,17784,Bucky Irving,TB,RB,at DAL,rushYds,Caesars,49.5,over,75.16,-143,,0.5885,0.5885,,1,0.7292,0.1408,0.1408,ev,none,projection,main,live,2026100942D78F91,2026-10-06T19:09:09.837Z
2026,5,13427,Justice Hill,BAL,RB,at ATL,rushYds,FanDuel,14.5,over,19.25,122,,0.4505,0.4505,,1,0.5913,0.1408,0.1408,ev,none,projection,main,live,2026101240603BF9,2026-10-06T19:09:09.837Z
2026,5,19292,Jalon Daniels,TB,QB,at DAL,passYds,Hard Rock,203.5,over,209.11,160,-230,0.3846,0.3556,0.0816,0,0.5254,0.1408,0.1698,ev,multiplicative,projection,main,live,2026100942D78F91,2026-10-06T19:09:09.837Z
2026,5,11718,Chris Godwin,TB,WR,at DAL,recYds,Hard Rock,55.5,over,43.08,375,-700,0.2105,0.1939,0.0855,0,0.3513,0.1408,0.1574,ev,multiplicative,projection,main,live,2026100942D78F91,2026-10-06T19:09:09.837Z
2026,5,9253,Mike Evans,SF,WR,at SEA,recYds,Hard Rock,50.5,over,64.8,-105,-130,0.5122,0.4754,0.0774,0,0.6530,0.1408,0.1776,ev,multiplicative,projection,main,live,202610119C07AE76,2026-10-06T19:09:09.837Z
2026,5,9455,Davante Adams,LAR,WR,vs BUF,recYds,DraftKings,79.5,over,79.89,176,,0.3623,0.3623,,1,0.5029,0.1406,0.1406,ev,none,projection,main,live,20261013A957AFD4,2026-10-06T19:09:09.837Z
2026,5,12559,Mark Andrews,BAL,TE,at ATL,recYds,Hard Rock,30.5,over,39.91,-115,-115,0.5349,0.5000,0.0698,0,0.6754,0.1406,0.1754,ev,multiplicative,projection,main,live,2026101240603BF9,2026-10-06T19:09:09.837Z
2026,5,16560,Rashid Shaheed,SEA,WR,vs SF,recYds,Caesars,29.5,over,30.27,167,,0.3745,0.3745,,1,0.5150,0.1405,0.1405,ev,none,projection,main,live,202610119C07AE76,2026-10-06T19:09:09.837Z
2026,5,11718,Chris Godwin,TB,WR,at DAL,recYds,Hard Rock,54.5,over,43.08,350,-650,0.2222,0.2041,0.0889,0,0.3628,0.1405,0.1587,ev,multiplicative,projection,main,live,2026100942D78F91,2026-10-06T19:09:09.837Z
2026,5,9253,Mike Evans,SF,WR,at SEA,recYds,FanDuel,48.5,over,64.8,-114,-114,0.5327,0.5000,0.0654,0,0.6731,0.1404,0.1731,ev,multiplicative,projection,main,live,202610119C07AE76,2026-10-06T19:09:09.837Z
2026,5,16919,Zay Flowers,BAL,WR,at ATL,recYds,Hard Rock,48.5,over,84.25,-275,185,0.7333,0.6764,0.0842,0,0.8738,0.1404,0.1974,ev,multiplicative,projection,main,live,2026101240603BF9,2026-10-06T19:09:09.837Z
2026,5,11718,Chris Godwin,TB,WR,at DAL,recYds,theScore,59.5,over,43.08,500,,0.1667,0.1667,,1,0.3069,0.1402,0.1402,ev,none,projection,main,live,2026100942D78F91,2026-10-06T19:09:09.837Z
2026,5,11712,Deshaun Watson,CLE,QB,at NYJ,rushYds,Hard Rock,12.5,under,14.86,325,-525,0.2353,0.2188,0.0753,0,0.3753,0.1401,0.1565,ev,multiplicative,projection,main,live,2026101112C81881,2026-10-06T19:09:09.837Z
2026,5,13429,Deebo Samuel Sr.,SF,WR,at SEA,recYds,Hard Rock,34.5,over,42.63,105,-140,0.4878,0.4554,0.0711,0,0.6279,0.1401,0.1725,ev,multiplicative,projection,main,live,202610119C07AE76,2026-10-06T19:09:09.837Z
2026,5,11718,Chris Godwin,TB,WR,at DAL,recYds,Hard Rock,56.5,over,43.08,400,-700,0.2000,0.1860,0.0750,0,0.3400,0.1400,0.1539,ev,multiplicative,projection,main,live,2026100942D78F91,2026-10-06T19:09:09.837Z
2026,5,19607,Kaelon Black,SF,RB,at SEA,rushYds,Hard Rock,48.5,over,15.13,1300,-6000,0.0714,0.0677,0.0550,0,0.2113,0.1399,0.1436,ev,multiplicative,projection,main,live,202610119C07AE76,2026-10-06T19:09:09.837Z
2026,5,17811,AJ Barner,SEA,TE,vs SF,recYds,FanDuel,29.5,over,33.13,125,,0.4444,0.4444,,1,0.5842,0.1398,0.1398,ev,none,projection,main,live,202610119C07AE76,2026-10-06T19:09:09.837Z
2026,5,11718,Chris Godwin,TB,WR,at DAL,recYds,theScore,19.5,over,43.08,-240,,0.7059,0.7059,,1,0.8457,0.1398,0.1398,ev,none,projection,main,live,2026100942D78F91,2026-10-06T19:09:09.837Z
2026,5,17811,AJ Barner,SEA,TE,vs SF,recYds,Hard Rock,29.5,over,33.13,125,-175,0.4444,0.4112,0.0808,0,0.5842,0.1398,0.1730,ev,multiplicative,projection,main,live,202610119C07AE76,2026-10-06T19:09:09.837Z
2026,5,13429,Deebo Samuel Sr.,SF,WR,at SEA,recYds,FanDuel,31.5,over,42.63,-114,-114,0.5327,0.5000,0.0654,0,0.6724,0.1397,0.1724,ev,multiplicative,projection,main,live,202610119C07AE76,2026-10-06T19:09:09.837Z
2026,5,16946,Tyson Bagent,CHI,QB,at GB,passTD,DraftKings,1.5,under,0.96,-157,123,0.6109,0.5767,0.0593,0,0.7505,0.1396,0.1738,ev,multiplicative,projection,main,live,202610112660CB0C,2026-10-06T19:09:09.837Z
2026,5,17690,Blake Corum,LAR,RB,vs BUF,rushYds,FanDuel,24.5,over,43.22,-201,,0.6678,0.6678,,1,0.8074,0.1396,0.1396,ev,none,projection,main,live,20261013A957AFD4,2026-10-06T19:09:09.837Z
2026,5,17716,Brian Thomas Jr.,JAX,WR,vs PHI,recYds,Hard Rock,20.5,over,33.71,-145,105,0.5918,0.5482,0.0796,0,0.7314,0.1396,0.1832,ev,multiplicative,projection,main,live,2026101118C77B29,2026-10-06T19:09:09.837Z
2026,5,16919,Zay Flowers,BAL,WR,at ATL,recYds,Hard Rock,80.5,over,84.25,145,-210,0.4082,0.3760,0.0856,0,0.5478,0.1396,0.1718,ev,multiplicative,projection,main,live,2026101240603BF9,2026-10-06T19:09:09.837Z
2026,5,19292,Jalon Daniels,TB,QB,at DAL,passYds,Hard Rock,227.5,over,209.11,275,-450,0.2667,0.2458,0.0848,0,0.4061,0.1394,0.1602,ev,multiplicative,projection,main,live,2026100942D78F91,2026-10-06T19:09:09.837Z
2026,5,19292,Jalon Daniels,TB,QB,at DAL,passYds,Hard Rock,236.5,over,209.11,350,-600,0.2222,0.2059,0.0794,0,0.3617,0.1394,0.1558,ev,multiplicative,projection,main,live,2026100942D78F91,2026-10-06T19:09:09.837Z
2026,5,11718,Chris Godwin,TB,WR,at DAL,receptions,BetRivers,5.5,over,3.83,525,,0.1600,0.1600,,1,0.2993,0.1393,0.1393,ev,none,projection,main,live,2026100942D78F91,2026-10-06T19:09:09.837Z
2026,5,9253,Mike Evans,SF,WR,at SEA,recYds,Hard Rock,49.5,over,64.8,-110,-125,0.5238,0.4853,0.0794,0,0.6631,0.1393,0.1778,ev,multiplicative,projection,main,live,202610119C07AE76,2026-10-06T19:09:09.837Z
2026,5,18549,Emeka Egbuka,TB,WR,at DAL,recYds,DraftKings,49.5,over,46.67,211,,0.3215,0.3215,,1,0.4608,0.1392,0.1392,ev,none,projection,main,live,2026100942D78F91,2026-10-06T19:09:09.837Z
2026,5,16560,Rashid Shaheed,SEA,WR,vs SF,recYds,Hard Rock,9.5,over,30.27,-240,170,0.7059,0.6559,0.0763,0,0.8450,0.1391,0.1891,ev,multiplicative,projection,main,live,202610119C07AE76,2026-10-06T19:09:09.837Z
2026,5,19292,Jalon Daniels,TB,QB,at DAL,passYds,Caesars,239.5,over,209.11,380,,0.2083,0.2083,,1,0.3472,0.1389,0.1389,ev,none,projection,main,live,2026100942D78F91,2026-10-06T19:09:09.837Z
2026,5,19292,Jalon Daniels,TB,QB,at DAL,passYds,Hard Rock,200.5,over,209.11,150,-210,0.4000,0.3713,0.0774,0,0.5389,0.1389,0.1677,ev,multiplicative,projection,main,live,2026100942D78F91,2026-10-06T19:09:09.837Z
2026,5,17811,AJ Barner,SEA,TE,vs SF,recYds,DraftKings,14.5,over,33.13,-262,,0.7238,0.7238,,1,0.8625,0.1388,0.1388,ev,none,projection,main,live,202610119C07AE76,2026-10-06T19:09:09.837Z
2026,5,19607,Kaelon Black,SF,RB,at SEA,rushYds,Hard Rock,28.5,over,15.13,325,-525,0.2353,0.2188,0.0753,0,0.3740,0.1387,0.1552,ev,multiplicative,projection,main,live,202610119C07AE76,2026-10-06T19:09:09.837Z
2026,5,19292,Jalon Daniels,TB,QB,at DAL,passYds,DraftKings,199.5,over,209.11,147,,0.4049,0.4049,,1,0.5434,0.1386,0.1386,ev,none,projection,main,live,2026100942D78F91,2026-10-06T19:09:09.837Z
2026,5,15357,Trevor Lawrence,JAX,QB,vs PHI,rushYds,Hard Rock,18.5,over,19.9,145,-210,0.4082,0.3760,0.0856,0,0.5466,0.1385,0.1706,ev,multiplicative,projection,main,live,2026101118C77B29,2026-10-06T19:09:09.837Z
2026,5,11718,Chris Godwin,TB,WR,at DAL,recYds,Hard Rock,57.5,over,43.08,425,-750,0.1905,0.1775,0.0728,0,0.3288,0.1383,0.1512,ev,multiplicative,projection,main,live,2026100942D78F91,2026-10-06T19:09:09.837Z
2026,5,8057,Kirk Cousins,LV,QB,at NE,passYds,Hard Rock,183.5,under,210.38,240,-375,0.2941,0.2714,0.0836,0,0.4324,0.1383,0.1610,ev,multiplicative,projection,main,live,202610116AF20186,2026-10-06T19:09:09.837Z
2026,5,18549,Emeka Egbuka,TB,WR,at DAL,recYds,theScore,19.5,over,46.67,-300,,0.7500,0.7500,,1,0.8882,0.1382,0.1382,ev,none,projection,main,live,2026100942D78F91,2026-10-06T19:09:09.837Z
2026,5,18549,Emeka Egbuka,TB,WR,at DAL,recYds,Hard Rock,49.5,over,46.67,210,-325,0.3226,0.2967,0.0873,0,0.4608,0.1382,0.1641,ev,multiplicative,projection,main,live,2026100942D78F91,2026-10-06T19:09:09.837Z
2026,5,9253,Mike Evans,SF,WR,at SEA,recYds,Hard Rock,48.5,over,64.8,-115,-115,0.5349,0.5000,0.0698,0,0.6731,0.1382,0.1731,ev,multiplicative,projection,main,live,202610119C07AE76,2026-10-06T19:09:09.837Z
2026,5,17811,AJ Barner,SEA,TE,vs SF,recYds,Hard Rock,16.5,over,33.13,-230,165,0.6970,0.6487,0.0743,0,0.8351,0.1381,0.1864,ev,multiplicative,projection,main,live,202610119C07AE76,2026-10-06T19:09:09.837Z
2026,5,17690,Blake Corum,LAR,RB,vs BUF,rushYds,Hard Rock,52.5,over,43.22,300,-500,0.2500,0.2308,0.0833,0,0.3880,0.1380,0.1572,ev,multiplicative,projection,main,live,20261013A957AFD4,2026-10-06T19:09:09.837Z
2026,5,19292,Jalon Daniels,TB,QB,at DAL,passYds,Hard Rock,243.5,over,209.11,425,-750,0.1905,0.1775,0.0728,0,0.3283,0.1379,0.1508,ev,multiplicative,projection,main,live,2026100942D78F91,2026-10-06T19:09:09.837Z
2026,5,17716,Brian Thomas Jr.,JAX,WR,vs PHI,recYds,Hard Rock,27.5,over,33.71,110,-150,0.4762,0.4425,0.0762,0,0.6141,0.1379,0.1716,ev,multiplicative,projection,main,live,2026101118C77B29,2026-10-06T19:09:09.837Z
2026,5,16690,Parker Washington,JAX,WR,vs PHI,recYds,Hard Rock,95.5,under,68.35,-525,325,0.8400,0.7812,0.0753,0,0.9779,0.1379,0.1967,ev,multiplicative,projection,main,live,2026101118C77B29,2026-10-06T19:09:09.837Z
2026,5,9253,Mike Evans,SF,WR,at SEA,recYds,BetRivers,59.5,over,64.8,138,,0.4202,0.4202,,1,0.5580,0.1378,0.1378,ev,none,projection,main,live,202610119C07AE76,2026-10-06T19:09:09.837Z
2026,5,19292,Jalon Daniels,TB,QB,at DAL,passYds,Hard Rock,202.5,over,209.11,155,-220,0.3922,0.3632,0.0797,0,0.5299,0.1378,0.1667,ev,multiplicative,projection,main,live,2026100942D78F91,2026-10-06T19:09:09.837Z
2026,5,17716,Brian Thomas Jr.,JAX,WR,vs PHI,recYds,Hard Rock,23.5,over,33.71,-120,-115,0.5455,0.5049,0.0803,0,0.6833,0.1378,0.1784,ev,multiplicative,projection,main,live,2026101118C77B29,2026-10-06T19:09:09.837Z
2026,5,19607,Kaelon Black,SF,RB,at SEA,rushYds,Hard Rock,49.5,over,15.13,1400,-6000,0.0667,0.0635,0.0503,0,0.2044,0.1378,0.1410,ev,multiplicative,projection,main,live,202610119C07AE76,2026-10-06T19:09:09.837Z
2026,5,19292,Jalon Daniels,TB,QB,at DAL,passYds,DraftKings,249.5,over,209.11,513,,0.1631,0.1631,,1,0.3008,0.1377,0.1377,ev,none,projection,main,live,2026100942D78F91,2026-10-06T19:09:09.837Z
2026,5,19292,Jalon Daniels,TB,QB,at DAL,passYds,Hard Rock,241.5,over,209.11,400,-700,0.2000,0.1860,0.0750,0,0.3377,0.1377,0.1517,ev,multiplicative,projection,main,live,2026100942D78F91,2026-10-06T19:09:09.837Z
2026,5,16919,Zay Flowers,BAL,WR,at ATL,recYds,Hard Rock,82.5,over,84.25,160,-225,0.3846,0.3571,0.0769,0,0.5223,0.1377,0.1652,ev,multiplicative,projection,main,live,2026101240603BF9,2026-10-06T19:09:09.837Z
2026,5,15876,James Cook,BUF,RB,at LAR,rushYds,BetRivers,74.5,over,88.04,-114,-117,0.5327,0.4970,0.0719,0,0.6703,0.1376,0.1733,ev,multiplicative,projection,main,live,20261013A957AFD4,2026-10-06T19:09:09.837Z
2026,5,13429,Deebo Samuel Sr.,SF,WR,at SEA,recYds,Caesars,31.5,over,42.63,-115,-114,0.5349,0.5010,0.0676,0,0.6724,0.1375,0.1714,ev,multiplicative,projection,main,live,202610119C07AE76,2026-10-06T19:09:09.837Z
2026,5,13429,Deebo Samuel Sr.,SF,WR,at SEA,recYds,Hard Rock,31.5,over,42.63,-115,-115,0.5349,0.5000,0.0698,0,0.6724,0.1375,0.1724,ev,multiplicative,projection,main,live,202610119C07AE76,2026-10-06T19:09:09.837Z
2026,5,17716,Brian Thomas Jr.,JAX,WR,vs PHI,recYds,Hard Rock,25.5,over,33.71,-105,-135,0.5122,0.4713,0.0867,0,0.6493,0.1371,0.1780,ev,multiplicative,projection,main,live,2026101118C77B29,2026-10-06T19:09:09.837Z
2026,5,11008,Dak Prescott,DAL,QB,vs TB,rushYds,Hard Rock,11.5,over,14,110,-155,0.4762,0.4393,0.0840,0,0.6132,0.1370,0.1740,ev,multiplicative,projection,main,live,2026100942D78F91,2026-10-06T19:09:09.837Z
2026,5,17784,Bucky Irving,TB,RB,at DAL,rushYds,Hard Rock,46.5,over,75.16,-160,115,0.6154,0.5695,0.0805,0,0.7523,0.1370,0.1828,ev,multiplicative,projection,main,live,2026100942D78F91,2026-10-06T19:09:09.837Z
2026,5,19292,Jalon Daniels,TB,QB,at DAL,passYds,FanDuel,199.5,over,209.11,146,,0.4065,0.4065,,1,0.5434,0.1369,0.1369,ev,none,projection,main,live,2026100942D78F91,2026-10-06T19:09:09.837Z
2026,5,8057,Kirk Cousins,LV,QB,at NE,passYds,Hard Rock,186.5,under,210.38,230,-325,0.3030,0.2838,0.0677,0,0.4399,0.1369,0.1561,ev,multiplicative,projection,main,live,202610116AF20186,2026-10-06T19:09:09.837Z
2026,5,16032,Cade Otton,TB,TE,at DAL,recYds,FanDuel,27.5,over,36.11,-114,-114,0.5327,0.5000,0.0654,0,0.6694,0.1367,0.1694,ev,multiplicative,projection,main,live,2026100942D78F91,2026-10-06T19:09:09.837Z
2026,5,18549,Emeka Egbuka,TB,WR,at DAL,receptions,BetMGM,2.5,over,3.52,-160,120,0.6154,0.5752,0.0699,0,0.7521,0.1367,0.1770,ev,multiplicative,projection,main,live,2026100942D78F91,2026-10-06T19:09:09.837Z
2026,5,19292,Jalon Daniels,TB,QB,at DAL,passYds,Hard Rock,239.5,over,209.11,375,-650,0.2105,0.1954,0.0772,0,0.3472,0.1367,0.1518,ev,multiplicative,projection,main,live,2026100942D78F91,2026-10-06T19:09:09.837Z
2026,5,11008,Dak Prescott,DAL,QB,vs TB,rushYds,Hard Rock,3.5,over,14,-300,200,0.7500,0.6923,0.0833,0,0.8866,0.1366,0.1943,ev,multiplicative,projection,main,live,2026100942D78F91,2026-10-06T19:09:09.837Z
2026,5,16919,Zay Flowers,BAL,WR,at ATL,recYds,Hard Rock,46.5,over,84.25,-300,200,0.7500,0.6923,0.0833,0,0.8866,0.1366,0.1943,ev,multiplicative,projection,main,live,2026101240603BF9,2026-10-06T19:09:09.837Z
2026,5,13429,Deebo Samuel Sr.,SF,WR,at SEA,recYds,Hard Rock,35.5,over,42.63,110,-150,0.4762,0.4425,0.0762,0,0.6126,0.1364,0.1701,ev,multiplicative,projection,main,live,202610119C07AE76,2026-10-06T19:09:09.837Z
2026,5,19292,Jalon Daniels,TB,QB,at DAL,passYds,Hard Rock,234.5,over,209.11,325,-575,0.2353,0.2164,0.0871,0,0.3714,0.1361,0.1549,ev,multiplicative,projection,main,live,2026100942D78F91,2026-10-06T19:09:09.837Z
2026,5,15357,Trevor Lawrence,JAX,QB,vs PHI,rushYds,BetRivers,19.5,over,19.9,165,,0.3774,0.3774,,1,0.5134,0.1360,0.1360,ev,none,projection,main,live,2026101118C77B29,2026-10-06T19:09:09.837Z
2026,5,15357,Trevor Lawrence,JAX,QB,vs PHI,rushYds,Hard Rock,19.5,over,19.9,165,-230,0.3774,0.3513,0.0743,0,0.5134,0.1360,0.1621,ev,multiplicative,projection,main,live,2026101118C77B29,2026-10-06T19:09:09.837Z
2026,5,19292,Jalon Daniels,TB,QB,at DAL,passYds,Hard Rock,197.5,over,209.11,140,-195,0.4167,0.3866,0.0777,0,0.5524,0.1358,0.1658,ev,multiplicative,projection,main,live,2026100942D78F91,2026-10-06T19:09:09.837Z
2026,5,17811,AJ Barner,SEA,TE,vs SF,recYds,Hard Rock,30.5,over,33.13,135,-185,0.4255,0.3960,0.0747,0,0.5612,0.1357,0.1653,ev,multiplicative,projection,main,live,202610119C07AE76,2026-10-06T19:09:09.837Z
2026,5,13429,Deebo Samuel Sr.,SF,WR,at SEA,recYds,Hard Rock,29.5,over,42.63,-130,-105,0.5652,0.5246,0.0774,0,0.7008,0.1356,0.1762,ev,multiplicative,projection,main,live,202610119C07AE76,2026-10-06T19:09:09.837Z
2026,5,19292,Jalon Daniels,TB,QB,at DAL,passYds,theScore,224.5,over,209.11,250,,0.2857,0.2857,,1,0.4212,0.1354,0.1354,ev,none,projection,main,live,2026100942D78F91,2026-10-06T19:09:09.837Z
2026,5,16690,Parker Washington,JAX,WR,vs PHI,recYds,Hard Rock,96.5,under,68.35,-550,325,0.8462,0.7824,0.0814,0,0.9815,0.1354,0.1991,ev,multiplicative,projection,main,live,2026101118C77B29,2026-10-06T19:09:09.837Z
2026,5,16690,Parker Washington,JAX,WR,vs PHI,recYds,Hard Rock,98.5,under,68.35,-575,350,0.8519,0.7931,0.0741,0,0.9873,0.1354,0.1942,ev,multiplicative,projection,main,live,2026101118C77B29,2026-10-06T19:09:09.837Z
2026,5,9253,Mike Evans,SF,WR,at SEA,recYds,Hard Rock,66.5,over,64.8,195,-275,0.3390,0.3161,0.0723,0,0.4743,0.1354,0.1582,ev,multiplicative,projection,main,live,202610119C07AE76,2026-10-06T19:09:09.837Z
2026,5,19292,Jalon Daniels,TB,QB,at DAL,passYds,Hard Rock,199.5,over,209.11,145,-200,0.4082,0.3797,0.0748,0,0.5434,0.1353,0.1637,ev,multiplicative,projection,main,live,2026100942D78F91,2026-10-06T19:09:09.837Z
2026,5,16919,Zay Flowers,BAL,WR,at ATL,recYds,Hard Rock,81.5,over,84.25,150,-220,0.4000,0.3678,0.0875,0,0.5351,0.1351,0.1673,ev,multiplicative,projection,main,live,2026101240603BF9,2026-10-06T19:09:09.837Z
2026,5,13429,Deebo Samuel Sr.,SF,WR,at SEA,recYds,FanDuel,39.5,over,42.63,141,,0.4149,0.4149,,1,0.5500,0.1350,0.1350,ev,none,projection,main,live,202610119C07AE76,2026-10-06T19:09:09.837Z
2026,5,15907,Brian Robinson Jr.,ATL,RB,vs BAL,rushYds,Hard Rock,29.5,under,23.17,130,-180,0.4348,0.4035,0.0776,0,0.5698,0.1350,0.1663,ev,multiplicative,projection,main,live,2026101240603BF9,2026-10-06T19:09:09.837Z
2026,5,15850,Jahan Dotson,ATL,WR,vs BAL,receptions,FanDuel,1.5,under,1.19,122,-162,0.4505,0.4215,0.0688,0,0.5853,0.1349,0.1639,ev,multiplicative,projection,main,live,2026101240603BF9,2026-10-06T19:09:09.837Z
2026,5,17690,Blake Corum,LAR,RB,vs BUF,rushYds,Hard Rock,22.5,over,43.22,-230,165,0.6970,0.6487,0.0743,0,0.8318,0.1348,0.1830,ev,multiplicative,projection,main,live,20261013A957AFD4,2026-10-06T19:09:09.837Z
2026,5,11718,Chris Godwin,TB,WR,at DAL,receptions,BetRivers,4.5,over,3.83,255,,0.2817,0.2817,,1,0.4164,0.1347,0.1347,ev,none,projection,main,live,2026100942D78F91,2026-10-06T19:09:09.837Z
2026,5,8057,Kirk Cousins,LV,QB,at NE,passYds,Hard Rock,187.5,under,210.38,225,-325,0.3077,0.2869,0.0724,0,0.4424,0.1347,0.1555,ev,multiplicative,projection,main,live,202610116AF20186,2026-10-06T19:09:09.837Z
2026,5,19292,Jalon Daniels,TB,QB,at DAL,passYds,Hard Rock,237.5,over,209.11,350,-650,0.2222,0.2041,0.0889,0,0.3568,0.1346,0.1527,ev,multiplicative,projection,main,live,2026100942D78F91,2026-10-06T19:09:09.837Z
2026,5,18549,Emeka Egbuka,TB,WR,at DAL,recYds,Hard Rock,50.5,over,46.67,220,-350,0.3125,0.2866,0.0903,0,0.4470,0.1345,0.1604,ev,multiplicative,projection,main,live,2026100942D78F91,2026-10-06T19:09:09.837Z
2026,5,17784,Bucky Irving,TB,RB,at DAL,recYds,Hard Rock,5.5,over,23.17,-260,185,0.7222,0.6730,0.0731,0,0.8566,0.1344,0.1836,ev,multiplicative,projection,main,live,2026100942D78F91,2026-10-06T19:09:09.837Z
2026,5,15850,Jahan Dotson,ATL,WR,vs BAL,recYds,Hard Rock,34.5,under,15.76,-300,210,0.7500,0.6992,0.0726,0,0.8843,0.1343,0.1851,ev,multiplicative,projection,main,live,2026101240603BF9,2026-10-06T19:09:09.837Z
2026,5,17784,Bucky Irving,TB,RB,at DAL,rushYds,Hard Rock,89.5,over,75.16,450,-900,0.1818,0.1681,0.0818,0,0.3158,0.1340,0.1477,ev,multiplicative,projection,main,live,2026100942D78F91,2026-10-06T19:09:09.837Z
2026,5,17784,Bucky Irving,TB,RB,at DAL,rushYds,theScore,89.5,over,75.16,450,,0.1818,0.1818,,1,0.3158,0.1340,0.1340,ev,none,projection,main,live,2026100942D78F91,2026-10-06T19:09:09.837Z
2026,5,13429,Deebo Samuel Sr.,SF,WR,at SEA,recYds,theScore,32.5,over,42.63,-110,-120,0.5238,0.4899,0.0693,0,0.6578,0.1340,0.1679,ev,multiplicative,projection,main,live,202610119C07AE76,2026-10-06T19:09:09.837Z
2026,5,13429,Deebo Samuel Sr.,SF,WR,at SEA,recYds,Hard Rock,32.5,over,42.63,-110,-125,0.5238,0.4853,0.0794,0,0.6578,0.1340,0.1725,ev,multiplicative,projection,main,live,202610119C07AE76,2026-10-06T19:09:09.837Z
2026,5,12559,Mark Andrews,BAL,TE,at ATL,recYds,Hard Rock,31.5,over,39.91,-110,-125,0.5238,0.4853,0.0794,0,0.6579,0.1340,0.1726,ev,multiplicative,projection,main,live,2026101240603BF9,2026-10-06T19:09:09.837Z
2026,5,18549,Emeka Egbuka,TB,WR,at DAL,recYds,Hard Rock,16.5,over,46.67,-350,225,0.7778,0.7165,0.0855,0,0.9117,0.1339,0.1952,ev,multiplicative,projection,main,live,2026100942D78F91,2026-10-06T19:09:09.837Z
2026,5,17716,Brian Thomas Jr.,JAX,WR,vs PHI,recYds,BetRivers,24.5,over,33.71,-114,-117,0.5327,0.4970,0.0719,0,0.6665,0.1338,0.1695,ev,multiplicative,projection,main,live,2026101118C77B29,2026-10-06T19:09:09.837Z
2026,5,17716,Brian Thomas Jr.,JAX,WR,vs PHI,recYds,FanDuel,24.5,over,33.71,-114,-114,0.5327,0.5000,0.0654,0,0.6665,0.1338,0.1665,ev,multiplicative,projection,main,live,2026101118C77B29,2026-10-06T19:09:09.837Z
2026,5,13427,Justice Hill,BAL,RB,at ATL,rushYds,Hard Rock,13.5,over,19.25,110,-155,0.4762,0.4393,0.0840,0,0.6100,0.1338,0.1708,ev,multiplicative,projection,main,live,2026101240603BF9,2026-10-06T19:09:09.837Z
2026,5,16739,Bijan Robinson,ATL,RB,vs BAL,recYds,Hard Rock,36.5,over,36.4,175,-250,0.3636,0.3373,0.0779,0,0.4974,0.1338,0.1601,ev,multiplicative,projection,main,live,2026101240603BF9,2026-10-06T19:09:09.837Z
2026,5,16919,Zay Flowers,BAL,WR,at ATL,recYds,Hard Rock,44.5,over,84.25,-325,220,0.7647,0.7099,0.0772,0,0.8984,0.1337,0.1885,ev,multiplicative,projection,main,live,2026101240603BF9,2026-10-06T19:09:09.837Z
2026,5,17716,Brian Thomas Jr.,JAX,WR,vs PHI,recYds,Hard Rock,29.5,over,33.71,125,-175,0.4444,0.4112,0.0808,0,0.5779,0.1335,0.1667,ev,multiplicative,projection,main,live,2026101118C77B29,2026-10-06T19:09:09.837Z
2026,5,16690,Parker Washington,JAX,WR,vs PHI,recYds,Hard Rock,85.5,under,68.35,-325,225,0.7647,0.7131,0.0724,0,0.8982,0.1335,0.1851,ev,multiplicative,projection,main,live,2026101118C77B29,2026-10-06T19:09:09.837Z
2026,5,16560,Rashid Shaheed,SEA,WR,vs SF,recYds,Hard Rock,33.5,over,30.27,225,-350,0.3077,0.2835,0.0855,0,0.4411,0.1334,0.1577,ev,multiplicative,projection,main,live,202610119C07AE76,2026-10-06T19:09:09.837Z
2026,5,17784,Bucky Irving,TB,RB,at DAL,recYds,BetRivers,29.5,over,23.17,370,,0.2128,0.2128,,1,0.3460,0.1333,0.1333,ev,none,projection,main,live,2026100942D78F91,2026-10-06T19:09:09.837Z
2026,5,19292,Jalon Daniels,TB,QB,at DAL,rushYds,Hard Rock,70.5,under,20.13,-650,375,0.8667,0.8046,0.0772,0,1.0000,0.1333,0.1954,ev,multiplicative,projection,main,live,2026100942D78F91,2026-10-06T19:09:09.837Z
2026,5,13429,Deebo Samuel Sr.,SF,WR,at SEA,recYds,theScore,39.5,over,42.63,140,,0.4167,0.4167,,1,0.5500,0.1333,0.1333,ev,none,projection,main,live,202610119C07AE76,2026-10-06T19:09:09.837Z
2026,5,12559,Mark Andrews,BAL,TE,at ATL,recYds,FanDuel,29.5,over,39.91,-127,,0.5595,0.5595,,1,0.6926,0.1332,0.1332,ev,none,projection,main,live,2026101240603BF9,2026-10-06T19:09:09.837Z
2026,5,19292,Jalon Daniels,TB,QB,at DAL,passYds,Hard Rock,244.5,over,209.11,425,-800,0.1905,0.1765,0.0794,0,0.3237,0.1332,0.1472,ev,multiplicative,projection,main,live,2026100942D78F91,2026-10-06T19:09:09.837Z
2026,5,11718,Chris Godwin,TB,WR,at DAL,recYds,Hard Rock,15.5,over,43.08,-300,210,0.7500,0.6992,0.0726,0,0.8832,0.1332,0.1839,ev,multiplicative,projection,main,live,2026100942D78F91,2026-10-06T19:09:09.837Z
2026,5,19607,Kaelon Black,SF,RB,at SEA,rushYds,Hard Rock,27.5,over,15.13,300,-500,0.2500,0.2308,0.0833,0,0.3831,0.1331,0.1524,ev,multiplicative,projection,main,live,202610119C07AE76,2026-10-06T19:09:09.837Z
2026,5,19292,Jalon Daniels,TB,QB,at DAL,passYds,Hard Rock,242.5,over,209.11,400,-750,0.2000,0.1848,0.0824,0,0.3330,0.1330,0.1482,ev,multiplicative,projection,main,live,2026100942D78F91,2026-10-06T19:09:09.837Z
2026,5,16690,Parker Washington,JAX,WR,vs PHI,recYds,Hard Rock,86.5,under,68.35,-350,225,0.7778,0.7165,0.0855,0,0.9107,0.1330,0.1942,ev,multiplicative,projection,main,live,2026101118C77B29,2026-10-06T19:09:09.837Z
2026,5,15357,Trevor Lawrence,JAX,QB,vs PHI,rushYds,Hard Rock,8.5,over,19.9,-230,160,0.6970,0.6444,0.0816,0,0.8300,0.1330,0.1856,ev,multiplicative,projection,main,live,2026101118C77B29,2026-10-06T19:09:09.837Z
2026,5,17700,Michael Penix Jr.,ATL,QB,vs BAL,passTD,Caesars,1.5,under,1.03,-145,118,0.5918,0.5634,0.0506,0,0.7247,0.1329,0.1614,ev,multiplicative,projection,main,live,2026101240603BF9,2026-10-06T19:09:09.837Z
2026,5,9455,Davante Adams,LAR,WR,vs BUF,recYds,Hard Rock,78.5,over,79.89,165,-230,0.3774,0.3513,0.0743,0,0.5103,0.1329,0.1590,ev,multiplicative,projection,main,live,20261013A957AFD4,2026-10-06T19:09:09.837Z
2026,5,11718,Chris Godwin,TB,WR,at DAL,receptions,Caesars,5.5,over,3.83,500,,0.1667,0.1667,,1,0.2993,0.1327,0.1327,ev,none,projection,main,live,2026100942D78F91,2026-10-06T19:09:09.837Z
2026,5,17716,Brian Thomas Jr.,JAX,WR,vs PHI,recYds,DraftKings,14.5,over,33.71,-215,,0.6825,0.6825,,1,0.8152,0.1327,0.1327,ev,none,projection,main,live,2026101118C77B29,2026-10-06T19:09:09.837Z
2026,5,9253,Mike Evans,SF,WR,at SEA,recYds,BetRivers,49.5,over,64.8,-113,-117,0.5305,0.4960,0.0697,0,0.6631,0.1326,0.1672,ev,multiplicative,projection,main,live,202610119C07AE76,2026-10-06T19:09:09.837Z
2026,5,19292,Jalon Daniels,TB,QB,at DAL,passYds,Hard Rock,246.5,over,209.11,450,-900,0.1818,0.1681,0.0818,0,0.3144,0.1326,0.1464,ev,multiplicative,projection,main,live,2026100942D78F91,2026-10-06T19:09:09.837Z
2026,5,16690,Parker Washington,JAX,WR,vs PHI,recYds,Hard Rock,87.5,under,68.35,-375,240,0.7895,0.7286,0.0836,0,0.9221,0.1326,0.1935,ev,multiplicative,projection,main,live,2026101118C77B29,2026-10-06T19:09:09.837Z
2026,5,17811,AJ Barner,SEA,TE,vs SF,recYds,theScore,19.5,over,33.13,-190,,0.6552,0.6552,,1,0.7878,0.1326,0.1326,ev,none,projection,main,live,202610119C07AE76,2026-10-06T19:09:09.837Z
2026,5,9455,Davante Adams,LAR,WR,vs BUF,recYds,Hard Rock,79.5,over,79.89,170,-240,0.3704,0.3441,0.0763,0,0.5029,0.1325,0.1587,ev,multiplicative,projection,main,live,20261013A957AFD4,2026-10-06T19:09:09.837Z
2026,5,17784,Bucky Irving,TB,RB,at DAL,recYds,FanDuel,29.5,over,23.17,368,,0.2137,0.2137,,1,0.3460,0.1324,0.1324,ev,none,projection,main,live,2026100942D78F91,2026-10-06T19:09:09.837Z
2026,5,17673,Drake Maye,NE,QB,vs LV,completions,DraftKings,23.5,over,21.01,388,,0.2049,0.2049,,1,0.3373,0.1324,0.1324,ev,none,projection,main,live,202610116AF20186,2026-10-06T19:09:09.837Z
2026,5,16690,Parker Washington,JAX,WR,vs PHI,recYds,Hard Rock,99.5,under,68.35,-600,350,0.8571,0.7941,0.0794,0,0.9895,0.1324,0.1954,ev,multiplicative,projection,main,live,2026101118C77B29,2026-10-06T19:09:09.837Z
2026,5,8057,Kirk Cousins,LV,QB,at NE,passYds,Hard Rock,188.5,under,210.38,220,-325,0.3125,0.2901,0.0772,0,0.4449,0.1324,0.1548,ev,multiplicative,projection,main,live,202610116AF20186,2026-10-06T19:09:09.837Z
2026,5,9253,Mike Evans,SF,WR,at SEA,recYds,theScore,59.5,over,64.8,135,,0.4255,0.4255,,1,0.5580,0.1324,0.1324,ev,none,projection,main,live,202610119C07AE76,2026-10-06T19:09:09.837Z
2026,5,15306,Javonte Williams,DAL,RB,vs TB,rushAtt,BetRivers,16.5,over,18.7,-118,,0.5413,0.5413,,1,0.6735,0.1322,0.1322,ev,none,projection,main,live,2026100942D78F91,2026-10-06T19:09:09.837Z
2026,5,16919,Zay Flowers,BAL,WR,at ATL,recYds,Hard Rock,83.5,over,84.25,165,-230,0.3774,0.3513,0.0743,0,0.5096,0.1322,0.1583,ev,multiplicative,projection,main,live,2026101240603BF9,2026-10-06T19:09:09.837Z
2026,5,15222,Kenneth Gainwell,TB,RB,at DAL,recYds,Hard Rock,18.5,over,18.34,175,-250,0.3636,0.3373,0.0779,0,0.4958,0.1321,0.1584,ev,multiplicative,projection,main,live,2026100942D78F91,2026-10-06T19:09:09.837Z
2026,5,19607,Kaelon Black,SF,RB,at SEA,rushYds,DraftKings,49.5,over,15.13,1280,,0.0725,0.0725,,1,0.2044,0.1320,0.1320,ev,none,projection,main,live,202610119C07AE76,2026-10-06T19:09:09.837Z
2026,5,16560,Rashid Shaheed,SEA,WR,vs SF,recYds,DraftKings,39.5,over,30.27,390,,0.2041,0.2041,,1,0.3361,0.1320,0.1320,ev,none,projection,main,live,202610119C07AE76,2026-10-06T19:09:09.837Z
2026,5,13429,Deebo Samuel Sr.,SF,WR,at SEA,recYds,Hard Rock,36.5,over,42.63,115,-160,0.4651,0.4305,0.0805,0,0.5971,0.1320,0.1667,ev,multiplicative,projection,main,live,202610119C07AE76,2026-10-06T19:09:09.837Z
2026,5,19292,Jalon Daniels,TB,QB,at DAL,passYds,Caesars,199.5,over,209.11,143,,0.4115,0.4115,,1,0.5434,0.1319,0.1319,ev,none,projection,main,live,2026100942D78F91,2026-10-06T19:09:09.837Z
2026,5,19292,Jalon Daniels,TB,QB,at DAL,passYds,Hard Rock,240.5,over,209.11,375,-700,0.2105,0.1939,0.0855,0,0.3425,0.1319,0.1485,ev,multiplicative,projection,main,live,2026100942D78F91,2026-10-06T19:09:09.837Z
2026,5,8057,Kirk Cousins,LV,QB,at NE,passYds,Hard Rock,184.5,under,210.38,230,-350,0.3030,0.2804,0.0808,0,0.4349,0.1319,0.1546,ev,multiplicative,projection,main,live,202610116AF20186,2026-10-06T19:09:09.837Z
2026,5,15265,Kyle Pitts,ATL,TE,vs BAL,recYds,Hard Rock,20.5,over,33,-150,115,0.6000,0.5633,0.0651,0,0.7319,0.1319,0.1686,ev,multiplicative,projection,main,live,2026101240603BF9,2026-10-06T19:09:09.837Z
2026,5,16032,Cade Otton,TB,TE,at DAL,recYds,FanDuel,29.5,over,36.11,100,,0.5000,0.5000,,1,0.6317,0.1317,0.1317,ev,none,projection,main,live,2026100942D78F91,2026-10-06T19:09:09.837Z
2026,5,17716,Brian Thomas Jr.,JAX,WR,vs PHI,recYds,Hard Rock,18.5,over,33.71,-170,125,0.6296,0.5862,0.0741,0,0.7613,0.1317,0.1751,ev,multiplicative,projection,main,live,2026101118C77B29,2026-10-06T19:09:09.837Z
2026,5,15850,Jahan Dotson,ATL,WR,vs BAL,recYds,Hard Rock,35.5,under,15.76,-325,220,0.7647,0.7099,0.0772,0,0.8963,0.1316,0.1864,ev,multiplicative,projection,main,live,2026101240603BF9,2026-10-06T19:09:09.837Z
2026,5,11718,Chris Godwin,TB,WR,at DAL,recYds,BetRivers,19.5,over,43.08,-250,,0.7143,0.7143,,1,0.8457,0.1314,0.1314,ev,none,projection,main,live,2026100942D78F91,2026-10-06T19:09:09.837Z
2026,5,19292,Jalon Daniels,TB,QB,at DAL,passYds,Hard Rock,196.5,over,209.11,135,-190,0.4255,0.3938,0.0807,0,0.5569,0.1314,0.1632,ev,multiplicative,projection,main,live,2026100942D78F91,2026-10-06T19:09:09.837Z
2026,5,17690,Blake Corum,LAR,RB,vs BUF,rushYds,Hard Rock,56.5,over,43.22,375,-650,0.2105,0.1954,0.0772,0,0.3419,0.1314,0.1464,ev,multiplicative,projection,main,live,20261013A957AFD4,2026-10-06T19:09:09.837Z
2026,5,19292,Jalon Daniels,TB,QB,at DAL,passYds,Hard Rock,198.5,over,209.11,140,-200,0.4167,0.3846,0.0833,0,0.5479,0.1313,0.1633,ev,multiplicative,projection,main,live,2026100942D78F91,2026-10-06T19:09:09.837Z
2026,5,13429,Deebo Samuel Sr.,SF,WR,at SEA,recYds,Hard Rock,28.5,over,42.63,-140,100,0.5833,0.5385,0.0833,0,0.7146,0.1313,0.1762,ev,multiplicative,projection,main,live,202610119C07AE76,2026-10-06T19:09:09.837Z
2026,5,17716,Brian Thomas Jr.,JAX,WR,vs PHI,recYds,Hard Rock,19.5,over,33.71,-160,115,0.6154,0.5695,0.0805,0,0.7466,0.1312,0.1770,ev,multiplicative,projection,main,live,2026101118C77B29,2026-10-06T19:09:09.837Z
2026,5,13429,Deebo Samuel Sr.,SF,WR,at SEA,recYds,Hard Rock,30.5,over,42.63,-125,-110,0.5556,0.5147,0.0794,0,0.6868,0.1312,0.1721,ev,multiplicative,projection,main,live,202610119C07AE76,2026-10-06T19:09:09.837Z
2026,5,17716,Brian Thomas Jr.,JAX,WR,vs PHI,recYds,Hard Rock,28.5,over,33.71,115,-165,0.4651,0.4276,0.0878,0,0.5961,0.1310,0.1685,ev,multiplicative,projection,main,live,2026101118C77B29,2026-10-06T19:09:09.837Z
2026,5,13429,Deebo Samuel Sr.,SF,WR,at SEA,recYds,Hard Rock,38.5,over,42.63,130,-180,0.4348,0.4035,0.0776,0,0.5658,0.1310,0.1624,ev,multiplicative,projection,main,live,202610119C07AE76,2026-10-06T19:09:09.837Z
2026,5,17690,Blake Corum,LAR,RB,vs BUF,rushYds,Hard Rock,55.5,over,43.22,350,-600,0.2222,0.2059,0.0794,0,0.3532,0.1310,0.1473,ev,multiplicative,projection,main,live,20261013A957AFD4,2026-10-06T19:09:09.837Z
2026,5,15850,Jahan Dotson,ATL,WR,vs BAL,receptions,Hard Rock,1.5,under,1.19,120,-160,0.4545,0.4248,0.0699,0,0.5853,0.1308,0.1605,ev,multiplicative,projection,main,live,2026101240603BF9,2026-10-06T19:09:09.837Z
2026,5,13429,Deebo Samuel Sr.,SF,WR,at SEA,recYds,Hard Rock,33.5,over,42.63,-105,-135,0.5122,0.4713,0.0867,0,0.6429,0.1307,0.1716,ev,multiplicative,projection,main,live,202610119C07AE76,2026-10-06T19:09:09.837Z
2026,5,16739,Bijan Robinson,ATL,RB,vs BAL,recYds,Hard Rock,34.5,over,36.4,150,-210,0.4000,0.3713,0.0774,0,0.5307,0.1307,0.1595,ev,multiplicative,projection,main,live,2026101240603BF9,2026-10-06T19:09:09.837Z
2026,5,17690,Blake Corum,LAR,RB,vs BUF,rushYds,Hard Rock,57.5,over,43.22,400,-700,0.2000,0.1860,0.0750,0,0.3307,0.1307,0.1446,ev,multiplicative,projection,main,live,20261013A957AFD4,2026-10-06T19:09:09.837Z
2026,5,9253,Mike Evans,SF,WR,at SEA,recYds,FanDuel,49.5,over,64.8,-114,,0.5327,0.5327,,1,0.6631,0.1304,0.1304,ev,none,projection,main,live,202610119C07AE76,2026-10-06T19:09:09.837Z
2026,5,11712,Deshaun Watson,CLE,QB,at NYJ,rushYds,Hard Rock,44.5,under,14.86,-600,350,0.8571,0.7941,0.0794,0,0.9875,0.1304,0.1934,ev,multiplicative,projection,main,live,2026101112C81881,2026-10-06T19:09:09.837Z
2026,5,15265,Kyle Pitts,ATL,TE,vs BAL,recYds,FanDuel,24.5,over,33,-114,-114,0.5327,0.5000,0.0654,0,0.6630,0.1303,0.1630,ev,multiplicative,projection,main,live,2026101240603BF9,2026-10-06T19:09:09.837Z
2026,5,15265,Kyle Pitts,ATL,TE,vs BAL,recYds,Caesars,24.5,over,33,-114,-114,0.5327,0.5000,0.0654,0,0.6630,0.1303,0.1630,ev,multiplicative,projection,main,live,2026101240603BF9,2026-10-06T19:09:09.837Z
2026,5,18549,Emeka Egbuka,TB,WR,at DAL,recYds,Hard Rock,51.5,over,46.67,230,-350,0.3030,0.2804,0.0808,0,0.4333,0.1302,0.1529,ev,multiplicative,projection,main,live,2026100942D78F91,2026-10-06T19:09:09.837Z
2026,5,15876,James Cook,BUF,RB,at LAR,rushYds,BetRivers,69.5,over,88.04,-148,,0.5968,0.5968,,1,0.7269,0.1301,0.1301,ev,none,projection,main,live,20261013A957AFD4,2026-10-06T19:09:09.837Z
2026,5,17784,Bucky Irving,TB,RB,at DAL,rushYds,Hard Rock,90.5,over,75.16,475,-950,0.1739,0.1612,0.0787,0,0.3040,0.1301,0.1428,ev,multiplicative,projection,main,live,2026100942D78F91,2026-10-06T19:09:09.837Z
2026,5,16739,Bijan Robinson,ATL,RB,vs BAL,recYds,Hard Rock,33.5,over,36.4,140,-190,0.4167,0.3887,0.0718,0,0.5468,0.1301,0.1581,ev,multiplicative,projection,main,live,2026101240603BF9,2026-10-06T19:09:09.837Z
2026,5,13429,Deebo Samuel Sr.,SF,WR,at SEA,recYds,FanDuel,29.5,over,42.63,-133,,0.5708,0.5708,,1,0.7008,0.1300,0.1300,ev,none,projection,main,live,202610119C07AE76,2026-10-06T19:09:09.837Z
2026,5,17690,Blake Corum,LAR,RB,vs BUF,rushYds,BetRivers,29.5,over,43.22,-155,,0.6078,0.6078,,1,0.7378,0.1299,0.1299,ev,none,projection,main,live,20261013A957AFD4,2026-10-06T19:09:09.837Z
2026,5,12559,Mark Andrews,BAL,TE,at ATL,recYds,Hard Rock,35.5,over,39.91,120,-165,0.4545,0.4220,0.0772,0,0.5844,0.1299,0.1625,ev,multiplicative,projection,main,live,2026101240603BF9,2026-10-06T19:09:09.837Z
2026,5,16739,Bijan Robinson,ATL,RB,vs BAL,recYds,Hard Rock,35.5,over,36.4,160,-225,0.3846,0.3571,0.0769,0,0.5146,0.1299,0.1574,ev,multiplicative,projection,main,live,2026101240603BF9,2026-10-06T19:09:09.837Z
2026,5,19292,Jalon Daniels,TB,QB,at DAL,passYds,Hard Rock,250.5,over,209.11,500,-1000,0.1667,0.1549,0.0758,0,0.2963,0.1297,0.1414,ev,multiplicative,projection,main,live,2026100942D78F91,2026-10-06T19:09:09.837Z
2026,5,17811,AJ Barner,SEA,TE,vs SF,recYds,theScore,29.5,over,33.13,120,,0.4545,0.4545,,1,0.5842,0.1297,0.1297,ev,none,projection,main,live,202610119C07AE76,2026-10-06T19:09:09.837Z
2026,5,15850,Jahan Dotson,ATL,WR,vs BAL,recYds,Hard Rock,36.5,under,15.76,-350,230,0.7778,0.7196,0.0808,0,0.9074,0.1296,0.1877,ev,multiplicative,projection,main,live,2026101240603BF9,2026-10-06T19:09:09.837Z
2026,5,17784,Bucky Irving,TB,RB,at DAL,recYds,Hard Rock,25.5,over,23.17,220,-325,0.3125,0.2901,0.0772,0,0.4420,0.1295,0.1519,ev,multiplicative,projection,main,live,2026100942D78F91,2026-10-06T19:09:09.837Z
2026,5,9455,Davante Adams,LAR,WR,vs BUF,recYds,Hard Rock,80.5,over,79.89,175,-250,0.3636,0.3373,0.0779,0,0.4931,0.1295,0.1558,ev,multiplicative,projection,main,live,20261013A957AFD4,2026-10-06T19:09:09.837Z
2026,5,11008,Dak Prescott,DAL,QB,vs TB,rushYds,Hard Rock,2.5,over,14,-350,230,0.7778,0.7196,0.0808,0,0.9072,0.1294,0.1876,ev,multiplicative,projection,main,live,2026100942D78F91,2026-10-06T19:09:09.837Z
2026,5,14416,Jalen Hurts,PHI,QB,at JAX,rushYds,Hard Rock,47.5,under,24.48,-650,375,0.8667,0.8046,0.0772,0,0.9961,0.1294,0.1915,ev,multiplicative,projection,main,live,2026101118C77B29,2026-10-06T19:09:09.837Z
2026,5,18549,Emeka Egbuka,TB,WR,at DAL,recYds,Hard Rock,15.5,over,46.67,-375,240,0.7895,0.7286,0.0836,0,0.9186,0.1292,0.1901,ev,multiplicative,projection,main,live,2026100942D78F91,2026-10-06T19:09:09.837Z
2026,5,17811,AJ Barner,SEA,TE,vs SF,recYds,Hard Rock,14.5,over,33.13,-275,195,0.7333,0.6839,0.0723,0,0.8625,0.1292,0.1786,ev,multiplicative,projection,main,live,202610119C07AE76,2026-10-06T19:09:09.837Z
2026,5,18549,Emeka Egbuka,TB,WR,at DAL,recYds,BetRivers,19.5,over,46.67,-315,,0.7590,0.7590,,1,0.8882,0.1291,0.1291,ev,none,projection,main,live,2026100942D78F91,2026-10-06T19:09:09.837Z
2026,5,17784,Bucky Irving,TB,RB,at DAL,rushAtt,Hard Rock,17.5,over,16.86,240,,0.2941,0.2941,,1,0.4233,0.1291,0.1291,ev,none,projection,main,live,2026100942D78F91,2026-10-06T19:09:09.837Z
2026,5,17784,Bucky Irving,TB,RB,at DAL,rushAtt,theScore,12.5,over,16.86,-150,115,0.6000,0.5633,0.0651,0,0.7291,0.1291,0.1658,ev,multiplicative,projection,main,live,2026100942D78F91,2026-10-06T19:09:09.837Z
2026,5,13427,Justice Hill,BAL,RB,at ATL,rushYds,Hard Rock,21.5,over,19.25,250,-375,0.2857,0.2657,0.0752,0,0.4148,0.1291,0.1490,ev,multiplicative,projection,main,live,2026101240603BF9,2026-10-06T19:09:09.837Z
2026,5,15907,Brian Robinson Jr.,ATL,RB,vs BAL,rushYds,Hard Rock,19.5,under,23.17,300,-475,0.2500,0.2323,0.0761,0,0.3791,0.1291,0.1468,ev,multiplicative,projection,main,live,2026101240603BF9,2026-10-06T19:09:09.837Z
2026,5,16560,Rashid Shaheed,SEA,WR,vs SF,recYds,Hard Rock,34.5,over,30.27,240,-375,0.2941,0.2714,0.0836,0,0.4231,0.1290,0.1517,ev,multiplicative,projection,main,live,202610119C07AE76,2026-10-06T19:09:09.837Z
2026,5,17702,Braelon Allen,NYJ,RB,vs CLE,rushYds,Hard Rock,84.5,under,38.23,-225,160,0.6923,0.6429,0.0769,0,0.8212,0.1289,0.1784,ev,multiplicative,projection,main,live,2026101112C81881,2026-10-06T19:09:09.837Z
2026,5,17784,Bucky Irving,TB,RB,at DAL,receptions,theScore,1.5,over,3.38,-250,,0.7143,0.7143,,1,0.8429,0.1286,0.1286,ev,none,projection,main,live,2026100942D78F91,2026-10-06T19:09:09.837Z
2026,5,19292,Jalon Daniels,TB,QB,at DAL,passYds,Hard Rock,245.5,over,209.11,425,-850,0.1905,0.1755,0.0852,0,0.3190,0.1286,0.1435,ev,multiplicative,projection,main,live,2026100942D78F91,2026-10-06T19:09:09.837Z
2026,5,17702,Braelon Allen,NYJ,RB,vs CLE,rushYds,Hard Rock,83.5,under,38.23,-220,150,0.6875,0.6322,0.0875,0,0.8160,0.1285,0.1838,ev,multiplicative,projection,main,live,2026101112C81881,2026-10-06T19:09:09.837Z
2026,5,17784,Bucky Irving,TB,RB,at DAL,recYds,Caesars,9.5,over,23.17,-200,,0.6667,0.6667,,1,0.7950,0.1284,0.1284,ev,none,projection,main,live,2026100942D78F91,2026-10-06T19:09:09.837Z
2026,5,17716,Brian Thomas Jr.,JAX,WR,vs PHI,recYds,BetRivers,19.5,over,33.71,-162,,0.6183,0.6183,,1,0.7466,0.1283,0.1283,ev,none,projection,main,live,2026101118C77B29,2026-10-06T19:09:09.837Z
2026,5,17716,Brian Thomas Jr.,JAX,WR,vs PHI,recYds,Caesars,19.5,over,33.71,-162,,0.6183,0.6183,,1,0.7466,0.1283,0.1283,ev,none,projection,main,live,2026101118C77B29,2026-10-06T19:09:09.837Z
2026,5,16560,Rashid Shaheed,SEA,WR,vs SF,recYds,FanDuel,9.5,over,30.27,-253,,0.7167,0.7167,,1,0.8450,0.1283,0.1283,ev,none,projection,main,live,202610119C07AE76,2026-10-06T19:09:09.837Z
2026,5,13429,Deebo Samuel Sr.,SF,WR,at SEA,recYds,Hard Rock,27.5,over,42.63,-150,110,0.6000,0.5575,0.0762,0,0.7281,0.1281,0.1706,ev,multiplicative,projection,main,live,202610119C07AE76,2026-10-06T19:09:09.837Z
2026,5,15265,Kyle Pitts,ATL,TE,vs BAL,recYds,Hard Rock,24.5,over,33,-115,-115,0.5349,0.5000,0.0698,0,0.6630,0.1281,0.1630,ev,multiplicative,projection,main,live,2026101240603BF9,2026-10-06T19:09:09.837Z
2026,5,16739,Bijan Robinson,ATL,RB,vs BAL,recYds,Hard Rock,32.5,over,36.4,130,-175,0.4348,0.4059,0.0711,0,0.5628,0.1281,0.1569,ev,multiplicative,projection,main,live,2026101240603BF9,2026-10-06T19:09:09.837Z
2026,5,17690,Blake Corum,LAR,RB,vs BUF,rushYds,Caesars,39.5,over,43.22,127,,0.4405,0.4405,,1,0.5685,0.1280,0.1280,ev,none,projection,main,live,20261013A957AFD4,2026-10-06T19:09:09.837Z
2026,5,19292,Jalon Daniels,TB,QB,at DAL,passYds,Hard Rock,247.5,over,209.11,450,-950,0.1818,0.1673,0.0866,0,0.3099,0.1280,0.1425,ev,multiplicative,projection,main,live,2026100942D78F91,2026-10-06T19:09:09.837Z
2026,5,15850,Jahan Dotson,ATL,WR,vs BAL,recYds,Hard Rock,37.5,under,15.76,-375,240,0.7895,0.7286,0.0836,0,0.9175,0.1280,0.1889,ev,multiplicative,projection,main,live,2026101240603BF9,2026-10-06T19:09:09.837Z
2026,5,9253,Mike Evans,SF,WR,at SEA,recYds,Hard Rock,45.5,over,64.8,-135,100,0.5745,0.5347,0.0745,0,0.7023,0.1279,0.1677,ev,multiplicative,projection,main,live,202610119C07AE76,2026-10-06T19:09:09.837Z
2026,5,16919,Zay Flowers,BAL,WR,at ATL,recYds,Hard Rock,45.5,over,84.25,-325,210,0.7647,0.7033,0.0873,0,0.8926,0.1279,0.1893,ev,multiplicative,projection,main,live,2026101240603BF9,2026-10-06T19:09:09.837Z
2026,5,12559,Mark Andrews,BAL,TE,at ATL,recYds,Hard Rock,32.5,over,39.91,-105,-130,0.5122,0.4754,0.0774,0,0.6399,0.1277,0.1645,ev,multiplicative,projection,main,live,2026101240603BF9,2026-10-06T19:09:09.837Z
2026,5,9253,Mike Evans,SF,WR,at SEA,recYds,Hard Rock,46.5,over,64.8,-130,-105,0.5652,0.5246,0.0774,0,0.6927,0.1275,0.1681,ev,multiplicative,projection,main,live,202610119C07AE76,2026-10-06T19:09:09.837Z
2026,5,19292,Jalon Daniels,TB,QB,at DAL,passYds,Hard Rock,252.5,over,209.11,525,-1100,0.1600,0.1486,0.0767,0,0.2874,0.1274,0.1388,ev,multiplicative,projection,main,live,2026100942D78F91,2026-10-06T19:09:09.837Z
2026,5,9253,Mike Evans,SF,WR,at SEA,recYds,Hard Rock,47.5,over,64.8,-125,-110,0.5556,0.5147,0.0794,0,0.6830,0.1274,0.1683,ev,multiplicative,projection,main,live,202610119C07AE76,2026-10-06T19:09:09.837Z
2026,5,12559,Mark Andrews,BAL,TE,at ATL,recYds,Hard Rock,25.5,over,39.91,-170,125,0.6296,0.5862,0.0741,0,0.7570,0.1274,0.1708,ev,multiplicative,projection,main,live,2026101240603BF9,2026-10-06T19:09:09.837Z
2026,5,12559,Mark Andrews,BAL,TE,at ATL,recYds,Hard Rock,29.5,over,39.91,-130,-105,0.5652,0.5246,0.0774,0,0.6926,0.1274,0.1680,ev,multiplicative,projection,main,live,2026101240603BF9,2026-10-06T19:09:09.837Z
2026,5,15357,Trevor Lawrence,JAX,QB,vs PHI,rushYds,DraftKings,19.5,over,19.9,159,,0.3861,0.3861,,1,0.5134,0.1273,0.1273,ev,none,projection,main,live,2026101118C77B29,2026-10-06T19:09:09.837Z
2026,5,11718,Chris Godwin,TB,WR,at DAL,recYds,Hard Rock,58.5,over,43.08,425,-850,0.1905,0.1755,0.0852,0,0.3177,0.1273,0.1422,ev,multiplicative,projection,main,live,2026100942D78F91,2026-10-06T19:09:09.837Z
2026,5,14416,Jalen Hurts,PHI,QB,at JAX,rushYds,Hard Rock,29.5,under,24.48,-145,105,0.5918,0.5482,0.0796,0,0.7190,0.1271,0.1708,ev,multiplicative,projection,main,live,2026101118C77B29,2026-10-06T19:09:09.837Z
2026,5,15265,Kyle Pitts,ATL,TE,vs BAL,recYds,Hard Rock,18.5,over,33,-175,130,0.6364,0.5941,0.0711,0,0.7635,0.1271,0.1694,ev,multiplicative,projection,main,live,2026101240603BF9,2026-10-06T19:09:09.837Z
2026,5,17784,Bucky Irving,TB,RB,at DAL,receptions,DraftKings,1.5,over,3.38,-252,,0.7159,0.7159,,1,0.8429,0.1270,0.1270,ev,none,projection,main,live,2026100942D78F91,2026-10-06T19:09:09.837Z
2026,5,13429,Deebo Samuel Sr.,SF,WR,at SEA,recYds,Hard Rock,37.5,over,42.63,120,-170,0.4545,0.4193,0.0842,0,0.5815,0.1270,0.1623,ev,multiplicative,projection,main,live,202610119C07AE76,2026-10-06T19:09:09.837Z
2026,5,17811,AJ Barner,SEA,TE,vs SF,recYds,Hard Rock,15.5,over,33.13,-260,180,0.7222,0.6691,0.0794,0,0.8492,0.1270,0.1801,ev,multiplicative,projection,main,live,202610119C07AE76,2026-10-06T19:09:09.837Z
2026,5,12559,Mark Andrews,BAL,TE,at ATL,recYds,Hard Rock,34.5,over,39.91,110,-155,0.4762,0.4393,0.0840,0,0.6032,0.1270,0.1639,ev,multiplicative,projection,main,live,2026101240603BF9,2026-10-06T19:09:09.837Z
2026,5,19292,Jalon Daniels,TB,QB,at DAL,passYds,Caesars,249.5,over,209.11,475,,0.1739,0.1739,,1,0.3008,0.1269,0.1269,ev,none,projection,main,live,2026100942D78F91,2026-10-06T19:09:09.837Z
2026,5,19292,Jalon Daniels,TB,QB,at DAL,passYds,Hard Rock,249.5,over,209.11,475,-1000,0.1739,0.1606,0.0830,0,0.3008,0.1269,0.1402,ev,multiplicative,projection,main,live,2026100942D78F91,2026-10-06T19:09:09.837Z
2026,5,19292,Jalon Daniels,TB,QB,at DAL,passYds,BetRivers,199.5,over,209.11,140,,0.4167,0.4167,,1,0.5434,0.1268,0.1268,ev,none,projection,main,live,2026100942D78F91,2026-10-06T19:09:09.837Z
2026,5,19292,Jalon Daniels,TB,QB,at DAL,passYds,theScore,199.5,over,209.11,140,,0.4167,0.4167,,1,0.5434,0.1268,0.1268,ev,none,projection,main,live,2026100942D78F91,2026-10-06T19:09:09.837Z
2026,5,15850,Jahan Dotson,ATL,WR,vs BAL,recYds,Hard Rock,38.5,under,15.76,-400,260,0.8000,0.7423,0.0778,0,0.9268,0.1268,0.1845,ev,multiplicative,projection,main,live,2026101240603BF9,2026-10-06T19:09:09.837Z
2026,5,11718,Chris Godwin,TB,WR,at DAL,recYds,Hard Rock,14.5,over,43.08,-325,230,0.7647,0.7162,0.0677,0,0.8914,0.1267,0.1752,ev,multiplicative,projection,main,live,2026100942D78F91,2026-10-06T19:09:09.837Z
2026,5,18549,Emeka Egbuka,TB,WR,at DAL,receptions,DraftKings,2.5,over,3.52,-167,130,0.6255,0.5899,0.0603,0,0.7521,0.1266,0.1622,ev,multiplicative,projection,main,live,2026100942D78F91,2026-10-06T19:09:09.837Z
2026,5,11718,Chris Godwin,TB,WR,at DAL,receptions,DraftKings,5.5,over,3.83,479,,0.1727,0.1727,,1,0.2993,0.1266,0.1266,ev,none,projection,main,live,2026100942D78F91,2026-10-06T19:09:09.837Z
2026,5,19292,Jalon Daniels,TB,QB,at DAL,passYds,Hard Rock,195.5,over,209.11,130,-185,0.4348,0.4011,0.0839,0,0.5614,0.1266,0.1603,ev,multiplicative,projection,main,live,2026100942D78F91,2026-10-06T19:09:09.837Z
2026,5,17716,Brian Thomas Jr.,JAX,WR,vs PHI,recYds,Hard Rock,17.5,over,33.71,-185,135,0.6491,0.6040,0.0747,0,0.7755,0.1264,0.1715,ev,multiplicative,projection,main,live,2026101118C77B29,2026-10-06T19:09:09.837Z
2026,5,13429,Deebo Samuel Sr.,SF,WR,at SEA,recYds,theScore,29.5,over,42.63,-135,,0.5745,0.5745,,1,0.7008,0.1264,0.1264,ev,none,projection,main,live,202610119C07AE76,2026-10-06T19:09:09.837Z
2026,5,16919,Zay Flowers,BAL,WR,at ATL,recYds,Hard Rock,84.5,over,84.25,170,-240,0.3704,0.3441,0.0763,0,0.4966,0.1263,0.1525,ev,multiplicative,projection,main,live,2026101240603BF9,2026-10-06T19:09:09.837Z
2026,5,12559,Mark Andrews,BAL,TE,at ATL,recYds,Hard Rock,26.5,over,39.91,-160,115,0.6154,0.5695,0.0805,0,0.7416,0.1262,0.1721,ev,multiplicative,projection,main,live,2026101240603BF9,2026-10-06T19:09:09.837Z
2026,5,16919,Zay Flowers,BAL,WR,at ATL,recYds,Hard Rock,43.5,over,84.25,-350,225,0.7778,0.7165,0.0855,0,0.9040,0.1262,0.1874,ev,multiplicative,projection,main,live,2026101240603BF9,2026-10-06T19:09:09.837Z
2026,5,12559,Mark Andrews,BAL,TE,at ATL,recYds,Hard Rock,28.5,over,39.91,-140,100,0.5833,0.5385,0.0833,0,0.7094,0.1261,0.1710,ev,multiplicative,projection,main,live,2026101240603BF9,2026-10-06T19:09:09.837Z
2026,5,15907,Brian Robinson Jr.,ATL,RB,vs BAL,rushYds,Hard Rock,30.5,under,23.17,120,-170,0.4545,0.4193,0.0842,0,0.5806,0.1261,0.1614,ev,multiplicative,projection,main,live,2026101240603BF9,2026-10-06T19:09:09.837Z
2026,5,17690,Blake Corum,LAR,RB,vs BUF,rushYds,DraftKings,59.5,over,43.22,447,,0.1828,0.1828,,1,0.3088,0.1260,0.1260,ev,none,projection,main,live,20261013A957AFD4,2026-10-06T19:09:09.837Z
2026,5,19292,Jalon Daniels,TB,QB,at DAL,passYds,Hard Rock,193.5,over,209.11,125,-175,0.4444,0.4112,0.0808,0,0.5703,0.1259,0.1591,ev,multiplicative,projection,main,live,2026100942D78F91,2026-10-06T19:09:09.837Z
2026,5,13429,Deebo Samuel Sr.,SF,WR,at SEA,recYds,Hard Rock,26.5,over,42.63,-160,115,0.6154,0.5695,0.0805,0,0.7413,0.1259,0.1717,ev,multiplicative,projection,main,live,202610119C07AE76,2026-10-06T19:09:09.837Z
2026,5,9253,Mike Evans,SF,WR,at SEA,recYds,Hard Rock,67.5,over,64.8,200,-300,0.3333,0.3077,0.0833,0,0.4593,0.1259,0.1516,ev,multiplicative,projection,main,live,202610119C07AE76,2026-10-06T19:09:09.837Z
2026,5,13429,Deebo Samuel Sr.,SF,WR,at SEA,recYds,Hard Rock,40.5,over,42.63,145,-200,0.4082,0.3797,0.0748,0,0.5341,0.1259,0.1543,ev,multiplicative,projection,main,live,202610119C07AE76,2026-10-06T19:09:09.837Z
2026,5,9455,Davante Adams,LAR,WR,vs BUF,recYds,Hard Rock,82.5,over,79.89,190,-275,0.3448,0.3198,0.0782,0,0.4707,0.1259,0.1509,ev,multiplicative,projection,main,live,20261013A957AFD4,2026-10-06T19:09:09.837Z
2026,5,19292,Jalon Daniels,TB,QB,at DAL,passYds,DraftKings,259.5,over,209.11,660,,0.1316,0.1316,,1,0.2574,0.1258,0.1258,ev,none,projection,main,live,2026100942D78F91,2026-10-06T19:09:09.837Z
2026,5,12559,Mark Andrews,BAL,TE,at ATL,recYds,Hard Rock,27.5,over,39.91,-150,105,0.6000,0.5516,0.0878,0,0.7258,0.1258,0.1742,ev,multiplicative,projection,main,live,2026101240603BF9,2026-10-06T19:09:09.837Z
2026,5,15850,Jahan Dotson,ATL,WR,vs BAL,recYds,Hard Rock,39.5,under,15.76,-425,275,0.8095,0.7522,0.0762,0,0.9353,0.1258,0.1831,ev,multiplicative,projection,main,live,2026101240603BF9,2026-10-06T19:09:09.837Z
2026,5,9455,Davante Adams,LAR,WR,vs BUF,recYds,DraftKings,69.5,over,79.89,122,,0.4505,0.4505,,1,0.5762,0.1257,0.1257,ev,none,projection,main,live,20261013A957AFD4,2026-10-06T19:09:09.837Z
2026,5,15876,James Cook,BUF,RB,at LAR,rushYds,FanDuel,75.5,over,88.04,-114,-114,0.5327,0.5000,0.0654,0,0.6584,0.1257,0.1584,ev,multiplicative,projection,main,live,20261013A957AFD4,2026-10-06T19:09:09.837Z
2026,5,17784,Bucky Irving,TB,RB,at DAL,rushYds,Hard Rock,91.5,over,75.16,500,-1000,0.1667,0.1549,0.0758,0,0.2924,0.1257,0.1375,ev,multiplicative,projection,main,live,2026100942D78F91,2026-10-06T19:09:09.837Z
2026,5,19607,Kaelon Black,SF,RB,at SEA,rushYds,Hard Rock,26.5,over,15.13,275,-450,0.2667,0.2458,0.0848,0,0.3923,0.1257,0.1465,ev,multiplicative,projection,main,live,202610119C07AE76,2026-10-06T19:09:09.837Z
2026,5,9455,Davante Adams,LAR,WR,vs BUF,recYds,FanDuel,79.5,over,79.89,165,,0.3774,0.3774,,1,0.5029,0.1255,0.1255,ev,none,projection,main,live,20261013A957AFD4,2026-10-06T19:09:09.837Z
2026,5,18549,Emeka Egbuka,TB,WR,at DAL,recYds,Hard Rock,52.5,over,46.67,240,-350,0.2941,0.2744,0.0719,0,0.4196,0.1255,0.1452,ev,multiplicative,projection,main,live,2026100942D78F91,2026-10-06T19:09:09.837Z
2026,5,17811,AJ Barner,SEA,TE,vs SF,receptions,Hard Rock,2.5,over,3.25,-145,115,0.5918,0.5599,0.0570,0,0.7173,0.1255,0.1574,ev,multiplicative,projection,main,live,202610119C07AE76,2026-10-06T19:09:09.837Z
2026,5,17811,AJ Barner,SEA,TE,vs SF,receptions,theScore,2.5,over,3.25,-145,115,0.5918,0.5599,0.0570,0,0.7173,0.1255,0.1574,ev,multiplicative,projection,main,live,202610119C07AE76,2026-10-06T19:09:09.837Z
2026,5,9455,Davante Adams,LAR,WR,vs BUF,recYds,Hard Rock,77.5,over,79.89,155,-225,0.3922,0.3616,0.0845,0,0.5176,0.1255,0.1560,ev,multiplicative,projection,main,live,20261013A957AFD4,2026-10-06T19:09:09.837Z
2026,5,17784,Bucky Irving,TB,RB,at DAL,receptions,FanDuel,1.5,over,3.38,-254,,0.7175,0.7175,,1,0.8429,0.1254,0.1254,ev,none,projection,main,live,2026100942D78F91,2026-10-06T19:09:09.837Z
2026,5,11718,Chris Godwin,TB,WR,at DAL,receptions,Hard Rock,5.5,over,3.83,475,-950,0.1739,0.1612,0.0787,0,0.2993,0.1254,0.1381,ev,multiplicative,projection,main,live,2026100942D78F91,2026-10-06T19:09:09.837Z
2026,5,15265,Kyle Pitts,ATL,TE,vs BAL,recYds,Hard Rock,19.5,over,33,-165,120,0.6226,0.5780,0.0772,0,0.7480,0.1253,0.1699,ev,multiplicative,projection,main,live,2026101240603BF9,2026-10-06T19:09:09.837Z
2026,5,15265,Kyle Pitts,ATL,TE,vs BAL,recYds,Hard Rock,23.5,over,33,-125,-110,0.5556,0.5147,0.0794,0,0.6809,0.1253,0.1662,ev,multiplicative,projection,main,live,2026101240603BF9,2026-10-06T19:09:09.837Z
2026,5,18549,Emeka Egbuka,TB,WR,at DAL,recYds,Hard Rock,14.5,over,46.67,-400,260,0.8000,0.7423,0.0778,0,0.9252,0.1252,0.1829,ev,multiplicative,projection,main,live,2026100942D78F91,2026-10-06T19:09:09.837Z
2026,5,19292,Jalon Daniels,TB,QB,at DAL,passYds,Hard Rock,251.5,over,209.11,500,-1100,0.1667,0.1538,0.0833,0,0.2919,0.1252,0.1380,ev,multiplicative,projection,main,live,2026100942D78F91,2026-10-06T19:09:09.837Z
2026,5,17690,Blake Corum,LAR,RB,vs BUF,rushYds,Caesars,49.5,over,43.22,235,,0.2985,0.2985,,1,0.4236,0.1251,0.1251,ev,none,projection,main,live,20261013A957AFD4,2026-10-06T19:09:09.837Z
2026,5,11718,Chris Godwin,TB,WR,at DAL,recYds,BetRivers,59.5,over,43.08,450,,0.1818,0.1818,,1,0.3069,0.1250,0.1250,ev,none,projection,main,live,2026100942D78F91,2026-10-06T19:09:09.837Z
2026,5,11718,Chris Godwin,TB,WR,at DAL,recYds,Hard Rock,59.5,over,43.08,450,-900,0.1818,0.1681,0.0818,0,0.3069,0.1250,0.1388,ev,multiplicative,projection,main,live,2026100942D78F91,2026-10-06T19:09:09.837Z
2026,5,19292,Jalon Daniels,TB,QB,at DAL,rushYds,Hard Rock,71.5,under,20.13,-700,375,0.8750,0.8061,0.0855,0,1.0000,0.1250,0.1939,ev,multiplicative,projection,main,live,2026100942D78F91,2026-10-06T19:09:09.837Z
2026,5,17057,Isaiah Davis,NYJ,RB,vs CLE,rushYds,Hard Rock,31.5,under,3.02,-700,400,0.8750,0.8140,0.0750,0,1.0000,0.1250,0.1860,ev,multiplicative,projection,main,live,2026101112C81881,2026-10-06T19:09:09.837Z
2026,5,9455,Davante Adams,LAR,WR,vs BUF,recYds,Hard Rock,76.5,over,79.89,150,-210,0.4000,0.3713,0.0774,0,0.5250,0.1250,0.1537,ev,multiplicative,projection,main,live,20261013A957AFD4,2026-10-06T19:09:09.837Z
2026,5,16739,Bijan Robinson,ATL,RB,vs BAL,recYds,FanDuel,29.5,over,36.4,106,,0.4854,0.4854,,1,0.6102,0.1248,0.1248,ev,none,projection,main,live,2026101240603BF9,2026-10-06T19:09:09.837Z
2026,5,17690,Blake Corum,LAR,RB,vs BUF,rushYds,DraftKings,19.5,over,43.22,-284,,0.7396,0.7396,,1,0.8644,0.1248,0.1248,ev,none,projection,main,live,20261013A957AFD4,2026-10-06T19:09:09.837Z
2026,5,17716,Brian Thomas Jr.,JAX,WR,vs PHI,recYds,Hard Rock,30.5,over,33.71,130,-180,0.4348,0.4035,0.0776,0,0.5596,0.1248,0.1561,ev,multiplicative,projection,main,live,2026101118C77B29,2026-10-06T19:09:09.837Z
2026,5,8057,Kirk Cousins,LV,QB,at NE,passYds,Hard Rock,189.5,under,210.38,210,-300,0.3226,0.3008,0.0726,0,0.4474,0.1248,0.1467,ev,multiplicative,projection,main,live,202610116AF20186,2026-10-06T19:09:09.837Z
2026,5,15850,Jahan Dotson,ATL,WR,vs BAL,recYds,Hard Rock,40.5,under,15.76,-450,275,0.8182,0.7542,0.0848,0,0.9430,0.1248,0.1888,ev,multiplicative,projection,main,live,2026101240603BF9,2026-10-06T19:09:09.837Z
2026,5,9455,Davante Adams,LAR,WR,vs BUF,recYds,Hard Rock,81.5,over,79.89,180,-260,0.3571,0.3309,0.0794,0,0.4819,0.1248,0.1510,ev,multiplicative,projection,main,live,20261013A957AFD4,2026-10-06T19:09:09.837Z
2026,5,19292,Jalon Daniels,TB,QB,at DAL,passYds,Hard Rock,191.5,over,209.11,120,-165,0.4545,0.4220,0.0772,0,0.5792,0.1247,0.1573,ev,multiplicative,projection,main,live,2026100942D78F91,2026-10-06T19:09:09.837Z
2026,5,16690,Parker Washington,JAX,WR,vs PHI,recYds,Hard Rock,100.5,under,68.35,-650,375,0.8667,0.8046,0.0772,0,0.9914,0.1247,0.1869,ev,multiplicative,projection,main,live,2026101118C77B29,2026-10-06T19:09:09.837Z
2026,5,15222,Kenneth Gainwell,TB,RB,at DAL,recYds,Hard Rock,19.5,over,18.34,190,-275,0.3448,0.3198,0.0782,0,0.4695,0.1246,0.1496,ev,multiplicative,projection,main,live,2026100942D78F91,2026-10-06T19:09:09.837Z
2026,5,17716,Brian Thomas Jr.,JAX,WR,vs PHI,recYds,Hard Rock,31.5,over,33.71,140,-195,0.4167,0.3866,0.0777,0,0.5411,0.1244,0.1545,ev,multiplicative,projection,main,live,2026101118C77B29,2026-10-06T19:09:09.837Z
2026,5,13429,Deebo Samuel Sr.,SF,WR,at SEA,recYds,Hard Rock,39.5,over,42.63,135,-190,0.4255,0.3938,0.0807,0,0.5500,0.1244,0.1562,ev,multiplicative,projection,main,live,202610119C07AE76,2026-10-06T19:09:09.837Z
2026,5,15222,Kenneth Gainwell,TB,RB,at DAL,recYds,DraftKings,24.5,over,18.34,359,,0.2179,0.2179,,1,0.3420,0.1242,0.1242,ev,none,projection,main,live,2026100942D78F91,2026-10-06T19:09:09.837Z
2026,5,15850,Jahan Dotson,ATL,WR,vs BAL,recYds,Hard Rock,32.5,under,15.76,-275,190,0.7333,0.6802,0.0782,0,0.8575,0.1242,0.1773,ev,multiplicative,projection,main,live,2026101240603BF9,2026-10-06T19:09:09.837Z
2026,5,16739,Bijan Robinson,ATL,RB,vs BAL,recYds,Hard Rock,31.5,over,36.4,120,-165,0.4545,0.4220,0.0772,0,0.5788,0.1242,0.1568,ev,multiplicative,projection,main,live,2026101240603BF9,2026-10-06T19:09:09.837Z
2026,5,9455,Davante Adams,LAR,WR,vs BUF,recYds,Hard Rock,75.5,over,79.89,145,-210,0.4082,0.3760,0.0856,0,0.5323,0.1242,0.1564,ev,multiplicative,projection,main,live,20261013A957AFD4,2026-10-06T19:09:09.837Z
2026,5,11008,Dak Prescott,DAL,QB,vs TB,rushYds,Hard Rock,12.5,over,14,125,-175,0.4444,0.4112,0.0808,0,0.5685,0.1241,0.1573,ev,multiplicative,projection,main,live,2026100942D78F91,2026-10-06T19:09:09.837Z
2026,5,15265,Kyle Pitts,ATL,TE,vs BAL,recYds,Hard Rock,22.5,over,33,-135,100,0.5745,0.5347,0.0745,0,0.6983,0.1239,0.1637,ev,multiplicative,projection,main,live,2026101240603BF9,2026-10-06T19:09:09.837Z
2026,5,17784,Bucky Irving,TB,RB,at DAL,recYds,theScore,29.5,over,23.17,350,,0.2222,0.2222,,1,0.3460,0.1238,0.1238,ev,none,projection,main,live,2026100942D78F91,2026-10-06T19:09:09.837Z
2026,5,15850,Jahan Dotson,ATL,WR,vs BAL,recYds,Hard Rock,41.5,under,15.76,-475,300,0.8261,0.7677,0.0761,0,0.9499,0.1238,0.1822,ev,multiplicative,projection,main,live,2026101240603BF9,2026-10-06T19:09:09.837Z
2026,5,15876,James Cook,BUF,RB,at LAR,rushYds,Caesars,69.5,over,88.04,-152,,0.6032,0.6032,,1,0.7269,0.1237,0.1237,ev,none,projection,main,live,20261013A957AFD4,2026-10-06T19:09:09.837Z
2026,5,14371,Jordan Love,GB,QB,vs CHI,passYds,DraftKings,259.5,over,255.85,181,,0.3559,0.3559,,1,0.4794,0.1236,0.1236,ev,none,projection,main,live,202610112660CB0C,2026-10-06T19:09:09.837Z
2026,5,9253,Mike Evans,SF,WR,at SEA,recYds,DraftKings,69.5,over,64.8,227,,0.3058,0.3058,,1,0.4294,0.1236,0.1236,ev,none,projection,main,live,202610119C07AE76,2026-10-06T19:09:09.837Z
2026,5,19292,Jalon Daniels,TB,QB,at DAL,passYds,Hard Rock,248.5,over,209.11,450,-950,0.1818,0.1673,0.0866,0,0.3053,0.1235,0.1380,ev,multiplicative,projection,main,live,2026100942D78F91,2026-10-06T19:09:09.837Z
2026,5,15265,Kyle Pitts,ATL,TE,vs BAL,recYds,Hard Rock,21.5,over,33,-145,105,0.5918,0.5482,0.0796,0,0.7154,0.1235,0.1672,ev,multiplicative,projection,main,live,2026101240603BF9,2026-10-06T19:09:09.837Z
2026,5,11718,Chris Godwin,TB,WR,at DAL,receptions,BetRivers,3.5,over,3.83,123,,0.4484,0.4484,,1,0.5718,0.1234,0.1234,ev,none,projection,main,live,2026100942D78F91,2026-10-06T19:09:09.837Z
2026,5,17716,Brian Thomas Jr.,JAX,WR,vs PHI,recYds,BetRivers,29.5,over,33.71,120,,0.4545,0.4545,,1,0.5779,0.1234,0.1234,ev,none,projection,main,live,2026101118C77B29,2026-10-06T19:09:09.837Z
2026,5,17784,Bucky Irving,TB,RB,at DAL,rushYds,Hard Rock,45.5,over,75.16,-175,125,0.6364,0.5888,0.0808,0,0.7598,0.1234,0.1710,ev,multiplicative,projection,main,live,2026100942D78F91,2026-10-06T19:09:09.837Z
2026,5,16739,Bijan Robinson,ATL,RB,vs BAL,recYds,FanDuel,26.5,over,36.4,-114,-114,0.5327,0.5000,0.0654,0,0.6560,0.1233,0.1560,ev,multiplicative,projection,main,live,2026101240603BF9,2026-10-06T19:09:09.837Z
2026,5,12559,Mark Andrews,BAL,TE,at ATL,recYds,FanDuel,39.5,over,39.91,160,,0.3846,0.3846,,1,0.5079,0.1233,0.1233,ev,none,projection,main,live,2026101240603BF9,2026-10-06T19:09:09.837Z
2026,5,15265,Kyle Pitts,ATL,TE,vs BAL,recYds,Hard Rock,17.5,over,33,-190,135,0.6552,0.6062,0.0807,0,0.7785,0.1233,0.1722,ev,multiplicative,projection,main,live,2026101240603BF9,2026-10-06T19:09:09.837Z
2026,5,19292,Jalon Daniels,TB,QB,at DAL,passYds,Hard Rock,253.5,over,209.11,525,-1200,0.1600,0.1477,0.0831,0,0.2831,0.1231,0.1353,ev,multiplicative,projection,main,live,2026100942D78F91,2026-10-06T19:09:09.837Z
2026,5,11712,Deshaun Watson,CLE,QB,at NYJ,rushYds,Hard Rock,45.5,under,14.86,-650,375,0.8667,0.8046,0.0772,0,0.9897,0.1231,0.1852,ev,multiplicative,projection,main,live,2026101112C81881,2026-10-06T19:09:09.837Z
2026,5,19292,Jalon Daniels,TB,QB,at DAL,passYds,DraftKings,189.5,over,209.11,115,,0.4651,0.4651,,1,0.5881,0.1230,0.1230,ev,none,projection,main,live,2026100942D78F91,2026-10-06T19:09:09.837Z
2026,5,16560,Rashid Shaheed,SEA,WR,vs SF,recYds,Hard Rock,8.5,over,30.27,-275,190,0.7333,0.6802,0.0782,0,0.8563,0.1230,0.1762,ev,multiplicative,projection,main,live,202610119C07AE76,2026-10-06T19:09:09.837Z
2026,5,9455,Davante Adams,LAR,WR,vs BUF,recYds,Hard Rock,74.5,over,79.89,140,-195,0.4167,0.3866,0.0777,0,0.5397,0.1230,0.1531,ev,multiplicative,projection,main,live,20261013A957AFD4,2026-10-06T19:09:09.837Z
2026,5,14371,Jordan Love,GB,QB,vs CHI,passYds,DraftKings,249.5,over,255.85,144,,0.4098,0.4098,,1,0.5326,0.1228,0.1228,ev,none,projection,main,live,202610112660CB0C,2026-10-06T19:09:09.837Z
2026,5,13429,Deebo Samuel Sr.,SF,WR,at SEA,recYds,Caesars,29.5,over,42.63,-137,,0.5781,0.5781,,1,0.7008,0.1228,0.1228,ev,none,projection,main,live,202610119C07AE76,2026-10-06T19:09:09.837Z
2026,5,15850,Jahan Dotson,ATL,WR,vs BAL,recYds,Hard Rock,42.5,under,15.76,-500,300,0.8333,0.7692,0.0833,0,0.9562,0.1228,0.1869,ev,multiplicative,projection,main,live,2026101240603BF9,2026-10-06T19:09:09.837Z
2026,5,12559,Mark Andrews,BAL,TE,at ATL,recYds,Hard Rock,24.5,over,39.91,-185,130,0.6491,0.5989,0.0839,0,0.7719,0.1228,0.1730,ev,multiplicative,projection,main,live,2026101240603BF9,2026-10-06T19:09:09.837Z
2026,5,17716,Brian Thomas Jr.,JAX,WR,vs PHI,recYds,Hard Rock,16.5,over,33.71,-200,145,0.6667,0.6203,0.0748,0,0.7893,0.1226,0.1690,ev,multiplicative,projection,main,live,2026101118C77B29,2026-10-06T19:09:09.837Z
2026,5,12559,Mark Andrews,BAL,TE,at ATL,recYds,Hard Rock,22.5,over,39.91,-210,150,0.6774,0.6287,0.0774,0,0.8000,0.1226,0.1713,ev,multiplicative,projection,main,live,2026101240603BF9,2026-10-06T19:09:09.837Z
2026,5,18549,Emeka Egbuka,TB,WR,at DAL,receptions,Caesars,2.5,over,3.52,-170,,0.6296,0.6296,,1,0.7521,0.1225,0.1225,ev,none,projection,main,live,2026100942D78F91,2026-10-06T19:09:09.837Z
2026,5,18549,Emeka Egbuka,TB,WR,at DAL,receptions,Hard Rock,2.5,over,3.52,-170,125,0.6296,0.5862,0.0741,0,0.7521,0.1225,0.1659,ev,multiplicative,projection,main,live,2026100942D78F91,2026-10-06T19:09:09.837Z
2026,5,18549,Emeka Egbuka,TB,WR,at DAL,receptions,theScore,2.5,over,3.52,-170,130,0.6296,0.5915,0.0644,0,0.7521,0.1225,0.1606,ev,multiplicative,projection,main,live,2026100942D78F91,2026-10-06T19:09:09.837Z
2026,5,17716,Brian Thomas Jr.,JAX,WR,vs PHI,recYds,Hard Rock,32.5,over,33.71,150,-210,0.4000,0.3713,0.0774,0,0.5225,0.1225,0.1513,ev,multiplicative,projection,main,live,2026101118C77B29,2026-10-06T19:09:09.837Z
2026,5,11718,Chris Godwin,TB,WR,at DAL,receptions,Caesars,4.5,over,3.83,240,,0.2941,0.2941,,1,0.4164,0.1223,0.1223,ev,none,projection,main,live,2026100942D78F91,2026-10-06T19:09:09.837Z
2026,5,15876,James Cook,BUF,RB,at LAR,rushYds,Hard Rock,68.5,over,88.04,-160,115,0.6154,0.5695,0.0805,0,0.7376,0.1223,0.1681,ev,multiplicative,projection,main,live,20261013A957AFD4,2026-10-06T19:09:09.837Z
2026,5,15876,James Cook,BUF,RB,at LAR,rushYds,BetRivers,89.5,over,88.04,180,,0.3571,0.3571,,1,0.4794,0.1222,0.1222,ev,none,projection,main,live,20261013A957AFD4,2026-10-06T19:09:09.837Z
2026,5,11718,Chris Godwin,TB,WR,at DAL,recYds,Hard Rock,60.5,over,43.08,475,-950,0.1739,0.1612,0.0787,0,0.2961,0.1222,0.1349,ev,multiplicative,projection,main,live,2026100942D78F91,2026-10-06T19:09:09.837Z
2026,5,14416,Jalen Hurts,PHI,QB,at JAX,rushYds,Hard Rock,48.5,under,24.48,-700,400,0.8750,0.8140,0.0750,0,0.9972,0.1222,0.1833,ev,multiplicative,projection,main,live,2026101118C77B29,2026-10-06T19:09:09.837Z
2026,5,16032,Cade Otton,TB,TE,at DAL,recYds,Hard Rock,25.5,over,36.11,-140,100,0.5833,0.5385,0.0833,0,0.7054,0.1221,0.1670,ev,multiplicative,projection,main,live,2026100942D78F91,2026-10-06T19:09:09.837Z
2026,5,17702,Braelon Allen,NYJ,RB,vs CLE,rushYds,Hard Rock,87.5,under,38.23,-250,180,0.7143,0.6667,0.0714,0,0.8364,0.1221,0.1697,ev,multiplicative,projection,main,live,2026101112C81881,2026-10-06T19:09:09.837Z
2026,5,12483,Josh Allen,BUF,QB,at LAR,passTD,DraftKings,1.5,under,1.21,-116,-110,0.5370,0.5062,0.0608,0,0.6590,0.1220,0.1528,ev,multiplicative,projection,main,live,20261013A957AFD4,2026-10-06T19:09:09.837Z
2026,5,15876,James Cook,BUF,RB,at LAR,rushYds,Hard Rock,66.5,over,88.04,-175,125,0.6364,0.5888,0.0808,0,0.7584,0.1220,0.1696,ev,multiplicative,projection,main,live,20261013A957AFD4,2026-10-06T19:09:09.837Z
2026,5,19292,Jalon Daniels,TB,QB,at DAL,passYds,Hard Rock,256.5,over,209.11,575,-1300,0.1481,0.1376,0.0767,0,0.2701,0.1219,0.1325,ev,multiplicative,projection,main,live,2026100942D78F91,2026-10-06T19:09:09.837Z
2026,5,16919,Zay Flowers,BAL,WR,at ATL,recYds,Caesars,79.5,over,84.25,128,,0.4386,0.4386,,1,0.5604,0.1218,0.1218,ev,none,projection,main,live,2026101240603BF9,2026-10-06T19:09:09.837Z
2026,5,8743,Geno Smith,NYJ,QB,vs CLE,rushYds,Caesars,11.5,over,13.84,-109,-120,0.5215,0.4888,0.0670,0,0.6432,0.1217,0.1544,ev,multiplicative,projection,main,live,2026101112C81881,2026-10-06T19:09:09.837Z
2026,5,9253,Mike Evans,SF,WR,at SEA,recYds,Hard Rock,68.5,over,64.8,210,-325,0.3226,0.2967,0.0873,0,0.4443,0.1217,0.1476,ev,multiplicative,projection,main,live,202610119C07AE76,2026-10-06T19:09:09.837Z
2026,5,12559,Mark Andrews,BAL,TE,at ATL,recYds,Hard Rock,33.5,over,39.91,100,-145,0.5000,0.4579,0.0918,0,0.6217,0.1217,0.1637,ev,multiplicative,projection,main,live,2026101240603BF9,2026-10-06T19:09:09.837Z
2026,5,8057,Kirk Cousins,LV,QB,at NE,passYds,Hard Rock,192.5,under,210.38,200,-275,0.3333,0.3125,0.0667,0,0.4549,0.1216,0.1424,ev,multiplicative,projection,main,live,202610116AF20186,2026-10-06T19:09:09.837Z
2026,5,16560,Rashid Shaheed,SEA,WR,vs SF,recYds,FanDuel,39.5,over,30.27,366,,0.2146,0.2146,,1,0.3361,0.1215,0.1215,ev,none,projection,main,live,202610119C07AE76,2026-10-06T19:09:09.837Z
2026,5,9455,Davante Adams,LAR,WR,vs BUF,recYds,Hard Rock,73.5,over,79.89,135,-190,0.4255,0.3938,0.0807,0,0.5470,0.1215,0.1533,ev,multiplicative,projection,main,live,20261013A957AFD4,2026-10-06T19:09:09.837Z
2026,5,15876,James Cook,BUF,RB,at LAR,rushYds,Hard Rock,71.5,over,88.04,-140,100,0.5833,0.5385,0.0833,0,0.7049,0.1215,0.1664,ev,multiplicative,projection,main,live,20261013A957AFD4,2026-10-06T19:09:09.837Z
2026,5,19292,Jalon Daniels,TB,QB,at DAL,passYds,Hard Rock,194.5,over,209.11,125,-180,0.4444,0.4088,0.0873,0,0.5659,0.1214,0.1571,ev,multiplicative,projection,main,live,2026100942D78F91,2026-10-06T19:09:09.837Z
2026,5,17811,AJ Barner,SEA,TE,vs SF,recYds,Hard Rock,31.5,over,33.13,140,-200,0.4167,0.3846,0.0833,0,0.5380,0.1214,0.1534,ev,multiplicative,projection,main,live,202610119C07AE76,2026-10-06T19:09:09.837Z
2026,5,15850,Jahan Dotson,ATL,WR,vs BAL,recYds,Hard Rock,33.5,under,15.76,-300,200,0.7500,0.6923,0.0833,0,0.8714,0.1214,0.1791,ev,multiplicative,projection,main,live,2026101240603BF9,2026-10-06T19:09:09.837Z
2026,5,17716,Brian Thomas Jr.,JAX,WR,vs PHI,recYds,FanDuel,29.5,over,33.71,119,,0.4566,0.4566,,1,0.5779,0.1213,0.1213,ev,none,projection,main,live,2026101118C77B29,2026-10-06T19:09:09.837Z
2026,5,17716,Brian Thomas Jr.,JAX,WR,vs PHI,recYds,FanDuel,19.5,over,33.71,-167,,0.6255,0.6255,,1,0.7466,0.1211,0.1211,ev,none,projection,main,live,2026101118C77B29,2026-10-06T19:09:09.837Z
2026,5,17673,Drake Maye,NE,QB,vs LV,completions,DraftKings,21.5,over,21.01,189,,0.3460,0.3460,,1,0.4671,0.1211,0.1211,ev,none,projection,main,live,202610116AF20186,2026-10-06T19:09:09.837Z
2026,5,16739,Bijan Robinson,ATL,RB,vs BAL,recYds,Caesars,26.5,over,36.4,-115,-114,0.5349,0.5010,0.0676,0,0.6560,0.1211,0.1550,ev,multiplicative,projection,main,live,2026101240603BF9,2026-10-06T19:09:09.837Z
2026,5,12559,Mark Andrews,BAL,TE,at ATL,recYds,Hard Rock,36.5,over,39.91,125,-175,0.4444,0.4112,0.0808,0,0.5655,0.1210,0.1543,ev,multiplicative,projection,main,live,2026101240603BF9,2026-10-06T19:09:09.837Z
2026,5,15265,Kyle Pitts,ATL,TE,vs BAL,recYds,Hard Rock,25.5,over,33,-110,-125,0.5238,0.4853,0.0794,0,0.6447,0.1209,0.1594,ev,multiplicative,projection,main,live,2026101240603BF9,2026-10-06T19:09:09.837Z
2026,5,15850,Jahan Dotson,ATL,WR,vs BAL,recYds,Hard Rock,30.5,under,15.76,-240,170,0.7059,0.6559,0.0763,0,0.8268,0.1209,0.1709,ev,multiplicative,projection,main,live,2026101240603BF9,2026-10-06T19:09:09.837Z
2026,5,17690,Blake Corum,LAR,RB,vs BUF,rushYds,Hard Rock,21.5,over,43.22,-260,180,0.7222,0.6691,0.0794,0,0.8432,0.1209,0.1740,ev,multiplicative,projection,main,live,20261013A957AFD4,2026-10-06T19:09:09.837Z
2026,5,12559,Mark Andrews,BAL,TE,at ATL,recYds,Hard Rock,37.5,over,39.91,135,-190,0.4255,0.3938,0.0807,0,0.5464,0.1208,0.1526,ev,multiplicative,projection,main,live,2026101240603BF9,2026-10-06T19:09:09.837Z
2026,5,17784,Bucky Irving,TB,RB,at DAL,receptions,Caesars,1.5,over,3.38,-260,,0.7222,0.7222,,1,0.8429,0.1207,0.1207,ev,none,projection,main,live,2026100942D78F91,2026-10-06T19:09:09.837Z
2026,5,17690,Blake Corum,LAR,RB,vs BUF,rushYds,Hard Rock,20.5,over,43.22,-275,195,0.7333,0.6839,0.0723,0,0.8540,0.1207,0.1702,ev,multiplicative,projection,main,live,20261013A957AFD4,2026-10-06T19:09:09.837Z
2026,5,18549,Emeka Egbuka,TB,WR,at DAL,recYds,Caesars,49.5,over,46.67,194,,0.3401,0.3401,,1,0.4608,0.1206,0.1206,ev,none,projection,main,live,2026100942D78F91,2026-10-06T19:09:09.837Z
2026,5,16739,Bijan Robinson,ATL,RB,vs BAL,recYds,Hard Rock,37.5,over,36.4,185,-260,0.3509,0.3270,0.0731,0,0.4715,0.1206,0.1445,ev,multiplicative,projection,main,live,2026101240603BF9,2026-10-06T19:09:09.837Z
2026,5,17811,AJ Barner,SEA,TE,vs SF,receptions,BetRivers,2.5,over,3.25,-148,,0.5968,0.5968,,1,0.7173,0.1205,0.1205,ev,none,projection,main,live,202610119C07AE76,2026-10-06T19:09:09.837Z
2026,5,17702,Braelon Allen,NYJ,RB,vs CLE,rushYds,Hard Rock,85.5,under,38.23,-240,165,0.7059,0.6516,0.0832,0,0.8264,0.1205,0.1747,ev,multiplicative,projection,main,live,2026101112C81881,2026-10-06T19:09:09.837Z
2026,5,9455,Davante Adams,LAR,WR,vs BUF,recYds,Hard Rock,83.5,over,79.89,195,-300,0.3390,0.3113,0.0890,0,0.4595,0.1205,0.1482,ev,multiplicative,projection,main,live,20261013A957AFD4,2026-10-06T19:09:09.837Z
2026,5,15850,Jahan Dotson,ATL,WR,vs BAL,recYds,Hard Rock,31.5,under,15.76,-260,175,0.7222,0.6651,0.0859,0,0.8426,0.1204,0.1775,ev,multiplicative,projection,main,live,2026101240603BF9,2026-10-06T19:09:09.837Z
2026,5,18549,Emeka Egbuka,TB,WR,at DAL,recYds,Hard Rock,53.5,over,46.67,250,-375,0.2857,0.2657,0.0752,0,0.4061,0.1203,0.1403,ev,multiplicative,projection,main,live,2026100942D78F91,2026-10-06T19:09:09.837Z
2026,5,19292,Jalon Daniels,TB,QB,at DAL,passYds,Hard Rock,192.5,over,209.11,120,-170,0.4545,0.4193,0.0842,0,0.5748,0.1202,0.1555,ev,multiplicative,projection,main,live,2026100942D78F91,2026-10-06T19:09:09.837Z
2026,5,9253,Mike Evans,SF,WR,at SEA,recYds,Hard Rock,44.5,over,64.8,-145,105,0.5918,0.5482,0.0796,0,0.7118,0.1200,0.1636,ev,multiplicative,projection,main,live,202610119C07AE76,2026-10-06T19:09:09.837Z
2026,5,13429,Deebo Samuel Sr.,SF,WR,at SEA,recYds,DraftKings,24.5,over,42.63,-183,,0.6466,0.6466,,1,0.7665,0.1199,0.1199,ev,none,projection,main,live,202610119C07AE76,2026-10-06T19:09:09.837Z
2026,5,18549,Emeka Egbuka,TB,WR,at DAL,receptions,FanDuel,2.5,over,3.52,-172,128,0.6324,0.5905,0.0709,0,0.7521,0.1198,0.1617,ev,multiplicative,projection,main,live,2026100942D78F91,2026-10-06T19:09:09.837Z
2026,5,17784,Bucky Irving,TB,RB,at DAL,recYds,Hard Rock,4.5,over,23.17,-300,200,0.7500,0.6923,0.0833,0,0.8698,0.1198,0.1775,ev,multiplicative,projection,main,live,2026100942D78F91,2026-10-06T19:09:09.837Z
2026,5,16919,Zay Flowers,BAL,WR,at ATL,recYds,Hard Rock,42.5,over,84.25,-375,240,0.7895,0.7286,0.0836,0,0.9093,0.1198,0.1807,ev,multiplicative,projection,main,live,2026101240603BF9,2026-10-06T19:09:09.837Z
2026,5,17690,Blake Corum,LAR,RB,vs BUF,rushYds,Hard Rock,58.5,over,43.22,400,-750,0.2000,0.1848,0.0824,0,0.3197,0.1197,0.1349,ev,multiplicative,projection,main,live,20261013A957AFD4,2026-10-06T19:09:09.837Z
2026,5,16032,Cade Otton,TB,TE,at DAL,recYds,FanDuel,24.5,over,36.11,-152,,0.6032,0.6032,,1,0.7227,0.1196,0.1196,ev,none,projection,main,live,2026100942D78F91,2026-10-06T19:09:09.837Z
2026,5,16032,Cade Otton,TB,TE,at DAL,recYds,theScore,29.5,over,36.11,-105,-125,0.5122,0.4797,0.0678,0,0.6317,0.1196,0.1521,ev,multiplicative,projection,main,live,2026100942D78F91,2026-10-06T19:09:09.837Z
2026,5,16032,Cade Otton,TB,TE,at DAL,recYds,Hard Rock,29.5,over,36.11,-105,-130,0.5122,0.4754,0.0774,0,0.6317,0.1196,0.1564,ev,multiplicative,projection,main,live,2026100942D78F91,2026-10-06T19:09:09.837Z
2026,5,16690,Parker Washington,JAX,WR,vs PHI,recYds,Hard Rock,84.5,under,68.35,-325,220,0.7647,0.7099,0.0772,0,0.8844,0.1196,0.1745,ev,multiplicative,projection,main,live,2026101118C77B29,2026-10-06T19:09:09.837Z
2026,5,16919,Zay Flowers,BAL,WR,at ATL,recYds,Hard Rock,85.5,over,84.25,175,-250,0.3636,0.3373,0.0779,0,0.4832,0.1196,0.1458,ev,multiplicative,projection,main,live,2026101240603BF9,2026-10-06T19:09:09.837Z
2026,5,12559,Mark Andrews,BAL,TE,at ATL,recYds,Hard Rock,23.5,over,39.91,-200,140,0.6667,0.6154,0.0833,0,0.7862,0.1196,0.1709,ev,multiplicative,projection,main,live,2026101240603BF9,2026-10-06T19:09:09.837Z
2026,5,9455,Davante Adams,LAR,WR,vs BUF,recYds,Hard Rock,72.5,over,79.89,130,-180,0.4348,0.4035,0.0776,0,0.5543,0.1196,0.1509,ev,multiplicative,projection,main,live,20261013A957AFD4,2026-10-06T19:09:09.837Z
2026,5,19292,Jalon Daniels,TB,QB,at DAL,passYds,Caesars,259.5,over,209.11,625,,0.1379,0.1379,,1,0.2574,0.1195,0.1195,ev,none,projection,main,live,2026100942D78F91,2026-10-06T19:09:09.837Z
2026,5,16560,Rashid Shaheed,SEA,WR,vs SF,recYds,Hard Rock,35.5,over,30.27,250,-375,0.2857,0.2657,0.0752,0,0.4052,0.1195,0.1395,ev,multiplicative,projection,main,live,202610119C07AE76,2026-10-06T19:09:09.837Z
2026,5,8743,Geno Smith,NYJ,QB,vs CLE,rushYds,Hard Rock,11.5,over,13.84,-110,-130,0.5238,0.4810,0.0890,0,0.6432,0.1194,0.1622,ev,multiplicative,projection,main,live,2026101112C81881,2026-10-06T19:09:09.837Z
2026,5,15265,Kyle Pitts,ATL,TE,vs BAL,recYds,Hard Rock,27.5,over,33,105,-145,0.4878,0.4518,0.0796,0,0.6073,0.1194,0.1554,ev,multiplicative,projection,main,live,2026101240603BF9,2026-10-06T19:09:09.837Z
2026,5,16690,Parker Washington,JAX,WR,vs PHI,recYds,Hard Rock,83.5,under,68.35,-300,210,0.7500,0.6992,0.0726,0,0.8693,0.1193,0.1700,ev,multiplicative,projection,main,live,2026101118C77B29,2026-10-06T19:09:09.837Z
2026,5,16690,Parker Washington,JAX,WR,vs PHI,recYds,Hard Rock,102.5,under,68.35,-700,400,0.8750,0.8140,0.0750,0,0.9943,0.1193,0.1804,ev,multiplicative,projection,main,live,2026101118C77B29,2026-10-06T19:09:09.837Z
2026,5,15876,James Cook,BUF,RB,at LAR,rushYds,Hard Rock,65.5,over,88.04,-185,135,0.6491,0.6040,0.0747,0,0.7684,0.1193,0.1644,ev,multiplicative,projection,main,live,20261013A957AFD4,2026-10-06T19:09:09.837Z
2026,5,8057,Kirk Cousins,LV,QB,at NE,passYds,Hard Rock,191.5,under,210.38,200,-300,0.3333,0.3077,0.0833,0,0.4524,0.1191,0.1447,ev,multiplicative,projection,main,live,202610116AF20186,2026-10-06T19:09:09.837Z
2026,5,15876,James Cook,BUF,RB,at LAR,rushYds,Hard Rock,72.5,over,88.04,-135,-105,0.5745,0.5287,0.0867,0,0.6935,0.1191,0.1649,ev,multiplicative,projection,main,live,20261013A957AFD4,2026-10-06T19:09:09.837Z
2026,5,15876,James Cook,BUF,RB,at LAR,rushYds,Hard Rock,69.5,over,88.04,-155,110,0.6078,0.5607,0.0840,0,0.7269,0.1191,0.1662,ev,multiplicative,projection,main,live,20261013A957AFD4,2026-10-06T19:09:09.837Z
2026,5,17702,Braelon Allen,NYJ,RB,vs CLE,rushYds,Hard Rock,88.5,under,38.23,-260,185,0.7222,0.6730,0.0731,0,0.8412,0.1190,0.1682,ev,multiplicative,projection,main,live,2026101112C81881,2026-10-06T19:09:09.837Z
2026,5,12559,Mark Andrews,BAL,TE,at ATL,recYds,Hard Rock,38.5,over,39.91,145,-200,0.4082,0.3797,0.0748,0,0.5272,0.1190,0.1474,ev,multiplicative,projection,main,live,2026101240603BF9,2026-10-06T19:09:09.837Z
2026,5,11718,Chris Godwin,TB,WR,at DAL,recYds,Hard Rock,61.5,over,43.08,500,-1000,0.1667,0.1549,0.0758,0,0.2856,0.1189,0.1307,ev,multiplicative,projection,main,live,2026100942D78F91,2026-10-06T19:09:09.837Z
2026,5,15357,Trevor Lawrence,JAX,QB,vs PHI,rushYds,Hard Rock,6.5,over,19.9,-300,210,0.7500,0.6992,0.0726,0,0.8689,0.1189,0.1697,ev,multiplicative,projection,main,live,2026101118C77B29,2026-10-06T19:09:09.837Z
2026,5,17784,Bucky Irving,TB,RB,at DAL,recYds,Caesars,29.5,over,23.17,340,,0.2273,0.2273,,1,0.3460,0.1188,0.1188,ev,none,projection,main,live,2026100942D78F91,2026-10-06T19:09:09.837Z
2026,5,15222,Kenneth Gainwell,TB,RB,at DAL,recYds,FanDuel,24.5,over,18.34,348,,0.2232,0.2232,,1,0.3420,0.1188,0.1188,ev,none,projection,main,live,2026100942D78F91,2026-10-06T19:09:09.837Z
2026,5,19292,Jalon Daniels,TB,QB,at DAL,passYds,Hard Rock,254.5,over,209.11,525,-1200,0.1600,0.1477,0.0831,0,0.2787,0.1187,0.1310,ev,multiplicative,projection,main,live,2026100942D78F91,2026-10-06T19:09:09.837Z
2026,5,19292,Jalon Daniels,TB,QB,at DAL,passYds,Hard Rock,258.5,over,209.11,600,-1400,0.1429,0.1327,0.0762,0,0.2616,0.1187,0.1289,ev,multiplicative,projection,main,live,2026100942D78F91,2026-10-06T19:09:09.837Z
2026,5,15222,Kenneth Gainwell,TB,RB,at DAL,recYds,Caesars,19.5,over,18.34,185,,0.3509,0.3509,,1,0.4695,0.1186,0.1186,ev,none,projection,main,live,2026100942D78F91,2026-10-06T19:09:09.837Z
2026,5,19292,Jalon Daniels,TB,QB,at DAL,passYds,Hard Rock,190.5,over,209.11,115,-160,0.4651,0.4305,0.0805,0,0.5837,0.1186,0.1532,ev,multiplicative,projection,main,live,2026100942D78F91,2026-10-06T19:09:09.837Z
2026,5,19607,Kaelon Black,SF,RB,at SEA,rushYds,DraftKings,24.5,over,15.13,242,,0.2924,0.2924,,1,0.4109,0.1185,0.1185,ev,none,projection,main,live,202610119C07AE76,2026-10-06T19:09:09.837Z
2026,5,15222,Kenneth Gainwell,TB,RB,at DAL,rushYds,Hard Rock,4.5,over,32.16,-525,325,0.8400,0.7812,0.0753,0,0.9585,0.1185,0.1773,ev,multiplicative,projection,main,live,2026100942D78F91,2026-10-06T19:09:09.837Z
2026,5,8057,Kirk Cousins,LV,QB,at NE,passYds,Hard Rock,193.5,under,210.38,195,-275,0.3390,0.3161,0.0723,0,0.4574,0.1185,0.1413,ev,multiplicative,projection,main,live,202610116AF20186,2026-10-06T19:09:09.837Z
2026,5,15876,James Cook,BUF,RB,at LAR,rushYds,Hard Rock,67.5,over,88.04,-170,120,0.6296,0.5807,0.0842,0,0.7481,0.1185,0.1674,ev,multiplicative,projection,main,live,20261013A957AFD4,2026-10-06T19:09:09.837Z
2026,5,16739,Bijan Robinson,ATL,RB,vs BAL,recYds,Hard Rock,30.5,over,36.4,110,-155,0.4762,0.4393,0.0840,0,0.5946,0.1184,0.1553,ev,multiplicative,projection,main,live,2026101240603BF9,2026-10-06T19:09:09.837Z
2026,5,19292,Jalon Daniels,TB,QB,at DAL,passYds,FanDuel,249.5,over,209.11,448,,0.1825,0.1825,,1,0.3008,0.1183,0.1183,ev,none,projection,main,live,2026100942D78F91,2026-10-06T19:09:09.837Z
2026,5,15265,Kyle Pitts,ATL,TE,vs BAL,recYds,Caesars,19.5,over,33,-170,,0.6296,0.6296,,1,0.7480,0.1183,0.1183,ev,none,projection,main,live,2026101240603BF9,2026-10-06T19:09:09.837Z
2026,5,9455,Davante Adams,LAR,WR,vs BUF,recYds,BetRivers,79.5,over,79.89,160,,0.3846,0.3846,,1,0.5029,0.1183,0.1183,ev,none,projection,main,live,20261013A957AFD4,2026-10-06T19:09:09.837Z
2026,5,17690,Blake Corum,LAR,RB,vs BUF,rushYds,Caesars,59.5,over,43.22,425,,0.1905,0.1905,,1,0.3088,0.1183,0.1183,ev,none,projection,main,live,20261013A957AFD4,2026-10-06T19:09:09.837Z
2026,5,17690,Blake Corum,LAR,RB,vs BUF,rushYds,Hard Rock,59.5,over,43.22,425,-800,0.1905,0.1765,0.0794,0,0.3088,0.1183,0.1323,ev,multiplicative,projection,main,live,20261013A957AFD4,2026-10-06T19:09:09.837Z
2026,5,17784,Bucky Irving,TB,RB,at DAL,rushAtt,Hard Rock,11.5,over,16.86,-190,,0.6552,0.6552,,1,0.7734,0.1182,0.1182,ev,none,projection,main,live,2026100942D78F91,2026-10-06T19:09:09.837Z
2026,5,16032,Cade Otton,TB,TE,at DAL,recYds,Caesars,28.5,over,36.11,-114,-114,0.5327,0.5000,0.0654,0,0.6508,0.1181,0.1508,ev,multiplicative,projection,main,live,2026100942D78F91,2026-10-06T19:09:09.837Z
2026,5,13429,Deebo Samuel Sr.,SF,WR,at SEA,recYds,Hard Rock,41.5,over,42.63,150,-210,0.4000,0.3713,0.0774,0,0.5181,0.1181,0.1468,ev,multiplicative,projection,main,live,202610119C07AE76,2026-10-06T19:09:09.837Z
2026,5,15850,Jahan Dotson,ATL,WR,vs BAL,receptions,Caesars,1.5,under,1.19,114,-148,0.4673,0.4392,0.0641,0,0.5853,0.1180,0.1462,ev,multiplicative,projection,main,live,2026101240603BF9,2026-10-06T19:09:09.837Z
2026,5,16690,Parker Washington,JAX,WR,vs PHI,recYds,Hard Rock,101.5,under,68.35,-700,375,0.8750,0.8061,0.0855,0,0.9930,0.1180,0.1869,ev,multiplicative,projection,main,live,2026101118C77B29,2026-10-06T19:09:09.837Z
2026,5,14371,Jordan Love,GB,QB,vs CHI,passYds,DraftKings,269.5,over,255.85,227,,0.3058,0.3058,,1,0.4235,0.1177,0.1177,ev,none,projection,main,live,202610112660CB0C,2026-10-06T19:09:09.837Z
2026,5,12483,Josh Allen,BUF,QB,at LAR,passTD,FanDuel,1.5,under,1.21,-118,-112,0.5413,0.5061,0.0696,0,0.6590,0.1177,0.1529,ev,multiplicative,projection,main,live,20261013A957AFD4,2026-10-06T19:09:09.837Z
2026,5,12483,Josh Allen,BUF,QB,at LAR,passTD,Caesars,1.5,under,1.21,-118,-105,0.5413,0.5138,0.0535,0,0.6590,0.1177,0.1452,ev,multiplicative,projection,main,live,20261013A957AFD4,2026-10-06T19:09:09.837Z
2026,5,19292,Jalon Daniels,TB,QB,at DAL,passYds,Hard Rock,257.5,over,209.11,575,-1400,0.1481,0.1370,0.0815,0,0.2658,0.1177,0.1288,ev,multiplicative,projection,main,live,2026100942D78F91,2026-10-06T19:09:09.837Z
2026,5,13429,Deebo Samuel Sr.,SF,WR,at SEA,recYds,Hard Rock,25.5,over,42.63,-175,125,0.6364,0.5888,0.0808,0,0.7541,0.1177,0.1653,ev,multiplicative,projection,main,live,202610119C07AE76,2026-10-06T19:09:09.837Z
2026,5,9253,Mike Evans,SF,WR,at SEA,recYds,theScore,49.5,over,64.8,-120,-110,0.5455,0.5101,0.0693,0,0.6631,0.1177,0.1530,ev,multiplicative,projection,main,live,202610119C07AE76,2026-10-06T19:09:09.837Z
2026,5,19292,Jalon Daniels,TB,QB,at DAL,rushYds,Hard Rock,72.5,under,20.13,-750,400,0.8824,0.8152,0.0824,0,1.0000,0.1176,0.1848,ev,multiplicative,projection,main,live,2026100942D78F91,2026-10-06T19:09:09.837Z
2026,5,17057,Isaiah Davis,NYJ,RB,vs CLE,rushYds,Hard Rock,32.5,under,3.02,-750,425,0.8824,0.8225,0.0728,0,1.0000,0.1176,0.1775,ev,multiplicative,projection,main,live,2026101112C81881,2026-10-06T19:09:09.837Z
2026,5,15850,Jahan Dotson,ATL,WR,vs BAL,recYds,Hard Rock,29.5,under,15.76,-225,160,0.6923,0.6429,0.0769,0,0.8099,0.1176,0.1671,ev,multiplicative,projection,main,live,2026101240603BF9,2026-10-06T19:09:09.837Z
2026,5,15876,James Cook,BUF,RB,at LAR,rushYds,FanDuel,69.5,over,88.04,-156,,0.6094,0.6094,,1,0.7269,0.1175,0.1175,ev,none,projection,main,live,20261013A957AFD4,2026-10-06T19:09:09.837Z
2026,5,13429,Deebo Samuel Sr.,SF,WR,at SEA,recYds,Hard Rock,42.5,over,42.63,160,-225,0.3846,0.3571,0.0769,0,0.5021,0.1175,0.1449,ev,multiplicative,projection,main,live,202610119C07AE76,2026-10-06T19:09:09.837Z
2026,5,13429,Deebo Samuel Sr.,SF,WR,at SEA,recYds,Hard Rock,24.5,over,42.63,-185,135,0.6491,0.6040,0.0747,0,0.7665,0.1174,0.1625,ev,multiplicative,projection,main,live,202610119C07AE76,2026-10-06T19:09:09.837Z
2026,5,17811,AJ Barner,SEA,TE,vs SF,receptions,Caesars,2.5,over,3.25,-150,114,0.6000,0.5622,0.0673,0,0.7173,0.1173,0.1551,ev,multiplicative,projection,main,live,202610119C07AE76,2026-10-06T19:09:09.837Z
2026,5,9455,Davante Adams,LAR,WR,vs BUF,recYds,Hard Rock,71.5,over,79.89,125,-175,0.4444,0.4112,0.0808,0,0.5616,0.1172,0.1504,ev,multiplicative,projection,main,live,20261013A957AFD4,2026-10-06T19:09:09.837Z
2026,5,17702,Braelon Allen,NYJ,RB,vs CLE,rushYds,Hard Rock,86.5,under,38.23,-250,170,0.7143,0.6585,0.0847,0,0.8314,0.1171,0.1729,ev,multiplicative,projection,main,live,2026101112C81881,2026-10-06T19:09:09.837Z
2026,5,11718,Chris Godwin,TB,WR,at DAL,receptions,DraftKings,4.5,over,3.83,234,,0.2994,0.2994,,1,0.4164,0.1170,0.1170,ev,none,projection,main,live,2026100942D78F91,2026-10-06T19:09:09.837Z
2026,5,17811,AJ Barner,SEA,TE,vs SF,recYds,FanDuel,14.5,over,33.13,-293,,0.7455,0.7455,,1,0.8625,0.1170,0.1170,ev,none,projection,main,live,202610119C07AE76,2026-10-06T19:09:09.837Z
2026,5,15357,Trevor Lawrence,JAX,QB,vs PHI,rushYds,Hard Rock,7.5,over,19.9,-275,185,0.7333,0.6764,0.0842,0,0.8503,0.1170,0.1739,ev,multiplicative,projection,main,live,2026101118C77B29,2026-10-06T19:09:09.837Z
2026,5,9253,Mike Evans,SF,WR,at SEA,recYds,Hard Rock,69.5,over,64.8,220,-325,0.3125,0.2901,0.0772,0,0.4294,0.1169,0.1393,ev,multiplicative,projection,main,live,202610119C07AE76,2026-10-06T19:09:09.837Z
2026,5,18549,Emeka Egbuka,TB,WR,at DAL,receptions,DraftKings,4.5,over,3.52,313,,0.2421,0.2421,,1,0.3590,0.1168,0.1168,ev,none,projection,main,live,2026100942D78F91,2026-10-06T19:09:09.837Z
2026,5,15876,James Cook,BUF,RB,at LAR,rushYds,Hard Rock,73.5,over,88.04,-130,-105,0.5652,0.5246,0.0774,0,0.6820,0.1168,0.1574,ev,multiplicative,projection,main,live,20261013A957AFD4,2026-10-06T19:09:09.837Z
2026,5,11718,Chris Godwin,TB,WR,at DAL,receptions,BetRivers,6.5,over,3.83,1100,,0.0833,0.0833,,1,0.2000,0.1167,0.1167,ev,none,projection,main,live,2026100942D78F91,2026-10-06T19:09:09.837Z
2026,5,12559,Mark Andrews,BAL,TE,at ATL,recYds,FanDuel,24.5,over,39.91,-190,,0.6552,0.6552,,1,0.7719,0.1167,0.1167,ev,none,projection,main,live,2026101240603BF9,2026-10-06T19:09:09.837Z
2026,5,16032,Cade Otton,TB,TE,at DAL,recYds,Hard Rock,31.5,over,36.11,110,-150,0.4762,0.4425,0.0762,0,0.5928,0.1166,0.1503,ev,multiplicative,projection,main,live,2026100942D78F91,2026-10-06T19:09:09.837Z
2026,5,11712,Deshaun Watson,CLE,QB,at NYJ,rushYds,Hard Rock,46.5,under,14.86,-700,400,0.8750,0.8140,0.0750,0,0.9916,0.1166,0.1777,ev,multiplicative,projection,main,live,2026101112C81881,2026-10-06T19:09:09.837Z
2026,5,8057,Kirk Cousins,LV,QB,at NE,passYds,Hard Rock,190.5,under,210.38,200,-300,0.3333,0.3077,0.0833,0,0.4499,0.1166,0.1422,ev,multiplicative,projection,main,live,202610116AF20186,2026-10-06T19:09:09.837Z
2026,5,13427,Justice Hill,BAL,RB,at ATL,rushYds,Hard Rock,12.5,over,19.25,-105,-135,0.5122,0.4713,0.0867,0,0.6285,0.1164,0.1572,ev,multiplicative,projection,main,live,2026101240603BF9,2026-10-06T19:09:09.837Z
2026,5,19292,Jalon Daniels,TB,QB,at DAL,passYds,Hard Rock,188.5,over,209.11,110,-150,0.4762,0.4425,0.0762,0,0.5925,0.1163,0.1500,ev,multiplicative,projection,main,live,2026100942D78F91,2026-10-06T19:09:09.837Z
2026,5,12559,Mark Andrews,BAL,TE,at ATL,recYds,Hard Rock,21.5,over,39.91,-230,160,0.6970,0.6444,0.0816,0,0.8133,0.1163,0.1689,ev,multiplicative,projection,main,live,2026101240603BF9,2026-10-06T19:09:09.837Z
2026,5,11718,Chris Godwin,TB,WR,at DAL,receptions,FanDuel,5.5,over,3.83,446,,0.1832,0.1832,,1,0.2993,0.1162,0.1162,ev,none,projection,main,live,2026100942D78F91,2026-10-06T19:09:09.837Z
2026,5,13429,Deebo Samuel Sr.,SF,WR,at SEA,recYds,Hard Rock,43.5,over,42.63,170,-240,0.3704,0.3441,0.0763,0,0.4865,0.1162,0.1424,ev,multiplicative,projection,main,live,202610119C07AE76,2026-10-06T19:09:09.837Z
2026,5,17690,Blake Corum,LAR,RB,vs BUF,rushYds,Hard Rock,60.5,over,43.22,450,-850,0.1818,0.1689,0.0766,0,0.2980,0.1162,0.1292,ev,multiplicative,projection,main,live,20261013A957AFD4,2026-10-06T19:09:09.837Z
2026,5,18549,Emeka Egbuka,TB,WR,at DAL,recYds,Hard Rock,56.5,over,46.67,300,-450,0.2500,0.2340,0.0682,0,0.3661,0.1161,0.1321,ev,multiplicative,projection,main,live,2026100942D78F91,2026-10-06T19:09:09.837Z
2026,5,15876,James Cook,BUF,RB,at LAR,rushYds,Hard Rock,70.5,over,88.04,-150,105,0.6000,0.5516,0.0878,0,0.7160,0.1160,0.1644,ev,multiplicative,projection,main,live,20261013A957AFD4,2026-10-06T19:09:09.837Z
2026,5,16032,Cade Otton,TB,TE,at DAL,recYds,Hard Rock,28.5,over,36.11,-115,-115,0.5349,0.5000,0.0698,0,0.6508,0.1159,0.1508,ev,multiplicative,projection,main,live,2026100942D78F91,2026-10-06T19:09:09.837Z
2026,5,19607,Kaelon Black,SF,RB,at SEA,rushYds,Hard Rock,25.5,over,15.13,250,-400,0.2857,0.2632,0.0857,0,0.4016,0.1159,0.1385,ev,multiplicative,projection,main,live,202610119C07AE76,2026-10-06T19:09:09.837Z
2026,5,14416,Jalen Hurts,PHI,QB,at JAX,rushYds,Hard Rock,49.5,under,24.48,-750,425,0.8824,0.8225,0.0728,0,0.9981,0.1157,0.1756,ev,multiplicative,projection,main,live,2026101118C77B29,2026-10-06T19:09:09.837Z
2026,5,9253,Mike Evans,SF,WR,at SEA,recYds,Caesars,49.5,over,64.8,-121,,0.5475,0.5475,,1,0.6631,0.1156,0.1156,ev,none,projection,main,live,202610119C07AE76,2026-10-06T19:09:09.837Z
2026,5,15850,Jahan Dotson,ATL,WR,vs BAL,recYds,Hard Rock,43.5,under,15.76,-550,325,0.8462,0.7824,0.0814,0,0.9618,0.1156,0.1794,ev,multiplicative,projection,main,live,2026101240603BF9,2026-10-06T19:09:09.837Z
2026,5,9253,Mike Evans,SF,WR,at SEA,recYds,Caesars,59.5,over,64.8,126,,0.4425,0.4425,,1,0.5580,0.1155,0.1155,ev,none,projection,main,live,202610119C07AE76,2026-10-06T19:09:09.837Z
2026,5,15265,Kyle Pitts,ATL,TE,vs BAL,recYds,Hard Rock,16.5,over,33,-210,145,0.6774,0.6240,0.0856,0,0.7929,0.1155,0.1689,ev,multiplicative,projection,main,live,2026101240603BF9,2026-10-06T19:09:09.837Z
2026,5,15907,Brian Robinson Jr.,ATL,RB,vs BAL,rushYds,Hard Rock,31.5,under,23.17,110,-155,0.4762,0.4393,0.0840,0,0.5915,0.1153,0.1522,ev,multiplicative,projection,main,live,2026101240603BF9,2026-10-06T19:09:09.837Z
2026,5,13429,Deebo Samuel Sr.,SF,WR,at SEA,recYds,BetRivers,39.5,over,42.63,130,,0.4348,0.4348,,1,0.5500,0.1152,0.1152,ev,none,projection,main,live,202610119C07AE76,2026-10-06T19:09:09.837Z
2026,5,11718,Chris Godwin,TB,WR,at DAL,recYds,Hard Rock,62.5,over,43.08,525,-1100,0.1600,0.1486,0.0767,0,0.2752,0.1152,0.1266,ev,multiplicative,projection,main,live,2026100942D78F91,2026-10-06T19:09:09.837Z
2026,5,11718,Chris Godwin,TB,WR,at DAL,recYds,DraftKings,14.5,over,43.08,-347,,0.7763,0.7763,,1,0.8914,0.1151,0.1151,ev,none,projection,main,live,2026100942D78F91,2026-10-06T19:09:09.837Z
2026,5,18549,Emeka Egbuka,TB,WR,at DAL,receptions,BetRivers,4.5,over,3.52,310,,0.2439,0.2439,,1,0.3590,0.1151,0.1151,ev,none,projection,main,live,2026100942D78F91,2026-10-06T19:09:09.837Z
2026,5,8057,Kirk Cousins,LV,QB,at NE,passYds,Hard Rock,194.5,under,210.38,190,-260,0.3448,0.3232,0.0670,0,0.4600,0.1151,0.1368,ev,multiplicative,projection,main,live,202610116AF20186,2026-10-06T19:09:09.837Z
2026,5,9455,Davante Adams,LAR,WR,vs BUF,recYds,Hard Rock,84.5,over,79.89,200,-300,0.3333,0.3077,0.0833,0,0.4484,0.1150,0.1407,ev,multiplicative,projection,main,live,20261013A957AFD4,2026-10-06T19:09:09.837Z
2026,5,13429,Deebo Samuel Sr.,SF,WR,at SEA,recYds,DraftKings,49.5,over,42.63,257,,0.2801,0.2801,,1,0.3950,0.1149,0.1149,ev,none,projection,main,live,202610119C07AE76,2026-10-06T19:09:09.837Z
2026,5,17690,Blake Corum,LAR,RB,vs BUF,rushYds,Caesars,69.5,over,43.22,950,,0.0952,0.0952,,1,0.2101,0.1149,0.1149,ev,none,projection,main,live,20261013A957AFD4,2026-10-06T19:09:09.837Z
2026,5,16032,Cade Otton,TB,TE,at DAL,recYds,Hard Rock,24.5,over,36.11,-155,110,0.6078,0.5607,0.0840,0,0.7227,0.1149,0.1620,ev,multiplicative,projection,main,live,2026100942D78F91,2026-10-06T19:09:09.837Z
2026,5,9253,Mike Evans,SF,WR,at SEA,recYds,Hard Rock,42.5,over,64.8,-160,115,0.6154,0.5695,0.0805,0,0.7303,0.1149,0.1607,ev,multiplicative,projection,main,live,202610119C07AE76,2026-10-06T19:09:09.837Z
2026,5,15850,Jahan Dotson,ATL,WR,vs BAL,recYds,Hard Rock,44.5,under,15.76,-575,350,0.8519,0.7931,0.0741,0,0.9668,0.1149,0.1737,ev,multiplicative,projection,main,live,2026101240603BF9,2026-10-06T19:09:09.837Z
2026,5,18549,Emeka Egbuka,TB,WR,at DAL,recYds,Hard Rock,54.5,over,46.67,260,-400,0.2778,0.2577,0.0778,0,0.3926,0.1148,0.1349,ev,multiplicative,projection,main,live,2026100942D78F91,2026-10-06T19:09:09.837Z
2026,5,15876,James Cook,BUF,RB,at LAR,rushYds,Hard Rock,74.5,over,88.04,-125,-110,0.5556,0.5147,0.0794,0,0.6703,0.1148,0.1556,ev,multiplicative,projection,main,live,20261013A957AFD4,2026-10-06T19:09:09.837Z
2026,5,17811,AJ Barner,SEA,TE,vs SF,recYds,Caesars,29.5,over,33.13,113,,0.4695,0.4695,,1,0.5842,0.1147,0.1147,ev,none,projection,main,live,202610119C07AE76,2026-10-06T19:09:09.837Z
2026,5,17811,AJ Barner,SEA,TE,vs SF,recYds,Hard Rock,32.5,over,33.13,150,-210,0.4000,0.3713,0.0774,0,0.5147,0.1147,0.1435,ev,multiplicative,projection,main,live,202610119C07AE76,2026-10-06T19:09:09.837Z
2026,5,15850,Jahan Dotson,ATL,WR,vs BAL,recYds,Hard Rock,28.5,under,15.76,-210,150,0.6774,0.6287,0.0774,0,0.7921,0.1147,0.1634,ev,multiplicative,projection,main,live,2026101240603BF9,2026-10-06T19:09:09.837Z
2026,5,9455,Davante Adams,LAR,WR,vs BUF,recYds,Hard Rock,85.5,over,79.89,210,-300,0.3226,0.3008,0.0726,0,0.4373,0.1147,0.1365,ev,multiplicative,projection,main,live,20261013A957AFD4,2026-10-06T19:09:09.837Z
2026,5,13429,Deebo Samuel Sr.,SF,WR,at SEA,recYds,BetRivers,33.5,over,42.63,-112,-120,0.5283,0.4920,0.0738,0,0.6429,0.1146,0.1509,ev,multiplicative,projection,main,live,202610119C07AE76,2026-10-06T19:09:09.837Z
2026,5,19292,Jalon Daniels,TB,QB,at DAL,passYds,Hard Rock,259.5,over,209.11,600,-1400,0.1429,0.1327,0.0762,0,0.2574,0.1146,0.1247,ev,multiplicative,projection,main,live,2026100942D78F91,2026-10-06T19:09:09.837Z
2026,5,14371,Jordan Love,GB,QB,vs CHI,passYds,Caesars,259.5,over,255.85,174,,0.3650,0.3650,,1,0.4794,0.1145,0.1145,ev,none,projection,main,live,202610112660CB0C,2026-10-06T19:09:09.837Z
2026,5,15876,James Cook,BUF,RB,at LAR,rushYds,FanDuel,79.5,over,88.04,102,,0.4950,0.4950,,1,0.6095,0.1144,0.1144,ev,none,projection,main,live,20261013A957AFD4,2026-10-06T19:09:09.837Z
2026,5,17784,Bucky Irving,TB,RB,at DAL,recYds,Hard Rock,26.5,over,23.17,230,-350,0.3030,0.2804,0.0808,0,0.4175,0.1144,0.1371,ev,multiplicative,projection,main,live,2026100942D78F91,2026-10-06T19:09:09.837Z
2026,5,19292,Jalon Daniels,TB,QB,at DAL,passYds,Hard Rock,255.5,over,209.11,525,-1300,0.1600,0.1470,0.0886,0,0.2744,0.1144,0.1274,ev,multiplicative,projection,main,live,2026100942D78F91,2026-10-06T19:09:09.837Z
2026,5,15907,Brian Robinson Jr.,ATL,RB,vs BAL,rushYds,Hard Rock,32.5,under,23.17,105,-145,0.4878,0.4518,0.0796,0,0.6022,0.1144,0.1504,ev,multiplicative,projection,main,live,2026101240603BF9,2026-10-06T19:09:09.837Z
2026,5,16919,Zay Flowers,BAL,WR,at ATL,recYds,Hard Rock,41.5,over,84.25,-400,250,0.8000,0.7368,0.0857,0,0.9144,0.1144,0.1776,ev,multiplicative,projection,main,live,2026101240603BF9,2026-10-06T19:09:09.837Z
2026,5,9455,Davante Adams,LAR,WR,vs BUF,recYds,Hard Rock,70.5,over,79.89,120,-165,0.4545,0.4220,0.0772,0,0.5689,0.1144,0.1469,ev,multiplicative,projection,main,live,20261013A957AFD4,2026-10-06T19:09:09.837Z
2026,5,17784,Bucky Irving,TB,RB,at DAL,rushYds,Hard Rock,92.5,over,75.16,500,-1100,0.1667,0.1538,0.0833,0,0.2810,0.1143,0.1272,ev,multiplicative,projection,main,live,2026100942D78F91,2026-10-06T19:09:09.837Z
2026,5,15265,Kyle Pitts,ATL,TE,vs BAL,recYds,FanDuel,29.5,over,33,120,,0.4545,0.4545,,1,0.5688,0.1142,0.1142,ev,none,projection,main,live,2026101240603BF9,2026-10-06T19:09:09.837Z
2026,5,17811,AJ Barner,SEA,TE,vs SF,receptions,FanDuel,2.5,over,3.25,-152,114,0.6032,0.5635,0.0705,0,0.7173,0.1141,0.1538,ev,multiplicative,projection,main,live,202610119C07AE76,2026-10-06T19:09:09.837Z
2026,5,13427,Justice Hill,BAL,RB,at ATL,rushYds,FanDuel,11.5,over,19.25,-114,-114,0.5327,0.5000,0.0654,0,0.6468,0.1141,0.1468,ev,multiplicative,projection,main,live,2026101240603BF9,2026-10-06T19:09:09.837Z
2026,5,13427,Justice Hill,BAL,RB,at ATL,rushYds,Caesars,11.5,over,19.25,-114,-115,0.5327,0.4990,0.0676,0,0.6468,0.1141,0.1478,ev,multiplicative,projection,main,live,2026101240603BF9,2026-10-06T19:09:09.837Z
2026,5,17716,Brian Thomas Jr.,JAX,WR,vs PHI,recYds,theScore,27.5,over,33.71,100,-130,0.5000,0.4694,0.0652,0,0.6141,0.1141,0.1447,ev,multiplicative,projection,main,live,2026101118C77B29,2026-10-06T19:09:09.837Z
2026,5,15850,Jahan Dotson,ATL,WR,vs BAL,recYds,Hard Rock,45.5,under,15.76,-600,350,0.8571,0.7941,0.0794,0,0.9713,0.1141,0.1771,ev,multiplicative,projection,main,live,2026101240603BF9,2026-10-06T19:09:09.837Z
2026,5,14371,Jordan Love,GB,QB,vs CHI,passYds,DraftKings,239.5,over,255.85,113,,0.4695,0.4695,,1,0.5835,0.1140,0.1140,ev,none,projection,main,live,202610112660CB0C,2026-10-06T19:09:09.837Z
2026,5,9253,Mike Evans,SF,WR,at SEA,recYds,DraftKings,39.5,over,64.8,-180,,0.6429,0.6429,,1,0.7569,0.1140,0.1140,ev,none,projection,main,live,202610119C07AE76,2026-10-06T19:09:09.837Z
2026,5,16690,Parker Washington,JAX,WR,vs PHI,recYds,Hard Rock,104.5,under,68.35,-750,425,0.8824,0.8225,0.0728,0,0.9963,0.1140,0.1739,ev,multiplicative,projection,main,live,2026101118C77B29,2026-10-06T19:09:09.837Z
2026,5,16032,Cade Otton,TB,TE,at DAL,recYds,Hard Rock,27.5,over,36.11,-125,-115,0.5556,0.5095,0.0904,0,0.6694,0.1139,0.1599,ev,multiplicative,projection,main,live,2026100942D78F91,2026-10-06T19:09:09.837Z
2026,5,15265,Kyle Pitts,ATL,TE,vs BAL,recYds,Hard Rock,26.5,over,33,-105,-135,0.5122,0.4713,0.0867,0,0.6261,0.1139,0.1548,ev,multiplicative,projection,main,live,2026101240603BF9,2026-10-06T19:09:09.837Z
2026,5,16560,Rashid Shaheed,SEA,WR,vs SF,recYds,BetRivers,39.5,over,30.27,350,,0.2222,0.2222,,1,0.3361,0.1138,0.1138,ev,none,projection,main,live,202610119C07AE76,2026-10-06T19:09:09.837Z
2026,5,16560,Rashid Shaheed,SEA,WR,vs SF,recYds,theScore,39.5,over,30.27,350,,0.2222,0.2222,,1,0.3361,0.1138,0.1138,ev,none,projection,main,live,202610119C07AE76,2026-10-06T19:09:09.837Z
2026,5,14563,Tyler Huntley,BAL,QB,at ATL,passTD,Caesars,1.5,under,0.77,-240,189,0.7059,0.6711,0.0519,0,0.8195,0.1137,0.1485,ev,multiplicative,projection,main,live,2026101240603BF9,2026-10-06T19:09:09.837Z
2026,5,15876,James Cook,BUF,RB,at LAR,rushYds,Caesars,76.5,over,88.04,-114,-114,0.5327,0.5000,0.0654,0,0.6464,0.1137,0.1464,ev,multiplicative,projection,main,live,20261013A957AFD4,2026-10-06T19:09:09.837Z
2026,5,9455,Davante Adams,LAR,WR,vs BUF,recYds,Hard Rock,86.5,over,79.89,220,-325,0.3125,0.2901,0.0772,0,0.4262,0.1137,0.1361,ev,multiplicative,projection,main,live,20261013A957AFD4,2026-10-06T19:09:09.837Z
2026,5,17690,Blake Corum,LAR,RB,vs BUF,rushYds,Hard Rock,61.5,over,43.22,475,-950,0.1739,0.1612,0.0787,0,0.2875,0.1136,0.1263,ev,multiplicative,projection,main,live,20261013A957AFD4,2026-10-06T19:09:09.837Z
2026,5,18549,Emeka Egbuka,TB,WR,at DAL,recYds,BetRivers,49.5,over,46.67,188,,0.3472,0.3472,,1,0.4608,0.1135,0.1135,ev,none,projection,main,live,2026100942D78F91,2026-10-06T19:09:09.837Z
2026,5,19292,Jalon Daniels,TB,QB,at DAL,passYds,Hard Rock,186.5,over,209.11,105,-145,0.4878,0.4518,0.0796,0,0.6013,0.1135,0.1495,ev,multiplicative,projection,main,live,2026100942D78F91,2026-10-06T19:09:09.837Z
2026,5,16739,Bijan Robinson,ATL,RB,vs BAL,recYds,Hard Rock,28.5,over,36.4,-105,-130,0.5122,0.4754,0.0774,0,0.6257,0.1135,0.1503,ev,multiplicative,projection,main,live,2026101240603BF9,2026-10-06T19:09:09.837Z
2026,5,15876,James Cook,BUF,RB,at LAR,rushYds,Caesars,59.5,over,88.04,-245,,0.7101,0.7101,,1,0.8236,0.1134,0.1134,ev,none,projection,main,live,20261013A957AFD4,2026-10-06T19:09:09.837Z
2026,5,11718,Chris Godwin,TB,WR,at DAL,receptions,Hard Rock,4.5,over,3.83,230,-375,0.3030,0.2774,0.0925,0,0.4164,0.1133,0.1390,ev,multiplicative,projection,main,live,2026100942D78F91,2026-10-06T19:09:09.837Z
2026,5,9253,Mike Evans,SF,WR,at SEA,recYds,Hard Rock,43.5,over,64.8,-155,110,0.6078,0.5607,0.0840,0,0.7211,0.1133,0.1604,ev,multiplicative,projection,main,live,202610119C07AE76,2026-10-06T19:09:09.837Z
2026,5,16032,Cade Otton,TB,TE,at DAL,recYds,Hard Rock,26.5,over,36.11,-135,-105,0.5745,0.5287,0.0867,0,0.6876,0.1132,0.1590,ev,multiplicative,projection,main,live,2026100942D78F91,2026-10-06T19:09:09.837Z
2026,5,18549,Emeka Egbuka,TB,WR,at DAL,recYds,Hard Rock,13.5,over,46.67,-450,275,0.8182,0.7542,0.0848,0,0.9313,0.1131,0.1771,ev,multiplicative,projection,main,live,2026100942D78F91,2026-10-06T19:09:09.837Z
2026,5,16690,Parker Washington,JAX,WR,vs PHI,recYds,Hard Rock,103.5,under,68.35,-750,400,0.8824,0.8152,0.0824,0,0.9954,0.1131,0.1802,ev,multiplicative,projection,main,live,2026101118C77B29,2026-10-06T19:09:09.837Z
2026,5,15876,James Cook,BUF,RB,at LAR,rushYds,Hard Rock,75.5,over,88.04,-120,-115,0.5455,0.5049,0.0803,0,0.6584,0.1130,0.1535,ev,multiplicative,projection,main,live,20261013A957AFD4,2026-10-06T19:09:09.837Z
2026,5,14416,Jalen Hurts,PHI,QB,at JAX,rushAtt,BetRivers,4.5,over,5.78,-286,,0.7409,0.7409,,1,0.8538,0.1129,0.1129,ev,none,projection,main,live,2026101118C77B29,2026-10-06T19:09:09.837Z
2026,5,9253,Mike Evans,SF,WR,at SEA,recYds,FanDuel,69.5,over,64.8,216,,0.3165,0.3165,,1,0.4294,0.1129,0.1129,ev,none,projection,main,live,202610119C07AE76,2026-10-06T19:09:09.837Z
2026,5,16032,Cade Otton,TB,TE,at DAL,recYds,Hard Rock,22.5,over,36.11,-180,130,0.6429,0.5965,0.0776,0,0.7558,0.1129,0.1592,ev,multiplicative,projection,main,live,2026100942D78F91,2026-10-06T19:09:09.837Z
2026,5,17716,Brian Thomas Jr.,JAX,WR,vs PHI,recYds,theScore,29.5,over,33.71,115,,0.4651,0.4651,,1,0.5779,0.1128,0.1128,ev,none,projection,main,live,2026101118C77B29,2026-10-06T19:09:09.837Z
2026,5,11718,Chris Godwin,TB,WR,at DAL,recYds,FanDuel,14.5,over,43.08,-352,,0.7788,0.7788,,1,0.8914,0.1127,0.1127,ev,none,projection,main,live,2026100942D78F91,2026-10-06T19:09:09.837Z
2026,5,17702,Braelon Allen,NYJ,RB,vs CLE,rushYds,Hard Rock,89.5,under,38.23,-275,195,0.7333,0.6839,0.0723,0,0.8460,0.1127,0.1621,ev,multiplicative,projection,main,live,2026101112C81881,2026-10-06T19:09:09.837Z
2026,5,18524,Bhayshul Tuten,JAX,RB,vs PHI,recYds,Caesars,9.5,over,12.52,-110,-120,0.5238,0.4899,0.0693,0,0.6364,0.1126,0.1465,ev,multiplicative,projection,main,live,2026101118C77B29,2026-10-06T19:09:09.837Z
2026,5,18549,Emeka Egbuka,TB,WR,at DAL,recYds,Hard Rock,55.5,over,46.67,275,-425,0.2667,0.2478,0.0762,0,0.3793,0.1126,0.1315,ev,multiplicative,projection,main,live,2026100942D78F91,2026-10-06T19:09:09.837Z
2026,5,16919,Zay Flowers,BAL,WR,at ATL,recYds,Hard Rock,86.5,over,84.25,180,-260,0.3571,0.3309,0.0794,0,0.4698,0.1126,0.1389,ev,multiplicative,projection,main,live,2026101240603BF9,2026-10-06T19:09:09.837Z
2026,5,16032,Cade Otton,TB,TE,at DAL,recYds,Hard Rock,30.5,over,36.11,100,-140,0.5000,0.4615,0.0833,0,0.6124,0.1124,0.1509,ev,multiplicative,projection,main,live,2026100942D78F91,2026-10-06T19:09:09.837Z
2026,5,17700,Michael Penix Jr.,ATL,QB,vs BAL,passTD,FanDuel,1.5,under,1.03,-158,118,0.6124,0.5717,0.0711,0,0.7247,0.1123,0.1530,ev,multiplicative,projection,main,live,2026101240603BF9,2026-10-06T19:09:09.837Z
2026,5,15907,Brian Robinson Jr.,ATL,RB,vs BAL,rushYds,Hard Rock,18.5,under,23.17,325,-525,0.2353,0.2188,0.0753,0,0.3476,0.1123,0.1288,ev,multiplicative,projection,main,live,2026101240603BF9,2026-10-06T19:09:09.837Z
2026,5,18549,Emeka Egbuka,TB,WR,at DAL,receptions,Caesars,4.5,over,3.52,305,,0.2469,0.2469,,1,0.3590,0.1121,0.1121,ev,none,projection,main,live,2026100942D78F91,2026-10-06T19:09:09.837Z
2026,5,14371,Jordan Love,GB,QB,vs CHI,passYds,DraftKings,279.5,over,255.85,289,,0.2571,0.2571,,1,0.3691,0.1120,0.1120,ev,none,projection,main,live,202610112660CB0C,2026-10-06T19:09:09.837Z
2026,5,17784,Bucky Irving,TB,RB,at DAL,rushYds,theScore,44.5,over,75.16,-190,,0.6552,0.6552,,1,0.7671,0.1120,0.1120,ev,none,projection,main,live,2026100942D78F91,2026-10-06T19:09:09.837Z
2026,5,17784,Bucky Irving,TB,RB,at DAL,rushYds,Hard Rock,44.5,over,75.16,-190,130,0.6552,0.6011,0.0900,0,0.7671,0.1120,0.1660,ev,multiplicative,projection,main,live,2026100942D78F91,2026-10-06T19:09:09.837Z
2026,5,13429,Deebo Samuel Sr.,SF,WR,at SEA,recYds,Hard Rock,23.5,over,42.63,-200,145,0.6667,0.6203,0.0748,0,0.7786,0.1120,0.1584,ev,multiplicative,projection,main,live,202610119C07AE76,2026-10-06T19:09:09.837Z
2026,5,19292,Jalon Daniels,TB,QB,at DAL,passYds,Hard Rock,189.5,over,209.11,110,-155,0.4762,0.4393,0.0840,0,0.5881,0.1119,0.1488,ev,multiplicative,projection,main,live,2026100942D78F91,2026-10-06T19:09:09.837Z
2026,5,15265,Kyle Pitts,ATL,TE,vs BAL,recYds,Hard Rock,28.5,over,33,110,-155,0.4762,0.4393,0.0840,0,0.5881,0.1119,0.1488,ev,multiplicative,projection,main,live,2026101240603BF9,2026-10-06T19:09:09.837Z
2026,5,13427,Justice Hill,BAL,RB,at ATL,rushYds,Hard Rock,11.5,over,19.25,-115,-115,0.5349,0.5000,0.0698,0,0.6468,0.1119,0.1468,ev,multiplicative,projection,main,live,2026101240603BF9,2026-10-06T19:09:09.837Z
2026,5,15876,James Cook,BUF,RB,at LAR,rushYds,FanDuel,59.5,over,88.04,-247,,0.7118,0.7118,,1,0.8236,0.1118,0.1118,ev,none,projection,main,live,20261013A957AFD4,2026-10-06T19:09:09.837Z
2026,5,17716,Brian Thomas Jr.,JAX,WR,vs PHI,recYds,Hard Rock,33.5,over,33.71,155,-220,0.3922,0.3632,0.0797,0,0.5039,0.1118,0.1407,ev,multiplicative,projection,main,live,2026101118C77B29,2026-10-06T19:09:09.837Z
2026,5,16560,Rashid Shaheed,SEA,WR,vs SF,recYds,theScore,9.5,over,30.27,-275,,0.7333,0.7333,,1,0.8450,0.1117,0.1117,ev,none,projection,main,live,202610119C07AE76,2026-10-06T19:09:09.837Z
2026,5,8057,Kirk Cousins,LV,QB,at NE,passYds,Hard Rock,195.5,under,210.38,185,-260,0.3509,0.3270,0.0731,0,0.4625,0.1116,0.1355,ev,multiplicative,projection,main,live,202610116AF20186,2026-10-06T19:09:09.837Z
2026,5,16919,Zay Flowers,BAL,WR,at ATL,recYds,Hard Rock,87.5,over,84.25,190,-275,0.3448,0.3198,0.0782,0,0.4564,0.1116,0.1366,ev,multiplicative,projection,main,live,2026101240603BF9,2026-10-06T19:09:09.837Z
2026,5,15876,James Cook,BUF,RB,at LAR,rushYds,Hard Rock,64.5,over,88.04,-200,140,0.6667,0.6154,0.0833,0,0.7782,0.1116,0.1629,ev,multiplicative,projection,main,live,20261013A957AFD4,2026-10-06T19:09:09.837Z
2026,5,9253,Mike Evans,SF,WR,at SEA,recYds,Caesars,39.5,over,64.8,-182,,0.6454,0.6454,,1,0.7569,0.1115,0.1115,ev,none,projection,main,live,202610119C07AE76,2026-10-06T19:09:09.837Z
2026,5,17690,Blake Corum,LAR,RB,vs BUF,rushYds,FanDuel,59.5,over,43.22,407,,0.1972,0.1972,,1,0.3088,0.1115,0.1115,ev,none,projection,main,live,20261013A957AFD4,2026-10-06T19:09:09.837Z
2026,5,9253,Mike Evans,SF,WR,at SEA,recYds,Hard Rock,70.5,over,64.8,230,-350,0.3030,0.2804,0.0808,0,0.4145,0.1115,0.1342,ev,multiplicative,projection,main,live,202610119C07AE76,2026-10-06T19:09:09.837Z
2026,5,15876,James Cook,BUF,RB,at LAR,rushYds,Hard Rock,76.5,over,88.04,-115,-115,0.5349,0.5000,0.0698,0,0.6464,0.1115,0.1464,ev,multiplicative,projection,main,live,20261013A957AFD4,2026-10-06T19:09:09.837Z
2026,5,13427,Justice Hill,BAL,RB,at ATL,rushYds,Hard Rock,22.5,over,19.25,275,-425,0.2667,0.2478,0.0762,0,0.3779,0.1113,0.1301,ev,multiplicative,projection,main,live,2026101240603BF9,2026-10-06T19:09:09.837Z
2026,5,11718,Chris Godwin,TB,WR,at DAL,recYds,Hard Rock,63.5,over,43.08,550,-1200,0.1538,0.1429,0.0769,0,0.2651,0.1112,0.1222,ev,multiplicative,projection,main,live,2026100942D78F91,2026-10-06T19:09:09.837Z
2026,5,19292,Jalon Daniels,TB,QB,at DAL,passYds,DraftKings,269.5,over,209.11,840,,0.1064,0.1064,,1,0.2175,0.1111,0.1111,ev,none,projection,main,live,2026100942D78F91,2026-10-06T19:09:09.837Z
2026,5,19292,Jalon Daniels,TB,QB,at DAL,rushYds,Hard Rock,74.5,under,20.13,-800,450,0.8889,0.8302,0.0707,0,1.0000,0.1111,0.1698,ev,multiplicative,projection,main,live,2026100942D78F91,2026-10-06T19:09:09.837Z
2026,5,19292,Jalon Daniels,TB,QB,at DAL,rushYds,Hard Rock,73.5,under,20.13,-800,425,0.8889,0.8235,0.0794,0,1.0000,0.1111,0.1765,ev,multiplicative,projection,main,live,2026100942D78F91,2026-10-06T19:09:09.837Z
2026,5,17057,Isaiah Davis,NYJ,RB,vs CLE,rushYds,Hard Rock,33.5,under,3.02,-800,450,0.8889,0.8302,0.0707,0,1.0000,0.1111,0.1698,ev,multiplicative,projection,main,live,2026101112C81881,2026-10-06T19:09:09.837Z
2026,5,9455,Davante Adams,LAR,WR,vs BUF,recYds,Hard Rock,69.5,over,79.89,115,-160,0.4651,0.4305,0.0805,0,0.5762,0.1111,0.1457,ev,multiplicative,projection,main,live,20261013A957AFD4,2026-10-06T19:09:09.837Z
2026,5,14371,Jordan Love,GB,QB,vs CHI,passYds,Caesars,269.5,over,255.85,220,,0.3125,0.3125,,1,0.4235,0.1110,0.1110,ev,none,projection,main,live,202610112660CB0C,2026-10-06T19:09:09.837Z
2026,5,14371,Jordan Love,GB,QB,vs CHI,passYds,Caesars,249.5,over,255.85,137,,0.4219,0.4219,,1,0.5326,0.1107,0.1107,ev,none,projection,main,live,202610112660CB0C,2026-10-06T19:09:09.837Z
2026,5,8743,Geno Smith,NYJ,QB,vs CLE,rushYds,FanDuel,11.5,over,13.84,-114,-114,0.5327,0.5000,0.0654,0,0.6432,0.1105,0.1432,ev,multiplicative,projection,main,live,2026101112C81881,2026-10-06T19:09:09.837Z
2026,5,19292,Jalon Daniels,TB,QB,at DAL,passYds,Hard Rock,260.5,over,209.11,600,-1500,0.1429,0.1322,0.0804,0,0.2533,0.1104,0.1210,ev,multiplicative,projection,main,live,2026100942D78F91,2026-10-06T19:09:09.837Z
2026,5,15876,James Cook,BUF,RB,at LAR,rushYds,Hard Rock,77.5,over,88.04,-110,-125,0.5238,0.4853,0.0794,0,0.6342,0.1104,0.1489,ev,multiplicative,projection,main,live,20261013A957AFD4,2026-10-06T19:09:09.837Z
2026,5,15876,James Cook,BUF,RB,at LAR,rushYds,Hard Rock,63.5,over,88.04,-210,145,0.6774,0.6240,0.0856,0,0.7878,0.1104,0.1638,ev,multiplicative,projection,main,live,20261013A957AFD4,2026-10-06T19:09:09.837Z
2026,5,15265,Kyle Pitts,ATL,TE,vs BAL,recYds,FanDuel,19.5,over,33,-176,,0.6377,0.6377,,1,0.7480,0.1103,0.1103,ev,none,projection,main,live,2026101240603BF9,2026-10-06T19:09:09.837Z
2026,5,19292,Jalon Daniels,TB,QB,at DAL,passYds,theScore,249.5,over,209.11,425,,0.1905,0.1905,,1,0.3008,0.1103,0.1103,ev,none,projection,main,live,2026100942D78F91,2026-10-06T19:09:09.837Z
2026,5,17811,AJ Barner,SEA,TE,vs SF,recYds,Hard Rock,13.5,over,33.13,-325,220,0.7647,0.7099,0.0772,0,0.8750,0.1103,0.1651,ev,multiplicative,projection,main,live,202610119C07AE76,2026-10-06T19:09:09.837Z
2026,5,13427,Justice Hill,BAL,RB,at ATL,rushYds,Caesars,19.5,over,19.25,163,,0.3802,0.3802,,1,0.4905,0.1102,0.1102,ev,none,projection,main,live,2026101240603BF9,2026-10-06T19:09:09.837Z
2026,5,17716,Brian Thomas Jr.,JAX,WR,vs PHI,recYds,Hard Rock,15.5,over,33.71,-225,155,0.6923,0.6384,0.0845,0,0.8025,0.1102,0.1641,ev,multiplicative,projection,main,live,2026101118C77B29,2026-10-06T19:09:09.837Z
2026,5,17716,Brian Thomas Jr.,JAX,WR,vs PHI,recYds,theScore,19.5,over,33.71,-175,,0.6364,0.6364,,1,0.7466,0.1102,0.1102,ev,none,projection,main,live,2026101118C77B29,2026-10-06T19:09:09.837Z
2026,5,16739,Bijan Robinson,ATL,RB,vs BAL,recYds,Hard Rock,29.5,over,36.4,100,-145,0.5000,0.4579,0.0918,0,0.6102,0.1102,0.1523,ev,multiplicative,projection,main,live,2026101240603BF9,2026-10-06T19:09:09.837Z
2026,5,9455,Davante Adams,LAR,WR,vs BUF,recYds,DraftKings,89.5,over,79.89,253,,0.2833,0.2833,,1,0.3934,0.1101,0.1101,ev,none,projection,main,live,20261013A957AFD4,2026-10-06T19:09:09.837Z
2026,5,19292,Jalon Daniels,TB,QB,at DAL,passYds,Hard Rock,184.5,over,209.11,100,-135,0.5000,0.4653,0.0745,0,0.6100,0.1100,0.1447,ev,multiplicative,projection,main,live,2026100942D78F91,2026-10-06T19:09:09.837Z
2026,5,15222,Kenneth Gainwell,TB,RB,at DAL,recYds,Hard Rock,20.5,over,18.34,200,-300,0.3333,0.3077,0.0833,0,0.4433,0.1099,0.1356,ev,multiplicative,projection,main,live,2026100942D78F91,2026-10-06T19:09:09.837Z
2026,5,16032,Cade Otton,TB,TE,at DAL,recYds,Hard Rock,23.5,over,36.11,-170,120,0.6296,0.5807,0.0842,0,0.7395,0.1099,0.1588,ev,multiplicative,projection,main,live,2026100942D78F91,2026-10-06T19:09:09.837Z
2026,5,17784,Bucky Irving,TB,RB,at DAL,rushYds,Hard Rock,93.5,over,75.16,525,-1200,0.1600,0.1477,0.0831,0,0.2698,0.1098,0.1221,ev,multiplicative,projection,main,live,2026100942D78F91,2026-10-06T19:09:09.837Z
2026,5,16560,Rashid Shaheed,SEA,WR,vs SF,recYds,Hard Rock,36.5,over,30.27,260,-400,0.2778,0.2577,0.0778,0,0.3876,0.1098,0.1298,ev,multiplicative,projection,main,live,202610119C07AE76,2026-10-06T19:09:09.837Z
2026,5,15265,Kyle Pitts,ATL,TE,vs BAL,recYds,Hard Rock,15.5,over,33,-230,160,0.6970,0.6444,0.0816,0,0.8068,0.1098,0.1624,ev,multiplicative,projection,main,live,2026101240603BF9,2026-10-06T19:09:09.837Z
2026,5,16919,Zay Flowers,BAL,WR,at ATL,recYds,Hard Rock,40.5,over,84.25,-425,260,0.8095,0.7445,0.0873,0,0.9193,0.1098,0.1748,ev,multiplicative,projection,main,live,2026101240603BF9,2026-10-06T19:09:09.837Z
2026,5,18549,Emeka Egbuka,TB,WR,at DAL,recYds,FanDuel,14.5,over,46.67,-442,,0.8155,0.8155,,1,0.9252,0.1097,0.1097,ev,none,projection,main,live,2026100942D78F91,2026-10-06T19:09:09.837Z
2026,5,9253,Mike Evans,SF,WR,at SEA,recYds,Hard Rock,41.5,over,64.8,-170,125,0.6296,0.5862,0.0741,0,0.7393,0.1097,0.1531,ev,multiplicative,projection,main,live,202610119C07AE76,2026-10-06T19:09:09.837Z
2026,5,15876,James Cook,BUF,RB,at LAR,rushYds,Hard Rock,78.5,over,88.04,-105,-130,0.5122,0.4754,0.0774,0,0.6219,0.1097,0.1465,ev,multiplicative,projection,main,live,20261013A957AFD4,2026-10-06T19:09:09.837Z
2026,5,11718,Chris Godwin,TB,WR,at DAL,receptions,FanDuel,4.5,over,3.83,226,,0.3067,0.3067,,1,0.4164,0.1096,0.1096,ev,none,projection,main,live,2026100942D78F91,2026-10-06T19:09:09.837Z
2026,5,17784,Bucky Irving,TB,RB,at DAL,receptions,Hard Rock,1.5,over,3.38,-275,185,0.7333,0.6764,0.0842,0,0.8429,0.1096,0.1665,ev,multiplicative,projection,main,live,2026100942D78F91,2026-10-06T19:09:09.837Z
2026,5,15876,James Cook,BUF,RB,at LAR,rushYds,Hard Rock,62.5,over,88.04,-220,150,0.6875,0.6322,0.0875,0,0.7971,0.1096,0.1649,ev,multiplicative,projection,main,live,20261013A957AFD4,2026-10-06T19:09:09.837Z
2026,5,17673,Drake Maye,NE,QB,vs LV,completions,DraftKings,25.5,over,21.01,770,,0.1149,0.1149,,1,0.2245,0.1095,0.1095,ev,none,projection,main,live,202610116AF20186,2026-10-06T19:09:09.837Z
2026,5,15876,James Cook,BUF,RB,at LAR,rushYds,Hard Rock,79.5,over,88.04,100,-140,0.5000,0.4615,0.0833,0,0.6095,0.1095,0.1480,ev,multiplicative,projection,main,live,20261013A957AFD4,2026-10-06T19:09:09.837Z
2026,5,18549,Emeka Egbuka,TB,WR,at DAL,recYds,FanDuel,59.5,over,46.67,358,,0.2183,0.2183,,1,0.3276,0.1093,0.1093,ev,none,projection,main,live,2026100942D78F91,2026-10-06T19:09:09.837Z
2026,5,18549,Emeka Egbuka,TB,WR,at DAL,receptions,BetRivers,2.5,over,3.52,-180,,0.6429,0.6429,,1,0.7521,0.1093,0.1093,ev,none,projection,main,live,2026100942D78F91,2026-10-06T19:09:09.837Z
2026,5,14371,Jordan Love,GB,QB,vs CHI,passYds,Caesars,279.5,over,255.85,285,,0.2597,0.2597,,1,0.3691,0.1093,0.1093,ev,none,projection,main,live,202610112660CB0C,2026-10-06T19:09:09.837Z
2026,5,17716,Brian Thomas Jr.,JAX,WR,vs PHI,recYds,Hard Rock,14.5,over,33.71,-240,170,0.7059,0.6559,0.0763,0,0.8152,0.1093,0.1593,ev,multiplicative,projection,main,live,2026101118C77B29,2026-10-06T19:09:09.837Z
2026,5,15876,James Cook,BUF,RB,at LAR,rushYds,Hard Rock,59.5,over,88.04,-250,175,0.7143,0.6627,0.0779,0,0.8236,0.1093,0.1609,ev,multiplicative,projection,main,live,20261013A957AFD4,2026-10-06T19:09:09.837Z
2026,5,17716,Brian Thomas Jr.,JAX,WR,vs PHI,receptions,Hard Rock,1.5,over,2.42,-170,130,0.6296,0.5915,0.0644,0,0.7388,0.1092,0.1473,ev,multiplicative,projection,main,live,2026101118C77B29,2026-10-06T19:09:09.837Z
2026,5,15876,James Cook,BUF,RB,at LAR,rushYds,Hard Rock,61.5,over,88.04,-230,160,0.6970,0.6444,0.0816,0,0.8062,0.1092,0.1618,ev,multiplicative,projection,main,live,20261013A957AFD4,2026-10-06T19:09:09.837Z
2026,5,19292,Jalon Daniels,TB,QB,at DAL,passYds,Hard Rock,187.5,over,209.11,105,-150,0.4878,0.4484,0.0878,0,0.5969,0.1091,0.1485,ev,multiplicative,projection,main,live,2026100942D78F91,2026-10-06T19:09:09.837Z
2026,5,15876,James Cook,BUF,RB,at LAR,rushYds,Hard Rock,60.5,over,88.04,-240,165,0.7059,0.6516,0.0832,0,0.8150,0.1091,0.1634,ev,multiplicative,projection,main,live,20261013A957AFD4,2026-10-06T19:09:09.837Z
2026,5,15876,James Cook,BUF,RB,at LAR,rushYds,Hard Rock,80.5,over,88.04,105,-145,0.4878,0.4518,0.0796,0,0.5969,0.1091,0.1451,ev,multiplicative,projection,main,live,20261013A957AFD4,2026-10-06T19:09:09.837Z
2026,5,18549,Emeka Egbuka,TB,WR,at DAL,receptions,Hard Rock,4.5,over,3.52,300,-500,0.2500,0.2308,0.0833,0,0.3590,0.1090,0.1282,ev,multiplicative,projection,main,live,2026100942D78F91,2026-10-06T19:09:09.837Z
2026,5,18549,Emeka Egbuka,TB,WR,at DAL,receptions,theScore,4.5,over,3.52,300,,0.2500,0.2500,,1,0.3590,0.1090,0.1090,ev,none,projection,main,live,2026100942D78F91,2026-10-06T19:09:09.837Z
2026,5,16919,Zay Flowers,BAL,WR,at ATL,recYds,FanDuel,39.5,over,84.25,-441,,0.8152,0.8152,,1,0.9240,0.1088,0.1088,ev,none,projection,main,live,2026101240603BF9,2026-10-06T19:09:09.837Z
2026,5,16690,Parker Washington,JAX,WR,vs PHI,recYds,Hard Rock,106.5,under,68.35,-800,450,0.8889,0.8302,0.0707,0,0.9977,0.1088,0.1675,ev,multiplicative,projection,main,live,2026101118C77B29,2026-10-06T19:09:09.837Z
2026,5,11718,Chris Godwin,TB,WR,at DAL,receptions,theScore,4.5,over,3.83,225,,0.3077,0.3077,,1,0.4164,0.1087,0.1087,ev,none,projection,main,live,2026100942D78F91,2026-10-06T19:09:09.837Z
2026,5,17716,Brian Thomas Jr.,JAX,WR,vs PHI,recYds,Hard Rock,34.5,over,33.71,165,-230,0.3774,0.3513,0.0743,0,0.4861,0.1087,0.1348,ev,multiplicative,projection,main,live,2026101118C77B29,2026-10-06T19:09:09.837Z
2026,5,15850,Jahan Dotson,ATL,WR,vs BAL,recYds,Hard Rock,46.5,under,15.76,-650,375,0.8667,0.8046,0.0772,0,0.9752,0.1085,0.1706,ev,multiplicative,projection,main,live,2026101240603BF9,2026-10-06T19:09:09.837Z
2026,5,19607,Kaelon Black,SF,RB,at SEA,rushYds,FanDuel,39.5,over,15.13,486,,0.1706,0.1706,,1,0.2791,0.1084,0.1084,ev,none,projection,main,live,202610119C07AE76,2026-10-06T19:09:09.837Z
2026,5,16032,Cade Otton,TB,TE,at DAL,recYds,Hard Rock,33.5,over,36.11,125,-170,0.4444,0.4138,0.0741,0,0.5528,0.1084,0.1391,ev,multiplicative,projection,main,live,2026100942D78F91,2026-10-06T19:09:09.837Z
2026,5,16690,Parker Washington,JAX,WR,vs PHI,recYds,Hard Rock,105.5,under,68.35,-800,425,0.8889,0.8235,0.0794,0,0.9971,0.1082,0.1735,ev,multiplicative,projection,main,live,2026101118C77B29,2026-10-06T19:09:09.837Z
2026,5,15876,James Cook,BUF,RB,at LAR,rushYds,Hard Rock,81.5,over,88.04,110,-150,0.4762,0.4425,0.0762,0,0.5843,0.1081,0.1418,ev,multiplicative,projection,main,live,20261013A957AFD4,2026-10-06T19:09:09.837Z
2026,5,16946,Tyson Bagent,CHI,QB,at GB,passYds,Hard Rock,161.5,under,204.05,400,-700,0.2000,0.1860,0.0750,0,0.3079,0.1079,0.1219,ev,multiplicative,projection,main,live,202610112660CB0C,2026-10-06T19:09:09.837Z
2026,5,12559,Mark Andrews,BAL,TE,at ATL,recYds,Hard Rock,39.5,over,39.91,150,-220,0.4000,0.3678,0.0875,0,0.5079,0.1079,0.1401,ev,multiplicative,projection,main,live,2026101240603BF9,2026-10-06T19:09:09.837Z
2026,5,17784,Bucky Irving,TB,RB,at DAL,rushYds,Caesars,99.5,over,75.16,900,,0.1000,0.1000,,1,0.2078,0.1078,0.1078,ev,none,projection,main,live,2026100942D78F91,2026-10-06T19:09:09.837Z
2026,5,13429,Deebo Samuel Sr.,SF,WR,at SEA,recYds,FanDuel,24.5,over,42.63,-193,,0.6587,0.6587,,1,0.7665,0.1078,0.1078,ev,none,projection,main,live,202610119C07AE76,2026-10-06T19:09:09.837Z
2026,5,16032,Cade Otton,TB,TE,at DAL,recYds,Hard Rock,32.5,over,36.11,115,-155,0.4651,0.4335,0.0730,0,0.5729,0.1078,0.1394,ev,multiplicative,projection,main,live,2026100942D78F91,2026-10-06T19:09:09.837Z
2026,5,8057,Kirk Cousins,LV,QB,at NE,passYds,Hard Rock,196.5,under,210.38,180,-260,0.3571,0.3309,0.0794,0,0.4650,0.1078,0.1341,ev,multiplicative,projection,main,live,202610116AF20186,2026-10-06T19:09:09.837Z
2026,5,19292,Jalon Daniels,TB,QB,at DAL,passYds,Hard Rock,263.5,over,209.11,650,-1600,0.1333,0.1241,0.0745,0,0.2410,0.1077,0.1169,ev,multiplicative,projection,main,live,2026100942D78F91,2026-10-06T19:09:09.837Z
2026,5,17784,Bucky Irving,TB,RB,at DAL,rushYds,Hard Rock,43.5,over,75.16,-200,140,0.6667,0.6154,0.0833,0,0.7743,0.1077,0.1590,ev,multiplicative,projection,main,live,2026100942D78F91,2026-10-06T19:09:09.837Z
2026,5,13429,Deebo Samuel Sr.,SF,WR,at SEA,recYds,Caesars,39.5,over,42.63,126,,0.4425,0.4425,,1,0.5500,0.1075,0.1075,ev,none,projection,main,live,202610119C07AE76,2026-10-06T19:09:09.837Z
2026,5,13429,Deebo Samuel Sr.,SF,WR,at SEA,recYds,Hard Rock,44.5,over,42.63,175,-250,0.3636,0.3373,0.0779,0,0.4711,0.1075,0.1338,ev,multiplicative,projection,main,live,202610119C07AE76,2026-10-06T19:09:09.837Z
2026,5,9455,Davante Adams,LAR,WR,vs BUF,recYds,Hard Rock,87.5,over,79.89,225,-350,0.3077,0.2835,0.0855,0,0.4152,0.1075,0.1317,ev,multiplicative,projection,main,live,20261013A957AFD4,2026-10-06T19:09:09.837Z
2026,5,9455,Davante Adams,LAR,WR,vs BUF,recYds,Hard Rock,68.5,over,79.89,110,-155,0.4762,0.4393,0.0840,0,0.5834,0.1072,0.1441,ev,multiplicative,projection,main,live,20261013A957AFD4,2026-10-06T19:09:09.837Z
2026,5,15876,James Cook,BUF,RB,at LAR,rushYds,DraftKings,69.5,over,88.04,-163,,0.6198,0.6198,,1,0.7269,0.1071,0.1071,ev,none,projection,main,live,20261013A957AFD4,2026-10-06T19:09:09.837Z
2026,5,9253,Mike Evans,SF,WR,at SEA,recYds,BetRivers,69.5,over,64.8,210,,0.3226,0.3226,,1,0.4294,0.1068,0.1068,ev,none,projection,main,live,202610119C07AE76,2026-10-06T19:09:09.837Z
2026,5,9253,Mike Evans,SF,WR,at SEA,recYds,theScore,69.5,over,64.8,210,,0.3226,0.3226,,1,0.4294,0.1068,0.1068,ev,none,projection,main,live,202610119C07AE76,2026-10-06T19:09:09.837Z
2026,5,11718,Chris Godwin,TB,WR,at DAL,receptions,BetMGM,3.5,over,3.83,115,-155,0.4651,0.4335,0.0730,0,0.5718,0.1067,0.1383,ev,multiplicative,projection,main,live,2026100942D78F91,2026-10-06T19:09:09.837Z
2026,5,9455,Davante Adams,LAR,WR,vs BUF,recYds,FanDuel,69.5,over,79.89,113,,0.4695,0.4695,,1,0.5762,0.1067,0.1067,ev,none,projection,main,live,20261013A957AFD4,2026-10-06T19:09:09.837Z
2026,5,11718,Chris Godwin,TB,WR,at DAL,receptions,Hard Rock,3.5,over,3.83,115,-145,0.4651,0.4401,0.0570,0,0.5718,0.1067,0.1317,ev,multiplicative,projection,main,live,2026100942D78F91,2026-10-06T19:09:09.837Z
2026,5,16946,Tyson Bagent,CHI,QB,at GB,passYds,Hard Rock,166.5,under,204.05,350,-575,0.2222,0.2069,0.0741,0,0.3290,0.1067,0.1221,ev,multiplicative,projection,main,live,202610112660CB0C,2026-10-06T19:09:09.837Z
2026,5,15850,Jahan Dotson,ATL,WR,vs BAL,recYds,Hard Rock,27.5,under,15.76,-200,145,0.6667,0.6203,0.0748,0,0.7733,0.1067,0.1531,ev,multiplicative,projection,main,live,2026101240603BF9,2026-10-06T19:09:09.837Z
2026,5,16739,Bijan Robinson,ATL,RB,vs BAL,recYds,Hard Rock,38.5,over,36.4,195,-300,0.3390,0.3113,0.0890,0,0.4457,0.1067,0.1344,ev,multiplicative,projection,main,live,2026101240603BF9,2026-10-06T19:09:09.837Z
2026,5,16946,Tyson Bagent,CHI,QB,at GB,passYds,Hard Rock,169.5,under,204.05,325,-525,0.2353,0.2188,0.0753,0,0.3419,0.1066,0.1230,ev,multiplicative,projection,main,live,202610112660CB0C,2026-10-06T19:09:09.837Z
2026,5,15876,James Cook,BUF,RB,at LAR,rushYds,Hard Rock,57.5,over,88.04,-275,195,0.7333,0.6839,0.0723,0,0.8399,0.1066,0.1560,ev,multiplicative,projection,main,live,20261013A957AFD4,2026-10-06T19:09:09.837Z
2026,5,17690,Blake Corum,LAR,RB,vs BUF,rushYds,FanDuel,19.5,over,43.22,-313,,0.7579,0.7579,,1,0.8644,0.1065,0.1065,ev,none,projection,main,live,20261013A957AFD4,2026-10-06T19:09:09.837Z
2026,5,19292,Jalon Daniels,TB,QB,at DAL,passYds,Hard Rock,182.5,over,209.11,-105,-130,0.5122,0.4754,0.0774,0,0.6187,0.1065,0.1433,ev,multiplicative,projection,main,live,2026100942D78F91,2026-10-06T19:09:09.837Z
2026,5,18549,Emeka Egbuka,TB,WR,at DAL,receptions,FanDuel,4.5,over,3.52,296,,0.2525,0.2525,,1,0.3590,0.1064,0.1064,ev,none,projection,main,live,2026100942D78F91,2026-10-06T19:09:09.837Z
2026,5,15357,Trevor Lawrence,JAX,QB,vs PHI,rushYds,Hard Rock,20.5,over,19.9,175,-260,0.3636,0.3349,0.0859,0,0.4700,0.1064,0.1351,ev,multiplicative,projection,main,live,2026101118C77B29,2026-10-06T19:09:09.837Z
2026,5,15876,James Cook,BUF,RB,at LAR,rushYds,Hard Rock,82.5,over,88.04,115,-155,0.4651,0.4335,0.0730,0,0.5716,0.1064,0.1381,ev,multiplicative,projection,main,live,20261013A957AFD4,2026-10-06T19:09:09.837Z
2026,5,17673,Drake Maye,NE,QB,vs LV,completions,BetRivers,19.5,over,21.01,106,,0.4854,0.4854,,1,0.5917,0.1063,0.1063,ev,none,projection,main,live,202610116AF20186,2026-10-06T19:09:09.837Z
2026,5,19292,Jalon Daniels,TB,QB,at DAL,passYds,Hard Rock,261.5,over,209.11,600,-1500,0.1429,0.1322,0.0804,0,0.2491,0.1063,0.1169,ev,multiplicative,projection,main,live,2026100942D78F91,2026-10-06T19:09:09.837Z
2026,5,11008,Dak Prescott,DAL,QB,vs TB,rushYds,Hard Rock,13.5,over,14,140,-195,0.4167,0.3866,0.0777,0,0.5229,0.1063,0.1363,ev,multiplicative,projection,main,live,2026100942D78F91,2026-10-06T19:09:09.837Z
2026,5,11008,Dak Prescott,DAL,QB,vs TB,rushYds,DraftKings,14.5,over,14,166,,0.3759,0.3759,,1,0.4821,0.1062,0.1062,ev,none,projection,main,live,2026100942D78F91,2026-10-06T19:09:09.837Z
2026,5,11718,Chris Godwin,TB,WR,at DAL,recYds,FanDuel,69.5,over,43.08,878,,0.1022,0.1022,,1,0.2083,0.1061,0.1061,ev,none,projection,main,live,2026100942D78F91,2026-10-06T19:09:09.837Z
2026,5,14371,Jordan Love,GB,QB,vs CHI,passYds,Hard Rock,257.5,over,255.85,160,-225,0.3846,0.3571,0.0769,0,0.4907,0.1061,0.1336,ev,multiplicative,projection,main,live,202610112660CB0C,2026-10-06T19:09:09.837Z
2026,5,16739,Bijan Robinson,ATL,RB,vs BAL,recYds,Hard Rock,27.5,over,36.4,-115,-115,0.5349,0.5000,0.0698,0,0.6409,0.1061,0.1409,ev,multiplicative,projection,main,live,2026101240603BF9,2026-10-06T19:09:09.837Z
2026,5,14416,Jalen Hurts,PHI,QB,at JAX,rushYds,DraftKings,27.5,under,24.48,-113,-111,0.5305,0.5021,0.0566,0,0.6364,0.1059,0.1343,ev,multiplicative,projection,main,live,2026101118C77B29,2026-10-06T19:09:09.837Z
2026,5,15876,James Cook,BUF,RB,at LAR,rushYds,DraftKings,77.5,over,88.04,-112,-112,0.5283,0.5000,0.0566,0,0.6342,0.1059,0.1342,ev,multiplicative,projection,main,live,20261013A957AFD4,2026-10-06T19:09:09.837Z
2026,5,5971,Matthew Stafford,LAR,QB,vs BUF,completions,Hard Rock,22.5,under,21.5,115,-150,0.4651,0.4367,0.0651,0,0.5710,0.1059,0.1343,ev,multiplicative,projection,main,live,20261013A957AFD4,2026-10-06T19:09:09.837Z
2026,5,16919,Zay Flowers,BAL,WR,at ATL,recYds,Caesars,39.5,over,84.25,-450,,0.8182,0.8182,,1,0.9240,0.1058,0.1058,ev,none,projection,main,live,2026101240603BF9,2026-10-06T19:09:09.837Z
2026,5,16919,Zay Flowers,BAL,WR,at ATL,recYds,Hard Rock,39.5,over,84.25,-450,275,0.8182,0.7542,0.0848,0,0.9240,0.1058,0.1698,ev,multiplicative,projection,main,live,2026101240603BF9,2026-10-06T19:09:09.837Z
2026,5,15907,Brian Robinson Jr.,ATL,RB,vs BAL,rushYds,Caesars,35.5,under,23.17,-112,-117,0.5283,0.4949,0.0675,0,0.6340,0.1057,0.1391,ev,multiplicative,projection,main,live,2026101240603BF9,2026-10-06T19:09:09.837Z
2026,5,19292,Jalon Daniels,TB,QB,at DAL,passYds,Hard Rock,185.5,over,209.11,100,-140,0.5000,0.4615,0.0833,0,0.6057,0.1057,0.1441,ev,multiplicative,projection,main,live,2026100942D78F91,2026-10-06T19:09:09.837Z
2026,5,16946,Tyson Bagent,CHI,QB,at GB,passYds,Hard Rock,163.5,under,204.05,375,-650,0.2105,0.1954,0.0772,0,0.3163,0.1057,0.1208,ev,multiplicative,projection,main,live,202610112660CB0C,2026-10-06T19:09:09.837Z
2026,5,16946,Tyson Bagent,CHI,QB,at GB,passYds,Hard Rock,156.5,under,204.05,450,-850,0.1818,0.1689,0.0766,0,0.2875,0.1057,0.1186,ev,multiplicative,projection,main,live,202610112660CB0C,2026-10-06T19:09:09.837Z
2026,5,9253,Mike Evans,SF,WR,at SEA,recYds,Hard Rock,71.5,over,64.8,240,-350,0.2941,0.2744,0.0719,0,0.3998,0.1057,0.1255,ev,multiplicative,projection,main,live,202610119C07AE76,2026-10-06T19:09:09.837Z
2026,5,15265,Kyle Pitts,ATL,TE,vs BAL,recYds,Hard Rock,14.5,over,33,-250,175,0.7143,0.6627,0.0779,0,0.8200,0.1057,0.1574,ev,multiplicative,projection,main,live,2026101240603BF9,2026-10-06T19:09:09.837Z
2026,5,18549,Emeka Egbuka,TB,WR,at DAL,recYds,theScore,59.5,over,46.67,350,,0.2222,0.2222,,1,0.3276,0.1054,0.1054,ev,none,projection,main,live,2026100942D78F91,2026-10-06T19:09:09.837Z
2026,5,16032,Cade Otton,TB,TE,at DAL,recYds,BetMGM,28.5,over,36.11,-120,-110,0.5455,0.5101,0.0693,0,0.6508,0.1053,0.1406,ev,multiplicative,projection,main,live,2026100942D78F91,2026-10-06T19:09:09.837Z
2026,5,19292,Jalon Daniels,TB,QB,at DAL,rushYds,Hard Rock,75.5,under,20.13,-850,450,0.8947,0.8311,0.0766,0,1.0000,0.1053,0.1689,ev,multiplicative,projection,main,live,2026100942D78F91,2026-10-06T19:09:09.837Z
2026,5,9253,Mike Evans,SF,WR,at SEA,recYds,Hard Rock,40.5,over,64.8,-180,130,0.6429,0.5965,0.0776,0,0.7482,0.1053,0.1516,ev,multiplicative,projection,main,live,202610119C07AE76,2026-10-06T19:09:09.837Z
2026,5,14563,Tyler Huntley,BAL,QB,at ATL,passTD,FanDuel,1.5,under,0.77,-250,182,0.7143,0.6682,0.0689,0,0.8195,0.1052,0.1513,ev,multiplicative,projection,main,live,2026101240603BF9,2026-10-06T19:09:09.837Z
2026,5,17716,Brian Thomas Jr.,JAX,WR,vs PHI,recYds,Hard Rock,13.5,over,33.71,-260,185,0.7222,0.6730,0.0731,0,0.8274,0.1052,0.1544,ev,multiplicative,projection,main,live,2026101118C77B29,2026-10-06T19:09:09.837Z
2026,5,17784,Bucky Irving,TB,RB,at DAL,rushYds,Hard Rock,94.5,over,75.16,550,-1200,0.1538,0.1429,0.0769,0,0.2589,0.1051,0.1160,ev,multiplicative,projection,main,live,2026100942D78F91,2026-10-06T19:09:09.837Z
2026,5,16946,Tyson Bagent,CHI,QB,at GB,passYds,Hard Rock,158.5,under,204.05,425,-800,0.1905,0.1765,0.0794,0,0.2956,0.1051,0.1191,ev,multiplicative,projection,main,live,202610112660CB0C,2026-10-06T19:09:09.837Z
2026,5,18549,Emeka Egbuka,TB,WR,at DAL,recYds,Hard Rock,58.5,over,46.67,325,-500,0.2353,0.2202,0.0686,0,0.3403,0.1050,0.1201,ev,multiplicative,projection,main,live,2026100942D78F91,2026-10-06T19:09:09.837Z
2026,5,16946,Tyson Bagent,CHI,QB,at GB,passYds,Hard Rock,172.5,under,204.05,300,-475,0.2500,0.2323,0.0761,0,0.3549,0.1049,0.1226,ev,multiplicative,projection,main,live,202610112660CB0C,2026-10-06T19:09:09.837Z
2026,5,9455,Davante Adams,LAR,WR,vs BUF,recYds,Hard Rock,65.5,over,79.89,100,-135,0.5000,0.4653,0.0745,0,0.6049,0.1049,0.1396,ev,multiplicative,projection,main,live,20261013A957AFD4,2026-10-06T19:09:09.837Z
2026,5,11718,Chris Godwin,TB,WR,at DAL,receptions,DraftKings,6.5,over,3.83,950,,0.0952,0.0952,,1,0.2000,0.1048,0.1048,ev,none,projection,main,live,2026100942D78F91,2026-10-06T19:09:09.837Z
2026,5,9455,Davante Adams,LAR,WR,vs BUF,recYds,DraftKings,61.5,over,79.89,-112,-112,0.5283,0.5000,0.0566,0,0.6331,0.1048,0.1331,ev,multiplicative,projection,main,live,20261013A957AFD4,2026-10-06T19:09:09.837Z
2026,5,16032,Cade Otton,TB,TE,at DAL,recYds,Hard Rock,21.5,over,36.11,-200,140,0.6667,0.6154,0.0833,0,0.7715,0.1048,0.1561,ev,multiplicative,projection,main,live,2026100942D78F91,2026-10-06T19:09:09.837Z
2026,5,15222,Kenneth Gainwell,TB,RB,at DAL,recYds,Hard Rock,21.5,over,18.34,220,-325,0.3125,0.2901,0.0772,0,0.4173,0.1048,0.1272,ev,multiplicative,projection,main,live,2026100942D78F91,2026-10-06T19:09:09.837Z
2026,5,17716,Brian Thomas Jr.,JAX,WR,vs PHI,recYds,Hard Rock,35.5,over,33.71,175,-250,0.3636,0.3373,0.0779,0,0.4685,0.1048,0.1311,ev,multiplicative,projection,main,live,2026101118C77B29,2026-10-06T19:09:09.837Z
2026,5,13429,Deebo Samuel Sr.,SF,WR,at SEA,recYds,Hard Rock,45.5,over,42.63,185,-275,0.3509,0.3236,0.0842,0,0.4557,0.1048,0.1321,ev,multiplicative,projection,main,live,202610119C07AE76,2026-10-06T19:09:09.837Z
2026,5,15265,Kyle Pitts,ATL,TE,vs BAL,recYds,Hard Rock,30.5,over,33,125,-170,0.4444,0.4138,0.0741,0,0.5492,0.1048,0.1354,ev,multiplicative,projection,main,live,2026101240603BF9,2026-10-06T19:09:09.837Z
2026,5,12559,Mark Andrews,BAL,TE,at ATL,recYds,Hard Rock,19.5,over,39.91,-275,195,0.7333,0.6839,0.0723,0,0.8381,0.1048,0.1543,ev,multiplicative,projection,main,live,2026101240603BF9,2026-10-06T19:09:09.837Z
2026,5,14371,Jordan Love,GB,QB,vs CHI,passYds,DraftKings,229.5,over,255.85,-112,-112,0.5283,0.5000,0.0566,0,0.6330,0.1047,0.1330,ev,multiplicative,projection,main,live,202610112660CB0C,2026-10-06T19:09:09.837Z
2026,5,16560,Rashid Shaheed,SEA,WR,vs SF,recYds,Caesars,9.5,over,30.27,-285,,0.7403,0.7403,,1,0.8450,0.1047,0.1047,ev,none,projection,main,live,202610119C07AE76,2026-10-06T19:09:09.837Z
2026,5,9455,Davante Adams,LAR,WR,vs BUF,recYds,BetRivers,69.5,over,79.89,112,,0.4717,0.4717,,1,0.5762,0.1045,0.1045,ev,none,projection,main,live,20261013A957AFD4,2026-10-06T19:09:09.837Z
2026,5,14371,Jordan Love,GB,QB,vs CHI,passYds,Hard Rock,261.5,over,255.85,175,-250,0.3636,0.3373,0.0779,0,0.4682,0.1045,0.1308,ev,multiplicative,projection,main,live,202610112660CB0C,2026-10-06T19:09:09.837Z
2026,5,17811,AJ Barner,SEA,TE,vs SF,recYds,Hard Rock,33.5,over,33.13,160,-230,0.3846,0.3556,0.0816,0,0.4892,0.1045,0.1336,ev,multiplicative,projection,main,live,202610119C07AE76,2026-10-06T19:09:09.837Z
2026,5,17811,AJ Barner,SEA,TE,vs SF,receptions,DraftKings,1.5,over,3.25,-415,,0.8058,0.8058,,1,0.9101,0.1043,0.1043,ev,none,projection,main,live,202610119C07AE76,2026-10-06T19:09:09.837Z
2026,5,17784,Bucky Irving,TB,RB,at DAL,recYds,Hard Rock,3.5,over,23.17,-350,225,0.7778,0.7165,0.0855,0,0.8821,0.1043,0.1656,ev,multiplicative,projection,main,live,2026100942D78F91,2026-10-06T19:09:09.837Z
2026,5,14416,Jalen Hurts,PHI,QB,at JAX,rushYds,Hard Rock,28.5,under,24.48,-135,-105,0.5745,0.5287,0.0867,0,0.6788,0.1043,0.1501,ev,multiplicative,projection,main,live,2026101118C77B29,2026-10-06T19:09:09.837Z
2026,5,11712,Deshaun Watson,CLE,QB,at NYJ,rushYds,Hard Rock,47.5,under,14.86,-800,425,0.8889,0.8235,0.0794,0,0.9932,0.1043,0.1697,ev,multiplicative,projection,main,live,2026101112C81881,2026-10-06T19:09:09.837Z
2026,5,14371,Jordan Love,GB,QB,vs CHI,passYds,Hard Rock,256.5,over,255.85,155,-220,0.3922,0.3632,0.0797,0,0.4963,0.1042,0.1331,ev,multiplicative,projection,main,live,202610112660CB0C,2026-10-06T19:09:09.837Z
2026,5,13429,Deebo Samuel Sr.,SF,WR,at SEA,recYds,BetRivers,29.5,over,42.63,-148,,0.5968,0.5968,,1,0.7008,0.1041,0.1041,ev,none,projection,main,live,202610119C07AE76,2026-10-06T19:09:09.837Z
2026,5,17784,Bucky Irving,TB,RB,at DAL,recYds,Hard Rock,2.5,over,23.17,-375,230,0.7895,0.7226,0.0925,0,0.8936,0.1041,0.1710,ev,multiplicative,projection,main,live,2026100942D78F91,2026-10-06T19:09:09.837Z
2026,5,16032,Cade Otton,TB,TE,at DAL,recYds,Hard Rock,19.5,over,36.11,-230,165,0.6970,0.6487,0.0743,0,0.8011,0.1041,0.1523,ev,multiplicative,projection,main,live,2026100942D78F91,2026-10-06T19:09:09.837Z
2026,5,15222,Kenneth Gainwell,TB,RB,at DAL,receptions,Hard Rock,1.5,over,2.26,-165,130,0.6226,0.5888,0.0574,0,0.7268,0.1041,0.1379,ev,multiplicative,projection,main,live,2026100942D78F91,2026-10-06T19:09:09.837Z
2026,5,16919,Zay Flowers,BAL,WR,at ATL,recYds,Hard Rock,88.5,over,84.25,195,-300,0.3390,0.3113,0.0890,0,0.4430,0.1041,0.1318,ev,multiplicative,projection,main,live,2026101240603BF9,2026-10-06T19:09:09.837Z
2026,5,14416,Jalen Hurts,PHI,QB,at JAX,rushYds,Hard Rock,50.5,under,24.48,-850,450,0.8947,0.8311,0.0766,0,0.9987,0.1039,0.1676,ev,multiplicative,projection,main,live,2026101118C77B29,2026-10-06T19:09:09.837Z
2026,5,14371,Jordan Love,GB,QB,vs CHI,passYds,Hard Rock,253.5,over,255.85,145,-200,0.4082,0.3797,0.0748,0,0.5121,0.1039,0.1323,ev,multiplicative,projection,main,live,202610112660CB0C,2026-10-06T19:09:09.837Z
2026,5,8057,Kirk Cousins,LV,QB,at NE,passYds,Hard Rock,197.5,under,210.38,175,-250,0.3636,0.3373,0.0779,0,0.4675,0.1039,0.1302,ev,multiplicative,projection,main,live,202610116AF20186,2026-10-06T19:09:09.837Z
2026,5,11690,Christian McCaffrey,SF,RB,at SEA,recYds,Hard Rock,48.5,under,29.68,-275,195,0.7333,0.6839,0.0723,0,0.8373,0.1039,0.1534,ev,multiplicative,projection,main,live,202610119C07AE76,2026-10-06T19:09:09.837Z
2026,5,16946,Tyson Bagent,CHI,QB,at GB,passYds,Hard Rock,160.5,under,204.05,400,-750,0.2000,0.1848,0.0824,0,0.3038,0.1038,0.1190,ev,multiplicative,projection,main,live,202610112660CB0C,2026-10-06T19:09:09.837Z
2026,5,12559,Mark Andrews,BAL,TE,at ATL,recYds,Hard Rock,20.5,over,39.91,-260,180,0.7222,0.6691,0.0794,0,0.8260,0.1038,0.1569,ev,multiplicative,projection,main,live,2026101240603BF9,2026-10-06T19:09:09.837Z
2026,5,18524,Bhayshul Tuten,JAX,RB,vs PHI,recYds,FanDuel,9.5,over,12.52,-114,-114,0.5327,0.5000,0.0654,0,0.6364,0.1037,0.1364,ev,multiplicative,projection,main,live,2026101118C77B29,2026-10-06T19:09:09.837Z
2026,5,19292,Jalon Daniels,TB,QB,at DAL,passYds,Hard Rock,264.5,over,209.11,650,-1800,0.1333,0.1234,0.0807,0,0.2370,0.1037,0.1136,ev,multiplicative,projection,main,live,2026100942D78F91,2026-10-06T19:09:09.837Z
2026,5,18549,Emeka Egbuka,TB,WR,at DAL,recYds,Hard Rock,12.5,over,46.67,-500,300,0.8333,0.7692,0.0833,0,0.9370,0.1037,0.1678,ev,multiplicative,projection,main,live,2026100942D78F91,2026-10-06T19:09:09.837Z
2026,5,15850,Jahan Dotson,ATL,WR,vs BAL,recYds,Hard Rock,47.5,under,15.76,-700,400,0.8750,0.8140,0.0750,0,0.9787,0.1037,0.1647,ev,multiplicative,projection,main,live,2026101240603BF9,2026-10-06T19:09:09.837Z
2026,5,15265,Kyle Pitts,ATL,TE,vs BAL,recYds,Hard Rock,29.5,over,33,115,-160,0.4651,0.4305,0.0805,0,0.5688,0.1036,0.1383,ev,multiplicative,projection,main,live,2026101240603BF9,2026-10-06T19:09:09.837Z
2026,5,12483,Josh Allen,BUF,QB,at LAR,passTD,BetRivers,1.5,under,1.21,-125,-105,0.5556,0.5203,0.0678,0,0.6590,0.1035,0.1387,ev,multiplicative,projection,main,live,20261013A957AFD4,2026-10-06T19:09:09.837Z
2026,5,16560,Rashid Shaheed,SEA,WR,vs SF,recYds,Hard Rock,37.5,over,30.27,275,-450,0.2667,0.2458,0.0848,0,0.3701,0.1035,0.1243,ev,multiplicative,projection,main,live,202610119C07AE76,2026-10-06T19:09:09.837Z
2026,5,14371,Jordan Love,GB,QB,vs CHI,passYds,Hard Rock,260.5,over,255.85,170,-240,0.3704,0.3441,0.0763,0,0.4738,0.1034,0.1297,ev,multiplicative,projection,main,live,202610112660CB0C,2026-10-06T19:09:09.837Z
2026,5,11008,Dak Prescott,DAL,QB,vs TB,rushYds,FanDuel,14.5,over,14,164,,0.3788,0.3788,,1,0.4821,0.1033,0.1033,ev,none,projection,main,live,2026100942D78F91,2026-10-06T19:09:09.837Z
2026,5,19292,Jalon Daniels,TB,QB,at DAL,passYds,DraftKings,179.5,over,209.11,-112,-112,0.5283,0.5000,0.0566,0,0.6316,0.1033,0.1316,ev,multiplicative,projection,main,live,2026100942D78F91,2026-10-06T19:09:09.837Z
2026,5,11712,Deshaun Watson,CLE,QB,at NYJ,rushYds,Hard Rock,11.5,under,14.86,350,-600,0.2222,0.2059,0.0794,0,0.3255,0.1033,0.1196,ev,multiplicative,projection,main,live,2026101112C81881,2026-10-06T19:09:09.837Z
2026,5,19292,Jalon Daniels,TB,QB,at DAL,passYds,FanDuel,178.5,over,209.11,-114,-114,0.5327,0.5000,0.0654,0,0.6359,0.1032,0.1359,ev,multiplicative,projection,main,live,2026100942D78F91,2026-10-06T19:09:09.837Z
2026,5,19607,Kaelon Black,SF,RB,at SEA,rushYds,Hard Rock,24.5,over,15.13,225,-350,0.3077,0.2835,0.0855,0,0.4109,0.1032,0.1275,ev,multiplicative,projection,main,live,202610119C07AE76,2026-10-06T19:09:09.837Z
2026,5,11690,Christian McCaffrey,SF,RB,at SEA,recYds,Hard Rock,44.5,under,29.68,-210,150,0.6774,0.6287,0.0774,0,0.7806,0.1032,0.1519,ev,multiplicative,projection,main,live,202610119C07AE76,2026-10-06T19:09:09.837Z
2026,5,17690,Blake Corum,LAR,RB,vs BUF,rushYds,Hard Rock,62.5,over,43.22,475,-1000,0.1739,0.1606,0.0830,0,0.2771,0.1032,0.1166,ev,multiplicative,projection,main,live,20261013A957AFD4,2026-10-06T19:09:09.837Z
2026,5,11718,Chris Godwin,TB,WR,at DAL,recYds,DraftKings,69.5,over,43.08,850,,0.1053,0.1053,,1,0.2083,0.1031,0.1031,ev,none,projection,main,live,2026100942D78F91,2026-10-06T19:09:09.837Z
2026,5,18549,Emeka Egbuka,TB,WR,at DAL,recYds,Hard Rock,57.5,over,46.67,300,-475,0.2500,0.2323,0.0761,0,0.3531,0.1031,0.1208,ev,multiplicative,projection,main,live,2026100942D78F91,2026-10-06T19:09:09.837Z
2026,5,16560,Rashid Shaheed,SEA,WR,vs SF,recYds,Hard Rock,38.5,over,30.27,300,-475,0.2500,0.2323,0.0761,0,0.3530,0.1030,0.1206,ev,multiplicative,projection,main,live,202610119C07AE76,2026-10-06T19:09:09.837Z
2026,5,16690,Parker Washington,JAX,WR,vs PHI,recYds,Hard Rock,82.5,under,68.35,-300,200,0.7500,0.6923,0.0833,0,0.8529,0.1029,0.1606,ev,multiplicative,projection,main,live,2026101118C77B29,2026-10-06T19:09:09.837Z
2026,5,13429,Deebo Samuel Sr.,SF,WR,at SEA,recYds,Hard Rock,22.5,over,42.63,-220,155,0.6875,0.6368,0.0797,0,0.7904,0.1029,0.1536,ev,multiplicative,projection,main,live,202610119C07AE76,2026-10-06T19:09:09.837Z
2026,5,16739,Bijan Robinson,ATL,RB,vs BAL,recYds,Caesars,29.5,over,36.4,-103,,0.5074,0.5074,,1,0.6102,0.1028,0.1028,ev,none,projection,main,live,2026101240603BF9,2026-10-06T19:09:09.837Z
2026,5,9455,Davante Adams,LAR,WR,vs BUF,recYds,Hard Rock,67.5,over,79.89,105,-145,0.4878,0.4518,0.0796,0,0.5906,0.1028,0.1388,ev,multiplicative,projection,main,live,20261013A957AFD4,2026-10-06T19:09:09.837Z
2026,5,15222,Kenneth Gainwell,TB,RB,at DAL,receptions,FanDuel,1.5,over,2.26,-166,128,0.6241,0.5873,0.0627,0,0.7268,0.1027,0.1395,ev,multiplicative,projection,main,live,2026100942D78F91,2026-10-06T19:09:09.837Z
2026,5,17690,Blake Corum,LAR,RB,vs BUF,rushYds,Caesars,19.5,over,43.22,-320,,0.7619,0.7619,,1,0.8644,0.1025,0.1025,ev,none,projection,main,live,20261013A957AFD4,2026-10-06T19:09:09.837Z
2026,5,16946,Tyson Bagent,CHI,QB,at GB,passYds,Hard Rock,165.5,under,204.05,350,-600,0.2222,0.2059,0.0794,0,0.3247,0.1025,0.1188,ev,multiplicative,projection,main,live,202610112660CB0C,2026-10-06T19:09:09.837Z
2026,5,12559,Mark Andrews,BAL,TE,at ATL,recYds,Hard Rock,40.5,over,39.91,160,-230,0.3846,0.3556,0.0816,0,0.4871,0.1025,0.1315,ev,multiplicative,projection,main,live,2026101240603BF9,2026-10-06T19:09:09.837Z
2026,5,16560,Rashid Shaheed,SEA,WR,vs SF,recYds,Hard Rock,7.5,over,30.27,-325,220,0.7647,0.7099,0.0772,0,0.8671,0.1024,0.1572,ev,multiplicative,projection,main,live,202610119C07AE76,2026-10-06T19:09:09.837Z
2026,5,16919,Zay Flowers,BAL,WR,at ATL,recYds,Hard Rock,38.5,over,84.25,-475,300,0.8261,0.7677,0.0761,0,0.9285,0.1024,0.1608,ev,multiplicative,projection,main,live,2026101240603BF9,2026-10-06T19:09:09.837Z
2026,5,19292,Jalon Daniels,TB,QB,at DAL,passYds,Hard Rock,262.5,over,209.11,600,-1600,0.1429,0.1318,0.0840,0,0.2451,0.1022,0.1133,ev,multiplicative,projection,main,live,2026100942D78F91,2026-10-06T19:09:09.837Z
2026,5,19292,Jalon Daniels,TB,QB,at DAL,passYds,Hard Rock,183.5,over,209.11,-105,-135,0.5122,0.4713,0.0867,0,0.6144,0.1022,0.1430,ev,multiplicative,projection,main,live,2026100942D78F91,2026-10-06T19:09:09.837Z
2026,5,14416,Jalen Hurts,PHI,QB,at JAX,completions,Hard Rock,19.5,under,18.07,-115,-115,0.5349,0.5000,0.0698,0,0.6371,0.1022,0.1371,ev,multiplicative,projection,main,live,2026101118C77B29,2026-10-06T19:09:09.837Z
2026,5,16946,Tyson Bagent,CHI,QB,at GB,passYds,Hard Rock,168.5,under,204.05,325,-525,0.2353,0.2188,0.0753,0,0.3375,0.1022,0.1187,ev,multiplicative,projection,main,live,202610112660CB0C,2026-10-06T19:09:09.837Z
2026,5,15876,James Cook,BUF,RB,at LAR,rushYds,DraftKings,79.5,over,88.04,-103,,0.5074,0.5074,,1,0.6095,0.1021,0.1021,ev,none,projection,main,live,20261013A957AFD4,2026-10-06T19:09:09.837Z
2026,5,14371,Jordan Love,GB,QB,vs CHI,passYds,Hard Rock,259.5,over,255.85,165,-240,0.3774,0.3484,0.0832,0,0.4794,0.1021,0.1311,ev,multiplicative,projection,main,live,202610112660CB0C,2026-10-06T19:09:09.837Z
2026,5,12483,Josh Allen,BUF,QB,at LAR,rushYds,Hard Rock,56.5,under,37.26,-500,300,0.8333,0.7692,0.0833,0,0.9355,0.1021,0.1662,ev,multiplicative,projection,main,live,20261013A957AFD4,2026-10-06T19:09:09.837Z
2026,5,16739,Bijan Robinson,ATL,RB,vs BAL,recYds,FanDuel,24.5,over,36.4,-140,,0.5833,0.5833,,1,0.6853,0.1020,0.1020,ev,none,projection,main,live,2026101240603BF9,2026-10-06T19:09:09.837Z
2026,5,14371,Jordan Love,GB,QB,vs CHI,passYds,Hard Rock,250.5,over,255.85,135,-185,0.4255,0.3960,0.0747,0,0.5275,0.1020,0.1315,ev,multiplicative,projection,main,live,202610112660CB0C,2026-10-06T19:09:09.837Z
2026,5,11690,Christian McCaffrey,SF,RB,at SEA,recYds,Hard Rock,47.5,under,29.68,-260,180,0.7222,0.6691,0.0794,0,0.8241,0.1019,0.1550,ev,multiplicative,projection,main,live,202610119C07AE76,2026-10-06T19:09:09.837Z
2026,5,16690,Parker Washington,JAX,WR,vs PHI,recYds,Hard Rock,81.5,under,68.35,-275,195,0.7333,0.6839,0.0723,0,0.8351,0.1018,0.1513,ev,multiplicative,projection,main,live,2026101118C77B29,2026-10-06T19:09:09.837Z
2026,5,14371,Jordan Love,GB,QB,vs CHI,passYds,Hard Rock,255.5,over,255.85,150,-210,0.4000,0.3713,0.0774,0,0.5018,0.1018,0.1305,ev,multiplicative,projection,main,live,202610112660CB0C,2026-10-06T19:09:09.837Z
2026,5,9253,Mike Evans,SF,WR,at SEA,recYds,BetRivers,39.5,over,64.8,-190,,0.6552,0.6552,,1,0.7569,0.1017,0.1017,ev,none,projection,main,live,202610119C07AE76,2026-10-06T19:09:09.837Z
2026,5,9253,Mike Evans,SF,WR,at SEA,recYds,Hard Rock,39.5,over,64.8,-190,135,0.6552,0.6062,0.0807,0,0.7569,0.1017,0.1506,ev,multiplicative,projection,main,live,202610119C07AE76,2026-10-06T19:09:09.837Z
2026,5,15829,Garrett Wilson,NYJ,WR,vs CLE,receptions,Hard Rock,5.5,under,5.42,145,-200,0.4082,0.3797,0.0748,0,0.5098,0.1016,0.1300,ev,multiplicative,projection,main,live,2026101112C81881,2026-10-06T19:09:09.837Z
2026,5,16946,Tyson Bagent,CHI,QB,at GB,passYds,Hard Rock,162.5,under,204.05,375,-700,0.2105,0.1939,0.0855,0,0.3121,0.1016,0.1181,ev,multiplicative,projection,main,live,202610112660CB0C,2026-10-06T19:09:09.837Z
2026,5,14416,Jalen Hurts,PHI,QB,at JAX,rushYds,Caesars,27.5,under,24.48,-115,-114,0.5349,0.5010,0.0676,0,0.6364,0.1015,0.1354,ev,multiplicative,projection,main,live,2026101118C77B29,2026-10-06T19:09:09.837Z
2026,5,18524,Bhayshul Tuten,JAX,RB,vs PHI,recYds,Hard Rock,9.5,over,12.52,-115,-115,0.5349,0.5000,0.0698,0,0.6364,0.1015,0.1364,ev,multiplicative,projection,main,live,2026101118C77B29,2026-10-06T19:09:09.837Z
2026,5,13429,Deebo Samuel Sr.,SF,WR,at SEA,recYds,Hard Rock,46.5,over,42.63,195,-275,0.3390,0.3161,0.0723,0,0.4404,0.1014,0.1243,ev,multiplicative,projection,main,live,202610119C07AE76,2026-10-06T19:09:09.837Z
2026,5,15907,Brian Robinson Jr.,ATL,RB,vs BAL,rushYds,FanDuel,35.5,under,23.17,-114,-114,0.5327,0.5000,0.0654,0,0.6340,0.1013,0.1340,ev,multiplicative,projection,main,live,2026101240603BF9,2026-10-06T19:09:09.837Z
2026,5,11718,Chris Godwin,TB,WR,at DAL,recYds,Hard Rock,64.5,over,43.08,550,-1300,0.1538,0.1421,0.0824,0,0.2551,0.1013,0.1130,ev,multiplicative,projection,main,live,2026100942D78F91,2026-10-06T19:09:09.837Z
2026,5,14371,Jordan Love,GB,QB,vs CHI,passYds,Hard Rock,267.5,over,255.85,200,-300,0.3333,0.3077,0.0833,0,0.4346,0.1013,0.1269,ev,multiplicative,projection,main,live,202610112660CB0C,2026-10-06T19:09:09.837Z
2026,5,18549,Emeka Egbuka,TB,WR,at DAL,receptions,DraftKings,5.5,over,3.52,660,,0.1316,0.1316,,1,0.2328,0.1012,0.1012,ev,none,projection,main,live,2026100942D78F91,2026-10-06T19:09:09.837Z
2026,5,14371,Jordan Love,GB,QB,vs CHI,passYds,Hard Rock,266.5,over,255.85,195,-275,0.3390,0.3161,0.0723,0,0.4402,0.1012,0.1240,ev,multiplicative,projection,main,live,202610112660CB0C,2026-10-06T19:09:09.837Z
2026,5,9455,Davante Adams,LAR,WR,vs BUF,recYds,Hard Rock,88.5,over,79.89,230,-350,0.3030,0.2804,0.0808,0,0.4042,0.1012,0.1239,ev,multiplicative,projection,main,live,20261013A957AFD4,2026-10-06T19:09:09.837Z
2026,5,16946,Tyson Bagent,CHI,QB,at GB,passYds,Hard Rock,157.5,under,204.05,425,-850,0.1905,0.1755,0.0852,0,0.2915,0.1011,0.1160,ev,multiplicative,projection,main,live,202610112660CB0C,2026-10-06T19:09:09.837Z
2026,5,14371,Jordan Love,GB,QB,vs CHI,passYds,Hard Rock,269.5,over,255.85,210,-300,0.3226,0.3008,0.0726,0,0.4235,0.1009,0.1227,ev,multiplicative,projection,main,live,202610112660CB0C,2026-10-06T19:09:09.837Z
2026,5,14371,Jordan Love,GB,QB,vs CHI,passYds,Hard Rock,265.5,over,255.85,190,-275,0.3448,0.3198,0.0782,0,0.4457,0.1009,0.1259,ev,multiplicative,projection,main,live,202610112660CB0C,2026-10-06T19:09:09.837Z
2026,5,16560,Rashid Shaheed,SEA,WR,vs SF,recYds,Caesars,39.5,over,30.27,325,,0.2353,0.2353,,1,0.3361,0.1008,0.1008,ev,none,projection,main,live,202610119C07AE76,2026-10-06T19:09:09.837Z
2026,5,16919,Zay Flowers,BAL,WR,at ATL,recYds,FanDuel,89.5,over,84.25,204,,0.3289,0.3289,,1,0.4298,0.1008,0.1008,ev,none,projection,main,live,2026101240603BF9,2026-10-06T19:09:09.837Z
2026,5,14371,Jordan Love,GB,QB,vs CHI,passYds,DraftKings,289.5,over,255.85,362,,0.2165,0.2165,,1,0.3171,0.1007,0.1007,ev,none,projection,main,live,202610112660CB0C,2026-10-06T19:09:09.837Z
2026,5,17702,Braelon Allen,NYJ,RB,vs CLE,rushYds,Hard Rock,90.5,under,38.23,-300,200,0.7500,0.6923,0.0833,0,0.8507,0.1007,0.1584,ev,multiplicative,projection,main,live,2026101112C81881,2026-10-06T19:09:09.837Z
2026,5,15907,Brian Robinson Jr.,ATL,RB,vs BAL,rushYds,Hard Rock,33.5,under,23.17,-105,-135,0.5122,0.4713,0.0867,0,0.6129,0.1007,0.1415,ev,multiplicative,projection,main,live,2026101240603BF9,2026-10-06T19:09:09.837Z
2026,5,14371,Jordan Love,GB,QB,vs CHI,passYds,Hard Rock,252.5,over,255.85,140,-195,0.4167,0.3866,0.0777,0,0.5172,0.1006,0.1306,ev,multiplicative,projection,main,live,202610112660CB0C,2026-10-06T19:09:09.837Z
2026,5,16946,Tyson Bagent,CHI,QB,at GB,passYds,Hard Rock,171.5,under,204.05,300,-475,0.2500,0.2323,0.0761,0,0.3506,0.1006,0.1182,ev,multiplicative,projection,main,live,202610112660CB0C,2026-10-06T19:09:09.837Z
2026,5,18549,Emeka Egbuka,TB,WR,at DAL,receptions,Caesars,3.5,over,3.52,147,-193,0.4049,0.3807,0.0636,0,0.5053,0.1005,0.1247,ev,multiplicative,projection,main,live,2026100942D78F91,2026-10-06T19:09:09.837Z
2026,5,16032,Cade Otton,TB,TE,at DAL,recYds,FanDuel,19.5,over,36.11,-234,,0.7006,0.7006,,1,0.8011,0.1005,0.1005,ev,none,projection,main,live,2026100942D78F91,2026-10-06T19:09:09.837Z
2026,5,14371,Jordan Love,GB,QB,vs CHI,passYds,Hard Rock,264.5,over,255.85,185,-260,0.3509,0.3270,0.0731,0,0.4513,0.1005,0.1244,ev,multiplicative,projection,main,live,202610112660CB0C,2026-10-06T19:09:09.837Z
2026,5,14371,Jordan Love,GB,QB,vs CHI,passYds,Caesars,239.5,over,255.85,107,,0.4831,0.4831,,1,0.5835,0.1004,0.1004,ev,none,projection,main,live,202610112660CB0C,2026-10-06T19:09:09.837Z
2026,5,14371,Jordan Love,GB,QB,vs CHI,passYds,Hard Rock,258.5,over,255.85,160,-230,0.3846,0.3556,0.0816,0,0.4851,0.1004,0.1295,ev,multiplicative,projection,main,live,202610112660CB0C,2026-10-06T19:09:09.837Z
2026,5,16739,Bijan Robinson,ATL,RB,vs BAL,recYds,Hard Rock,26.5,over,36.4,-125,-110,0.5556,0.5147,0.0794,0,0.6560,0.1004,0.1413,ev,multiplicative,projection,main,live,2026101240603BF9,2026-10-06T19:09:09.837Z
2026,5,17690,Blake Corum,LAR,RB,vs BUF,rushYds,Hard Rock,63.5,over,43.22,500,-1100,0.1667,0.1538,0.0833,0,0.2670,0.1003,0.1131,ev,multiplicative,projection,main,live,20261013A957AFD4,2026-10-06T19:09:09.837Z
2026,5,19292,Jalon Daniels,TB,QB,at DAL,passYds,Hard Rock,267.5,over,209.11,700,-2000,0.1250,0.1160,0.0774,0,0.2252,0.1002,0.1092,ev,multiplicative,projection,main,live,2026100942D78F91,2026-10-06T19:09:09.837Z
2026,5,11718,Chris Godwin,TB,WR,at DAL,receptions,FanDuel,3.5,over,3.83,112,-148,0.4717,0.4415,0.0685,0,0.5718,0.1001,0.1303,ev,multiplicative,projection,main,live,2026100942D78F91,2026-10-06T19:09:09.837Z
2026,5,16032,Cade Otton,TB,TE,at DAL,recYds,DraftKings,24.5,over,36.11,-165,,0.6226,0.6226,,1,0.7227,0.1001,0.1001,ev,none,projection,main,live,2026100942D78F91,2026-10-06T19:09:09.837Z
2026,5,17716,Brian Thomas Jr.,JAX,WR,vs PHI,recYds,FanDuel,14.5,over,33.71,-251,,0.7151,0.7151,,1,0.8152,0.1001,0.1001,ev,none,projection,main,live,2026101118C77B29,2026-10-06T19:09:09.837Z
2026,5,13429,Deebo Samuel Sr.,SF,WR,at SEA,recYds,FanDuel,49.5,over,42.63,239,,0.2950,0.2950,,1,0.3950,0.1000,0.1000,ev,none,projection,main,live,202610119C07AE76,2026-10-06T19:09:09.837Z
2026,5,11718,Chris Godwin,TB,WR,at DAL,receptions,Hard Rock,6.5,over,3.83,900,-3000,0.1000,0.0937,0.0677,0,0.2000,0.1000,0.1064,ev,multiplicative,projection,main,live,2026100942D78F91,2026-10-06T19:09:09.837Z
2026,5,17784,Bucky Irving,TB,RB,at DAL,rushYds,Hard Rock,95.5,over,75.16,575,-1300,0.1481,0.1376,0.0767,0,0.2482,0.1000,0.1106,ev,multiplicative,projection,main,live,2026100942D78F91,2026-10-06T19:09:09.837Z
2026,5,17057,Isaiah Davis,NYJ,RB,vs CLE,rushYds,Hard Rock,34.5,under,3.02,-900,475,0.9000,0.8381,0.0739,0,1.0000,0.1000,0.1619,ev,multiplicative,projection,main,live,2026101112C81881,2026-10-06T19:09:09.837Z
2026,5,19292,Jalon Daniels,TB,QB,at DAL,passYds,Caesars,269.5,over,209.11,750,,0.1176,0.1176,,1,0.2175,0.0999,0.0999,ev,none,projection,main,live,2026100942D78F91,2026-10-06T19:09:09.837Z
2026,5,12559,Mark Andrews,BAL,TE,at ATL,recYds,FanDuel,19.5,over,39.91,-282,,0.7382,0.7382,,1,0.8381,0.0999,0.0999,ev,none,projection,main,live,2026101240603BF9,2026-10-06T19:09:09.837Z
2026,5,12483,Josh Allen,BUF,QB,at LAR,rushYds,Hard Rock,53.5,under,37.26,-400,260,0.8000,0.7423,0.0778,0,0.8999,0.0999,0.1577,ev,multiplicative,projection,main,live,20261013A957AFD4,2026-10-06T19:09:09.837Z
2026,5,11712,Deshaun Watson,CLE,QB,at NYJ,rushYds,Hard Rock,48.5,under,14.86,-850,450,0.8947,0.8311,0.0766,0,0.9945,0.0998,0.1634,ev,multiplicative,projection,main,live,2026101112C81881,2026-10-06T19:09:09.837Z
2026,5,14371,Jordan Love,GB,QB,vs CHI,passYds,Hard Rock,263.5,over,255.85,180,-260,0.3571,0.3309,0.0794,0,0.4569,0.0998,0.1261,ev,multiplicative,projection,main,live,202610112660CB0C,2026-10-06T19:09:09.837Z
2026,5,11690,Christian McCaffrey,SF,RB,at SEA,recYds,Hard Rock,49.5,under,29.68,-300,200,0.7500,0.6923,0.0833,0,0.8498,0.0998,0.1575,ev,multiplicative,projection,main,live,202610119C07AE76,2026-10-06T19:09:09.837Z
2026,5,9455,Davante Adams,LAR,WR,vs BUF,recYds,Hard Rock,64.5,over,79.89,-105,-130,0.5122,0.4754,0.0774,0,0.6120,0.0998,0.1366,ev,multiplicative,projection,main,live,20261013A957AFD4,2026-10-06T19:09:09.837Z
2026,5,14371,Jordan Love,GB,QB,vs CHI,passYds,Caesars,289.5,over,255.85,360,,0.2174,0.2174,,1,0.3171,0.0997,0.0997,ev,none,projection,main,live,202610112660CB0C,2026-10-06T19:09:09.837Z
2026,5,19292,Jalon Daniels,TB,QB,at DAL,passYds,Hard Rock,265.5,over,209.11,650,-1800,0.1333,0.1234,0.0807,0,0.2330,0.0997,0.1097,ev,multiplicative,projection,main,live,2026100942D78F91,2026-10-06T19:09:09.837Z
2026,5,16946,Tyson Bagent,CHI,QB,at GB,passYds,Hard Rock,159.5,under,204.05,400,-750,0.2000,0.1848,0.0824,0,0.2997,0.0997,0.1149,ev,multiplicative,projection,main,live,202610112660CB0C,2026-10-06T19:09:09.837Z
2026,5,8057,Kirk Cousins,LV,QB,at NE,passYds,Hard Rock,198.5,under,210.38,170,-240,0.3704,0.3441,0.0763,0,0.4700,0.0997,0.1259,ev,multiplicative,projection,main,live,202610116AF20186,2026-10-06T19:09:09.837Z
2026,5,15907,Brian Robinson Jr.,ATL,RB,vs BAL,rushYds,Hard Rock,34.5,under,23.17,-110,-125,0.5238,0.4853,0.0794,0,0.6235,0.0997,0.1382,ev,multiplicative,projection,main,live,2026101240603BF9,2026-10-06T19:09:09.837Z
2026,5,12559,Mark Andrews,BAL,TE,at ATL,recYds,Hard Rock,18.5,over,39.91,-300,210,0.7500,0.6992,0.0726,0,0.8497,0.0997,0.1505,ev,multiplicative,projection,main,live,2026101240603BF9,2026-10-06T19:09:09.837Z
2026,5,17690,Blake Corum,LAR,RB,vs BUF,rushYds,Hard Rock,19.5,over,43.22,-325,220,0.7647,0.7099,0.0772,0,0.8644,0.0997,0.1545,ev,multiplicative,projection,main,live,20261013A957AFD4,2026-10-06T19:09:09.837Z
2026,5,9253,Mike Evans,SF,WR,at SEA,recYds,Hard Rock,72.5,over,64.8,250,-375,0.2857,0.2657,0.0752,0,0.3853,0.0996,0.1196,ev,multiplicative,projection,main,live,202610119C07AE76,2026-10-06T19:09:09.837Z
2026,5,17716,Brian Thomas Jr.,JAX,WR,vs PHI,recYds,Caesars,29.5,over,33.71,109,,0.4785,0.4785,,1,0.5779,0.0995,0.0995,ev,none,projection,main,live,2026101118C77B29,2026-10-06T19:09:09.837Z
2026,5,18549,Emeka Egbuka,TB,WR,at DAL,receptions,BetRivers,5.5,over,3.52,650,,0.1333,0.1333,,1,0.2328,0.0994,0.0994,ev,none,projection,main,live,2026100942D78F91,2026-10-06T19:09:09.837Z
2026,5,9455,Davante Adams,LAR,WR,vs BUF,recYds,DraftKings,59.5,over,79.89,-121,,0.5475,0.5475,,1,0.6469,0.0994,0.0994,ev,none,projection,main,live,20261013A957AFD4,2026-10-06T19:09:09.837Z
2026,5,18549,Emeka Egbuka,TB,WR,at DAL,receptions,theScore,5.5,over,3.52,650,,0.1333,0.1333,,1,0.2328,0.0994,0.0994,ev,none,projection,main,live,2026100942D78F91,2026-10-06T19:09:09.837Z
2026,5,11690,Christian McCaffrey,SF,RB,at SEA,recYds,Hard Rock,42.5,under,29.68,-185,135,0.6491,0.6040,0.0747,0,0.7485,0.0994,0.1445,ev,multiplicative,projection,main,live,202610119C07AE76,2026-10-06T19:09:09.837Z
2026,5,15265,Kyle Pitts,ATL,TE,vs BAL,recYds,Hard Rock,13.5,over,33,-275,190,0.7333,0.6802,0.0782,0,0.8327,0.0994,0.1525,ev,multiplicative,projection,main,live,2026101240603BF9,2026-10-06T19:09:09.837Z
2026,5,15850,Jahan Dotson,ATL,WR,vs BAL,recYds,Hard Rock,48.5,under,15.76,-750,400,0.8824,0.8152,0.0824,0,0.9817,0.0994,0.1665,ev,multiplicative,projection,main,live,2026101240603BF9,2026-10-06T19:09:09.837Z
2026,5,16919,Zay Flowers,BAL,WR,at ATL,recYds,Hard Rock,37.5,over,84.25,-500,300,0.8333,0.7692,0.0833,0,0.9327,0.0994,0.1635,ev,multiplicative,projection,main,live,2026101240603BF9,2026-10-06T19:09:09.837Z
2026,5,9253,Mike Evans,SF,WR,at SEA,recYds,FanDuel,39.5,over,64.8,-192,,0.6575,0.6575,,1,0.7569,0.0993,0.0993,ev,none,projection,main,live,202610119C07AE76,2026-10-06T19:09:09.837Z
2026,5,11718,Chris Godwin,TB,WR,at DAL,recYds,Hard Rock,13.5,over,43.08,-400,250,0.8000,0.7368,0.0857,0,0.8993,0.0993,0.1624,ev,multiplicative,projection,main,live,2026100942D78F91,2026-10-06T19:09:09.837Z
2026,5,9455,Davante Adams,LAR,WR,vs BUF,recYds,Hard Rock,89.5,over,79.89,240,-375,0.2941,0.2714,0.0836,0,0.3934,0.0993,0.1219,ev,multiplicative,projection,main,live,20261013A957AFD4,2026-10-06T19:09:09.837Z
2026,5,19292,Jalon Daniels,TB,QB,at DAL,passYds,Hard Rock,181.5,over,209.11,-110,-125,0.5238,0.4853,0.0794,0,0.6230,0.0992,0.1377,ev,multiplicative,projection,main,live,2026100942D78F91,2026-10-06T19:09:09.837Z
2026,5,16654,Jaxon Smith-Njigba,SEA,WR,vs SF,receptions,DraftKings,10.5,over,6.73,810,,0.1099,0.1099,,1,0.2090,0.0991,0.0991,ev,none,projection,main,live,202610119C07AE76,2026-10-06T19:09:09.837Z
2026,5,16032,Cade Otton,TB,TE,at DAL,recYds,Hard Rock,20.5,over,36.11,-220,155,0.6875,0.6368,0.0797,0,0.7866,0.0991,0.1498,ev,multiplicative,projection,main,live,2026100942D78F91,2026-10-06T19:09:09.837Z
2026,5,17784,Bucky Irving,TB,RB,at DAL,recYds,Hard Rock,27.5,over,23.17,240,-375,0.2941,0.2714,0.0836,0,0.3932,0.0991,0.1218,ev,multiplicative,projection,main,live,2026100942D78F91,2026-10-06T19:09:09.837Z
2026,5,15907,Brian Robinson Jr.,ATL,RB,vs BAL,rushYds,Hard Rock,35.5,under,23.17,-115,-115,0.5349,0.5000,0.0698,0,0.6340,0.0991,0.1340,ev,multiplicative,projection,main,live,2026101240603BF9,2026-10-06T19:09:09.837Z
2026,5,16032,Cade Otton,TB,TE,at DAL,recYds,Caesars,29.5,over,36.11,-114,,0.5327,0.5327,,1,0.6317,0.0990,0.0990,ev,none,projection,main,live,2026100942D78F91,2026-10-06T19:09:09.837Z
2026,5,19607,Kaelon Black,SF,RB,at SEA,rushYds,FanDuel,29.5,over,15.13,276,,0.2660,0.2660,,1,0.3649,0.0990,0.0990,ev,none,projection,main,live,202610119C07AE76,2026-10-06T19:09:09.837Z
2026,5,18524,Bhayshul Tuten,JAX,RB,vs PHI,recYds,Hard Rock,5.5,over,12.52,-225,160,0.6923,0.6429,0.0769,0,0.7913,0.0989,0.1484,ev,multiplicative,projection,main,live,2026101118C77B29,2026-10-06T19:09:09.837Z
2026,5,14371,Jordan Love,GB,QB,vs CHI,passYds,Hard Rock,262.5,over,255.85,175,-260,0.3636,0.3349,0.0859,0,0.4625,0.0989,0.1277,ev,multiplicative,projection,main,live,202610112660CB0C,2026-10-06T19:09:09.837Z
2026,5,15306,Javonte Williams,DAL,RB,vs TB,rushAtt,BetRivers,14.5,over,18.7,-240,,0.7059,0.7059,,1,0.8047,0.0988,0.0988,ev,none,projection,main,live,2026100942D78F91,2026-10-06T19:09:09.837Z
2026,5,14371,Jordan Love,GB,QB,vs CHI,passYds,Hard Rock,254.5,over,255.85,145,-200,0.4082,0.3797,0.0748,0,0.5069,0.0988,0.1272,ev,multiplicative,projection,main,live,202610112660CB0C,2026-10-06T19:09:09.837Z
2026,5,11690,Christian McCaffrey,SF,RB,at SEA,recYds,Hard Rock,45.5,under,29.68,-230,160,0.6970,0.6444,0.0816,0,0.7957,0.0988,0.1514,ev,multiplicative,projection,main,live,202610119C07AE76,2026-10-06T19:09:09.837Z
2026,5,12483,Josh Allen,BUF,QB,at LAR,rushYds,Hard Rock,55.5,under,37.26,-475,300,0.8261,0.7677,0.0761,0,0.9249,0.0988,0.1572,ev,multiplicative,projection,main,live,20261013A957AFD4,2026-10-06T19:09:09.837Z
2026,5,15947,Jake Ferguson,DAL,TE,vs TB,recYds,FanDuel,26.5,over,31.8,-114,-114,0.5327,0.5000,0.0654,0,0.6314,0.0987,0.1314,ev,multiplicative,projection,main,live,2026100942D78F91,2026-10-06T19:09:09.837Z
2026,5,9253,Mike Evans,SF,WR,at SEA,recYds,Hard Rock,38.5,over,64.8,-200,145,0.6667,0.6203,0.0748,0,0.7654,0.0987,0.1451,ev,multiplicative,projection,main,live,202610119C07AE76,2026-10-06T19:09:09.837Z
2026,5,12483,Josh Allen,BUF,QB,at LAR,rushYds,Hard Rock,57.5,under,37.26,-550,325,0.8462,0.7824,0.0814,0,0.9448,0.0987,0.1624,ev,multiplicative,projection,main,live,20261013A957AFD4,2026-10-06T19:09:09.837Z
2026,5,16654,Jaxon Smith-Njigba,SEA,WR,vs SF,receptions,DraftKings,9.5,over,6.73,464,,0.1773,0.1773,,1,0.2759,0.0986,0.0986,ev,none,projection,main,live,202610119C07AE76,2026-10-06T19:09:09.837Z
2026,5,18524,Bhayshul Tuten,JAX,RB,vs PHI,recYds,Hard Rock,2.5,over,12.52,-350,240,0.7778,0.7256,0.0719,0,0.8764,0.0986,0.1508,ev,multiplicative,projection,main,live,2026101118C77B29,2026-10-06T19:09:09.837Z
2026,5,19607,Kaelon Black,SF,RB,at SEA,rushYds,theScore,34.5,over,15.13,350,,0.2222,0.2222,,1,0.3208,0.0986,0.0986,ev,none,projection,main,live,202610119C07AE76,2026-10-06T19:09:09.837Z
2026,5,16690,Parker Washington,JAX,WR,vs PHI,recYds,Hard Rock,108.5,under,68.35,-900,475,0.9000,0.8381,0.0739,0,0.9985,0.0985,0.1605,ev,multiplicative,projection,main,live,2026101118C77B29,2026-10-06T19:09:09.837Z
2026,5,14371,Jordan Love,GB,QB,vs CHI,passYds,Hard Rock,245.5,over,255.85,120,-165,0.4545,0.4220,0.0772,0,0.5531,0.0985,0.1311,ev,multiplicative,projection,main,live,202610112660CB0C,2026-10-06T19:09:09.837Z
2026,5,15850,Jahan Dotson,ATL,WR,vs BAL,recYds,Hard Rock,26.5,under,15.76,-190,135,0.6552,0.6062,0.0807,0,0.7536,0.0985,0.1474,ev,multiplicative,projection,main,live,2026101240603BF9,2026-10-06T19:09:09.837Z
2026,5,15876,James Cook,BUF,RB,at LAR,rushYds,Hard Rock,58.5,over,88.04,-275,185,0.7333,0.6764,0.0842,0,0.8319,0.0985,0.1555,ev,multiplicative,projection,main,live,20261013A957AFD4,2026-10-06T19:09:09.837Z
2026,5,14371,Jordan Love,GB,QB,vs CHI,passYds,Hard Rock,247.5,over,255.85,125,-175,0.4444,0.4112,0.0808,0,0.5429,0.0984,0.1317,ev,multiplicative,projection,main,live,202610112660CB0C,2026-10-06T19:09:09.837Z
2026,5,16946,Tyson Bagent,CHI,QB,at GB,passYds,Hard Rock,164.5,under,204.05,350,-600,0.2222,0.2059,0.0794,0,0.3205,0.0983,0.1146,ev,multiplicative,projection,main,live,202610112660CB0C,2026-10-06T19:09:09.837Z
2026,5,11690,Christian McCaffrey,SF,RB,at SEA,recYds,Hard Rock,43.5,under,29.68,-200,140,0.6667,0.6154,0.0833,0,0.7649,0.0982,0.1495,ev,multiplicative,projection,main,live,202610119C07AE76,2026-10-06T19:09:09.837Z
2026,5,16690,Parker Washington,JAX,WR,vs PHI,recYds,Hard Rock,107.5,under,68.35,-900,450,0.9000,0.8319,0.0818,0,0.9981,0.0981,0.1662,ev,multiplicative,projection,main,live,2026101118C77B29,2026-10-06T19:09:09.837Z
2026,5,16690,Parker Washington,JAX,WR,vs PHI,receptions,Hard Rock,2.5,under,4.46,425,-850,0.1905,0.1755,0.0852,0,0.2885,0.0980,0.1130,ev,multiplicative,projection,main,live,2026101118C77B29,2026-10-06T19:09:09.837Z
2026,5,16032,Cade Otton,TB,TE,at DAL,recYds,Hard Rock,34.5,over,36.11,130,-180,0.4348,0.4035,0.0776,0,0.5327,0.0979,0.1292,ev,multiplicative,projection,main,live,2026100942D78F91,2026-10-06T19:09:09.837Z
2026,5,16946,Tyson Bagent,CHI,QB,at GB,passYds,Hard Rock,167.5,under,204.05,325,-550,0.2353,0.2176,0.0814,0,0.3332,0.0979,0.1157,ev,multiplicative,projection,main,live,202610112660CB0C,2026-10-06T19:09:09.837Z
2026,5,14411,CeeDee Lamb,DAL,WR,vs TB,recYds,DraftKings,89.5,over,94.13,126,,0.4425,0.4425,,1,0.5403,0.0978,0.0978,ev,none,projection,main,live,2026100942D78F91,2026-10-06T19:09:09.837Z
2026,5,8743,Geno Smith,NYJ,QB,vs CLE,rushYds,BetRivers,11.5,over,13.84,-120,-112,0.5455,0.5080,0.0738,0,0.6432,0.0978,0.1352,ev,multiplicative,projection,main,live,2026101112C81881,2026-10-06T19:09:09.837Z
2026,5,14371,Jordan Love,GB,QB,vs CHI,passYds,Hard Rock,249.5,over,255.85,130,-180,0.4348,0.4035,0.0776,0,0.5326,0.0978,0.1292,ev,multiplicative,projection,main,live,202610112660CB0C,2026-10-06T19:09:09.837Z
2026,5,15876,James Cook,BUF,RB,at LAR,rushYds,Hard Rock,54.5,over,88.04,-325,225,0.7647,0.7131,0.0724,0,0.8625,0.0978,0.1495,ev,multiplicative,projection,main,live,20261013A957AFD4,2026-10-06T19:09:09.837Z
2026,5,9455,Davante Adams,LAR,WR,vs BUF,recYds,Hard Rock,66.5,over,79.89,100,-140,0.5000,0.4615,0.0833,0,0.5978,0.0978,0.1362,ev,multiplicative,projection,main,live,20261013A957AFD4,2026-10-06T19:09:09.837Z
2026,5,19607,Kaelon Black,SF,RB,at SEA,rushYds,DraftKings,59.5,over,15.13,2100,,0.0455,0.0455,,1,0.1432,0.0977,0.0977,ev,none,projection,main,live,202610119C07AE76,2026-10-06T19:09:09.837Z
2026,5,5971,Matthew Stafford,LAR,QB,vs BUF,passYds,DraftKings,281.5,under,260.27,-111,-113,0.5261,0.4979,0.0566,0,0.6237,0.0977,0.1259,ev,multiplicative,projection,main,live,20261013A957AFD4,2026-10-06T19:09:09.837Z
2026,5,15876,James Cook,BUF,RB,at LAR,rushYds,Hard Rock,56.5,over,88.04,-300,200,0.7500,0.6923,0.0833,0,0.8477,0.0977,0.1554,ev,multiplicative,projection,main,live,20261013A957AFD4,2026-10-06T19:09:09.837Z
2026,5,11718,Chris Godwin,TB,WR,at DAL,receptions,FanDuel,6.5,over,3.83,876,,0.1025,0.1025,,1,0.2000,0.0976,0.0976,ev,none,projection,main,live,2026100942D78F91,2026-10-06T19:09:09.837Z
2026,5,16739,Bijan Robinson,ATL,RB,vs BAL,recYds,Hard Rock,39.5,over,36.4,210,-325,0.3226,0.2967,0.0873,0,0.4202,0.0976,0.1235,ev,multiplicative,projection,main,live,2026101240603BF9,2026-10-06T19:09:09.837Z
2026,5,14371,Jordan Love,GB,QB,vs CHI,passYds,BetRivers,274.5,over,255.85,235,,0.2985,0.2985,,1,0.3960,0.0975,0.0975,ev,none,projection,main,live,202610112660CB0C,2026-10-06T19:09:09.837Z
2026,5,15876,James Cook,BUF,RB,at LAR,rushYds,BetRivers,59.5,over,88.04,-265,,0.7260,0.7260,,1,0.8236,0.0975,0.0975,ev,none,projection,main,live,20261013A957AFD4,2026-10-06T19:09:09.837Z
2026,5,17811,AJ Barner,SEA,TE,vs SF,recYds,Hard Rock,11.5,over,33.13,-400,260,0.8000,0.7423,0.0778,0,0.8975,0.0975,0.1552,ev,multiplicative,projection,main,live,202610119C07AE76,2026-10-06T19:09:09.837Z
2026,5,19607,Kaelon Black,SF,RB,at SEA,rushYds,theScore,44.5,over,15.13,600,,0.1429,0.1429,,1,0.2402,0.0973,0.0973,ev,none,projection,main,live,202610119C07AE76,2026-10-06T19:09:09.837Z
2026,5,19607,Kaelon Black,SF,RB,at SEA,rushYds,theScore,39.5,over,15.13,450,,0.1818,0.1818,,1,0.2791,0.0973,0.0973,ev,none,projection,main,live,202610119C07AE76,2026-10-06T19:09:09.837Z
2026,5,18549,Emeka Egbuka,TB,WR,at DAL,receptions,theScore,3.5,over,3.52,145,,0.4082,0.4082,,1,0.5053,0.0972,0.0972,ev,none,projection,main,live,2026100942D78F91,2026-10-06T19:09:09.837Z
2026,5,11718,Chris Godwin,TB,WR,at DAL,recYds,theScore,69.5,over,43.08,800,,0.1111,0.1111,,1,0.2083,0.0972,0.0972,ev,none,projection,main,live,2026100942D78F91,2026-10-06T19:09:09.837Z
2026,5,11718,Chris Godwin,TB,WR,at DAL,recYds,Hard Rock,65.5,over,43.08,575,-1400,0.1481,0.1370,0.0815,0,0.2453,0.0972,0.1083,ev,multiplicative,projection,main,live,2026100942D78F91,2026-10-06T19:09:09.837Z
2026,5,17811,AJ Barner,SEA,TE,vs SF,recYds,Hard Rock,12.5,over,33.13,-375,240,0.7895,0.7286,0.0836,0,0.8867,0.0972,0.1581,ev,multiplicative,projection,main,live,202610119C07AE76,2026-10-06T19:09:09.837Z
2026,5,11718,Chris Godwin,TB,WR,at DAL,recYds,Hard Rock,12.5,over,43.08,-425,260,0.8095,0.7445,0.0873,0,0.9067,0.0971,0.1621,ev,multiplicative,projection,main,live,2026100942D78F91,2026-10-06T19:09:09.837Z
2026,5,15222,Kenneth Gainwell,TB,RB,at DAL,receptions,theScore,1.5,over,2.26,-170,130,0.6296,0.5915,0.0644,0,0.7268,0.0971,0.1352,ev,multiplicative,projection,main,live,2026100942D78F91,2026-10-06T19:09:09.837Z
2026,5,16946,Tyson Bagent,CHI,QB,at GB,passYds,Hard Rock,174.5,under,204.05,275,-425,0.2667,0.2478,0.0762,0,0.3638,0.0971,0.1160,ev,multiplicative,projection,main,live,202610112660CB0C,2026-10-06T19:09:09.837Z
2026,5,17690,Blake Corum,LAR,RB,vs BUF,rushYds,Hard Rock,64.5,over,43.22,525,-1200,0.1600,0.1477,0.0831,0,0.2570,0.0970,0.1092,ev,multiplicative,projection,main,live,20261013A957AFD4,2026-10-06T19:09:09.837Z
2026,5,17716,Brian Thomas Jr.,JAX,WR,vs PHI,recYds,DraftKings,39.5,over,33.71,231,,0.3021,0.3021,,1,0.3990,0.0969,0.0969,ev,none,projection,main,live,2026101118C77B29,2026-10-06T19:09:09.837Z
2026,5,11690,Christian McCaffrey,SF,RB,at SEA,recYds,Hard Rock,50.5,under,29.68,-325,220,0.7647,0.7099,0.0772,0,0.8616,0.0969,0.1518,ev,multiplicative,projection,main,live,202610119C07AE76,2026-10-06T19:09:09.837Z
2026,5,9455,Davante Adams,LAR,WR,vs BUF,recYds,Hard Rock,90.5,over,79.89,250,-375,0.2857,0.2657,0.0752,0,0.3826,0.0969,0.1169,ev,multiplicative,projection,main,live,20261013A957AFD4,2026-10-06T19:09:09.837Z
2026,5,19292,Jalon Daniels,TB,QB,at DAL,passYds,Caesars,180.5,over,209.11,-113,-115,0.5305,0.4980,0.0654,0,0.6273,0.0968,0.1294,ev,multiplicative,projection,main,live,2026100942D78F91,2026-10-06T19:09:09.837Z
2026,5,14371,Jordan Love,GB,QB,vs CHI,passYds,Hard Rock,251.5,over,255.85,135,-190,0.4255,0.3938,0.0807,0,0.5224,0.0968,0.1286,ev,multiplicative,projection,main,live,202610112660CB0C,2026-10-06T19:09:09.837Z
2026,5,19292,Jalon Daniels,TB,QB,at DAL,passYds,Hard Rock,179.5,over,209.11,-115,-115,0.5349,0.5000,0.0698,0,0.6316,0.0967,0.1316,ev,multiplicative,projection,main,live,2026100942D78F91,2026-10-06T19:09:09.837Z
2026,5,15850,Jahan Dotson,ATL,WR,vs BAL,receptions,Hard Rock,2.5,under,1.19,-260,180,0.7222,0.6691,0.0794,0,0.8188,0.0966,0.1497,ev,multiplicative,projection,main,live,2026101240603BF9,2026-10-06T19:09:09.837Z
2026,5,17690,Blake Corum,LAR,RB,vs BUF,rushYds,Hard Rock,18.5,over,43.22,-350,230,0.7778,0.7196,0.0808,0,0.8743,0.0965,0.1546,ev,multiplicative,projection,main,live,20261013A957AFD4,2026-10-06T19:09:09.837Z
2026,5,16919,Zay Flowers,BAL,WR,at ATL,recYds,Hard Rock,89.5,over,84.25,200,-300,0.3333,0.3077,0.0833,0,0.4298,0.0964,0.1221,ev,multiplicative,projection,main,live,2026101240603BF9,2026-10-06T19:09:09.837Z
2026,5,19292,Jalon Daniels,TB,QB,at DAL,passYds,Hard Rock,268.5,over,209.11,700,-2200,0.1250,0.1156,0.0815,0,0.2213,0.0963,0.1058,ev,multiplicative,projection,main,live,2026100942D78F91,2026-10-06T19:09:09.837Z
2026,5,18524,Bhayshul Tuten,JAX,RB,vs PHI,recYds,Hard Rock,7.5,over,12.52,-165,120,0.6226,0.5780,0.0772,0,0.7190,0.0963,0.1409,ev,multiplicative,projection,main,live,2026101118C77B29,2026-10-06T19:09:09.837Z
2026,5,16739,Bijan Robinson,ATL,RB,vs BAL,recYds,Hard Rock,25.5,over,36.4,-135,-105,0.5745,0.5287,0.0867,0,0.6708,0.0963,0.1421,ev,multiplicative,projection,main,live,2026101240603BF9,2026-10-06T19:09:09.837Z
2026,5,16560,Rashid Shaheed,SEA,WR,vs SF,receptions,BetRivers,3.5,over,2.23,500,,0.1667,0.1667,,1,0.2629,0.0962,0.0962,ev,none,projection,main,live,202610119C07AE76,2026-10-06T19:09:09.837Z
2026,5,16946,Tyson Bagent,CHI,QB,at GB,passYds,Hard Rock,170.5,under,204.05,300,-500,0.2500,0.2308,0.0833,0,0.3462,0.0962,0.1154,ev,multiplicative,projection,main,live,202610112660CB0C,2026-10-06T19:09:09.837Z
2026,5,19292,Jalon Daniels,TB,QB,at DAL,passYds,Hard Rock,270.5,over,209.11,750,-2500,0.1176,0.1090,0.0792,0,0.2137,0.0961,0.1047,ev,multiplicative,projection,main,live,2026100942D78F91,2026-10-06T19:09:09.837Z
2026,5,17784,Bucky Irving,TB,RB,at DAL,rushYds,Caesars,39.5,over,75.16,-240,,0.7059,0.7059,,1,0.8019,0.0960,0.0960,ev,none,projection,main,live,2026100942D78F91,2026-10-06T19:09:09.837Z
2026,5,11690,Christian McCaffrey,SF,RB,at SEA,recYds,Hard Rock,46.5,under,29.68,-250,170,0.7143,0.6585,0.0847,0,0.8102,0.0960,0.1517,ev,multiplicative,projection,main,live,202610119C07AE76,2026-10-06T19:09:09.837Z
2026,5,11690,Christian McCaffrey,SF,RB,at SEA,recYds,Hard Rock,39.5,under,29.68,-150,110,0.6000,0.5575,0.0762,0,0.6960,0.0960,0.1385,ev,multiplicative,projection,main,live,202610119C07AE76,2026-10-06T19:09:09.837Z
2026,5,16946,Tyson Bagent,CHI,QB,at GB,passYds,Hard Rock,178.5,under,204.05,250,-375,0.2857,0.2657,0.0752,0,0.3816,0.0959,0.1159,ev,multiplicative,projection,main,live,202610112660CB0C,2026-10-06T19:09:09.837Z
2026,5,13429,Deebo Samuel Sr.,SF,WR,at SEA,recYds,Hard Rock,21.5,over,42.63,-240,165,0.7059,0.6516,0.0832,0,0.8017,0.0959,0.1501,ev,multiplicative,projection,main,live,202610119C07AE76,2026-10-06T19:09:09.837Z
2026,5,12483,Josh Allen,BUF,QB,at LAR,rushYds,Hard Rock,52.5,under,37.26,-375,250,0.7895,0.7343,0.0752,0,0.8854,0.0959,0.1511,ev,multiplicative,projection,main,live,20261013A957AFD4,2026-10-06T19:09:09.837Z
2026,5,12483,Josh Allen,BUF,QB,at LAR,rushYds,Hard Rock,58.5,under,37.26,-600,350,0.8571,0.7941,0.0794,0,0.9531,0.0959,0.1590,ev,multiplicative,projection,main,live,20261013A957AFD4,2026-10-06T19:09:09.837Z
2026,5,19292,Jalon Daniels,TB,QB,at DAL,passYds,Hard Rock,266.5,over,209.11,650,-2000,0.1333,0.1228,0.0857,0,0.2291,0.0958,0.1063,ev,multiplicative,projection,main,live,2026100942D78F91,2026-10-06T19:09:09.837Z
2026,5,16032,Cade Otton,TB,TE,at DAL,recYds,Hard Rock,35.5,over,36.11,140,-190,0.4167,0.3887,0.0718,0,0.5124,0.0957,0.1236,ev,multiplicative,projection,main,live,2026100942D78F91,2026-10-06T19:09:09.837Z
2026,5,14371,Jordan Love,GB,QB,vs CHI,passYds,Hard Rock,268.5,over,255.85,200,-300,0.3333,0.3077,0.0833,0,0.4290,0.0957,0.1213,ev,multiplicative,projection,main,live,202610112660CB0C,2026-10-06T19:09:09.837Z
2026,5,11718,Chris Godwin,TB,WR,at DAL,receptions,Caesars,3.5,over,3.83,110,-138,0.4762,0.4509,0.0560,0,0.5718,0.0956,0.1209,ev,multiplicative,projection,main,live,2026100942D78F91,2026-10-06T19:09:09.837Z
2026,5,11718,Chris Godwin,TB,WR,at DAL,receptions,theScore,3.5,over,3.83,110,-140,0.4762,0.4494,0.0595,0,0.5718,0.0956,0.1224,ev,multiplicative,projection,main,live,2026100942D78F91,2026-10-06T19:09:09.837Z
2026,5,16560,Rashid Shaheed,SEA,WR,vs SF,receptions,BetRivers,2.5,over,2.23,185,,0.3509,0.3509,,1,0.4463,0.0955,0.0955,ev,none,projection,main,live,202610119C07AE76,2026-10-06T19:09:09.837Z
2026,5,18524,Bhayshul Tuten,JAX,RB,vs PHI,recYds,Hard Rock,6.5,over,12.52,-195,140,0.6610,0.6134,0.0777,0,0.7566,0.0955,0.1432,ev,multiplicative,projection,main,live,2026101118C77B29,2026-10-06T19:09:09.837Z
2026,5,15850,Jahan Dotson,ATL,WR,vs BAL,recYds,Hard Rock,49.5,under,15.76,-800,425,0.8889,0.8235,0.0794,0,0.9844,0.0955,0.1609,ev,multiplicative,projection,main,live,2026101240603BF9,2026-10-06T19:09:09.837Z
2026,5,18524,Bhayshul Tuten,JAX,RB,vs PHI,recYds,Hard Rock,8.5,over,12.52,-140,100,0.5833,0.5385,0.0833,0,0.6788,0.0954,0.1403,ev,multiplicative,projection,main,live,2026101118C77B29,2026-10-06T19:09:09.837Z
2026,5,8743,Geno Smith,NYJ,QB,vs CLE,rushYds,Hard Rock,12.5,over,13.84,105,-145,0.4878,0.4518,0.0796,0,0.5832,0.0954,0.1314,ev,multiplicative,projection,main,live,2026101112C81881,2026-10-06T19:09:09.837Z
2026,5,14371,Jordan Love,GB,QB,vs CHI,passYds,Hard Rock,270.5,over,255.85,210,-325,0.3226,0.2967,0.0873,0,0.4180,0.0954,0.1213,ev,multiplicative,projection,main,live,202610112660CB0C,2026-10-06T19:09:09.837Z
2026,5,9455,Davante Adams,LAR,WR,vs BUF,recYds,Hard Rock,63.5,over,79.89,-110,-125,0.5238,0.4853,0.0794,0,0.6191,0.0953,0.1338,ev,multiplicative,projection,main,live,20261013A957AFD4,2026-10-06T19:09:09.837Z
2026,5,19292,Jalon Daniels,TB,QB,at DAL,passYds,DraftKings,279.5,over,209.11,1060,,0.0862,0.0862,,1,0.1814,0.0952,0.0952,ev,none,projection,main,live,2026100942D78F91,2026-10-06T19:09:09.837Z
2026,5,19292,Jalon Daniels,TB,QB,at DAL,passYds,Hard Rock,272.5,over,209.11,800,-2500,0.1111,0.1036,0.0726,0,0.2063,0.0952,0.1027,ev,multiplicative,projection,main,live,2026100942D78F91,2026-10-06T19:09:09.837Z
2026,5,19292,Jalon Daniels,TB,QB,at DAL,rushYds,Hard Rock,76.5,under,20.13,-950,475,0.9048,0.8388,0.0787,0,1.0000,0.0952,0.1612,ev,multiplicative,projection,main,live,2026100942D78F91,2026-10-06T19:09:09.837Z
2026,5,17057,Isaiah Davis,NYJ,RB,vs CLE,rushYds,Hard Rock,35.5,under,3.02,-950,500,0.9048,0.8444,0.0714,0,1.0000,0.0952,0.1556,ev,multiplicative,projection,main,live,2026101112C81881,2026-10-06T19:09:09.837Z
2026,5,8057,Kirk Cousins,LV,QB,at NE,passYds,Hard Rock,199.5,under,210.38,165,-240,0.3774,0.3484,0.0832,0,0.4725,0.0952,0.1242,ev,multiplicative,projection,main,live,202610116AF20186,2026-10-06T19:09:09.837Z
2026,5,11690,Christian McCaffrey,SF,RB,at SEA,recYds,Hard Rock,41.5,under,29.68,-175,125,0.6364,0.5888,0.0808,0,0.7316,0.0952,0.1428,ev,multiplicative,projection,main,live,202610119C07AE76,2026-10-06T19:09:09.837Z
2026,5,18524,Bhayshul Tuten,JAX,RB,vs PHI,recYds,DraftKings,9.5,over,12.52,-118,-106,0.5413,0.5127,0.0558,0,0.6364,0.0951,0.1237,ev,multiplicative,projection,main,live,2026101118C77B29,2026-10-06T19:09:09.837Z
2026,5,11690,Christian McCaffrey,SF,RB,at SEA,recYds,Hard Rock,51.5,under,29.68,-350,230,0.7778,0.7196,0.0808,0,0.8729,0.0951,0.1532,ev,multiplicative,projection,main,live,202610119C07AE76,2026-10-06T19:09:09.837Z
2026,5,11718,Chris Godwin,TB,WR,at DAL,receptions,BetRivers,2.5,over,3.83,-205,,0.6721,0.6721,,1,0.7671,0.0950,0.0950,ev,none,projection,main,live,2026100942D78F91,2026-10-06T19:09:09.837Z
2026,5,18549,Emeka Egbuka,TB,WR,at DAL,receptions,FanDuel,5.5,over,3.52,626,,0.1377,0.1377,,1,0.2328,0.0950,0.0950,ev,none,projection,main,live,2026100942D78F91,2026-10-06T19:09:09.837Z
2026,5,17702,Braelon Allen,NYJ,RB,vs CLE,rushYds,Hard Rock,92.5,under,38.23,-325,220,0.7647,0.7099,0.0772,0,0.8597,0.0950,0.1498,ev,multiplicative,projection,main,live,2026101112C81881,2026-10-06T19:09:09.837Z
2026,5,15357,Trevor Lawrence,JAX,QB,vs PHI,rushYds,Caesars,19.5,over,19.9,139,,0.4184,0.4184,,1,0.5134,0.0949,0.0949,ev,none,projection,main,live,2026101118C77B29,2026-10-06T19:09:09.837Z
2026,5,15876,James Cook,BUF,RB,at LAR,rushYds,Caesars,79.5,over,88.04,-106,,0.5146,0.5146,,1,0.6095,0.0949,0.0949,ev,none,projection,main,live,20261013A957AFD4,2026-10-06T19:09:09.837Z
2026,5,16032,Cade Otton,TB,TE,at DAL,recYds,Hard Rock,17.5,over,36.11,-275,195,0.7333,0.6839,0.0723,0,0.8283,0.0949,0.1444,ev,multiplicative,projection,main,live,2026100942D78F91,2026-10-06T19:09:09.837Z
2026,5,16946,Tyson Bagent,CHI,QB,at GB,passYds,Hard Rock,176.5,under,204.05,260,-400,0.2778,0.2577,0.0778,0,0.3726,0.0949,0.1149,ev,multiplicative,projection,main,live,202610112660CB0C,2026-10-06T19:09:09.837Z
2026,5,12559,Mark Andrews,BAL,TE,at ATL,recYds,Hard Rock,41.5,over,39.91,170,-250,0.3704,0.3415,0.0847,0,0.4653,0.0949,0.1238,ev,multiplicative,projection,main,live,2026101240603BF9,2026-10-06T19:09:09.837Z
2026,5,15907,Brian Robinson Jr.,ATL,RB,vs BAL,rushYds,Hard Rock,17.5,under,23.17,350,-600,0.2222,0.2059,0.0794,0,0.3172,0.0949,0.1113,ev,multiplicative,projection,main,live,2026101240603BF9,2026-10-06T19:09:09.837Z
2026,5,12483,Josh Allen,BUF,QB,at LAR,rushYds,Hard Rock,54.5,under,37.26,-450,275,0.8182,0.7542,0.0848,0,0.9131,0.0949,0.1589,ev,multiplicative,projection,main,live,20261013A957AFD4,2026-10-06T19:09:09.837Z
2026,5,18549,Emeka Egbuka,TB,WR,at DAL,receptions,Caesars,5.5,over,3.52,625,,0.1379,0.1379,,1,0.2328,0.0948,0.0948,ev,none,projection,main,live,2026100942D78F91,2026-10-06T19:09:09.837Z
2026,5,15265,Kyle Pitts,ATL,TE,vs BAL,recYds,Caesars,29.5,over,33,111,,0.4739,0.4739,,1,0.5688,0.0948,0.0948,ev,none,projection,main,live,2026101240603BF9,2026-10-06T19:09:09.837Z
2026,5,17702,Braelon Allen,NYJ,RB,vs CLE,rushYds,Hard Rock,95.5,under,38.23,-350,240,0.7778,0.7256,0.0719,0,0.8726,0.0948,0.1470,ev,multiplicative,projection,main,live,2026101112C81881,2026-10-06T19:09:09.837Z
2026,5,15265,Kyle Pitts,ATL,TE,vs BAL,recYds,Hard Rock,31.5,over,33,130,-185,0.4348,0.4011,0.0839,0,0.5296,0.0948,0.1285,ev,multiplicative,projection,main,live,2026101240603BF9,2026-10-06T19:09:09.837Z
2026,5,19292,Jalon Daniels,TB,QB,at DAL,passYds,Hard Rock,177.5,over,209.11,-120,-115,0.5455,0.5049,0.0803,0,0.6402,0.0947,0.1353,ev,multiplicative,projection,main,live,2026100942D78F91,2026-10-06T19:09:09.837Z
2026,5,16032,Cade Otton,TB,TE,at DAL,recYds,FanDuel,39.5,over,36.11,196,,0.3378,0.3378,,1,0.4323,0.0945,0.0945,ev,none,projection,main,live,2026100942D78F91,2026-10-06T19:09:09.837Z
2026,5,14371,Jordan Love,GB,QB,vs CHI,passYds,Hard Rock,272.5,over,255.85,220,-325,0.3125,0.2901,0.0772,0,0.4070,0.0945,0.1169,ev,multiplicative,projection,main,live,202610112660CB0C,2026-10-06T19:09:09.837Z
2026,5,14416,Jalen Hurts,PHI,QB,at JAX,rushYds,Hard Rock,51.5,under,24.48,-950,475,0.9048,0.8388,0.0787,0,0.9991,0.0943,0.1603,ev,multiplicative,projection,main,live,2026101118C77B29,2026-10-06T19:09:09.837Z
2026,5,14371,Jordan Love,GB,QB,vs CHI,passYds,Hard Rock,277.5,over,255.85,250,-375,0.2857,0.2657,0.0752,0,0.3798,0.0941,0.1140,ev,multiplicative,projection,main,live,202610112660CB0C,2026-10-06T19:09:09.837Z
2026,5,9455,Davante Adams,LAR,WR,vs BUF,recYds,Hard Rock,91.5,over,79.89,260,-400,0.2778,0.2577,0.0778,0,0.3719,0.0941,0.1142,ev,multiplicative,projection,main,live,20261013A957AFD4,2026-10-06T19:09:09.837Z
2026,5,14371,Jordan Love,GB,QB,vs CHI,passYds,BetRivers,249.5,over,255.85,128,,0.4386,0.4386,,1,0.5326,0.0940,0.0940,ev,none,projection,main,live,202610112660CB0C,2026-10-06T19:09:09.837Z
2026,5,16919,Zay Flowers,BAL,WR,at ATL,recYds,Hard Rock,90.5,over,84.25,210,-325,0.3226,0.2967,0.0873,0,0.4166,0.0940,0.1199,ev,multiplicative,projection,main,live,2026101240603BF9,2026-10-06T19:09:09.837Z
2026,5,17784,Bucky Irving,TB,RB,at DAL,rushYds,Hard Rock,42.5,over,75.16,-220,155,0.6875,0.6368,0.0797,0,0.7814,0.0939,0.1447,ev,multiplicative,projection,main,live,2026100942D78F91,2026-10-06T19:09:09.837Z
2026,5,11690,Christian McCaffrey,SF,RB,at SEA,recYds,Hard Rock,52.5,under,29.68,-375,240,0.7895,0.7286,0.0836,0,0.8834,0.0939,0.1548,ev,multiplicative,projection,main,live,202610119C07AE76,2026-10-06T19:09:09.837Z
2026,5,17716,Brian Thomas Jr.,JAX,WR,vs PHI,recYds,Hard Rock,36.5,over,33.71,180,-275,0.3571,0.3275,0.0905,0,0.4509,0.0938,0.1234,ev,multiplicative,projection,main,live,2026101118C77B29,2026-10-06T19:09:09.837Z
2026,5,14371,Jordan Love,GB,QB,vs CHI,passYds,Hard Rock,273.5,over,255.85,225,-350,0.3077,0.2835,0.0855,0,0.4015,0.0938,0.1180,ev,multiplicative,projection,main,live,202610112660CB0C,2026-10-06T19:09:09.837Z
2026,5,17784,Bucky Irving,TB,RB,at DAL,receptions,DraftKings,5.5,over,3.38,1440,,0.0649,0.0649,,1,0.1587,0.0937,0.0937,ev,none,projection,main,live,2026100942D78F91,2026-10-06T19:09:09.837Z
2026,5,12483,Josh Allen,BUF,QB,at LAR,rushYds,Hard Rock,59.5,under,37.26,-650,375,0.8667,0.8046,0.0772,0,0.9603,0.0937,0.1558,ev,multiplicative,projection,main,live,20261013A957AFD4,2026-10-06T19:09:09.837Z
2026,5,17716,Brian Thomas Jr.,JAX,WR,vs PHI,recYds,Hard Rock,38.5,over,33.71,210,-300,0.3226,0.3008,0.0726,0,0.4162,0.0936,0.1154,ev,multiplicative,projection,main,live,2026101118C77B29,2026-10-06T19:09:09.837Z
2026,5,15876,James Cook,BUF,RB,at LAR,rushYds,Hard Rock,83.5,over,88.04,115,-165,0.4651,0.4276,0.0878,0,0.5587,0.0936,0.1312,ev,multiplicative,projection,main,live,20261013A957AFD4,2026-10-06T19:09:09.837Z
2026,5,16739,Bijan Robinson,ATL,RB,vs BAL,recYds,Hard Rock,24.5,over,36.4,-145,105,0.5918,0.5482,0.0796,0,0.6853,0.0935,0.1371,ev,multiplicative,projection,main,live,2026101240603BF9,2026-10-06T19:09:09.837Z
2026,5,16739,Bijan Robinson,ATL,RB,vs BAL,recYds,FanDuel,39.5,over,36.4,206,,0.3268,0.3268,,1,0.4202,0.0934,0.0934,ev,none,projection,main,live,2026101240603BF9,2026-10-06T19:09:09.837Z
2026,5,9455,Davante Adams,LAR,WR,vs BUF,recYds,FanDuel,62.5,over,79.89,-114,-114,0.5327,0.5000,0.0654,0,0.6261,0.0934,0.1261,ev,multiplicative,projection,main,live,20261013A957AFD4,2026-10-06T19:09:09.837Z
2026,5,14371,Jordan Love,GB,QB,vs CHI,passYds,Hard Rock,246.5,over,255.85,120,-170,0.4545,0.4193,0.0842,0,0.5480,0.0934,0.1287,ev,multiplicative,projection,main,live,202610112660CB0C,2026-10-06T19:09:09.837Z
2026,5,14411,CeeDee Lamb,DAL,WR,vs TB,recYds,BetMGM,80.5,over,94.13,-110,-120,0.5238,0.4899,0.0693,0,0.6171,0.0933,0.1273,ev,multiplicative,projection,main,live,2026100942D78F91,2026-10-06T19:09:09.837Z
2026,5,14371,Jordan Love,GB,QB,vs CHI,passYds,Hard Rock,248.5,over,255.85,125,-175,0.4444,0.4112,0.0808,0,0.5378,0.0933,0.1265,ev,multiplicative,projection,main,live,202610112660CB0C,2026-10-06T19:09:09.837Z
2026,5,11690,Christian McCaffrey,SF,RB,at SEA,recYds,Hard Rock,53.5,under,29.68,-400,260,0.8000,0.7423,0.0778,0,0.8933,0.0933,0.1511,ev,multiplicative,projection,main,live,202610119C07AE76,2026-10-06T19:09:09.837Z
2026,5,17690,Blake Corum,LAR,RB,vs BUF,rushYds,Hard Rock,65.5,over,43.22,550,-1300,0.1538,0.1421,0.0824,0,0.2472,0.0933,0.1050,ev,multiplicative,projection,main,live,20261013A957AFD4,2026-10-06T19:09:09.837Z
2026,5,18472,Harold Fannin Jr.,CLE,TE,at NYJ,recYds,DraftKings,24.5,over,39.39,-243,,0.7085,0.7085,,1,0.8016,0.0932,0.0932,ev,none,projection,main,live,2026101112C81881,2026-10-06T19:09:09.837Z
2026,5,8743,Geno Smith,NYJ,QB,vs CLE,passYds,Hard Rock,165.5,under,188.9,275,-425,0.2667,0.2478,0.0762,0,0.3599,0.0932,0.1121,ev,multiplicative,projection,main,live,2026101112C81881,2026-10-06T19:09:09.837Z
2026,5,12490,Sam Darnold,SEA,QB,vs SF,rushYds,Hard Rock,13.5,over,11.92,275,-425,0.2667,0.2478,0.0762,0,0.3599,0.0932,0.1121,ev,multiplicative,projection,main,live,202610119C07AE76,2026-10-06T19:09:09.837Z
2026,5,15265,Kyle Pitts,ATL,TE,vs BAL,recYds,Hard Rock,32.5,over,33,140,-195,0.4167,0.3866,0.0777,0,0.5099,0.0932,0.1232,ev,multiplicative,projection,main,live,2026101240603BF9,2026-10-06T19:09:09.837Z
2026,5,15222,Kenneth Gainwell,TB,RB,at DAL,receptions,Caesars,1.5,over,2.26,-173,,0.6337,0.6337,,1,0.7268,0.0931,0.0931,ev,none,projection,main,live,2026100942D78F91,2026-10-06T19:09:09.837Z
2026,5,11718,Chris Godwin,TB,WR,at DAL,recYds,Hard Rock,67.5,over,43.08,650,-1600,0.1333,0.1241,0.0745,0,0.2264,0.0931,0.1023,ev,multiplicative,projection,main,live,2026100942D78F91,2026-10-06T19:09:09.837Z
2026,5,14371,Jordan Love,GB,QB,vs CHI,passYds,Hard Rock,244.5,over,255.85,115,-160,0.4651,0.4305,0.0805,0,0.5582,0.0931,0.1277,ev,multiplicative,projection,main,live,202610112660CB0C,2026-10-06T19:09:09.837Z
2026,5,11690,Christian McCaffrey,SF,RB,at SEA,recYds,Hard Rock,54.5,under,29.68,-425,275,0.8095,0.7522,0.0762,0,0.9026,0.0931,0.1504,ev,multiplicative,projection,main,live,202610119C07AE76,2026-10-06T19:09:09.837Z
2026,5,11690,Christian McCaffrey,SF,RB,at SEA,recYds,Hard Rock,55.5,under,29.68,-450,275,0.8182,0.7542,0.0848,0,0.9113,0.0931,0.1571,ev,multiplicative,projection,main,live,202610119C07AE76,2026-10-06T19:09:09.837Z
2026,5,9253,Mike Evans,SF,WR,at SEA,recYds,Hard Rock,73.5,over,64.8,260,-400,0.2778,0.2577,0.0778,0,0.3709,0.0931,0.1132,ev,multiplicative,projection,main,live,202610119C07AE76,2026-10-06T19:09:09.837Z
2026,5,15947,Jake Ferguson,DAL,TE,vs TB,recYds,FanDuel,24.5,over,31.8,-141,,0.5851,0.5851,,1,0.6781,0.0930,0.0930,ev,none,projection,main,live,2026100942D78F91,2026-10-06T19:09:09.837Z
2026,5,14371,Jordan Love,GB,QB,vs CHI,passYds,Hard Rock,274.5,over,255.85,230,-350,0.3030,0.2804,0.0808,0,0.3960,0.0930,0.1156,ev,multiplicative,projection,main,live,202610112660CB0C,2026-10-06T19:09:09.837Z
2026,5,8057,Kirk Cousins,LV,QB,at NE,passYds,Hard Rock,201.5,under,210.38,160,-225,0.3846,0.3571,0.0769,0,0.4776,0.0930,0.1204,ev,multiplicative,projection,main,live,202610116AF20186,2026-10-06T19:09:09.837Z
2026,5,18549,Emeka Egbuka,TB,WR,at DAL,recYds,Hard Rock,60.5,over,46.67,350,-550,0.2222,0.2080,0.0684,0,0.3151,0.0929,0.1071,ev,multiplicative,projection,main,live,2026100942D78F91,2026-10-06T19:09:09.837Z
2026,5,11718,Chris Godwin,TB,WR,at DAL,recYds,Hard Rock,66.5,over,43.08,600,-1500,0.1429,0.1322,0.0804,0,0.2358,0.0929,0.1035,ev,multiplicative,projection,main,live,2026100942D78F91,2026-10-06T19:09:09.837Z
2026,5,8743,Geno Smith,NYJ,QB,vs CLE,passYds,Hard Rock,162.5,under,188.9,300,-475,0.2500,0.2323,0.0761,0,0.3429,0.0929,0.1105,ev,multiplicative,projection,main,live,2026101112C81881,2026-10-06T19:09:09.837Z
2026,5,16032,Cade Otton,TB,TE,at DAL,recYds,Hard Rock,18.5,over,36.11,-260,180,0.7222,0.6691,0.0794,0,0.8150,0.0928,0.1459,ev,multiplicative,projection,main,live,2026100942D78F91,2026-10-06T19:09:09.837Z
2026,5,14371,Jordan Love,GB,QB,vs CHI,passYds,Hard Rock,284.5,over,255.85,300,-475,0.2500,0.2323,0.0761,0,0.3427,0.0927,0.1104,ev,multiplicative,projection,main,live,202610112660CB0C,2026-10-06T19:09:09.837Z
2026,5,16946,Tyson Bagent,CHI,QB,at GB,passYds,Hard Rock,173.5,under,204.05,275,-450,0.2667,0.2458,0.0848,0,0.3593,0.0927,0.1135,ev,multiplicative,projection,main,live,202610112660CB0C,2026-10-06T19:09:09.837Z
2026,5,19292,Jalon Daniels,TB,QB,at DAL,passYds,BetMGM,180.5,over,209.11,-115,-115,0.5349,0.5000,0.0698,0,0.6273,0.0925,0.1273,ev,multiplicative,projection,main,live,2026100942D78F91,2026-10-06T19:09:09.837Z
2026,5,19292,Jalon Daniels,TB,QB,at DAL,passYds,Hard Rock,180.5,over,209.11,-115,-120,0.5349,0.4951,0.0803,0,0.6273,0.0925,0.1322,ev,multiplicative,projection,main,live,2026100942D78F91,2026-10-06T19:09:09.837Z
2026,5,19292,Jalon Daniels,TB,QB,at DAL,passYds,Hard Rock,269.5,over,209.11,700,-2200,0.1250,0.1156,0.0815,0,0.2175,0.0925,0.1019,ev,multiplicative,projection,main,live,2026100942D78F91,2026-10-06T19:09:09.837Z
2026,5,19292,Jalon Daniels,TB,QB,at DAL,passYds,Hard Rock,271.5,over,209.11,750,-2500,0.1176,0.1090,0.0792,0,0.2100,0.0923,0.1010,ev,multiplicative,projection,main,live,2026100942D78F91,2026-10-06T19:09:09.837Z
2026,5,18549,Emeka Egbuka,TB,WR,at DAL,recYds,Hard Rock,59.5,over,46.67,325,-525,0.2353,0.2188,0.0753,0,0.3276,0.0923,0.1088,ev,multiplicative,projection,main,live,2026100942D78F91,2026-10-06T19:09:09.837Z
2026,5,16032,Cade Otton,TB,TE,at DAL,recYds,Hard Rock,36.5,over,36.11,150,-210,0.4000,0.3713,0.0774,0,0.4922,0.0922,0.1209,ev,multiplicative,projection,main,live,2026100942D78F91,2026-10-06T19:09:09.837Z
2026,5,18549,Emeka Egbuka,TB,WR,at DAL,receptions,FanDuel,3.5,over,3.52,142,,0.4132,0.4132,,1,0.5053,0.0921,0.0921,ev,none,projection,main,live,2026100942D78F91,2026-10-06T19:09:09.837Z
2026,5,15807,Kyren Williams,LAR,RB,vs BUF,rushYds,BetRivers,79.5,over,79.89,143,,0.4115,0.4115,,1,0.5036,0.0921,0.0921,ev,none,projection,main,live,20261013A957AFD4,2026-10-06T19:09:09.837Z
2026,5,14371,Jordan Love,GB,QB,vs CHI,passYds,Hard Rock,242.5,over,255.85,110,-150,0.4762,0.4425,0.0762,0,0.5683,0.0921,0.1259,ev,multiplicative,projection,main,live,202610112660CB0C,2026-10-06T19:09:09.837Z
2026,5,13427,Justice Hill,BAL,RB,at ATL,rushYds,Hard Rock,23.5,over,19.25,300,-475,0.2500,0.2323,0.0761,0,0.3421,0.0921,0.1098,ev,multiplicative,projection,main,live,2026101240603BF9,2026-10-06T19:09:09.837Z
2026,5,17784,Bucky Irving,TB,RB,at DAL,receptions,Hard Rock,5.5,over,3.38,1400,-6000,0.0667,0.0635,0.0503,0,0.1587,0.0920,0.0952,ev,multiplicative,projection,main,live,2026100942D78F91,2026-10-06T19:09:09.837Z
2026,5,14371,Jordan Love,GB,QB,vs CHI,passYds,Hard Rock,287.5,over,255.85,325,-500,0.2353,0.2202,0.0686,0,0.3273,0.0920,0.1071,ev,multiplicative,projection,main,live,202610112660CB0C,2026-10-06T19:09:09.837Z
2026,5,16946,Tyson Bagent,CHI,QB,at GB,passYds,Hard Rock,179.5,under,204.05,240,-375,0.2941,0.2714,0.0836,0,0.3861,0.0920,0.1147,ev,multiplicative,projection,main,live,202610112660CB0C,2026-10-06T19:09:09.837Z
2026,5,15850,Jahan Dotson,ATL,WR,vs BAL,recYds,Hard Rock,50.5,under,15.76,-850,450,0.8947,0.8311,0.0766,0,0.9868,0.0920,0.1556,ev,multiplicative,projection,main,live,2026101240603BF9,2026-10-06T19:09:09.837Z
2026,5,14371,Jordan Love,GB,QB,vs CHI,passYds,DraftKings,219.5,over,255.85,-143,,0.5885,0.5885,,1,0.6804,0.0919,0.0919,ev,none,projection,main,live,202610112660CB0C,2026-10-06T19:09:09.837Z
2026,5,18549,Emeka Egbuka,TB,WR,at DAL,recYds,DraftKings,59.5,over,46.67,324,,0.2358,0.2358,,1,0.3276,0.0918,0.0918,ev,none,projection,main,live,2026100942D78F91,2026-10-06T19:09:09.837Z
2026,5,14371,Jordan Love,GB,QB,vs CHI,passYds,Hard Rock,281.5,over,255.85,275,-425,0.2667,0.2478,0.0762,0,0.3584,0.0918,0.1107,ev,multiplicative,projection,main,live,202610112660CB0C,2026-10-06T19:09:09.837Z
2026,5,13429,Deebo Samuel Sr.,SF,WR,at SEA,recYds,Hard Rock,47.5,over,42.63,200,-300,0.3333,0.3077,0.0833,0,0.4251,0.0918,0.1174,ev,multiplicative,projection,main,live,202610119C07AE76,2026-10-06T19:09:09.837Z
2026,5,15876,James Cook,BUF,RB,at LAR,rushYds,Hard Rock,53.5,over,88.04,-350,230,0.7778,0.7196,0.0808,0,0.8696,0.0918,0.1499,ev,multiplicative,projection,main,live,20261013A957AFD4,2026-10-06T19:09:09.837Z
2026,5,17811,AJ Barner,SEA,TE,vs SF,receptions,FanDuel,1.5,over,3.25,-451,,0.8185,0.8185,,1,0.9101,0.0916,0.0916,ev,none,projection,main,live,202610119C07AE76,2026-10-06T19:09:09.837Z
2026,5,12483,Josh Allen,BUF,QB,at LAR,rushYds,Hard Rock,51.5,under,37.26,-350,230,0.7778,0.7196,0.0808,0,0.8694,0.0916,0.1497,ev,multiplicative,projection,main,live,20261013A957AFD4,2026-10-06T19:09:09.837Z
2026,5,12483,Josh Allen,BUF,QB,at LAR,rushYds,Hard Rock,60.5,under,37.26,-700,400,0.8750,0.8140,0.0750,0,0.9666,0.0916,0.1527,ev,multiplicative,projection,main,live,20261013A957AFD4,2026-10-06T19:09:09.837Z
2026,5,19292,Jalon Daniels,TB,QB,at DAL,passYds,Hard Rock,273.5,over,209.11,800,-3000,0.1111,0.1030,0.0789,0,0.2026,0.0915,0.0996,ev,multiplicative,projection,main,live,2026100942D78F91,2026-10-06T19:09:09.837Z
2026,5,8743,Geno Smith,NYJ,QB,vs CLE,passYds,Hard Rock,168.5,under,188.9,250,-375,0.2857,0.2657,0.0752,0,0.3772,0.0915,0.1115,ev,multiplicative,projection,main,live,2026101112C81881,2026-10-06T19:09:09.837Z
2026,5,16654,Jaxon Smith-Njigba,SEA,WR,vs SF,receptions,BetRivers,10.5,over,6.73,750,,0.1176,0.1176,,1,0.2090,0.0914,0.0914,ev,none,projection,main,live,202610119C07AE76,2026-10-06T19:09:09.837Z
2026,5,17784,Bucky Irving,TB,RB,at DAL,rushYds,Hard Rock,41.5,over,75.16,-230,160,0.6970,0.6444,0.0816,0,0.7884,0.0914,0.1440,ev,multiplicative,projection,main,live,2026100942D78F91,2026-10-06T19:09:09.837Z
2026,5,16946,Tyson Bagent,CHI,QB,at GB,passYds,Hard Rock,177.5,under,204.05,250,-400,0.2857,0.2632,0.0857,0,0.3771,0.0914,0.1140,ev,multiplicative,projection,main,live,202610112660CB0C,2026-10-06T19:09:09.837Z
2026,5,11690,Christian McCaffrey,SF,RB,at SEA,recYds,Hard Rock,40.5,under,29.68,-165,115,0.6226,0.5724,0.0878,0,0.7141,0.0914,0.1417,ev,multiplicative,projection,main,live,202610119C07AE76,2026-10-06T19:09:09.837Z
2026,5,14371,Jordan Love,GB,QB,vs CHI,passYds,Hard Rock,279.5,over,255.85,260,-400,0.2778,0.2577,0.0778,0,0.3691,0.0913,0.1113,ev,multiplicative,projection,main,live,202610112660CB0C,2026-10-06T19:09:09.837Z
2026,5,15876,James Cook,BUF,RB,at LAR,rushYds,Hard Rock,84.5,over,88.04,120,-170,0.4545,0.4193,0.0842,0,0.5459,0.0913,0.1266,ev,multiplicative,projection,main,live,20261013A957AFD4,2026-10-06T19:09:09.837Z
2026,5,11690,Christian McCaffrey,SF,RB,at SEA,recYds,Caesars,35.5,under,29.68,-112,-117,0.5283,0.4949,0.0675,0,0.6195,0.0912,0.1246,ev,multiplicative,projection,main,live,202610119C07AE76,2026-10-06T19:09:09.837Z
2026,5,9455,Davante Adams,LAR,WR,vs BUF,recYds,Caesars,62.5,over,79.89,-115,-114,0.5349,0.5010,0.0676,0,0.6261,0.0912,0.1251,ev,multiplicative,projection,main,live,20261013A957AFD4,2026-10-06T19:09:09.837Z
2026,5,9455,Davante Adams,LAR,WR,vs BUF,recYds,Hard Rock,62.5,over,79.89,-115,-115,0.5349,0.5000,0.0698,0,0.6261,0.0912,0.1261,ev,multiplicative,projection,main,live,20261013A957AFD4,2026-10-06T19:09:09.837Z
2026,5,14411,CeeDee Lamb,DAL,WR,vs TB,recYds,DraftKings,80.5,over,94.13,-111,-111,0.5261,0.5000,0.0521,0,0.6171,0.0911,0.1171,ev,multiplicative,projection,main,live,2026100942D78F91,2026-10-06T19:09:09.837Z
2026,5,14371,Jordan Love,GB,QB,vs CHI,passYds,Hard Rock,276.5,over,255.85,240,-375,0.2941,0.2714,0.0836,0,0.3852,0.0911,0.1137,ev,multiplicative,projection,main,live,202610112660CB0C,2026-10-06T19:09:09.837Z
2026,5,16919,Zay Flowers,BAL,WR,at ATL,recYds,Hard Rock,91.5,over,84.25,220,-325,0.3125,0.2901,0.0772,0,0.4035,0.0910,0.1134,ev,multiplicative,projection,main,live,2026101240603BF9,2026-10-06T19:09:09.837Z
2026,5,16032,Cade Otton,TB,TE,at DAL,recYds,DraftKings,30.5,over,36.11,-109,-115,0.5215,0.4937,0.0564,0,0.6124,0.0909,0.1187,ev,multiplicative,projection,main,live,2026100942D78F91,2026-10-06T19:09:09.837Z
2026,5,15876,James Cook,BUF,RB,at LAR,rushYds,DraftKings,59.5,over,88.04,-274,,0.7326,0.7326,,1,0.8236,0.0909,0.0909,ev,none,projection,main,live,20261013A957AFD4,2026-10-06T19:09:09.837Z
2026,5,19292,Jalon Daniels,TB,QB,at DAL,rushYds,Hard Rock,77.5,under,20.13,-1000,500,0.9091,0.8451,0.0758,0,1.0000,0.0909,0.1549,ev,multiplicative,projection,main,live,2026100942D78F91,2026-10-06T19:09:09.837Z
2026,5,16032,Cade Otton,TB,TE,at DAL,recYds,Hard Rock,16.5,over,36.11,-300,220,0.7500,0.7059,0.0625,0,0.8409,0.0909,0.1350,ev,multiplicative,projection,main,live,2026100942D78F91,2026-10-06T19:09:09.837Z
2026,5,17057,Isaiah Davis,NYJ,RB,vs CLE,rushYds,Hard Rock,36.5,under,3.02,-1000,525,0.9091,0.8503,0.0691,0,1.0000,0.0909,0.1497,ev,multiplicative,projection,main,live,2026101112C81881,2026-10-06T19:09:09.837Z
2026,5,11712,Deshaun Watson,CLE,QB,at NYJ,rushYds,Hard Rock,49.5,under,14.86,-950,475,0.9048,0.8388,0.0787,0,0.9956,0.0908,0.1568,ev,multiplicative,projection,main,live,2026101112C81881,2026-10-06T19:09:09.837Z
2026,5,8743,Geno Smith,NYJ,QB,vs CLE,passYds,Hard Rock,159.5,under,188.9,325,-525,0.2353,0.2188,0.0753,0,0.3261,0.0908,0.1073,ev,multiplicative,projection,main,live,2026101112C81881,2026-10-06T19:09:09.837Z
2026,5,16919,Zay Flowers,BAL,WR,at ATL,recYds,Hard Rock,36.5,over,84.25,-550,325,0.8462,0.7824,0.0814,0,0.9368,0.0907,0.1544,ev,multiplicative,projection,main,live,2026101240603BF9,2026-10-06T19:09:09.837Z
2026,5,17702,Braelon Allen,NYJ,RB,vs CLE,rushYds,Hard Rock,91.5,under,38.23,-325,210,0.7647,0.7033,0.0873,0,0.8553,0.0906,0.1519,ev,multiplicative,projection,main,live,2026101112C81881,2026-10-06T19:09:09.837Z
2026,5,14371,Jordan Love,GB,QB,vs CHI,passYds,Hard Rock,240.5,over,255.85,105,-145,0.4878,0.4518,0.0796,0,0.5784,0.0906,0.1266,ev,multiplicative,projection,main,live,202610112660CB0C,2026-10-06T19:09:09.837Z
2026,5,15876,James Cook,BUF,RB,at LAR,rushYds,Hard Rock,55.5,over,88.04,-325,210,0.7647,0.7033,0.0873,0,0.8553,0.0906,0.1519,ev,multiplicative,projection,main,live,20261013A957AFD4,2026-10-06T19:09:09.837Z
2026,5,18549,Emeka Egbuka,TB,WR,at DAL,recYds,Hard Rock,11.5,over,46.67,-575,325,0.8519,0.7836,0.0871,0,0.9424,0.0905,0.1588,ev,multiplicative,projection,main,live,2026100942D78F91,2026-10-06T19:09:09.837Z
2026,5,13429,Deebo Samuel Sr.,SF,WR,at SEA,recYds,Hard Rock,20.5,over,42.63,-260,175,0.7222,0.6651,0.0859,0,0.8127,0.0905,0.1476,ev,multiplicative,projection,main,live,202610119C07AE76,2026-10-06T19:09:09.837Z
2026,5,8743,Geno Smith,NYJ,QB,vs CLE,passYds,Caesars,207.5,under,188.9,-114,-114,0.5327,0.5000,0.0654,0,0.6231,0.0904,0.1231,ev,multiplicative,projection,main,live,2026101112C81881,2026-10-06T19:09:09.837Z
2026,5,19292,Jalon Daniels,TB,QB,at DAL,passYds,Hard Rock,178.5,over,209.11,-120,-115,0.5455,0.5049,0.0803,0,0.6359,0.0904,0.1310,ev,multiplicative,projection,main,live,2026100942D78F91,2026-10-06T19:09:09.837Z
2026,5,16946,Tyson Bagent,CHI,QB,at GB,passYds,Hard Rock,175.5,under,204.05,260,-425,0.2778,0.2555,0.0873,0,0.3682,0.0904,0.1127,ev,multiplicative,projection,main,live,202610112660CB0C,2026-10-06T19:09:09.837Z
2026,5,8057,Kirk Cousins,LV,QB,at NE,passYds,Hard Rock,200.5,under,210.38,160,-230,0.3846,0.3556,0.0816,0,0.4751,0.0904,0.1195,ev,multiplicative,projection,main,live,202610116AF20186,2026-10-06T19:09:09.837Z
2026,5,14416,Jalen Hurts,PHI,QB,at JAX,rushYds,Hard Rock,52.5,under,24.48,-1000,500,0.9091,0.8451,0.0758,0,0.9994,0.0903,0.1543,ev,multiplicative,projection,main,live,2026101118C77B29,2026-10-06T19:09:09.837Z
2026,5,9253,Mike Evans,SF,WR,at SEA,recYds,theScore,39.5,over,64.8,-200,,0.6667,0.6667,,1,0.7569,0.0902,0.0902,ev,none,projection,main,live,202610119C07AE76,2026-10-06T19:09:09.837Z
2026,5,13427,Justice Hill,BAL,RB,at ATL,rushYds,Hard Rock,10.5,over,19.25,-135,100,0.5745,0.5347,0.0745,0,0.6647,0.0902,0.1300,ev,multiplicative,projection,main,live,2026101240603BF9,2026-10-06T19:09:09.837Z
2026,5,15850,Jahan Dotson,ATL,WR,vs BAL,recYds,Hard Rock,25.5,under,15.76,-180,125,0.6429,0.5912,0.0873,0,0.7331,0.0902,0.1418,ev,multiplicative,projection,main,live,2026101240603BF9,2026-10-06T19:09:09.837Z
2026,5,15853,George Pickens,DAL,WR,vs TB,recYds,DraftKings,39.5,over,66.73,-306,,0.7537,0.7537,,1,0.8438,0.0901,0.0901,ev,none,projection,main,live,2026100942D78F91,2026-10-06T19:09:09.837Z
2026,5,19292,Jalon Daniels,TB,QB,at DAL,passYds,Hard Rock,275.5,over,209.11,850,-3000,0.1053,0.0981,0.0730,0,0.1954,0.0901,0.0973,ev,multiplicative,projection,main,live,2026100942D78F91,2026-10-06T19:09:09.837Z
2026,5,8743,Geno Smith,NYJ,QB,vs CLE,passYds,Hard Rock,174.5,under,188.9,210,-300,0.3226,0.3008,0.0726,0,0.4126,0.0901,0.1119,ev,multiplicative,projection,main,live,2026101112C81881,2026-10-06T19:09:09.837Z
2026,5,14371,Jordan Love,GB,QB,vs CHI,passYds,DraftKings,299.5,over,255.85,460,,0.1786,0.1786,,1,0.2686,0.0900,0.0900,ev,none,projection,main,live,202610112660CB0C,2026-10-06T19:09:09.837Z
2026,5,15306,Javonte Williams,DAL,RB,vs TB,rushYds,Hard Rock,102.5,under,72.94,-425,260,0.8095,0.7445,0.0873,0,0.8995,0.0900,0.1550,ev,multiplicative,projection,main,live,2026100942D78F91,2026-10-06T19:09:09.837Z
2026,5,16690,Parker Washington,JAX,WR,vs PHI,recYds,Hard Rock,110.5,under,68.35,-1000,500,0.9091,0.8451,0.0758,0,0.9991,0.0900,0.1540,ev,multiplicative,projection,main,live,2026101118C77B29,2026-10-06T19:09:09.837Z
2026,5,9253,Mike Evans,SF,WR,at SEA,recYds,Hard Rock,74.5,over,64.8,275,-425,0.2667,0.2478,0.0762,0,0.3567,0.0900,0.1089,ev,multiplicative,projection,main,live,202610119C07AE76,2026-10-06T19:09:09.837Z
2026,5,13429,Deebo Samuel Sr.,SF,WR,at SEA,recYds,Hard Rock,19.5,over,42.63,-275,190,0.7333,0.6802,0.0782,0,0.8233,0.0900,0.1431,ev,multiplicative,projection,main,live,202610119C07AE76,2026-10-06T19:09:09.837Z
2026,5,18549,Emeka Egbuka,TB,WR,at DAL,receptions,Hard Rock,5.5,over,3.52,600,-1600,0.1429,0.1318,0.0840,0,0.2328,0.0899,0.1010,ev,multiplicative,projection,main,live,2026100942D78F91,2026-10-06T19:09:09.837Z
2026,5,11008,Dak Prescott,DAL,QB,vs TB,rushYds,Hard Rock,14.5,over,14,155,-220,0.3922,0.3632,0.0797,0,0.4821,0.0899,0.1189,ev,multiplicative,projection,main,live,2026100942D78F91,2026-10-06T19:09:09.837Z
2026,5,14371,Jordan Love,GB,QB,vs CHI,passYds,Hard Rock,271.5,over,255.85,210,-325,0.3226,0.2967,0.0873,0,0.4124,0.0899,0.1158,ev,multiplicative,projection,main,live,202610112660CB0C,2026-10-06T19:09:09.837Z
2026,5,16690,Parker Washington,JAX,WR,vs PHI,recYds,Hard Rock,109.5,under,68.35,-1000,475,0.9091,0.8394,0.0830,0,0.9989,0.0898,0.1594,ev,multiplicative,projection,main,live,2026101118C77B29,2026-10-06T19:09:09.837Z
2026,5,8743,Geno Smith,NYJ,QB,vs CLE,passYds,Hard Rock,200.5,under,188.9,105,-140,0.4878,0.4554,0.0711,0,0.5776,0.0898,0.1222,ev,multiplicative,projection,main,live,2026101112C81881,2026-10-06T19:09:09.837Z
2026,5,8743,Geno Smith,NYJ,QB,vs CLE,passYds,Hard Rock,195.5,under,188.9,120,-165,0.4545,0.4220,0.0772,0,0.5443,0.0898,0.1223,ev,multiplicative,projection,main,live,2026101112C81881,2026-10-06T19:09:09.837Z
2026,5,8743,Geno Smith,NYJ,QB,vs CLE,passYds,Hard Rock,183.5,under,188.9,165,-225,0.3774,0.3528,0.0697,0,0.4670,0.0897,0.1142,ev,multiplicative,projection,main,live,2026101112C81881,2026-10-06T19:09:09.837Z
2026,5,12483,Josh Allen,BUF,QB,at LAR,rushYds,Hard Rock,61.5,under,37.26,-750,400,0.8824,0.8152,0.0824,0,0.9721,0.0897,0.1569,ev,multiplicative,projection,main,live,20261013A957AFD4,2026-10-06T19:09:09.837Z
2026,5,17784,Bucky Irving,TB,RB,at DAL,rushYds,FanDuel,99.5,over,75.16,746,,0.1182,0.1182,,1,0.2078,0.0896,0.0896,ev,none,projection,main,live,2026100942D78F91,2026-10-06T19:09:09.837Z
2026,5,14416,Jalen Hurts,PHI,QB,at JAX,completions,Caesars,19.5,under,18.07,-121,-109,0.5475,0.5122,0.0690,0,0.6371,0.0896,0.1250,ev,multiplicative,projection,main,live,2026101118C77B29,2026-10-06T19:09:09.837Z
2026,5,17784,Bucky Irving,TB,RB,at DAL,rushYds,Hard Rock,96.5,over,75.16,575,-1400,0.1481,0.1370,0.0815,0,0.2377,0.0896,0.1007,ev,multiplicative,projection,main,live,2026100942D78F91,2026-10-06T19:09:09.837Z
2026,5,18524,Bhayshul Tuten,JAX,RB,vs PHI,recYds,Hard Rock,4.5,over,12.52,-275,180,0.7333,0.6725,0.0905,0,0.8228,0.0895,0.1504,ev,multiplicative,projection,main,live,2026101118C77B29,2026-10-06T19:09:09.837Z
2026,5,17811,AJ Barner,SEA,TE,vs SF,recYds,Hard Rock,34.5,over,33.13,170,-250,0.3704,0.3415,0.0847,0,0.4599,0.0895,0.1184,ev,multiplicative,projection,main,live,202610119C07AE76,2026-10-06T19:09:09.837Z
2026,5,8743,Geno Smith,NYJ,QB,vs CLE,passYds,Hard Rock,192.5,under,188.9,130,-175,0.4348,0.4059,0.0711,0,0.5242,0.0894,0.1183,ev,multiplicative,projection,main,live,2026101112C81881,2026-10-06T19:09:09.837Z
2026,5,17690,Blake Corum,LAR,RB,vs BUF,rushYds,Hard Rock,66.5,over,43.22,575,-1400,0.1481,0.1370,0.0815,0,0.2376,0.0894,0.1006,ev,multiplicative,projection,main,live,20261013A957AFD4,2026-10-06T19:09:09.837Z
2026,5,17784,Bucky Irving,TB,RB,at DAL,rushYds,Hard Rock,40.5,over,75.16,-240,170,0.7059,0.6559,0.0763,0,0.7952,0.0893,0.1393,ev,multiplicative,projection,main,live,2026100942D78F91,2026-10-06T19:09:09.837Z
2026,5,17716,Brian Thomas Jr.,JAX,WR,vs PHI,recYds,Hard Rock,12.5,over,33.71,-300,200,0.7500,0.6923,0.0833,0,0.8391,0.0891,0.1468,ev,multiplicative,projection,main,live,2026101118C77B29,2026-10-06T19:09:09.837Z
2026,5,8743,Geno Smith,NYJ,QB,vs CLE,passYds,Hard Rock,169.5,under,188.9,240,-375,0.2941,0.2714,0.0836,0,0.3831,0.0890,0.1117,ev,multiplicative,projection,main,live,2026101112C81881,2026-10-06T19:09:09.837Z
2026,5,15850,Jahan Dotson,ATL,WR,vs BAL,recYds,Hard Rock,24.5,under,15.76,-165,120,0.6226,0.5780,0.0772,0,0.7117,0.0890,0.1336,ev,multiplicative,projection,main,live,2026101240603BF9,2026-10-06T19:09:09.837Z
2026,5,18524,Bhayshul Tuten,JAX,RB,vs PHI,recYds,BetRivers,9.5,over,12.52,-121,-110,0.5475,0.5111,0.0713,0,0.6364,0.0889,0.1253,ev,multiplicative,projection,main,live,2026101118C77B29,2026-10-06T19:09:09.837Z
2026,5,5971,Matthew Stafford,LAR,QB,vs BUF,passYds,Caesars,281.5,under,260.27,-115,-113,0.5349,0.5020,0.0654,0,0.6237,0.0889,0.1217,ev,multiplicative,projection,main,live,20261013A957AFD4,2026-10-06T19:09:09.837Z
2026,5,16690,Parker Washington,JAX,WR,vs PHI,receptions,Hard Rock,6.5,under,4.46,-450,275,0.8182,0.7542,0.0848,0,0.9071,0.0889,0.1529,ev,multiplicative,projection,main,live,2026101118C77B29,2026-10-06T19:09:09.837Z
2026,5,15876,James Cook,BUF,RB,at LAR,rushYds,FanDuel,89.5,over,88.04,156,,0.3906,0.3906,,1,0.4794,0.0888,0.0888,ev,none,projection,main,live,20261013A957AFD4,2026-10-06T19:09:09.837Z
2026,5,19292,Jalon Daniels,TB,QB,at DAL,passYds,Hard Rock,176.5,over,209.11,-125,-110,0.5556,0.5147,0.0794,0,0.6444,0.0888,0.1297,ev,multiplicative,projection,main,live,2026100942D78F91,2026-10-06T19:09:09.837Z
2026,5,15306,Javonte Williams,DAL,RB,vs TB,rushYds,Hard Rock,103.5,under,72.94,-450,300,0.8182,0.7660,0.0682,0,0.9069,0.0888,0.1410,ev,multiplicative,projection,main,live,2026100942D78F91,2026-10-06T19:09:09.837Z
2026,5,15222,Kenneth Gainwell,TB,RB,at DAL,rushYds,Hard Rock,3.5,over,32.16,-700,400,0.8750,0.8140,0.0750,0,0.9638,0.0888,0.1498,ev,multiplicative,projection,main,live,2026100942D78F91,2026-10-06T19:09:09.837Z
2026,5,16919,Zay Flowers,BAL,WR,at ATL,recYds,Hard Rock,35.5,over,84.25,-575,350,0.8519,0.7931,0.0741,0,0.9407,0.0888,0.1476,ev,multiplicative,projection,main,live,2026101240603BF9,2026-10-06T19:09:09.837Z
2026,5,15850,Jahan Dotson,ATL,WR,vs BAL,recYds,Hard Rock,51.5,under,15.76,-900,475,0.9000,0.8381,0.0739,0,0.9888,0.0888,0.1507,ev,multiplicative,projection,main,live,2026101240603BF9,2026-10-06T19:09:09.837Z
2026,5,11718,Chris Godwin,TB,WR,at DAL,receptions,DraftKings,3.5,over,3.83,107,-138,0.4831,0.4545,0.0629,0,0.5718,0.0887,0.1173,ev,multiplicative,projection,main,live,2026100942D78F91,2026-10-06T19:09:09.837Z
2026,5,18549,Emeka Egbuka,TB,WR,at DAL,receptions,DraftKings,3.5,over,3.52,140,,0.4167,0.4167,,1,0.5053,0.0887,0.0887,ev,none,projection,main,live,2026100942D78F91,2026-10-06T19:09:09.837Z
2026,5,18549,Emeka Egbuka,TB,WR,at DAL,receptions,BetRivers,3.5,over,3.52,140,,0.4167,0.4167,,1,0.5053,0.0887,0.0887,ev,none,projection,main,live,2026100942D78F91,2026-10-06T19:09:09.837Z
2026,5,15222,Kenneth Gainwell,TB,RB,at DAL,recYds,Hard Rock,22.5,over,18.34,230,-350,0.3030,0.2804,0.0808,0,0.3917,0.0887,0.1114,ev,multiplicative,projection,main,live,2026100942D78F91,2026-10-06T19:09:09.837Z
2026,5,18549,Emeka Egbuka,TB,WR,at DAL,receptions,Hard Rock,3.5,over,3.52,140,-200,0.4167,0.3846,0.0833,0,0.5053,0.0887,0.1207,ev,multiplicative,projection,main,live,2026100942D78F91,2026-10-06T19:09:09.837Z
2026,5,17716,Brian Thomas Jr.,JAX,WR,vs PHI,recYds,Hard Rock,37.5,over,33.71,190,-275,0.3448,0.3198,0.0782,0,0.4335,0.0887,0.1137,ev,multiplicative,projection,main,live,2026101118C77B29,2026-10-06T19:09:09.837Z
2026,5,14371,Jordan Love,GB,QB,vs CHI,passYds,Hard Rock,278.5,over,255.85,250,-400,0.2857,0.2632,0.0857,0,0.3744,0.0887,0.1112,ev,multiplicative,projection,main,live,202610112660CB0C,2026-10-06T19:09:09.837Z
2026,5,15222,Kenneth Gainwell,TB,RB,at DAL,receptions,Caesars,2.5,over,2.26,176,-235,0.3623,0.3406,0.0638,0,0.4508,0.0885,0.1102,ev,multiplicative,projection,main,live,2026100942D78F91,2026-10-06T19:09:09.837Z
2026,5,8743,Geno Smith,NYJ,QB,vs CLE,passYds,Hard Rock,154.5,under,188.9,375,-650,0.2105,0.1954,0.0772,0,0.2990,0.0885,0.1035,ev,multiplicative,projection,main,live,2026101112C81881,2026-10-06T19:09:09.837Z
2026,5,8743,Geno Smith,NYJ,QB,vs CLE,passYds,Hard Rock,184.5,under,188.9,160,-220,0.3846,0.3587,0.0721,0,0.4731,0.0885,0.1144,ev,multiplicative,projection,main,live,2026101112C81881,2026-10-06T19:09:09.837Z
2026,5,14371,Jordan Love,GB,QB,vs CHI,passYds,Hard Rock,238.5,over,255.85,100,-135,0.5000,0.4653,0.0745,0,0.5885,0.0885,0.1232,ev,multiplicative,projection,main,live,202610112660CB0C,2026-10-06T19:09:09.837Z
2026,5,15876,James Cook,BUF,RB,at LAR,rushYds,Hard Rock,85.5,over,88.04,125,-175,0.4444,0.4112,0.0808,0,0.5329,0.0885,0.1217,ev,multiplicative,projection,main,live,20261013A957AFD4,2026-10-06T19:09:09.837Z
2026,5,14411,CeeDee Lamb,DAL,WR,vs TB,recYds,DraftKings,79.5,over,94.13,-116,,0.5370,0.5370,,1,0.6255,0.0884,0.0884,ev,none,projection,main,live,2026100942D78F91,2026-10-06T19:09:09.837Z
2026,5,8743,Geno Smith,NYJ,QB,vs CLE,passYds,Hard Rock,172.5,under,188.9,220,-325,0.3125,0.2901,0.0772,0,0.4008,0.0883,0.1106,ev,multiplicative,projection,main,live,2026101112C81881,2026-10-06T19:09:09.837Z
2026,5,5971,Matthew Stafford,LAR,QB,vs BUF,completions,DraftKings,23.5,under,21.5,-123,-104,0.5516,0.5197,0.0614,0,0.6398,0.0882,0.1201,ev,multiplicative,projection,main,live,20261013A957AFD4,2026-10-06T19:09:09.837Z
2026,5,8743,Geno Smith,NYJ,QB,vs CLE,passYds,Hard Rock,198.5,under,188.9,110,-150,0.4762,0.4425,0.0762,0,0.5643,0.0881,0.1218,ev,multiplicative,projection,main,live,2026101112C81881,2026-10-06T19:09:09.837Z
2026,5,15306,Javonte Williams,DAL,RB,vs TB,rushYds,Hard Rock,104.5,under,72.94,-475,300,0.8261,0.7677,0.0761,0,0.9139,0.0879,0.1463,ev,multiplicative,projection,main,live,2026100942D78F91,2026-10-06T19:09:09.837Z
2026,5,19292,Jalon Daniels,TB,QB,at DAL,passYds,Hard Rock,274.5,over,209.11,800,-3000,0.1111,0.1030,0.0789,0,0.1990,0.0879,0.0960,ev,multiplicative,projection,main,live,2026100942D78F91,2026-10-06T19:09:09.837Z
2026,5,8743,Geno Smith,NYJ,QB,vs CLE,passYds,Hard Rock,166.5,under,188.9,260,-400,0.2778,0.2577,0.0778,0,0.3657,0.0879,0.1079,ev,multiplicative,projection,main,live,2026101112C81881,2026-10-06T19:09:09.837Z
2026,5,8057,Kirk Cousins,LV,QB,at NE,passYds,Hard Rock,202.5,under,210.38,155,-220,0.3922,0.3632,0.0797,0,0.4801,0.0879,0.1169,ev,multiplicative,projection,main,live,202610116AF20186,2026-10-06T19:09:09.837Z
2026,5,16560,Rashid Shaheed,SEA,WR,vs SF,recYds,Hard Rock,6.5,over,30.27,-375,240,0.7895,0.7286,0.0836,0,0.8773,0.0879,0.1488,ev,multiplicative,projection,main,live,202610119C07AE76,2026-10-06T19:09:09.837Z
2026,5,14411,CeeDee Lamb,DAL,WR,vs TB,recYds,FanDuel,89.5,over,94.13,121,,0.4525,0.4525,,1,0.5403,0.0878,0.0878,ev,none,projection,main,live,2026100942D78F91,2026-10-06T19:09:09.837Z
2026,5,14371,Jordan Love,GB,QB,vs CHI,passYds,Caesars,232.5,over,255.85,-113,-115,0.5305,0.4980,0.0654,0,0.6183,0.0878,0.1204,ev,multiplicative,projection,main,live,202610112660CB0C,2026-10-06T19:09:09.837Z
2026,5,14416,Jalen Hurts,PHI,QB,at JAX,completions,DraftKings,19.5,under,18.07,-122,-104,0.5495,0.5188,0.0594,0,0.6371,0.0876,0.1183,ev,multiplicative,projection,main,live,2026101118C77B29,2026-10-06T19:09:09.837Z
2026,5,9455,Davante Adams,LAR,WR,vs BUF,recYds,FanDuel,89.5,over,79.89,227,,0.3058,0.3058,,1,0.3934,0.0876,0.0876,ev,none,projection,main,live,20261013A957AFD4,2026-10-06T19:09:09.837Z
2026,5,16946,Tyson Bagent,CHI,QB,at GB,passYds,Hard Rock,180.5,under,204.05,230,-350,0.3030,0.2804,0.0808,0,0.3906,0.0876,0.1102,ev,multiplicative,projection,main,live,202610112660CB0C,2026-10-06T19:09:09.837Z
2026,5,14371,Jordan Love,GB,QB,vs CHI,passYds,Hard Rock,275.5,over,255.85,230,-350,0.3030,0.2804,0.0808,0,0.3906,0.0876,0.1102,ev,multiplicative,projection,main,live,202610112660CB0C,2026-10-06T19:09:09.837Z
2026,5,9455,Davante Adams,LAR,WR,vs BUF,recYds,Hard Rock,61.5,over,79.89,-120,-115,0.5455,0.5049,0.0803,0,0.6331,0.0876,0.1282,ev,multiplicative,projection,main,live,20261013A957AFD4,2026-10-06T19:09:09.837Z
2026,5,16032,Cade Otton,TB,TE,at DAL,recYds,Hard Rock,37.5,over,36.11,160,-225,0.3846,0.3571,0.0769,0,0.4721,0.0875,0.1150,ev,multiplicative,projection,main,live,2026100942D78F91,2026-10-06T19:09:09.837Z
2026,5,8743,Geno Smith,NYJ,QB,vs CLE,passYds,Hard Rock,164.5,under,188.9,275,-450,0.2667,0.2458,0.0848,0,0.3542,0.0875,0.1084,ev,multiplicative,projection,main,live,2026101112C81881,2026-10-06T19:09:09.837Z
2026,5,8743,Geno Smith,NYJ,QB,vs CLE,passYds,Hard Rock,156.5,under,188.9,350,-600,0.2222,0.2059,0.0794,0,0.3097,0.0875,0.1038,ev,multiplicative,projection,main,live,2026101112C81881,2026-10-06T19:09:09.837Z
2026,5,16946,Tyson Bagent,CHI,QB,at GB,passYds,Hard Rock,181.5,under,204.05,225,-350,0.3077,0.2835,0.0855,0,0.3952,0.0875,0.1117,ev,multiplicative,projection,main,live,202610112660CB0C,2026-10-06T19:09:09.837Z
2026,5,14371,Jordan Love,GB,QB,vs CHI,passYds,Hard Rock,285.5,over,255.85,300,-475,0.2500,0.2323,0.0761,0,0.3375,0.0875,0.1052,ev,multiplicative,projection,main,live,202610112660CB0C,2026-10-06T19:09:09.837Z
2026,5,15265,Kyle Pitts,ATL,TE,vs BAL,recYds,FanDuel,14.5,over,33,-274,,0.7326,0.7326,,1,0.8200,0.0874,0.0874,ev,none,projection,main,live,2026101240603BF9,2026-10-06T19:09:09.837Z
2026,5,8743,Geno Smith,NYJ,QB,vs CLE,passYds,Hard Rock,189.5,under,188.9,140,-190,0.4167,0.3887,0.0718,0,0.5040,0.0874,0.1153,ev,multiplicative,projection,main,live,2026101112C81881,2026-10-06T19:09:09.837Z
2026,5,13429,Deebo Samuel Sr.,SF,WR,at SEA,recYds,Hard Rock,48.5,over,42.63,210,-325,0.3226,0.2967,0.0873,0,0.4100,0.0874,0.1133,ev,multiplicative,projection,main,live,202610119C07AE76,2026-10-06T19:09:09.837Z
2026,5,17784,Bucky Irving,TB,RB,at DAL,rushAtt,DraftKings,19.5,over,16.86,700,,0.1250,0.1250,,1,0.2123,0.0873,0.0873,ev,none,projection,main,live,2026100942D78F91,2026-10-06T19:09:09.837Z
2026,5,17784,Bucky Irving,TB,RB,at DAL,rushAtt,theScore,19.5,over,16.86,700,,0.1250,0.1250,,1,0.2123,0.0873,0.0873,ev,none,projection,main,live,2026100942D78F91,2026-10-06T19:09:09.837Z
2026,5,13429,Deebo Samuel Sr.,SF,WR,at SEA,recYds,Hard Rock,49.5,over,42.63,225,-325,0.3077,0.2869,0.0724,0,0.3950,0.0873,0.1081,ev,multiplicative,projection,main,live,202610119C07AE76,2026-10-06T19:09:09.837Z
2026,5,13429,Deebo Samuel Sr.,SF,WR,at SEA,recYds,theScore,49.5,over,42.63,225,,0.3077,0.3077,,1,0.3950,0.0873,0.0873,ev,none,projection,main,live,202610119C07AE76,2026-10-06T19:09:09.837Z
2026,5,16739,Bijan Robinson,ATL,RB,vs BAL,recYds,Hard Rock,40.5,over,36.4,225,-350,0.3077,0.2835,0.0855,0,0.3950,0.0873,0.1115,ev,multiplicative,projection,main,live,2026101240603BF9,2026-10-06T19:09:09.837Z
2026,5,15222,Kenneth Gainwell,TB,RB,at DAL,receptions,theScore,2.5,over,2.26,175,,0.3636,0.3636,,1,0.4508,0.0872,0.0872,ev,none,projection,main,live,2026100942D78F91,2026-10-06T19:09:09.837Z
2026,5,15306,Javonte Williams,DAL,RB,vs TB,rushYds,Hard Rock,105.5,under,72.94,-500,300,0.8333,0.7692,0.0833,0,0.9205,0.0872,0.1513,ev,multiplicative,projection,main,live,2026100942D78F91,2026-10-06T19:09:09.837Z
2026,5,17702,Braelon Allen,NYJ,RB,vs CLE,rushYds,Hard Rock,96.5,under,38.23,-375,250,0.7895,0.7343,0.0752,0,0.8767,0.0872,0.1424,ev,multiplicative,projection,main,live,2026101112C81881,2026-10-06T19:09:09.837Z
2026,5,8743,Geno Smith,NYJ,QB,vs CLE,passYds,Hard Rock,161.5,under,188.9,300,-500,0.2500,0.2308,0.0833,0,0.3372,0.0872,0.1065,ev,multiplicative,projection,main,live,2026101112C81881,2026-10-06T19:09:09.837Z
2026,5,16946,Tyson Bagent,CHI,QB,at GB,passYds,Hard Rock,182.5,under,204.05,220,-325,0.3125,0.2901,0.0772,0,0.3997,0.0872,0.1096,ev,multiplicative,projection,main,live,202610112660CB0C,2026-10-06T19:09:09.837Z
2026,5,19607,Kaelon Black,SF,RB,at SEA,rushYds,theScore,29.5,over,15.13,260,,0.2778,0.2778,,1,0.3649,0.0872,0.0872,ev,none,projection,main,live,202610119C07AE76,2026-10-06T19:09:09.837Z
2026,5,16919,Zay Flowers,BAL,WR,at ATL,recYds,Hard Rock,34.5,over,84.25,-600,350,0.8571,0.7941,0.0794,0,0.9444,0.0872,0.1503,ev,multiplicative,projection,main,live,2026101240603BF9,2026-10-06T19:09:09.837Z
2026,5,12483,Josh Allen,BUF,QB,at LAR,rushYds,Hard Rock,50.5,under,37.26,-325,220,0.7647,0.7099,0.0772,0,0.8519,0.0872,0.1420,ev,multiplicative,projection,main,live,20261013A957AFD4,2026-10-06T19:09:09.837Z
2026,5,8743,Geno Smith,NYJ,QB,vs CLE,passYds,Hard Rock,185.5,under,188.9,155,-220,0.3922,0.3632,0.0797,0,0.4792,0.0871,0.1160,ev,multiplicative,projection,main,live,2026101112C81881,2026-10-06T19:09:09.837Z
2026,5,8743,Geno Smith,NYJ,QB,vs CLE,passYds,Hard Rock,171.5,under,188.9,225,-350,0.3077,0.2835,0.0855,0,0.3948,0.0871,0.1114,ev,multiplicative,projection,main,live,2026101112C81881,2026-10-06T19:09:09.837Z
2026,5,14371,Jordan Love,GB,QB,vs CHI,passYds,Hard Rock,243.5,over,255.85,110,-155,0.4762,0.4393,0.0840,0,0.5633,0.0871,0.1240,ev,multiplicative,projection,main,live,202610112660CB0C,2026-10-06T19:09:09.837Z
2026,5,15807,Kyren Williams,LAR,RB,vs BUF,rushYds,FanDuel,79.5,over,79.89,140,,0.4167,0.4167,,1,0.5036,0.0870,0.0870,ev,none,projection,main,live,20261013A957AFD4,2026-10-06T19:09:09.837Z
2026,5,19607,Kaelon Black,SF,RB,at SEA,rushYds,Hard Rock,23.5,over,15.13,200,-300,0.3333,0.3077,0.0833,0,0.4203,0.0870,0.1126,ev,multiplicative,projection,main,live,202610119C07AE76,2026-10-06T19:09:09.837Z
2026,5,11690,Christian McCaffrey,SF,RB,at SEA,recYds,Hard Rock,57.5,under,29.68,-525,325,0.8400,0.7812,0.0753,0,0.9270,0.0870,0.1458,ev,multiplicative,projection,main,live,202610119C07AE76,2026-10-06T19:09:09.837Z
2026,5,14371,Jordan Love,GB,QB,vs CHI,passYds,Hard Rock,288.5,over,255.85,325,-525,0.2353,0.2188,0.0753,0,0.3222,0.0869,0.1034,ev,multiplicative,projection,main,live,202610112660CB0C,2026-10-06T19:09:09.837Z
2026,5,15876,James Cook,BUF,RB,at LAR,rushYds,Hard Rock,52.5,over,88.04,-375,250,0.7895,0.7343,0.0752,0,0.8763,0.0869,0.1421,ev,multiplicative,projection,main,live,20261013A957AFD4,2026-10-06T19:09:09.837Z
2026,5,16032,Cade Otton,TB,TE,at DAL,recYds,Caesars,19.5,over,36.11,-250,,0.7143,0.7143,,1,0.8011,0.0868,0.0868,ev,none,projection,main,live,2026100942D78F91,2026-10-06T19:09:09.837Z
2026,5,14371,Jordan Love,GB,QB,vs CHI,passYds,Caesars,299.5,over,255.85,450,,0.1818,0.1818,,1,0.2686,0.0868,0.0868,ev,none,projection,main,live,202610112660CB0C,2026-10-06T19:09:09.837Z
2026,5,14371,Jordan Love,GB,QB,vs CHI,passYds,BetRivers,299.5,over,255.85,450,,0.1818,0.1818,,1,0.2686,0.0868,0.0868,ev,none,projection,main,live,202610112660CB0C,2026-10-06T19:09:09.837Z
2026,5,11690,Christian McCaffrey,SF,RB,at SEA,recYds,FanDuel,35.5,under,29.68,-114,-114,0.5327,0.5000,0.0654,0,0.6195,0.0868,0.1195,ev,multiplicative,projection,main,live,202610119C07AE76,2026-10-06T19:09:09.837Z
2026,5,16032,Cade Otton,TB,TE,at DAL,recYds,theScore,19.5,over,36.11,-250,,0.7143,0.7143,,1,0.8011,0.0868,0.0868,ev,none,projection,main,live,2026100942D78F91,2026-10-06T19:09:09.837Z
2026,5,5971,Matthew Stafford,LAR,QB,vs BUF,passYds,Hard Rock,225.5,under,260.27,325,-525,0.2353,0.2188,0.0753,0,0.3221,0.0868,0.1033,ev,multiplicative,projection,main,live,20261013A957AFD4,2026-10-06T19:09:09.837Z
2026,5,15265,Kyle Pitts,ATL,TE,vs BAL,recYds,FanDuel,39.5,over,33,221,,0.3115,0.3115,,1,0.3982,0.0867,0.0867,ev,none,projection,main,live,2026101240603BF9,2026-10-06T19:09:09.837Z
2026,5,15306,Javonte Williams,DAL,RB,vs TB,rushYds,Hard Rock,106.5,under,72.94,-525,325,0.8400,0.7812,0.0753,0,0.9267,0.0867,0.1456,ev,multiplicative,projection,main,live,2026100942D78F91,2026-10-06T19:09:09.837Z
2026,5,14411,CeeDee Lamb,DAL,WR,vs TB,recYds,Caesars,80.5,over,94.13,-113,-117,0.5305,0.4960,0.0697,0,0.6171,0.0866,0.1212,ev,multiplicative,projection,main,live,2026100942D78F91,2026-10-06T19:09:09.837Z
2026,5,19292,Jalon Daniels,TB,QB,at DAL,passYds,Hard Rock,276.5,over,209.11,850,-3000,0.1053,0.0981,0.0730,0,0.1919,0.0866,0.0937,ev,multiplicative,projection,main,live,2026100942D78F91,2026-10-06T19:09:09.837Z
2026,5,8743,Geno Smith,NYJ,QB,vs CLE,passYds,Hard Rock,210.5,under,188.9,-125,-110,0.5556,0.5147,0.0794,0,0.6422,0.0866,0.1275,ev,multiplicative,projection,main,live,2026101112C81881,2026-10-06T19:09:09.837Z
2026,5,18524,Bhayshul Tuten,JAX,RB,vs PHI,recYds,Hard Rock,3.5,over,12.52,-325,210,0.7647,0.7033,0.0873,0,0.8512,0.0865,0.1479,ev,multiplicative,projection,main,live,2026101118C77B29,2026-10-06T19:09:09.837Z
2026,5,17716,Brian Thomas Jr.,JAX,WR,vs PHI,recYds,Hard Rock,39.5,over,33.71,220,-325,0.3125,0.2901,0.0772,0,0.3990,0.0865,0.1089,ev,multiplicative,projection,main,live,2026101118C77B29,2026-10-06T19:09:09.837Z
2026,5,8743,Geno Smith,NYJ,QB,vs CLE,passYds,Hard Rock,193.5,under,188.9,125,-170,0.4444,0.4138,0.0741,0,0.5309,0.0865,0.1171,ev,multiplicative,projection,main,live,2026101112C81881,2026-10-06T19:09:09.837Z
2026,5,14371,Jordan Love,GB,QB,vs CHI,passYds,Hard Rock,282.5,over,255.85,275,-450,0.2667,0.2458,0.0848,0,0.3532,0.0865,0.1074,ev,multiplicative,projection,main,live,202610112660CB0C,2026-10-06T19:09:09.837Z
2026,5,5971,Matthew Stafford,LAR,QB,vs BUF,passYds,Hard Rock,228.5,under,260.27,300,-475,0.2500,0.2323,0.0761,0,0.3365,0.0865,0.1042,ev,multiplicative,projection,main,live,20261013A957AFD4,2026-10-06T19:09:09.837Z
2026,5,9455,Davante Adams,LAR,WR,vs BUF,recYds,BetRivers,63.5,over,79.89,-114,-117,0.5327,0.4970,0.0719,0,0.6191,0.0864,0.1221,ev,multiplicative,projection,main,live,20261013A957AFD4,2026-10-06T19:09:09.837Z
2026,5,15306,Javonte Williams,DAL,RB,vs TB,rushYds,Hard Rock,107.5,under,72.94,-550,325,0.8462,0.7824,0.0814,0,0.9326,0.0864,0.1501,ev,multiplicative,projection,main,live,2026100942D78F91,2026-10-06T19:09:09.837Z
2026,5,8743,Geno Smith,NYJ,QB,vs CLE,passYds,Hard Rock,205.5,under,188.9,-110,-125,0.5238,0.4853,0.0794,0,0.6103,0.0864,0.1250,ev,multiplicative,projection,main,live,2026101112C81881,2026-10-06T19:09:09.837Z
2026,5,12559,Mark Andrews,BAL,TE,at ATL,recYds,Hard Rock,42.5,over,39.91,180,-260,0.3571,0.3309,0.0794,0,0.4435,0.0864,0.1126,ev,multiplicative,projection,main,live,2026101240603BF9,2026-10-06T19:09:09.837Z
2026,5,17702,Braelon Allen,NYJ,RB,vs CLE,rushYds,Hard Rock,93.5,under,38.23,-350,220,0.7778,0.7134,0.0903,0,0.8641,0.0863,0.1507,ev,multiplicative,projection,main,live,2026101112C81881,2026-10-06T19:09:09.837Z
2026,5,14371,Jordan Love,GB,QB,vs CHI,passYds,Hard Rock,236.5,over,255.85,-105,-130,0.5122,0.4754,0.0774,0,0.5985,0.0863,0.1231,ev,multiplicative,projection,main,live,202610112660CB0C,2026-10-06T19:09:09.837Z
2026,5,16946,Tyson Bagent,CHI,QB,at GB,passYds,Hard Rock,184.5,under,204.05,210,-300,0.3226,0.3008,0.0726,0,0.4088,0.0863,0.1081,ev,multiplicative,projection,main,live,202610112660CB0C,2026-10-06T19:09:09.837Z
2026,5,9253,Mike Evans,SF,WR,at SEA,recYds,Hard Rock,37.5,over,64.8,-220,155,0.6875,0.6368,0.0797,0,0.7738,0.0863,0.1370,ev,multiplicative,projection,main,live,202610119C07AE76,2026-10-06T19:09:09.837Z
2026,5,19292,Jalon Daniels,TB,QB,at DAL,passYds,Caesars,279.5,over,209.11,950,,0.0952,0.0952,,1,0.1814,0.0862,0.0862,ev,none,projection,main,live,2026100942D78F91,2026-10-06T19:09:09.837Z
2026,5,8743,Geno Smith,NYJ,QB,vs CLE,passYds,DraftKings,206.5,under,188.9,-113,-111,0.5305,0.5021,0.0566,0,0.6167,0.0862,0.1146,ev,multiplicative,projection,main,live,2026101112C81881,2026-10-06T19:09:09.837Z
2026,5,19607,Kaelon Black,SF,RB,at SEA,rushYds,FanDuel,49.5,over,15.13,746,,0.1182,0.1182,,1,0.2044,0.0862,0.0862,ev,none,projection,main,live,202610119C07AE76,2026-10-06T19:09:09.837Z
2026,5,9455,Davante Adams,LAR,WR,vs BUF,recYds,Caesars,79.5,over,79.89,140,,0.4167,0.4167,,1,0.5029,0.0862,0.0862,ev,none,projection,main,live,20261013A957AFD4,2026-10-06T19:09:09.837Z
2026,5,19292,Jalon Daniels,TB,QB,at DAL,passYds,theScore,179.5,over,209.11,-120,-110,0.5455,0.5101,0.0693,0,0.6316,0.0862,0.1215,ev,multiplicative,projection,main,live,2026100942D78F91,2026-10-06T19:09:09.837Z
2026,5,15306,Javonte Williams,DAL,RB,vs TB,rushYds,Hard Rock,108.5,under,72.94,-575,350,0.8519,0.7931,0.0741,0,0.9380,0.0862,0.1449,ev,multiplicative,projection,main,live,2026100942D78F91,2026-10-06T19:09:09.837Z
2026,5,16654,Jaxon Smith-Njigba,SEA,WR,vs SF,receptions,DraftKings,11.5,over,6.73,1400,,0.0667,0.0667,,1,0.1528,0.0861,0.0861,ev,none,projection,main,live,202610119C07AE76,2026-10-06T19:09:09.837Z
2026,5,16560,Rashid Shaheed,SEA,WR,vs SF,recYds,Hard Rock,39.5,over,30.27,300,-500,0.2500,0.2308,0.0833,0,0.3361,0.0861,0.1053,ev,multiplicative,projection,main,live,202610119C07AE76,2026-10-06T19:09:09.837Z
2026,5,11690,Christian McCaffrey,SF,RB,at SEA,recYds,Hard Rock,56.5,under,29.68,-500,300,0.8333,0.7692,0.0833,0,0.9194,0.0861,0.1502,ev,multiplicative,projection,main,live,202610119C07AE76,2026-10-06T19:09:09.837Z
2026,5,15306,Javonte Williams,DAL,RB,vs TB,rushYds,Hard Rock,109.5,under,72.94,-600,350,0.8571,0.7941,0.0794,0,0.9431,0.0860,0.1490,ev,multiplicative,projection,main,live,2026100942D78F91,2026-10-06T19:09:09.837Z
2026,5,14371,Jordan Love,GB,QB,vs CHI,passYds,Hard Rock,280.5,over,255.85,260,-425,0.2778,0.2555,0.0873,0,0.3637,0.0860,0.1083,ev,multiplicative,projection,main,live,202610112660CB0C,2026-10-06T19:09:09.837Z
2026,5,17784,Bucky Irving,TB,RB,at DAL,rushYds,DraftKings,99.5,over,75.16,720,,0.1220,0.1220,,1,0.2078,0.0859,0.0859,ev,none,projection,main,live,2026100942D78F91,2026-10-06T19:09:09.837Z
2026,5,17784,Bucky Irving,TB,RB,at DAL,rushAtt,DraftKings,11.5,over,16.86,-220,,0.6875,0.6875,,1,0.7734,0.0859,0.0859,ev,none,projection,main,live,2026100942D78F91,2026-10-06T19:09:09.837Z
2026,5,15357,Trevor Lawrence,JAX,QB,vs PHI,rushYds,Hard Rock,5.5,over,19.9,-400,250,0.8000,0.7368,0.0857,0,0.8859,0.0859,0.1491,ev,multiplicative,projection,main,live,2026101118C77B29,2026-10-06T19:09:09.837Z
2026,5,8743,Geno Smith,NYJ,QB,vs CLE,passYds,Hard Rock,170.5,under,188.9,230,-350,0.3030,0.2804,0.0808,0,0.3889,0.0859,0.1086,ev,multiplicative,projection,main,live,2026101112C81881,2026-10-06T19:09:09.837Z
2026,5,8743,Geno Smith,NYJ,QB,vs CLE,passYds,Hard Rock,196.5,under,188.9,115,-160,0.4651,0.4305,0.0805,0,0.5510,0.0859,0.1205,ev,multiplicative,projection,main,live,2026101112C81881,2026-10-06T19:09:09.837Z
2026,5,14411,CeeDee Lamb,DAL,WR,vs TB,recYds,BetRivers,89.5,over,94.13,120,,0.4545,0.4545,,1,0.5403,0.0858,0.0858,ev,none,projection,main,live,2026100942D78F91,2026-10-06T19:09:09.837Z
2026,5,14411,CeeDee Lamb,DAL,WR,vs TB,recYds,theScore,89.5,over,94.13,120,,0.4545,0.4545,,1,0.5403,0.0858,0.0858,ev,none,projection,main,live,2026100942D78F91,2026-10-06T19:09:09.837Z
2026,5,8743,Geno Smith,NYJ,QB,vs CLE,passYds,Hard Rock,177.5,under,188.9,190,-275,0.3448,0.3198,0.0782,0,0.4306,0.0858,0.1108,ev,multiplicative,projection,main,live,2026101112C81881,2026-10-06T19:09:09.837Z
2026,5,9455,Davante Adams,LAR,WR,vs BUF,recYds,BetRivers,89.5,over,79.89,225,,0.3077,0.3077,,1,0.3934,0.0857,0.0857,ev,none,projection,main,live,20261013A957AFD4,2026-10-06T19:09:09.837Z
2026,5,15306,Javonte Williams,DAL,RB,vs TB,rushYds,Hard Rock,111.5,under,72.94,-650,375,0.8667,0.8046,0.0772,0,0.9524,0.0857,0.1478,ev,multiplicative,projection,main,live,2026100942D78F91,2026-10-06T19:09:09.837Z
2026,5,8743,Geno Smith,NYJ,QB,vs CLE,passYds,Hard Rock,167.5,under,188.9,250,-400,0.2857,0.2632,0.0857,0,0.3714,0.0857,0.1083,ev,multiplicative,projection,main,live,2026101112C81881,2026-10-06T19:09:09.837Z
2026,5,11690,Christian McCaffrey,SF,RB,at SEA,recYds,Hard Rock,38.5,under,29.68,-145,105,0.5918,0.5482,0.0796,0,0.6775,0.0857,0.1294,ev,multiplicative,projection,main,live,202610119C07AE76,2026-10-06T19:09:09.837Z
2026,5,17690,Blake Corum,LAR,RB,vs BUF,rushYds,Hard Rock,68.5,over,43.22,650,-1600,0.1333,0.1241,0.0745,0,0.2191,0.0857,0.0950,ev,multiplicative,projection,main,live,20261013A957AFD4,2026-10-06T19:09:09.837Z
2026,5,8743,Geno Smith,NYJ,QB,vs CLE,passYds,Hard Rock,176.5,under,188.9,195,-300,0.3390,0.3113,0.0890,0,0.4246,0.0856,0.1133,ev,multiplicative,projection,main,live,2026101112C81881,2026-10-06T19:09:09.837Z
2026,5,8743,Geno Smith,NYJ,QB,vs CLE,passYds,Hard Rock,179.5,under,188.9,180,-260,0.3571,0.3309,0.0794,0,0.4427,0.0856,0.1118,ev,multiplicative,projection,main,live,2026101112C81881,2026-10-06T19:09:09.837Z
2026,5,14371,Jordan Love,GB,QB,vs CHI,passYds,Hard Rock,241.5,over,255.85,105,-150,0.4878,0.4484,0.0878,0,0.5734,0.0856,0.1250,ev,multiplicative,projection,main,live,202610112660CB0C,2026-10-06T19:09:09.837Z
2026,5,15850,Jahan Dotson,ATL,WR,vs BAL,receptions,Hard Rock,0.5,under,1.19,450,-850,0.1818,0.1689,0.0766,0,0.2675,0.0856,0.0986,ev,multiplicative,projection,main,live,2026101240603BF9,2026-10-06T19:09:09.837Z
2026,5,17716,Brian Thomas Jr.,JAX,WR,vs PHI,recYds,Hard Rock,11.5,over,33.71,-325,220,0.7647,0.7099,0.0772,0,0.8502,0.0855,0.1403,ev,multiplicative,projection,main,live,2026101118C77B29,2026-10-06T19:09:09.837Z
2026,5,17716,Brian Thomas Jr.,JAX,WR,vs PHI,receptions,DraftKings,3.5,over,2.42,363,,0.2160,0.2160,,1,0.3014,0.0854,0.0854,ev,none,projection,main,live,2026101118C77B29,2026-10-06T19:09:09.837Z
2026,5,16654,Jaxon Smith-Njigba,SEA,WR,vs SF,receptions,BetRivers,9.5,over,6.73,425,,0.1905,0.1905,,1,0.2759,0.0854,0.0854,ev,none,projection,main,live,202610119C07AE76,2026-10-06T19:09:09.837Z
2026,5,15265,Kyle Pitts,ATL,TE,vs BAL,receptions,Caesars,3.5,over,2.71,250,,0.2857,0.2857,,1,0.3711,0.0854,0.0854,ev,none,projection,main,live,2026101240603BF9,2026-10-06T19:09:09.837Z
2026,5,5971,Matthew Stafford,LAR,QB,vs BUF,passYds,FanDuel,280.5,under,260.27,-114,-114,0.5327,0.5000,0.0654,0,0.6181,0.0854,0.1181,ev,multiplicative,projection,main,live,20261013A957AFD4,2026-10-06T19:09:09.837Z
2026,5,15306,Javonte Williams,DAL,RB,vs TB,rushYds,Hard Rock,113.5,under,72.94,-700,400,0.8750,0.8140,0.0750,0,0.9604,0.0854,0.1464,ev,multiplicative,projection,main,live,2026100942D78F91,2026-10-06T19:09:09.837Z
2026,5,15265,Kyle Pitts,ATL,TE,vs BAL,receptions,Hard Rock,3.5,over,2.71,250,-400,0.2857,0.2632,0.0857,0,0.3711,0.0854,0.1080,ev,multiplicative,projection,main,live,2026101240603BF9,2026-10-06T19:09:09.837Z
2026,5,17690,Blake Corum,LAR,RB,vs BUF,rushYds,Hard Rock,67.5,over,43.22,600,-1500,0.1429,0.1322,0.0804,0,0.2282,0.0854,0.0960,ev,multiplicative,projection,main,live,20261013A957AFD4,2026-10-06T19:09:09.837Z
2026,5,5971,Matthew Stafford,LAR,QB,vs BUF,passYds,Hard Rock,235.5,under,260.27,250,-375,0.2857,0.2657,0.0752,0,0.3711,0.0854,0.1053,ev,multiplicative,projection,main,live,20261013A957AFD4,2026-10-06T19:09:09.837Z
2026,5,15306,Javonte Williams,DAL,RB,vs TB,rushYds,Hard Rock,99.5,under,72.94,-375,240,0.7895,0.7286,0.0836,0,0.8747,0.0853,0.1462,ev,multiplicative,projection,main,live,2026100942D78F91,2026-10-06T19:09:09.837Z
2026,5,8743,Geno Smith,NYJ,QB,vs CLE,passYds,Hard Rock,158.5,under,188.9,325,-550,0.2353,0.2176,0.0814,0,0.3206,0.0853,0.1030,ev,multiplicative,projection,main,live,2026101112C81881,2026-10-06T19:09:09.837Z
2026,5,8743,Geno Smith,NYJ,QB,vs CLE,passYds,Hard Rock,175.5,under,188.9,200,-300,0.3333,0.3077,0.0833,0,0.4186,0.0853,0.1109,ev,multiplicative,projection,main,live,2026101112C81881,2026-10-06T19:09:09.837Z
2026,5,8743,Geno Smith,NYJ,QB,vs CLE,passYds,Hard Rock,186.5,under,188.9,150,-210,0.4000,0.3713,0.0774,0,0.4853,0.0853,0.1141,ev,multiplicative,projection,main,live,2026101112C81881,2026-10-06T19:09:09.837Z
2026,5,15265,Kyle Pitts,ATL,TE,vs BAL,receptions,Caesars,4.5,over,2.71,600,,0.1429,0.1429,,1,0.2281,0.0852,0.0852,ev,none,projection,main,live,2026101240603BF9,2026-10-06T19:09:09.837Z
2026,5,8743,Geno Smith,NYJ,QB,vs CLE,passYds,Hard Rock,190.5,under,188.9,135,-185,0.4255,0.3960,0.0747,0,0.5108,0.0852,0.1148,ev,multiplicative,projection,main,live,2026101112C81881,2026-10-06T19:09:09.837Z
2026,5,15876,James Cook,BUF,RB,at LAR,rushYds,Hard Rock,86.5,over,88.04,130,-185,0.4348,0.4011,0.0839,0,0.5200,0.0852,0.1189,ev,multiplicative,projection,main,live,20261013A957AFD4,2026-10-06T19:09:09.837Z
2026,5,8743,Geno Smith,NYJ,QB,vs CLE,passYds,Hard Rock,203.5,under,188.9,-105,-130,0.5122,0.4754,0.0774,0,0.5973,0.0851,0.1219,ev,multiplicative,projection,main,live,2026101112C81881,2026-10-06T19:09:09.837Z
2026,5,8743,Geno Smith,NYJ,QB,vs CLE,passYds,Hard Rock,180.5,under,188.9,175,-250,0.3636,0.3373,0.0779,0,0.4488,0.0851,0.1114,ev,multiplicative,projection,main,live,2026101112C81881,2026-10-06T19:09:09.837Z
2026,5,15947,Jake Ferguson,DAL,TE,vs TB,recYds,Caesars,19.5,over,31.8,-230,,0.6970,0.6970,,1,0.7820,0.0850,0.0850,ev,none,projection,main,live,2026100942D78F91,2026-10-06T19:09:09.837Z
2026,5,9253,Mike Evans,SF,WR,at SEA,recYds,Hard Rock,36.5,over,64.8,-230,160,0.6970,0.6444,0.0816,0,0.7819,0.0850,0.1376,ev,multiplicative,projection,main,live,202610119C07AE76,2026-10-06T19:09:09.837Z
2026,5,19292,Jalon Daniels,TB,QB,at DAL,passYds,Hard Rock,278.5,over,209.11,900,-3000,0.1000,0.0937,0.0677,0,0.1849,0.0849,0.0912,ev,multiplicative,projection,main,live,2026100942D78F91,2026-10-06T19:09:09.837Z
2026,5,14371,Jordan Love,GB,QB,vs CHI,passYds,Hard Rock,291.5,over,255.85,350,-575,0.2222,0.2069,0.0741,0,0.3071,0.0849,0.1002,ev,multiplicative,projection,main,live,202610112660CB0C,2026-10-06T19:09:09.837Z
2026,5,19607,Kaelon Black,SF,RB,at SEA,rushYds,Hard Rock,22.5,over,15.13,190,-275,0.3448,0.3198,0.0782,0,0.4297,0.0849,0.1099,ev,multiplicative,projection,main,live,202610119C07AE76,2026-10-06T19:09:09.837Z
2026,5,17784,Bucky Irving,TB,RB,at DAL,rushYds,Hard Rock,97.5,over,75.16,600,-1400,0.1429,0.1327,0.0762,0,0.2275,0.0847,0.0948,ev,multiplicative,projection,main,live,2026100942D78F91,2026-10-06T19:09:09.837Z
2026,5,16946,Tyson Bagent,CHI,QB,at GB,passYds,Hard Rock,186.5,under,204.05,200,-300,0.3333,0.3077,0.0833,0,0.4180,0.0847,0.1103,ev,multiplicative,projection,main,live,202610112660CB0C,2026-10-06T19:09:09.837Z
2026,5,15947,Jake Ferguson,DAL,TE,vs TB,recYds,DraftKings,14.5,over,31.8,-352,,0.7788,0.7788,,1,0.8634,0.0846,0.0846,ev,none,projection,main,live,2026100942D78F91,2026-10-06T19:09:09.837Z
2026,5,14371,Jordan Love,GB,QB,vs CHI,passYds,Hard Rock,234.5,over,255.85,-110,-125,0.5238,0.4853,0.0794,0,0.6085,0.0846,0.1232,ev,multiplicative,projection,main,live,202610112660CB0C,2026-10-06T19:09:09.837Z
2026,5,11690,Christian McCaffrey,SF,RB,at SEA,recYds,Hard Rock,35.5,under,29.68,-115,-115,0.5349,0.5000,0.0698,0,0.6195,0.0846,0.1195,ev,multiplicative,projection,main,live,202610119C07AE76,2026-10-06T19:09:09.837Z
2026,5,8743,Geno Smith,NYJ,QB,vs CLE,passYds,Hard Rock,181.5,under,188.9,170,-250,0.3704,0.3415,0.0847,0,0.4548,0.0845,0.1134,ev,multiplicative,projection,main,live,2026101112C81881,2026-10-06T19:09:09.837Z
2026,5,9455,Davante Adams,LAR,WR,vs BUF,recYds,Hard Rock,60.5,over,79.89,-125,-110,0.5556,0.5147,0.0794,0,0.6400,0.0845,0.1253,ev,multiplicative,projection,main,live,20261013A957AFD4,2026-10-06T19:09:09.837Z
2026,5,5971,Matthew Stafford,LAR,QB,vs BUF,passYds,Hard Rock,231.5,under,260.27,275,-425,0.2667,0.2478,0.0762,0,0.3512,0.0845,0.1034,ev,multiplicative,projection,main,live,20261013A957AFD4,2026-10-06T19:09:09.837Z
2026,5,17784,Bucky Irving,TB,RB,at DAL,rushYds,FanDuel,39.5,over,75.16,-254,,0.7175,0.7175,,1,0.8019,0.0844,0.0844,ev,none,projection,main,live,2026100942D78F91,2026-10-06T19:09:09.837Z
2026,5,14411,CeeDee Lamb,DAL,WR,vs TB,recYds,FanDuel,80.5,over,94.13,-114,-114,0.5327,0.5000,0.0654,0,0.6171,0.0844,0.1171,ev,multiplicative,projection,main,live,2026100942D78F91,2026-10-06T19:09:09.837Z
2026,5,8743,Geno Smith,NYJ,QB,vs CLE,rushYds,Hard Rock,25.5,under,13.84,-650,375,0.8667,0.8046,0.0772,0,0.9511,0.0844,0.1465,ev,multiplicative,projection,main,live,2026101112C81881,2026-10-06T19:09:09.837Z
2026,5,19320,Ted Hurst,TB,WR,at DAL,receptions,DraftKings,3.5,over,1.74,548,,0.1543,0.1543,,1,0.2386,0.0843,0.0843,ev,none,projection,main,live,2026100942D78F91,2026-10-06T19:09:09.837Z
2026,5,5971,Matthew Stafford,LAR,QB,vs BUF,passYds,Hard Rock,272.5,under,260.27,105,-140,0.4878,0.4554,0.0711,0,0.5721,0.0843,0.1167,ev,multiplicative,projection,main,live,20261013A957AFD4,2026-10-06T19:09:09.837Z
2026,5,16560,Rashid Shaheed,SEA,WR,vs SF,recYds,Hard Rock,40.5,over,30.27,325,-525,0.2353,0.2188,0.0753,0,0.3195,0.0842,0.1007,ev,multiplicative,projection,main,live,202610119C07AE76,2026-10-06T19:09:09.837Z
2026,5,16739,Bijan Robinson,ATL,RB,vs BAL,recYds,Hard Rock,23.5,over,36.4,-160,115,0.6154,0.5695,0.0805,0,0.6996,0.0842,0.1300,ev,multiplicative,projection,main,live,2026101240603BF9,2026-10-06T19:09:09.837Z
2026,5,8743,Geno Smith,NYJ,QB,vs CLE,passYds,Hard Rock,208.5,under,188.9,-120,-115,0.5455,0.5049,0.0803,0,0.6295,0.0841,0.1246,ev,multiplicative,projection,main,live,2026101112C81881,2026-10-06T19:09:09.837Z
2026,5,8743,Geno Smith,NYJ,QB,vs CLE,passYds,Hard Rock,173.5,under,188.9,210,-325,0.3226,0.2967,0.0873,0,0.4067,0.0841,0.1100,ev,multiplicative,projection,main,live,2026101112C81881,2026-10-06T19:09:09.837Z
2026,5,8743,Geno Smith,NYJ,QB,vs CLE,passYds,Hard Rock,201.5,under,188.9,100,-140,0.5000,0.4615,0.0833,0,0.5841,0.0841,0.1226,ev,multiplicative,projection,main,live,2026101112C81881,2026-10-06T19:09:09.837Z
2026,5,11690,Christian McCaffrey,SF,RB,at SEA,recYds,Hard Rock,37.5,under,29.68,-135,-105,0.5745,0.5287,0.0867,0,0.6586,0.0841,0.1299,ev,multiplicative,projection,main,live,202610119C07AE76,2026-10-06T19:09:09.837Z
2026,5,15265,Kyle Pitts,ATL,TE,vs BAL,recYds,Hard Rock,34.5,over,33,155,-220,0.3922,0.3632,0.0797,0,0.4763,0.0841,0.1130,ev,multiplicative,projection,main,live,2026101240603BF9,2026-10-06T19:09:09.837Z
2026,5,9455,Davante Adams,LAR,WR,vs BUF,recYds,Hard Rock,93.5,over,79.89,275,-425,0.2667,0.2478,0.0762,0,0.3508,0.0841,0.1030,ev,multiplicative,projection,main,live,20261013A957AFD4,2026-10-06T19:09:09.837Z
2026,5,5971,Matthew Stafford,LAR,QB,vs BUF,passYds,Hard Rock,242.5,under,260.27,210,-300,0.3226,0.3008,0.0726,0,0.4067,0.0841,0.1060,ev,multiplicative,projection,main,live,20261013A957AFD4,2026-10-06T19:09:09.837Z
2026,5,17716,Brian Thomas Jr.,JAX,WR,vs PHI,receptions,BetRivers,3.5,over,2.42,360,,0.2174,0.2174,,1,0.3014,0.0840,0.0840,ev,none,projection,main,live,2026101118C77B29,2026-10-06T19:09:09.837Z
2026,5,8743,Geno Smith,NYJ,QB,vs CLE,passYds,BetRivers,207.5,under,188.9,-117,-114,0.5392,0.5030,0.0719,0,0.6231,0.0840,0.1201,ev,multiplicative,projection,main,live,2026101112C81881,2026-10-06T19:09:09.837Z
2026,5,8743,Geno Smith,NYJ,QB,vs CLE,passYds,FanDuel,206.5,under,188.9,-114,-114,0.5327,0.5000,0.0654,0,0.6167,0.0840,0.1167,ev,multiplicative,projection,main,live,2026101112C81881,2026-10-06T19:09:09.837Z
2026,5,16560,Rashid Shaheed,SEA,WR,vs SF,receptions,FanDuel,2.5,over,2.23,176,,0.3623,0.3623,,1,0.4463,0.0840,0.0840,ev,none,projection,main,live,202610119C07AE76,2026-10-06T19:09:09.837Z
2026,5,17811,AJ Barner,SEA,TE,vs SF,receptions,theScore,1.5,over,3.25,-475,,0.8261,0.8261,,1,0.9101,0.0840,0.0840,ev,none,projection,main,live,202610119C07AE76,2026-10-06T19:09:09.837Z
2026,5,14411,CeeDee Lamb,DAL,WR,vs TB,recYds,DraftKings,99.5,over,94.13,181,,0.3559,0.3559,,1,0.4398,0.0839,0.0839,ev,none,projection,main,live,2026100942D78F91,2026-10-06T19:09:09.837Z
2026,5,11718,Chris Godwin,TB,WR,at DAL,recYds,Hard Rock,68.5,over,43.08,650,-1800,0.1333,0.1234,0.0807,0,0.2173,0.0839,0.0939,ev,multiplicative,projection,main,live,2026100942D78F91,2026-10-06T19:09:09.837Z
2026,5,15265,Kyle Pitts,ATL,TE,vs BAL,recYds,Hard Rock,33.5,over,33,145,-210,0.4082,0.3760,0.0856,0,0.4921,0.0839,0.1161,ev,multiplicative,projection,main,live,2026101240603BF9,2026-10-06T19:09:09.837Z
2026,5,5971,Matthew Stafford,LAR,QB,vs BUF,passYds,Hard Rock,240.5,under,260.27,220,-325,0.3125,0.2901,0.0772,0,0.3964,0.0839,0.1063,ev,multiplicative,projection,main,live,20261013A957AFD4,2026-10-06T19:09:09.837Z
2026,5,19292,Jalon Daniels,TB,QB,at DAL,passYds,FanDuel,174.5,over,209.11,-132,,0.5690,0.5690,,1,0.6528,0.0838,0.0838,ev,none,projection,main,live,2026100942D78F91,2026-10-06T19:09:09.837Z
2026,5,19292,Jalon Daniels,TB,QB,at DAL,passYds,BetRivers,182.5,over,209.11,-115,-115,0.5349,0.5000,0.0698,0,0.6187,0.0838,0.1187,ev,multiplicative,projection,main,live,2026100942D78F91,2026-10-06T19:09:09.837Z
2026,5,19292,Jalon Daniels,TB,QB,at DAL,passYds,Hard Rock,281.5,over,209.11,1000,-4000,0.0909,0.0852,0.0665,0,0.1747,0.0838,0.0895,ev,multiplicative,projection,main,live,2026100942D78F91,2026-10-06T19:09:09.837Z
2026,5,17784,Bucky Irving,TB,RB,at DAL,recYds,Hard Rock,28.5,over,23.17,250,-400,0.2857,0.2632,0.0857,0,0.3694,0.0837,0.1062,ev,multiplicative,projection,main,live,2026100942D78F91,2026-10-06T19:09:09.837Z
2026,5,8743,Geno Smith,NYJ,QB,vs CLE,passYds,Hard Rock,214.5,under,188.9,-140,105,0.5833,0.5446,0.0711,0,0.6670,0.0837,0.1225,ev,multiplicative,projection,main,live,2026101112C81881,2026-10-06T19:09:09.837Z
2026,5,16946,Tyson Bagent,CHI,QB,at GB,passYds,Hard Rock,187.5,under,204.05,195,-275,0.3390,0.3161,0.0723,0,0.4226,0.0837,0.1065,ev,multiplicative,projection,main,live,202610112660CB0C,2026-10-06T19:09:09.837Z
2026,5,5971,Matthew Stafford,LAR,QB,vs BUF,passYds,Hard Rock,244.5,under,260.27,200,-300,0.3333,0.3077,0.0833,0,0.4170,0.0837,0.1093,ev,multiplicative,projection,main,live,20261013A957AFD4,2026-10-06T19:09:09.837Z
2026,5,5971,Matthew Stafford,LAR,QB,vs BUF,passYds,Hard Rock,274.5,under,260.27,100,-135,0.5000,0.4653,0.0745,0,0.5837,0.0837,0.1184,ev,multiplicative,projection,main,live,20261013A957AFD4,2026-10-06T19:09:09.837Z
2026,5,9455,Davante Adams,LAR,WR,vs BUF,recYds,Caesars,69.5,over,79.89,103,,0.4926,0.4926,,1,0.5762,0.0836,0.0836,ev,none,projection,main,live,20261013A957AFD4,2026-10-06T19:09:09.837Z
2026,5,8743,Geno Smith,NYJ,QB,vs CLE,passYds,Hard Rock,182.5,under,188.9,165,-240,0.3774,0.3484,0.0832,0,0.4609,0.0836,0.1126,ev,multiplicative,projection,main,live,2026101112C81881,2026-10-06T19:09:09.837Z
2026,5,11690,Christian McCaffrey,SF,RB,at SEA,recYds,Hard Rock,36.5,under,29.68,-125,-110,0.5556,0.5147,0.0794,0,0.6392,0.0836,0.1245,ev,multiplicative,projection,main,live,202610119C07AE76,2026-10-06T19:09:09.837Z
2026,5,5971,Matthew Stafford,LAR,QB,vs BUF,passYds,Hard Rock,239.5,under,260.27,225,-325,0.3077,0.2869,0.0724,0,0.3913,0.0836,0.1044,ev,multiplicative,projection,main,live,20261013A957AFD4,2026-10-06T19:09:09.837Z
2026,5,17690,Blake Corum,LAR,RB,vs BUF,rushYds,Hard Rock,17.5,over,43.22,-400,250,0.8000,0.7368,0.0857,0,0.8836,0.0836,0.1467,ev,multiplicative,projection,main,live,20261013A957AFD4,2026-10-06T19:09:09.837Z
2026,5,15853,George Pickens,DAL,WR,vs TB,recYds,Caesars,49.5,over,66.73,-190,,0.6552,0.6552,,1,0.7387,0.0835,0.0835,ev,none,projection,main,live,2026100942D78F91,2026-10-06T19:09:09.837Z
2026,5,17690,Blake Corum,LAR,RB,vs BUF,rushYds,DraftKings,69.5,over,43.22,690,,0.1266,0.1266,,1,0.2101,0.0835,0.0835,ev,none,projection,main,live,20261013A957AFD4,2026-10-06T19:09:09.837Z
2026,5,15947,Jake Ferguson,DAL,TE,vs TB,recYds,theScore,27.5,over,31.8,-110,-120,0.5238,0.4899,0.0693,0,0.6073,0.0835,0.1174,ev,multiplicative,projection,main,live,2026100942D78F91,2026-10-06T19:09:09.837Z
2026,5,14371,Jordan Love,GB,QB,vs CHI,passYds,Hard Rock,239.5,over,255.85,100,-140,0.5000,0.4615,0.0833,0,0.5835,0.0835,0.1219,ev,multiplicative,projection,main,live,202610112660CB0C,2026-10-06T19:09:09.837Z
2026,5,13429,Deebo Samuel Sr.,SF,WR,at SEA,recYds,Hard Rock,18.5,over,42.63,-300,210,0.7500,0.6992,0.0726,0,0.8335,0.0835,0.1343,ev,multiplicative,projection,main,live,202610119C07AE76,2026-10-06T19:09:09.837Z
2026,5,9455,Davante Adams,LAR,WR,vs BUF,recYds,Hard Rock,92.5,over,79.89,260,-425,0.2778,0.2555,0.0873,0,0.3613,0.0835,0.1058,ev,multiplicative,projection,main,live,20261013A957AFD4,2026-10-06T19:09:09.837Z
2026,5,5971,Matthew Stafford,LAR,QB,vs BUF,passYds,Hard Rock,268.5,under,260.27,115,-155,0.4651,0.4335,0.0730,0,0.5486,0.0835,0.1152,ev,multiplicative,projection,main,live,20261013A957AFD4,2026-10-06T19:09:09.837Z
2026,5,5971,Matthew Stafford,LAR,QB,vs BUF,passYds,Hard Rock,219.5,under,260.27,375,-650,0.2105,0.1954,0.0772,0,0.2941,0.0835,0.0986,ev,multiplicative,projection,main,live,20261013A957AFD4,2026-10-06T19:09:09.837Z
2026,5,15306,Javonte Williams,DAL,RB,vs TB,rushYds,Hard Rock,100.5,under,72.94,-400,260,0.8000,0.7423,0.0778,0,0.8834,0.0834,0.1412,ev,multiplicative,projection,main,live,2026100942D78F91,2026-10-06T19:09:09.837Z
2026,5,19292,Jalon Daniels,TB,QB,at DAL,passYds,Hard Rock,175.5,over,209.11,-130,-105,0.5652,0.5246,0.0774,0,0.6486,0.0834,0.1240,ev,multiplicative,projection,main,live,2026100942D78F91,2026-10-06T19:09:09.837Z
2026,5,8743,Geno Smith,NYJ,QB,vs CLE,passYds,Hard Rock,218.5,under,188.9,-155,115,0.6078,0.5665,0.0730,0,0.6912,0.0834,0.1247,ev,multiplicative,projection,main,live,2026101112C81881,2026-10-06T19:09:09.837Z
2026,5,14371,Jordan Love,GB,QB,vs CHI,passYds,Hard Rock,232.5,over,255.85,-115,-115,0.5349,0.5000,0.0698,0,0.6183,0.0834,0.1183,ev,multiplicative,projection,main,live,202610112660CB0C,2026-10-06T19:09:09.837Z
2026,5,11690,Christian McCaffrey,SF,RB,at SEA,rushYds,Hard Rock,89.5,under,58.96,-650,375,0.8667,0.8046,0.0772,0,0.9500,0.0834,0.1455,ev,multiplicative,projection,main,live,202610119C07AE76,2026-10-06T19:09:09.837Z
2026,5,11718,Chris Godwin,TB,WR,at DAL,recYds,Hard Rock,69.5,over,43.08,700,-2000,0.1250,0.1160,0.0774,0,0.2083,0.0833,0.0923,ev,multiplicative,projection,main,live,2026100942D78F91,2026-10-06T19:09:09.837Z
2026,5,19292,Jalon Daniels,TB,QB,at DAL,rushYds,Hard Rock,78.5,under,20.13,-1100,525,0.9167,0.8514,0.0767,0,1.0000,0.0833,0.1486,ev,multiplicative,projection,main,live,2026100942D78F91,2026-10-06T19:09:09.837Z
2026,5,8743,Geno Smith,NYJ,QB,vs CLE,passYds,Hard Rock,187.5,under,188.9,145,-200,0.4082,0.3797,0.0748,0,0.4914,0.0833,0.1117,ev,multiplicative,projection,main,live,2026101112C81881,2026-10-06T19:09:09.837Z
2026,5,5971,Matthew Stafford,LAR,QB,vs BUF,passYds,Hard Rock,251.5,under,260.27,170,-240,0.3704,0.3441,0.0763,0,0.4536,0.0833,0.1095,ev,multiplicative,projection,main,live,20261013A957AFD4,2026-10-06T19:09:09.837Z
2026,5,5971,Matthew Stafford,LAR,QB,vs BUF,passYds,Hard Rock,245.5,under,260.27,195,-275,0.3390,0.3161,0.0723,0,0.4222,0.0833,0.1061,ev,multiplicative,projection,main,live,20261013A957AFD4,2026-10-06T19:09:09.837Z
2026,5,5971,Matthew Stafford,LAR,QB,vs BUF,passYds,Hard Rock,233.5,under,260.27,260,-400,0.2778,0.2577,0.0778,0,0.3611,0.0833,0.1033,ev,multiplicative,projection,main,live,20261013A957AFD4,2026-10-06T19:09:09.837Z
2026,5,5971,Matthew Stafford,LAR,QB,vs BUF,passYds,BetRivers,280.5,under,260.27,-115,-114,0.5349,0.5010,0.0676,0,0.6181,0.0832,0.1171,ev,multiplicative,projection,main,live,20261013A957AFD4,2026-10-06T19:09:09.837Z
2026,5,8743,Geno Smith,NYJ,QB,vs CLE,passYds,Hard Rock,153.5,under,188.9,375,-650,0.2105,0.1954,0.0772,0,0.2937,0.0832,0.0982,ev,multiplicative,projection,main,live,2026101112C81881,2026-10-06T19:09:09.837Z
2026,5,8743,Geno Smith,NYJ,QB,vs CLE,passYds,Hard Rock,151.5,under,188.9,400,-750,0.2000,0.1848,0.0824,0,0.2832,0.0832,0.0984,ev,multiplicative,projection,main,live,2026101112C81881,2026-10-06T19:09:09.837Z
2026,5,8743,Geno Smith,NYJ,QB,vs CLE,passYds,Hard Rock,211.5,under,188.9,-130,-105,0.5652,0.5246,0.0774,0,0.6485,0.0832,0.1239,ev,multiplicative,projection,main,live,2026101112C81881,2026-10-06T19:09:09.837Z
2026,5,11690,Christian McCaffrey,SF,RB,at SEA,recYds,Hard Rock,59.5,under,29.68,-600,350,0.8571,0.7941,0.0794,0,0.9404,0.0832,0.1463,ev,multiplicative,projection,main,live,202610119C07AE76,2026-10-06T19:09:09.837Z
2026,5,5971,Matthew Stafford,LAR,QB,vs BUF,passYds,Hard Rock,238.5,under,260.27,230,-350,0.3030,0.2804,0.0808,0,0.3862,0.0832,0.1059,ev,multiplicative,projection,main,live,20261013A957AFD4,2026-10-06T19:09:09.837Z
2026,5,5971,Matthew Stafford,LAR,QB,vs BUF,passYds,Hard Rock,280.5,under,260.27,-115,-115,0.5349,0.5000,0.0698,0,0.6181,0.0832,0.1181,ev,multiplicative,projection,main,live,20261013A957AFD4,2026-10-06T19:09:09.837Z
2026,5,8057,Kirk Cousins,LV,QB,at NE,passYds,DraftKings,227.5,under,210.38,-112,-112,0.5283,0.5000,0.0566,0,0.6114,0.0831,0.1114,ev,multiplicative,projection,main,live,202610116AF20186,2026-10-06T19:09:09.837Z
2026,5,19292,Jalon Daniels,TB,QB,at DAL,passYds,Hard Rock,277.5,over,209.11,850,-3000,0.1053,0.0981,0.0730,0,0.1883,0.0831,0.0902,ev,multiplicative,projection,main,live,2026100942D78F91,2026-10-06T19:09:09.837Z
2026,5,8743,Geno Smith,NYJ,QB,vs CLE,rushYds,Hard Rock,24.5,under,13.84,-575,350,0.8519,0.7931,0.0741,0,0.9349,0.0831,0.1418,ev,multiplicative,projection,main,live,2026101112C81881,2026-10-06T19:09:09.837Z
2026,5,8743,Geno Smith,NYJ,QB,vs CLE,passYds,Hard Rock,194.5,under,188.9,120,-170,0.4545,0.4193,0.0842,0,0.5376,0.0831,0.1184,ev,multiplicative,projection,main,live,2026101112C81881,2026-10-06T19:09:09.837Z
2026,5,8743,Geno Smith,NYJ,QB,vs CLE,passYds,Hard Rock,199.5,under,188.9,105,-145,0.4878,0.4518,0.0796,0,0.5709,0.0831,0.1191,ev,multiplicative,projection,main,live,2026101112C81881,2026-10-06T19:09:09.837Z
2026,5,15265,Kyle Pitts,ATL,TE,vs BAL,recYds,Hard Rock,35.5,over,33,165,-230,0.3774,0.3513,0.0743,0,0.4605,0.0831,0.1092,ev,multiplicative,projection,main,live,2026101240603BF9,2026-10-06T19:09:09.837Z
2026,5,5971,Matthew Stafford,LAR,QB,vs BUF,passYds,Hard Rock,276.5,under,260.27,-105,-130,0.5122,0.4754,0.0774,0,0.5952,0.0831,0.1199,ev,multiplicative,projection,main,live,20261013A957AFD4,2026-10-06T19:09:09.837Z
2026,5,14416,Jalen Hurts,PHI,QB,at JAX,rushYds,Hard Rock,53.5,under,24.48,-1100,525,0.9167,0.8514,0.0767,0,0.9996,0.0829,0.1482,ev,multiplicative,projection,main,live,2026101118C77B29,2026-10-06T19:09:09.837Z
2026,5,12559,Mark Andrews,BAL,TE,at ATL,recYds,Hard Rock,17.5,over,39.91,-350,230,0.7778,0.7196,0.0808,0,0.8607,0.0829,0.1411,ev,multiplicative,projection,main,live,2026101240603BF9,2026-10-06T19:09:09.837Z
2026,5,5971,Matthew Stafford,LAR,QB,vs BUF,passYds,Hard Rock,278.5,under,260.27,-110,-125,0.5238,0.4853,0.0794,0,0.6067,0.0829,0.1214,ev,multiplicative,projection,main,live,20261013A957AFD4,2026-10-06T19:09:09.837Z
2026,5,15876,James Cook,BUF,RB,at LAR,rushYds,Hard Rock,51.5,over,88.04,-400,260,0.8000,0.7423,0.0778,0,0.8829,0.0829,0.1406,ev,multiplicative,projection,main,live,20261013A957AFD4,2026-10-06T19:09:09.837Z
2026,5,12483,Josh Allen,BUF,QB,at LAR,rushYds,Hard Rock,49.5,under,37.26,-300,210,0.7500,0.6992,0.0726,0,0.8329,0.0829,0.1336,ev,multiplicative,projection,main,live,20261013A957AFD4,2026-10-06T19:09:09.837Z
2026,5,17784,Bucky Irving,TB,RB,at DAL,rushYds,theScore,99.5,over,75.16,700,,0.1250,0.1250,,1,0.2078,0.0828,0.0828,ev,none,projection,main,live,2026100942D78F91,2026-10-06T19:09:09.837Z
2026,5,16690,Parker Washington,JAX,WR,vs PHI,recYds,Hard Rock,80.5,under,68.35,-275,185,0.7333,0.6764,0.0842,0,0.8161,0.0828,0.1397,ev,multiplicative,projection,main,live,2026101118C77B29,2026-10-06T19:09:09.837Z
2026,5,17811,AJ Barner,SEA,TE,vs SF,receptions,DraftKings,3.5,over,3.25,186,,0.3497,0.3497,,1,0.4324,0.0827,0.0827,ev,none,projection,main,live,202610119C07AE76,2026-10-06T19:09:09.837Z
2026,5,8743,Geno Smith,NYJ,QB,vs CLE,passYds,Hard Rock,191.5,under,188.9,130,-180,0.4348,0.4035,0.0776,0,0.5175,0.0827,0.1140,ev,multiplicative,projection,main,live,2026101112C81881,2026-10-06T19:09:09.837Z
2026,5,16560,Rashid Shaheed,SEA,WR,vs SF,receptions,theScore,2.5,over,2.23,175,,0.3636,0.3636,,1,0.4463,0.0827,0.0827,ev,none,projection,main,live,202610119C07AE76,2026-10-06T19:09:09.837Z
2026,5,15222,Kenneth Gainwell,TB,RB,at DAL,receptions,DraftKings,1.5,over,2.26,-181,141,0.6441,0.6082,0.0591,0,0.7268,0.0826,0.1186,ev,multiplicative,projection,main,live,2026100942D78F91,2026-10-06T19:09:09.837Z
2026,5,16690,Parker Washington,JAX,WR,vs PHI,recYds,Hard Rock,111.5,under,68.35,-1100,525,0.9167,0.8514,0.0767,0,0.9993,0.0826,0.1479,ev,multiplicative,projection,main,live,2026101118C77B29,2026-10-06T19:09:09.837Z
2026,5,8057,Kirk Cousins,LV,QB,at NE,passYds,Hard Rock,203.5,under,210.38,150,-210,0.4000,0.3713,0.0774,0,0.4826,0.0826,0.1114,ev,multiplicative,projection,main,live,202610116AF20186,2026-10-06T19:09:09.837Z
2026,5,5971,Matthew Stafford,LAR,QB,vs BUF,passYds,Hard Rock,255.5,under,260.27,155,-220,0.3922,0.3632,0.0797,0,0.4747,0.0826,0.1115,ev,multiplicative,projection,main,live,20261013A957AFD4,2026-10-06T19:09:09.837Z
2026,5,5971,Matthew Stafford,LAR,QB,vs BUF,passYds,Hard Rock,246.5,under,260.27,190,-275,0.3448,0.3198,0.0782,0,0.4274,0.0826,0.1076,ev,multiplicative,projection,main,live,20261013A957AFD4,2026-10-06T19:09:09.837Z
2026,5,13429,Deebo Samuel Sr.,SF,WR,at SEA,recYds,BetRivers,49.5,over,42.63,220,,0.3125,0.3125,,1,0.3950,0.0825,0.0825,ev,none,projection,main,live,202610119C07AE76,2026-10-06T19:09:09.837Z
2026,5,17811,AJ Barner,SEA,TE,vs SF,receptions,Caesars,1.5,over,3.25,-480,,0.8276,0.8276,,1,0.9101,0.0825,0.0825,ev,none,projection,main,live,202610119C07AE76,2026-10-06T19:09:09.837Z
2026,5,19292,Jalon Daniels,TB,QB,at DAL,passYds,Hard Rock,173.5,over,209.11,-135,100,0.5745,0.5347,0.0745,0,0.6570,0.0825,0.1223,ev,multiplicative,projection,main,live,2026100942D78F91,2026-10-06T19:09:09.837Z
2026,5,8743,Geno Smith,NYJ,QB,vs CLE,passYds,Hard Rock,149.5,under,188.9,425,-800,0.1905,0.1765,0.0794,0,0.2729,0.0825,0.0965,ev,multiplicative,projection,main,live,2026101112C81881,2026-10-06T19:09:09.837Z
2026,5,5971,Matthew Stafford,LAR,QB,vs BUF,passYds,Hard Rock,258.5,under,260.27,145,-200,0.4082,0.3797,0.0748,0,0.4906,0.0825,0.1109,ev,multiplicative,projection,main,live,20261013A957AFD4,2026-10-06T19:09:09.837Z
2026,5,11690,Christian McCaffrey,SF,RB,at SEA,recYds,DraftKings,35.5,under,29.68,-116,-109,0.5370,0.5073,0.0586,0,0.6195,0.0824,0.1121,ev,multiplicative,projection,main,live,202610119C07AE76,2026-10-06T19:09:09.837Z
2026,5,16946,Tyson Bagent,CHI,QB,at GB,passYds,Hard Rock,188.5,under,204.05,190,-275,0.3448,0.3198,0.0782,0,0.4273,0.0824,0.1074,ev,multiplicative,projection,main,live,202610112660CB0C,2026-10-06T19:09:09.837Z
2026,5,14371,Jordan Love,GB,QB,vs CHI,passYds,Hard Rock,286.5,over,255.85,300,-500,0.2500,0.2308,0.0833,0,0.3324,0.0824,0.1016,ev,multiplicative,projection,main,live,202610112660CB0C,2026-10-06T19:09:09.837Z
2026,5,15853,George Pickens,DAL,WR,vs TB,recYds,DraftKings,49.5,over,66.73,-191,,0.6564,0.6564,,1,0.7387,0.0823,0.0823,ev,none,projection,main,live,2026100942D78F91,2026-10-06T19:09:09.837Z
2026,5,15947,Jake Ferguson,DAL,TE,vs TB,recYds,FanDuel,19.5,over,31.8,-233,,0.6997,0.6997,,1,0.7820,0.0823,0.0823,ev,none,projection,main,live,2026100942D78F91,2026-10-06T19:09:09.837Z
2026,5,5971,Matthew Stafford,LAR,QB,vs BUF,passYds,Hard Rock,266.5,under,260.27,120,-165,0.4545,0.4220,0.0772,0,0.5369,0.0823,0.1149,ev,multiplicative,projection,main,live,20261013A957AFD4,2026-10-06T19:09:09.837Z
2026,5,13427,Justice Hill,BAL,RB,at ATL,rushYds,Caesars,9.5,over,19.25,-150,,0.6000,0.6000,,1,0.6822,0.0822,0.0822,ev,none,projection,main,live,2026101240603BF9,2026-10-06T19:09:09.837Z
2026,5,15306,Javonte Williams,DAL,RB,vs TB,rushYds,Hard Rock,101.5,under,72.94,-425,260,0.8095,0.7445,0.0873,0,0.8917,0.0822,0.1472,ev,multiplicative,projection,main,live,2026100942D78F91,2026-10-06T19:09:09.837Z
2026,5,8743,Geno Smith,NYJ,QB,vs CLE,passYds,Hard Rock,155.5,under,188.9,350,-600,0.2222,0.2059,0.0794,0,0.3043,0.0821,0.0984,ev,multiplicative,projection,main,live,2026101112C81881,2026-10-06T19:09:09.837Z
2026,5,11690,Christian McCaffrey,SF,RB,at SEA,recYds,Hard Rock,58.5,under,29.68,-575,350,0.8519,0.7931,0.0741,0,0.9339,0.0821,0.1408,ev,multiplicative,projection,main,live,202610119C07AE76,2026-10-06T19:09:09.837Z
2026,5,5971,Matthew Stafford,LAR,QB,vs BUF,passYds,Hard Rock,224.5,under,260.27,325,-525,0.2353,0.2188,0.0753,0,0.3174,0.0821,0.0985,ev,multiplicative,projection,main,live,20261013A957AFD4,2026-10-06T19:09:09.837Z
2026,5,12483,Josh Allen,BUF,QB,at LAR,rushYds,Hard Rock,62.5,under,37.26,-850,425,0.8947,0.8245,0.0852,0,0.9768,0.0820,0.1523,ev,multiplicative,projection,main,live,20261013A957AFD4,2026-10-06T19:09:09.837Z
2026,5,5971,Matthew Stafford,LAR,QB,vs BUF,passYds,Hard Rock,236.5,under,260.27,240,-375,0.2941,0.2714,0.0836,0,0.3761,0.0820,0.1047,ev,multiplicative,projection,main,live,20261013A957AFD4,2026-10-06T19:09:09.837Z
2026,5,15947,Jake Ferguson,DAL,TE,vs TB,recYds,Hard Rock,21.5,over,31.8,-195,140,0.6610,0.6134,0.0777,0,0.7429,0.0819,0.1295,ev,multiplicative,projection,main,live,2026100942D78F91,2026-10-06T19:09:09.837Z
2026,5,14371,Jordan Love,GB,QB,vs CHI,passYds,Hard Rock,294.5,over,255.85,375,-650,0.2105,0.1954,0.0772,0,0.2924,0.0819,0.0970,ev,multiplicative,projection,main,live,202610112660CB0C,2026-10-06T19:09:09.837Z
2026,5,8743,Geno Smith,NYJ,QB,vs CLE,passYds,Hard Rock,206.5,under,188.9,-115,-115,0.5349,0.5000,0.0698,0,0.6167,0.0818,0.1167,ev,multiplicative,projection,main,live,2026101112C81881,2026-10-06T19:09:09.837Z
2026,5,8743,Geno Smith,NYJ,QB,vs CLE,passYds,Hard Rock,163.5,under,188.9,275,-450,0.2667,0.2458,0.0848,0,0.3485,0.0818,0.1027,ev,multiplicative,projection,main,live,2026101112C81881,2026-10-06T19:09:09.837Z
2026,5,14371,Jordan Love,GB,QB,vs CHI,passYds,Hard Rock,289.5,over,255.85,325,-550,0.2353,0.2176,0.0814,0,0.3171,0.0818,0.0996,ev,multiplicative,projection,main,live,202610112660CB0C,2026-10-06T19:09:09.837Z
2026,5,5971,Matthew Stafford,LAR,QB,vs BUF,passYds,Hard Rock,247.5,under,260.27,185,-275,0.3509,0.3236,0.0842,0,0.4327,0.0818,0.1090,ev,multiplicative,projection,main,live,20261013A957AFD4,2026-10-06T19:09:09.837Z
2026,5,5971,Matthew Stafford,LAR,QB,vs BUF,passYds,Hard Rock,261.5,under,260.27,135,-185,0.4255,0.3960,0.0747,0,0.5073,0.0818,0.1113,ev,multiplicative,projection,main,live,20261013A957AFD4,2026-10-06T19:09:09.837Z
2026,5,9455,Davante Adams,LAR,WR,vs BUF,recYds,Caesars,59.5,over,79.89,-130,,0.5652,0.5652,,1,0.6469,0.0817,0.0817,ev,none,projection,main,live,20261013A957AFD4,2026-10-06T19:09:09.837Z
2026,5,8743,Geno Smith,NYJ,QB,vs CLE,passYds,Hard Rock,160.5,under,188.9,300,-500,0.2500,0.2308,0.0833,0,0.3317,0.0817,0.1009,ev,multiplicative,projection,main,live,2026101112C81881,2026-10-06T19:09:09.837Z
2026,5,8743,Geno Smith,NYJ,QB,vs CLE,passYds,Hard Rock,219.5,under,188.9,-160,115,0.6154,0.5695,0.0805,0,0.6971,0.0817,0.1276,ev,multiplicative,projection,main,live,2026101112C81881,2026-10-06T19:09:09.837Z
2026,5,16946,Tyson Bagent,CHI,QB,at GB,passYds,Hard Rock,183.5,under,204.05,210,-325,0.3226,0.2967,0.0873,0,0.4043,0.0817,0.1076,ev,multiplicative,projection,main,live,202610112660CB0C,2026-10-06T19:09:09.837Z
2026,5,12559,Mark Andrews,BAL,TE,at ATL,recYds,Hard Rock,16.5,over,39.91,-375,250,0.7895,0.7343,0.0752,0,0.8712,0.0817,0.1369,ev,multiplicative,projection,main,live,2026101240603BF9,2026-10-06T19:09:09.837Z
2026,5,9455,Davante Adams,LAR,WR,vs BUF,recYds,Hard Rock,59.5,over,79.89,-130,-105,0.5652,0.5246,0.0774,0,0.6469,0.0817,0.1223,ev,multiplicative,projection,main,live,20261013A957AFD4,2026-10-06T19:09:09.837Z
2026,5,5971,Matthew Stafford,LAR,QB,vs BUF,passYds,Hard Rock,227.5,under,260.27,300,-500,0.2500,0.2308,0.0833,0,0.3317,0.0817,0.1009,ev,multiplicative,projection,main,live,20261013A957AFD4,2026-10-06T19:09:09.837Z
2026,5,15306,Javonte Williams,DAL,RB,vs TB,rushYds,Hard Rock,114.5,under,72.94,-750,425,0.8824,0.8225,0.0728,0,0.9639,0.0816,0.1415,ev,multiplicative,projection,main,live,2026100942D78F91,2026-10-06T19:09:09.837Z
2026,5,8743,Geno Smith,NYJ,QB,vs CLE,rushYds,Hard Rock,23.5,under,13.84,-500,325,0.8333,0.7798,0.0686,0,0.9149,0.0816,0.1351,ev,multiplicative,projection,main,live,2026101112C81881,2026-10-06T19:09:09.837Z
2026,5,15850,Jahan Dotson,ATL,WR,vs BAL,recYds,Hard Rock,23.5,under,15.76,-155,115,0.6078,0.5665,0.0730,0,0.6895,0.0816,0.1230,ev,multiplicative,projection,main,live,2026101240603BF9,2026-10-06T19:09:09.837Z
2026,5,17784,Bucky Irving,TB,RB,at DAL,receptions,FanDuel,5.5,over,3.38,1196,,0.0772,0.0772,,1,0.1587,0.0815,0.0815,ev,none,projection,main,live,2026100942D78F91,2026-10-06T19:09:09.837Z
2026,5,15306,Javonte Williams,DAL,RB,vs TB,rushYds,Hard Rock,112.5,under,72.94,-700,400,0.8750,0.8140,0.0750,0,0.9565,0.0815,0.1426,ev,multiplicative,projection,main,live,2026100942D78F91,2026-10-06T19:09:09.837Z
2026,5,15357,Trevor Lawrence,JAX,QB,vs PHI,rushYds,Hard Rock,21.5,over,19.9,195,-300,0.3390,0.3113,0.0890,0,0.4205,0.0815,0.1092,ev,multiplicative,projection,main,live,2026101118C77B29,2026-10-06T19:09:09.837Z
2026,5,8743,Geno Smith,NYJ,QB,vs CLE,passYds,Hard Rock,197.5,under,188.9,110,-155,0.4762,0.4393,0.0840,0,0.5577,0.0815,0.1184,ev,multiplicative,projection,main,live,2026101112C81881,2026-10-06T19:09:09.837Z
2026,5,8743,Geno Smith,NYJ,QB,vs CLE,rushYds,Hard Rock,26.5,under,13.84,-750,400,0.8824,0.8152,0.0824,0,0.9639,0.0815,0.1487,ev,multiplicative,projection,main,live,2026101112C81881,2026-10-06T19:09:09.837Z
2026,5,17811,AJ Barner,SEA,TE,vs SF,recYds,Hard Rock,10.5,over,33.13,-475,300,0.8261,0.7677,0.0761,0,0.9076,0.0815,0.1399,ev,multiplicative,projection,main,live,202610119C07AE76,2026-10-06T19:09:09.837Z
2026,5,5971,Matthew Stafford,LAR,QB,vs BUF,passYds,Hard Rock,252.5,under,260.27,165,-230,0.3774,0.3513,0.0743,0,0.4589,0.0815,0.1076,ev,multiplicative,projection,main,live,20261013A957AFD4,2026-10-06T19:09:09.837Z
2026,5,15876,James Cook,BUF,RB,at LAR,rushYds,Hard Rock,87.5,over,88.04,135,-190,0.4255,0.3938,0.0807,0,0.5070,0.0815,0.1133,ev,multiplicative,projection,main,live,20261013A957AFD4,2026-10-06T19:09:09.837Z
2026,5,17716,Brian Thomas Jr.,JAX,WR,vs PHI,receptions,BetRivers,2.5,over,2.42,148,,0.4032,0.4032,,1,0.4846,0.0814,0.0814,ev,none,projection,main,live,2026101118C77B29,2026-10-06T19:09:09.837Z
2026,5,19292,Jalon Daniels,TB,QB,at DAL,passYds,Hard Rock,279.5,over,209.11,900,-4000,0.1000,0.0930,0.0756,0,0.1814,0.0814,0.0885,ev,multiplicative,projection,main,live,2026100942D78F91,2026-10-06T19:09:09.837Z
2026,5,16032,Cade Otton,TB,TE,at DAL,recYds,theScore,39.5,over,36.11,185,,0.3509,0.3509,,1,0.4323,0.0814,0.0814,ev,none,projection,main,live,2026100942D78F91,2026-10-06T19:09:09.837Z
2026,5,15850,Jahan Dotson,ATL,WR,vs BAL,recYds,Hard Rock,52.5,under,15.76,-1000,500,0.9091,0.8451,0.0758,0,0.9905,0.0814,0.1455,ev,multiplicative,projection,main,live,2026101240603BF9,2026-10-06T19:09:09.837Z
2026,5,16654,Jaxon Smith-Njigba,SEA,WR,vs SF,receptions,BetRivers,11.5,over,6.73,1300,,0.0714,0.0714,,1,0.1528,0.0813,0.0813,ev,none,projection,main,live,202610119C07AE76,2026-10-06T19:09:09.837Z
2026,5,15306,Javonte Williams,DAL,RB,vs TB,rushYds,Hard Rock,110.5,under,72.94,-650,375,0.8667,0.8046,0.0772,0,0.9479,0.0813,0.1434,ev,multiplicative,projection,main,live,2026100942D78F91,2026-10-06T19:09:09.837Z
2026,5,15306,Javonte Williams,DAL,RB,vs TB,rushYds,Hard Rock,96.5,under,72.94,-325,220,0.7647,0.7099,0.0772,0,0.8460,0.0813,0.1361,ev,multiplicative,projection,main,live,2026100942D78F91,2026-10-06T19:09:09.837Z
2026,5,8743,Geno Smith,NYJ,QB,vs CLE,passYds,Hard Rock,215.5,under,188.9,-145,105,0.5918,0.5482,0.0796,0,0.6732,0.0813,0.1250,ev,multiplicative,projection,main,live,2026101112C81881,2026-10-06T19:09:09.837Z
2026,5,14371,Jordan Love,GB,QB,vs CHI,passYds,Hard Rock,237.5,over,255.85,-105,-135,0.5122,0.4713,0.0867,0,0.5935,0.0813,0.1222,ev,multiplicative,projection,main,live,202610112660CB0C,2026-10-06T19:09:09.837Z
2026,5,14371,Jordan Love,GB,QB,vs CHI,passYds,Hard Rock,283.5,over,255.85,275,-450,0.2667,0.2458,0.0848,0,0.3479,0.0813,0.1021,ev,multiplicative,projection,main,live,202610112660CB0C,2026-10-06T19:09:09.837Z
2026,5,19320,Ted Hurst,TB,WR,at DAL,recYds,DraftKings,20.5,over,25.73,-109,-116,0.5215,0.4927,0.0586,0,0.6028,0.0812,0.1101,ev,multiplicative,projection,main,live,2026100942D78F91,2026-10-06T19:09:09.837Z
2026,5,19292,Jalon Daniels,TB,QB,at DAL,passYds,FanDuel,274.5,over,209.11,748,,0.1179,0.1179,,1,0.1990,0.0811,0.0811,ev,none,projection,main,live,2026100942D78F91,2026-10-06T19:09:09.837Z
2026,5,17784,Bucky Irving,TB,RB,at DAL,rushAtt,theScore,11.5,over,16.86,-225,,0.6923,0.6923,,1,0.7734,0.0811,0.0811,ev,none,projection,main,live,2026100942D78F91,2026-10-06T19:09:09.837Z
2026,5,15265,Kyle Pitts,ATL,TE,vs BAL,recYds,Hard Rock,36.5,over,33,175,-250,0.3636,0.3373,0.0779,0,0.4447,0.0811,0.1074,ev,multiplicative,projection,main,live,2026101240603BF9,2026-10-06T19:09:09.837Z
2026,5,5971,Matthew Stafford,LAR,QB,vs BUF,passYds,Hard Rock,221.5,under,260.27,350,-600,0.2222,0.2059,0.0794,0,0.3033,0.0811,0.0974,ev,multiplicative,projection,main,live,20261013A957AFD4,2026-10-06T19:09:09.837Z
2026,5,8743,Geno Smith,NYJ,QB,vs CLE,passYds,Hard Rock,147.5,under,188.9,450,-850,0.1818,0.1689,0.0766,0,0.2628,0.0810,0.0939,ev,multiplicative,projection,main,live,2026101112C81881,2026-10-06T19:09:09.837Z
2026,5,16946,Tyson Bagent,CHI,QB,at GB,passYds,Hard Rock,189.5,under,204.05,185,-260,0.3509,0.3270,0.0731,0,0.4319,0.0810,0.1049,ev,multiplicative,projection,main,live,202610112660CB0C,2026-10-06T19:09:09.837Z
2026,5,19292,Jalon Daniels,TB,QB,at DAL,passYds,DraftKings,289.5,over,209.11,1360,,0.0685,0.0685,,1,0.1494,0.0809,0.0809,ev,none,projection,main,live,2026100942D78F91,2026-10-06T19:09:09.837Z
2026,5,8743,Geno Smith,NYJ,QB,vs CLE,passYds,Hard Rock,188.5,under,188.9,140,-200,0.4167,0.3846,0.0833,0,0.4976,0.0809,0.1129,ev,multiplicative,projection,main,live,2026101112C81881,2026-10-06T19:09:09.837Z
2026,5,14416,Jalen Hurts,PHI,QB,at JAX,rushYds,Hard Rock,27.5,under,24.48,-125,-110,0.5556,0.5147,0.0794,0,0.6364,0.0808,0.1217,ev,multiplicative,projection,main,live,2026101118C77B29,2026-10-06T19:09:09.837Z
2026,5,11690,Christian McCaffrey,SF,RB,at SEA,rushYds,Hard Rock,87.5,under,58.96,-600,350,0.8571,0.7941,0.0794,0,0.9379,0.0808,0.1438,ev,multiplicative,projection,main,live,202610119C07AE76,2026-10-06T19:09:09.837Z
2026,5,12483,Josh Allen,BUF,QB,at LAR,rushYds,Hard Rock,63.5,under,37.26,-900,450,0.9000,0.8319,0.0818,0,0.9808,0.0808,0.1488,ev,multiplicative,projection,main,live,20261013A957AFD4,2026-10-06T19:09:09.837Z
2026,5,18549,Emeka Egbuka,TB,WR,at DAL,recYds,Caesars,59.5,over,46.67,305,,0.2469,0.2469,,1,0.3276,0.0807,0.0807,ev,none,projection,main,live,2026100942D78F91,2026-10-06T19:09:09.837Z
2026,5,14371,Jordan Love,GB,QB,vs CHI,passYds,FanDuel,233.5,over,255.85,-114,-114,0.5327,0.5000,0.0654,0,0.6134,0.0807,0.1134,ev,multiplicative,projection,main,live,202610112660CB0C,2026-10-06T19:09:09.837Z
2026,5,18549,Emeka Egbuka,TB,WR,at DAL,recYds,Hard Rock,61.5,over,46.67,350,-600,0.2222,0.2059,0.0794,0,0.3029,0.0807,0.0970,ev,multiplicative,projection,main,live,2026100942D78F91,2026-10-06T19:09:09.837Z
2026,5,18549,Emeka Egbuka,TB,WR,at DAL,recYds,Hard Rock,10.5,over,46.67,-650,350,0.8667,0.7959,0.0889,0,0.9474,0.0807,0.1515,ev,multiplicative,projection,main,live,2026100942D78F91,2026-10-06T19:09:09.837Z
2026,5,17702,Braelon Allen,NYJ,RB,vs CLE,rushYds,Hard Rock,97.5,under,38.23,-400,250,0.8000,0.7368,0.0857,0,0.8807,0.0807,0.1439,ev,multiplicative,projection,main,live,2026101112C81881,2026-10-06T19:09:09.837Z
2026,5,5971,Matthew Stafford,LAR,QB,vs BUF,passYds,Hard Rock,248.5,under,260.27,180,-260,0.3571,0.3309,0.0794,0,0.4379,0.0807,0.1070,ev,multiplicative,projection,main,live,20261013A957AFD4,2026-10-06T19:09:09.837Z
2026,5,5971,Matthew Stafford,LAR,QB,vs BUF,passYds,Hard Rock,264.5,under,260.27,125,-175,0.4444,0.4112,0.0808,0,0.5250,0.0806,0.1138,ev,multiplicative,projection,main,live,20261013A957AFD4,2026-10-06T19:09:09.837Z
2026,5,15947,Jake Ferguson,DAL,TE,vs TB,recYds,BetRivers,19.5,over,31.8,-235,,0.7015,0.7015,,1,0.7820,0.0805,0.0805,ev,none,projection,main,live,2026100942D78F91,2026-10-06T19:09:09.837Z
2026,5,15222,Kenneth Gainwell,TB,RB,at DAL,receptions,FanDuel,2.5,over,2.26,170,,0.3704,0.3704,,1,0.4508,0.0805,0.0805,ev,none,projection,main,live,2026100942D78F91,2026-10-06T19:09:09.837Z
2026,5,19292,Jalon Daniels,TB,QB,at DAL,passYds,Hard Rock,282.5,over,209.11,1000,-4000,0.0909,0.0852,0.0665,0,0.1714,0.0805,0.0862,ev,multiplicative,projection,main,live,2026100942D78F91,2026-10-06T19:09:09.837Z
2026,5,5971,Matthew Stafford,LAR,QB,vs BUF,passYds,Hard Rock,216.5,under,260.27,400,-700,0.2000,0.1860,0.0750,0,0.2805,0.0805,0.0944,ev,multiplicative,projection,main,live,20261013A957AFD4,2026-10-06T19:09:09.837Z
2026,5,11690,Christian McCaffrey,SF,RB,at SEA,rushYds,Hard Rock,90.5,under,58.96,-700,400,0.8750,0.8140,0.0750,0,0.9554,0.0804,0.1414,ev,multiplicative,projection,main,live,202610119C07AE76,2026-10-06T19:09:09.837Z
2026,5,5971,Matthew Stafford,LAR,QB,vs BUF,passYds,Hard Rock,234.5,under,260.27,250,-400,0.2857,0.2632,0.0857,0,0.3661,0.0804,0.1029,ev,multiplicative,projection,main,live,20261013A957AFD4,2026-10-06T19:09:09.837Z
2026,5,11718,Chris Godwin,TB,WR,at DAL,recYds,Hard Rock,11.5,over,43.08,-500,300,0.8333,0.7692,0.0833,0,0.9137,0.0803,0.1444,ev,multiplicative,projection,main,live,2026100942D78F91,2026-10-06T19:09:09.837Z
2026,5,18549,Emeka Egbuka,TB,WR,at DAL,recYds,Hard Rock,62.5,over,46.67,375,-650,0.2105,0.1954,0.0772,0,0.2908,0.0803,0.0954,ev,multiplicative,projection,main,live,2026100942D78F91,2026-10-06T19:09:09.837Z
2026,5,8743,Geno Smith,NYJ,QB,vs CLE,passYds,Hard Rock,220.5,under,188.9,-165,120,0.6226,0.5780,0.0772,0,0.7030,0.0803,0.1250,ev,multiplicative,projection,main,live,2026101112C81881,2026-10-06T19:09:09.837Z
2026,5,8743,Geno Smith,NYJ,QB,vs CLE,passYds,Hard Rock,209.5,under,188.9,-125,-110,0.5556,0.5147,0.0794,0,0.6359,0.0803,0.1212,ev,multiplicative,projection,main,live,2026101112C81881,2026-10-06T19:09:09.837Z
2026,5,19292,Jalon Daniels,TB,QB,at DAL,int,BetRivers,0.5,over,1.14,-150,114,0.6000,0.5622,0.0673,0,0.6802,0.0802,0.1180,ev,multiplicative,projection,main,live,2026100942D78F91,2026-10-06T19:09:09.837Z
2026,5,15834,Brock Purdy,SF,QB,at SEA,passYds,DraftKings,259.5,over,241.08,218,,0.3145,0.3145,,1,0.3947,0.0802,0.0802,ev,none,projection,main,live,202610119C07AE76,2026-10-06T19:09:09.837Z
2026,5,8743,Geno Smith,NYJ,QB,vs CLE,passYds,Hard Rock,212.5,under,188.9,-135,-105,0.5745,0.5287,0.0867,0,0.6547,0.0802,0.1260,ev,multiplicative,projection,main,live,2026101112C81881,2026-10-06T19:09:09.837Z
2026,5,15907,Brian Robinson Jr.,ATL,RB,vs BAL,rushYds,Hard Rock,37.5,under,23.17,-135,100,0.5745,0.5347,0.0745,0,0.6547,0.0802,0.1200,ev,multiplicative,projection,main,live,2026101240603BF9,2026-10-06T19:09:09.837Z
2026,5,9455,Davante Adams,LAR,WR,vs BUF,recYds,Hard Rock,95.5,over,79.89,300,-475,0.2500,0.2323,0.0761,0,0.3302,0.0802,0.0979,ev,multiplicative,projection,main,live,20261013A957AFD4,2026-10-06T19:09:09.837Z
2026,5,16946,Tyson Bagent,CHI,QB,at GB,passYds,Hard Rock,185.5,under,204.05,200,-300,0.3333,0.3077,0.0833,0,0.4134,0.0801,0.1057,ev,multiplicative,projection,main,live,202610112660CB0C,2026-10-06T19:09:09.837Z
2026,5,8057,Kirk Cousins,LV,QB,at NE,passYds,theScore,224.5,under,210.38,-105,-125,0.5122,0.4797,0.0678,0,0.5923,0.0801,0.1126,ev,multiplicative,projection,main,live,202610116AF20186,2026-10-06T19:09:09.837Z
2026,5,15265,Kyle Pitts,ATL,TE,vs BAL,recYds,Hard Rock,12.5,over,33,-325,200,0.7647,0.6964,0.0980,0,0.8448,0.0801,0.1484,ev,multiplicative,projection,main,live,2026101240603BF9,2026-10-06T19:09:09.837Z
2026,5,19292,Jalon Daniels,TB,QB,at DAL,passYds,DraftKings,169.5,over,209.11,-146,,0.5935,0.5935,,1,0.6735,0.0800,0.0800,ev,none,projection,main,live,2026100942D78F91,2026-10-06T19:09:09.837Z
2026,5,14411,CeeDee Lamb,DAL,WR,vs TB,recYds,BetRivers,79.5,over,94.13,-120,,0.5455,0.5455,,1,0.6255,0.0800,0.0800,ev,none,projection,main,live,2026100942D78F91,2026-10-06T19:09:09.837Z
2026,5,14416,Jalen Hurts,PHI,QB,at JAX,rushYds,theScore,26.5,under,24.48,-105,-125,0.5122,0.4797,0.0678,0,0.5922,0.0800,0.1125,ev,multiplicative,projection,main,live,2026101118C77B29,2026-10-06T19:09:09.837Z
2026,5,18524,Bhayshul Tuten,JAX,RB,vs PHI,recYds,Hard Rock,10.5,over,12.52,-105,-130,0.5122,0.4754,0.0774,0,0.5922,0.0800,0.1168,ev,multiplicative,projection,main,live,2026101118C77B29,2026-10-06T19:09:09.837Z
2026,5,8743,Geno Smith,NYJ,QB,vs CLE,passYds,Hard Rock,204.5,under,188.9,-110,-125,0.5238,0.4853,0.0794,0,0.6038,0.0800,0.1185,ev,multiplicative,projection,main,live,2026101112C81881,2026-10-06T19:09:09.837Z
2026,5,18516,Quinshon Judkins,CLE,RB,at NYJ,rushYds,Hard Rock,94.5,under,59.27,-600,375,0.8571,0.8028,0.0677,0,0.9371,0.0800,0.1343,ev,multiplicative,projection,main,live,2026101112C81881,2026-10-06T19:09:09.837Z
2026,5,14371,Jordan Love,GB,QB,vs CHI,passYds,Hard Rock,292.5,over,255.85,350,-600,0.2222,0.2059,0.0794,0,0.3022,0.0800,0.0963,ev,multiplicative,projection,main,live,202610112660CB0C,2026-10-06T19:09:09.837Z
2026,5,17811,AJ Barner,SEA,TE,vs SF,recYds,Hard Rock,35.5,over,33.13,185,-260,0.3509,0.3270,0.0731,0,0.4309,0.0800,0.1039,ev,multiplicative,projection,main,live,202610119C07AE76,2026-10-06T19:09:09.837Z
2026,5,5971,Matthew Stafford,LAR,QB,vs BUF,passYds,Hard Rock,256.5,under,260.27,150,-210,0.4000,0.3713,0.0774,0,0.4800,0.0800,0.1088,ev,multiplicative,projection,main,live,20261013A957AFD4,2026-10-06T19:09:09.837Z
2026,5,15222,Kenneth Gainwell,TB,RB,at DAL,receptions,Caesars,3.5,over,2.26,450,,0.1818,0.1818,,1,0.2616,0.0798,0.0798,ev,none,projection,main,live,2026100942D78F91,2026-10-06T19:09:09.837Z
2026,5,8743,Geno Smith,NYJ,QB,vs CLE,passYds,Hard Rock,157.5,under,188.9,325,-575,0.2353,0.2164,0.0871,0,0.3151,0.0798,0.0987,ev,multiplicative,projection,main,live,2026101112C81881,2026-10-06T19:09:09.837Z
2026,5,11712,Deshaun Watson,CLE,QB,at NYJ,rushYds,Hard Rock,50.5,under,14.86,-1100,500,0.9167,0.8462,0.0833,0,0.9965,0.0798,0.1503,ev,multiplicative,projection,main,live,2026101112C81881,2026-10-06T19:09:09.837Z
2026,5,13429,Deebo Samuel Sr.,SF,WR,at SEA,recYds,Hard Rock,51.5,over,42.63,250,-375,0.2857,0.2657,0.0752,0,0.3655,0.0798,0.0998,ev,multiplicative,projection,main,live,202610119C07AE76,2026-10-06T19:09:09.837Z
2026,5,9253,Mike Evans,SF,WR,at SEA,recYds,Caesars,69.5,over,64.8,186,,0.3497,0.3497,,1,0.4294,0.0797,0.0797,ev,none,projection,main,live,202610119C07AE76,2026-10-06T19:09:09.837Z
2026,5,15876,James Cook,BUF,RB,at LAR,rushYds,FanDuel,49.5,over,88.04,-442,,0.8155,0.8155,,1,0.8952,0.0797,0.0797,ev,none,projection,main,live,20261013A957AFD4,2026-10-06T19:09:09.837Z
2026,5,17784,Bucky Irving,TB,RB,at DAL,rushYds,Hard Rock,39.5,over,75.16,-260,180,0.7222,0.6691,0.0794,0,0.8019,0.0797,0.1328,ev,multiplicative,projection,main,live,2026100942D78F91,2026-10-06T19:09:09.837Z
2026,5,18516,Quinshon Judkins,CLE,RB,at NYJ,rushYds,Hard Rock,93.5,under,59.27,-575,350,0.8519,0.7931,0.0741,0,0.9316,0.0797,0.1385,ev,multiplicative,projection,main,live,2026101112C81881,2026-10-06T19:09:09.837Z
2026,5,14371,Jordan Love,GB,QB,vs CHI,passYds,Hard Rock,235.5,over,255.85,-110,-125,0.5238,0.4853,0.0794,0,0.6035,0.0797,0.1182,ev,multiplicative,projection,main,live,202610112660CB0C,2026-10-06T19:09:09.837Z
2026,5,11690,Christian McCaffrey,SF,RB,at SEA,recYds,Hard Rock,60.5,under,29.68,-650,375,0.8667,0.8046,0.0772,0,0.9463,0.0797,0.1418,ev,multiplicative,projection,main,live,202610119C07AE76,2026-10-06T19:09:09.837Z
2026,5,11690,Christian McCaffrey,SF,RB,at SEA,rushYds,Hard Rock,93.5,under,58.96,-800,425,0.8889,0.8235,0.0794,0,0.9686,0.0797,0.1451,ev,multiplicative,projection,main,live,202610119C07AE76,2026-10-06T19:09:09.837Z
2026,5,5971,Matthew Stafford,LAR,QB,vs BUF,passYds,Hard Rock,253.5,under,260.27,160,-230,0.3846,0.3556,0.0816,0,0.4642,0.0796,0.1086,ev,multiplicative,projection,main,live,20261013A957AFD4,2026-10-06T19:09:09.837Z
2026,5,5971,Matthew Stafford,LAR,QB,vs BUF,passYds,Hard Rock,230.5,under,260.27,275,-450,0.2667,0.2458,0.0848,0,0.3463,0.0796,0.1005,ev,multiplicative,projection,main,live,20261013A957AFD4,2026-10-06T19:09:09.837Z
2026,5,15876,James Cook,BUF,RB,at LAR,rushYds,Hard Rock,50.5,over,88.04,-425,275,0.8095,0.7522,0.0762,0,0.8892,0.0796,0.1369,ev,multiplicative,projection,main,live,20261013A957AFD4,2026-10-06T19:09:09.837Z
2026,5,8743,Geno Smith,NYJ,QB,vs CLE,passYds,Hard Rock,178.5,under,188.9,180,-275,0.3571,0.3275,0.0905,0,0.4367,0.0795,0.1092,ev,multiplicative,projection,main,live,2026101112C81881,2026-10-06T19:09:09.837Z
2026,5,18516,Quinshon Judkins,CLE,RB,at NYJ,rushYds,Hard Rock,89.5,under,59.27,-475,300,0.8261,0.7677,0.0761,0,0.9055,0.0795,0.1379,ev,multiplicative,projection,main,live,2026101112C81881,2026-10-06T19:09:09.837Z
2026,5,18516,Quinshon Judkins,CLE,RB,at NYJ,rushYds,Hard Rock,92.5,under,59.27,-550,350,0.8462,0.7920,0.0684,0,0.9257,0.0795,0.1337,ev,multiplicative,projection,main,live,2026101112C81881,2026-10-06T19:09:09.837Z
2026,5,5971,Matthew Stafford,LAR,QB,vs BUF,passYds,Hard Rock,249.5,under,260.27,175,-250,0.3636,0.3373,0.0779,0,0.4431,0.0795,0.1058,ev,multiplicative,projection,main,live,20261013A957AFD4,2026-10-06T19:09:09.837Z
2026,5,17784,Bucky Irving,TB,RB,at DAL,recYds,Hard Rock,29.5,over,23.17,275,-425,0.2667,0.2478,0.0762,0,0.3460,0.0794,0.0982,ev,multiplicative,projection,main,live,2026100942D78F91,2026-10-06T19:09:09.837Z
2026,5,16946,Tyson Bagent,CHI,QB,at GB,passYds,Hard Rock,190.5,under,204.05,180,-260,0.3571,0.3309,0.0794,0,0.4365,0.0794,0.1056,ev,multiplicative,projection,main,live,202610112660CB0C,2026-10-06T19:09:09.837Z
2026,5,19607,Kaelon Black,SF,RB,at SEA,rushYds,theScore,49.5,over,15.13,700,,0.1250,0.1250,,1,0.2044,0.0794,0.0794,ev,none,projection,main,live,202610119C07AE76,2026-10-06T19:09:09.837Z
2026,5,12483,Josh Allen,BUF,QB,at LAR,rushYds,Hard Rock,64.5,under,37.26,-950,475,0.9048,0.8388,0.0787,0,0.9842,0.0794,0.1454,ev,multiplicative,projection,main,live,20261013A957AFD4,2026-10-06T19:09:09.837Z
2026,5,5971,Matthew Stafford,LAR,QB,vs BUF,passYds,Hard Rock,283.5,under,260.27,-125,-110,0.5556,0.5147,0.0794,0,0.6350,0.0794,0.1203,ev,multiplicative,projection,main,live,20261013A957AFD4,2026-10-06T19:09:09.837Z
2026,5,18516,Quinshon Judkins,CLE,RB,at NYJ,rushYds,Hard Rock,90.5,under,59.27,-500,325,0.8333,0.7798,0.0686,0,0.9126,0.0793,0.1328,ev,multiplicative,projection,main,live,2026101112C81881,2026-10-06T19:09:09.837Z
2026,5,18516,Quinshon Judkins,CLE,RB,at NYJ,rushYds,Hard Rock,91.5,under,59.27,-525,325,0.8400,0.7812,0.0753,0,0.9193,0.0793,0.1382,ev,multiplicative,projection,main,live,2026101112C81881,2026-10-06T19:09:09.837Z
2026,5,5971,Matthew Stafford,LAR,QB,vs BUF,passYds,Hard Rock,259.5,under,260.27,140,-195,0.4167,0.3866,0.0777,0,0.4959,0.0793,0.1093,ev,multiplicative,projection,main,live,20261013A957AFD4,2026-10-06T19:09:09.837Z
2026,5,9455,Davante Adams,LAR,WR,vs BUF,recYds,Hard Rock,58.5,over,79.89,-135,100,0.5745,0.5347,0.0745,0,0.6538,0.0793,0.1191,ev,multiplicative,projection,main,live,20261013A957AFD4,2026-10-06T19:09:09.837Z
2026,5,19607,Kaelon Black,SF,RB,at SEA,rushYds,Caesars,29.5,over,15.13,250,,0.2857,0.2857,,1,0.3649,0.0792,0.0792,ev,none,projection,main,live,202610119C07AE76,2026-10-06T19:09:09.837Z
2026,5,15947,Jake Ferguson,DAL,TE,vs TB,recYds,Hard Rock,22.5,over,31.8,-180,130,0.6429,0.5965,0.0776,0,0.7221,0.0792,0.1255,ev,multiplicative,projection,main,live,2026100942D78F91,2026-10-06T19:09:09.837Z
2026,5,8743,Geno Smith,NYJ,QB,vs CLE,passYds,Hard Rock,221.5,under,188.9,-170,125,0.6296,0.5862,0.0741,0,0.7088,0.0792,0.1226,ev,multiplicative,projection,main,live,2026101112C81881,2026-10-06T19:09:09.837Z
2026,5,8743,Geno Smith,NYJ,QB,vs CLE,passYds,Hard Rock,216.5,under,188.9,-150,110,0.6000,0.5575,0.0762,0,0.6792,0.0792,0.1217,ev,multiplicative,projection,main,live,2026101112C81881,2026-10-06T19:09:09.837Z
2026,5,11690,Christian McCaffrey,SF,RB,at SEA,rushYds,Hard Rock,86.5,under,58.96,-575,350,0.8519,0.7931,0.0741,0,0.9311,0.0792,0.1379,ev,multiplicative,projection,main,live,202610119C07AE76,2026-10-06T19:09:09.837Z
2026,5,5971,Matthew Stafford,LAR,QB,vs BUF,passYds,Hard Rock,288.5,under,260.27,-140,105,0.5833,0.5446,0.0711,0,0.6625,0.0792,0.1179,ev,multiplicative,projection,main,live,20261013A957AFD4,2026-10-06T19:09:09.837Z
2026,5,13429,Deebo Samuel Sr.,SF,WR,at SEA,recYds,FanDuel,19.5,over,42.63,-291,,0.7442,0.7442,,1,0.8233,0.0791,0.0791,ev,none,projection,main,live,202610119C07AE76,2026-10-06T19:09:09.837Z
2026,5,8743,Geno Smith,NYJ,QB,vs CLE,rushYds,Hard Rock,27.5,under,13.84,-850,425,0.8947,0.8245,0.0852,0,0.9738,0.0791,0.1493,ev,multiplicative,projection,main,live,2026101112C81881,2026-10-06T19:09:09.837Z
2026,5,11690,Christian McCaffrey,SF,RB,at SEA,recYds,Hard Rock,33.5,under,29.68,100,-135,0.5000,0.4653,0.0745,0,0.5791,0.0791,0.1137,ev,multiplicative,projection,main,live,202610119C07AE76,2026-10-06T19:09:09.837Z
2026,5,15907,Brian Robinson Jr.,ATL,RB,vs BAL,rushYds,Hard Rock,36.5,under,23.17,-130,-110,0.5652,0.5190,0.0890,0,0.6444,0.0791,0.1254,ev,multiplicative,projection,main,live,2026101240603BF9,2026-10-06T19:09:09.837Z
2026,5,15947,Jake Ferguson,DAL,TE,vs TB,recYds,BetRivers,27.5,over,31.8,-112,-120,0.5283,0.4920,0.0738,0,0.6073,0.0790,0.1153,ev,multiplicative,projection,main,live,2026100942D78F91,2026-10-06T19:09:09.837Z
2026,5,15829,Garrett Wilson,NYJ,WR,vs CLE,receptions,Hard Rock,4.5,under,5.42,260,-425,0.2778,0.2555,0.0873,0,0.3567,0.0790,0.1013,ev,multiplicative,projection,main,live,2026101112C81881,2026-10-06T19:09:09.837Z
2026,5,12483,Josh Allen,BUF,QB,at LAR,rushYds,Hard Rock,48.5,under,37.26,-275,195,0.7333,0.6839,0.0723,0,0.8124,0.0790,0.1285,ev,multiplicative,projection,main,live,20261013A957AFD4,2026-10-06T19:09:09.837Z
2026,5,5971,Matthew Stafford,LAR,QB,vs BUF,passYds,Hard Rock,241.5,under,260.27,210,-325,0.3226,0.2967,0.0873,0,0.4016,0.0790,0.1049,ev,multiplicative,projection,main,live,20261013A957AFD4,2026-10-06T19:09:09.837Z
2026,5,5971,Matthew Stafford,LAR,QB,vs BUF,passYds,Hard Rock,218.5,under,260.27,375,-650,0.2105,0.1954,0.0772,0,0.2895,0.0790,0.0941,ev,multiplicative,projection,main,live,20261013A957AFD4,2026-10-06T19:09:09.837Z
2026,5,17702,Braelon Allen,NYJ,RB,vs CLE,rushYds,Hard Rock,99.5,under,38.23,-425,275,0.8095,0.7522,0.0762,0,0.8885,0.0789,0.1362,ev,multiplicative,projection,main,live,2026101112C81881,2026-10-06T19:09:09.837Z
2026,5,17702,Braelon Allen,NYJ,RB,vs CLE,rushYds,Hard Rock,94.5,under,38.23,-375,230,0.7895,0.7226,0.0925,0,0.8684,0.0789,0.1458,ev,multiplicative,projection,main,live,2026101112C81881,2026-10-06T19:09:09.837Z
2026,5,9253,Mike Evans,SF,WR,at SEA,recYds,Hard Rock,76.5,over,64.8,300,-475,0.2500,0.2323,0.0761,0,0.3288,0.0788,0.0965,ev,multiplicative,projection,main,live,202610119C07AE76,2026-10-06T19:09:09.837Z
2026,5,14371,Jordan Love,GB,QB,vs CHI,passYds,DraftKings,309.5,over,255.85,588,,0.1453,0.1453,,1,0.2241,0.0787,0.0787,ev,none,projection,main,live,202610112660CB0C,2026-10-06T19:09:09.837Z
2026,5,16560,Rashid Shaheed,SEA,WR,vs SF,receptions,Caesars,2.5,over,2.23,172,-235,0.3676,0.3439,0.0691,0,0.4463,0.0787,0.1025,ev,multiplicative,projection,main,live,202610119C07AE76,2026-10-06T19:09:09.837Z
2026,5,19321,Josh Cameron,JAX,WR,vs PHI,recYds,Hard Rock,34.5,under,12.85,-600,350,0.8571,0.7941,0.0794,0,0.9359,0.0787,0.1418,ev,multiplicative,projection,main,live,2026101118C77B29,2026-10-06T19:09:09.837Z
2026,5,11712,Deshaun Watson,CLE,QB,at NYJ,rushYds,Hard Rock,10.5,under,14.86,400,-700,0.2000,0.1860,0.0750,0,0.2786,0.0786,0.0926,ev,multiplicative,projection,main,live,2026101112C81881,2026-10-06T19:09:09.837Z
2026,5,13429,Deebo Samuel Sr.,SF,WR,at SEA,recYds,Hard Rock,17.5,over,42.63,-325,220,0.7647,0.7099,0.0772,0,0.8434,0.0786,0.1335,ev,multiplicative,projection,main,live,202610119C07AE76,2026-10-06T19:09:09.837Z
2026,5,5971,Matthew Stafford,LAR,QB,vs BUF,passYds,Hard Rock,291.5,under,260.27,-150,110,0.6000,0.5575,0.0762,0,0.6786,0.0786,0.1211,ev,multiplicative,projection,main,live,20261013A957AFD4,2026-10-06T19:09:09.837Z
2026,5,14411,CeeDee Lamb,DAL,WR,vs TB,recYds,Hard Rock,91.5,over,94.13,125,-170,0.4444,0.4138,0.0741,0,0.5229,0.0785,0.1091,ev,multiplicative,projection,main,live,2026100942D78F91,2026-10-06T19:09:09.837Z
2026,5,8743,Geno Smith,NYJ,QB,vs CLE,passYds,Hard Rock,202.5,under,188.9,-105,-135,0.5122,0.4713,0.0867,0,0.5907,0.0785,0.1194,ev,multiplicative,projection,main,live,2026101112C81881,2026-10-06T19:09:09.837Z
2026,5,14371,Jordan Love,GB,QB,vs CHI,passYds,Hard Rock,233.5,over,255.85,-115,-120,0.5349,0.4951,0.0803,0,0.6134,0.0785,0.1183,ev,multiplicative,projection,main,live,202610112660CB0C,2026-10-06T19:09:09.837Z
2026,5,15265,Kyle Pitts,ATL,TE,vs BAL,recYds,Hard Rock,11.5,over,33,-350,225,0.7778,0.7165,0.0855,0,0.8563,0.0785,0.1398,ev,multiplicative,projection,main,live,2026101240603BF9,2026-10-06T19:09:09.837Z
2026,5,5971,Matthew Stafford,LAR,QB,vs BUF,passYds,Hard Rock,243.5,under,260.27,200,-300,0.3333,0.3077,0.0833,0,0.4119,0.0785,0.1042,ev,multiplicative,projection,main,live,20261013A957AFD4,2026-10-06T19:09:09.837Z
2026,5,19292,Jalon Daniels,TB,QB,at DAL,passYds,Hard Rock,285.5,over,209.11,1100,-5000,0.0833,0.0783,0.0637,0,0.1617,0.0784,0.0834,ev,multiplicative,projection,main,live,2026100942D78F91,2026-10-06T19:09:09.837Z
2026,5,5971,Matthew Stafford,LAR,QB,vs BUF,passYds,Hard Rock,271.5,under,260.27,105,-145,0.4878,0.4518,0.0796,0,0.5662,0.0784,0.1144,ev,multiplicative,projection,main,live,20261013A957AFD4,2026-10-06T19:09:09.837Z
2026,5,5971,Matthew Stafford,LAR,QB,vs BUF,passYds,Hard Rock,262.5,under,260.27,130,-180,0.4348,0.4035,0.0776,0,0.5132,0.0784,0.1098,ev,multiplicative,projection,main,live,20261013A957AFD4,2026-10-06T19:09:09.837Z
2026,5,15834,Brock Purdy,SF,QB,at SEA,passYds,DraftKings,249.5,over,241.08,168,,0.3731,0.3731,,1,0.4514,0.0783,0.0783,ev,none,projection,main,live,202610119C07AE76,2026-10-06T19:09:09.837Z
2026,5,15306,Javonte Williams,DAL,RB,vs TB,rushYds,Hard Rock,115.5,under,72.94,-800,425,0.8889,0.8235,0.0794,0,0.9672,0.0783,0.1437,ev,multiplicative,projection,main,live,2026100942D78F91,2026-10-06T19:09:09.837Z
2026,5,19292,Jalon Daniels,TB,QB,at DAL,passYds,Hard Rock,174.5,over,209.11,-135,-105,0.5745,0.5287,0.0867,0,0.6528,0.0783,0.1242,ev,multiplicative,projection,main,live,2026100942D78F91,2026-10-06T19:09:09.837Z
2026,5,5971,Matthew Stafford,LAR,QB,vs BUF,passYds,Hard Rock,281.5,under,260.27,-120,-115,0.5455,0.5049,0.0803,0,0.6237,0.0783,0.1189,ev,multiplicative,projection,main,live,20261013A957AFD4,2026-10-06T19:09:09.837Z
2026,5,5971,Matthew Stafford,LAR,QB,vs BUF,passYds,Hard Rock,269.5,under,260.27,110,-150,0.4762,0.4425,0.0762,0,0.5545,0.0783,0.1120,ev,multiplicative,projection,main,live,20261013A957AFD4,2026-10-06T19:09:09.837Z
2026,5,5971,Matthew Stafford,LAR,QB,vs BUF,passYds,Hard Rock,232.5,under,260.27,260,-425,0.2778,0.2555,0.0873,0,0.3561,0.0783,0.1006,ev,multiplicative,projection,main,live,20261013A957AFD4,2026-10-06T19:09:09.837Z
2026,5,19292,Jalon Daniels,TB,QB,at DAL,passTD,BetRivers,1.5,over,1.31,235,,0.2985,0.2985,,1,0.3767,0.0782,0.0782,ev,none,projection,main,live,2026100942D78F91,2026-10-06T19:09:09.837Z
2026,5,11690,Christian McCaffrey,SF,RB,at SEA,recYds,BetRivers,35.5,under,29.68,-118,-113,0.5413,0.5050,0.0718,0,0.6195,0.0782,0.1144,ev,multiplicative,projection,main,live,202610119C07AE76,2026-10-06T19:09:09.837Z
2026,5,15306,Javonte Williams,DAL,RB,vs TB,rushYds,Hard Rock,97.5,under,72.94,-350,230,0.7778,0.7196,0.0808,0,0.8560,0.0782,0.1364,ev,multiplicative,projection,main,live,2026100942D78F91,2026-10-06T19:09:09.837Z
2026,5,8743,Geno Smith,NYJ,QB,vs CLE,passYds,Hard Rock,222.5,under,188.9,-175,125,0.6364,0.5888,0.0808,0,0.7145,0.0782,0.1258,ev,multiplicative,projection,main,live,2026101112C81881,2026-10-06T19:09:09.837Z
2026,5,19292,Jalon Daniels,TB,QB,at DAL,passYds,BetRivers,179.5,over,209.11,-124,,0.5536,0.5536,,1,0.6316,0.0781,0.0781,ev,none,projection,main,live,2026100942D78F91,2026-10-06T19:09:09.837Z
2026,5,15947,Jake Ferguson,DAL,TE,vs TB,recYds,DraftKings,24.5,over,31.8,-150,,0.6000,0.6000,,1,0.6781,0.0781,0.0781,ev,none,projection,main,live,2026100942D78F91,2026-10-06T19:09:09.837Z
2026,5,15947,Jake Ferguson,DAL,TE,vs TB,recYds,Hard Rock,24.5,over,31.8,-150,110,0.6000,0.5575,0.0762,0,0.6781,0.0781,0.1206,ev,multiplicative,projection,main,live,2026100942D78F91,2026-10-06T19:09:09.837Z
2026,5,19292,Jalon Daniels,TB,QB,at DAL,passYds,Hard Rock,280.5,over,209.11,900,-4000,0.1000,0.0930,0.0756,0,0.1781,0.0781,0.0851,ev,multiplicative,projection,main,live,2026100942D78F91,2026-10-06T19:09:09.837Z
2026,5,5971,Matthew Stafford,LAR,QB,vs BUF,passYds,Hard Rock,237.5,under,260.27,230,-350,0.3030,0.2804,0.0808,0,0.3812,0.0781,0.1008,ev,multiplicative,projection,main,live,20261013A957AFD4,2026-10-06T19:09:09.837Z
2026,5,14411,CeeDee Lamb,DAL,WR,vs TB,recYds,FanDuel,79.5,over,94.13,-121,,0.5475,0.5475,,1,0.6255,0.0780,0.0780,ev,none,projection,main,live,2026100942D78F91,2026-10-06T19:09:09.837Z
2026,5,14411,CeeDee Lamb,DAL,WR,vs TB,recYds,BetRivers,80.5,over,94.13,-117,-114,0.5392,0.5030,0.0719,0,0.6171,0.0780,0.1141,ev,multiplicative,projection,main,live,2026100942D78F91,2026-10-06T19:09:09.837Z
2026,5,18549,Emeka Egbuka,TB,WR,at DAL,receptions,Caesars,1.5,over,3.52,-500,,0.8333,0.8333,,1,0.9113,0.0780,0.0780,ev,none,projection,main,live,2026100942D78F91,2026-10-06T19:09:09.837Z
2026,5,15947,Jake Ferguson,DAL,TE,vs TB,recYds,Hard Rock,18.5,over,31.8,-260,180,0.7222,0.6691,0.0794,0,0.8002,0.0780,0.1311,ev,multiplicative,projection,main,live,2026100942D78F91,2026-10-06T19:09:09.837Z
2026,5,8743,Geno Smith,NYJ,QB,vs CLE,passYds,Hard Rock,150.5,under,188.9,400,-750,0.2000,0.1848,0.0824,0,0.2780,0.0780,0.0933,ev,multiplicative,projection,main,live,2026101112C81881,2026-10-06T19:09:09.837Z
2026,5,14371,Jordan Love,GB,QB,vs CHI,passYds,Hard Rock,297.5,over,255.85,400,-700,0.2000,0.1860,0.0750,0,0.2780,0.0780,0.0919,ev,multiplicative,projection,main,live,202610112660CB0C,2026-10-06T19:09:09.837Z
2026,5,16919,Zay Flowers,BAL,WR,at ATL,recYds,Hard Rock,92.5,over,84.25,220,-350,0.3125,0.2866,0.0903,0,0.3905,0.0780,0.1038,ev,multiplicative,projection,main,live,2026101240603BF9,2026-10-06T19:09:09.837Z
2026,5,5971,Matthew Stafford,LAR,QB,vs BUF,passYds,Hard Rock,250.5,under,260.27,170,-250,0.3704,0.3415,0.0847,0,0.4484,0.0780,0.1069,ev,multiplicative,projection,main,live,20261013A957AFD4,2026-10-06T19:09:09.837Z
2026,5,8743,Geno Smith,NYJ,QB,vs CLE,passYds,Hard Rock,152.5,under,188.9,375,-700,0.2105,0.1939,0.0855,0,0.2884,0.0779,0.0945,ev,multiplicative,projection,main,live,2026101112C81881,2026-10-06T19:09:09.837Z
2026,5,5971,Matthew Stafford,LAR,QB,vs BUF,passYds,Hard Rock,273.5,under,260.27,100,-140,0.5000,0.4615,0.0833,0,0.5779,0.0779,0.1164,ev,multiplicative,projection,main,live,20261013A957AFD4,2026-10-06T19:09:09.837Z
2026,5,15947,Jake Ferguson,DAL,TE,vs TB,recYds,Hard Rock,23.5,over,31.8,-165,120,0.6226,0.5780,0.0772,0,0.7004,0.0778,0.1224,ev,multiplicative,projection,main,live,2026100942D78F91,2026-10-06T19:09:09.837Z
2026,5,19292,Jalon Daniels,TB,QB,at DAL,passYds,Hard Rock,172.5,over,209.11,-140,100,0.5833,0.5385,0.0833,0,0.6612,0.0778,0.1227,ev,multiplicative,projection,main,live,2026100942D78F91,2026-10-06T19:09:09.837Z
2026,5,14371,Jordan Love,GB,QB,vs CHI,passYds,Hard Rock,231.5,over,255.85,-120,-115,0.5455,0.5049,0.0803,0,0.6232,0.0778,0.1183,ev,multiplicative,projection,main,live,202610112660CB0C,2026-10-06T19:09:09.837Z
2026,5,11690,Christian McCaffrey,SF,RB,at SEA,rushYds,Hard Rock,91.5,under,58.96,-750,400,0.8824,0.8152,0.0824,0,0.9602,0.0778,0.1450,ev,multiplicative,projection,main,live,202610119C07AE76,2026-10-06T19:09:09.837Z
2026,5,8743,Geno Smith,NYJ,QB,vs CLE,passYds,Hard Rock,207.5,under,188.9,-120,-115,0.5455,0.5049,0.0803,0,0.6231,0.0777,0.1182,ev,multiplicative,projection,main,live,2026101112C81881,2026-10-06T19:09:09.837Z
2026,5,19321,Josh Cameron,JAX,WR,vs PHI,recYds,Hard Rock,35.5,under,12.85,-650,375,0.8667,0.8046,0.0772,0,0.9442,0.0776,0.1397,ev,multiplicative,projection,main,live,2026101118C77B29,2026-10-06T19:09:09.837Z
2026,5,8743,Geno Smith,NYJ,QB,vs CLE,passYds,Hard Rock,213.5,under,188.9,-140,100,0.5833,0.5385,0.0833,0,0.6609,0.0776,0.1224,ev,multiplicative,projection,main,live,2026101112C81881,2026-10-06T19:09:09.837Z
2026,5,11690,Christian McCaffrey,SF,RB,at SEA,rushYds,Hard Rock,88.5,under,58.96,-650,375,0.8667,0.8046,0.0772,0,0.9442,0.0776,0.1397,ev,multiplicative,projection,main,live,202610119C07AE76,2026-10-06T19:09:09.837Z
2026,5,5971,Matthew Stafford,LAR,QB,vs BUF,passYds,Hard Rock,267.5,under,260.27,115,-160,0.4651,0.4305,0.0805,0,0.5428,0.0776,0.1123,ev,multiplicative,projection,main,live,20261013A957AFD4,2026-10-06T19:09:09.837Z
2026,5,19292,Jalon Daniels,TB,QB,at DAL,int,BetRivers,1.5,over,1.14,320,,0.2381,0.2381,,1,0.3156,0.0775,0.0775,ev,none,projection,main,live,2026100942D78F91,2026-10-06T19:09:09.837Z
2026,5,13429,Deebo Samuel Sr.,SF,WR,at SEA,recYds,Caesars,49.5,over,42.63,215,,0.3175,0.3175,,1,0.3950,0.0775,0.0775,ev,none,projection,main,live,202610119C07AE76,2026-10-06T19:09:09.837Z
2026,5,16946,Tyson Bagent,CHI,QB,at GB,passYds,Hard Rock,191.5,under,204.05,175,-250,0.3636,0.3373,0.0779,0,0.4412,0.0775,0.1038,ev,multiplicative,projection,main,live,202610112660CB0C,2026-10-06T19:09:09.837Z
2026,5,11690,Christian McCaffrey,SF,RB,at SEA,rushYds,Hard Rock,94.5,under,58.96,-850,450,0.8947,0.8311,0.0766,0,0.9722,0.0775,0.1411,ev,multiplicative,projection,main,live,202610119C07AE76,2026-10-06T19:09:09.837Z
2026,5,11690,Christian McCaffrey,SF,RB,at SEA,rushYds,Hard Rock,85.5,under,58.96,-550,325,0.8462,0.7824,0.0814,0,0.9236,0.0775,0.1412,ev,multiplicative,projection,main,live,202610119C07AE76,2026-10-06T19:09:09.837Z
2026,5,5971,Matthew Stafford,LAR,QB,vs BUF,passYds,Hard Rock,279.5,under,260.27,-115,-120,0.5349,0.4951,0.0803,0,0.6124,0.0775,0.1173,ev,multiplicative,projection,main,live,20261013A957AFD4,2026-10-06T19:09:09.837Z
2026,5,14371,Jordan Love,GB,QB,vs CHI,passYds,Caesars,229.5,over,255.85,-125,,0.5556,0.5556,,1,0.6330,0.0774,0.0774,ev,none,projection,main,live,202610112660CB0C,2026-10-06T19:09:09.837Z
2026,5,8743,Geno Smith,NYJ,QB,vs CLE,passYds,Hard Rock,148.5,under,188.9,425,-850,0.1905,0.1755,0.0852,0,0.2679,0.0774,0.0923,ev,multiplicative,projection,main,live,2026101112C81881,2026-10-06T19:09:09.837Z
2026,5,8743,Geno Smith,NYJ,QB,vs CLE,passYds,Hard Rock,217.5,under,188.9,-155,110,0.6078,0.5607,0.0840,0,0.6852,0.0774,0.1245,ev,multiplicative,projection,main,live,2026101112C81881,2026-10-06T19:09:09.837Z
2026,5,14371,Jordan Love,GB,QB,vs CHI,passYds,Hard Rock,229.5,over,255.85,-125,-110,0.5556,0.5147,0.0794,0,0.6330,0.0774,0.1183,ev,multiplicative,projection,main,live,202610112660CB0C,2026-10-06T19:09:09.837Z
2026,5,15907,Brian Robinson Jr.,ATL,RB,vs BAL,rushYds,Hard Rock,16.5,under,23.17,375,-700,0.2105,0.1939,0.0855,0,0.2879,0.0774,0.0940,ev,multiplicative,projection,main,live,2026101240603BF9,2026-10-06T19:09:09.837Z
2026,5,5971,Matthew Stafford,LAR,QB,vs BUF,passYds,Hard Rock,223.5,under,260.27,325,-550,0.2353,0.2176,0.0814,0,0.3126,0.0773,0.0951,ev,multiplicative,projection,main,live,20261013A957AFD4,2026-10-06T19:09:09.837Z
2026,5,5971,Matthew Stafford,LAR,QB,vs BUF,passYds,Hard Rock,254.5,under,260.27,155,-225,0.3922,0.3616,0.0845,0,0.4695,0.0773,0.1078,ev,multiplicative,projection,main,live,20261013A957AFD4,2026-10-06T19:09:09.837Z
2026,5,5971,Matthew Stafford,LAR,QB,vs BUF,passYds,Hard Rock,275.5,under,260.27,-105,-130,0.5122,0.4754,0.0774,0,0.5895,0.0773,0.1141,ev,multiplicative,projection,main,live,20261013A957AFD4,2026-10-06T19:09:09.837Z
2026,5,16654,Jaxon Smith-Njigba,SEA,WR,vs SF,receptions,DraftKings,8.5,over,6.73,264,,0.2747,0.2747,,1,0.3519,0.0772,0.0772,ev,none,projection,main,live,202610119C07AE76,2026-10-06T19:09:09.837Z
2026,5,19292,Jalon Daniels,TB,QB,at DAL,passYds,Hard Rock,283.5,over,209.11,1000,-4000,0.0909,0.0852,0.0665,0,0.1681,0.0772,0.0829,ev,multiplicative,projection,main,live,2026100942D78F91,2026-10-06T19:09:09.837Z
2026,5,16739,Bijan Robinson,ATL,RB,vs BAL,recYds,Hard Rock,22.5,over,36.4,-175,125,0.6364,0.5888,0.0808,0,0.7135,0.0772,0.1248,ev,multiplicative,projection,main,live,2026101240603BF9,2026-10-06T19:09:09.837Z
2026,5,5971,Matthew Stafford,LAR,QB,vs BUF,passYds,Hard Rock,277.5,under,260.27,-110,-125,0.5238,0.4853,0.0794,0,0.6010,0.0772,0.1157,ev,multiplicative,projection,main,live,20261013A957AFD4,2026-10-06T19:09:09.837Z
2026,5,5971,Matthew Stafford,LAR,QB,vs BUF,passYds,Hard Rock,257.5,under,260.27,145,-210,0.4082,0.3760,0.0856,0,0.4853,0.0772,0.1093,ev,multiplicative,projection,main,live,20261013A957AFD4,2026-10-06T19:09:09.837Z
2026,5,15947,Jake Ferguson,DAL,TE,vs TB,recYds,BetRivers,29.5,over,31.8,108,,0.4808,0.4808,,1,0.5579,0.0771,0.0771,ev,none,projection,main,live,2026100942D78F91,2026-10-06T19:09:09.837Z
2026,5,13429,Deebo Samuel Sr.,SF,WR,at SEA,recYds,Hard Rock,50.5,over,42.63,230,-350,0.3030,0.2804,0.0808,0,0.3802,0.0771,0.0998,ev,multiplicative,projection,main,live,202610119C07AE76,2026-10-06T19:09:09.837Z
2026,5,12559,Mark Andrews,BAL,TE,at ATL,recYds,Hard Rock,43.5,over,39.91,190,-275,0.3448,0.3198,0.0782,0,0.4220,0.0771,0.1021,ev,multiplicative,projection,main,live,2026101240603BF9,2026-10-06T19:09:09.837Z
2026,5,5971,Matthew Stafford,LAR,QB,vs BUF,passYds,Hard Rock,286.5,under,260.27,-135,100,0.5745,0.5347,0.0745,0,0.6516,0.0771,0.1169,ev,multiplicative,projection,main,live,20261013A957AFD4,2026-10-06T19:09:09.837Z
2026,5,15876,James Cook,BUF,RB,at LAR,rushYds,Caesars,49.5,over,88.04,-450,,0.8182,0.8182,,1,0.8952,0.0770,0.0770,ev,none,projection,main,live,20261013A957AFD4,2026-10-06T19:09:09.837Z
2026,5,14371,Jordan Love,GB,QB,vs CHI,passYds,Hard Rock,295.5,over,255.85,375,-650,0.2105,0.1954,0.0772,0,0.2876,0.0770,0.0921,ev,multiplicative,projection,main,live,202610112660CB0C,2026-10-06T19:09:09.837Z
2026,5,8057,Kirk Cousins,LV,QB,at NE,passYds,Hard Rock,204.5,under,210.38,145,-210,0.4082,0.3760,0.0856,0,0.4852,0.0770,0.1092,ev,multiplicative,projection,main,live,202610116AF20186,2026-10-06T19:09:09.837Z
2026,5,15876,James Cook,BUF,RB,at LAR,rushYds,Hard Rock,49.5,over,88.04,-450,275,0.8182,0.7542,0.0848,0,0.8952,0.0770,0.1410,ev,multiplicative,projection,main,live,20261013A957AFD4,2026-10-06T19:09:09.837Z
2026,5,19292,Jalon Daniels,TB,QB,at DAL,rushYds,Hard Rock,79.5,under,20.13,-1200,550,0.9231,0.8571,0.0769,0,1.0000,0.0769,0.1429,ev,multiplicative,projection,main,live,2026100942D78F91,2026-10-06T19:09:09.837Z
2026,5,17057,Isaiah Davis,NYJ,RB,vs CLE,rushYds,Hard Rock,38.5,under,3.02,-1200,575,0.9231,0.8617,0.0712,0,1.0000,0.0769,0.1383,ev,multiplicative,projection,main,live,2026101112C81881,2026-10-06T19:09:09.837Z
2026,5,17057,Isaiah Davis,NYJ,RB,vs CLE,rushYds,Hard Rock,37.5,under,3.02,-1200,550,0.9231,0.8571,0.0769,0,1.0000,0.0769,0.1429,ev,multiplicative,projection,main,live,2026101112C81881,2026-10-06T19:09:09.837Z
2026,5,17811,AJ Barner,SEA,TE,vs SF,recYds,Hard Rock,9.5,over,33.13,-525,325,0.8400,0.7812,0.0753,0,0.9169,0.0769,0.1358,ev,multiplicative,projection,main,live,202610119C07AE76,2026-10-06T19:09:09.837Z
2026,5,5971,Matthew Stafford,LAR,QB,vs BUF,passYds,Hard Rock,226.5,under,260.27,300,-500,0.2500,0.2308,0.0833,0,0.3269,0.0769,0.0961,ev,multiplicative,projection,main,live,20261013A957AFD4,2026-10-06T19:09:09.837Z
2026,5,17811,AJ Barner,SEA,TE,vs SF,receptions,BetRivers,1.5,over,3.25,-500,,0.8333,0.8333,,1,0.9101,0.0768,0.0768,ev,none,projection,main,live,202610119C07AE76,2026-10-06T19:09:09.837Z
2026,5,14371,Jordan Love,GB,QB,vs CHI,passYds,Hard Rock,290.5,over,255.85,325,-550,0.2353,0.2176,0.0814,0,0.3121,0.0768,0.0945,ev,multiplicative,projection,main,live,202610112660CB0C,2026-10-06T19:09:09.837Z
2026,5,11690,Christian McCaffrey,SF,RB,at SEA,recYds,Hard Rock,61.5,under,29.68,-700,400,0.8750,0.8140,0.0750,0,0.9518,0.0768,0.1378,ev,multiplicative,projection,main,live,202610119C07AE76,2026-10-06T19:09:09.837Z
2026,5,17811,AJ Barner,SEA,TE,vs SF,receptions,Hard Rock,1.5,over,3.25,-500,300,0.8333,0.7692,0.0833,0,0.9101,0.0768,0.1409,ev,multiplicative,projection,main,live,202610119C07AE76,2026-10-06T19:09:09.837Z
2026,5,17690,Blake Corum,LAR,RB,vs BUF,rushYds,Hard Rock,69.5,over,43.22,650,-1800,0.1333,0.1234,0.0807,0,0.2101,0.0768,0.0867,ev,multiplicative,projection,main,live,20261013A957AFD4,2026-10-06T19:09:09.837Z
2026,5,15876,James Cook,BUF,RB,at LAR,rushYds,Hard Rock,88.5,over,88.04,140,-200,0.4167,0.3846,0.0833,0,0.4935,0.0768,0.1089,ev,multiplicative,projection,main,live,20261013A957AFD4,2026-10-06T19:09:09.837Z
2026,5,17690,Blake Corum,LAR,RB,vs BUF,rushYds,DraftKings,14.5,over,43.22,-495,,0.8319,0.8319,,1,0.9086,0.0767,0.0767,ev,none,projection,main,live,20261013A957AFD4,2026-10-06T19:09:09.837Z
2026,5,14416,Jalen Hurts,PHI,QB,at JAX,rushYds,Hard Rock,54.5,under,24.48,-1200,550,0.9231,0.8571,0.0769,0,0.9997,0.0767,0.1426,ev,multiplicative,projection,main,live,2026101118C77B29,2026-10-06T19:09:09.837Z
2026,5,19321,Josh Cameron,JAX,WR,vs PHI,recYds,Hard Rock,36.5,under,12.85,-700,400,0.8750,0.8140,0.0750,0,0.9517,0.0767,0.1378,ev,multiplicative,projection,main,live,2026101118C77B29,2026-10-06T19:09:09.837Z
2026,5,5971,Matthew Stafford,LAR,QB,vs BUF,passYds,Hard Rock,213.5,under,260.27,425,-800,0.1905,0.1765,0.0794,0,0.2672,0.0767,0.0908,ev,multiplicative,projection,main,live,20261013A957AFD4,2026-10-06T19:09:09.837Z
2026,5,5971,Matthew Stafford,LAR,QB,vs BUF,passYds,Hard Rock,211.5,under,260.27,450,-850,0.1818,0.1689,0.0766,0,0.2586,0.0767,0.0897,ev,multiplicative,projection,main,live,20261013A957AFD4,2026-10-06T19:09:09.837Z
2026,5,8743,Geno Smith,NYJ,QB,vs CLE,rushYds,Hard Rock,28.5,under,13.84,-950,450,0.9048,0.8327,0.0866,0,0.9813,0.0766,0.1486,ev,multiplicative,projection,main,live,2026101112C81881,2026-10-06T19:09:09.837Z
2026,5,16690,Parker Washington,JAX,WR,vs PHI,recYds,Hard Rock,112.5,under,68.35,-1200,525,0.9231,0.8523,0.0831,0,0.9995,0.0764,0.1472,ev,multiplicative,projection,main,live,2026101118C77B29,2026-10-06T19:09:09.837Z
2026,5,5971,Matthew Stafford,LAR,QB,vs BUF,passYds,Hard Rock,265.5,under,260.27,120,-170,0.4545,0.4193,0.0842,0,0.5310,0.0764,0.1117,ev,multiplicative,projection,main,live,20261013A957AFD4,2026-10-06T19:09:09.837Z
2026,5,5971,Matthew Stafford,LAR,QB,vs BUF,passYds,Hard Rock,220.5,under,260.27,350,-600,0.2222,0.2059,0.0794,0,0.2987,0.0764,0.0928,ev,multiplicative,projection,main,live,20261013A957AFD4,2026-10-06T19:09:09.837Z
2026,5,15834,Brock Purdy,SF,QB,at SEA,passYds,DraftKings,269.5,over,241.08,279,,0.2639,0.2639,,1,0.3401,0.0763,0.0763,ev,none,projection,main,live,202610119C07AE76,2026-10-06T19:09:09.837Z
2026,5,19321,Josh Cameron,JAX,WR,vs PHI,recYds,Hard Rock,32.5,under,12.85,-525,325,0.8400,0.7812,0.0753,0,0.9163,0.0763,0.1351,ev,multiplicative,projection,main,live,2026101118C77B29,2026-10-06T19:09:09.837Z
2026,5,15829,Garrett Wilson,NYJ,WR,vs CLE,receptions,Caesars,6.5,under,5.42,-124,-105,0.5536,0.5194,0.0658,0,0.6297,0.0761,0.1103,ev,multiplicative,projection,main,live,2026101112C81881,2026-10-06T19:09:09.837Z
2026,5,15876,James Cook,BUF,RB,at LAR,rushYds,DraftKings,89.5,over,88.04,148,,0.4032,0.4032,,1,0.4794,0.0761,0.0761,ev,none,projection,main,live,20261013A957AFD4,2026-10-06T19:09:09.837Z
2026,5,15306,Javonte Williams,DAL,RB,vs TB,rushYds,Hard Rock,98.5,under,72.94,-375,230,0.7895,0.7226,0.0925,0,0.8656,0.0761,0.1430,ev,multiplicative,projection,main,live,2026100942D78F91,2026-10-06T19:09:09.837Z
2026,5,15947,Jake Ferguson,DAL,TE,vs TB,recYds,Hard Rock,19.5,over,31.8,-240,165,0.7059,0.6516,0.0832,0,0.7820,0.0761,0.1304,ev,multiplicative,projection,main,live,2026100942D78F91,2026-10-06T19:09:09.837Z
2026,5,11718,Chris Godwin,TB,WR,at DAL,receptions,Hard Rock,7.5,over,3.83,2000,,0.0476,0.0476,,1,0.1237,0.0761,0.0761,ev,none,projection,main,live,2026100942D78F91,2026-10-06T19:09:09.837Z
2026,5,19607,Kaelon Black,SF,RB,at SEA,rushYds,Hard Rock,4.5,under,15.13,400,-700,0.2000,0.1860,0.0750,0,0.2761,0.0761,0.0900,ev,multiplicative,projection,main,live,202610119C07AE76,2026-10-06T19:09:09.837Z
2026,5,16739,Bijan Robinson,ATL,RB,vs BAL,recYds,Hard Rock,41.5,over,36.4,240,-375,0.2941,0.2714,0.0836,0,0.3702,0.0761,0.0987,ev,multiplicative,projection,main,live,2026101240603BF9,2026-10-06T19:09:09.837Z
2026,5,5971,Matthew Stafford,LAR,QB,vs BUF,passYds,Hard Rock,292.5,under,260.27,-155,115,0.6078,0.5665,0.0730,0,0.6839,0.0761,0.1174,ev,multiplicative,projection,main,live,20261013A957AFD4,2026-10-06T19:09:09.837Z
2026,5,5971,Matthew Stafford,LAR,QB,vs BUF,passYds,Hard Rock,289.5,under,260.27,-145,105,0.5918,0.5482,0.0796,0,0.6679,0.0761,0.1197,ev,multiplicative,projection,main,live,20261013A957AFD4,2026-10-06T19:09:09.837Z
2026,5,19320,Ted Hurst,TB,WR,at DAL,recYds,DraftKings,24.5,over,25.73,123,,0.4484,0.4484,,1,0.5244,0.0760,0.0760,ev,none,projection,main,live,2026100942D78F91,2026-10-06T19:09:09.837Z
2026,5,11008,Dak Prescott,DAL,QB,vs TB,rushYds,Hard Rock,15.5,over,14,170,-250,0.3704,0.3415,0.0847,0,0.4464,0.0760,0.1050,ev,multiplicative,projection,main,live,2026100942D78F91,2026-10-06T19:09:09.837Z
2026,5,19321,Josh Cameron,JAX,WR,vs PHI,recYds,Hard Rock,37.5,under,12.85,-750,425,0.8824,0.8225,0.0728,0,0.9584,0.0760,0.1359,ev,multiplicative,projection,main,live,2026101118C77B29,2026-10-06T19:09:09.837Z
2026,5,9253,Mike Evans,SF,WR,at SEA,recYds,Hard Rock,75.5,over,64.8,275,-450,0.2667,0.2458,0.0848,0,0.3427,0.0760,0.0968,ev,multiplicative,projection,main,live,202610119C07AE76,2026-10-06T19:09:09.837Z
2026,5,5971,Matthew Stafford,LAR,QB,vs BUF,passYds,Hard Rock,215.5,under,260.27,400,-750,0.2000,0.1848,0.0824,0,0.2760,0.0760,0.0913,ev,multiplicative,projection,main,live,20261013A957AFD4,2026-10-06T19:09:09.837Z
2026,5,14371,Jordan Love,GB,QB,vs CHI,passYds,Caesars,309.5,over,255.85,575,,0.1481,0.1481,,1,0.2241,0.0759,0.0759,ev,none,projection,main,live,202610112660CB0C,2026-10-06T19:09:09.837Z
2026,5,16654,Jaxon Smith-Njigba,SEA,WR,vs SF,receptions,Caesars,9.5,over,6.73,400,,0.2000,0.2000,,1,0.2759,0.0759,0.0759,ev,none,projection,main,live,202610119C07AE76,2026-10-06T19:09:09.837Z
2026,5,15947,Jake Ferguson,DAL,TE,vs TB,recYds,Hard Rock,26.5,over,31.8,-125,-110,0.5556,0.5147,0.0794,0,0.6314,0.0759,0.1167,ev,multiplicative,projection,main,live,2026100942D78F91,2026-10-06T19:09:09.837Z
2026,5,16654,Jaxon Smith-Njigba,SEA,WR,vs SF,receptions,Hard Rock,9.5,over,6.73,400,-700,0.2000,0.1860,0.0750,0,0.2759,0.0759,0.0899,ev,multiplicative,projection,main,live,202610119C07AE76,2026-10-06T19:09:09.837Z
2026,5,14371,Jordan Love,GB,QB,vs CHI,passYds,DraftKings,209.5,over,255.85,-185,,0.6491,0.6491,,1,0.7250,0.0758,0.0758,ev,none,projection,main,live,202610112660CB0C,2026-10-06T19:09:09.837Z
2026,5,8743,Geno Smith,NYJ,QB,vs CLE,passYds,Hard Rock,227.5,under,188.9,-200,140,0.6667,0.6154,0.0833,0,0.7425,0.0758,0.1271,ev,multiplicative,projection,main,live,2026101112C81881,2026-10-06T19:09:09.837Z
2026,5,5971,Matthew Stafford,LAR,QB,vs BUF,passYds,Hard Rock,260.5,under,260.27,135,-190,0.4255,0.3938,0.0807,0,0.5014,0.0758,0.1076,ev,multiplicative,projection,main,live,20261013A957AFD4,2026-10-06T19:09:09.837Z
2026,5,11718,Chris Godwin,TB,WR,at DAL,receptions,FanDuel,2.5,over,3.83,-224,,0.6914,0.6914,,1,0.7671,0.0757,0.0757,ev,none,projection,main,live,2026100942D78F91,2026-10-06T19:09:09.837Z
2026,5,15876,James Cook,BUF,RB,at LAR,rushYds,BetRivers,99.5,over,88.04,275,,0.2667,0.2667,,1,0.3424,0.0757,0.0757,ev,none,projection,main,live,20261013A957AFD4,2026-10-06T19:09:09.837Z
2026,5,18516,Quinshon Judkins,CLE,RB,at NYJ,rushYds,Hard Rock,95.5,under,59.27,-650,375,0.8667,0.8046,0.0772,0,0.9423,0.0757,0.1378,ev,multiplicative,projection,main,live,2026101112C81881,2026-10-06T19:09:09.837Z
2026,5,11690,Christian McCaffrey,SF,RB,at SEA,rushYds,Hard Rock,92.5,under,58.96,-800,425,0.8889,0.8235,0.0794,0,0.9646,0.0757,0.1411,ev,multiplicative,projection,main,live,202610119C07AE76,2026-10-06T19:09:09.837Z
2026,5,9253,Mike Evans,SF,WR,at SEA,recYds,Hard Rock,35.5,over,64.8,-250,170,0.7143,0.6585,0.0847,0,0.7900,0.0757,0.1314,ev,multiplicative,projection,main,live,202610119C07AE76,2026-10-06T19:09:09.837Z
2026,5,15265,Kyle Pitts,ATL,TE,vs BAL,recYds,Caesars,39.5,over,33,210,,0.3226,0.3226,,1,0.3982,0.0756,0.0756,ev,none,projection,main,live,2026101240603BF9,2026-10-06T19:09:09.837Z
2026,5,9253,Mike Evans,SF,WR,at SEA,recYds,Hard Rock,34.5,over,64.8,-260,180,0.7222,0.6691,0.0794,0,0.7978,0.0756,0.1287,ev,multiplicative,projection,main,live,202610119C07AE76,2026-10-06T19:09:09.837Z
2026,5,11690,Christian McCaffrey,SF,RB,at SEA,rushYds,Hard Rock,84.5,under,58.96,-525,325,0.8400,0.7812,0.0753,0,0.9156,0.0756,0.1344,ev,multiplicative,projection,main,live,202610119C07AE76,2026-10-06T19:09:09.837Z
2026,5,11690,Christian McCaffrey,SF,RB,at SEA,recYds,Hard Rock,34.5,under,29.68,-110,-130,0.5238,0.4810,0.0890,0,0.5994,0.0756,0.1184,ev,multiplicative,projection,main,live,202610119C07AE76,2026-10-06T19:09:09.837Z
2026,5,19292,Jalon Daniels,TB,QB,at DAL,passYds,Hard Rock,288.5,over,209.11,1200,-5000,0.0769,0.0728,0.0573,0,0.1524,0.0755,0.0796,ev,multiplicative,projection,main,live,2026100942D78F91,2026-10-06T19:09:09.837Z
2026,5,15306,Javonte Williams,DAL,RB,vs TB,rushYds,Hard Rock,116.5,under,72.94,-850,425,0.8947,0.8245,0.0852,0,0.9703,0.0755,0.1458,ev,multiplicative,projection,main,live,2026100942D78F91,2026-10-06T19:09:09.837Z
2026,5,16946,Tyson Bagent,CHI,QB,at GB,passYds,Hard Rock,192.5,under,204.05,170,-240,0.3704,0.3441,0.0763,0,0.4458,0.0755,0.1017,ev,multiplicative,projection,main,live,202610112660CB0C,2026-10-06T19:09:09.837Z
2026,5,11690,Christian McCaffrey,SF,RB,at SEA,rushYds,Hard Rock,95.5,under,58.96,-900,450,0.9000,0.8319,0.0818,0,0.9755,0.0755,0.1436,ev,multiplicative,projection,main,live,202610119C07AE76,2026-10-06T19:09:09.837Z
2026,5,15947,Jake Ferguson,DAL,TE,vs TB,recYds,Hard Rock,20.5,over,31.8,-220,150,0.6875,0.6322,0.0875,0,0.7629,0.0754,0.1307,ev,multiplicative,projection,main,live,2026100942D78F91,2026-10-06T19:09:09.837Z
2026,5,15850,Jahan Dotson,ATL,WR,vs BAL,recYds,Hard Rock,53.5,under,15.76,-1100,500,0.9167,0.8462,0.0833,0,0.9920,0.0754,0.1459,ev,multiplicative,projection,main,live,2026101240603BF9,2026-10-06T19:09:09.837Z
2026,5,14411,CeeDee Lamb,DAL,WR,vs TB,recYds,Caesars,69.5,over,94.13,-170,,0.6296,0.6296,,1,0.7049,0.0753,0.0753,ev,none,projection,main,live,2026100942D78F91,2026-10-06T19:09:09.837Z
2026,5,16560,Rashid Shaheed,SEA,WR,vs SF,receptions,DraftKings,3.5,over,2.23,433,,0.1876,0.1876,,1,0.2629,0.0753,0.0753,ev,none,projection,main,live,202610119C07AE76,2026-10-06T19:09:09.837Z
2026,5,15265,Kyle Pitts,ATL,TE,vs BAL,receptions,FanDuel,3.5,over,2.71,238,,0.2959,0.2959,,1,0.3711,0.0753,0.0753,ev,none,projection,main,live,2026101240603BF9,2026-10-06T19:09:09.837Z
2026,5,15834,Brock Purdy,SF,QB,at SEA,rushYds,Hard Rock,31.5,under,17.22,-425,275,0.8095,0.7522,0.0762,0,0.8848,0.0753,0.1326,ev,multiplicative,projection,main,live,202610119C07AE76,2026-10-06T19:09:09.837Z
2026,5,5971,Matthew Stafford,LAR,QB,vs BUF,passYds,Hard Rock,284.5,under,260.27,-130,-105,0.5652,0.5246,0.0774,0,0.6405,0.0753,0.1159,ev,multiplicative,projection,main,live,20261013A957AFD4,2026-10-06T19:09:09.837Z
2026,5,16032,Cade Otton,TB,TE,at DAL,recYds,Hard Rock,15.5,over,36.11,-350,230,0.7778,0.7196,0.0808,0,0.8529,0.0752,0.1333,ev,multiplicative,projection,main,live,2026100942D78F91,2026-10-06T19:09:09.837Z
2026,5,19292,Jalon Daniels,TB,QB,at DAL,passYds,Hard Rock,286.5,over,209.11,1100,-5000,0.0833,0.0783,0.0637,0,0.1586,0.0752,0.0802,ev,multiplicative,projection,main,live,2026100942D78F91,2026-10-06T19:09:09.837Z
2026,5,15357,Trevor Lawrence,JAX,QB,vs PHI,rushYds,Hard Rock,4.5,over,19.9,-475,275,0.8261,0.7560,0.0928,0,0.9013,0.0752,0.1453,ev,multiplicative,projection,main,live,2026101118C77B29,2026-10-06T19:09:09.837Z
2026,5,16654,Jaxon Smith-Njigba,SEA,WR,vs SF,receptions,FanDuel,9.5,over,6.73,398,,0.2008,0.2008,,1,0.2759,0.0751,0.0751,ev,none,projection,main,live,202610119C07AE76,2026-10-06T19:09:09.837Z
2026,5,17784,Bucky Irving,TB,RB,at DAL,rushYds,Hard Rock,38.5,over,75.16,-275,195,0.7333,0.6839,0.0723,0,0.8084,0.0751,0.1246,ev,multiplicative,projection,main,live,2026100942D78F91,2026-10-06T19:09:09.837Z
2026,5,17702,Braelon Allen,NYJ,RB,vs CLE,rushYds,Hard Rock,98.5,under,38.23,-425,260,0.8095,0.7445,0.0873,0,0.8846,0.0751,0.1401,ev,multiplicative,projection,main,live,2026101112C81881,2026-10-06T19:09:09.837Z
2026,5,14371,Jordan Love,GB,QB,vs CHI,passYds,Hard Rock,293.5,over,255.85,350,-600,0.2222,0.2059,0.0794,0,0.2973,0.0750,0.0914,ev,multiplicative,projection,main,live,202610112660CB0C,2026-10-06T19:09:09.837Z
2026,5,16032,Cade Otton,TB,TE,at DAL,recYds,Hard Rock,14.5,over,36.11,-375,250,0.7895,0.7343,0.0752,0,0.8643,0.0749,0.1301,ev,multiplicative,projection,main,live,2026100942D78F91,2026-10-06T19:09:09.837Z
2026,5,11718,Chris Godwin,TB,WR,at DAL,receptions,Caesars,2.5,over,3.83,-225,,0.6923,0.6923,,1,0.7671,0.0748,0.0748,ev,none,projection,main,live,2026100942D78F91,2026-10-06T19:09:09.837Z
2026,5,15947,Jake Ferguson,DAL,TE,vs TB,recYds,FanDuel,29.5,over,31.8,107,,0.4831,0.4831,,1,0.5579,0.0748,0.0748,ev,none,projection,main,live,2026100942D78F91,2026-10-06T19:09:09.837Z
2026,5,16032,Cade Otton,TB,TE,at DAL,recYds,Hard Rock,38.5,over,36.11,165,-240,0.3774,0.3484,0.0832,0,0.4522,0.0748,0.1038,ev,multiplicative,projection,main,live,2026100942D78F91,2026-10-06T19:09:09.837Z
2026,5,15306,Javonte Williams,DAL,RB,vs TB,recYds,Hard Rock,36.5,under,16.44,-525,325,0.8400,0.7812,0.0753,0,0.9148,0.0748,0.1336,ev,multiplicative,projection,main,live,2026100942D78F91,2026-10-06T19:09:09.837Z
2026,5,17017,Brenton Strange,JAX,TE,vs PHI,recYds,Hard Rock,62.5,under,40.27,-550,325,0.8462,0.7824,0.0814,0,0.9210,0.0748,0.1386,ev,multiplicative,projection,main,live,2026101118C77B29,2026-10-06T19:09:09.837Z
2026,5,15834,Brock Purdy,SF,QB,at SEA,rushYds,Hard Rock,34.5,under,17.22,-575,350,0.8519,0.7931,0.0741,0,0.9267,0.0748,0.1336,ev,multiplicative,projection,main,live,202610119C07AE76,2026-10-06T19:09:09.837Z
2026,5,17784,Bucky Irving,TB,RB,at DAL,rushYds,Hard Rock,98.5,over,75.16,600,-1600,0.1429,0.1318,0.0840,0,0.2175,0.0747,0.0858,ev,multiplicative,projection,main,live,2026100942D78F91,2026-10-06T19:09:09.837Z
2026,5,19321,Josh Cameron,JAX,WR,vs PHI,recYds,Hard Rock,33.5,under,12.85,-575,350,0.8519,0.7931,0.0741,0,0.9266,0.0747,0.1335,ev,multiplicative,projection,main,live,2026101118C77B29,2026-10-06T19:09:09.837Z
2026,5,15850,Jahan Dotson,ATL,WR,vs BAL,recYds,Hard Rock,22.5,under,15.76,-145,105,0.5918,0.5482,0.0796,0,0.6666,0.0747,0.1184,ev,multiplicative,projection,main,live,2026101240603BF9,2026-10-06T19:09:09.837Z
2026,5,5971,Matthew Stafford,LAR,QB,vs BUF,passYds,Hard Rock,229.5,under,260.27,275,-450,0.2667,0.2458,0.0848,0,0.3414,0.0747,0.0956,ev,multiplicative,projection,main,live,20261013A957AFD4,2026-10-06T19:09:09.837Z
2026,5,5971,Matthew Stafford,LAR,QB,vs BUF,passYds,Hard Rock,263.5,under,260.27,125,-180,0.4444,0.4088,0.0873,0,0.5191,0.0747,0.1104,ev,multiplicative,projection,main,live,20261013A957AFD4,2026-10-06T19:09:09.837Z
2026,5,9455,Davante Adams,LAR,WR,vs BUF,recYds,Hard Rock,97.5,over,79.89,325,-525,0.2353,0.2188,0.0753,0,0.3100,0.0747,0.0912,ev,multiplicative,projection,main,live,20261013A957AFD4,2026-10-06T19:09:09.837Z
2026,5,15947,Jake Ferguson,DAL,TE,vs TB,recYds,Caesars,27.5,over,31.8,-114,-114,0.5327,0.5000,0.0654,0,0.6073,0.0746,0.1073,ev,multiplicative,projection,main,live,2026100942D78F91,2026-10-06T19:09:09.837Z
2026,5,11718,Chris Godwin,TB,WR,at DAL,recYds,Hard Rock,70.5,over,43.08,700,-2200,0.1250,0.1156,0.0815,0,0.1996,0.0746,0.0840,ev,multiplicative,projection,main,live,2026100942D78F91,2026-10-06T19:09:09.837Z
2026,5,15265,Kyle Pitts,ATL,TE,vs BAL,recYds,Hard Rock,38.5,over,33,195,-275,0.3390,0.3161,0.0723,0,0.4136,0.0746,0.0975,ev,multiplicative,projection,main,live,2026101240603BF9,2026-10-06T19:09:09.837Z
2026,5,16919,Zay Flowers,BAL,WR,at ATL,recYds,Hard Rock,93.5,over,84.25,230,-350,0.3030,0.2804,0.0808,0,0.3776,0.0746,0.0972,ev,multiplicative,projection,main,live,2026101240603BF9,2026-10-06T19:09:09.837Z
2026,5,15306,Javonte Williams,DAL,RB,vs TB,rushYds,Hard Rock,94.5,under,72.94,-300,200,0.7500,0.6923,0.0833,0,0.8245,0.0745,0.1322,ev,multiplicative,projection,main,live,2026100942D78F91,2026-10-06T19:09:09.837Z
2026,5,17784,Bucky Irving,TB,RB,at DAL,rushYds,Hard Rock,99.5,over,75.16,650,-1800,0.1333,0.1234,0.0807,0,0.2078,0.0745,0.0845,ev,multiplicative,projection,main,live,2026100942D78F91,2026-10-06T19:09:09.837Z
2026,5,5971,Matthew Stafford,LAR,QB,vs BUF,passYds,Hard Rock,217.5,under,260.27,375,-700,0.2105,0.1939,0.0855,0,0.2850,0.0745,0.0910,ev,multiplicative,projection,main,live,20261013A957AFD4,2026-10-06T19:09:09.837Z
2026,5,18549,Emeka Egbuka,TB,WR,at DAL,recYds,BetRivers,59.5,over,46.67,295,,0.2532,0.2532,,1,0.3276,0.0744,0.0744,ev,none,projection,main,live,2026100942D78F91,2026-10-06T19:09:09.837Z
2026,5,17690,Blake Corum,LAR,RB,vs BUF,rushYds,FanDuel,69.5,over,43.22,637,,0.1357,0.1357,,1,0.2101,0.0744,0.0744,ev,none,projection,main,live,20261013A957AFD4,2026-10-06T19:09:09.837Z
2026,5,17716,Brian Thomas Jr.,JAX,WR,vs PHI,recYds,Hard Rock,40.5,over,33.71,225,-350,0.3077,0.2835,0.0855,0,0.3820,0.0744,0.0986,ev,multiplicative,projection,main,live,2026101118C77B29,2026-10-06T19:09:09.837Z
2026,5,16560,Rashid Shaheed,SEA,WR,vs SF,receptions,BetRivers,1.5,over,2.23,-167,,0.6255,0.6255,,1,0.6998,0.0743,0.0743,ev,none,projection,main,live,202610119C07AE76,2026-10-06T19:09:09.837Z
2026,5,9455,Davante Adams,LAR,WR,vs BUF,recYds,BetRivers,59.5,over,79.89,-134,,0.5726,0.5726,,1,0.6469,0.0743,0.0743,ev,none,projection,main,live,20261013A957AFD4,2026-10-06T19:09:09.837Z
2026,5,19321,Josh Cameron,JAX,WR,vs PHI,recYds,Hard Rock,30.5,under,12.85,-450,275,0.8182,0.7542,0.0848,0,0.8925,0.0743,0.1383,ev,multiplicative,projection,main,live,2026101118C77B29,2026-10-06T19:09:09.837Z
2026,5,15834,Brock Purdy,SF,QB,at SEA,rushYds,Hard Rock,33.5,under,17.22,-525,325,0.8400,0.7812,0.0753,0,0.9143,0.0743,0.1331,ev,multiplicative,projection,main,live,202610119C07AE76,2026-10-06T19:09:09.837Z
2026,5,13427,Justice Hill,BAL,RB,at ATL,rushYds,Hard Rock,9.5,over,19.25,-155,115,0.6078,0.5665,0.0730,0,0.6822,0.0743,0.1157,ev,multiplicative,projection,main,live,2026101240603BF9,2026-10-06T19:09:09.837Z
2026,5,15853,George Pickens,DAL,WR,vs TB,recYds,FanDuel,39.5,over,66.73,-334,,0.7696,0.7696,,1,0.8438,0.0742,0.0742,ev,none,projection,main,live,2026100942D78F91,2026-10-06T19:09:09.837Z
2026,5,15829,Garrett Wilson,NYJ,WR,vs CLE,receptions,FanDuel,6.5,under,5.42,-125,-106,0.5556,0.5192,0.0701,0,0.6297,0.0742,0.1106,ev,multiplicative,projection,main,live,2026101112C81881,2026-10-06T19:09:09.837Z
2026,5,15829,Garrett Wilson,NYJ,WR,vs CLE,receptions,Hard Rock,6.5,under,5.42,-125,-105,0.5556,0.5203,0.0678,0,0.6297,0.0742,0.1094,ev,multiplicative,projection,main,live,2026101112C81881,2026-10-06T19:09:09.837Z
2026,5,15834,Brock Purdy,SF,QB,at SEA,rushYds,Hard Rock,32.5,under,17.22,-475,300,0.8261,0.7677,0.0761,0,0.9003,0.0742,0.1327,ev,multiplicative,projection,main,live,202610119C07AE76,2026-10-06T19:09:09.837Z
2026,5,15265,Kyle Pitts,ATL,TE,vs BAL,receptions,Hard Rock,4.5,over,2.71,550,-1300,0.1538,0.1421,0.0824,0,0.2281,0.0742,0.0859,ev,multiplicative,projection,main,live,2026101240603BF9,2026-10-06T19:09:09.837Z
2026,5,17716,Brian Thomas Jr.,JAX,WR,vs PHI,receptions,Caesars,3.5,over,2.42,340,,0.2273,0.2273,,1,0.3014,0.0741,0.0741,ev,none,projection,main,live,2026101118C77B29,2026-10-06T19:09:09.837Z
2026,5,11718,Chris Godwin,TB,WR,at DAL,recYds,Hard Rock,10.5,over,43.08,-550,325,0.8462,0.7824,0.0814,0,0.9203,0.0741,0.1378,ev,multiplicative,projection,main,live,2026100942D78F91,2026-10-06T19:09:09.837Z
2026,5,11712,Deshaun Watson,CLE,QB,at NYJ,rushYds,Hard Rock,51.5,under,14.86,-1200,550,0.9231,0.8571,0.0769,0,0.9972,0.0741,0.1401,ev,multiplicative,projection,main,live,2026101112C81881,2026-10-06T19:09:09.837Z
2026,5,19292,Jalon Daniels,TB,QB,at DAL,passYds,Hard Rock,284.5,over,209.11,1000,-4000,0.0909,0.0852,0.0665,0,0.1649,0.0740,0.0797,ev,multiplicative,projection,main,live,2026100942D78F91,2026-10-06T19:09:09.837Z
2026,5,17702,Braelon Allen,NYJ,RB,vs CLE,rushYds,Hard Rock,100.5,under,38.23,-450,300,0.8182,0.7660,0.0682,0,0.8922,0.0740,0.1262,ev,multiplicative,projection,main,live,2026101112C81881,2026-10-06T19:09:09.837Z
2026,5,14411,CeeDee Lamb,DAL,WR,vs TB,recYds,Hard Rock,81.5,over,94.13,-115,-115,0.5349,0.5000,0.0698,0,0.6088,0.0739,0.1088,ev,multiplicative,projection,main,live,2026100942D78F91,2026-10-06T19:09:09.837Z
2026,5,11718,Chris Godwin,TB,WR,at DAL,receptions,DraftKings,2.5,over,3.83,-226,,0.6933,0.6933,,1,0.7671,0.0738,0.0738,ev,none,projection,main,live,2026100942D78F91,2026-10-06T19:09:09.837Z
2026,5,5971,Matthew Stafford,LAR,QB,vs BUF,passYds,Hard Rock,282.5,under,260.27,-125,-110,0.5556,0.5147,0.0794,0,0.6294,0.0738,0.1147,ev,multiplicative,projection,main,live,20261013A957AFD4,2026-10-06T19:09:09.837Z
2026,5,5971,Matthew Stafford,LAR,QB,vs BUF,passYds,Hard Rock,293.5,under,260.27,-160,115,0.6154,0.5695,0.0805,0,0.6892,0.0738,0.1197,ev,multiplicative,projection,main,live,20261013A957AFD4,2026-10-06T19:09:09.837Z
2026,5,9455,Davante Adams,LAR,WR,vs BUF,recYds,Hard Rock,94.5,over,79.89,275,-450,0.2667,0.2458,0.0848,0,0.3404,0.0738,0.0946,ev,multiplicative,projection,main,live,20261013A957AFD4,2026-10-06T19:09:09.837Z
2026,5,11690,Christian McCaffrey,SF,RB,at SEA,rushYds,Hard Rock,96.5,under,58.96,-950,475,0.9048,0.8388,0.0787,0,0.9784,0.0737,0.1397,ev,multiplicative,projection,main,live,202610119C07AE76,2026-10-06T19:09:09.837Z
2026,5,5971,Matthew Stafford,LAR,QB,vs BUF,passYds,Hard Rock,287.5,under,260.27,-140,100,0.5833,0.5385,0.0833,0,0.6571,0.0737,0.1186,ev,multiplicative,projection,main,live,20261013A957AFD4,2026-10-06T19:09:09.837Z
2026,5,17673,Drake Maye,NE,QB,vs LV,completions,DraftKings,27.5,over,21.01,1480,,0.0633,0.0633,,1,0.1369,0.0736,0.0736,ev,none,projection,main,live,202610116AF20186,2026-10-06T19:09:09.837Z
2026,5,15834,Brock Purdy,SF,QB,at SEA,passYds,DraftKings,239.5,over,241.08,130,,0.4348,0.4348,,1,0.5084,0.0736,0.0736,ev,none,projection,main,live,202610119C07AE76,2026-10-06T19:09:09.837Z
2026,5,11690,Christian McCaffrey,SF,RB,at SEA,rushYds,Hard Rock,83.5,under,58.96,-500,300,0.8333,0.7692,0.0833,0,0.9069,0.0736,0.1377,ev,multiplicative,projection,main,live,202610119C07AE76,2026-10-06T19:09:09.837Z
2026,5,14411,CeeDee Lamb,DAL,WR,vs TB,recYds,FanDuel,99.5,over,94.13,173,,0.3663,0.3663,,1,0.4398,0.0735,0.0735,ev,none,projection,main,live,2026100942D78F91,2026-10-06T19:09:09.837Z
2026,5,16560,Rashid Shaheed,SEA,WR,vs SF,receptions,FanDuel,3.5,over,2.23,428,,0.1894,0.1894,,1,0.2629,0.0735,0.0735,ev,none,projection,main,live,202610119C07AE76,2026-10-06T19:09:09.837Z
2026,5,11718,Chris Godwin,TB,WR,at DAL,recYds,Hard Rock,71.5,over,43.08,750,-2200,0.1176,0.1095,0.0742,0,0.1911,0.0735,0.0816,ev,multiplicative,projection,main,live,2026100942D78F91,2026-10-06T19:09:09.837Z
2026,5,19292,Jalon Daniels,TB,QB,at DAL,passYds,Hard Rock,171.5,over,209.11,-145,105,0.5918,0.5482,0.0796,0,0.6653,0.0735,0.1171,ev,multiplicative,projection,main,live,2026100942D78F91,2026-10-06T19:09:09.837Z
2026,5,16690,Parker Washington,JAX,WR,vs PHI,recYds,Hard Rock,79.5,under,68.35,-260,180,0.7222,0.6691,0.0794,0,0.7957,0.0735,0.1266,ev,multiplicative,projection,main,live,2026101118C77B29,2026-10-06T19:09:09.837Z
2026,5,8057,Kirk Cousins,LV,QB,at NE,passYds,Hard Rock,206.5,under,210.38,140,-195,0.4167,0.3866,0.0777,0,0.4902,0.0735,0.1036,ev,multiplicative,projection,main,live,202610116AF20186,2026-10-06T19:09:09.837Z
2026,5,5971,Matthew Stafford,LAR,QB,vs BUF,passYds,Hard Rock,297.5,under,260.27,-175,125,0.6364,0.5888,0.0808,0,0.7099,0.0735,0.1211,ev,multiplicative,projection,main,live,20261013A957AFD4,2026-10-06T19:09:09.837Z
2026,5,16654,Jaxon Smith-Njigba,SEA,WR,vs SF,receptions,FanDuel,10.5,over,6.73,637,,0.1357,0.1357,,1,0.2090,0.0733,0.0733,ev,none,projection,main,live,202610119C07AE76,2026-10-06T19:09:09.837Z
2026,5,13429,Deebo Samuel Sr.,SF,WR,at SEA,recYds,Caesars,19.5,over,42.63,-300,,0.7500,0.7500,,1,0.8233,0.0733,0.0733,ev,none,projection,main,live,202610119C07AE76,2026-10-06T19:09:09.837Z
2026,5,14371,Jordan Love,GB,QB,vs CHI,passYds,Hard Rock,298.5,over,255.85,400,-700,0.2000,0.1860,0.0750,0,0.2733,0.0733,0.0872,ev,multiplicative,projection,main,live,202610112660CB0C,2026-10-06T19:09:09.837Z
2026,5,15868,Drake London,ATL,WR,vs BAL,recYds,Hard Rock,81.5,over,93.95,-115,-115,0.5349,0.5000,0.0698,0,0.6082,0.0733,0.1082,ev,multiplicative,projection,main,live,2026101240603BF9,2026-10-06T19:09:09.837Z
2026,5,5971,Matthew Stafford,LAR,QB,vs BUF,passYds,Hard Rock,290.5,under,260.27,-150,105,0.6000,0.5516,0.0878,0,0.6733,0.0733,0.1217,ev,multiplicative,projection,main,live,20261013A957AFD4,2026-10-06T19:09:09.837Z
2026,5,8743,Geno Smith,NYJ,QB,vs CLE,passYds,Hard Rock,234.5,under,188.9,-240,175,0.7059,0.6600,0.0695,0,0.7791,0.0732,0.1191,ev,multiplicative,projection,main,live,2026101112C81881,2026-10-06T19:09:09.837Z
2026,5,13429,Deebo Samuel Sr.,SF,WR,at SEA,recYds,Hard Rock,52.5,over,42.63,260,-400,0.2778,0.2577,0.0778,0,0.3510,0.0732,0.0933,ev,multiplicative,projection,main,live,202610119C07AE76,2026-10-06T19:09:09.837Z
2026,5,19607,Kaelon Black,SF,RB,at SEA,rushYds,FanDuel,24.5,over,15.13,196,,0.3378,0.3378,,1,0.4109,0.0731,0.0731,ev,none,projection,main,live,202610119C07AE76,2026-10-06T19:09:09.837Z
2026,5,15306,Javonte Williams,DAL,RB,vs TB,rushYds,Hard Rock,117.5,under,72.94,-900,450,0.9000,0.8319,0.0818,0,0.9731,0.0731,0.1411,ev,multiplicative,projection,main,live,2026100942D78F91,2026-10-06T19:09:09.837Z
2026,5,15306,Javonte Williams,DAL,RB,vs TB,recYds,Hard Rock,37.5,under,16.44,-575,350,0.8519,0.7931,0.0741,0,0.9250,0.0731,0.1318,ev,multiplicative,projection,main,live,2026100942D78F91,2026-10-06T19:09:09.837Z
2026,5,16946,Tyson Bagent,CHI,QB,at GB,passYds,Hard Rock,193.5,under,204.05,165,-240,0.3774,0.3484,0.0832,0,0.4505,0.0731,0.1021,ev,multiplicative,projection,main,live,202610112660CB0C,2026-10-06T19:09:09.837Z
2026,5,15853,George Pickens,DAL,WR,vs TB,recYds,Hard Rock,44.5,over,66.73,-260,185,0.7222,0.6730,0.0731,0,0.7952,0.0730,0.1222,ev,multiplicative,projection,main,live,2026100942D78F91,2026-10-06T19:09:09.837Z
2026,5,14371,Jordan Love,GB,QB,vs CHI,passYds,Hard Rock,226.5,over,255.85,-135,100,0.5745,0.5347,0.0745,0,0.6474,0.0730,0.1128,ev,multiplicative,projection,main,live,202610112660CB0C,2026-10-06T19:09:09.837Z
2026,5,15907,Brian Robinson Jr.,ATL,RB,vs BAL,rushYds,Hard Rock,38.5,under,23.17,-145,105,0.5918,0.5482,0.0796,0,0.6648,0.0730,0.1167,ev,multiplicative,projection,main,live,2026101240603BF9,2026-10-06T19:09:09.837Z
2026,5,16919,Zay Flowers,BAL,WR,at ATL,recYds,Hard Rock,33.5,over,84.25,-700,375,0.8750,0.8061,0.0855,0,0.9479,0.0729,0.1418,ev,multiplicative,projection,main,live,2026101240603BF9,2026-10-06T19:09:09.837Z
2026,5,5971,Matthew Stafford,LAR,QB,vs BUF,passYds,Hard Rock,303.5,under,260.27,-200,145,0.6667,0.6203,0.0748,0,0.7396,0.0729,0.1193,ev,multiplicative,projection,main,live,20261013A957AFD4,2026-10-06T19:09:09.837Z
2026,5,15990,Tyler Goodson,DAL,RB,vs TB,rushYds,Hard Rock,39.5,under,18.05,-650,375,0.8667,0.8046,0.0772,0,0.9395,0.0728,0.1350,ev,multiplicative,projection,main,live,2026100942D78F91,2026-10-06T19:09:09.837Z
2026,5,17017,Brenton Strange,JAX,TE,vs PHI,recYds,Hard Rock,63.5,under,40.27,-600,350,0.8571,0.7941,0.0794,0,0.9299,0.0728,0.1358,ev,multiplicative,projection,main,live,2026101118C77B29,2026-10-06T19:09:09.837Z
2026,5,15829,Garrett Wilson,NYJ,WR,vs CLE,recYds,Hard Rock,93.5,under,62.78,-325,220,0.7647,0.7099,0.0772,0,0.8375,0.0728,0.1276,ev,multiplicative,projection,main,live,2026101112C81881,2026-10-06T19:09:09.837Z
2026,5,11690,Christian McCaffrey,SF,RB,at SEA,recYds,Hard Rock,31.5,under,29.68,115,-160,0.4651,0.4305,0.0805,0,0.5379,0.0728,0.1074,ev,multiplicative,projection,main,live,202610119C07AE76,2026-10-06T19:09:09.837Z
2026,5,15990,Tyler Goodson,DAL,RB,vs TB,rushYds,Hard Rock,40.5,under,18.05,-700,400,0.8750,0.8140,0.0750,0,0.9477,0.0727,0.1337,ev,multiplicative,projection,main,live,2026100942D78F91,2026-10-06T19:09:09.837Z
2026,5,10819,Derrick Henry,BAL,RB,at ATL,rushYds,Hard Rock,137.5,under,97.07,-600,350,0.8571,0.7941,0.0794,0,0.9299,0.0727,0.1358,ev,multiplicative,projection,main,live,2026101240603BF9,2026-10-06T19:09:09.837Z
2026,5,5971,Matthew Stafford,LAR,QB,vs BUF,passYds,Hard Rock,222.5,under,260.27,325,-575,0.2353,0.2164,0.0871,0,0.3079,0.0727,0.0915,ev,multiplicative,projection,main,live,20261013A957AFD4,2026-10-06T19:09:09.837Z
2026,5,18549,Emeka Egbuka,TB,WR,at DAL,receptions,DraftKings,1.5,over,3.52,-520,,0.8387,0.8387,,1,0.9113,0.0726,0.0726,ev,none,projection,main,live,2026100942D78F91,2026-10-06T19:09:09.837Z
2026,5,16690,Parker Washington,JAX,WR,vs PHI,receptions,Hard Rock,5.5,under,4.46,-210,150,0.6774,0.6287,0.0774,0,0.7500,0.0726,0.1213,ev,multiplicative,projection,main,live,2026101118C77B29,2026-10-06T19:09:09.837Z
2026,5,14371,Jordan Love,GB,QB,vs CHI,passYds,Hard Rock,230.5,over,255.85,-125,-110,0.5556,0.5147,0.0794,0,0.6281,0.0726,0.1134,ev,multiplicative,projection,main,live,202610112660CB0C,2026-10-06T19:09:09.837Z
2026,5,14371,Jordan Love,GB,QB,vs CHI,passYds,Hard Rock,228.5,over,255.85,-130,-105,0.5652,0.5246,0.0774,0,0.6378,0.0726,0.1132,ev,multiplicative,projection,main,live,202610112660CB0C,2026-10-06T19:09:09.837Z
2026,5,11690,Christian McCaffrey,SF,RB,at SEA,recYds,Hard Rock,30.5,under,29.68,125,-175,0.4444,0.4112,0.0808,0,0.5171,0.0726,0.1059,ev,multiplicative,projection,main,live,202610119C07AE76,2026-10-06T19:09:09.837Z
2026,5,5971,Matthew Stafford,LAR,QB,vs BUF,passYds,Hard Rock,270.5,under,260.27,105,-150,0.4878,0.4484,0.0878,0,0.5604,0.0726,0.1120,ev,multiplicative,projection,main,live,20261013A957AFD4,2026-10-06T19:09:09.837Z
2026,5,18472,Harold Fannin Jr.,CLE,TE,at NYJ,receptions,Caesars,2.5,over,4.1,-440,,0.8148,0.8148,,1,0.8874,0.0725,0.0725,ev,none,projection,main,live,2026101112C81881,2026-10-06T19:09:09.837Z
2026,5,15222,Kenneth Gainwell,TB,RB,at DAL,recYds,Hard Rock,23.5,over,18.34,240,-375,0.2941,0.2714,0.0836,0,0.3666,0.0725,0.0952,ev,multiplicative,projection,main,live,2026100942D78F91,2026-10-06T19:09:09.837Z
2026,5,15947,Jake Ferguson,DAL,TE,vs TB,recYds,BetMGM,27.5,over,31.8,-115,-115,0.5349,0.5000,0.0698,0,0.6073,0.0724,0.1073,ev,multiplicative,projection,main,live,2026100942D78F91,2026-10-06T19:09:09.837Z
2026,5,19292,Jalon Daniels,TB,QB,at DAL,passYds,Caesars,289.5,over,209.11,1200,,0.0769,0.0769,,1,0.1494,0.0724,0.0724,ev,none,projection,main,live,2026100942D78F91,2026-10-06T19:09:09.837Z
2026,5,16560,Rashid Shaheed,SEA,WR,vs SF,receptions,Caesars,3.5,over,2.23,425,,0.1905,0.1905,,1,0.2629,0.0724,0.0724,ev,none,projection,main,live,202610119C07AE76,2026-10-06T19:09:09.837Z
2026,5,9455,Davante Adams,LAR,WR,vs BUF,recYds,FanDuel,59.5,over,79.89,-135,,0.5745,0.5745,,1,0.6469,0.0724,0.0724,ev,none,projection,main,live,20261013A957AFD4,2026-10-06T19:09:09.837Z
2026,5,19292,Jalon Daniels,TB,QB,at DAL,passYds,Hard Rock,289.5,over,209.11,1200,-5000,0.0769,0.0728,0.0573,0,0.1494,0.0724,0.0766,ev,multiplicative,projection,main,live,2026100942D78F91,2026-10-06T19:09:09.837Z
2026,5,15947,Jake Ferguson,DAL,TE,vs TB,recYds,Hard Rock,27.5,over,31.8,-115,-115,0.5349,0.5000,0.0698,0,0.6073,0.0724,0.1073,ev,multiplicative,projection,main,live,2026100942D78F91,2026-10-06T19:09:09.837Z
2026,5,8743,Geno Smith,NYJ,QB,vs CLE,rushYds,Hard Rock,22.5,under,13.84,-450,300,0.8182,0.7660,0.0682,0,0.8906,0.0724,0.1246,ev,multiplicative,projection,main,live,2026101112C81881,2026-10-06T19:09:09.837Z
2026,5,16560,Rashid Shaheed,SEA,WR,vs SF,receptions,Hard Rock,3.5,over,2.23,425,-750,0.1905,0.1775,0.0728,0,0.2629,0.0724,0.0853,ev,multiplicative,projection,main,live,202610119C07AE76,2026-10-06T19:09:09.837Z
2026,5,16560,Rashid Shaheed,SEA,WR,vs SF,receptions,theScore,3.5,over,2.23,425,,0.1905,0.1905,,1,0.2629,0.0724,0.0724,ev,none,projection,main,live,202610119C07AE76,2026-10-06T19:09:09.837Z
2026,5,13427,Justice Hill,BAL,RB,at ATL,rushYds,Hard Rock,24.5,over,19.25,325,-525,0.2353,0.2188,0.0753,0,0.3077,0.0724,0.0889,ev,multiplicative,projection,main,live,2026101240603BF9,2026-10-06T19:09:09.837Z
2026,5,5971,Matthew Stafford,LAR,QB,vs BUF,passYds,Hard Rock,212.5,under,260.27,425,-850,0.1905,0.1755,0.0852,0,0.2629,0.0724,0.0874,ev,multiplicative,projection,main,live,20261013A957AFD4,2026-10-06T19:09:09.837Z
2026,5,15853,George Pickens,DAL,WR,vs TB,recYds,Hard Rock,43.5,over,66.73,-275,190,0.7333,0.6802,0.0782,0,0.8056,0.0723,0.1254,ev,multiplicative,projection,main,live,2026100942D78F91,2026-10-06T19:09:09.837Z
2026,5,18472,Harold Fannin Jr.,CLE,TE,at NYJ,receptions,DraftKings,2.5,over,4.1,-441,,0.8152,0.8152,,1,0.8874,0.0722,0.0722,ev,none,projection,main,live,2026101112C81881,2026-10-06T19:09:09.837Z
2026,5,18516,Quinshon Judkins,CLE,RB,at NYJ,rushYds,Hard Rock,96.5,under,59.27,-700,400,0.8750,0.8140,0.0750,0,0.9472,0.0722,0.1332,ev,multiplicative,projection,main,live,2026101112C81881,2026-10-06T19:09:09.837Z
2026,5,18516,Quinshon Judkins,CLE,RB,at NYJ,rushYds,Hard Rock,86.5,under,59.27,-425,275,0.8095,0.7522,0.0762,0,0.8817,0.0722,0.1295,ev,multiplicative,projection,main,live,2026101112C81881,2026-10-06T19:09:09.837Z
2026,5,14371,Jordan Love,GB,QB,vs CHI,passYds,Hard Rock,296.5,over,255.85,375,-650,0.2105,0.1954,0.0772,0,0.2828,0.0722,0.0873,ev,multiplicative,projection,main,live,202610112660CB0C,2026-10-06T19:09:09.837Z
2026,5,19292,Jalon Daniels,TB,QB,at DAL,passYds,Hard Rock,287.5,over,209.11,1100,-5000,0.0833,0.0783,0.0637,0,0.1555,0.0721,0.0771,ev,multiplicative,projection,main,live,2026100942D78F91,2026-10-06T19:09:09.837Z
2026,5,9253,Mike Evans,SF,WR,at SEA,recYds,Hard Rock,33.5,over,64.8,-275,190,0.7333,0.6802,0.0782,0,0.8055,0.0721,0.1253,ev,multiplicative,projection,main,live,202610119C07AE76,2026-10-06T19:09:09.837Z
2026,5,5971,Matthew Stafford,LAR,QB,vs BUF,passYds,Hard Rock,298.5,under,260.27,-180,130,0.6429,0.5965,0.0776,0,0.7149,0.0721,0.1184,ev,multiplicative,projection,main,live,20261013A957AFD4,2026-10-06T19:09:09.837Z
2026,5,19292,Jalon Daniels,TB,QB,at DAL,passYds,Hard Rock,291.5,over,209.11,1300,-6000,0.0714,0.0677,0.0550,0,0.1434,0.0720,0.0757,ev,multiplicative,projection,main,live,2026100942D78F91,2026-10-06T19:09:09.837Z
2026,5,18516,Quinshon Judkins,CLE,RB,at NYJ,rushYds,Hard Rock,101.5,under,59.27,-850,450,0.8947,0.8311,0.0766,0,0.9668,0.0720,0.1357,ev,multiplicative,projection,main,live,2026101112C81881,2026-10-06T19:09:09.837Z
2026,5,11690,Christian McCaffrey,SF,RB,at SEA,rushYds,Hard Rock,97.5,under,58.96,-1000,500,0.9091,0.8451,0.0758,0,0.9811,0.0720,0.1360,ev,multiplicative,projection,main,live,202610119C07AE76,2026-10-06T19:09:09.837Z
2026,5,16919,Zay Flowers,BAL,WR,at ATL,recYds,Hard Rock,31.5,over,84.25,-750,425,0.8824,0.8225,0.0728,0,0.9544,0.0720,0.1319,ev,multiplicative,projection,main,live,2026101240603BF9,2026-10-06T19:09:09.837Z
2026,5,15265,Kyle Pitts,ATL,TE,vs BAL,recYds,Hard Rock,37.5,over,33,180,-260,0.3571,0.3309,0.0794,0,0.4291,0.0720,0.0982,ev,multiplicative,projection,main,live,2026101240603BF9,2026-10-06T19:09:09.837Z
2026,5,16739,Bijan Robinson,ATL,RB,vs BAL,recYds,FanDuel,19.5,over,36.4,-214,,0.6815,0.6815,,1,0.7535,0.0719,0.0719,ev,none,projection,main,live,2026101240603BF9,2026-10-06T19:09:09.837Z
2026,5,15807,Kyren Williams,LAR,RB,vs BUF,rushYds,FanDuel,69.5,over,79.89,-110,-114,0.5238,0.4958,0.0565,0,0.5957,0.0719,0.0999,ev,multiplicative,projection,main,live,20261013A957AFD4,2026-10-06T19:09:09.837Z
2026,5,18516,Quinshon Judkins,CLE,RB,at NYJ,rushYds,Hard Rock,87.5,under,59.27,-450,275,0.8182,0.7542,0.0848,0,0.8901,0.0719,0.1359,ev,multiplicative,projection,main,live,2026101112C81881,2026-10-06T19:09:09.837Z
2026,5,18516,Quinshon Judkins,CLE,RB,at NYJ,rushYds,Hard Rock,88.5,under,59.27,-475,300,0.8261,0.7677,0.0761,0,0.8980,0.0719,0.1303,ev,multiplicative,projection,main,live,2026101112C81881,2026-10-06T19:09:09.837Z
2026,5,5971,Matthew Stafford,LAR,QB,vs BUF,passYds,Hard Rock,294.5,under,260.27,-165,120,0.6226,0.5780,0.0772,0,0.6944,0.0718,0.1164,ev,multiplicative,projection,main,live,20261013A957AFD4,2026-10-06T19:09:09.837Z
2026,5,15947,Jake Ferguson,DAL,TE,vs TB,recYds,Hard Rock,25.5,over,31.8,-140,100,0.5833,0.5385,0.0833,0,0.6551,0.0717,0.1166,ev,multiplicative,projection,main,live,2026100942D78F91,2026-10-06T19:09:09.837Z
2026,5,15868,Drake London,ATL,WR,vs BAL,recYds,Hard Rock,88.5,over,93.95,110,-150,0.4762,0.4425,0.0762,0,0.5479,0.0717,0.1054,ev,multiplicative,projection,main,live,2026101240603BF9,2026-10-06T19:09:09.837Z
2026,5,5971,Matthew Stafford,LAR,QB,vs BUF,passYds,Hard Rock,305.5,under,260.27,-210,150,0.6774,0.6287,0.0774,0,0.7491,0.0717,0.1204,ev,multiplicative,projection,main,live,20261013A957AFD4,2026-10-06T19:09:09.837Z
2026,5,19321,Josh Cameron,JAX,WR,vs PHI,recYds,Hard Rock,31.5,under,12.85,-500,300,0.8333,0.7692,0.0833,0,0.9050,0.0716,0.1357,ev,multiplicative,projection,main,live,2026101118C77B29,2026-10-06T19:09:09.837Z
2026,5,8743,Geno Smith,NYJ,QB,vs CLE,passYds,Hard Rock,237.5,under,188.9,-260,185,0.7222,0.6730,0.0731,0,0.7938,0.0716,0.1208,ev,multiplicative,projection,main,live,2026101112C81881,2026-10-06T19:09:09.837Z
2026,5,5971,Matthew Stafford,LAR,QB,vs BUF,passYds,Hard Rock,214.5,under,260.27,400,-750,0.2000,0.1848,0.0824,0,0.2716,0.0716,0.0868,ev,multiplicative,projection,main,live,20261013A957AFD4,2026-10-06T19:09:09.837Z
2026,5,5971,Matthew Stafford,LAR,QB,vs BUF,passYds,Hard Rock,285.5,under,260.27,-135,-105,0.5745,0.5287,0.0867,0,0.6461,0.0716,0.1174,ev,multiplicative,projection,main,live,20261013A957AFD4,2026-10-06T19:09:09.837Z
2026,5,11690,Christian McCaffrey,SF,RB,at SEA,rushYds,Hard Rock,82.5,under,58.96,-475,300,0.8261,0.7677,0.0761,0,0.8976,0.0715,0.1300,ev,multiplicative,projection,main,live,202610119C07AE76,2026-10-06T19:09:09.837Z
2026,5,12559,Mark Andrews,BAL,TE,at ATL,recYds,Hard Rock,15.5,over,39.91,-425,275,0.8095,0.7522,0.0762,0,0.8810,0.0715,0.1288,ev,multiplicative,projection,main,live,2026101240603BF9,2026-10-06T19:09:09.837Z
2026,5,19292,Jalon Daniels,TB,QB,at DAL,rushYds,Hard Rock,80.5,under,20.13,-1300,575,0.9286,0.8624,0.0767,0,1.0000,0.0714,0.1376,ev,multiplicative,projection,main,live,2026100942D78F91,2026-10-06T19:09:09.837Z
2026,5,17716,Brian Thomas Jr.,JAX,WR,vs PHI,recYds,Hard Rock,10.5,over,33.71,-375,240,0.7895,0.7286,0.0836,0,0.8608,0.0714,0.1323,ev,multiplicative,projection,main,live,2026101118C77B29,2026-10-06T19:09:09.837Z
2026,5,17017,Brenton Strange,JAX,TE,vs PHI,recYds,Hard Rock,64.5,under,40.27,-650,375,0.8667,0.8046,0.0772,0,0.9381,0.0714,0.1335,ev,multiplicative,projection,main,live,2026101118C77B29,2026-10-06T19:09:09.837Z
2026,5,17057,Isaiah Davis,NYJ,RB,vs CLE,rushYds,Hard Rock,39.5,under,3.02,-1300,600,0.9286,0.8667,0.0714,0,1.0000,0.0714,0.1333,ev,multiplicative,projection,main,live,2026101112C81881,2026-10-06T19:09:09.837Z
2026,5,13427,Justice Hill,BAL,RB,at ATL,rushYds,FanDuel,9.5,over,19.25,-157,,0.6109,0.6109,,1,0.6822,0.0713,0.0713,ev,none,projection,main,live,2026101240603BF9,2026-10-06T19:09:09.837Z
2026,5,18549,Emeka Egbuka,TB,WR,at DAL,receptions,Hard Rock,1.5,over,3.52,-525,325,0.8400,0.7812,0.0753,0,0.9113,0.0713,0.1301,ev,multiplicative,projection,main,live,2026100942D78F91,2026-10-06T19:09:09.837Z
2026,5,15829,Garrett Wilson,NYJ,WR,vs CLE,recYds,Hard Rock,91.5,under,62.78,-300,210,0.7500,0.6992,0.0726,0,0.8213,0.0713,0.1220,ev,multiplicative,projection,main,live,2026101112C81881,2026-10-06T19:09:09.837Z
2026,5,14411,CeeDee Lamb,DAL,WR,vs TB,recYds,DraftKings,69.5,over,94.13,-173,,0.6337,0.6337,,1,0.7049,0.0712,0.0712,ev,none,projection,main,live,2026100942D78F91,2026-10-06T19:09:09.837Z
2026,5,15834,Brock Purdy,SF,QB,at SEA,passYds,BetRivers,249.5,over,241.08,163,,0.3802,0.3802,,1,0.4514,0.0712,0.0712,ev,none,projection,main,live,202610119C07AE76,2026-10-06T19:09:09.837Z
2026,5,14411,CeeDee Lamb,DAL,WR,vs TB,recYds,Hard Rock,84.5,over,94.13,-105,-130,0.5122,0.4754,0.0774,0,0.5834,0.0712,0.1080,ev,multiplicative,projection,main,live,2026100942D78F91,2026-10-06T19:09:09.837Z
2026,5,17716,Brian Thomas Jr.,JAX,WR,vs PHI,recYds,Hard Rock,41.5,over,33.71,240,-375,0.2941,0.2714,0.0836,0,0.3653,0.0712,0.0939,ev,multiplicative,projection,main,live,2026101118C77B29,2026-10-06T19:09:09.837Z
2026,5,15876,James Cook,BUF,RB,at LAR,rushYds,Hard Rock,89.5,over,88.04,145,-210,0.4082,0.3760,0.0856,0,0.4794,0.0712,0.1034,ev,multiplicative,projection,main,live,20261013A957AFD4,2026-10-06T19:09:09.837Z
2026,5,15853,George Pickens,DAL,WR,vs TB,recYds,Caesars,39.5,over,66.73,-340,,0.7727,0.7727,,1,0.8438,0.0711,0.0711,ev,none,projection,main,live,2026100942D78F91,2026-10-06T19:09:09.837Z
2026,5,17716,Brian Thomas Jr.,JAX,WR,vs PHI,recYds,BetRivers,39.5,over,33.71,205,,0.3279,0.3279,,1,0.3990,0.0711,0.0711,ev,none,projection,main,live,2026101118C77B29,2026-10-06T19:09:09.837Z
2026,5,15306,Javonte Williams,DAL,RB,vs TB,rushYds,Hard Rock,120.5,under,72.94,-1000,500,0.9091,0.8451,0.0758,0,0.9802,0.0711,0.1351,ev,multiplicative,projection,main,live,2026100942D78F91,2026-10-06T19:09:09.837Z
2026,5,16690,Parker Washington,JAX,WR,vs PHI,recYds,Hard Rock,114.5,under,68.35,-1300,575,0.9286,0.8624,0.0767,0,0.9997,0.0711,0.1373,ev,multiplicative,projection,main,live,2026101118C77B29,2026-10-06T19:09:09.837Z
2026,5,8743,Geno Smith,NYJ,QB,vs CLE,passYds,Hard Rock,223.5,under,188.9,-185,130,0.6491,0.5989,0.0839,0,0.7202,0.0711,0.1214,ev,multiplicative,projection,main,live,2026101112C81881,2026-10-06T19:09:09.837Z
2026,5,15834,Brock Purdy,SF,QB,at SEA,rushYds,Hard Rock,29.5,under,17.22,-350,230,0.7778,0.7196,0.0808,0,0.8488,0.0711,0.1292,ev,multiplicative,projection,main,live,202610119C07AE76,2026-10-06T19:09:09.837Z
2026,5,19292,Jalon Daniels,TB,QB,at DAL,passYds,Hard Rock,293.5,over,209.11,1400,-6000,0.0667,0.0635,0.0503,0,0.1377,0.0710,0.0742,ev,multiplicative,projection,main,live,2026100942D78F91,2026-10-06T19:09:09.837Z
2026,5,16690,Parker Washington,JAX,WR,vs PHI,recYds,Hard Rock,113.5,under,68.35,-1300,550,0.9286,0.8579,0.0824,0,0.9996,0.0710,0.1417,ev,multiplicative,projection,main,live,2026101118C77B29,2026-10-06T19:09:09.837Z
2026,5,8057,Kirk Cousins,LV,QB,at NE,passYds,Hard Rock,205.5,under,210.38,140,-200,0.4167,0.3846,0.0833,0,0.4877,0.0710,0.1031,ev,multiplicative,projection,main,live,202610116AF20186,2026-10-06T19:09:09.837Z
2026,5,11690,Christian McCaffrey,SF,RB,at SEA,recYds,Hard Rock,29.5,under,29.68,135,-190,0.4255,0.3938,0.0807,0,0.4965,0.0710,0.1028,ev,multiplicative,projection,main,live,202610119C07AE76,2026-10-06T19:09:09.837Z
2026,5,15834,Brock Purdy,SF,QB,at SEA,rushYds,Hard Rock,35.5,under,17.22,-650,375,0.8667,0.8046,0.0772,0,0.9377,0.0710,0.1331,ev,multiplicative,projection,main,live,202610119C07AE76,2026-10-06T19:09:09.837Z
2026,5,5971,Matthew Stafford,LAR,QB,vs BUF,passYds,Hard Rock,307.5,under,260.27,-220,160,0.6875,0.6413,0.0721,0,0.7585,0.0710,0.1173,ev,multiplicative,projection,main,live,20261013A957AFD4,2026-10-06T19:09:09.837Z
2026,5,19292,Jalon Daniels,TB,QB,at DAL,passTD,DraftKings,1.5,over,1.31,227,,0.3058,0.3058,,1,0.3767,0.0709,0.0709,ev,none,projection,main,live,2026100942D78F91,2026-10-06T19:09:09.837Z
2026,5,17716,Brian Thomas Jr.,JAX,WR,vs PHI,recYds,Caesars,9.5,over,33.71,-400,,0.8000,0.8000,,1,0.8709,0.0709,0.0709,ev,none,projection,main,live,2026101118C77B29,2026-10-06T19:09:09.837Z
2026,5,15306,Javonte Williams,DAL,RB,vs TB,rushYds,Hard Rock,118.5,under,72.94,-950,450,0.9048,0.8327,0.0866,0,0.9756,0.0709,0.1430,ev,multiplicative,projection,main,live,2026100942D78F91,2026-10-06T19:09:09.837Z
2026,5,18516,Quinshon Judkins,CLE,RB,at NYJ,rushYds,Hard Rock,99.5,under,59.27,-800,425,0.8889,0.8235,0.0794,0,0.9598,0.0709,0.1363,ev,multiplicative,projection,main,live,2026101112C81881,2026-10-06T19:09:09.837Z
2026,5,14371,Jordan Love,GB,QB,vs CHI,passYds,BetRivers,235.5,over,255.85,-114,-117,0.5327,0.4970,0.0719,0,0.6035,0.0708,0.1065,ev,multiplicative,projection,main,live,202610112660CB0C,2026-10-06T19:09:09.837Z
2026,5,17811,AJ Barner,SEA,TE,vs SF,recYds,Caesars,9.5,over,33.13,-550,,0.8462,0.8462,,1,0.9169,0.0708,0.0708,ev,none,projection,main,live,202610119C07AE76,2026-10-06T19:09:09.837Z
2026,5,15306,Javonte Williams,DAL,RB,vs TB,rushYds,Hard Rock,95.5,under,72.94,-325,210,0.7647,0.7033,0.0873,0,0.8355,0.0708,0.1322,ev,multiplicative,projection,main,live,2026100942D78F91,2026-10-06T19:09:09.837Z
2026,5,15829,Garrett Wilson,NYJ,WR,vs CLE,recYds,Hard Rock,99.5,under,62.78,-425,275,0.8095,0.7522,0.0762,0,0.8803,0.0708,0.1281,ev,multiplicative,projection,main,live,2026101112C81881,2026-10-06T19:09:09.837Z
2026,5,11690,Christian McCaffrey,SF,RB,at SEA,recYds,Hard Rock,32.5,under,29.68,105,-150,0.4878,0.4484,0.0878,0,0.5586,0.0708,0.1101,ev,multiplicative,projection,main,live,202610119C07AE76,2026-10-06T19:09:09.837Z
2026,5,5971,Matthew Stafford,LAR,QB,vs BUF,passYds,Hard Rock,299.5,under,260.27,-185,130,0.6491,0.5989,0.0839,0,0.7200,0.0708,0.1211,ev,multiplicative,projection,main,live,20261013A957AFD4,2026-10-06T19:09:09.837Z
2026,5,5971,Matthew Stafford,LAR,QB,vs BUF,passYds,Hard Rock,308.5,under,260.27,-225,160,0.6923,0.6429,0.0769,0,0.7631,0.0708,0.1203,ev,multiplicative,projection,main,live,20261013A957AFD4,2026-10-06T19:09:09.837Z
2026,5,17784,Bucky Irving,TB,RB,at DAL,rushYds,DraftKings,39.5,over,75.16,-272,,0.7312,0.7312,,1,0.8019,0.0707,0.0707,ev,none,projection,main,live,2026100942D78F91,2026-10-06T19:09:09.837Z
2026,5,13429,Deebo Samuel Sr.,SF,WR,at SEA,receptions,Caesars,5.5,over,3.78,450,,0.1818,0.1818,,1,0.2525,0.0707,0.0707,ev,none,projection,main,live,202610119C07AE76,2026-10-06T19:09:09.837Z
2026,5,9455,Davante Adams,LAR,WR,vs BUF,recYds,DraftKings,99.5,over,79.89,355,,0.2198,0.2198,,1,0.2905,0.0707,0.0707,ev,none,projection,main,live,20261013A957AFD4,2026-10-06T19:09:09.837Z
2026,5,14411,CeeDee Lamb,DAL,WR,vs TB,recYds,Hard Rock,93.5,over,94.13,130,-180,0.4348,0.4035,0.0776,0,0.5055,0.0707,0.1020,ev,multiplicative,projection,main,live,2026100942D78F91,2026-10-06T19:09:09.837Z
2026,5,15829,Garrett Wilson,NYJ,WR,vs CLE,recYds,Hard Rock,89.5,under,62.78,-275,190,0.7333,0.6802,0.0782,0,0.8040,0.0707,0.1239,ev,multiplicative,projection,main,live,2026101112C81881,2026-10-06T19:09:09.837Z
2026,5,8743,Geno Smith,NYJ,QB,vs CLE,passYds,Hard Rock,224.5,under,188.9,-190,130,0.6552,0.6011,0.0900,0,0.7259,0.0707,0.1248,ev,multiplicative,projection,main,live,2026101112C81881,2026-10-06T19:09:09.837Z
2026,5,16919,Zay Flowers,BAL,WR,at ATL,recYds,Hard Rock,94.5,over,84.25,240,-375,0.2941,0.2714,0.0836,0,0.3649,0.0707,0.0934,ev,multiplicative,projection,main,live,2026101240603BF9,2026-10-06T19:09:09.837Z
2026,5,5971,Matthew Stafford,LAR,QB,vs BUF,passYds,Hard Rock,309.5,under,260.27,-230,165,0.6970,0.6487,0.0743,0,0.7677,0.0707,0.1189,ev,multiplicative,projection,main,live,20261013A957AFD4,2026-10-06T19:09:09.837Z
2026,5,19320,Ted Hurst,TB,WR,at DAL,recYds,DraftKings,39.5,over,25.73,291,,0.2558,0.2558,,1,0.3264,0.0706,0.0706,ev,none,projection,main,live,2026100942D78F91,2026-10-06T19:09:09.837Z
2026,5,15829,Garrett Wilson,NYJ,WR,vs CLE,recYds,Hard Rock,96.5,under,62.78,-375,250,0.7895,0.7343,0.0752,0,0.8600,0.0706,0.1258,ev,multiplicative,projection,main,live,2026101112C81881,2026-10-06T19:09:09.837Z
2026,5,16946,Tyson Bagent,CHI,QB,at GB,passYds,Hard Rock,194.5,under,204.05,160,-230,0.3846,0.3556,0.0816,0,0.4552,0.0706,0.0996,ev,multiplicative,projection,main,live,202610112660CB0C,2026-10-06T19:09:09.837Z
2026,5,18472,Harold Fannin Jr.,CLE,TE,at NYJ,recYds,FanDuel,24.5,over,39.39,-272,,0.7312,0.7312,,1,0.8016,0.0705,0.0705,ev,none,projection,main,live,2026101112C81881,2026-10-06T19:09:09.837Z
2026,5,17017,Brenton Strange,JAX,TE,vs PHI,recYds,Hard Rock,65.5,under,40.27,-700,375,0.8750,0.8061,0.0855,0,0.9455,0.0705,0.1394,ev,multiplicative,projection,main,live,2026101118C77B29,2026-10-06T19:09:09.837Z
2026,5,8743,Geno Smith,NYJ,QB,vs CLE,passYds,Hard Rock,225.5,under,188.9,-195,135,0.6610,0.6084,0.0865,0,0.7315,0.0705,0.1231,ev,multiplicative,projection,main,live,2026101112C81881,2026-10-06T19:09:09.837Z
2026,5,8743,Geno Smith,NYJ,QB,vs CLE,passYds,Hard Rock,228.5,under,188.9,-210,150,0.6774,0.6287,0.0774,0,0.7479,0.0705,0.1192,ev,multiplicative,projection,main,live,2026101112C81881,2026-10-06T19:09:09.837Z
2026,5,15834,Brock Purdy,SF,QB,at SEA,passYds,DraftKings,279.5,over,241.08,358,,0.2183,0.2183,,1,0.2887,0.0704,0.0704,ev,none,projection,main,live,202610119C07AE76,2026-10-06T19:09:09.837Z
2026,5,16560,Rashid Shaheed,SEA,WR,vs SF,receptions,DraftKings,2.5,over,2.23,166,,0.3759,0.3759,,1,0.4463,0.0704,0.0704,ev,none,projection,main,live,202610119C07AE76,2026-10-06T19:09:09.837Z
2026,5,8743,Geno Smith,NYJ,QB,vs CLE,passYds,Hard Rock,226.5,under,188.9,-200,140,0.6667,0.6154,0.0833,0,0.7370,0.0704,0.1216,ev,multiplicative,projection,main,live,2026101112C81881,2026-10-06T19:09:09.837Z
2026,5,15868,Drake London,ATL,WR,vs BAL,recYds,Hard Rock,84.5,over,93.95,-105,-130,0.5122,0.4754,0.0774,0,0.5826,0.0704,0.1072,ev,multiplicative,projection,main,live,2026101240603BF9,2026-10-06T19:09:09.837Z
2026,5,12483,Josh Allen,BUF,QB,at LAR,rushYds,Hard Rock,65.5,under,37.26,-1100,500,0.9167,0.8462,0.0833,0,0.9871,0.0704,0.1409,ev,multiplicative,projection,main,live,20261013A957AFD4,2026-10-06T19:09:09.837Z
2026,5,17811,AJ Barner,SEA,TE,vs SF,recYds,FanDuel,9.5,over,33.13,-552,,0.8466,0.8466,,1,0.9169,0.0703,0.0703,ev,none,projection,main,live,202610119C07AE76,2026-10-06T19:09:09.837Z
2026,5,15853,George Pickens,DAL,WR,vs TB,recYds,Hard Rock,45.5,over,66.73,-250,175,0.7143,0.6627,0.0779,0,0.7845,0.0703,0.1219,ev,multiplicative,projection,main,live,2026100942D78F91,2026-10-06T19:09:09.837Z
2026,5,14411,CeeDee Lamb,DAL,WR,vs TB,recYds,Hard Rock,94.5,over,94.13,135,-190,0.4255,0.3938,0.0807,0,0.4958,0.0703,0.1021,ev,multiplicative,projection,main,live,2026100942D78F91,2026-10-06T19:09:09.837Z
2026,5,15850,Jahan Dotson,ATL,WR,vs BAL,recYds,Hard Rock,54.5,under,15.76,-1200,525,0.9231,0.8523,0.0831,0,0.9933,0.0703,0.1411,ev,multiplicative,projection,main,live,2026101240603BF9,2026-10-06T19:09:09.837Z
2026,5,15829,Garrett Wilson,NYJ,WR,vs CLE,receptions,DraftKings,6.5,under,5.42,-127,101,0.5595,0.5293,0.0570,0,0.6297,0.0702,0.1004,ev,multiplicative,projection,main,live,2026101112C81881,2026-10-06T19:09:09.837Z
2026,5,8057,Kirk Cousins,LV,QB,at NE,passYds,Caesars,226.5,under,210.38,-115,-113,0.5349,0.5020,0.0654,0,0.6051,0.0702,0.1030,ev,multiplicative,projection,main,live,202610116AF20186,2026-10-06T19:09:09.837Z
2026,5,8743,Geno Smith,NYJ,QB,vs CLE,rushYds,Hard Rock,29.5,under,13.84,-1100,500,0.9167,0.8462,0.0833,0,0.9869,0.0702,0.1408,ev,multiplicative,projection,main,live,2026101112C81881,2026-10-06T19:09:09.837Z
2026,5,16560,Rashid Shaheed,SEA,WR,vs SF,receptions,theScore,1.5,over,2.23,-170,130,0.6296,0.5915,0.0644,0,0.6998,0.0702,0.1083,ev,multiplicative,projection,main,live,202610119C07AE76,2026-10-06T19:09:09.837Z
2026,5,18524,Bhayshul Tuten,JAX,RB,vs PHI,receptions,BetRivers,0.5,over,1.64,-530,,0.8413,0.8413,,1,0.9113,0.0701,0.0701,ev,none,projection,main,live,2026101118C77B29,2026-10-06T19:09:09.837Z
2026,5,17716,Brian Thomas Jr.,JAX,WR,vs PHI,recYds,FanDuel,39.5,over,33.71,204,,0.3289,0.3289,,1,0.3990,0.0701,0.0701,ev,none,projection,main,live,2026101118C77B29,2026-10-06T19:09:09.837Z
2026,5,16919,Zay Flowers,BAL,WR,at ATL,recYds,Caesars,89.5,over,84.25,178,,0.3597,0.3597,,1,0.4298,0.0701,0.0701,ev,none,projection,main,live,2026101240603BF9,2026-10-06T19:09:09.837Z
2026,5,15947,Jake Ferguson,DAL,TE,vs TB,recYds,theScore,29.5,over,31.8,105,,0.4878,0.4878,,1,0.5579,0.0701,0.0701,ev,none,projection,main,live,2026100942D78F91,2026-10-06T19:09:09.837Z
2026,5,15853,George Pickens,DAL,WR,vs TB,recYds,Hard Rock,40.5,over,66.73,-325,220,0.7647,0.7099,0.0772,0,0.8348,0.0701,0.1249,ev,multiplicative,projection,main,live,2026100942D78F91,2026-10-06T19:09:09.837Z
2026,5,11718,Chris Godwin,TB,WR,at DAL,receptions,Hard Rock,2.5,over,3.83,-230,160,0.6970,0.6444,0.0816,0,0.7671,0.0701,0.1227,ev,multiplicative,projection,main,live,2026100942D78F91,2026-10-06T19:09:09.837Z
2026,5,13429,Deebo Samuel Sr.,SF,WR,at SEA,recYds,Hard Rock,53.5,over,42.63,275,-425,0.2667,0.2478,0.0762,0,0.3367,0.0701,0.0890,ev,multiplicative,projection,main,live,202610119C07AE76,2026-10-06T19:09:09.837Z
2026,5,13429,Deebo Samuel Sr.,SF,WR,at SEA,recYds,DraftKings,59.5,over,42.63,436,,0.1866,0.1866,,1,0.2566,0.0700,0.0700,ev,none,projection,main,live,202610119C07AE76,2026-10-06T19:09:09.837Z
2026,5,8743,Geno Smith,NYJ,QB,vs CLE,passYds,Hard Rock,239.5,under,188.9,-275,195,0.7333,0.6839,0.0723,0,0.8033,0.0700,0.1194,ev,multiplicative,projection,main,live,2026101112C81881,2026-10-06T19:09:09.837Z
2026,5,9455,Davante Adams,LAR,WR,vs BUF,recYds,Hard Rock,96.5,over,79.89,300,-500,0.2500,0.2308,0.0833,0,0.3200,0.0700,0.0893,ev,multiplicative,projection,main,live,20261013A957AFD4,2026-10-06T19:09:09.837Z
2026,5,5971,Matthew Stafford,LAR,QB,vs BUF,passYds,Hard Rock,295.5,under,260.27,-170,120,0.6296,0.5807,0.0842,0,0.6996,0.0700,0.1189,ev,multiplicative,projection,main,live,20261013A957AFD4,2026-10-06T19:09:09.837Z
2026,5,14411,CeeDee Lamb,DAL,WR,vs TB,recYds,theScore,79.5,over,94.13,-125,-105,0.5556,0.5203,0.0678,0,0.6255,0.0699,0.1052,ev,multiplicative,projection,main,live,2026100942D78F91,2026-10-06T19:09:09.837Z
2026,5,15853,George Pickens,DAL,WR,vs TB,recYds,Hard Rock,47.5,over,66.73,-225,160,0.6923,0.6429,0.0769,0,0.7622,0.0699,0.1194,ev,multiplicative,projection,main,live,2026100942D78F91,2026-10-06T19:09:09.837Z
2026,5,18524,Bhayshul Tuten,JAX,RB,vs PHI,rushYds,Hard Rock,30.5,under,58.83,450,-900,0.1818,0.1681,0.0818,0,0.2517,0.0699,0.0837,ev,multiplicative,projection,main,live,2026101118C77B29,2026-10-06T19:09:09.837Z
2026,5,18516,Quinshon Judkins,CLE,RB,at NYJ,rushYds,Hard Rock,102.5,under,59.27,-900,475,0.9000,0.8381,0.0739,0,0.9699,0.0699,0.1318,ev,multiplicative,projection,main,live,2026101112C81881,2026-10-06T19:09:09.837Z
2026,5,14371,Jordan Love,GB,QB,vs CHI,passYds,Hard Rock,223.5,over,255.85,-145,105,0.5918,0.5482,0.0796,0,0.6617,0.0699,0.1135,ev,multiplicative,projection,main,live,202610112660CB0C,2026-10-06T19:09:09.837Z
2026,5,15265,Kyle Pitts,ATL,TE,vs BAL,receptions,Caesars,2.5,over,2.71,106,-139,0.4854,0.4549,0.0670,0,0.5552,0.0698,0.1003,ev,multiplicative,projection,main,live,2026101240603BF9,2026-10-06T19:09:09.837Z
2026,5,14411,CeeDee Lamb,DAL,WR,vs TB,recYds,Hard Rock,92.5,over,94.13,125,-175,0.4444,0.4112,0.0808,0,0.5142,0.0698,0.1030,ev,multiplicative,projection,main,live,2026100942D78F91,2026-10-06T19:09:09.837Z
2026,5,14411,CeeDee Lamb,DAL,WR,vs TB,recYds,Hard Rock,87.5,over,94.13,105,-145,0.4878,0.4518,0.0796,0,0.5576,0.0698,0.1058,ev,multiplicative,projection,main,live,2026100942D78F91,2026-10-06T19:09:09.837Z
2026,5,17017,Brenton Strange,JAX,TE,vs PHI,recYds,Hard Rock,66.5,under,40.27,-750,400,0.8824,0.8152,0.0824,0,0.9521,0.0698,0.1369,ev,multiplicative,projection,main,live,2026101118C77B29,2026-10-06T19:09:09.837Z
2026,5,8743,Geno Smith,NYJ,QB,vs CLE,passYds,Hard Rock,235.5,under,188.9,-250,175,0.7143,0.6627,0.0779,0,0.7841,0.0698,0.1214,ev,multiplicative,projection,main,live,2026101112C81881,2026-10-06T19:09:09.837Z
2026,5,5971,Matthew Stafford,LAR,QB,vs BUF,passYds,Hard Rock,300.5,under,260.27,-190,135,0.6552,0.6062,0.0807,0,0.7249,0.0698,0.1187,ev,multiplicative,projection,main,live,20261013A957AFD4,2026-10-06T19:09:09.837Z
2026,5,18549,Emeka Egbuka,TB,WR,at DAL,recYds,Hard Rock,9.5,over,46.67,-750,400,0.8824,0.8152,0.0824,0,0.9520,0.0697,0.1368,ev,multiplicative,projection,main,live,2026100942D78F91,2026-10-06T19:09:09.837Z
2026,5,17702,Braelon Allen,NYJ,RB,vs CLE,rushYds,Hard Rock,101.5,under,38.23,-475,300,0.8261,0.7677,0.0761,0,0.8958,0.0697,0.1281,ev,multiplicative,projection,main,live,2026101112C81881,2026-10-06T19:09:09.837Z
2026,5,13429,Deebo Samuel Sr.,SF,WR,at SEA,receptions,DraftKings,4.5,over,3.78,212,,0.3205,0.3205,,1,0.3901,0.0696,0.0696,ev,none,projection,main,live,202610119C07AE76,2026-10-06T19:09:09.837Z
2026,5,19292,Jalon Daniels,TB,QB,at DAL,passYds,theScore,174.5,over,209.11,-140,,0.5833,0.5833,,1,0.6528,0.0695,0.0695,ev,none,projection,main,live,2026100942D78F91,2026-10-06T19:09:09.837Z
2026,5,19292,Jalon Daniels,TB,QB,at DAL,passYds,Hard Rock,290.5,over,209.11,1200,-5000,0.0769,0.0728,0.0573,0,0.1464,0.0695,0.0736,ev,multiplicative,projection,main,live,2026100942D78F91,2026-10-06T19:09:09.837Z
2026,5,19321,Josh Cameron,JAX,WR,vs PHI,recYds,Hard Rock,38.5,under,12.85,-850,425,0.8947,0.8245,0.0852,0,0.9642,0.0695,0.1398,ev,multiplicative,projection,main,live,2026101118C77B29,2026-10-06T19:09:09.837Z
2026,5,11690,Christian McCaffrey,SF,RB,at SEA,rushYds,Hard Rock,81.5,under,58.96,-450,275,0.8182,0.7542,0.0848,0,0.8877,0.0695,0.1335,ev,multiplicative,projection,main,live,202610119C07AE76,2026-10-06T19:09:09.837Z
2026,5,15907,Brian Robinson Jr.,ATL,RB,vs BAL,rushYds,Hard Rock,15.5,under,23.17,425,-800,0.1905,0.1765,0.0794,0,0.2600,0.0695,0.0835,ev,multiplicative,projection,main,live,2026101240603BF9,2026-10-06T19:09:09.837Z
2026,5,14411,CeeDee Lamb,DAL,WR,vs TB,recYds,BetRivers,99.5,over,94.13,170,,0.3704,0.3704,,1,0.4398,0.0694,0.0694,ev,none,projection,main,live,2026100942D78F91,2026-10-06T19:09:09.837Z
2026,5,19292,Jalon Daniels,TB,QB,at DAL,passYds,Hard Rock,170.5,over,209.11,-150,110,0.6000,0.5575,0.0762,0,0.6694,0.0694,0.1119,ev,multiplicative,projection,main,live,2026100942D78F91,2026-10-06T19:09:09.837Z
2026,5,19321,Josh Cameron,JAX,WR,vs PHI,recYds,Hard Rock,29.5,under,12.85,-425,275,0.8095,0.7522,0.0762,0,0.8790,0.0694,0.1268,ev,multiplicative,projection,main,live,2026101118C77B29,2026-10-06T19:09:09.837Z
2026,5,11718,Chris Godwin,TB,WR,at DAL,receptions,DraftKings,7.5,over,3.83,1740,,0.0543,0.0543,,1,0.1237,0.0693,0.0693,ev,none,projection,main,live,2026100942D78F91,2026-10-06T19:09:09.837Z
2026,5,13429,Deebo Samuel Sr.,SF,WR,at SEA,receptions,DraftKings,5.5,over,3.78,446,,0.1832,0.1832,,1,0.2525,0.0693,0.0693,ev,none,projection,main,live,202610119C07AE76,2026-10-06T19:09:09.837Z
2026,5,11718,Chris Godwin,TB,WR,at DAL,recYds,Hard Rock,9.5,over,43.08,-600,350,0.8571,0.7941,0.0794,0,0.9265,0.0693,0.1324,ev,multiplicative,projection,main,live,2026100942D78F91,2026-10-06T19:09:09.837Z
2026,5,18516,Quinshon Judkins,CLE,RB,at NYJ,rushYds,Hard Rock,97.5,under,59.27,-750,400,0.8824,0.8152,0.0824,0,0.9517,0.0693,0.1365,ev,multiplicative,projection,main,live,2026101112C81881,2026-10-06T19:09:09.837Z
2026,5,19320,Ted Hurst,TB,WR,at DAL,recYds,DraftKings,14.5,over,25.73,-180,,0.6429,0.6429,,1,0.7121,0.0692,0.0692,ev,none,projection,main,live,2026100942D78F91,2026-10-06T19:09:09.837Z
2026,5,16739,Bijan Robinson,ATL,RB,vs BAL,rushYds,FanDuel,69.5,over,96.19,-282,,0.7382,0.7382,,1,0.8074,0.0692,0.0692,ev,none,projection,main,live,2026101240603BF9,2026-10-06T19:09:09.837Z
2026,5,19321,Josh Cameron,JAX,WR,vs PHI,recYds,Hard Rock,40.5,under,12.85,-950,475,0.9048,0.8388,0.0787,0,0.9740,0.0692,0.1352,ev,multiplicative,projection,main,live,2026101118C77B29,2026-10-06T19:09:09.837Z
2026,5,17017,Brenton Strange,JAX,TE,vs PHI,recYds,Hard Rock,67.5,under,40.27,-800,425,0.8889,0.8235,0.0794,0,0.9581,0.0692,0.1346,ev,multiplicative,projection,main,live,2026101118C77B29,2026-10-06T19:09:09.837Z
2026,5,16946,Tyson Bagent,CHI,QB,at GB,passYds,Hard Rock,197.5,under,204.05,150,-210,0.4000,0.3713,0.0774,0,0.4692,0.0692,0.0980,ev,multiplicative,projection,main,live,202610112660CB0C,2026-10-06T19:09:09.837Z
2026,5,15868,Drake London,ATL,WR,vs BAL,recYds,Hard Rock,93.5,over,93.95,130,-185,0.4348,0.4011,0.0839,0,0.5040,0.0692,0.1028,ev,multiplicative,projection,main,live,2026101240603BF9,2026-10-06T19:09:09.837Z
2026,5,19292,Jalon Daniels,TB,QB,at DAL,passYds,Hard Rock,292.5,over,209.11,1300,-6000,0.0714,0.0677,0.0550,0,0.1405,0.0691,0.0728,ev,multiplicative,projection,main,live,2026100942D78F91,2026-10-06T19:09:09.837Z
2026,5,11690,Christian McCaffrey,SF,RB,at SEA,recYds,Hard Rock,28.5,under,29.68,145,-200,0.4082,0.3797,0.0748,0,0.4773,0.0691,0.0976,ev,multiplicative,projection,main,live,202610119C07AE76,2026-10-06T19:09:09.837Z
2026,5,15947,Jake Ferguson,DAL,TE,vs TB,recYds,Hard Rock,16.5,over,31.8,-325,220,0.7647,0.7099,0.0772,0,0.8337,0.0690,0.1238,ev,multiplicative,projection,main,live,2026100942D78F91,2026-10-06T19:09:09.837Z
2026,5,19292,Jalon Daniels,TB,QB,at DAL,passTD,theScore,1.5,over,1.31,225,,0.3077,0.3077,,1,0.3767,0.0690,0.0690,ev,none,projection,main,live,2026100942D78F91,2026-10-06T19:09:09.837Z
2026,5,16560,Rashid Shaheed,SEA,WR,vs SF,receptions,Hard Rock,2.5,over,2.23,165,-240,0.3774,0.3484,0.0832,0,0.4463,0.0690,0.0980,ev,multiplicative,projection,main,live,202610119C07AE76,2026-10-06T19:09:09.837Z
2026,5,15306,Javonte Williams,DAL,RB,vs TB,rushYds,Hard Rock,119.5,under,72.94,-1000,475,0.9091,0.8394,0.0830,0,0.9780,0.0689,0.1386,ev,multiplicative,projection,main,live,2026100942D78F91,2026-10-06T19:09:09.837Z
2026,5,14371,Jordan Love,GB,QB,vs CHI,passYds,Hard Rock,225.5,over,255.85,-140,100,0.5833,0.5385,0.0833,0,0.6522,0.0689,0.1138,ev,multiplicative,projection,main,live,202610112660CB0C,2026-10-06T19:09:09.837Z
2026,5,14371,Jordan Love,GB,QB,vs CHI,passYds,Hard Rock,301.5,over,255.85,425,-800,0.1905,0.1765,0.0794,0,0.2593,0.0689,0.0829,ev,multiplicative,projection,main,live,202610112660CB0C,2026-10-06T19:09:09.837Z
2026,5,11690,Christian McCaffrey,SF,RB,at SEA,rushYds,Hard Rock,99.5,under,58.96,-1100,525,0.9167,0.8514,0.0767,0,0.9855,0.0689,0.1341,ev,multiplicative,projection,main,live,202610119C07AE76,2026-10-06T19:09:09.837Z
2026,5,10819,Derrick Henry,BAL,RB,at ATL,rushYds,Hard Rock,142.5,under,97.07,-750,400,0.8824,0.8152,0.0824,0,0.9513,0.0689,0.1360,ev,multiplicative,projection,main,live,2026101240603BF9,2026-10-06T19:09:09.837Z
2026,5,16739,Bijan Robinson,ATL,RB,vs BAL,rushYds,FanDuel,79.5,over,96.19,-176,,0.6377,0.6377,,1,0.7064,0.0688,0.0688,ev,none,projection,main,live,2026101240603BF9,2026-10-06T19:09:09.837Z
2026,5,18524,Bhayshul Tuten,JAX,RB,vs PHI,rushYds,Hard Rock,31.5,under,58.83,425,-800,0.1905,0.1765,0.0794,0,0.2593,0.0688,0.0828,ev,multiplicative,projection,main,live,2026101118C77B29,2026-10-06T19:09:09.837Z
2026,5,17017,Brenton Strange,JAX,TE,vs PHI,recYds,Hard Rock,68.5,under,40.27,-850,450,0.8947,0.8311,0.0766,0,0.9635,0.0688,0.1324,ev,multiplicative,projection,main,live,2026101118C77B29,2026-10-06T19:09:09.837Z
2026,5,19607,Kaelon Black,SF,RB,at SEA,rushYds,Hard Rock,21.5,over,15.13,170,-240,0.3704,0.3441,0.0763,0,0.4392,0.0688,0.0950,ev,multiplicative,projection,main,live,202610119C07AE76,2026-10-06T19:09:09.837Z
2026,5,16560,Rashid Shaheed,SEA,WR,vs SF,recYds,Hard Rock,5.5,over,30.27,-450,275,0.8182,0.7542,0.0848,0,0.8870,0.0688,0.1328,ev,multiplicative,projection,main,live,202610119C07AE76,2026-10-06T19:09:09.837Z
2026,5,16919,Zay Flowers,BAL,WR,at ATL,recYds,Hard Rock,32.5,over,84.25,-750,400,0.8824,0.8152,0.0824,0,0.9512,0.0688,0.1360,ev,multiplicative,projection,main,live,2026101240603BF9,2026-10-06T19:09:09.837Z
2026,5,15868,Drake London,ATL,WR,vs BAL,recYds,Hard Rock,87.5,over,93.95,105,-145,0.4878,0.4518,0.0796,0,0.5566,0.0688,0.1048,ev,multiplicative,projection,main,live,2026101240603BF9,2026-10-06T19:09:09.837Z
2026,5,5971,Matthew Stafford,LAR,QB,vs BUF,passYds,Hard Rock,301.5,under,260.27,-195,140,0.6610,0.6134,0.0777,0,0.7299,0.0688,0.1165,ev,multiplicative,projection,main,live,20261013A957AFD4,2026-10-06T19:09:09.837Z
2026,5,17811,AJ Barner,SEA,TE,vs SF,receptions,BetRivers,3.5,over,3.25,175,,0.3636,0.3636,,1,0.4324,0.0687,0.0687,ev,none,projection,main,live,202610119C07AE76,2026-10-06T19:09:09.837Z
2026,5,16032,Cade Otton,TB,TE,at DAL,recYds,Hard Rock,39.5,over,36.11,175,-260,0.3636,0.3349,0.0859,0,0.4323,0.0687,0.0974,ev,multiplicative,projection,main,live,2026100942D78F91,2026-10-06T19:09:09.837Z
2026,5,18516,Quinshon Judkins,CLE,RB,at NYJ,rushYds,Hard Rock,100.5,under,59.27,-850,450,0.8947,0.8311,0.0766,0,0.9634,0.0687,0.1323,ev,multiplicative,projection,main,live,2026101112C81881,2026-10-06T19:09:09.837Z
2026,5,11690,Christian McCaffrey,SF,RB,at SEA,recYds,Hard Rock,26.5,under,29.68,170,-240,0.3704,0.3441,0.0763,0,0.4390,0.0687,0.0949,ev,multiplicative,projection,main,live,202610119C07AE76,2026-10-06T19:09:09.837Z
2026,5,9455,Davante Adams,LAR,WR,vs BUF,recYds,Hard Rock,57.5,over,79.89,-145,105,0.5918,0.5482,0.0796,0,0.6606,0.0687,0.1124,ev,multiplicative,projection,main,live,20261013A957AFD4,2026-10-06T19:09:09.837Z
2026,5,17784,Bucky Irving,TB,RB,at DAL,rushYds,theScore,39.5,over,75.16,-275,,0.7333,0.7333,,1,0.8019,0.0686,0.0686,ev,none,projection,main,live,2026100942D78F91,2026-10-06T19:09:09.837Z
2026,5,14371,Jordan Love,GB,QB,vs CHI,passYds,Hard Rock,299.5,over,255.85,400,-750,0.2000,0.1848,0.0824,0,0.2686,0.0686,0.0838,ev,multiplicative,projection,main,live,202610112660CB0C,2026-10-06T19:09:09.837Z
2026,5,15850,Jahan Dotson,ATL,WR,vs BAL,recYds,Hard Rock,21.5,under,15.76,-135,100,0.5745,0.5347,0.0745,0,0.6431,0.0686,0.1084,ev,multiplicative,projection,main,live,2026101240603BF9,2026-10-06T19:09:09.837Z
2026,5,18549,Emeka Egbuka,TB,WR,at DAL,recYds,Hard Rock,63.5,over,46.67,375,-650,0.2105,0.1954,0.0772,0,0.2790,0.0685,0.0836,ev,multiplicative,projection,main,live,2026100942D78F91,2026-10-06T19:09:09.837Z
2026,5,8057,Kirk Cousins,LV,QB,at NE,passYds,Hard Rock,229.5,under,210.38,-125,-105,0.5556,0.5203,0.0678,0,0.6240,0.0685,0.1037,ev,multiplicative,projection,main,live,202610116AF20186,2026-10-06T19:09:09.837Z
2026,5,16919,Zay Flowers,BAL,WR,at ATL,recYds,Hard Rock,30.5,over,84.25,-800,450,0.8889,0.8302,0.0707,0,0.9573,0.0685,0.1272,ev,multiplicative,projection,main,live,2026101240603BF9,2026-10-06T19:09:09.837Z
2026,5,16032,Cade Otton,TB,TE,at DAL,recYds,BetRivers,29.5,over,36.11,-129,,0.5633,0.5633,,1,0.6317,0.0684,0.0684,ev,none,projection,main,live,2026100942D78F91,2026-10-06T19:09:09.837Z
2026,5,14416,Jalen Hurts,PHI,QB,at JAX,rushYds,Hard Rock,26.5,under,24.48,-110,-120,0.5238,0.4899,0.0693,0,0.5922,0.0684,0.1024,ev,multiplicative,projection,main,live,2026101118C77B29,2026-10-06T19:09:09.837Z
2026,5,15829,Garrett Wilson,NYJ,WR,vs CLE,recYds,Hard Rock,100.5,under,62.78,-450,275,0.8182,0.7542,0.0848,0,0.8866,0.0684,0.1324,ev,multiplicative,projection,main,live,2026101112C81881,2026-10-06T19:09:09.837Z
2026,5,17811,AJ Barner,SEA,TE,vs SF,recYds,Hard Rock,8.5,over,33.13,-600,350,0.8571,0.7941,0.0794,0,0.9255,0.0684,0.1314,ev,multiplicative,projection,main,live,202610119C07AE76,2026-10-06T19:09:09.837Z
2026,5,10819,Derrick Henry,BAL,RB,at ATL,rushYds,Hard Rock,140.5,under,97.07,-700,400,0.8750,0.8140,0.0750,0,0.9434,0.0684,0.1295,ev,multiplicative,projection,main,live,2026101240603BF9,2026-10-06T19:09:09.837Z
2026,5,5971,Matthew Stafford,LAR,QB,vs BUF,passYds,Hard Rock,296.5,under,260.27,-175,125,0.6364,0.5888,0.0808,0,0.7048,0.0684,0.1160,ev,multiplicative,projection,main,live,20261013A957AFD4,2026-10-06T19:09:09.837Z
2026,5,17017,Brenton Strange,JAX,TE,vs PHI,recYds,Hard Rock,69.5,under,40.27,-900,450,0.9000,0.8319,0.0818,0,0.9683,0.0683,0.1364,ev,multiplicative,projection,main,live,2026101118C77B29,2026-10-06T19:09:09.837Z
2026,5,18472,Harold Fannin Jr.,CLE,TE,at NYJ,recYds,Hard Rock,24.5,over,39.39,-275,195,0.7333,0.6839,0.0723,0,0.8016,0.0683,0.1178,ev,multiplicative,projection,main,live,2026101112C81881,2026-10-06T19:09:09.837Z
2026,5,15868,Drake London,ATL,WR,vs BAL,recYds,Hard Rock,92.5,over,93.95,125,-175,0.4444,0.4112,0.0808,0,0.5128,0.0683,0.1015,ev,multiplicative,projection,main,live,2026101240603BF9,2026-10-06T19:09:09.837Z
2026,5,19292,Jalon Daniels,TB,QB,at DAL,passYds,Hard Rock,294.5,over,209.11,1400,-6000,0.0667,0.0635,0.0503,0,0.1348,0.0682,0.0714,ev,multiplicative,projection,main,live,2026100942D78F91,2026-10-06T19:09:09.837Z
2026,5,8743,Geno Smith,NYJ,QB,vs CLE,passYds,Hard Rock,233.5,under,188.9,-240,165,0.7059,0.6516,0.0832,0,0.7740,0.0682,0.1224,ev,multiplicative,projection,main,live,2026101112C81881,2026-10-06T19:09:09.837Z
2026,5,14371,Jordan Love,GB,QB,vs CHI,passYds,Hard Rock,227.5,over,255.85,-135,-105,0.5745,0.5287,0.0867,0,0.6426,0.0682,0.1140,ev,multiplicative,projection,main,live,202610112660CB0C,2026-10-06T19:09:09.837Z
2026,5,12483,Josh Allen,BUF,QB,at LAR,rushYds,Hard Rock,47.5,under,37.26,-260,180,0.7222,0.6691,0.0794,0,0.7904,0.0682,0.1213,ev,multiplicative,projection,main,live,20261013A957AFD4,2026-10-06T19:09:09.837Z
2026,5,14411,CeeDee Lamb,DAL,WR,vs TB,recYds,Hard Rock,83.5,over,94.13,-110,-125,0.5238,0.4853,0.0794,0,0.5919,0.0681,0.1066,ev,multiplicative,projection,main,live,2026100942D78F91,2026-10-06T19:09:09.837Z
2026,5,11712,Deshaun Watson,CLE,QB,at NYJ,passYds,Hard Rock,143.5,under,198.41,450,-800,0.1818,0.1698,0.0707,0,0.2499,0.0681,0.0801,ev,multiplicative,projection,main,live,2026101112C81881,2026-10-06T19:09:09.837Z
2026,5,10819,Derrick Henry,BAL,RB,at ATL,rushYds,Hard Rock,133.5,under,97.07,-525,325,0.8400,0.7812,0.0753,0,0.9081,0.0681,0.1269,ev,multiplicative,projection,main,live,2026101240603BF9,2026-10-06T19:09:09.837Z
2026,5,5971,Matthew Stafford,LAR,QB,vs BUF,passYds,Hard Rock,302.5,under,260.27,-200,140,0.6667,0.6154,0.0833,0,0.7348,0.0681,0.1194,ev,multiplicative,projection,main,live,20261013A957AFD4,2026-10-06T19:09:09.837Z
2026,5,16032,Cade Otton,TB,TE,at DAL,recYds,DraftKings,14.5,over,36.11,-391,,0.7963,0.7963,,1,0.8643,0.0680,0.0680,ev,none,projection,main,live,2026100942D78F91,2026-10-06T19:09:09.837Z
2026,5,17716,Brian Thomas Jr.,JAX,WR,vs PHI,receptions,DraftKings,2.5,over,2.42,140,-180,0.4167,0.3933,0.0595,0,0.4846,0.0680,0.0914,ev,multiplicative,projection,main,live,2026101118C77B29,2026-10-06T19:09:09.837Z
2026,5,17716,Brian Thomas Jr.,JAX,WR,vs PHI,receptions,Caesars,2.5,over,2.42,140,-190,0.4167,0.3887,0.0718,0,0.4846,0.0680,0.0959,ev,multiplicative,projection,main,live,2026101118C77B29,2026-10-06T19:09:09.837Z
2026,5,15306,Javonte Williams,DAL,RB,vs TB,rushYds,Hard Rock,92.5,under,72.94,-275,190,0.7333,0.6802,0.0782,0,0.8013,0.0680,0.1211,ev,multiplicative,projection,main,live,2026100942D78F91,2026-10-06T19:09:09.837Z
2026,5,17716,Brian Thomas Jr.,JAX,WR,vs PHI,receptions,Hard Rock,2.5,over,2.42,140,-195,0.4167,0.3866,0.0777,0,0.4846,0.0680,0.0980,ev,multiplicative,projection,main,live,2026101118C77B29,2026-10-06T19:09:09.837Z
2026,5,16560,Rashid Shaheed,SEA,WR,vs SF,recYds,Hard Rock,41.5,over,30.27,325,-575,0.2353,0.2164,0.0871,0,0.3033,0.0680,0.0869,ev,multiplicative,projection,main,live,202610119C07AE76,2026-10-06T19:09:09.837Z
2026,5,10819,Derrick Henry,BAL,RB,at ATL,rushYds,Hard Rock,138.5,under,97.07,-650,375,0.8667,0.8046,0.0772,0,0.9346,0.0680,0.1301,ev,multiplicative,projection,main,live,2026101240603BF9,2026-10-06T19:09:09.837Z
2026,5,17690,Blake Corum,LAR,RB,vs BUF,rushYds,Hard Rock,70.5,over,43.22,650,-2000,0.1333,0.1228,0.0857,0,0.2014,0.0680,0.0786,ev,multiplicative,projection,main,live,20261013A957AFD4,2026-10-06T19:09:09.837Z
2026,5,18472,Harold Fannin Jr.,CLE,TE,at NYJ,recYds,FanDuel,29.5,over,39.39,-182,,0.6454,0.6454,,1,0.7133,0.0679,0.0679,ev,none,projection,main,live,2026101112C81881,2026-10-06T19:09:09.837Z
2026,5,18472,Harold Fannin Jr.,CLE,TE,at NYJ,receptions,FanDuel,2.5,over,4.1,-454,,0.8195,0.8195,,1,0.8874,0.0679,0.0679,ev,none,projection,main,live,2026101112C81881,2026-10-06T19:09:09.837Z
2026,5,14411,CeeDee Lamb,DAL,WR,vs TB,recYds,Hard Rock,95.5,over,94.13,140,-195,0.4167,0.3866,0.0777,0,0.4846,0.0679,0.0980,ev,multiplicative,projection,main,live,2026100942D78F91,2026-10-06T19:09:09.837Z
2026,5,8743,Geno Smith,NYJ,QB,vs CLE,rushYds,Hard Rock,30.5,under,13.84,-1200,525,0.9231,0.8523,0.0831,0,0.9910,0.0679,0.1387,ev,multiplicative,projection,main,live,2026101112C81881,2026-10-06T19:09:09.837Z
2026,5,18516,Quinshon Judkins,CLE,RB,at NYJ,rushYds,Hard Rock,103.5,under,59.27,-950,500,0.9048,0.8444,0.0714,0,0.9727,0.0679,0.1283,ev,multiplicative,projection,main,live,2026101112C81881,2026-10-06T19:09:09.837Z
2026,5,11690,Christian McCaffrey,SF,RB,at SEA,recYds,Hard Rock,62.5,under,29.68,-800,425,0.8889,0.8235,0.0794,0,0.9568,0.0679,0.1333,ev,multiplicative,projection,main,live,202610119C07AE76,2026-10-06T19:09:09.837Z
2026,5,17690,Blake Corum,LAR,RB,vs BUF,rushYds,Hard Rock,71.5,over,43.22,700,-2200,0.1250,0.1156,0.0815,0,0.1929,0.0679,0.0773,ev,multiplicative,projection,main,live,20261013A957AFD4,2026-10-06T19:09:09.837Z
2026,5,16032,Cade Otton,TB,TE,at DAL,recYds,Hard Rock,40.5,over,36.11,190,-275,0.3448,0.3198,0.0782,0,0.4126,0.0678,0.0928,ev,multiplicative,projection,main,live,2026100942D78F91,2026-10-06T19:09:09.837Z
2026,5,10819,Derrick Henry,BAL,RB,at ATL,rushYds,Hard Rock,134.5,under,97.07,-550,325,0.8462,0.7824,0.0814,0,0.9139,0.0678,0.1315,ev,multiplicative,projection,main,live,2026101240603BF9,2026-10-06T19:09:09.837Z
2026,5,15868,Drake London,ATL,WR,vs BAL,recYds,Hard Rock,94.5,over,93.95,135,-190,0.4255,0.3938,0.0807,0,0.4933,0.0678,0.0996,ev,multiplicative,projection,main,live,2026101240603BF9,2026-10-06T19:09:09.837Z
2026,5,15947,Jake Ferguson,DAL,TE,vs TB,recYds,theScore,19.5,over,31.8,-250,,0.7143,0.7143,,1,0.7820,0.0677,0.0677,ev,none,projection,main,live,2026100942D78F91,2026-10-06T19:09:09.837Z
2026,5,15853,George Pickens,DAL,WR,vs TB,recYds,Hard Rock,46.5,over,66.73,-240,165,0.7059,0.6516,0.0832,0,0.7735,0.0677,0.1219,ev,multiplicative,projection,main,live,2026100942D78F91,2026-10-06T19:09:09.837Z
2026,5,16946,Tyson Bagent,CHI,QB,at GB,passYds,Hard Rock,195.5,under,204.05,155,-220,0.3922,0.3632,0.0797,0,0.4598,0.0677,0.0966,ev,multiplicative,projection,main,live,202610112660CB0C,2026-10-06T19:09:09.837Z
2026,5,15834,Brock Purdy,SF,QB,at SEA,rushYds,Hard Rock,30.5,under,17.22,-400,250,0.8000,0.7368,0.0857,0,0.8677,0.0677,0.1308,ev,multiplicative,projection,main,live,202610119C07AE76,2026-10-06T19:09:09.837Z
2026,5,10819,Derrick Henry,BAL,RB,at ATL,rushYds,Hard Rock,136.5,under,97.07,-600,350,0.8571,0.7941,0.0794,0,0.9248,0.0677,0.1307,ev,multiplicative,projection,main,live,2026101240603BF9,2026-10-06T19:09:09.837Z
2026,5,10819,Derrick Henry,BAL,RB,at ATL,rushYds,Hard Rock,135.5,under,97.07,-575,350,0.8519,0.7931,0.0741,0,0.9195,0.0677,0.1264,ev,multiplicative,projection,main,live,2026101240603BF9,2026-10-06T19:09:09.837Z
2026,5,15853,George Pickens,DAL,WR,vs TB,recYds,FanDuel,49.5,over,66.73,-204,,0.6711,0.6711,,1,0.7387,0.0676,0.0676,ev,none,projection,main,live,2026100942D78F91,2026-10-06T19:09:09.837Z
2026,5,15306,Javonte Williams,DAL,RB,vs TB,recYds,Hard Rock,40.5,under,16.44,-750,400,0.8824,0.8152,0.0824,0,0.9499,0.0676,0.1347,ev,multiplicative,projection,main,live,2026100942D78F91,2026-10-06T19:09:09.837Z
2026,5,15876,James Cook,BUF,RB,at LAR,rushYds,Hard Rock,48.5,over,88.04,-500,300,0.8333,0.7692,0.0833,0,0.9010,0.0676,0.1317,ev,multiplicative,projection,main,live,20261013A957AFD4,2026-10-06T19:09:09.837Z
2026,5,13429,Deebo Samuel Sr.,SF,WR,at SEA,receptions,Caesars,4.5,over,3.78,210,,0.3226,0.3226,,1,0.3901,0.0675,0.0675,ev,none,projection,main,live,202610119C07AE76,2026-10-06T19:09:09.837Z
2026,5,15306,Javonte Williams,DAL,RB,vs TB,recYds,Hard Rock,38.5,under,16.44,-650,350,0.8667,0.7959,0.0889,0,0.9342,0.0675,0.1382,ev,multiplicative,projection,main,live,2026100942D78F91,2026-10-06T19:09:09.837Z
2026,5,15306,Javonte Williams,DAL,RB,vs TB,recYds,Hard Rock,39.5,under,16.44,-700,375,0.8750,0.8061,0.0855,0,0.9425,0.0675,0.1364,ev,multiplicative,projection,main,live,2026100942D78F91,2026-10-06T19:09:09.837Z
2026,5,15829,Garrett Wilson,NYJ,WR,vs CLE,recYds,Hard Rock,94.5,under,62.78,-350,230,0.7778,0.7196,0.0808,0,0.8453,0.0675,0.1256,ev,multiplicative,projection,main,live,2026101112C81881,2026-10-06T19:09:09.837Z
2026,5,13429,Deebo Samuel Sr.,SF,WR,at SEA,receptions,Hard Rock,4.5,over,3.78,210,-300,0.3226,0.3008,0.0726,0,0.3901,0.0675,0.0893,ev,multiplicative,projection,main,live,202610119C07AE76,2026-10-06T19:09:09.837Z
2026,5,11690,Christian McCaffrey,SF,RB,at SEA,rushYds,Hard Rock,80.5,under,58.96,-425,275,0.8095,0.7522,0.0762,0,0.8771,0.0675,0.1248,ev,multiplicative,projection,main,live,202610119C07AE76,2026-10-06T19:09:09.837Z
2026,5,16560,Rashid Shaheed,SEA,WR,vs SF,receptions,FanDuel,1.5,over,2.23,-172,128,0.6324,0.5905,0.0709,0,0.6998,0.0674,0.1093,ev,multiplicative,projection,main,live,202610119C07AE76,2026-10-06T19:09:09.837Z
2026,5,13427,Justice Hill,BAL,RB,at ATL,rushYds,FanDuel,24.5,over,19.25,316,,0.2404,0.2404,,1,0.3077,0.0674,0.0674,ev,none,projection,main,live,2026101240603BF9,2026-10-06T19:09:09.837Z
2026,5,15868,Drake London,ATL,WR,vs BAL,recYds,FanDuel,89.5,over,93.95,112,,0.4717,0.4717,,1,0.5391,0.0674,0.0674,ev,none,projection,main,live,2026101240603BF9,2026-10-06T19:09:09.837Z
2026,5,15947,Jake Ferguson,DAL,TE,vs TB,recYds,Hard Rock,17.5,over,31.8,-300,200,0.7500,0.6923,0.0833,0,0.8174,0.0674,0.1251,ev,multiplicative,projection,main,live,2026100942D78F91,2026-10-06T19:09:09.837Z
2026,5,18549,Emeka Egbuka,TB,WR,at DAL,recYds,Hard Rock,64.5,over,46.67,400,-700,0.2000,0.1860,0.0750,0,0.2674,0.0674,0.0814,ev,multiplicative,projection,main,live,2026100942D78F91,2026-10-06T19:09:09.837Z
2026,5,15265,Kyle Pitts,ATL,TE,vs BAL,receptions,Hard Rock,2.5,over,2.71,105,-135,0.4878,0.4592,0.0623,0,0.5552,0.0674,0.0960,ev,multiplicative,projection,main,live,2026101240603BF9,2026-10-06T19:09:09.837Z
2026,5,15868,Drake London,ATL,WR,vs BAL,recYds,Hard Rock,83.5,over,93.95,-110,-125,0.5238,0.4853,0.0794,0,0.5912,0.0674,0.1059,ev,multiplicative,projection,main,live,2026101240603BF9,2026-10-06T19:09:09.837Z
2026,5,17690,Blake Corum,LAR,RB,vs BUF,rushYds,Hard Rock,15.5,over,43.22,-500,300,0.8333,0.7692,0.0833,0,0.9008,0.0674,0.1315,ev,multiplicative,projection,main,live,20261013A957AFD4,2026-10-06T19:09:09.837Z
2026,5,11712,Deshaun Watson,CLE,QB,at NYJ,passYds,Hard Rock,145.5,under,198.41,425,-750,0.1905,0.1775,0.0728,0,0.2578,0.0673,0.0802,ev,multiplicative,projection,main,live,2026101112C81881,2026-10-06T19:09:09.837Z
2026,5,12559,Mark Andrews,BAL,TE,at ATL,recYds,Hard Rock,44.5,over,39.91,200,-300,0.3333,0.3077,0.0833,0,0.4006,0.0673,0.0929,ev,multiplicative,projection,main,live,2026101240603BF9,2026-10-06T19:09:09.837Z
2026,5,9455,Davante Adams,LAR,WR,vs BUF,recYds,Hard Rock,56.5,over,79.89,-150,110,0.6000,0.5575,0.0762,0,0.6673,0.0673,0.1098,ev,multiplicative,projection,main,live,20261013A957AFD4,2026-10-06T19:09:09.837Z
2026,5,17017,Brenton Strange,JAX,TE,vs PHI,recYds,Hard Rock,60.5,under,40.27,-500,300,0.8333,0.7692,0.0833,0,0.9006,0.0672,0.1313,ev,multiplicative,projection,main,live,2026101118C77B29,2026-10-06T19:09:09.837Z
2026,5,8057,Kirk Cousins,LV,QB,at NE,passYds,Hard Rock,207.5,under,210.38,135,-190,0.4255,0.3938,0.0807,0,0.4927,0.0672,0.0990,ev,multiplicative,projection,main,live,202610116AF20186,2026-10-06T19:09:09.837Z
2026,5,15265,Kyle Pitts,ATL,TE,vs BAL,recYds,Hard Rock,10.5,over,33,-400,240,0.8000,0.7312,0.0941,0,0.8672,0.0672,0.1361,ev,multiplicative,projection,main,live,2026101240603BF9,2026-10-06T19:09:09.837Z
2026,5,15990,Tyler Goodson,DAL,RB,vs TB,rushYds,Hard Rock,43.5,under,18.05,-900,450,0.9000,0.8319,0.0818,0,0.9671,0.0671,0.1352,ev,multiplicative,projection,main,live,2026100942D78F91,2026-10-06T19:09:09.837Z
2026,5,8057,Kirk Cousins,LV,QB,at NE,passYds,Hard Rock,236.5,under,210.38,-150,115,0.6000,0.5633,0.0651,0,0.6671,0.0671,0.1037,ev,multiplicative,projection,main,live,202610116AF20186,2026-10-06T19:09:09.837Z
2026,5,15868,Drake London,ATL,WR,vs BAL,recYds,FanDuel,82.5,over,93.95,-114,-114,0.5327,0.5000,0.0654,0,0.5997,0.0670,0.0997,ev,multiplicative,projection,main,live,2026101240603BF9,2026-10-06T19:09:09.837Z
2026,5,18524,Bhayshul Tuten,JAX,RB,vs PHI,rushYds,Hard Rock,32.5,under,58.83,400,-700,0.2000,0.1860,0.0750,0,0.2670,0.0670,0.0810,ev,multiplicative,projection,main,live,2026101118C77B29,2026-10-06T19:09:09.837Z
2026,5,17017,Brenton Strange,JAX,TE,vs PHI,recYds,Hard Rock,58.5,under,40.27,-425,275,0.8095,0.7522,0.0762,0,0.8765,0.0670,0.1243,ev,multiplicative,projection,main,live,2026101118C77B29,2026-10-06T19:09:09.837Z
2026,5,18516,Quinshon Judkins,CLE,RB,at NYJ,rushYds,Hard Rock,98.5,under,59.27,-800,425,0.8889,0.8235,0.0794,0,0.9559,0.0670,0.1324,ev,multiplicative,projection,main,live,2026101112C81881,2026-10-06T19:09:09.837Z
2026,5,8743,Geno Smith,NYJ,QB,vs CLE,passYds,Hard Rock,242.5,under,188.9,-300,210,0.7500,0.6992,0.0726,0,0.8170,0.0670,0.1178,ev,multiplicative,projection,main,live,2026101112C81881,2026-10-06T19:09:09.837Z
2026,5,15829,Garrett Wilson,NYJ,WR,vs CLE,recYds,Hard Rock,97.5,under,62.78,-400,260,0.8000,0.7423,0.0778,0,0.8670,0.0670,0.1248,ev,multiplicative,projection,main,live,2026101112C81881,2026-10-06T19:09:09.837Z
2026,5,15868,Drake London,ATL,WR,vs BAL,recYds,Hard Rock,91.5,over,93.95,120,-170,0.4545,0.4193,0.0842,0,0.5216,0.0670,0.1023,ev,multiplicative,projection,main,live,2026101240603BF9,2026-10-06T19:09:09.837Z
2026,5,15907,Brian Robinson Jr.,ATL,RB,vs BAL,rushYds,Hard Rock,39.5,under,23.17,-155,110,0.6078,0.5607,0.0840,0,0.6749,0.0670,0.1142,ev,multiplicative,projection,main,live,2026101240603BF9,2026-10-06T19:09:09.837Z
2026,5,5971,Matthew Stafford,LAR,QB,vs BUF,passYds,Hard Rock,304.5,under,260.27,-210,150,0.6774,0.6287,0.0774,0,0.7444,0.0670,0.1157,ev,multiplicative,projection,main,live,20261013A957AFD4,2026-10-06T19:09:09.837Z
2026,5,15222,Kenneth Gainwell,TB,RB,at DAL,receptions,Hard Rock,0.5,over,2.26,-575,350,0.8519,0.7931,0.0741,0,0.9187,0.0669,0.1256,ev,multiplicative,projection,main,live,2026100942D78F91,2026-10-06T19:09:09.837Z
2026,5,15834,Brock Purdy,SF,QB,at SEA,rushYds,Hard Rock,37.5,under,17.22,-800,425,0.8889,0.8235,0.0794,0,0.9558,0.0669,0.1322,ev,multiplicative,projection,main,live,202610119C07AE76,2026-10-06T19:09:09.837Z
2026,5,17690,Blake Corum,LAR,RB,vs BUF,rushYds,Hard Rock,72.5,over,43.22,750,-2200,0.1176,0.1095,0.0742,0,0.1846,0.0669,0.0750,ev,multiplicative,projection,main,live,20261013A957AFD4,2026-10-06T19:09:09.837Z
2026,5,15306,Javonte Williams,DAL,RB,vs TB,rushYds,Hard Rock,91.5,under,72.94,-260,180,0.7222,0.6691,0.0794,0,0.7890,0.0668,0.1199,ev,multiplicative,projection,main,live,2026100942D78F91,2026-10-06T19:09:09.837Z
2026,5,19292,Jalon Daniels,TB,QB,at DAL,passYds,Hard Rock,296.5,over,209.11,1500,-7000,0.0625,0.0596,0.0484,0,0.1293,0.0668,0.0697,ev,multiplicative,projection,main,live,2026100942D78F91,2026-10-06T19:09:09.837Z
2026,5,8743,Geno Smith,NYJ,QB,vs CLE,passYds,Hard Rock,231.5,under,188.9,-230,160,0.6970,0.6444,0.0816,0,0.7638,0.0668,0.1194,ev,multiplicative,projection,main,live,2026101112C81881,2026-10-06T19:09:09.837Z
2026,5,11690,Christian McCaffrey,SF,RB,at SEA,rushYds,Hard Rock,98.5,under,58.96,-1100,500,0.9167,0.8462,0.0833,0,0.9834,0.0668,0.1373,ev,multiplicative,projection,main,live,202610119C07AE76,2026-10-06T19:09:09.837Z
2026,5,5971,Matthew Stafford,LAR,QB,vs BUF,passYds,Hard Rock,312.5,under,260.27,-250,175,0.7143,0.6627,0.0779,0,0.7811,0.0668,0.1184,ev,multiplicative,projection,main,live,20261013A957AFD4,2026-10-06T19:09:09.837Z
2026,5,15990,Tyler Goodson,DAL,RB,vs TB,rushYds,Hard Rock,42.5,under,18.05,-850,425,0.8947,0.8245,0.0852,0,0.9614,0.0667,0.1370,ev,multiplicative,projection,main,live,2026100942D78F91,2026-10-06T19:09:09.837Z
2026,5,19292,Jalon Daniels,TB,QB,at DAL,rushYds,Hard Rock,81.5,under,20.13,-1400,600,0.9333,0.8673,0.0762,0,1.0000,0.0667,0.1327,ev,multiplicative,projection,main,live,2026100942D78F91,2026-10-06T19:09:09.837Z
2026,5,8743,Geno Smith,NYJ,QB,vs CLE,passYds,Hard Rock,236.5,under,188.9,-260,175,0.7222,0.6651,0.0859,0,0.7890,0.0667,0.1239,ev,multiplicative,projection,main,live,2026101112C81881,2026-10-06T19:09:09.837Z
2026,5,8743,Geno Smith,NYJ,QB,vs CLE,rushYds,Hard Rock,13.5,over,13.84,120,-160,0.4545,0.4248,0.0699,0,0.5213,0.0667,0.0964,ev,multiplicative,projection,main,live,2026101112C81881,2026-10-06T19:09:09.837Z
2026,5,15829,Garrett Wilson,NYJ,WR,vs CLE,recYds,Hard Rock,101.5,under,62.78,-475,300,0.8261,0.7677,0.0761,0,0.8926,0.0666,0.1250,ev,multiplicative,projection,main,live,2026101112C81881,2026-10-06T19:09:09.837Z
2026,5,11690,Christian McCaffrey,SF,RB,at SEA,recYds,Hard Rock,63.5,under,29.68,-850,450,0.8947,0.8311,0.0766,0,0.9614,0.0666,0.1303,ev,multiplicative,projection,main,live,202610119C07AE76,2026-10-06T19:09:09.837Z
2026,5,9253,Mike Evans,SF,WR,at SEA,recYds,Hard Rock,78.5,over,64.8,325,-525,0.2353,0.2188,0.0753,0,0.3019,0.0666,0.0831,ev,multiplicative,projection,main,live,202610119C07AE76,2026-10-06T19:09:09.837Z
2026,5,16919,Zay Flowers,BAL,WR,at ATL,recYds,Hard Rock,95.5,over,84.25,250,-375,0.2857,0.2657,0.0752,0,0.3523,0.0666,0.0865,ev,multiplicative,projection,main,live,2026101240603BF9,2026-10-06T19:09:09.837Z
2026,5,10819,Derrick Henry,BAL,RB,at ATL,rushYds,Hard Rock,145.5,under,97.07,-850,450,0.8947,0.8311,0.0766,0,0.9614,0.0666,0.1302,ev,multiplicative,projection,main,live,2026101240603BF9,2026-10-06T19:09:09.837Z
2026,5,14371,Jordan Love,GB,QB,vs CHI,passYds,DraftKings,319.5,over,255.85,750,,0.1176,0.1176,,1,0.1841,0.0665,0.0665,ev,none,projection,main,live,202610112660CB0C,2026-10-06T19:09:09.837Z
2026,5,14411,CeeDee Lamb,DAL,WR,vs TB,recYds,Hard Rock,90.5,over,94.13,115,-165,0.4651,0.4276,0.0878,0,0.5316,0.0665,0.1040,ev,multiplicative,projection,main,live,2026100942D78F91,2026-10-06T19:09:09.837Z
2026,5,14416,Jalen Hurts,PHI,QB,at JAX,rushYds,Hard Rock,55.5,under,24.48,-1400,575,0.9333,0.8630,0.0815,0,0.9998,0.0665,0.1368,ev,multiplicative,projection,main,live,2026101118C77B29,2026-10-06T19:09:09.837Z
2026,5,15876,James Cook,BUF,RB,at LAR,rushYds,Hard Rock,47.5,over,88.04,-525,325,0.8400,0.7812,0.0753,0,0.9065,0.0665,0.1253,ev,multiplicative,projection,main,live,20261013A957AFD4,2026-10-06T19:09:09.837Z
2026,5,17784,Bucky Irving,TB,RB,at DAL,rushYds,BetRivers,39.5,over,75.16,-278,,0.7354,0.7354,,1,0.8019,0.0664,0.0664,ev,none,projection,main,live,2026100942D78F91,2026-10-06T19:09:09.837Z
2026,5,16690,Parker Washington,JAX,WR,vs PHI,recYds,Hard Rock,115.5,under,68.35,-1400,575,0.9333,0.8630,0.0815,0,0.9998,0.0664,0.1367,ev,multiplicative,projection,main,live,2026101118C77B29,2026-10-06T19:09:09.837Z
2026,5,14371,Jordan Love,GB,QB,vs CHI,passYds,Hard Rock,222.5,over,255.85,-150,110,0.6000,0.5575,0.0762,0,0.6664,0.0664,0.1089,ev,multiplicative,projection,main,live,202610112660CB0C,2026-10-06T19:09:09.837Z
2026,5,12483,Josh Allen,BUF,QB,at LAR,rushYds,Hard Rock,66.5,under,37.26,-1200,525,0.9231,0.8523,0.0831,0,0.9895,0.0664,0.1372,ev,multiplicative,projection,main,live,20261013A957AFD4,2026-10-06T19:09:09.837Z
2026,5,5971,Matthew Stafford,LAR,QB,vs BUF,passYds,Hard Rock,306.5,under,260.27,-220,155,0.6875,0.6368,0.0797,0,0.7539,0.0664,0.1171,ev,multiplicative,projection,main,live,20261013A957AFD4,2026-10-06T19:09:09.837Z
2026,5,16790,Puka Nacua,LAR,WR,vs BUF,receptions,BetRivers,11.5,over,6.49,1200,,0.0769,0.0769,,1,0.1432,0.0663,0.0663,ev,none,projection,main,live,20261013A957AFD4,2026-10-06T19:09:09.837Z
2026,5,11008,Dak Prescott,DAL,QB,vs TB,rushYds,Hard Rock,16.5,over,14,190,-275,0.3448,0.3198,0.0782,0,0.4112,0.0663,0.0913,ev,multiplicative,projection,main,live,2026100942D78F91,2026-10-06T19:09:09.837Z
2026,5,19292,Jalon Daniels,TB,QB,at DAL,passYds,Hard Rock,167.5,over,209.11,-160,115,0.6154,0.5695,0.0805,0,0.6817,0.0663,0.1121,ev,multiplicative,projection,main,live,2026100942D78F91,2026-10-06T19:09:09.837Z
2026,5,19607,Kaelon Black,SF,RB,at SEA,rushYds,theScore,59.5,over,15.13,1200,,0.0769,0.0769,,1,0.1432,0.0663,0.0663,ev,none,projection,main,live,202610119C07AE76,2026-10-06T19:09:09.837Z
2026,5,17690,Blake Corum,LAR,RB,vs BUF,rushYds,Hard Rock,16.5,over,43.22,-475,275,0.8261,0.7560,0.0928,0,0.8924,0.0663,0.1365,ev,multiplicative,projection,main,live,20261013A957AFD4,2026-10-06T19:09:09.837Z
2026,5,5971,Matthew Stafford,LAR,QB,vs BUF,passYds,Hard Rock,310.5,under,260.27,-240,170,0.7059,0.6559,0.0763,0,0.7722,0.0663,0.1163,ev,multiplicative,projection,main,live,20261013A957AFD4,2026-10-06T19:09:09.837Z
2026,5,15947,Jake Ferguson,DAL,TE,vs TB,recYds,FanDuel,14.5,over,31.8,-393,,0.7972,0.7972,,1,0.8634,0.0662,0.0662,ev,none,projection,main,live,2026100942D78F91,2026-10-06T19:09:09.837Z
2026,5,15222,Kenneth Gainwell,TB,RB,at DAL,receptions,DraftKings,2.5,over,2.26,160,,0.3846,0.3846,,1,0.4508,0.0662,0.0662,ev,none,projection,main,live,2026100942D78F91,2026-10-06T19:09:09.837Z
2026,5,15265,Kyle Pitts,ATL,TE,vs BAL,receptions,FanDuel,4.5,over,2.71,518,,0.1618,0.1618,,1,0.2281,0.0662,0.0662,ev,none,projection,main,live,2026101240603BF9,2026-10-06T19:09:09.837Z
2026,5,14411,CeeDee Lamb,DAL,WR,vs TB,recYds,Hard Rock,86.5,over,94.13,100,-140,0.5000,0.4615,0.0833,0,0.5662,0.0662,0.1047,ev,multiplicative,projection,main,live,2026100942D78F91,2026-10-06T19:09:09.837Z
2026,5,18516,Quinshon Judkins,CLE,RB,at NYJ,rushYds,Hard Rock,104.5,under,59.27,-1000,500,0.9091,0.8451,0.0758,0,0.9753,0.0662,0.1303,ev,multiplicative,projection,main,live,2026101112C81881,2026-10-06T19:09:09.837Z
2026,5,8743,Geno Smith,NYJ,QB,vs CLE,passYds,Hard Rock,230.5,under,188.9,-225,155,0.6923,0.6384,0.0845,0,0.7585,0.0662,0.1202,ev,multiplicative,projection,main,live,2026101112C81881,2026-10-06T19:09:09.837Z
2026,5,16654,Jaxon Smith-Njigba,SEA,WR,vs SF,receptions,theScore,8.5,over,6.73,250,,0.2857,0.2857,,1,0.3519,0.0662,0.0662,ev,none,projection,main,live,202610119C07AE76,2026-10-06T19:09:09.837Z
2026,5,16654,Jaxon Smith-Njigba,SEA,WR,vs SF,receptions,Hard Rock,10.5,over,6.73,600,-1600,0.1429,0.1318,0.0840,0,0.2090,0.0662,0.0772,ev,multiplicative,projection,main,live,202610119C07AE76,2026-10-06T19:09:09.837Z
2026,5,16739,Bijan Robinson,ATL,RB,vs BAL,recYds,Hard Rock,21.5,over,36.4,-195,135,0.6610,0.6084,0.0865,0,0.7272,0.0662,0.1188,ev,multiplicative,projection,main,live,2026101240603BF9,2026-10-06T19:09:09.837Z
2026,5,15990,Tyler Goodson,DAL,RB,vs TB,rushYds,Hard Rock,41.5,under,18.05,-800,425,0.8889,0.8235,0.0794,0,0.9550,0.0661,0.1315,ev,multiplicative,projection,main,live,2026100942D78F91,2026-10-06T19:09:09.837Z
2026,5,17716,Brian Thomas Jr.,JAX,WR,vs PHI,receptions,theScore,3.5,over,2.42,325,,0.2353,0.2353,,1,0.3014,0.0661,0.0661,ev,none,projection,main,live,2026101118C77B29,2026-10-06T19:09:09.837Z
2026,5,9455,Davante Adams,LAR,WR,vs BUF,recYds,Hard Rock,55.5,over,79.89,-155,115,0.6078,0.5665,0.0730,0,0.6740,0.0661,0.1075,ev,multiplicative,projection,main,live,20261013A957AFD4,2026-10-06T19:09:09.837Z
2026,5,14411,CeeDee Lamb,DAL,WR,vs TB,recYds,Caesars,79.5,over,94.13,-127,,0.5595,0.5595,,1,0.6255,0.0660,0.0660,ev,none,projection,main,live,2026100942D78F91,2026-10-06T19:09:09.837Z
2026,5,8057,Kirk Cousins,LV,QB,at NE,passYds,FanDuel,225.5,under,210.38,-114,-114,0.5327,0.5000,0.0654,0,0.5987,0.0660,0.0987,ev,multiplicative,projection,main,live,202610116AF20186,2026-10-06T19:09:09.837Z
2026,5,15853,George Pickens,DAL,WR,vs TB,recYds,Hard Rock,39.5,over,66.73,-350,230,0.7778,0.7196,0.0808,0,0.8438,0.0660,0.1242,ev,multiplicative,projection,main,live,2026100942D78F91,2026-10-06T19:09:09.837Z
2026,5,17702,Braelon Allen,NYJ,RB,vs CLE,rushYds,Hard Rock,102.5,under,38.23,-500,325,0.8333,0.7798,0.0686,0,0.8994,0.0660,0.1196,ev,multiplicative,projection,main,live,2026101112C81881,2026-10-06T19:09:09.837Z
2026,5,8057,Kirk Cousins,LV,QB,at NE,passYds,Hard Rock,227.5,under,210.38,-120,-110,0.5455,0.5101,0.0693,0,0.6114,0.0660,0.1013,ev,multiplicative,projection,main,live,202610116AF20186,2026-10-06T19:09:09.837Z
2026,5,11690,Christian McCaffrey,SF,RB,at SEA,recYds,Hard Rock,27.5,under,29.68,155,-220,0.3922,0.3632,0.0797,0,0.4581,0.0660,0.0949,ev,multiplicative,projection,main,live,202610119C07AE76,2026-10-06T19:09:09.837Z
2026,5,10819,Derrick Henry,BAL,RB,at ATL,rushYds,Hard Rock,143.5,under,97.07,-800,425,0.8889,0.8235,0.0794,0,0.9548,0.0660,0.1313,ev,multiplicative,projection,main,live,2026101240603BF9,2026-10-06T19:09:09.837Z
2026,5,15850,Jahan Dotson,ATL,WR,vs BAL,recYds,Hard Rock,55.5,under,15.76,-1300,550,0.9286,0.8579,0.0824,0,0.9944,0.0659,0.1366,ev,multiplicative,projection,main,live,2026101240603BF9,2026-10-06T19:09:09.837Z
2026,5,11712,Deshaun Watson,CLE,QB,at NYJ,passYds,Hard Rock,147.5,under,198.41,400,-700,0.2000,0.1860,0.0750,0,0.2658,0.0658,0.0797,ev,multiplicative,projection,main,live,2026101112C81881,2026-10-06T19:09:09.837Z
2026,5,8743,Geno Smith,NYJ,QB,vs CLE,passYds,Hard Rock,229.5,under,188.9,-220,155,0.6875,0.6368,0.0797,0,0.7533,0.0658,0.1165,ev,multiplicative,projection,main,live,2026101112C81881,2026-10-06T19:09:09.837Z
2026,5,17673,Drake Maye,NE,QB,vs LV,completions,DraftKings,19.5,over,21.01,-111,-115,0.5261,0.4958,0.0610,0,0.5917,0.0657,0.0959,ev,multiplicative,projection,main,live,202610116AF20186,2026-10-06T19:09:09.837Z
2026,5,15265,Kyle Pitts,ATL,TE,vs BAL,recYds,Caesars,49.5,over,33,425,,0.1905,0.1905,,1,0.2562,0.0657,0.0657,ev,none,projection,main,live,2026101240603BF9,2026-10-06T19:09:09.837Z
2026,5,15853,George Pickens,DAL,WR,vs TB,recYds,Hard Rock,42.5,over,66.73,-300,200,0.7500,0.6923,0.0833,0,0.8157,0.0657,0.1234,ev,multiplicative,projection,main,live,2026100942D78F91,2026-10-06T19:09:09.837Z
2026,5,19292,Jalon Daniels,TB,QB,at DAL,passYds,Hard Rock,169.5,over,209.11,-155,110,0.6078,0.5607,0.0840,0,0.6735,0.0657,0.1128,ev,multiplicative,projection,main,live,2026100942D78F91,2026-10-06T19:09:09.837Z
2026,5,17716,Brian Thomas Jr.,JAX,WR,vs PHI,recYds,theScore,39.5,over,33.71,200,,0.3333,0.3333,,1,0.3990,0.0657,0.0657,ev,none,projection,main,live,2026101118C77B29,2026-10-06T19:09:09.837Z
2026,5,16946,Tyson Bagent,CHI,QB,at GB,passYds,Hard Rock,198.5,under,204.05,145,-200,0.4082,0.3797,0.0748,0,0.4739,0.0657,0.0942,ev,multiplicative,projection,main,live,202610112660CB0C,2026-10-06T19:09:09.837Z
2026,5,15876,James Cook,BUF,RB,at LAR,rushYds,Hard Rock,46.5,over,88.04,-550,325,0.8462,0.7824,0.0814,0,0.9118,0.0657,0.1294,ev,multiplicative,projection,main,live,20261013A957AFD4,2026-10-06T19:09:09.837Z
2026,5,18549,Emeka Egbuka,TB,WR,at DAL,receptions,DraftKings,6.5,over,3.52,1320,,0.0704,0.0704,,1,0.1360,0.0656,0.0656,ev,none,projection,main,live,2026100942D78F91,2026-10-06T19:09:09.837Z
2026,5,9253,Mike Evans,SF,WR,at SEA,recYds,DraftKings,79.5,over,64.8,348,,0.2232,0.2232,,1,0.2889,0.0656,0.0656,ev,none,projection,main,live,202610119C07AE76,2026-10-06T19:09:09.837Z
2026,5,16739,Bijan Robinson,ATL,RB,vs BAL,recYds,Caesars,39.5,over,36.4,182,,0.3546,0.3546,,1,0.4202,0.0656,0.0656,ev,none,projection,main,live,2026101240603BF9,2026-10-06T19:09:09.837Z
2026,5,16032,Cade Otton,TB,TE,at DAL,recYds,Hard Rock,13.5,over,36.11,-425,275,0.8095,0.7522,0.0762,0,0.8751,0.0656,0.1229,ev,multiplicative,projection,main,live,2026100942D78F91,2026-10-06T19:09:09.837Z
2026,5,18549,Emeka Egbuka,TB,WR,at DAL,recYds,Hard Rock,65.5,over,46.67,425,-750,0.1905,0.1775,0.0728,0,0.2561,0.0656,0.0786,ev,multiplicative,projection,main,live,2026100942D78F91,2026-10-06T19:09:09.837Z
2026,5,11690,Christian McCaffrey,SF,RB,at SEA,recYds,Hard Rock,64.5,under,29.68,-900,450,0.9000,0.8319,0.0818,0,0.9656,0.0656,0.1336,ev,multiplicative,projection,main,live,202610119C07AE76,2026-10-06T19:09:09.837Z
2026,5,15357,Trevor Lawrence,JAX,QB,vs PHI,int,BetRivers,0.5,under,0.57,100,-130,0.5000,0.4694,0.0652,0,0.5655,0.0655,0.0961,ev,multiplicative,projection,main,live,2026101118C77B29,2026-10-06T19:09:09.837Z
2026,5,15306,Javonte Williams,DAL,RB,vs TB,rushYds,Hard Rock,121.5,under,72.94,-1100,500,0.9167,0.8462,0.0833,0,0.9822,0.0655,0.1360,ev,multiplicative,projection,main,live,2026100942D78F91,2026-10-06T19:09:09.837Z
2026,5,14411,CeeDee Lamb,DAL,WR,vs TB,recYds,Hard Rock,82.5,over,94.13,-115,-120,0.5349,0.4951,0.0803,0,0.6004,0.0655,0.1052,ev,multiplicative,projection,main,live,2026100942D78F91,2026-10-06T19:09:09.837Z
2026,5,8057,Kirk Cousins,LV,QB,at NE,passYds,Hard Rock,233.5,under,210.38,-140,105,0.5833,0.5446,0.0711,0,0.6488,0.0655,0.1043,ev,multiplicative,projection,main,live,202610116AF20186,2026-10-06T19:09:09.837Z
2026,5,15853,George Pickens,DAL,WR,vs TB,recYds,Hard Rock,50.5,over,66.73,-195,140,0.6610,0.6134,0.0777,0,0.7265,0.0654,0.1131,ev,multiplicative,projection,main,live,2026100942D78F91,2026-10-06T19:09:09.837Z
2026,5,19292,Jalon Daniels,TB,QB,at DAL,passYds,Hard Rock,295.5,over,209.11,1400,-7000,0.0667,0.0633,0.0526,0,0.1321,0.0654,0.0687,ev,multiplicative,projection,main,live,2026100942D78F91,2026-10-06T19:09:09.837Z
2026,5,8743,Geno Smith,NYJ,QB,vs CLE,passYds,Hard Rock,245.5,under,188.9,-325,225,0.7647,0.7131,0.0724,0,0.8301,0.0654,0.1170,ev,multiplicative,projection,main,live,2026101112C81881,2026-10-06T19:09:09.837Z
2026,5,8743,Geno Smith,NYJ,QB,vs CLE,passYds,Hard Rock,238.5,under,188.9,-275,185,0.7333,0.6764,0.0842,0,0.7986,0.0653,0.1222,ev,multiplicative,projection,main,live,2026101112C81881,2026-10-06T19:09:09.837Z
2026,5,9253,Mike Evans,SF,WR,at SEA,recYds,Hard Rock,77.5,over,64.8,300,-500,0.2500,0.2308,0.0833,0,0.3153,0.0653,0.0845,ev,multiplicative,projection,main,live,202610119C07AE76,2026-10-06T19:09:09.837Z
2026,5,16560,Rashid Shaheed,SEA,WR,vs SF,recYds,Hard Rock,42.5,over,30.27,350,-600,0.2222,0.2059,0.0794,0,0.2875,0.0653,0.0816,ev,multiplicative,projection,main,live,202610119C07AE76,2026-10-06T19:09:09.837Z
2026,5,15868,Drake London,ATL,WR,vs BAL,recYds,Hard Rock,86.5,over,93.95,100,-140,0.5000,0.4615,0.0833,0,0.5653,0.0653,0.1037,ev,multiplicative,projection,main,live,2026101240603BF9,2026-10-06T19:09:09.837Z
2026,5,15876,James Cook,BUF,RB,at LAR,rushYds,Hard Rock,90.5,over,88.04,150,-210,0.4000,0.3713,0.0774,0,0.4653,0.0653,0.0940,ev,multiplicative,projection,main,live,20261013A957AFD4,2026-10-06T19:09:09.837Z
2026,5,14411,CeeDee Lamb,DAL,WR,vs TB,recYds,Hard Rock,96.5,over,94.13,145,-200,0.4082,0.3797,0.0748,0,0.4733,0.0652,0.0936,ev,multiplicative,projection,main,live,2026100942D78F91,2026-10-06T19:09:09.837Z
2026,5,18549,Emeka Egbuka,TB,WR,at DAL,receptions,theScore,1.5,over,3.52,-550,,0.8462,0.8462,,1,0.9113,0.0652,0.0652,ev,none,projection,main,live,2026100942D78F91,2026-10-06T19:09:09.837Z
2026,5,11718,Chris Godwin,TB,WR,at DAL,recYds,Hard Rock,72.5,over,43.08,750,-2500,0.1176,0.1090,0.0792,0,0.1829,0.0652,0.0739,ev,multiplicative,projection,main,live,2026100942D78F91,2026-10-06T19:09:09.837Z
2026,5,18524,Bhayshul Tuten,JAX,RB,vs PHI,receptions,theScore,0.5,over,1.64,-550,,0.8462,0.8462,,1,0.9113,0.0652,0.0652,ev,none,projection,main,live,2026101118C77B29,2026-10-06T19:09:09.837Z
2026,5,8057,Kirk Cousins,LV,QB,at NE,passYds,Hard Rock,237.5,under,210.38,-155,115,0.6078,0.5665,0.0730,0,0.6730,0.0652,0.1065,ev,multiplicative,projection,main,live,202610116AF20186,2026-10-06T19:09:09.837Z
2026,5,15868,Drake London,ATL,WR,vs BAL,recYds,Hard Rock,90.5,over,93.95,115,-160,0.4651,0.4305,0.0805,0,0.5303,0.0652,0.0999,ev,multiplicative,projection,main,live,2026101240603BF9,2026-10-06T19:09:09.837Z
2026,5,19292,Jalon Daniels,TB,QB,at DAL,passYds,DraftKings,299.5,over,209.11,1680,,0.0562,0.0562,,1,0.1213,0.0651,0.0651,ev,none,projection,main,live,2026100942D78F91,2026-10-06T19:09:09.837Z
2026,5,11690,Christian McCaffrey,SF,RB,at SEA,rushAtt,DraftKings,15.5,over,15.99,113,,0.4695,0.4695,,1,0.5346,0.0651,0.0651,ev,none,projection,main,live,202610119C07AE76,2026-10-06T19:09:09.837Z
2026,5,17784,Bucky Irving,TB,RB,at DAL,rushYds,Hard Rock,100.5,over,75.16,650,-1800,0.1333,0.1234,0.0807,0,0.1984,0.0651,0.0750,ev,multiplicative,projection,main,live,2026100942D78F91,2026-10-06T19:09:09.837Z
2026,5,19292,Jalon Daniels,TB,QB,at DAL,passYds,Hard Rock,298.5,over,209.11,1600,-7000,0.0588,0.0563,0.0447,0,0.1239,0.0651,0.0676,ev,multiplicative,projection,main,live,2026100942D78F91,2026-10-06T19:09:09.837Z
2026,5,17017,Brenton Strange,JAX,TE,vs PHI,recYds,Hard Rock,61.5,under,40.27,-550,325,0.8462,0.7824,0.0814,0,0.9112,0.0651,0.1288,ev,multiplicative,projection,main,live,2026101118C77B29,2026-10-06T19:09:09.837Z
2026,5,15829,Garrett Wilson,NYJ,WR,vs CLE,recYds,Hard Rock,102.5,under,62.78,-500,300,0.8333,0.7692,0.0833,0,0.8984,0.0651,0.1292,ev,multiplicative,projection,main,live,2026101112C81881,2026-10-06T19:09:09.837Z
2026,5,14371,Jordan Love,GB,QB,vs CHI,passYds,Hard Rock,224.5,over,255.85,-145,105,0.5918,0.5482,0.0796,0,0.6570,0.0651,0.1088,ev,multiplicative,projection,main,live,202610112660CB0C,2026-10-06T19:09:09.837Z
2026,5,8057,Kirk Cousins,LV,QB,at NE,passYds,Hard Rock,243.5,under,210.38,-180,130,0.6429,0.5965,0.0776,0,0.7080,0.0651,0.1114,ev,multiplicative,projection,main,live,202610116AF20186,2026-10-06T19:09:09.837Z
2026,5,8057,Kirk Cousins,LV,QB,at NE,passYds,Hard Rock,230.5,under,210.38,-130,100,0.5652,0.5306,0.0652,0,0.6303,0.0651,0.0997,ev,multiplicative,projection,main,live,202610116AF20186,2026-10-06T19:09:09.837Z
2026,5,10819,Derrick Henry,BAL,RB,at ATL,rushYds,Hard Rock,141.5,under,97.07,-750,400,0.8824,0.8152,0.0824,0,0.9475,0.0651,0.1322,ev,multiplicative,projection,main,live,2026101240603BF9,2026-10-06T19:09:09.837Z
2026,5,14371,Jordan Love,GB,QB,vs CHI,passYds,Hard Rock,219.5,over,255.85,-160,115,0.6154,0.5695,0.0805,0,0.6804,0.0650,0.1108,ev,multiplicative,projection,main,live,202610112660CB0C,2026-10-06T19:09:09.837Z
2026,5,15834,Brock Purdy,SF,QB,at SEA,rushYds,Hard Rock,36.5,under,17.22,-750,400,0.8824,0.8152,0.0824,0,0.9473,0.0650,0.1321,ev,multiplicative,projection,main,live,202610119C07AE76,2026-10-06T19:09:09.837Z
2026,5,15853,George Pickens,DAL,WR,vs TB,recYds,Hard Rock,51.5,over,66.73,-185,135,0.6491,0.6040,0.0747,0,0.7140,0.0649,0.1099,ev,multiplicative,projection,main,live,2026100942D78F91,2026-10-06T19:09:09.837Z
2026,5,17784,Bucky Irving,TB,RB,at DAL,rushYds,Hard Rock,37.5,over,75.16,-300,210,0.7500,0.6992,0.0726,0,0.8149,0.0649,0.1156,ev,multiplicative,projection,main,live,2026100942D78F91,2026-10-06T19:09:09.837Z
2026,5,15265,Kyle Pitts,ATL,TE,vs BAL,recYds,Hard Rock,39.5,over,33,200,-300,0.3333,0.3077,0.0833,0,0.3982,0.0649,0.0905,ev,multiplicative,projection,main,live,2026101240603BF9,2026-10-06T19:09:09.837Z
2026,5,9455,Davante Adams,LAR,WR,vs BUF,recYds,Hard Rock,98.5,over,79.89,325,-550,0.2353,0.2176,0.0814,0,0.3002,0.0649,0.0826,ev,multiplicative,projection,main,live,20261013A957AFD4,2026-10-06T19:09:09.837Z
2026,5,5971,Matthew Stafford,LAR,QB,vs BUF,passYds,Hard Rock,316.5,under,260.27,-275,195,0.7333,0.6839,0.0723,0,0.7982,0.0649,0.1143,ev,multiplicative,projection,main,live,20261013A957AFD4,2026-10-06T19:09:09.837Z
2026,5,8743,Geno Smith,NYJ,QB,vs CLE,passYds,Hard Rock,248.5,under,188.9,-350,240,0.7778,0.7256,0.0719,0,0.8426,0.0648,0.1170,ev,multiplicative,projection,main,live,2026101112C81881,2026-10-06T19:09:09.837Z
2026,5,15829,Garrett Wilson,NYJ,WR,vs CLE,recYds,Hard Rock,92.5,under,62.78,-325,210,0.7647,0.7033,0.0873,0,0.8295,0.0648,0.1262,ev,multiplicative,projection,main,live,2026101112C81881,2026-10-06T19:09:09.837Z
2026,5,15868,Drake London,ATL,WR,vs BAL,recYds,Hard Rock,82.5,over,93.95,-115,-120,0.5349,0.4951,0.0803,0,0.5997,0.0648,0.1046,ev,multiplicative,projection,main,live,2026101240603BF9,2026-10-06T19:09:09.837Z
2026,5,19320,Ted Hurst,TB,WR,at DAL,receptions,Caesars,3.5,over,1.74,475,,0.1739,0.1739,,1,0.2386,0.0647,0.0647,ev,none,projection,main,live,2026100942D78F91,2026-10-06T19:09:09.837Z
2026,5,18524,Bhayshul Tuten,JAX,RB,vs PHI,receptions,FanDuel,0.5,over,1.64,-552,,0.8466,0.8466,,1,0.9113,0.0647,0.0647,ev,none,projection,main,live,2026101118C77B29,2026-10-06T19:09:09.837Z
2026,5,19292,Jalon Daniels,TB,QB,at DAL,passYds,Hard Rock,300.5,over,209.11,1750,-8000,0.0541,0.0519,0.0417,0,0.1187,0.0647,0.0668,ev,multiplicative,projection,main,live,2026100942D78F91,2026-10-06T19:09:09.837Z
2026,5,19321,Josh Cameron,JAX,WR,vs PHI,recYds,Hard Rock,39.5,under,12.85,-950,450,0.9048,0.8327,0.0866,0,0.9694,0.0647,0.1368,ev,multiplicative,projection,main,live,2026101118C77B29,2026-10-06T19:09:09.837Z
2026,5,15807,Kyren Williams,LAR,RB,vs BUF,rushYds,Hard Rock,80.5,over,79.89,135,-185,0.4255,0.3960,0.0747,0,0.4902,0.0647,0.0942,ev,multiplicative,projection,main,live,20261013A957AFD4,2026-10-06T19:09:09.837Z
2026,5,18549,Emeka Egbuka,TB,WR,at DAL,receptions,Hard Rock,6.5,over,3.52,1300,-6000,0.0714,0.0677,0.0550,0,0.1360,0.0646,0.0683,ev,multiplicative,projection,main,live,2026100942D78F91,2026-10-06T19:09:09.837Z
2026,5,15868,Drake London,ATL,WR,vs BAL,recYds,Hard Rock,95.5,over,93.95,140,-195,0.4167,0.3866,0.0777,0,0.4812,0.0646,0.0946,ev,multiplicative,projection,main,live,2026101240603BF9,2026-10-06T19:09:09.837Z
2026,5,11712,Deshaun Watson,CLE,QB,at NYJ,rushYds,Hard Rock,52.5,under,14.86,-1400,575,0.9333,0.8630,0.0815,0,0.9978,0.0645,0.1348,ev,multiplicative,projection,main,live,2026101112C81881,2026-10-06T19:09:09.837Z
2026,5,16946,Tyson Bagent,CHI,QB,at GB,passYds,Hard Rock,196.5,under,204.05,150,-220,0.4000,0.3678,0.0875,0,0.4645,0.0645,0.0967,ev,multiplicative,projection,main,live,202610112660CB0C,2026-10-06T19:09:09.837Z
2026,5,8057,Kirk Cousins,LV,QB,at NE,passYds,Hard Rock,244.5,under,210.38,-185,135,0.6491,0.6040,0.0747,0,0.7136,0.0645,0.1096,ev,multiplicative,projection,main,live,202610116AF20186,2026-10-06T19:09:09.837Z
2026,5,5971,Matthew Stafford,LAR,QB,vs BUF,passYds,Hard Rock,320.5,under,260.27,-300,210,0.7500,0.6992,0.0726,0,0.8145,0.0645,0.1153,ev,multiplicative,projection,main,live,20261013A957AFD4,2026-10-06T19:09:09.837Z
2026,5,18516,Quinshon Judkins,CLE,RB,at NYJ,rushYds,Hard Rock,83.5,under,59.27,-375,240,0.7895,0.7286,0.0836,0,0.8538,0.0644,0.1253,ev,multiplicative,projection,main,live,2026101112C81881,2026-10-06T19:09:09.837Z
2026,5,19292,Jalon Daniels,TB,QB,at DAL,passYds,BetRivers,174.5,over,209.11,-143,,0.5885,0.5885,,1,0.6528,0.0643,0.0643,ev,none,projection,main,live,2026100942D78F91,2026-10-06T19:09:09.837Z
2026,5,13429,Deebo Samuel Sr.,SF,WR,at SEA,recYds,BetRivers,19.5,over,42.63,-315,,0.7590,0.7590,,1,0.8233,0.0643,0.0643,ev,none,projection,main,live,202610119C07AE76,2026-10-06T19:09:09.837Z
2026,5,18524,Bhayshul Tuten,JAX,RB,vs PHI,rushYds,Hard Rock,33.5,under,58.83,375,-650,0.2105,0.1954,0.0772,0,0.2749,0.0643,0.0794,ev,multiplicative,projection,main,live,2026101118C77B29,2026-10-06T19:09:09.837Z
2026,5,15829,Garrett Wilson,NYJ,WR,vs CLE,recYds,Hard Rock,98.5,under,62.78,-425,260,0.8095,0.7445,0.0873,0,0.8738,0.0643,0.1293,ev,multiplicative,projection,main,live,2026101112C81881,2026-10-06T19:09:09.837Z
2026,5,14371,Jordan Love,GB,QB,vs CHI,passYds,Hard Rock,302.5,over,255.85,425,-800,0.1905,0.1765,0.0794,0,0.2548,0.0643,0.0783,ev,multiplicative,projection,main,live,202610112660CB0C,2026-10-06T19:09:09.837Z
2026,5,11690,Christian McCaffrey,SF,RB,at SEA,rushYds,Hard Rock,100.5,under,58.96,-1200,525,0.9231,0.8523,0.0831,0,0.9874,0.0643,0.1351,ev,multiplicative,projection,main,live,202610119C07AE76,2026-10-06T19:09:09.837Z
2026,5,12559,Mark Andrews,BAL,TE,at ATL,recYds,Hard Rock,14.5,over,39.91,-475,275,0.8261,0.7560,0.0928,0,0.8904,0.0643,0.1344,ev,multiplicative,projection,main,live,2026101240603BF9,2026-10-06T19:09:09.837Z
2026,5,10819,Derrick Henry,BAL,RB,at ATL,rushYds,Hard Rock,146.5,under,97.07,-900,450,0.9000,0.8319,0.0818,0,0.9643,0.0643,0.1324,ev,multiplicative,projection,main,live,2026101240603BF9,2026-10-06T19:09:09.837Z
2026,5,18549,Emeka Egbuka,TB,WR,at DAL,receptions,FanDuel,1.5,over,3.52,-554,,0.8471,0.8471,,1,0.9113,0.0642,0.0642,ev,none,projection,main,live,2026100942D78F91,2026-10-06T19:09:09.837Z
2026,5,15222,Kenneth Gainwell,TB,RB,at DAL,recYds,Hard Rock,24.5,over,18.34,260,-400,0.2778,0.2577,0.0778,0,0.3420,0.0642,0.0843,ev,multiplicative,projection,main,live,2026100942D78F91,2026-10-06T19:09:09.837Z
2026,5,19321,Josh Cameron,JAX,WR,vs PHI,recYds,Hard Rock,28.5,under,12.85,-400,260,0.8000,0.7423,0.0778,0,0.8642,0.0642,0.1220,ev,multiplicative,projection,main,live,2026101118C77B29,2026-10-06T19:09:09.837Z
2026,5,11712,Deshaun Watson,CLE,QB,at NYJ,passYds,Hard Rock,142.5,under,198.41,450,-850,0.1818,0.1689,0.0766,0,0.2460,0.0642,0.0771,ev,multiplicative,projection,main,live,2026101112C81881,2026-10-06T19:09:09.837Z
2026,5,10819,Derrick Henry,BAL,RB,at ATL,rushYds,Hard Rock,139.5,under,97.07,-700,375,0.8750,0.8061,0.0855,0,0.9392,0.0642,0.1331,ev,multiplicative,projection,main,live,2026101240603BF9,2026-10-06T19:09:09.837Z
2026,5,8743,Geno Smith,NYJ,QB,vs CLE,int,BetRivers,0.5,under,0.59,104,-137,0.4902,0.4589,0.0683,0,0.5543,0.0641,0.0955,ev,multiplicative,projection,main,live,2026101112C81881,2026-10-06T19:09:09.837Z
2026,5,14411,CeeDee Lamb,DAL,WR,vs TB,recYds,Hard Rock,89.5,over,94.13,110,-160,0.4762,0.4362,0.0916,0,0.5403,0.0641,0.1041,ev,multiplicative,projection,main,live,2026100942D78F91,2026-10-06T19:09:09.837Z
2026,5,19292,Jalon Daniels,TB,QB,at DAL,passYds,Hard Rock,297.5,over,209.11,1500,-7000,0.0625,0.0596,0.0484,0,0.1266,0.0641,0.0670,ev,multiplicative,projection,main,live,2026100942D78F91,2026-10-06T19:09:09.837Z
2026,5,8057,Kirk Cousins,LV,QB,at NE,passYds,Hard Rock,245.5,under,210.38,-190,135,0.6552,0.6062,0.0807,0,0.7192,0.0641,0.1130,ev,multiplicative,projection,main,live,202610116AF20186,2026-10-06T19:09:09.837Z
2026,5,14416,Jalen Hurts,PHI,QB,at JAX,passYds,BetRivers,199.5,over,202.54,120,,0.4545,0.4545,,1,0.5186,0.0640,0.0640,ev,none,projection,main,live,2026101118C77B29,2026-10-06T19:09:09.837Z
2026,5,15834,Brock Purdy,SF,QB,at SEA,passYds,BetRivers,274.5,over,241.08,300,,0.2500,0.2500,,1,0.3140,0.0640,0.0640,ev,none,projection,main,live,202610119C07AE76,2026-10-06T19:09:09.837Z
2026,5,15829,Garrett Wilson,NYJ,WR,vs CLE,recYds,Hard Rock,103.5,under,62.78,-525,325,0.8400,0.7812,0.0753,0,0.9040,0.0640,0.1228,ev,multiplicative,projection,main,live,2026101112C81881,2026-10-06T19:09:09.837Z
2026,5,14371,Jordan Love,GB,QB,vs CHI,passYds,Hard Rock,304.5,over,255.85,450,-900,0.1818,0.1681,0.0818,0,0.2458,0.0640,0.0777,ev,multiplicative,projection,main,live,202610112660CB0C,2026-10-06T19:09:09.837Z
2026,5,15834,Brock Purdy,SF,QB,at SEA,passYds,DraftKings,229.5,over,241.08,101,,0.4975,0.4975,,1,0.5614,0.0639,0.0639,ev,none,projection,main,live,202610119C07AE76,2026-10-06T19:09:09.837Z
2026,5,14371,Jordan Love,GB,QB,vs CHI,passYds,Hard Rock,300.5,over,255.85,400,-750,0.2000,0.1848,0.0824,0,0.2639,0.0639,0.0792,ev,multiplicative,projection,main,live,202610112660CB0C,2026-10-06T19:09:09.837Z
2026,5,15222,Kenneth Gainwell,TB,RB,at DAL,recYds,Caesars,29.5,over,18.34,500,,0.1667,0.1667,,1,0.2305,0.0638,0.0638,ev,none,projection,main,live,2026100942D78F91,2026-10-06T19:09:09.837Z
2026,5,15834,Brock Purdy,SF,QB,at SEA,passYds,Caesars,249.5,over,241.08,158,,0.3876,0.3876,,1,0.4514,0.0638,0.0638,ev,none,projection,main,live,202610119C07AE76,2026-10-06T19:09:09.837Z
2026,5,8057,Kirk Cousins,LV,QB,at NE,passYds,Hard Rock,246.5,under,210.38,-195,140,0.6610,0.6134,0.0777,0,0.7248,0.0638,0.1114,ev,multiplicative,projection,main,live,202610116AF20186,2026-10-06T19:09:09.837Z
2026,5,8057,Kirk Cousins,LV,QB,at NE,passYds,Hard Rock,225.5,under,210.38,-115,-115,0.5349,0.5000,0.0698,0,0.5987,0.0638,0.0987,ev,multiplicative,projection,main,live,202610116AF20186,2026-10-06T19:09:09.837Z
2026,5,11718,Chris Godwin,TB,WR,at DAL,recYds,Hard Rock,73.5,over,43.08,800,-3000,0.1111,0.1030,0.0789,0,0.1748,0.0637,0.0719,ev,multiplicative,projection,main,live,2026100942D78F91,2026-10-06T19:09:09.837Z
2026,5,15990,Tyler Goodson,DAL,RB,vs TB,rushYds,Hard Rock,38.5,under,18.05,-650,350,0.8667,0.7959,0.0889,0,0.9303,0.0637,0.1344,ev,multiplicative,projection,main,live,2026100942D78F91,2026-10-06T19:09:09.837Z
2026,5,8057,Kirk Cousins,LV,QB,at NE,passYds,Hard Rock,249.5,under,210.38,-210,150,0.6774,0.6287,0.0774,0,0.7411,0.0637,0.1123,ev,multiplicative,projection,main,live,202610116AF20186,2026-10-06T19:09:09.837Z
2026,5,15306,Javonte Williams,DAL,RB,vs TB,recYds,Hard Rock,35.5,under,16.44,-525,300,0.8400,0.7706,0.0900,0,0.9036,0.0636,0.1330,ev,multiplicative,projection,main,live,2026100942D78F91,2026-10-06T19:09:09.837Z
2026,5,19292,Jalon Daniels,TB,QB,at DAL,passYds,Hard Rock,303.5,over,209.11,2000,-10000,0.0476,0.0459,0.0377,0,0.1112,0.0636,0.0653,ev,multiplicative,projection,main,live,2026100942D78F91,2026-10-06T19:09:09.837Z
2026,5,15829,Garrett Wilson,NYJ,WR,vs CLE,recYds,Hard Rock,87.5,under,62.78,-260,180,0.7222,0.6691,0.0794,0,0.7858,0.0636,0.1167,ev,multiplicative,projection,main,live,2026101112C81881,2026-10-06T19:09:09.837Z
2026,5,18516,Quinshon Judkins,CLE,RB,at NYJ,rushYds,Hard Rock,84.5,under,59.27,-400,250,0.8000,0.7368,0.0857,0,0.8636,0.0636,0.1267,ev,multiplicative,projection,main,live,2026101112C81881,2026-10-06T19:09:09.837Z
2026,5,8057,Kirk Cousins,LV,QB,at NE,passYds,Hard Rock,238.5,under,210.38,-160,120,0.6154,0.5752,0.0699,0,0.6790,0.0636,0.1038,ev,multiplicative,projection,main,live,202610116AF20186,2026-10-06T19:09:09.837Z
2026,5,8057,Kirk Cousins,LV,QB,at NE,passYds,Hard Rock,247.5,under,210.38,-200,145,0.6667,0.6203,0.0748,0,0.7303,0.0636,0.1100,ev,multiplicative,projection,main,live,202610116AF20186,2026-10-06T19:09:09.837Z
2026,5,15834,Brock Purdy,SF,QB,at SEA,rushYds,Hard Rock,28.5,under,17.22,-325,220,0.7647,0.7099,0.0772,0,0.8283,0.0636,0.1184,ev,multiplicative,projection,main,live,202610119C07AE76,2026-10-06T19:09:09.837Z
2026,5,17017,Brenton Strange,JAX,TE,vs PHI,recYds,Hard Rock,70.5,under,40.27,-1000,475,0.9091,0.8394,0.0830,0,0.9726,0.0635,0.1332,ev,multiplicative,projection,main,live,2026101118C77B29,2026-10-06T19:09:09.837Z
2026,5,10819,Derrick Henry,BAL,RB,at ATL,rushYds,Hard Rock,144.5,under,97.07,-850,425,0.8947,0.8245,0.0852,0,0.9582,0.0635,0.1337,ev,multiplicative,projection,main,live,2026101240603BF9,2026-10-06T19:09:09.837Z
2026,5,19607,Kaelon Black,SF,RB,at SEA,rushYds,DraftKings,69.5,over,15.13,3000,,0.0323,0.0323,,1,0.0957,0.0634,0.0634,ev,none,projection,main,live,202610119C07AE76,2026-10-06T19:09:09.837Z
2026,5,16790,Puka Nacua,LAR,WR,vs BUF,receptions,BetRivers,10.5,over,6.49,650,,0.1333,0.1333,,1,0.1968,0.0634,0.0634,ev,none,projection,main,live,20261013A957AFD4,2026-10-06T19:09:09.837Z
2026,5,11712,Deshaun Watson,CLE,QB,at NYJ,passYds,Hard Rock,144.5,under,198.41,425,-750,0.1905,0.1775,0.0728,0,0.2538,0.0634,0.0763,ev,multiplicative,projection,main,live,2026101112C81881,2026-10-06T19:09:09.837Z
2026,5,16560,Rashid Shaheed,SEA,WR,vs SF,receptions,Hard Rock,1.5,over,2.23,-175,130,0.6364,0.5941,0.0711,0,0.6998,0.0634,0.1057,ev,multiplicative,projection,main,live,202610119C07AE76,2026-10-06T19:09:09.837Z
2026,5,15850,Jahan Dotson,ATL,WR,vs BAL,recYds,Hard Rock,20.5,under,15.76,-125,-110,0.5556,0.5147,0.0794,0,0.6190,0.0634,0.1043,ev,multiplicative,projection,main,live,2026101240603BF9,2026-10-06T19:09:09.837Z
2026,5,10819,Derrick Henry,BAL,RB,at ATL,rushYds,Hard Rock,129.5,under,97.07,-450,275,0.8182,0.7542,0.0848,0,0.8816,0.0634,0.1274,ev,multiplicative,projection,main,live,2026101240603BF9,2026-10-06T19:09:09.837Z
2026,5,15829,Garrett Wilson,NYJ,WR,vs CLE,recYds,Hard Rock,95.5,under,62.78,-375,240,0.7895,0.7286,0.0836,0,0.8528,0.0633,0.1242,ev,multiplicative,projection,main,live,2026101112C81881,2026-10-06T19:09:09.837Z
2026,5,18516,Quinshon Judkins,CLE,RB,at NYJ,rushYds,Hard Rock,85.5,under,59.27,-425,260,0.8095,0.7445,0.0873,0,0.8728,0.0633,0.1283,ev,multiplicative,projection,main,live,2026101112C81881,2026-10-06T19:09:09.837Z
2026,5,13429,Deebo Samuel Sr.,SF,WR,at SEA,recYds,Hard Rock,16.5,over,42.63,-375,240,0.7895,0.7286,0.0836,0,0.8528,0.0633,0.1242,ev,multiplicative,projection,main,live,202610119C07AE76,2026-10-06T19:09:09.837Z
2026,5,15222,Kenneth Gainwell,TB,RB,at DAL,receptions,DraftKings,3.5,over,2.26,404,,0.1984,0.1984,,1,0.2616,0.0632,0.0632,ev,none,projection,main,live,2026100942D78F91,2026-10-06T19:09:09.837Z
2026,5,19292,Jalon Daniels,TB,QB,at DAL,passTD,FanDuel,1.5,over,1.31,219,,0.3135,0.3135,,1,0.3767,0.0632,0.0632,ev,none,projection,main,live,2026100942D78F91,2026-10-06T19:09:09.837Z
2026,5,11863,Cooper Kupp,SEA,WR,vs SF,recYds,DraftKings,24.5,over,29.77,-116,-108,0.5370,0.5084,0.0563,0,0.6002,0.0632,0.0918,ev,multiplicative,projection,main,live,202610119C07AE76,2026-10-06T19:09:09.837Z
2026,5,18472,Harold Fannin Jr.,CLE,TE,at NYJ,recYds,Hard Rock,25.5,over,39.39,-260,185,0.7222,0.6730,0.0731,0,0.7854,0.0632,0.1124,ev,multiplicative,projection,main,live,2026101112C81881,2026-10-06T19:09:09.837Z
2026,5,15829,Garrett Wilson,NYJ,WR,vs CLE,recYds,Hard Rock,104.5,under,62.78,-550,325,0.8462,0.7824,0.0814,0,0.9094,0.0632,0.1269,ev,multiplicative,projection,main,live,2026101112C81881,2026-10-06T19:09:09.837Z
2026,5,14371,Jordan Love,GB,QB,vs CHI,passYds,Hard Rock,221.5,over,255.85,-155,110,0.6078,0.5607,0.0840,0,0.6711,0.0632,0.1104,ev,multiplicative,projection,main,live,202610112660CB0C,2026-10-06T19:09:09.837Z
2026,5,17811,AJ Barner,SEA,TE,vs SF,recYds,Hard Rock,36.5,over,33.13,195,-275,0.3390,0.3161,0.0723,0,0.4022,0.0632,0.0861,ev,multiplicative,projection,main,live,202610119C07AE76,2026-10-06T19:09:09.837Z
2026,5,5971,Matthew Stafford,LAR,QB,vs BUF,passYds,Hard Rock,313.5,under,260.27,-260,180,0.7222,0.6691,0.0794,0,0.7854,0.0632,0.1163,ev,multiplicative,projection,main,live,20261013A957AFD4,2026-10-06T19:09:09.837Z
2026,5,18549,Emeka Egbuka,TB,WR,at DAL,recYds,Caesars,9.5,over,46.67,-800,,0.8889,0.8889,,1,0.9520,0.0631,0.0631,ev,none,projection,main,live,2026100942D78F91,2026-10-06T19:09:09.837Z
2026,5,15853,George Pickens,DAL,WR,vs TB,recYds,Hard Rock,48.5,over,66.73,-220,150,0.6875,0.6322,0.0875,0,0.7506,0.0631,0.1184,ev,multiplicative,projection,main,live,2026100942D78F91,2026-10-06T19:09:09.837Z
2026,5,19292,Jalon Daniels,TB,QB,at DAL,passYds,Hard Rock,166.5,over,209.11,-165,120,0.6226,0.5780,0.0772,0,0.6857,0.0631,0.1077,ev,multiplicative,projection,main,live,2026100942D78F91,2026-10-06T19:09:09.837Z
2026,5,15306,Javonte Williams,DAL,RB,vs TB,rushYds,Hard Rock,93.5,under,72.94,-300,195,0.7500,0.6887,0.0890,0,0.8131,0.0631,0.1244,ev,multiplicative,projection,main,live,2026100942D78F91,2026-10-06T19:09:09.837Z
2026,5,15990,Tyler Goodson,DAL,RB,vs TB,rushYds,Hard Rock,35.5,under,18.05,-500,300,0.8333,0.7692,0.0833,0,0.8964,0.0631,0.1272,ev,multiplicative,projection,main,live,2026100942D78F91,2026-10-06T19:09:09.837Z
2026,5,15853,George Pickens,DAL,WR,vs TB,recYds,Hard Rock,38.5,over,66.73,-375,240,0.7895,0.7286,0.0836,0,0.8525,0.0631,0.1240,ev,multiplicative,projection,main,live,2026100942D78F91,2026-10-06T19:09:09.837Z
2026,5,17716,Brian Thomas Jr.,JAX,WR,vs PHI,recYds,Hard Rock,42.5,over,33.71,250,-400,0.2857,0.2632,0.0857,0,0.3488,0.0631,0.0857,ev,multiplicative,projection,main,live,2026101118C77B29,2026-10-06T19:09:09.837Z
2026,5,17017,Brenton Strange,JAX,TE,vs PHI,recYds,Hard Rock,57.5,under,40.27,-400,260,0.8000,0.7423,0.0778,0,0.8631,0.0631,0.1208,ev,multiplicative,projection,main,live,2026101118C77B29,2026-10-06T19:09:09.837Z
2026,5,8743,Geno Smith,NYJ,QB,vs CLE,passYds,Hard Rock,232.5,under,188.9,-240,165,0.7059,0.6516,0.0832,0,0.7689,0.0631,0.1173,ev,multiplicative,projection,main,live,2026101112C81881,2026-10-06T19:09:09.837Z
2026,5,8057,Kirk Cousins,LV,QB,at NE,passYds,Hard Rock,234.5,under,210.38,-145,110,0.5918,0.5541,0.0680,0,0.6550,0.0631,0.1008,ev,multiplicative,projection,main,live,202610116AF20186,2026-10-06T19:09:09.837Z
2026,5,15834,Brock Purdy,SF,QB,at SEA,rushYds,Hard Rock,38.5,under,17.22,-900,450,0.9000,0.8319,0.0818,0,0.9631,0.0631,0.1311,ev,multiplicative,projection,main,live,202610119C07AE76,2026-10-06T19:09:09.837Z
2026,5,16739,Bijan Robinson,ATL,RB,vs BAL,recYds,Hard Rock,20.5,over,36.4,-210,150,0.6774,0.6287,0.0774,0,0.7405,0.0631,0.1118,ev,multiplicative,projection,main,live,2026101240603BF9,2026-10-06T19:09:09.837Z
2026,5,18549,Emeka Egbuka,TB,WR,at DAL,recYds,FanDuel,9.5,over,46.67,-801,,0.8890,0.8890,,1,0.9520,0.0630,0.0630,ev,none,projection,main,live,2026100942D78F91,2026-10-06T19:09:09.837Z
2026,5,15990,Tyler Goodson,DAL,RB,vs TB,rushYds,Hard Rock,44.5,under,18.05,-1000,475,0.9091,0.8394,0.0830,0,0.9721,0.0630,0.1327,ev,multiplicative,projection,main,live,2026100942D78F91,2026-10-06T19:09:09.837Z
2026,5,15990,Tyler Goodson,DAL,RB,vs TB,rushYds,Hard Rock,37.5,under,18.05,-600,350,0.8571,0.7941,0.0794,0,0.9202,0.0630,0.1260,ev,multiplicative,projection,main,live,2026100942D78F91,2026-10-06T19:09:09.837Z
2026,5,17017,Brenton Strange,JAX,TE,vs PHI,recYds,Hard Rock,72.5,under,40.27,-1100,525,0.9167,0.8514,0.0767,0,0.9797,0.0630,0.1283,ev,multiplicative,projection,main,live,2026101118C77B29,2026-10-06T19:09:09.837Z
2026,5,8057,Kirk Cousins,LV,QB,at NE,passYds,Hard Rock,209.5,under,210.38,130,-180,0.4348,0.4035,0.0776,0,0.4978,0.0630,0.0943,ev,multiplicative,projection,main,live,202610116AF20186,2026-10-06T19:09:09.837Z
2026,5,9253,Mike Evans,SF,WR,at SEA,recYds,Hard Rock,32.5,over,64.8,-300,200,0.7500,0.6923,0.0833,0,0.8130,0.0630,0.1207,ev,multiplicative,projection,main,live,202610119C07AE76,2026-10-06T19:09:09.837Z
2026,5,10819,Derrick Henry,BAL,RB,at ATL,rushYds,Hard Rock,149.5,under,97.07,-1000,500,0.9091,0.8451,0.0758,0,0.9721,0.0630,0.1270,ev,multiplicative,projection,main,live,2026101240603BF9,2026-10-06T19:09:09.837Z
2026,5,17017,Brenton Strange,JAX,TE,vs PHI,recYds,Hard Rock,59.5,under,40.27,-475,275,0.8261,0.7560,0.0928,0,0.8890,0.0629,0.1330,ev,multiplicative,projection,main,live,2026101118C77B29,2026-10-06T19:09:09.837Z
2026,5,8057,Kirk Cousins,LV,QB,at NE,passYds,Hard Rock,211.5,under,210.38,125,-170,0.4444,0.4138,0.0741,0,0.5074,0.0629,0.0936,ev,multiplicative,projection,main,live,202610116AF20186,2026-10-06T19:09:09.837Z
2026,5,11690,Christian McCaffrey,SF,RB,at SEA,recYds,Hard Rock,25.5,under,29.68,180,-260,0.3571,0.3309,0.0794,0,0.4201,0.0629,0.0892,ev,multiplicative,projection,main,live,202610119C07AE76,2026-10-06T19:09:09.837Z
2026,5,15868,Drake London,ATL,WR,vs BAL,recYds,Hard Rock,89.5,over,93.95,110,-155,0.4762,0.4393,0.0840,0,0.5391,0.0629,0.0998,ev,multiplicative,projection,main,live,2026101240603BF9,2026-10-06T19:09:09.837Z
2026,5,12483,Josh Allen,BUF,QB,at LAR,rushYds,Hard Rock,67.5,under,37.26,-1300,550,0.9286,0.8579,0.0824,0,0.9915,0.0629,0.1336,ev,multiplicative,projection,main,live,20261013A957AFD4,2026-10-06T19:09:09.837Z
2026,5,16032,Cade Otton,TB,TE,at DAL,recYds,FanDuel,14.5,over,36.11,-404,,0.8016,0.8016,,1,0.8643,0.0628,0.0628,ev,none,projection,main,live,2026100942D78F91,2026-10-06T19:09:09.837Z
2026,5,18472,Harold Fannin Jr.,CLE,TE,at NYJ,recYds,FanDuel,19.5,over,39.39,-422,,0.8084,0.8084,,1,0.8712,0.0628,0.0628,ev,none,projection,main,live,2026101112C81881,2026-10-06T19:09:09.837Z
2026,5,15829,Garrett Wilson,NYJ,WR,vs CLE,recYds,Hard Rock,90.5,under,62.78,-300,200,0.7500,0.6923,0.0833,0,0.8128,0.0628,0.1205,ev,multiplicative,projection,main,live,2026101112C81881,2026-10-06T19:09:09.837Z
2026,5,17702,Braelon Allen,NYJ,RB,vs CLE,rushYds,Hard Rock,103.5,under,38.23,-525,325,0.8400,0.7812,0.0753,0,0.9028,0.0628,0.1217,ev,multiplicative,projection,main,live,2026101112C81881,2026-10-06T19:09:09.837Z
2026,5,15990,Tyler Goodson,DAL,RB,vs TB,rushYds,Hard Rock,36.5,under,18.05,-550,325,0.8462,0.7824,0.0814,0,0.9089,0.0627,0.1264,ev,multiplicative,projection,main,live,2026100942D78F91,2026-10-06T19:09:09.837Z
2026,5,18472,Harold Fannin Jr.,CLE,TE,at NYJ,recYds,DraftKings,14.5,over,39.39,-610,,0.8592,0.8592,,1,0.9217,0.0626,0.0626,ev,none,projection,main,live,2026101112C81881,2026-10-06T19:09:09.837Z
2026,5,15306,Javonte Williams,DAL,RB,vs TB,rushYds,Hard Rock,123.5,under,72.94,-1200,550,0.9231,0.8571,0.0769,0,0.9856,0.0626,0.1285,ev,multiplicative,projection,main,live,2026100942D78F91,2026-10-06T19:09:09.837Z
2026,5,14411,CeeDee Lamb,DAL,WR,vs TB,recYds,Hard Rock,85.5,over,94.13,-105,-135,0.5122,0.4713,0.0867,0,0.5748,0.0626,0.1035,ev,multiplicative,projection,main,live,2026100942D78F91,2026-10-06T19:09:09.837Z
2026,5,15829,Garrett Wilson,NYJ,WR,vs CLE,recYds,Hard Rock,105.5,under,62.78,-575,325,0.8519,0.7836,0.0871,0,0.9145,0.0626,0.1309,ev,multiplicative,projection,main,live,2026101112C81881,2026-10-06T19:09:09.837Z
2026,5,10819,Derrick Henry,BAL,RB,at ATL,rushYds,Hard Rock,130.5,under,97.07,-475,300,0.8261,0.7677,0.0761,0,0.8887,0.0626,0.1210,ev,multiplicative,projection,main,live,2026101240603BF9,2026-10-06T19:09:09.837Z
2026,5,17673,Drake Maye,NE,QB,vs LV,passTD,DraftKings,1.5,under,1.45,-105,-122,0.5122,0.4824,0.0617,0,0.5747,0.0625,0.0923,ev,multiplicative,projection,main,live,202610116AF20186,2026-10-06T19:09:09.837Z
2026,5,19292,Jalon Daniels,TB,QB,at DAL,passYds,Hard Rock,299.5,over,209.11,1600,-8000,0.0588,0.0562,0.0465,0,0.1213,0.0625,0.0651,ev,multiplicative,projection,main,live,2026100942D78F91,2026-10-06T19:09:09.837Z
2026,5,15306,Javonte Williams,DAL,RB,vs TB,recYds,Hard Rock,42.5,under,16.44,-900,450,0.9000,0.8319,0.0818,0,0.9625,0.0625,0.1306,ev,multiplicative,projection,main,live,2026100942D78F91,2026-10-06T19:09:09.837Z
2026,5,19292,Jalon Daniels,TB,QB,at DAL,rushYds,Hard Rock,82.5,under,20.13,-1500,600,0.9375,0.8678,0.0804,0,1.0000,0.0625,0.1322,ev,multiplicative,projection,main,live,2026100942D78F91,2026-10-06T19:09:09.837Z
2026,5,8743,Geno Smith,NYJ,QB,vs CLE,passYds,Hard Rock,241.5,under,188.9,-300,200,0.7500,0.6923,0.0833,0,0.8125,0.0625,0.1202,ev,multiplicative,projection,main,live,2026101112C81881,2026-10-06T19:09:09.837Z
2026,5,18472,Harold Fannin Jr.,CLE,TE,at NYJ,recYds,Hard Rock,26.5,over,39.39,-240,170,0.7059,0.6559,0.0763,0,0.7684,0.0625,0.1126,ev,multiplicative,projection,main,live,2026101112C81881,2026-10-06T19:09:09.837Z
2026,5,17057,Isaiah Davis,NYJ,RB,vs CLE,rushYds,Hard Rock,40.5,under,3.02,-1500,600,0.9375,0.8678,0.0804,0,1.0000,0.0625,0.1322,ev,multiplicative,projection,main,live,2026101112C81881,2026-10-06T19:09:09.837Z
2026,5,16946,Tyson Bagent,CHI,QB,at GB,passYds,Hard Rock,201.5,under,204.05,135,-185,0.4255,0.3960,0.0747,0,0.4880,0.0625,0.0920,ev,multiplicative,projection,main,live,202610112660CB0C,2026-10-06T19:09:09.837Z
2026,5,19292,Jalon Daniels,TB,QB,at DAL,completions,BetRivers,19.5,over,17.47,230,,0.3030,0.3030,,1,0.3654,0.0624,0.0624,ev,none,projection,main,live,2026100942D78F91,2026-10-06T19:09:09.837Z
2026,5,15834,Brock Purdy,SF,QB,at SEA,passYds,Caesars,269.5,over,241.08,260,,0.2778,0.2778,,1,0.3401,0.0624,0.0624,ev,none,projection,main,live,202610119C07AE76,2026-10-06T19:09:09.837Z
2026,5,14411,CeeDee Lamb,DAL,WR,vs TB,recYds,theScore,99.5,over,94.13,165,,0.3774,0.3774,,1,0.4398,0.0624,0.0624,ev,none,projection,main,live,2026100942D78F91,2026-10-06T19:09:09.837Z
2026,5,14416,Jalen Hurts,PHI,QB,at JAX,rushYds,Hard Rock,56.5,under,24.48,-1500,600,0.9375,0.8678,0.0804,0,0.9999,0.0624,0.1321,ev,multiplicative,projection,main,live,2026101118C77B29,2026-10-06T19:09:09.837Z
2026,5,5971,Matthew Stafford,LAR,QB,vs BUF,passYds,Hard Rock,311.5,under,260.27,-250,175,0.7143,0.6627,0.0779,0,0.7767,0.0624,0.1140,ev,multiplicative,projection,main,live,20261013A957AFD4,2026-10-06T19:09:09.837Z
2026,5,16032,Cade Otton,TB,TE,at DAL,recYds,BetRivers,31.5,over,36.11,-113,-118,0.5305,0.4950,0.0718,0,0.5928,0.0623,0.0978,ev,multiplicative,projection,main,live,2026100942D78F91,2026-10-06T19:09:09.837Z
2026,5,17716,Brian Thomas Jr.,JAX,WR,vs PHI,recYds,Caesars,39.5,over,33.71,197,,0.3367,0.3367,,1,0.3990,0.0623,0.0623,ev,none,projection,main,live,2026101118C77B29,2026-10-06T19:09:09.837Z
2026,5,12483,Josh Allen,BUF,QB,at LAR,int,BetRivers,0.5,over,0.86,-106,-124,0.5146,0.4817,0.0681,0,0.5768,0.0623,0.0951,ev,multiplicative,projection,main,live,20261013A957AFD4,2026-10-06T19:09:09.837Z
2026,5,16690,Parker Washington,JAX,WR,vs PHI,recYds,Hard Rock,116.5,under,68.35,-1500,600,0.9375,0.8678,0.0804,0,0.9998,0.0623,0.1321,ev,multiplicative,projection,main,live,2026101118C77B29,2026-10-06T19:09:09.837Z
2026,5,14371,Jordan Love,GB,QB,vs CHI,passYds,Hard Rock,218.5,over,255.85,-165,120,0.6226,0.5780,0.0772,0,0.6850,0.0623,0.1069,ev,multiplicative,projection,main,live,202610112660CB0C,2026-10-06T19:09:09.837Z
2026,5,11690,Christian McCaffrey,SF,RB,at SEA,recYds,Hard Rock,24.5,under,29.68,195,-275,0.3390,0.3161,0.0723,0,0.4013,0.0623,0.0852,ev,multiplicative,projection,main,live,202610119C07AE76,2026-10-06T19:09:09.837Z
2026,5,11690,Christian McCaffrey,SF,RB,at SEA,recYds,Hard Rock,20.5,under,29.68,275,-425,0.2667,0.2478,0.0762,0,0.3289,0.0623,0.0811,ev,multiplicative,projection,main,live,202610119C07AE76,2026-10-06T19:09:09.837Z
2026,5,10819,Derrick Henry,BAL,RB,at ATL,rushYds,Hard Rock,147.5,under,97.07,-950,475,0.9048,0.8388,0.0787,0,0.9671,0.0623,0.1283,ev,multiplicative,projection,main,live,2026101240603BF9,2026-10-06T19:09:09.837Z
2026,5,13429,Deebo Samuel Sr.,SF,WR,at SEA,receptions,BetRivers,4.5,over,3.78,205,,0.3279,0.3279,,1,0.3901,0.0622,0.0622,ev,none,projection,main,live,202610119C07AE76,2026-10-06T19:09:09.837Z
2026,5,19292,Jalon Daniels,TB,QB,at DAL,passYds,Hard Rock,168.5,over,209.11,-160,115,0.6154,0.5695,0.0805,0,0.6776,0.0622,0.1081,ev,multiplicative,projection,main,live,2026100942D78F91,2026-10-06T19:09:09.837Z
2026,5,15829,Garrett Wilson,NYJ,WR,vs CLE,recYds,Hard Rock,106.5,under,62.78,-600,350,0.8571,0.7941,0.0794,0,0.9194,0.0622,0.1253,ev,multiplicative,projection,main,live,2026101112C81881,2026-10-06T19:09:09.837Z
2026,5,8057,Kirk Cousins,LV,QB,at NE,passYds,Hard Rock,239.5,under,210.38,-165,120,0.6226,0.5780,0.0772,0,0.6849,0.0622,0.1069,ev,multiplicative,projection,main,live,202610116AF20186,2026-10-06T19:09:09.837Z
2026,5,8057,Kirk Cousins,LV,QB,at NE,passYds,Hard Rock,228.5,under,210.38,-125,-105,0.5556,0.5203,0.0678,0,0.6177,0.0622,0.0974,ev,multiplicative,projection,main,live,202610116AF20186,2026-10-06T19:09:09.837Z
2026,5,15907,Brian Robinson Jr.,ATL,RB,vs BAL,rushYds,Hard Rock,40.5,under,23.17,-165,120,0.6226,0.5780,0.0772,0,0.6848,0.0622,0.1068,ev,multiplicative,projection,main,live,2026101240603BF9,2026-10-06T19:09:09.837Z
2026,5,15807,Kyren Williams,LAR,RB,vs BUF,rushYds,Hard Rock,74.5,over,79.89,105,-140,0.4878,0.4554,0.0711,0,0.5500,0.0622,0.0946,ev,multiplicative,projection,main,live,20261013A957AFD4,2026-10-06T19:09:09.837Z
2026,5,16560,Rashid Shaheed,SEA,WR,vs SF,receptions,Caesars,1.5,over,2.23,-176,,0.6377,0.6377,,1,0.6998,0.0621,0.0621,ev,none,projection,main,live,202610119C07AE76,2026-10-06T19:09:09.837Z
2026,5,16654,Jaxon Smith-Njigba,SEA,WR,vs SF,receptions,DraftKings,12.5,over,6.73,2100,,0.0455,0.0455,,1,0.1076,0.0621,0.0621,ev,none,projection,main,live,202610119C07AE76,2026-10-06T19:09:09.837Z
2026,5,14411,CeeDee Lamb,DAL,WR,vs TB,recYds,Hard Rock,97.5,over,94.13,150,-210,0.4000,0.3713,0.0774,0,0.4621,0.0621,0.0909,ev,multiplicative,projection,main,live,2026100942D78F91,2026-10-06T19:09:09.837Z
2026,5,19292,Jalon Daniels,TB,QB,at DAL,passYds,Hard Rock,301.5,over,209.11,1750,-9000,0.0541,0.0518,0.0431,0,0.1162,0.0621,0.0644,ev,multiplicative,projection,main,live,2026100942D78F91,2026-10-06T19:09:09.837Z
2026,5,15829,Garrett Wilson,NYJ,WR,vs CLE,recYds,Hard Rock,86.5,under,62.78,-250,170,0.7143,0.6585,0.0847,0,0.7764,0.0621,0.1178,ev,multiplicative,projection,main,live,2026101112C81881,2026-10-06T19:09:09.837Z
2026,5,10819,Derrick Henry,BAL,RB,at ATL,rushYds,Hard Rock,131.5,under,97.07,-500,300,0.8333,0.7692,0.0833,0,0.8954,0.0621,0.1262,ev,multiplicative,projection,main,live,2026101240603BF9,2026-10-06T19:09:09.837Z
2026,5,16919,Zay Flowers,BAL,WR,at ATL,recYds,Hard Rock,96.5,over,84.25,260,-400,0.2778,0.2577,0.0778,0,0.3398,0.0621,0.0821,ev,multiplicative,projection,main,live,2026101240603BF9,2026-10-06T19:09:09.837Z
2026,5,11718,Chris Godwin,TB,WR,at DAL,recYds,DraftKings,79.5,over,43.08,1340,,0.0694,0.0694,,1,0.1314,0.0620,0.0620,ev,none,projection,main,live,2026100942D78F91,2026-10-06T19:09:09.837Z
2026,5,14411,CeeDee Lamb,DAL,WR,vs TB,recYds,BetRivers,69.5,over,94.13,-180,,0.6429,0.6429,,1,0.7049,0.0620,0.0620,ev,none,projection,main,live,2026100942D78F91,2026-10-06T19:09:09.837Z
2026,5,14371,Jordan Love,GB,QB,vs CHI,passYds,Caesars,219.5,over,255.85,-162,,0.6183,0.6183,,1,0.6804,0.0620,0.0620,ev,none,projection,main,live,202610112660CB0C,2026-10-06T19:09:09.837Z
2026,5,16654,Jaxon Smith-Njigba,SEA,WR,vs SF,receptions,BetRivers,8.5,over,6.73,245,,0.2899,0.2899,,1,0.3519,0.0620,0.0620,ev,none,projection,main,live,202610119C07AE76,2026-10-06T19:09:09.837Z
2026,5,15834,Brock Purdy,SF,QB,at SEA,passYds,Caesars,239.5,over,241.08,124,,0.4464,0.4464,,1,0.5084,0.0620,0.0620,ev,none,projection,main,live,202610119C07AE76,2026-10-06T19:09:09.837Z
2026,5,15306,Javonte Williams,DAL,RB,vs TB,rushYds,Hard Rock,90.5,under,72.94,-250,175,0.7143,0.6627,0.0779,0,0.7763,0.0620,0.1136,ev,multiplicative,projection,main,live,2026100942D78F91,2026-10-06T19:09:09.837Z
2026,5,8057,Kirk Cousins,LV,QB,at NE,passYds,Hard Rock,231.5,under,210.38,-135,100,0.5745,0.5347,0.0745,0,0.6365,0.0620,0.1019,ev,multiplicative,projection,main,live,202610116AF20186,2026-10-06T19:09:09.837Z
2026,5,13429,Deebo Samuel Sr.,SF,WR,at SEA,receptions,Hard Rock,5.5,over,3.78,425,-800,0.1905,0.1765,0.0794,0,0.2525,0.0620,0.0760,ev,multiplicative,projection,main,live,202610119C07AE76,2026-10-06T19:09:09.837Z
2026,5,15850,Jahan Dotson,ATL,WR,vs BAL,recYds,Hard Rock,56.5,under,15.76,-1400,575,0.9333,0.8630,0.0815,0,0.9954,0.0620,0.1324,ev,multiplicative,projection,main,live,2026101240603BF9,2026-10-06T19:09:09.837Z
2026,5,15853,George Pickens,DAL,WR,vs TB,recYds,DraftKings,24.5,over,66.73,-730,,0.8795,0.8795,,1,0.9414,0.0619,0.0619,ev,none,projection,main,live,2026100942D78F91,2026-10-06T19:09:09.837Z
2026,5,15306,Javonte Williams,DAL,RB,vs TB,recYds,Hard Rock,41.5,under,16.44,-850,425,0.8947,0.8245,0.0852,0,0.9566,0.0619,0.1321,ev,multiplicative,projection,main,live,2026100942D78F91,2026-10-06T19:09:09.837Z
2026,5,15829,Garrett Wilson,NYJ,WR,vs CLE,recYds,Hard Rock,108.5,under,62.78,-650,375,0.8667,0.8046,0.0772,0,0.9285,0.0619,0.1240,ev,multiplicative,projection,main,live,2026101112C81881,2026-10-06T19:09:09.837Z
2026,5,16946,Tyson Bagent,CHI,QB,at GB,passYds,Hard Rock,199.5,under,204.05,140,-195,0.4167,0.3866,0.0777,0,0.4786,0.0619,0.0920,ev,multiplicative,projection,main,live,202610112660CB0C,2026-10-06T19:09:09.837Z
2026,5,11690,Christian McCaffrey,SF,RB,at SEA,rushYds,Hard Rock,102.5,under,58.96,-1300,575,0.9286,0.8624,0.0767,0,0.9905,0.0619,0.1281,ev,multiplicative,projection,main,live,202610119C07AE76,2026-10-06T19:09:09.837Z
2026,5,16654,Jaxon Smith-Njigba,SEA,WR,vs SF,receptions,Hard Rock,11.5,over,6.73,1000,-4000,0.0909,0.0852,0.0665,0,0.1528,0.0619,0.0675,ev,multiplicative,projection,main,live,202610119C07AE76,2026-10-06T19:09:09.837Z
2026,5,10819,Derrick Henry,BAL,RB,at ATL,rushYds,Hard Rock,132.5,under,97.07,-525,300,0.8400,0.7706,0.0900,0,0.9019,0.0619,0.1313,ev,multiplicative,projection,main,live,2026101240603BF9,2026-10-06T19:09:09.837Z
2026,5,17716,Brian Thomas Jr.,JAX,WR,vs PHI,recYds,FanDuel,9.5,over,33.71,-424,,0.8092,0.8092,,1,0.8709,0.0618,0.0618,ev,none,projection,main,live,2026101118C77B29,2026-10-06T19:09:09.837Z
2026,5,15834,Brock Purdy,SF,QB,at SEA,passYds,DraftKings,289.5,over,241.08,457,,0.1795,0.1795,,1,0.2413,0.0618,0.0618,ev,none,projection,main,live,202610119C07AE76,2026-10-06T19:09:09.837Z
2026,5,17690,Blake Corum,LAR,RB,vs BUF,rushYds,FanDuel,14.5,over,43.22,-553,,0.8469,0.8469,,1,0.9086,0.0618,0.0618,ev,none,projection,main,live,20261013A957AFD4,2026-10-06T19:09:09.837Z
2026,5,11718,Chris Godwin,TB,WR,at DAL,recYds,Hard Rock,74.5,over,43.08,850,-3000,0.1053,0.0981,0.0730,0,0.1670,0.0618,0.0689,ev,multiplicative,projection,main,live,2026100942D78F91,2026-10-06T19:09:09.837Z
2026,5,11712,Deshaun Watson,CLE,QB,at NYJ,passYds,Hard Rock,146.5,under,198.41,400,-750,0.2000,0.1848,0.0824,0,0.2618,0.0618,0.0770,ev,multiplicative,projection,main,live,2026101112C81881,2026-10-06T19:09:09.837Z
2026,5,13429,Deebo Samuel Sr.,SF,WR,at SEA,recYds,Hard Rock,15.5,over,42.63,-400,260,0.8000,0.7423,0.0778,0,0.8618,0.0618,0.1196,ev,multiplicative,projection,main,live,202610119C07AE76,2026-10-06T19:09:09.837Z
2026,5,15868,Drake London,ATL,WR,vs BAL,recYds,Hard Rock,85.5,over,93.95,-105,-135,0.5122,0.4713,0.0867,0,0.5739,0.0618,0.1026,ev,multiplicative,projection,main,live,2026101240603BF9,2026-10-06T19:09:09.837Z
2026,5,14416,Jalen Hurts,PHI,QB,at JAX,rushYds,BetRivers,26.5,under,24.48,-113,-118,0.5305,0.4950,0.0718,0,0.5922,0.0617,0.0973,ev,multiplicative,projection,main,live,2026101118C77B29,2026-10-06T19:09:09.837Z
2026,5,15850,Jahan Dotson,ATL,WR,vs BAL,recYds,FanDuel,19.5,under,15.76,-114,-114,0.5327,0.5000,0.0654,0,0.5944,0.0617,0.0944,ev,multiplicative,projection,main,live,2026101240603BF9,2026-10-06T19:09:09.837Z
2026,5,9455,Davante Adams,LAR,WR,vs BUF,receptions,BetRivers,6.5,over,4.44,440,,0.1852,0.1852,,1,0.2468,0.0617,0.0617,ev,none,projection,main,live,20261013A957AFD4,2026-10-06T19:09:09.837Z
2026,5,15829,Garrett Wilson,NYJ,WR,vs CLE,recYds,Hard Rock,88.5,under,62.78,-275,185,0.7333,0.6764,0.0842,0,0.7951,0.0617,0.1187,ev,multiplicative,projection,main,live,2026101112C81881,2026-10-06T19:09:09.837Z
2026,5,11690,Christian McCaffrey,SF,RB,at SEA,recYds,Hard Rock,19.5,under,29.68,300,-475,0.2500,0.2323,0.0761,0,0.3117,0.0617,0.0793,ev,multiplicative,projection,main,live,202610119C07AE76,2026-10-06T19:09:09.837Z
2026,5,17716,Brian Thomas Jr.,JAX,WR,vs PHI,receptions,FanDuel,3.5,over,2.42,317,,0.2398,0.2398,,1,0.3014,0.0616,0.0616,ev,none,projection,main,live,2026101118C77B29,2026-10-06T19:09:09.837Z
2026,5,16654,Jaxon Smith-Njigba,SEA,WR,vs SF,receptions,FanDuel,11.5,over,6.73,997,,0.0912,0.0912,,1,0.1528,0.0616,0.0616,ev,none,projection,main,live,202610119C07AE76,2026-10-06T19:09:09.837Z
2026,5,14411,CeeDee Lamb,DAL,WR,vs TB,recYds,Hard Rock,80.5,over,94.13,-125,-110,0.5556,0.5147,0.0794,0,0.6171,0.0616,0.1024,ev,multiplicative,projection,main,live,2026100942D78F91,2026-10-06T19:09:09.837Z
2026,5,18549,Emeka Egbuka,TB,WR,at DAL,recYds,Hard Rock,8.5,over,46.67,-850,450,0.8947,0.8311,0.0766,0,0.9563,0.0616,0.1252,ev,multiplicative,projection,main,live,2026100942D78F91,2026-10-06T19:09:09.837Z
2026,5,16560,Rashid Shaheed,SEA,WR,vs SF,recYds,Hard Rock,43.5,over,30.27,375,-650,0.2105,0.1954,0.0772,0,0.2720,0.0615,0.0766,ev,multiplicative,projection,main,live,202610119C07AE76,2026-10-06T19:09:09.837Z
2026,5,11690,Christian McCaffrey,SF,RB,at SEA,recYds,Hard Rock,22.5,under,29.68,230,-350,0.3030,0.2804,0.0808,0,0.3645,0.0615,0.0841,ev,multiplicative,projection,main,live,202610119C07AE76,2026-10-06T19:09:09.837Z
2026,5,17716,Brian Thomas Jr.,JAX,WR,vs PHI,receptions,BetRivers,1.5,over,2.42,-210,,0.6774,0.6774,,1,0.7388,0.0614,0.0614,ev,none,projection,main,live,2026101118C77B29,2026-10-06T19:09:09.837Z
2026,5,15834,Brock Purdy,SF,QB,at SEA,passYds,Caesars,259.5,over,241.08,200,,0.3333,0.3333,,1,0.3947,0.0614,0.0614,ev,none,projection,main,live,202610119C07AE76,2026-10-06T19:09:09.837Z
2026,5,17716,Brian Thomas Jr.,JAX,WR,vs PHI,recYds,Hard Rock,9.5,over,33.71,-425,260,0.8095,0.7445,0.0873,0,0.8709,0.0614,0.1264,ev,multiplicative,projection,main,live,2026101118C77B29,2026-10-06T19:09:09.837Z
2026,5,19321,Josh Cameron,JAX,WR,vs PHI,recYds,Hard Rock,41.5,under,12.85,-1100,500,0.9167,0.8462,0.0833,0,0.9779,0.0613,0.1318,ev,multiplicative,projection,main,live,2026101118C77B29,2026-10-06T19:09:09.837Z
2026,5,18472,Harold Fannin Jr.,CLE,TE,at NYJ,receptions,Hard Rock,2.5,over,4.1,-475,300,0.8261,0.7677,0.0761,0,0.8874,0.0613,0.1197,ev,multiplicative,projection,main,live,2026101112C81881,2026-10-06T19:09:09.837Z
2026,5,14371,Jordan Love,GB,QB,vs CHI,passYds,DraftKings,199.5,over,255.85,-239,,0.7050,0.7050,,1,0.7663,0.0612,0.0612,ev,none,projection,main,live,202610112660CB0C,2026-10-06T19:09:09.837Z
2026,5,16739,Bijan Robinson,ATL,RB,vs BAL,recYds,Caesars,19.5,over,36.4,-225,,0.6923,0.6923,,1,0.7535,0.0612,0.0612,ev,none,projection,main,live,2026101240603BF9,2026-10-06T19:09:09.837Z
2026,5,14411,CeeDee Lamb,DAL,WR,vs TB,recYds,Hard Rock,88.5,over,94.13,105,-155,0.4878,0.4452,0.0956,0,0.5490,0.0612,0.1038,ev,multiplicative,projection,main,live,2026100942D78F91,2026-10-06T19:09:09.837Z
2026,5,19292,Jalon Daniels,TB,QB,at DAL,passYds,Hard Rock,304.5,over,209.11,2000,,0.0476,0.0476,,1,0.1088,0.0612,0.0612,ev,none,projection,main,live,2026100942D78F91,2026-10-06T19:09:09.837Z
2026,5,15853,George Pickens,DAL,WR,vs TB,recYds,Hard Rock,49.5,over,66.73,-210,145,0.6774,0.6240,0.0856,0,0.7387,0.0612,0.1147,ev,multiplicative,projection,main,live,2026100942D78F91,2026-10-06T19:09:09.837Z
2026,5,11718,Chris Godwin,TB,WR,at DAL,receptions,theScore,2.5,over,3.83,-240,,0.7059,0.7059,,1,0.7671,0.0612,0.0612,ev,none,projection,main,live,2026100942D78F91,2026-10-06T19:09:09.837Z
2026,5,8057,Kirk Cousins,LV,QB,at NE,passYds,Hard Rock,254.5,under,210.38,-240,170,0.7059,0.6559,0.0763,0,0.7671,0.0612,0.1112,ev,multiplicative,projection,main,live,202610116AF20186,2026-10-06T19:09:09.837Z
2026,5,19320,Ted Hurst,TB,WR,at DAL,receptions,DraftKings,4.5,over,1.74,1300,,0.0714,0.0714,,1,0.1325,0.0611,0.0611,ev,none,projection,main,live,2026100942D78F91,2026-10-06T19:09:09.837Z
2026,5,8743,Geno Smith,NYJ,QB,vs CLE,passYds,Hard Rock,244.5,under,188.9,-325,220,0.7647,0.7099,0.0772,0,0.8258,0.0611,0.1159,ev,multiplicative,projection,main,live,2026101112C81881,2026-10-06T19:09:09.837Z
2026,5,15829,Garrett Wilson,NYJ,WR,vs CLE,recYds,Hard Rock,79.5,under,62.78,-180,130,0.6429,0.5965,0.0776,0,0.7039,0.0611,0.1074,ev,multiplicative,projection,main,live,2026101112C81881,2026-10-06T19:09:09.837Z
2026,5,18516,Quinshon Judkins,CLE,RB,at NYJ,rushYds,Hard Rock,105.5,under,59.27,-1100,525,0.9167,0.8514,0.0767,0,0.9777,0.0611,0.1263,ev,multiplicative,projection,main,live,2026101112C81881,2026-10-06T19:09:09.837Z
2026,5,8743,Geno Smith,NYJ,QB,vs CLE,passYds,Hard Rock,250.5,under,188.9,-375,250,0.7895,0.7343,0.0752,0,0.8506,0.0611,0.1163,ev,multiplicative,projection,main,live,2026101112C81881,2026-10-06T19:09:09.837Z
2026,5,8057,Kirk Cousins,LV,QB,at NE,passYds,Hard Rock,240.5,under,210.38,-170,120,0.6296,0.5807,0.0842,0,0.6907,0.0611,0.1100,ev,multiplicative,projection,main,live,202610116AF20186,2026-10-06T19:09:09.837Z
2026,5,15868,Drake London,ATL,WR,vs BAL,recYds,Hard Rock,80.5,over,93.95,-125,-110,0.5556,0.5147,0.0794,0,0.6167,0.0611,0.1020,ev,multiplicative,projection,main,live,2026101240603BF9,2026-10-06T19:09:09.837Z
2026,5,8057,Kirk Cousins,LV,QB,at NE,passYds,Hard Rock,235.5,under,210.38,-150,110,0.6000,0.5575,0.0762,0,0.6610,0.0610,0.1035,ev,multiplicative,projection,main,live,202610116AF20186,2026-10-06T19:09:09.837Z
2026,5,15868,Drake London,ATL,WR,vs BAL,recYds,Hard Rock,96.5,over,93.95,145,-200,0.4082,0.3797,0.0748,0,0.4692,0.0610,0.0894,ev,multiplicative,projection,main,live,2026101240603BF9,2026-10-06T19:09:09.837Z
2026,5,15853,George Pickens,DAL,WR,vs TB,recYds,Hard Rock,37.5,over,66.73,-400,250,0.8000,0.7368,0.0857,0,0.8609,0.0609,0.1241,ev,multiplicative,projection,main,live,2026100942D78F91,2026-10-06T19:09:09.837Z
2026,5,15306,Javonte Williams,DAL,RB,vs TB,rushYds,Hard Rock,122.5,under,72.94,-1200,550,0.9231,0.8571,0.0769,0,0.9840,0.0609,0.1268,ev,multiplicative,projection,main,live,2026100942D78F91,2026-10-06T19:09:09.837Z
2026,5,16919,Zay Flowers,BAL,WR,at ATL,recYds,Hard Rock,97.5,over,84.25,275,-425,0.2667,0.2478,0.0762,0,0.3276,0.0609,0.0798,ev,multiplicative,projection,main,live,2026101240603BF9,2026-10-06T19:09:09.837Z
2026,5,14411,CeeDee Lamb,DAL,WR,vs TB,recYds,FanDuel,69.5,over,94.13,-181,,0.6441,0.6441,,1,0.7049,0.0608,0.0608,ev,none,projection,main,live,2026100942D78F91,2026-10-06T19:09:09.837Z
2026,5,16560,Rashid Shaheed,SEA,WR,vs SF,recYds,DraftKings,49.5,over,30.27,680,,0.1282,0.1282,,1,0.1890,0.0608,0.0608,ev,none,projection,main,live,202610119C07AE76,2026-10-06T19:09:09.837Z
2026,5,15807,Kyren Williams,LAR,RB,vs BUF,rushYds,BetRivers,69.5,over,79.89,-115,-114,0.5349,0.5010,0.0676,0,0.5957,0.0608,0.0947,ev,multiplicative,projection,main,live,20261013A957AFD4,2026-10-06T19:09:09.837Z
2026,5,11712,Deshaun Watson,CLE,QB,at NYJ,rushYds,Hard Rock,53.5,under,14.86,-1500,600,0.9375,0.8678,0.0804,0,0.9983,0.0608,0.1305,ev,multiplicative,projection,main,live,2026101112C81881,2026-10-06T19:09:09.837Z
2026,5,15829,Garrett Wilson,NYJ,WR,vs CLE,recYds,Hard Rock,85.5,under,62.78,-240,165,0.7059,0.6516,0.0832,0,0.7667,0.0608,0.1151,ev,multiplicative,projection,main,live,2026101112C81881,2026-10-06T19:09:09.837Z
2026,5,11690,Christian McCaffrey,SF,RB,at SEA,recYds,Hard Rock,21.5,under,29.68,250,-375,0.2857,0.2657,0.0752,0,0.3465,0.0608,0.0808,ev,multiplicative,projection,main,live,202610119C07AE76,2026-10-06T19:09:09.837Z
2026,5,9253,Mike Evans,SF,WR,at SEA,receptions,BetRivers,5.5,over,4.27,300,,0.2500,0.2500,,1,0.3107,0.0607,0.0607,ev,none,projection,main,live,202610119C07AE76,2026-10-06T19:09:09.837Z
2026,5,15853,George Pickens,DAL,WR,vs TB,recYds,Hard Rock,41.5,over,66.73,-325,210,0.7647,0.7033,0.0873,0,0.8254,0.0607,0.1221,ev,multiplicative,projection,main,live,2026100942D78F91,2026-10-06T19:09:09.837Z
2026,5,8743,Geno Smith,NYJ,QB,vs CLE,passYds,Hard Rock,247.5,under,188.9,-350,230,0.7778,0.7196,0.0808,0,0.8385,0.0607,0.1189,ev,multiplicative,projection,main,live,2026101112C81881,2026-10-06T19:09:09.837Z
2026,5,5971,Matthew Stafford,LAR,QB,vs BUF,passYds,Hard Rock,315.5,under,260.27,-275,190,0.7333,0.6802,0.0782,0,0.7940,0.0607,0.1138,ev,multiplicative,projection,main,live,20261013A957AFD4,2026-10-06T19:09:09.837Z
2026,5,18524,Bhayshul Tuten,JAX,RB,vs PHI,rushYds,Hard Rock,34.5,under,58.83,350,-575,0.2222,0.2069,0.0741,0,0.2828,0.0606,0.0759,ev,multiplicative,projection,main,live,2026101118C77B29,2026-10-06T19:09:09.837Z
2026,5,8743,Geno Smith,NYJ,QB,vs CLE,rushYds,Hard Rock,31.5,under,13.84,-1400,575,0.9333,0.8630,0.0815,0,0.9939,0.0606,0.1309,ev,multiplicative,projection,main,live,2026101112C81881,2026-10-06T19:09:09.837Z
2026,5,10819,Derrick Henry,BAL,RB,at ATL,rushYds,Hard Rock,148.5,under,97.07,-1000,475,0.9091,0.8394,0.0830,0,0.9697,0.0606,0.1303,ev,multiplicative,projection,main,live,2026101240603BF9,2026-10-06T19:09:09.837Z
2026,5,14416,Jalen Hurts,PHI,QB,at JAX,rushYds,DraftKings,14.5,over,24.48,-397,,0.7988,0.7988,,1,0.8593,0.0605,0.0605,ev,none,projection,main,live,2026101118C77B29,2026-10-06T19:09:09.837Z
2026,5,8057,Kirk Cousins,LV,QB,at NE,passYds,Hard Rock,208.5,under,210.38,130,-185,0.4348,0.4011,0.0839,0,0.4953,0.0605,0.0941,ev,multiplicative,projection,main,live,202610116AF20186,2026-10-06T19:09:09.837Z
2026,5,11690,Christian McCaffrey,SF,RB,at SEA,rushYds,Hard Rock,101.5,under,58.96,-1300,550,0.9286,0.8579,0.0824,0,0.9890,0.0605,0.1312,ev,multiplicative,projection,main,live,202610119C07AE76,2026-10-06T19:09:09.837Z
2026,5,5971,Matthew Stafford,LAR,QB,vs BUF,passYds,Hard Rock,319.5,under,260.27,-300,200,0.7500,0.6923,0.0833,0,0.8105,0.0605,0.1182,ev,multiplicative,projection,main,live,20261013A957AFD4,2026-10-06T19:09:09.837Z
2026,5,15222,Kenneth Gainwell,TB,RB,at DAL,recYds,FanDuel,29.5,over,18.34,488,,0.1701,0.1701,,1,0.2305,0.0604,0.0604,ev,none,projection,main,live,2026100942D78F91,2026-10-06T19:09:09.837Z
2026,5,14371,Jordan Love,GB,QB,vs CHI,passYds,Hard Rock,220.5,over,255.85,-160,115,0.6154,0.5695,0.0805,0,0.6757,0.0604,0.1062,ev,multiplicative,projection,main,live,202610112660CB0C,2026-10-06T19:09:09.837Z
2026,5,15265,Kyle Pitts,ATL,TE,vs BAL,recYds,Hard Rock,40.5,over,33,210,-325,0.3226,0.2967,0.0873,0,0.3829,0.0604,0.0863,ev,multiplicative,projection,main,live,2026101240603BF9,2026-10-06T19:09:09.837Z
2026,5,15990,Tyler Goodson,DAL,RB,vs TB,rushYds,Hard Rock,47.5,under,18.05,-1200,550,0.9231,0.8571,0.0769,0,0.9834,0.0603,0.1262,ev,multiplicative,projection,main,live,2026100942D78F91,2026-10-06T19:09:09.837Z
2026,5,15834,Brock Purdy,SF,QB,at SEA,rushYds,Hard Rock,39.5,under,17.22,-1000,500,0.9091,0.8451,0.0758,0,0.9694,0.0603,0.1243,ev,multiplicative,projection,main,live,202610119C07AE76,2026-10-06T19:09:09.837Z
2026,5,11690,Christian McCaffrey,SF,RB,at SEA,recYds,Hard Rock,65.5,under,29.68,-1000,475,0.9091,0.8394,0.0830,0,0.9694,0.0603,0.1299,ev,multiplicative,projection,main,live,202610119C07AE76,2026-10-06T19:09:09.837Z
2026,5,13429,Deebo Samuel Sr.,SF,WR,at SEA,receptions,BetRivers,5.5,over,3.78,420,,0.1923,0.1923,,1,0.2525,0.0602,0.0602,ev,none,projection,main,live,202610119C07AE76,2026-10-06T19:09:09.837Z
2026,5,15265,Kyle Pitts,ATL,TE,vs BAL,receptions,FanDuel,2.5,over,2.71,102,-136,0.4950,0.4621,0.0713,0,0.5552,0.0602,0.0931,ev,multiplicative,projection,main,live,2026101240603BF9,2026-10-06T19:09:09.837Z
2026,5,16919,Zay Flowers,BAL,WR,at ATL,recYds,Caesars,29.5,over,84.25,-900,,0.9000,0.9000,,1,0.9602,0.0602,0.0602,ev,none,projection,main,live,2026101240603BF9,2026-10-06T19:09:09.837Z
2026,5,14411,CeeDee Lamb,DAL,WR,vs TB,recYds,Hard Rock,79.5,over,94.13,-130,-105,0.5652,0.5246,0.0774,0,0.6255,0.0602,0.1009,ev,multiplicative,projection,main,live,2026100942D78F91,2026-10-06T19:09:09.837Z
2026,5,8057,Kirk Cousins,LV,QB,at NE,passYds,Hard Rock,241.5,under,210.38,-175,125,0.6364,0.5888,0.0808,0,0.6965,0.0602,0.1078,ev,multiplicative,projection,main,live,202610116AF20186,2026-10-06T19:09:09.837Z
2026,5,11690,Christian McCaffrey,SF,RB,at SEA,recYds,Hard Rock,23.5,under,29.68,210,-325,0.3226,0.2967,0.0873,0,0.3828,0.0602,0.0861,ev,multiplicative,projection,main,live,202610119C07AE76,2026-10-06T19:09:09.837Z
2026,5,16919,Zay Flowers,BAL,WR,at ATL,recYds,Hard Rock,29.5,over,84.25,-900,450,0.9000,0.8319,0.0818,0,0.9602,0.0602,0.1282,ev,multiplicative,projection,main,live,2026101240603BF9,2026-10-06T19:09:09.837Z
2026,5,16739,Bijan Robinson,ATL,RB,vs BAL,recYds,Hard Rock,42.5,over,36.4,250,-400,0.2857,0.2632,0.0857,0,0.3459,0.0602,0.0828,ev,multiplicative,projection,main,live,2026101240603BF9,2026-10-06T19:09:09.837Z
2026,5,16919,Zay Flowers,BAL,WR,at ATL,recYds,FanDuel,29.5,over,84.25,-901,,0.9001,0.9001,,1,0.9602,0.0601,0.0601,ev,none,projection,main,live,2026101240603BF9,2026-10-06T19:09:09.837Z
2026,5,19292,Jalon Daniels,TB,QB,at DAL,passYds,Hard Rock,165.5,over,209.11,-170,125,0.6296,0.5862,0.0741,0,0.6897,0.0601,0.1035,ev,multiplicative,projection,main,live,2026100942D78F91,2026-10-06T19:09:09.837Z
2026,5,17702,Braelon Allen,NYJ,RB,vs CLE,rushYds,Hard Rock,104.5,under,38.23,-550,350,0.8462,0.7920,0.0684,0,0.9062,0.0601,0.1142,ev,multiplicative,projection,main,live,2026101112C81881,2026-10-06T19:09:09.837Z
2026,5,19607,Kaelon Black,SF,RB,at SEA,rushYds,theScore,24.5,over,15.13,185,,0.3509,0.3509,,1,0.4109,0.0601,0.0601,ev,none,projection,main,live,202610119C07AE76,2026-10-06T19:09:09.837Z
2026,5,15222,Kenneth Gainwell,TB,RB,at DAL,receptions,FanDuel,3.5,over,2.26,396,,0.2016,0.2016,,1,0.2616,0.0600,0.0600,ev,none,projection,main,live,2026100942D78F91,2026-10-06T19:09:09.837Z
2026,5,15306,Javonte Williams,DAL,RB,vs TB,recYds,Hard Rock,33.5,under,16.44,-450,275,0.8182,0.7542,0.0848,0,0.8782,0.0600,0.1240,ev,multiplicative,projection,main,live,2026100942D78F91,2026-10-06T19:09:09.837Z
2026,5,16654,Jaxon Smith-Njigba,SEA,WR,vs SF,receptions,Hard Rock,12.5,over,6.73,2000,,0.0476,0.0476,,1,0.1076,0.0600,0.0600,ev,none,projection,main,live,202610119C07AE76,2026-10-06T19:09:09.837Z
2026,5,11712,Deshaun Watson,CLE,QB,at NYJ,passYds,Hard Rock,151.5,under,198.41,350,-575,0.2222,0.2069,0.0741,0,0.2822,0.0599,0.0753,ev,multiplicative,projection,main,live,2026101112C81881,2026-10-06T19:09:09.837Z
2026,5,14371,Jordan Love,GB,QB,vs CHI,passYds,Hard Rock,217.5,over,255.85,-170,125,0.6296,0.5862,0.0741,0,0.6895,0.0599,0.1033,ev,multiplicative,projection,main,live,202610112660CB0C,2026-10-06T19:09:09.837Z
2026,5,8057,Kirk Cousins,LV,QB,at NE,passYds,Hard Rock,252.5,under,210.38,-230,160,0.6970,0.6444,0.0816,0,0.7569,0.0599,0.1125,ev,multiplicative,projection,main,live,202610116AF20186,2026-10-06T19:09:09.837Z
2026,5,15834,Brock Purdy,SF,QB,at SEA,rushYds,Hard Rock,26.5,under,17.22,-260,180,0.7222,0.6691,0.0794,0,0.7822,0.0599,0.1130,ev,multiplicative,projection,main,live,202610119C07AE76,2026-10-06T19:09:09.837Z
2026,5,15868,Drake London,ATL,WR,vs BAL,recYds,Hard Rock,79.5,over,93.95,-130,-105,0.5652,0.5246,0.0774,0,0.6251,0.0599,0.1005,ev,multiplicative,projection,main,live,2026101240603BF9,2026-10-06T19:09:09.837Z
2026,5,15876,James Cook,BUF,RB,at LAR,rushYds,Hard Rock,92.5,over,88.04,165,-230,0.3774,0.3513,0.0743,0,0.4372,0.0599,0.0860,ev,multiplicative,projection,main,live,20261013A957AFD4,2026-10-06T19:09:09.837Z
2026,5,19607,Kaelon Black,SF,RB,at SEA,rushYds,DraftKings,19.5,over,15.13,151,,0.3984,0.3984,,1,0.4582,0.0598,0.0598,ev,none,projection,main,live,202610119C07AE76,2026-10-06T19:09:09.837Z
2026,5,16032,Cade Otton,TB,TE,at DAL,recYds,Hard Rock,41.5,over,36.11,200,-300,0.3333,0.3077,0.0833,0,0.3932,0.0598,0.0855,ev,multiplicative,projection,main,live,2026100942D78F91,2026-10-06T19:09:09.837Z
2026,5,16690,Parker Washington,JAX,WR,vs PHI,recYds,Hard Rock,78.5,under,68.35,-250,175,0.7143,0.6627,0.0779,0,0.7741,0.0598,0.1114,ev,multiplicative,projection,main,live,2026101118C77B29,2026-10-06T19:09:09.837Z
2026,5,15829,Garrett Wilson,NYJ,WR,vs CLE,recYds,Hard Rock,84.5,under,62.78,-230,160,0.6970,0.6444,0.0816,0,0.7568,0.0598,0.1124,ev,multiplicative,projection,main,live,2026101112C81881,2026-10-06T19:09:09.837Z
2026,5,14371,Jordan Love,GB,QB,vs CHI,passYds,Hard Rock,303.5,over,255.85,425,-850,0.1905,0.1755,0.0852,0,0.2503,0.0598,0.0747,ev,multiplicative,projection,main,live,202610112660CB0C,2026-10-06T19:09:09.837Z
2026,5,8057,Kirk Cousins,LV,QB,at NE,passYds,Hard Rock,257.5,under,210.38,-260,180,0.7222,0.6691,0.0794,0,0.7820,0.0598,0.1129,ev,multiplicative,projection,main,live,202610116AF20186,2026-10-06T19:09:09.837Z
2026,5,17811,AJ Barner,SEA,TE,vs SF,recYds,theScore,9.5,over,33.13,-600,,0.8571,0.8571,,1,0.9169,0.0598,0.0598,ev,none,projection,main,live,202610119C07AE76,2026-10-06T19:09:09.837Z
2026,5,19607,Kaelon Black,SF,RB,at SEA,rushYds,Hard Rock,5.5,under,15.13,325,-575,0.2353,0.2164,0.0871,0,0.2951,0.0598,0.0787,ev,multiplicative,projection,main,live,202610119C07AE76,2026-10-06T19:09:09.837Z
2026,5,10819,Derrick Henry,BAL,RB,at ATL,rushYds,Hard Rock,151.5,under,97.07,-1100,525,0.9167,0.8514,0.0767,0,0.9765,0.0598,0.1251,ev,multiplicative,projection,main,live,2026101240603BF9,2026-10-06T19:09:09.837Z
2026,5,12483,Josh Allen,BUF,QB,at LAR,rushYds,Hard Rock,68.5,under,37.26,-1400,575,0.9333,0.8630,0.0815,0,0.9931,0.0598,0.1301,ev,multiplicative,projection,main,live,20261013A957AFD4,2026-10-06T19:09:09.837Z
2026,5,15876,James Cook,BUF,RB,at LAR,rushYds,Hard Rock,45.5,over,88.04,-600,350,0.8571,0.7941,0.0794,0,0.9169,0.0598,0.1228,ev,multiplicative,projection,main,live,20261013A957AFD4,2026-10-06T19:09:09.837Z
2026,5,15990,Tyler Goodson,DAL,RB,vs TB,rushYds,Hard Rock,45.5,under,18.05,-1100,500,0.9167,0.8462,0.0833,0,0.9764,0.0597,0.1302,ev,multiplicative,projection,main,live,2026100942D78F91,2026-10-06T19:09:09.837Z
2026,5,17017,Brenton Strange,JAX,TE,vs PHI,recYds,Hard Rock,71.5,under,40.27,-1100,500,0.9167,0.8462,0.0833,0,0.9763,0.0597,0.1302,ev,multiplicative,projection,main,live,2026101118C77B29,2026-10-06T19:09:09.837Z
2026,5,15357,Trevor Lawrence,JAX,QB,vs PHI,rushYds,Hard Rock,22.5,over,19.9,220,-325,0.3125,0.2901,0.0772,0,0.3722,0.0597,0.0821,ev,multiplicative,projection,main,live,2026101118C77B29,2026-10-06T19:09:09.837Z
2026,5,15829,Garrett Wilson,NYJ,WR,vs CLE,recYds,Hard Rock,80.5,under,62.78,-190,135,0.6552,0.6062,0.0807,0,0.7149,0.0597,0.1087,ev,multiplicative,projection,main,live,2026101112C81881,2026-10-06T19:09:09.837Z
2026,5,9253,Mike Evans,SF,WR,at SEA,recYds,FanDuel,29.5,over,64.8,-344,,0.7748,0.7748,,1,0.8343,0.0596,0.0596,ev,none,projection,main,live,202610119C07AE76,2026-10-06T19:09:09.837Z
2026,5,15947,Jake Ferguson,DAL,TE,vs TB,recYds,Hard Rock,15.5,over,31.8,-375,240,0.7895,0.7286,0.0836,0,0.8490,0.0596,0.1205,ev,multiplicative,projection,main,live,2026100942D78F91,2026-10-06T19:09:09.837Z
2026,5,19292,Jalon Daniels,TB,QB,at DAL,passYds,Hard Rock,302.5,over,209.11,1750,-9000,0.0541,0.0518,0.0431,0,0.1137,0.0596,0.0619,ev,multiplicative,projection,main,live,2026100942D78F91,2026-10-06T19:09:09.837Z
2026,5,8057,Kirk Cousins,LV,QB,at NE,passYds,Hard Rock,226.5,under,210.38,-120,-115,0.5455,0.5049,0.0803,0,0.6051,0.0596,0.1002,ev,multiplicative,projection,main,live,202610116AF20186,2026-10-06T19:09:09.837Z
2026,5,14416,Jalen Hurts,PHI,QB,at JAX,rushYds,FanDuel,26.5,under,24.48,-114,-114,0.5327,0.5000,0.0654,0,0.5922,0.0595,0.0922,ev,multiplicative,projection,main,live,2026101118C77B29,2026-10-06T19:09:09.837Z
2026,5,15850,Jahan Dotson,ATL,WR,vs BAL,recYds,Caesars,19.5,under,15.76,-115,-113,0.5349,0.5020,0.0654,0,0.5944,0.0595,0.0924,ev,multiplicative,projection,main,live,2026101240603BF9,2026-10-06T19:09:09.837Z
2026,5,17017,Brenton Strange,JAX,TE,vs PHI,recYds,Hard Rock,73.5,under,40.27,-1200,550,0.9231,0.8571,0.0769,0,0.9826,0.0595,0.1254,ev,multiplicative,projection,main,live,2026101118C77B29,2026-10-06T19:09:09.837Z
2026,5,18524,Bhayshul Tuten,JAX,RB,vs PHI,receptions,Hard Rock,0.5,over,1.64,-575,350,0.8519,0.7931,0.0741,0,0.9113,0.0595,0.1182,ev,multiplicative,projection,main,live,2026101118C77B29,2026-10-06T19:09:09.837Z
2026,5,14371,Jordan Love,GB,QB,vs CHI,passYds,Hard Rock,305.5,over,255.85,450,-900,0.1818,0.1681,0.0818,0,0.2414,0.0595,0.0733,ev,multiplicative,projection,main,live,202610112660CB0C,2026-10-06T19:09:09.837Z
2026,5,11690,Christian McCaffrey,SF,RB,at SEA,recYds,Hard Rock,18.5,under,29.68,325,-550,0.2353,0.2176,0.0814,0,0.2948,0.0595,0.0772,ev,multiplicative,projection,main,live,202610119C07AE76,2026-10-06T19:09:09.837Z
2026,5,15850,Jahan Dotson,ATL,WR,vs BAL,recYds,Hard Rock,19.5,under,15.76,-115,-115,0.5349,0.5000,0.0698,0,0.5944,0.0595,0.0944,ev,multiplicative,projection,main,live,2026101240603BF9,2026-10-06T19:09:09.837Z
2026,5,15853,George Pickens,DAL,WR,vs TB,recYds,Hard Rock,36.5,over,66.73,-425,260,0.8095,0.7445,0.0873,0,0.8690,0.0594,0.1244,ev,multiplicative,projection,main,live,2026100942D78F91,2026-10-06T19:09:09.837Z
2026,5,8057,Kirk Cousins,LV,QB,at NE,passYds,Hard Rock,242.5,under,210.38,-180,125,0.6429,0.5912,0.0873,0,0.7023,0.0594,0.1110,ev,multiplicative,projection,main,live,202610116AF20186,2026-10-06T19:09:09.837Z
2026,5,8057,Kirk Cousins,LV,QB,at NE,passYds,Hard Rock,232.5,under,210.38,-140,105,0.5833,0.5446,0.0711,0,0.6427,0.0594,0.0981,ev,multiplicative,projection,main,live,202610116AF20186,2026-10-06T19:09:09.837Z
2026,5,8057,Kirk Cousins,LV,QB,at NE,passYds,Hard Rock,251.5,under,210.38,-225,155,0.6923,0.6384,0.0845,0,0.7517,0.0594,0.1133,ev,multiplicative,projection,main,live,202610116AF20186,2026-10-06T19:09:09.837Z
2026,5,8057,Kirk Cousins,LV,QB,at NE,passYds,Hard Rock,212.5,under,210.38,120,-165,0.4545,0.4220,0.0772,0,0.5140,0.0594,0.0920,ev,multiplicative,projection,main,live,202610116AF20186,2026-10-06T19:09:09.837Z
2026,5,15265,Kyle Pitts,ATL,TE,vs BAL,recYds,Hard Rock,9.5,over,33,-450,275,0.8182,0.7542,0.0848,0,0.8776,0.0594,0.1234,ev,multiplicative,projection,main,live,2026101240603BF9,2026-10-06T19:09:09.837Z
2026,5,14411,CeeDee Lamb,DAL,WR,vs TB,recYds,Hard Rock,78.5,over,94.13,-135,-105,0.5745,0.5287,0.0867,0,0.6337,0.0593,0.1051,ev,multiplicative,projection,main,live,2026100942D78F91,2026-10-06T19:09:09.837Z
2026,5,11712,Deshaun Watson,CLE,QB,at NYJ,passYds,Hard Rock,148.5,under,198.41,375,-700,0.2105,0.1939,0.0855,0,0.2698,0.0593,0.0759,ev,multiplicative,projection,main,live,2026101112C81881,2026-10-06T19:09:09.837Z
2026,5,16032,Cade Otton,TB,TE,at DAL,recYds,Hard Rock,12.5,over,36.11,-475,300,0.8261,0.7677,0.0761,0,0.8853,0.0592,0.1176,ev,multiplicative,projection,main,live,2026100942D78F91,2026-10-06T19:09:09.837Z
2026,5,14411,CeeDee Lamb,DAL,WR,vs TB,recYds,Hard Rock,72.5,over,94.13,-165,120,0.6226,0.5780,0.0772,0,0.6819,0.0592,0.1038,ev,multiplicative,projection,main,live,2026100942D78F91,2026-10-06T19:09:09.837Z
2026,5,19292,Jalon Daniels,TB,QB,at DAL,passYds,Hard Rock,307.5,over,209.11,2250,,0.0426,0.0426,,1,0.1017,0.0592,0.0592,ev,none,projection,main,live,2026100942D78F91,2026-10-06T19:09:09.837Z
2026,5,17017,Brenton Strange,JAX,TE,vs PHI,recYds,Hard Rock,56.5,under,40.27,-375,260,0.7895,0.7397,0.0673,0,0.8487,0.0592,0.1090,ev,multiplicative,projection,main,live,2026101118C77B29,2026-10-06T19:09:09.837Z
2026,5,15834,Brock Purdy,SF,QB,at SEA,passYds,Hard Rock,238.5,over,241.08,120,-165,0.4545,0.4220,0.0772,0,0.5137,0.0592,0.0918,ev,multiplicative,projection,main,live,202610119C07AE76,2026-10-06T19:09:09.837Z
2026,5,15807,Kyren Williams,LAR,RB,vs BUF,rushYds,Hard Rock,73.5,over,79.89,100,-135,0.5000,0.4653,0.0745,0,0.5592,0.0592,0.0938,ev,multiplicative,projection,main,live,20261013A957AFD4,2026-10-06T19:09:09.837Z
2026,5,15807,Kyren Williams,LAR,RB,vs BUF,rushYds,Hard Rock,79.5,over,79.89,125,-180,0.4444,0.4088,0.0873,0,0.5036,0.0592,0.0949,ev,multiplicative,projection,main,live,20261013A957AFD4,2026-10-06T19:09:09.837Z
2026,5,18549,Emeka Egbuka,TB,WR,at DAL,recYds,FanDuel,69.5,over,46.67,548,,0.1543,0.1543,,1,0.2134,0.0591,0.0591,ev,none,projection,main,live,2026100942D78F91,2026-10-06T19:09:09.837Z
2026,5,14371,Jordan Love,GB,QB,vs CHI,passYds,Caesars,319.5,over,255.85,700,,0.1250,0.1250,,1,0.1841,0.0591,0.0591,ev,none,projection,main,live,202610112660CB0C,2026-10-06T19:09:09.837Z
2026,5,19320,Ted Hurst,TB,WR,at DAL,recYds,Hard Rock,17.5,over,25.73,-150,110,0.6000,0.5575,0.0762,0,0.6591,0.0591,0.1016,ev,multiplicative,projection,main,live,2026100942D78F91,2026-10-06T19:09:09.837Z
2026,5,18524,Bhayshul Tuten,JAX,RB,vs PHI,recYds,Hard Rock,11.5,over,12.52,105,-145,0.4878,0.4518,0.0796,0,0.5469,0.0591,0.0951,ev,multiplicative,projection,main,live,2026101118C77B29,2026-10-06T19:09:09.837Z
2026,5,17716,Brian Thomas Jr.,JAX,WR,vs PHI,receptions,theScore,2.5,over,2.42,135,-180,0.4255,0.3983,0.0684,0,0.4846,0.0591,0.0863,ev,multiplicative,projection,main,live,2026101118C77B29,2026-10-06T19:09:09.837Z
2026,5,15829,Garrett Wilson,NYJ,WR,vs CLE,recYds,Hard Rock,83.5,under,62.78,-220,155,0.6875,0.6368,0.0797,0,0.7466,0.0591,0.1099,ev,multiplicative,projection,main,live,2026101112C81881,2026-10-06T19:09:09.837Z
2026,5,15876,James Cook,BUF,RB,at LAR,rushYds,Hard Rock,91.5,over,88.04,155,-225,0.3922,0.3616,0.0845,0,0.4512,0.0591,0.0896,ev,multiplicative,projection,main,live,20261013A957AFD4,2026-10-06T19:09:09.837Z
2026,5,13429,Deebo Samuel Sr.,SF,WR,at SEA,receptions,FanDuel,4.5,over,3.78,202,,0.3311,0.3311,,1,0.3901,0.0590,0.0590,ev,none,projection,main,live,202610119C07AE76,2026-10-06T19:09:09.837Z
2026,5,15947,Jake Ferguson,DAL,TE,vs TB,recYds,Hard Rock,28.5,over,31.8,-110,-125,0.5238,0.4853,0.0794,0,0.5828,0.0590,0.0975,ev,multiplicative,projection,main,live,2026100942D78F91,2026-10-06T19:09:09.837Z
2026,5,16690,Parker Washington,JAX,WR,vs PHI,receptions,Hard Rock,3.5,under,4.46,200,-300,0.3333,0.3077,0.0833,0,0.3923,0.0590,0.0847,ev,multiplicative,projection,main,live,2026101118C77B29,2026-10-06T19:09:09.837Z
2026,5,16690,Parker Washington,JAX,WR,vs PHI,receptions,Hard Rock,7.5,under,4.46,-1100,500,0.9167,0.8462,0.0833,0,0.9757,0.0590,0.1295,ev,multiplicative,projection,main,live,2026101118C77B29,2026-10-06T19:09:09.837Z
2026,5,15829,Garrett Wilson,NYJ,WR,vs CLE,recYds,Hard Rock,81.5,under,62.78,-200,140,0.6667,0.6154,0.0833,0,0.7257,0.0590,0.1103,ev,multiplicative,projection,main,live,2026101112C81881,2026-10-06T19:09:09.837Z
2026,5,9455,Davante Adams,LAR,WR,vs BUF,recYds,DraftKings,49.5,over,79.89,-189,,0.6540,0.6540,,1,0.7129,0.0589,0.0589,ev,none,projection,main,live,20261013A957AFD4,2026-10-06T19:09:09.837Z
2026,5,19321,Josh Cameron,JAX,WR,vs PHI,recYds,Hard Rock,27.5,under,12.85,-375,240,0.7895,0.7286,0.0836,0,0.8483,0.0589,0.1198,ev,multiplicative,projection,main,live,2026101118C77B29,2026-10-06T19:09:09.837Z
2026,5,8057,Kirk Cousins,LV,QB,at NE,passYds,Hard Rock,250.5,under,210.38,-220,155,0.6875,0.6368,0.0797,0,0.7464,0.0589,0.1096,ev,multiplicative,projection,main,live,202610116AF20186,2026-10-06T19:09:09.837Z
2026,5,13429,Deebo Samuel Sr.,SF,WR,at SEA,recYds,Hard Rock,55.5,over,42.63,300,-475,0.2500,0.2323,0.0761,0,0.3089,0.0589,0.0766,ev,multiplicative,projection,main,live,202610119C07AE76,2026-10-06T19:09:09.837Z
2026,5,15868,Drake London,ATL,WR,vs BAL,recYds,Hard Rock,78.5,over,93.95,-135,100,0.5745,0.5347,0.0745,0,0.6334,0.0589,0.0988,ev,multiplicative,projection,main,live,2026101240603BF9,2026-10-06T19:09:09.837Z
2026,5,15265,Kyle Pitts,ATL,TE,vs BAL,recYds,Hard Rock,42.5,over,33,240,-350,0.2941,0.2744,0.0719,0,0.3530,0.0589,0.0786,ev,multiplicative,projection,main,live,2026101240603BF9,2026-10-06T19:09:09.837Z
2026,5,17690,Blake Corum,LAR,RB,vs BUF,rushYds,Hard Rock,73.5,over,43.22,750,-2500,0.1176,0.1090,0.0792,0,0.1765,0.0589,0.0675,ev,multiplicative,projection,main,live,20261013A957AFD4,2026-10-06T19:09:09.837Z
2026,5,19292,Jalon Daniels,TB,QB,at DAL,passYds,Caesars,299.5,over,209.11,1500,,0.0625,0.0625,,1,0.1213,0.0588,0.0588,ev,none,projection,main,live,2026100942D78F91,2026-10-06T19:09:09.837Z
2026,5,15876,James Cook,BUF,RB,at LAR,rushYds,DraftKings,49.5,over,88.04,-511,,0.8363,0.8363,,1,0.8952,0.0588,0.0588,ev,none,projection,main,live,20261013A957AFD4,2026-10-06T19:09:09.837Z
2026,5,19292,Jalon Daniels,TB,QB,at DAL,rushYds,Hard Rock,83.5,under,20.13,-1600,650,0.9412,0.8759,0.0745,0,1.0000,0.0588,0.1241,ev,multiplicative,projection,main,live,2026100942D78F91,2026-10-06T19:09:09.837Z
2026,5,14411,CeeDee Lamb,DAL,WR,vs TB,recYds,Hard Rock,98.5,over,94.13,155,-220,0.3922,0.3632,0.0797,0,0.4509,0.0588,0.0877,ev,multiplicative,projection,main,live,2026100942D78F91,2026-10-06T19:09:09.837Z
2026,5,19292,Jalon Daniels,TB,QB,at DAL,passYds,Hard Rock,305.5,over,209.11,2000,,0.0476,0.0476,,1,0.1064,0.0588,0.0588,ev,none,projection,main,live,2026100942D78F91,2026-10-06T19:09:09.837Z
2026,5,14416,Jalen Hurts,PHI,QB,at JAX,rushYds,Hard Rock,57.5,under,24.48,-1600,650,0.9412,0.8759,0.0745,0,0.9999,0.0588,0.1240,ev,multiplicative,projection,main,live,2026101118C77B29,2026-10-06T19:09:09.837Z
2026,5,17057,Isaiah Davis,NYJ,RB,vs CLE,rushYds,Hard Rock,41.5,under,3.02,-1600,650,0.9412,0.8759,0.0745,0,1.0000,0.0588,0.1241,ev,multiplicative,projection,main,live,2026101112C81881,2026-10-06T19:09:09.837Z
2026,5,15829,Garrett Wilson,NYJ,WR,vs CLE,recYds,Hard Rock,82.5,under,62.78,-210,145,0.6774,0.6240,0.0856,0,0.7363,0.0588,0.1123,ev,multiplicative,projection,main,live,2026101112C81881,2026-10-06T19:09:09.837Z
2026,5,15829,Garrett Wilson,NYJ,WR,vs CLE,recYds,Hard Rock,77.5,under,62.78,-165,120,0.6226,0.5780,0.0772,0,0.6814,0.0588,0.1034,ev,multiplicative,projection,main,live,2026101112C81881,2026-10-06T19:09:09.837Z
2026,5,15306,Javonte Williams,DAL,RB,vs TB,recYds,Hard Rock,43.5,under,16.44,-1000,475,0.9091,0.8394,0.0830,0,0.9678,0.0587,0.1284,ev,multiplicative,projection,main,live,2026100942D78F91,2026-10-06T19:09:09.837Z
2026,5,16690,Parker Washington,JAX,WR,vs PHI,recYds,Hard Rock,118.5,under,68.35,-1600,600,0.9412,0.8682,0.0840,0,0.9999,0.0587,0.1317,ev,multiplicative,projection,main,live,2026101118C77B29,2026-10-06T19:09:09.837Z
2026,5,16690,Parker Washington,JAX,WR,vs PHI,recYds,Hard Rock,117.5,under,68.35,-1600,600,0.9412,0.8682,0.0840,0,0.9999,0.0587,0.1316,ev,multiplicative,projection,main,live,2026101118C77B29,2026-10-06T19:09:09.837Z
2026,5,14371,Jordan Love,GB,QB,vs CHI,passYds,Hard Rock,307.5,over,255.85,475,-1000,0.1739,0.1606,0.0830,0,0.2326,0.0587,0.0721,ev,multiplicative,projection,main,live,202610112660CB0C,2026-10-06T19:09:09.837Z
2026,5,15850,Jahan Dotson,ATL,WR,vs BAL,recYds,Hard Rock,57.5,under,15.76,-1500,600,0.9375,0.8678,0.0804,0,0.9962,0.0587,0.1284,ev,multiplicative,projection,main,live,2026101240603BF9,2026-10-06T19:09:09.837Z
2026,5,9455,Davante Adams,LAR,WR,vs BUF,recYds,Hard Rock,100.5,over,79.89,350,-600,0.2222,0.2059,0.0794,0,0.2809,0.0587,0.0750,ev,multiplicative,projection,main,live,20261013A957AFD4,2026-10-06T19:09:09.837Z
2026,5,14411,CeeDee Lamb,DAL,WR,vs TB,recYds,Hard Rock,73.5,over,94.13,-160,115,0.6154,0.5695,0.0805,0,0.6740,0.0586,0.1045,ev,multiplicative,projection,main,live,2026100942D78F91,2026-10-06T19:09:09.837Z
2026,5,14411,CeeDee Lamb,DAL,WR,vs TB,recYds,Hard Rock,77.5,over,94.13,-140,100,0.5833,0.5385,0.0833,0,0.6419,0.0586,0.1035,ev,multiplicative,projection,main,live,2026100942D78F91,2026-10-06T19:09:09.837Z
2026,5,15306,Javonte Williams,DAL,RB,vs TB,rushYds,Hard Rock,124.5,under,72.94,-1300,575,0.9286,0.8624,0.0767,0,0.9871,0.0586,0.1247,ev,multiplicative,projection,main,live,2026100942D78F91,2026-10-06T19:09:09.837Z
2026,5,15853,George Pickens,DAL,WR,vs TB,recYds,Hard Rock,53.5,over,66.73,-170,125,0.6296,0.5862,0.0741,0,0.6882,0.0586,0.1020,ev,multiplicative,projection,main,live,2026100942D78F91,2026-10-06T19:09:09.837Z
2026,5,13429,Deebo Samuel Sr.,SF,WR,at SEA,recYds,theScore,19.5,over,42.63,-325,,0.7647,0.7647,,1,0.8233,0.0586,0.0586,ev,none,projection,main,live,202610119C07AE76,2026-10-06T19:09:09.837Z
2026,5,15834,Brock Purdy,SF,QB,at SEA,passYds,Hard Rock,240.5,over,241.08,125,-170,0.4444,0.4138,0.0741,0,0.5031,0.0586,0.0893,ev,multiplicative,projection,main,live,202610119C07AE76,2026-10-06T19:09:09.837Z
2026,5,11690,Christian McCaffrey,SF,RB,at SEA,rushAtt,Hard Rock,14.5,over,15.99,-120,-110,0.5455,0.5101,0.0693,0,0.6040,0.0586,0.0939,ev,multiplicative,projection,main,live,202610119C07AE76,2026-10-06T19:09:09.837Z
2026,5,15990,Tyler Goodson,DAL,RB,vs TB,rushYds,Hard Rock,33.5,under,18.05,-425,275,0.8095,0.7522,0.0762,0,0.8680,0.0585,0.1158,ev,multiplicative,projection,main,live,2026100942D78F91,2026-10-06T19:09:09.837Z
2026,5,19320,Ted Hurst,TB,WR,at DAL,recYds,Hard Rock,15.5,over,25.73,-175,130,0.6364,0.5941,0.0711,0,0.6948,0.0585,0.1007,ev,multiplicative,projection,main,live,2026100942D78F91,2026-10-06T19:09:09.837Z
2026,5,15853,George Pickens,DAL,WR,vs TB,recYds,Hard Rock,35.5,over,66.73,-450,275,0.8182,0.7542,0.0848,0,0.8767,0.0585,0.1225,ev,multiplicative,projection,main,live,2026100942D78F91,2026-10-06T19:09:09.837Z
2026,5,11690,Christian McCaffrey,SF,RB,at SEA,rushYds,Hard Rock,103.5,under,58.96,-1400,575,0.9333,0.8630,0.0815,0,0.9918,0.0585,0.1288,ev,multiplicative,projection,main,live,202610119C07AE76,2026-10-06T19:09:09.837Z
2026,5,10819,Derrick Henry,BAL,RB,at ATL,rushYds,Hard Rock,126.5,under,97.07,-400,260,0.8000,0.7423,0.0778,0,0.8585,0.0585,0.1162,ev,multiplicative,projection,main,live,2026101240603BF9,2026-10-06T19:09:09.837Z
2026,5,14416,Jalen Hurts,PHI,QB,at JAX,passYds,BetRivers,187.5,over,202.54,-114,-117,0.5327,0.4970,0.0719,0,0.5911,0.0584,0.0941,ev,multiplicative,projection,main,live,2026101118C77B29,2026-10-06T19:09:09.837Z
2026,5,15853,George Pickens,DAL,WR,vs TB,recYds,Hard Rock,52.5,over,66.73,-180,130,0.6429,0.5965,0.0776,0,0.7012,0.0584,0.1047,ev,multiplicative,projection,main,live,2026100942D78F91,2026-10-06T19:09:09.837Z
2026,5,15829,Garrett Wilson,NYJ,WR,vs CLE,recYds,Hard Rock,111.5,under,62.78,-750,400,0.8824,0.8152,0.0824,0,0.9407,0.0584,0.1255,ev,multiplicative,projection,main,live,2026101112C81881,2026-10-06T19:09:09.837Z
2026,5,18472,Harold Fannin Jr.,CLE,TE,at NYJ,recYds,Hard Rock,27.5,over,39.39,-225,160,0.6923,0.6429,0.0769,0,0.7507,0.0584,0.1079,ev,multiplicative,projection,main,live,2026101112C81881,2026-10-06T19:09:09.837Z
2026,5,15807,Kyren Williams,LAR,RB,vs BUF,rushYds,Hard Rock,78.5,over,79.89,120,-170,0.4545,0.4193,0.0842,0,0.5129,0.0584,0.0937,ev,multiplicative,projection,main,live,20261013A957AFD4,2026-10-06T19:09:09.837Z
2026,5,14411,CeeDee Lamb,DAL,WR,vs TB,recYds,Hard Rock,74.5,over,94.13,-155,110,0.6078,0.5607,0.0840,0,0.6661,0.0583,0.1054,ev,multiplicative,projection,main,live,2026100942D78F91,2026-10-06T19:09:09.837Z
2026,5,19321,Josh Cameron,JAX,WR,vs PHI,recYds,Hard Rock,42.5,under,12.85,-1200,525,0.9231,0.8523,0.0831,0,0.9814,0.0583,0.1291,ev,multiplicative,projection,main,live,2026101118C77B29,2026-10-06T19:09:09.837Z
2026,5,8743,Geno Smith,NYJ,QB,vs CLE,passYds,Hard Rock,252.5,under,188.9,-400,260,0.8000,0.7423,0.0778,0,0.8583,0.0583,0.1160,ev,multiplicative,projection,main,live,2026101112C81881,2026-10-06T19:09:09.837Z
2026,5,8057,Kirk Cousins,LV,QB,at NE,passYds,Hard Rock,248.5,under,210.38,-210,145,0.6774,0.6240,0.0856,0,0.7357,0.0583,0.1117,ev,multiplicative,projection,main,live,202610116AF20186,2026-10-06T19:09:09.837Z
2026,5,15868,Drake London,ATL,WR,vs BAL,recYds,Hard Rock,77.5,over,93.95,-140,100,0.5833,0.5385,0.0833,0,0.6417,0.0583,0.1032,ev,multiplicative,projection,main,live,2026101240603BF9,2026-10-06T19:09:09.837Z
2026,5,19607,Kaelon Black,SF,RB,at SEA,rushYds,BetRivers,19.5,over,15.13,150,,0.4000,0.4000,,1,0.4582,0.0582,0.0582,ev,none,projection,main,live,202610119C07AE76,2026-10-06T19:09:09.837Z
2026,5,14411,CeeDee Lamb,DAL,WR,vs TB,recYds,Hard Rock,76.5,over,94.13,-145,105,0.5918,0.5482,0.0796,0,0.6500,0.0582,0.1019,ev,multiplicative,projection,main,live,2026100942D78F91,2026-10-06T19:09:09.837Z
2026,5,15834,Brock Purdy,SF,QB,at SEA,passYds,Hard Rock,253.5,over,241.08,170,-240,0.3704,0.3441,0.0763,0,0.4285,0.0582,0.0844,ev,multiplicative,projection,main,live,202610119C07AE76,2026-10-06T19:09:09.837Z
2026,5,14411,CeeDee Lamb,DAL,WR,vs TB,recYds,Hard Rock,75.5,over,94.13,-150,105,0.6000,0.5516,0.0878,0,0.6581,0.0581,0.1065,ev,multiplicative,projection,main,live,2026100942D78F91,2026-10-06T19:09:09.837Z
2026,5,15306,Javonte Williams,DAL,RB,vs TB,recYds,Hard Rock,34.5,under,16.44,-500,300,0.8333,0.7692,0.0833,0,0.8914,0.0581,0.1222,ev,multiplicative,projection,main,live,2026100942D78F91,2026-10-06T19:09:09.837Z
2026,5,15306,Javonte Williams,DAL,RB,vs TB,rushAtt,theScore,16.5,over,18.7,-160,125,0.6154,0.5806,0.0598,0,0.6735,0.0581,0.0929,ev,multiplicative,projection,main,live,2026100942D78F91,2026-10-06T19:09:09.837Z
2026,5,15853,George Pickens,DAL,WR,vs TB,recYds,Hard Rock,34.5,over,66.73,-475,300,0.8261,0.7677,0.0761,0,0.8841,0.0580,0.1164,ev,multiplicative,projection,main,live,2026100942D78F91,2026-10-06T19:09:09.837Z
2026,5,16946,Tyson Bagent,CHI,QB,at GB,passYds,Hard Rock,204.5,under,204.05,125,-170,0.4444,0.4138,0.0741,0,0.5024,0.0580,0.0886,ev,multiplicative,projection,main,live,202610112660CB0C,2026-10-06T19:09:09.837Z
2026,5,15868,Drake London,ATL,WR,vs BAL,recYds,Hard Rock,76.5,over,93.95,-145,105,0.5918,0.5482,0.0796,0,0.6499,0.0580,0.1017,ev,multiplicative,projection,main,live,2026101240603BF9,2026-10-06T19:09:09.837Z
2026,5,15868,Drake London,ATL,WR,vs BAL,recYds,Hard Rock,75.5,over,93.95,-150,110,0.6000,0.5575,0.0762,0,0.6580,0.0580,0.1005,ev,multiplicative,projection,main,live,2026101240603BF9,2026-10-06T19:09:09.837Z
2026,5,9455,Davante Adams,LAR,WR,vs BUF,recYds,Hard Rock,54.5,over,79.89,-165,120,0.6226,0.5780,0.0772,0,0.6806,0.0580,0.1026,ev,multiplicative,projection,main,live,20261013A957AFD4,2026-10-06T19:09:09.837Z
2026,5,15947,Jake Ferguson,DAL,TE,vs TB,recYds,Hard Rock,29.5,over,31.8,100,-140,0.5000,0.4615,0.0833,0,0.5579,0.0579,0.0964,ev,multiplicative,projection,main,live,2026100942D78F91,2026-10-06T19:09:09.837Z
2026,5,15853,George Pickens,DAL,WR,vs TB,recYds,Hard Rock,33.5,over,66.73,-500,300,0.8333,0.7692,0.0833,0,0.8912,0.0579,0.1220,ev,multiplicative,projection,main,live,2026100942D78F91,2026-10-06T19:09:09.837Z
2026,5,15357,Trevor Lawrence,JAX,QB,vs PHI,rushYds,Hard Rock,3.5,over,19.9,-600,350,0.8571,0.7941,0.0794,0,0.9150,0.0579,0.1209,ev,multiplicative,projection,main,live,2026101118C77B29,2026-10-06T19:09:09.837Z
2026,5,8743,Geno Smith,NYJ,QB,vs CLE,passYds,Hard Rock,240.5,under,188.9,-300,195,0.7500,0.6887,0.0890,0,0.8079,0.0579,0.1192,ev,multiplicative,projection,main,live,2026101112C81881,2026-10-06T19:09:09.837Z
2026,5,16946,Tyson Bagent,CHI,QB,at GB,passYds,Hard Rock,202.5,under,204.05,130,-180,0.4348,0.4035,0.0776,0,0.4927,0.0579,0.0893,ev,multiplicative,projection,main,live,202610112660CB0C,2026-10-06T19:09:09.837Z
2026,5,8057,Kirk Cousins,LV,QB,at NE,passYds,Hard Rock,255.5,under,210.38,-250,175,0.7143,0.6627,0.0779,0,0.7721,0.0579,0.1095,ev,multiplicative,projection,main,live,202610116AF20186,2026-10-06T19:09:09.837Z
2026,5,11718,Chris Godwin,TB,WR,at DAL,recYds,FanDuel,79.5,over,43.08,1258,,0.0736,0.0736,,1,0.1314,0.0578,0.0578,ev,none,projection,main,live,2026100942D78F91,2026-10-06T19:09:09.837Z
2026,5,17811,AJ Barner,SEA,TE,vs SF,receptions,FanDuel,3.5,over,3.25,167,,0.3745,0.3745,,1,0.4324,0.0578,0.0578,ev,none,projection,main,live,202610119C07AE76,2026-10-06T19:09:09.837Z
2026,5,16654,Jaxon Smith-Njigba,SEA,WR,vs SF,receptions,Caesars,8.5,over,6.73,240,,0.2941,0.2941,,1,0.3519,0.0578,0.0578,ev,none,projection,main,live,202610119C07AE76,2026-10-06T19:09:09.837Z
2026,5,15829,Garrett Wilson,NYJ,WR,vs CLE,recYds,Hard Rock,109.5,under,62.78,-700,375,0.8750,0.8061,0.0855,0,0.9328,0.0578,0.1267,ev,multiplicative,projection,main,live,2026101112C81881,2026-10-06T19:09:09.837Z
2026,5,16946,Tyson Bagent,CHI,QB,at GB,passYds,Hard Rock,200.5,under,204.05,135,-190,0.4255,0.3938,0.0807,0,0.4833,0.0578,0.0896,ev,multiplicative,projection,main,live,202610112660CB0C,2026-10-06T19:09:09.837Z
2026,5,13429,Deebo Samuel Sr.,SF,WR,at SEA,receptions,theScore,3.5,over,3.78,100,-130,0.5000,0.4694,0.0652,0,0.5578,0.0578,0.0884,ev,multiplicative,projection,main,live,202610119C07AE76,2026-10-06T19:09:09.837Z
2026,5,16654,Jaxon Smith-Njigba,SEA,WR,vs SF,receptions,Hard Rock,8.5,over,6.73,240,-350,0.2941,0.2744,0.0719,0,0.3519,0.0578,0.0775,ev,multiplicative,projection,main,live,202610119C07AE76,2026-10-06T19:09:09.837Z
2026,5,15834,Brock Purdy,SF,QB,at SEA,passYds,Hard Rock,245.5,over,241.08,140,-195,0.4167,0.3866,0.0777,0,0.4745,0.0578,0.0878,ev,multiplicative,projection,main,live,202610119C07AE76,2026-10-06T19:09:09.837Z
2026,5,9455,Davante Adams,LAR,WR,vs BUF,recYds,Caesars,49.5,over,79.89,-190,,0.6552,0.6552,,1,0.7129,0.0577,0.0577,ev,none,projection,main,live,20261013A957AFD4,2026-10-06T19:09:09.837Z
2026,5,14371,Jordan Love,GB,QB,vs CHI,passYds,Hard Rock,216.5,over,255.85,-175,125,0.6364,0.5888,0.0808,0,0.6941,0.0577,0.1053,ev,multiplicative,projection,main,live,202610112660CB0C,2026-10-06T19:09:09.837Z
2026,5,10819,Derrick Henry,BAL,RB,at ATL,rushYds,Hard Rock,150.5,under,97.07,-1100,500,0.9167,0.8462,0.0833,0,0.9744,0.0577,0.1282,ev,multiplicative,projection,main,live,2026101240603BF9,2026-10-06T19:09:09.837Z
2026,5,15990,Tyler Goodson,DAL,RB,vs TB,rushYds,Hard Rock,48.5,under,18.05,-1300,575,0.9286,0.8624,0.0767,0,0.9861,0.0576,0.1237,ev,multiplicative,projection,main,live,2026100942D78F91,2026-10-06T19:09:09.837Z
2026,5,11712,Deshaun Watson,CLE,QB,at NYJ,passYds,Hard Rock,157.5,under,198.41,300,-475,0.2500,0.2323,0.0761,0,0.3076,0.0576,0.0753,ev,multiplicative,projection,main,live,2026101112C81881,2026-10-06T19:09:09.837Z
2026,5,9455,Davante Adams,LAR,WR,vs BUF,recYds,Hard Rock,53.5,over,79.89,-170,125,0.6296,0.5862,0.0741,0,0.6872,0.0576,0.1010,ev,multiplicative,projection,main,live,20261013A957AFD4,2026-10-06T19:09:09.837Z
2026,5,5971,Matthew Stafford,LAR,QB,vs BUF,passYds,Hard Rock,322.5,under,260.27,-325,220,0.7647,0.7099,0.0772,0,0.8223,0.0576,0.1124,ev,multiplicative,projection,main,live,20261013A957AFD4,2026-10-06T19:09:09.837Z
2026,5,17690,Blake Corum,LAR,RB,vs BUF,rushYds,Hard Rock,74.5,over,43.22,800,-3000,0.1111,0.1030,0.0789,0,0.1687,0.0576,0.0657,ev,multiplicative,projection,main,live,20261013A957AFD4,2026-10-06T19:09:09.837Z
2026,5,12483,Josh Allen,BUF,QB,at LAR,passYds,Hard Rock,190.5,under,236.56,350,-550,0.2222,0.2080,0.0684,0,0.2797,0.0575,0.0717,ev,multiplicative,projection,main,live,20261013A957AFD4,2026-10-06T19:09:09.837Z
2026,5,15807,Kyren Williams,LAR,RB,vs BUF,rushYds,Hard Rock,81.5,over,79.89,140,-195,0.4167,0.3866,0.0777,0,0.4742,0.0575,0.0876,ev,multiplicative,projection,main,live,20261013A957AFD4,2026-10-06T19:09:09.837Z
2026,5,13429,Deebo Samuel Sr.,SF,WR,at SEA,recYds,DraftKings,14.5,over,42.63,-435,,0.8131,0.8131,,1,0.8705,0.0574,0.0574,ev,none,projection,main,live,202610119C07AE76,2026-10-06T19:09:09.837Z
2026,5,19292,Jalon Daniels,TB,QB,at DAL,passYds,Hard Rock,164.5,over,209.11,-175,125,0.6364,0.5888,0.0808,0,0.6937,0.0574,0.1049,ev,multiplicative,projection,main,live,2026100942D78F91,2026-10-06T19:09:09.837Z
2026,5,15829,Garrett Wilson,NYJ,WR,vs CLE,recYds,Hard Rock,107.5,under,62.78,-650,350,0.8667,0.7959,0.0889,0,0.9241,0.0574,0.1281,ev,multiplicative,projection,main,live,2026101112C81881,2026-10-06T19:09:09.837Z
2026,5,14371,Jordan Love,GB,QB,vs CHI,passYds,Hard Rock,309.5,over,255.85,500,-1100,0.1667,0.1538,0.0833,0,0.2241,0.0574,0.0702,ev,multiplicative,projection,main,live,202610112660CB0C,2026-10-06T19:09:09.837Z
2026,5,8057,Kirk Cousins,LV,QB,at NE,passYds,Hard Rock,224.5,under,210.38,-115,-120,0.5349,0.4951,0.0803,0,0.5923,0.0574,0.0972,ev,multiplicative,projection,main,live,202610116AF20186,2026-10-06T19:09:09.837Z
2026,5,15306,Javonte Williams,DAL,RB,vs TB,rushAtt,BetRivers,19.5,over,18.7,235,,0.2985,0.2985,,1,0.3558,0.0573,0.0573,ev,none,projection,main,live,2026100942D78F91,2026-10-06T19:09:09.837Z
2026,5,17716,Brian Thomas Jr.,JAX,WR,vs PHI,receptions,FanDuel,2.5,over,2.42,134,-180,0.4274,0.3993,0.0702,0,0.4846,0.0573,0.0853,ev,multiplicative,projection,main,live,2026101118C77B29,2026-10-06T19:09:09.837Z
2026,5,19320,Ted Hurst,TB,WR,at DAL,recYds,Hard Rock,18.5,over,25.73,-140,100,0.5833,0.5385,0.0833,0,0.6406,0.0573,0.1022,ev,multiplicative,projection,main,live,2026100942D78F91,2026-10-06T19:09:09.837Z
2026,5,15306,Javonte Williams,DAL,RB,vs TB,rushYds,Hard Rock,89.5,under,72.94,-240,170,0.7059,0.6559,0.0763,0,0.7631,0.0573,0.1073,ev,multiplicative,projection,main,live,2026100942D78F91,2026-10-06T19:09:09.837Z
2026,5,12483,Josh Allen,BUF,QB,at LAR,passYds,Hard Rock,193.5,under,236.56,325,-500,0.2353,0.2202,0.0686,0,0.2926,0.0573,0.0724,ev,multiplicative,projection,main,live,20261013A957AFD4,2026-10-06T19:09:09.837Z
2026,5,18516,Quinshon Judkins,CLE,RB,at NYJ,rushYds,Hard Rock,80.5,under,59.27,-325,220,0.7647,0.7099,0.0772,0,0.8219,0.0572,0.1120,ev,multiplicative,projection,main,live,2026101112C81881,2026-10-06T19:09:09.837Z
2026,5,8743,Geno Smith,NYJ,QB,vs CLE,passYds,Hard Rock,249.5,under,188.9,-375,240,0.7895,0.7286,0.0836,0,0.8466,0.0572,0.1181,ev,multiplicative,projection,main,live,2026101112C81881,2026-10-06T19:09:09.837Z
2026,5,15834,Brock Purdy,SF,QB,at SEA,passYds,Hard Rock,248.5,over,241.08,150,-210,0.4000,0.3713,0.0774,0,0.4572,0.0572,0.0859,ev,multiplicative,projection,main,live,202610119C07AE76,2026-10-06T19:09:09.837Z
2026,5,10819,Derrick Henry,BAL,RB,at ATL,rushYds,Hard Rock,153.5,under,97.07,-1200,550,0.9231,0.8571,0.0769,0,0.9802,0.0572,0.1231,ev,multiplicative,projection,main,live,2026101240603BF9,2026-10-06T19:09:09.837Z
2026,5,15834,Brock Purdy,SF,QB,at SEA,passYds,DraftKings,224.5,over,241.08,-113,-111,0.5305,0.5021,0.0566,0,0.5876,0.0571,0.0855,ev,multiplicative,projection,main,live,202610119C07AE76,2026-10-06T19:09:09.837Z
2026,5,15990,Tyler Goodson,DAL,RB,vs TB,rushYds,Hard Rock,46.5,under,18.05,-1200,500,0.9231,0.8471,0.0897,0,0.9801,0.0571,0.1331,ev,multiplicative,projection,main,live,2026100942D78F91,2026-10-06T19:09:09.837Z
2026,5,15868,Drake London,ATL,WR,vs BAL,recYds,Hard Rock,97.5,over,93.95,150,-210,0.4000,0.3713,0.0774,0,0.4571,0.0571,0.0859,ev,multiplicative,projection,main,live,2026101240603BF9,2026-10-06T19:09:09.837Z
2026,5,15807,Kyren Williams,LAR,RB,vs BUF,rushYds,Hard Rock,77.5,over,79.89,115,-160,0.4651,0.4305,0.0805,0,0.5222,0.0571,0.0917,ev,multiplicative,projection,main,live,20261013A957AFD4,2026-10-06T19:09:09.837Z
2026,5,15834,Brock Purdy,SF,QB,at SEA,passYds,Hard Rock,242.5,over,241.08,130,-180,0.4348,0.4035,0.0776,0,0.4918,0.0570,0.0883,ev,multiplicative,projection,main,live,202610119C07AE76,2026-10-06T19:09:09.837Z
2026,5,10819,Derrick Henry,BAL,RB,at ATL,rushYds,Hard Rock,127.5,under,97.07,-425,275,0.8095,0.7522,0.0762,0,0.8665,0.0570,0.1143,ev,multiplicative,projection,main,live,2026101240603BF9,2026-10-06T19:09:09.837Z
2026,5,12559,Mark Andrews,BAL,TE,at ATL,recYds,Hard Rock,45.5,over,39.91,210,-325,0.3226,0.2967,0.0873,0,0.3796,0.0570,0.0829,ev,multiplicative,projection,main,live,2026101240603BF9,2026-10-06T19:09:09.837Z
2026,5,12483,Josh Allen,BUF,QB,at LAR,rushYds,Hard Rock,69.5,under,37.26,-1500,600,0.9375,0.8678,0.0804,0,0.9945,0.0570,0.1267,ev,multiplicative,projection,main,live,20261013A957AFD4,2026-10-06T19:09:09.837Z
2026,5,19320,Ted Hurst,TB,WR,at DAL,recYds,Hard Rock,14.5,over,25.73,-190,140,0.6552,0.6113,0.0718,0,0.7121,0.0569,0.1008,ev,multiplicative,projection,main,live,2026100942D78F91,2026-10-06T19:09:09.837Z
2026,5,19292,Jalon Daniels,TB,QB,at DAL,passYds,Hard Rock,308.5,over,209.11,2250,,0.0426,0.0426,,1,0.0994,0.0569,0.0569,ev,none,projection,main,live,2026100942D78F91,2026-10-06T19:09:09.837Z
2026,5,18516,Quinshon Judkins,CLE,RB,at NYJ,rushYds,Hard Rock,106.5,under,59.27,-1200,550,0.9231,0.8571,0.0769,0,0.9799,0.0569,0.1228,ev,multiplicative,projection,main,live,2026101112C81881,2026-10-06T19:09:09.837Z
2026,5,15834,Brock Purdy,SF,QB,at SEA,passYds,Hard Rock,252.5,over,241.08,165,-230,0.3774,0.3513,0.0743,0,0.4342,0.0569,0.0830,ev,multiplicative,projection,main,live,202610119C07AE76,2026-10-06T19:09:09.837Z
2026,5,11718,Chris Godwin,TB,WR,at DAL,receptions,FanDuel,7.5,over,3.83,1396,,0.0668,0.0668,,1,0.1237,0.0568,0.0568,ev,none,projection,main,live,2026100942D78F91,2026-10-06T19:09:09.837Z
2026,5,13429,Deebo Samuel Sr.,SF,WR,at SEA,receptions,theScore,4.5,over,3.78,200,,0.3333,0.3333,,1,0.3901,0.0568,0.0568,ev,none,projection,main,live,202610119C07AE76,2026-10-06T19:09:09.837Z
2026,5,17690,Blake Corum,LAR,RB,vs BUF,rushYds,Hard Rock,14.5,over,43.22,-575,350,0.8519,0.7931,0.0741,0,0.9086,0.0568,0.1155,ev,multiplicative,projection,main,live,20261013A957AFD4,2026-10-06T19:09:09.837Z
2026,5,15990,Tyler Goodson,DAL,RB,vs TB,rushYds,Hard Rock,34.5,under,18.05,-475,275,0.8261,0.7560,0.0928,0,0.8828,0.0567,0.1269,ev,multiplicative,projection,main,live,2026100942D78F91,2026-10-06T19:09:09.837Z
2026,5,8743,Geno Smith,NYJ,QB,vs CLE,passYds,Hard Rock,243.5,under,188.9,-325,210,0.7647,0.7033,0.0873,0,0.8215,0.0567,0.1181,ev,multiplicative,projection,main,live,2026101112C81881,2026-10-06T19:09:09.837Z
2026,5,15947,Jake Ferguson,DAL,TE,vs TB,recYds,Hard Rock,30.5,over,31.8,110,-150,0.4762,0.4425,0.0762,0,0.5328,0.0566,0.0903,ev,multiplicative,projection,main,live,2026100942D78F91,2026-10-06T19:09:09.837Z
2026,5,17784,Bucky Irving,TB,RB,at DAL,recYds,Hard Rock,30.5,over,23.17,275,-450,0.2667,0.2458,0.0848,0,0.3233,0.0566,0.0774,ev,multiplicative,projection,main,live,2026100942D78F91,2026-10-06T19:09:09.837Z
2026,5,17017,Brenton Strange,JAX,TE,vs PHI,recYds,Hard Rock,74.5,under,40.27,-1300,575,0.9286,0.8624,0.0767,0,0.9851,0.0566,0.1227,ev,multiplicative,projection,main,live,2026101118C77B29,2026-10-06T19:09:09.837Z
2026,5,8743,Geno Smith,NYJ,QB,vs CLE,passYds,Hard Rock,246.5,under,188.9,-350,230,0.7778,0.7196,0.0808,0,0.8344,0.0566,0.1147,ev,multiplicative,projection,main,live,2026101112C81881,2026-10-06T19:09:09.837Z
2026,5,17784,Bucky Irving,TB,RB,at DAL,rushYds,Hard Rock,36.5,over,75.16,-325,225,0.7647,0.7131,0.0724,0,0.8212,0.0565,0.1081,ev,multiplicative,projection,main,live,2026100942D78F91,2026-10-06T19:09:09.837Z
2026,5,19607,Kaelon Black,SF,RB,at SEA,rushYds,Hard Rock,20.5,over,15.13,155,-220,0.3922,0.3632,0.0797,0,0.4487,0.0565,0.0854,ev,multiplicative,projection,main,live,202610119C07AE76,2026-10-06T19:09:09.837Z
2026,5,11690,Christian McCaffrey,SF,RB,at SEA,recYds,Hard Rock,15.5,under,29.68,425,-800,0.1905,0.1765,0.0794,0,0.2469,0.0565,0.0705,ev,multiplicative,projection,main,live,202610119C07AE76,2026-10-06T19:09:09.837Z
2026,5,16739,Bijan Robinson,ATL,RB,vs BAL,recYds,Hard Rock,19.5,over,36.4,-230,160,0.6970,0.6444,0.0816,0,0.7535,0.0565,0.1091,ev,multiplicative,projection,main,live,2026101240603BF9,2026-10-06T19:09:09.837Z
2026,5,5971,Matthew Stafford,LAR,QB,vs BUF,passYds,Hard Rock,318.5,under,260.27,-300,200,0.7500,0.6923,0.0833,0,0.8065,0.0565,0.1141,ev,multiplicative,projection,main,live,20261013A957AFD4,2026-10-06T19:09:09.837Z
2026,5,12483,Josh Allen,BUF,QB,at LAR,passYds,Hard Rock,187.5,under,236.56,375,-600,0.2105,0.1972,0.0677,0,0.2670,0.0565,0.0699,ev,multiplicative,projection,main,live,20261013A957AFD4,2026-10-06T19:09:09.837Z
2026,5,15829,Garrett Wilson,NYJ,WR,vs CLE,recYds,BetRivers,70.5,under,62.78,-118,-113,0.5413,0.5050,0.0718,0,0.5977,0.0564,0.0927,ev,multiplicative,projection,main,live,2026101112C81881,2026-10-06T19:09:09.837Z
2026,5,17811,AJ Barner,SEA,TE,vs SF,receptions,Caesars,3.5,over,3.25,166,,0.3759,0.3759,,1,0.4324,0.0564,0.0564,ev,none,projection,main,live,202610119C07AE76,2026-10-06T19:09:09.837Z
2026,5,15306,Javonte Williams,DAL,RB,vs TB,rushYds,Hard Rock,126.5,under,72.94,-1400,600,0.9333,0.8673,0.0762,0,0.9898,0.0564,0.1225,ev,multiplicative,projection,main,live,2026100942D78F91,2026-10-06T19:09:09.837Z
2026,5,19292,Jalon Daniels,TB,QB,at DAL,passYds,Hard Rock,306.5,over,209.11,2000,,0.0476,0.0476,,1,0.1040,0.0564,0.0564,ev,none,projection,main,live,2026100942D78F91,2026-10-06T19:09:09.837Z
2026,5,15829,Garrett Wilson,NYJ,WR,vs CLE,recYds,Hard Rock,78.5,under,62.78,-175,125,0.6364,0.5888,0.0808,0,0.6928,0.0564,0.1040,ev,multiplicative,projection,main,live,2026101112C81881,2026-10-06T19:09:09.837Z
2026,5,13427,Justice Hill,BAL,RB,at ATL,rushYds,Hard Rock,8.5,over,19.25,-180,130,0.6429,0.5965,0.0776,0,0.6993,0.0564,0.1028,ev,multiplicative,projection,main,live,2026101240603BF9,2026-10-06T19:09:09.837Z
2026,5,5971,Matthew Stafford,LAR,QB,vs BUF,passYds,Hard Rock,314.5,under,260.27,-275,185,0.7333,0.6764,0.0842,0,0.7897,0.0564,0.1134,ev,multiplicative,projection,main,live,20261013A957AFD4,2026-10-06T19:09:09.837Z
2026,5,18472,Harold Fannin Jr.,CLE,TE,at NYJ,recYds,Hard Rock,21.5,over,39.39,-375,240,0.7895,0.7286,0.0836,0,0.8457,0.0563,0.1172,ev,multiplicative,projection,main,live,2026101112C81881,2026-10-06T19:09:09.837Z
2026,5,8057,Kirk Cousins,LV,QB,at NE,passYds,Hard Rock,210.5,under,210.38,125,-175,0.4444,0.4112,0.0808,0,0.5008,0.0563,0.0896,ev,multiplicative,projection,main,live,202610116AF20186,2026-10-06T19:09:09.837Z
2026,5,11008,Dak Prescott,DAL,QB,vs TB,rushYds,DraftKings,19.5,over,14,293,,0.2545,0.2545,,1,0.3107,0.0562,0.0562,ev,none,projection,main,live,2026100942D78F91,2026-10-06T19:09:09.837Z
2026,5,11718,Chris Godwin,TB,WR,at DAL,recYds,FanDuel,9.5,over,43.08,-671,,0.8703,0.8703,,1,0.9265,0.0562,0.0562,ev,none,projection,main,live,2026100942D78F91,2026-10-06T19:09:09.837Z
2026,5,15834,Brock Purdy,SF,QB,at SEA,passYds,Caesars,279.5,over,241.08,330,,0.2326,0.2326,,1,0.2887,0.0562,0.0562,ev,none,projection,main,live,202610119C07AE76,2026-10-06T19:09:09.837Z
2026,5,8743,Geno Smith,NYJ,QB,vs CLE,passYds,Hard Rock,254.5,under,188.9,-425,275,0.8095,0.7522,0.0762,0,0.8657,0.0562,0.1135,ev,multiplicative,projection,main,live,2026101112C81881,2026-10-06T19:09:09.837Z
2026,5,11690,Christian McCaffrey,SF,RB,at SEA,rushYds,Hard Rock,79.5,under,58.96,-425,260,0.8095,0.7445,0.0873,0,0.8658,0.0562,0.1212,ev,multiplicative,projection,main,live,202610119C07AE76,2026-10-06T19:09:09.837Z
2026,5,11690,Christian McCaffrey,SF,RB,at SEA,recYds,Hard Rock,17.5,under,29.68,350,-600,0.2222,0.2059,0.0794,0,0.2784,0.0562,0.0725,ev,multiplicative,projection,main,live,202610119C07AE76,2026-10-06T19:09:09.837Z
2026,5,15850,Jahan Dotson,ATL,WR,vs BAL,recYds,Hard Rock,59.5,under,15.76,-1600,600,0.9412,0.8682,0.0840,0,0.9974,0.0562,0.1292,ev,multiplicative,projection,main,live,2026101240603BF9,2026-10-06T19:09:09.837Z
2026,5,15807,Kyren Williams,LAR,RB,vs BUF,rushYds,Hard Rock,72.5,over,79.89,-105,-130,0.5122,0.4754,0.0774,0,0.5684,0.0562,0.0930,ev,multiplicative,projection,main,live,20261013A957AFD4,2026-10-06T19:09:09.837Z
2026,5,15853,George Pickens,DAL,WR,vs TB,recYds,BetRivers,49.5,over,66.73,-215,,0.6825,0.6825,,1,0.7387,0.0561,0.0561,ev,none,projection,main,live,2026100942D78F91,2026-10-06T19:09:09.837Z
2026,5,15868,Drake London,ATL,WR,vs BAL,recYds,FanDuel,79.5,over,93.95,-132,,0.5690,0.5690,,1,0.6251,0.0561,0.0561,ev,none,projection,main,live,2026101240603BF9,2026-10-06T19:09:09.837Z
2026,5,8057,Kirk Cousins,LV,QB,at NE,passYds,Hard Rock,253.5,under,210.38,-240,165,0.7059,0.6516,0.0832,0,0.7620,0.0561,0.1104,ev,multiplicative,projection,main,live,202610116AF20186,2026-10-06T19:09:09.837Z
2026,5,11690,Christian McCaffrey,SF,RB,at SEA,recYds,Hard Rock,66.5,under,29.68,-1100,500,0.9167,0.8462,0.0833,0,0.9728,0.0561,0.1266,ev,multiplicative,projection,main,live,202610119C07AE76,2026-10-06T19:09:09.837Z
2026,5,16560,Rashid Shaheed,SEA,WR,vs SF,recYds,Hard Rock,4.5,over,30.27,-525,300,0.8400,0.7706,0.0900,0,0.8961,0.0561,0.1254,ev,multiplicative,projection,main,live,202610119C07AE76,2026-10-06T19:09:09.837Z
2026,5,15834,Brock Purdy,SF,QB,at SEA,rushYds,Hard Rock,27.5,under,17.22,-300,200,0.7500,0.6923,0.0833,0,0.8061,0.0561,0.1138,ev,multiplicative,projection,main,live,202610119C07AE76,2026-10-06T19:09:09.837Z
2026,5,16654,Jaxon Smith-Njigba,SEA,WR,vs SF,receptions,FanDuel,8.5,over,6.73,238,,0.2959,0.2959,,1,0.3519,0.0560,0.0560,ev,none,projection,main,live,202610119C07AE76,2026-10-06T19:09:09.837Z
2026,5,13429,Deebo Samuel Sr.,SF,WR,at SEA,recYds,Hard Rock,54.5,over,42.63,275,-450,0.2667,0.2458,0.0848,0,0.3227,0.0560,0.0769,ev,multiplicative,projection,main,live,202610119C07AE76,2026-10-06T19:09:09.837Z
2026,5,10819,Derrick Henry,BAL,RB,at ATL,rushYds,Hard Rock,128.5,under,97.07,-450,275,0.8182,0.7542,0.0848,0,0.8742,0.0560,0.1200,ev,multiplicative,projection,main,live,2026101240603BF9,2026-10-06T19:09:09.837Z
2026,5,17784,Bucky Irving,TB,RB,at DAL,rushYds,Hard Rock,101.5,over,75.16,650,-2000,0.1333,0.1228,0.0857,0,0.1892,0.0559,0.0664,ev,multiplicative,projection,main,live,2026100942D78F91,2026-10-06T19:09:09.837Z
2026,5,5971,Matthew Stafford,LAR,QB,vs BUF,passYds,Hard Rock,325.5,under,260.27,-350,230,0.7778,0.7196,0.0808,0,0.8337,0.0559,0.1141,ev,multiplicative,projection,main,live,20261013A957AFD4,2026-10-06T19:09:09.837Z
2026,5,19321,Josh Cameron,JAX,WR,vs PHI,recYds,Hard Rock,43.5,under,12.85,-1300,550,0.9286,0.8579,0.0824,0,0.9844,0.0558,0.1265,ev,multiplicative,projection,main,live,2026101118C77B29,2026-10-06T19:09:09.837Z
2026,5,11712,Deshaun Watson,CLE,QB,at NYJ,passYds,Hard Rock,150.5,under,198.41,350,-600,0.2222,0.2059,0.0794,0,0.2780,0.0558,0.0721,ev,multiplicative,projection,main,live,2026101112C81881,2026-10-06T19:09:09.837Z
2026,5,12483,Josh Allen,BUF,QB,at LAR,passYds,Hard Rock,196.5,under,236.56,300,-475,0.2500,0.2323,0.0761,0,0.3058,0.0558,0.0735,ev,multiplicative,projection,main,live,20261013A957AFD4,2026-10-06T19:09:09.837Z
2026,5,17690,Blake Corum,LAR,RB,vs BUF,rushYds,Hard Rock,75.5,over,43.22,850,-3000,0.1053,0.0981,0.0730,0,0.1611,0.0558,0.0630,ev,multiplicative,projection,main,live,20261013A957AFD4,2026-10-06T19:09:09.837Z
2026,5,15306,Javonte Williams,DAL,RB,vs TB,recYds,Hard Rock,44.5,under,16.44,-1100,500,0.9167,0.8462,0.0833,0,0.9724,0.0557,0.1263,ev,multiplicative,projection,main,live,2026100942D78F91,2026-10-06T19:09:09.837Z
2026,5,14371,Jordan Love,GB,QB,vs CHI,passYds,Hard Rock,311.5,over,255.85,525,-1100,0.1600,0.1486,0.0767,0,0.2157,0.0557,0.0671,ev,multiplicative,projection,main,live,202610112660CB0C,2026-10-06T19:09:09.837Z
2026,5,14371,Jordan Love,GB,QB,vs CHI,passYds,Hard Rock,215.5,over,255.85,-180,130,0.6429,0.5965,0.0776,0,0.6986,0.0557,0.1020,ev,multiplicative,projection,main,live,202610112660CB0C,2026-10-06T19:09:09.837Z
2026,5,15834,Brock Purdy,SF,QB,at SEA,passYds,Hard Rock,259.5,over,241.08,195,-275,0.3390,0.3161,0.0723,0,0.3947,0.0557,0.0786,ev,multiplicative,projection,main,live,202610119C07AE76,2026-10-06T19:09:09.837Z
2026,5,15850,Jahan Dotson,ATL,WR,vs BAL,recYds,Hard Rock,58.5,under,15.76,-1600,600,0.9412,0.8682,0.0840,0,0.9968,0.0557,0.1286,ev,multiplicative,projection,main,live,2026101240603BF9,2026-10-06T19:09:09.837Z
2026,5,17702,Braelon Allen,NYJ,RB,vs CLE,rushYds,Hard Rock,106.5,under,38.23,-600,375,0.8571,0.8028,0.0677,0,0.9127,0.0556,0.1099,ev,multiplicative,projection,main,live,2026101112C81881,2026-10-06T19:09:09.837Z
2026,5,8057,Kirk Cousins,LV,QB,at NE,passYds,Hard Rock,222.5,under,210.38,-110,-130,0.5238,0.4810,0.0890,0,0.5794,0.0556,0.0984,ev,multiplicative,projection,main,live,202610116AF20186,2026-10-06T19:09:09.837Z
2026,5,9253,Mike Evans,SF,WR,at SEA,recYds,Hard Rock,31.5,over,64.8,-325,220,0.7647,0.7099,0.0772,0,0.8203,0.0556,0.1104,ev,multiplicative,projection,main,live,202610119C07AE76,2026-10-06T19:09:09.837Z
2026,5,16739,Bijan Robinson,ATL,RB,vs BAL,recYds,Hard Rock,43.5,over,36.4,275,-450,0.2667,0.2458,0.0848,0,0.3223,0.0556,0.0765,ev,multiplicative,projection,main,live,2026101240603BF9,2026-10-06T19:09:09.837Z
2026,5,18524,Bhayshul Tuten,JAX,RB,vs PHI,rushYds,Hard Rock,35.5,under,58.83,325,-525,0.2353,0.2188,0.0753,0,0.2908,0.0555,0.0720,ev,multiplicative,projection,main,live,2026101118C77B29,2026-10-06T19:09:09.837Z
2026,5,17017,Brenton Strange,JAX,TE,vs PHI,recYds,Hard Rock,55.5,under,40.27,-350,240,0.7778,0.7256,0.0719,0,0.8333,0.0555,0.1077,ev,multiplicative,projection,main,live,2026101118C77B29,2026-10-06T19:09:09.837Z
2026,5,15829,Garrett Wilson,NYJ,WR,vs CLE,recYds,Hard Rock,112.5,under,62.78,-800,425,0.8889,0.8235,0.0794,0,0.9444,0.0555,0.1209,ev,multiplicative,projection,main,live,2026101112C81881,2026-10-06T19:09:09.837Z
2026,5,8057,Kirk Cousins,LV,QB,at NE,passYds,Hard Rock,213.5,under,210.38,115,-160,0.4651,0.4305,0.0805,0,0.5206,0.0555,0.0901,ev,multiplicative,projection,main,live,202610116AF20186,2026-10-06T19:09:09.837Z
2026,5,15834,Brock Purdy,SF,QB,at SEA,passYds,Hard Rock,258.5,over,241.08,190,-275,0.3448,0.3198,0.0782,0,0.4003,0.0555,0.0805,ev,multiplicative,projection,main,live,202610119C07AE76,2026-10-06T19:09:09.837Z
2026,5,15834,Brock Purdy,SF,QB,at SEA,passYds,Hard Rock,262.5,over,241.08,210,-300,0.3226,0.3008,0.0726,0,0.3781,0.0555,0.0773,ev,multiplicative,projection,main,live,202610119C07AE76,2026-10-06T19:09:09.837Z
2026,5,11690,Christian McCaffrey,SF,RB,at SEA,rushYds,Hard Rock,104.5,under,58.96,-1500,600,0.9375,0.8678,0.0804,0,0.9929,0.0554,0.1252,ev,multiplicative,projection,main,live,202610119C07AE76,2026-10-06T19:09:09.837Z
2026,5,15265,Kyle Pitts,ATL,TE,vs BAL,recYds,Hard Rock,41.5,over,33,220,-325,0.3125,0.2901,0.0772,0,0.3679,0.0554,0.0778,ev,multiplicative,projection,main,live,2026101240603BF9,2026-10-06T19:09:09.837Z
2026,5,15834,Brock Purdy,SF,QB,at SEA,passYds,Hard Rock,251.5,over,241.08,160,-230,0.3846,0.3556,0.0816,0,0.4400,0.0553,0.0844,ev,multiplicative,projection,main,live,202610119C07AE76,2026-10-06T19:09:09.837Z
2026,5,10819,Derrick Henry,BAL,RB,at ATL,rushYds,Hard Rock,152.5,under,97.07,-1200,525,0.9231,0.8523,0.0831,0,0.9784,0.0553,0.1261,ev,multiplicative,projection,main,live,2026101240603BF9,2026-10-06T19:09:09.837Z
2026,5,15807,Kyren Williams,LAR,RB,vs BUF,rushYds,Hard Rock,76.5,over,79.89,110,-155,0.4762,0.4393,0.0840,0,0.5315,0.0553,0.0922,ev,multiplicative,projection,main,live,20261013A957AFD4,2026-10-06T19:09:09.837Z
2026,5,15306,Javonte Williams,DAL,RB,vs TB,rushYds,Hard Rock,125.5,under,72.94,-1400,575,0.9333,0.8630,0.0815,0,0.9885,0.0552,0.1255,ev,multiplicative,projection,main,live,2026100942D78F91,2026-10-06T19:09:09.837Z
2026,5,14411,CeeDee Lamb,DAL,WR,vs TB,recYds,Hard Rock,99.5,over,94.13,160,-230,0.3846,0.3556,0.0816,0,0.4398,0.0552,0.0842,ev,multiplicative,projection,main,live,2026100942D78F91,2026-10-06T19:09:09.837Z
2026,5,18516,Quinshon Judkins,CLE,RB,at NYJ,rushYds,Hard Rock,81.5,under,59.27,-350,225,0.7778,0.7165,0.0855,0,0.8330,0.0552,0.1165,ev,multiplicative,projection,main,live,2026101112C81881,2026-10-06T19:09:09.837Z
2026,5,11712,Deshaun Watson,CLE,QB,at NYJ,passYds,Hard Rock,153.5,under,198.41,325,-525,0.2353,0.2188,0.0753,0,0.2905,0.0552,0.0717,ev,multiplicative,projection,main,live,2026101112C81881,2026-10-06T19:09:09.837Z
2026,5,14371,Jordan Love,GB,QB,vs CHI,passYds,Hard Rock,306.5,over,255.85,450,-950,0.1818,0.1673,0.0866,0,0.2370,0.0552,0.0696,ev,multiplicative,projection,main,live,202610112660CB0C,2026-10-06T19:09:09.837Z
2026,5,9455,Davante Adams,LAR,WR,vs BUF,recYds,Hard Rock,99.5,over,79.89,325,-575,0.2353,0.2164,0.0871,0,0.2905,0.0552,0.0740,ev,multiplicative,projection,main,live,20261013A957AFD4,2026-10-06T19:09:09.837Z
2026,5,17716,Brian Thomas Jr.,JAX,WR,vs PHI,receptions,DraftKings,4.5,over,2.42,870,,0.1031,0.1031,,1,0.1581,0.0551,0.0551,ev,none,projection,main,live,2026101118C77B29,2026-10-06T19:09:09.837Z
2026,5,9253,Mike Evans,SF,WR,at SEA,receptions,BetRivers,4.5,over,4.27,145,,0.4082,0.4082,,1,0.4632,0.0551,0.0551,ev,none,projection,main,live,202610119C07AE76,2026-10-06T19:09:09.837Z
2026,5,15876,James Cook,BUF,RB,at LAR,rushYds,Hard Rock,44.5,over,88.04,-650,375,0.8667,0.8046,0.0772,0,0.9218,0.0551,0.1172,ev,multiplicative,projection,main,live,20261013A957AFD4,2026-10-06T19:09:09.837Z
2026,5,5971,Matthew Stafford,LAR,QB,vs BUF,passYds,Hard Rock,328.5,under,260.27,-375,250,0.7895,0.7343,0.0752,0,0.8446,0.0551,0.1103,ev,multiplicative,projection,main,live,20261013A957AFD4,2026-10-06T19:09:09.837Z
2026,5,17811,AJ Barner,SEA,TE,vs SF,receptions,theScore,3.5,over,3.25,165,,0.3774,0.3774,,1,0.4324,0.0550,0.0550,ev,none,projection,main,live,202610119C07AE76,2026-10-06T19:09:09.837Z
2026,5,15834,Brock Purdy,SF,QB,at SEA,passYds,Hard Rock,257.5,over,241.08,185,-275,0.3509,0.3236,0.0842,0,0.4059,0.0550,0.0823,ev,multiplicative,projection,main,live,202610119C07AE76,2026-10-06T19:09:09.837Z
2026,5,18472,Harold Fannin Jr.,CLE,TE,at NYJ,recYds,Caesars,35.5,over,39.39,-114,-115,0.5327,0.4990,0.0676,0,0.5876,0.0549,0.0886,ev,multiplicative,projection,main,live,2026101112C81881,2026-10-06T19:09:09.837Z
2026,5,18472,Harold Fannin Jr.,CLE,TE,at NYJ,recYds,FanDuel,35.5,over,39.39,-114,-114,0.5327,0.5000,0.0654,0,0.5876,0.0549,0.0876,ev,multiplicative,projection,main,live,2026101112C81881,2026-10-06T19:09:09.837Z
2026,5,18472,Harold Fannin Jr.,CLE,TE,at NYJ,recYds,DraftKings,35.5,over,39.39,-114,-110,0.5327,0.5042,0.0565,0,0.5876,0.0549,0.0834,ev,multiplicative,projection,main,live,2026101112C81881,2026-10-06T19:09:09.837Z
2026,5,18472,Harold Fannin Jr.,CLE,TE,at NYJ,recYds,Hard Rock,28.5,over,39.39,-210,150,0.6774,0.6287,0.0774,0,0.7323,0.0549,0.1036,ev,multiplicative,projection,main,live,2026101112C81881,2026-10-06T19:09:09.837Z
2026,5,8057,Kirk Cousins,LV,QB,at NE,passYds,Hard Rock,256.5,under,210.38,-260,175,0.7222,0.6651,0.0859,0,0.7771,0.0549,0.1120,ev,multiplicative,projection,main,live,202610116AF20186,2026-10-06T19:09:09.837Z
2026,5,10819,Derrick Henry,BAL,RB,at ATL,rushYds,Hard Rock,155.5,under,97.07,-1300,575,0.9286,0.8624,0.0767,0,0.9835,0.0549,0.1211,ev,multiplicative,projection,main,live,2026101240603BF9,2026-10-06T19:09:09.837Z
2026,5,19292,Jalon Daniels,TB,QB,at DAL,passYds,Hard Rock,163.5,over,209.11,-180,130,0.6429,0.5965,0.0776,0,0.6977,0.0548,0.1012,ev,multiplicative,projection,main,live,2026100942D78F91,2026-10-06T19:09:09.837Z
2026,5,17716,Brian Thomas Jr.,JAX,WR,vs PHI,recYds,Hard Rock,43.5,over,33.71,260,-425,0.2778,0.2555,0.0873,0,0.3326,0.0548,0.0771,ev,multiplicative,projection,main,live,2026101118C77B29,2026-10-06T19:09:09.837Z
2026,5,8743,Geno Smith,NYJ,QB,vs CLE,rushYds,Hard Rock,32.5,under,13.84,-1600,600,0.9412,0.8682,0.0840,0,0.9960,0.0548,0.1278,ev,multiplicative,projection,main,live,2026101112C81881,2026-10-06T19:09:09.837Z
2026,5,15834,Brock Purdy,SF,QB,at SEA,passYds,Hard Rock,247.5,over,241.08,145,-210,0.4082,0.3760,0.0856,0,0.4629,0.0548,0.0869,ev,multiplicative,projection,main,live,202610119C07AE76,2026-10-06T19:09:09.837Z
2026,5,9455,Davante Adams,LAR,WR,vs BUF,receptions,BetRivers,5.5,over,4.44,225,,0.3077,0.3077,,1,0.3623,0.0547,0.0547,ev,none,projection,main,live,20261013A957AFD4,2026-10-06T19:09:09.837Z
2026,5,8743,Geno Smith,NYJ,QB,vs CLE,passYds,Hard Rock,256.5,under,188.9,-450,275,0.8182,0.7542,0.0848,0,0.8729,0.0547,0.1187,ev,multiplicative,projection,main,live,2026101112C81881,2026-10-06T19:09:09.837Z
2026,5,15834,Brock Purdy,SF,QB,at SEA,passYds,Hard Rock,244.5,over,241.08,135,-190,0.4255,0.3938,0.0807,0,0.4802,0.0547,0.0865,ev,multiplicative,projection,main,live,202610119C07AE76,2026-10-06T19:09:09.837Z
2026,5,18549,Emeka Egbuka,TB,WR,at DAL,recYds,Hard Rock,66.5,over,46.67,425,-800,0.1905,0.1765,0.0794,0,0.2450,0.0546,0.0686,ev,multiplicative,projection,main,live,2026100942D78F91,2026-10-06T19:09:09.837Z
2026,5,19292,Jalon Daniels,TB,QB,at DAL,passYds,Hard Rock,309.5,over,209.11,2250,,0.0426,0.0426,,1,0.0972,0.0546,0.0546,ev,none,projection,main,live,2026100942D78F91,2026-10-06T19:09:09.837Z
2026,5,15834,Brock Purdy,SF,QB,at SEA,passYds,Hard Rock,264.5,over,241.08,220,-325,0.3125,0.2901,0.0772,0,0.3671,0.0546,0.0770,ev,multiplicative,projection,main,live,202610119C07AE76,2026-10-06T19:09:09.837Z
2026,5,15947,Jake Ferguson,DAL,TE,vs TB,recYds,DraftKings,28.5,over,31.8,-112,-111,0.5283,0.5011,0.0544,0,0.5828,0.0545,0.0817,ev,multiplicative,projection,main,live,2026100942D78F91,2026-10-06T19:09:09.837Z
2026,5,14416,Jalen Hurts,PHI,QB,at JAX,rushYds,DraftKings,9.5,over,24.48,-830,,0.8925,0.8925,,1,0.9470,0.0545,0.0545,ev,none,projection,main,live,2026101118C77B29,2026-10-06T19:09:09.837Z
2026,5,8743,Geno Smith,NYJ,QB,vs CLE,rushYds,DraftKings,14.5,over,13.84,145,,0.4082,0.4082,,1,0.4627,0.0545,0.0545,ev,none,projection,main,live,2026101112C81881,2026-10-06T19:09:09.837Z
2026,5,14371,Jordan Love,GB,QB,vs CHI,passYds,DraftKings,329.5,over,255.85,960,,0.0943,0.0943,,1,0.1489,0.0545,0.0545,ev,none,projection,main,live,202610112660CB0C,2026-10-06T19:09:09.837Z
2026,5,19320,Ted Hurst,TB,WR,at DAL,recYds,Hard Rock,16.5,over,25.73,-165,120,0.6226,0.5780,0.0772,0,0.6772,0.0545,0.0991,ev,multiplicative,projection,main,live,2026100942D78F91,2026-10-06T19:09:09.837Z
2026,5,11718,Chris Godwin,TB,WR,at DAL,recYds,theScore,79.5,over,43.08,1200,,0.0769,0.0769,,1,0.1314,0.0545,0.0545,ev,none,projection,main,live,2026100942D78F91,2026-10-06T19:09:09.837Z
2026,5,8743,Geno Smith,NYJ,QB,vs CLE,passYds,Hard Rock,251.5,under,188.9,-400,250,0.8000,0.7368,0.0857,0,0.8545,0.0545,0.1176,ev,multiplicative,projection,main,live,2026101112C81881,2026-10-06T19:09:09.837Z
2026,5,15829,Garrett Wilson,NYJ,WR,vs CLE,recYds,Hard Rock,76.5,under,62.78,-160,115,0.6154,0.5695,0.0805,0,0.6699,0.0545,0.1004,ev,multiplicative,projection,main,live,2026101112C81881,2026-10-06T19:09:09.837Z
2026,5,15829,Garrett Wilson,NYJ,WR,vs CLE,recYds,Hard Rock,74.5,under,62.78,-145,105,0.5918,0.5482,0.0796,0,0.6464,0.0545,0.0982,ev,multiplicative,projection,main,live,2026101112C81881,2026-10-06T19:09:09.837Z
2026,5,15829,Garrett Wilson,NYJ,WR,vs CLE,recYds,Hard Rock,110.5,under,62.78,-750,400,0.8824,0.8152,0.0824,0,0.9369,0.0545,0.1217,ev,multiplicative,projection,main,live,2026101112C81881,2026-10-06T19:09:09.837Z
2026,5,15357,Trevor Lawrence,JAX,QB,vs PHI,passTD,DraftKings,1.5,under,1.46,-107,-119,0.5169,0.4875,0.0603,0,0.5713,0.0544,0.0838,ev,multiplicative,projection,main,live,2026101118C77B29,2026-10-06T19:09:09.837Z
2026,5,19292,Jalon Daniels,TB,QB,at DAL,passYds,Hard Rock,311.5,over,209.11,2500,,0.0385,0.0385,,1,0.0928,0.0544,0.0544,ev,none,projection,main,live,2026100942D78F91,2026-10-06T19:09:09.837Z
2026,5,14411,CeeDee Lamb,DAL,WR,vs TB,recYds,Hard Rock,70.5,over,94.13,-180,130,0.6429,0.5965,0.0776,0,0.6973,0.0544,0.1008,ev,multiplicative,projection,main,live,2026100942D78F91,2026-10-06T19:09:09.837Z
2026,5,17716,Brian Thomas Jr.,JAX,WR,vs PHI,recYds,Hard Rock,8.5,over,33.71,-475,275,0.8261,0.7560,0.0928,0,0.8805,0.0544,0.1245,ev,multiplicative,projection,main,live,2026101118C77B29,2026-10-06T19:09:09.837Z
2026,5,14371,Jordan Love,GB,QB,vs CHI,passYds,Hard Rock,308.5,over,255.85,475,-1000,0.1739,0.1606,0.0830,0,0.2283,0.0544,0.0678,ev,multiplicative,projection,main,live,202610112660CB0C,2026-10-06T19:09:09.837Z
2026,5,15834,Brock Purdy,SF,QB,at SEA,passYds,Hard Rock,256.5,over,241.08,180,-260,0.3571,0.3309,0.0794,0,0.4115,0.0544,0.0807,ev,multiplicative,projection,main,live,202610119C07AE76,2026-10-06T19:09:09.837Z
2026,5,16032,Cade Otton,TB,TE,at DAL,recYds,BetRivers,19.5,over,36.11,-295,,0.7468,0.7468,,1,0.8011,0.0543,0.0543,ev,none,projection,main,live,2026100942D78F91,2026-10-06T19:09:09.837Z
2026,5,19292,Jalon Daniels,TB,QB,at DAL,passTD,BetRivers,2.5,over,1.31,1000,,0.0909,0.0909,,1,0.1452,0.0543,0.0543,ev,none,projection,main,live,2026100942D78F91,2026-10-06T19:09:09.837Z
2026,5,19292,Jalon Daniels,TB,QB,at DAL,passTD,DraftKings,2.5,over,1.31,1000,,0.0909,0.0909,,1,0.1452,0.0543,0.0543,ev,none,projection,main,live,2026100942D78F91,2026-10-06T19:09:09.837Z
2026,5,15306,Javonte Williams,DAL,RB,vs TB,recYds,Hard Rock,32.5,under,16.44,-425,275,0.8095,0.7522,0.0762,0,0.8638,0.0543,0.1116,ev,multiplicative,projection,main,live,2026100942D78F91,2026-10-06T19:09:09.837Z
2026,5,15853,George Pickens,DAL,WR,vs TB,recYds,theScore,39.5,over,66.73,-375,,0.7895,0.7895,,1,0.8438,0.0543,0.0543,ev,none,projection,main,live,2026100942D78F91,2026-10-06T19:09:09.837Z
2026,5,11718,Chris Godwin,TB,WR,at DAL,recYds,Hard Rock,75.5,over,43.08,850,-3000,0.1053,0.0981,0.0730,0,0.1595,0.0542,0.0614,ev,multiplicative,projection,main,live,2026100942D78F91,2026-10-06T19:09:09.837Z
2026,5,18516,Quinshon Judkins,CLE,RB,at NYJ,rushYds,Hard Rock,82.5,under,59.27,-375,230,0.7895,0.7226,0.0925,0,0.8436,0.0542,0.1210,ev,multiplicative,projection,main,live,2026101112C81881,2026-10-06T19:09:09.837Z
2026,5,8057,Kirk Cousins,LV,QB,at NE,passYds,Hard Rock,220.5,under,210.38,-105,-135,0.5122,0.4713,0.0867,0,0.5664,0.0542,0.0951,ev,multiplicative,projection,main,live,202610116AF20186,2026-10-06T19:09:09.837Z
2026,5,9253,Mike Evans,SF,WR,at SEA,recYds,Caesars,29.5,over,64.8,-355,,0.7802,0.7802,,1,0.8343,0.0541,0.0541,ev,none,projection,main,live,202610119C07AE76,2026-10-06T19:09:09.837Z
2026,5,11718,Chris Godwin,TB,WR,at DAL,recYds,Hard Rock,77.5,over,43.08,1000,-4000,0.0909,0.0852,0.0665,0,0.1450,0.0541,0.0598,ev,multiplicative,projection,main,live,2026100942D78F91,2026-10-06T19:09:09.837Z
2026,5,19292,Jalon Daniels,TB,QB,at DAL,passTD,Hard Rock,1.5,over,1.31,210,,0.3226,0.3226,,1,0.3767,0.0541,0.0541,ev,none,projection,main,live,2026100942D78F91,2026-10-06T19:09:09.837Z
2026,5,11008,Dak Prescott,DAL,QB,vs TB,rushYds,Hard Rock,17.5,over,14,210,-325,0.3226,0.2967,0.0873,0,0.3766,0.0540,0.0799,ev,multiplicative,projection,main,live,2026100942D78F91,2026-10-06T19:09:09.837Z
2026,5,17017,Brenton Strange,JAX,TE,vs PHI,recYds,Hard Rock,75.5,under,40.27,-1400,600,0.9333,0.8673,0.0762,0,0.9874,0.0540,0.1201,ev,multiplicative,projection,main,live,2026101118C77B29,2026-10-06T19:09:09.837Z
2026,5,18472,Harold Fannin Jr.,CLE,TE,at NYJ,recYds,Hard Rock,22.5,over,39.39,-350,230,0.7778,0.7196,0.0808,0,0.8318,0.0540,0.1122,ev,multiplicative,projection,main,live,2026101112C81881,2026-10-06T19:09:09.837Z
2026,5,15265,Kyle Pitts,ATL,TE,vs BAL,recYds,Hard Rock,8.5,over,33,-500,300,0.8333,0.7692,0.0833,0,0.8873,0.0540,0.1181,ev,multiplicative,projection,main,live,2026101240603BF9,2026-10-06T19:09:09.837Z
2026,5,15947,Jake Ferguson,DAL,TE,vs TB,recYds,Hard Rock,14.5,over,31.8,-425,260,0.8095,0.7445,0.0873,0,0.8634,0.0539,0.1189,ev,multiplicative,projection,main,live,2026100942D78F91,2026-10-06T19:09:09.837Z
2026,5,14371,Jordan Love,GB,QB,vs CHI,passYds,Hard Rock,214.5,over,255.85,-185,135,0.6491,0.6040,0.0747,0,0.7030,0.0539,0.0990,ev,multiplicative,projection,main,live,202610112660CB0C,2026-10-06T19:09:09.837Z
2026,5,15834,Brock Purdy,SF,QB,at SEA,passYds,Hard Rock,237.5,over,241.08,115,-160,0.4651,0.4305,0.0805,0,0.5191,0.0539,0.0886,ev,multiplicative,projection,main,live,202610119C07AE76,2026-10-06T19:09:09.837Z
2026,5,15834,Brock Purdy,SF,QB,at SEA,passYds,Hard Rock,239.5,over,241.08,120,-165,0.4545,0.4220,0.0772,0,0.5084,0.0539,0.0864,ev,multiplicative,projection,main,live,202610119C07AE76,2026-10-06T19:09:09.837Z
2026,5,11690,Christian McCaffrey,SF,RB,at SEA,rushYds,Hard Rock,78.5,under,58.96,-400,250,0.8000,0.7368,0.0857,0,0.8538,0.0538,0.1169,ev,multiplicative,projection,main,live,202610119C07AE76,2026-10-06T19:09:09.837Z
2026,5,9253,Mike Evans,SF,WR,at SEA,recYds,Hard Rock,80.5,over,64.8,350,-575,0.2222,0.2069,0.0741,0,0.2761,0.0538,0.0692,ev,multiplicative,projection,main,live,202610119C07AE76,2026-10-06T19:09:09.837Z
2026,5,14411,CeeDee Lamb,DAL,WR,vs TB,recYds,DraftKings,109.5,over,94.13,259,,0.2786,0.2786,,1,0.3323,0.0537,0.0537,ev,none,projection,main,live,2026100942D78F91,2026-10-06T19:09:09.837Z
2026,5,15853,George Pickens,DAL,WR,vs TB,recYds,Hard Rock,55.5,over,66.73,-155,115,0.6078,0.5665,0.0730,0,0.6615,0.0537,0.0950,ev,multiplicative,projection,main,live,2026100942D78F91,2026-10-06T19:09:09.837Z
2026,5,8743,Geno Smith,NYJ,QB,vs CLE,passYds,Hard Rock,258.5,under,188.9,-475,300,0.8261,0.7677,0.0761,0,0.8798,0.0537,0.1121,ev,multiplicative,projection,main,live,2026101112C81881,2026-10-06T19:09:09.837Z
2026,5,15807,Kyren Williams,LAR,RB,vs BUF,rushYds,Hard Rock,71.5,over,79.89,-110,-125,0.5238,0.4853,0.0794,0,0.5775,0.0537,0.0922,ev,multiplicative,projection,main,live,20261013A957AFD4,2026-10-06T19:09:09.837Z
2026,5,5971,Matthew Stafford,LAR,QB,vs BUF,passYds,Hard Rock,321.5,under,260.27,-325,210,0.7647,0.7033,0.0873,0,0.8184,0.0537,0.1151,ev,multiplicative,projection,main,live,20261013A957AFD4,2026-10-06T19:09:09.837Z
2026,5,19321,Josh Cameron,JAX,WR,vs PHI,recYds,Hard Rock,44.5,under,12.85,-1400,575,0.9333,0.8630,0.0815,0,0.9869,0.0536,0.1239,ev,multiplicative,projection,main,live,2026101118C77B29,2026-10-06T19:09:09.837Z
2026,5,9253,Mike Evans,SF,WR,at SEA,recYds,Hard Rock,79.5,over,64.8,325,-550,0.2353,0.2176,0.0814,0,0.2889,0.0536,0.0713,ev,multiplicative,projection,main,live,202610119C07AE76,2026-10-06T19:09:09.837Z
2026,5,15834,Brock Purdy,SF,QB,at SEA,passYds,Hard Rock,255.5,over,241.08,175,-250,0.3636,0.3373,0.0779,0,0.4172,0.0536,0.0798,ev,multiplicative,projection,main,live,202610119C07AE76,2026-10-06T19:09:09.837Z
2026,5,16919,Zay Flowers,BAL,WR,at ATL,recYds,Hard Rock,99.5,over,84.25,300,-450,0.2500,0.2340,0.0682,0,0.3036,0.0536,0.0696,ev,multiplicative,projection,main,live,2026101240603BF9,2026-10-06T19:09:09.837Z
2026,5,19321,Josh Cameron,JAX,WR,vs PHI,recYds,Hard Rock,26.5,under,12.85,-350,230,0.7778,0.7196,0.0808,0,0.8312,0.0535,0.1116,ev,multiplicative,projection,main,live,2026101118C77B29,2026-10-06T19:09:09.837Z
2026,5,16946,Tyson Bagent,CHI,QB,at GB,passYds,Hard Rock,207.5,under,204.05,115,-155,0.4651,0.4335,0.0730,0,0.5186,0.0535,0.0852,ev,multiplicative,projection,main,live,202610112660CB0C,2026-10-06T19:09:09.837Z
2026,5,8057,Kirk Cousins,LV,QB,at NE,passYds,Hard Rock,258.5,under,210.38,-275,185,0.7333,0.6764,0.0842,0,0.7868,0.0535,0.1105,ev,multiplicative,projection,main,live,202610116AF20186,2026-10-06T19:09:09.837Z
2026,5,15834,Brock Purdy,SF,QB,at SEA,passYds,Hard Rock,235.5,over,241.08,110,-150,0.4762,0.4425,0.0762,0,0.5297,0.0535,0.0872,ev,multiplicative,projection,main,live,202610119C07AE76,2026-10-06T19:09:09.837Z
2026,5,15834,Brock Purdy,SF,QB,at SEA,passYds,Hard Rock,250.5,over,241.08,155,-220,0.3922,0.3632,0.0797,0,0.4457,0.0535,0.0825,ev,multiplicative,projection,main,live,202610119C07AE76,2026-10-06T19:09:09.837Z
2026,5,15868,Drake London,ATL,WR,vs BAL,recYds,Hard Rock,71.5,over,93.95,-175,130,0.6364,0.5941,0.0711,0,0.6898,0.0535,0.0957,ev,multiplicative,projection,main,live,2026101240603BF9,2026-10-06T19:09:09.837Z
2026,5,18549,Emeka Egbuka,TB,WR,at DAL,recYds,Caesars,69.5,over,46.67,525,,0.1600,0.1600,,1,0.2134,0.0534,0.0534,ev,none,projection,main,live,2026100942D78F91,2026-10-06T19:09:09.837Z
2026,5,16739,Bijan Robinson,ATL,RB,vs BAL,rushYds,FanDuel,89.5,over,96.19,-114,,0.5327,0.5327,,1,0.5862,0.0534,0.0534,ev,none,projection,main,live,2026101240603BF9,2026-10-06T19:09:09.837Z
2026,5,15306,Javonte Williams,DAL,RB,vs TB,rushYds,Hard Rock,127.5,under,72.94,-1500,650,0.9375,0.8755,0.0708,0,0.9909,0.0534,0.1154,ev,multiplicative,projection,main,live,2026100942D78F91,2026-10-06T19:09:09.837Z
2026,5,15306,Javonte Williams,DAL,RB,vs TB,recYds,Hard Rock,45.5,under,16.44,-1200,525,0.9231,0.8523,0.0831,0,0.9765,0.0534,0.1242,ev,multiplicative,projection,main,live,2026100942D78F91,2026-10-06T19:09:09.837Z
2026,5,18516,Quinshon Judkins,CLE,RB,at NYJ,rushYds,Hard Rock,107.5,under,59.27,-1300,550,0.9286,0.8579,0.0824,0,0.9820,0.0534,0.1241,ev,multiplicative,projection,main,live,2026101112C81881,2026-10-06T19:09:09.837Z
2026,5,11712,Deshaun Watson,CLE,QB,at NYJ,rushYds,Hard Rock,9.5,under,14.86,450,-900,0.1818,0.1681,0.0818,0,0.2353,0.0534,0.0672,ev,multiplicative,projection,main,live,2026101112C81881,2026-10-06T19:09:09.837Z
2026,5,8057,Kirk Cousins,LV,QB,at NE,passYds,Hard Rock,218.5,under,210.38,100,-140,0.5000,0.4615,0.0833,0,0.5534,0.0534,0.0919,ev,multiplicative,projection,main,live,202610116AF20186,2026-10-06T19:09:09.837Z
2026,5,17716,Brian Thomas Jr.,JAX,WR,vs PHI,receptions,Caesars,1.5,over,2.42,-218,,0.6855,0.6855,,1,0.7388,0.0533,0.0533,ev,none,projection,main,live,2026101118C77B29,2026-10-06T19:09:09.837Z
2026,5,17716,Brian Thomas Jr.,JAX,WR,vs PHI,receptions,DraftKings,1.5,over,2.42,-218,,0.6855,0.6855,,1,0.7388,0.0533,0.0533,ev,none,projection,main,live,2026101118C77B29,2026-10-06T19:09:09.837Z
2026,5,14411,CeeDee Lamb,DAL,WR,vs TB,recYds,Hard Rock,71.5,over,94.13,-175,125,0.6364,0.5888,0.0808,0,0.6896,0.0533,0.1008,ev,multiplicative,projection,main,live,2026100942D78F91,2026-10-06T19:09:09.837Z
2026,5,11712,Deshaun Watson,CLE,QB,at NYJ,passYds,Hard Rock,156.5,under,198.41,300,-475,0.2500,0.2323,0.0761,0,0.3033,0.0533,0.0710,ev,multiplicative,projection,main,live,2026101112C81881,2026-10-06T19:09:09.837Z
2026,5,16946,Tyson Bagent,CHI,QB,at GB,passYds,Hard Rock,205.5,under,204.05,120,-165,0.4545,0.4220,0.0772,0,0.5078,0.0533,0.0859,ev,multiplicative,projection,main,live,202610112660CB0C,2026-10-06T19:09:09.837Z
2026,5,10819,Derrick Henry,BAL,RB,at ATL,rushYds,Hard Rock,154.5,under,97.07,-1300,550,0.9286,0.8579,0.0824,0,0.9819,0.0533,0.1240,ev,multiplicative,projection,main,live,2026101240603BF9,2026-10-06T19:09:09.837Z
2026,5,14411,CeeDee Lamb,DAL,WR,vs TB,receptions,DraftKings,8.5,over,6.44,377,,0.2096,0.2096,,1,0.2629,0.0532,0.0532,ev,none,projection,main,live,2026100942D78F91,2026-10-06T19:09:09.837Z
2026,5,15829,Garrett Wilson,NYJ,WR,vs CLE,recYds,Hard Rock,113.5,under,62.78,-850,450,0.8947,0.8311,0.0766,0,0.9479,0.0532,0.1168,ev,multiplicative,projection,main,live,2026101112C81881,2026-10-06T19:09:09.837Z
2026,5,14371,Jordan Love,GB,QB,vs CHI,passYds,Hard Rock,310.5,over,255.85,500,-1100,0.1667,0.1538,0.0833,0,0.2199,0.0532,0.0660,ev,multiplicative,projection,main,live,202610112660CB0C,2026-10-06T19:09:09.837Z
2026,5,12483,Josh Allen,BUF,QB,at LAR,passYds,Hard Rock,189.5,under,236.56,350,-575,0.2222,0.2069,0.0741,0,0.2754,0.0532,0.0686,ev,multiplicative,projection,main,live,20261013A957AFD4,2026-10-06T19:09:09.837Z
2026,5,15834,Brock Purdy,SF,QB,at SEA,passYds,Hard Rock,241.5,over,241.08,125,-175,0.4444,0.4112,0.0808,0,0.4976,0.0531,0.0864,ev,multiplicative,projection,main,live,202610119C07AE76,2026-10-06T19:09:09.837Z
2026,5,9253,Mike Evans,SF,WR,at SEA,receptions,DraftKings,5.5,over,4.27,288,,0.2577,0.2577,,1,0.3107,0.0530,0.0530,ev,none,projection,main,live,202610119C07AE76,2026-10-06T19:09:09.837Z
2026,5,18472,Harold Fannin Jr.,CLE,TE,at NYJ,recYds,Hard Rock,19.5,over,39.39,-450,275,0.8182,0.7542,0.0848,0,0.8712,0.0530,0.1170,ev,multiplicative,projection,main,live,2026101112C81881,2026-10-06T19:09:09.837Z
2026,5,16946,Tyson Bagent,CHI,QB,at GB,passYds,Hard Rock,203.5,under,204.05,125,-175,0.4444,0.4112,0.0808,0,0.4974,0.0530,0.0862,ev,multiplicative,projection,main,live,202610112660CB0C,2026-10-06T19:09:09.837Z
2026,5,12559,Mark Andrews,BAL,TE,at ATL,recYds,Hard Rock,13.5,over,39.91,-550,300,0.8462,0.7719,0.0962,0,0.8992,0.0530,0.1273,ev,multiplicative,projection,main,live,2026101240603BF9,2026-10-06T19:09:09.837Z
2026,5,12483,Josh Allen,BUF,QB,at LAR,passYds,Hard Rock,192.5,under,236.56,325,-525,0.2353,0.2188,0.0753,0,0.2883,0.0530,0.0695,ev,multiplicative,projection,main,live,20261013A957AFD4,2026-10-06T19:09:09.837Z
2026,5,17716,Brian Thomas Jr.,JAX,WR,vs PHI,receptions,BetRivers,4.5,over,2.42,850,,0.1053,0.1053,,1,0.1581,0.0529,0.0529,ev,none,projection,main,live,2026101118C77B29,2026-10-06T19:09:09.837Z
2026,5,17716,Brian Thomas Jr.,JAX,WR,vs PHI,receptions,Caesars,4.5,over,2.42,850,,0.1053,0.1053,,1,0.1581,0.0529,0.0529,ev,none,projection,main,live,2026101118C77B29,2026-10-06T19:09:09.837Z
2026,5,15868,Drake London,ATL,WR,vs BAL,recYds,Hard Rock,98.5,over,93.95,155,-220,0.3922,0.3632,0.0797,0,0.4451,0.0529,0.0819,ev,multiplicative,projection,main,live,2026101240603BF9,2026-10-06T19:09:09.837Z
2026,5,15876,James Cook,BUF,RB,at LAR,rushYds,Hard Rock,93.5,over,88.04,170,-240,0.3704,0.3441,0.0763,0,0.4233,0.0529,0.0792,ev,multiplicative,projection,main,live,20261013A957AFD4,2026-10-06T19:09:09.837Z
2026,5,15807,Kyren Williams,LAR,RB,vs BUF,rushYds,Hard Rock,75.5,over,79.89,105,-150,0.4878,0.4484,0.0878,0,0.5407,0.0529,0.0923,ev,multiplicative,projection,main,live,20261013A957AFD4,2026-10-06T19:09:09.837Z
2026,5,14416,Jalen Hurts,PHI,QB,at JAX,passYds,BetRivers,179.5,over,202.54,-141,,0.5851,0.5851,,1,0.6379,0.0528,0.0528,ev,none,projection,main,live,2026101118C77B29,2026-10-06T19:09:09.837Z
2026,5,13429,Deebo Samuel Sr.,SF,WR,at SEA,receptions,FanDuel,3.5,over,3.78,-102,-130,0.5050,0.4718,0.0702,0,0.5578,0.0528,0.0859,ev,multiplicative,projection,main,live,202610119C07AE76,2026-10-06T19:09:09.837Z
2026,5,13429,Deebo Samuel Sr.,SF,WR,at SEA,receptions,Caesars,3.5,over,3.78,-102,-129,0.5050,0.4727,0.0683,0,0.5578,0.0528,0.0851,ev,multiplicative,projection,main,live,202610119C07AE76,2026-10-06T19:09:09.837Z
2026,5,17716,Brian Thomas Jr.,JAX,WR,vs PHI,recYds,theScore,9.5,over,33.71,-450,,0.8182,0.8182,,1,0.8709,0.0528,0.0528,ev,none,projection,main,live,2026101118C77B29,2026-10-06T19:09:09.837Z
2026,5,11690,Christian McCaffrey,SF,RB,at SEA,recYds,Hard Rock,67.5,under,29.68,-1200,550,0.9231,0.8571,0.0769,0,0.9759,0.0528,0.1188,ev,multiplicative,projection,main,live,202610119C07AE76,2026-10-06T19:09:09.837Z
2026,5,11690,Christian McCaffrey,SF,RB,at SEA,rushYds,Hard Rock,105.5,under,58.96,-1600,650,0.9412,0.8759,0.0745,0,0.9939,0.0527,0.1180,ev,multiplicative,projection,main,live,202610119C07AE76,2026-10-06T19:09:09.837Z
2026,5,13427,Justice Hill,BAL,RB,at ATL,rushYds,Hard Rock,25.5,over,19.25,350,-575,0.2222,0.2069,0.0741,0,0.2749,0.0527,0.0680,ev,multiplicative,projection,main,live,2026101240603BF9,2026-10-06T19:09:09.837Z
2026,5,12483,Josh Allen,BUF,QB,at LAR,rushYds,Hard Rock,46.5,under,37.26,-250,170,0.7143,0.6585,0.0847,0,0.7670,0.0527,0.1084,ev,multiplicative,projection,main,live,20261013A957AFD4,2026-10-06T19:09:09.837Z
2026,5,19292,Jalon Daniels,TB,QB,at DAL,rushYds,Hard Rock,84.5,under,20.13,-1800,650,0.9474,0.8766,0.0807,0,1.0000,0.0526,0.1234,ev,multiplicative,projection,main,live,2026100942D78F91,2026-10-06T19:09:09.837Z
2026,5,15853,George Pickens,DAL,WR,vs TB,recYds,Hard Rock,31.5,over,66.73,-575,350,0.8519,0.7931,0.0741,0,0.9044,0.0526,0.1113,ev,multiplicative,projection,main,live,2026100942D78F91,2026-10-06T19:09:09.837Z
2026,5,15306,Javonte Williams,DAL,RB,vs TB,rushYds,Hard Rock,88.5,under,72.94,-230,160,0.6970,0.6444,0.0816,0,0.7496,0.0526,0.1052,ev,multiplicative,projection,main,live,2026100942D78F91,2026-10-06T19:09:09.837Z
2026,5,16690,Parker Washington,JAX,WR,vs PHI,recYds,Hard Rock,119.5,under,68.35,-1800,600,0.9474,0.8690,0.0902,0,0.9999,0.0526,0.1310,ev,multiplicative,projection,main,live,2026101118C77B29,2026-10-06T19:09:09.837Z
2026,5,14416,Jalen Hurts,PHI,QB,at JAX,rushYds,Hard Rock,58.5,under,24.48,-1800,650,0.9474,0.8766,0.0807,0,1.0000,0.0526,0.1233,ev,multiplicative,projection,main,live,2026101118C77B29,2026-10-06T19:09:09.837Z
2026,5,17057,Isaiah Davis,NYJ,RB,vs CLE,rushYds,Hard Rock,42.5,under,3.02,-1800,700,0.9474,0.8834,0.0724,0,1.0000,0.0526,0.1166,ev,multiplicative,projection,main,live,2026101112C81881,2026-10-06T19:09:09.837Z
2026,5,15829,Garrett Wilson,NYJ,WR,vs CLE,recYds,Hard Rock,116.5,under,62.78,-950,475,0.9048,0.8388,0.0787,0,0.9574,0.0526,0.1186,ev,multiplicative,projection,main,live,2026101112C81881,2026-10-06T19:09:09.837Z
2026,5,12483,Josh Allen,BUF,QB,at LAR,passYds,Hard Rock,199.5,under,236.56,275,-425,0.2667,0.2478,0.0762,0,0.3193,0.0526,0.0715,ev,multiplicative,projection,main,live,20261013A957AFD4,2026-10-06T19:09:09.837Z
2026,5,14411,CeeDee Lamb,DAL,WR,vs TB,recYds,Caesars,89.5,over,94.13,105,,0.4878,0.4878,,1,0.5403,0.0525,0.0525,ev,none,projection,main,live,2026100942D78F91,2026-10-06T19:09:09.837Z
2026,5,11690,Christian McCaffrey,SF,RB,at SEA,rushAtt,DraftKings,14.5,over,15.99,-123,-105,0.5516,0.5185,0.0638,0,0.6040,0.0525,0.0855,ev,multiplicative,projection,main,live,202610119C07AE76,2026-10-06T19:09:09.837Z
2026,5,13429,Deebo Samuel Sr.,SF,WR,at SEA,recYds,Caesars,59.5,over,42.63,390,,0.2041,0.2041,,1,0.2566,0.0525,0.0525,ev,none,projection,main,live,202610119C07AE76,2026-10-06T19:09:09.837Z
2026,5,8743,Geno Smith,NYJ,QB,vs CLE,passYds,Hard Rock,253.5,under,188.9,-425,260,0.8095,0.7445,0.0873,0,0.8620,0.0525,0.1175,ev,multiplicative,projection,main,live,2026101112C81881,2026-10-06T19:09:09.837Z
2026,5,8057,Kirk Cousins,LV,QB,at NE,passYds,Hard Rock,216.5,under,210.38,105,-150,0.4878,0.4484,0.0878,0,0.5403,0.0525,0.0919,ev,multiplicative,projection,main,live,202610116AF20186,2026-10-06T19:09:09.837Z
2026,5,15834,Brock Purdy,SF,QB,at SEA,passYds,Hard Rock,254.5,over,241.08,170,-250,0.3704,0.3415,0.0847,0,0.4229,0.0525,0.0814,ev,multiplicative,projection,main,live,202610119C07AE76,2026-10-06T19:09:09.837Z
2026,5,13429,Deebo Samuel Sr.,SF,WR,at SEA,receptions,theScore,5.5,over,3.78,400,,0.2000,0.2000,,1,0.2525,0.0525,0.0525,ev,none,projection,main,live,202610119C07AE76,2026-10-06T19:09:09.837Z
2026,5,15834,Brock Purdy,SF,QB,at SEA,passYds,Hard Rock,233.5,over,241.08,105,-145,0.4878,0.4518,0.0796,0,0.5403,0.0525,0.0885,ev,multiplicative,projection,main,live,202610119C07AE76,2026-10-06T19:09:09.837Z
2026,5,18549,Emeka Egbuka,TB,WR,at DAL,receptions,FanDuel,6.5,over,3.52,1096,,0.0836,0.0836,,1,0.1360,0.0524,0.0524,ev,none,projection,main,live,2026100942D78F91,2026-10-06T19:09:09.837Z
2026,5,16946,Tyson Bagent,CHI,QB,at GB,passYds,DraftKings,219.5,under,204.05,-113,-111,0.5305,0.5021,0.0566,0,0.5829,0.0524,0.0808,ev,multiplicative,projection,main,live,202610112660CB0C,2026-10-06T19:09:09.837Z
2026,5,15853,George Pickens,DAL,WR,vs TB,recYds,Hard Rock,54.5,over,66.73,-165,120,0.6226,0.5780,0.0772,0,0.6750,0.0524,0.0970,ev,multiplicative,projection,main,live,2026100942D78F91,2026-10-06T19:09:09.837Z
2026,5,18549,Emeka Egbuka,TB,WR,at DAL,recYds,Hard Rock,67.5,over,46.67,450,-850,0.1818,0.1689,0.0766,0,0.2342,0.0524,0.0654,ev,multiplicative,projection,main,live,2026100942D78F91,2026-10-06T19:09:09.837Z
2026,5,19292,Jalon Daniels,TB,QB,at DAL,passYds,Hard Rock,310.5,over,209.11,2250,,0.0426,0.0426,,1,0.0950,0.0524,0.0524,ev,none,projection,main,live,2026100942D78F91,2026-10-06T19:09:09.837Z
2026,5,18472,Harold Fannin Jr.,CLE,TE,at NYJ,recYds,Hard Rock,23.5,over,39.39,-325,210,0.7647,0.7033,0.0873,0,0.8171,0.0524,0.1138,ev,multiplicative,projection,main,live,2026101112C81881,2026-10-06T19:09:09.837Z
2026,5,17702,Braelon Allen,NYJ,RB,vs CLE,rushYds,Hard Rock,105.5,under,38.23,-600,350,0.8571,0.7941,0.0794,0,0.9095,0.0524,0.1154,ev,multiplicative,projection,main,live,2026101112C81881,2026-10-06T19:09:09.837Z
2026,5,15868,Drake London,ATL,WR,vs BAL,recYds,Hard Rock,72.5,over,93.95,-170,125,0.6296,0.5862,0.0741,0,0.6820,0.0524,0.0958,ev,multiplicative,projection,main,live,2026101240603BF9,2026-10-06T19:09:09.837Z
2026,5,5971,Matthew Stafford,LAR,QB,vs BUF,passYds,Hard Rock,317.5,under,260.27,-300,195,0.7500,0.6887,0.0890,0,0.8024,0.0524,0.1136,ev,multiplicative,projection,main,live,20261013A957AFD4,2026-10-06T19:09:09.837Z
2026,5,19292,Jalon Daniels,TB,QB,at DAL,passYds,DraftKings,159.5,over,209.11,-195,,0.6610,0.6610,,1,0.7134,0.0523,0.0523,ev,none,projection,main,live,2026100942D78F91,2026-10-06T19:09:09.837Z
2026,5,13429,Deebo Samuel Sr.,SF,WR,at SEA,recYds,Hard Rock,14.5,over,42.63,-450,275,0.8182,0.7542,0.0848,0,0.8705,0.0523,0.1163,ev,multiplicative,projection,main,live,202610119C07AE76,2026-10-06T19:09:09.837Z
2026,5,19292,Jalon Daniels,TB,QB,at DAL,passYds,Hard Rock,312.5,over,209.11,2500,,0.0385,0.0385,,1,0.0907,0.0522,0.0522,ev,none,projection,main,live,2026100942D78F91,2026-10-06T19:09:09.837Z
2026,5,17017,Brenton Strange,JAX,TE,vs PHI,recYds,Hard Rock,54.5,under,40.27,-325,230,0.7647,0.7162,0.0677,0,0.8169,0.0522,0.1007,ev,multiplicative,projection,main,live,2026101118C77B29,2026-10-06T19:09:09.837Z
2026,5,17702,Braelon Allen,NYJ,RB,vs CLE,rushYds,Hard Rock,108.5,under,38.23,-650,400,0.8667,0.8125,0.0667,0,0.9188,0.0522,0.1063,ev,multiplicative,projection,main,live,2026101112C81881,2026-10-06T19:09:09.837Z
2026,5,18472,Harold Fannin Jr.,CLE,TE,at NYJ,recYds,Hard Rock,29.5,over,39.39,-195,135,0.6610,0.6084,0.0865,0,0.7133,0.0522,0.1049,ev,multiplicative,projection,main,live,2026101112C81881,2026-10-06T19:09:09.837Z
2026,5,5971,Matthew Stafford,LAR,QB,vs BUF,passYds,Hard Rock,324.5,under,260.27,-350,225,0.7778,0.7165,0.0855,0,0.8300,0.0522,0.1134,ev,multiplicative,projection,main,live,20261013A957AFD4,2026-10-06T19:09:09.837Z
2026,5,13429,Deebo Samuel Sr.,SF,WR,at SEA,recYds,FanDuel,59.5,over,42.63,389,,0.2045,0.2045,,1,0.2566,0.0521,0.0521,ev,none,projection,main,live,202610119C07AE76,2026-10-06T19:09:09.837Z
2026,5,15834,Brock Purdy,SF,QB,at SEA,passYds,DraftKings,299.5,over,241.08,583,,0.1464,0.1464,,1,0.1985,0.0521,0.0521,ev,none,projection,main,live,202610119C07AE76,2026-10-06T19:09:09.837Z
2026,5,15265,Kyle Pitts,ATL,TE,vs BAL,recYds,FanDuel,9.5,over,33,-473,,0.8255,0.8255,,1,0.8776,0.0521,0.0521,ev,none,projection,main,live,2026101240603BF9,2026-10-06T19:09:09.837Z
2026,5,16790,Puka Nacua,LAR,WR,vs BUF,receptions,DraftKings,10.5,over,6.49,591,,0.1447,0.1447,,1,0.1968,0.0521,0.0521,ev,none,projection,main,live,20261013A957AFD4,2026-10-06T19:09:09.837Z
2026,5,11718,Chris Godwin,TB,WR,at DAL,recYds,Hard Rock,76.5,over,43.08,900,-4000,0.1000,0.0930,0.0756,0,0.1521,0.0521,0.0591,ev,multiplicative,projection,main,live,2026100942D78F91,2026-10-06T19:09:09.837Z
2026,5,18516,Quinshon Judkins,CLE,RB,at NYJ,rushYds,Hard Rock,109.5,under,59.27,-1400,600,0.9333,0.8673,0.0762,0,0.9855,0.0521,0.1182,ev,multiplicative,projection,main,live,2026101112C81881,2026-10-06T19:09:09.837Z
2026,5,8743,Geno Smith,NYJ,QB,vs CLE,rushYds,Hard Rock,21.5,under,13.84,-425,260,0.8095,0.7445,0.0873,0,0.8616,0.0521,0.1171,ev,multiplicative,projection,main,live,2026101112C81881,2026-10-06T19:09:09.837Z
2026,5,16790,Puka Nacua,LAR,WR,vs BUF,receptions,Hard Rock,4.5,under,6.49,400,-750,0.2000,0.1848,0.0824,0,0.2521,0.0521,0.0674,ev,multiplicative,projection,main,live,20261013A957AFD4,2026-10-06T19:09:09.837Z
2026,5,15876,James Cook,BUF,RB,at LAR,rushYds,Caesars,89.5,over,88.04,134,,0.4274,0.4274,,1,0.4794,0.0520,0.0520,ev,none,projection,main,live,20261013A957AFD4,2026-10-06T19:09:09.837Z
2026,5,18549,Emeka Egbuka,TB,WR,at DAL,recYds,theScore,9.5,over,46.67,-900,,0.9000,0.9000,,1,0.9520,0.0520,0.0520,ev,none,projection,main,live,2026100942D78F91,2026-10-06T19:09:09.837Z
2026,5,15834,Brock Purdy,SF,QB,at SEA,passYds,Hard Rock,246.5,over,241.08,140,-200,0.4167,0.3846,0.0833,0,0.4687,0.0520,0.0841,ev,multiplicative,projection,main,live,202610119C07AE76,2026-10-06T19:09:09.837Z
2026,5,10819,Derrick Henry,BAL,RB,at ATL,rushYds,Hard Rock,124.5,under,97.07,-375,250,0.7895,0.7343,0.0752,0,0.8415,0.0520,0.1072,ev,multiplicative,projection,main,live,2026101240603BF9,2026-10-06T19:09:09.837Z
2026,5,15834,Brock Purdy,SF,QB,at SEA,passYds,DraftKings,219.5,over,241.08,-128,,0.5614,0.5614,,1,0.6133,0.0519,0.0519,ev,none,projection,main,live,202610119C07AE76,2026-10-06T19:09:09.837Z
2026,5,15990,Tyler Goodson,DAL,RB,vs TB,rushYds,Hard Rock,32.5,under,18.05,-400,250,0.8000,0.7368,0.0857,0,0.8519,0.0519,0.1151,ev,multiplicative,projection,main,live,2026100942D78F91,2026-10-06T19:09:09.837Z
2026,5,17716,Brian Thomas Jr.,JAX,WR,vs PHI,receptions,Hard Rock,0.5,over,2.42,-600,350,0.8571,0.7941,0.0794,0,0.9091,0.0519,0.1150,ev,multiplicative,projection,main,live,2026101118C77B29,2026-10-06T19:09:09.837Z
2026,5,11690,Christian McCaffrey,SF,RB,at SEA,recYds,Hard Rock,16.5,under,29.68,375,-700,0.2105,0.1939,0.0855,0,0.2624,0.0519,0.0685,ev,multiplicative,projection,main,live,202610119C07AE76,2026-10-06T19:09:09.837Z
2026,5,17017,Brenton Strange,JAX,TE,vs PHI,receptions,FanDuel,3.5,over,3.79,-102,-130,0.5050,0.4718,0.0702,0,0.5568,0.0518,0.0849,ev,multiplicative,projection,main,live,2026101118C77B29,2026-10-06T19:09:09.837Z
2026,5,15853,George Pickens,DAL,WR,vs TB,recYds,Hard Rock,32.5,over,66.73,-550,325,0.8462,0.7824,0.0814,0,0.8979,0.0518,0.1155,ev,multiplicative,projection,main,live,2026100942D78F91,2026-10-06T19:09:09.837Z
2026,5,16739,Bijan Robinson,ATL,RB,vs BAL,recYds,Hard Rock,18.5,over,36.4,-250,175,0.7143,0.6627,0.0779,0,0.7661,0.0518,0.1034,ev,multiplicative,projection,main,live,2026101240603BF9,2026-10-06T19:09:09.837Z
2026,5,15907,Brian Robinson Jr.,ATL,RB,vs BAL,rushYds,Hard Rock,41.5,under,23.17,-180,125,0.6429,0.5912,0.0873,0,0.6946,0.0518,0.1034,ev,multiplicative,projection,main,live,2026101240603BF9,2026-10-06T19:09:09.837Z
2026,5,9253,Mike Evans,SF,WR,at SEA,recYds,BetRivers,29.5,over,64.8,-360,,0.7826,0.7826,,1,0.8343,0.0517,0.0517,ev,none,projection,main,live,202610119C07AE76,2026-10-06T19:09:09.837Z
2026,5,15807,Kyren Williams,LAR,RB,vs BUF,rushYds,Caesars,70.5,over,79.89,-115,-113,0.5349,0.5020,0.0654,0,0.5866,0.0517,0.0846,ev,multiplicative,projection,main,live,20261013A957AFD4,2026-10-06T19:09:09.837Z
2026,5,11712,Deshaun Watson,CLE,QB,at NYJ,passYds,Hard Rock,149.5,under,198.41,350,-650,0.2222,0.2041,0.0889,0,0.2739,0.0517,0.0698,ev,multiplicative,projection,main,live,2026101112C81881,2026-10-06T19:09:09.837Z
2026,5,15834,Brock Purdy,SF,QB,at SEA,rushYds,Hard Rock,40.5,under,17.22,-1200,525,0.9231,0.8523,0.0831,0,0.9747,0.0517,0.1225,ev,multiplicative,projection,main,live,202610119C07AE76,2026-10-06T19:09:09.837Z
2026,5,15807,Kyren Williams,LAR,RB,vs BUF,rushYds,Hard Rock,70.5,over,79.89,-115,-115,0.5349,0.5000,0.0698,0,0.5866,0.0517,0.0866,ev,multiplicative,projection,main,live,20261013A957AFD4,2026-10-06T19:09:09.837Z
2026,5,9455,Davante Adams,LAR,WR,vs BUF,recYds,Hard Rock,102.5,over,79.89,375,-650,0.2105,0.1954,0.0772,0,0.2622,0.0517,0.0668,ev,multiplicative,projection,main,live,20261013A957AFD4,2026-10-06T19:09:09.837Z
2026,5,19321,Josh Cameron,JAX,WR,vs PHI,recYds,Hard Rock,45.5,under,12.85,-1500,600,0.9375,0.8678,0.0804,0,0.9891,0.0516,0.1213,ev,multiplicative,projection,main,live,2026101118C77B29,2026-10-06T19:09:09.837Z
2026,5,14371,Jordan Love,GB,QB,vs CHI,passYds,Hard Rock,312.5,over,255.85,525,-1200,0.1600,0.1477,0.0831,0,0.2116,0.0516,0.0639,ev,multiplicative,projection,main,live,202610112660CB0C,2026-10-06T19:09:09.837Z
2026,5,11690,Christian McCaffrey,SF,RB,at SEA,rushYds,Hard Rock,77.5,under,58.96,-375,240,0.7895,0.7286,0.0836,0,0.8411,0.0516,0.1125,ev,multiplicative,projection,main,live,202610119C07AE76,2026-10-06T19:09:09.837Z
2026,5,10819,Derrick Henry,BAL,RB,at ATL,rushYds,Hard Rock,156.5,under,97.07,-1400,575,0.9333,0.8630,0.0815,0,0.9849,0.0516,0.1219,ev,multiplicative,projection,main,live,2026101240603BF9,2026-10-06T19:09:09.837Z
2026,5,5971,Matthew Stafford,LAR,QB,vs BUF,passYds,Hard Rock,330.5,under,260.27,-400,260,0.8000,0.7423,0.0778,0,0.8516,0.0516,0.1093,ev,multiplicative,projection,main,live,20261013A957AFD4,2026-10-06T19:09:09.837Z
2026,5,11718,Chris Godwin,TB,WR,at DAL,recYds,Caesars,9.5,over,43.08,-700,,0.8750,0.8750,,1,0.9265,0.0515,0.0515,ev,none,projection,main,live,2026100942D78F91,2026-10-06T19:09:09.837Z
2026,5,14411,CeeDee Lamb,DAL,WR,vs TB,receptions,DraftKings,7.5,over,6.44,212,,0.3205,0.3205,,1,0.3720,0.0515,0.0515,ev,none,projection,main,live,2026100942D78F91,2026-10-06T19:09:09.837Z
2026,5,15265,Kyle Pitts,ATL,TE,vs BAL,recYds,Caesars,9.5,over,33,-475,,0.8261,0.8261,,1,0.8776,0.0515,0.0515,ev,none,projection,main,live,2026101240603BF9,2026-10-06T19:09:09.837Z
2026,5,16790,Puka Nacua,LAR,WR,vs BUF,receptions,DraftKings,11.5,over,6.49,990,,0.0917,0.0917,,1,0.1432,0.0515,0.0515,ev,none,projection,main,live,20261013A957AFD4,2026-10-06T19:09:09.837Z
2026,5,15306,Javonte Williams,DAL,RB,vs TB,recYds,Hard Rock,46.5,under,16.44,-1300,550,0.9286,0.8579,0.0824,0,0.9800,0.0515,0.1222,ev,multiplicative,projection,main,live,2026100942D78F91,2026-10-06T19:09:09.837Z
2026,5,17811,AJ Barner,SEA,TE,vs SF,recYds,Hard Rock,37.5,over,33.13,210,-300,0.3226,0.3008,0.0726,0,0.3741,0.0515,0.0733,ev,multiplicative,projection,main,live,202610119C07AE76,2026-10-06T19:09:09.837Z
2026,5,15876,James Cook,BUF,RB,at LAR,rushYds,Hard Rock,43.5,over,88.04,-700,400,0.8750,0.8140,0.0750,0,0.9265,0.0515,0.1125,ev,multiplicative,projection,main,live,20261013A957AFD4,2026-10-06T19:09:09.837Z
2026,5,5971,Matthew Stafford,LAR,QB,vs BUF,passYds,Hard Rock,327.5,under,260.27,-375,240,0.7895,0.7286,0.0836,0,0.8410,0.0515,0.1124,ev,multiplicative,projection,main,live,20261013A957AFD4,2026-10-06T19:09:09.837Z
2026,5,15306,Javonte Williams,DAL,RB,vs TB,rushAtt,DraftKings,17.5,over,18.7,-120,-106,0.5455,0.5146,0.0600,0,0.5969,0.0514,0.0823,ev,multiplicative,projection,main,live,2026100942D78F91,2026-10-06T19:09:09.837Z
2026,5,15834,Brock Purdy,SF,QB,at SEA,passYds,FanDuel,249.5,over,241.08,150,,0.4000,0.4000,,1,0.4514,0.0514,0.0514,ev,none,projection,main,live,202610119C07AE76,2026-10-06T19:09:09.837Z
2026,5,16032,Cade Otton,TB,TE,at DAL,recYds,Hard Rock,42.5,over,36.11,210,-325,0.3226,0.2967,0.0873,0,0.3740,0.0514,0.0773,ev,multiplicative,projection,main,live,2026100942D78F91,2026-10-06T19:09:09.837Z
2026,5,15306,Javonte Williams,DAL,RB,vs TB,rushAtt,Hard Rock,17.5,over,18.7,-120,-110,0.5455,0.5101,0.0693,0,0.5969,0.0514,0.0868,ev,multiplicative,projection,main,live,2026100942D78F91,2026-10-06T19:09:09.837Z
2026,5,14411,CeeDee Lamb,DAL,WR,vs TB,recYds,Hard Rock,68.5,over,94.13,-195,140,0.6610,0.6134,0.0777,0,0.7124,0.0514,0.0990,ev,multiplicative,projection,main,live,2026100942D78F91,2026-10-06T19:09:09.837Z
2026,5,19320,Ted Hurst,TB,WR,at DAL,recYds,Hard Rock,13.5,over,25.73,-210,150,0.6774,0.6287,0.0774,0,0.7288,0.0514,0.1001,ev,multiplicative,projection,main,live,2026100942D78F91,2026-10-06T19:09:09.837Z
2026,5,15222,Kenneth Gainwell,TB,RB,at DAL,recYds,Hard Rock,25.5,over,18.34,275,-425,0.2667,0.2478,0.0762,0,0.3181,0.0514,0.0703,ev,multiplicative,projection,main,live,2026100942D78F91,2026-10-06T19:09:09.837Z
2026,5,17716,Brian Thomas Jr.,JAX,WR,vs PHI,receptions,Hard Rock,3.5,over,2.42,300,-475,0.2500,0.2323,0.0761,0,0.3014,0.0514,0.0691,ev,multiplicative,projection,main,live,2026101118C77B29,2026-10-06T19:09:09.837Z
2026,5,15834,Brock Purdy,SF,QB,at SEA,passYds,Hard Rock,268.5,over,241.08,240,-350,0.2941,0.2744,0.0719,0,0.3455,0.0514,0.0711,ev,multiplicative,projection,main,live,202610119C07AE76,2026-10-06T19:09:09.837Z
2026,5,15834,Brock Purdy,SF,QB,at SEA,passYds,Hard Rock,249.5,over,241.08,150,-220,0.4000,0.3678,0.0875,0,0.4514,0.0514,0.0836,ev,multiplicative,projection,main,live,202610119C07AE76,2026-10-06T19:09:09.837Z
2026,5,15868,Drake London,ATL,WR,vs BAL,recYds,Hard Rock,73.5,over,93.95,-165,120,0.6226,0.5780,0.0772,0,0.6741,0.0514,0.0961,ev,multiplicative,projection,main,live,2026101240603BF9,2026-10-06T19:09:09.837Z
2026,5,12483,Josh Allen,BUF,QB,at LAR,passYds,Hard Rock,195.5,under,236.56,300,-475,0.2500,0.2323,0.0761,0,0.3014,0.0514,0.0691,ev,multiplicative,projection,main,live,20261013A957AFD4,2026-10-06T19:09:09.837Z
2026,5,13429,Deebo Samuel Sr.,SF,WR,at SEA,receptions,FanDuel,5.5,over,3.78,397,,0.2012,0.2012,,1,0.2525,0.0513,0.0513,ev,none,projection,main,live,202610119C07AE76,2026-10-06T19:09:09.837Z
2026,5,14411,CeeDee Lamb,DAL,WR,vs TB,recYds,Hard Rock,100.5,over,94.13,165,-230,0.3774,0.3513,0.0743,0,0.4287,0.0513,0.0774,ev,multiplicative,projection,main,live,2026100942D78F91,2026-10-06T19:09:09.837Z
2026,5,15829,Garrett Wilson,NYJ,WR,vs CLE,recYds,Hard Rock,114.5,under,62.78,-900,450,0.9000,0.8319,0.0818,0,0.9513,0.0513,0.1193,ev,multiplicative,projection,main,live,2026101112C81881,2026-10-06T19:09:09.837Z
2026,5,11712,Deshaun Watson,CLE,QB,at NYJ,rushYds,Hard Rock,54.5,under,14.86,-1800,650,0.9474,0.8766,0.0807,0,0.9986,0.0513,0.1220,ev,multiplicative,projection,main,live,2026101112C81881,2026-10-06T19:09:09.837Z
2026,5,15265,Kyle Pitts,ATL,TE,vs BAL,receptions,Hard Rock,5.5,over,2.71,1300,-6000,0.0714,0.0677,0.0550,0,0.1227,0.0513,0.0550,ev,multiplicative,projection,main,live,2026101240603BF9,2026-10-06T19:09:09.837Z
2026,5,18524,Bhayshul Tuten,JAX,RB,vs PHI,receptions,BetRivers,1.5,over,1.64,-106,,0.5146,0.5146,,1,0.5658,0.0512,0.0512,ev,none,projection,main,live,2026101118C77B29,2026-10-06T19:09:09.837Z
2026,5,16560,Rashid Shaheed,SEA,WR,vs SF,recYds,FanDuel,49.5,over,30.27,626,,0.1377,0.1377,,1,0.1890,0.0512,0.0512,ev,none,projection,main,live,202610119C07AE76,2026-10-06T19:09:09.837Z
2026,5,8743,Geno Smith,NYJ,QB,vs CLE,passYds,Hard Rock,255.5,under,188.9,-450,275,0.8182,0.7542,0.0848,0,0.8693,0.0512,0.1152,ev,multiplicative,projection,main,live,2026101112C81881,2026-10-06T19:09:09.837Z
2026,5,15834,Brock Purdy,SF,QB,at SEA,passYds,Hard Rock,243.5,over,241.08,130,-185,0.4348,0.4011,0.0839,0,0.4860,0.0512,0.0849,ev,multiplicative,projection,main,live,202610119C07AE76,2026-10-06T19:09:09.837Z
2026,5,12559,Mark Andrews,BAL,TE,at ATL,recYds,Hard Rock,46.5,over,39.91,225,-350,0.3077,0.2835,0.0855,0,0.3589,0.0512,0.0754,ev,multiplicative,projection,main,live,2026101240603BF9,2026-10-06T19:09:09.837Z
2026,5,17716,Brian Thomas Jr.,JAX,WR,vs PHI,recYds,Hard Rock,45.5,over,33.71,300,-475,0.2500,0.2323,0.0761,0,0.3011,0.0511,0.0688,ev,multiplicative,projection,main,live,2026101118C77B29,2026-10-06T19:09:09.837Z
2026,5,15829,Garrett Wilson,NYJ,WR,vs CLE,recYds,Hard Rock,117.5,under,62.78,-1000,500,0.9091,0.8451,0.0758,0,0.9602,0.0511,0.1152,ev,multiplicative,projection,main,live,2026101112C81881,2026-10-06T19:09:09.837Z
2026,5,15829,Garrett Wilson,NYJ,WR,vs CLE,recYds,Hard Rock,73.5,under,62.78,-140,100,0.5833,0.5385,0.0833,0,0.6344,0.0511,0.0959,ev,multiplicative,projection,main,live,2026101112C81881,2026-10-06T19:09:09.837Z
2026,5,17811,AJ Barner,SEA,TE,vs SF,recYds,Hard Rock,7.5,over,33.13,-750,400,0.8824,0.8152,0.0824,0,0.9334,0.0511,0.1182,ev,multiplicative,projection,main,live,202610119C07AE76,2026-10-06T19:09:09.837Z
2026,5,15990,Tyler Goodson,DAL,RB,vs TB,rushYds,Hard Rock,49.5,under,18.05,-1500,575,0.9375,0.8635,0.0856,0,0.9885,0.0510,0.1250,ev,multiplicative,projection,main,live,2026100942D78F91,2026-10-06T19:09:09.837Z
2026,5,11712,Deshaun Watson,CLE,QB,at NYJ,passYds,Hard Rock,152.5,under,198.41,325,-550,0.2353,0.2176,0.0814,0,0.2863,0.0510,0.0688,ev,multiplicative,projection,main,live,2026101112C81881,2026-10-06T19:09:09.837Z
2026,5,8057,Kirk Cousins,LV,QB,at NE,passYds,Hard Rock,214.5,under,210.38,110,-160,0.4762,0.4362,0.0916,0,0.5272,0.0510,0.0909,ev,multiplicative,projection,main,live,202610116AF20186,2026-10-06T19:09:09.837Z
2026,5,8057,Kirk Cousins,LV,QB,at NE,passYds,Hard Rock,261.5,under,210.38,-300,200,0.7500,0.6923,0.0833,0,0.8010,0.0510,0.1087,ev,multiplicative,projection,main,live,202610116AF20186,2026-10-06T19:09:09.837Z
2026,5,8057,Kirk Cousins,LV,QB,at NE,passYds,Hard Rock,223.5,under,210.38,-115,-125,0.5349,0.4905,0.0904,0,0.5859,0.0510,0.0953,ev,multiplicative,projection,main,live,202610116AF20186,2026-10-06T19:09:09.837Z
2026,5,15853,George Pickens,DAL,WR,vs TB,receptions,DraftKings,7.5,over,4.51,670,,0.1299,0.1299,,1,0.1807,0.0509,0.0509,ev,none,projection,main,live,2026100942D78F91,2026-10-06T19:09:09.837Z
2026,5,18516,Quinshon Judkins,CLE,RB,at NYJ,rushYds,Hard Rock,111.5,under,59.27,-1500,650,0.9375,0.8755,0.0708,0,0.9884,0.0509,0.1129,ev,multiplicative,projection,main,live,2026101112C81881,2026-10-06T19:09:09.837Z
2026,5,15834,Brock Purdy,SF,QB,at SEA,passYds,Hard Rock,231.5,over,241.08,100,-135,0.5000,0.4653,0.0745,0,0.5509,0.0509,0.0855,ev,multiplicative,projection,main,live,202610119C07AE76,2026-10-06T19:09:09.837Z
2026,5,9455,Davante Adams,LAR,WR,vs BUF,recYds,Hard Rock,52.5,over,79.89,-180,130,0.6429,0.5965,0.0776,0,0.6937,0.0509,0.0972,ev,multiplicative,projection,main,live,20261013A957AFD4,2026-10-06T19:09:09.837Z
2026,5,19320,Ted Hurst,TB,WR,at DAL,recYds,FanDuel,21.5,over,25.73,-114,-114,0.5327,0.5000,0.0654,0,0.5834,0.0507,0.0834,ev,multiplicative,projection,main,live,2026100942D78F91,2026-10-06T19:09:09.837Z
2026,5,16560,Rashid Shaheed,SEA,WR,vs SF,receptions,DraftKings,1.5,over,2.23,-185,142,0.6491,0.6110,0.0623,0,0.6998,0.0507,0.0888,ev,multiplicative,projection,main,live,202610119C07AE76,2026-10-06T19:09:09.837Z
2026,5,9455,Davante Adams,LAR,WR,vs BUF,recYds,FanDuel,99.5,over,79.89,317,,0.2398,0.2398,,1,0.2905,0.0507,0.0507,ev,none,projection,main,live,20261013A957AFD4,2026-10-06T19:09:09.837Z
2026,5,15306,Javonte Williams,DAL,RB,vs TB,rushYds,Hard Rock,128.5,under,72.94,-1600,650,0.9412,0.8759,0.0745,0,0.9919,0.0507,0.1160,ev,multiplicative,projection,main,live,2026100942D78F91,2026-10-06T19:09:09.837Z
2026,5,15947,Jake Ferguson,DAL,TE,vs TB,recYds,Hard Rock,13.5,over,31.8,-475,300,0.8261,0.7677,0.0761,0,0.8768,0.0507,0.1091,ev,multiplicative,projection,main,live,2026100942D78F91,2026-10-06T19:09:09.837Z
2026,5,15853,George Pickens,DAL,WR,vs TB,recYds,Hard Rock,57.5,over,66.73,-140,105,0.5833,0.5446,0.0711,0,0.6340,0.0507,0.0894,ev,multiplicative,projection,main,live,2026100942D78F91,2026-10-06T19:09:09.837Z
2026,5,18484,Tez Johnson,TB,WR,at DAL,recYds,Hard Rock,13.5,over,16.56,-110,-120,0.5238,0.4899,0.0693,0,0.5745,0.0507,0.0846,ev,multiplicative,projection,main,live,2026100942D78F91,2026-10-06T19:09:09.837Z
2026,5,18472,Harold Fannin Jr.,CLE,TE,at NYJ,recYds,Hard Rock,30.5,over,39.39,-180,125,0.6429,0.5912,0.0873,0,0.6936,0.0507,0.1023,ev,multiplicative,projection,main,live,2026101112C81881,2026-10-06T19:09:09.837Z
2026,5,18472,Harold Fannin Jr.,CLE,TE,at NYJ,recYds,Hard Rock,31.5,over,39.39,-165,120,0.6226,0.5780,0.0772,0,0.6733,0.0507,0.0953,ev,multiplicative,projection,main,live,2026101112C81881,2026-10-06T19:09:09.837Z
2026,5,15834,Brock Purdy,SF,QB,at SEA,rushYds,Hard Rock,25.5,under,17.22,-240,165,0.7059,0.6516,0.0832,0,0.7566,0.0507,0.1050,ev,multiplicative,projection,main,live,202610119C07AE76,2026-10-06T19:09:09.837Z
2026,5,15834,Brock Purdy,SF,QB,at SEA,rushYds,Hard Rock,41.5,under,17.22,-1300,550,0.9286,0.8579,0.0824,0,0.9793,0.0507,0.1214,ev,multiplicative,projection,main,live,202610119C07AE76,2026-10-06T19:09:09.837Z
2026,5,15868,Drake London,ATL,WR,vs BAL,recYds,Hard Rock,74.5,over,93.95,-160,115,0.6154,0.5695,0.0805,0,0.6661,0.0507,0.0966,ev,multiplicative,projection,main,live,2026101240603BF9,2026-10-06T19:09:09.837Z
2026,5,17716,Brian Thomas Jr.,JAX,WR,vs PHI,recYds,Hard Rock,46.5,over,33.71,325,-500,0.2353,0.2202,0.0686,0,0.2859,0.0506,0.0657,ev,multiplicative,projection,main,live,2026101118C77B29,2026-10-06T19:09:09.837Z
2026,5,12483,Josh Allen,BUF,QB,at LAR,passYds,Hard Rock,183.5,under,236.56,400,-700,0.2000,0.1860,0.0750,0,0.2506,0.0506,0.0646,ev,multiplicative,projection,main,live,20261013A957AFD4,2026-10-06T19:09:09.837Z
2026,5,12483,Josh Allen,BUF,QB,at LAR,passYds,Hard Rock,201.5,under,236.56,260,-400,0.2778,0.2577,0.0778,0,0.3284,0.0506,0.0707,ev,multiplicative,projection,main,live,20261013A957AFD4,2026-10-06T19:09:09.837Z
2026,5,19320,Ted Hurst,TB,WR,at DAL,receptions,DraftKings,2.5,over,1.74,204,,0.3289,0.3289,,1,0.3794,0.0505,0.0505,ev,none,projection,main,live,2026100942D78F91,2026-10-06T19:09:09.837Z
2026,5,15265,Kyle Pitts,ATL,TE,vs BAL,recYds,FanDuel,49.5,over,33,386,,0.2058,0.2058,,1,0.2562,0.0505,0.0505,ev,none,projection,main,live,2026101240603BF9,2026-10-06T19:09:09.837Z
2026,5,18516,Quinshon Judkins,CLE,RB,at NYJ,rushYds,Hard Rock,108.5,under,59.27,-1400,575,0.9333,0.8630,0.0815,0,0.9838,0.0505,0.1208,ev,multiplicative,projection,main,live,2026101112C81881,2026-10-06T19:09:09.837Z
2026,5,15850,Jahan Dotson,ATL,WR,vs BAL,recYds,Hard Rock,60.5,under,15.76,-1800,650,0.9474,0.8766,0.0807,0,0.9979,0.0505,0.1212,ev,multiplicative,projection,main,live,2026101240603BF9,2026-10-06T19:09:09.837Z
2026,5,13429,Deebo Samuel Sr.,SF,WR,at SEA,receptions,DraftKings,3.5,over,3.78,-103,-127,0.5074,0.4756,0.0669,0,0.5578,0.0504,0.0822,ev,multiplicative,projection,main,live,202610119C07AE76,2026-10-06T19:09:09.837Z
2026,5,16790,Puka Nacua,LAR,WR,vs BUF,receptions,BetRivers,9.5,over,6.49,375,,0.2105,0.2105,,1,0.2609,0.0504,0.0504,ev,none,projection,main,live,20261013A957AFD4,2026-10-06T19:09:09.837Z
2026,5,15829,Garrett Wilson,NYJ,WR,vs CLE,recYds,Hard Rock,75.5,under,62.78,-155,110,0.6078,0.5607,0.0840,0,0.6582,0.0504,0.0975,ev,multiplicative,projection,main,live,2026101112C81881,2026-10-06T19:09:09.837Z
2026,5,8743,Geno Smith,NYJ,QB,vs CLE,passYds,Hard Rock,257.5,under,188.9,-475,300,0.8261,0.7677,0.0761,0,0.8764,0.0503,0.1087,ev,multiplicative,projection,main,live,2026101112C81881,2026-10-06T19:09:09.837Z
2026,5,15834,Brock Purdy,SF,QB,at SEA,passYds,Hard Rock,261.5,over,241.08,200,-300,0.3333,0.3077,0.0833,0,0.3836,0.0503,0.0759,ev,multiplicative,projection,main,live,202610119C07AE76,2026-10-06T19:09:09.837Z
2026,5,12559,Mark Andrews,BAL,TE,at ATL,recYds,Hard Rock,12.5,over,39.91,-600,350,0.8571,0.7941,0.0794,0,0.9075,0.0503,0.1133,ev,multiplicative,projection,main,live,2026101240603BF9,2026-10-06T19:09:09.837Z
2026,5,14411,CeeDee Lamb,DAL,WR,vs TB,recYds,DraftKings,59.5,over,94.13,-264,,0.7253,0.7253,,1,0.7755,0.0502,0.0502,ev,none,projection,main,live,2026100942D78F91,2026-10-06T19:09:09.837Z
2026,5,16946,Tyson Bagent,CHI,QB,at GB,passYds,Caesars,219.5,under,204.05,-114,-114,0.5327,0.5000,0.0654,0,0.5829,0.0502,0.0829,ev,multiplicative,projection,main,live,202610112660CB0C,2026-10-06T19:09:09.837Z
2026,5,16946,Tyson Bagent,CHI,QB,at GB,passYds,FanDuel,219.5,under,204.05,-114,-114,0.5327,0.5000,0.0654,0,0.5829,0.0502,0.0829,ev,multiplicative,projection,main,live,202610112660CB0C,2026-10-06T19:09:09.837Z
2026,5,15834,Brock Purdy,SF,QB,at SEA,passYds,Hard Rock,260.5,over,241.08,195,-300,0.3390,0.3113,0.0890,0,0.3891,0.0502,0.0779,ev,multiplicative,projection,main,live,202610119C07AE76,2026-10-06T19:09:09.837Z
2026,5,11690,Christian McCaffrey,SF,RB,at SEA,recYds,Hard Rock,68.5,under,29.68,-1300,575,0.9286,0.8624,0.0767,0,0.9787,0.0502,0.1163,ev,multiplicative,projection,main,live,202610119C07AE76,2026-10-06T19:09:09.837Z
2026,5,10819,Derrick Henry,BAL,RB,at ATL,rushYds,Hard Rock,125.5,under,97.07,-400,250,0.8000,0.7368,0.0857,0,0.8502,0.0502,0.1133,ev,multiplicative,projection,main,live,2026101240603BF9,2026-10-06T19:09:09.837Z
2026,5,15807,Kyren Williams,LAR,RB,vs BUF,rushYds,Hard Rock,69.5,over,79.89,-120,-115,0.5455,0.5049,0.0803,0,0.5957,0.0502,0.0908,ev,multiplicative,projection,main,live,20261013A957AFD4,2026-10-06T19:09:09.837Z
2026,5,19292,Jalon Daniels,TB,QB,at DAL,passYds,Hard Rock,313.5,over,209.11,2500,,0.0385,0.0385,,1,0.0886,0.0501,0.0501,ev,none,projection,main,live,2026100942D78F91,2026-10-06T19:09:09.837Z
2026,5,15807,Kyren Williams,LAR,RB,vs BUF,rushYds,Hard Rock,82.5,over,79.89,145,-200,0.4082,0.3797,0.0748,0,0.4582,0.0501,0.0785,ev,multiplicative,projection,main,live,20261013A957AFD4,2026-10-06T19:09:09.837Z
2026,5,15853,George Pickens,DAL,WR,vs TB,recYds,BetRivers,39.5,over,66.73,-385,,0.7938,0.7938,,1,0.8438,0.0500,0.0500,ev,none,projection,main,live,2026100942D78F91,2026-10-06T19:09:09.837Z
2026,5,9253,Mike Evans,SF,WR,at SEA,receptions,DraftKings,4.5,over,4.27,142,,0.4132,0.4132,,1,0.4632,0.0500,0.0500,ev,none,projection,main,live,202610119C07AE76,2026-10-06T19:09:09.837Z
2026,5,11718,Chris Godwin,TB,WR,at DAL,recYds,Hard Rock,8.5,over,43.08,-750,400,0.8824,0.8152,0.0824,0,0.9323,0.0500,0.1171,ev,multiplicative,projection,main,live,2026100942D78F91,2026-10-06T19:09:09.837Z
2026,5,17716,Brian Thomas Jr.,JAX,WR,vs PHI,recYds,Hard Rock,44.5,over,33.71,275,-450,0.2667,0.2458,0.0848,0,0.3167,0.0500,0.0709,ev,multiplicative,projection,main,live,2026101118C77B29,2026-10-06T19:09:09.837Z
2026,5,8743,Geno Smith,NYJ,QB,vs CLE,rushYds,Hard Rock,33.5,under,13.84,-1800,700,0.9474,0.8834,0.0724,0,0.9974,0.0500,0.1139,ev,multiplicative,projection,main,live,2026101112C81881,2026-10-06T19:09:09.837Z
2026,5,15834,Brock Purdy,SF,QB,at SEA,passYds,Hard Rock,263.5,over,241.08,210,-325,0.3226,0.2967,0.0873,0,0.3726,0.0500,0.0759,ev,multiplicative,projection,main,live,202610119C07AE76,2026-10-06T19:09:09.837Z
2026,5,11690,Christian McCaffrey,SF,RB,at SEA,rushYds,Hard Rock,76.5,under,58.96,-350,240,0.7778,0.7256,0.0719,0,0.8277,0.0499,0.1020,ev,multiplicative,projection,main,live,202610119C07AE76,2026-10-06T19:09:09.837Z
2026,5,5971,Matthew Stafford,LAR,QB,vs BUF,passYds,Hard Rock,335.5,under,260.27,-450,300,0.8182,0.7660,0.0682,0,0.8681,0.0499,0.1021,ev,multiplicative,projection,main,live,20261013A957AFD4,2026-10-06T19:09:09.837Z
2026,5,11690,Christian McCaffrey,SF,RB,at SEA,rushYds,BetRivers,59.5,over,58.96,128,,0.4386,0.4386,,1,0.4884,0.0498,0.0498,ev,none,projection,main,live,202610119C07AE76,2026-10-06T19:09:09.837Z
2026,5,16739,Bijan Robinson,ATL,RB,vs BAL,rushYds,FanDuel,59.5,over,96.19,-502,,0.8339,0.8339,,1,0.8837,0.0498,0.0498,ev,none,projection,main,live,2026101240603BF9,2026-10-06T19:09:09.837Z
2026,5,15306,Javonte Williams,DAL,RB,vs TB,recYds,Hard Rock,47.5,under,16.44,-1400,575,0.9333,0.8630,0.0815,0,0.9831,0.0498,0.1201,ev,multiplicative,projection,main,live,2026100942D78F91,2026-10-06T19:09:09.837Z
2026,5,19321,Josh Cameron,JAX,WR,vs PHI,recYds,Hard Rock,46.5,under,12.85,-1600,650,0.9412,0.8759,0.0745,0,0.9910,0.0498,0.1151,ev,multiplicative,projection,main,live,2026101118C77B29,2026-10-06T19:09:09.837Z
2026,5,8743,Geno Smith,NYJ,QB,vs CLE,passYds,Hard Rock,259.5,under,188.9,-500,300,0.8333,0.7692,0.0833,0,0.8831,0.0498,0.1139,ev,multiplicative,projection,main,live,2026101112C81881,2026-10-06T19:09:09.837Z
2026,5,8057,Kirk Cousins,LV,QB,at NE,passYds,Hard Rock,264.5,under,210.38,-325,210,0.7647,0.7033,0.0873,0,0.8145,0.0498,0.1112,ev,multiplicative,projection,main,live,202610116AF20186,2026-10-06T19:09:09.837Z
2026,5,15834,Brock Purdy,SF,QB,at SEA,passYds,FanDuel,225.5,over,241.08,-114,-114,0.5327,0.5000,0.0654,0,0.5824,0.0497,0.0824,ev,multiplicative,projection,main,live,202610119C07AE76,2026-10-06T19:09:09.837Z
2026,5,9455,Davante Adams,LAR,WR,vs BUF,recYds,Caesars,89.5,over,79.89,191,,0.3436,0.3436,,1,0.3934,0.0497,0.0497,ev,none,projection,main,live,20261013A957AFD4,2026-10-06T19:09:09.837Z
2026,5,14411,CeeDee Lamb,DAL,WR,vs TB,recYds,Hard Rock,66.5,over,94.13,-210,150,0.6774,0.6287,0.0774,0,0.7271,0.0497,0.0984,ev,multiplicative,projection,main,live,2026100942D78F91,2026-10-06T19:09:09.837Z
2026,5,14411,CeeDee Lamb,DAL,WR,vs TB,recYds,Hard Rock,69.5,over,94.13,-190,135,0.6552,0.6062,0.0807,0,0.7049,0.0497,0.0986,ev,multiplicative,projection,main,live,2026100942D78F91,2026-10-06T19:09:09.837Z
2026,5,14411,CeeDee Lamb,DAL,WR,vs TB,recYds,theScore,69.5,over,94.13,-190,,0.6552,0.6552,,1,0.7049,0.0497,0.0497,ev,none,projection,main,live,2026100942D78F91,2026-10-06T19:09:09.837Z
2026,5,15829,Garrett Wilson,NYJ,WR,vs CLE,recYds,Hard Rock,115.5,under,62.78,-950,475,0.9048,0.8388,0.0787,0,0.9544,0.0497,0.1156,ev,multiplicative,projection,main,live,2026101112C81881,2026-10-06T19:09:09.837Z
2026,5,14371,Jordan Love,GB,QB,vs CHI,passYds,Hard Rock,314.5,over,255.85,550,-1200,0.1538,0.1429,0.0769,0,0.2035,0.0497,0.0607,ev,multiplicative,projection,main,live,202610112660CB0C,2026-10-06T19:09:09.837Z
2026,5,8057,Kirk Cousins,LV,QB,at NE,passYds,Hard Rock,267.5,under,210.38,-350,230,0.7778,0.7196,0.0808,0,0.8275,0.0497,0.1079,ev,multiplicative,projection,main,live,202610116AF20186,2026-10-06T19:09:09.837Z
2026,5,19292,Jalon Daniels,TB,QB,at DAL,passYds,DraftKings,309.5,over,209.11,2000,,0.0476,0.0476,,1,0.0972,0.0496,0.0496,ev,none,projection,main,live,2026100942D78F91,2026-10-06T19:09:09.837Z
2026,5,19320,Ted Hurst,TB,WR,at DAL,receptions,FanDuel,3.5,over,1.74,429,,0.1890,0.1890,,1,0.2386,0.0496,0.0496,ev,none,projection,main,live,2026100942D78F91,2026-10-06T19:09:09.837Z
2026,5,15853,George Pickens,DAL,WR,vs TB,receptions,theScore,6.5,over,4.51,350,,0.2222,0.2222,,1,0.2718,0.0496,0.0496,ev,none,projection,main,live,2026100942D78F91,2026-10-06T19:09:09.837Z
2026,5,11712,Deshaun Watson,CLE,QB,at NYJ,passYds,Hard Rock,159.5,under,198.41,275,-425,0.2667,0.2478,0.0762,0,0.3163,0.0496,0.0685,ev,multiplicative,projection,main,live,2026101112C81881,2026-10-06T19:09:09.837Z
2026,5,9253,Mike Evans,SF,WR,at SEA,recYds,Hard Rock,30.5,over,64.8,-350,230,0.7778,0.7196,0.0808,0,0.8274,0.0496,0.1078,ev,multiplicative,projection,main,live,202610119C07AE76,2026-10-06T19:09:09.837Z
2026,5,14411,CeeDee Lamb,DAL,WR,vs TB,receptions,BetRivers,7.5,over,6.44,210,,0.3226,0.3226,,1,0.3720,0.0495,0.0495,ev,none,projection,main,live,2026100942D78F91,2026-10-06T19:09:09.837Z
2026,5,14371,Jordan Love,GB,QB,vs CHI,completions,BetRivers,24.5,over,21.39,310,,0.2439,0.2439,,1,0.2934,0.0495,0.0495,ev,none,projection,main,live,202610112660CB0C,2026-10-06T19:09:09.837Z
2026,5,15834,Brock Purdy,SF,QB,at SEA,int,BetRivers,0.5,over,1.08,-157,120,0.6109,0.5734,0.0654,0,0.6604,0.0495,0.0870,ev,multiplicative,projection,main,live,202610119C07AE76,2026-10-06T19:09:09.837Z
2026,5,17784,Bucky Irving,TB,RB,at DAL,rushYds,Hard Rock,35.5,over,75.16,-350,240,0.7778,0.7256,0.0719,0,0.8273,0.0495,0.1017,ev,multiplicative,projection,main,live,2026100942D78F91,2026-10-06T19:09:09.837Z
2026,5,14411,CeeDee Lamb,DAL,WR,vs TB,receptions,theScore,7.5,over,6.44,210,,0.3226,0.3226,,1,0.3720,0.0495,0.0495,ev,none,projection,main,live,2026100942D78F91,2026-10-06T19:09:09.837Z
2026,5,15306,Javonte Williams,DAL,RB,vs TB,recYds,Hard Rock,2.5,over,16.44,-450,300,0.8182,0.7660,0.0682,0,0.8676,0.0495,0.1017,ev,multiplicative,projection,main,live,2026100942D78F91,2026-10-06T19:09:09.837Z
2026,5,18516,Quinshon Judkins,CLE,RB,at NYJ,rushYds,Hard Rock,110.5,under,59.27,-1500,600,0.9375,0.8678,0.0804,0,0.9870,0.0495,0.1192,ev,multiplicative,projection,main,live,2026101112C81881,2026-10-06T19:09:09.837Z
2026,5,18472,Harold Fannin Jr.,CLE,TE,at NYJ,recYds,Hard Rock,18.5,over,39.39,-500,325,0.8333,0.7798,0.0686,0,0.8828,0.0495,0.1030,ev,multiplicative,projection,main,live,2026101112C81881,2026-10-06T19:09:09.837Z
2026,5,15306,Javonte Williams,DAL,RB,vs TB,rushAtt,Caesars,17.5,over,18.7,-121,-109,0.5475,0.5122,0.0690,0,0.5969,0.0494,0.0847,ev,multiplicative,projection,main,live,2026100942D78F91,2026-10-06T19:09:09.837Z
2026,5,9455,Davante Adams,LAR,WR,vs BUF,receptions,BetRivers,7.5,over,4.44,850,,0.1053,0.1053,,1,0.1546,0.0494,0.0494,ev,none,projection,main,live,20261013A957AFD4,2026-10-06T19:09:09.837Z
2026,5,18549,Emeka Egbuka,TB,WR,at DAL,receptions,BetRivers,1.5,over,3.52,-625,,0.8621,0.8621,,1,0.9113,0.0493,0.0493,ev,none,projection,main,live,2026100942D78F91,2026-10-06T19:09:09.837Z
2026,5,15990,Tyler Goodson,DAL,RB,vs TB,rushYds,Hard Rock,50.5,under,18.05,-1600,600,0.9412,0.8682,0.0840,0,0.9905,0.0493,0.1223,ev,multiplicative,projection,main,live,2026100942D78F91,2026-10-06T19:09:09.837Z
2026,5,18472,Harold Fannin Jr.,CLE,TE,at NYJ,recYds,Hard Rock,20.5,over,39.39,-425,260,0.8095,0.7445,0.0873,0,0.8589,0.0493,0.1143,ev,multiplicative,projection,main,live,2026101112C81881,2026-10-06T19:09:09.837Z
2026,5,16739,Bijan Robinson,ATL,RB,vs BAL,recYds,Hard Rock,44.5,over,36.4,300,-475,0.2500,0.2323,0.0761,0,0.2993,0.0493,0.0670,ev,multiplicative,projection,main,live,2026101240603BF9,2026-10-06T19:09:09.837Z
2026,5,17690,Blake Corum,LAR,RB,vs BUF,rushYds,Hard Rock,13.5,over,43.22,-650,375,0.8667,0.8046,0.0772,0,0.9160,0.0493,0.1114,ev,multiplicative,projection,main,live,20261013A957AFD4,2026-10-06T19:09:09.837Z
2026,5,9455,Davante Adams,LAR,WR,vs BUF,recYds,Hard Rock,101.5,over,79.89,350,-600,0.2222,0.2059,0.0794,0,0.2715,0.0493,0.0656,ev,multiplicative,projection,main,live,20261013A957AFD4,2026-10-06T19:09:09.837Z
2026,5,16032,Cade Otton,TB,TE,at DAL,recYds,DraftKings,39.5,over,36.11,161,,0.3831,0.3831,,1,0.4323,0.0492,0.0492,ev,none,projection,main,live,2026100942D78F91,2026-10-06T19:09:09.837Z
2026,5,15834,Brock Purdy,SF,QB,at SEA,passYds,Hard Rock,229.5,over,241.08,-105,-130,0.5122,0.4754,0.0774,0,0.5614,0.0492,0.0860,ev,multiplicative,projection,main,live,202610119C07AE76,2026-10-06T19:09:09.837Z
2026,5,15834,Brock Purdy,SF,QB,at SEA,passYds,theScore,229.5,over,241.08,-105,-125,0.5122,0.4797,0.0678,0,0.5614,0.0492,0.0817,ev,multiplicative,projection,main,live,202610119C07AE76,2026-10-06T19:09:09.837Z
2026,5,12483,Josh Allen,BUF,QB,at LAR,rushYds,Hard Rock,71.5,under,37.26,-1800,650,0.9474,0.8766,0.0807,0,0.9965,0.0492,0.1199,ev,multiplicative,projection,main,live,20261013A957AFD4,2026-10-06T19:09:09.837Z
2026,5,14371,Jordan Love,GB,QB,vs CHI,passYds,BetRivers,224.5,over,255.85,-155,,0.6078,0.6078,,1,0.6570,0.0491,0.0491,ev,none,projection,main,live,202610112660CB0C,2026-10-06T19:09:09.837Z
2026,5,15834,Brock Purdy,SF,QB,at SEA,completions,DraftKings,25.5,over,21.42,428,,0.1894,0.1894,,1,0.2385,0.0491,0.0491,ev,none,projection,main,live,202610119C07AE76,2026-10-06T19:09:09.837Z
2026,5,17702,Braelon Allen,NYJ,RB,vs CLE,rushYds,Hard Rock,107.5,under,38.23,-650,375,0.8667,0.8046,0.0772,0,0.9158,0.0491,0.1112,ev,multiplicative,projection,main,live,2026101112C81881,2026-10-06T19:09:09.837Z
2026,5,8057,Kirk Cousins,LV,QB,at NE,passYds,Hard Rock,221.5,under,210.38,-110,-130,0.5238,0.4810,0.0890,0,0.5729,0.0491,0.0919,ev,multiplicative,projection,main,live,202610116AF20186,2026-10-06T19:09:09.837Z
2026,5,15834,Brock Purdy,SF,QB,at SEA,passYds,Hard Rock,265.5,over,241.08,220,-325,0.3125,0.2901,0.0772,0,0.3616,0.0491,0.0715,ev,multiplicative,projection,main,live,202610119C07AE76,2026-10-06T19:09:09.837Z
2026,5,15834,Brock Purdy,SF,QB,at SEA,passYds,Hard Rock,270.5,over,241.08,250,-375,0.2857,0.2657,0.0752,0,0.3349,0.0491,0.0691,ev,multiplicative,projection,main,live,202610119C07AE76,2026-10-06T19:09:09.837Z
2026,5,15907,Brian Robinson Jr.,ATL,RB,vs BAL,rushYds,Hard Rock,42.5,under,23.17,-190,135,0.6552,0.6062,0.0807,0,0.7043,0.0491,0.0980,ev,multiplicative,projection,main,live,2026101240603BF9,2026-10-06T19:09:09.837Z
2026,5,12483,Josh Allen,BUF,QB,at LAR,passYds,Hard Rock,178.5,under,236.56,450,-850,0.1818,0.1689,0.0766,0,0.2309,0.0491,0.0620,ev,multiplicative,projection,main,live,20261013A957AFD4,2026-10-06T19:09:09.837Z
2026,5,15807,Kyren Williams,LAR,RB,vs BUF,rushYds,Hard Rock,68.5,over,79.89,-125,-110,0.5556,0.5147,0.0794,0,0.6047,0.0491,0.0900,ev,multiplicative,projection,main,live,20261013A957AFD4,2026-10-06T19:09:09.837Z
2026,5,15853,George Pickens,DAL,WR,vs TB,recYds,FanDuel,29.5,over,66.73,-654,,0.8674,0.8674,,1,0.9164,0.0490,0.0490,ev,none,projection,main,live,2026100942D78F91,2026-10-06T19:09:09.837Z
2026,5,18524,Bhayshul Tuten,JAX,RB,vs PHI,rushYds,Hard Rock,36.5,under,58.83,300,-475,0.2500,0.2323,0.0761,0,0.2990,0.0490,0.0666,ev,multiplicative,projection,main,live,2026101118C77B29,2026-10-06T19:09:09.837Z
2026,5,11712,Deshaun Watson,CLE,QB,at NYJ,passYds,Hard Rock,155.5,under,198.41,300,-500,0.2500,0.2308,0.0833,0,0.2990,0.0490,0.0682,ev,multiplicative,projection,main,live,2026101112C81881,2026-10-06T19:09:09.837Z
2026,5,12483,Josh Allen,BUF,QB,at LAR,passYds,Hard Rock,188.5,under,236.56,350,-600,0.2222,0.2059,0.0794,0,0.2712,0.0490,0.0653,ev,multiplicative,projection,main,live,20261013A957AFD4,2026-10-06T19:09:09.837Z
2026,5,14371,Jordan Love,GB,QB,vs CHI,passYds,Caesars,329.5,over,255.85,900,,0.1000,0.1000,,1,0.1489,0.0489,0.0489,ev,none,projection,main,live,202610112660CB0C,2026-10-06T19:09:09.837Z
2026,5,15834,Brock Purdy,SF,QB,at SEA,completions,DraftKings,23.5,over,21.42,223,,0.3096,0.3096,,1,0.3585,0.0489,0.0489,ev,none,projection,main,live,202610119C07AE76,2026-10-06T19:09:09.837Z
2026,5,9455,Davante Adams,LAR,WR,vs BUF,receptions,FanDuel,5.5,over,4.44,219,,0.3135,0.3135,,1,0.3623,0.0489,0.0489,ev,none,projection,main,live,20261013A957AFD4,2026-10-06T19:09:09.837Z
2026,5,14411,CeeDee Lamb,DAL,WR,vs TB,receptions,FanDuel,8.5,over,6.44,367,,0.2141,0.2141,,1,0.2629,0.0488,0.0488,ev,none,projection,main,live,2026100942D78F91,2026-10-06T19:09:09.837Z
2026,5,11863,Cooper Kupp,SEA,WR,vs SF,recYds,FanDuel,25.5,over,29.77,-114,-114,0.5327,0.5000,0.0654,0,0.5815,0.0488,0.0815,ev,multiplicative,projection,main,live,202610119C07AE76,2026-10-06T19:09:09.837Z
2026,5,10819,Derrick Henry,BAL,RB,at ATL,rushYds,Hard Rock,157.5,under,97.07,-1500,600,0.9375,0.8678,0.0804,0,0.9863,0.0488,0.1185,ev,multiplicative,projection,main,live,2026101240603BF9,2026-10-06T19:09:09.837Z
2026,5,16919,Zay Flowers,BAL,WR,at ATL,recYds,Hard Rock,98.5,over,84.25,275,-450,0.2667,0.2458,0.0848,0,0.3155,0.0488,0.0697,ev,multiplicative,projection,main,live,2026101240603BF9,2026-10-06T19:09:09.837Z
2026,5,5971,Matthew Stafford,LAR,QB,vs BUF,passYds,Hard Rock,332.5,under,260.27,-425,275,0.8095,0.7522,0.0762,0,0.8583,0.0488,0.1061,ev,multiplicative,projection,main,live,20261013A957AFD4,2026-10-06T19:09:09.837Z
2026,5,16032,Cade Otton,TB,TE,at DAL,recYds,Hard Rock,11.5,over,36.11,-550,325,0.8462,0.7824,0.0814,0,0.8949,0.0487,0.1124,ev,multiplicative,projection,main,live,2026100942D78F91,2026-10-06T19:09:09.837Z
2026,5,15834,Brock Purdy,SF,QB,at SEA,passYds,Hard Rock,277.5,over,241.08,300,-475,0.2500,0.2323,0.0761,0,0.2987,0.0487,0.0664,ev,multiplicative,projection,main,live,202610119C07AE76,2026-10-06T19:09:09.837Z
2026,5,12483,Josh Allen,BUF,QB,at LAR,passYds,Hard Rock,191.5,under,236.56,325,-525,0.2353,0.2188,0.0753,0,0.2840,0.0487,0.0652,ev,multiplicative,projection,main,live,20261013A957AFD4,2026-10-06T19:09:09.837Z
2026,5,15853,George Pickens,DAL,WR,vs TB,receptions,FanDuel,6.5,over,4.51,348,,0.2232,0.2232,,1,0.2718,0.0486,0.0486,ev,none,projection,main,live,2026100942D78F91,2026-10-06T19:09:09.837Z
2026,5,19320,Ted Hurst,TB,WR,at DAL,recYds,Caesars,21.5,over,25.73,-115,-114,0.5349,0.5010,0.0676,0,0.5834,0.0486,0.0824,ev,multiplicative,projection,main,live,2026100942D78F91,2026-10-06T19:09:09.837Z
2026,5,14371,Jordan Love,GB,QB,vs CHI,passYds,Caesars,209.5,over,255.85,-209,,0.6764,0.6764,,1,0.7250,0.0486,0.0486,ev,none,projection,main,live,202610112660CB0C,2026-10-06T19:09:09.837Z
2026,5,5971,Matthew Stafford,LAR,QB,vs BUF,int,DraftKings,0.5,under,0.57,-107,-119,0.5169,0.4875,0.0603,0,0.5655,0.0486,0.0780,ev,multiplicative,projection,main,live,20261013A957AFD4,2026-10-06T19:09:09.837Z
2026,5,19320,Ted Hurst,TB,WR,at DAL,recYds,Hard Rock,21.5,over,25.73,-115,-115,0.5349,0.5000,0.0698,0,0.5834,0.0486,0.0834,ev,multiplicative,projection,main,live,2026100942D78F91,2026-10-06T19:09:09.837Z
2026,5,15868,Drake London,ATL,WR,vs BAL,recYds,FanDuel,99.5,over,93.95,160,,0.3846,0.3846,,1,0.4331,0.0485,0.0485,ev,none,projection,main,live,2026101240603BF9,2026-10-06T19:09:09.837Z
2026,5,18516,Quinshon Judkins,CLE,RB,at NYJ,rushYds,Hard Rock,112.5,under,59.27,-1600,650,0.9412,0.8759,0.0745,0,0.9896,0.0485,0.1137,ev,multiplicative,projection,main,live,2026101112C81881,2026-10-06T19:09:09.837Z
2026,5,15834,Brock Purdy,SF,QB,at SEA,passYds,Hard Rock,266.5,over,241.08,225,-350,0.3077,0.2835,0.0855,0,0.3562,0.0485,0.0728,ev,multiplicative,projection,main,live,202610119C07AE76,2026-10-06T19:09:09.837Z
2026,5,15868,Drake London,ATL,WR,vs BAL,recYds,Hard Rock,99.5,over,93.95,160,-225,0.3846,0.3571,0.0769,0,0.4331,0.0485,0.0760,ev,multiplicative,projection,main,live,2026101240603BF9,2026-10-06T19:09:09.837Z
2026,5,15876,James Cook,BUF,RB,at LAR,rushYds,Hard Rock,42.5,over,88.04,-750,400,0.8824,0.8152,0.0824,0,0.9309,0.0485,0.1157,ev,multiplicative,projection,main,live,20261013A957AFD4,2026-10-06T19:09:09.837Z
2026,5,15868,Drake London,ATL,WR,vs BAL,recYds,Hard Rock,70.5,over,93.95,-185,135,0.6491,0.6040,0.0747,0,0.6976,0.0484,0.0935,ev,multiplicative,projection,main,live,2026101240603BF9,2026-10-06T19:09:09.837Z
2026,5,17690,Blake Corum,LAR,RB,vs BUF,rushYds,Hard Rock,76.5,over,43.22,850,-3000,0.1053,0.0981,0.0730,0,0.1537,0.0484,0.0556,ev,multiplicative,projection,main,live,20261013A957AFD4,2026-10-06T19:09:09.837Z
2026,5,15807,Kyren Williams,LAR,RB,vs BUF,rushYds,Hard Rock,67.5,over,79.89,-130,-105,0.5652,0.5246,0.0774,0,0.6136,0.0484,0.0890,ev,multiplicative,projection,main,live,20261013A957AFD4,2026-10-06T19:09:09.837Z
2026,5,5971,Matthew Stafford,LAR,QB,vs BUF,passYds,Hard Rock,323.5,under,260.27,-350,220,0.7778,0.7134,0.0903,0,0.8262,0.0484,0.1128,ev,multiplicative,projection,main,live,20261013A957AFD4,2026-10-06T19:09:09.837Z
2026,5,15306,Javonte Williams,DAL,RB,vs TB,recYds,Hard Rock,31.5,under,16.44,-400,250,0.8000,0.7368,0.0857,0,0.8483,0.0483,0.1115,ev,multiplicative,projection,main,live,2026100942D78F91,2026-10-06T19:09:09.837Z
2026,5,15306,Javonte Williams,DAL,RB,vs TB,recYds,Hard Rock,48.5,under,16.44,-1500,600,0.9375,0.8678,0.0804,0,0.9858,0.0483,0.1180,ev,multiplicative,projection,main,live,2026100942D78F91,2026-10-06T19:09:09.837Z
2026,5,18516,Quinshon Judkins,CLE,RB,at NYJ,rushYds,Hard Rock,78.5,under,59.27,-300,200,0.7500,0.6923,0.0833,0,0.7983,0.0483,0.1060,ev,multiplicative,projection,main,live,2026101112C81881,2026-10-06T19:09:09.837Z
2026,5,12483,Josh Allen,BUF,QB,at LAR,rushYds,Hard Rock,70.5,under,37.26,-1800,600,0.9474,0.8690,0.0902,0,0.9956,0.0483,0.1267,ev,multiplicative,projection,main,live,20261013A957AFD4,2026-10-06T19:09:09.837Z
2026,5,12483,Josh Allen,BUF,QB,at LAR,passYds,Hard Rock,185.5,under,236.56,375,-650,0.2105,0.1954,0.0772,0,0.2588,0.0483,0.0633,ev,multiplicative,projection,main,live,20261013A957AFD4,2026-10-06T19:09:09.837Z
2026,5,19321,Josh Cameron,JAX,WR,vs PHI,recYds,Hard Rock,25.5,under,12.85,-325,220,0.7647,0.7099,0.0772,0,0.8129,0.0482,0.1030,ev,multiplicative,projection,main,live,2026101118C77B29,2026-10-06T19:09:09.837Z
2026,5,15834,Brock Purdy,SF,QB,at SEA,passYds,Hard Rock,236.5,over,241.08,110,-155,0.4762,0.4393,0.0840,0,0.5244,0.0482,0.0851,ev,multiplicative,projection,main,live,202610119C07AE76,2026-10-06T19:09:09.837Z
2026,5,11690,Christian McCaffrey,SF,RB,at SEA,rushYds,Hard Rock,107.5,under,58.96,-1800,650,0.9474,0.8766,0.0807,0,0.9955,0.0482,0.1189,ev,multiplicative,projection,main,live,202610119C07AE76,2026-10-06T19:09:09.837Z
2026,5,12483,Josh Allen,BUF,QB,at LAR,passYds,Hard Rock,180.5,under,236.56,425,-800,0.1905,0.1765,0.0794,0,0.2387,0.0482,0.0622,ev,multiplicative,projection,main,live,20261013A957AFD4,2026-10-06T19:09:09.837Z
2026,5,5971,Matthew Stafford,LAR,QB,vs BUF,passYds,Hard Rock,337.5,under,260.27,-475,300,0.8261,0.7677,0.0761,0,0.8743,0.0482,0.1067,ev,multiplicative,projection,main,live,20261013A957AFD4,2026-10-06T19:09:09.837Z
2026,5,15947,Jake Ferguson,DAL,TE,vs TB,recYds,Caesars,29.5,over,31.8,-104,,0.5098,0.5098,,1,0.5579,0.0481,0.0481,ev,none,projection,main,live,2026100942D78F91,2026-10-06T19:09:09.837Z
2026,5,11718,Chris Godwin,TB,WR,at DAL,recYds,Hard Rock,79.5,over,43.08,1100,-4000,0.0833,0.0787,0.0589,0,0.1314,0.0481,0.0527,ev,multiplicative,projection,main,live,2026100942D78F91,2026-10-06T19:09:09.837Z
2026,5,19320,Ted Hurst,TB,WR,at DAL,receptions,theScore,3.5,over,1.74,425,,0.1905,0.1905,,1,0.2386,0.0481,0.0481,ev,none,projection,main,live,2026100942D78F91,2026-10-06T19:09:09.837Z
2026,5,19320,Ted Hurst,TB,WR,at DAL,recYds,Hard Rock,12.5,over,25.73,-230,165,0.6970,0.6487,0.0743,0,0.7451,0.0481,0.0963,ev,multiplicative,projection,main,live,2026100942D78F91,2026-10-06T19:09:09.837Z
2026,5,15306,Javonte Williams,DAL,RB,vs TB,rushYds,Hard Rock,87.5,under,72.94,-220,150,0.6875,0.6322,0.0875,0,0.7356,0.0481,0.1034,ev,multiplicative,projection,main,live,2026100942D78F91,2026-10-06T19:09:09.837Z
2026,5,19292,Jalon Daniels,TB,QB,at DAL,passYds,Hard Rock,314.5,over,209.11,2500,,0.0385,0.0385,,1,0.0866,0.0481,0.0481,ev,none,projection,main,live,2026100942D78F91,2026-10-06T19:09:09.837Z
2026,5,17017,Brenton Strange,JAX,TE,vs PHI,recYds,Hard Rock,76.5,under,40.27,-1600,600,0.9412,0.8682,0.0840,0,0.9893,0.0481,0.1211,ev,multiplicative,projection,main,live,2026101118C77B29,2026-10-06T19:09:09.837Z
2026,5,16946,Tyson Bagent,CHI,QB,at GB,passYds,Hard Rock,206.5,under,204.05,115,-160,0.4651,0.4305,0.0805,0,0.5132,0.0481,0.0828,ev,multiplicative,projection,main,live,202610112660CB0C,2026-10-06T19:09:09.837Z
2026,5,15834,Brock Purdy,SF,QB,at SEA,passYds,Hard Rock,227.5,over,241.08,-110,-125,0.5238,0.4853,0.0794,0,0.5719,0.0481,0.0866,ev,multiplicative,projection,main,live,202610119C07AE76,2026-10-06T19:09:09.837Z
2026,5,5971,Matthew Stafford,LAR,QB,vs BUF,passYds,Hard Rock,329.5,under,260.27,-400,260,0.8000,0.7423,0.0778,0,0.8481,0.0481,0.1058,ev,multiplicative,projection,main,live,20261013A957AFD4,2026-10-06T19:09:09.837Z
2026,5,12483,Josh Allen,BUF,QB,at LAR,passYds,Hard Rock,204.5,under,236.56,240,-350,0.2941,0.2744,0.0719,0,0.3423,0.0481,0.0679,ev,multiplicative,projection,main,live,20261013A957AFD4,2026-10-06T19:09:09.837Z
2026,5,12483,Josh Allen,BUF,QB,at LAR,passYds,Hard Rock,198.5,under,236.56,275,-450,0.2667,0.2458,0.0848,0,0.3148,0.0481,0.0690,ev,multiplicative,projection,main,live,20261013A957AFD4,2026-10-06T19:09:09.837Z
2026,5,11863,Cooper Kupp,SEA,WR,vs SF,recYds,Caesars,19.5,over,29.77,-179,,0.6416,0.6416,,1,0.6896,0.0480,0.0480,ev,none,projection,main,live,202610119C07AE76,2026-10-06T19:09:09.837Z
2026,5,19607,Kaelon Black,SF,RB,at SEA,rushYds,Hard Rock,6.5,under,15.13,275,-425,0.2667,0.2478,0.0762,0,0.3147,0.0480,0.0669,ev,multiplicative,projection,main,live,202610119C07AE76,2026-10-06T19:09:09.837Z
2026,5,15853,George Pickens,DAL,WR,vs TB,recYds,Hard Rock,56.5,over,66.73,-150,110,0.6000,0.5575,0.0762,0,0.6479,0.0479,0.0903,ev,multiplicative,projection,main,live,2026100942D78F91,2026-10-06T19:09:09.837Z
2026,5,11690,Christian McCaffrey,SF,RB,at SEA,recYds,Hard Rock,69.5,under,29.68,-1400,600,0.9333,0.8673,0.0762,0,0.9813,0.0479,0.1140,ev,multiplicative,projection,main,live,202610119C07AE76,2026-10-06T19:09:09.837Z
2026,5,5971,Matthew Stafford,LAR,QB,vs BUF,passYds,Hard Rock,326.5,under,260.27,-375,230,0.7895,0.7226,0.0925,0,0.8374,0.0479,0.1147,ev,multiplicative,projection,main,live,20261013A957AFD4,2026-10-06T19:09:09.837Z
2026,5,14416,Jalen Hurts,PHI,QB,at JAX,passYds,BetRivers,174.5,over,202.54,-162,,0.6183,0.6183,,1,0.6662,0.0478,0.0478,ev,none,projection,main,live,2026101118C77B29,2026-10-06T19:09:09.837Z
2026,5,15829,Garrett Wilson,NYJ,WR,vs CLE,recYds,Hard Rock,72.5,under,62.78,-135,-105,0.5745,0.5287,0.0867,0,0.6223,0.0478,0.0936,ev,multiplicative,projection,main,live,2026101112C81881,2026-10-06T19:09:09.837Z
2026,5,16946,Tyson Bagent,CHI,QB,at GB,passYds,Hard Rock,208.5,under,204.05,110,-155,0.4762,0.4393,0.0840,0,0.5240,0.0478,0.0848,ev,multiplicative,projection,main,live,202610112660CB0C,2026-10-06T19:09:09.837Z
2026,5,15834,Brock Purdy,SF,QB,at SEA,passYds,Hard Rock,267.5,over,241.08,230,-350,0.3030,0.2804,0.0808,0,0.3508,0.0478,0.0705,ev,multiplicative,projection,main,live,202610119C07AE76,2026-10-06T19:09:09.837Z
2026,5,17811,AJ Barner,SEA,TE,vs SF,receptions,Hard Rock,3.5,over,3.25,160,-230,0.3846,0.3556,0.0816,0,0.4324,0.0478,0.0768,ev,multiplicative,projection,main,live,202610119C07AE76,2026-10-06T19:09:09.837Z
2026,5,8057,Kirk Cousins,LV,QB,at NE,passYds,Hard Rock,219.5,under,210.38,-105,-140,0.5122,0.4675,0.0955,0,0.5599,0.0477,0.0924,ev,multiplicative,projection,main,live,202610116AF20186,2026-10-06T19:09:09.837Z
2026,5,12490,Sam Darnold,SEA,QB,vs SF,rushYds,Hard Rock,21.5,under,11.92,-1500,600,0.9375,0.8678,0.0804,0,0.9852,0.0477,0.1174,ev,multiplicative,projection,main,live,202610119C07AE76,2026-10-06T19:09:09.837Z
2026,5,19321,Josh Cameron,JAX,WR,vs PHI,receptions,Caesars,1.5,under,1.07,-139,107,0.5816,0.5463,0.0647,0,0.6291,0.0476,0.0829,ev,multiplicative,projection,main,live,2026101118C77B29,2026-10-06T19:09:09.837Z
2026,5,19321,Josh Cameron,JAX,WR,vs PHI,receptions,DraftKings,1.5,under,1.07,-139,108,0.5816,0.5475,0.0624,0,0.6291,0.0476,0.0817,ev,multiplicative,projection,main,live,2026101118C77B29,2026-10-06T19:09:09.837Z
2026,5,19292,Jalon Daniels,TB,QB,at DAL,rushYds,Hard Rock,85.5,under,20.13,-2000,700,0.9524,0.8840,0.0774,0,1.0000,0.0476,0.1160,ev,multiplicative,projection,main,live,2026100942D78F91,2026-10-06T19:09:09.837Z
2026,5,19292,Jalon Daniels,TB,QB,at DAL,rushYds,Hard Rock,86.5,under,20.13,-2000,700,0.9524,0.8840,0.0774,0,1.0000,0.0476,0.1160,ev,multiplicative,projection,main,live,2026100942D78F91,2026-10-06T19:09:09.837Z
2026,5,14416,Jalen Hurts,PHI,QB,at JAX,rushYds,Hard Rock,59.5,under,24.48,-2000,700,0.9524,0.8840,0.0774,0,1.0000,0.0476,0.1160,ev,multiplicative,projection,main,live,2026101118C77B29,2026-10-06T19:09:09.837Z
2026,5,16690,Parker Washington,JAX,WR,vs PHI,recYds,Hard Rock,121.5,under,68.35,-2000,700,0.9524,0.8840,0.0774,0,1.0000,0.0476,0.1160,ev,multiplicative,projection,main,live,2026101118C77B29,2026-10-06T19:09:09.837Z
2026,5,16690,Parker Washington,JAX,WR,vs PHI,recYds,Hard Rock,120.5,under,68.35,-2000,650,0.9524,0.8772,0.0857,0,0.9999,0.0476,0.1228,ev,multiplicative,projection,main,live,2026101118C77B29,2026-10-06T19:09:09.837Z
2026,5,17057,Isaiah Davis,NYJ,RB,vs CLE,rushYds,Hard Rock,43.5,under,3.02,-2000,700,0.9524,0.8840,0.0774,0,1.0000,0.0476,0.1160,ev,multiplicative,projection,main,live,2026101112C81881,2026-10-06T19:09:09.837Z
2026,5,15834,Brock Purdy,SF,QB,at SEA,passYds,Caesars,225.5,over,241.08,-115,-114,0.5349,0.5010,0.0676,0,0.5824,0.0475,0.0814,ev,multiplicative,projection,main,live,202610119C07AE76,2026-10-06T19:09:09.837Z
2026,5,18484,Tez Johnson,TB,WR,at DAL,recYds,Hard Rock,11.5,over,16.56,-135,100,0.5745,0.5347,0.0745,0,0.6219,0.0475,0.0873,ev,multiplicative,projection,main,live,2026100942D78F91,2026-10-06T19:09:09.837Z
2026,5,14371,Jordan Love,GB,QB,vs CHI,passYds,Hard Rock,316.5,over,255.85,575,-1300,0.1481,0.1376,0.0767,0,0.1956,0.0475,0.0580,ev,multiplicative,projection,main,live,202610112660CB0C,2026-10-06T19:09:09.837Z
2026,5,14371,Jordan Love,GB,QB,vs CHI,passYds,Hard Rock,313.5,over,255.85,525,-1200,0.1600,0.1477,0.0831,0,0.2075,0.0475,0.0598,ev,multiplicative,projection,main,live,202610112660CB0C,2026-10-06T19:09:09.837Z
2026,5,16560,Rashid Shaheed,SEA,WR,vs SF,recYds,Hard Rock,3.5,over,30.27,-600,350,0.8571,0.7941,0.0794,0,0.9046,0.0475,0.1105,ev,multiplicative,projection,main,live,202610119C07AE76,2026-10-06T19:09:09.837Z
2026,5,15834,Brock Purdy,SF,QB,at SEA,passYds,Hard Rock,225.5,over,241.08,-115,-115,0.5349,0.5000,0.0698,0,0.5824,0.0475,0.0824,ev,multiplicative,projection,main,live,202610119C07AE76,2026-10-06T19:09:09.837Z
2026,5,15853,George Pickens,DAL,WR,vs TB,receptions,Caesars,7.5,over,4.51,650,,0.1333,0.1333,,1,0.1807,0.0474,0.0474,ev,none,projection,main,live,2026100942D78F91,2026-10-06T19:09:09.837Z
2026,5,19320,Ted Hurst,TB,WR,at DAL,recYds,Hard Rock,19.5,over,25.73,-135,100,0.5745,0.5347,0.0745,0,0.6219,0.0474,0.0872,ev,multiplicative,projection,main,live,2026100942D78F91,2026-10-06T19:09:09.837Z
2026,5,15853,George Pickens,DAL,WR,vs TB,receptions,theScore,7.5,over,4.51,650,,0.1333,0.1333,,1,0.1807,0.0474,0.0474,ev,none,projection,main,live,2026100942D78F91,2026-10-06T19:09:09.837Z
2026,5,11690,Christian McCaffrey,SF,RB,at SEA,rushYds,Hard Rock,106.5,under,58.96,-1800,650,0.9474,0.8766,0.0807,0,0.9948,0.0474,0.1182,ev,multiplicative,projection,main,live,202610119C07AE76,2026-10-06T19:09:09.837Z
2026,5,10819,Derrick Henry,BAL,RB,at ATL,rushYds,Hard Rock,159.5,under,97.07,-1600,650,0.9412,0.8759,0.0745,0,0.9886,0.0474,0.1127,ev,multiplicative,projection,main,live,2026101240603BF9,2026-10-06T19:09:09.837Z
2026,5,14411,CeeDee Lamb,DAL,WR,vs TB,recYds,Hard Rock,101.5,over,94.13,170,-240,0.3704,0.3441,0.0763,0,0.4177,0.0473,0.0735,ev,multiplicative,projection,main,live,2026100942D78F91,2026-10-06T19:09:09.837Z
2026,5,11712,Deshaun Watson,CLE,QB,at NYJ,passYds,Hard Rock,161.5,under,198.41,260,-400,0.2778,0.2577,0.0778,0,0.3251,0.0473,0.0673,ev,multiplicative,projection,main,live,2026101112C81881,2026-10-06T19:09:09.837Z
2026,5,15834,Brock Purdy,SF,QB,at SEA,passYds,Hard Rock,274.5,over,241.08,275,-425,0.2667,0.2478,0.0762,0,0.3140,0.0473,0.0662,ev,multiplicative,projection,main,live,202610119C07AE76,2026-10-06T19:09:09.837Z
2026,5,16790,Puka Nacua,LAR,WR,vs BUF,receptions,Hard Rock,5.5,under,6.49,210,-300,0.3226,0.3008,0.0726,0,0.3699,0.0473,0.0691,ev,multiplicative,projection,main,live,20261013A957AFD4,2026-10-06T19:09:09.837Z
2026,5,12483,Josh Allen,BUF,QB,at LAR,passYds,Hard Rock,202.5,under,236.56,250,-375,0.2857,0.2657,0.0752,0,0.3330,0.0473,0.0673,ev,multiplicative,projection,main,live,20261013A957AFD4,2026-10-06T19:09:09.837Z
2026,5,11718,Chris Godwin,TB,WR,at DAL,recYds,Hard Rock,78.5,over,43.08,1000,-4000,0.0909,0.0852,0.0665,0,0.1381,0.0472,0.0529,ev,multiplicative,projection,main,live,2026100942D78F91,2026-10-06T19:09:09.837Z
2026,5,19320,Ted Hurst,TB,WR,at DAL,recYds,Hard Rock,20.5,over,25.73,-125,-110,0.5556,0.5147,0.0794,0,0.6028,0.0472,0.0881,ev,multiplicative,projection,main,live,2026100942D78F91,2026-10-06T19:09:09.837Z
2026,5,15834,Brock Purdy,SF,QB,at SEA,passYds,Hard Rock,234.5,over,241.08,105,-145,0.4878,0.4518,0.0796,0,0.5350,0.0472,0.0832,ev,multiplicative,projection,main,live,202610119C07AE76,2026-10-06T19:09:09.837Z
2026,5,19320,Ted Hurst,TB,WR,at DAL,recYds,DraftKings,49.5,over,25.73,483,,0.1715,0.1715,,1,0.2186,0.0471,0.0471,ev,none,projection,main,live,2026100942D78F91,2026-10-06T19:09:09.837Z
2026,5,16739,Bijan Robinson,ATL,RB,vs BAL,receptions,Caesars,4.5,over,4.19,161,,0.3831,0.3831,,1,0.4303,0.0471,0.0471,ev,none,projection,main,live,2026101240603BF9,2026-10-06T19:09:09.837Z
2026,5,15907,Brian Robinson Jr.,ATL,RB,vs BAL,rushYds,Hard Rock,43.5,under,23.17,-200,145,0.6667,0.6203,0.0748,0,0.7138,0.0471,0.0935,ev,multiplicative,projection,main,live,2026101240603BF9,2026-10-06T19:09:09.837Z
2026,5,17017,Brenton Strange,JAX,TE,vs PHI,receptions,BetRivers,3.5,over,3.79,-104,,0.5098,0.5098,,1,0.5568,0.0470,0.0470,ev,none,projection,main,live,2026101118C77B29,2026-10-06T19:09:09.837Z
2026,5,17784,Bucky Irving,TB,RB,at DAL,rushYds,Hard Rock,102.5,over,75.16,650,-2200,0.1333,0.1223,0.0899,0,0.1803,0.0470,0.0580,ev,multiplicative,projection,main,live,2026100942D78F91,2026-10-06T19:09:09.837Z
2026,5,15829,Garrett Wilson,NYJ,WR,vs CLE,recYds,Hard Rock,121.5,under,62.78,-1200,575,0.9231,0.8617,0.0712,0,0.9700,0.0470,0.1083,ev,multiplicative,projection,main,live,2026101112C81881,2026-10-06T19:09:09.837Z
2026,5,16946,Tyson Bagent,CHI,QB,at GB,passYds,Hard Rock,210.5,under,204.05,105,-145,0.4878,0.4518,0.0796,0,0.5348,0.0470,0.0830,ev,multiplicative,projection,main,live,202610112660CB0C,2026-10-06T19:09:09.837Z
2026,5,14371,Jordan Love,GB,QB,vs CHI,passYds,Hard Rock,320.5,over,255.85,650,-1600,0.1333,0.1241,0.0745,0,0.1804,0.0470,0.0563,ev,multiplicative,projection,main,live,202610112660CB0C,2026-10-06T19:09:09.837Z
2026,5,12483,Josh Allen,BUF,QB,at LAR,passYds,Hard Rock,194.5,under,236.56,300,-500,0.2500,0.2308,0.0833,0,0.2970,0.0470,0.0662,ev,multiplicative,projection,main,live,20261013A957AFD4,2026-10-06T19:09:09.837Z
2026,5,5971,Matthew Stafford,LAR,QB,vs BUF,passYds,Hard Rock,339.5,under,260.27,-500,325,0.8333,0.7798,0.0686,0,0.8804,0.0470,0.1006,ev,multiplicative,projection,main,live,20261013A957AFD4,2026-10-06T19:09:09.837Z
2026,5,15306,Javonte Williams,DAL,RB,vs TB,recYds,Hard Rock,49.5,under,16.44,-1600,650,0.9412,0.8759,0.0745,0,0.9881,0.0469,0.1122,ev,multiplicative,projection,main,live,2026100942D78F91,2026-10-06T19:09:09.837Z
2026,5,13429,Deebo Samuel Sr.,SF,WR,at SEA,recYds,Hard Rock,57.5,over,42.63,325,-525,0.2353,0.2188,0.0753,0,0.2822,0.0469,0.0633,ev,multiplicative,projection,main,live,202610119C07AE76,2026-10-06T19:09:09.837Z
2026,5,9455,Davante Adams,LAR,WR,vs BUF,receptions,Caesars,6.5,over,4.44,400,,0.2000,0.2000,,1,0.2468,0.0468,0.0468,ev,none,projection,main,live,20261013A957AFD4,2026-10-06T19:09:09.837Z
2026,5,14411,CeeDee Lamb,DAL,WR,vs TB,recYds,Hard Rock,65.5,over,94.13,-220,155,0.6875,0.6368,0.0797,0,0.7343,0.0468,0.0976,ev,multiplicative,projection,main,live,2026100942D78F91,2026-10-06T19:09:09.837Z
2026,5,18549,Emeka Egbuka,TB,WR,at DAL,recYds,theScore,69.5,over,46.67,500,,0.1667,0.1667,,1,0.2134,0.0468,0.0468,ev,none,projection,main,live,2026100942D78F91,2026-10-06T19:09:09.837Z
2026,5,17702,Braelon Allen,NYJ,RB,vs CLE,rushYds,Hard Rock,109.5,under,38.23,-700,400,0.8750,0.8140,0.0750,0,0.9218,0.0468,0.1078,ev,multiplicative,projection,main,live,2026101112C81881,2026-10-06T19:09:09.837Z
2026,5,8057,Kirk Cousins,LV,QB,at NE,passYds,Hard Rock,217.5,under,210.38,100,-145,0.5000,0.4579,0.0918,0,0.5468,0.0468,0.0889,ev,multiplicative,projection,main,live,202610116AF20186,2026-10-06T19:09:09.837Z
2026,5,15876,James Cook,BUF,RB,at LAR,rushYds,BetRivers,49.5,over,88.04,-560,,0.8485,0.8485,,1,0.8952,0.0467,0.0467,ev,none,projection,main,live,20261013A957AFD4,2026-10-06T19:09:09.837Z
2026,5,17690,Blake Corum,LAR,RB,vs BUF,rushYds,DraftKings,79.5,over,43.22,1060,,0.0862,0.0862,,1,0.1329,0.0467,0.0467,ev,none,projection,main,live,20261013A957AFD4,2026-10-06T19:09:09.837Z
2026,5,5971,Matthew Stafford,LAR,QB,vs BUF,passYds,Hard Rock,334.5,under,260.27,-450,275,0.8182,0.7542,0.0848,0,0.8649,0.0467,0.1107,ev,multiplicative,projection,main,live,20261013A957AFD4,2026-10-06T19:09:09.837Z
2026,5,15853,George Pickens,DAL,WR,vs TB,receptions,DraftKings,6.5,over,4.51,344,,0.2252,0.2252,,1,0.2718,0.0466,0.0466,ev,none,projection,main,live,2026100942D78F91,2026-10-06T19:09:09.837Z
2026,5,18472,Harold Fannin Jr.,CLE,TE,at NYJ,recYds,Caesars,29.5,over,39.39,-200,,0.6667,0.6667,,1,0.7133,0.0466,0.0466,ev,none,projection,main,live,2026101112C81881,2026-10-06T19:09:09.837Z
2026,5,11863,Cooper Kupp,SEA,WR,vs SF,recYds,Caesars,25.5,over,29.77,-115,-113,0.5349,0.5020,0.0654,0,0.5815,0.0466,0.0794,ev,multiplicative,projection,main,live,202610119C07AE76,2026-10-06T19:09:09.837Z
2026,5,9455,Davante Adams,LAR,WR,vs BUF,recYds,BetRivers,99.5,over,79.89,310,,0.2439,0.2439,,1,0.2905,0.0466,0.0466,ev,none,projection,main,live,20261013A957AFD4,2026-10-06T19:09:09.837Z
2026,5,17784,Bucky Irving,TB,RB,at DAL,rushYds,Hard Rock,103.5,over,75.16,700,-2200,0.1250,0.1156,0.0815,0,0.1716,0.0466,0.0561,ev,multiplicative,projection,main,live,2026100942D78F91,2026-10-06T19:09:09.837Z
2026,5,11712,Deshaun Watson,CLE,QB,at NYJ,rushYds,Hard Rock,55.5,under,14.86,-2000,700,0.9524,0.8840,0.0774,0,0.9989,0.0466,0.1150,ev,multiplicative,projection,main,live,2026101112C81881,2026-10-06T19:09:09.837Z
2026,5,15834,Brock Purdy,SF,QB,at SEA,passYds,Hard Rock,272.5,over,241.08,260,-400,0.2778,0.2577,0.0778,0,0.3244,0.0466,0.0666,ev,multiplicative,projection,main,live,202610119C07AE76,2026-10-06T19:09:09.837Z
2026,5,11863,Cooper Kupp,SEA,WR,vs SF,recYds,Hard Rock,25.5,over,29.77,-115,-115,0.5349,0.5000,0.0698,0,0.5815,0.0466,0.0815,ev,multiplicative,projection,main,live,202610119C07AE76,2026-10-06T19:09:09.837Z
2026,5,12483,Josh Allen,BUF,QB,at LAR,passYds,Hard Rock,182.5,under,236.56,400,-750,0.2000,0.1848,0.0824,0,0.2466,0.0466,0.0618,ev,multiplicative,projection,main,live,20261013A957AFD4,2026-10-06T19:09:09.837Z
2026,5,16919,Zay Flowers,BAL,WR,at ATL,recYds,FanDuel,99.5,over,84.25,289,,0.2571,0.2571,,1,0.3036,0.0465,0.0465,ev,none,projection,main,live,2026101240603BF9,2026-10-06T19:09:09.837Z
2026,5,19292,Jalon Daniels,TB,QB,at DAL,passYds,Hard Rock,162.5,over,209.11,-190,135,0.6552,0.6062,0.0807,0,0.7017,0.0465,0.0954,ev,multiplicative,projection,main,live,2026100942D78F91,2026-10-06T19:09:09.837Z
2026,5,19320,Ted Hurst,TB,WR,at DAL,recYds,Hard Rock,11.5,over,25.73,-250,175,0.7143,0.6627,0.0779,0,0.7608,0.0465,0.0981,ev,multiplicative,projection,main,live,2026100942D78F91,2026-10-06T19:09:09.837Z
2026,5,14371,Jordan Love,GB,QB,vs CHI,passYds,Hard Rock,213.5,over,255.85,-195,135,0.6610,0.6084,0.0865,0,0.7075,0.0465,0.0991,ev,multiplicative,projection,main,live,202610112660CB0C,2026-10-06T19:09:09.837Z
2026,5,16560,Rashid Shaheed,SEA,WR,vs SF,recYds,Hard Rock,44.5,over,30.27,375,-700,0.2105,0.1939,0.0855,0,0.2570,0.0465,0.0631,ev,multiplicative,projection,main,live,202610119C07AE76,2026-10-06T19:09:09.837Z
2026,5,17690,Blake Corum,LAR,RB,vs BUF,rushYds,Hard Rock,77.5,over,43.22,900,-4000,0.1000,0.0930,0.0756,0,0.1465,0.0465,0.0536,ev,multiplicative,projection,main,live,20261013A957AFD4,2026-10-06T19:09:09.837Z
2026,5,15853,George Pickens,DAL,WR,vs TB,recYds,Caesars,61.5,over,66.73,-113,-115,0.5305,0.4980,0.0654,0,0.5769,0.0464,0.0790,ev,multiplicative,projection,main,live,2026100942D78F91,2026-10-06T19:09:09.837Z
2026,5,18484,Tez Johnson,TB,WR,at DAL,recYds,Caesars,9.5,over,16.56,-164,,0.6212,0.6212,,1,0.6676,0.0464,0.0464,ev,none,projection,main,live,2026100942D78F91,2026-10-06T19:09:09.837Z
2026,5,17673,Drake Maye,NE,QB,vs LV,passTD,Caesars,1.5,under,1.45,-112,-110,0.5283,0.5021,0.0521,0,0.5747,0.0464,0.0726,ev,multiplicative,projection,main,live,202610116AF20186,2026-10-06T19:09:09.837Z
2026,5,9455,Davante Adams,LAR,WR,vs BUF,receptions,FanDuel,6.5,over,4.44,399,,0.2004,0.2004,,1,0.2468,0.0464,0.0464,ev,none,projection,main,live,20261013A957AFD4,2026-10-06T19:09:09.837Z
2026,5,15853,George Pickens,DAL,WR,vs TB,recYds,theScore,49.5,over,66.73,-225,,0.6923,0.6923,,1,0.7387,0.0464,0.0464,ev,none,projection,main,live,2026100942D78F91,2026-10-06T19:09:09.837Z
2026,5,8743,Geno Smith,NYJ,QB,vs CLE,passYds,Hard Rock,260.5,under,188.9,-525,325,0.8400,0.7812,0.0753,0,0.8864,0.0464,0.1052,ev,multiplicative,projection,main,live,2026101112C81881,2026-10-06T19:09:09.837Z
2026,5,14411,CeeDee Lamb,DAL,WR,vs TB,receptions,FanDuel,7.5,over,6.44,207,,0.3257,0.3257,,1,0.3720,0.0463,0.0463,ev,none,projection,main,live,2026100942D78F91,2026-10-06T19:09:09.837Z
2026,5,15834,Brock Purdy,SF,QB,at SEA,passYds,BetRivers,224.5,over,241.08,-118,,0.5413,0.5413,,1,0.5876,0.0463,0.0463,ev,none,projection,main,live,202610119C07AE76,2026-10-06T19:09:09.837Z
2026,5,16790,Puka Nacua,LAR,WR,vs BUF,receptions,FanDuel,6.5,under,6.49,120,-160,0.4545,0.4248,0.0699,0,0.5008,0.0463,0.0760,ev,multiplicative,projection,main,live,20261013A957AFD4,2026-10-06T19:09:09.837Z
2026,5,15990,Tyler Goodson,DAL,RB,vs TB,rushYds,Hard Rock,52.5,under,18.05,-1800,650,0.9474,0.8766,0.0807,0,0.9936,0.0463,0.1170,ev,multiplicative,projection,main,live,2026100942D78F91,2026-10-06T19:09:09.837Z
2026,5,8057,Kirk Cousins,LV,QB,at NE,passYds,Hard Rock,260.5,under,210.38,-300,195,0.7500,0.6887,0.0890,0,0.7963,0.0463,0.1076,ev,multiplicative,projection,main,live,202610116AF20186,2026-10-06T19:09:09.837Z
2026,5,8057,Kirk Cousins,LV,QB,at NE,passYds,Hard Rock,269.5,under,210.38,-375,250,0.7895,0.7343,0.0752,0,0.8358,0.0463,0.1015,ev,multiplicative,projection,main,live,202610116AF20186,2026-10-06T19:09:09.837Z
2026,5,10819,Derrick Henry,BAL,RB,at ATL,rushYds,Hard Rock,158.5,under,97.07,-1600,600,0.9412,0.8682,0.0840,0,0.9875,0.0463,0.1193,ev,multiplicative,projection,main,live,2026101240603BF9,2026-10-06T19:09:09.837Z
2026,5,15829,Garrett Wilson,NYJ,WR,vs CLE,recYds,Hard Rock,118.5,under,62.78,-1100,525,0.9167,0.8514,0.0767,0,0.9629,0.0462,0.1115,ev,multiplicative,projection,main,live,2026101112C81881,2026-10-06T19:09:09.837Z
2026,5,5971,Matthew Stafford,LAR,QB,vs BUF,passYds,Hard Rock,341.5,under,260.27,-525,325,0.8400,0.7812,0.0753,0,0.8862,0.0462,0.1050,ev,multiplicative,projection,main,live,20261013A957AFD4,2026-10-06T19:09:09.837Z
2026,5,19292,Jalon Daniels,TB,QB,at DAL,passYds,Hard Rock,315.5,over,209.11,2500,,0.0385,0.0385,,1,0.0845,0.0461,0.0461,ev,none,projection,main,live,2026100942D78F91,2026-10-06T19:09:09.837Z
2026,5,18472,Harold Fannin Jr.,CLE,TE,at NYJ,recYds,Hard Rock,66.5,under,39.39,-750,400,0.8824,0.8152,0.0824,0,0.9284,0.0461,0.1132,ev,multiplicative,projection,main,live,2026101112C81881,2026-10-06T19:09:09.837Z
2026,5,16560,Rashid Shaheed,SEA,WR,vs SF,recYds,theScore,49.5,over,30.27,600,,0.1429,0.1429,,1,0.1890,0.0461,0.0461,ev,none,projection,main,live,202610119C07AE76,2026-10-06T19:09:09.837Z
2026,5,15868,Drake London,ATL,WR,vs BAL,recYds,Hard Rock,68.5,over,93.95,-200,145,0.6667,0.6203,0.0748,0,0.7128,0.0461,0.0925,ev,multiplicative,projection,main,live,2026101240603BF9,2026-10-06T19:09:09.837Z
2026,5,12483,Josh Allen,BUF,QB,at LAR,passYds,Hard Rock,200.5,under,236.56,260,-425,0.2778,0.2555,0.0873,0,0.3238,0.0461,0.0684,ev,multiplicative,projection,main,live,20261013A957AFD4,2026-10-06T19:09:09.837Z
2026,5,13429,Deebo Samuel Sr.,SF,WR,at SEA,recYds,theScore,59.5,over,42.63,375,,0.2105,0.2105,,1,0.2566,0.0460,0.0460,ev,none,projection,main,live,202610119C07AE76,2026-10-06T19:09:09.837Z
2026,5,15834,Brock Purdy,SF,QB,at SEA,passYds,Hard Rock,269.5,over,241.08,240,-375,0.2941,0.2714,0.0836,0,0.3401,0.0460,0.0687,ev,multiplicative,projection,main,live,202610119C07AE76,2026-10-06T19:09:09.837Z
2026,5,13429,Deebo Samuel Sr.,SF,WR,at SEA,receptions,Caesars,6.5,over,3.78,900,,0.1000,0.1000,,1,0.1459,0.0459,0.0459,ev,none,projection,main,live,202610119C07AE76,2026-10-06T19:09:09.837Z
2026,5,8057,Kirk Cousins,LV,QB,at NE,passYds,Hard Rock,215.5,under,210.38,105,-155,0.4878,0.4452,0.0956,0,0.5337,0.0459,0.0885,ev,multiplicative,projection,main,live,202610116AF20186,2026-10-06T19:09:09.837Z
2026,5,15850,Jahan Dotson,ATL,WR,vs BAL,receptions,Hard Rock,3.5,under,1.19,-900,475,0.9000,0.8381,0.0739,0,0.9459,0.0459,0.1078,ev,multiplicative,projection,main,live,2026101240603BF9,2026-10-06T19:09:09.837Z
2026,5,15850,Jahan Dotson,ATL,WR,vs BAL,recYds,Hard Rock,61.5,under,15.76,-2000,650,0.9524,0.8772,0.0857,0,0.9983,0.0459,0.1211,ev,multiplicative,projection,main,live,2026101240603BF9,2026-10-06T19:09:09.837Z
2026,5,15876,James Cook,BUF,RB,at LAR,rushYds,Hard Rock,94.5,over,88.04,175,-250,0.3636,0.3373,0.0779,0,0.4095,0.0459,0.0721,ev,multiplicative,projection,main,live,20261013A957AFD4,2026-10-06T19:09:09.837Z
2026,5,19321,Josh Cameron,JAX,WR,vs PHI,receptions,FanDuel,1.5,under,1.07,-140,106,0.5833,0.5458,0.0688,0,0.6291,0.0458,0.0833,ev,multiplicative,projection,main,live,2026101118C77B29,2026-10-06T19:09:09.837Z
2026,5,17974,Ryan Flournoy,DAL,WR,vs TB,receptions,Hard Rock,1.5,under,3.07,400,-700,0.2000,0.1860,0.0750,0,0.2458,0.0458,0.0598,ev,multiplicative,projection,main,live,2026100942D78F91,2026-10-06T19:09:09.837Z
2026,5,19321,Josh Cameron,JAX,WR,vs PHI,receptions,Hard Rock,1.5,under,1.07,-140,105,0.5833,0.5446,0.0711,0,0.6291,0.0458,0.0845,ev,multiplicative,projection,main,live,2026101118C77B29,2026-10-06T19:09:09.837Z
2026,5,18472,Harold Fannin Jr.,CLE,TE,at NYJ,recYds,Hard Rock,64.5,under,39.39,-650,375,0.8667,0.8046,0.0772,0,0.9125,0.0458,0.1079,ev,multiplicative,projection,main,live,2026101112C81881,2026-10-06T19:09:09.837Z
2026,5,12490,Sam Darnold,SEA,QB,vs SF,rushYds,Hard Rock,20.5,under,11.92,-1300,550,0.9286,0.8579,0.0824,0,0.9743,0.0458,0.1165,ev,multiplicative,projection,main,live,202610119C07AE76,2026-10-06T19:09:09.837Z
2026,5,15868,Drake London,ATL,WR,vs BAL,recYds,Hard Rock,101.5,over,93.95,175,-250,0.3636,0.3373,0.0779,0,0.4094,0.0458,0.0721,ev,multiplicative,projection,main,live,2026101240603BF9,2026-10-06T19:09:09.837Z
2026,5,18472,Harold Fannin Jr.,CLE,TE,at NYJ,recYds,Hard Rock,65.5,under,39.39,-700,400,0.8750,0.8140,0.0750,0,0.9207,0.0457,0.1068,ev,multiplicative,projection,main,live,2026101112C81881,2026-10-06T19:09:09.837Z
2026,5,14371,Jordan Love,GB,QB,vs CHI,passYds,Hard Rock,315.5,over,255.85,550,-1300,0.1538,0.1421,0.0824,0,0.1995,0.0457,0.0574,ev,multiplicative,projection,main,live,202610112660CB0C,2026-10-06T19:09:09.837Z
2026,5,15850,Jahan Dotson,ATL,WR,vs BAL,recYds,Hard Rock,18.5,under,15.76,-110,-125,0.5238,0.4853,0.0794,0,0.5695,0.0457,0.0842,ev,multiplicative,projection,main,live,2026101240603BF9,2026-10-06T19:09:09.837Z
2026,5,19320,Ted Hurst,TB,WR,at DAL,recYds,Caesars,19.5,over,25.73,-136,,0.5763,0.5763,,1,0.6219,0.0456,0.0456,ev,none,projection,main,live,2026100942D78F91,2026-10-06T19:09:09.837Z
2026,5,13429,Deebo Samuel Sr.,SF,WR,at SEA,recYds,FanDuel,14.5,over,42.63,-471,,0.8249,0.8249,,1,0.8705,0.0456,0.0456,ev,none,projection,main,live,202610119C07AE76,2026-10-06T19:09:09.837Z
2026,5,18516,Quinshon Judkins,CLE,RB,at NYJ,rushYds,Hard Rock,79.5,under,59.27,-325,210,0.7647,0.7033,0.0873,0,0.8103,0.0456,0.1070,ev,multiplicative,projection,main,live,2026101112C81881,2026-10-06T19:09:09.837Z
2026,5,16946,Tyson Bagent,CHI,QB,at GB,passYds,Hard Rock,212.5,under,204.05,100,-135,0.5000,0.4653,0.0745,0,0.5456,0.0456,0.0802,ev,multiplicative,projection,main,live,202610112660CB0C,2026-10-06T19:09:09.837Z
2026,5,13429,Deebo Samuel Sr.,SF,WR,at SEA,receptions,Hard Rock,3.5,over,3.78,-105,-125,0.5122,0.4797,0.0678,0,0.5578,0.0456,0.0781,ev,multiplicative,projection,main,live,202610119C07AE76,2026-10-06T19:09:09.837Z
2026,5,15834,Brock Purdy,SF,QB,at SEA,rushYds,Hard Rock,42.5,under,17.22,-1500,600,0.9375,0.8678,0.0804,0,0.9831,0.0456,0.1154,ev,multiplicative,projection,main,live,202610119C07AE76,2026-10-06T19:09:09.837Z
2026,5,15834,Brock Purdy,SF,QB,at SEA,passYds,Hard Rock,232.5,over,241.08,100,-140,0.5000,0.4615,0.0833,0,0.5456,0.0456,0.0841,ev,multiplicative,projection,main,live,202610119C07AE76,2026-10-06T19:09:09.837Z
2026,5,16739,Bijan Robinson,ATL,RB,vs BAL,receptions,Hard Rock,4.5,over,4.19,160,-225,0.3846,0.3571,0.0769,0,0.4303,0.0456,0.0731,ev,multiplicative,projection,main,live,2026101240603BF9,2026-10-06T19:09:09.837Z
2026,5,14411,CeeDee Lamb,DAL,WR,vs TB,receptions,BetRivers,8.5,over,6.44,360,,0.2174,0.2174,,1,0.2629,0.0455,0.0455,ev,none,projection,main,live,2026100942D78F91,2026-10-06T19:09:09.837Z
2026,5,14411,CeeDee Lamb,DAL,WR,vs TB,receptions,Caesars,8.5,over,6.44,360,,0.2174,0.2174,,1,0.2629,0.0455,0.0455,ev,none,projection,main,live,2026100942D78F91,2026-10-06T19:09:09.837Z
2026,5,15853,George Pickens,DAL,WR,vs TB,recYds,Hard Rock,58.5,over,66.73,-135,100,0.5745,0.5347,0.0745,0,0.6199,0.0455,0.0853,ev,multiplicative,projection,main,live,2026100942D78F91,2026-10-06T19:09:09.837Z
2026,5,14411,CeeDee Lamb,DAL,WR,vs TB,receptions,theScore,8.5,over,6.44,360,,0.2174,0.2174,,1,0.2629,0.0455,0.0455,ev,none,projection,main,live,2026100942D78F91,2026-10-06T19:09:09.837Z
2026,5,18484,Tez Johnson,TB,WR,at DAL,recYds,Hard Rock,5.5,over,16.56,-240,170,0.7059,0.6559,0.0763,0,0.7514,0.0455,0.0955,ev,multiplicative,projection,main,live,2026100942D78F91,2026-10-06T19:09:09.837Z
2026,5,8057,Kirk Cousins,LV,QB,at NE,passYds,Hard Rock,266.5,under,210.38,-350,225,0.7778,0.7165,0.0855,0,0.8232,0.0455,0.1067,ev,multiplicative,projection,main,live,202610116AF20186,2026-10-06T19:09:09.837Z
2026,5,15306,Javonte Williams,DAL,RB,vs TB,rushYds,Hard Rock,129.5,under,72.94,-1800,650,0.9474,0.8766,0.0807,0,0.9928,0.0454,0.1162,ev,multiplicative,projection,main,live,2026100942D78F91,2026-10-06T19:09:09.837Z
2026,5,8057,Kirk Cousins,LV,QB,at NE,passYds,Hard Rock,263.5,under,210.38,-325,220,0.7647,0.7099,0.0772,0,0.8101,0.0454,0.1002,ev,multiplicative,projection,main,live,202610116AF20186,2026-10-06T19:09:09.837Z
2026,5,13429,Deebo Samuel Sr.,SF,WR,at SEA,recYds,Hard Rock,13.5,over,42.63,-500,300,0.8333,0.7692,0.0833,0,0.8788,0.0454,0.1095,ev,multiplicative,projection,main,live,202610119C07AE76,2026-10-06T19:09:09.837Z
2026,5,13429,Deebo Samuel Sr.,SF,WR,at SEA,recYds,Hard Rock,56.5,over,42.63,300,-500,0.2500,0.2308,0.0833,0,0.2954,0.0454,0.0646,ev,multiplicative,projection,main,live,202610119C07AE76,2026-10-06T19:09:09.837Z
2026,5,10819,Derrick Henry,BAL,RB,at ATL,rushYds,Hard Rock,122.5,under,97.07,-350,230,0.7778,0.7196,0.0808,0,0.8232,0.0454,0.1036,ev,multiplicative,projection,main,live,2026101240603BF9,2026-10-06T19:09:09.837Z
2026,5,5971,Matthew Stafford,LAR,QB,vs BUF,passYds,Hard Rock,331.5,under,260.27,-425,275,0.8095,0.7522,0.0762,0,0.8550,0.0454,0.1028,ev,multiplicative,projection,main,live,20261013A957AFD4,2026-10-06T19:09:09.837Z
2026,5,16690,Parker Washington,JAX,WR,vs PHI,recYds,Hard Rock,77.5,under,68.35,-240,170,0.7059,0.6559,0.0763,0,0.7512,0.0453,0.0953,ev,multiplicative,projection,main,live,2026101118C77B29,2026-10-06T19:09:09.837Z
2026,5,11712,Deshaun Watson,CLE,QB,at NYJ,passYds,Hard Rock,158.5,under,198.41,275,-450,0.2667,0.2458,0.0848,0,0.3119,0.0453,0.0661,ev,multiplicative,projection,main,live,2026101112C81881,2026-10-06T19:09:09.837Z
2026,5,12483,Josh Allen,BUF,QB,at LAR,passYds,Hard Rock,177.5,under,236.56,450,-900,0.1818,0.1681,0.0818,0,0.2271,0.0453,0.0590,ev,multiplicative,projection,main,live,20261013A957AFD4,2026-10-06T19:09:09.837Z
2026,5,11008,Dak Prescott,DAL,QB,vs TB,passTD,DraftKings,1.5,under,1.96,169,-218,0.3717,0.3516,0.0573,0,0.4169,0.0452,0.0653,ev,multiplicative,projection,main,live,2026100942D78F91,2026-10-06T19:09:09.837Z
2026,5,15853,George Pickens,DAL,WR,vs TB,receptions,FanDuel,7.5,over,4.51,638,,0.1355,0.1355,,1,0.1807,0.0452,0.0452,ev,none,projection,main,live,2026100942D78F91,2026-10-06T19:09:09.837Z
2026,5,16739,Bijan Robinson,ATL,RB,vs BAL,rushYds,FanDuel,99.5,over,96.19,138,,0.4202,0.4202,,1,0.4654,0.0452,0.0452,ev,none,projection,main,live,2026101240603BF9,2026-10-06T19:09:09.837Z
2026,5,19292,Jalon Daniels,TB,QB,at DAL,passTD,theScore,2.5,over,1.31,900,,0.1000,0.1000,,1,0.1452,0.0452,0.0452,ev,none,projection,main,live,2026100942D78F91,2026-10-06T19:09:09.837Z
2026,5,19321,Josh Cameron,JAX,WR,vs PHI,recYds,Hard Rock,47.5,under,12.85,-1800,650,0.9474,0.8766,0.0807,0,0.9925,0.0452,0.1159,ev,multiplicative,projection,main,live,2026101118C77B29,2026-10-06T19:09:09.837Z
2026,5,14371,Jordan Love,GB,QB,vs CHI,passYds,Hard Rock,212.5,over,255.85,-200,140,0.6667,0.6154,0.0833,0,0.7119,0.0452,0.0965,ev,multiplicative,projection,main,live,202610112660CB0C,2026-10-06T19:09:09.837Z
2026,5,15834,Brock Purdy,SF,QB,at SEA,rushYds,Hard Rock,43.5,under,17.22,-1600,650,0.9412,0.8759,0.0745,0,0.9864,0.0452,0.1104,ev,multiplicative,projection,main,live,202610119C07AE76,2026-10-06T19:09:09.837Z
2026,5,12483,Josh Allen,BUF,QB,at LAR,rushYds,Hard Rock,45.5,under,37.26,-230,160,0.6970,0.6444,0.0816,0,0.7422,0.0452,0.0978,ev,multiplicative,projection,main,live,20261013A957AFD4,2026-10-06T19:09:09.837Z
2026,5,5971,Matthew Stafford,LAR,QB,vs BUF,passYds,Hard Rock,336.5,under,260.27,-475,300,0.8261,0.7677,0.0761,0,0.8712,0.0452,0.1036,ev,multiplicative,projection,main,live,20261013A957AFD4,2026-10-06T19:09:09.837Z
2026,5,18472,Harold Fannin Jr.,CLE,TE,at NYJ,recYds,Caesars,19.5,over,39.39,-475,,0.8261,0.8261,,1,0.8712,0.0451,0.0451,ev,none,projection,main,live,2026101112C81881,2026-10-06T19:09:09.837Z
2026,5,15990,Tyler Goodson,DAL,RB,vs TB,rushYds,Hard Rock,31.5,under,18.05,-375,250,0.7895,0.7343,0.0752,0,0.8346,0.0451,0.1003,ev,multiplicative,projection,main,live,2026100942D78F91,2026-10-06T19:09:09.837Z
2026,5,17702,Braelon Allen,NYJ,RB,vs CLE,rushYds,Hard Rock,111.5,under,38.23,-750,425,0.8824,0.8225,0.0728,0,0.9274,0.0451,0.1050,ev,multiplicative,projection,main,live,2026101112C81881,2026-10-06T19:09:09.837Z
2026,5,11863,Cooper Kupp,SEA,WR,vs SF,recYds,Hard Rock,22.5,over,29.77,-145,105,0.5918,0.5482,0.0796,0,0.6369,0.0451,0.0887,ev,multiplicative,projection,main,live,202610119C07AE76,2026-10-06T19:09:09.837Z
2026,5,16654,Jaxon Smith-Njigba,SEA,WR,vs SF,receptions,FanDuel,12.5,over,6.73,1497,,0.0626,0.0626,,1,0.1076,0.0450,0.0450,ev,none,projection,main,live,202610119C07AE76,2026-10-06T19:09:09.837Z
2026,5,9253,Mike Evans,SF,WR,at SEA,recYds,BetRivers,79.5,over,64.8,310,,0.2439,0.2439,,1,0.2889,0.0450,0.0450,ev,none,projection,main,live,202610119C07AE76,2026-10-06T19:09:09.837Z
2026,5,18484,Tez Johnson,TB,WR,at DAL,recYds,Hard Rock,9.5,over,16.56,-165,120,0.6226,0.5780,0.0772,0,0.6676,0.0450,0.0896,ev,multiplicative,projection,main,live,2026100942D78F91,2026-10-06T19:09:09.837Z
2026,5,18484,Tez Johnson,TB,WR,at DAL,recYds,Hard Rock,10.5,over,16.56,-150,110,0.6000,0.5575,0.0762,0,0.6450,0.0450,0.0875,ev,multiplicative,projection,main,live,2026100942D78F91,2026-10-06T19:09:09.837Z
2026,5,17017,Brenton Strange,JAX,TE,vs PHI,recYds,Hard Rock,78.5,under,40.27,-1800,650,0.9474,0.8766,0.0807,0,0.9924,0.0450,0.1158,ev,multiplicative,projection,main,live,2026101118C77B29,2026-10-06T19:09:09.837Z
2026,5,15357,Trevor Lawrence,JAX,QB,vs PHI,rushYds,Hard Rock,2.5,over,19.9,-750,425,0.8824,0.8225,0.0728,0,0.9273,0.0450,0.1049,ev,multiplicative,projection,main,live,2026101118C77B29,2026-10-06T19:09:09.837Z
2026,5,14371,Jordan Love,GB,QB,vs CHI,passYds,Hard Rock,318.5,over,255.85,600,-1500,0.1429,0.1322,0.0804,0,0.1879,0.0450,0.0557,ev,multiplicative,projection,main,live,202610112660CB0C,2026-10-06T19:09:09.837Z
2026,5,16739,Bijan Robinson,ATL,RB,vs BAL,recYds,Hard Rock,17.5,over,36.4,-275,200,0.7333,0.6875,0.0667,0,0.7783,0.0450,0.0908,ev,multiplicative,projection,main,live,2026101240603BF9,2026-10-06T19:09:09.837Z
2026,5,9455,Davante Adams,LAR,WR,vs BUF,recYds,Hard Rock,51.5,over,79.89,-190,135,0.6552,0.6062,0.0807,0,0.7002,0.0450,0.0939,ev,multiplicative,projection,main,live,20261013A957AFD4,2026-10-06T19:09:09.837Z
2026,5,15222,Kenneth Gainwell,TB,RB,at DAL,recYds,Hard Rock,26.5,over,18.34,300,-450,0.2500,0.2340,0.0682,0,0.2949,0.0449,0.0609,ev,multiplicative,projection,main,live,2026100942D78F91,2026-10-06T19:09:09.837Z
2026,5,9253,Mike Evans,SF,WR,at SEA,recYds,Hard Rock,29.5,over,64.8,-375,240,0.7895,0.7286,0.0836,0,0.8343,0.0449,0.1058,ev,multiplicative,projection,main,live,202610119C07AE76,2026-10-06T19:09:09.837Z
2026,5,9253,Mike Evans,SF,WR,at SEA,recYds,theScore,29.5,over,64.8,-375,,0.7895,0.7895,,1,0.8343,0.0449,0.0449,ev,none,projection,main,live,202610119C07AE76,2026-10-06T19:09:09.837Z
2026,5,14411,CeeDee Lamb,DAL,WR,vs TB,receptions,DraftKings,9.5,over,6.44,680,,0.1282,0.1282,,1,0.1730,0.0448,0.0448,ev,none,projection,main,live,2026100942D78F91,2026-10-06T19:09:09.837Z
2026,5,13429,Deebo Samuel Sr.,SF,WR,at SEA,receptions,DraftKings,6.5,over,3.78,890,,0.1010,0.1010,,1,0.1459,0.0448,0.0448,ev,none,projection,main,live,202610119C07AE76,2026-10-06T19:09:09.837Z
2026,5,16654,Jaxon Smith-Njigba,SEA,WR,vs SF,recYds,DraftKings,129.5,over,98.76,316,,0.2404,0.2404,,1,0.2852,0.0448,0.0448,ev,none,projection,main,live,202610119C07AE76,2026-10-06T19:09:09.837Z
2026,5,15990,Tyler Goodson,DAL,RB,vs TB,rushYds,Hard Rock,51.5,under,18.05,-1800,600,0.9474,0.8690,0.0902,0,0.9922,0.0448,0.1232,ev,multiplicative,projection,main,live,2026100942D78F91,2026-10-06T19:09:09.837Z
2026,5,14416,Jalen Hurts,PHI,QB,at JAX,rushYds,Hard Rock,12.5,over,24.48,-600,375,0.8571,0.8028,0.0677,0,0.9020,0.0448,0.0992,ev,multiplicative,projection,main,live,2026101118C77B29,2026-10-06T19:09:09.837Z
2026,5,15829,Garrett Wilson,NYJ,WR,vs CLE,recYds,Hard Rock,71.5,under,62.78,-130,-105,0.5652,0.5246,0.0774,0,0.6100,0.0448,0.0854,ev,multiplicative,projection,main,live,2026101112C81881,2026-10-06T19:09:09.837Z
2026,5,11008,Dak Prescott,DAL,QB,vs TB,rushYds,FanDuel,19.5,over,14,276,,0.2660,0.2660,,1,0.3107,0.0447,0.0447,ev,none,projection,main,live,2026100942D78F91,2026-10-06T19:09:09.837Z
2026,5,11892,George Kittle,SF,TE,at SEA,receptions,DraftKings,6.5,over,4.6,344,,0.2252,0.2252,,1,0.2699,0.0447,0.0447,ev,none,projection,main,live,202610119C07AE76,2026-10-06T19:09:09.837Z
2026,5,8743,Geno Smith,NYJ,QB,vs CLE,passYds,Hard Rock,265.5,under,188.9,-600,350,0.8571,0.7941,0.0794,0,0.9018,0.0447,0.1077,ev,multiplicative,projection,main,live,2026101112C81881,2026-10-06T19:09:09.837Z
2026,5,11712,Deshaun Watson,CLE,QB,at NYJ,passYds,Hard Rock,154.5,under,198.41,300,-500,0.2500,0.2308,0.0833,0,0.2947,0.0447,0.0640,ev,multiplicative,projection,main,live,2026101112C81881,2026-10-06T19:09:09.837Z
2026,5,18472,Harold Fannin Jr.,CLE,TE,at NYJ,recYds,Hard Rock,32.5,over,39.39,-155,110,0.6078,0.5607,0.0840,0,0.6525,0.0447,0.0918,ev,multiplicative,projection,main,live,2026101112C81881,2026-10-06T19:09:09.837Z
2026,5,11863,Cooper Kupp,SEA,WR,vs SF,recYds,Hard Rock,24.5,over,29.77,-125,-110,0.5556,0.5147,0.0794,0,0.6002,0.0447,0.0855,ev,multiplicative,projection,main,live,202610119C07AE76,2026-10-06T19:09:09.837Z
2026,5,15265,Kyle Pitts,ATL,TE,vs BAL,recYds,Hard Rock,7.5,over,33,-575,325,0.8519,0.7836,0.0871,0,0.8965,0.0447,0.1129,ev,multiplicative,projection,main,live,2026101240603BF9,2026-10-06T19:09:09.837Z
2026,5,14416,Jalen Hurts,PHI,QB,at JAX,passYds,DraftKings,199.5,over,202.54,111,,0.4739,0.4739,,1,0.5186,0.0446,0.0446,ev,none,projection,main,live,2026101118C77B29,2026-10-06T19:09:09.837Z
2026,5,15265,Kyle Pitts,ATL,TE,vs BAL,receptions,Caesars,1.5,over,2.71,-290,,0.7436,0.7436,,1,0.7882,0.0446,0.0446,ev,none,projection,main,live,2026101240603BF9,2026-10-06T19:09:09.837Z
2026,5,17690,Blake Corum,LAR,RB,vs BUF,rushYds,BetRivers,19.5,over,43.22,-455,,0.8198,0.8198,,1,0.8644,0.0446,0.0446,ev,none,projection,main,live,20261013A957AFD4,2026-10-06T19:09:09.837Z
2026,5,19292,Jalon Daniels,TB,QB,at DAL,passYds,Hard Rock,161.5,over,209.11,-195,135,0.6610,0.6084,0.0865,0,0.7056,0.0446,0.0972,ev,multiplicative,projection,main,live,2026100942D78F91,2026-10-06T19:09:09.837Z
2026,5,15306,Javonte Williams,DAL,RB,vs TB,recYds,Hard Rock,5.5,over,16.44,-325,230,0.7647,0.7162,0.0677,0,0.8093,0.0446,0.0931,ev,multiplicative,projection,main,live,2026100942D78F91,2026-10-06T19:09:09.837Z
2026,5,15853,George Pickens,DAL,WR,vs TB,receptions,Caesars,6.5,over,4.51,340,,0.2273,0.2273,,1,0.2718,0.0445,0.0445,ev,none,projection,main,live,2026100942D78F91,2026-10-06T19:09:09.837Z
2026,5,15834,Brock Purdy,SF,QB,at SEA,passYds,Caesars,229.5,over,241.08,-107,,0.5169,0.5169,,1,0.5614,0.0445,0.0445,ev,none,projection,main,live,202610119C07AE76,2026-10-06T19:09:09.837Z
2026,5,14411,CeeDee Lamb,DAL,WR,vs TB,recYds,Hard Rock,64.5,over,94.13,-230,165,0.6970,0.6487,0.0743,0,0.7414,0.0445,0.0927,ev,multiplicative,projection,main,live,2026100942D78F91,2026-10-06T19:09:09.837Z
2026,5,12490,Sam Darnold,SEA,QB,vs SF,rushYds,Hard Rock,22.5,under,11.92,-1800,700,0.9474,0.8834,0.0724,0,0.9919,0.0445,0.1084,ev,multiplicative,projection,main,live,202610119C07AE76,2026-10-06T19:09:09.837Z
2026,5,12559,Mark Andrews,BAL,TE,at ATL,recYds,Hard Rock,47.5,over,39.91,240,-375,0.2941,0.2714,0.0836,0,0.3386,0.0445,0.0672,ev,multiplicative,projection,main,live,2026101240603BF9,2026-10-06T19:09:09.837Z
2026,5,17784,Bucky Irving,TB,RB,at DAL,recYds,Hard Rock,32.5,over,23.17,325,-525,0.2353,0.2188,0.0753,0,0.2797,0.0444,0.0609,ev,multiplicative,projection,main,live,2026100942D78F91,2026-10-06T19:09:09.837Z
2026,5,18472,Harold Fannin Jr.,CLE,TE,at NYJ,recYds,Hard Rock,70.5,under,39.39,-1000,475,0.9091,0.8394,0.0830,0,0.9535,0.0444,0.1141,ev,multiplicative,projection,main,live,2026101112C81881,2026-10-06T19:09:09.837Z
2026,5,19292,Jalon Daniels,TB,QB,at DAL,passYds,FanDuel,299.5,over,209.11,1198,,0.0770,0.0770,,1,0.1213,0.0443,0.0443,ev,none,projection,main,live,2026100942D78F91,2026-10-06T19:09:09.837Z
2026,5,17673,Drake Maye,NE,QB,vs LV,int,DraftKings,0.5,under,0.72,126,-161,0.4425,0.4177,0.0593,0,0.4868,0.0443,0.0691,ev,multiplicative,projection,main,live,202610116AF20186,2026-10-06T19:09:09.837Z
2026,5,19298,Denzel Boston,CLE,WR,at NYJ,recYds,Hard Rock,86.5,under,51.02,-650,400,0.8667,0.8125,0.0667,0,0.9110,0.0443,0.0985,ev,multiplicative,projection,main,live,2026101112C81881,2026-10-06T19:09:09.837Z
2026,5,11712,Deshaun Watson,CLE,QB,at NYJ,passYds,Hard Rock,164.5,under,198.41,240,-350,0.2941,0.2744,0.0719,0,0.3385,0.0443,0.0641,ev,multiplicative,projection,main,live,2026101112C81881,2026-10-06T19:09:09.837Z
2026,5,15265,Kyle Pitts,ATL,TE,vs BAL,recYds,Hard Rock,43.5,over,33,240,-375,0.2941,0.2714,0.0836,0,0.3384,0.0443,0.0670,ev,multiplicative,projection,main,live,2026101240603BF9,2026-10-06T19:09:09.837Z
2026,5,12483,Josh Allen,BUF,QB,at LAR,passYds,Hard Rock,179.5,under,236.56,425,-800,0.1905,0.1765,0.0794,0,0.2348,0.0443,0.0583,ev,multiplicative,projection,main,live,20261013A957AFD4,2026-10-06T19:09:09.837Z
2026,5,15853,George Pickens,DAL,WR,vs TB,recYds,FanDuel,61.5,over,66.73,-114,-114,0.5327,0.5000,0.0654,0,0.5769,0.0442,0.0769,ev,multiplicative,projection,main,live,2026100942D78F91,2026-10-06T19:09:09.837Z
2026,5,14411,CeeDee Lamb,DAL,WR,vs TB,receptions,Caesars,7.5,over,6.44,205,,0.3279,0.3279,,1,0.3720,0.0442,0.0442,ev,none,projection,main,live,2026100942D78F91,2026-10-06T19:09:09.837Z
2026,5,11863,Cooper Kupp,SEA,WR,vs SF,recYds,BetRivers,19.5,over,29.77,-182,,0.6454,0.6454,,1,0.6896,0.0442,0.0442,ev,none,projection,main,live,202610119C07AE76,2026-10-06T19:09:09.837Z
2026,5,18484,Tez Johnson,TB,WR,at DAL,recYds,Hard Rock,7.5,over,16.56,-200,140,0.6667,0.6154,0.0833,0,0.7109,0.0442,0.0955,ev,multiplicative,projection,main,live,2026100942D78F91,2026-10-06T19:09:09.837Z
2026,5,11863,Cooper Kupp,SEA,WR,vs SF,recYds,Hard Rock,23.5,over,29.77,-135,-105,0.5745,0.5287,0.0867,0,0.6187,0.0442,0.0900,ev,multiplicative,projection,main,live,202610119C07AE76,2026-10-06T19:09:09.837Z
2026,5,15868,Drake London,ATL,WR,vs BAL,recYds,Hard Rock,69.5,over,93.95,-195,140,0.6610,0.6134,0.0777,0,0.7052,0.0442,0.0918,ev,multiplicative,projection,main,live,2026101240603BF9,2026-10-06T19:09:09.837Z
2026,5,15850,Jahan Dotson,ATL,WR,vs BAL,recYds,Hard Rock,17.5,under,15.76,100,-135,0.5000,0.4653,0.0745,0,0.5442,0.0442,0.0789,ev,multiplicative,projection,main,live,2026101240603BF9,2026-10-06T19:09:09.837Z
2026,5,9455,Davante Adams,LAR,WR,vs BUF,recYds,Hard Rock,104.5,over,79.89,400,-700,0.2000,0.1860,0.0750,0,0.2442,0.0442,0.0582,ev,multiplicative,projection,main,live,20261013A957AFD4,2026-10-06T19:09:09.837Z
2026,5,12483,Josh Allen,BUF,QB,at LAR,passYds,Hard Rock,184.5,under,236.56,375,-700,0.2105,0.1939,0.0855,0,0.2547,0.0442,0.0608,ev,multiplicative,projection,main,live,20261013A957AFD4,2026-10-06T19:09:09.837Z
2026,5,16739,Bijan Robinson,ATL,RB,vs BAL,receptions,Caesars,3.5,over,4.19,-132,101,0.5690,0.5335,0.0665,0,0.6131,0.0441,0.0796,ev,multiplicative,projection,main,live,2026101240603BF9,2026-10-06T19:09:09.837Z
2026,5,19292,Jalon Daniels,TB,QB,at DAL,passYds,Hard Rock,316.5,over,209.11,2500,,0.0385,0.0385,,1,0.0825,0.0441,0.0441,ev,none,projection,main,live,2026100942D78F91,2026-10-06T19:09:09.837Z
2026,5,19298,Denzel Boston,CLE,WR,at NYJ,recYds,Hard Rock,90.5,under,51.02,-800,425,0.8889,0.8235,0.0794,0,0.9330,0.0441,0.1095,ev,multiplicative,projection,main,live,2026101112C81881,2026-10-06T19:09:09.837Z
2026,5,16946,Tyson Bagent,CHI,QB,at GB,passYds,Hard Rock,214.5,under,204.05,-105,-130,0.5122,0.4754,0.0774,0,0.5563,0.0441,0.0809,ev,multiplicative,projection,main,live,202610112660CB0C,2026-10-06T19:09:09.837Z
2026,5,11892,George Kittle,SF,TE,at SEA,recYds,Hard Rock,98.5,under,55.78,-650,375,0.8667,0.8046,0.0772,0,0.9107,0.0441,0.1062,ev,multiplicative,projection,main,live,202610119C07AE76,2026-10-06T19:09:09.837Z
2026,5,18484,Tez Johnson,TB,WR,at DAL,recYds,Hard Rock,6.5,over,16.56,-220,155,0.6875,0.6368,0.0797,0,0.7315,0.0440,0.0947,ev,multiplicative,projection,main,live,2026100942D78F91,2026-10-06T19:09:09.837Z
2026,5,17784,Bucky Irving,TB,RB,at DAL,rushYds,Hard Rock,105.5,over,75.16,800,-2500,0.1111,0.1036,0.0726,0,0.1552,0.0440,0.0516,ev,multiplicative,projection,main,live,2026100942D78F91,2026-10-06T19:09:09.837Z
2026,5,15834,Brock Purdy,SF,QB,at SEA,passYds,Hard Rock,230.5,over,241.08,-105,-135,0.5122,0.4713,0.0867,0,0.5562,0.0440,0.0848,ev,multiplicative,projection,main,live,202610119C07AE76,2026-10-06T19:09:09.837Z
2026,5,5971,Matthew Stafford,LAR,QB,vs BUF,passYds,Hard Rock,338.5,under,260.27,-500,300,0.8333,0.7692,0.0833,0,0.8774,0.0440,0.1081,ev,multiplicative,projection,main,live,20261013A957AFD4,2026-10-06T19:09:09.837Z
2026,5,15306,Javonte Williams,DAL,RB,vs TB,rushYds,Hard Rock,86.5,under,72.94,-210,150,0.6774,0.6287,0.0774,0,0.7213,0.0439,0.0925,ev,multiplicative,projection,main,live,2026100942D78F91,2026-10-06T19:09:09.837Z
2026,5,15853,George Pickens,DAL,WR,vs TB,recYds,Hard Rock,30.5,over,66.73,-650,375,0.8667,0.8046,0.0772,0,0.9106,0.0439,0.1060,ev,multiplicative,projection,main,live,2026100942D78F91,2026-10-06T19:09:09.837Z
2026,5,8057,Kirk Cousins,LV,QB,at NE,passYds,Hard Rock,271.5,under,210.38,-400,260,0.8000,0.7423,0.0778,0,0.8439,0.0439,0.1016,ev,multiplicative,projection,main,live,202610116AF20186,2026-10-06T19:09:09.837Z
2026,5,15834,Brock Purdy,SF,QB,at SEA,passYds,Hard Rock,271.5,over,241.08,250,-400,0.2857,0.2632,0.0857,0,0.3296,0.0439,0.0664,ev,multiplicative,projection,main,live,202610119C07AE76,2026-10-06T19:09:09.837Z
2026,5,15868,Drake London,ATL,WR,vs BAL,recYds,Hard Rock,100.5,over,93.95,165,-230,0.3774,0.3513,0.0743,0,0.4212,0.0439,0.0700,ev,multiplicative,projection,main,live,2026101240603BF9,2026-10-06T19:09:09.837Z
2026,5,12483,Josh Allen,BUF,QB,at LAR,completions,BetRivers,24.5,over,20.54,410,,0.1961,0.1961,,1,0.2399,0.0438,0.0438,ev,none,projection,main,live,20261013A957AFD4,2026-10-06T19:09:09.837Z
2026,5,11712,Deshaun Watson,CLE,QB,at NYJ,passYds,Hard Rock,162.5,under,198.41,250,-375,0.2857,0.2657,0.0752,0,0.3295,0.0438,0.0638,ev,multiplicative,projection,main,live,2026101112C81881,2026-10-06T19:09:09.837Z
2026,5,11690,Christian McCaffrey,SF,RB,at SEA,rushYds,Hard Rock,108.5,under,58.96,-2000,700,0.9524,0.8840,0.0774,0,0.9962,0.0438,0.1122,ev,multiplicative,projection,main,live,202610119C07AE76,2026-10-06T19:09:09.837Z
2026,5,12483,Josh Allen,BUF,QB,at LAR,passYds,Hard Rock,207.5,under,236.56,220,-325,0.3125,0.2901,0.0772,0,0.3563,0.0438,0.0662,ev,multiplicative,projection,main,live,20261013A957AFD4,2026-10-06T19:09:09.837Z
2026,5,17017,Brenton Strange,JAX,TE,vs PHI,recYds,FanDuel,35.5,over,40.27,-114,-114,0.5327,0.5000,0.0654,0,0.5764,0.0437,0.0764,ev,multiplicative,projection,main,live,2026101118C77B29,2026-10-06T19:09:09.837Z
2026,5,12490,Sam Darnold,SEA,QB,vs SF,rushYds,Hard Rock,14.5,over,11.92,325,-500,0.2353,0.2202,0.0686,0,0.2790,0.0437,0.0588,ev,multiplicative,projection,main,live,202610119C07AE76,2026-10-06T19:09:09.837Z
2026,5,15834,Brock Purdy,SF,QB,at SEA,passYds,Hard Rock,278.5,over,241.08,300,-475,0.2500,0.2323,0.0761,0,0.2937,0.0437,0.0614,ev,multiplicative,projection,main,live,202610119C07AE76,2026-10-06T19:09:09.837Z
2026,5,15834,Brock Purdy,SF,QB,at SEA,int,BetRivers,1.5,over,1.08,300,,0.2500,0.2500,,1,0.2936,0.0436,0.0436,ev,none,projection,main,live,202610119C07AE76,2026-10-06T19:09:09.837Z
2026,5,17017,Brenton Strange,JAX,TE,vs PHI,recYds,Hard Rock,77.5,under,40.27,-1800,650,0.9474,0.8766,0.0807,0,0.9910,0.0436,0.1144,ev,multiplicative,projection,main,live,2026101118C77B29,2026-10-06T19:09:09.837Z
2026,5,8743,Geno Smith,NYJ,QB,vs CLE,passYds,Hard Rock,268.5,under,188.9,-650,375,0.8667,0.8046,0.0772,0,0.9103,0.0436,0.1057,ev,multiplicative,projection,main,live,2026101112C81881,2026-10-06T19:09:09.837Z
2026,5,15829,Garrett Wilson,NYJ,WR,vs CLE,recYds,Hard Rock,122.5,under,62.78,-1300,575,0.9286,0.8624,0.0767,0,0.9722,0.0436,0.1098,ev,multiplicative,projection,main,live,2026101112C81881,2026-10-06T19:09:09.837Z
2026,5,14371,Jordan Love,GB,QB,vs CHI,passYds,Hard Rock,317.5,over,255.85,575,-1400,0.1481,0.1370,0.0815,0,0.1917,0.0436,0.0547,ev,multiplicative,projection,main,live,202610112660CB0C,2026-10-06T19:09:09.837Z
2026,5,15834,Brock Purdy,SF,QB,at SEA,passYds,Hard Rock,281.5,over,241.08,325,-525,0.2353,0.2188,0.0753,0,0.2789,0.0436,0.0601,ev,multiplicative,projection,main,live,202610119C07AE76,2026-10-06T19:09:09.837Z
2026,5,12483,Josh Allen,BUF,QB,at LAR,passYds,Hard Rock,197.5,under,236.56,275,-450,0.2667,0.2458,0.0848,0,0.3103,0.0436,0.0645,ev,multiplicative,projection,main,live,20261013A957AFD4,2026-10-06T19:09:09.837Z
2026,5,18484,Tez Johnson,TB,WR,at DAL,recYds,FanDuel,9.5,over,16.56,-166,,0.6241,0.6241,,1,0.6676,0.0435,0.0435,ev,none,projection,main,live,2026100942D78F91,2026-10-06T19:09:09.837Z
2026,5,15834,Brock Purdy,SF,QB,at SEA,passYds,DraftKings,209.5,over,241.08,-163,,0.6198,0.6198,,1,0.6633,0.0435,0.0435,ev,none,projection,main,live,202610119C07AE76,2026-10-06T19:09:09.837Z
2026,5,9455,Davante Adams,LAR,WR,vs BUF,receptions,Caesars,7.5,over,4.44,800,,0.1111,0.1111,,1,0.1546,0.0435,0.0435,ev,none,projection,main,live,20261013A957AFD4,2026-10-06T19:09:09.837Z
2026,5,19292,Jalon Daniels,TB,QB,at DAL,rushYds,Hard Rock,87.5,under,20.13,-2200,750,0.9565,0.8905,0.0742,0,1.0000,0.0435,0.1095,ev,multiplicative,projection,main,live,2026100942D78F91,2026-10-06T19:09:09.837Z
2026,5,19321,Josh Cameron,JAX,WR,vs PHI,recYds,Hard Rock,24.5,under,12.85,-300,210,0.7500,0.6992,0.0726,0,0.7935,0.0435,0.0942,ev,multiplicative,projection,main,live,2026101118C77B29,2026-10-06T19:09:09.837Z
2026,5,14416,Jalen Hurts,PHI,QB,at JAX,rushYds,Hard Rock,60.5,under,24.48,-2200,750,0.9565,0.8905,0.0742,0,1.0000,0.0435,0.1095,ev,multiplicative,projection,main,live,2026101118C77B29,2026-10-06T19:09:09.837Z
2026,5,8743,Geno Smith,NYJ,QB,vs CLE,passYds,Hard Rock,261.5,under,188.9,-550,325,0.8462,0.7824,0.0814,0,0.8896,0.0435,0.1072,ev,multiplicative,projection,main,live,2026101112C81881,2026-10-06T19:09:09.837Z
2026,5,17057,Isaiah Davis,NYJ,RB,vs CLE,rushYds,Hard Rock,44.5,under,3.02,-2200,750,0.9565,0.8905,0.0742,0,1.0000,0.0435,0.1095,ev,multiplicative,projection,main,live,2026101112C81881,2026-10-06T19:09:09.837Z
2026,5,8057,Kirk Cousins,LV,QB,at NE,passYds,Hard Rock,280.5,under,210.38,-500,325,0.8333,0.7798,0.0686,0,0.8768,0.0435,0.0970,ev,multiplicative,projection,main,live,202610116AF20186,2026-10-06T19:09:09.837Z
2026,5,11863,Cooper Kupp,SEA,WR,vs SF,recYds,Hard Rock,27.5,over,29.77,100,-135,0.5000,0.4653,0.0745,0,0.5435,0.0435,0.0782,ev,multiplicative,projection,main,live,202610119C07AE76,2026-10-06T19:09:09.837Z
2026,5,5971,Matthew Stafford,LAR,QB,vs BUF,passYds,Hard Rock,333.5,under,260.27,-450,275,0.8182,0.7542,0.0848,0,0.8616,0.0435,0.1074,ev,multiplicative,projection,main,live,20261013A957AFD4,2026-10-06T19:09:09.837Z
2026,5,12483,Josh Allen,BUF,QB,at LAR,passYds,Hard Rock,203.5,under,236.56,240,-375,0.2941,0.2714,0.0836,0,0.3376,0.0435,0.0662,ev,multiplicative,projection,main,live,20261013A957AFD4,2026-10-06T19:09:09.837Z
2026,5,17716,Brian Thomas Jr.,JAX,WR,vs PHI,recYds,Hard Rock,7.5,over,33.71,-550,300,0.8462,0.7719,0.0962,0,0.8896,0.0434,0.1176,ev,multiplicative,projection,main,live,2026101118C77B29,2026-10-06T19:09:09.837Z
2026,5,16690,Parker Washington,JAX,WR,vs PHI,recYds,Hard Rock,122.5,under,68.35,-2200,700,0.9565,0.8844,0.0815,0,1.0000,0.0434,0.1155,ev,multiplicative,projection,main,live,2026101118C77B29,2026-10-06T19:09:09.837Z
2026,5,18516,Quinshon Judkins,CLE,RB,at NYJ,rushYds,Hard Rock,113.5,under,59.27,-1800,650,0.9474,0.8766,0.0807,0,0.9908,0.0434,0.1142,ev,multiplicative,projection,main,live,2026101112C81881,2026-10-06T19:09:09.837Z
2026,5,18524,Bhayshul Tuten,JAX,RB,vs PHI,rushYds,Hard Rock,94.5,under,58.83,-650,375,0.8667,0.8046,0.0772,0,0.9099,0.0433,0.1054,ev,multiplicative,projection,main,live,2026101118C77B29,2026-10-06T19:09:09.837Z
2026,5,14371,Jordan Love,GB,QB,vs CHI,passYds,Hard Rock,321.5,over,255.85,650,-1600,0.1333,0.1241,0.0745,0,0.1767,0.0433,0.0526,ev,multiplicative,projection,main,live,202610112660CB0C,2026-10-06T19:09:09.837Z
2026,5,15834,Brock Purdy,SF,QB,at SEA,passYds,theScore,249.5,over,241.08,145,,0.4082,0.4082,,1,0.4514,0.0433,0.0433,ev,none,projection,main,live,202610119C07AE76,2026-10-06T19:09:09.837Z
2026,5,10819,Derrick Henry,BAL,RB,at ATL,rushYds,Hard Rock,161.5,under,97.07,-1800,650,0.9474,0.8766,0.0807,0,0.9906,0.0433,0.1140,ev,multiplicative,projection,main,live,2026101240603BF9,2026-10-06T19:09:09.837Z
2026,5,5971,Matthew Stafford,LAR,QB,vs BUF,passYds,Hard Rock,340.5,under,260.27,-525,325,0.8400,0.7812,0.0753,0,0.8833,0.0433,0.1021,ev,multiplicative,projection,main,live,20261013A957AFD4,2026-10-06T19:09:09.837Z
2026,5,15834,Brock Purdy,SF,QB,at SEA,passYds,BetRivers,225.5,over,241.08,-117,-114,0.5392,0.5030,0.0719,0,0.5824,0.0432,0.0794,ev,multiplicative,projection,main,live,202610119C07AE76,2026-10-06T19:09:09.837Z
2026,5,16946,Tyson Bagent,CHI,QB,at GB,passYds,Hard Rock,216.5,under,204.05,-110,-125,0.5238,0.4853,0.0794,0,0.5670,0.0432,0.0817,ev,multiplicative,projection,main,live,202610112660CB0C,2026-10-06T19:09:09.837Z
2026,5,14371,Jordan Love,GB,QB,vs CHI,passYds,Hard Rock,210.5,over,255.85,-210,150,0.6774,0.6287,0.0774,0,0.7206,0.0432,0.0919,ev,multiplicative,projection,main,live,202610112660CB0C,2026-10-06T19:09:09.837Z
2026,5,12483,Josh Allen,BUF,QB,at LAR,passYds,Hard Rock,209.5,under,236.56,210,-300,0.3226,0.3008,0.0726,0,0.3658,0.0432,0.0651,ev,multiplicative,projection,main,live,20261013A957AFD4,2026-10-06T19:09:09.837Z
2026,5,16790,Puka Nacua,LAR,WR,vs BUF,receptions,Hard Rock,11.5,over,6.49,900,-4000,0.1000,0.0930,0.0756,0,0.1432,0.0432,0.0502,ev,multiplicative,projection,main,live,20261013A957AFD4,2026-10-06T19:09:09.837Z
2026,5,19292,Jalon Daniels,TB,QB,at DAL,passTD,FanDuel,2.5,over,1.31,879,,0.1021,0.1021,,1,0.1452,0.0431,0.0431,ev,none,projection,main,live,2026100942D78F91,2026-10-06T19:09:09.837Z
2026,5,15868,Drake London,ATL,WR,vs BAL,recYds,FanDuel,69.5,over,93.95,-196,,0.6622,0.6622,,1,0.7052,0.0431,0.0431,ev,none,projection,main,live,2026101240603BF9,2026-10-06T19:09:09.837Z
2026,5,15947,Jake Ferguson,DAL,TE,vs TB,recYds,Hard Rock,12.5,over,31.8,-550,325,0.8462,0.7824,0.0814,0,0.8892,0.0431,0.1068,ev,multiplicative,projection,main,live,2026100942D78F91,2026-10-06T19:09:09.837Z
2026,5,19298,Denzel Boston,CLE,WR,at NYJ,recYds,Hard Rock,91.5,under,51.02,-850,450,0.8947,0.8311,0.0766,0,0.9378,0.0431,0.1067,ev,multiplicative,projection,main,live,2026101112C81881,2026-10-06T19:09:09.837Z
2026,5,11863,Cooper Kupp,SEA,WR,vs SF,recYds,DraftKings,14.5,over,29.77,-265,,0.7260,0.7260,,1,0.7690,0.0430,0.0430,ev,none,projection,main,live,202610119C07AE76,2026-10-06T19:09:09.837Z
2026,5,11863,Cooper Kupp,SEA,WR,vs SF,recYds,FanDuel,19.5,over,29.77,-183,,0.6466,0.6466,,1,0.6896,0.0430,0.0430,ev,none,projection,main,live,202610119C07AE76,2026-10-06T19:09:09.837Z
2026,5,14411,CeeDee Lamb,DAL,WR,vs TB,recYds,Hard Rock,102.5,over,94.13,175,-250,0.3636,0.3373,0.0779,0,0.4067,0.0430,0.0693,ev,multiplicative,projection,main,live,2026100942D78F91,2026-10-06T19:09:09.837Z
2026,5,11892,George Kittle,SF,TE,at SEA,recYds,Hard Rock,96.5,under,55.78,-600,350,0.8571,0.7941,0.0794,0,0.9001,0.0430,0.1060,ev,multiplicative,projection,main,live,202610119C07AE76,2026-10-06T19:09:09.837Z
2026,5,10819,Derrick Henry,BAL,RB,at ATL,rushYds,Hard Rock,123.5,under,97.07,-375,240,0.7895,0.7286,0.0836,0,0.8325,0.0430,0.1039,ev,multiplicative,projection,main,live,2026101240603BF9,2026-10-06T19:09:09.837Z
2026,5,15306,Javonte Williams,DAL,RB,vs TB,rushAtt,DraftKings,15.5,over,18.7,-234,,0.7006,0.7006,,1,0.7435,0.0429,0.0429,ev,none,projection,main,live,2026100942D78F91,2026-10-06T19:09:09.837Z
2026,5,15834,Brock Purdy,SF,QB,at SEA,passYds,DraftKings,309.5,over,241.08,750,,0.1176,0.1176,,1,0.1606,0.0429,0.0429,ev,none,projection,main,live,202610119C07AE76,2026-10-06T19:09:09.837Z
2026,5,11712,Deshaun Watson,CLE,QB,at NYJ,passYds,Hard Rock,160.5,under,198.41,260,-425,0.2778,0.2555,0.0873,0,0.3207,0.0429,0.0652,ev,multiplicative,projection,main,live,2026101112C81881,2026-10-06T19:09:09.837Z
2026,5,15834,Brock Purdy,SF,QB,at SEA,passYds,Hard Rock,228.5,over,241.08,-110,-125,0.5238,0.4853,0.0794,0,0.5667,0.0429,0.0814,ev,multiplicative,projection,main,live,202610119C07AE76,2026-10-06T19:09:09.837Z
2026,5,11892,George Kittle,SF,TE,at SEA,recYds,Hard Rock,92.5,under,55.78,-500,300,0.8333,0.7692,0.0833,0,0.8762,0.0429,0.1070,ev,multiplicative,projection,main,live,202610119C07AE76,2026-10-06T19:09:09.837Z
2026,5,5971,Matthew Stafford,LAR,QB,vs BUF,passYds,Hard Rock,342.5,under,260.27,-550,350,0.8462,0.7920,0.0684,0,0.8890,0.0429,0.0970,ev,multiplicative,projection,main,live,20261013A957AFD4,2026-10-06T19:09:09.837Z
2026,5,16790,Puka Nacua,LAR,WR,vs BUF,receptions,Hard Rock,10.5,over,6.49,550,-1300,0.1538,0.1421,0.0824,0,0.1968,0.0429,0.0546,ev,multiplicative,projection,main,live,20261013A957AFD4,2026-10-06T19:09:09.837Z
2026,5,19320,Ted Hurst,TB,WR,at DAL,recYds,FanDuel,29.5,over,25.73,145,,0.4082,0.4082,,1,0.4510,0.0428,0.0428,ev,none,projection,main,live,2026100942D78F91,2026-10-06T19:09:09.837Z
2026,5,15876,James Cook,BUF,RB,at LAR,rushYds,FanDuel,39.5,over,88.04,-902,,0.9002,0.9002,,1,0.9430,0.0428,0.0428,ev,none,projection,main,live,20261013A957AFD4,2026-10-06T19:09:09.837Z
2026,5,19292,Jalon Daniels,TB,QB,at DAL,passYds,Hard Rock,160.5,over,209.11,-200,140,0.6667,0.6154,0.0833,0,0.7095,0.0428,0.0941,ev,multiplicative,projection,main,live,2026100942D78F91,2026-10-06T19:09:09.837Z
2026,5,18484,Tez Johnson,TB,WR,at DAL,recYds,Hard Rock,12.5,over,16.56,-125,-110,0.5556,0.5147,0.0794,0,0.5984,0.0428,0.0837,ev,multiplicative,projection,main,live,2026100942D78F91,2026-10-06T19:09:09.837Z
2026,5,15868,Drake London,ATL,WR,vs BAL,recYds,Hard Rock,67.5,over,93.95,-210,150,0.6774,0.6287,0.0774,0,0.7203,0.0428,0.0915,ev,multiplicative,projection,main,live,2026101240603BF9,2026-10-06T19:09:09.837Z
2026,5,14371,Jordan Love,GB,QB,vs CHI,passYds,DraftKings,339.5,over,255.85,1220,,0.0758,0.0758,,1,0.1185,0.0427,0.0427,ev,none,projection,main,live,202610112660CB0C,2026-10-06T19:09:09.837Z
2026,5,11863,Cooper Kupp,SEA,WR,vs SF,recYds,FanDuel,24.5,over,29.77,-126,,0.5575,0.5575,,1,0.6002,0.0427,0.0427,ev,none,projection,main,live,202610119C07AE76,2026-10-06T19:09:09.837Z
2026,5,15306,Javonte Williams,DAL,RB,vs TB,recYds,Hard Rock,50.5,under,16.44,-1800,650,0.9474,0.8766,0.0807,0,0.9900,0.0427,0.1134,ev,multiplicative,projection,main,live,2026100942D78F91,2026-10-06T19:09:09.837Z
2026,5,19292,Jalon Daniels,TB,QB,at DAL,passYds,Hard Rock,320.5,over,209.11,3000,,0.0323,0.0323,,1,0.0750,0.0427,0.0427,ev,none,projection,main,live,2026100942D78F91,2026-10-06T19:09:09.837Z
2026,5,11712,Deshaun Watson,CLE,QB,at NYJ,rushYds,Hard Rock,56.5,under,14.86,-2200,750,0.9565,0.8905,0.0742,0,0.9992,0.0427,0.1087,ev,multiplicative,projection,main,live,2026101112C81881,2026-10-06T19:09:09.837Z
2026,5,16946,Tyson Bagent,CHI,QB,at GB,passYds,Hard Rock,218.5,under,204.05,-115,-115,0.5349,0.5000,0.0698,0,0.5776,0.0427,0.0776,ev,multiplicative,projection,main,live,202610112660CB0C,2026-10-06T19:09:09.837Z
2026,5,11892,George Kittle,SF,TE,at SEA,recYds,Hard Rock,101.5,under,55.78,-750,400,0.8824,0.8152,0.0824,0,0.9250,0.0427,0.1098,ev,multiplicative,projection,main,live,202610119C07AE76,2026-10-06T19:09:09.837Z
2026,5,5971,Matthew Stafford,LAR,QB,vs BUF,passYds,Hard Rock,344.5,under,260.27,-575,350,0.8519,0.7931,0.0741,0,0.8946,0.0427,0.1014,ev,multiplicative,projection,main,live,20261013A957AFD4,2026-10-06T19:09:09.837Z
2026,5,9253,Mike Evans,SF,WR,at SEA,recYds,FanDuel,79.5,over,64.8,306,,0.2463,0.2463,,1,0.2889,0.0426,0.0426,ev,none,projection,main,live,202610119C07AE76,2026-10-06T19:09:09.837Z
2026,5,14411,CeeDee Lamb,DAL,WR,vs TB,recYds,Hard Rock,63.5,over,94.13,-240,170,0.7059,0.6559,0.0763,0,0.7485,0.0426,0.0926,ev,multiplicative,projection,main,live,2026100942D78F91,2026-10-06T19:09:09.837Z
2026,5,16032,Cade Otton,TB,TE,at DAL,recYds,Hard Rock,43.5,over,36.11,220,-350,0.3125,0.2866,0.0903,0,0.3551,0.0426,0.0684,ev,multiplicative,projection,main,live,2026100942D78F91,2026-10-06T19:09:09.837Z
2026,5,11892,George Kittle,SF,TE,at SEA,recYds,Hard Rock,95.5,under,55.78,-575,350,0.8519,0.7931,0.0741,0,0.8945,0.0426,0.1014,ev,multiplicative,projection,main,live,202610119C07AE76,2026-10-06T19:09:09.837Z
2026,5,15868,Drake London,ATL,WR,vs BAL,recYds,Hard Rock,65.5,over,93.95,-225,160,0.6923,0.6429,0.0769,0,0.7349,0.0426,0.0920,ev,multiplicative,projection,main,live,2026101240603BF9,2026-10-06T19:09:09.837Z
2026,5,9455,Davante Adams,LAR,WR,vs BUF,recYds,Hard Rock,103.5,over,79.89,375,-700,0.2105,0.1939,0.0855,0,0.2531,0.0426,0.0592,ev,multiplicative,projection,main,live,20261013A957AFD4,2026-10-06T19:09:09.837Z
2026,5,12483,Josh Allen,BUF,QB,at LAR,passYds,Hard Rock,181.5,under,236.56,400,-750,0.2000,0.1848,0.0824,0,0.2426,0.0426,0.0579,ev,multiplicative,projection,main,live,20261013A957AFD4,2026-10-06T19:09:09.837Z
2026,5,14371,Jordan Love,GB,QB,vs CHI,passYds,DraftKings,189.5,over,255.85,-319,,0.7613,0.7613,,1,0.8039,0.0425,0.0425,ev,none,projection,main,live,202610112660CB0C,2026-10-06T19:09:09.837Z
2026,5,9253,Mike Evans,SF,WR,at SEA,receptions,BetRivers,6.5,over,4.27,600,,0.1429,0.1429,,1,0.1853,0.0425,0.0425,ev,none,projection,main,live,202610119C07AE76,2026-10-06T19:09:09.837Z
2026,5,15947,Jake Ferguson,DAL,TE,vs TB,recYds,Hard Rock,31.5,over,31.8,115,-160,0.4651,0.4305,0.0805,0,0.5076,0.0425,0.0771,ev,multiplicative,projection,main,live,2026100942D78F91,2026-10-06T19:09:09.837Z
2026,5,11892,George Kittle,SF,TE,at SEA,recYds,Hard Rock,94.5,under,55.78,-550,325,0.8462,0.7824,0.0814,0,0.8886,0.0425,0.1062,ev,multiplicative,projection,main,live,202610119C07AE76,2026-10-06T19:09:09.837Z
2026,5,16560,Rashid Shaheed,SEA,WR,vs SF,recYds,Hard Rock,45.5,over,30.27,400,-750,0.2000,0.1848,0.0824,0,0.2425,0.0425,0.0577,ev,multiplicative,projection,main,live,202610119C07AE76,2026-10-06T19:09:09.837Z
2026,5,11892,George Kittle,SF,TE,at SEA,recYds,Hard Rock,93.5,under,55.78,-525,325,0.8400,0.7812,0.0753,0,0.8825,0.0425,0.1014,ev,multiplicative,projection,main,live,202610119C07AE76,2026-10-06T19:09:09.837Z
2026,5,15853,George Pickens,DAL,WR,vs TB,recYds,DraftKings,59.5,over,66.73,-129,,0.5633,0.5633,,1,0.6057,0.0424,0.0424,ev,none,projection,main,live,2026100942D78F91,2026-10-06T19:09:09.837Z
2026,5,15853,George Pickens,DAL,WR,vs TB,recYds,Caesars,59.5,over,66.73,-129,,0.5633,0.5633,,1,0.6057,0.0424,0.0424,ev,none,projection,main,live,2026100942D78F91,2026-10-06T19:09:09.837Z
2026,5,14411,CeeDee Lamb,DAL,WR,vs TB,recYds,Hard Rock,67.5,over,94.13,-210,145,0.6774,0.6240,0.0856,0,0.7198,0.0424,0.0958,ev,multiplicative,projection,main,live,2026100942D78F91,2026-10-06T19:09:09.837Z
2026,5,15990,Tyler Goodson,DAL,RB,vs TB,rushYds,Hard Rock,53.5,under,18.05,-2000,650,0.9524,0.8772,0.0857,0,0.9948,0.0424,0.1176,ev,multiplicative,projection,main,live,2026100942D78F91,2026-10-06T19:09:09.837Z
2026,5,15834,Brock Purdy,SF,QB,at SEA,passYds,Hard Rock,222.5,over,241.08,-125,-110,0.5556,0.5147,0.0794,0,0.5979,0.0424,0.0832,ev,multiplicative,projection,main,live,202610119C07AE76,2026-10-06T19:09:09.837Z
2026,5,17784,Bucky Irving,TB,RB,at DAL,recYds,DraftKings,39.5,over,23.17,800,,0.1111,0.1111,,1,0.1535,0.0423,0.0423,ev,none,projection,main,live,2026100942D78F91,2026-10-06T19:09:09.837Z
2026,5,11863,Cooper Kupp,SEA,WR,vs SF,recYds,BetRivers,25.5,over,29.77,-117,-114,0.5392,0.5030,0.0719,0,0.5815,0.0423,0.0785,ev,multiplicative,projection,main,live,202610119C07AE76,2026-10-06T19:09:09.837Z
2026,5,16654,Jaxon Smith-Njigba,SEA,WR,vs SF,recYds,DraftKings,119.5,over,98.76,224,,0.3086,0.3086,,1,0.3509,0.0423,0.0423,ev,none,projection,main,live,202610119C07AE76,2026-10-06T19:09:09.837Z
2026,5,17702,Braelon Allen,NYJ,RB,vs CLE,rushYds,Hard Rock,110.5,under,38.23,-750,425,0.8824,0.8225,0.0728,0,0.9247,0.0423,0.1022,ev,multiplicative,projection,main,live,2026101112C81881,2026-10-06T19:09:09.837Z
2026,5,15829,Garrett Wilson,NYJ,WR,vs CLE,recYds,Hard Rock,119.5,under,62.78,-1200,525,0.9231,0.8523,0.0831,0,0.9654,0.0423,0.1132,ev,multiplicative,projection,main,live,2026101112C81881,2026-10-06T19:09:09.837Z
2026,5,19298,Denzel Boston,CLE,WR,at NYJ,recYds,Hard Rock,92.5,under,51.02,-900,450,0.9000,0.8319,0.0818,0,0.9423,0.0423,0.1104,ev,multiplicative,projection,main,live,2026101112C81881,2026-10-06T19:09:09.837Z
2026,5,15834,Brock Purdy,SF,QB,at SEA,passYds,Hard Rock,226.5,over,241.08,-115,-120,0.5349,0.4951,0.0803,0,0.5772,0.0423,0.0820,ev,multiplicative,projection,main,live,202610119C07AE76,2026-10-06T19:09:09.837Z
2026,5,11690,Christian McCaffrey,SF,RB,at SEA,recYds,Hard Rock,70.5,under,29.68,-1600,600,0.9412,0.8682,0.0840,0,0.9835,0.0423,0.1153,ev,multiplicative,projection,main,live,202610119C07AE76,2026-10-06T19:09:09.837Z
2026,5,16654,Jaxon Smith-Njigba,SEA,WR,vs SF,receptions,Hard Rock,4.5,under,6.73,350,-575,0.2222,0.2069,0.0741,0,0.2646,0.0423,0.0577,ev,multiplicative,projection,main,live,202610119C07AE76,2026-10-06T19:09:09.837Z
2026,5,15834,Brock Purdy,SF,QB,at SEA,passYds,Hard Rock,284.5,over,241.08,350,-575,0.2222,0.2069,0.0741,0,0.2645,0.0423,0.0576,ev,multiplicative,projection,main,live,202610119C07AE76,2026-10-06T19:09:09.837Z
2026,5,10819,Derrick Henry,BAL,RB,at ATL,rushYds,Hard Rock,160.5,under,97.07,-1800,650,0.9474,0.8766,0.0807,0,0.9897,0.0423,0.1130,ev,multiplicative,projection,main,live,2026101240603BF9,2026-10-06T19:09:09.837Z
2026,5,15807,Kyren Williams,LAR,RB,vs BUF,rushYds,Hard Rock,83.5,over,79.89,150,-210,0.4000,0.3713,0.0774,0,0.4423,0.0423,0.0711,ev,multiplicative,projection,main,live,20261013A957AFD4,2026-10-06T19:09:09.837Z
2026,5,14411,CeeDee Lamb,DAL,WR,vs TB,recYds,Caesars,59.5,over,94.13,-275,,0.7333,0.7333,,1,0.7755,0.0422,0.0422,ev,none,projection,main,live,2026100942D78F91,2026-10-06T19:09:09.837Z
2026,5,16560,Rashid Shaheed,SEA,WR,vs SF,receptions,DraftKings,4.5,over,2.23,1060,,0.0862,0.0862,,1,0.1284,0.0422,0.0422,ev,none,projection,main,live,202610119C07AE76,2026-10-06T19:09:09.837Z
2026,5,16790,Puka Nacua,LAR,WR,vs BUF,receptions,FanDuel,10.5,over,6.49,547,,0.1546,0.1546,,1,0.1968,0.0422,0.0422,ev,none,projection,main,live,20261013A957AFD4,2026-10-06T19:09:09.837Z
2026,5,15306,Javonte Williams,DAL,RB,vs TB,recYds,Hard Rock,30.5,under,16.44,-375,240,0.7895,0.7286,0.0836,0,0.8317,0.0422,0.1031,ev,multiplicative,projection,main,live,2026100942D78F91,2026-10-06T19:09:09.837Z
2026,5,8057,Kirk Cousins,LV,QB,at NE,passYds,Hard Rock,268.5,under,210.38,-375,230,0.7895,0.7226,0.0925,0,0.8317,0.0422,0.1091,ev,multiplicative,projection,main,live,202610116AF20186,2026-10-06T19:09:09.837Z
2026,5,15834,Brock Purdy,SF,QB,at SEA,passYds,Hard Rock,275.5,over,241.08,275,-450,0.2667,0.2458,0.0848,0,0.3089,0.0422,0.0631,ev,multiplicative,projection,main,live,202610119C07AE76,2026-10-06T19:09:09.837Z
2026,5,13517,Jakobi Meyers,JAX,WR,vs PHI,receptions,DraftKings,3.5,under,3.35,109,-141,0.4785,0.4499,0.0635,0,0.5206,0.0421,0.0707,ev,multiplicative,projection,main,live,2026101118C77B29,2026-10-06T19:09:09.837Z
2026,5,15807,Kyren Williams,LAR,RB,vs BUF,rushYds,Caesars,69.5,over,79.89,-124,,0.5536,0.5536,,1,0.5957,0.0421,0.0421,ev,none,projection,main,live,20261013A957AFD4,2026-10-06T19:09:09.837Z
2026,5,19292,Jalon Daniels,TB,QB,at DAL,passYds,Hard Rock,317.5,over,209.11,2500,,0.0385,0.0385,,1,0.0806,0.0421,0.0421,ev,none,projection,main,live,2026100942D78F91,2026-10-06T19:09:09.837Z
2026,5,15829,Garrett Wilson,NYJ,WR,vs CLE,recYds,Hard Rock,70.5,under,62.78,-125,-110,0.5556,0.5147,0.0794,0,0.5977,0.0421,0.0830,ev,multiplicative,projection,main,live,2026101112C81881,2026-10-06T19:09:09.837Z
2026,5,8057,Kirk Cousins,LV,QB,at NE,passYds,Hard Rock,273.5,under,210.38,-425,275,0.8095,0.7522,0.0762,0,0.8516,0.0421,0.0994,ev,multiplicative,projection,main,live,202610116AF20186,2026-10-06T19:09:09.837Z
2026,5,15834,Brock Purdy,SF,QB,at SEA,passYds,Hard Rock,224.5,over,241.08,-120,-115,0.5455,0.5049,0.0803,0,0.5876,0.0421,0.0827,ev,multiplicative,projection,main,live,202610119C07AE76,2026-10-06T19:09:09.837Z
2026,5,15834,Brock Purdy,SF,QB,at SEA,rushYds,Hard Rock,24.5,under,17.22,-220,150,0.6875,0.6322,0.0875,0,0.7296,0.0421,0.0974,ev,multiplicative,projection,main,live,202610119C07AE76,2026-10-06T19:09:09.837Z
2026,5,15850,Jahan Dotson,ATL,WR,vs BAL,recYds,Hard Rock,62.5,under,15.76,-2200,700,0.9565,0.8844,0.0815,0,0.9986,0.0421,0.1142,ev,multiplicative,projection,main,live,2026101240603BF9,2026-10-06T19:09:09.837Z
2026,5,12483,Josh Allen,BUF,QB,at LAR,passYds,Hard Rock,211.5,under,236.56,200,-300,0.3333,0.3077,0.0833,0,0.3754,0.0421,0.0677,ev,multiplicative,projection,main,live,20261013A957AFD4,2026-10-06T19:09:09.837Z
2026,5,15807,Kyren Williams,LAR,RB,vs BUF,rushYds,BetRivers,89.5,over,79.89,225,,0.3077,0.3077,,1,0.3496,0.0420,0.0420,ev,none,projection,main,live,20261013A957AFD4,2026-10-06T19:09:09.837Z
2026,5,15306,Javonte Williams,DAL,RB,vs TB,rushYds,Hard Rock,131.5,under,72.94,-2000,700,0.9524,0.8840,0.0774,0,0.9944,0.0420,0.1104,ev,multiplicative,projection,main,live,2026100942D78F91,2026-10-06T19:09:09.837Z
2026,5,14416,Jalen Hurts,PHI,QB,at JAX,rushYds,Hard Rock,13.5,over,24.48,-525,325,0.8400,0.7812,0.0753,0,0.8820,0.0420,0.1008,ev,multiplicative,projection,main,live,2026101118C77B29,2026-10-06T19:09:09.837Z
2026,5,18472,Harold Fannin Jr.,CLE,TE,at NYJ,recYds,Hard Rock,68.5,under,39.39,-900,450,0.9000,0.8319,0.0818,0,0.9420,0.0420,0.1101,ev,multiplicative,projection,main,live,2026101112C81881,2026-10-06T19:09:09.837Z
2026,5,17690,Blake Corum,LAR,RB,vs BUF,rushYds,Hard Rock,79.5,over,43.22,1000,-4000,0.0909,0.0852,0.0665,0,0.1329,0.0420,0.0477,ev,multiplicative,projection,main,live,20261013A957AFD4,2026-10-06T19:09:09.837Z
2026,5,11718,Chris Godwin,TB,WR,at DAL,recYds,Hard Rock,81.5,over,43.08,1200,-5000,0.0769,0.0728,0.0573,0,0.1188,0.0419,0.0460,ev,multiplicative,projection,main,live,2026100942D78F91,2026-10-06T19:09:09.837Z
2026,5,18549,Emeka Egbuka,TB,WR,at DAL,recYds,Hard Rock,68.5,over,46.67,450,-900,0.1818,0.1681,0.0818,0,0.2237,0.0419,0.0556,ev,multiplicative,projection,main,live,2026100942D78F91,2026-10-06T19:09:09.837Z
2026,5,18472,Harold Fannin Jr.,CLE,TE,at NYJ,recYds,Hard Rock,71.5,under,39.39,-1100,500,0.9167,0.8462,0.0833,0,0.9585,0.0419,0.1124,ev,multiplicative,projection,main,live,2026101112C81881,2026-10-06T19:09:09.837Z
2026,5,19298,Denzel Boston,CLE,WR,at NYJ,recYds,Hard Rock,87.5,under,51.02,-700,400,0.8750,0.8140,0.0750,0,0.9169,0.0419,0.1030,ev,multiplicative,projection,main,live,2026101112C81881,2026-10-06T19:09:09.837Z
2026,5,16739,Bijan Robinson,ATL,RB,vs BAL,recYds,Hard Rock,45.5,over,36.4,325,-525,0.2353,0.2188,0.0753,0,0.2772,0.0419,0.0583,ev,multiplicative,projection,main,live,2026101240603BF9,2026-10-06T19:09:09.837Z
2026,5,16919,Zay Flowers,BAL,WR,at ATL,recYds,Hard Rock,100.5,over,84.25,300,-450,0.2500,0.2340,0.0682,0,0.2919,0.0419,0.0579,ev,multiplicative,projection,main,live,2026101240603BF9,2026-10-06T19:09:09.837Z
2026,5,18484,Tez Johnson,TB,WR,at DAL,recYds,FanDuel,13.5,over,16.56,-114,-114,0.5327,0.5000,0.0654,0,0.5745,0.0418,0.0745,ev,multiplicative,projection,main,live,2026100942D78F91,2026-10-06T19:09:09.837Z
2026,5,19298,Denzel Boston,CLE,WR,at NYJ,recYds,Hard Rock,93.5,under,51.02,-950,475,0.9048,0.8388,0.0787,0,0.9466,0.0418,0.1078,ev,multiplicative,projection,main,live,2026101112C81881,2026-10-06T19:09:09.837Z
2026,5,18472,Harold Fannin Jr.,CLE,TE,at NYJ,recYds,Hard Rock,17.5,over,39.39,-575,350,0.8519,0.7931,0.0741,0,0.8936,0.0418,0.1005,ev,multiplicative,projection,main,live,2026101112C81881,2026-10-06T19:09:09.837Z
2026,5,8743,Geno Smith,NYJ,QB,vs CLE,rushYds,Hard Rock,34.5,under,13.84,-2200,750,0.9565,0.8905,0.0742,0,0.9983,0.0418,0.1078,ev,multiplicative,projection,main,live,2026101112C81881,2026-10-06T19:09:09.837Z
2026,5,16032,Cade Otton,TB,TE,at DAL,recYds,Caesars,39.5,over,36.11,156,,0.3906,0.3906,,1,0.4323,0.0417,0.0417,ev,none,projection,main,live,2026100942D78F91,2026-10-06T19:09:09.837Z
2026,5,15357,Trevor Lawrence,JAX,QB,vs PHI,int,DraftKings,0.5,under,0.57,-110,-118,0.5238,0.4918,0.0651,0,0.5655,0.0417,0.0737,ev,multiplicative,projection,main,live,2026101118C77B29,2026-10-06T19:09:09.837Z
2026,5,11718,Chris Godwin,TB,WR,at DAL,recYds,Hard Rock,80.5,over,43.08,1100,-5000,0.0833,0.0783,0.0637,0,0.1250,0.0417,0.0467,ev,multiplicative,projection,main,live,2026100942D78F91,2026-10-06T19:09:09.837Z
2026,5,8743,Geno Smith,NYJ,QB,vs CLE,passYds,Hard Rock,264.5,under,188.9,-600,350,0.8571,0.7941,0.0794,0,0.8989,0.0417,0.1047,ev,multiplicative,projection,main,live,2026101112C81881,2026-10-06T19:09:09.837Z
2026,5,14371,Jordan Love,GB,QB,vs CHI,passYds,Hard Rock,208.5,over,255.85,-220,155,0.6875,0.6368,0.0797,0,0.7292,0.0417,0.0925,ev,multiplicative,projection,main,live,202610112660CB0C,2026-10-06T19:09:09.837Z
2026,5,16790,Puka Nacua,LAR,WR,vs BUF,receptions,Hard Rock,12.5,over,6.49,1600,-8000,0.0588,0.0562,0.0465,0,0.1005,0.0417,0.0443,ev,multiplicative,projection,main,live,20261013A957AFD4,2026-10-06T19:09:09.837Z
2026,5,11690,Christian McCaffrey,SF,RB,at SEA,rushYds,DraftKings,53.5,over,58.96,-114,-110,0.5327,0.5042,0.0565,0,0.5743,0.0416,0.0701,ev,multiplicative,projection,main,live,202610119C07AE76,2026-10-06T19:09:09.837Z
2026,5,11690,Christian McCaffrey,SF,RB,at SEA,rushYds,FanDuel,53.5,over,58.96,-114,-114,0.5327,0.5000,0.0654,0,0.5743,0.0416,0.0743,ev,multiplicative,projection,main,live,202610119C07AE76,2026-10-06T19:09:09.837Z
2026,5,11690,Christian McCaffrey,SF,RB,at SEA,rushYds,BetRivers,53.5,over,58.96,-114,-117,0.5327,0.4970,0.0719,0,0.5743,0.0416,0.0773,ev,multiplicative,projection,main,live,202610119C07AE76,2026-10-06T19:09:09.837Z
2026,5,16946,Tyson Bagent,CHI,QB,at GB,passYds,Hard Rock,209.5,under,204.05,105,-150,0.4878,0.4484,0.0878,0,0.5294,0.0416,0.0810,ev,multiplicative,projection,main,live,202610112660CB0C,2026-10-06T19:09:09.837Z
2026,5,8057,Kirk Cousins,LV,QB,at NE,passYds,Hard Rock,259.5,under,210.38,-300,190,0.7500,0.6850,0.0948,0,0.7916,0.0416,0.1066,ev,multiplicative,projection,main,live,202610116AF20186,2026-10-06T19:09:09.837Z
2026,5,14411,CeeDee Lamb,DAL,WR,vs TB,recYds,FanDuel,59.5,over,94.13,-276,,0.7340,0.7340,,1,0.7755,0.0415,0.0415,ev,none,projection,main,live,2026100942D78F91,2026-10-06T19:09:09.837Z
2026,5,19321,Josh Cameron,JAX,WR,vs PHI,recYds,Hard Rock,48.5,under,12.85,-2000,700,0.9524,0.8840,0.0774,0,0.9939,0.0415,0.1099,ev,multiplicative,projection,main,live,2026101118C77B29,2026-10-06T19:09:09.837Z
2026,5,19298,Denzel Boston,CLE,WR,at NYJ,recYds,Hard Rock,94.5,under,51.02,-1000,500,0.9091,0.8451,0.0758,0,0.9506,0.0415,0.1055,ev,multiplicative,projection,main,live,2026101112C81881,2026-10-06T19:09:09.837Z
2026,5,19607,Kaelon Black,SF,RB,at SEA,rushYds,Hard Rock,19.5,over,15.13,140,-195,0.4167,0.3866,0.0777,0,0.4582,0.0415,0.0716,ev,multiplicative,projection,main,live,202610119C07AE76,2026-10-06T19:09:09.837Z
2026,5,15853,George Pickens,DAL,WR,vs TB,recYds,Caesars,29.5,over,66.73,-700,,0.8750,0.8750,,1,0.9164,0.0414,0.0414,ev,none,projection,main,live,2026100942D78F91,2026-10-06T19:09:09.837Z
2026,5,15853,George Pickens,DAL,WR,vs TB,recYds,Hard Rock,29.5,over,66.73,-700,375,0.8750,0.8061,0.0855,0,0.9164,0.0414,0.1103,ev,multiplicative,projection,main,live,2026100942D78F91,2026-10-06T19:09:09.837Z
2026,5,15834,Brock Purdy,SF,QB,at SEA,passYds,Hard Rock,273.5,over,241.08,260,-425,0.2778,0.2555,0.0873,0,0.3192,0.0414,0.0637,ev,multiplicative,projection,main,live,202610119C07AE76,2026-10-06T19:09:09.837Z
2026,5,15834,Brock Purdy,SF,QB,at SEA,passYds,Caesars,289.5,over,241.08,400,,0.2000,0.2000,,1,0.2413,0.0413,0.0413,ev,none,projection,main,live,202610119C07AE76,2026-10-06T19:09:09.837Z
2026,5,11892,George Kittle,SF,TE,at SEA,receptions,DraftKings,7.5,over,4.6,650,,0.1333,0.1333,,1,0.1747,0.0413,0.0413,ev,none,projection,main,live,202610119C07AE76,2026-10-06T19:09:09.837Z
2026,5,18524,Bhayshul Tuten,JAX,RB,vs PHI,rushYds,Hard Rock,100.5,under,58.83,-900,450,0.9000,0.8319,0.0818,0,0.9413,0.0413,0.1094,ev,multiplicative,projection,main,live,2026101118C77B29,2026-10-06T19:09:09.837Z
2026,5,17017,Brenton Strange,JAX,TE,vs PHI,recYds,Hard Rock,79.5,under,40.27,-2000,700,0.9524,0.8840,0.0774,0,0.9936,0.0413,0.1097,ev,multiplicative,projection,main,live,2026101118C77B29,2026-10-06T19:09:09.837Z
2026,5,17702,Braelon Allen,NYJ,RB,vs CLE,rushYds,Hard Rock,112.5,under,38.23,-800,450,0.8889,0.8302,0.0707,0,0.9301,0.0413,0.1000,ev,multiplicative,projection,main,live,2026101112C81881,2026-10-06T19:09:09.837Z
2026,5,11892,George Kittle,SF,TE,at SEA,recYds,Hard Rock,105.5,under,55.78,-900,475,0.9000,0.8381,0.0739,0,0.9413,0.0413,0.1032,ev,multiplicative,projection,main,live,202610119C07AE76,2026-10-06T19:09:09.837Z
2026,5,9253,Mike Evans,SF,WR,at SEA,recYds,Hard Rock,81.5,over,64.8,350,-600,0.2222,0.2059,0.0794,0,0.2635,0.0413,0.0577,ev,multiplicative,projection,main,live,202610119C07AE76,2026-10-06T19:09:09.837Z
2026,5,15306,Javonte Williams,DAL,RB,vs TB,rushYds,Hard Rock,130.5,under,72.94,-2000,700,0.9524,0.8840,0.0774,0,0.9936,0.0412,0.1096,ev,multiplicative,projection,main,live,2026100942D78F91,2026-10-06T19:09:09.837Z
2026,5,18484,Tez Johnson,TB,WR,at DAL,recYds,Hard Rock,2.5,over,16.56,-325,210,0.7647,0.7033,0.0873,0,0.8059,0.0412,0.1026,ev,multiplicative,projection,main,live,2026100942D78F91,2026-10-06T19:09:09.837Z
2026,5,19298,Denzel Boston,CLE,WR,at NYJ,recYds,Hard Rock,96.5,under,51.02,-1100,525,0.9167,0.8514,0.0767,0,0.9579,0.0412,0.1065,ev,multiplicative,projection,main,live,2026101112C81881,2026-10-06T19:09:09.837Z
2026,5,15829,Garrett Wilson,NYJ,WR,vs CLE,receptions,Hard Rock,7.5,under,5.42,-230,165,0.6970,0.6487,0.0743,0,0.7382,0.0412,0.0894,ev,multiplicative,projection,main,live,2026101112C81881,2026-10-06T19:09:09.837Z
2026,5,14371,Jordan Love,GB,QB,vs CHI,passYds,Hard Rock,319.5,over,255.85,600,-1600,0.1429,0.1318,0.0840,0,0.1841,0.0412,0.0523,ev,multiplicative,projection,main,live,202610112660CB0C,2026-10-06T19:09:09.837Z
2026,5,12483,Josh Allen,BUF,QB,at LAR,passYds,Hard Rock,212.5,under,236.56,195,-275,0.3390,0.3161,0.0723,0,0.3802,0.0412,0.0641,ev,multiplicative,projection,main,live,20261013A957AFD4,2026-10-06T19:09:09.837Z
2026,5,16690,Parker Washington,JAX,WR,vs PHI,recYds,Hard Rock,67.5,over,68.35,115,-160,0.4651,0.4305,0.0805,0,0.5062,0.0411,0.0757,ev,multiplicative,projection,main,live,2026101118C77B29,2026-10-06T19:09:09.837Z
2026,5,14416,Jalen Hurts,PHI,QB,at JAX,rushYds,Hard Rock,14.5,over,24.48,-450,275,0.8182,0.7542,0.0848,0,0.8593,0.0411,0.1051,ev,multiplicative,projection,main,live,2026101118C77B29,2026-10-06T19:09:09.837Z
2026,5,8057,Kirk Cousins,LV,QB,at NE,passYds,Hard Rock,265.5,under,210.38,-350,220,0.7778,0.7134,0.0903,0,0.8189,0.0411,0.1055,ev,multiplicative,projection,main,live,202610116AF20186,2026-10-06T19:09:09.837Z
2026,5,11892,George Kittle,SF,TE,at SEA,recYds,Hard Rock,87.5,under,55.78,-400,260,0.8000,0.7423,0.0778,0,0.8411,0.0411,0.0988,ev,multiplicative,projection,main,live,202610119C07AE76,2026-10-06T19:09:09.837Z
2026,5,9253,Mike Evans,SF,WR,at SEA,recYds,Hard Rock,28.5,over,64.8,-400,260,0.8000,0.7423,0.0778,0,0.8411,0.0411,0.0988,ev,multiplicative,projection,main,live,202610119C07AE76,2026-10-06T19:09:09.837Z
2026,5,16790,Puka Nacua,LAR,WR,vs BUF,receptions,DraftKings,12.5,over,6.49,1580,,0.0595,0.0595,,1,0.1005,0.0410,0.0410,ev,none,projection,main,live,20261013A957AFD4,2026-10-06T19:09:09.837Z
2026,5,17716,Brian Thomas Jr.,JAX,WR,vs PHI,recYds,Hard Rock,6.5,over,33.71,-600,350,0.8571,0.7941,0.0794,0,0.8981,0.0410,0.1040,ev,multiplicative,projection,main,live,2026101118C77B29,2026-10-06T19:09:09.837Z
2026,5,16690,Parker Washington,JAX,WR,vs PHI,recYds,Hard Rock,68.5,over,68.35,120,-165,0.4545,0.4220,0.0772,0,0.4956,0.0410,0.0736,ev,multiplicative,projection,main,live,2026101118C77B29,2026-10-06T19:09:09.837Z
2026,5,19298,Denzel Boston,CLE,WR,at NYJ,recYds,Hard Rock,84.5,under,51.02,-600,375,0.8571,0.8028,0.0677,0,0.8981,0.0410,0.0953,ev,multiplicative,projection,main,live,2026101112C81881,2026-10-06T19:09:09.837Z
2026,5,8057,Kirk Cousins,LV,QB,at NE,passYds,Hard Rock,275.5,under,210.38,-450,275,0.8182,0.7542,0.0848,0,0.8592,0.0410,0.1050,ev,multiplicative,projection,main,live,202610116AF20186,2026-10-06T19:09:09.837Z
2026,5,19292,Jalon Daniels,TB,QB,at DAL,passYds,Hard Rock,321.5,over,209.11,3000,,0.0323,0.0323,,1,0.0731,0.0409,0.0409,ev,none,projection,main,live,2026100942D78F91,2026-10-06T19:09:09.837Z
2026,5,18524,Bhayshul Tuten,JAX,RB,vs PHI,rushYds,Hard Rock,95.5,under,58.83,-700,400,0.8750,0.8140,0.0750,0,0.9159,0.0409,0.1019,ev,multiplicative,projection,main,live,2026101118C77B29,2026-10-06T19:09:09.837Z
2026,5,8743,Geno Smith,NYJ,QB,vs CLE,passYds,Hard Rock,267.5,under,188.9,-650,375,0.8667,0.8046,0.0772,0,0.9075,0.0409,0.1030,ev,multiplicative,projection,main,live,2026101112C81881,2026-10-06T19:09:09.837Z
2026,5,8743,Geno Smith,NYJ,QB,vs CLE,passYds,Hard Rock,262.5,under,188.9,-575,325,0.8519,0.7836,0.0871,0,0.8928,0.0409,0.1092,ev,multiplicative,projection,main,live,2026101112C81881,2026-10-06T19:09:09.837Z
2026,5,14371,Jordan Love,GB,QB,vs CHI,passYds,Hard Rock,324.5,over,255.85,700,-2000,0.1250,0.1160,0.0774,0,0.1659,0.0409,0.0499,ev,multiplicative,projection,main,live,202610112660CB0C,2026-10-06T19:09:09.837Z
2026,5,16654,Jaxon Smith-Njigba,SEA,WR,vs SF,recYds,DraftKings,139.5,over,98.76,440,,0.1852,0.1852,,1,0.2260,0.0408,0.0408,ev,none,projection,main,live,202610119C07AE76,2026-10-06T19:09:09.837Z
2026,5,13429,Deebo Samuel Sr.,SF,WR,at SEA,receptions,BetRivers,3.5,over,3.78,-107,,0.5169,0.5169,,1,0.5578,0.0408,0.0408,ev,none,projection,main,live,202610119C07AE76,2026-10-06T19:09:09.837Z
2026,5,15834,Brock Purdy,SF,QB,at SEA,passYds,FanDuel,274.5,over,241.08,266,,0.2732,0.2732,,1,0.3140,0.0408,0.0408,ev,none,projection,main,live,202610119C07AE76,2026-10-06T19:09:09.837Z
2026,5,15306,Javonte Williams,DAL,RB,vs TB,recYds,Hard Rock,4.5,over,16.44,-375,250,0.7895,0.7343,0.0752,0,0.8303,0.0408,0.0960,ev,multiplicative,projection,main,live,2026100942D78F91,2026-10-06T19:09:09.837Z
2026,5,18524,Bhayshul Tuten,JAX,RB,vs PHI,rushYds,Hard Rock,101.5,under,58.83,-950,475,0.9048,0.8388,0.0787,0,0.9456,0.0408,0.1068,ev,multiplicative,projection,main,live,2026101118C77B29,2026-10-06T19:09:09.837Z
2026,5,18472,Harold Fannin Jr.,CLE,TE,at NYJ,recYds,Hard Rock,67.5,under,39.39,-850,425,0.8947,0.8245,0.0852,0,0.9355,0.0408,0.1110,ev,multiplicative,projection,main,live,2026101112C81881,2026-10-06T19:09:09.837Z
2026,5,15829,Garrett Wilson,NYJ,WR,vs CLE,recYds,Hard Rock,123.5,under,62.78,-1400,575,0.9333,0.8630,0.0815,0,0.9741,0.0408,0.1111,ev,multiplicative,projection,main,live,2026101112C81881,2026-10-06T19:09:09.837Z
2026,5,8057,Kirk Cousins,LV,QB,at NE,passYds,Hard Rock,262.5,under,210.38,-325,200,0.7647,0.6964,0.0980,0,0.8056,0.0408,0.1091,ev,multiplicative,projection,main,live,202610116AF20186,2026-10-06T19:09:09.837Z
2026,5,9253,Mike Evans,SF,WR,at SEA,recYds,Hard Rock,82.5,over,64.8,375,-650,0.2105,0.1954,0.0772,0,0.2513,0.0408,0.0559,ev,multiplicative,projection,main,live,202610119C07AE76,2026-10-06T19:09:09.837Z
2026,5,12483,Josh Allen,BUF,QB,at LAR,rushYds,Hard Rock,72.5,under,37.26,-2200,650,0.9565,0.8777,0.0899,0,0.9973,0.0408,0.1196,ev,multiplicative,projection,main,live,20261013A957AFD4,2026-10-06T19:09:09.837Z
2026,5,17784,Bucky Irving,TB,RB,at DAL,rushYds,DraftKings,109.5,over,75.16,1080,,0.0847,0.0847,,1,0.1254,0.0407,0.0407,ev,none,projection,main,live,2026100942D78F91,2026-10-06T19:09:09.837Z
2026,5,11690,Christian McCaffrey,SF,RB,at SEA,rushAtt,BetRivers,14.5,over,15.99,-129,,0.5633,0.5633,,1,0.6040,0.0407,0.0407,ev,none,projection,main,live,202610119C07AE76,2026-10-06T19:09:09.837Z
2026,5,9455,Davante Adams,LAR,WR,vs BUF,receptions,DraftKings,6.5,over,4.44,385,,0.2062,0.2062,,1,0.2468,0.0407,0.0407,ev,none,projection,main,live,20261013A957AFD4,2026-10-06T19:09:09.837Z
2026,5,14411,CeeDee Lamb,DAL,WR,vs TB,receptions,Hard Rock,8.5,over,6.44,350,-600,0.2222,0.2059,0.0794,0,0.2629,0.0407,0.0570,ev,multiplicative,projection,main,live,2026100942D78F91,2026-10-06T19:09:09.837Z
2026,5,12490,Sam Darnold,SEA,QB,vs SF,rushYds,Hard Rock,19.5,under,11.92,-1100,500,0.9167,0.8462,0.0833,0,0.9574,0.0407,0.1113,ev,multiplicative,projection,main,live,202610119C07AE76,2026-10-06T19:09:09.837Z
2026,5,11690,Christian McCaffrey,SF,RB,at SEA,rushYds,Hard Rock,110.5,under,58.96,-2200,700,0.9565,0.8844,0.0815,0,0.9973,0.0407,0.1128,ev,multiplicative,projection,main,live,202610119C07AE76,2026-10-06T19:09:09.837Z
2026,5,11892,George Kittle,SF,TE,at SEA,recYds,Hard Rock,99.5,under,55.78,-700,375,0.8750,0.8061,0.0855,0,0.9157,0.0407,0.1096,ev,multiplicative,projection,main,live,202610119C07AE76,2026-10-06T19:09:09.837Z
2026,5,12483,Josh Allen,BUF,QB,at LAR,passYds,Hard Rock,186.5,under,236.56,350,-650,0.2222,0.2041,0.0889,0,0.2629,0.0407,0.0588,ev,multiplicative,projection,main,live,20261013A957AFD4,2026-10-06T19:09:09.837Z
2026,5,13429,Deebo Samuel Sr.,SF,WR,at SEA,receptions,BetRivers,6.5,over,3.78,850,,0.1053,0.1053,,1,0.1459,0.0406,0.0406,ev,none,projection,main,live,202610119C07AE76,2026-10-06T19:09:09.837Z
2026,5,15306,Javonte Williams,DAL,RB,vs TB,recYds,Hard Rock,7.5,over,16.44,-260,185,0.7222,0.6730,0.0731,0,0.7628,0.0406,0.0898,ev,multiplicative,projection,main,live,2026100942D78F91,2026-10-06T19:09:09.837Z
2026,5,18524,Bhayshul Tuten,JAX,RB,vs PHI,rushYds,Hard Rock,37.5,under,58.83,275,-450,0.2667,0.2458,0.0848,0,0.3072,0.0406,0.0614,ev,multiplicative,projection,main,live,2026101118C77B29,2026-10-06T19:09:09.837Z
2026,5,8743,Geno Smith,NYJ,QB,vs CLE,passYds,Hard Rock,270.5,under,188.9,-700,400,0.8750,0.8140,0.0750,0,0.9156,0.0406,0.1017,ev,multiplicative,projection,main,live,2026101112C81881,2026-10-06T19:09:09.837Z
2026,5,15853,George Pickens,DAL,WR,vs TB,recYds,BetRivers,59.5,over,66.73,-130,,0.5652,0.5652,,1,0.6057,0.0405,0.0405,ev,none,projection,main,live,2026100942D78F91,2026-10-06T19:09:09.837Z
2026,5,15853,George Pickens,DAL,WR,vs TB,recYds,Hard Rock,59.5,over,66.73,-130,-105,0.5652,0.5246,0.0774,0,0.6057,0.0405,0.0811,ev,multiplicative,projection,main,live,2026100942D78F91,2026-10-06T19:09:09.837Z
2026,5,18484,Tez Johnson,TB,WR,at DAL,recYds,Hard Rock,8.5,over,16.56,-185,130,0.6491,0.5989,0.0839,0,0.6896,0.0405,0.0907,ev,multiplicative,projection,main,live,2026100942D78F91,2026-10-06T19:09:09.837Z
2026,5,18524,Bhayshul Tuten,JAX,RB,vs PHI,rushYds,Hard Rock,102.5,under,58.83,-1000,500,0.9091,0.8451,0.0758,0,0.9496,0.0405,0.1045,ev,multiplicative,projection,main,live,2026101118C77B29,2026-10-06T19:09:09.837Z
2026,5,8057,Kirk Cousins,LV,QB,at NE,passYds,Hard Rock,283.5,under,210.38,-550,350,0.8462,0.7920,0.0684,0,0.8866,0.0405,0.0946,ev,multiplicative,projection,main,live,202610116AF20186,2026-10-06T19:09:09.837Z
2026,5,11892,George Kittle,SF,TE,at SEA,recYds,Hard Rock,102.5,under,55.78,-800,425,0.8889,0.8235,0.0794,0,0.9294,0.0405,0.1058,ev,multiplicative,projection,main,live,202610119C07AE76,2026-10-06T19:09:09.837Z
2026,5,15868,Drake London,ATL,WR,vs BAL,recYds,Hard Rock,102.5,over,93.95,180,-260,0.3571,0.3309,0.0794,0,0.3977,0.0405,0.0668,ev,multiplicative,projection,main,live,2026101240603BF9,2026-10-06T19:09:09.837Z
2026,5,18549,Emeka Egbuka,TB,WR,at DAL,recYds,DraftKings,69.5,over,46.67,478,,0.1730,0.1730,,1,0.2134,0.0404,0.0404,ev,none,projection,main,live,2026100942D78F91,2026-10-06T19:09:09.837Z
2026,5,18516,Quinshon Judkins,CLE,RB,at NYJ,rushYds,Hard Rock,115.5,under,59.27,-2000,700,0.9524,0.8840,0.0774,0,0.9927,0.0404,0.1088,ev,multiplicative,projection,main,live,2026101112C81881,2026-10-06T19:09:09.837Z
2026,5,15876,James Cook,BUF,RB,at LAR,rushYds,Hard Rock,41.5,over,88.04,-850,425,0.8947,0.8245,0.0852,0,0.9351,0.0404,0.1106,ev,multiplicative,projection,main,live,20261013A957AFD4,2026-10-06T19:09:09.837Z
2026,5,19320,Ted Hurst,TB,WR,at DAL,recYds,FanDuel,19.5,over,25.73,-139,,0.5816,0.5816,,1,0.6219,0.0403,0.0403,ev,none,projection,main,live,2026100942D78F91,2026-10-06T19:09:09.837Z
2026,5,8057,Kirk Cousins,LV,QB,at NE,passYds,Hard Rock,277.5,under,210.38,-475,300,0.8261,0.7677,0.0761,0,0.8664,0.0403,0.0987,ev,multiplicative,projection,main,live,202610116AF20186,2026-10-06T19:09:09.837Z
2026,5,9253,Mike Evans,SF,WR,at SEA,recYds,DraftKings,24.5,over,64.8,-475,,0.8261,0.8261,,1,0.8663,0.0402,0.0402,ev,none,projection,main,live,202610119C07AE76,2026-10-06T19:09:09.837Z
2026,5,15306,Javonte Williams,DAL,RB,vs TB,recYds,Hard Rock,3.5,over,16.44,-425,275,0.8095,0.7522,0.0762,0,0.8497,0.0402,0.0975,ev,multiplicative,projection,main,live,2026100942D78F91,2026-10-06T19:09:09.837Z
2026,5,19298,Denzel Boston,CLE,WR,at NYJ,recYds,Hard Rock,88.5,under,51.02,-750,400,0.8824,0.8152,0.0824,0,0.9226,0.0402,0.1074,ev,multiplicative,projection,main,live,2026101112C81881,2026-10-06T19:09:09.837Z
2026,5,16946,Tyson Bagent,CHI,QB,at GB,passYds,Hard Rock,211.5,under,204.05,100,-140,0.5000,0.4615,0.0833,0,0.5402,0.0402,0.0787,ev,multiplicative,projection,main,live,202610112660CB0C,2026-10-06T19:09:09.837Z
2026,5,11690,Christian McCaffrey,SF,RB,at SEA,rushYds,Hard Rock,109.5,under,58.96,-2200,700,0.9565,0.8844,0.0815,0,0.9968,0.0402,0.1123,ev,multiplicative,projection,main,live,202610119C07AE76,2026-10-06T19:09:09.837Z
2026,5,12559,Mark Andrews,BAL,TE,at ATL,recYds,Hard Rock,11.5,over,39.91,-700,400,0.8750,0.8140,0.0750,0,0.9152,0.0402,0.1013,ev,multiplicative,projection,main,live,2026101240603BF9,2026-10-06T19:09:09.837Z
2026,5,12483,Josh Allen,BUF,QB,at LAR,passYds,Hard Rock,213.5,under,236.56,190,-275,0.3448,0.3198,0.0782,0,0.3850,0.0402,0.0652,ev,multiplicative,projection,main,live,20261013A957AFD4,2026-10-06T19:09:09.837Z
2026,5,14411,CeeDee Lamb,DAL,WR,vs TB,recYds,BetRivers,59.5,over,94.13,-278,,0.7354,0.7354,,1,0.7755,0.0401,0.0401,ev,none,projection,main,live,2026100942D78F91,2026-10-06T19:09:09.837Z
2026,5,17716,Brian Thomas Jr.,JAX,WR,vs PHI,receptions,FanDuel,4.5,over,2.42,747,,0.1181,0.1181,,1,0.1581,0.0401,0.0401,ev,none,projection,main,live,2026101118C77B29,2026-10-06T19:09:09.837Z
2026,5,11863,Cooper Kupp,SEA,WR,vs SF,recYds,FanDuel,29.5,over,29.77,115,,0.4651,0.4651,,1,0.5052,0.0401,0.0401,ev,none,projection,main,live,202610119C07AE76,2026-10-06T19:09:09.837Z
2026,5,19320,Ted Hurst,TB,WR,at DAL,recYds,theScore,22.5,over,25.73,-110,-120,0.5238,0.4899,0.0693,0,0.5639,0.0401,0.0740,ev,multiplicative,projection,main,live,2026100942D78F91,2026-10-06T19:09:09.837Z
2026,5,14411,CeeDee Lamb,DAL,WR,vs TB,recYds,Hard Rock,104.5,over,94.13,190,-275,0.3448,0.3198,0.0782,0,0.3849,0.0401,0.0651,ev,multiplicative,projection,main,live,2026100942D78F91,2026-10-06T19:09:09.837Z
2026,5,19320,Ted Hurst,TB,WR,at DAL,recYds,Hard Rock,22.5,over,25.73,-110,-125,0.5238,0.4853,0.0794,0,0.5639,0.0401,0.0786,ev,multiplicative,projection,main,live,2026100942D78F91,2026-10-06T19:09:09.837Z
2026,5,15990,Tyler Goodson,DAL,RB,vs TB,rushYds,Hard Rock,55.5,under,18.05,-2200,700,0.9565,0.8844,0.0815,0,0.9966,0.0401,0.1122,ev,multiplicative,projection,main,live,2026100942D78F91,2026-10-06T19:09:09.837Z
2026,5,8057,Kirk Cousins,LV,QB,at NE,passYds,Hard Rock,281.5,under,210.38,-525,325,0.8400,0.7812,0.0753,0,0.8801,0.0401,0.0990,ev,multiplicative,projection,main,live,202610116AF20186,2026-10-06T19:09:09.837Z
2026,5,8057,Kirk Cousins,LV,QB,at NE,passYds,Hard Rock,279.5,under,210.38,-500,300,0.8333,0.7692,0.0833,0,0.8734,0.0401,0.1042,ev,multiplicative,projection,main,live,202610116AF20186,2026-10-06T19:09:09.837Z
2026,5,11863,Cooper Kupp,SEA,WR,vs SF,recYds,Hard Rock,29.5,over,29.77,115,-160,0.4651,0.4305,0.0805,0,0.5052,0.0401,0.0747,ev,multiplicative,projection,main,live,202610119C07AE76,2026-10-06T19:09:09.837Z
2026,5,11892,George Kittle,SF,TE,at SEA,recYds,Hard Rock,106.5,under,55.78,-950,475,0.9048,0.8388,0.0787,0,0.9449,0.0401,0.1061,ev,multiplicative,projection,main,live,202610119C07AE76,2026-10-06T19:09:09.837Z
2026,5,15834,Brock Purdy,SF,QB,at SEA,rushYds,Hard Rock,23.5,under,17.22,-195,140,0.6610,0.6134,0.0777,0,0.7011,0.0401,0.0877,ev,multiplicative,projection,main,live,202610119C07AE76,2026-10-06T19:09:09.837Z
2026,5,15868,Drake London,ATL,WR,vs BAL,recYds,Hard Rock,66.5,over,93.95,-220,155,0.6875,0.6368,0.0797,0,0.7276,0.0401,0.0909,ev,multiplicative,projection,main,live,2026101240603BF9,2026-10-06T19:09:09.837Z
2026,5,15807,Kyren Williams,LAR,RB,vs BUF,rushYds,Hard Rock,64.5,over,79.89,-150,110,0.6000,0.5575,0.0762,0,0.6401,0.0401,0.0826,ev,multiplicative,projection,main,live,20261013A957AFD4,2026-10-06T19:09:09.837Z
2026,5,5971,Matthew Stafford,LAR,QB,vs BUF,passYds,Hard Rock,345.5,under,260.27,-600,350,0.8571,0.7941,0.0794,0,0.8972,0.0401,0.1031,ev,multiplicative,projection,main,live,20261013A957AFD4,2026-10-06T19:09:09.837Z
2026,5,15829,Garrett Wilson,NYJ,WR,vs CLE,recYds,FanDuel,68.5,under,62.78,-114,-114,0.5327,0.5000,0.0654,0,0.5727,0.0400,0.0727,ev,multiplicative,projection,main,live,2026101112C81881,2026-10-06T19:09:09.837Z
2026,5,14411,CeeDee Lamb,DAL,WR,vs TB,recYds,Hard Rock,61.5,over,94.13,-260,185,0.7222,0.6730,0.0731,0,0.7622,0.0400,0.0892,ev,multiplicative,projection,main,live,2026100942D78F91,2026-10-06T19:09:09.837Z
2026,5,11008,Dak Prescott,DAL,QB,vs TB,rushYds,Hard Rock,18.5,over,14,230,-350,0.3030,0.2804,0.0808,0,0.3430,0.0400,0.0627,ev,multiplicative,projection,main,live,2026100942D78F91,2026-10-06T19:09:09.837Z
2026,5,18524,Bhayshul Tuten,JAX,RB,vs PHI,rushYds,Hard Rock,92.5,under,58.83,-600,350,0.8571,0.7941,0.0794,0,0.8971,0.0400,0.1030,ev,multiplicative,projection,main,live,2026101118C77B29,2026-10-06T19:09:09.837Z
2026,5,18472,Harold Fannin Jr.,CLE,TE,at NYJ,recYds,Hard Rock,72.5,under,39.39,-1200,550,0.9231,0.8571,0.0769,0,0.9631,0.0400,0.1060,ev,multiplicative,projection,main,live,2026101112C81881,2026-10-06T19:09:09.837Z
2026,5,5971,Matthew Stafford,LAR,QB,vs BUF,passYds,Hard Rock,343.5,under,260.27,-575,350,0.8519,0.7931,0.0741,0,0.8918,0.0400,0.0987,ev,multiplicative,projection,main,live,20261013A957AFD4,2026-10-06T19:09:09.837Z
2026,5,15306,Javonte Williams,DAL,RB,vs TB,rushYds,Hard Rock,85.5,under,72.94,-200,145,0.6667,0.6203,0.0748,0,0.7066,0.0399,0.0863,ev,multiplicative,projection,main,live,2026100942D78F91,2026-10-06T19:09:09.837Z
2026,5,19292,Jalon Daniels,TB,QB,at DAL,passTD,Hard Rock,2.5,over,1.31,850,,0.1053,0.1053,,1,0.1452,0.0399,0.0399,ev,none,projection,main,live,2026100942D78F91,2026-10-06T19:09:09.837Z
2026,5,11712,Deshaun Watson,CLE,QB,at NYJ,passYds,Hard Rock,165.5,under,198.41,230,-350,0.3030,0.2804,0.0808,0,0.3430,0.0399,0.0626,ev,multiplicative,projection,main,live,2026101112C81881,2026-10-06T19:09:09.837Z
2026,5,11712,Deshaun Watson,CLE,QB,at NYJ,passYds,Hard Rock,163.5,under,198.41,240,-375,0.2941,0.2714,0.0836,0,0.3340,0.0399,0.0625,ev,multiplicative,projection,main,live,2026101112C81881,2026-10-06T19:09:09.837Z
2026,5,8057,Kirk Cousins,LV,QB,at NE,passYds,Hard Rock,270.5,under,210.38,-400,250,0.8000,0.7368,0.0857,0,0.8399,0.0399,0.1030,ev,multiplicative,projection,main,live,202610116AF20186,2026-10-06T19:09:09.837Z
2026,5,15834,Brock Purdy,SF,QB,at SEA,passYds,Hard Rock,287.5,over,241.08,375,-650,0.2105,0.1954,0.0772,0,0.2505,0.0399,0.0550,ev,multiplicative,projection,main,live,202610119C07AE76,2026-10-06T19:09:09.837Z
2026,5,10819,Derrick Henry,BAL,RB,at ATL,rushYds,Hard Rock,163.5,under,97.07,-2000,700,0.9524,0.8840,0.0774,0,0.9923,0.0399,0.1083,ev,multiplicative,projection,main,live,2026101240603BF9,2026-10-06T19:09:09.837Z
2026,5,9455,Davante Adams,LAR,WR,vs BUF,recYds,Hard Rock,50.5,over,79.89,-200,140,0.6667,0.6154,0.0833,0,0.7066,0.0399,0.0912,ev,multiplicative,projection,main,live,20261013A957AFD4,2026-10-06T19:09:09.837Z
2026,5,19292,Jalon Daniels,TB,QB,at DAL,passYds,DraftKings,319.5,over,209.11,2600,,0.0370,0.0370,,1,0.0768,0.0398,0.0398,ev,none,projection,main,live,2026100942D78F91,2026-10-06T19:09:09.837Z
2026,5,17673,Drake Maye,NE,QB,vs LV,passTD,BetRivers,1.5,under,1.45,-115,-113,0.5349,0.5020,0.0654,0,0.5747,0.0398,0.0726,ev,multiplicative,projection,main,live,202610116AF20186,2026-10-06T19:09:09.837Z
2026,5,9455,Davante Adams,LAR,WR,vs BUF,receptions,Caesars,5.5,over,4.44,210,,0.3226,0.3226,,1,0.3623,0.0398,0.0398,ev,none,projection,main,live,20261013A957AFD4,2026-10-06T19:09:09.837Z
2026,5,15990,Tyler Goodson,DAL,RB,vs TB,rushYds,Hard Rock,3.5,under,18.05,425,-800,0.1905,0.1765,0.0794,0,0.2303,0.0398,0.0538,ev,multiplicative,projection,main,live,2026100942D78F91,2026-10-06T19:09:09.837Z
2026,5,19292,Jalon Daniels,TB,QB,at DAL,passYds,Hard Rock,158.5,over,209.11,-210,150,0.6774,0.6287,0.0774,0,0.7172,0.0398,0.0885,ev,multiplicative,projection,main,live,2026100942D78F91,2026-10-06T19:09:09.837Z
2026,5,11712,Deshaun Watson,CLE,QB,at NYJ,passYds,Hard Rock,166.5,under,198.41,225,-350,0.3077,0.2835,0.0855,0,0.3475,0.0398,0.0640,ev,multiplicative,projection,main,live,2026101112C81881,2026-10-06T19:09:09.837Z
2026,5,15829,Garrett Wilson,NYJ,WR,vs CLE,recYds,Hard Rock,69.5,under,62.78,-120,-115,0.5455,0.5049,0.0803,0,0.5852,0.0398,0.0804,ev,multiplicative,projection,main,live,2026101112C81881,2026-10-06T19:09:09.837Z
2026,5,11863,Cooper Kupp,SEA,WR,vs SF,recYds,Hard Rock,18.5,over,29.77,-200,145,0.6667,0.6203,0.0748,0,0.7064,0.0398,0.0862,ev,multiplicative,projection,main,live,202610119C07AE76,2026-10-06T19:09:09.837Z
2026,5,14411,CeeDee Lamb,DAL,WR,vs TB,receptions,Caesars,9.5,over,6.44,650,,0.1333,0.1333,,1,0.1730,0.0397,0.0397,ev,none,projection,main,live,2026100942D78F91,2026-10-06T19:09:09.837Z
2026,5,12490,Sam Darnold,SEA,QB,vs SF,passAtt,DraftKings,31.5,over,31.56,116,,0.4630,0.4630,,1,0.5027,0.0397,0.0397,ev,none,projection,main,live,202610119C07AE76,2026-10-06T19:09:09.837Z
2026,5,16790,Puka Nacua,LAR,WR,vs BUF,receptions,DraftKings,9.5,over,6.49,352,,0.2212,0.2212,,1,0.2609,0.0397,0.0397,ev,none,projection,main,live,20261013A957AFD4,2026-10-06T19:09:09.837Z
2026,5,18516,Quinshon Judkins,CLE,RB,at NYJ,rushYds,Hard Rock,76.5,under,59.27,-275,190,0.7333,0.6802,0.0782,0,0.7730,0.0397,0.0928,ev,multiplicative,projection,main,live,2026101112C81881,2026-10-06T19:09:09.837Z
2026,5,14371,Jordan Love,GB,QB,vs CHI,passYds,Hard Rock,322.5,over,255.85,650,-1800,0.1333,0.1234,0.0807,0,0.1730,0.0397,0.0497,ev,multiplicative,projection,main,live,202610112660CB0C,2026-10-06T19:09:09.837Z
2026,5,11008,Dak Prescott,DAL,QB,vs TB,passTD,BetMGM,1.5,under,1.96,165,-225,0.3774,0.3528,0.0697,0,0.4169,0.0396,0.0642,ev,multiplicative,projection,main,live,2026100942D78F91,2026-10-06T19:09:09.837Z
2026,5,15853,George Pickens,DAL,WR,vs TB,recYds,Hard Rock,28.5,over,66.73,-750,400,0.8824,0.8152,0.0824,0,0.9220,0.0396,0.1067,ev,multiplicative,projection,main,live,2026100942D78F91,2026-10-06T19:09:09.837Z
2026,5,17690,Blake Corum,LAR,RB,vs BUF,rushYds,Hard Rock,78.5,over,43.22,900,-4000,0.1000,0.0930,0.0756,0,0.1396,0.0396,0.0466,ev,multiplicative,projection,main,live,20261013A957AFD4,2026-10-06T19:09:09.837Z
2026,5,19321,Josh Cameron,JAX,WR,vs PHI,recYds,Hard Rock,23.5,under,12.85,-275,195,0.7333,0.6839,0.0723,0,0.7728,0.0395,0.0890,ev,multiplicative,projection,main,live,2026101118C77B29,2026-10-06T19:09:09.837Z
2026,5,11712,Deshaun Watson,CLE,QB,at NYJ,passYds,Hard Rock,167.5,under,198.41,220,-325,0.3125,0.2901,0.0772,0,0.3520,0.0395,0.0619,ev,multiplicative,projection,main,live,2026101112C81881,2026-10-06T19:09:09.837Z
2026,5,11863,Cooper Kupp,SEA,WR,vs SF,recYds,Hard Rock,21.5,over,29.77,-160,115,0.6154,0.5695,0.0805,0,0.6548,0.0395,0.0853,ev,multiplicative,projection,main,live,202610119C07AE76,2026-10-06T19:09:09.837Z
2026,5,15807,Kyren Williams,LAR,RB,vs BUF,rushYds,Hard Rock,65.5,over,79.89,-145,105,0.5918,0.5482,0.0796,0,0.6313,0.0395,0.0832,ev,multiplicative,projection,main,live,20261013A957AFD4,2026-10-06T19:09:09.837Z
2026,5,18472,Harold Fannin Jr.,CLE,TE,at NYJ,recYds,Hard Rock,33.5,over,39.39,-145,100,0.5918,0.5421,0.0918,0,0.6313,0.0394,0.0892,ev,multiplicative,projection,main,live,2026101112C81881,2026-10-06T19:09:09.837Z
2026,5,18516,Quinshon Judkins,CLE,RB,at NYJ,rushYds,Hard Rock,114.5,under,59.27,-2000,700,0.9524,0.8840,0.0774,0,0.9918,0.0394,0.1078,ev,multiplicative,projection,main,live,2026101112C81881,2026-10-06T19:09:09.837Z
2026,5,15306,Javonte Williams,DAL,RB,vs TB,recYds,Hard Rock,51.5,under,16.44,-2000,700,0.9524,0.8840,0.0774,0,0.9917,0.0393,0.1077,ev,multiplicative,projection,main,live,2026100942D78F91,2026-10-06T19:09:09.837Z
2026,5,15990,Tyler Goodson,DAL,RB,vs TB,rushYds,Hard Rock,54.5,under,18.05,-2200,700,0.9565,0.8844,0.0815,0,0.9958,0.0393,0.1114,ev,multiplicative,projection,main,live,2026100942D78F91,2026-10-06T19:09:09.837Z
2026,5,19298,Denzel Boston,CLE,WR,at NYJ,recYds,Hard Rock,83.5,under,51.02,-575,350,0.8519,0.7931,0.0741,0,0.8912,0.0393,0.0981,ev,multiplicative,projection,main,live,2026101112C81881,2026-10-06T19:09:09.837Z
2026,5,13429,Deebo Samuel Sr.,SF,WR,at SEA,recYds,BetRivers,59.5,over,42.63,360,,0.2174,0.2174,,1,0.2566,0.0392,0.0392,ev,none,projection,main,live,202610119C07AE76,2026-10-06T19:09:09.837Z
2026,5,18524,Bhayshul Tuten,JAX,RB,vs PHI,rushYds,Hard Rock,96.5,under,58.83,-750,400,0.8824,0.8152,0.0824,0,0.9215,0.0392,0.1063,ev,multiplicative,projection,main,live,2026101118C77B29,2026-10-06T19:09:09.837Z
2026,5,15829,Garrett Wilson,NYJ,WR,vs CLE,recYds,Hard Rock,120.5,under,62.78,-1300,550,0.9286,0.8579,0.0824,0,0.9678,0.0392,0.1099,ev,multiplicative,projection,main,live,2026101112C81881,2026-10-06T19:09:09.837Z
2026,5,11892,George Kittle,SF,TE,at SEA,recYds,Hard Rock,107.5,under,55.78,-1000,500,0.9091,0.8451,0.0758,0,0.9483,0.0392,0.1032,ev,multiplicative,projection,main,live,202610119C07AE76,2026-10-06T19:09:09.837Z
2026,5,12490,Sam Darnold,SEA,QB,vs SF,rushYds,Hard Rock,23.5,under,11.92,-2200,750,0.9565,0.8905,0.0742,0,0.9957,0.0392,0.1053,ev,multiplicative,projection,main,live,202610119C07AE76,2026-10-06T19:09:09.837Z
2026,5,12483,Josh Allen,BUF,QB,at LAR,passYds,Hard Rock,205.5,under,236.56,225,-350,0.3077,0.2835,0.0855,0,0.3469,0.0392,0.0635,ev,multiplicative,projection,main,live,20261013A957AFD4,2026-10-06T19:09:09.837Z
2026,5,15807,Kyren Williams,LAR,RB,vs BUF,rushYds,Hard Rock,66.5,over,79.89,-140,100,0.5833,0.5385,0.0833,0,0.6225,0.0392,0.0840,ev,multiplicative,projection,main,live,20261013A957AFD4,2026-10-06T19:09:09.837Z
2026,5,18472,Harold Fannin Jr.,CLE,TE,at NYJ,recYds,FanDuel,14.5,over,39.39,-752,,0.8826,0.8826,,1,0.9217,0.0391,0.0391,ev,none,projection,main,live,2026101112C81881,2026-10-06T19:09:09.837Z
2026,5,19292,Jalon Daniels,TB,QB,at DAL,passYds,Hard Rock,322.5,over,209.11,3000,,0.0323,0.0323,,1,0.0714,0.0391,0.0391,ev,none,projection,main,live,2026100942D78F91,2026-10-06T19:09:09.837Z
2026,5,10819,Derrick Henry,BAL,RB,at ATL,rushYds,Hard Rock,162.5,under,97.07,-2000,650,0.9524,0.8772,0.0857,0,0.9915,0.0391,0.1143,ev,multiplicative,projection,main,live,2026101240603BF9,2026-10-06T19:09:09.837Z
2026,5,12483,Josh Allen,BUF,QB,at LAR,passYds,Hard Rock,206.5,under,236.56,220,-350,0.3125,0.2866,0.0903,0,0.3516,0.0391,0.0650,ev,multiplicative,projection,main,live,20261013A957AFD4,2026-10-06T19:09:09.837Z
2026,5,19298,Denzel Boston,CLE,WR,at NYJ,recYds,Hard Rock,89.5,under,51.02,-800,425,0.8889,0.8235,0.0794,0,0.9279,0.0390,0.1044,ev,multiplicative,projection,main,live,2026101112C81881,2026-10-06T19:09:09.837Z
2026,5,11892,George Kittle,SF,TE,at SEA,recYds,Hard Rock,88.5,under,55.78,-425,275,0.8095,0.7522,0.0762,0,0.8486,0.0390,0.0964,ev,multiplicative,projection,main,live,202610119C07AE76,2026-10-06T19:09:09.837Z
2026,5,12483,Josh Allen,BUF,QB,at LAR,passYds,Hard Rock,214.5,under,236.56,185,-260,0.3509,0.3270,0.0731,0,0.3899,0.0390,0.0629,ev,multiplicative,projection,main,live,20261013A957AFD4,2026-10-06T19:09:09.837Z
2026,5,18549,Emeka Egbuka,TB,WR,at DAL,receptions,Hard Rock,7.5,over,3.52,3000,,0.0323,0.0323,,1,0.0712,0.0389,0.0389,ev,none,projection,main,live,2026100942D78F91,2026-10-06T19:09:09.837Z
2026,5,18472,Harold Fannin Jr.,CLE,TE,at NYJ,recYds,Hard Rock,69.5,under,39.39,-1000,475,0.9091,0.8394,0.0830,0,0.9480,0.0389,0.1086,ev,multiplicative,projection,main,live,2026101112C81881,2026-10-06T19:09:09.837Z
2026,5,14371,Jordan Love,GB,QB,vs CHI,passYds,Hard Rock,211.5,over,255.85,-210,145,0.6774,0.6240,0.0856,0,0.7163,0.0389,0.0923,ev,multiplicative,projection,main,live,202610112660CB0C,2026-10-06T19:09:09.837Z
2026,5,15834,Brock Purdy,SF,QB,at SEA,passYds,Hard Rock,219.5,over,241.08,-135,100,0.5745,0.5347,0.0745,0,0.6133,0.0389,0.0787,ev,multiplicative,projection,main,live,202610119C07AE76,2026-10-06T19:09:09.837Z
2026,5,11892,George Kittle,SF,TE,at SEA,recYds,Hard Rock,97.5,under,55.78,-650,375,0.8667,0.8046,0.0772,0,0.9055,0.0389,0.1010,ev,multiplicative,projection,main,live,202610119C07AE76,2026-10-06T19:09:09.837Z
2026,5,9253,Mike Evans,SF,WR,at SEA,recYds,theScore,79.5,over,64.8,300,,0.2500,0.2500,,1,0.2889,0.0389,0.0389,ev,none,projection,main,live,202610119C07AE76,2026-10-06T19:09:09.837Z
2026,5,10819,Derrick Henry,BAL,RB,at ATL,rushYds,Hard Rock,120.5,under,97.07,-325,220,0.7647,0.7099,0.0772,0,0.8036,0.0389,0.0937,ev,multiplicative,projection,main,live,2026101240603BF9,2026-10-06T19:09:09.837Z
2026,5,18524,Bhayshul Tuten,JAX,RB,vs PHI,recYds,FanDuel,14.5,over,12.52,154,,0.3937,0.3937,,1,0.4325,0.0388,0.0388,ev,none,projection,main,live,2026101118C77B29,2026-10-06T19:09:09.837Z
2026,5,14416,Jalen Hurts,PHI,QB,at JAX,passYds,DraftKings,191.5,over,202.54,-112,-112,0.5283,0.5000,0.0566,0,0.5671,0.0388,0.0671,ev,multiplicative,projection,main,live,2026101118C77B29,2026-10-06T19:09:09.837Z
2026,5,11690,Christian McCaffrey,SF,RB,at SEA,rushYds,DraftKings,49.5,over,58.96,-143,,0.5885,0.5885,,1,0.6272,0.0388,0.0388,ev,none,projection,main,live,202610119C07AE76,2026-10-06T19:09:09.837Z
2026,5,11863,Cooper Kupp,SEA,WR,vs SF,recYds,Hard Rock,26.5,over,29.77,-110,-125,0.5238,0.4853,0.0794,0,0.5626,0.0388,0.0773,ev,multiplicative,projection,main,live,202610119C07AE76,2026-10-06T19:09:09.837Z
2026,5,15834,Brock Purdy,SF,QB,at SEA,passYds,Hard Rock,282.5,over,241.08,325,-550,0.2353,0.2176,0.0814,0,0.2741,0.0388,0.0565,ev,multiplicative,projection,main,live,202610119C07AE76,2026-10-06T19:09:09.837Z
2026,5,11892,George Kittle,SF,TE,at SEA,recYds,Hard Rock,103.5,under,55.78,-850,450,0.8947,0.8311,0.0766,0,0.9335,0.0388,0.1024,ev,multiplicative,projection,main,live,202610119C07AE76,2026-10-06T19:09:09.837Z
2026,5,16790,Puka Nacua,LAR,WR,vs BUF,receptions,Caesars,9.5,over,6.49,350,,0.2222,0.2222,,1,0.2609,0.0387,0.0387,ev,none,projection,main,live,20261013A957AFD4,2026-10-06T19:09:09.837Z
2026,5,14411,CeeDee Lamb,DAL,WR,vs TB,receptions,Hard Rock,7.5,over,6.44,200,-300,0.3333,0.3077,0.0833,0,0.3720,0.0387,0.0643,ev,multiplicative,projection,main,live,2026100942D78F91,2026-10-06T19:09:09.837Z
2026,5,18472,Harold Fannin Jr.,CLE,TE,at NYJ,recYds,Hard Rock,73.5,under,39.39,-1300,550,0.9286,0.8579,0.0824,0,0.9673,0.0387,0.1094,ev,multiplicative,projection,main,live,2026101112C81881,2026-10-06T19:09:09.837Z
2026,5,8743,Geno Smith,NYJ,QB,vs CLE,passYds,Hard Rock,263.5,under,188.9,-600,325,0.8571,0.7846,0.0924,0,0.8958,0.0387,0.1112,ev,multiplicative,projection,main,live,2026101112C81881,2026-10-06T19:09:09.837Z
2026,5,16946,Tyson Bagent,CHI,QB,at GB,passYds,Hard Rock,213.5,under,204.05,-105,-135,0.5122,0.4713,0.0867,0,0.5509,0.0387,0.0796,ev,multiplicative,projection,main,live,202610112660CB0C,2026-10-06T19:09:09.837Z
2026,5,8057,Kirk Cousins,LV,QB,at NE,passYds,Hard Rock,286.5,under,210.38,-600,350,0.8571,0.7941,0.0794,0,0.8959,0.0387,0.1018,ev,multiplicative,projection,main,live,202610116AF20186,2026-10-06T19:09:09.837Z
2026,5,15834,Brock Purdy,SF,QB,at SEA,passYds,Hard Rock,279.5,over,241.08,300,-500,0.2500,0.2308,0.0833,0,0.2887,0.0387,0.0580,ev,multiplicative,projection,main,live,202610119C07AE76,2026-10-06T19:09:09.837Z
2026,5,16790,Puka Nacua,LAR,WR,vs BUF,receptions,Hard Rock,9.5,over,6.49,350,-575,0.2222,0.2069,0.0741,0,0.2609,0.0387,0.0540,ev,multiplicative,projection,main,live,20261013A957AFD4,2026-10-06T19:09:09.837Z
2026,5,14411,CeeDee Lamb,DAL,WR,vs TB,recYds,Hard Rock,103.5,over,94.13,180,-260,0.3571,0.3309,0.0794,0,0.3958,0.0386,0.0649,ev,multiplicative,projection,main,live,2026100942D78F91,2026-10-06T19:09:09.837Z
2026,5,19320,Ted Hurst,TB,WR,at DAL,receptions,Hard Rock,3.5,over,1.74,400,-700,0.2000,0.1860,0.0750,0,0.2386,0.0386,0.0525,ev,multiplicative,projection,main,live,2026100942D78F91,2026-10-06T19:09:09.837Z
2026,5,18484,Tez Johnson,TB,WR,at DAL,recYds,Hard Rock,3.5,over,16.56,-300,200,0.7500,0.6923,0.0833,0,0.7886,0.0386,0.0963,ev,multiplicative,projection,main,live,2026100942D78F91,2026-10-06T19:09:09.837Z
2026,5,11712,Deshaun Watson,CLE,QB,at NYJ,passYds,Hard Rock,169.5,under,198.41,210,-300,0.3226,0.3008,0.0726,0,0.3612,0.0386,0.0605,ev,multiplicative,projection,main,live,2026101112C81881,2026-10-06T19:09:09.837Z
2026,5,16739,Bijan Robinson,ATL,RB,vs BAL,receptions,Hard Rock,3.5,over,4.19,-135,105,0.5745,0.5408,0.0623,0,0.6131,0.0386,0.0723,ev,multiplicative,projection,main,live,2026101240603BF9,2026-10-06T19:09:09.837Z
2026,5,15876,James Cook,BUF,RB,at LAR,rushYds,Hard Rock,95.5,over,88.04,180,-260,0.3571,0.3309,0.0794,0,0.3958,0.0386,0.0649,ev,multiplicative,projection,main,live,20261013A957AFD4,2026-10-06T19:09:09.837Z
2026,5,12483,Josh Allen,BUF,QB,at LAR,rushYds,Hard Rock,44.5,under,37.26,-210,150,0.6774,0.6287,0.0774,0,0.7160,0.0386,0.0873,ev,multiplicative,projection,main,live,20261013A957AFD4,2026-10-06T19:09:09.837Z
2026,5,15834,Brock Purdy,SF,QB,at SEA,passYds,Caesars,299.5,over,241.08,525,,0.1600,0.1600,,1,0.1985,0.0385,0.0385,ev,none,projection,main,live,202610119C07AE76,2026-10-06T19:09:09.837Z
2026,5,15807,Kyren Williams,LAR,RB,vs BUF,rushYds,Caesars,79.5,over,79.89,115,,0.4651,0.4651,,1,0.5036,0.0385,0.0385,ev,none,projection,main,live,20261013A957AFD4,2026-10-06T19:09:09.837Z
2026,5,15807,Kyren Williams,LAR,RB,vs BUF,rushYds,DraftKings,79.5,over,79.89,115,,0.4651,0.4651,,1,0.5036,0.0385,0.0385,ev,none,projection,main,live,20261013A957AFD4,2026-10-06T19:09:09.837Z
2026,5,19292,Jalon Daniels,TB,QB,at DAL,rushYds,Hard Rock,89.5,under,20.13,-2500,800,0.9615,0.8964,0.0726,0,1.0000,0.0385,0.1036,ev,multiplicative,projection,main,live,2026100942D78F91,2026-10-06T19:09:09.837Z
2026,5,15306,Javonte Williams,DAL,RB,vs TB,rushYds,Hard Rock,132.5,under,72.94,-2200,700,0.9565,0.8844,0.0815,0,0.9950,0.0385,0.1106,ev,multiplicative,projection,main,live,2026100942D78F91,2026-10-06T19:09:09.837Z
2026,5,19320,Ted Hurst,TB,WR,at DAL,recYds,theScore,19.5,over,25.73,-140,,0.5833,0.5833,,1,0.6219,0.0385,0.0385,ev,none,projection,main,live,2026100942D78F91,2026-10-06T19:09:09.837Z
2026,5,19292,Jalon Daniels,TB,QB,at DAL,rushYds,Hard Rock,88.5,under,20.13,-2500,750,0.9615,0.8910,0.0792,0,1.0000,0.0385,0.1090,ev,multiplicative,projection,main,live,2026100942D78F91,2026-10-06T19:09:09.837Z
2026,5,14416,Jalen Hurts,PHI,QB,at JAX,rushYds,Hard Rock,61.5,under,24.48,-2500,800,0.9615,0.8964,0.0726,0,1.0000,0.0385,0.1036,ev,multiplicative,projection,main,live,2026101118C77B29,2026-10-06T19:09:09.837Z
2026,5,19321,Josh Cameron,JAX,WR,vs PHI,recYds,Hard Rock,49.5,under,12.85,-2200,700,0.9565,0.8844,0.0815,0,0.9950,0.0385,0.1106,ev,multiplicative,projection,main,live,2026101118C77B29,2026-10-06T19:09:09.837Z
2026,5,16690,Parker Washington,JAX,WR,vs PHI,recYds,Hard Rock,125.5,under,68.35,-2500,800,0.9615,0.8964,0.0726,0,1.0000,0.0385,0.1036,ev,multiplicative,projection,main,live,2026101118C77B29,2026-10-06T19:09:09.837Z
2026,5,17057,Isaiah Davis,NYJ,RB,vs CLE,rushYds,Hard Rock,45.5,under,3.02,-2500,750,0.9615,0.8910,0.0792,0,1.0000,0.0385,0.1090,ev,multiplicative,projection,main,live,2026101112C81881,2026-10-06T19:09:09.837Z
2026,5,17057,Isaiah Davis,NYJ,RB,vs CLE,rushYds,Hard Rock,46.5,under,3.02,-2500,750,0.9615,0.8910,0.0792,0,1.0000,0.0385,0.1090,ev,multiplicative,projection,main,live,2026101112C81881,2026-10-06T19:09:09.837Z
2026,5,15829,Garrett Wilson,NYJ,WR,vs CLE,recYds,Hard Rock,124.5,under,62.78,-1500,600,0.9375,0.8678,0.0804,0,0.9760,0.0385,0.1082,ev,multiplicative,projection,main,live,2026101112C81881,2026-10-06T19:09:09.837Z
2026,5,15265,Kyle Pitts,ATL,TE,vs BAL,recYds,Hard Rock,6.5,over,33,-650,375,0.8667,0.8046,0.0772,0,0.9051,0.0385,0.1006,ev,multiplicative,projection,main,live,2026101240603BF9,2026-10-06T19:09:09.837Z
2026,5,12483,Josh Allen,BUF,QB,at LAR,passYds,Hard Rock,208.5,under,236.56,210,-325,0.3226,0.2967,0.0873,0,0.3611,0.0385,0.0644,ev,multiplicative,projection,main,live,20261013A957AFD4,2026-10-06T19:09:09.837Z
2026,5,15947,Jake Ferguson,DAL,TE,vs TB,recYds,FanDuel,9.5,over,31.8,-752,,0.8826,0.8826,,1,0.9211,0.0384,0.0384,ev,none,projection,main,live,2026100942D78F91,2026-10-06T19:09:09.837Z
2026,5,18524,Bhayshul Tuten,JAX,RB,vs PHI,rushYds,Hard Rock,91.5,under,58.83,-575,350,0.8519,0.7931,0.0741,0,0.8902,0.0384,0.0971,ev,multiplicative,projection,main,live,2026101118C77B29,2026-10-06T19:09:09.837Z
2026,5,16690,Parker Washington,JAX,WR,vs PHI,recYds,Hard Rock,124.5,under,68.35,-2500,750,0.9615,0.8910,0.0792,0,1.0000,0.0384,0.1090,ev,multiplicative,projection,main,live,2026101118C77B29,2026-10-06T19:09:09.837Z
2026,5,16690,Parker Washington,JAX,WR,vs PHI,recYds,Hard Rock,123.5,under,68.35,-2500,750,0.9615,0.8910,0.0792,0,1.0000,0.0384,0.1090,ev,multiplicative,projection,main,live,2026101118C77B29,2026-10-06T19:09:09.837Z
2026,5,8743,Geno Smith,NYJ,QB,vs CLE,passYds,Hard Rock,272.5,under,188.9,-750,425,0.8824,0.8225,0.0728,0,0.9207,0.0384,0.0983,ev,multiplicative,projection,main,live,2026101112C81881,2026-10-06T19:09:09.837Z
2026,5,8743,Geno Smith,NYJ,QB,vs CLE,rushYds,Hard Rock,20.5,under,13.84,-375,240,0.7895,0.7286,0.0836,0,0.8279,0.0384,0.0993,ev,multiplicative,projection,main,live,2026101112C81881,2026-10-06T19:09:09.837Z
2026,5,9455,Davante Adams,LAR,WR,vs BUF,receptions,Hard Rock,2.5,under,4.44,350,-600,0.2222,0.2059,0.0794,0,0.2606,0.0384,0.0547,ev,multiplicative,projection,main,live,20261013A957AFD4,2026-10-06T19:09:09.837Z
2026,5,17784,Bucky Irving,TB,RB,at DAL,rushYds,Hard Rock,104.5,over,75.16,700,-2500,0.1250,0.1150,0.0865,0,0.1633,0.0383,0.0482,ev,multiplicative,projection,main,live,2026100942D78F91,2026-10-06T19:09:09.837Z
2026,5,15853,George Pickens,DAL,WR,vs TB,recYds,Hard Rock,27.5,over,66.73,-800,425,0.8889,0.8235,0.0794,0,0.9272,0.0383,0.1037,ev,multiplicative,projection,main,live,2026100942D78F91,2026-10-06T19:09:09.837Z
2026,5,18524,Bhayshul Tuten,JAX,RB,vs PHI,rushYds,Hard Rock,39.5,under,58.83,250,-375,0.2857,0.2657,0.0752,0,0.3240,0.0383,0.0583,ev,multiplicative,projection,main,live,2026101118C77B29,2026-10-06T19:09:09.837Z
2026,5,8057,Kirk Cousins,LV,QB,at NE,passYds,Hard Rock,272.5,under,210.38,-425,260,0.8095,0.7445,0.0873,0,0.8478,0.0383,0.1033,ev,multiplicative,projection,main,live,202610116AF20186,2026-10-06T19:09:09.837Z
2026,5,15265,Kyle Pitts,ATL,TE,vs BAL,recYds,Hard Rock,44.5,over,33,250,-400,0.2857,0.2632,0.0857,0,0.3240,0.0383,0.0608,ev,multiplicative,projection,main,live,2026101240603BF9,2026-10-06T19:09:09.837Z
2026,5,19320,Ted Hurst,TB,WR,at DAL,recYds,FanDuel,39.5,over,25.73,247,,0.2882,0.2882,,1,0.3264,0.0382,0.0382,ev,none,projection,main,live,2026100942D78F91,2026-10-06T19:09:09.837Z
2026,5,15876,James Cook,BUF,RB,at LAR,rushYds,Caesars,39.5,over,88.04,-950,,0.9048,0.9048,,1,0.9430,0.0382,0.0382,ev,none,projection,main,live,20261013A957AFD4,2026-10-06T19:09:09.837Z
2026,5,15990,Tyler Goodson,DAL,RB,vs TB,rushYds,Hard Rock,30.5,under,18.05,-350,230,0.7778,0.7196,0.0808,0,0.8160,0.0382,0.0963,ev,multiplicative,projection,main,live,2026100942D78F91,2026-10-06T19:09:09.837Z
2026,5,17017,Brenton Strange,JAX,TE,vs PHI,recYds,Hard Rock,80.5,under,40.27,-2200,700,0.9565,0.8844,0.0815,0,0.9947,0.0382,0.1103,ev,multiplicative,projection,main,live,2026101118C77B29,2026-10-06T19:09:09.837Z
2026,5,11690,Christian McCaffrey,SF,RB,at SEA,recYds,Hard Rock,71.5,under,29.68,-1800,650,0.9474,0.8766,0.0807,0,0.9856,0.0382,0.1089,ev,multiplicative,projection,main,live,202610119C07AE76,2026-10-06T19:09:09.837Z
2026,5,15265,Kyle Pitts,ATL,TE,vs BAL,receptions,Hard Rock,1.5,over,2.71,-300,200,0.7500,0.6923,0.0833,0,0.7882,0.0382,0.0959,ev,multiplicative,projection,main,live,2026101240603BF9,2026-10-06T19:09:09.837Z
2026,5,15853,George Pickens,DAL,WR,vs TB,receptions,DraftKings,8.5,over,4.51,1260,,0.0735,0.0735,,1,0.1117,0.0381,0.0381,ev,none,projection,main,live,2026100942D78F91,2026-10-06T19:09:09.837Z
2026,5,14411,CeeDee Lamb,DAL,WR,vs TB,receptions,BetRivers,6.5,over,6.44,120,,0.4545,0.4545,,1,0.4926,0.0381,0.0381,ev,none,projection,main,live,2026100942D78F91,2026-10-06T19:09:09.837Z
2026,5,18484,Tez Johnson,TB,WR,at DAL,recYds,Hard Rock,15.5,over,16.56,105,-145,0.4878,0.4518,0.0796,0,0.5259,0.0381,0.0741,ev,multiplicative,projection,main,live,2026100942D78F91,2026-10-06T19:09:09.837Z
2026,5,18484,Tez Johnson,TB,WR,at DAL,recYds,Hard Rock,14.5,over,16.56,-105,-130,0.5122,0.4754,0.0774,0,0.5503,0.0381,0.0749,ev,multiplicative,projection,main,live,2026100942D78F91,2026-10-06T19:09:09.837Z
2026,5,19298,Denzel Boston,CLE,WR,at NYJ,recYds,Hard Rock,97.5,under,51.02,-1200,550,0.9231,0.8571,0.0769,0,0.9612,0.0381,0.1040,ev,multiplicative,projection,main,live,2026101112C81881,2026-10-06T19:09:09.837Z
2026,5,11892,George Kittle,SF,TE,at SEA,recYds,Hard Rock,100.5,under,55.78,-750,400,0.8824,0.8152,0.0824,0,0.9205,0.0381,0.1052,ev,multiplicative,projection,main,live,202610119C07AE76,2026-10-06T19:09:09.837Z
2026,5,9253,Mike Evans,SF,WR,at SEA,recYds,Hard Rock,27.5,over,64.8,-425,275,0.8095,0.7522,0.0762,0,0.8477,0.0381,0.0954,ev,multiplicative,projection,main,live,202610119C07AE76,2026-10-06T19:09:09.837Z
2026,5,15834,Brock Purdy,SF,QB,at SEA,passYds,FanDuel,224.5,over,241.08,-122,,0.5495,0.5495,,1,0.5876,0.0380,0.0380,ev,none,projection,main,live,202610119C07AE76,2026-10-06T19:09:09.837Z
2026,5,18524,Bhayshul Tuten,JAX,RB,vs PHI,rushYds,Hard Rock,97.5,under,58.83,-800,425,0.8889,0.8235,0.0794,0,0.9269,0.0380,0.1034,ev,multiplicative,projection,main,live,2026101118C77B29,2026-10-06T19:09:09.837Z
2026,5,8743,Geno Smith,NYJ,QB,vs CLE,passYds,Hard Rock,266.5,under,188.9,-650,350,0.8667,0.7959,0.0889,0,0.9047,0.0380,0.1088,ev,multiplicative,projection,main,live,2026101112C81881,2026-10-06T19:09:09.837Z
2026,5,8743,Geno Smith,NYJ,QB,vs CLE,passYds,Hard Rock,269.5,under,188.9,-700,375,0.8750,0.8061,0.0855,0,0.9130,0.0380,0.1069,ev,multiplicative,projection,main,live,2026101112C81881,2026-10-06T19:09:09.837Z
2026,5,19298,Denzel Boston,CLE,WR,at NYJ,recYds,Hard Rock,85.5,under,51.02,-650,375,0.8667,0.8046,0.0772,0,0.9047,0.0380,0.1001,ev,multiplicative,projection,main,live,2026101112C81881,2026-10-06T19:09:09.837Z
2026,5,17702,Braelon Allen,NYJ,RB,vs CLE,rushYds,Hard Rock,113.5,under,38.23,-850,450,0.8947,0.8311,0.0766,0,0.9328,0.0380,0.1017,ev,multiplicative,projection,main,live,2026101112C81881,2026-10-06T19:09:09.837Z
2026,5,11892,George Kittle,SF,TE,at SEA,recYds,Hard Rock,109.5,under,55.78,-1100,525,0.9167,0.8514,0.0767,0,0.9546,0.0380,0.1032,ev,multiplicative,projection,main,live,202610119C07AE76,2026-10-06T19:09:09.837Z
2026,5,15306,Javonte Williams,DAL,RB,vs TB,receptions,DraftKings,3.5,over,2.81,203,,0.3300,0.3300,,1,0.3680,0.0379,0.0379,ev,none,projection,main,live,2026100942D78F91,2026-10-06T19:09:09.837Z
2026,5,14416,Jalen Hurts,PHI,QB,at JAX,rushYds,Caesars,9.5,over,24.48,-1000,,0.9091,0.9091,,1,0.9470,0.0379,0.0379,ev,none,projection,main,live,2026101118C77B29,2026-10-06T19:09:09.837Z
2026,5,11863,Cooper Kupp,SEA,WR,vs SF,recYds,BetRivers,29.5,over,29.77,114,,0.4673,0.4673,,1,0.5052,0.0379,0.0379,ev,none,projection,main,live,202610119C07AE76,2026-10-06T19:09:09.837Z
2026,5,15853,George Pickens,DAL,WR,vs TB,receptions,Hard Rock,7.5,over,4.51,600,-1500,0.1429,0.1322,0.0804,0,0.1807,0.0379,0.0485,ev,multiplicative,projection,main,live,2026100942D78F91,2026-10-06T19:09:09.837Z
2026,5,8057,Kirk Cousins,LV,QB,at NE,passYds,Hard Rock,284.5,under,210.38,-575,350,0.8519,0.7931,0.0741,0,0.8898,0.0379,0.0967,ev,multiplicative,projection,main,live,202610116AF20186,2026-10-06T19:09:09.837Z
2026,5,15834,Brock Purdy,SF,QB,at SEA,passYds,Hard Rock,221.5,over,241.08,-130,-105,0.5652,0.5246,0.0774,0,0.6031,0.0379,0.0785,ev,multiplicative,projection,main,live,202610119C07AE76,2026-10-06T19:09:09.837Z
2026,5,16560,Rashid Shaheed,SEA,WR,vs SF,recYds,Hard Rock,46.5,over,30.27,425,-800,0.1905,0.1765,0.0794,0,0.2284,0.0379,0.0519,ev,multiplicative,projection,main,live,202610119C07AE76,2026-10-06T19:09:09.837Z
2026,5,14416,Jalen Hurts,PHI,QB,at JAX,passYds,DraftKings,189.5,over,202.54,-118,,0.5413,0.5413,,1,0.5791,0.0378,0.0378,ev,none,projection,main,live,2026101118C77B29,2026-10-06T19:09:09.837Z
2026,5,15834,Brock Purdy,SF,QB,at SEA,int,DraftKings,0.5,over,1.08,-165,129,0.6226,0.5878,0.0593,0,0.6604,0.0378,0.0726,ev,multiplicative,projection,main,live,202610119C07AE76,2026-10-06T19:09:09.837Z
2026,5,11718,Chris Godwin,TB,WR,at DAL,recYds,Hard Rock,7.5,over,43.08,-900,450,0.9000,0.8319,0.0818,0,0.9378,0.0378,0.1058,ev,multiplicative,projection,main,live,2026100942D78F91,2026-10-06T19:09:09.837Z
2026,5,18524,Bhayshul Tuten,JAX,RB,vs PHI,rushYds,Hard Rock,38.5,under,58.83,260,-425,0.2778,0.2555,0.0873,0,0.3156,0.0378,0.0601,ev,multiplicative,projection,main,live,2026101118C77B29,2026-10-06T19:09:09.837Z
2026,5,11712,Deshaun Watson,CLE,QB,at NYJ,rushYds,Hard Rock,57.5,under,14.86,-2500,750,0.9615,0.8910,0.0792,0,0.9994,0.0378,0.1084,ev,multiplicative,projection,main,live,2026101112C81881,2026-10-06T19:09:09.837Z
2026,5,15829,Garrett Wilson,NYJ,WR,vs CLE,recYds,Hard Rock,68.5,under,62.78,-115,-115,0.5349,0.5000,0.0698,0,0.5727,0.0378,0.0727,ev,multiplicative,projection,main,live,2026101112C81881,2026-10-06T19:09:09.837Z
2026,5,19298,Denzel Boston,CLE,WR,at NYJ,recYds,Hard Rock,82.5,under,51.02,-550,350,0.8462,0.7920,0.0684,0,0.8839,0.0378,0.0919,ev,multiplicative,projection,main,live,2026101112C81881,2026-10-06T19:09:09.837Z
2026,5,16946,Tyson Bagent,CHI,QB,at GB,passYds,Hard Rock,215.5,under,204.05,-110,-125,0.5238,0.4853,0.0794,0,0.5616,0.0378,0.0764,ev,multiplicative,projection,main,live,202610112660CB0C,2026-10-06T19:09:09.837Z
2026,5,12490,Sam Darnold,SEA,QB,vs SF,passYds,Hard Rock,164.5,under,229.65,450,-850,0.1818,0.1689,0.0766,0,0.2196,0.0378,0.0507,ev,multiplicative,projection,main,live,202610119C07AE76,2026-10-06T19:09:09.837Z
2026,5,18472,Harold Fannin Jr.,CLE,TE,at NYJ,receptions,DraftKings,3.5,over,4.1,-176,,0.6377,0.6377,,1,0.6753,0.0377,0.0377,ev,none,projection,main,live,2026101112C81881,2026-10-06T19:09:09.837Z
2026,5,18472,Harold Fannin Jr.,CLE,TE,at NYJ,recYds,Hard Rock,74.5,under,39.39,-1400,600,0.9333,0.8673,0.0762,0,0.9710,0.0377,0.1038,ev,multiplicative,projection,main,live,2026101112C81881,2026-10-06T19:09:09.837Z
2026,5,19298,Denzel Boston,CLE,WR,at NYJ,recYds,Hard Rock,95.5,under,51.02,-1100,500,0.9167,0.8462,0.0833,0,0.9543,0.0377,0.1082,ev,multiplicative,projection,main,live,2026101112C81881,2026-10-06T19:09:09.837Z
2026,5,11892,George Kittle,SF,TE,at SEA,recYds,Hard Rock,89.5,under,55.78,-450,275,0.8182,0.7542,0.0848,0,0.8558,0.0377,0.1016,ev,multiplicative,projection,main,live,202610119C07AE76,2026-10-06T19:09:09.837Z
2026,5,16560,Rashid Shaheed,SEA,WR,vs SF,recYds,Hard Rock,2.5,over,30.27,-700,375,0.8750,0.8061,0.0855,0,0.9127,0.0377,0.1066,ev,multiplicative,projection,main,live,202610119C07AE76,2026-10-06T19:09:09.837Z
2026,5,16790,Puka Nacua,LAR,WR,vs BUF,receptions,FanDuel,11.5,over,6.49,847,,0.1056,0.1056,,1,0.1432,0.0376,0.0376,ev,none,projection,main,live,20261013A957AFD4,2026-10-06T19:09:09.837Z
2026,5,11718,Chris Godwin,TB,WR,at DAL,recYds,theScore,9.5,over,43.08,-800,,0.8889,0.8889,,1,0.9265,0.0376,0.0376,ev,none,projection,main,live,2026100942D78F91,2026-10-06T19:09:09.837Z
2026,5,18472,Harold Fannin Jr.,CLE,TE,at NYJ,recYds,Hard Rock,61.5,under,39.39,-550,325,0.8462,0.7824,0.0814,0,0.8838,0.0376,0.1013,ev,multiplicative,projection,main,live,2026101112C81881,2026-10-06T19:09:09.837Z
2026,5,15834,Brock Purdy,SF,QB,at SEA,passYds,Hard Rock,285.5,over,241.08,350,-600,0.2222,0.2059,0.0794,0,0.2598,0.0376,0.0539,ev,multiplicative,projection,main,live,202610119C07AE76,2026-10-06T19:09:09.837Z
2026,5,12490,Sam Darnold,SEA,QB,vs SF,passYds,Hard Rock,169.5,under,229.65,400,-700,0.2000,0.1860,0.0750,0,0.2376,0.0376,0.0515,ev,multiplicative,projection,main,live,202610119C07AE76,2026-10-06T19:09:09.837Z
2026,5,12483,Josh Allen,BUF,QB,at LAR,passYds,Hard Rock,215.5,under,236.56,180,-260,0.3571,0.3309,0.0794,0,0.3948,0.0376,0.0639,ev,multiplicative,projection,main,live,20261013A957AFD4,2026-10-06T19:09:09.837Z
2026,5,18516,Quinshon Judkins,CLE,RB,at NYJ,rushYds,Hard Rock,75.5,under,59.27,-260,180,0.7222,0.6691,0.0794,0,0.7597,0.0375,0.0906,ev,multiplicative,projection,main,live,2026101112C81881,2026-10-06T19:09:09.837Z
2026,5,14371,Jordan Love,GB,QB,vs CHI,passYds,Hard Rock,209.5,over,255.85,-220,150,0.6875,0.6322,0.0875,0,0.7250,0.0375,0.0928,ev,multiplicative,projection,main,live,202610112660CB0C,2026-10-06T19:09:09.837Z
2026,5,16946,Tyson Bagent,CHI,QB,at GB,passYds,Hard Rock,219.5,under,204.05,-120,-115,0.5455,0.5049,0.0803,0,0.5829,0.0375,0.0780,ev,multiplicative,projection,main,live,202610112660CB0C,2026-10-06T19:09:09.837Z
2026,5,11892,George Kittle,SF,TE,at SEA,recYds,Hard Rock,104.5,under,55.78,-900,450,0.9000,0.8319,0.0818,0,0.9375,0.0375,0.1056,ev,multiplicative,projection,main,live,202610119C07AE76,2026-10-06T19:09:09.837Z
2026,5,16560,Rashid Shaheed,SEA,WR,vs SF,receptions,Hard Rock,4.5,over,2.23,1000,-4000,0.0909,0.0852,0.0665,0,0.1284,0.0375,0.0431,ev,multiplicative,projection,main,live,202610119C07AE76,2026-10-06T19:09:09.837Z
2026,5,15850,Jahan Dotson,ATL,WR,vs BAL,recYds,Hard Rock,64.5,under,15.76,-2500,800,0.9615,0.8964,0.0726,0,0.9991,0.0375,0.1027,ev,multiplicative,projection,main,live,2026101240603BF9,2026-10-06T19:09:09.837Z
2026,5,19292,Jalon Daniels,TB,QB,at DAL,passYds,Hard Rock,323.5,over,209.11,3000,,0.0323,0.0323,,1,0.0696,0.0374,0.0374,ev,none,projection,main,live,2026100942D78F91,2026-10-06T19:09:09.837Z
2026,5,19321,Josh Cameron,JAX,WR,vs PHI,receptions,Hard Rock,0.5,under,1.07,275,-450,0.2667,0.2458,0.0848,0,0.3041,0.0374,0.0583,ev,multiplicative,projection,main,live,2026101118C77B29,2026-10-06T19:09:09.837Z
2026,5,8743,Geno Smith,NYJ,QB,vs CLE,rushYds,Hard Rock,35.5,under,13.84,-2500,750,0.9615,0.8910,0.0792,0,0.9989,0.0374,0.1080,ev,multiplicative,projection,main,live,2026101112C81881,2026-10-06T19:09:09.837Z
2026,5,16946,Tyson Bagent,CHI,QB,at GB,passYds,Hard Rock,217.5,under,204.05,-115,-120,0.5349,0.4951,0.0803,0,0.5723,0.0374,0.0772,ev,multiplicative,projection,main,live,202610112660CB0C,2026-10-06T19:09:09.837Z
2026,5,14371,Jordan Love,GB,QB,vs CHI,passYds,Hard Rock,325.5,over,255.85,700,-2000,0.1250,0.1160,0.0774,0,0.1624,0.0374,0.0464,ev,multiplicative,projection,main,live,202610112660CB0C,2026-10-06T19:09:09.837Z
2026,5,15876,James Cook,BUF,RB,at LAR,rushYds,Hard Rock,96.5,over,88.04,190,-275,0.3448,0.3198,0.0782,0,0.3822,0.0374,0.0624,ev,multiplicative,projection,main,live,20261013A957AFD4,2026-10-06T19:09:09.837Z
2026,5,11718,Chris Godwin,TB,WR,at DAL,receptions,Caesars,1.5,over,3.83,-625,,0.8621,0.8621,,1,0.8993,0.0373,0.0373,ev,none,projection,main,live,2026100942D78F91,2026-10-06T19:09:09.837Z
2026,5,15222,Kenneth Gainwell,TB,RB,at DAL,recYds,Hard Rock,27.5,over,18.34,325,-500,0.2353,0.2202,0.0686,0,0.2725,0.0373,0.0524,ev,multiplicative,projection,main,live,2026100942D78F91,2026-10-06T19:09:09.837Z
2026,5,16690,Parker Washington,JAX,WR,vs PHI,recYds,Hard Rock,66.5,over,68.35,110,-155,0.4762,0.4393,0.0840,0,0.5135,0.0373,0.0742,ev,multiplicative,projection,main,live,2026101118C77B29,2026-10-06T19:09:09.837Z
2026,5,8057,Kirk Cousins,LV,QB,at NE,passYds,Hard Rock,282.5,under,210.38,-550,325,0.8462,0.7824,0.0814,0,0.8834,0.0373,0.1010,ev,multiplicative,projection,main,live,202610116AF20186,2026-10-06T19:09:09.837Z
2026,5,15850,Jahan Dotson,ATL,WR,vs BAL,recYds,Hard Rock,63.5,under,15.76,-2500,700,0.9615,0.8850,0.0865,0,0.9989,0.0373,0.1139,ev,multiplicative,projection,main,live,2026101240603BF9,2026-10-06T19:09:09.837Z
2026,5,12483,Josh Allen,BUF,QB,at LAR,passYds,Hard Rock,210.5,under,236.56,200,-300,0.3333,0.3077,0.0833,0,0.3706,0.0373,0.0629,ev,multiplicative,projection,main,live,20261013A957AFD4,2026-10-06T19:09:09.837Z
2026,5,16032,Cade Otton,TB,TE,at DAL,recYds,Hard Rock,10.5,over,36.11,-650,375,0.8667,0.8046,0.0772,0,0.9038,0.0372,0.0993,ev,multiplicative,projection,main,live,2026100942D78F91,2026-10-06T19:09:09.837Z
2026,5,18524,Bhayshul Tuten,JAX,RB,vs PHI,rushYds,Hard Rock,105.5,under,58.83,-1200,550,0.9231,0.8571,0.0769,0,0.9603,0.0372,0.1031,ev,multiplicative,projection,main,live,2026101118C77B29,2026-10-06T19:09:09.837Z
2026,5,18524,Bhayshul Tuten,JAX,RB,vs PHI,rushYds,Hard Rock,98.5,under,58.83,-850,425,0.8947,0.8245,0.0852,0,0.9320,0.0372,0.1075,ev,multiplicative,projection,main,live,2026101118C77B29,2026-10-06T19:09:09.837Z
2026,5,8057,Kirk Cousins,LV,QB,at NE,passYds,Hard Rock,274.5,under,210.38,-450,275,0.8182,0.7542,0.0848,0,0.8554,0.0372,0.1012,ev,multiplicative,projection,main,live,202610116AF20186,2026-10-06T19:09:09.837Z
2026,5,15834,Brock Purdy,SF,QB,at SEA,passYds,Hard Rock,223.5,over,241.08,-125,-110,0.5556,0.5147,0.0794,0,0.5928,0.0372,0.0781,ev,multiplicative,projection,main,live,202610119C07AE76,2026-10-06T19:09:09.837Z
2026,5,10819,Derrick Henry,BAL,RB,at ATL,rushYds,Hard Rock,165.5,under,97.07,-2200,700,0.9565,0.8844,0.0815,0,0.9937,0.0372,0.1093,ev,multiplicative,projection,main,live,2026101240603BF9,2026-10-06T19:09:09.837Z
2026,5,17690,Blake Corum,LAR,RB,vs BUF,rushYds,Hard Rock,82.5,over,43.22,1200,-5000,0.0769,0.0728,0.0573,0,0.1141,0.0372,0.0414,ev,multiplicative,projection,main,live,20261013A957AFD4,2026-10-06T19:09:09.837Z
2026,5,18484,Tez Johnson,TB,WR,at DAL,recYds,Hard Rock,4.5,over,16.56,-275,185,0.7333,0.6764,0.0842,0,0.7704,0.0371,0.0940,ev,multiplicative,projection,main,live,2026100942D78F91,2026-10-06T19:09:09.837Z
2026,5,15834,Brock Purdy,SF,QB,at SEA,passYds,Hard Rock,276.5,over,241.08,275,-450,0.2667,0.2458,0.0848,0,0.3038,0.0371,0.0580,ev,multiplicative,projection,main,live,202610119C07AE76,2026-10-06T19:09:09.837Z
2026,5,9455,Davante Adams,LAR,WR,vs BUF,receptions,DraftKings,7.5,over,4.44,750,,0.1176,0.1176,,1,0.1546,0.0370,0.0370,ev,none,projection,main,live,20261013A957AFD4,2026-10-06T19:09:09.837Z
2026,5,18524,Bhayshul Tuten,JAX,RB,vs PHI,rushYds,Hard Rock,93.5,under,58.83,-650,350,0.8667,0.7959,0.0889,0,0.9037,0.0370,0.1078,ev,multiplicative,projection,main,live,2026101118C77B29,2026-10-06T19:09:09.837Z
2026,5,14416,Jalen Hurts,PHI,QB,at JAX,rushYds,Hard Rock,11.5,over,24.48,-750,400,0.8824,0.8152,0.0824,0,0.9194,0.0370,0.1041,ev,multiplicative,projection,main,live,2026101118C77B29,2026-10-06T19:09:09.837Z
2026,5,18516,Quinshon Judkins,CLE,RB,at NYJ,rushYds,Hard Rock,116.5,under,59.27,-2200,700,0.9565,0.8844,0.0815,0,0.9936,0.0370,0.1091,ev,multiplicative,projection,main,live,2026101112C81881,2026-10-06T19:09:09.837Z
2026,5,18472,Harold Fannin Jr.,CLE,TE,at NYJ,recYds,Hard Rock,16.5,over,39.39,-650,375,0.8667,0.8046,0.0772,0,0.9037,0.0370,0.0991,ev,multiplicative,projection,main,live,2026101112C81881,2026-10-06T19:09:09.837Z
2026,5,9455,Davante Adams,LAR,WR,vs BUF,receptions,FanDuel,7.5,over,4.44,749,,0.1178,0.1178,,1,0.1546,0.0369,0.0369,ev,none,projection,main,live,20261013A957AFD4,2026-10-06T19:09:09.837Z
2026,5,18472,Harold Fannin Jr.,CLE,TE,at NYJ,recYds,Hard Rock,63.5,under,39.39,-650,375,0.8667,0.8046,0.0772,0,0.9035,0.0369,0.0990,ev,multiplicative,projection,main,live,2026101112C81881,2026-10-06T19:09:09.837Z
2026,5,18472,Harold Fannin Jr.,CLE,TE,at NYJ,recYds,Hard Rock,75.5,under,39.39,-1500,600,0.9375,0.8678,0.0804,0,0.9744,0.0369,0.1066,ev,multiplicative,projection,main,live,2026101112C81881,2026-10-06T19:09:09.837Z
2026,5,15853,George Pickens,DAL,WR,vs TB,recYds,FanDuel,59.5,over,66.73,-132,,0.5690,0.5690,,1,0.6057,0.0368,0.0368,ev,none,projection,main,live,2026100942D78F91,2026-10-06T19:09:09.837Z
2026,5,15834,Brock Purdy,SF,QB,at SEA,rushYds,DraftKings,19.5,under,17.22,-117,-107,0.5392,0.5105,0.0561,0,0.5759,0.0368,0.0654,ev,multiplicative,projection,main,live,202610119C07AE76,2026-10-06T19:09:09.837Z
2026,5,16739,Bijan Robinson,ATL,RB,vs BAL,receptions,FanDuel,3.5,over,4.19,-136,102,0.5763,0.5379,0.0713,0,0.6131,0.0368,0.0751,ev,multiplicative,projection,main,live,2026101240603BF9,2026-10-06T19:09:09.837Z
2026,5,17784,Bucky Irving,TB,RB,at DAL,recYds,Hard Rock,33.5,over,23.17,350,-575,0.2222,0.2069,0.0741,0,0.2590,0.0368,0.0521,ev,multiplicative,projection,main,live,2026100942D78F91,2026-10-06T19:09:09.837Z
2026,5,15306,Javonte Williams,DAL,RB,vs TB,recYds,Hard Rock,6.5,over,16.44,-300,200,0.7500,0.6923,0.0833,0,0.7868,0.0368,0.0945,ev,multiplicative,projection,main,live,2026100942D78F91,2026-10-06T19:09:09.837Z
2026,5,18524,Bhayshul Tuten,JAX,RB,vs PHI,rushYds,Hard Rock,99.5,under,58.83,-900,450,0.9000,0.8319,0.0818,0,0.9368,0.0368,0.1048,ev,multiplicative,projection,main,live,2026101118C77B29,2026-10-06T19:09:09.837Z
2026,5,18524,Bhayshul Tuten,JAX,RB,vs PHI,rushYds,Hard Rock,90.5,under,58.83,-550,325,0.8462,0.7824,0.0814,0,0.8830,0.0368,0.1006,ev,multiplicative,projection,main,live,2026101118C77B29,2026-10-06T19:09:09.837Z
2026,5,18472,Harold Fannin Jr.,CLE,TE,at NYJ,recYds,Hard Rock,62.5,under,39.39,-600,350,0.8571,0.7941,0.0794,0,0.8940,0.0368,0.0999,ev,multiplicative,projection,main,live,2026101112C81881,2026-10-06T19:09:09.837Z
2026,5,11892,George Kittle,SF,TE,at SEA,recYds,Hard Rock,90.5,under,55.78,-475,300,0.8261,0.7677,0.0761,0,0.8629,0.0368,0.0952,ev,multiplicative,projection,main,live,202610119C07AE76,2026-10-06T19:09:09.837Z
2026,5,17690,Blake Corum,LAR,RB,vs BUF,rushYds,Hard Rock,81.5,over,43.22,1100,-5000,0.0833,0.0783,0.0637,0,0.1202,0.0368,0.0418,ev,multiplicative,projection,main,live,20261013A957AFD4,2026-10-06T19:09:09.837Z
2026,5,12483,Josh Allen,BUF,QB,at LAR,rushYds,Hard Rock,74.5,under,37.26,-2500,800,0.9615,0.8964,0.0726,0,0.9983,0.0368,0.1019,ev,multiplicative,projection,main,live,20261013A957AFD4,2026-10-06T19:09:09.837Z
2026,5,19320,Ted Hurst,TB,WR,at DAL,recYds,FanDuel,14.5,over,25.73,-208,,0.6753,0.6753,,1,0.7121,0.0367,0.0367,ev,none,projection,main,live,2026100942D78F91,2026-10-06T19:09:09.837Z
2026,5,15947,Jake Ferguson,DAL,TE,vs TB,recYds,Hard Rock,32.5,over,31.8,125,-175,0.4444,0.4112,0.0808,0,0.4812,0.0367,0.0700,ev,multiplicative,projection,main,live,2026100942D78F91,2026-10-06T19:09:09.837Z
2026,5,18524,Bhayshul Tuten,JAX,RB,vs PHI,rushYds,Hard Rock,103.5,under,58.83,-1100,500,0.9167,0.8462,0.0833,0,0.9534,0.0367,0.1072,ev,multiplicative,projection,main,live,2026101118C77B29,2026-10-06T19:09:09.837Z
2026,5,8743,Geno Smith,NYJ,QB,vs CLE,passYds,Hard Rock,274.5,under,188.9,-800,425,0.8889,0.8235,0.0794,0,0.9256,0.0367,0.1021,ev,multiplicative,projection,main,live,2026101112C81881,2026-10-06T19:09:09.837Z
2026,5,8057,Kirk Cousins,LV,QB,at NE,passYds,Hard Rock,276.5,under,210.38,-475,300,0.8261,0.7677,0.0761,0,0.8628,0.0367,0.0951,ev,multiplicative,projection,main,live,202610116AF20186,2026-10-06T19:09:09.837Z
2026,5,15834,Brock Purdy,SF,QB,at SEA,passYds,Hard Rock,216.5,over,241.08,-145,105,0.5918,0.5482,0.0796,0,0.6286,0.0367,0.0804,ev,multiplicative,projection,main,live,202610119C07AE76,2026-10-06T19:09:09.837Z
2026,5,19320,Ted Hurst,TB,WR,at DAL,recYds,FanDuel,24.5,over,25.73,105,,0.4878,0.4878,,1,0.5244,0.0366,0.0366,ev,none,projection,main,live,2026100942D78F91,2026-10-06T19:09:09.837Z
2026,5,16919,Zay Flowers,BAL,WR,at ATL,recYds,FanDuel,24.5,over,84.25,-1451,,0.9355,0.9355,,1,0.9721,0.0366,0.0366,ev,none,projection,main,live,2026101240603BF9,2026-10-06T19:09:09.837Z
2026,5,15306,Javonte Williams,DAL,RB,vs TB,recYds,Hard Rock,52.5,under,16.44,-2200,700,0.9565,0.8844,0.0815,0,0.9931,0.0366,0.1087,ev,multiplicative,projection,main,live,2026100942D78F91,2026-10-06T19:09:09.837Z
2026,5,15829,Garrett Wilson,NYJ,WR,vs CLE,recYds,Hard Rock,125.5,under,62.78,-1600,650,0.9412,0.8759,0.0745,0,0.9778,0.0366,0.1019,ev,multiplicative,projection,main,live,2026101112C81881,2026-10-06T19:09:09.837Z
2026,5,8057,Kirk Cousins,LV,QB,at NE,passYds,Hard Rock,278.5,under,210.38,-500,300,0.8333,0.7692,0.0833,0,0.8699,0.0366,0.1007,ev,multiplicative,projection,main,live,202610116AF20186,2026-10-06T19:09:09.837Z
2026,5,15834,Brock Purdy,SF,QB,at SEA,rushYds,Hard Rock,44.5,under,17.22,-2000,700,0.9524,0.8840,0.0774,0,0.9890,0.0366,0.1051,ev,multiplicative,projection,main,live,202610119C07AE76,2026-10-06T19:09:09.837Z
2026,5,11863,Cooper Kupp,SEA,WR,vs SF,recYds,Hard Rock,28.5,over,29.77,105,-145,0.4878,0.4518,0.0796,0,0.5244,0.0366,0.0726,ev,multiplicative,projection,main,live,202610119C07AE76,2026-10-06T19:09:09.837Z
2026,5,15853,George Pickens,DAL,WR,vs TB,receptions,Hard Rock,6.5,over,4.51,325,-575,0.2353,0.2164,0.0871,0,0.2718,0.0365,0.0554,ev,multiplicative,projection,main,live,2026100942D78F91,2026-10-06T19:09:09.837Z
2026,5,19298,Denzel Boston,CLE,WR,at NYJ,recYds,Hard Rock,100.5,under,51.02,-1400,600,0.9333,0.8673,0.0762,0,0.9698,0.0365,0.1026,ev,multiplicative,projection,main,live,2026101112C81881,2026-10-06T19:09:09.837Z
2026,5,14371,Jordan Love,GB,QB,vs CHI,passYds,Hard Rock,207.5,over,255.85,-230,160,0.6970,0.6444,0.0816,0,0.7335,0.0365,0.0891,ev,multiplicative,projection,main,live,202610112660CB0C,2026-10-06T19:09:09.837Z
2026,5,11690,Christian McCaffrey,SF,RB,at SEA,rushYds,Hard Rock,112.5,under,58.96,-2500,750,0.9615,0.8910,0.0792,0,0.9980,0.0365,0.1071,ev,multiplicative,projection,main,live,202610119C07AE76,2026-10-06T19:09:09.837Z
2026,5,10819,Derrick Henry,BAL,RB,at ATL,rushYds,Hard Rock,164.5,under,97.07,-2200,700,0.9565,0.8844,0.0815,0,0.9930,0.0365,0.1086,ev,multiplicative,projection,main,live,2026101240603BF9,2026-10-06T19:09:09.837Z
2026,5,9455,Davante Adams,LAR,WR,vs BUF,recYds,Hard Rock,106.5,over,79.89,425,-800,0.1905,0.1765,0.0794,0,0.2269,0.0364,0.0504,ev,multiplicative,projection,main,live,20261013A957AFD4,2026-10-06T19:09:09.837Z
2026,5,19292,Jalon Daniels,TB,QB,at DAL,passAtt,DraftKings,29.5,over,29.72,111,,0.4739,0.4739,,1,0.5102,0.0363,0.0363,ev,none,projection,main,live,2026100942D78F91,2026-10-06T19:09:09.837Z
2026,5,9253,Mike Evans,SF,WR,at SEA,receptions,DraftKings,6.5,over,4.27,571,,0.1490,0.1490,,1,0.1853,0.0363,0.0363,ev,none,projection,main,live,202610119C07AE76,2026-10-06T19:09:09.837Z
2026,5,15829,Garrett Wilson,NYJ,WR,vs CLE,recYds,Hard Rock,67.5,under,62.78,-110,-130,0.5238,0.4810,0.0890,0,0.5601,0.0363,0.0791,ev,multiplicative,projection,main,live,2026101112C81881,2026-10-06T19:09:09.837Z
2026,5,19298,Denzel Boston,CLE,WR,at NYJ,recYds,Hard Rock,81.5,under,51.02,-525,325,0.8400,0.7812,0.0753,0,0.8763,0.0363,0.0952,ev,multiplicative,projection,main,live,2026101112C81881,2026-10-06T19:09:09.837Z
2026,5,18472,Harold Fannin Jr.,CLE,TE,at NYJ,recYds,Hard Rock,76.5,under,39.39,-1600,600,0.9412,0.8682,0.0840,0,0.9775,0.0363,0.1092,ev,multiplicative,projection,main,live,2026101112C81881,2026-10-06T19:09:09.837Z
2026,5,11892,George Kittle,SF,TE,at SEA,recYds,Hard Rock,91.5,under,55.78,-500,300,0.8333,0.7692,0.0833,0,0.8697,0.0363,0.1004,ev,multiplicative,projection,main,live,202610119C07AE76,2026-10-06T19:09:09.837Z
2026,5,9455,Davante Adams,LAR,WR,vs BUF,receptions,Hard Rock,6.5,over,4.44,375,-700,0.2105,0.1939,0.0855,0,0.2468,0.0363,0.0529,ev,multiplicative,projection,main,live,20261013A957AFD4,2026-10-06T19:09:09.837Z
2026,5,12483,Josh Allen,BUF,QB,at LAR,rushYds,Hard Rock,73.5,under,37.26,-2500,700,0.9615,0.8850,0.0865,0,0.9979,0.0363,0.1129,ev,multiplicative,projection,main,live,20261013A957AFD4,2026-10-06T19:09:09.837Z
2026,5,15306,Javonte Williams,DAL,RB,vs TB,recYds,Hard Rock,29.5,under,16.44,-350,220,0.7778,0.7134,0.0903,0,0.8139,0.0362,0.1006,ev,multiplicative,projection,main,live,2026100942D78F91,2026-10-06T19:09:09.837Z
2026,5,17784,Bucky Irving,TB,RB,at DAL,rushYds,Hard Rock,106.5,over,75.16,800,-3000,0.1111,0.1030,0.0789,0,0.1473,0.0362,0.0443,ev,multiplicative,projection,main,live,2026100942D78F91,2026-10-06T19:09:09.837Z
2026,5,12490,Sam Darnold,SEA,QB,vs SF,passYds,Hard Rock,166.5,under,229.65,425,-800,0.1905,0.1765,0.0794,0,0.2267,0.0362,0.0502,ev,multiplicative,projection,main,live,202610119C07AE76,2026-10-06T19:09:09.837Z
2026,5,15834,Brock Purdy,SF,QB,at SEA,passYds,theScore,274.5,over,241.08,260,,0.2778,0.2778,,1,0.3140,0.0362,0.0362,ev,none,projection,main,live,202610119C07AE76,2026-10-06T19:09:09.837Z
2026,5,15868,Drake London,ATL,WR,vs BAL,recYds,Hard Rock,64.5,over,93.95,-240,170,0.7059,0.6559,0.0763,0,0.7421,0.0362,0.0862,ev,multiplicative,projection,main,live,2026101240603BF9,2026-10-06T19:09:09.837Z
2026,5,14371,Jordan Love,GB,QB,vs CHI,passYds,Hard Rock,323.5,over,255.85,650,-1800,0.1333,0.1234,0.0807,0,0.1694,0.0361,0.0461,ev,multiplicative,projection,main,live,202610112660CB0C,2026-10-06T19:09:09.837Z
2026,5,11863,Cooper Kupp,SEA,WR,vs SF,recYds,Hard Rock,20.5,over,29.77,-175,125,0.6364,0.5888,0.0808,0,0.6724,0.0361,0.0836,ev,multiplicative,projection,main,live,202610119C07AE76,2026-10-06T19:09:09.837Z
2026,5,11690,Christian McCaffrey,SF,RB,at SEA,rushYds,Hard Rock,111.5,under,58.96,-2500,750,0.9615,0.8910,0.0792,0,0.9977,0.0361,0.1067,ev,multiplicative,projection,main,live,202610119C07AE76,2026-10-06T19:09:09.837Z
2026,5,11718,Chris Godwin,TB,WR,at DAL,receptions,DraftKings,8.5,over,3.83,2800,,0.0345,0.0345,,1,0.0705,0.0360,0.0360,ev,none,projection,main,live,2026100942D78F91,2026-10-06T19:09:09.837Z
2026,5,14371,Jordan Love,GB,QB,vs CHI,passYds,Hard Rock,205.5,over,255.85,-240,170,0.7059,0.6559,0.0763,0,0.7419,0.0360,0.0860,ev,multiplicative,projection,main,live,202610112660CB0C,2026-10-06T19:09:09.837Z
2026,5,11863,Cooper Kupp,SEA,WR,vs SF,recYds,theScore,25.5,over,29.77,-120,-110,0.5455,0.5101,0.0693,0,0.5815,0.0360,0.0714,ev,multiplicative,projection,main,live,202610119C07AE76,2026-10-06T19:09:09.837Z
2026,5,12483,Josh Allen,BUF,QB,at LAR,passYds,Hard Rock,216.5,under,236.56,175,-250,0.3636,0.3373,0.0779,0,0.3997,0.0360,0.0623,ev,multiplicative,projection,main,live,20261013A957AFD4,2026-10-06T19:09:09.837Z
2026,5,19292,Jalon Daniels,TB,QB,at DAL,passYds,Hard Rock,159.5,over,209.11,-210,145,0.6774,0.6240,0.0856,0,0.7134,0.0359,0.0893,ev,multiplicative,projection,main,live,2026100942D78F91,2026-10-06T19:09:09.837Z
2026,5,11718,Chris Godwin,TB,WR,at DAL,recYds,Hard Rock,82.5,over,43.08,1200,-5000,0.0769,0.0728,0.0573,0,0.1128,0.0359,0.0400,ev,multiplicative,projection,main,live,2026100942D78F91,2026-10-06T19:09:09.837Z
2026,5,18516,Quinshon Judkins,CLE,RB,at NYJ,rushYds,Hard Rock,77.5,under,59.27,-300,195,0.7500,0.6887,0.0890,0,0.7859,0.0359,0.0972,ev,multiplicative,projection,main,live,2026101112C81881,2026-10-06T19:09:09.837Z
2026,5,8743,Geno Smith,NYJ,QB,vs CLE,passYds,Hard Rock,271.5,under,188.9,-750,400,0.8824,0.8152,0.0824,0,0.9182,0.0359,0.1030,ev,multiplicative,projection,main,live,2026101112C81881,2026-10-06T19:09:09.837Z
2026,5,11892,George Kittle,SF,TE,at SEA,recYds,Hard Rock,85.5,under,55.78,-375,250,0.7895,0.7343,0.0752,0,0.8253,0.0359,0.0911,ev,multiplicative,projection,main,live,202610119C07AE76,2026-10-06T19:09:09.837Z
2026,5,15853,George Pickens,DAL,WR,vs TB,recYds,Hard Rock,60.5,over,66.73,-125,-110,0.5556,0.5147,0.0794,0,0.5914,0.0358,0.0767,ev,multiplicative,projection,main,live,2026100942D78F91,2026-10-06T19:09:09.837Z
2026,5,17716,Brian Thomas Jr.,JAX,WR,vs PHI,recYds,Hard Rock,47.5,over,33.71,325,-550,0.2353,0.2176,0.0814,0,0.2711,0.0358,0.0535,ev,multiplicative,projection,main,live,2026101118C77B29,2026-10-06T19:09:09.837Z
2026,5,18524,Bhayshul Tuten,JAX,RB,vs PHI,recYds,Hard Rock,12.5,over,12.52,115,-160,0.4651,0.4305,0.0805,0,0.5009,0.0358,0.0705,ev,multiplicative,projection,main,live,2026101118C77B29,2026-10-06T19:09:09.837Z
2026,5,11690,Christian McCaffrey,SF,RB,at SEA,rushYds,Hard Rock,75.5,under,58.96,-350,225,0.7778,0.7165,0.0855,0,0.8136,0.0358,0.0970,ev,multiplicative,projection,main,live,202610119C07AE76,2026-10-06T19:09:09.837Z
2026,5,10819,Derrick Henry,BAL,RB,at ATL,rushYds,Hard Rock,121.5,under,97.07,-350,225,0.7778,0.7165,0.0855,0,0.8136,0.0358,0.0970,ev,multiplicative,projection,main,live,2026101240603BF9,2026-10-06T19:09:09.837Z
2026,5,5971,Matthew Stafford,LAR,QB,vs BUF,passYds,Hard Rock,347.5,under,260.27,-650,375,0.8667,0.8046,0.0772,0,0.9025,0.0358,0.0979,ev,multiplicative,projection,main,live,20261013A957AFD4,2026-10-06T19:09:09.837Z
2026,5,18549,Emeka Egbuka,TB,WR,at DAL,recYds,Caesars,79.5,over,46.67,1000,,0.0909,0.0909,,1,0.1266,0.0357,0.0357,ev,none,projection,main,live,2026100942D78F91,2026-10-06T19:09:09.837Z
2026,5,15990,Tyler Goodson,DAL,RB,vs TB,rushYds,Hard Rock,56.5,under,18.05,-2500,750,0.9615,0.8910,0.0792,0,0.9973,0.0357,0.1063,ev,multiplicative,projection,main,live,2026100942D78F91,2026-10-06T19:09:09.837Z
2026,5,19298,Denzel Boston,CLE,WR,at NYJ,recYds,Hard Rock,98.5,under,51.02,-1300,550,0.9286,0.8579,0.0824,0,0.9642,0.0357,0.1064,ev,multiplicative,projection,main,live,2026101112C81881,2026-10-06T19:09:09.837Z
2026,5,8057,Kirk Cousins,LV,QB,at NE,passYds,Hard Rock,285.5,under,210.38,-600,350,0.8571,0.7941,0.0794,0,0.8929,0.0357,0.0987,ev,multiplicative,projection,main,live,202610116AF20186,2026-10-06T19:09:09.837Z
2026,5,15907,Brian Robinson Jr.,ATL,RB,vs BAL,rushYds,Hard Rock,44.5,under,23.17,-220,150,0.6875,0.6322,0.0875,0,0.7232,0.0357,0.0910,ev,multiplicative,projection,main,live,2026101240603BF9,2026-10-06T19:09:09.837Z
2026,5,16790,Puka Nacua,LAR,WR,vs BUF,receptions,Hard Rock,13.5,over,6.49,3000,,0.0323,0.0323,,1,0.0679,0.0357,0.0357,ev,none,projection,main,live,20261013A957AFD4,2026-10-06T19:09:09.837Z
2026,5,16790,Puka Nacua,LAR,WR,vs BUF,receptions,Hard Rock,6.5,under,6.49,115,-160,0.4651,0.4305,0.0805,0,0.5008,0.0357,0.0704,ev,multiplicative,projection,main,live,20261013A957AFD4,2026-10-06T19:09:09.837Z
2026,5,16654,Jaxon Smith-Njigba,SEA,WR,vs SF,recYds,DraftKings,149.5,over,98.76,620,,0.1389,0.1389,,1,0.1745,0.0356,0.0356,ev,none,projection,main,live,202610119C07AE76,2026-10-06T19:09:09.837Z
2026,5,14411,CeeDee Lamb,DAL,WR,vs TB,recYds,Hard Rock,60.5,over,94.13,-275,190,0.7333,0.6802,0.0782,0,0.7689,0.0356,0.0887,ev,multiplicative,projection,main,live,2026100942D78F91,2026-10-06T19:09:09.837Z
2026,5,11718,Chris Godwin,TB,WR,at DAL,recYds,Hard Rock,83.5,over,43.08,1300,-6000,0.0714,0.0677,0.0550,0,0.1070,0.0356,0.0393,ev,multiplicative,projection,main,live,2026100942D78F91,2026-10-06T19:09:09.837Z
2026,5,9455,Davante Adams,LAR,WR,vs BUF,recYds,BetRivers,49.5,over,79.89,-210,,0.6774,0.6774,,1,0.7129,0.0355,0.0355,ev,none,projection,main,live,20261013A957AFD4,2026-10-06T19:09:09.837Z
2026,5,15990,Tyler Goodson,DAL,RB,vs TB,rushYds,Hard Rock,4.5,under,18.05,375,-650,0.2105,0.1954,0.0772,0,0.2460,0.0355,0.0505,ev,multiplicative,projection,main,live,2026100942D78F91,2026-10-06T19:09:09.837Z
2026,5,9455,Davante Adams,LAR,WR,vs BUF,recYds,Hard Rock,49.5,over,79.89,-210,145,0.6774,0.6240,0.0856,0,0.7129,0.0355,0.0889,ev,multiplicative,projection,main,live,20261013A957AFD4,2026-10-06T19:09:09.837Z
2026,5,17690,Blake Corum,LAR,RB,vs BUF,rushYds,Hard Rock,80.5,over,43.22,1000,-4000,0.0909,0.0852,0.0665,0,0.1264,0.0355,0.0412,ev,multiplicative,projection,main,live,20261013A957AFD4,2026-10-06T19:09:09.837Z
2026,5,9455,Davante Adams,LAR,WR,vs BUF,recYds,Hard Rock,105.5,over,79.89,400,-750,0.2000,0.1848,0.0824,0,0.2355,0.0355,0.0507,ev,multiplicative,projection,main,live,20261013A957AFD4,2026-10-06T19:09:09.837Z
2026,5,14411,CeeDee Lamb,DAL,WR,vs TB,receptions,FanDuel,9.5,over,6.44,627,,0.1376,0.1376,,1,0.1730,0.0354,0.0354,ev,none,projection,main,live,2026100942D78F91,2026-10-06T19:09:09.837Z
2026,5,15807,Kyren Williams,LAR,RB,vs BUF,rushAtt,DraftKings,15.5,under,15.03,-118,-108,0.5413,0.5104,0.0605,0,0.5766,0.0354,0.0662,ev,multiplicative,projection,main,live,20261013A957AFD4,2026-10-06T19:09:09.837Z
2026,5,18524,Bhayshul Tuten,JAX,RB,vs PHI,rushYds,Hard Rock,89.5,under,58.83,-525,325,0.8400,0.7812,0.0753,0,0.8754,0.0354,0.0943,ev,multiplicative,projection,main,live,2026101118C77B29,2026-10-06T19:09:09.837Z
2026,5,15907,Brian Robinson Jr.,ATL,RB,vs BAL,rushYds,Hard Rock,45.5,under,23.17,-230,160,0.6970,0.6444,0.0816,0,0.7324,0.0354,0.0880,ev,multiplicative,projection,main,live,2026101240603BF9,2026-10-06T19:09:09.837Z
2026,5,11008,Dak Prescott,DAL,QB,vs TB,passTD,Caesars,1.5,under,1.96,162,-205,0.3817,0.3622,0.0538,0,0.4169,0.0353,0.0548,ev,multiplicative,projection,main,live,2026100942D78F91,2026-10-06T19:09:09.837Z
2026,5,16654,Jaxon Smith-Njigba,SEA,WR,vs SF,recYds,DraftKings,109.5,over,98.76,159,,0.3861,0.3861,,1,0.4214,0.0353,0.0353,ev,none,projection,main,live,202610119C07AE76,2026-10-06T19:09:09.837Z
2026,5,15834,Brock Purdy,SF,QB,at SEA,passYds,Caesars,219.5,over,241.08,-137,,0.5781,0.5781,,1,0.6133,0.0353,0.0353,ev,none,projection,main,live,202610119C07AE76,2026-10-06T19:09:09.837Z
2026,5,16690,Parker Washington,JAX,WR,vs PHI,recYds,Hard Rock,63.5,over,68.35,100,-135,0.5000,0.4653,0.0745,0,0.5353,0.0353,0.0699,ev,multiplicative,projection,main,live,2026101118C77B29,2026-10-06T19:09:09.837Z
2026,5,15834,Brock Purdy,SF,QB,at SEA,passYds,Hard Rock,288.5,over,241.08,375,-650,0.2105,0.1954,0.0772,0,0.2459,0.0353,0.0504,ev,multiplicative,projection,main,live,202610119C07AE76,2026-10-06T19:09:09.837Z
2026,5,17017,Brenton Strange,JAX,TE,vs PHI,receptions,Caesars,3.5,over,3.79,-109,-121,0.5215,0.4878,0.0690,0,0.5568,0.0352,0.0689,ev,multiplicative,projection,main,live,2026101118C77B29,2026-10-06T19:09:09.837Z
2026,5,14371,Jordan Love,GB,QB,vs CHI,passYds,Caesars,339.5,over,255.85,1100,,0.0833,0.0833,,1,0.1185,0.0352,0.0352,ev,none,projection,main,live,202610112660CB0C,2026-10-06T19:09:09.837Z
2026,5,14411,CeeDee Lamb,DAL,WR,vs TB,recYds,Hard Rock,105.5,over,94.13,195,-275,0.3390,0.3161,0.0723,0,0.3742,0.0352,0.0581,ev,multiplicative,projection,main,live,2026100942D78F91,2026-10-06T19:09:09.837Z
2026,5,19321,Josh Cameron,JAX,WR,vs PHI,recYds,Hard Rock,51.5,under,12.85,-2500,750,0.9615,0.8910,0.0792,0,0.9967,0.0352,0.1057,ev,multiplicative,projection,main,live,2026101118C77B29,2026-10-06T19:09:09.837Z
2026,5,16690,Parker Washington,JAX,WR,vs PHI,recYds,Hard Rock,25.5,under,68.35,450,-850,0.1818,0.1689,0.0766,0,0.2170,0.0352,0.0481,ev,multiplicative,projection,main,live,2026101118C77B29,2026-10-06T19:09:09.837Z
2026,5,18472,Harold Fannin Jr.,CLE,TE,at NYJ,recYds,Hard Rock,59.5,under,39.39,-475,300,0.8261,0.7677,0.0761,0,0.8613,0.0352,0.0936,ev,multiplicative,projection,main,live,2026101112C81881,2026-10-06T19:09:09.837Z
2026,5,18472,Harold Fannin Jr.,CLE,TE,at NYJ,recYds,Hard Rock,34.5,over,39.39,-135,-105,0.5745,0.5287,0.0867,0,0.6096,0.0352,0.0810,ev,multiplicative,projection,main,live,2026101112C81881,2026-10-06T19:09:09.837Z
2026,5,15829,Garrett Wilson,NYJ,WR,vs CLE,recYds,Hard Rock,66.5,under,62.78,-105,-135,0.5122,0.4713,0.0867,0,0.5474,0.0352,0.0761,ev,multiplicative,projection,main,live,2026101112C81881,2026-10-06T19:09:09.837Z
2026,5,11892,George Kittle,SF,TE,at SEA,recYds,Hard Rock,82.5,under,55.78,-325,220,0.7647,0.7099,0.0772,0,0.7999,0.0352,0.0900,ev,multiplicative,projection,main,live,202610119C07AE76,2026-10-06T19:09:09.837Z
2026,5,16560,Rashid Shaheed,SEA,WR,vs SF,recYds,Caesars,49.5,over,30.27,550,,0.1538,0.1538,,1,0.1890,0.0351,0.0351,ev,none,projection,main,live,202610119C07AE76,2026-10-06T19:09:09.837Z
2026,5,19298,Denzel Boston,CLE,WR,at NYJ,recYds,Hard Rock,80.5,under,51.02,-500,325,0.8333,0.7798,0.0686,0,0.8684,0.0351,0.0886,ev,multiplicative,projection,main,live,2026101112C81881,2026-10-06T19:09:09.837Z
2026,5,8057,Kirk Cousins,LV,QB,at NE,passYds,Hard Rock,288.5,under,210.38,-650,375,0.8667,0.8046,0.0772,0,0.9017,0.0351,0.0972,ev,multiplicative,projection,main,live,202610116AF20186,2026-10-06T19:09:09.837Z
2026,5,15834,Brock Purdy,SF,QB,at SEA,passYds,Hard Rock,218.5,over,241.08,-140,100,0.5833,0.5385,0.0833,0,0.6184,0.0351,0.0800,ev,multiplicative,projection,main,live,202610119C07AE76,2026-10-06T19:09:09.837Z
2026,5,15868,Drake London,ATL,WR,vs BAL,recYds,Hard Rock,103.5,over,93.95,185,-260,0.3509,0.3270,0.0731,0,0.3860,0.0351,0.0590,ev,multiplicative,projection,main,live,2026101240603BF9,2026-10-06T19:09:09.837Z
2026,5,15357,Trevor Lawrence,JAX,QB,vs PHI,int,Caesars,0.5,under,0.57,-113,-115,0.5305,0.4980,0.0654,0,0.5655,0.0350,0.0676,ev,multiplicative,projection,main,live,2026101118C77B29,2026-10-06T19:09:09.837Z
2026,5,11690,Christian McCaffrey,SF,RB,at SEA,recYds,Hard Rock,72.5,under,29.68,-2000,700,0.9524,0.8840,0.0774,0,0.9874,0.0350,0.1034,ev,multiplicative,projection,main,live,202610119C07AE76,2026-10-06T19:09:09.837Z
2026,5,12490,Sam Darnold,SEA,QB,vs SF,completions,BetRivers,24.5,over,20.24,430,,0.1887,0.1887,,1,0.2236,0.0349,0.0349,ev,none,projection,main,live,202610119C07AE76,2026-10-06T19:09:09.837Z
2026,5,12559,Mark Andrews,BAL,TE,at ATL,recYds,FanDuel,49.5,over,39.91,278,,0.2646,0.2646,,1,0.2995,0.0349,0.0349,ev,none,projection,main,live,2026101240603BF9,2026-10-06T19:09:09.837Z
2026,5,17017,Brenton Strange,JAX,TE,vs PHI,recYds,Hard Rock,53.5,under,40.27,-325,220,0.7647,0.7099,0.0772,0,0.7996,0.0349,0.0897,ev,multiplicative,projection,main,live,2026101118C77B29,2026-10-06T19:09:09.837Z
2026,5,15834,Brock Purdy,SF,QB,at SEA,rushYds,Hard Rock,22.5,under,17.22,-175,125,0.6364,0.5888,0.0808,0,0.6713,0.0349,0.0825,ev,multiplicative,projection,main,live,202610119C07AE76,2026-10-06T19:09:09.837Z
2026,5,11892,George Kittle,SF,TE,at SEA,recYds,Hard Rock,108.5,under,55.78,-1100,500,0.9167,0.8462,0.0833,0,0.9516,0.0349,0.1054,ev,multiplicative,projection,main,live,202610119C07AE76,2026-10-06T19:09:09.837Z
2026,5,15868,Drake London,ATL,WR,vs BAL,recYds,Hard Rock,63.5,over,93.95,-250,175,0.7143,0.6627,0.0779,0,0.7492,0.0349,0.0865,ev,multiplicative,projection,main,live,2026101240603BF9,2026-10-06T19:09:09.837Z
2026,5,5971,Matthew Stafford,LAR,QB,vs BUF,passYds,Hard Rock,350.5,under,260.27,-700,400,0.8750,0.8140,0.0750,0,0.9099,0.0349,0.0960,ev,multiplicative,projection,main,live,20261013A957AFD4,2026-10-06T19:09:09.837Z
2026,5,19292,Jalon Daniels,TB,QB,at DAL,passYds,FanDuel,149.5,over,209.11,-252,,0.7159,0.7159,,1,0.7507,0.0348,0.0348,ev,none,projection,main,live,2026100942D78F91,2026-10-06T19:09:09.837Z
2026,5,14416,Jalen Hurts,PHI,QB,at JAX,passYds,DraftKings,209.5,over,202.54,145,,0.4082,0.4082,,1,0.4430,0.0348,0.0348,ev,none,projection,main,live,2026101118C77B29,2026-10-06T19:09:09.837Z
2026,5,15834,Brock Purdy,SF,QB,at SEA,completions,DraftKings,27.5,over,21.42,810,,0.1099,0.1099,,1,0.1446,0.0348,0.0348,ev,none,projection,main,live,202610119C07AE76,2026-10-06T19:09:09.837Z
2026,5,15807,Kyren Williams,LAR,RB,vs BUF,rushYds,FanDuel,59.5,over,79.89,-184,,0.6479,0.6479,,1,0.6827,0.0348,0.0348,ev,none,projection,main,live,20261013A957AFD4,2026-10-06T19:09:09.837Z
2026,5,17017,Brenton Strange,JAX,TE,vs PHI,recYds,Hard Rock,82.5,under,40.27,-2500,800,0.9615,0.8964,0.0726,0,0.9963,0.0348,0.0999,ev,multiplicative,projection,main,live,2026101118C77B29,2026-10-06T19:09:09.837Z
2026,5,18524,Bhayshul Tuten,JAX,RB,vs PHI,rushYds,Hard Rock,106.5,under,58.83,-1300,550,0.9286,0.8579,0.0824,0,0.9634,0.0348,0.1055,ev,multiplicative,projection,main,live,2026101118C77B29,2026-10-06T19:09:09.837Z
2026,5,19298,Denzel Boston,CLE,WR,at NYJ,recYds,Hard Rock,101.5,under,51.02,-1500,600,0.9375,0.8678,0.0804,0,0.9723,0.0348,0.1046,ev,multiplicative,projection,main,live,2026101112C81881,2026-10-06T19:09:09.837Z
2026,5,13429,Deebo Samuel Sr.,SF,WR,at SEA,recYds,Hard Rock,12.5,over,42.63,-575,325,0.8519,0.7836,0.0871,0,0.8867,0.0348,0.1031,ev,multiplicative,projection,main,live,202610119C07AE76,2026-10-06T19:09:09.837Z
2026,5,17716,Brian Thomas Jr.,JAX,WR,vs PHI,receptions,FanDuel,1.5,over,2.42,-238,,0.7041,0.7041,,1,0.7388,0.0347,0.0347,ev,none,projection,main,live,2026101118C77B29,2026-10-06T19:09:09.837Z
2026,5,14416,Jalen Hurts,PHI,QB,at JAX,rushYds,Hard Rock,25.5,under,24.48,-105,-135,0.5122,0.4713,0.0867,0,0.5469,0.0347,0.0755,ev,multiplicative,projection,main,live,2026101118C77B29,2026-10-06T19:09:09.837Z
2026,5,15829,Garrett Wilson,NYJ,WR,vs CLE,recYds,Hard Rock,65.5,under,62.78,100,-135,0.5000,0.4653,0.0745,0,0.5347,0.0347,0.0694,ev,multiplicative,projection,main,live,2026101112C81881,2026-10-06T19:09:09.837Z
2026,5,13429,Deebo Samuel Sr.,SF,WR,at SEA,receptions,Hard Rock,6.5,over,3.78,800,-3000,0.1111,0.1030,0.0789,0,0.1459,0.0347,0.0429,ev,multiplicative,projection,main,live,202610119C07AE76,2026-10-06T19:09:09.837Z
2026,5,15834,Brock Purdy,SF,QB,at SEA,rushYds,Hard Rock,45.5,under,17.22,-2200,700,0.9565,0.8844,0.0815,0,0.9912,0.0347,0.1068,ev,multiplicative,projection,main,live,202610119C07AE76,2026-10-06T19:09:09.837Z
2026,5,12483,Josh Allen,BUF,QB,at LAR,passYds,Hard Rock,220.5,under,236.56,160,-225,0.3846,0.3571,0.0769,0,0.4194,0.0347,0.0622,ev,multiplicative,projection,main,live,20261013A957AFD4,2026-10-06T19:09:09.837Z
2026,5,15807,Kyren Williams,LAR,RB,vs BUF,rushYds,Hard Rock,62.5,over,79.89,-165,120,0.6226,0.5780,0.0772,0,0.6574,0.0347,0.0793,ev,multiplicative,projection,main,live,20261013A957AFD4,2026-10-06T19:09:09.837Z
2026,5,9253,Mike Evans,SF,WR,at SEA,recYds,FanDuel,24.5,over,64.8,-494,,0.8316,0.8316,,1,0.8663,0.0346,0.0346,ev,none,projection,main,live,202610119C07AE76,2026-10-06T19:09:09.837Z
2026,5,17690,Blake Corum,LAR,RB,vs BUF,rushYds,FanDuel,79.5,over,43.22,917,,0.0983,0.0983,,1,0.1329,0.0346,0.0346,ev,none,projection,main,live,20261013A957AFD4,2026-10-06T19:09:09.837Z
2026,5,15306,Javonte Williams,DAL,RB,vs TB,rushYds,Hard Rock,134.5,under,72.94,-2500,750,0.9615,0.8910,0.0792,0,0.9961,0.0346,0.1051,ev,multiplicative,projection,main,live,2026100942D78F91,2026-10-06T19:09:09.837Z
2026,5,15306,Javonte Williams,DAL,RB,vs TB,receptions,theScore,3.5,over,2.81,200,,0.3333,0.3333,,1,0.3680,0.0346,0.0346,ev,none,projection,main,live,2026100942D78F91,2026-10-06T19:09:09.837Z
2026,5,19607,Kaelon Black,SF,RB,at SEA,rushYds,FanDuel,19.5,over,15.13,136,,0.4237,0.4237,,1,0.4582,0.0345,0.0345,ev,none,projection,main,live,202610119C07AE76,2026-10-06T19:09:09.837Z
2026,5,17784,Bucky Irving,TB,RB,at DAL,rushYds,Hard Rock,107.5,over,75.16,850,-3000,0.1053,0.0981,0.0730,0,0.1397,0.0345,0.0416,ev,multiplicative,projection,main,live,2026100942D78F91,2026-10-06T19:09:09.837Z
2026,5,14371,Jordan Love,GB,QB,vs CHI,passYds,Hard Rock,328.5,over,255.85,750,-2200,0.1176,0.1095,0.0742,0,0.1522,0.0345,0.0427,ev,multiplicative,projection,main,live,202610112660CB0C,2026-10-06T19:09:09.837Z
2026,5,11892,George Kittle,SF,TE,at SEA,recYds,Hard Rock,110.5,under,55.78,-1200,525,0.9231,0.8523,0.0831,0,0.9576,0.0345,0.1053,ev,multiplicative,projection,main,live,202610119C07AE76,2026-10-06T19:09:09.837Z
2026,5,11863,Cooper Kupp,SEA,WR,vs SF,recYds,Hard Rock,19.5,over,29.77,-190,135,0.6552,0.6062,0.0807,0,0.6896,0.0345,0.0834,ev,multiplicative,projection,main,live,202610119C07AE76,2026-10-06T19:09:09.837Z
2026,5,11863,Cooper Kupp,SEA,WR,vs SF,recYds,theScore,19.5,over,29.77,-190,,0.6552,0.6552,,1,0.6896,0.0345,0.0345,ev,none,projection,main,live,202610119C07AE76,2026-10-06T19:09:09.837Z
2026,5,17784,Bucky Irving,TB,RB,at DAL,recYds,Hard Rock,31.5,over,23.17,275,-475,0.2667,0.2440,0.0928,0,0.3011,0.0344,0.0571,ev,multiplicative,projection,main,live,2026100942D78F91,2026-10-06T19:09:09.837Z
2026,5,17716,Brian Thomas Jr.,JAX,WR,vs PHI,recYds,Hard Rock,48.5,over,33.71,350,-575,0.2222,0.2069,0.0741,0,0.2566,0.0344,0.0498,ev,multiplicative,projection,main,live,2026101118C77B29,2026-10-06T19:09:09.837Z
2026,5,19321,Josh Cameron,JAX,WR,vs PHI,recYds,Hard Rock,50.5,under,12.85,-2500,750,0.9615,0.8910,0.0792,0,0.9959,0.0344,0.1049,ev,multiplicative,projection,main,live,2026101118C77B29,2026-10-06T19:09:09.837Z
2026,5,11892,George Kittle,SF,TE,at SEA,recYds,Hard Rock,112.5,under,55.78,-1300,575,0.9286,0.8624,0.0767,0,0.9630,0.0344,0.1005,ev,multiplicative,projection,main,live,202610119C07AE76,2026-10-06T19:09:09.837Z
2026,5,13429,Deebo Samuel Sr.,SF,WR,at SEA,recYds,Hard Rock,59.5,over,42.63,350,-600,0.2222,0.2059,0.0794,0,0.2566,0.0344,0.0507,ev,multiplicative,projection,main,live,202610119C07AE76,2026-10-06T19:09:09.837Z
2026,5,12490,Sam Darnold,SEA,QB,vs SF,passYds,Hard Rock,171.5,under,229.65,375,-650,0.2105,0.1954,0.0772,0,0.2450,0.0344,0.0495,ev,multiplicative,projection,main,live,202610119C07AE76,2026-10-06T19:09:09.837Z
2026,5,19320,Ted Hurst,TB,WR,at DAL,receptions,FanDuel,4.5,over,1.74,919,,0.0981,0.0981,,1,0.1325,0.0343,0.0343,ev,none,projection,main,live,2026100942D78F91,2026-10-06T19:09:09.837Z
2026,5,17716,Brian Thomas Jr.,JAX,WR,vs PHI,recYds,DraftKings,49.5,over,33.71,380,,0.2083,0.2083,,1,0.2426,0.0343,0.0343,ev,none,projection,main,live,2026101118C77B29,2026-10-06T19:09:09.837Z
2026,5,15834,Brock Purdy,SF,QB,at SEA,passYds,DraftKings,319.5,over,241.08,970,,0.0935,0.0935,,1,0.1278,0.0343,0.0343,ev,none,projection,main,live,202610119C07AE76,2026-10-06T19:09:09.837Z
2026,5,16654,Jaxon Smith-Njigba,SEA,WR,vs SF,receptions,DraftKings,7.5,over,6.73,150,,0.4000,0.4000,,1,0.4343,0.0343,0.0343,ev,none,projection,main,live,202610119C07AE76,2026-10-06T19:09:09.837Z
2026,5,19320,Ted Hurst,TB,WR,at DAL,recYds,theScore,29.5,over,25.73,140,,0.4167,0.4167,,1,0.4510,0.0343,0.0343,ev,none,projection,main,live,2026100942D78F91,2026-10-06T19:09:09.837Z
2026,5,14416,Jalen Hurts,PHI,QB,at JAX,rushYds,Hard Rock,10.5,over,24.48,-900,450,0.9000,0.8319,0.0818,0,0.9343,0.0343,0.1024,ev,multiplicative,projection,main,live,2026101118C77B29,2026-10-06T19:09:09.837Z
2026,5,8743,Geno Smith,NYJ,QB,vs CLE,passYds,Hard Rock,273.5,under,188.9,-800,425,0.8889,0.8235,0.0794,0,0.9232,0.0343,0.0997,ev,multiplicative,projection,main,live,2026101112C81881,2026-10-06T19:09:09.837Z
2026,5,15807,Kyren Williams,LAR,RB,vs BUF,rushYds,Hard Rock,84.5,over,79.89,155,-220,0.3922,0.3632,0.0797,0,0.4265,0.0343,0.0633,ev,multiplicative,projection,main,live,20261013A957AFD4,2026-10-06T19:09:09.837Z
2026,5,15222,Kenneth Gainwell,TB,RB,at DAL,receptions,Hard Rock,2.5,over,2.26,140,-200,0.4167,0.3846,0.0833,0,0.4508,0.0342,0.0662,ev,multiplicative,projection,main,live,2026100942D78F91,2026-10-06T19:09:09.837Z
2026,5,18524,Bhayshul Tuten,JAX,RB,vs PHI,rushYds,Hard Rock,88.5,under,58.83,-500,300,0.8333,0.7692,0.0833,0,0.8675,0.0342,0.0983,ev,multiplicative,projection,main,live,2026101118C77B29,2026-10-06T19:09:09.837Z
2026,5,15829,Garrett Wilson,NYJ,WR,vs CLE,recYds,Hard Rock,64.5,under,62.78,105,-140,0.4878,0.4554,0.0711,0,0.5220,0.0342,0.0666,ev,multiplicative,projection,main,live,2026101112C81881,2026-10-06T19:09:09.837Z
2026,5,12483,Josh Allen,BUF,QB,at LAR,passYds,Hard Rock,217.5,under,236.56,170,-250,0.3704,0.3415,0.0847,0,0.4046,0.0342,0.0631,ev,multiplicative,projection,main,live,20261013A957AFD4,2026-10-06T19:09:09.837Z
2026,5,15306,Javonte Williams,DAL,RB,vs TB,receptions,DraftKings,2.5,over,2.81,-122,-107,0.5495,0.5153,0.0665,0,0.5836,0.0341,0.0683,ev,multiplicative,projection,main,live,2026100942D78F91,2026-10-06T19:09:09.837Z
2026,5,15306,Javonte Williams,DAL,RB,vs TB,receptions,Caesars,2.5,over,2.81,-122,-107,0.5495,0.5153,0.0665,0,0.5836,0.0341,0.0683,ev,multiplicative,projection,main,live,2026100942D78F91,2026-10-06T19:09:09.837Z
2026,5,15306,Javonte Williams,DAL,RB,vs TB,receptions,FanDuel,2.5,over,2.81,-122,-102,0.5495,0.5211,0.0545,0,0.5836,0.0341,0.0625,ev,multiplicative,projection,main,live,2026100942D78F91,2026-10-06T19:09:09.837Z
2026,5,15947,Jake Ferguson,DAL,TE,vs TB,recYds,Hard Rock,11.5,over,31.8,-650,375,0.8667,0.8046,0.0772,0,0.9007,0.0341,0.0962,ev,multiplicative,projection,main,live,2026100942D78F91,2026-10-06T19:09:09.837Z
2026,5,15306,Javonte Williams,DAL,RB,vs TB,rushYds,Hard Rock,133.5,under,72.94,-2500,750,0.9615,0.8910,0.0792,0,0.9956,0.0341,0.1046,ev,multiplicative,projection,main,live,2026100942D78F91,2026-10-06T19:09:09.837Z
2026,5,19298,Denzel Boston,CLE,WR,at NYJ,recYds,Hard Rock,79.5,under,51.02,-475,300,0.8261,0.7677,0.0761,0,0.8602,0.0341,0.0925,ev,multiplicative,projection,main,live,2026101112C81881,2026-10-06T19:09:09.837Z
2026,5,12490,Sam Darnold,SEA,QB,vs SF,passYds,Hard Rock,174.5,under,229.65,350,-575,0.2222,0.2069,0.0741,0,0.2563,0.0341,0.0494,ev,multiplicative,projection,main,live,202610119C07AE76,2026-10-06T19:09:09.837Z
2026,5,17811,AJ Barner,SEA,TE,vs SF,recYds,Hard Rock,38.5,over,33.13,220,-325,0.3125,0.2901,0.0772,0,0.3466,0.0341,0.0565,ev,multiplicative,projection,main,live,202610119C07AE76,2026-10-06T19:09:09.837Z
2026,5,11690,Christian McCaffrey,SF,RB,at SEA,rushYds,Hard Rock,74.5,under,58.96,-325,220,0.7647,0.7099,0.0772,0,0.7988,0.0341,0.0889,ev,multiplicative,projection,main,live,202610119C07AE76,2026-10-06T19:09:09.837Z
2026,5,11690,Christian McCaffrey,SF,RB,at SEA,rushAtt,DraftKings,13.5,over,15.99,-175,,0.6364,0.6364,,1,0.6703,0.0340,0.0340,ev,none,projection,main,live,202610119C07AE76,2026-10-06T19:09:09.837Z
2026,5,19292,Jalon Daniels,TB,QB,at DAL,passAtt,theScore,29.5,over,29.72,110,,0.4762,0.4762,,1,0.5102,0.0340,0.0340,ev,none,projection,main,live,2026100942D78F91,2026-10-06T19:09:09.837Z
2026,5,17017,Brenton Strange,JAX,TE,vs PHI,recYds,Hard Rock,81.5,under,40.27,-2500,750,0.9615,0.8910,0.0792,0,0.9956,0.0340,0.1046,ev,multiplicative,projection,main,live,2026101118C77B29,2026-10-06T19:09:09.837Z
2026,5,11712,Deshaun Watson,CLE,QB,at NYJ,passYds,Hard Rock,168.5,under,198.41,210,-325,0.3226,0.2967,0.0873,0,0.3566,0.0340,0.0599,ev,multiplicative,projection,main,live,2026101112C81881,2026-10-06T19:09:09.837Z
2026,5,15834,Brock Purdy,SF,QB,at SEA,passYds,Hard Rock,283.5,over,241.08,325,-550,0.2353,0.2176,0.0814,0,0.2693,0.0340,0.0517,ev,multiplicative,projection,main,live,202610119C07AE76,2026-10-06T19:09:09.837Z
2026,5,17690,Blake Corum,LAR,RB,vs BUF,rushYds,Hard Rock,12.5,over,43.22,-800,425,0.8889,0.8235,0.0794,0,0.9229,0.0340,0.0994,ev,multiplicative,projection,main,live,20261013A957AFD4,2026-10-06T19:09:09.837Z
2026,5,11690,Christian McCaffrey,SF,RB,at SEA,rushYds,DraftKings,59.5,over,58.96,120,,0.4545,0.4545,,1,0.4884,0.0339,0.0339,ev,none,projection,main,live,202610119C07AE76,2026-10-06T19:09:09.837Z
2026,5,16790,Puka Nacua,LAR,WR,vs BUF,recYds,BetRivers,129.5,over,96.67,320,,0.2381,0.2381,,1,0.2720,0.0339,0.0339,ev,none,projection,main,live,20261013A957AFD4,2026-10-06T19:09:09.837Z
2026,5,9455,Davante Adams,LAR,WR,vs BUF,recYds,DraftKings,109.5,over,79.89,494,,0.1684,0.1684,,1,0.2023,0.0339,0.0339,ev,none,projection,main,live,20261013A957AFD4,2026-10-06T19:09:09.837Z
2026,5,18524,Bhayshul Tuten,JAX,RB,vs PHI,rushYds,Hard Rock,104.5,under,58.83,-1200,525,0.9231,0.8523,0.0831,0,0.9569,0.0339,0.1047,ev,multiplicative,projection,main,live,2026101118C77B29,2026-10-06T19:09:09.837Z
2026,5,15357,Trevor Lawrence,JAX,QB,vs PHI,rushYds,Hard Rock,36.5,under,19.9,-1800,650,0.9474,0.8766,0.0807,0,0.9813,0.0339,0.1047,ev,multiplicative,projection,main,live,2026101118C77B29,2026-10-06T19:09:09.837Z
2026,5,14371,Jordan Love,GB,QB,vs CHI,passYds,Hard Rock,326.5,over,255.85,700,-2000,0.1250,0.1160,0.0774,0,0.1589,0.0339,0.0429,ev,multiplicative,projection,main,live,202610112660CB0C,2026-10-06T19:09:09.837Z
2026,5,17811,AJ Barner,SEA,TE,vs SF,recYds,Hard Rock,56.5,under,33.13,-1200,550,0.9231,0.8571,0.0769,0,0.9570,0.0339,0.0999,ev,multiplicative,projection,main,live,202610119C07AE76,2026-10-06T19:09:09.837Z
2026,5,12490,Sam Darnold,SEA,QB,vs SF,passYds,Hard Rock,168.5,under,229.65,400,-750,0.2000,0.1848,0.0824,0,0.2339,0.0339,0.0491,ev,multiplicative,projection,main,live,202610119C07AE76,2026-10-06T19:09:09.837Z
2026,5,13429,Deebo Samuel Sr.,SF,WR,at SEA,recYds,Hard Rock,58.5,over,42.63,325,-550,0.2353,0.2176,0.0814,0,0.2692,0.0339,0.0516,ev,multiplicative,projection,main,live,202610119C07AE76,2026-10-06T19:09:09.837Z
2026,5,15868,Drake London,ATL,WR,vs BAL,recYds,Hard Rock,62.5,over,93.95,-260,180,0.7222,0.6691,0.0794,0,0.7561,0.0339,0.0870,ev,multiplicative,projection,main,live,2026101240603BF9,2026-10-06T19:09:09.837Z
2026,5,10819,Derrick Henry,BAL,RB,at ATL,rushYds,Hard Rock,168.5,under,97.07,-2500,800,0.9615,0.8964,0.0726,0,0.9954,0.0339,0.0990,ev,multiplicative,projection,main,live,2026101240603BF9,2026-10-06T19:09:09.837Z
2026,5,16919,Zay Flowers,BAL,WR,at ATL,recYds,Hard Rock,102.5,over,84.25,325,-500,0.2353,0.2202,0.0686,0,0.2692,0.0339,0.0490,ev,multiplicative,projection,main,live,2026101240603BF9,2026-10-06T19:09:09.837Z
2026,5,14411,CeeDee Lamb,DAL,WR,vs TB,recYds,BetRivers,109.5,over,94.13,235,,0.2985,0.2985,,1,0.3323,0.0338,0.0338,ev,none,projection,main,live,2026100942D78F91,2026-10-06T19:09:09.837Z
2026,5,15306,Javonte Williams,DAL,RB,vs TB,recYds,Hard Rock,54.5,under,16.44,-2500,800,0.9615,0.8964,0.0726,0,0.9954,0.0338,0.0989,ev,multiplicative,projection,main,live,2026100942D78F91,2026-10-06T19:09:09.837Z
2026,5,14416,Jalen Hurts,PHI,QB,at JAX,rushYds,Hard Rock,15.5,over,24.48,-400,250,0.8000,0.7368,0.0857,0,0.8338,0.0338,0.0969,ev,multiplicative,projection,main,live,2026101118C77B29,2026-10-06T19:09:09.837Z
2026,5,15357,Trevor Lawrence,JAX,QB,vs PHI,rushYds,Hard Rock,32.5,under,19.9,-1000,500,0.9091,0.8451,0.0758,0,0.9429,0.0338,0.0978,ev,multiplicative,projection,main,live,2026101118C77B29,2026-10-06T19:09:09.837Z
2026,5,19298,Denzel Boston,CLE,WR,at NYJ,recYds,Hard Rock,99.5,under,51.02,-1400,575,0.9333,0.8630,0.0815,0,0.9671,0.0338,0.1041,ev,multiplicative,projection,main,live,2026101112C81881,2026-10-06T19:09:09.837Z
2026,5,15834,Brock Purdy,SF,QB,at SEA,passYds,Hard Rock,280.5,over,241.08,300,-525,0.2500,0.2294,0.0900,0,0.2838,0.0338,0.0545,ev,multiplicative,projection,main,live,202610119C07AE76,2026-10-06T19:09:09.837Z
2026,5,15834,Brock Purdy,SF,QB,at SEA,passYds,Hard Rock,220.5,over,241.08,-135,-105,0.5745,0.5287,0.0867,0,0.6082,0.0338,0.0796,ev,multiplicative,projection,main,live,202610119C07AE76,2026-10-06T19:09:09.837Z
2026,5,15357,Trevor Lawrence,JAX,QB,vs PHI,rushYds,Hard Rock,35.5,under,19.9,-1600,600,0.9412,0.8682,0.0840,0,0.9748,0.0336,0.1065,ev,multiplicative,projection,main,live,2026101118C77B29,2026-10-06T19:09:09.837Z
2026,5,18524,Bhayshul Tuten,JAX,RB,vs PHI,rushYds,Hard Rock,83.5,under,58.83,-375,250,0.7895,0.7343,0.0752,0,0.8230,0.0336,0.0888,ev,multiplicative,projection,main,live,2026101118C77B29,2026-10-06T19:09:09.837Z
2026,5,15834,Brock Purdy,SF,QB,at SEA,passYds,Hard Rock,215.5,over,241.08,-150,110,0.6000,0.5575,0.0762,0,0.6336,0.0336,0.0761,ev,multiplicative,projection,main,live,202610119C07AE76,2026-10-06T19:09:09.837Z
2026,5,16739,Bijan Robinson,ATL,RB,vs BAL,recYds,Hard Rock,46.5,over,36.4,350,-575,0.2222,0.2069,0.0741,0,0.2558,0.0336,0.0489,ev,multiplicative,projection,main,live,2026101240603BF9,2026-10-06T19:09:09.837Z
2026,5,17784,Bucky Irving,TB,RB,at DAL,receptions,DraftKings,6.5,over,3.38,2600,,0.0370,0.0370,,1,0.0706,0.0335,0.0335,ev,none,projection,main,live,2026100942D78F91,2026-10-06T19:09:09.837Z
2026,5,16032,Cade Otton,TB,TE,at DAL,recYds,Hard Rock,44.5,over,36.11,230,-375,0.3030,0.2774,0.0925,0,0.3365,0.0335,0.0591,ev,multiplicative,projection,main,live,2026100942D78F91,2026-10-06T19:09:09.837Z
2026,5,19292,Jalon Daniels,TB,QB,at DAL,passYds,Hard Rock,157.5,over,209.11,-220,155,0.6875,0.6368,0.0797,0,0.7210,0.0335,0.0843,ev,multiplicative,projection,main,live,2026100942D78F91,2026-10-06T19:09:09.837Z
2026,5,19298,Denzel Boston,CLE,WR,at NYJ,recYds,Hard Rock,102.5,under,51.02,-1600,650,0.9412,0.8759,0.0745,0,0.9746,0.0335,0.0987,ev,multiplicative,projection,main,live,2026101112C81881,2026-10-06T19:09:09.837Z
2026,5,16946,Tyson Bagent,CHI,QB,at GB,passYds,Hard Rock,222.5,under,204.05,-130,-105,0.5652,0.5246,0.0774,0,0.5987,0.0335,0.0741,ev,multiplicative,projection,main,live,202610112660CB0C,2026-10-06T19:09:09.837Z
2026,5,18484,Tez Johnson,TB,WR,at DAL,recYds,FanDuel,14.5,over,16.56,-107,,0.5169,0.5169,,1,0.5503,0.0334,0.0334,ev,none,projection,main,live,2026100942D78F91,2026-10-06T19:09:09.837Z
2026,5,17673,Drake Maye,NE,QB,vs LV,passTD,FanDuel,1.5,under,1.45,-118,-112,0.5413,0.5061,0.0696,0,0.5747,0.0334,0.0686,ev,multiplicative,projection,main,live,202610116AF20186,2026-10-06T19:09:09.837Z
2026,5,16739,Bijan Robinson,ATL,RB,vs BAL,receptions,FanDuel,4.5,over,4.19,152,,0.3968,0.3968,,1,0.4303,0.0334,0.0334,ev,none,projection,main,live,2026101240603BF9,2026-10-06T19:09:09.837Z
2026,5,19298,Denzel Boston,CLE,WR,at NYJ,recYds,Hard Rock,78.5,under,51.02,-450,300,0.8182,0.7660,0.0682,0,0.8515,0.0334,0.0856,ev,multiplicative,projection,main,live,2026101112C81881,2026-10-06T19:09:09.837Z
2026,5,18516,Quinshon Judkins,CLE,RB,at NYJ,rushYds,Hard Rock,118.5,under,59.27,-2500,750,0.9615,0.8910,0.0792,0,0.9950,0.0334,0.1040,ev,multiplicative,projection,main,live,2026101112C81881,2026-10-06T19:09:09.837Z
2026,5,13427,Justice Hill,BAL,RB,at ATL,rushYds,Hard Rock,26.5,over,19.25,375,-650,0.2105,0.1954,0.0772,0,0.2440,0.0334,0.0485,ev,multiplicative,projection,main,live,2026101240603BF9,2026-10-06T19:09:09.837Z
2026,5,10819,Derrick Henry,BAL,RB,at ATL,rushYds,Hard Rock,167.5,under,97.07,-2500,750,0.9615,0.8910,0.0792,0,0.9949,0.0334,0.1039,ev,multiplicative,projection,main,live,2026101240603BF9,2026-10-06T19:09:09.837Z
2026,5,15807,Kyren Williams,LAR,RB,vs BUF,rushYds,Hard Rock,63.5,over,79.89,-160,115,0.6154,0.5695,0.0805,0,0.6488,0.0334,0.0792,ev,multiplicative,projection,main,live,20261013A957AFD4,2026-10-06T19:09:09.837Z
2026,5,11718,Chris Godwin,TB,WR,at DAL,recYds,DraftKings,89.5,over,43.08,2200,,0.0435,0.0435,,1,0.0768,0.0333,0.0333,ev,none,projection,main,live,2026100942D78F91,2026-10-06T19:09:09.837Z
2026,5,15947,Jake Ferguson,DAL,TE,vs TB,receptions,DraftKings,1.5,over,3.34,-870,,0.8969,0.8969,,1,0.9302,0.0333,0.0333,ev,none,projection,main,live,2026100942D78F91,2026-10-06T19:09:09.837Z
2026,5,17784,Bucky Irving,TB,RB,at DAL,rushYds,Hard Rock,34.5,over,75.16,-400,260,0.8000,0.7423,0.0778,0,0.8333,0.0333,0.0911,ev,multiplicative,projection,main,live,2026100942D78F91,2026-10-06T19:09:09.837Z
2026,5,17784,Bucky Irving,TB,RB,at DAL,rushYds,theScore,34.5,over,75.16,-400,,0.8000,0.8000,,1,0.8333,0.0333,0.0333,ev,none,projection,main,live,2026100942D78F91,2026-10-06T19:09:09.837Z
2026,5,11892,George Kittle,SF,TE,at SEA,recYds,Hard Rock,86.5,under,55.78,-400,250,0.8000,0.7368,0.0857,0,0.8333,0.0333,0.0965,ev,multiplicative,projection,main,live,202610119C07AE76,2026-10-06T19:09:09.837Z
2026,5,11690,Christian McCaffrey,SF,RB,at SEA,rushYds,Hard Rock,73.5,under,58.96,-300,210,0.7500,0.6992,0.0726,0,0.7833,0.0333,0.0840,ev,multiplicative,projection,main,live,202610119C07AE76,2026-10-06T19:09:09.837Z
2026,5,14411,CeeDee Lamb,DAL,WR,vs TB,recYds,Hard Rock,62.5,over,94.13,-260,175,0.7222,0.6651,0.0859,0,0.7554,0.0332,0.0903,ev,multiplicative,projection,main,live,2026100942D78F91,2026-10-06T19:09:09.837Z
2026,5,15306,Javonte Williams,DAL,RB,vs TB,recYds,Hard Rock,9.5,over,16.44,-210,150,0.6774,0.6287,0.0774,0,0.7106,0.0332,0.0819,ev,multiplicative,projection,main,live,2026100942D78F91,2026-10-06T19:09:09.837Z
2026,5,18524,Bhayshul Tuten,JAX,RB,vs PHI,rushYds,Hard Rock,87.5,under,58.83,-475,300,0.8261,0.7677,0.0761,0,0.8593,0.0332,0.0917,ev,multiplicative,projection,main,live,2026101118C77B29,2026-10-06T19:09:09.837Z
2026,5,8743,Geno Smith,NYJ,QB,vs CLE,passYds,Hard Rock,275.5,under,188.9,-850,450,0.8947,0.8311,0.0766,0,0.9279,0.0332,0.0968,ev,multiplicative,projection,main,live,2026101112C81881,2026-10-06T19:09:09.837Z
2026,5,17811,AJ Barner,SEA,TE,vs SF,recYds,Hard Rock,55.5,under,33.13,-1100,525,0.9167,0.8514,0.0767,0,0.9499,0.0332,0.0985,ev,multiplicative,projection,main,live,202610119C07AE76,2026-10-06T19:09:09.837Z
2026,5,5971,Matthew Stafford,LAR,QB,vs BUF,passYds,Hard Rock,346.5,under,260.27,-650,375,0.8667,0.8046,0.0772,0,0.8999,0.0332,0.0953,ev,multiplicative,projection,main,live,20261013A957AFD4,2026-10-06T19:09:09.837Z
2026,5,18524,Bhayshul Tuten,JAX,RB,vs PHI,receptions,FanDuel,1.5,over,1.64,-114,-114,0.5327,0.5000,0.0654,0,0.5658,0.0331,0.0658,ev,multiplicative,projection,main,live,2026101118C77B29,2026-10-06T19:09:09.837Z
2026,5,15357,Trevor Lawrence,JAX,QB,vs PHI,rushYds,Hard Rock,34.5,under,19.9,-1400,575,0.9333,0.8630,0.0815,0,0.9664,0.0331,0.1034,ev,multiplicative,projection,main,live,2026101118C77B29,2026-10-06T19:09:09.837Z
2026,5,15834,Brock Purdy,SF,QB,at SEA,passYds,Hard Rock,293.5,over,241.08,425,-750,0.1905,0.1775,0.0728,0,0.2236,0.0331,0.0461,ev,multiplicative,projection,main,live,202610119C07AE76,2026-10-06T19:09:09.837Z
2026,5,12559,Mark Andrews,BAL,TE,at ATL,recYds,Hard Rock,48.5,over,39.91,250,-400,0.2857,0.2632,0.0857,0,0.3188,0.0331,0.0556,ev,multiplicative,projection,main,live,2026101240603BF9,2026-10-06T19:09:09.837Z
2026,5,18524,Bhayshul Tuten,JAX,RB,vs PHI,rushYds,Hard Rock,107.5,under,58.83,-1400,575,0.9333,0.8630,0.0815,0,0.9663,0.0330,0.1033,ev,multiplicative,projection,main,live,2026101118C77B29,2026-10-06T19:09:09.837Z
2026,5,17017,Brenton Strange,JAX,TE,vs PHI,receptions,Hard Rock,3.5,over,3.79,-110,-120,0.5238,0.4899,0.0693,0,0.5568,0.0330,0.0669,ev,multiplicative,projection,main,live,2026101118C77B29,2026-10-06T19:09:09.837Z
2026,5,17702,Braelon Allen,NYJ,RB,vs CLE,rushYds,Hard Rock,115.5,under,38.23,-950,475,0.9048,0.8388,0.0787,0,0.9378,0.0330,0.0990,ev,multiplicative,projection,main,live,2026101112C81881,2026-10-06T19:09:09.837Z
2026,5,11008,Dak Prescott,DAL,QB,vs TB,rushYds,BetRivers,19.5,over,14,260,,0.2778,0.2778,,1,0.3107,0.0329,0.0329,ev,none,projection,main,live,2026100942D78F91,2026-10-06T19:09:09.837Z
2026,5,14371,Jordan Love,GB,QB,vs CHI,passYds,Caesars,199.5,over,255.85,-275,,0.7333,0.7333,,1,0.7663,0.0329,0.0329,ev,none,projection,main,live,202610112660CB0C,2026-10-06T19:09:09.837Z
2026,5,11008,Dak Prescott,DAL,QB,vs TB,rushYds,theScore,19.5,over,14,260,,0.2778,0.2778,,1,0.3107,0.0329,0.0329,ev,none,projection,main,live,2026100942D78F91,2026-10-06T19:09:09.837Z
2026,5,17716,Brian Thomas Jr.,JAX,WR,vs PHI,receptions,theScore,1.5,over,2.42,-240,,0.7059,0.7059,,1,0.7388,0.0329,0.0329,ev,none,projection,main,live,2026101118C77B29,2026-10-06T19:09:09.837Z
2026,5,16690,Parker Washington,JAX,WR,vs PHI,recYds,Hard Rock,65.5,over,68.35,105,-145,0.4878,0.4518,0.0796,0,0.5208,0.0329,0.0689,ev,multiplicative,projection,main,live,2026101118C77B29,2026-10-06T19:09:09.837Z
2026,5,18472,Harold Fannin Jr.,CLE,TE,at NYJ,recYds,Hard Rock,60.5,under,39.39,-525,325,0.8400,0.7812,0.0753,0,0.8729,0.0329,0.0917,ev,multiplicative,projection,main,live,2026101112C81881,2026-10-06T19:09:09.837Z
2026,5,15834,Brock Purdy,SF,QB,at SEA,passYds,Hard Rock,286.5,over,241.08,350,-600,0.2222,0.2059,0.0794,0,0.2551,0.0329,0.0492,ev,multiplicative,projection,main,live,202610119C07AE76,2026-10-06T19:09:09.837Z
2026,5,16560,Rashid Shaheed,SEA,WR,vs SF,recYds,Hard Rock,47.5,over,30.27,450,-850,0.1818,0.1689,0.0766,0,0.2148,0.0329,0.0459,ev,multiplicative,projection,main,live,202610119C07AE76,2026-10-06T19:09:09.837Z
2026,5,15868,Drake London,ATL,WR,vs BAL,recYds,Hard Rock,58.5,over,93.95,-300,210,0.7500,0.6992,0.0726,0,0.7829,0.0329,0.0837,ev,multiplicative,projection,main,live,2026101240603BF9,2026-10-06T19:09:09.837Z
2026,5,15876,James Cook,BUF,RB,at LAR,rushYds,FanDuel,99.5,over,88.04,223,,0.3096,0.3096,,1,0.3424,0.0328,0.0328,ev,none,projection,main,live,20261013A957AFD4,2026-10-06T19:09:09.837Z
2026,5,17784,Bucky Irving,TB,RB,at DAL,rushAtt,Hard Rock,8.5,over,16.86,-550,,0.8462,0.8462,,1,0.8790,0.0328,0.0328,ev,none,projection,main,live,2026100942D78F91,2026-10-06T19:09:09.837Z
2026,5,15306,Javonte Williams,DAL,RB,vs TB,recYds,Hard Rock,53.5,under,16.44,-2500,750,0.9615,0.8910,0.0792,0,0.9943,0.0328,0.1034,ev,multiplicative,projection,main,live,2026100942D78F91,2026-10-06T19:09:09.837Z
2026,5,15357,Trevor Lawrence,JAX,QB,vs PHI,rushYds,Hard Rock,33.5,under,19.9,-1200,525,0.9231,0.8523,0.0831,0,0.9559,0.0328,0.1036,ev,multiplicative,projection,main,live,2026101118C77B29,2026-10-06T19:09:09.837Z
2026,5,13517,Jakobi Meyers,JAX,WR,vs PHI,receptions,theScore,3.5,under,3.35,105,-135,0.4878,0.4592,0.0623,0,0.5206,0.0328,0.0614,ev,multiplicative,projection,main,live,2026101118C77B29,2026-10-06T19:09:09.837Z
2026,5,18516,Quinshon Judkins,CLE,RB,at NYJ,rushYds,Hard Rock,117.5,under,59.27,-2500,750,0.9615,0.8910,0.0792,0,0.9943,0.0328,0.1033,ev,multiplicative,projection,main,live,2026101112C81881,2026-10-06T19:09:09.837Z
2026,5,18472,Harold Fannin Jr.,CLE,TE,at NYJ,recYds,Hard Rock,77.5,under,39.39,-1800,650,0.9474,0.8766,0.0807,0,0.9802,0.0328,0.1036,ev,multiplicative,projection,main,live,2026101112C81881,2026-10-06T19:09:09.837Z
2026,5,10819,Derrick Henry,BAL,RB,at ATL,rushYds,Hard Rock,166.5,under,97.07,-2500,750,0.9615,0.8910,0.0792,0,0.9943,0.0328,0.1034,ev,multiplicative,projection,main,live,2026101240603BF9,2026-10-06T19:09:09.837Z
2026,5,10819,Derrick Henry,BAL,RB,at ATL,rushYds,Hard Rock,118.5,under,97.07,-300,210,0.7500,0.6992,0.0726,0,0.7828,0.0328,0.0836,ev,multiplicative,projection,main,live,2026101240603BF9,2026-10-06T19:09:09.837Z
2026,5,15947,Jake Ferguson,DAL,TE,vs TB,receptions,Hard Rock,5.5,under,3.34,-650,375,0.8667,0.8046,0.0772,0,0.8994,0.0327,0.0948,ev,multiplicative,projection,main,live,2026100942D78F91,2026-10-06T19:09:09.837Z
2026,5,18524,Bhayshul Tuten,JAX,RB,vs PHI,rushYds,Hard Rock,110.5,under,58.83,-1600,650,0.9412,0.8759,0.0745,0,0.9739,0.0327,0.0980,ev,multiplicative,projection,main,live,2026101118C77B29,2026-10-06T19:09:09.837Z
2026,5,19607,Kaelon Black,SF,RB,at SEA,rushYds,theScore,19.5,over,15.13,135,,0.4255,0.4255,,1,0.4582,0.0327,0.0327,ev,none,projection,main,live,202610119C07AE76,2026-10-06T19:09:09.837Z
2026,5,12490,Sam Darnold,SEA,QB,vs SF,passYds,Hard Rock,165.5,under,229.65,425,-850,0.1905,0.1755,0.0852,0,0.2231,0.0327,0.0476,ev,multiplicative,projection,main,live,202610119C07AE76,2026-10-06T19:09:09.837Z
2026,5,15853,George Pickens,DAL,WR,vs TB,receptions,BetRivers,7.5,over,4.51,575,,0.1481,0.1481,,1,0.1807,0.0326,0.0326,ev,none,projection,main,live,2026100942D78F91,2026-10-06T19:09:09.837Z
2026,5,16032,Cade Otton,TB,TE,at DAL,recYds,Hard Rock,45.5,over,36.11,250,-400,0.2857,0.2632,0.0857,0,0.3184,0.0326,0.0552,ev,multiplicative,projection,main,live,2026100942D78F91,2026-10-06T19:09:09.837Z
2026,5,18524,Bhayshul Tuten,JAX,RB,vs PHI,rushYds,Hard Rock,84.5,under,58.83,-400,260,0.8000,0.7423,0.0778,0,0.8326,0.0326,0.0904,ev,multiplicative,projection,main,live,2026101118C77B29,2026-10-06T19:09:09.837Z
2026,5,18524,Bhayshul Tuten,JAX,RB,vs PHI,rushYds,Hard Rock,86.5,under,58.83,-450,275,0.8182,0.7542,0.0848,0,0.8508,0.0326,0.0966,ev,multiplicative,projection,main,live,2026101118C77B29,2026-10-06T19:09:09.837Z
2026,5,16946,Tyson Bagent,CHI,QB,at GB,passYds,Hard Rock,220.5,under,204.05,-125,-110,0.5556,0.5147,0.0794,0,0.5882,0.0326,0.0735,ev,multiplicative,projection,main,live,202610112660CB0C,2026-10-06T19:09:09.837Z
2026,5,12490,Sam Darnold,SEA,QB,vs SF,passYds,Hard Rock,177.5,under,229.65,325,-525,0.2353,0.2188,0.0753,0,0.2679,0.0326,0.0491,ev,multiplicative,projection,main,live,202610119C07AE76,2026-10-06T19:09:09.837Z
2026,5,11690,Christian McCaffrey,SF,RB,at SEA,rushYds,Caesars,54.5,over,58.96,-112,-120,0.5283,0.4920,0.0738,0,0.5608,0.0325,0.0688,ev,multiplicative,projection,main,live,202610119C07AE76,2026-10-06T19:09:09.837Z
2026,5,16790,Puka Nacua,LAR,WR,vs BUF,recYds,BetRivers,139.5,over,96.67,450,,0.1818,0.1818,,1,0.2143,0.0325,0.0325,ev,none,projection,main,live,20261013A957AFD4,2026-10-06T19:09:09.837Z
2026,5,19292,Jalon Daniels,TB,QB,at DAL,passYds,Hard Rock,156.5,over,209.11,-225,160,0.6923,0.6429,0.0769,0,0.7248,0.0325,0.0820,ev,multiplicative,projection,main,live,2026100942D78F91,2026-10-06T19:09:09.837Z
2026,5,19320,Ted Hurst,TB,WR,at DAL,receptions,Hard Rock,4.5,over,1.74,900,-3000,0.1000,0.0937,0.0677,0,0.1325,0.0325,0.0388,ev,multiplicative,projection,main,live,2026100942D78F91,2026-10-06T19:09:09.837Z
2026,5,11712,Deshaun Watson,CLE,QB,at NYJ,passYds,Hard Rock,170.5,under,198.41,200,-300,0.3333,0.3077,0.0833,0,0.3658,0.0325,0.0581,ev,multiplicative,projection,main,live,2026101112C81881,2026-10-06T19:09:09.837Z
2026,5,12490,Sam Darnold,SEA,QB,vs SF,rushYds,Hard Rock,18.5,under,11.92,-900,475,0.9000,0.8381,0.0739,0,0.9325,0.0325,0.0944,ev,multiplicative,projection,main,live,202610119C07AE76,2026-10-06T19:09:09.837Z
2026,5,17811,AJ Barner,SEA,TE,vs SF,recYds,Hard Rock,59.5,under,33.13,-1600,600,0.9412,0.8682,0.0840,0,0.9737,0.0325,0.1054,ev,multiplicative,projection,main,live,202610119C07AE76,2026-10-06T19:09:09.837Z
2026,5,11690,Christian McCaffrey,SF,RB,at SEA,recYds,Hard Rock,73.5,under,29.68,-2200,700,0.9565,0.8844,0.0815,0,0.9890,0.0325,0.1045,ev,multiplicative,projection,main,live,202610119C07AE76,2026-10-06T19:09:09.837Z
2026,5,5971,Matthew Stafford,LAR,QB,vs BUF,passYds,Hard Rock,349.5,under,260.27,-700,400,0.8750,0.8140,0.0750,0,0.9075,0.0325,0.0935,ev,multiplicative,projection,main,live,20261013A957AFD4,2026-10-06T19:09:09.837Z
2026,5,9455,Davante Adams,LAR,WR,vs BUF,recYds,FanDuel,49.5,over,79.89,-213,,0.6805,0.6805,,1,0.7129,0.0324,0.0324,ev,none,projection,main,live,20261013A957AFD4,2026-10-06T19:09:09.837Z
2026,5,15834,Brock Purdy,SF,QB,at SEA,passYds,Hard Rock,291.5,over,241.08,400,-750,0.2000,0.1848,0.0824,0,0.2324,0.0324,0.0476,ev,multiplicative,projection,main,live,202610119C07AE76,2026-10-06T19:09:09.837Z
2026,5,15265,Kyle Pitts,ATL,TE,vs BAL,recYds,Hard Rock,47.5,over,33,300,-500,0.2500,0.2308,0.0833,0,0.2824,0.0324,0.0517,ev,multiplicative,projection,main,live,2026101240603BF9,2026-10-06T19:09:09.837Z
2026,5,19292,Jalon Daniels,TB,QB,at DAL,rushYds,Hard Rock,91.5,under,20.13,-3000,850,0.9677,0.9019,0.0730,0,1.0000,0.0323,0.0981,ev,multiplicative,projection,main,live,2026100942D78F91,2026-10-06T19:09:09.837Z
2026,5,19292,Jalon Daniels,TB,QB,at DAL,rushYds,Hard Rock,92.5,under,20.13,-3000,900,0.9677,0.9063,0.0677,0,1.0000,0.0323,0.0937,ev,multiplicative,projection,main,live,2026100942D78F91,2026-10-06T19:09:09.837Z
2026,5,19292,Jalon Daniels,TB,QB,at DAL,rushYds,Hard Rock,90.5,under,20.13,-3000,800,0.9677,0.8970,0.0789,0,1.0000,0.0323,0.1030,ev,multiplicative,projection,main,live,2026100942D78F91,2026-10-06T19:09:09.837Z
2026,5,14416,Jalen Hurts,PHI,QB,at JAX,rushYds,Hard Rock,64.5,under,24.48,-3000,850,0.9677,0.9019,0.0730,0,1.0000,0.0323,0.0981,ev,multiplicative,projection,main,live,2026101118C77B29,2026-10-06T19:09:09.837Z
2026,5,14416,Jalen Hurts,PHI,QB,at JAX,rushYds,Hard Rock,63.5,under,24.48,-3000,900,0.9677,0.9063,0.0677,0,1.0000,0.0323,0.0937,ev,multiplicative,projection,main,live,2026101118C77B29,2026-10-06T19:09:09.837Z
2026,5,16690,Parker Washington,JAX,WR,vs PHI,recYds,Hard Rock,128.5,under,68.35,-3000,850,0.9677,0.9019,0.0730,0,1.0000,0.0323,0.0981,ev,multiplicative,projection,main,live,2026101118C77B29,2026-10-06T19:09:09.837Z
2026,5,16690,Parker Washington,JAX,WR,vs PHI,recYds,Hard Rock,129.5,under,68.35,-3000,900,0.9677,0.9063,0.0677,0,1.0000,0.0323,0.0937,ev,multiplicative,projection,main,live,2026101118C77B29,2026-10-06T19:09:09.837Z
2026,5,16690,Parker Washington,JAX,WR,vs PHI,recYds,Hard Rock,127.5,under,68.35,-3000,850,0.9677,0.9019,0.0730,0,1.0000,0.0323,0.0981,ev,multiplicative,projection,main,live,2026101118C77B29,2026-10-06T19:09:09.837Z
2026,5,18524,Bhayshul Tuten,JAX,RB,vs PHI,rushYds,Hard Rock,85.5,under,58.83,-425,275,0.8095,0.7522,0.0762,0,0.8419,0.0323,0.0897,ev,multiplicative,projection,main,live,2026101118C77B29,2026-10-06T19:09:09.837Z
2026,5,14416,Jalen Hurts,PHI,QB,at JAX,rushYds,Hard Rock,62.5,under,24.48,-3000,850,0.9677,0.9019,0.0730,0,1.0000,0.0323,0.0981,ev,multiplicative,projection,main,live,2026101118C77B29,2026-10-06T19:09:09.837Z
2026,5,17057,Isaiah Davis,NYJ,RB,vs CLE,rushYds,Hard Rock,47.5,under,3.02,-3000,850,0.9677,0.9019,0.0730,0,1.0000,0.0323,0.0981,ev,multiplicative,projection,main,live,2026101112C81881,2026-10-06T19:09:09.837Z
2026,5,8057,Kirk Cousins,LV,QB,at NE,passYds,Hard Rock,290.5,under,210.38,-700,400,0.8750,0.8140,0.0750,0,0.9073,0.0323,0.0934,ev,multiplicative,projection,main,live,202610116AF20186,2026-10-06T19:09:09.837Z
2026,5,5971,Matthew Stafford,LAR,QB,vs BUF,passYds,Hard Rock,352.5,under,260.27,-750,400,0.8824,0.8152,0.0824,0,0.9146,0.0323,0.0994,ev,multiplicative,projection,main,live,20261013A957AFD4,2026-10-06T19:09:09.837Z
2026,5,15947,Jake Ferguson,DAL,TE,vs TB,recYds,Caesars,9.5,over,31.8,-800,,0.8889,0.8889,,1,0.9211,0.0322,0.0322,ev,none,projection,main,live,2026100942D78F91,2026-10-06T19:09:09.837Z
2026,5,17673,Drake Maye,NE,QB,vs LV,int,BetRivers,0.5,under,0.72,120,-157,0.4545,0.4266,0.0654,0,0.4868,0.0322,0.0601,ev,multiplicative,projection,main,live,202610116AF20186,2026-10-06T19:09:09.837Z
2026,5,15947,Jake Ferguson,DAL,TE,vs TB,recYds,theScore,9.5,over,31.8,-800,,0.8889,0.8889,,1,0.9211,0.0322,0.0322,ev,none,projection,main,live,2026100942D78F91,2026-10-06T19:09:09.837Z
2026,5,15853,George Pickens,DAL,WR,vs TB,recYds,Hard Rock,26.5,over,66.73,-900,450,0.9000,0.8319,0.0818,0,0.9322,0.0322,0.1003,ev,multiplicative,projection,main,live,2026100942D78F91,2026-10-06T19:09:09.837Z
2026,5,16690,Parker Washington,JAX,WR,vs PHI,recYds,Hard Rock,126.5,under,68.35,-3000,800,0.9677,0.8970,0.0789,0,1.0000,0.0322,0.1030,ev,multiplicative,projection,main,live,2026101118C77B29,2026-10-06T19:09:09.837Z
2026,5,8057,Kirk Cousins,LV,QB,at NE,passYds,Hard Rock,287.5,under,210.38,-650,375,0.8667,0.8046,0.0772,0,0.8988,0.0322,0.0943,ev,multiplicative,projection,main,live,202610116AF20186,2026-10-06T19:09:09.837Z
2026,5,12483,Josh Allen,BUF,QB,at LAR,passYds,Hard Rock,221.5,under,236.56,155,-220,0.3922,0.3632,0.0797,0,0.4243,0.0322,0.0611,ev,multiplicative,projection,main,live,20261013A957AFD4,2026-10-06T19:09:09.837Z
2026,5,16946,Tyson Bagent,CHI,QB,at GB,passYds,BetRivers,216.5,under,204.05,-115,-115,0.5349,0.5000,0.0698,0,0.5670,0.0321,0.0670,ev,multiplicative,projection,main,live,202610112660CB0C,2026-10-06T19:09:09.837Z
2026,5,17716,Brian Thomas Jr.,JAX,WR,vs PHI,recYds,Hard Rock,49.5,over,33.71,375,-600,0.2105,0.1972,0.0677,0,0.2426,0.0321,0.0454,ev,multiplicative,projection,main,live,2026101118C77B29,2026-10-06T19:09:09.837Z
2026,5,18472,Harold Fannin Jr.,CLE,TE,at NYJ,recYds,Hard Rock,35.5,over,39.39,-125,-110,0.5556,0.5147,0.0794,0,0.5876,0.0321,0.0729,ev,multiplicative,projection,main,live,2026101112C81881,2026-10-06T19:09:09.837Z
2026,5,11690,Christian McCaffrey,SF,RB,at SEA,rushYds,Hard Rock,52.5,over,58.96,-125,-110,0.5556,0.5147,0.0794,0,0.5877,0.0321,0.0730,ev,multiplicative,projection,main,live,202610119C07AE76,2026-10-06T19:09:09.837Z
2026,5,11892,George Kittle,SF,TE,at SEA,recYds,Hard Rock,113.5,under,55.78,-1400,575,0.9333,0.8630,0.0815,0,0.9654,0.0321,0.1024,ev,multiplicative,projection,main,live,202610119C07AE76,2026-10-06T19:09:09.837Z
2026,5,15265,Kyle Pitts,ATL,TE,vs BAL,recYds,Hard Rock,45.5,over,33,260,-425,0.2778,0.2555,0.0873,0,0.3099,0.0321,0.0544,ev,multiplicative,projection,main,live,2026101240603BF9,2026-10-06T19:09:09.837Z
2026,5,12483,Josh Allen,BUF,QB,at LAR,passYds,Hard Rock,218.5,under,236.56,165,-240,0.3774,0.3484,0.0832,0,0.4095,0.0321,0.0611,ev,multiplicative,projection,main,live,20261013A957AFD4,2026-10-06T19:09:09.837Z
2026,5,15853,George Pickens,DAL,WR,vs TB,recYds,FanDuel,24.5,over,66.73,-1004,,0.9094,0.9094,,1,0.9414,0.0320,0.0320,ev,none,projection,main,live,2026100942D78F91,2026-10-06T19:09:09.837Z
2026,5,14411,CeeDee Lamb,DAL,WR,vs TB,recYds,FanDuel,109.5,over,94.13,233,,0.3003,0.3003,,1,0.3323,0.0320,0.0320,ev,none,projection,main,live,2026100942D78F91,2026-10-06T19:09:09.837Z
2026,5,19320,Ted Hurst,TB,WR,at DAL,recYds,Hard Rock,23.5,over,25.73,-105,-135,0.5122,0.4713,0.0867,0,0.5442,0.0320,0.0729,ev,multiplicative,projection,main,live,2026100942D78F91,2026-10-06T19:09:09.837Z
2026,5,14411,CeeDee Lamb,DAL,WR,vs TB,recYds,Hard Rock,58.5,over,94.13,-300,210,0.7500,0.6992,0.0726,0,0.7820,0.0320,0.0828,ev,multiplicative,projection,main,live,2026100942D78F91,2026-10-06T19:09:09.837Z
2026,5,15829,Garrett Wilson,NYJ,WR,vs CLE,recYds,Hard Rock,126.5,under,62.78,-1800,650,0.9474,0.8766,0.0807,0,0.9794,0.0320,0.1028,ev,multiplicative,projection,main,live,2026101112C81881,2026-10-06T19:09:09.837Z
2026,5,14371,Jordan Love,GB,QB,vs CHI,passYds,Hard Rock,202.5,over,255.85,-260,180,0.7222,0.6691,0.0794,0,0.7542,0.0320,0.0851,ev,multiplicative,projection,main,live,202610112660CB0C,2026-10-06T19:09:09.837Z
2026,5,15834,Brock Purdy,SF,QB,at SEA,passYds,theScore,224.5,over,241.08,-125,,0.5556,0.5556,,1,0.5876,0.0320,0.0320,ev,none,projection,main,live,202610119C07AE76,2026-10-06T19:09:09.837Z
2026,5,19292,Jalon Daniels,TB,QB,at DAL,passTD,Caesars,1.5,over,1.31,190,,0.3448,0.3448,,1,0.3767,0.0319,0.0319,ev,none,projection,main,live,2026100942D78F91,2026-10-06T19:09:09.837Z
2026,5,16690,Parker Washington,JAX,WR,vs PHI,recYds,Hard Rock,26.5,under,68.35,425,-850,0.1905,0.1755,0.0852,0,0.2224,0.0319,0.0469,ev,multiplicative,projection,main,live,2026101118C77B29,2026-10-06T19:09:09.837Z
2026,5,8743,Geno Smith,NYJ,QB,vs CLE,rushYds,Hard Rock,37.5,under,13.84,-3000,900,0.9677,0.9063,0.0677,0,0.9996,0.0319,0.0933,ev,multiplicative,projection,main,live,2026101112C81881,2026-10-06T19:09:09.837Z
2026,5,11712,Deshaun Watson,CLE,QB,at NYJ,rushYds,Hard Rock,59.5,under,14.86,-3000,900,0.9677,0.9063,0.0677,0,0.9996,0.0319,0.0933,ev,multiplicative,projection,main,live,2026101112C81881,2026-10-06T19:09:09.837Z
2026,5,15853,George Pickens,DAL,WR,vs TB,recYds,DraftKings,14.5,over,66.73,-1620,,0.9419,0.9419,,1,0.9737,0.0318,0.0318,ev,none,projection,main,live,2026100942D78F91,2026-10-06T19:09:09.837Z
2026,5,18472,Harold Fannin Jr.,CLE,TE,at NYJ,receptions,DraftKings,1.5,over,4.1,-1680,,0.9438,0.9438,,1,0.9756,0.0318,0.0318,ev,none,projection,main,live,2026101112C81881,2026-10-06T19:09:09.837Z
2026,5,14371,Jordan Love,GB,QB,vs CHI,passYds,DraftKings,349.5,over,255.85,1540,,0.0610,0.0610,,1,0.0928,0.0318,0.0318,ev,none,projection,main,live,202610112660CB0C,2026-10-06T19:09:09.837Z
2026,5,11892,George Kittle,SF,TE,at SEA,receptions,BetRivers,7.5,over,4.6,600,,0.1429,0.1429,,1,0.1747,0.0318,0.0318,ev,none,projection,main,live,202610119C07AE76,2026-10-06T19:09:09.837Z
2026,5,15357,Trevor Lawrence,JAX,QB,vs PHI,rushYds,Hard Rock,23.5,over,19.9,240,-375,0.2941,0.2714,0.0836,0,0.3259,0.0318,0.0544,ev,multiplicative,projection,main,live,2026101118C77B29,2026-10-06T19:09:09.837Z
2026,5,11712,Deshaun Watson,CLE,QB,at NYJ,rushYds,Hard Rock,58.5,under,14.86,-3000,800,0.9677,0.8970,0.0789,0,0.9995,0.0318,0.1025,ev,multiplicative,projection,main,live,2026101112C81881,2026-10-06T19:09:09.837Z
2026,5,14371,Jordan Love,GB,QB,vs CHI,passYds,Hard Rock,206.5,over,255.85,-240,165,0.7059,0.6516,0.0832,0,0.7377,0.0318,0.0861,ev,multiplicative,projection,main,live,202610112660CB0C,2026-10-06T19:09:09.837Z
2026,5,14371,Jordan Love,GB,QB,vs CHI,passYds,Hard Rock,204.5,over,255.85,-250,175,0.7143,0.6627,0.0779,0,0.7461,0.0318,0.0834,ev,multiplicative,projection,main,live,202610112660CB0C,2026-10-06T19:09:09.837Z
2026,5,19607,Kaelon Black,SF,RB,at SEA,rushYds,Hard Rock,7.5,under,15.13,230,-375,0.3030,0.2774,0.0925,0,0.3348,0.0318,0.0574,ev,multiplicative,projection,main,live,202610119C07AE76,2026-10-06T19:09:09.837Z
2026,5,11892,George Kittle,SF,TE,at SEA,recYds,Hard Rock,111.5,under,55.78,-1300,550,0.9286,0.8579,0.0824,0,0.9603,0.0318,0.1025,ev,multiplicative,projection,main,live,202610119C07AE76,2026-10-06T19:09:09.837Z
2026,5,11892,George Kittle,SF,TE,at SEA,recYds,Hard Rock,80.5,under,55.78,-300,210,0.7500,0.6992,0.0726,0,0.7818,0.0318,0.0826,ev,multiplicative,projection,main,live,202610119C07AE76,2026-10-06T19:09:09.837Z
2026,5,15850,Jahan Dotson,ATL,WR,vs BAL,recYds,Hard Rock,67.5,under,15.76,-3000,900,0.9677,0.9063,0.0677,0,0.9995,0.0318,0.0932,ev,multiplicative,projection,main,live,2026101240603BF9,2026-10-06T19:09:09.837Z
2026,5,17811,AJ Barner,SEA,TE,vs SF,recYds,DraftKings,39.5,over,33.13,247,,0.2882,0.2882,,1,0.3199,0.0317,0.0317,ev,none,projection,main,live,202610119C07AE76,2026-10-06T19:09:09.837Z
2026,5,18524,Bhayshul Tuten,JAX,RB,vs PHI,recYds,Hard Rock,13.5,over,12.52,130,-180,0.4348,0.4035,0.0776,0,0.4664,0.0317,0.0630,ev,multiplicative,projection,main,live,2026101118C77B29,2026-10-06T19:09:09.837Z
2026,5,18516,Quinshon Judkins,CLE,RB,at NYJ,rushYds,Hard Rock,74.5,under,59.27,-250,170,0.7143,0.6585,0.0847,0,0.7460,0.0317,0.0874,ev,multiplicative,projection,main,live,2026101112C81881,2026-10-06T19:09:09.837Z
2026,5,15834,Brock Purdy,SF,QB,at SEA,passYds,Hard Rock,217.5,over,241.08,-145,105,0.5918,0.5482,0.0796,0,0.6235,0.0317,0.0753,ev,multiplicative,projection,main,live,202610119C07AE76,2026-10-06T19:09:09.837Z
2026,5,15850,Jahan Dotson,ATL,WR,vs BAL,recYds,Hard Rock,66.5,under,15.76,-3000,850,0.9677,0.9019,0.0730,0,0.9994,0.0317,0.0975,ev,multiplicative,projection,main,live,2026101240603BF9,2026-10-06T19:09:09.837Z
2026,5,9455,Davante Adams,LAR,WR,vs BUF,recYds,Hard Rock,48.5,over,79.89,-220,155,0.6875,0.6368,0.0797,0,0.7192,0.0317,0.0824,ev,multiplicative,projection,main,live,20261013A957AFD4,2026-10-06T19:09:09.837Z
2026,5,15834,Brock Purdy,SF,QB,at SEA,passYds,Caesars,309.5,over,241.08,675,,0.1290,0.1290,,1,0.1606,0.0316,0.0316,ev,none,projection,main,live,202610119C07AE76,2026-10-06T19:09:09.837Z
2026,5,15265,Kyle Pitts,ATL,TE,vs BAL,receptions,FanDuel,5.5,over,2.71,998,,0.0911,0.0911,,1,0.1227,0.0316,0.0316,ev,none,projection,main,live,2026101240603BF9,2026-10-06T19:09:09.837Z
2026,5,19292,Jalon Daniels,TB,QB,at DAL,passYds,Hard Rock,155.5,over,209.11,-230,160,0.6970,0.6444,0.0816,0,0.7286,0.0316,0.0842,ev,multiplicative,projection,main,live,2026100942D78F91,2026-10-06T19:09:09.837Z
2026,5,18549,Emeka Egbuka,TB,WR,at DAL,recYds,Hard Rock,69.5,over,46.67,450,-950,0.1818,0.1673,0.0866,0,0.2134,0.0316,0.0461,ev,multiplicative,projection,main,live,2026100942D78F91,2026-10-06T19:09:09.837Z
2026,5,8743,Geno Smith,NYJ,QB,vs CLE,rushYds,Hard Rock,36.5,under,13.84,-3000,800,0.9677,0.8970,0.0789,0,0.9994,0.0316,0.1023,ev,multiplicative,projection,main,live,2026101112C81881,2026-10-06T19:09:09.837Z
2026,5,8057,Kirk Cousins,LV,QB,at NE,passYds,BetRivers,220.5,under,210.38,-115,-115,0.5349,0.5000,0.0698,0,0.5664,0.0315,0.0664,ev,multiplicative,projection,main,live,202610116AF20186,2026-10-06T19:09:09.837Z
2026,5,11863,Cooper Kupp,SEA,WR,vs SF,recYds,FanDuel,14.5,over,29.77,-281,,0.7375,0.7375,,1,0.7690,0.0315,0.0315,ev,none,projection,main,live,202610119C07AE76,2026-10-06T19:09:09.837Z
2026,5,15853,George Pickens,DAL,WR,vs TB,recYds,Hard Rock,61.5,over,66.73,-120,-115,0.5455,0.5049,0.0803,0,0.5769,0.0315,0.0720,ev,multiplicative,projection,main,live,2026100942D78F91,2026-10-06T19:09:09.837Z
2026,5,15306,Javonte Williams,DAL,RB,vs TB,recYds,Hard Rock,8.5,over,16.44,-240,165,0.7059,0.6516,0.0832,0,0.7374,0.0315,0.0857,ev,multiplicative,projection,main,live,2026100942D78F91,2026-10-06T19:09:09.837Z
2026,5,18524,Bhayshul Tuten,JAX,RB,vs PHI,rushYds,Hard Rock,108.5,under,58.83,-1500,600,0.9375,0.8678,0.0804,0,0.9690,0.0315,0.1012,ev,multiplicative,projection,main,live,2026101118C77B29,2026-10-06T19:09:09.837Z
2026,5,11712,Deshaun Watson,CLE,QB,at NYJ,passYds,Hard Rock,171.5,under,198.41,195,-275,0.3390,0.3161,0.0723,0,0.3704,0.0315,0.0543,ev,multiplicative,projection,main,live,2026101112C81881,2026-10-06T19:09:09.837Z
2026,5,15834,Brock Purdy,SF,QB,at SEA,rushYds,Hard Rock,46.5,under,17.22,-2500,750,0.9615,0.8910,0.0792,0,0.9930,0.0315,0.1021,ev,multiplicative,projection,main,live,202610119C07AE76,2026-10-06T19:09:09.837Z
2026,5,15850,Jahan Dotson,ATL,WR,vs BAL,recYds,Hard Rock,65.5,under,15.76,-3000,800,0.9677,0.8970,0.0789,0,0.9993,0.0315,0.1022,ev,multiplicative,projection,main,live,2026101240603BF9,2026-10-06T19:09:09.837Z
2026,5,15990,Tyler Goodson,DAL,RB,vs TB,rushYds,Hard Rock,29.5,under,18.05,-325,220,0.7647,0.7099,0.0772,0,0.7961,0.0314,0.0862,ev,multiplicative,projection,main,live,2026100942D78F91,2026-10-06T19:09:09.837Z
2026,5,19298,Denzel Boston,CLE,WR,at NYJ,recYds,Hard Rock,104.5,under,51.02,-1800,700,0.9474,0.8834,0.0724,0,0.9788,0.0314,0.0954,ev,multiplicative,projection,main,live,2026101112C81881,2026-10-06T19:09:09.837Z
2026,5,17690,Blake Corum,LAR,RB,vs BUF,rushYds,Hard Rock,83.5,over,43.22,1200,-5000,0.0769,0.0728,0.0573,0,0.1083,0.0314,0.0356,ev,multiplicative,projection,main,live,20261013A957AFD4,2026-10-06T19:09:09.837Z
2026,5,16690,Parker Washington,JAX,WR,vs PHI,recYds,DraftKings,69.5,over,68.35,130,,0.4348,0.4348,,1,0.4660,0.0313,0.0313,ev,none,projection,main,live,2026101118C77B29,2026-10-06T19:09:09.837Z
2026,5,15876,James Cook,BUF,RB,at LAR,rushYds,BetRivers,109.5,over,88.04,420,,0.1923,0.1923,,1,0.2236,0.0313,0.0313,ev,none,projection,main,live,20261013A957AFD4,2026-10-06T19:09:09.837Z
2026,5,17017,Brenton Strange,JAX,TE,vs PHI,recYds,Hard Rock,52.5,under,40.27,-300,210,0.7500,0.6992,0.0726,0,0.7813,0.0313,0.0821,ev,multiplicative,projection,main,live,2026101118C77B29,2026-10-06T19:09:09.837Z
2026,5,14371,Jordan Love,GB,QB,vs CHI,passYds,Hard Rock,331.5,over,255.85,800,-2500,0.1111,0.1036,0.0726,0,0.1424,0.0313,0.0388,ev,multiplicative,projection,main,live,202610112660CB0C,2026-10-06T19:09:09.837Z
2026,5,11690,Christian McCaffrey,SF,RB,at SEA,rushYds,Hard Rock,116.5,under,58.96,-3000,900,0.9677,0.9063,0.0677,0,0.9990,0.0313,0.0927,ev,multiplicative,projection,main,live,202610119C07AE76,2026-10-06T19:09:09.837Z
2026,5,17811,AJ Barner,SEA,TE,vs SF,recYds,Hard Rock,58.5,under,33.13,-1500,600,0.9375,0.8678,0.0804,0,0.9688,0.0313,0.1011,ev,multiplicative,projection,main,live,202610119C07AE76,2026-10-06T19:09:09.837Z
2026,5,12483,Josh Allen,BUF,QB,at LAR,rushYds,Hard Rock,76.5,under,37.26,-3000,850,0.9677,0.9019,0.0730,0,0.9990,0.0313,0.0971,ev,multiplicative,projection,main,live,20261013A957AFD4,2026-10-06T19:09:09.837Z
2026,5,17690,Blake Corum,LAR,RB,vs BUF,rushYds,Hard Rock,84.5,over,43.22,1300,-6000,0.0714,0.0677,0.0550,0,0.1027,0.0313,0.0350,ev,multiplicative,projection,main,live,20261013A957AFD4,2026-10-06T19:09:09.837Z
2026,5,18472,Harold Fannin Jr.,CLE,TE,at NYJ,receptions,Caesars,1.5,over,4.1,-1700,,0.9444,0.9444,,1,0.9756,0.0312,0.0312,ev,none,projection,main,live,2026101112C81881,2026-10-06T19:09:09.837Z
2026,5,13429,Deebo Samuel Sr.,SF,WR,at SEA,recYds,Caesars,69.5,over,42.63,750,,0.1176,0.1176,,1,0.1488,0.0312,0.0312,ev,none,projection,main,live,202610119C07AE76,2026-10-06T19:09:09.837Z
2026,5,15990,Tyler Goodson,DAL,RB,vs TB,rushYds,Hard Rock,60.5,under,18.05,-3000,850,0.9677,0.9019,0.0730,0,0.9989,0.0312,0.0970,ev,multiplicative,projection,main,live,2026100942D78F91,2026-10-06T19:09:09.837Z
2026,5,18484,Tez Johnson,TB,WR,at DAL,recYds,theScore,9.5,over,16.56,-175,,0.6364,0.6364,,1,0.6676,0.0312,0.0312,ev,none,projection,main,live,2026100942D78F91,2026-10-06T19:09:09.837Z
2026,5,14371,Jordan Love,GB,QB,vs CHI,passYds,Hard Rock,329.5,over,255.85,750,-2500,0.1176,0.1090,0.0792,0,0.1489,0.0312,0.0399,ev,multiplicative,projection,main,live,202610112660CB0C,2026-10-06T19:09:09.837Z
2026,5,12483,Josh Allen,BUF,QB,at LAR,int,BetRivers,1.5,over,0.86,450,,0.1818,0.1818,,1,0.2129,0.0311,0.0311,ev,none,projection,main,live,20261013A957AFD4,2026-10-06T19:09:09.837Z
2026,5,17702,Braelon Allen,NYJ,RB,vs CLE,rushYds,Hard Rock,116.5,under,38.23,-1000,475,0.9091,0.8394,0.0830,0,0.9402,0.0311,0.1008,ev,multiplicative,projection,main,live,2026101112C81881,2026-10-06T19:09:09.837Z
2026,5,11690,Christian McCaffrey,SF,RB,at SEA,rushYds,Hard Rock,115.5,under,58.96,-3000,850,0.9677,0.9019,0.0730,0,0.9988,0.0311,0.0969,ev,multiplicative,projection,main,live,202610119C07AE76,2026-10-06T19:09:09.837Z
2026,5,12483,Josh Allen,BUF,QB,at LAR,passYds,Hard Rock,224.5,under,236.56,145,-200,0.4082,0.3797,0.0748,0,0.4393,0.0311,0.0595,ev,multiplicative,projection,main,live,20261013A957AFD4,2026-10-06T19:09:09.837Z
2026,5,16032,Cade Otton,TB,TE,at DAL,recYds,FanDuel,49.5,over,36.11,356,,0.2193,0.2193,,1,0.2503,0.0310,0.0310,ev,none,projection,main,live,2026100942D78F91,2026-10-06T19:09:09.837Z
2026,5,16946,Tyson Bagent,CHI,QB,at GB,passYds,Hard Rock,225.5,under,204.05,-140,105,0.5833,0.5446,0.0711,0,0.6143,0.0310,0.0697,ev,multiplicative,projection,main,live,202610112660CB0C,2026-10-06T19:09:09.837Z
2026,5,15850,Jahan Dotson,ATL,WR,vs BAL,recYds,Hard Rock,16.5,under,15.76,105,-150,0.4878,0.4484,0.0878,0,0.5188,0.0310,0.0704,ev,multiplicative,projection,main,live,2026101240603BF9,2026-10-06T19:09:09.837Z
2026,5,12483,Josh Allen,BUF,QB,at LAR,rushYds,Hard Rock,75.5,under,37.26,-3000,850,0.9677,0.9019,0.0730,0,0.9987,0.0310,0.0968,ev,multiplicative,projection,main,live,20261013A957AFD4,2026-10-06T19:09:09.837Z
2026,5,18524,Bhayshul Tuten,JAX,RB,vs PHI,receptions,Caesars,1.5,over,1.64,-115,-113,0.5349,0.5020,0.0654,0,0.5658,0.0309,0.0637,ev,multiplicative,projection,main,live,2026101118C77B29,2026-10-06T19:09:09.837Z
2026,5,15265,Kyle Pitts,ATL,TE,vs BAL,receptions,FanDuel,1.5,over,2.71,-312,,0.7573,0.7573,,1,0.7882,0.0309,0.0309,ev,none,projection,main,live,2026101240603BF9,2026-10-06T19:09:09.837Z
2026,5,15807,Kyren Williams,LAR,RB,vs BUF,rushYds,DraftKings,73.5,over,79.89,-112,-112,0.5283,0.5000,0.0566,0,0.5592,0.0309,0.0592,ev,multiplicative,projection,main,live,20261013A957AFD4,2026-10-06T19:09:09.837Z
2026,5,15876,James Cook,BUF,RB,at LAR,rushYds,DraftKings,99.5,over,88.04,221,,0.3115,0.3115,,1,0.3424,0.0309,0.0309,ev,none,projection,main,live,20261013A957AFD4,2026-10-06T19:09:09.837Z
2026,5,15990,Tyler Goodson,DAL,RB,vs TB,rushYds,Hard Rock,59.5,under,18.05,-3000,850,0.9677,0.9019,0.0730,0,0.9986,0.0309,0.0967,ev,multiplicative,projection,main,live,2026100942D78F91,2026-10-06T19:09:09.837Z
2026,5,18524,Bhayshul Tuten,JAX,RB,vs PHI,receptions,Hard Rock,1.5,over,1.64,-115,-115,0.5349,0.5000,0.0698,0,0.5658,0.0309,0.0658,ev,multiplicative,projection,main,live,2026101118C77B29,2026-10-06T19:09:09.837Z
2026,5,18524,Bhayshul Tuten,JAX,RB,vs PHI,receptions,theScore,1.5,over,1.64,-115,-115,0.5349,0.5000,0.0698,0,0.5658,0.0309,0.0658,ev,multiplicative,projection,main,live,2026101118C77B29,2026-10-06T19:09:09.837Z
2026,5,11690,Christian McCaffrey,SF,RB,at SEA,rushYds,Hard Rock,50.5,over,58.96,-140,100,0.5833,0.5385,0.0833,0,0.6142,0.0309,0.0757,ev,multiplicative,projection,main,live,202610119C07AE76,2026-10-06T19:09:09.837Z
2026,5,11690,Christian McCaffrey,SF,RB,at SEA,rushYds,Hard Rock,114.5,under,58.96,-3000,850,0.9677,0.9019,0.0730,0,0.9986,0.0309,0.0967,ev,multiplicative,projection,main,live,202610119C07AE76,2026-10-06T19:09:09.837Z
2026,5,11892,George Kittle,SF,TE,at SEA,recYds,Hard Rock,83.5,under,55.78,-350,230,0.7778,0.7196,0.0808,0,0.8086,0.0309,0.0890,ev,multiplicative,projection,main,live,202610119C07AE76,2026-10-06T19:09:09.837Z
2026,5,15265,Kyle Pitts,ATL,TE,vs BAL,recYds,Hard Rock,5.5,over,33,-750,400,0.8824,0.8152,0.0824,0,0.9132,0.0309,0.0980,ev,multiplicative,projection,main,live,2026101240603BF9,2026-10-06T19:09:09.837Z
2026,5,13429,Deebo Samuel Sr.,SF,WR,at SEA,receptions,DraftKings,2.5,over,3.78,-252,,0.7159,0.7159,,1,0.7467,0.0308,0.0308,ev,none,projection,main,live,202610119C07AE76,2026-10-06T19:09:09.837Z
2026,5,18472,Harold Fannin Jr.,CLE,TE,at NYJ,recYds,Hard Rock,58.5,under,39.39,-450,275,0.8182,0.7542,0.0848,0,0.8490,0.0308,0.0948,ev,multiplicative,projection,main,live,2026101112C81881,2026-10-06T19:09:09.837Z
2026,5,15834,Brock Purdy,SF,QB,at SEA,passYds,Hard Rock,214.5,over,241.08,-155,110,0.6078,0.5607,0.0840,0,0.6386,0.0308,0.0779,ev,multiplicative,projection,main,live,202610119C07AE76,2026-10-06T19:09:09.837Z
2026,5,15834,Brock Purdy,SF,QB,at SEA,passYds,Hard Rock,289.5,over,241.08,375,-700,0.2105,0.1939,0.0855,0,0.2413,0.0308,0.0474,ev,multiplicative,projection,main,live,202610119C07AE76,2026-10-06T19:09:09.837Z
2026,5,18472,Harold Fannin Jr.,CLE,TE,at NYJ,recYds,BetRivers,29.5,over,39.39,-215,,0.6825,0.6825,,1,0.7133,0.0307,0.0307,ev,none,projection,main,live,2026101112C81881,2026-10-06T19:09:09.837Z
2026,5,18472,Harold Fannin Jr.,CLE,TE,at NYJ,recYds,Hard Rock,15.5,over,39.39,-750,400,0.8824,0.8152,0.0824,0,0.9131,0.0307,0.0978,ev,multiplicative,projection,main,live,2026101112C81881,2026-10-06T19:09:09.837Z
2026,5,12490,Sam Darnold,SEA,QB,vs SF,passYds,Hard Rock,170.5,under,229.65,375,-700,0.2105,0.1939,0.0855,0,0.2413,0.0307,0.0473,ev,multiplicative,projection,main,live,202610119C07AE76,2026-10-06T19:09:09.837Z
2026,5,17690,Blake Corum,LAR,RB,vs BUF,rushYds,Hard Rock,85.5,over,43.22,1400,-6000,0.0667,0.0635,0.0503,0,0.0973,0.0307,0.0339,ev,multiplicative,projection,main,live,20261013A957AFD4,2026-10-06T19:09:09.837Z
2026,5,5971,Matthew Stafford,LAR,QB,vs BUF,int,BetRivers,0.5,under,0.57,-115,-114,0.5349,0.5010,0.0676,0,0.5655,0.0306,0.0645,ev,multiplicative,projection,main,live,20261013A957AFD4,2026-10-06T19:09:09.837Z
2026,5,17702,Braelon Allen,NYJ,RB,vs CLE,rushYds,Hard Rock,114.5,under,38.23,-950,450,0.9048,0.8327,0.0866,0,0.9353,0.0306,0.1026,ev,multiplicative,projection,main,live,2026101112C81881,2026-10-06T19:09:09.837Z
2026,5,11690,Christian McCaffrey,SF,RB,at SEA,rushYds,Hard Rock,113.5,under,58.96,-3000,800,0.9677,0.8970,0.0789,0,0.9983,0.0306,0.1013,ev,multiplicative,projection,main,live,202610119C07AE76,2026-10-06T19:09:09.837Z
2026,5,17017,Brenton Strange,JAX,TE,vs PHI,recYds,Caesars,29.5,over,40.27,-176,,0.6377,0.6377,,1,0.6682,0.0305,0.0305,ev,none,projection,main,live,2026101118C77B29,2026-10-06T19:09:09.837Z
2026,5,8057,Kirk Cousins,LV,QB,at NE,passTD,DraftKings,2.5,over,1.47,553,,0.1531,0.1531,,1,0.1837,0.0305,0.0305,ev,none,projection,main,live,202610116AF20186,2026-10-06T19:09:09.837Z
2026,5,11690,Christian McCaffrey,SF,RB,at SEA,rushYds,Caesars,49.5,over,58.96,-148,,0.5968,0.5968,,1,0.6272,0.0305,0.0305,ev,none,projection,main,live,202610119C07AE76,2026-10-06T19:09:09.837Z
2026,5,11690,Christian McCaffrey,SF,RB,at SEA,rushYds,BetRivers,49.5,over,58.96,-148,,0.5968,0.5968,,1,0.6272,0.0305,0.0305,ev,none,projection,main,live,202610119C07AE76,2026-10-06T19:09:09.837Z
2026,5,15990,Tyler Goodson,DAL,RB,vs TB,rushYds,Hard Rock,58.5,under,18.05,-3000,850,0.9677,0.9019,0.0730,0,0.9983,0.0305,0.0964,ev,multiplicative,projection,main,live,2026100942D78F91,2026-10-06T19:09:09.837Z
2026,5,15306,Javonte Williams,DAL,RB,vs TB,rushYds,Hard Rock,84.5,under,72.94,-195,140,0.6610,0.6134,0.0777,0,0.6915,0.0305,0.0781,ev,multiplicative,projection,main,live,2026100942D78F91,2026-10-06T19:09:09.837Z
2026,5,19321,Josh Cameron,JAX,WR,vs PHI,recYds,Hard Rock,54.5,under,12.85,-3000,900,0.9677,0.9063,0.0677,0,0.9983,0.0305,0.0919,ev,multiplicative,projection,main,live,2026101118C77B29,2026-10-06T19:09:09.837Z
2026,5,14371,Jordan Love,GB,QB,vs CHI,passYds,Hard Rock,327.5,over,255.85,700,-2200,0.1250,0.1156,0.0815,0,0.1555,0.0305,0.0400,ev,multiplicative,projection,main,live,202610112660CB0C,2026-10-06T19:09:09.837Z
2026,5,17811,AJ Barner,SEA,TE,vs SF,recYds,Hard Rock,60.5,under,33.13,-1800,650,0.9474,0.8766,0.0807,0,0.9778,0.0305,0.1012,ev,multiplicative,projection,main,live,202610119C07AE76,2026-10-06T19:09:09.837Z
2026,5,11863,Cooper Kupp,SEA,WR,vs SF,recYds,Hard Rock,17.5,over,29.77,-225,155,0.6923,0.6384,0.0845,0,0.7228,0.0305,0.0844,ev,multiplicative,projection,main,live,202610119C07AE76,2026-10-06T19:09:09.837Z
2026,5,16919,Zay Flowers,BAL,WR,at ATL,recYds,Hard Rock,101.5,over,84.25,300,-475,0.2500,0.2323,0.0761,0,0.2805,0.0305,0.0481,ev,multiplicative,projection,main,live,2026101240603BF9,2026-10-06T19:09:09.837Z
2026,5,13517,Jakobi Meyers,JAX,WR,vs PHI,receptions,FanDuel,3.5,under,3.35,104,-138,0.4902,0.4581,0.0700,0,0.5206,0.0304,0.0625,ev,multiplicative,projection,main,live,2026101118C77B29,2026-10-06T19:09:09.837Z
2026,5,15853,George Pickens,DAL,WR,vs TB,receptions,theScore,5.5,over,4.51,185,,0.3509,0.3509,,1,0.3813,0.0304,0.0304,ev,none,projection,main,live,2026100942D78F91,2026-10-06T19:09:09.837Z
2026,5,15306,Javonte Williams,DAL,RB,vs TB,recYds,Hard Rock,28.5,under,16.44,-325,220,0.7647,0.7099,0.0772,0,0.7951,0.0304,0.0852,ev,multiplicative,projection,main,live,2026100942D78F91,2026-10-06T19:09:09.837Z
2026,5,18524,Bhayshul Tuten,JAX,RB,vs PHI,rushYds,Hard Rock,109.5,under,58.83,-1600,600,0.9412,0.8682,0.0840,0,0.9715,0.0304,0.1033,ev,multiplicative,projection,main,live,2026101118C77B29,2026-10-06T19:09:09.837Z
2026,5,18472,Harold Fannin Jr.,CLE,TE,at NYJ,recYds,Hard Rock,36.5,over,39.39,-115,-115,0.5349,0.5000,0.0698,0,0.5653,0.0304,0.0653,ev,multiplicative,projection,main,live,2026101112C81881,2026-10-06T19:09:09.837Z
2026,5,8057,Kirk Cousins,LV,QB,at NE,passYds,Hard Rock,297.5,under,210.38,-850,450,0.8947,0.8311,0.0766,0,0.9251,0.0304,0.0940,ev,multiplicative,projection,main,live,202610116AF20186,2026-10-06T19:09:09.837Z
2026,5,18472,Harold Fannin Jr.,CLE,TE,at NYJ,recYds,FanDuel,39.5,over,39.39,114,,0.4673,0.4673,,1,0.4976,0.0303,0.0303,ev,none,projection,main,live,2026101112C81881,2026-10-06T19:09:09.837Z
2026,5,19292,Jalon Daniels,TB,QB,at DAL,completions,theScore,22.5,over,17.47,500,,0.1667,0.1667,,1,0.1970,0.0303,0.0303,ev,none,projection,main,live,2026100942D78F91,2026-10-06T19:09:09.837Z
2026,5,16690,Parker Washington,JAX,WR,vs PHI,recYds,Hard Rock,62.5,over,68.35,-105,-130,0.5122,0.4754,0.0774,0,0.5425,0.0303,0.0671,ev,multiplicative,projection,main,live,2026101118C77B29,2026-10-06T19:09:09.837Z
2026,5,18472,Harold Fannin Jr.,CLE,TE,at NYJ,recYds,Hard Rock,78.5,under,39.39,-2000,700,0.9524,0.8840,0.0774,0,0.9827,0.0303,0.0987,ev,multiplicative,projection,main,live,2026101112C81881,2026-10-06T19:09:09.837Z
2026,5,11712,Deshaun Watson,CLE,QB,at NYJ,passYds,Hard Rock,172.5,under,198.41,190,-275,0.3448,0.3198,0.0782,0,0.3751,0.0303,0.0553,ev,multiplicative,projection,main,live,2026101112C81881,2026-10-06T19:09:09.837Z
2026,5,8057,Kirk Cousins,LV,QB,at NE,passYds,Hard Rock,292.5,under,210.38,-750,400,0.8824,0.8152,0.0824,0,0.9127,0.0303,0.0975,ev,multiplicative,projection,main,live,202610116AF20186,2026-10-06T19:09:09.837Z
2026,5,11892,George Kittle,SF,TE,at SEA,recYds,Hard Rock,114.5,under,55.78,-1500,600,0.9375,0.8678,0.0804,0,0.9678,0.0303,0.1000,ev,multiplicative,projection,main,live,202610119C07AE76,2026-10-06T19:09:09.837Z
2026,5,12490,Sam Darnold,SEA,QB,vs SF,passYds,Hard Rock,173.5,under,229.65,350,-600,0.2222,0.2059,0.0794,0,0.2525,0.0303,0.0466,ev,multiplicative,projection,main,live,202610119C07AE76,2026-10-06T19:09:09.837Z
2026,5,12490,Sam Darnold,SEA,QB,vs SF,passYds,Hard Rock,167.5,under,229.65,400,-750,0.2000,0.1848,0.0824,0,0.2303,0.0303,0.0455,ev,multiplicative,projection,main,live,202610119C07AE76,2026-10-06T19:09:09.837Z
2026,5,5971,Matthew Stafford,LAR,QB,vs BUF,passYds,Hard Rock,354.5,under,260.27,-800,425,0.8889,0.8235,0.0794,0,0.9192,0.0303,0.0957,ev,multiplicative,projection,main,live,20261013A957AFD4,2026-10-06T19:09:09.837Z
2026,5,14411,CeeDee Lamb,DAL,WR,vs TB,recYds,Hard Rock,106.5,over,94.13,200,-275,0.3333,0.3125,0.0667,0,0.3636,0.0302,0.0511,ev,multiplicative,projection,main,live,2026100942D78F91,2026-10-06T19:09:09.837Z
2026,5,8743,Geno Smith,NYJ,QB,vs CLE,passYds,Hard Rock,276.5,under,188.9,-900,450,0.9000,0.8319,0.0818,0,0.9302,0.0302,0.0983,ev,multiplicative,projection,main,live,2026101112C81881,2026-10-06T19:09:09.837Z
2026,5,14411,CeeDee Lamb,DAL,WR,vs TB,receptions,BetRivers,9.5,over,6.44,600,,0.1429,0.1429,,1,0.1730,0.0301,0.0301,ev,none,projection,main,live,2026100942D78F91,2026-10-06T19:09:09.837Z
2026,5,16560,Rashid Shaheed,SEA,WR,vs SF,receptions,FanDuel,4.5,over,2.23,918,,0.0982,0.0982,,1,0.1284,0.0301,0.0301,ev,none,projection,main,live,202610119C07AE76,2026-10-06T19:09:09.837Z
2026,5,15990,Tyler Goodson,DAL,RB,vs TB,rushYds,Hard Rock,57.5,under,18.05,-3000,800,0.9677,0.8970,0.0789,0,0.9978,0.0301,0.1008,ev,multiplicative,projection,main,live,2026100942D78F91,2026-10-06T19:09:09.837Z
2026,5,14411,CeeDee Lamb,DAL,WR,vs TB,receptions,Hard Rock,9.5,over,6.44,600,-1500,0.1429,0.1322,0.0804,0,0.1730,0.0301,0.0408,ev,multiplicative,projection,main,live,2026100942D78F91,2026-10-06T19:09:09.837Z
2026,5,19321,Josh Cameron,JAX,WR,vs PHI,recYds,Hard Rock,53.5,under,12.85,-3000,850,0.9677,0.9019,0.0730,0,0.9979,0.0301,0.0960,ev,multiplicative,projection,main,live,2026101118C77B29,2026-10-06T19:09:09.837Z
2026,5,16690,Parker Washington,JAX,WR,vs PHI,recYds,Hard Rock,76.5,under,68.35,-230,160,0.6970,0.6444,0.0816,0,0.7271,0.0301,0.0827,ev,multiplicative,projection,main,live,2026101118C77B29,2026-10-06T19:09:09.837Z
2026,5,11690,Christian McCaffrey,SF,RB,at SEA,rushYds,Hard Rock,58.5,over,58.96,110,-150,0.4762,0.4425,0.0762,0,0.5063,0.0301,0.0638,ev,multiplicative,projection,main,live,202610119C07AE76,2026-10-06T19:09:09.837Z
2026,5,12490,Sam Darnold,SEA,QB,vs SF,rushYds,Hard Rock,24.5,under,11.92,-3000,850,0.9677,0.9019,0.0730,0,0.9979,0.0301,0.0960,ev,multiplicative,projection,main,live,202610119C07AE76,2026-10-06T19:09:09.837Z
2026,5,19292,Jalon Daniels,TB,QB,at DAL,completions,DraftKings,23.5,over,17.47,710,,0.1235,0.1235,,1,0.1534,0.0300,0.0300,ev,none,projection,main,live,2026100942D78F91,2026-10-06T19:09:09.837Z
2026,5,17017,Brenton Strange,JAX,TE,vs PHI,recYds,Caesars,36.5,over,40.27,-113,-115,0.5305,0.4980,0.0654,0,0.5605,0.0300,0.0626,ev,multiplicative,projection,main,live,2026101118C77B29,2026-10-06T19:09:09.837Z
2026,5,17811,AJ Barner,SEA,TE,vs SF,recYds,BetRivers,39.5,over,33.13,245,,0.2899,0.2899,,1,0.3199,0.0300,0.0300,ev,none,projection,main,live,202610119C07AE76,2026-10-06T19:09:09.837Z
2026,5,15306,Javonte Williams,DAL,RB,vs TB,rushYds,Hard Rock,138.5,under,72.94,-3000,850,0.9677,0.9019,0.0730,0,0.9977,0.0300,0.0958,ev,multiplicative,projection,main,live,2026100942D78F91,2026-10-06T19:09:09.837Z
2026,5,11718,Chris Godwin,TB,WR,at DAL,recYds,Hard Rock,84.5,over,43.08,1300,-6000,0.0714,0.0677,0.0550,0,0.1014,0.0300,0.0337,ev,multiplicative,projection,main,live,2026100942D78F91,2026-10-06T19:09:09.837Z
2026,5,14411,CeeDee Lamb,DAL,WR,vs TB,recYds,Hard Rock,56.5,over,94.13,-325,225,0.7647,0.7131,0.0724,0,0.7947,0.0300,0.0816,ev,multiplicative,projection,main,live,2026100942D78F91,2026-10-06T19:09:09.837Z
2026,5,17811,AJ Barner,SEA,TE,vs SF,recYds,Hard Rock,57.5,under,33.13,-1400,575,0.9333,0.8630,0.0815,0,0.9633,0.0300,0.1003,ev,multiplicative,projection,main,live,202610119C07AE76,2026-10-06T19:09:09.837Z
2026,5,5971,Matthew Stafford,LAR,QB,vs BUF,passYds,Hard Rock,348.5,under,260.27,-700,375,0.8750,0.8061,0.0855,0,0.9050,0.0300,0.0989,ev,multiplicative,projection,main,live,20261013A957AFD4,2026-10-06T19:09:09.837Z
