Season,Week,PlayerID,Name,Team,Pos,Opp,Stat,Book,Line,Side,Odds,OppositeOdds,ImpliedProb,FairProb,Hold,OneSided,OurProb,Edge,ModelEdge,EdgeBasis,DevigMethod,LineSource,FixtureID,CapturedAt
2026,2,12483,Josh Allen,BUF,QB,vs DET,rushAtt,Hard Rock,7.5,under,-125,-105,0.5556,0.5203,0.0678,0,0.9258,0.3703,0.4055,ev,multiplicative,live,202609189BE34D3B,2026-09-15T18:07:45.828Z
2026,2,17690,Blake Corum,LAR,RB,vs NYG,rushYds,FanDuel,43.5,over,-114,-114,0.5327,0.5000,0.0654,0,0.8162,0.2835,0.3162,ev,multiplicative,live,202609222DD46A1C,2026-09-15T18:07:45.828Z
2026,2,17690,Blake Corum,LAR,RB,vs NYG,rushYds,Hard Rock,43.5,over,-115,-115,0.5349,0.5000,0.0698,0,0.8162,0.2813,0.3162,ev,multiplicative,live,202609222DD46A1C,2026-09-15T18:07:45.828Z
2026,2,17690,Blake Corum,LAR,RB,vs NYG,rushYds,Hard Rock,49.5,over,120,-165,0.4545,0.4220,0.0772,0,0.7301,0.2755,0.3081,ev,multiplicative,live,202609222DD46A1C,2026-09-15T18:07:45.828Z
2026,2,17690,Blake Corum,LAR,RB,vs NYG,rushYds,Hard Rock,48.5,over,110,-155,0.4762,0.4393,0.0840,0,0.7457,0.2695,0.3064,ev,multiplicative,live,202609222DD46A1C,2026-09-15T18:07:45.828Z
2026,2,17690,Blake Corum,LAR,RB,vs NYG,rushYds,Hard Rock,99.5,over,900,-3000,0.1000,0.0937,0.0677,0,0.3634,0.2634,0.2697,ev,multiplicative,live,202609222DD46A1C,2026-09-15T18:07:45.828Z
2026,2,17690,Blake Corum,LAR,RB,vs NYG,rushYds,Hard Rock,39.5,over,-150,105,0.6000,0.5516,0.0878,0,0.8628,0.2628,0.3113,ev,multiplicative,live,202609222DD46A1C,2026-09-15T18:07:45.828Z
2026,2,17690,Blake Corum,LAR,RB,vs NYG,rushYds,Hard Rock,88.5,over,600,-1500,0.1429,0.1322,0.0804,0,0.4028,0.2599,0.2705,ev,multiplicative,live,202609222DD46A1C,2026-09-15T18:07:45.828Z
2026,2,17690,Blake Corum,LAR,RB,vs NYG,rushYds,Hard Rock,93.5,over,700,-2200,0.1250,0.1156,0.0815,0,0.3847,0.2597,0.2691,ev,multiplicative,live,202609222DD46A1C,2026-09-15T18:07:45.828Z
2026,2,17690,Blake Corum,LAR,RB,vs NYG,rushYds,Hard Rock,38.5,over,-160,115,0.6154,0.5695,0.0805,0,0.8731,0.2577,0.3036,ev,multiplicative,live,202609222DD46A1C,2026-09-15T18:07:45.828Z
2026,2,17690,Blake Corum,LAR,RB,vs NYG,rushYds,Hard Rock,53.5,over,145,-200,0.4082,0.3797,0.0748,0,0.6631,0.2550,0.2834,ev,multiplicative,live,202609222DD46A1C,2026-09-15T18:07:45.828Z
2026,2,17690,Blake Corum,LAR,RB,vs NYG,rushYds,Hard Rock,83.5,over,500,-1100,0.1667,0.1538,0.0833,0,0.4210,0.2544,0.2672,ev,multiplicative,live,202609222DD46A1C,2026-09-15T18:07:45.828Z
2026,2,17690,Blake Corum,LAR,RB,vs NYG,rushYds,Hard Rock,78.5,over,425,-800,0.1905,0.1765,0.0794,0,0.4395,0.2490,0.2630,ev,multiplicative,live,202609222DD46A1C,2026-09-15T18:07:45.828Z
2026,2,17690,Blake Corum,LAR,RB,vs NYG,rushYds,Hard Rock,79.5,over,425,-850,0.1905,0.1755,0.0852,0,0.4358,0.2453,0.2602,ev,multiplicative,live,202609222DD46A1C,2026-09-15T18:07:45.828Z
2026,2,17690,Blake Corum,LAR,RB,vs NYG,rushYds,Hard Rock,73.5,over,350,-600,0.2222,0.2059,0.0794,0,0.4580,0.2358,0.2521,ev,multiplicative,live,202609222DD46A1C,2026-09-15T18:07:45.828Z
2026,2,12483,Josh Allen,BUF,QB,vs DET,rushAtt,Caesars,6.5,under,121,-159,0.4525,0.4243,0.0664,0,0.6850,0.2325,0.2607,ev,multiplicative,live,202609189BE34D3B,2026-09-15T18:07:45.828Z
2026,2,17690,Blake Corum,LAR,RB,vs NYG,rushYds,Hard Rock,33.5,over,-220,155,0.6875,0.6368,0.0797,0,0.9164,0.2289,0.2796,ev,multiplicative,live,202609222DD46A1C,2026-09-15T18:07:45.828Z
2026,2,15876,James Cook,BUF,RB,vs DET,rushAtt,theScore,19.5,under,-155,155,0.6078,0.6078,0.0000,0,0.8266,0.2187,0.2187,ev,multiplicative,live,202609189BE34D3B,2026-09-15T18:07:45.828Z
2026,2,12483,Josh Allen,BUF,QB,vs DET,rushAtt,DraftKings,6.5,under,113,-145,0.4695,0.4424,0.0613,0,0.6850,0.2155,0.2427,ev,multiplicative,live,202609189BE34D3B,2026-09-15T18:07:45.828Z
2026,2,17690,Blake Corum,LAR,RB,vs NYG,rushYds,Hard Rock,58.5,over,180,-260,0.3571,0.3309,0.0794,0,0.5718,0.2147,0.2409,ev,multiplicative,live,202609222DD46A1C,2026-09-15T18:07:45.828Z
2026,2,17690,Blake Corum,LAR,RB,vs NYG,rushYds,Hard Rock,68.5,over,275,-450,0.2667,0.2458,0.0848,0,0.4767,0.2100,0.2309,ev,multiplicative,live,202609222DD46A1C,2026-09-15T18:07:45.828Z
2026,2,12483,Josh Allen,BUF,QB,vs DET,rushAtt,theScore,6.5,under,110,-140,0.4762,0.4494,0.0595,0,0.6850,0.2088,0.2356,ev,multiplicative,live,202609189BE34D3B,2026-09-15T18:07:45.828Z
2026,2,15807,Kyren Williams,LAR,RB,vs NYG,rushYds,Hard Rock,77.5,over,170,-250,0.3704,0.3415,0.0847,0,0.5744,0.2040,0.2329,ev,multiplicative,live,202609222DD46A1C,2026-09-15T18:07:45.828Z
2026,2,15807,Kyren Williams,LAR,RB,vs NYG,rushYds,Hard Rock,67.5,over,110,-150,0.4762,0.4425,0.0762,0,0.6787,0.2025,0.2362,ev,multiplicative,live,202609222DD46A1C,2026-09-15T18:07:45.828Z
2026,2,15807,Kyren Williams,LAR,RB,vs NYG,rushYds,Hard Rock,72.5,over,135,-195,0.4255,0.3916,0.0865,0,0.6277,0.2022,0.2361,ev,multiplicative,live,202609222DD46A1C,2026-09-15T18:07:45.828Z
2026,2,15807,Kyren Williams,LAR,RB,vs NYG,rushYds,Hard Rock,79.5,over,185,-275,0.3509,0.3236,0.0842,0,0.5526,0.2018,0.2290,ev,multiplicative,live,202609222DD46A1C,2026-09-15T18:07:45.828Z
2026,2,15876,James Cook,BUF,RB,vs DET,rushAtt,DraftKings,18.5,under,-123,-103,0.5516,0.5209,0.0590,0,0.7525,0.2009,0.2316,ev,multiplicative,live,202609189BE34D3B,2026-09-15T18:07:45.828Z
2026,2,17690,Blake Corum,LAR,RB,vs NYG,rushYds,Hard Rock,64.5,over,240,-375,0.2941,0.2714,0.0836,0,0.4917,0.1975,0.2202,ev,multiplicative,live,202609222DD46A1C,2026-09-15T18:07:45.828Z
2026,2,15807,Kyren Williams,LAR,RB,vs NYG,rushYds,Hard Rock,82.5,over,210,-325,0.3226,0.2967,0.0873,0,0.5197,0.1971,0.2230,ev,multiplicative,live,202609222DD46A1C,2026-09-15T18:07:45.828Z
2026,2,15892,Khalil Shakir,BUF,WR,vs DET,receptions,DraftKings,7.5,over,970,,0.0935,0.0935,,1,0.2894,0.1960,0.1960,ev,none,live,202609189BE34D3B,2026-09-15T18:07:45.828Z
2026,2,15807,Kyren Williams,LAR,RB,vs NYG,rushYds,Hard Rock,64.5,over,-105,-130,0.5122,0.4754,0.0774,0,0.7078,0.1956,0.2324,ev,multiplicative,live,202609222DD46A1C,2026-09-15T18:07:45.828Z
2026,2,15892,Khalil Shakir,BUF,WR,vs DET,receptions,BetRivers,7.5,over,950,,0.0952,0.0952,,1,0.2894,0.1942,0.1942,ev,none,live,202609189BE34D3B,2026-09-15T18:07:45.828Z
2026,2,15807,Kyren Williams,LAR,RB,vs NYG,rushYds,FanDuel,62.5,over,-114,-114,0.5327,0.5000,0.0654,0,0.7264,0.1937,0.2264,ev,multiplicative,live,202609222DD46A1C,2026-09-15T18:07:45.828Z
2026,2,15807,Kyren Williams,LAR,RB,vs NYG,rushYds,Hard Rock,87.5,over,260,-400,0.2778,0.2577,0.0778,0,0.4705,0.1927,0.2127,ev,multiplicative,live,202609222DD46A1C,2026-09-15T18:07:45.828Z
2026,2,15807,Kyren Williams,LAR,RB,vs NYG,rushYds,Hard Rock,62.5,over,-115,-115,0.5349,0.5000,0.0698,0,0.7264,0.1916,0.2264,ev,multiplicative,live,202609222DD46A1C,2026-09-15T18:07:45.828Z
2026,2,15807,Kyren Williams,LAR,RB,vs NYG,rushYds,Hard Rock,92.5,over,325,-525,0.2353,0.2188,0.0753,0,0.4249,0.1896,0.2061,ev,multiplicative,live,202609222DD46A1C,2026-09-15T18:07:45.828Z
2026,2,15892,Khalil Shakir,BUF,WR,vs DET,receptions,Caesars,7.5,over,900,,0.1000,0.1000,,1,0.2894,0.1894,0.1894,ev,none,live,202609189BE34D3B,2026-09-15T18:07:45.828Z
2026,2,15892,Khalil Shakir,BUF,WR,vs DET,receptions,DraftKings,6.5,over,499,,0.1669,0.1669,,1,0.3552,0.1883,0.1883,ev,none,live,202609189BE34D3B,2026-09-15T18:07:45.828Z
2026,2,17690,Blake Corum,LAR,RB,vs NYG,rushYds,Hard Rock,63.5,over,225,-350,0.3077,0.2835,0.0855,0,0.4954,0.1877,0.2119,ev,multiplicative,live,202609222DD46A1C,2026-09-15T18:07:45.828Z
2026,2,17690,Blake Corum,LAR,RB,vs NYG,rushYds,Hard Rock,28.5,over,-325,210,0.7647,0.7033,0.0873,0,0.9475,0.1828,0.2442,ev,multiplicative,live,202609222DD46A1C,2026-09-15T18:07:45.828Z
2026,2,15892,Khalil Shakir,BUF,WR,vs DET,receptions,DraftKings,8.5,over,1820,,0.0521,0.0521,,1,0.2300,0.1779,0.1779,ev,none,live,202609189BE34D3B,2026-09-15T18:07:45.828Z
2026,2,15892,Khalil Shakir,BUF,WR,vs DET,receptions,BetRivers,6.5,over,460,,0.1786,0.1786,,1,0.3552,0.1767,0.1767,ev,none,live,202609189BE34D3B,2026-09-15T18:07:45.828Z
2026,2,15807,Kyren Williams,LAR,RB,vs NYG,rushYds,Hard Rock,97.5,over,375,-700,0.2105,0.1939,0.0855,0,0.3803,0.1697,0.1863,ev,multiplicative,live,202609222DD46A1C,2026-09-15T18:07:45.828Z
2026,2,17732,Keon Coleman,BUF,WR,vs DET,receptions,theScore,3.5,over,1800,,0.0526,0.0526,,1,0.2218,0.1692,0.1692,ev,none,live,202609189BE34D3B,2026-09-15T18:07:45.828Z
2026,2,15876,James Cook,BUF,RB,vs DET,rushAtt,Caesars,17.5,under,102,-130,0.4950,0.4669,0.0603,0,0.6642,0.1691,0.1972,ev,multiplicative,live,202609189BE34D3B,2026-09-15T18:07:45.828Z
2026,2,15892,Khalil Shakir,BUF,WR,vs DET,receptions,Caesars,6.5,over,425,,0.1905,0.1905,,1,0.3552,0.1648,0.1648,ev,none,live,202609189BE34D3B,2026-09-15T18:07:45.828Z
2026,2,15876,James Cook,BUF,RB,vs DET,rushAtt,Hard Rock,17.5,under,100,-130,0.5000,0.4694,0.0652,0,0.6642,0.1642,0.1948,ev,multiplicative,live,202609189BE34D3B,2026-09-15T18:07:45.828Z
2026,2,15807,Kyren Williams,LAR,RB,vs NYG,rushYds,Hard Rock,99.5,over,400,-750,0.2000,0.1848,0.0824,0,0.3628,0.1628,0.1780,ev,multiplicative,live,202609222DD46A1C,2026-09-15T18:07:45.828Z
2026,2,15807,Kyren Williams,LAR,RB,vs NYG,rushYds,Hard Rock,57.5,over,-155,110,0.6078,0.5607,0.0840,0,0.7704,0.1626,0.2097,ev,multiplicative,live,202609222DD46A1C,2026-09-15T18:07:45.828Z
2026,2,17732,Keon Coleman,BUF,WR,vs DET,receptions,Caesars,2.5,over,525,,0.1600,0.1600,,1,0.3225,0.1625,0.1625,ev,none,live,202609189BE34D3B,2026-09-15T18:07:45.828Z
2026,2,17732,Keon Coleman,BUF,WR,vs DET,receptions,DraftKings,2.5,over,525,,0.1600,0.1600,,1,0.3225,0.1625,0.1625,ev,none,live,202609189BE34D3B,2026-09-15T18:07:45.828Z
2026,2,17732,Keon Coleman,BUF,WR,vs DET,receptions,FanDuel,2.5,over,516,,0.1623,0.1623,,1,0.3225,0.1601,0.1601,ev,none,live,202609189BE34D3B,2026-09-15T18:07:45.828Z
2026,2,13466,Dawson Knox,BUF,TE,vs DET,recYds,Caesars,9.5,over,-152,,0.6032,0.6032,,1,0.7628,0.1596,0.1596,ev,none,live,202609189BE34D3B,2026-09-15T18:07:45.828Z
2026,2,17732,Keon Coleman,BUF,WR,vs DET,receptions,DraftKings,3.5,over,1440,,0.0649,0.0649,,1,0.2218,0.1569,0.1569,ev,none,live,202609189BE34D3B,2026-09-15T18:07:45.828Z
2026,2,16697,Dalton Kincaid,BUF,TE,vs DET,receptions,DraftKings,5.5,over,314,,0.2415,0.2415,,1,0.3982,0.1567,0.1567,ev,none,live,202609189BE34D3B,2026-09-15T18:07:45.828Z
2026,2,15892,Khalil Shakir,BUF,WR,vs DET,receptions,Hard Rock,7.5,over,650,,0.1333,0.1333,,1,0.2894,0.1561,0.1561,ev,none,live,202609189BE34D3B,2026-09-15T18:07:45.828Z
2026,2,12483,Josh Allen,BUF,QB,vs DET,rushYds,Hard Rock,40.5,under,-250,175,0.7143,0.6627,0.0779,0,0.8703,0.1560,0.2077,ev,multiplicative,live,202609189BE34D3B,2026-09-15T18:07:45.828Z
2026,2,17732,Keon Coleman,BUF,WR,vs DET,receptions,theScore,2.5,over,500,,0.1667,0.1667,,1,0.3225,0.1558,0.1558,ev,none,live,202609189BE34D3B,2026-09-15T18:07:45.828Z
2026,2,15807,Kyren Williams,LAR,RB,vs NYG,rushYds,Hard Rock,102.5,over,450,-900,0.1818,0.1681,0.0818,0,0.3372,0.1554,0.1691,ev,multiplicative,live,202609222DD46A1C,2026-09-15T18:07:45.828Z
2026,2,17732,Keon Coleman,BUF,WR,vs DET,receptions,Hard Rock,3.5,over,1400,,0.0667,0.0667,,1,0.2218,0.1552,0.1552,ev,none,live,202609189BE34D3B,2026-09-15T18:07:45.828Z
2026,2,15892,Khalil Shakir,BUF,WR,vs DET,receptions,Hard Rock,6.5,over,400,,0.2000,0.2000,,1,0.3552,0.1552,0.1552,ev,none,live,202609189BE34D3B,2026-09-15T18:07:45.828Z
2026,2,15892,Khalil Shakir,BUF,WR,vs DET,receptions,FanDuel,7.5,over,639,,0.1353,0.1353,,1,0.2894,0.1541,0.1541,ev,none,live,202609189BE34D3B,2026-09-15T18:07:45.828Z
2026,2,12483,Josh Allen,BUF,QB,vs DET,rushYds,Hard Rock,39.5,under,-230,165,0.6970,0.6487,0.0743,0,0.8510,0.1541,0.2023,ev,multiplicative,live,202609189BE34D3B,2026-09-15T18:07:45.828Z
2026,2,16808,Jahmyr Gibbs,DET,RB,at BUF,rushYds,BetRivers,99.5,over,123,,0.4484,0.4484,,1,0.6025,0.1540,0.1540,ev,none,live,202609189BE34D3B,2026-09-15T18:07:45.828Z
2026,2,16808,Jahmyr Gibbs,DET,RB,at BUF,rushYds,BetRivers,109.5,over,175,,0.3636,0.3636,,1,0.5159,0.1522,0.1522,ev,none,live,202609189BE34D3B,2026-09-15T18:07:45.828Z
2026,2,15447,Joshua Palmer,BUF,WR,vs DET,recYds,Hard Rock,24.5,under,-275,190,0.7333,0.6802,0.0782,0,0.8852,0.1519,0.2051,ev,multiplicative,live,202609189BE34D3B,2026-09-15T18:07:45.828Z
2026,2,12483,Josh Allen,BUF,QB,vs DET,rushYds,Hard Rock,45.5,under,-375,240,0.7895,0.7286,0.0836,0,0.9410,0.1515,0.2124,ev,multiplicative,live,202609189BE34D3B,2026-09-15T18:07:45.828Z
2026,2,17732,Keon Coleman,BUF,WR,vs DET,receptions,BetRivers,2.5,over,480,,0.1724,0.1724,,1,0.3225,0.1500,0.1500,ev,none,live,202609189BE34D3B,2026-09-15T18:07:45.828Z
2026,2,17732,Keon Coleman,BUF,WR,vs DET,receptions,Hard Rock,2.5,over,475,,0.1739,0.1739,,1,0.3225,0.1485,0.1485,ev,none,live,202609189BE34D3B,2026-09-15T18:07:45.828Z
2026,2,16697,Dalton Kincaid,BUF,TE,vs DET,receptions,BetRivers,5.5,over,300,,0.2500,0.2500,,1,0.3982,0.1482,0.1482,ev,none,live,202609189BE34D3B,2026-09-15T18:07:45.828Z
2026,2,15447,Joshua Palmer,BUF,WR,vs DET,recYds,Hard Rock,28.5,under,-375,240,0.7895,0.7286,0.0836,0,0.9369,0.1474,0.2083,ev,multiplicative,live,202609189BE34D3B,2026-09-15T18:07:45.828Z
2026,2,17033,Sam LaPorta,DET,TE,at BUF,recYds,Hard Rock,71.5,under,-400,260,0.8000,0.7423,0.0778,0,0.9473,0.1473,0.2051,ev,multiplicative,live,202609189BE34D3B,2026-09-15T18:07:45.828Z
2026,2,17690,Blake Corum,LAR,RB,vs NYG,rushYds,Hard Rock,24.5,over,-450,275,0.8182,0.7542,0.0848,0,0.9651,0.1469,0.2109,ev,multiplicative,live,202609222DD46A1C,2026-09-15T18:07:45.828Z
2026,2,15892,Khalil Shakir,BUF,WR,vs DET,receptions,FanDuel,8.5,over,1099,,0.0834,0.0834,,1,0.2300,0.1466,0.1466,ev,none,live,202609189BE34D3B,2026-09-15T18:07:45.828Z
2026,2,15447,Joshua Palmer,BUF,WR,vs DET,recYds,Hard Rock,23.5,under,-260,180,0.7222,0.6691,0.0794,0,0.8686,0.1464,0.1995,ev,multiplicative,live,202609189BE34D3B,2026-09-15T18:07:45.828Z
2026,2,16808,Jahmyr Gibbs,DET,RB,at BUF,rushYds,Caesars,90.5,over,-113,-117,0.5305,0.4960,0.0697,0,0.6764,0.1459,0.1804,ev,multiplicative,live,202609189BE34D3B,2026-09-15T18:07:45.828Z
2026,2,15892,Khalil Shakir,BUF,WR,vs DET,receptions,Hard Rock,9.5,over,3000,,0.0323,0.0323,,1,0.1781,0.1459,0.1459,ev,none,live,202609189BE34D3B,2026-09-15T18:07:45.828Z
2026,2,17033,Sam LaPorta,DET,TE,at BUF,recYds,Hard Rock,64.5,under,-275,195,0.7333,0.6839,0.0723,0,0.8789,0.1456,0.1950,ev,multiplicative,live,202609189BE34D3B,2026-09-15T18:07:45.828Z
2026,2,16697,Dalton Kincaid,BUF,TE,vs DET,receptions,BetRivers,6.5,over,650,,0.1333,0.1333,,1,0.2781,0.1448,0.1448,ev,none,live,202609189BE34D3B,2026-09-15T18:07:45.828Z
2026,2,16697,Dalton Kincaid,BUF,TE,vs DET,receptions,DraftKings,6.5,over,650,,0.1333,0.1333,,1,0.2781,0.1448,0.1448,ev,none,live,202609189BE34D3B,2026-09-15T18:07:45.828Z
2026,2,15892,Khalil Shakir,BUF,WR,vs DET,receptions,DraftKings,5.5,over,256,,0.2809,0.2809,,1,0.4256,0.1448,0.1448,ev,none,live,202609189BE34D3B,2026-09-15T18:07:45.828Z
2026,2,13466,Dawson Knox,BUF,TE,vs DET,recYds,FanDuel,9.5,over,-162,,0.6183,0.6183,,1,0.7628,0.1444,0.1444,ev,none,live,202609189BE34D3B,2026-09-15T18:07:45.828Z
2026,2,16808,Jahmyr Gibbs,DET,RB,at BUF,rushYds,FanDuel,90.5,over,-114,-114,0.5327,0.5000,0.0654,0,0.6764,0.1437,0.1764,ev,multiplicative,live,202609189BE34D3B,2026-09-15T18:07:45.828Z
2026,2,15892,Khalil Shakir,BUF,WR,vs DET,receptions,DraftKings,9.5,over,2800,,0.0345,0.0345,,1,0.1781,0.1436,0.1436,ev,none,live,202609189BE34D3B,2026-09-15T18:07:45.828Z
2026,2,15807,Kyren Williams,LAR,RB,vs NYG,rushYds,Hard Rock,107.5,over,550,-1200,0.1538,0.1429,0.0769,0,0.2961,0.1423,0.1533,ev,multiplicative,live,202609222DD46A1C,2026-09-15T18:07:45.828Z
2026,2,15892,Khalil Shakir,BUF,WR,vs DET,receptions,FanDuel,6.5,over,369,,0.2132,0.2132,,1,0.3552,0.1420,0.1420,ev,none,live,202609189BE34D3B,2026-09-15T18:07:45.828Z
2026,2,16808,Jahmyr Gibbs,DET,RB,at BUF,rushYds,DraftKings,99.5,over,117,,0.4608,0.4608,,1,0.6025,0.1416,0.1416,ev,none,live,202609189BE34D3B,2026-09-15T18:07:45.828Z
2026,2,16808,Jahmyr Gibbs,DET,RB,at BUF,rushYds,FanDuel,109.5,over,167,,0.3745,0.3745,,1,0.5159,0.1413,0.1413,ev,none,live,202609189BE34D3B,2026-09-15T18:07:45.828Z
2026,2,13466,Dawson Knox,BUF,TE,vs DET,recYds,Hard Rock,7.5,over,-210,145,0.6774,0.6240,0.0856,0,0.8172,0.1398,0.1932,ev,multiplicative,live,202609189BE34D3B,2026-09-15T18:07:45.828Z
2026,2,16808,Jahmyr Gibbs,DET,RB,at BUF,rushYds,FanDuel,99.5,over,116,,0.4630,0.4630,,1,0.6025,0.1395,0.1395,ev,none,live,202609189BE34D3B,2026-09-15T18:07:45.828Z
2026,2,16808,Jahmyr Gibbs,DET,RB,at BUF,rushYds,BetRivers,119.5,over,250,,0.2857,0.2857,,1,0.4249,0.1392,0.1392,ev,none,live,202609189BE34D3B,2026-09-15T18:07:45.828Z
2026,2,16808,Jahmyr Gibbs,DET,RB,at BUF,rushYds,DraftKings,89.5,over,-120,,0.5455,0.5455,,1,0.6843,0.1388,0.1388,ev,none,live,202609189BE34D3B,2026-09-15T18:07:45.828Z
2026,2,12483,Josh Allen,BUF,QB,vs DET,rushYds,Hard Rock,49.5,under,-500,300,0.8333,0.7692,0.0833,0,0.9720,0.1387,0.2028,ev,multiplicative,live,202609189BE34D3B,2026-09-15T18:07:45.828Z
2026,2,17033,Sam LaPorta,DET,TE,at BUF,recYds,Hard Rock,66.5,under,-325,210,0.7647,0.7033,0.0873,0,0.9029,0.1382,0.1996,ev,multiplicative,live,202609189BE34D3B,2026-09-15T18:07:45.828Z
2026,2,16808,Jahmyr Gibbs,DET,RB,at BUF,rushYds,BetRivers,91.5,over,-113,-118,0.5305,0.4950,0.0718,0,0.6685,0.1379,0.1735,ev,multiplicative,live,202609189BE34D3B,2026-09-15T18:07:45.828Z
2026,2,16808,Jahmyr Gibbs,DET,RB,at BUF,rushYds,DraftKings,91.5,over,-113,-111,0.5305,0.5021,0.0566,0,0.6685,0.1379,0.1664,ev,multiplicative,live,202609189BE34D3B,2026-09-15T18:07:45.828Z
2026,2,15892,Khalil Shakir,BUF,WR,vs DET,receptions,theScore,6.5,over,360,,0.2174,0.2174,,1,0.3552,0.1378,0.1378,ev,none,live,202609189BE34D3B,2026-09-15T18:07:45.828Z
2026,2,16808,Jahmyr Gibbs,DET,RB,at BUF,rushYds,theScore,99.5,over,115,,0.4651,0.4651,,1,0.6025,0.1373,0.1373,ev,none,live,202609189BE34D3B,2026-09-15T18:07:45.828Z
2026,2,16808,Jahmyr Gibbs,DET,RB,at BUF,rushYds,Hard Rock,99.5,over,115,-165,0.4651,0.4276,0.0878,0,0.6025,0.1373,0.1749,ev,multiplicative,live,202609189BE34D3B,2026-09-15T18:07:45.828Z
2026,2,10729,Jared Goff,DET,QB,at BUF,passAtt,DraftKings,35.5,under,-102,-124,0.5050,0.4770,0.0585,0,0.6422,0.1372,0.1651,ev,multiplicative,live,202609189BE34D3B,2026-09-15T18:07:45.828Z
2026,2,16808,Jahmyr Gibbs,DET,RB,at BUF,rushYds,DraftKings,109.5,over,164,,0.3788,0.3788,,1,0.5159,0.1371,0.1371,ev,none,live,202609189BE34D3B,2026-09-15T18:07:45.828Z
2026,2,16808,Jahmyr Gibbs,DET,RB,at BUF,rushYds,BetRivers,89.5,over,-121,,0.5475,0.5475,,1,0.6843,0.1367,0.1367,ev,none,live,202609189BE34D3B,2026-09-15T18:07:45.828Z
2026,2,17690,Blake Corum,LAR,RB,vs NYG,rushYds,Hard Rock,23.5,over,-500,300,0.8333,0.7692,0.0833,0,0.9686,0.1353,0.1994,ev,multiplicative,live,202609222DD46A1C,2026-09-15T18:07:45.828Z
2026,2,10729,Jared Goff,DET,QB,at BUF,passAtt,Caesars,36.5,under,-134,101,0.5726,0.5351,0.0702,0,0.7070,0.1344,0.1719,ev,multiplicative,live,202609189BE34D3B,2026-09-15T18:07:45.828Z
2026,2,13466,Dawson Knox,BUF,TE,vs DET,recYds,Caesars,12.5,over,-114,-114,0.5327,0.5000,0.0654,0,0.6668,0.1341,0.1668,ev,multiplicative,live,202609189BE34D3B,2026-09-15T18:07:45.828Z
2026,2,13466,Dawson Knox,BUF,TE,vs DET,recYds,FanDuel,12.5,over,-114,-114,0.5327,0.5000,0.0654,0,0.6668,0.1341,0.1668,ev,multiplicative,live,202609189BE34D3B,2026-09-15T18:07:45.828Z
2026,2,17033,Sam LaPorta,DET,TE,at BUF,recYds,Hard Rock,76.5,under,-525,300,0.8400,0.7706,0.0900,0,0.9739,0.1339,0.2032,ev,multiplicative,live,202609189BE34D3B,2026-09-15T18:07:45.828Z
2026,2,13466,Dawson Knox,BUF,TE,vs DET,recYds,theScore,9.5,over,-170,,0.6296,0.6296,,1,0.7628,0.1331,0.1331,ev,none,live,202609189BE34D3B,2026-09-15T18:07:45.828Z
2026,2,15807,Kyren Williams,LAR,RB,vs NYG,rushYds,Hard Rock,52.5,over,-210,145,0.6774,0.6240,0.0856,0,0.8101,0.1327,0.1861,ev,multiplicative,live,202609222DD46A1C,2026-09-15T18:07:45.828Z
2026,2,16808,Jahmyr Gibbs,DET,RB,at BUF,rushYds,theScore,94.5,over,-105,-125,0.5122,0.4797,0.0678,0,0.6442,0.1320,0.1645,ev,multiplicative,live,202609189BE34D3B,2026-09-15T18:07:45.828Z
2026,2,12477,DJ Moore,BUF,WR,vs DET,recYds,Hard Rock,90.5,under,-425,275,0.8095,0.7522,0.0762,0,0.9414,0.1319,0.1892,ev,multiplicative,live,202609189BE34D3B,2026-09-15T18:07:45.828Z
2026,2,13466,Dawson Knox,BUF,TE,vs DET,recYds,Hard Rock,12.5,over,-115,-115,0.5349,0.5000,0.0698,0,0.6668,0.1319,0.1668,ev,multiplicative,live,202609189BE34D3B,2026-09-15T18:07:45.828Z
2026,2,16697,Dalton Kincaid,BUF,TE,vs DET,receptions,theScore,5.5,over,275,,0.2667,0.2667,,1,0.3982,0.1316,0.1316,ev,none,live,202609189BE34D3B,2026-09-15T18:07:45.828Z
2026,2,16697,Dalton Kincaid,BUF,TE,vs DET,receptions,DraftKings,4.5,over,151,,0.3984,0.3984,,1,0.5297,0.1313,0.1313,ev,none,live,202609189BE34D3B,2026-09-15T18:07:45.828Z
2026,2,12483,Josh Allen,BUF,QB,vs DET,rushYds,Hard Rock,50.5,under,-550,300,0.8462,0.7719,0.0962,0,0.9772,0.1310,0.2052,ev,multiplicative,live,202609189BE34D3B,2026-09-15T18:07:45.828Z
2026,2,16808,Jahmyr Gibbs,DET,RB,at BUF,rushYds,Caesars,89.5,over,-124,,0.5536,0.5536,,1,0.6843,0.1307,0.1307,ev,none,live,202609189BE34D3B,2026-09-15T18:07:45.828Z
2026,2,16808,Jahmyr Gibbs,DET,RB,at BUF,rushYds,FanDuel,89.5,over,-124,,0.5536,0.5536,,1,0.6843,0.1307,0.1307,ev,none,live,202609189BE34D3B,2026-09-15T18:07:45.828Z
2026,2,12477,DJ Moore,BUF,WR,vs DET,recYds,Hard Rock,85.5,under,-350,225,0.7778,0.7165,0.0855,0,0.9084,0.1306,0.1919,ev,multiplicative,live,202609189BE34D3B,2026-09-15T18:07:45.828Z
2026,2,12477,DJ Moore,BUF,WR,vs DET,recYds,Hard Rock,79.5,under,-260,180,0.7222,0.6691,0.0794,0,0.8527,0.1305,0.1836,ev,multiplicative,live,202609189BE34D3B,2026-09-15T18:07:45.828Z
2026,2,10729,Jared Goff,DET,QB,at BUF,passAtt,theScore,35.5,under,-105,-125,0.5122,0.4797,0.0678,0,0.6422,0.1300,0.1625,ev,multiplicative,live,202609189BE34D3B,2026-09-15T18:07:45.828Z
2026,2,10729,Jared Goff,DET,QB,at BUF,passAtt,Hard Rock,35.5,under,-105,-125,0.5122,0.4797,0.0678,0,0.6422,0.1300,0.1625,ev,multiplicative,live,202609189BE34D3B,2026-09-15T18:07:45.828Z
2026,2,12477,DJ Moore,BUF,WR,vs DET,recYds,Hard Rock,80.5,under,-275,190,0.7333,0.6802,0.0782,0,0.8633,0.1300,0.1832,ev,multiplicative,live,202609189BE34D3B,2026-09-15T18:07:45.828Z
2026,2,16697,Dalton Kincaid,BUF,TE,vs DET,receptions,Caesars,5.5,over,270,,0.2703,0.2703,,1,0.3982,0.1280,0.1280,ev,none,live,202609189BE34D3B,2026-09-15T18:07:45.828Z
2026,2,15447,Joshua Palmer,BUF,WR,vs DET,recYds,Hard Rock,33.5,under,-550,325,0.8462,0.7824,0.0814,0,0.9737,0.1276,0.1913,ev,multiplicative,live,202609189BE34D3B,2026-09-15T18:07:45.828Z
2026,2,16697,Dalton Kincaid,BUF,TE,vs DET,receptions,FanDuel,5.5,over,268,,0.2717,0.2717,,1,0.3982,0.1265,0.1265,ev,none,live,202609189BE34D3B,2026-09-15T18:07:45.828Z
2026,2,16697,Dalton Kincaid,BUF,TE,vs DET,receptions,BetRivers,4.5,over,148,,0.4032,0.4032,,1,0.5297,0.1265,0.1265,ev,none,live,202609189BE34D3B,2026-09-15T18:07:45.828Z
2026,2,13466,Dawson Knox,BUF,TE,vs DET,recYds,Hard Rock,2.5,over,-375,240,0.7895,0.7286,0.0836,0,0.9160,0.1265,0.1874,ev,multiplicative,live,202609189BE34D3B,2026-09-15T18:07:45.828Z
2026,2,17033,Sam LaPorta,DET,TE,at BUF,recYds,Hard Rock,79.5,under,-600,350,0.8571,0.7941,0.0794,0,0.9836,0.1264,0.1895,ev,multiplicative,live,202609189BE34D3B,2026-09-15T18:07:45.828Z
2026,2,16808,Jahmyr Gibbs,DET,RB,at BUF,rushYds,Caesars,99.5,over,110,,0.4762,0.4762,,1,0.6025,0.1263,0.1263,ev,none,live,202609189BE34D3B,2026-09-15T18:07:45.828Z
2026,2,12477,DJ Moore,BUF,WR,vs DET,recYds,Hard Rock,95.5,under,-525,325,0.8400,0.7812,0.0753,0,0.9643,0.1243,0.1831,ev,multiplicative,live,202609189BE34D3B,2026-09-15T18:07:45.828Z
2026,2,16697,Dalton Kincaid,BUF,TE,vs DET,receptions,Caesars,6.5,over,550,,0.1538,0.1538,,1,0.2781,0.1242,0.1242,ev,none,live,202609189BE34D3B,2026-09-15T18:07:45.828Z
2026,2,16808,Jahmyr Gibbs,DET,RB,at BUF,rushYds,Caesars,79.5,over,-173,,0.6337,0.6337,,1,0.7579,0.1242,0.1242,ev,none,live,202609189BE34D3B,2026-09-15T18:07:45.828Z
2026,2,15807,Kyren Williams,LAR,RB,vs NYG,rushYds,Hard Rock,112.5,over,650,-1800,0.1333,0.1234,0.0807,0,0.2575,0.1242,0.1342,ev,multiplicative,live,202609222DD46A1C,2026-09-15T18:07:45.828Z
2026,2,15892,Khalil Shakir,BUF,WR,vs DET,receptions,BetRivers,5.5,over,230,,0.3030,0.3030,,1,0.4256,0.1226,0.1226,ev,none,live,202609189BE34D3B,2026-09-15T18:07:45.828Z
2026,2,15892,Khalil Shakir,BUF,WR,vs DET,receptions,FanDuel,9.5,over,1699,,0.0556,0.0556,,1,0.1781,0.1225,0.1225,ev,none,live,202609189BE34D3B,2026-09-15T18:07:45.828Z
2026,2,16808,Jahmyr Gibbs,DET,RB,at BUF,rushYds,DraftKings,79.5,over,-175,,0.6364,0.6364,,1,0.7579,0.1215,0.1215,ev,none,live,202609189BE34D3B,2026-09-15T18:07:45.828Z
2026,2,17033,Sam LaPorta,DET,TE,at BUF,recYds,Hard Rock,61.5,under,-250,170,0.7143,0.6585,0.0847,0,0.8356,0.1214,0.1771,ev,multiplicative,live,202609189BE34D3B,2026-09-15T18:07:45.828Z
2026,2,13466,Dawson Knox,BUF,TE,vs DET,recYds,theScore,12.5,over,-120,-110,0.5455,0.5101,0.0693,0,0.6668,0.1213,0.1567,ev,multiplicative,live,202609189BE34D3B,2026-09-15T18:07:45.828Z
2026,2,16697,Dalton Kincaid,BUF,TE,vs DET,receptions,Hard Rock,5.5,over,260,,0.2778,0.2778,,1,0.3982,0.1205,0.1205,ev,none,live,202609189BE34D3B,2026-09-15T18:07:45.828Z
2026,2,12477,DJ Moore,BUF,WR,vs DET,recYds,Hard Rock,99.5,under,-600,375,0.8571,0.8028,0.0677,0,0.9768,0.1196,0.1739,ev,multiplicative,live,202609189BE34D3B,2026-09-15T18:07:45.828Z
2026,2,12483,Josh Allen,BUF,QB,vs DET,rushYds,Hard Rock,35.5,under,-175,120,0.6364,0.5833,0.0909,0,0.7558,0.1194,0.1724,ev,multiplicative,live,202609189BE34D3B,2026-09-15T18:07:45.828Z
2026,2,16808,Jahmyr Gibbs,DET,RB,at BUF,rushYds,Caesars,109.5,over,152,,0.3968,0.3968,,1,0.5159,0.1191,0.1191,ev,none,live,202609189BE34D3B,2026-09-15T18:07:45.828Z
2026,2,16808,Jahmyr Gibbs,DET,RB,at BUF,rushYds,theScore,89.5,over,-130,,0.5652,0.5652,,1,0.6843,0.1190,0.1190,ev,none,live,202609189BE34D3B,2026-09-15T18:07:45.828Z
2026,2,15447,Joshua Palmer,BUF,WR,vs DET,recYds,DraftKings,14.5,under,-113,-111,0.5305,0.5021,0.0566,0,0.6492,0.1187,0.1471,ev,multiplicative,live,202609189BE34D3B,2026-09-15T18:07:45.828Z
2026,2,15447,Joshua Palmer,BUF,WR,vs DET,recYds,Hard Rock,18.5,under,-180,125,0.6429,0.5912,0.0873,0,0.7613,0.1184,0.1701,ev,multiplicative,live,202609189BE34D3B,2026-09-15T18:07:45.828Z
2026,2,12483,Josh Allen,BUF,QB,vs DET,rushAtt,Hard Rock,3.5,over,-600,,0.8571,0.8571,,1,0.9750,0.1179,0.1179,ev,none,live,202609189BE34D3B,2026-09-15T18:07:45.828Z
2026,2,12477,DJ Moore,BUF,WR,vs DET,recYds,Hard Rock,75.5,under,-220,155,0.6875,0.6368,0.0797,0,0.8050,0.1175,0.1683,ev,multiplicative,live,202609189BE34D3B,2026-09-15T18:07:45.828Z
2026,2,15807,Kyren Williams,LAR,RB,vs NYG,rushYds,Hard Rock,49.5,over,-250,175,0.7143,0.6627,0.0779,0,0.8318,0.1175,0.1692,ev,multiplicative,live,202609222DD46A1C,2026-09-15T18:07:45.828Z
2026,2,17732,Keon Coleman,BUF,WR,vs DET,recYds,BetRivers,29.5,over,400,,0.2000,0.2000,,1,0.3174,0.1174,0.1174,ev,none,live,202609189BE34D3B,2026-09-15T18:07:45.828Z
2026,2,16808,Jahmyr Gibbs,DET,RB,at BUF,rushYds,DraftKings,119.5,over,224,,0.3086,0.3086,,1,0.4249,0.1163,0.1163,ev,none,live,202609189BE34D3B,2026-09-15T18:07:45.828Z
2026,2,16697,Dalton Kincaid,BUF,TE,vs DET,receptions,FanDuel,6.5,over,518,,0.1618,0.1618,,1,0.2781,0.1163,0.1163,ev,none,live,202609189BE34D3B,2026-09-15T18:07:45.828Z
2026,2,16808,Jahmyr Gibbs,DET,RB,at BUF,rushYds,Caesars,69.5,over,-240,,0.7059,0.7059,,1,0.8211,0.1152,0.1152,ev,none,live,202609189BE34D3B,2026-09-15T18:07:45.828Z
2026,2,16808,Jahmyr Gibbs,DET,RB,at BUF,rushYds,Hard Rock,79.5,over,-180,130,0.6429,0.5965,0.0776,0,0.7579,0.1150,0.1614,ev,multiplicative,live,202609189BE34D3B,2026-09-15T18:07:45.828Z
2026,2,16808,Jahmyr Gibbs,DET,RB,at BUF,rushYds,BetRivers,129.5,over,350,,0.2222,0.2222,,1,0.3370,0.1148,0.1148,ev,none,live,202609189BE34D3B,2026-09-15T18:07:45.828Z
2026,2,17033,Sam LaPorta,DET,TE,at BUF,recYds,Hard Rock,81.5,under,-700,375,0.8750,0.8061,0.0855,0,0.9882,0.1132,0.1821,ev,multiplicative,live,202609189BE34D3B,2026-09-15T18:07:45.828Z
2026,2,18642,Isaac TeSlaa,DET,WR,at BUF,recYds,Hard Rock,35.5,under,-475,300,0.8261,0.7677,0.0761,0,0.9384,0.1124,0.1708,ev,multiplicative,live,202609189BE34D3B,2026-09-15T18:07:45.828Z
2026,2,15807,Kyren Williams,LAR,RB,vs NYG,rushYds,Hard Rock,47.5,over,-275,195,0.7333,0.6839,0.0723,0,0.8453,0.1120,0.1614,ev,multiplicative,live,202609222DD46A1C,2026-09-15T18:07:45.828Z
2026,2,16808,Jahmyr Gibbs,DET,RB,at BUF,rushYds,FanDuel,79.5,over,-184,,0.6479,0.6479,,1,0.7579,0.1100,0.1100,ev,none,live,202609189BE34D3B,2026-09-15T18:07:45.828Z
2026,2,16808,Jahmyr Gibbs,DET,RB,at BUF,rushYds,FanDuel,124.5,over,269,,0.2710,0.2710,,1,0.3802,0.1092,0.1092,ev,none,live,202609189BE34D3B,2026-09-15T18:07:45.828Z
2026,2,15892,Khalil Shakir,BUF,WR,vs DET,receptions,Caesars,5.5,over,215,,0.3175,0.3175,,1,0.4256,0.1082,0.1082,ev,none,live,202609189BE34D3B,2026-09-15T18:07:45.828Z
2026,2,13466,Dawson Knox,BUF,TE,vs DET,recYds,FanDuel,14.5,over,105,,0.4878,0.4878,,1,0.5954,0.1076,0.1076,ev,none,live,202609189BE34D3B,2026-09-15T18:07:45.828Z
2026,2,16697,Dalton Kincaid,BUF,TE,vs DET,receptions,DraftKings,7.5,over,1260,,0.0735,0.0735,,1,0.1790,0.1055,0.1055,ev,none,live,202609189BE34D3B,2026-09-15T18:07:45.828Z
2026,2,12477,DJ Moore,BUF,WR,vs DET,recYds,Hard Rock,100.5,under,-700,375,0.8750,0.8061,0.0855,0,0.9792,0.1042,0.1732,ev,multiplicative,live,202609189BE34D3B,2026-09-15T18:07:45.828Z
2026,2,16697,Dalton Kincaid,BUF,TE,vs DET,receptions,theScore,4.5,over,135,,0.4255,0.4255,,1,0.5297,0.1042,0.1042,ev,none,live,202609189BE34D3B,2026-09-15T18:07:45.828Z
2026,2,18642,Isaac TeSlaa,DET,WR,at BUF,recYds,Hard Rock,39.5,under,-650,375,0.8667,0.8046,0.0772,0,0.9709,0.1042,0.1663,ev,multiplicative,live,202609189BE34D3B,2026-09-15T18:07:45.828Z
2026,2,16697,Dalton Kincaid,BUF,TE,vs DET,receptions,Hard Rock,6.5,over,475,,0.1739,0.1739,,1,0.2781,0.1042,0.1042,ev,none,live,202609189BE34D3B,2026-09-15T18:07:45.828Z
2026,2,15447,Joshua Palmer,BUF,WR,vs DET,recYds,theScore,14.5,under,-120,-110,0.5455,0.5101,0.0693,0,0.6492,0.1037,0.1390,ev,multiplicative,live,202609189BE34D3B,2026-09-15T18:07:45.828Z
2026,2,12483,Josh Allen,BUF,QB,vs DET,rushYds,Hard Rock,55.5,under,-800,425,0.8889,0.8235,0.0794,0,0.9925,0.1036,0.1690,ev,multiplicative,live,202609189BE34D3B,2026-09-15T18:07:45.828Z
2026,2,13466,Dawson Knox,BUF,TE,vs DET,recYds,DraftKings,13.5,over,-112,-112,0.5283,0.5000,0.0566,0,0.6317,0.1034,0.1317,ev,multiplicative,live,202609189BE34D3B,2026-09-15T18:07:45.828Z
2026,2,15892,Khalil Shakir,BUF,WR,vs DET,receptions,Hard Rock,5.5,over,210,,0.3226,0.3226,,1,0.4256,0.1031,0.1031,ev,none,live,202609189BE34D3B,2026-09-15T18:07:45.828Z
2026,2,16808,Jahmyr Gibbs,DET,RB,at BUF,rushYds,BetRivers,79.5,over,-190,,0.6552,0.6552,,1,0.7579,0.1027,0.1027,ev,none,live,202609189BE34D3B,2026-09-15T18:07:45.828Z
2026,2,16808,Jahmyr Gibbs,DET,RB,at BUF,rushYds,theScore,79.5,over,-190,,0.6552,0.6552,,1,0.7579,0.1027,0.1027,ev,none,live,202609189BE34D3B,2026-09-15T18:07:45.828Z
2026,2,16808,Jahmyr Gibbs,DET,RB,at BUF,rushYds,Caesars,59.5,over,-335,,0.7701,0.7701,,1,0.8727,0.1026,0.1026,ev,none,live,202609189BE34D3B,2026-09-15T18:07:45.828Z
2026,2,16697,Dalton Kincaid,BUF,TE,vs DET,receptions,FanDuel,4.5,over,134,,0.4274,0.4274,,1,0.5297,0.1024,0.1024,ev,none,live,202609189BE34D3B,2026-09-15T18:07:45.828Z
2026,2,13466,Dawson Knox,BUF,TE,vs DET,receptions,BetRivers,1.5,over,128,,0.4386,0.4386,,1,0.5410,0.1024,0.1024,ev,none,live,202609189BE34D3B,2026-09-15T18:07:45.828Z
2026,2,16808,Jahmyr Gibbs,DET,RB,at BUF,recYds,DraftKings,30.5,under,-115,-109,0.5349,0.5063,0.0564,0,0.6373,0.1024,0.1310,ev,multiplicative,live,202609189BE34D3B,2026-09-15T18:07:45.828Z
2026,2,16808,Jahmyr Gibbs,DET,RB,at BUF,rushYds,theScore,124.5,over,260,,0.2778,0.2778,,1,0.3802,0.1024,0.1024,ev,none,live,202609189BE34D3B,2026-09-15T18:07:45.828Z
2026,2,15447,Joshua Palmer,BUF,WR,vs DET,recYds,Hard Rock,38.5,under,-800,400,0.8889,0.8163,0.0889,0,0.9906,0.1017,0.1742,ev,multiplicative,live,202609189BE34D3B,2026-09-15T18:07:45.828Z
2026,2,18642,Isaac TeSlaa,DET,WR,at BUF,recYds,Hard Rock,40.5,under,-700,375,0.8750,0.8061,0.0855,0,0.9763,0.1013,0.1702,ev,multiplicative,live,202609189BE34D3B,2026-09-15T18:07:45.828Z
2026,2,14506,Tee Higgins,CIN,WR,at HOU,anytimeTD,Caesars,0.5,over,167,,0.3745,0.3745,,1,0.4727,0.0982,0.0982,ev,none,live,202609203726483F,2026-09-15T18:07:45.828Z
2026,2,10729,Jared Goff,DET,QB,at BUF,passYds,Hard Rock,199.5,under,450,-850,0.1818,0.1689,0.0766,0,0.2793,0.0975,0.1104,ev,multiplicative,live,202609189BE34D3B,2026-09-15T18:07:45.828Z
2026,2,13424,DK Metcalf,PIT,WR,at NE,anytimeTD,DraftKings,0.5,over,260,,0.2778,0.2778,,1,0.3750,0.0972,0.0972,ev,none,live,202609208CF5F830,2026-09-15T18:07:45.828Z
2026,2,13466,Dawson Knox,BUF,TE,vs DET,receptions,theScore,1.5,over,125,-160,0.4444,0.4194,0.0598,0,0.5410,0.0965,0.1216,ev,multiplicative,live,202609189BE34D3B,2026-09-15T18:07:45.828Z
2026,2,12483,Josh Allen,BUF,QB,vs DET,passTD,DraftKings,1.5,under,146,-188,0.4065,0.3838,0.0593,0,0.5026,0.0961,0.1189,ev,multiplicative,live,202609189BE34D3B,2026-09-15T18:07:45.828Z
2026,2,14506,Tee Higgins,CIN,WR,at HOU,anytimeTD,DraftKings,0.5,over,165,,0.3774,0.3774,,1,0.4727,0.0953,0.0953,ev,none,live,202609203726483F,2026-09-15T18:07:45.828Z
2026,2,14506,Tee Higgins,CIN,WR,at HOU,anytimeTD,theScore,0.5,over,165,,0.3774,0.3774,,1,0.4727,0.0953,0.0953,ev,none,live,202609203726483F,2026-09-15T18:07:45.828Z
2026,2,17033,Sam LaPorta,DET,TE,at BUF,recYds,Hard Rock,86.5,under,-900,450,0.9000,0.8319,0.0818,0,0.9951,0.0951,0.1632,ev,multiplicative,live,202609189BE34D3B,2026-09-15T18:07:45.828Z
2026,2,16697,Dalton Kincaid,BUF,TE,vs DET,receptions,Caesars,4.5,over,130,,0.4348,0.4348,,1,0.5297,0.0949,0.0949,ev,none,live,202609189BE34D3B,2026-09-15T18:07:45.828Z
2026,2,13466,Dawson Knox,BUF,TE,vs DET,receptions,FanDuel,1.5,over,124,-166,0.4464,0.4170,0.0705,0,0.5410,0.0945,0.1239,ev,multiplicative,live,202609189BE34D3B,2026-09-15T18:07:45.828Z
2026,2,13466,Dawson Knox,BUF,TE,vs DET,receptions,DraftKings,1.5,over,124,-158,0.4464,0.4216,0.0588,0,0.5410,0.0945,0.1194,ev,multiplicative,live,202609189BE34D3B,2026-09-15T18:07:45.828Z
2026,2,12477,DJ Moore,BUF,WR,vs DET,recYds,Hard Rock,105.5,under,-850,450,0.8947,0.8311,0.0766,0,0.9885,0.0938,0.1574,ev,multiplicative,live,202609189BE34D3B,2026-09-15T18:07:45.828Z
2026,2,10729,Jared Goff,DET,QB,at BUF,passYds,Hard Rock,198.5,under,450,-900,0.1818,0.1681,0.0818,0,0.2755,0.0937,0.1074,ev,multiplicative,live,202609189BE34D3B,2026-09-15T18:07:45.828Z
2026,2,12483,Josh Allen,BUF,QB,vs DET,passYds,Hard Rock,178.5,under,500,-1100,0.1667,0.1538,0.0833,0,0.2598,0.0931,0.1059,ev,multiplicative,live,202609189BE34D3B,2026-09-15T18:07:45.828Z
2026,2,16808,Jahmyr Gibbs,DET,RB,at BUF,recYds,theScore,29.5,under,-110,-120,0.5238,0.4899,0.0693,0,0.6166,0.0928,0.1267,ev,multiplicative,live,202609189BE34D3B,2026-09-15T18:07:45.828Z
2026,2,10729,Jared Goff,DET,QB,at BUF,passYds,Hard Rock,208.5,under,350,-600,0.2222,0.2059,0.0794,0,0.3150,0.0928,0.1091,ev,multiplicative,live,202609189BE34D3B,2026-09-15T18:07:45.828Z
2026,2,15447,Joshua Palmer,BUF,WR,vs DET,recYds,Hard Rock,39.5,under,-900,425,0.9000,0.8253,0.0905,0,0.9924,0.0924,0.1671,ev,multiplicative,live,202609189BE34D3B,2026-09-15T18:07:45.828Z
2026,2,15892,Khalil Shakir,BUF,WR,vs DET,receptions,theScore,5.5,over,200,,0.3333,0.3333,,1,0.4256,0.0923,0.0923,ev,none,live,202609189BE34D3B,2026-09-15T18:07:45.828Z
2026,2,16808,Jahmyr Gibbs,DET,RB,at BUF,rushYds,DraftKings,69.5,over,-269,,0.7290,0.7290,,1,0.8211,0.0921,0.0921,ev,none,live,202609189BE34D3B,2026-09-15T18:07:45.828Z
2026,2,16808,Jahmyr Gibbs,DET,RB,at BUF,rushYds,DraftKings,129.5,over,307,,0.2457,0.2457,,1,0.3370,0.0913,0.0913,ev,none,live,202609189BE34D3B,2026-09-15T18:07:45.828Z
2026,2,12483,Josh Allen,BUF,QB,vs DET,passYds,Hard Rock,174.5,under,550,-1300,0.1538,0.1421,0.0824,0,0.2450,0.0912,0.1029,ev,multiplicative,live,202609189BE34D3B,2026-09-15T18:07:45.828Z
2026,2,12477,DJ Moore,BUF,WR,vs DET,recYds,Hard Rock,70.5,under,-180,130,0.6429,0.5965,0.0776,0,0.7337,0.0908,0.1372,ev,multiplicative,live,202609189BE34D3B,2026-09-15T18:07:45.828Z
2026,2,16808,Jahmyr Gibbs,DET,RB,at BUF,rushYds,Caesars,119.5,over,199,,0.3344,0.3344,,1,0.4249,0.0905,0.0905,ev,none,live,202609189BE34D3B,2026-09-15T18:07:45.828Z
2026,2,13466,Dawson Knox,BUF,TE,vs DET,recYds,BetRivers,13.5,over,-118,-113,0.5413,0.5050,0.0718,0,0.6317,0.0904,0.1267,ev,multiplicative,live,202609189BE34D3B,2026-09-15T18:07:45.828Z
2026,2,10729,Jared Goff,DET,QB,at BUF,passYds,Hard Rock,188.5,under,575,-1400,0.1481,0.1370,0.0815,0,0.2386,0.0904,0.1016,ev,multiplicative,live,202609189BE34D3B,2026-09-15T18:07:45.828Z
2026,2,17732,Keon Coleman,BUF,WR,vs DET,recYds,BetRivers,19.5,over,195,,0.3390,0.3390,,1,0.4293,0.0903,0.0903,ev,none,live,202609189BE34D3B,2026-09-15T18:07:45.828Z
2026,2,18811,Jacory Croskey-Merritt,WAS,RB,at DAL,anytimeTD,theScore,0.5,over,145,,0.4082,0.4082,,1,0.4984,0.0903,0.0903,ev,none,live,2026092061BDEC96,2026-09-15T18:07:45.828Z
2026,2,10729,Jared Goff,DET,QB,at BUF,passYds,Hard Rock,218.5,under,275,-450,0.2667,0.2458,0.0848,0,0.3567,0.0901,0.1109,ev,multiplicative,live,202609189BE34D3B,2026-09-15T18:07:45.828Z
2026,2,12483,Josh Allen,BUF,QB,vs DET,passYds,Hard Rock,198.5,under,300,-500,0.2500,0.2308,0.0833,0,0.3398,0.0898,0.1090,ev,multiplicative,live,202609189BE34D3B,2026-09-15T18:07:45.828Z
2026,2,18526,Raheim Sanders,CLE,RB,at TB,anytimeTD,BetMGM,0.5,over,825,,0.1081,0.1081,,1,0.1975,0.0894,0.0894,ev,none,live,20260920ABAE4147,2026-09-15T18:07:45.828Z
2026,2,13424,DK Metcalf,PIT,WR,at NE,anytimeTD,theScore,0.5,over,250,,0.2857,0.2857,,1,0.3750,0.0893,0.0893,ev,none,live,202609208CF5F830,2026-09-15T18:07:45.828Z
2026,2,10729,Jared Goff,DET,QB,at BUF,passYds,Hard Rock,224.5,under,240,-375,0.2941,0.2714,0.0836,0,0.3827,0.0886,0.1112,ev,multiplicative,live,202609189BE34D3B,2026-09-15T18:07:45.828Z
2026,2,12483,Josh Allen,BUF,QB,vs DET,passYds,Hard Rock,188.5,under,375,-700,0.2105,0.1939,0.0855,0,0.2986,0.0880,0.1046,ev,multiplicative,live,202609189BE34D3B,2026-09-15T18:07:45.828Z
2026,2,15447,Joshua Palmer,BUF,WR,vs DET,recYds,Caesars,13.5,under,-113,-117,0.5305,0.4960,0.0697,0,0.6184,0.0879,0.1224,ev,multiplicative,live,202609189BE34D3B,2026-09-15T18:07:45.828Z
2026,2,10729,Jared Goff,DET,QB,at BUF,passYds,Hard Rock,228.5,under,220,-325,0.3125,0.2901,0.0772,0,0.4003,0.0878,0.1102,ev,multiplicative,live,202609189BE34D3B,2026-09-15T18:07:45.828Z
2026,2,10729,Jared Goff,DET,QB,at BUF,int,DraftKings,0.5,under,-108,-118,0.5192,0.4896,0.0605,0,0.6065,0.0873,0.1169,ev,multiplicative,live,202609189BE34D3B,2026-09-15T18:07:45.828Z
2026,2,10729,Jared Goff,DET,QB,at BUF,passYds,Hard Rock,178.5,under,750,-2500,0.1176,0.1090,0.0792,0,0.2045,0.0869,0.0955,ev,multiplicative,live,202609189BE34D3B,2026-09-15T18:07:45.828Z
2026,2,18642,Isaac TeSlaa,DET,WR,at BUF,recYds,Hard Rock,30.5,under,-350,225,0.7778,0.7165,0.0855,0,0.8647,0.0869,0.1481,ev,multiplicative,live,202609189BE34D3B,2026-09-15T18:07:45.828Z
2026,2,12483,Josh Allen,BUF,QB,vs DET,passYds,Hard Rock,149.5,under,1200,-5000,0.0769,0.0728,0.0573,0,0.1638,0.0868,0.0910,ev,multiplicative,live,202609189BE34D3B,2026-09-15T18:07:45.828Z
2026,2,13466,Dawson Knox,BUF,TE,vs DET,receptions,Caesars,1.5,over,120,-157,0.4545,0.4266,0.0654,0,0.5410,0.0864,0.1143,ev,multiplicative,live,202609189BE34D3B,2026-09-15T18:07:45.828Z
2026,2,13466,Dawson Knox,BUF,TE,vs DET,receptions,Hard Rock,1.5,over,120,-160,0.4545,0.4248,0.0699,0,0.5410,0.0864,0.1161,ev,multiplicative,live,202609189BE34D3B,2026-09-15T18:07:45.828Z
2026,2,16808,Jahmyr Gibbs,DET,RB,at BUF,recYds,Hard Rock,39.5,under,-250,175,0.7143,0.6627,0.0779,0,0.8005,0.0862,0.1379,ev,multiplicative,live,202609189BE34D3B,2026-09-15T18:07:45.828Z
2026,2,12483,Josh Allen,BUF,QB,vs DET,passTD,Caesars,1.5,under,140,-173,0.4167,0.3967,0.0504,0,0.5026,0.0860,0.1059,ev,multiplicative,live,202609189BE34D3B,2026-09-15T18:07:45.828Z
2026,2,15447,Joshua Palmer,BUF,WR,vs DET,recYds,FanDuel,13.5,under,-114,-114,0.5327,0.5000,0.0654,0,0.6184,0.0857,0.1184,ev,multiplicative,live,202609189BE34D3B,2026-09-15T18:07:45.828Z
2026,2,12483,Josh Allen,BUF,QB,vs DET,passYds,Hard Rock,158.5,under,850,-3000,0.1053,0.0981,0.0730,0,0.1907,0.0855,0.0926,ev,multiplicative,live,202609189BE34D3B,2026-09-15T18:07:45.828Z
2026,2,16697,Dalton Kincaid,BUF,TE,vs DET,receptions,Hard Rock,4.5,over,125,,0.4444,0.4444,,1,0.5297,0.0853,0.0853,ev,none,live,202609189BE34D3B,2026-09-15T18:07:45.828Z
2026,2,16808,Jahmyr Gibbs,DET,RB,at BUF,rushYds,theScore,74.5,over,-240,,0.7059,0.7059,,1,0.7909,0.0850,0.0850,ev,none,live,202609189BE34D3B,2026-09-15T18:07:45.828Z
2026,2,16808,Jahmyr Gibbs,DET,RB,at BUF,rushYds,FanDuel,69.5,over,-279,,0.7361,0.7361,,1,0.8211,0.0849,0.0849,ev,none,live,202609189BE34D3B,2026-09-15T18:07:45.828Z
2026,2,10729,Jared Goff,DET,QB,at BUF,passYds,theScore,274.5,under,-120,-110,0.5455,0.5101,0.0693,0,0.6303,0.0848,0.1201,ev,multiplicative,live,202609189BE34D3B,2026-09-15T18:07:45.828Z
2026,2,15892,Khalil Shakir,BUF,WR,vs DET,receptions,FanDuel,5.5,over,193,,0.3413,0.3413,,1,0.4256,0.0844,0.0844,ev,none,live,202609189BE34D3B,2026-09-15T18:07:45.828Z
2026,2,5971,Matthew Stafford,LAR,QB,vs NYG,passTD,FanDuel,1.5,under,152,-205,0.3968,0.3712,0.0690,0,0.4809,0.0841,0.1097,ev,multiplicative,live,202609222DD46A1C,2026-09-15T18:07:45.828Z
2026,2,12483,Josh Allen,BUF,QB,vs DET,passYds,Hard Rock,148.5,under,1200,-6000,0.0769,0.0725,0.0605,0,0.1609,0.0840,0.0884,ev,multiplicative,live,202609189BE34D3B,2026-09-15T18:07:45.828Z
2026,2,16808,Jahmyr Gibbs,DET,RB,at BUF,recYds,Caesars,29.5,under,-114,-114,0.5327,0.5000,0.0654,0,0.6166,0.0839,0.1166,ev,multiplicative,live,202609189BE34D3B,2026-09-15T18:07:45.828Z
2026,2,16808,Jahmyr Gibbs,DET,RB,at BUF,recYds,FanDuel,29.5,under,-114,-114,0.5327,0.5000,0.0654,0,0.6166,0.0839,0.1166,ev,multiplicative,live,202609189BE34D3B,2026-09-15T18:07:45.828Z
2026,2,15447,Joshua Palmer,BUF,WR,vs DET,recYds,BetRivers,13.5,under,-115,-115,0.5349,0.5000,0.0698,0,0.6184,0.0835,0.1184,ev,multiplicative,live,202609189BE34D3B,2026-09-15T18:07:45.828Z
2026,2,15447,Joshua Palmer,BUF,WR,vs DET,recYds,Hard Rock,13.5,under,-115,-115,0.5349,0.5000,0.0698,0,0.6184,0.0835,0.1184,ev,multiplicative,live,202609189BE34D3B,2026-09-15T18:07:45.828Z
2026,2,13466,Dawson Knox,BUF,TE,vs DET,recYds,DraftKings,14.5,over,-105,,0.5122,0.5122,,1,0.5954,0.0832,0.0832,ev,none,live,202609189BE34D3B,2026-09-15T18:07:45.828Z
2026,2,18642,Isaac TeSlaa,DET,WR,at BUF,recYds,Hard Rock,45.5,under,-1000,475,0.9091,0.8394,0.0830,0,0.9923,0.0832,0.1529,ev,multiplicative,live,202609189BE34D3B,2026-09-15T18:07:45.828Z
2026,2,10729,Jared Goff,DET,QB,at BUF,int,Caesars,0.5,under,-110,-118,0.5238,0.4918,0.0651,0,0.6065,0.0827,0.1147,ev,multiplicative,live,202609189BE34D3B,2026-09-15T18:07:45.828Z
2026,2,10729,Jared Goff,DET,QB,at BUF,int,BetRivers,0.5,under,-110,-120,0.5238,0.4899,0.0693,0,0.6065,0.0827,0.1167,ev,multiplicative,live,202609189BE34D3B,2026-09-15T18:07:45.828Z
2026,2,15447,Joshua Palmer,BUF,WR,vs DET,receptions,DraftKings,1.5,under,-196,152,0.6622,0.6253,0.0590,0,0.7449,0.0827,0.1196,ev,multiplicative,live,202609189BE34D3B,2026-09-15T18:07:45.828Z
2026,2,10729,Jared Goff,DET,QB,at BUF,passYds,Hard Rock,168.5,under,1000,-4000,0.0909,0.0852,0.0665,0,0.1736,0.0827,0.0884,ev,multiplicative,live,202609189BE34D3B,2026-09-15T18:07:45.828Z
2026,2,10729,Jared Goff,DET,QB,at BUF,int,theScore,0.5,under,-110,-120,0.5238,0.4899,0.0693,0,0.6065,0.0827,0.1167,ev,multiplicative,live,202609189BE34D3B,2026-09-15T18:07:45.828Z
2026,2,12483,Josh Allen,BUF,QB,vs DET,rushYds,Caesars,30.5,under,-108,-122,0.5192,0.4858,0.0688,0,0.6016,0.0824,0.1158,ev,multiplicative,live,202609189BE34D3B,2026-09-15T18:07:45.828Z
2026,2,10729,Jared Goff,DET,QB,at BUF,completions,DraftKings,24.5,under,-127,101,0.5595,0.5293,0.0570,0,0.6417,0.0822,0.1123,ev,multiplicative,live,202609189BE34D3B,2026-09-15T18:07:45.828Z
2026,2,17690,Blake Corum,LAR,RB,vs NYG,rushYds,Hard Rock,18.5,over,-900,450,0.9000,0.8319,0.0818,0,0.9822,0.0822,0.1503,ev,multiplicative,live,202609222DD46A1C,2026-09-15T18:07:45.828Z
2026,2,18514,Cam Skattebo,NYG,RB,at LAR,rushYds,Hard Rock,79.5,over,325,-525,0.2353,0.2188,0.0753,0,0.3174,0.0821,0.0985,ev,multiplicative,live,202609222DD46A1C,2026-09-15T18:07:45.828Z
2026,2,18811,Jacory Croskey-Merritt,WAS,RB,at DAL,anytimeTD,DraftKings,0.5,over,140,,0.4167,0.4167,,1,0.4984,0.0818,0.0818,ev,none,live,2026092061BDEC96,2026-09-15T18:07:45.828Z
2026,2,16808,Jahmyr Gibbs,DET,RB,at BUF,recYds,Hard Rock,29.5,under,-115,-115,0.5349,0.5000,0.0698,0,0.6166,0.0817,0.1166,ev,multiplicative,live,202609189BE34D3B,2026-09-15T18:07:45.828Z
2026,2,10729,Jared Goff,DET,QB,at BUF,passYds,Hard Rock,238.5,under,175,-250,0.3636,0.3373,0.0779,0,0.4451,0.0815,0.1077,ev,multiplicative,live,202609189BE34D3B,2026-09-15T18:07:45.828Z
2026,2,18514,Cam Skattebo,NYG,RB,at LAR,rushYds,Hard Rock,69.5,over,220,-325,0.3125,0.2901,0.0772,0,0.3940,0.0815,0.1039,ev,multiplicative,live,202609222DD46A1C,2026-09-15T18:07:45.828Z
2026,2,12483,Josh Allen,BUF,QB,vs DET,passYds,Hard Rock,168.5,under,600,-1800,0.1429,0.1310,0.0902,0,0.2237,0.0809,0.0927,ev,multiplicative,live,202609189BE34D3B,2026-09-15T18:07:45.828Z
2026,2,5971,Matthew Stafford,LAR,QB,vs NYG,passTD,Hard Rock,1.5,under,150,-210,0.4000,0.3713,0.0774,0,0.4809,0.0809,0.1097,ev,multiplicative,live,202609222DD46A1C,2026-09-15T18:07:45.828Z
2026,2,10729,Jared Goff,DET,QB,at BUF,passYds,Hard Rock,174.5,under,800,-3000,0.1111,0.1030,0.0789,0,0.1918,0.0807,0.0888,ev,multiplicative,live,202609189BE34D3B,2026-09-15T18:07:45.828Z
2026,2,12483,Josh Allen,BUF,QB,vs DET,passYds,Hard Rock,138.5,under,1750,-9000,0.0541,0.0518,0.0431,0,0.1343,0.0803,0.0825,ev,multiplicative,live,202609189BE34D3B,2026-09-15T18:07:45.828Z
2026,2,12483,Josh Allen,BUF,QB,vs DET,passYds,Hard Rock,208.5,under,230,-350,0.3030,0.2804,0.0808,0,0.3830,0.0800,0.1027,ev,multiplicative,live,202609189BE34D3B,2026-09-15T18:07:45.828Z
2026,2,18574,Jaxson Dart,NYG,QB,at LAR,rushYds,Hard Rock,49.5,under,-425,275,0.8095,0.7522,0.0762,0,0.8891,0.0796,0.1369,ev,multiplicative,live,202609222DD46A1C,2026-09-15T18:07:45.828Z
2026,2,16808,Jahmyr Gibbs,DET,RB,at BUF,recYds,Hard Rock,34.5,under,-175,125,0.6364,0.5888,0.0808,0,0.7157,0.0793,0.1269,ev,multiplicative,live,202609189BE34D3B,2026-09-15T18:07:45.828Z
2026,2,10729,Jared Goff,DET,QB,at BUF,passYds,Hard Rock,158.5,under,1400,-6000,0.0667,0.0635,0.0503,0,0.1458,0.0791,0.0823,ev,multiplicative,live,202609189BE34D3B,2026-09-15T18:07:45.828Z
2026,2,16697,Dalton Kincaid,BUF,TE,vs DET,receptions,Hard Rock,7.5,over,900,,0.1000,0.1000,,1,0.1790,0.0790,0.0790,ev,none,live,202609189BE34D3B,2026-09-15T18:07:45.828Z
2026,2,16808,Jahmyr Gibbs,DET,RB,at BUF,recYds,Hard Rock,44.5,under,-375,240,0.7895,0.7286,0.0836,0,0.8680,0.0785,0.1394,ev,multiplicative,live,202609189BE34D3B,2026-09-15T18:07:45.828Z
2026,2,15447,Joshua Palmer,BUF,WR,vs DET,receptions,Caesars,1.5,under,-200,150,0.6667,0.6250,0.0667,0,0.7449,0.0782,0.1199,ev,multiplicative,live,202609189BE34D3B,2026-09-15T18:07:45.828Z
2026,2,15447,Joshua Palmer,BUF,WR,vs DET,receptions,FanDuel,1.5,under,-200,148,0.6667,0.6231,0.0699,0,0.7449,0.0782,0.1218,ev,multiplicative,live,202609189BE34D3B,2026-09-15T18:07:45.828Z
2026,2,15447,Joshua Palmer,BUF,WR,vs DET,receptions,theScore,1.5,under,-200,150,0.6667,0.6250,0.0667,0,0.7449,0.0782,0.1199,ev,multiplicative,live,202609189BE34D3B,2026-09-15T18:07:45.828Z
2026,2,12483,Josh Allen,BUF,QB,vs DET,passYds,Hard Rock,199.5,under,275,-475,0.2667,0.2440,0.0928,0,0.3440,0.0774,0.1000,ev,multiplicative,live,202609189BE34D3B,2026-09-15T18:07:45.828Z
2026,2,12477,DJ Moore,BUF,WR,vs DET,recYds,Hard Rock,110.5,under,-1100,525,0.9167,0.8514,0.0767,0,0.9940,0.0773,0.1426,ev,multiplicative,live,202609189BE34D3B,2026-09-15T18:07:45.828Z
2026,2,17033,Sam LaPorta,DET,TE,at BUF,recYds,Hard Rock,56.5,under,-200,140,0.6667,0.6154,0.0833,0,0.7438,0.0772,0.1284,ev,multiplicative,live,202609189BE34D3B,2026-09-15T18:07:45.828Z
2026,2,18514,Cam Skattebo,NYG,RB,at LAR,rushYds,Hard Rock,74.5,over,260,-425,0.2778,0.2555,0.0873,0,0.3550,0.0772,0.0995,ev,multiplicative,live,202609222DD46A1C,2026-09-15T18:07:45.828Z
2026,2,12483,Josh Allen,BUF,QB,vs DET,passYds,Hard Rock,218.5,under,185,-260,0.3509,0.3270,0.0731,0,0.4278,0.0769,0.1008,ev,multiplicative,live,202609189BE34D3B,2026-09-15T18:07:45.828Z
2026,2,16697,Dalton Kincaid,BUF,TE,vs DET,receptions,FanDuel,7.5,over,878,,0.1022,0.1022,,1,0.1790,0.0768,0.0768,ev,none,live,202609189BE34D3B,2026-09-15T18:07:45.828Z
2026,2,10729,Jared Goff,DET,QB,at BUF,passYds,FanDuel,270.5,under,-114,-114,0.5327,0.5000,0.0654,0,0.6091,0.0764,0.1091,ev,multiplicative,live,202609189BE34D3B,2026-09-15T18:07:45.828Z
2026,2,10729,Jared Goff,DET,QB,at BUF,completions,theScore,24.5,under,-130,100,0.5652,0.5306,0.0652,0,0.6417,0.0764,0.1110,ev,multiplicative,live,202609189BE34D3B,2026-09-15T18:07:45.828Z
2026,2,10729,Jared Goff,DET,QB,at BUF,completions,Hard Rock,24.5,under,-130,100,0.5652,0.5306,0.0652,0,0.6417,0.0764,0.1110,ev,multiplicative,live,202609189BE34D3B,2026-09-15T18:07:45.828Z
2026,2,17033,Sam LaPorta,DET,TE,at BUF,recYds,Hard Rock,91.5,under,-1200,550,0.9231,0.8571,0.0769,0,0.9982,0.0751,0.1410,ev,multiplicative,live,202609189BE34D3B,2026-09-15T18:07:45.828Z
2026,2,18574,Jaxson Dart,NYG,QB,at LAR,rushYds,Hard Rock,55.5,under,-650,375,0.8667,0.8046,0.0772,0,0.9416,0.0750,0.1371,ev,multiplicative,live,202609222DD46A1C,2026-09-15T18:07:45.828Z
2026,2,12483,Josh Allen,BUF,QB,vs DET,rushYds,Hard Rock,60.5,under,-1200,550,0.9231,0.8571,0.0769,0,0.9979,0.0749,0.1408,ev,multiplicative,live,202609189BE34D3B,2026-09-15T18:07:45.828Z
2026,2,10729,Jared Goff,DET,QB,at BUF,passTD,Caesars,1.5,under,107,-132,0.4831,0.4592,0.0521,0,0.5578,0.0747,0.0986,ev,multiplicative,live,202609189BE34D3B,2026-09-15T18:07:45.828Z
2026,2,10729,Jared Goff,DET,QB,at BUF,passTD,DraftKings,1.5,under,107,-136,0.4831,0.4560,0.0594,0,0.5578,0.0747,0.1018,ev,multiplicative,live,202609189BE34D3B,2026-09-15T18:07:45.828Z
2026,2,17732,Keon Coleman,BUF,WR,vs DET,receptions,theScore,1.5,over,175,-240,0.3636,0.3400,0.0695,0,0.4382,0.0745,0.0982,ev,multiplicative,live,202609189BE34D3B,2026-09-15T18:07:45.828Z
2026,2,18574,Jaxson Dart,NYG,QB,at LAR,rushYds,Hard Rock,45.5,under,-325,220,0.7647,0.7099,0.0772,0,0.8391,0.0744,0.1292,ev,multiplicative,live,202609222DD46A1C,2026-09-15T18:07:45.828Z
2026,2,15447,Joshua Palmer,BUF,WR,vs DET,recYds,Hard Rock,43.5,under,-1200,550,0.9231,0.8571,0.0769,0,0.9971,0.0740,0.1399,ev,multiplicative,live,202609189BE34D3B,2026-09-15T18:07:45.828Z
2026,2,10729,Jared Goff,DET,QB,at BUF,passYds,Hard Rock,248.5,under,140,-195,0.4167,0.3866,0.0777,0,0.4906,0.0740,0.1040,ev,multiplicative,live,202609189BE34D3B,2026-09-15T18:07:45.828Z
2026,2,16808,Jahmyr Gibbs,DET,RB,at BUF,rushYds,Caesars,129.5,over,280,,0.2632,0.2632,,1,0.3370,0.0739,0.0739,ev,none,live,202609189BE34D3B,2026-09-15T18:07:45.828Z
2026,2,18574,Jaxson Dart,NYG,QB,at LAR,rushYds,Hard Rock,50.5,under,-475,300,0.8261,0.7677,0.0761,0,0.8997,0.0736,0.1320,ev,multiplicative,live,202609222DD46A1C,2026-09-15T18:07:45.828Z
2026,2,12483,Josh Allen,BUF,QB,vs DET,rushYds,DraftKings,30.5,under,-112,-112,0.5283,0.5000,0.0566,0,0.6016,0.0733,0.1016,ev,multiplicative,live,202609189BE34D3B,2026-09-15T18:07:45.828Z
2026,2,18516,Quinshon Judkins,CLE,RB,at TB,anytimeTD,DraftKings,0.5,over,150,,0.4000,0.4000,,1,0.4727,0.0727,0.0727,ev,none,live,20260920ABAE4147,2026-09-15T18:07:45.828Z
2026,2,18516,Quinshon Judkins,CLE,RB,at TB,anytimeTD,theScore,0.5,over,150,,0.4000,0.4000,,1,0.4727,0.0727,0.0727,ev,none,live,20260920ABAE4147,2026-09-15T18:07:45.828Z
2026,2,10729,Jared Goff,DET,QB,at BUF,passTD,BetRivers,1.5,under,106,-139,0.4854,0.4549,0.0670,0,0.5578,0.0724,0.1029,ev,multiplicative,live,202609189BE34D3B,2026-09-15T18:07:45.828Z
2026,2,17732,Keon Coleman,BUF,WR,vs DET,recYds,Hard Rock,26.5,over,260,-400,0.2778,0.2577,0.0778,0,0.3498,0.0720,0.0920,ev,multiplicative,live,202609189BE34D3B,2026-09-15T18:07:45.828Z
2026,2,12483,Josh Allen,BUF,QB,vs DET,passYds,DraftKings,252.5,under,-111,-113,0.5261,0.4979,0.0566,0,0.5978,0.0717,0.0999,ev,multiplicative,live,202609189BE34D3B,2026-09-15T18:07:45.828Z
2026,2,16808,Jahmyr Gibbs,DET,RB,at BUF,rushYds,Caesars,49.5,over,-530,,0.8413,0.8413,,1,0.9130,0.0717,0.0717,ev,none,live,202609189BE34D3B,2026-09-15T18:07:45.828Z
2026,2,16808,Jahmyr Gibbs,DET,RB,at BUF,recYds,Hard Rock,49.5,under,-550,325,0.8462,0.7824,0.0814,0,0.9178,0.0717,0.1354,ev,multiplicative,live,202609189BE34D3B,2026-09-15T18:07:45.828Z
2026,2,10729,Jared Goff,DET,QB,at BUF,int,Hard Rock,0.5,under,-115,-115,0.5349,0.5000,0.0698,0,0.6065,0.0716,0.1065,ev,multiplicative,live,202609189BE34D3B,2026-09-15T18:07:45.828Z
2026,2,16808,Jahmyr Gibbs,DET,RB,at BUF,recYds,BetRivers,29.5,under,-120,-110,0.5455,0.5101,0.0693,0,0.6166,0.0711,0.1065,ev,multiplicative,live,202609189BE34D3B,2026-09-15T18:07:45.828Z
2026,2,12483,Josh Allen,BUF,QB,vs DET,rushYds,BetRivers,30.5,under,-113,-118,0.5305,0.4950,0.0718,0,0.6016,0.0711,0.1067,ev,multiplicative,live,202609189BE34D3B,2026-09-15T18:07:45.828Z
2026,2,16808,Jahmyr Gibbs,DET,RB,at BUF,rushYds,theScore,69.5,over,-300,,0.7500,0.7500,,1,0.8211,0.0711,0.0711,ev,none,live,202609189BE34D3B,2026-09-15T18:07:45.828Z
2026,2,18514,Cam Skattebo,NYG,RB,at LAR,rushYds,Hard Rock,84.5,over,375,-700,0.2105,0.1939,0.0855,0,0.2816,0.0710,0.0876,ev,multiplicative,live,202609222DD46A1C,2026-09-15T18:07:45.828Z
2026,2,17732,Keon Coleman,BUF,WR,vs DET,receptions,FanDuel,1.5,over,172,-235,0.3676,0.3439,0.0691,0,0.4382,0.0705,0.0943,ev,multiplicative,live,202609189BE34D3B,2026-09-15T18:07:45.828Z
2026,2,12483,Josh Allen,BUF,QB,vs DET,passYds,Hard Rock,224.5,under,160,-225,0.3846,0.3571,0.0769,0,0.4552,0.0705,0.0980,ev,multiplicative,live,202609189BE34D3B,2026-09-15T18:07:45.828Z
2026,2,18514,Cam Skattebo,NYG,RB,at LAR,rushYds,Hard Rock,64.5,over,175,-250,0.3636,0.3373,0.0779,0,0.4342,0.0705,0.0968,ev,multiplicative,live,202609222DD46A1C,2026-09-15T18:07:45.828Z
2026,2,15849,Jameson Williams,DET,WR,at BUF,recYds,Hard Rock,99.5,under,-600,375,0.8571,0.8028,0.0677,0,0.9270,0.0698,0.1242,ev,multiplicative,live,202609189BE34D3B,2026-09-15T18:07:45.828Z
2026,2,10729,Jared Goff,DET,QB,at BUF,passYds,Hard Rock,249.5,under,135,-190,0.4255,0.3938,0.0807,0,0.4952,0.0697,0.1014,ev,multiplicative,live,202609189BE34D3B,2026-09-15T18:07:45.828Z
2026,2,15849,Jameson Williams,DET,WR,at BUF,recYds,Hard Rock,98.5,under,-575,350,0.8519,0.7931,0.0741,0,0.9215,0.0697,0.1284,ev,multiplicative,live,202609189BE34D3B,2026-09-15T18:07:45.828Z
2026,2,18811,Jacory Croskey-Merritt,WAS,RB,at DAL,anytimeTD,Caesars,0.5,over,133,,0.4292,0.4292,,1,0.4984,0.0692,0.0692,ev,none,live,2026092061BDEC96,2026-09-15T18:07:45.828Z
2026,2,17732,Keon Coleman,BUF,WR,vs DET,recYds,Hard Rock,24.5,over,230,-350,0.3030,0.2804,0.0808,0,0.3720,0.0690,0.0916,ev,multiplicative,live,202609189BE34D3B,2026-09-15T18:07:45.828Z
2026,2,18642,Isaac TeSlaa,DET,WR,at BUF,recYds,Hard Rock,49.5,under,-1300,575,0.9286,0.8624,0.0767,0,0.9972,0.0687,0.1348,ev,multiplicative,live,202609189BE34D3B,2026-09-15T18:07:45.828Z
2026,2,15892,Khalil Shakir,BUF,WR,vs DET,receptions,DraftKings,3.5,over,-177,,0.6390,0.6390,,1,0.7076,0.0686,0.0686,ev,none,live,202609189BE34D3B,2026-09-15T18:07:45.828Z
2026,2,12483,Josh Allen,BUF,QB,vs DET,passYds,BetRivers,253.5,under,-115,-115,0.5349,0.5000,0.0698,0,0.6030,0.0681,0.1030,ev,multiplicative,live,202609189BE34D3B,2026-09-15T18:07:45.828Z
2026,2,17732,Keon Coleman,BUF,WR,vs DET,receptions,Caesars,1.5,over,170,-230,0.3704,0.3470,0.0673,0,0.4382,0.0678,0.0912,ev,multiplicative,live,202609189BE34D3B,2026-09-15T18:07:45.828Z
2026,2,12483,Josh Allen,BUF,QB,vs DET,passTD,BetRivers,1.5,under,130,-175,0.4348,0.4059,0.0711,0,0.5026,0.0678,0.0967,ev,multiplicative,live,202609189BE34D3B,2026-09-15T18:07:45.828Z
2026,2,10729,Jared Goff,DET,QB,at BUF,passYds,Hard Rock,258.5,under,110,-150,0.4762,0.4425,0.0762,0,0.5439,0.0678,0.1015,ev,multiplicative,live,202609189BE34D3B,2026-09-15T18:07:45.828Z
2026,2,12483,Josh Allen,BUF,QB,vs DET,passTD,theScore,1.5,under,130,-170,0.4348,0.4085,0.0644,0,0.5026,0.0678,0.0941,ev,multiplicative,live,202609189BE34D3B,2026-09-15T18:07:45.828Z
2026,2,12483,Josh Allen,BUF,QB,vs DET,passTD,Hard Rock,1.5,under,130,-180,0.4348,0.4035,0.0776,0,0.5026,0.0678,0.0992,ev,multiplicative,live,202609189BE34D3B,2026-09-15T18:07:45.828Z
2026,2,15447,Joshua Palmer,BUF,WR,vs DET,receptions,Hard Rock,1.5,under,-210,150,0.6774,0.6287,0.0774,0,0.7449,0.0674,0.1161,ev,multiplicative,live,202609189BE34D3B,2026-09-15T18:07:45.828Z
2026,2,10729,Jared Goff,DET,QB,at BUF,passYds,DraftKings,267.5,under,-111,-113,0.5261,0.4979,0.0566,0,0.5930,0.0670,0.0951,ev,multiplicative,live,202609189BE34D3B,2026-09-15T18:07:45.828Z
2026,2,16697,Dalton Kincaid,BUF,TE,vs DET,recYds,Hard Rock,85.5,under,-600,350,0.8571,0.7941,0.0794,0,0.9242,0.0670,0.1301,ev,multiplicative,live,202609189BE34D3B,2026-09-15T18:07:45.828Z
2026,2,12483,Josh Allen,BUF,QB,vs DET,rushYds,Hard Rock,30.5,under,-115,-115,0.5349,0.5000,0.0698,0,0.6016,0.0668,0.1016,ev,multiplicative,live,202609189BE34D3B,2026-09-15T18:07:45.828Z
2026,2,15807,Kyren Williams,LAR,RB,vs NYG,rushYds,Hard Rock,42.5,over,-425,260,0.8095,0.7445,0.0873,0,0.8759,0.0664,0.1314,ev,multiplicative,live,202609222DD46A1C,2026-09-15T18:07:45.828Z
2026,2,17732,Keon Coleman,BUF,WR,vs DET,recYds,FanDuel,29.5,over,298,,0.2513,0.2513,,1,0.3174,0.0661,0.0661,ev,none,live,202609189BE34D3B,2026-09-15T18:07:45.828Z
2026,2,18514,Cam Skattebo,NYG,RB,at LAR,rushYds,Hard Rock,89.5,over,450,-900,0.1818,0.1681,0.0818,0,0.2478,0.0660,0.0798,ev,multiplicative,live,202609222DD46A1C,2026-09-15T18:07:45.828Z
2026,2,16661,De'Von Achane,MIA,RB,at SF,anytimeTD,Caesars,0.5,over,126,,0.4425,0.4425,,1,0.5084,0.0659,0.0659,ev,none,live,202609202FE0218E,2026-09-15T18:07:45.828Z
2026,2,10729,Jared Goff,DET,QB,at BUF,completions,Caesars,24.5,under,-136,103,0.5763,0.5391,0.0689,0,0.6417,0.0654,0.1025,ev,multiplicative,live,202609189BE34D3B,2026-09-15T18:07:45.828Z
2026,2,12483,Josh Allen,BUF,QB,vs DET,passYds,Hard Rock,228.5,under,145,-200,0.4082,0.3797,0.0748,0,0.4735,0.0654,0.0938,ev,multiplicative,live,202609189BE34D3B,2026-09-15T18:07:45.828Z
2026,2,16808,Jahmyr Gibbs,DET,RB,at BUF,recYds,Hard Rock,24.5,under,125,-175,0.4444,0.4112,0.0808,0,0.5092,0.0647,0.0980,ev,multiplicative,live,202609189BE34D3B,2026-09-15T18:07:45.828Z
2026,2,18642,Isaac TeSlaa,DET,WR,at BUF,recYds,Hard Rock,50.5,under,-1400,600,0.9333,0.8673,0.0762,0,0.9979,0.0646,0.1306,ev,multiplicative,live,202609189BE34D3B,2026-09-15T18:07:45.828Z
2026,2,13466,Dawson Knox,BUF,TE,vs DET,recYds,Hard Rock,37.5,under,-1000,500,0.9091,0.8451,0.0758,0,0.9736,0.0646,0.1286,ev,multiplicative,live,202609189BE34D3B,2026-09-15T18:07:45.828Z
2026,2,18516,Quinshon Judkins,CLE,RB,at TB,anytimeTD,Caesars,0.5,over,145,,0.4082,0.4082,,1,0.4727,0.0645,0.0645,ev,none,live,20260920ABAE4147,2026-09-15T18:07:45.828Z
2026,2,18516,Quinshon Judkins,CLE,RB,at TB,anytimeTD,BetMGM,0.5,over,145,,0.4082,0.4082,,1,0.4727,0.0645,0.0645,ev,none,live,20260920ABAE4147,2026-09-15T18:07:45.828Z
2026,2,17732,Keon Coleman,BUF,WR,vs DET,recYds,DraftKings,24.5,over,225,,0.3077,0.3077,,1,0.3720,0.0643,0.0643,ev,none,live,202609189BE34D3B,2026-09-15T18:07:45.828Z
2026,2,17704,Malik Nabers,NYG,WR,at LAR,receptions,Hard Rock,9.5,over,800,,0.1111,0.1111,,1,0.1754,0.0643,0.0643,ev,none,live,202609222DD46A1C,2026-09-15T18:07:45.828Z
2026,2,15849,Jameson Williams,DET,WR,at BUF,recYds,Hard Rock,108.5,under,-900,450,0.9000,0.8319,0.0818,0,0.9639,0.0639,0.1320,ev,multiplicative,live,202609189BE34D3B,2026-09-15T18:07:45.828Z
2026,2,16661,De'Von Achane,MIA,RB,at SF,anytimeTD,theScore,0.5,over,125,,0.4444,0.4444,,1,0.5084,0.0639,0.0639,ev,none,live,202609202FE0218E,2026-09-15T18:07:45.828Z
2026,2,16808,Jahmyr Gibbs,DET,RB,at BUF,rushYds,DraftKings,139.5,over,417,,0.1934,0.1934,,1,0.2573,0.0638,0.0638,ev,none,live,202609189BE34D3B,2026-09-15T18:07:45.828Z
2026,2,16697,Dalton Kincaid,BUF,TE,vs DET,receptions,DraftKings,3.5,over,-148,116,0.5968,0.5631,0.0597,0,0.6604,0.0636,0.0972,ev,multiplicative,live,202609189BE34D3B,2026-09-15T18:07:45.828Z
2026,2,15849,Jameson Williams,DET,WR,at BUF,recYds,Hard Rock,103.5,under,-750,400,0.8824,0.8152,0.0824,0,0.9459,0.0636,0.1307,ev,multiplicative,live,202609189BE34D3B,2026-09-15T18:07:45.828Z
2026,2,15849,Jameson Williams,DET,WR,at BUF,recYds,Hard Rock,93.5,under,-475,300,0.8261,0.7677,0.0761,0,0.8896,0.0635,0.1219,ev,multiplicative,live,202609189BE34D3B,2026-09-15T18:07:45.828Z
2026,2,10729,Jared Goff,DET,QB,at BUF,passYds,Hard Rock,268.5,under,-115,-115,0.5349,0.5000,0.0698,0,0.5984,0.0635,0.0984,ev,multiplicative,live,202609189BE34D3B,2026-09-15T18:07:45.828Z
2026,2,15892,Khalil Shakir,BUF,WR,vs DET,recYds,BetRivers,69.5,over,295,,0.2532,0.2532,,1,0.3166,0.0634,0.0634,ev,none,live,202609189BE34D3B,2026-09-15T18:07:45.828Z
2026,2,13466,Dawson Knox,BUF,TE,vs DET,receptions,BetRivers,2.5,over,400,,0.2000,0.2000,,1,0.2634,0.0634,0.0634,ev,none,live,202609189BE34D3B,2026-09-15T18:07:45.828Z
2026,2,16697,Dalton Kincaid,BUF,TE,vs DET,recYds,Hard Rock,80.5,under,-475,300,0.8261,0.7677,0.0761,0,0.8887,0.0626,0.1210,ev,multiplicative,live,202609189BE34D3B,2026-09-15T18:07:45.828Z
2026,2,18514,Cam Skattebo,NYG,RB,at LAR,rushYds,Hard Rock,94.5,over,550,-1200,0.1538,0.1429,0.0769,0,0.2164,0.0626,0.0735,ev,multiplicative,live,202609222DD46A1C,2026-09-15T18:07:45.828Z
2026,2,15892,Khalil Shakir,BUF,WR,vs DET,recYds,Caesars,29.5,over,-250,,0.7143,0.7143,,1,0.7768,0.0625,0.0625,ev,none,live,202609189BE34D3B,2026-09-15T18:07:45.828Z
2026,2,17732,Keon Coleman,BUF,WR,vs DET,recYds,FanDuel,24.5,over,223,,0.3096,0.3096,,1,0.3720,0.0624,0.0624,ev,none,live,202609189BE34D3B,2026-09-15T18:07:45.828Z
2026,2,15876,James Cook,BUF,RB,vs DET,rushYds,Caesars,59.5,over,-260,,0.7222,0.7222,,1,0.7845,0.0623,0.0623,ev,none,live,202609189BE34D3B,2026-09-15T18:07:45.828Z
2026,2,16697,Dalton Kincaid,BUF,TE,vs DET,receptions,DraftKings,8.5,over,2200,,0.0435,0.0435,,1,0.1057,0.0622,0.0622,ev,none,live,202609189BE34D3B,2026-09-15T18:07:45.828Z
2026,2,16697,Dalton Kincaid,BUF,TE,vs DET,recYds,Hard Rock,79.5,under,-450,275,0.8182,0.7542,0.0848,0,0.8803,0.0622,0.1262,ev,multiplicative,live,202609189BE34D3B,2026-09-15T18:07:45.828Z
2026,2,14416,Jalen Hurts,PHI,QB,at TEN,anytimeTD,theScore,0.5,over,150,,0.4000,0.4000,,1,0.4621,0.0621,0.0621,ev,none,live,202609208AD46BE9,2026-09-15T18:07:45.828Z
2026,2,16808,Jahmyr Gibbs,DET,RB,at BUF,rushYds,BetRivers,69.5,over,-315,,0.7590,0.7590,,1,0.8211,0.0620,0.0620,ev,none,live,202609189BE34D3B,2026-09-15T18:07:45.828Z
2026,2,13466,Dawson Knox,BUF,TE,vs DET,recYds,Hard Rock,32.5,under,-650,375,0.8667,0.8046,0.0772,0,0.9283,0.0617,0.1238,ev,multiplicative,live,202609189BE34D3B,2026-09-15T18:07:45.828Z
2026,2,18574,Jaxson Dart,NYG,QB,at LAR,rushYds,Hard Rock,40.5,under,-230,165,0.6970,0.6487,0.0743,0,0.7586,0.0616,0.1098,ev,multiplicative,live,202609222DD46A1C,2026-09-15T18:07:45.828Z
2026,2,16697,Dalton Kincaid,BUF,TE,vs DET,recYds,Hard Rock,90.5,under,-800,425,0.8889,0.8235,0.0794,0,0.9503,0.0614,0.1268,ev,multiplicative,live,202609189BE34D3B,2026-09-15T18:07:45.828Z
2026,2,17732,Keon Coleman,BUF,WR,vs DET,recYds,Hard Rock,21.5,over,190,-275,0.3448,0.3198,0.0782,0,0.4061,0.0613,0.0863,ev,multiplicative,live,202609189BE34D3B,2026-09-15T18:07:45.828Z
2026,2,17732,Keon Coleman,BUF,WR,vs DET,recYds,Hard Rock,31.5,over,325,-550,0.2353,0.2176,0.0814,0,0.2965,0.0612,0.0790,ev,multiplicative,live,202609189BE34D3B,2026-09-15T18:07:45.828Z
2026,2,17732,Keon Coleman,BUF,WR,vs DET,receptions,Hard Rock,1.5,over,165,-230,0.3774,0.3513,0.0743,0,0.4382,0.0608,0.0869,ev,multiplicative,live,202609189BE34D3B,2026-09-15T18:07:45.828Z
2026,2,15849,Jameson Williams,DET,WR,at BUF,receptions,BetRivers,6.5,over,650,,0.1333,0.1333,,1,0.1937,0.0603,0.0603,ev,none,live,202609189BE34D3B,2026-09-15T18:07:45.828Z
2026,2,13466,Dawson Knox,BUF,TE,vs DET,recYds,Hard Rock,39.5,under,-1200,550,0.9231,0.8571,0.0769,0,0.9833,0.0602,0.1261,ev,multiplicative,live,202609189BE34D3B,2026-09-15T18:07:45.828Z
2026,2,15892,Khalil Shakir,BUF,WR,vs DET,receptions,DraftKings,4.5,over,128,-163,0.4386,0.4144,0.0584,0,0.4985,0.0599,0.0841,ev,multiplicative,live,202609189BE34D3B,2026-09-15T18:07:45.828Z
2026,2,15849,Jameson Williams,DET,WR,at BUF,recYds,Hard Rock,88.5,under,-375,250,0.7895,0.7343,0.0752,0,0.8492,0.0598,0.1150,ev,multiplicative,live,202609189BE34D3B,2026-09-15T18:07:45.828Z
2026,2,12477,DJ Moore,BUF,WR,vs DET,recYds,Hard Rock,65.5,under,-145,105,0.5918,0.5482,0.0796,0,0.6511,0.0593,0.1030,ev,multiplicative,live,202609189BE34D3B,2026-09-15T18:07:45.828Z
2026,2,18574,Jaxson Dart,NYG,QB,at LAR,rushYds,Hard Rock,60.5,under,-1000,475,0.9091,0.8394,0.0830,0,0.9684,0.0593,0.1290,ev,multiplicative,live,202609222DD46A1C,2026-09-15T18:07:45.828Z
2026,2,10729,Jared Goff,DET,QB,at BUF,passYds,Hard Rock,278.5,under,-145,105,0.5918,0.5482,0.0796,0,0.6510,0.0592,0.1028,ev,multiplicative,live,202609189BE34D3B,2026-09-15T18:07:45.828Z
2026,2,16808,Jahmyr Gibbs,DET,RB,at BUF,rushYds,Hard Rock,64.5,over,-375,240,0.7895,0.7286,0.0836,0,0.8484,0.0589,0.1198,ev,multiplicative,live,202609189BE34D3B,2026-09-15T18:07:45.828Z
2026,2,16808,Jahmyr Gibbs,DET,RB,at BUF,recYds,Hard Rock,19.5,under,195,-275,0.3390,0.3161,0.0723,0,0.3978,0.0588,0.0816,ev,multiplicative,live,202609189BE34D3B,2026-09-15T18:07:45.828Z
2026,2,15876,James Cook,BUF,RB,vs DET,rushYds,Caesars,49.5,over,-450,,0.8182,0.8182,,1,0.8768,0.0586,0.0586,ev,none,live,202609189BE34D3B,2026-09-15T18:07:45.828Z
2026,2,16808,Jahmyr Gibbs,DET,RB,at BUF,recYds,Hard Rock,14.5,under,325,-525,0.2353,0.2188,0.0753,0,0.2939,0.0586,0.0751,ev,multiplicative,live,202609189BE34D3B,2026-09-15T18:07:45.828Z
2026,2,18514,Cam Skattebo,NYG,RB,at LAR,rushYds,Hard Rock,59.5,over,140,-195,0.4167,0.3866,0.0777,0,0.4750,0.0583,0.0884,ev,multiplicative,live,202609222DD46A1C,2026-09-15T18:07:45.828Z
2026,2,15892,Khalil Shakir,BUF,WR,vs DET,recYds,FanDuel,69.5,over,287,,0.2584,0.2584,,1,0.3166,0.0582,0.0582,ev,none,live,202609189BE34D3B,2026-09-15T18:07:45.828Z
2026,2,10729,Jared Goff,DET,QB,at BUF,passYds,Caesars,267.5,under,-115,-114,0.5349,0.5010,0.0676,0,0.5930,0.0581,0.0920,ev,multiplicative,live,202609189BE34D3B,2026-09-15T18:07:45.828Z
2026,2,17732,Keon Coleman,BUF,WR,vs DET,recYds,DraftKings,39.5,over,517,,0.1621,0.1621,,1,0.2201,0.0580,0.0580,ev,none,live,202609189BE34D3B,2026-09-15T18:07:45.828Z
2026,2,16808,Jahmyr Gibbs,DET,RB,at BUF,rushYds,DraftKings,59.5,over,-440,,0.8148,0.8148,,1,0.8727,0.0579,0.0579,ev,none,live,202609189BE34D3B,2026-09-15T18:07:45.828Z
2026,2,10729,Jared Goff,DET,QB,at BUF,passTD,Hard Rock,1.5,under,100,-135,0.5000,0.4653,0.0745,0,0.5578,0.0578,0.0925,ev,multiplicative,live,202609189BE34D3B,2026-09-15T18:07:45.828Z
2026,2,10729,Jared Goff,DET,QB,at BUF,passTD,theScore,1.5,under,100,-130,0.5000,0.4694,0.0652,0,0.5578,0.0578,0.0884,ev,multiplicative,live,202609189BE34D3B,2026-09-15T18:07:45.828Z
2026,2,13466,Dawson Knox,BUF,TE,vs DET,receptions,DraftKings,2.5,over,386,,0.2058,0.2058,,1,0.2634,0.0577,0.0577,ev,none,live,202609189BE34D3B,2026-09-15T18:07:45.828Z
2026,2,16808,Jahmyr Gibbs,DET,RB,at BUF,recYds,Hard Rock,54.5,under,-850,450,0.8947,0.8311,0.0766,0,0.9520,0.0572,0.1208,ev,multiplicative,live,202609189BE34D3B,2026-09-15T18:07:45.828Z
2026,2,18574,Jaxson Dart,NYG,QB,at LAR,passTD,FanDuel,1.5,over,182,-250,0.3546,0.3318,0.0689,0,0.4116,0.0570,0.0799,ev,multiplicative,live,202609222DD46A1C,2026-09-15T18:07:45.828Z
2026,2,17760,Sione Vaki,DET,RB,at BUF,anytimeTD,DraftKings,0.5,over,1000,,0.0909,0.0909,,1,0.1479,0.0569,0.0569,ev,none,live,202609189BE34D3B,2026-09-15T18:07:45.828Z
2026,2,17760,Sione Vaki,DET,RB,at BUF,anytimeTD,FanDuel,0.5,over,1000,,0.0909,0.0909,,1,0.1479,0.0569,0.0569,ev,none,live,202609189BE34D3B,2026-09-15T18:07:45.828Z
2026,2,17732,Keon Coleman,BUF,WR,vs DET,recYds,Hard Rock,36.5,over,425,-800,0.1905,0.1765,0.0794,0,0.2474,0.0569,0.0709,ev,multiplicative,live,202609189BE34D3B,2026-09-15T18:07:45.828Z
2026,2,17760,Sione Vaki,DET,RB,at BUF,anytimeTD,theScore,0.5,over,1000,,0.0909,0.0909,,1,0.1479,0.0569,0.0569,ev,none,live,202609189BE34D3B,2026-09-15T18:07:45.828Z
2026,2,15892,Khalil Shakir,BUF,WR,vs DET,recYds,DraftKings,69.5,over,285,,0.2597,0.2597,,1,0.3166,0.0568,0.0568,ev,none,live,202609189BE34D3B,2026-09-15T18:07:45.828Z
2026,2,15946,Christian Watson,GB,WR,at NYJ,anytimeTD,theScore,0.5,over,150,,0.4000,0.4000,,1,0.4566,0.0566,0.0566,ev,none,live,202609207339899F,2026-09-15T18:07:45.828Z
2026,2,15892,Khalil Shakir,BUF,WR,vs DET,recYds,DraftKings,79.5,over,434,,0.1873,0.1873,,1,0.2437,0.0564,0.0564,ev,none,live,202609189BE34D3B,2026-09-15T18:07:45.828Z
2026,2,12483,Josh Allen,BUF,QB,vs DET,passTD,FanDuel,1.5,under,124,-166,0.4464,0.4170,0.0705,0,0.5026,0.0562,0.0856,ev,multiplicative,live,202609189BE34D3B,2026-09-15T18:07:45.828Z
2026,2,10729,Jared Goff,DET,QB,at BUF,passYds,Hard Rock,274.5,under,-135,-105,0.5745,0.5287,0.0867,0,0.6303,0.0558,0.1016,ev,multiplicative,live,202609189BE34D3B,2026-09-15T18:07:45.828Z
2026,2,15332,Amon-Ra St. Brown,DET,WR,at BUF,receptions,DraftKings,7.5,under,-115,-111,0.5349,0.5042,0.0610,0,0.5906,0.0557,0.0865,ev,multiplicative,live,202609189BE34D3B,2026-09-15T18:07:45.828Z
2026,2,18574,Jaxson Dart,NYG,QB,at LAR,passTD,Hard Rock,1.5,over,180,-260,0.3571,0.3309,0.0794,0,0.4116,0.0545,0.0807,ev,multiplicative,live,202609222DD46A1C,2026-09-15T18:07:45.828Z
2026,2,18514,Cam Skattebo,NYG,RB,at LAR,rushYds,Hard Rock,99.5,over,650,-1600,0.1333,0.1241,0.0745,0,0.1874,0.0541,0.0633,ev,multiplicative,live,202609222DD46A1C,2026-09-15T18:07:45.828Z
2026,2,17704,Malik Nabers,NYG,WR,at LAR,receptions,Hard Rock,11.5,over,3000,,0.0323,0.0323,,1,0.0863,0.0540,0.0540,ev,none,live,202609222DD46A1C,2026-09-15T18:07:45.828Z
2026,2,15892,Khalil Shakir,BUF,WR,vs DET,recYds,FanDuel,79.5,over,427,,0.1898,0.1898,,1,0.2437,0.0539,0.0539,ev,none,live,202609189BE34D3B,2026-09-15T18:07:45.828Z
2026,2,14416,Jalen Hurts,PHI,QB,at TEN,anytimeTD,DraftKings,0.5,over,145,,0.4082,0.4082,,1,0.4621,0.0539,0.0539,ev,none,live,202609208AD46BE9,2026-09-15T18:07:45.828Z
2026,2,16661,De'Von Achane,MIA,RB,at SF,anytimeTD,DraftKings,0.5,over,120,,0.4545,0.4545,,1,0.5084,0.0538,0.0538,ev,none,live,202609202FE0218E,2026-09-15T18:07:45.828Z
2026,2,17732,Keon Coleman,BUF,WR,vs DET,recYds,Hard Rock,39.5,over,500,-1000,0.1667,0.1549,0.0758,0,0.2201,0.0534,0.0652,ev,multiplicative,live,202609189BE34D3B,2026-09-15T18:07:45.828Z
2026,2,16808,Jahmyr Gibbs,DET,RB,at BUF,rushYds,FanDuel,59.5,over,-454,,0.8195,0.8195,,1,0.8727,0.0532,0.0532,ev,none,live,202609189BE34D3B,2026-09-15T18:07:45.828Z
2026,2,16697,Dalton Kincaid,BUF,TE,vs DET,recYds,Hard Rock,75.5,under,-375,250,0.7895,0.7343,0.0752,0,0.8426,0.0532,0.1084,ev,multiplicative,live,202609189BE34D3B,2026-09-15T18:07:45.828Z
2026,2,10729,Jared Goff,DET,QB,at BUF,passTD,FanDuel,1.5,under,-102,-130,0.5050,0.4718,0.0702,0,0.5578,0.0529,0.0860,ev,multiplicative,live,202609189BE34D3B,2026-09-15T18:07:45.828Z
2026,2,10729,Jared Goff,DET,QB,at BUF,passYds,BetRivers,266.5,under,-115,-115,0.5349,0.5000,0.0698,0,0.5876,0.0527,0.0876,ev,multiplicative,live,202609189BE34D3B,2026-09-15T18:07:45.828Z
2026,2,18574,Jaxson Dart,NYG,QB,at LAR,rushYds,Hard Rock,39.5,under,-220,155,0.6875,0.6368,0.0797,0,0.7402,0.0527,0.1034,ev,multiplicative,live,202609222DD46A1C,2026-09-15T18:07:45.828Z
2026,2,17760,Sione Vaki,DET,RB,at BUF,anytimeTD,Caesars,0.5,over,950,,0.0952,0.0952,,1,0.1479,0.0526,0.0526,ev,none,live,202609189BE34D3B,2026-09-15T18:07:45.828Z
2026,2,18514,Cam Skattebo,NYG,RB,at LAR,rushYds,FanDuel,49.5,over,-114,-114,0.5327,0.5000,0.0654,0,0.5852,0.0525,0.0852,ev,multiplicative,live,202609222DD46A1C,2026-09-15T18:07:45.828Z
2026,2,16697,Dalton Kincaid,BUF,TE,vs DET,recYds,Hard Rock,5.5,under,1750,-9000,0.0541,0.0518,0.0431,0,0.1064,0.0523,0.0545,ev,multiplicative,live,202609189BE34D3B,2026-09-15T18:07:45.828Z
2026,2,17732,Keon Coleman,BUF,WR,vs DET,receptions,DraftKings,1.5,over,159,-205,0.3861,0.3649,0.0582,0,0.4382,0.0521,0.0733,ev,multiplicative,live,202609189BE34D3B,2026-09-15T18:07:45.828Z
2026,2,16697,Dalton Kincaid,BUF,TE,vs DET,recYds,Hard Rock,95.5,under,-1100,525,0.9167,0.8514,0.0767,0,0.9687,0.0521,0.1173,ev,multiplicative,live,202609189BE34D3B,2026-09-15T18:07:45.828Z
2026,2,12483,Josh Allen,BUF,QB,vs DET,rushYds,Hard Rock,64.5,under,-1800,650,0.9474,0.8766,0.0807,0,0.9994,0.0520,0.1227,ev,multiplicative,live,202609189BE34D3B,2026-09-15T18:07:45.828Z
2026,2,17033,Sam LaPorta,DET,TE,at BUF,recYds,Hard Rock,96.5,under,-1800,650,0.9474,0.8766,0.0807,0,0.9994,0.0520,0.1228,ev,multiplicative,live,202609189BE34D3B,2026-09-15T18:07:45.828Z
2026,2,10729,Jared Goff,DET,QB,at BUF,passYds,Hard Rock,288.5,under,-185,135,0.6491,0.6040,0.0747,0,0.7009,0.0517,0.0968,ev,multiplicative,live,202609189BE34D3B,2026-09-15T18:07:45.828Z
2026,2,13466,Dawson Knox,BUF,TE,vs DET,recYds,Hard Rock,42.5,under,-1600,650,0.9412,0.8759,0.0745,0,0.9920,0.0509,0.1161,ev,multiplicative,live,202609189BE34D3B,2026-09-15T18:07:45.828Z
2026,2,17732,Keon Coleman,BUF,WR,vs DET,recYds,theScore,29.5,over,275,,0.2667,0.2667,,1,0.3174,0.0507,0.0507,ev,none,live,202609189BE34D3B,2026-09-15T18:07:45.828Z
2026,2,16808,Jahmyr Gibbs,DET,RB,at BUF,recYds,Hard Rock,4.5,under,1100,-5000,0.0833,0.0783,0.0637,0,0.1339,0.0506,0.0556,ev,multiplicative,live,202609189BE34D3B,2026-09-15T18:07:45.828Z
2026,2,18514,Cam Skattebo,NYG,RB,at LAR,rushYds,Hard Rock,49.5,over,-115,-115,0.5349,0.5000,0.0698,0,0.5852,0.0504,0.0852,ev,multiplicative,live,202609222DD46A1C,2026-09-15T18:07:45.828Z
2026,2,12477,DJ Moore,BUF,WR,vs DET,recYds,Hard Rock,64.5,under,-140,100,0.5833,0.5385,0.0833,0,0.6335,0.0502,0.0951,ev,multiplicative,live,202609189BE34D3B,2026-09-15T18:07:45.828Z
2026,2,17732,Keon Coleman,BUF,WR,vs DET,recYds,FanDuel,39.5,over,488,,0.1701,0.1701,,1,0.2201,0.0500,0.0500,ev,none,live,202609189BE34D3B,2026-09-15T18:07:45.828Z
2026,2,15892,Khalil Shakir,BUF,WR,vs DET,recYds,theScore,69.5,over,275,,0.2667,0.2667,,1,0.3166,0.0499,0.0499,ev,none,live,202609189BE34D3B,2026-09-15T18:07:45.828Z
2026,2,13466,Dawson Knox,BUF,TE,vs DET,receptions,FanDuel,2.5,over,367,,0.2141,0.2141,,1,0.2634,0.0493,0.0493,ev,none,live,202609189BE34D3B,2026-09-15T18:07:45.828Z
2026,2,12483,Josh Allen,BUF,QB,vs DET,passYds,Caesars,249.5,under,-114,-114,0.5327,0.5000,0.0654,0,0.5820,0.0493,0.0820,ev,multiplicative,live,202609189BE34D3B,2026-09-15T18:07:45.828Z
2026,2,17732,Keon Coleman,BUF,WR,vs DET,recYds,Hard Rock,41.5,over,550,-1200,0.1538,0.1429,0.0769,0,0.2029,0.0491,0.0601,ev,multiplicative,live,202609189BE34D3B,2026-09-15T18:07:45.828Z
2026,2,16808,Jahmyr Gibbs,DET,RB,at BUF,rushYds,Caesars,139.5,over,380,,0.2083,0.2083,,1,0.2573,0.0489,0.0489,ev,none,live,202609189BE34D3B,2026-09-15T18:07:45.828Z
2026,2,15892,Khalil Shakir,BUF,WR,vs DET,receptions,Caesars,3.5,over,-193,,0.6587,0.6587,,1,0.7076,0.0489,0.0489,ev,none,live,202609189BE34D3B,2026-09-15T18:07:45.828Z
2026,2,15892,Khalil Shakir,BUF,WR,vs DET,recYds,DraftKings,24.5,over,-367,,0.7859,0.7859,,1,0.8347,0.0488,0.0488,ev,none,live,202609189BE34D3B,2026-09-15T18:07:45.828Z
2026,2,18642,Isaac TeSlaa,DET,WR,at BUF,recYds,Hard Rock,0.5,over,-375,250,0.7895,0.7343,0.0752,0,0.8382,0.0487,0.1040,ev,multiplicative,live,202609189BE34D3B,2026-09-15T18:07:45.828Z
2026,2,15946,Christian Watson,GB,WR,at NYJ,anytimeTD,DraftKings,0.5,over,145,,0.4082,0.4082,,1,0.4566,0.0485,0.0485,ev,none,live,202609207339899F,2026-09-15T18:07:45.828Z
2026,2,18574,Jaxson Dart,NYG,QB,at LAR,rushYds,Hard Rock,64.5,under,-1400,600,0.9333,0.8673,0.0762,0,0.9816,0.0483,0.1144,ev,multiplicative,live,202609222DD46A1C,2026-09-15T18:07:45.828Z
2026,2,12477,DJ Moore,BUF,WR,vs DET,receptions,DraftKings,6.5,over,406,,0.1976,0.1976,,1,0.2459,0.0482,0.0482,ev,none,live,202609189BE34D3B,2026-09-15T18:07:45.828Z
2026,2,13466,Dawson Knox,BUF,TE,vs DET,recYds,Hard Rock,17.5,over,130,-185,0.4348,0.4011,0.0839,0,0.4830,0.0482,0.0819,ev,multiplicative,live,202609189BE34D3B,2026-09-15T18:07:45.828Z
2026,2,15849,Jameson Williams,DET,WR,at BUF,receptions,BetRivers,5.5,over,310,,0.2439,0.2439,,1,0.2919,0.0480,0.0480,ev,none,live,202609189BE34D3B,2026-09-15T18:07:45.828Z
2026,2,18514,Cam Skattebo,NYG,RB,at LAR,rushYds,Hard Rock,54.5,over,110,-155,0.4762,0.4393,0.0840,0,0.5242,0.0480,0.0849,ev,multiplicative,live,202609222DD46A1C,2026-09-15T18:07:45.828Z
2026,2,17732,Keon Coleman,BUF,WR,vs DET,recYds,FanDuel,19.5,over,162,,0.3817,0.3817,,1,0.4293,0.0476,0.0476,ev,none,live,202609189BE34D3B,2026-09-15T18:07:45.828Z
2026,2,15892,Khalil Shakir,BUF,WR,vs DET,recYds,DraftKings,89.5,over,650,,0.1333,0.1333,,1,0.1810,0.0476,0.0476,ev,none,live,202609189BE34D3B,2026-09-15T18:07:45.828Z
2026,2,17732,Keon Coleman,BUF,WR,vs DET,recYds,Hard Rock,1.5,over,-325,220,0.7647,0.7099,0.0772,0,0.8121,0.0474,0.1022,ev,multiplicative,live,202609189BE34D3B,2026-09-15T18:07:45.828Z
2026,2,14416,Jalen Hurts,PHI,QB,at TEN,anytimeTD,Caesars,0.5,over,141,,0.4149,0.4149,,1,0.4621,0.0471,0.0471,ev,none,live,202609208AD46BE9,2026-09-15T18:07:45.828Z
2026,2,12483,Josh Allen,BUF,QB,vs DET,passYds,theScore,249.5,under,-115,-115,0.5349,0.5000,0.0698,0,0.5820,0.0471,0.0820,ev,multiplicative,live,202609189BE34D3B,2026-09-15T18:07:45.828Z
2026,2,15332,Amon-Ra St. Brown,DET,WR,at BUF,recYds,Hard Rock,110.5,under,-400,260,0.8000,0.7423,0.0778,0,0.8471,0.0471,0.1048,ev,multiplicative,live,202609189BE34D3B,2026-09-15T18:07:45.828Z
2026,2,12483,Josh Allen,BUF,QB,vs DET,rushYds,Hard Rock,65.5,under,-2000,650,0.9524,0.8772,0.0857,0,0.9995,0.0471,0.1223,ev,multiplicative,live,202609189BE34D3B,2026-09-15T18:07:45.828Z
2026,2,12483,Josh Allen,BUF,QB,vs DET,rushAtt,theScore,4.5,over,-500,,0.8333,0.8333,,1,0.8803,0.0470,0.0470,ev,none,live,202609189BE34D3B,2026-09-15T18:07:45.828Z
2026,2,15946,Christian Watson,GB,WR,at NYJ,anytimeTD,Caesars,0.5,over,144,,0.4098,0.4098,,1,0.4566,0.0468,0.0468,ev,none,live,202609207339899F,2026-09-15T18:07:45.828Z
2026,2,15447,Joshua Palmer,BUF,WR,vs DET,recYds,Hard Rock,48.5,under,-2000,700,0.9524,0.8840,0.0774,0,0.9992,0.0468,0.1152,ev,multiplicative,live,202609189BE34D3B,2026-09-15T18:07:45.828Z
2026,2,12483,Josh Allen,BUF,QB,vs DET,passYds,Hard Rock,238.5,under,110,-155,0.4762,0.4393,0.0840,0,0.5230,0.0468,0.0837,ev,multiplicative,live,202609189BE34D3B,2026-09-15T18:07:45.828Z
2026,2,16808,Jahmyr Gibbs,DET,RB,at BUF,rushYds,theScore,59.5,over,-475,,0.8261,0.8261,,1,0.8727,0.0466,0.0466,ev,none,live,202609189BE34D3B,2026-09-15T18:07:45.828Z
2026,2,16697,Dalton Kincaid,BUF,TE,vs DET,receptions,Caesars,3.5,over,-159,122,0.6139,0.5768,0.0644,0,0.6604,0.0465,0.0836,ev,multiplicative,live,202609189BE34D3B,2026-09-15T18:07:45.828Z
2026,2,15332,Amon-Ra St. Brown,DET,WR,at BUF,recYds,Hard Rock,115.5,under,-500,300,0.8333,0.7692,0.0833,0,0.8798,0.0465,0.1106,ev,multiplicative,live,202609189BE34D3B,2026-09-15T18:07:45.828Z
2026,2,17732,Keon Coleman,BUF,WR,vs DET,recYds,BetRivers,10.5,over,-118,-113,0.5413,0.5050,0.0718,0,0.5876,0.0463,0.0826,ev,multiplicative,live,202609189BE34D3B,2026-09-15T18:07:45.828Z
2026,2,13466,Dawson Knox,BUF,TE,vs DET,receptions,Caesars,2.5,over,360,,0.2174,0.2174,,1,0.2634,0.0461,0.0461,ev,none,live,202609189BE34D3B,2026-09-15T18:07:45.828Z
2026,2,13466,Dawson Knox,BUF,TE,vs DET,receptions,theScore,2.5,over,360,,0.2174,0.2174,,1,0.2634,0.0461,0.0461,ev,none,live,202609189BE34D3B,2026-09-15T18:07:45.828Z
2026,2,15892,Khalil Shakir,BUF,WR,vs DET,receptions,DraftKings,2.5,over,-453,,0.8192,0.8192,,1,0.8651,0.0460,0.0460,ev,none,live,202609189BE34D3B,2026-09-15T18:07:45.828Z
2026,2,15807,Kyren Williams,LAR,RB,vs NYG,rushYds,Hard Rock,39.5,over,-550,325,0.8462,0.7824,0.0814,0,0.8921,0.0459,0.1096,ev,multiplicative,live,202609222DD46A1C,2026-09-15T18:07:45.828Z
2026,2,10729,Jared Goff,DET,QB,at BUF,passYds,Hard Rock,299.5,under,-240,170,0.7059,0.6559,0.0763,0,0.7516,0.0457,0.0958,ev,multiplicative,live,202609189BE34D3B,2026-09-15T18:07:45.828Z
2026,2,16697,Dalton Kincaid,BUF,TE,vs DET,recYds,Hard Rock,99.5,under,-1400,575,0.9333,0.8630,0.0815,0,0.9790,0.0457,0.1160,ev,multiplicative,live,202609189BE34D3B,2026-09-15T18:07:45.828Z
2026,2,12483,Josh Allen,BUF,QB,vs DET,rushAtt,DraftKings,3.5,over,-1320,,0.9296,0.9296,,1,0.9750,0.0455,0.0455,ev,none,live,202609189BE34D3B,2026-09-15T18:07:45.828Z
2026,2,15892,Khalil Shakir,BUF,WR,vs DET,recYds,FanDuel,89.5,over,637,,0.1357,0.1357,,1,0.1810,0.0453,0.0453,ev,none,live,202609189BE34D3B,2026-09-15T18:07:45.828Z
2026,2,15332,Amon-Ra St. Brown,DET,WR,at BUF,receptions,Hard Rock,7.5,under,-120,-110,0.5455,0.5101,0.0693,0,0.5906,0.0452,0.0805,ev,multiplicative,live,202609189BE34D3B,2026-09-15T18:07:45.828Z
2026,2,15876,James Cook,BUF,RB,vs DET,rushYds,Hard Rock,58.5,over,-300,200,0.7500,0.6923,0.0833,0,0.7952,0.0452,0.1029,ev,multiplicative,live,202609189BE34D3B,2026-09-15T18:07:45.828Z
2026,2,16808,Jahmyr Gibbs,DET,RB,at BUF,recYds,Hard Rock,59.5,under,-1300,575,0.9286,0.8624,0.0767,0,0.9737,0.0451,0.1113,ev,multiplicative,live,202609189BE34D3B,2026-09-15T18:07:45.828Z
2026,2,16697,Dalton Kincaid,BUF,TE,vs DET,receptions,theScore,3.5,over,-160,125,0.6154,0.5806,0.0598,0,0.6604,0.0450,0.0797,ev,multiplicative,live,202609189BE34D3B,2026-09-15T18:07:45.828Z
2026,2,16808,Jahmyr Gibbs,DET,RB,at BUF,recYds,Hard Rock,9.5,under,525,-1200,0.1600,0.1477,0.0831,0,0.2047,0.0447,0.0570,ev,multiplicative,live,202609189BE34D3B,2026-09-15T18:07:45.828Z
2026,2,15332,Amon-Ra St. Brown,DET,WR,at BUF,recYds,Hard Rock,105.5,under,-325,220,0.7647,0.7099,0.0772,0,0.8090,0.0443,0.0991,ev,multiplicative,live,202609189BE34D3B,2026-09-15T18:07:45.828Z
2026,2,15892,Khalil Shakir,BUF,WR,vs DET,recYds,DraftKings,59.5,over,183,,0.3534,0.3534,,1,0.3974,0.0440,0.0440,ev,none,live,202609189BE34D3B,2026-09-15T18:07:45.828Z
2026,2,12483,Josh Allen,BUF,QB,vs DET,passYds,FanDuel,248.5,under,-114,-114,0.5327,0.5000,0.0654,0,0.5767,0.0439,0.0767,ev,multiplicative,live,202609189BE34D3B,2026-09-15T18:07:45.828Z
2026,2,15876,James Cook,BUF,RB,vs DET,rushYds,Hard Rock,53.5,over,-400,260,0.8000,0.7423,0.0778,0,0.8439,0.0439,0.1016,ev,multiplicative,live,202609189BE34D3B,2026-09-15T18:07:45.828Z
2026,2,15892,Khalil Shakir,BUF,WR,vs DET,recYds,theScore,79.5,over,400,,0.2000,0.2000,,1,0.2437,0.0437,0.0437,ev,none,live,202609189BE34D3B,2026-09-15T18:07:45.828Z
2026,2,16697,Dalton Kincaid,BUF,TE,vs DET,recYds,Hard Rock,100.5,under,-1500,600,0.9375,0.8678,0.0804,0,0.9811,0.0436,0.1133,ev,multiplicative,live,202609189BE34D3B,2026-09-15T18:07:45.828Z
2026,2,15892,Khalil Shakir,BUF,WR,vs DET,recYds,Hard Rock,29.5,over,-275,190,0.7333,0.6802,0.0782,0,0.7768,0.0435,0.0967,ev,multiplicative,live,202609189BE34D3B,2026-09-15T18:07:45.828Z
2026,2,17033,Sam LaPorta,DET,TE,at BUF,recYds,Hard Rock,99.5,under,-2200,700,0.9565,0.8844,0.0815,0,0.9997,0.0432,0.1153,ev,multiplicative,live,202609189BE34D3B,2026-09-15T18:07:45.828Z
2026,2,15892,Khalil Shakir,BUF,WR,vs DET,recYds,Caesars,89.5,over,625,,0.1379,0.1379,,1,0.1810,0.0431,0.0431,ev,none,live,202609189BE34D3B,2026-09-15T18:07:45.828Z
2026,2,18642,Isaac TeSlaa,DET,WR,at BUF,recYds,Hard Rock,55.5,under,-2200,750,0.9565,0.8905,0.0742,0,0.9995,0.0430,0.1090,ev,multiplicative,live,202609189BE34D3B,2026-09-15T18:07:45.828Z
2026,2,15447,Joshua Palmer,BUF,WR,vs DET,recYds,Hard Rock,49.5,under,-2200,650,0.9565,0.8777,0.0899,0,0.9994,0.0429,0.1218,ev,multiplicative,live,202609189BE34D3B,2026-09-15T18:07:45.828Z
2026,2,18574,Jaxson Dart,NYG,QB,at LAR,rushYds,Hard Rock,65.5,under,-1600,600,0.9412,0.8682,0.0840,0,0.9841,0.0429,0.1159,ev,multiplicative,live,202609222DD46A1C,2026-09-15T18:07:45.828Z
2026,2,15892,Khalil Shakir,BUF,WR,vs DET,recYds,Hard Rock,34.5,over,-200,145,0.6667,0.6203,0.0748,0,0.7089,0.0423,0.0887,ev,multiplicative,live,202609189BE34D3B,2026-09-15T18:07:45.828Z
2026,2,16697,Dalton Kincaid,BUF,TE,vs DET,receptions,FanDuel,3.5,over,-162,122,0.6183,0.5785,0.0688,0,0.6604,0.0421,0.0818,ev,multiplicative,live,202609189BE34D3B,2026-09-15T18:07:45.828Z
2026,2,16697,Dalton Kincaid,BUF,TE,vs DET,receptions,BetRivers,3.5,over,-162,,0.6183,0.6183,,1,0.6604,0.0421,0.0421,ev,none,live,202609189BE34D3B,2026-09-15T18:07:45.828Z
2026,2,16697,Dalton Kincaid,BUF,TE,vs DET,recYds,Hard Rock,10.5,under,1000,-4000,0.0909,0.0852,0.0665,0,0.1330,0.0421,0.0478,ev,multiplicative,live,202609189BE34D3B,2026-09-15T18:07:45.828Z
2026,2,12477,DJ Moore,BUF,WR,vs DET,recYds,theScore,59.5,under,100,-125,0.5000,0.4737,0.0556,0,0.5420,0.0420,0.0684,ev,multiplicative,live,202609189BE34D3B,2026-09-15T18:07:45.828Z
2026,2,12483,Josh Allen,BUF,QB,vs DET,rushYds,DraftKings,14.5,over,-484,,0.8288,0.8288,,1,0.8706,0.0418,0.0418,ev,none,live,202609189BE34D3B,2026-09-15T18:07:45.828Z
2026,2,12483,Josh Allen,BUF,QB,vs DET,passYds,Hard Rock,248.5,under,-115,-115,0.5349,0.5000,0.0698,0,0.5767,0.0418,0.0767,ev,multiplicative,live,202609189BE34D3B,2026-09-15T18:07:45.828Z
2026,2,15876,James Cook,BUF,RB,vs DET,rushYds,Hard Rock,63.5,over,-230,160,0.6970,0.6444,0.0816,0,0.7385,0.0416,0.0941,ev,multiplicative,live,202609189BE34D3B,2026-09-15T18:07:45.828Z
2026,2,10729,Jared Goff,DET,QB,at BUF,passYds,Hard Rock,298.5,under,-240,165,0.7059,0.6516,0.0832,0,0.7472,0.0413,0.0956,ev,multiplicative,live,202609189BE34D3B,2026-09-15T18:07:45.828Z
2026,2,13466,Dawson Knox,BUF,TE,vs DET,receptions,Hard Rock,2.5,over,350,,0.2222,0.2222,,1,0.2634,0.0412,0.0412,ev,none,live,202609189BE34D3B,2026-09-15T18:07:45.828Z
2026,2,15332,Amon-Ra St. Brown,DET,WR,at BUF,recYds,theScore,84.5,under,-125,-105,0.5556,0.5203,0.0678,0,0.5966,0.0411,0.0763,ev,multiplicative,live,202609189BE34D3B,2026-09-15T18:07:45.828Z
2026,2,17704,Malik Nabers,NYG,WR,at LAR,receptions,Hard Rock,7.5,over,275,,0.2667,0.2667,,1,0.3078,0.0411,0.0411,ev,none,live,202609222DD46A1C,2026-09-15T18:07:45.828Z
2026,2,15849,Jameson Williams,DET,WR,at BUF,receptions,DraftKings,6.5,over,554,,0.1529,0.1529,,1,0.1937,0.0408,0.0408,ev,none,live,202609189BE34D3B,2026-09-15T18:07:45.828Z
2026,2,12483,Josh Allen,BUF,QB,vs DET,completions,DraftKings,27.5,over,930,,0.0971,0.0971,,1,0.1379,0.0408,0.0408,ev,none,live,202609189BE34D3B,2026-09-15T18:07:45.828Z
2026,2,15892,Khalil Shakir,BUF,WR,vs DET,recYds,DraftKings,39.5,over,-145,,0.5918,0.5918,,1,0.6327,0.0408,0.0408,ev,none,live,202609189BE34D3B,2026-09-15T18:07:45.828Z
2026,2,15332,Amon-Ra St. Brown,DET,WR,at BUF,recYds,Hard Rock,125.5,under,-800,425,0.8889,0.8235,0.0794,0,0.9297,0.0408,0.1062,ev,multiplicative,live,202609189BE34D3B,2026-09-15T18:07:45.828Z
2026,2,15332,Amon-Ra St. Brown,DET,WR,at BUF,recYds,Hard Rock,120.5,under,-650,375,0.8667,0.8046,0.0772,0,0.9072,0.0405,0.1027,ev,multiplicative,live,202609189BE34D3B,2026-09-15T18:07:45.828Z
2026,2,15892,Khalil Shakir,BUF,WR,vs DET,recYds,BetRivers,59.5,over,180,,0.3571,0.3571,,1,0.3974,0.0402,0.0402,ev,none,live,202609189BE34D3B,2026-09-15T18:07:45.828Z
2026,2,18522,RJ Harvey,DEN,RB,vs JAX,anytimeTD,DraftKings,0.5,over,230,,0.3030,0.3030,,1,0.3430,0.0399,0.0399,ev,none,live,20260920631848F6,2026-09-15T18:07:45.828Z
2026,2,18642,Isaac TeSlaa,DET,WR,at BUF,recYds,Hard Rock,25.5,under,-240,165,0.7059,0.6516,0.0832,0,0.7458,0.0399,0.0941,ev,multiplicative,live,202609189BE34D3B,2026-09-15T18:07:45.828Z
2026,2,13536,Terry McLaurin,WAS,WR,at DAL,anytimeTD,Caesars,0.5,over,210,,0.3226,0.3226,,1,0.3624,0.0398,0.0398,ev,none,live,2026092061BDEC96,2026-09-15T18:07:45.828Z
2026,2,15876,James Cook,BUF,RB,vs DET,rushYds,DraftKings,59.5,over,-292,,0.7449,0.7449,,1,0.7845,0.0396,0.0396,ev,none,live,202609189BE34D3B,2026-09-15T18:07:45.828Z
2026,2,10729,Jared Goff,DET,QB,at BUF,passYds,Hard Rock,308.5,under,-300,210,0.7500,0.6992,0.0726,0,0.7895,0.0395,0.0902,ev,multiplicative,live,202609189BE34D3B,2026-09-15T18:07:45.828Z
2026,2,15892,Khalil Shakir,BUF,WR,vs DET,recYds,FanDuel,59.5,over,179,,0.3584,0.3584,,1,0.3974,0.0389,0.0389,ev,none,live,202609189BE34D3B,2026-09-15T18:07:45.828Z
2026,2,16697,Dalton Kincaid,BUF,TE,vs DET,receptions,FanDuel,8.5,over,1398,,0.0668,0.0668,,1,0.1057,0.0389,0.0389,ev,none,live,202609189BE34D3B,2026-09-15T18:07:45.828Z
2026,2,12477,DJ Moore,BUF,WR,vs DET,receptions,DraftKings,7.5,over,760,,0.1163,0.1163,,1,0.1551,0.0388,0.0388,ev,none,live,202609189BE34D3B,2026-09-15T18:07:45.828Z
2026,2,12483,Josh Allen,BUF,QB,vs DET,completions,DraftKings,25.5,over,484,,0.1712,0.1712,,1,0.2100,0.0388,0.0388,ev,none,live,202609189BE34D3B,2026-09-15T18:07:45.828Z
2026,2,15332,Amon-Ra St. Brown,DET,WR,at BUF,recYds,Hard Rock,130.5,under,-1000,500,0.9091,0.8451,0.0758,0,0.9478,0.0387,0.1027,ev,multiplicative,live,202609189BE34D3B,2026-09-15T18:07:45.828Z
2026,2,13610,T.J. Hockenson,MIN,TE,at CHI,anytimeTD,BetMGM,0.5,over,425,,0.1905,0.1905,,1,0.2289,0.0385,0.0385,ev,none,live,20260920AEBD0307,2026-09-15T18:07:45.828Z
2026,2,10729,Jared Goff,DET,QB,at BUF,anytimeTD,BetMGM,0.5,over,2500,,0.0385,0.0385,,1,0.0769,0.0384,0.0384,ev,none,live,202609189BE34D3B,2026-09-15T18:07:45.828Z
2026,2,17732,Keon Coleman,BUF,WR,vs DET,recYds,Caesars,39.5,over,450,,0.1818,0.1818,,1,0.2201,0.0383,0.0383,ev,none,live,202609189BE34D3B,2026-09-15T18:07:45.828Z
2026,2,17732,Keon Coleman,BUF,WR,vs DET,recYds,theScore,39.5,over,450,,0.1818,0.1818,,1,0.2201,0.0383,0.0383,ev,none,live,202609189BE34D3B,2026-09-15T18:07:45.828Z
2026,2,17732,Keon Coleman,BUF,WR,vs DET,receptions,BetRivers,1.5,over,150,,0.4000,0.4000,,1,0.4382,0.0382,0.0382,ev,none,live,202609189BE34D3B,2026-09-15T18:07:45.828Z
2026,2,16808,Jahmyr Gibbs,DET,RB,at BUF,rushYds,DraftKings,149.5,over,565,,0.1504,0.1504,,1,0.1886,0.0382,0.0382,ev,none,live,202609189BE34D3B,2026-09-15T18:07:45.828Z
2026,2,15892,Khalil Shakir,BUF,WR,vs DET,recYds,theScore,89.5,over,600,,0.1429,0.1429,,1,0.1810,0.0381,0.0381,ev,none,live,202609189BE34D3B,2026-09-15T18:07:45.828Z
2026,2,16697,Dalton Kincaid,BUF,TE,vs DET,receptions,Hard Rock,3.5,over,-165,125,0.6226,0.5835,0.0671,0,0.6604,0.0377,0.0769,ev,multiplicative,live,202609189BE34D3B,2026-09-15T18:07:45.828Z
2026,2,18574,Jaxson Dart,NYG,QB,at LAR,rushYds,Hard Rock,35.5,under,-165,120,0.6226,0.5780,0.0772,0,0.6601,0.0374,0.0821,ev,multiplicative,live,202609222DD46A1C,2026-09-15T18:07:45.828Z
2026,2,17732,Keon Coleman,BUF,WR,vs DET,recYds,DraftKings,49.5,over,850,,0.1053,0.1053,,1,0.1426,0.0373,0.0373,ev,none,live,202609189BE34D3B,2026-09-15T18:07:45.828Z
2026,2,17732,Keon Coleman,BUF,WR,vs DET,recYds,theScore,19.5,over,155,,0.3922,0.3922,,1,0.4293,0.0372,0.0372,ev,none,live,202609189BE34D3B,2026-09-15T18:07:45.828Z
2026,2,15332,Amon-Ra St. Brown,DET,WR,at BUF,receptions,Caesars,7.5,under,-124,-105,0.5536,0.5194,0.0658,0,0.5906,0.0370,0.0712,ev,multiplicative,live,202609189BE34D3B,2026-09-15T18:07:45.828Z
2026,2,16895,Jordan Addison,MIN,WR,at CHI,anytimeTD,BetMGM,0.5,over,220,,0.3125,0.3125,,1,0.3495,0.0370,0.0370,ev,none,live,20260920AEBD0307,2026-09-15T18:07:45.828Z
2026,2,12483,Josh Allen,BUF,QB,vs DET,passYds,Hard Rock,249.5,under,-120,-115,0.5455,0.5049,0.0803,0,0.5820,0.0365,0.0771,ev,multiplicative,live,202609189BE34D3B,2026-09-15T18:07:45.828Z
2026,2,18514,Cam Skattebo,NYG,RB,at LAR,rushYds,Hard Rock,44.5,over,-155,115,0.6078,0.5665,0.0730,0,0.6443,0.0365,0.0778,ev,multiplicative,live,202609222DD46A1C,2026-09-15T18:07:45.828Z
2026,2,18547,Tetairoa McMillan,CAR,WR,at ATL,anytimeTD,DraftKings,0.5,over,190,,0.3448,0.3448,,1,0.3812,0.0364,0.0364,ev,none,live,20260920E9718F0E,2026-09-15T18:07:45.828Z
2026,2,15876,James Cook,BUF,RB,vs DET,rushYds,DraftKings,49.5,over,-528,,0.8408,0.8408,,1,0.8768,0.0360,0.0360,ev,none,live,202609189BE34D3B,2026-09-15T18:07:45.828Z
2026,2,18574,Jaxson Dart,NYG,QB,at LAR,passTD,Hard Rock,2.5,over,650,,0.1333,0.1333,,1,0.1689,0.0356,0.0356,ev,none,live,202609222DD46A1C,2026-09-15T18:07:45.828Z
2026,2,16697,Dalton Kincaid,BUF,TE,vs DET,recYds,Hard Rock,70.5,under,-300,200,0.7500,0.6923,0.0833,0,0.7855,0.0355,0.0932,ev,multiplicative,live,202609189BE34D3B,2026-09-15T18:07:45.828Z
2026,2,15892,Khalil Shakir,BUF,WR,vs DET,recYds,Caesars,79.5,over,380,,0.2083,0.2083,,1,0.2437,0.0354,0.0354,ev,none,live,202609189BE34D3B,2026-09-15T18:07:45.828Z
2026,2,15849,Jameson Williams,DET,WR,at BUF,recYds,Hard Rock,83.5,under,-325,210,0.7647,0.7033,0.0873,0,0.8001,0.0354,0.0968,ev,multiplicative,live,202609189BE34D3B,2026-09-15T18:07:45.828Z
2026,2,18522,RJ Harvey,DEN,RB,vs JAX,anytimeTD,Caesars,0.5,over,225,,0.3077,0.3077,,1,0.3430,0.0353,0.0353,ev,none,live,20260920631848F6,2026-09-15T18:07:45.828Z
2026,2,18522,RJ Harvey,DEN,RB,vs JAX,anytimeTD,theScore,0.5,over,225,,0.3077,0.3077,,1,0.3430,0.0353,0.0353,ev,none,live,20260920631848F6,2026-09-15T18:07:45.828Z
2026,2,15807,Kyren Williams,LAR,RB,vs NYG,rushYds,Hard Rock,37.5,over,-650,375,0.8667,0.8046,0.0772,0,0.9020,0.0353,0.0974,ev,multiplicative,live,202609222DD46A1C,2026-09-15T18:07:45.828Z
2026,2,15892,Khalil Shakir,BUF,WR,vs DET,recYds,DraftKings,99.5,over,960,,0.0943,0.0943,,1,0.1295,0.0352,0.0352,ev,none,live,202609189BE34D3B,2026-09-15T18:07:45.828Z
2026,2,15332,Amon-Ra St. Brown,DET,WR,at BUF,receptions,FanDuel,7.5,under,-125,-106,0.5556,0.5192,0.0701,0,0.5906,0.0351,0.0715,ev,multiplicative,live,202609189BE34D3B,2026-09-15T18:07:45.828Z
2026,2,15332,Amon-Ra St. Brown,DET,WR,at BUF,receptions,theScore,7.5,under,-125,-105,0.5556,0.5203,0.0678,0,0.5906,0.0351,0.0703,ev,multiplicative,live,202609189BE34D3B,2026-09-15T18:07:45.828Z
2026,2,15849,Jameson Williams,DET,WR,at BUF,receptions,FanDuel,3.5,under,142,-192,0.4132,0.3859,0.0708,0,0.4483,0.0350,0.0623,ev,multiplicative,live,202609189BE34D3B,2026-09-15T18:07:45.828Z
2026,2,12483,Josh Allen,BUF,QB,vs DET,rushYds,FanDuel,29.5,under,-114,-114,0.5327,0.5000,0.0654,0,0.5677,0.0350,0.0677,ev,multiplicative,live,202609189BE34D3B,2026-09-15T18:07:45.828Z
2026,2,17732,Keon Coleman,BUF,WR,vs DET,recYds,Caesars,11.5,over,-110,-118,0.5238,0.4918,0.0651,0,0.5587,0.0349,0.0669,ev,multiplicative,live,202609189BE34D3B,2026-09-15T18:07:45.828Z
2026,2,16808,Jahmyr Gibbs,DET,RB,at BUF,rushYds,Caesars,149.5,over,550,,0.1538,0.1538,,1,0.1886,0.0348,0.0348,ev,none,live,202609189BE34D3B,2026-09-15T18:07:45.828Z
2026,2,15892,Khalil Shakir,BUF,WR,vs DET,recYds,Hard Rock,24.5,over,-400,260,0.8000,0.7423,0.0778,0,0.8347,0.0347,0.0924,ev,multiplicative,live,202609189BE34D3B,2026-09-15T18:07:45.828Z
2026,2,17732,Keon Coleman,BUF,WR,vs DET,recYds,FanDuel,9.5,over,-139,,0.5816,0.5816,,1,0.6161,0.0345,0.0345,ev,none,live,202609189BE34D3B,2026-09-15T18:07:45.828Z
2026,2,16808,Jahmyr Gibbs,DET,RB,at BUF,rushYds,FanDuel,149.5,over,549,,0.1541,0.1541,,1,0.1886,0.0345,0.0345,ev,none,live,202609189BE34D3B,2026-09-15T18:07:45.828Z
2026,2,17732,Keon Coleman,BUF,WR,vs DET,recYds,Caesars,9.5,over,-139,,0.5816,0.5816,,1,0.6161,0.0345,0.0345,ev,none,live,202609189BE34D3B,2026-09-15T18:07:45.828Z
2026,2,16808,Jahmyr Gibbs,DET,RB,at BUF,anytimeTD,BetMGM,0.5,over,-275,,0.7333,0.7333,,1,0.7678,0.0344,0.0344,ev,none,live,202609189BE34D3B,2026-09-15T18:07:45.828Z
2026,2,16808,Jahmyr Gibbs,DET,RB,at BUF,anytimeTD,theScore,0.5,over,-275,,0.7333,0.7333,,1,0.7678,0.0344,0.0344,ev,none,live,202609189BE34D3B,2026-09-15T18:07:45.828Z
2026,2,15849,Jameson Williams,DET,WR,at BUF,receptions,DraftKings,7.5,over,1080,,0.0847,0.0847,,1,0.1188,0.0340,0.0340,ev,none,live,202609189BE34D3B,2026-09-15T18:07:45.828Z
2026,2,15332,Amon-Ra St. Brown,DET,WR,at BUF,recYds,Hard Rock,99.5,under,-260,180,0.7222,0.6691,0.0794,0,0.7562,0.0340,0.0871,ev,multiplicative,live,202609189BE34D3B,2026-09-15T18:07:45.828Z
2026,2,15876,James Cook,BUF,RB,vs DET,rushYds,Hard Rock,64.5,over,-225,160,0.6923,0.6429,0.0769,0,0.7263,0.0340,0.0834,ev,multiplicative,live,202609189BE34D3B,2026-09-15T18:07:45.828Z
2026,2,17690,Blake Corum,LAR,RB,vs NYG,rushYds,Hard Rock,13.5,over,-2200,700,0.9565,0.8844,0.0815,0,0.9904,0.0339,0.1060,ev,multiplicative,live,202609222DD46A1C,2026-09-15T18:07:45.828Z
2026,2,16808,Jahmyr Gibbs,DET,RB,at BUF,rushYds,Caesars,39.5,over,-1000,,0.9091,0.9091,,1,0.9429,0.0338,0.0338,ev,none,live,202609189BE34D3B,2026-09-15T18:07:45.828Z
2026,2,15892,Khalil Shakir,BUF,WR,vs DET,recYds,theScore,59.5,over,175,,0.3636,0.3636,,1,0.3974,0.0337,0.0337,ev,none,live,202609189BE34D3B,2026-09-15T18:07:45.828Z
2026,2,15892,Khalil Shakir,BUF,WR,vs DET,recYds,Hard Rock,64.5,over,210,-300,0.3226,0.3008,0.0726,0,0.3562,0.0336,0.0554,ev,multiplicative,live,202609189BE34D3B,2026-09-15T18:07:45.828Z
2026,2,12483,Josh Allen,BUF,QB,vs DET,rushYds,DraftKings,9.5,over,-980,,0.9074,0.9074,,1,0.9409,0.0334,0.0334,ev,none,live,202609189BE34D3B,2026-09-15T18:07:45.828Z
2026,2,15876,James Cook,BUF,RB,vs DET,rushYds,FanDuel,59.5,over,-302,,0.7512,0.7512,,1,0.7845,0.0333,0.0333,ev,none,live,202609189BE34D3B,2026-09-15T18:07:45.828Z
2026,2,15849,Jameson Williams,DET,WR,at BUF,recYds,DraftKings,39.5,over,-242,,0.7076,0.7076,,1,0.7405,0.0329,0.0329,ev,none,live,202609189BE34D3B,2026-09-15T18:07:45.828Z
2026,2,17732,Keon Coleman,BUF,WR,vs DET,recYds,theScore,9.5,over,-140,,0.5833,0.5833,,1,0.6161,0.0327,0.0327,ev,none,live,202609189BE34D3B,2026-09-15T18:07:45.828Z
2026,2,15849,Jameson Williams,DET,WR,at BUF,recYds,Hard Rock,79.5,under,-260,185,0.7222,0.6730,0.0731,0,0.7546,0.0324,0.0816,ev,multiplicative,live,202609189BE34D3B,2026-09-15T18:07:45.828Z
2026,2,15876,James Cook,BUF,RB,vs DET,rushYds,Hard Rock,48.5,over,-575,350,0.8519,0.7931,0.0741,0,0.8842,0.0323,0.0911,ev,multiplicative,live,202609189BE34D3B,2026-09-15T18:07:45.828Z
2026,2,15332,Amon-Ra St. Brown,DET,WR,at BUF,recYds,Hard Rock,100.5,under,-275,185,0.7333,0.6764,0.0842,0,0.7655,0.0322,0.0892,ev,multiplicative,live,202609189BE34D3B,2026-09-15T18:07:45.828Z
2026,2,12483,Josh Allen,BUF,QB,vs DET,rushYds,Hard Rock,70.5,under,-3000,850,0.9677,0.9019,0.0730,0,0.9999,0.0322,0.0980,ev,multiplicative,live,202609189BE34D3B,2026-09-15T18:07:45.828Z
2026,2,15447,Joshua Palmer,BUF,WR,vs DET,recYds,Hard Rock,53.5,under,-3000,850,0.9677,0.9019,0.0730,0,0.9998,0.0321,0.0979,ev,multiplicative,live,202609189BE34D3B,2026-09-15T18:07:45.828Z
2026,2,15892,Khalil Shakir,BUF,WR,vs DET,receptions,Caesars,2.5,over,-500,,0.8333,0.8333,,1,0.8651,0.0318,0.0318,ev,none,live,202609189BE34D3B,2026-09-15T18:07:45.828Z
2026,2,12483,Josh Allen,BUF,QB,vs DET,completions,Caesars,20.5,under,-103,-129,0.5074,0.4739,0.0707,0,0.5389,0.0316,0.0651,ev,multiplicative,live,202609189BE34D3B,2026-09-15T18:07:45.828Z
2026,2,15876,James Cook,BUF,RB,vs DET,rushYds,Caesars,69.5,over,-170,,0.6296,0.6296,,1,0.6612,0.0316,0.0316,ev,none,live,202609189BE34D3B,2026-09-15T18:07:45.828Z
2026,2,18547,Tetairoa McMillan,CAR,WR,at ATL,anytimeTD,Caesars,0.5,over,186,,0.3497,0.3497,,1,0.3812,0.0316,0.0316,ev,none,live,20260920E9718F0E,2026-09-15T18:07:45.828Z
2026,2,13466,Dawson Knox,BUF,TE,vs DET,recYds,Hard Rock,49.5,under,-3000,900,0.9677,0.9063,0.0677,0,0.9989,0.0312,0.0926,ev,multiplicative,live,202609189BE34D3B,2026-09-15T18:07:45.828Z
2026,2,15849,Jameson Williams,DET,WR,at BUF,recYds,DraftKings,49.5,over,-154,,0.6063,0.6063,,1,0.6374,0.0311,0.0311,ev,none,live,202609189BE34D3B,2026-09-15T18:07:45.828Z
2026,2,12483,Josh Allen,BUF,QB,vs DET,completions,theScore,24.5,over,350,,0.2222,0.2222,,1,0.2532,0.0309,0.0309,ev,none,live,202609189BE34D3B,2026-09-15T18:07:45.828Z
2026,2,15892,Khalil Shakir,BUF,WR,vs DET,recYds,Hard Rock,69.5,over,250,-400,0.2857,0.2632,0.0857,0,0.3166,0.0309,0.0534,ev,multiplicative,live,202609189BE34D3B,2026-09-15T18:07:45.828Z
2026,2,16898,Kendre Miller,NO,RB,at BAL,anytimeTD,BetMGM,0.5,over,500,,0.1667,0.1667,,1,0.1975,0.0308,0.0308,ev,none,live,20260920941629C7,2026-09-15T18:07:45.828Z
2026,2,17732,Keon Coleman,BUF,WR,vs DET,recYds,Hard Rock,6.5,over,-200,140,0.6667,0.6154,0.0833,0,0.6973,0.0306,0.0819,ev,multiplicative,live,202609189BE34D3B,2026-09-15T18:07:45.828Z
2026,2,16697,Dalton Kincaid,BUF,TE,vs DET,recYds,Hard Rock,15.5,under,650,-1600,0.1333,0.1241,0.0745,0,0.1639,0.0306,0.0399,ev,multiplicative,live,202609189BE34D3B,2026-09-15T18:07:45.828Z
2026,2,15876,James Cook,BUF,RB,vs DET,rushYds,Hard Rock,49.5,over,-550,300,0.8462,0.7719,0.0962,0,0.8768,0.0306,0.1049,ev,multiplicative,live,202609189BE34D3B,2026-09-15T18:07:45.828Z
2026,2,13466,Dawson Knox,BUF,TE,vs DET,recYds,Hard Rock,47.5,under,-3000,800,0.9677,0.8970,0.0789,0,0.9980,0.0303,0.1010,ev,multiplicative,live,202609189BE34D3B,2026-09-15T18:07:45.828Z
2026,2,17732,Keon Coleman,BUF,WR,vs DET,recYds,Hard Rock,46.5,over,650,-2000,0.1333,0.1228,0.0857,0,0.1636,0.0303,0.0408,ev,multiplicative,live,202609189BE34D3B,2026-09-15T18:07:45.828Z
2026,2,18547,Tetairoa McMillan,CAR,WR,at ATL,anytimeTD,theScore,0.5,over,185,,0.3509,0.3509,,1,0.3812,0.0303,0.0303,ev,none,live,20260920E9718F0E,2026-09-15T18:07:45.828Z
2026,2,15876,James Cook,BUF,RB,vs DET,rushYds,FanDuel,49.5,over,-552,,0.8466,0.8466,,1,0.8768,0.0302,0.0302,ev,none,live,202609189BE34D3B,2026-09-15T18:07:45.828Z
2026,2,12477,DJ Moore,BUF,WR,vs DET,receptions,Caesars,7.5,over,700,,0.1250,0.1250,,1,0.1551,0.0301,0.0301,ev,none,live,202609189BE34D3B,2026-09-15T18:07:45.828Z
2026,2,15892,Khalil Shakir,BUF,WR,vs DET,receptions,BetRivers,3.5,over,-210,,0.6774,0.6774,,1,0.7076,0.0301,0.0301,ev,none,live,202609189BE34D3B,2026-09-15T18:07:45.828Z
2026,2,15892,Khalil Shakir,BUF,WR,vs DET,receptions,Hard Rock,3.5,over,-210,,0.6774,0.6774,,1,0.7076,0.0301,0.0301,ev,none,live,202609189BE34D3B,2026-09-15T18:07:45.828Z
