Season,Week,PlayerID,Name,Team,Pos,Opp,Stat,Book,Line,Side,Proj,Odds,OppositeOdds,ImpliedProb,FairProb,Hold,OneSided,OurProb,Edge,ModelEdge,EdgeBasis,DevigMethod,PriceModel,Slot,Bettable,LineSource,FixtureID,CapturedAt
2026,1,15372,Rhamondre Stevenson,NE,RB,at SEA,rushAtt,DraftKings,14.5,over,16.66,-122,-104,0.5495,0.5188,0.0594,0,0.7883,0.2387,0.2695,ev,multiplicative,projection,closing,1,closing,20260910B2546DE0,2026-10-08T15:34:16.604Z
2026,1,15372,Rhamondre Stevenson,NE,RB,at SEA,rushAtt,Caesars,14.5,over,16.66,-135,102,0.5745,0.5371,0.0695,0,0.7883,0.2138,0.2512,ev,multiplicative,projection,closing,1,closing,20260910B2546DE0,2026-10-08T15:34:16.604Z
2026,1,12490,Sam Darnold,SEA,QB,vs NE,rushAtt,Hard Rock,1.5,over,2.92,-190,,0.6552,0.6552,,1,0.8673,0.2121,0.2121,ev,none,projection,closing,1,closing,20260910B2546DE0,2026-10-08T15:34:16.604Z
2026,1,17673,Drake Maye,NE,QB,at SEA,passAtt,theScore,25.5,over,32.47,-105,-125,0.5122,0.4797,0.0678,0,0.7221,0.2099,0.2424,ev,multiplicative,projection,closing,1,closing,20260910B2546DE0,2026-10-08T15:34:16.604Z
2026,1,17811,AJ Barner,SEA,TE,vs NE,receptions,FanDuel,3.5,over,3.77,172,,0.3676,0.3676,,1,0.5715,0.2039,0.2039,ev,none,projection,closing,1,closing,20260910B2546DE0,2026-10-08T15:34:16.604Z
2026,1,17811,AJ Barner,SEA,TE,vs NE,receptions,BetRivers,3.5,over,3.77,170,,0.3704,0.3704,,1,0.5715,0.2012,0.2012,ev,none,projection,closing,1,closing,20260910B2546DE0,2026-10-08T15:34:16.604Z
2026,1,10854,Tyler Higbee,LAR,TE,vs SF,recYds,Hard Rock,10.5,under,9.19,155,-220,0.3922,0.3632,0.0797,0,0.5898,0.1977,0.2266,ev,multiplicative,projection,closing,1,closing,20260911F39A2BD0,2026-10-08T15:34:16.604Z
2026,1,17811,AJ Barner,SEA,TE,vs NE,recYds,FanDuel,24.5,over,34.09,-104,-113,0.5098,0.4900,0.0403,0,0.7060,0.1962,0.2160,ev,multiplicative,projection,closing,1,closing,20260910B2546DE0,2026-10-08T15:34:16.604Z
2026,1,19348,Eli Raridon,NE,TE,at SEA,recYds,FanDuel,4.5,over,18.66,-132,,0.5690,0.5690,,1,0.7622,0.1932,0.1932,ev,none,projection,closing,1,closing,20260910B2546DE0,2026-10-08T15:34:16.604Z
2026,1,17811,AJ Barner,SEA,TE,vs NE,recYds,FanDuel,29.5,over,34.09,144,,0.4098,0.4098,,1,0.6023,0.1925,0.1925,ev,none,projection,closing,1,closing,20260910B2546DE0,2026-10-08T15:34:16.604Z
2026,1,19607,Kaelon Black,SF,RB,at LAR,rushYds,DraftKings,14.5,over,16.5,175,,0.3636,0.3636,,1,0.5539,0.1903,0.1903,ev,none,projection,closing,1,closing,20260911F39A2BD0,2026-10-08T15:34:16.604Z
2026,1,11861,Mack Hollins,NE,WR,at SEA,recYds,FanDuel,9.5,over,16.53,102,,0.4950,0.4950,,1,0.6851,0.1900,0.1900,ev,none,projection,closing,1,closing,20260910B2546DE0,2026-10-08T15:34:16.604Z
2026,1,11861,Mack Hollins,NE,WR,at SEA,recYds,FanDuel,14.5,over,16.53,172,,0.3676,0.3676,,1,0.5553,0.1877,0.1877,ev,none,projection,closing,1,closing,20260910B2546DE0,2026-10-08T15:34:16.604Z
2026,1,17811,AJ Barner,SEA,TE,vs NE,receptions,DraftKings,3.5,over,3.77,160,,0.3846,0.3846,,1,0.5715,0.1869,0.1869,ev,none,projection,closing,1,closing,20260910B2546DE0,2026-10-08T15:34:16.604Z
2026,1,19607,Kaelon Black,SF,RB,at LAR,rushYds,DraftKings,9.5,over,16.5,100,,0.5000,0.5000,,1,0.6824,0.1824,0.1824,ev,none,projection,closing,1,closing,20260911F39A2BD0,2026-10-08T15:34:16.604Z
2026,1,19607,Kaelon Black,SF,RB,at LAR,rushYds,DraftKings,8.5,over,16.5,-110,,0.5238,0.5238,,1,0.7062,0.1824,0.1824,ev,none,projection,closing,1,closing,20260911F39A2BD0,2026-10-08T15:34:16.604Z
2026,1,17811,AJ Barner,SEA,TE,vs NE,recYds,Circa Sports,24.5,over,34.09,-110,-110,0.5238,0.5000,0.0476,0,0.7060,0.1822,0.2060,ev,multiplicative,projection,closing,1,closing,20260910B2546DE0,2026-10-08T15:34:16.604Z
2026,1,13429,Deebo Samuel Sr.,SF,WR,at LAR,recYds,DraftKings,39.5,over,42.96,180,,0.3571,0.3571,,1,0.5382,0.1810,0.1810,ev,none,projection,closing,1,closing,20260911F39A2BD0,2026-10-08T15:34:16.604Z
2026,1,12490,Sam Darnold,SEA,QB,vs NE,rushAtt,DraftKings,1.5,over,2.92,-219,,0.6865,0.6865,,1,0.8673,0.1808,0.1808,ev,none,projection,closing,1,closing,20260910B2546DE0,2026-10-08T15:34:16.604Z
2026,1,17811,AJ Barner,SEA,TE,vs NE,receptions,theScore,3.5,over,3.77,155,,0.3922,0.3922,,1,0.5715,0.1794,0.1794,ev,none,projection,closing,1,closing,20260910B2546DE0,2026-10-08T15:34:16.604Z
2026,1,16654,Jaxon Smith-Njigba,SEA,WR,vs NE,receptions,DraftKings,9.5,over,6.83,600,,0.1429,0.1429,,1,0.3200,0.1771,0.1771,ev,none,projection,closing,1,closing,20260910B2546DE0,2026-10-08T15:34:16.604Z
2026,1,17690,Blake Corum,LAR,RB,vs SF,recYds,FanDuel,2.5,over,3.98,102,-130,0.4950,0.4669,0.0603,0,0.6721,0.1770,0.2052,ev,multiplicative,projection,closing,1,closing,20260911F39A2BD0,2026-10-08T15:34:16.604Z
2026,1,16654,Jaxon Smith-Njigba,SEA,WR,vs NE,receptions,DraftKings,10.5,over,6.83,1100,,0.0833,0.0833,,1,0.2601,0.1768,0.1768,ev,none,projection,closing,1,closing,20260910B2546DE0,2026-10-08T15:34:16.604Z
2026,1,17811,AJ Barner,SEA,TE,vs NE,recYds,theScore,25.5,over,34.09,-105,-125,0.5122,0.4797,0.0678,0,0.6862,0.1741,0.2066,ev,multiplicative,projection,closing,1,closing,20260910B2546DE0,2026-10-08T15:34:16.604Z
2026,1,13429,Deebo Samuel Sr.,SF,WR,at LAR,recYds,FanDuel,39.5,over,42.96,174,,0.3650,0.3650,,1,0.5382,0.1732,0.1732,ev,none,projection,closing,1,closing,20260911F39A2BD0,2026-10-08T15:34:16.604Z
2026,1,17811,AJ Barner,SEA,TE,vs NE,receptions,Caesars,3.5,over,3.77,151,-170,0.3984,0.3875,0.0280,0,0.5715,0.1731,0.1840,ev,multiplicative,projection,closing,1,closing,20260910B2546DE0,2026-10-08T15:34:16.604Z
2026,1,13429,Deebo Samuel Sr.,SF,WR,at LAR,rushYds,Hard Rock,4.5,under,4.1,175,-250,0.3636,0.3373,0.0779,0,0.5356,0.1720,0.1982,ev,multiplicative,projection,closing,1,closing,20260911F39A2BD0,2026-10-08T15:34:16.604Z
2026,1,17811,AJ Barner,SEA,TE,vs NE,recYds,DraftKings,24.5,over,34.09,-115,-115,0.5349,0.5000,0.0698,0,0.7060,0.1711,0.2060,ev,multiplicative,projection,closing,1,closing,20260910B2546DE0,2026-10-08T15:34:16.604Z
2026,1,17811,AJ Barner,SEA,TE,vs NE,recYds,FanDuel,19.5,over,34.09,-166,,0.6241,0.6241,,1,0.7951,0.1710,0.1710,ev,none,projection,closing,1,closing,20260910B2546DE0,2026-10-08T15:34:16.604Z
2026,1,19348,Eli Raridon,NE,TE,at SEA,receptions,DraftKings,3.5,over,1.94,2700,,0.0357,0.0357,,1,0.2055,0.1698,0.1698,ev,none,projection,closing,1,closing,20260910B2546DE0,2026-10-08T15:34:16.604Z
2026,1,18540,Elijah Arroyo,SEA,TE,vs NE,recYds,Hard Rock,17.5,over,17.59,200,-300,0.3333,0.3077,0.0833,0,0.5030,0.1697,0.1953,ev,multiplicative,projection,closing,1,closing,20260910B2546DE0,2026-10-08T15:34:16.604Z
2026,1,18540,Elijah Arroyo,SEA,TE,vs NE,recYds,FanDuel,14.5,over,17.59,130,,0.4348,0.4348,,1,0.6017,0.1669,0.1669,ev,none,projection,closing,1,closing,20260910B2546DE0,2026-10-08T15:34:16.604Z
2026,1,18540,Elijah Arroyo,SEA,TE,vs NE,recYds,Hard Rock,14.5,over,17.59,130,-180,0.4348,0.4035,0.0776,0,0.6017,0.1669,0.1982,ev,multiplicative,projection,closing,1,closing,20260910B2546DE0,2026-10-08T15:34:16.604Z
2026,1,18540,Elijah Arroyo,SEA,TE,vs NE,receptions,FanDuel,0.5,over,1.43,-215,158,0.6825,0.6378,0.0701,0,0.8481,0.1656,0.2103,ev,multiplicative,projection,closing,1,closing,20260910B2546DE0,2026-10-08T15:34:16.604Z
2026,1,17811,AJ Barner,SEA,TE,vs NE,receptions,BetRivers,4.5,over,3.77,380,,0.2083,0.2083,,1,0.3738,0.1655,0.1655,ev,none,projection,closing,1,closing,20260910B2546DE0,2026-10-08T15:34:16.604Z
2026,1,17811,AJ Barner,SEA,TE,vs NE,recYds,theScore,19.5,over,34.09,-170,,0.6296,0.6296,,1,0.7951,0.1655,0.1655,ev,none,projection,closing,1,closing,20260910B2546DE0,2026-10-08T15:34:16.604Z
2026,1,11690,Christian McCaffrey,SF,RB,at LAR,recYds,Caesars,39.5,under,33.41,-105,-117,0.5122,0.4872,0.0514,0,0.6774,0.1652,0.1902,ev,multiplicative,projection,closing,1,closing,20260911F39A2BD0,2026-10-08T15:34:16.604Z
2026,1,17811,AJ Barner,SEA,TE,vs NE,recYds,BetRivers,24.5,over,34.09,-118,-112,0.5413,0.5061,0.0696,0,0.7060,0.1647,0.1999,ev,multiplicative,projection,closing,1,closing,20260910B2546DE0,2026-10-08T15:34:16.604Z
2026,1,16027,Romeo Doubs,NE,WR,at SEA,recYds,theScore,19.5,over,49.28,-325,,0.7647,0.7647,,1,0.9294,0.1647,0.1647,ev,none,projection,closing,1,closing,20260910B2546DE0,2026-10-08T15:34:16.604Z
2026,1,12490,Sam Darnold,SEA,QB,vs NE,rushAtt,theScore,2.5,over,2.92,115,-150,0.4651,0.4367,0.0651,0,0.6291,0.1640,0.1924,ev,multiplicative,projection,closing,1,closing,20260910B2546DE0,2026-10-08T15:34:16.604Z
2026,1,12490,Sam Darnold,SEA,QB,vs NE,rushYds,FanDuel,9.5,over,9.79,182,,0.3546,0.3546,,1,0.5183,0.1637,0.1637,ev,none,projection,closing,1,closing,20260910B2546DE0,2026-10-08T15:34:16.604Z
2026,1,11861,Mack Hollins,NE,WR,at SEA,recYds,FanDuel,19.5,over,16.53,270,,0.2703,0.2703,,1,0.4338,0.1635,0.1635,ev,none,projection,closing,1,closing,20260910B2546DE0,2026-10-08T15:34:16.604Z
2026,1,15372,Rhamondre Stevenson,NE,RB,at SEA,rushYds,BetRivers,60.5,over,72.39,-113,-118,0.5305,0.4950,0.0718,0,0.6938,0.1633,0.1988,ev,multiplicative,projection,closing,1,closing,20260910B2546DE0,2026-10-08T15:34:16.604Z
2026,1,17811,AJ Barner,SEA,TE,vs NE,recYds,Hard Rock,25.5,over,34.09,-110,-115,0.5238,0.4948,0.0587,0,0.6862,0.1624,0.1915,ev,multiplicative,projection,closing,1,closing,20260910B2546DE0,2026-10-08T15:34:16.604Z
2026,1,13432,A.J. Brown,NE,WR,at SEA,recYds,BetRivers,61.5,over,79.78,-114,-117,0.5327,0.4970,0.0719,0,0.6946,0.1619,0.1977,ev,multiplicative,projection,closing,1,closing,20260910B2546DE0,2026-10-08T15:34:16.604Z
2026,1,13432,A.J. Brown,NE,WR,at SEA,recYds,DraftKings,61.5,over,79.78,-114,-110,0.5327,0.5042,0.0565,0,0.6946,0.1619,0.1904,ev,multiplicative,projection,closing,1,closing,20260910B2546DE0,2026-10-08T15:34:16.604Z
2026,1,11861,Mack Hollins,NE,WR,at SEA,recYds,Hard Rock,9.5,over,16.53,-110,-120,0.5238,0.4899,0.0693,0,0.6851,0.1612,0.1952,ev,multiplicative,projection,closing,1,closing,20260910B2546DE0,2026-10-08T15:34:16.604Z
2026,1,12490,Sam Darnold,SEA,QB,vs NE,rushYds,DraftKings,9.5,over,9.79,180,,0.3571,0.3571,,1,0.5183,0.1611,0.1611,ev,none,projection,closing,1,closing,20260910B2546DE0,2026-10-08T15:34:16.604Z
2026,1,17811,AJ Barner,SEA,TE,vs NE,receptions,DraftKings,4.5,over,3.77,370,,0.2128,0.2128,,1,0.3738,0.1610,0.1610,ev,none,projection,closing,1,closing,20260910B2546DE0,2026-10-08T15:34:16.604Z
2026,1,13429,Deebo Samuel Sr.,SF,WR,at LAR,recYds,Hard Rock,39.5,over,42.96,165,-240,0.3774,0.3484,0.0832,0,0.5382,0.1608,0.1898,ev,multiplicative,projection,closing,1,closing,20260911F39A2BD0,2026-10-08T15:34:16.604Z
2026,1,15807,Kyren Williams,LAR,RB,vs SF,rushYds,Circa Sports,51.5,over,66.77,-110,-110,0.5238,0.5000,0.0476,0,0.6846,0.1608,0.1846,ev,multiplicative,projection,closing,1,closing,20260911F39A2BD0,2026-10-08T15:34:16.604Z
2026,1,10735,Hunter Henry,NE,TE,at SEA,recYds,DraftKings,24.5,over,39.85,-205,,0.6721,0.6721,,1,0.8316,0.1594,0.1594,ev,none,projection,closing,1,closing,20260910B2546DE0,2026-10-08T15:34:16.604Z
2026,1,15372,Rhamondre Stevenson,NE,RB,at SEA,rushYds,DraftKings,60.5,over,72.39,-115,-110,0.5349,0.5052,0.0587,0,0.6938,0.1589,0.1886,ev,multiplicative,projection,closing,1,closing,20260910B2546DE0,2026-10-08T15:34:16.604Z
2026,1,15372,Rhamondre Stevenson,NE,RB,at SEA,rushYds,Hard Rock,60.5,over,72.39,-115,-115,0.5349,0.5000,0.0698,0,0.6938,0.1589,0.1938,ev,multiplicative,projection,closing,1,closing,20260910B2546DE0,2026-10-08T15:34:16.604Z
2026,1,11163,Demarcus Robinson,SF,WR,at LAR,receptions,Caesars,1.5,under,0.88,-137,115,0.5781,0.5541,0.0432,0,0.7368,0.1588,0.1827,ev,multiplicative,projection,closing,1,closing,20260911F39A2BD0,2026-10-08T15:34:16.604Z
2026,1,15372,Rhamondre Stevenson,NE,RB,at SEA,rushAtt,theScore,14.5,over,16.66,-170,140,0.6296,0.6018,0.0463,0,0.7883,0.1587,0.1865,ev,multiplicative,projection,closing,1,closing,20260910B2546DE0,2026-10-08T15:34:16.604Z
2026,1,13432,A.J. Brown,NE,WR,at SEA,recYds,theScore,69.5,over,79.78,120,,0.4545,0.4545,,1,0.6127,0.1581,0.1581,ev,none,projection,closing,1,closing,20260910B2546DE0,2026-10-08T15:34:16.604Z
2026,1,17811,AJ Barner,SEA,TE,vs NE,recYds,theScore,29.5,over,34.09,125,,0.4444,0.4444,,1,0.6023,0.1578,0.1578,ev,none,projection,closing,1,closing,20260910B2546DE0,2026-10-08T15:34:16.604Z
2026,1,16654,Jaxon Smith-Njigba,SEA,WR,vs NE,receptions,DraftKings,8.5,over,6.83,340,,0.2273,0.2273,,1,0.3849,0.1577,0.1577,ev,none,projection,closing,1,closing,20260910B2546DE0,2026-10-08T15:34:16.604Z
2026,1,16027,Romeo Doubs,NE,WR,at SEA,receptions,theScore,2.5,over,3.72,-185,,0.6491,0.6491,,1,0.8068,0.1577,0.1577,ev,none,projection,closing,1,closing,20260910B2546DE0,2026-10-08T15:34:16.604Z
2026,1,17673,Drake Maye,NE,QB,at SEA,rushYds,Circa Sports,26.5,under,25.57,-110,-110,0.5238,0.5000,0.0476,0,0.6814,0.1576,0.1814,ev,multiplicative,projection,closing,1,closing,20260910B2546DE0,2026-10-08T15:34:16.604Z
2026,1,13429,Deebo Samuel Sr.,SF,WR,at LAR,recYds,Hard Rock,38.5,over,42.96,155,-220,0.3922,0.3632,0.0797,0,0.5492,0.1570,0.1860,ev,multiplicative,projection,closing,1,closing,20260911F39A2BD0,2026-10-08T15:34:16.604Z
2026,1,15372,Rhamondre Stevenson,NE,RB,at SEA,rushYds,BetRivers,69.5,over,72.39,155,,0.3922,0.3922,,1,0.5490,0.1568,0.1568,ev,none,projection,closing,1,closing,20260910B2546DE0,2026-10-08T15:34:16.604Z
2026,1,15372,Rhamondre Stevenson,NE,RB,at SEA,rushYds,DraftKings,69.5,over,72.39,155,,0.3922,0.3922,,1,0.5490,0.1568,0.1568,ev,none,projection,closing,1,closing,20260910B2546DE0,2026-10-08T15:34:16.604Z
2026,1,17811,AJ Barner,SEA,TE,vs NE,receptions,FanDuel,4.5,over,3.77,360,,0.2174,0.2174,,1,0.3738,0.1564,0.1564,ev,none,projection,closing,1,closing,20260910B2546DE0,2026-10-08T15:34:16.604Z
2026,1,18540,Elijah Arroyo,SEA,TE,vs NE,receptions,DraftKings,0.5,over,1.43,-225,165,0.6923,0.6472,0.0697,0,0.8481,0.1558,0.2009,ev,multiplicative,projection,closing,1,closing,20260910B2546DE0,2026-10-08T15:34:16.604Z
2026,1,12490,Sam Darnold,SEA,QB,vs NE,rushAtt,Caesars,2.5,over,2.92,111,-148,0.4739,0.4426,0.0707,0,0.6291,0.1551,0.1864,ev,multiplicative,projection,closing,1,closing,20260910B2546DE0,2026-10-08T15:34:16.604Z
2026,1,17690,Blake Corum,LAR,RB,vs SF,rushYds,FanDuel,34.5,over,49.02,-114,-114,0.5327,0.5000,0.0654,0,0.6878,0.1551,0.1878,ev,multiplicative,projection,closing,1,closing,20260911F39A2BD0,2026-10-08T15:34:16.604Z
2026,1,15372,Rhamondre Stevenson,NE,RB,at SEA,rushYds,Caesars,39.5,over,72.39,-325,,0.7647,0.7647,,1,0.9195,0.1547,0.1547,ev,none,projection,closing,1,closing,20260910B2546DE0,2026-10-08T15:34:16.604Z
2026,1,13432,A.J. Brown,NE,WR,at SEA,recYds,FanDuel,62.5,over,79.78,-113,-113,0.5305,0.5000,0.0610,0,0.6848,0.1543,0.1848,ev,multiplicative,projection,closing,1,closing,20260910B2546DE0,2026-10-08T15:34:16.604Z
2026,1,15372,Rhamondre Stevenson,NE,RB,at SEA,rushAtt,DraftKings,15.5,over,16.66,-105,-125,0.5122,0.4797,0.0678,0,0.6664,0.1542,0.1867,ev,multiplicative,projection,closing,1,closing,20260910B2546DE0,2026-10-08T15:34:16.604Z
2026,1,5971,Matthew Stafford,LAR,QB,vs SF,passAtt,DraftKings,35.5,under,32.57,-120,-110,0.5455,0.5101,0.0693,0,0.6994,0.1540,0.1893,ev,multiplicative,projection,closing,1,closing,20260911F39A2BD0,2026-10-08T15:34:16.604Z
2026,1,13429,Deebo Samuel Sr.,SF,WR,at LAR,recYds,Caesars,27.5,over,42.96,-105,-127,0.5122,0.4779,0.0717,0,0.6658,0.1536,0.1879,ev,multiplicative,projection,closing,1,closing,20260911F39A2BD0,2026-10-08T15:34:16.604Z
2026,1,13429,Deebo Samuel Sr.,SF,WR,at LAR,recYds,BetRivers,39.5,over,42.96,160,,0.3846,0.3846,,1,0.5382,0.1536,0.1536,ev,none,projection,closing,1,closing,20260911F39A2BD0,2026-10-08T15:34:16.604Z
2026,1,11690,Christian McCaffrey,SF,RB,at LAR,recYds,Circa Sports,39.5,under,33.41,-110,-110,0.5238,0.5000,0.0476,0,0.6774,0.1536,0.1774,ev,multiplicative,projection,closing,1,closing,20260911F39A2BD0,2026-10-08T15:34:16.604Z
2026,1,11690,Christian McCaffrey,SF,RB,at LAR,recYds,theScore,39.5,under,33.41,-110,-120,0.5238,0.4899,0.0693,0,0.6774,0.1536,0.1875,ev,multiplicative,projection,closing,1,closing,20260911F39A2BD0,2026-10-08T15:34:16.604Z
2026,1,11690,Christian McCaffrey,SF,RB,at LAR,recYds,Hard Rock,39.5,under,33.41,-110,-125,0.5238,0.4853,0.0794,0,0.6774,0.1536,0.1921,ev,multiplicative,projection,closing,1,closing,20260911F39A2BD0,2026-10-08T15:34:16.604Z
2026,1,13429,Deebo Samuel Sr.,SF,WR,at LAR,recYds,Hard Rock,43.5,over,42.96,200,-275,0.3333,0.3125,0.0667,0,0.4869,0.1536,0.1744,ev,multiplicative,projection,closing,1,closing,20260911F39A2BD0,2026-10-08T15:34:16.604Z
2026,1,13429,Deebo Samuel Sr.,SF,WR,at LAR,recYds,theScore,39.5,over,42.96,160,,0.3846,0.3846,,1,0.5382,0.1536,0.1536,ev,none,projection,closing,1,closing,20260911F39A2BD0,2026-10-08T15:34:16.604Z
2026,1,11163,Demarcus Robinson,SF,WR,at LAR,receptions,FanDuel,1.5,under,0.88,-140,106,0.5833,0.5458,0.0688,0,0.7368,0.1535,0.1910,ev,multiplicative,projection,closing,1,closing,20260911F39A2BD0,2026-10-08T15:34:16.604Z
2026,1,16654,Jaxon Smith-Njigba,SEA,WR,vs NE,receptions,Caesars,9.5,over,6.83,500,,0.1667,0.1667,,1,0.3200,0.1533,0.1533,ev,none,projection,closing,1,closing,20260910B2546DE0,2026-10-08T15:34:16.604Z
2026,1,12490,Sam Darnold,SEA,QB,vs NE,rushAtt,DraftKings,2.5,over,2.92,110,-145,0.4762,0.4459,0.0680,0,0.6291,0.1529,0.1832,ev,multiplicative,projection,closing,1,closing,20260910B2546DE0,2026-10-08T15:34:16.604Z
2026,1,13432,A.J. Brown,NE,WR,at SEA,recYds,theScore,64.5,over,79.78,-105,-125,0.5122,0.4797,0.0678,0,0.6648,0.1526,0.1851,ev,multiplicative,projection,closing,1,closing,20260910B2546DE0,2026-10-08T15:34:16.604Z
2026,1,18497,Terrance Ferguson,LAR,TE,vs SF,recYds,Circa Sports,26.5,under,16.97,-110,-110,0.5238,0.5000,0.0476,0,0.6762,0.1524,0.1762,ev,multiplicative,projection,closing,1,closing,20260911F39A2BD0,2026-10-08T15:34:16.604Z
2026,1,15372,Rhamondre Stevenson,NE,RB,at SEA,rushYds,FanDuel,69.5,over,72.39,152,,0.3968,0.3968,,1,0.5490,0.1522,0.1522,ev,none,projection,closing,1,closing,20260910B2546DE0,2026-10-08T15:34:16.604Z
2026,1,15372,Rhamondre Stevenson,NE,RB,at SEA,rushYds,FanDuel,39.5,over,72.39,-330,,0.7674,0.7674,,1,0.9195,0.1520,0.1520,ev,none,projection,closing,1,closing,20260910B2546DE0,2026-10-08T15:34:16.604Z
2026,1,16027,Romeo Doubs,NE,WR,at SEA,recYds,FanDuel,19.5,over,49.28,-350,,0.7778,0.7778,,1,0.9294,0.1516,0.1516,ev,none,projection,closing,1,closing,20260910B2546DE0,2026-10-08T15:34:16.604Z
2026,1,16027,Romeo Doubs,NE,WR,at SEA,receptions,DraftKings,2.5,over,3.72,-190,137,0.6552,0.6083,0.0771,0,0.8068,0.1516,0.1985,ev,multiplicative,projection,closing,1,closing,20260910B2546DE0,2026-10-08T15:34:16.604Z
2026,1,17811,AJ Barner,SEA,TE,vs NE,receptions,theScore,4.5,over,3.77,350,,0.2222,0.2222,,1,0.3738,0.1516,0.1516,ev,none,projection,closing,1,closing,20260910B2546DE0,2026-10-08T15:34:16.604Z
2026,1,17811,AJ Barner,SEA,TE,vs NE,recYds,DraftKings,25.5,over,34.09,-115,-120,0.5349,0.4951,0.0803,0,0.6862,0.1514,0.1911,ev,multiplicative,projection,closing,1,closing,20260910B2546DE0,2026-10-08T15:34:16.604Z
2026,1,16654,Jaxon Smith-Njigba,SEA,WR,vs NE,receptions,DraftKings,11.5,over,6.83,1700,,0.0556,0.0556,,1,0.2066,0.1511,0.1511,ev,none,projection,closing,1,closing,20260910B2546DE0,2026-10-08T15:34:16.604Z
2026,1,18540,Elijah Arroyo,SEA,TE,vs NE,receptions,Caesars,0.5,over,1.43,-230,169,0.6970,0.6522,0.0687,0,0.8481,0.1511,0.1959,ev,multiplicative,projection,closing,1,closing,20260910B2546DE0,2026-10-08T15:34:16.604Z
2026,1,13432,A.J. Brown,NE,WR,at SEA,recYds,Circa Sports,63.5,over,79.78,-110,-110,0.5238,0.5000,0.0476,0,0.6749,0.1511,0.1749,ev,multiplicative,projection,closing,1,closing,20260910B2546DE0,2026-10-08T15:34:16.604Z
2026,1,17673,Drake Maye,NE,QB,at SEA,rushYds,Caesars,26.5,under,25.57,-113,-112,0.5305,0.5010,0.0588,0,0.6814,0.1509,0.1804,ev,multiplicative,projection,closing,1,closing,20260910B2546DE0,2026-10-08T15:34:16.604Z
2026,1,19607,Kaelon Black,SF,RB,at LAR,rushYds,DraftKings,19.5,over,16.5,285,,0.2597,0.2597,,1,0.4104,0.1506,0.1506,ev,none,projection,closing,1,closing,20260911F39A2BD0,2026-10-08T15:34:16.604Z
2026,1,17673,Drake Maye,NE,QB,at SEA,completions,theScore,24.5,over,21.58,400,,0.2000,0.2000,,1,0.3500,0.1500,0.1500,ev,none,projection,closing,1,closing,20260910B2546DE0,2026-10-08T15:34:16.604Z
2026,1,10735,Hunter Henry,NE,TE,at SEA,recYds,Hard Rock,23.5,over,39.85,-230,165,0.6970,0.6487,0.0743,0,0.8468,0.1499,0.1981,ev,multiplicative,projection,closing,1,closing,20260910B2546DE0,2026-10-08T15:34:16.604Z
2026,1,19348,Eli Raridon,NE,TE,at SEA,recYds,FanDuel,19.5,over,18.66,210,,0.3226,0.3226,,1,0.4723,0.1497,0.1497,ev,none,projection,closing,1,closing,20260910B2546DE0,2026-10-08T15:34:16.604Z
2026,1,10735,Hunter Henry,NE,TE,at SEA,recYds,theScore,29.5,over,39.85,-145,,0.5918,0.5918,,1,0.7414,0.1495,0.1495,ev,none,projection,closing,1,closing,20260910B2546DE0,2026-10-08T15:34:16.604Z
2026,1,15807,Kyren Williams,LAR,RB,vs SF,rushYds,Circa Sports,52.5,over,66.77,-110,-110,0.5238,0.5000,0.0476,0,0.6733,0.1495,0.1733,ev,multiplicative,projection,closing,1,closing,20260911F39A2BD0,2026-10-08T15:34:16.604Z
2026,1,13432,A.J. Brown,NE,WR,at SEA,recYds,Caesars,61.5,over,79.78,-120,-112,0.5455,0.5080,0.0738,0,0.6946,0.1492,0.1867,ev,multiplicative,projection,closing,1,closing,20260910B2546DE0,2026-10-08T15:34:16.604Z
2026,1,10735,Hunter Henry,NE,TE,at SEA,recYds,FanDuel,24.5,over,39.85,-215,,0.6825,0.6825,,1,0.8316,0.1490,0.1490,ev,none,projection,closing,1,closing,20260910B2546DE0,2026-10-08T15:34:16.604Z
2026,1,16654,Jaxon Smith-Njigba,SEA,WR,vs NE,receptions,theScore,10.5,over,6.83,800,,0.1111,0.1111,,1,0.2601,0.1490,0.1490,ev,none,projection,closing,1,closing,20260910B2546DE0,2026-10-08T15:34:16.604Z
2026,1,15372,Rhamondre Stevenson,NE,RB,at SEA,rushYds,theScore,69.5,over,72.39,150,,0.4000,0.4000,,1,0.5490,0.1490,0.1490,ev,none,projection,closing,1,closing,20260910B2546DE0,2026-10-08T15:34:16.604Z
2026,1,13429,Deebo Samuel Sr.,SF,WR,at LAR,recYds,Hard Rock,33.5,over,42.96,120,-165,0.4545,0.4220,0.0772,0,0.6034,0.1489,0.1814,ev,multiplicative,projection,closing,1,closing,20260911F39A2BD0,2026-10-08T15:34:16.604Z
2026,1,17690,Blake Corum,LAR,RB,vs SF,rushAtt,DraftKings,13.5,over,10.72,425,,0.1905,0.1905,,1,0.3391,0.1487,0.1487,ev,none,projection,closing,1,closing,20260911F39A2BD0,2026-10-08T15:34:16.604Z
2026,1,13432,A.J. Brown,NE,WR,at SEA,recYds,theScore,59.5,over,79.78,-130,100,0.5652,0.5306,0.0652,0,0.7139,0.1487,0.1833,ev,multiplicative,projection,closing,1,closing,20260910B2546DE0,2026-10-08T15:34:16.604Z
2026,1,15834,Brock Purdy,SF,QB,at LAR,passAtt,Hard Rock,34.5,under,31.59,-125,-105,0.5556,0.5203,0.0678,0,0.7041,0.1486,0.1838,ev,multiplicative,projection,closing,1,closing,20260911F39A2BD0,2026-10-08T15:34:16.604Z
2026,1,16027,Romeo Doubs,NE,WR,at SEA,recYds,FanDuel,49.5,over,49.28,188,,0.3472,0.3472,,1,0.4955,0.1483,0.1483,ev,none,projection,closing,1,closing,20260910B2546DE0,2026-10-08T15:34:16.604Z
2026,1,17690,Blake Corum,LAR,RB,vs SF,recYds,Hard Rock,2.5,over,3.98,-110,-120,0.5238,0.4899,0.0693,0,0.6721,0.1483,0.1822,ev,multiplicative,projection,closing,1,closing,20260911F39A2BD0,2026-10-08T15:34:16.604Z
2026,1,17968,George Holani,SEA,RB,vs NE,recYds,Hard Rock,17.5,under,8.3,-185,130,0.6491,0.5989,0.0839,0,0.7969,0.1478,0.1981,ev,multiplicative,projection,closing,1,closing,20260910B2546DE0,2026-10-08T15:34:16.604Z
2026,1,11861,Mack Hollins,NE,WR,at SEA,recYds,Hard Rock,13.5,over,16.53,130,-180,0.4348,0.4035,0.0776,0,0.5823,0.1475,0.1788,ev,multiplicative,projection,closing,1,closing,20260910B2546DE0,2026-10-08T15:34:16.604Z
2026,1,17811,AJ Barner,SEA,TE,vs NE,recYds,BetRivers,25.5,over,34.09,-117,-114,0.5392,0.5030,0.0719,0,0.6862,0.1471,0.1832,ev,multiplicative,projection,closing,1,closing,20260910B2546DE0,2026-10-08T15:34:16.604Z
2026,1,11690,Christian McCaffrey,SF,RB,at LAR,recYds,FanDuel,39.5,under,33.41,-113,-113,0.5305,0.5000,0.0610,0,0.6774,0.1469,0.1774,ev,multiplicative,projection,closing,1,closing,20260911F39A2BD0,2026-10-08T15:34:16.604Z
2026,1,5971,Matthew Stafford,LAR,QB,vs SF,passYds,Hard Rock,186.5,under,245.83,575,-1300,0.1481,0.1376,0.0767,0,0.2947,0.1466,0.1571,ev,multiplicative,projection,closing,1,closing,20260911F39A2BD0,2026-10-08T15:34:16.604Z
2026,1,17811,AJ Barner,SEA,TE,vs NE,recYds,Caesars,24.5,over,34.09,-127,-105,0.5595,0.5221,0.0717,0,0.7060,0.1465,0.1839,ev,multiplicative,projection,closing,1,closing,20260910B2546DE0,2026-10-08T15:34:16.604Z
2026,1,17811,AJ Barner,SEA,TE,vs NE,receptions,Caesars,4.5,over,3.77,340,,0.2273,0.2273,,1,0.3738,0.1465,0.1465,ev,none,projection,closing,1,closing,20260910B2546DE0,2026-10-08T15:34:16.604Z
2026,1,5971,Matthew Stafford,LAR,QB,vs SF,passYds,Hard Rock,176.5,under,245.83,750,-2200,0.1176,0.1095,0.0742,0,0.2641,0.1465,0.1546,ev,multiplicative,projection,closing,1,closing,20260911F39A2BD0,2026-10-08T15:34:16.604Z
2026,1,5971,Matthew Stafford,LAR,QB,vs SF,passYds,Hard Rock,164.5,under,245.83,1100,-4000,0.0833,0.0787,0.0589,0,0.2297,0.1464,0.1510,ev,multiplicative,projection,closing,1,closing,20260911F39A2BD0,2026-10-08T15:34:16.604Z
2026,1,17811,AJ Barner,SEA,TE,vs NE,receptions,Hard Rock,3.5,over,3.77,135,,0.4255,0.4255,,1,0.5715,0.1460,0.1460,ev,none,projection,closing,1,closing,20260910B2546DE0,2026-10-08T15:34:16.604Z
2026,1,11861,Mack Hollins,NE,WR,at SEA,recYds,DraftKings,9.5,over,16.53,-117,-107,0.5392,0.5105,0.0561,0,0.6851,0.1459,0.1745,ev,multiplicative,projection,closing,1,closing,20260910B2546DE0,2026-10-08T15:34:16.604Z
2026,1,13432,A.J. Brown,NE,WR,at SEA,recYds,FanDuel,69.5,over,79.78,114,,0.4673,0.4673,,1,0.6127,0.1454,0.1454,ev,none,projection,closing,1,closing,20260910B2546DE0,2026-10-08T15:34:16.604Z
2026,1,15372,Rhamondre Stevenson,NE,RB,at SEA,rushAtt,BetRivers,14.5,over,16.66,-180,,0.6429,0.6429,,1,0.7883,0.1454,0.1454,ev,none,projection,closing,1,closing,20260910B2546DE0,2026-10-08T15:34:16.604Z
2026,1,5971,Matthew Stafford,LAR,QB,vs SF,passYds,Hard Rock,196.5,under,245.83,450,-850,0.1818,0.1689,0.0766,0,0.3268,0.1450,0.1579,ev,multiplicative,projection,closing,1,closing,20260911F39A2BD0,2026-10-08T15:34:16.604Z
2026,1,10735,Hunter Henry,NE,TE,at SEA,recYds,FanDuel,29.5,over,39.85,-148,,0.5968,0.5968,,1,0.7414,0.1446,0.1446,ev,none,projection,closing,1,closing,20260910B2546DE0,2026-10-08T15:34:16.604Z
2026,1,16027,Romeo Doubs,NE,WR,at SEA,recYds,theScore,49.5,over,49.28,185,,0.3509,0.3509,,1,0.4955,0.1446,0.1446,ev,none,projection,closing,1,closing,20260910B2546DE0,2026-10-08T15:34:16.604Z
2026,1,16654,Jaxon Smith-Njigba,SEA,WR,vs NE,receptions,FanDuel,9.5,over,6.83,470,,0.1754,0.1754,,1,0.3200,0.1445,0.1445,ev,none,projection,closing,1,closing,20260910B2546DE0,2026-10-08T15:34:16.604Z
2026,1,18532,Corey Kiner,NE,RB,at SEA,rushYds,Hard Rock,23.5,under,11.74,-500,325,0.8333,0.7798,0.0686,0,0.9777,0.1444,0.1979,ev,multiplicative,projection,closing,1,closing,20260910B2546DE0,2026-10-08T15:34:16.604Z
2026,1,5971,Matthew Stafford,LAR,QB,vs SF,passYds,Hard Rock,166.5,under,245.83,1000,-4000,0.0909,0.0852,0.0665,0,0.2353,0.1444,0.1500,ev,multiplicative,projection,closing,1,closing,20260911F39A2BD0,2026-10-08T15:34:16.604Z
2026,1,15372,Rhamondre Stevenson,NE,RB,at SEA,rushYds,Hard Rock,61.5,over,72.39,-115,-115,0.5349,0.5000,0.0698,0,0.6787,0.1438,0.1787,ev,multiplicative,projection,closing,1,closing,20260910B2546DE0,2026-10-08T15:34:16.604Z
2026,1,5971,Matthew Stafford,LAR,QB,vs SF,passYds,Hard Rock,163.5,under,245.83,1100,-5000,0.0833,0.0783,0.0637,0,0.2270,0.1436,0.1486,ev,multiplicative,projection,closing,1,closing,20260911F39A2BD0,2026-10-08T15:34:16.604Z
2026,1,13432,A.J. Brown,NE,WR,at SEA,recYds,BetRivers,62.5,over,79.78,-118,-113,0.5413,0.5050,0.0718,0,0.6848,0.1435,0.1798,ev,multiplicative,projection,closing,1,closing,20260910B2546DE0,2026-10-08T15:34:16.604Z
2026,1,13429,Deebo Samuel Sr.,SF,WR,at LAR,recYds,Caesars,28.5,over,42.96,-105,-127,0.5122,0.4779,0.0717,0,0.6557,0.1435,0.1777,ev,multiplicative,projection,closing,1,closing,20260911F39A2BD0,2026-10-08T15:34:16.604Z
2026,1,17690,Blake Corum,LAR,RB,vs SF,rushAtt,theScore,14.5,over,10.72,600,,0.1429,0.1429,,1,0.2864,0.1435,0.1435,ev,none,projection,closing,1,closing,20260911F39A2BD0,2026-10-08T15:34:16.604Z
2026,1,16027,Romeo Doubs,NE,WR,at SEA,recYds,Hard Rock,42.5,over,49.28,105,-175,0.4878,0.4339,0.1242,0,0.6312,0.1434,0.1973,ev,multiplicative,projection,closing,1,closing,20260910B2546DE0,2026-10-08T15:34:16.604Z
2026,1,14463,Colby Parkinson,LAR,TE,vs SF,recYds,Hard Rock,30.5,under,20.11,-260,180,0.7222,0.6691,0.0794,0,0.8655,0.1433,0.1964,ev,multiplicative,projection,closing,1,closing,20260911F39A2BD0,2026-10-08T15:34:16.604Z
2026,1,17690,Blake Corum,LAR,RB,vs SF,rushYds,FanDuel,35.5,over,49.02,-114,-114,0.5327,0.5000,0.0654,0,0.6758,0.1431,0.1758,ev,multiplicative,projection,closing,1,closing,20260911F39A2BD0,2026-10-08T15:34:16.604Z
2026,1,5971,Matthew Stafford,LAR,QB,vs SF,passYds,Hard Rock,193.5,under,245.83,475,-950,0.1739,0.1612,0.0787,0,0.3170,0.1431,0.1558,ev,multiplicative,projection,closing,1,closing,20260911F39A2BD0,2026-10-08T15:34:16.604Z
2026,1,10854,Tyler Higbee,LAR,TE,vs SF,recYds,Hard Rock,35.5,under,9.19,-600,375,0.8571,0.8028,0.0677,0,1.0000,0.1429,0.1972,ev,multiplicative,projection,closing,1,closing,20260911F39A2BD0,2026-10-08T15:34:16.604Z
2026,1,5971,Matthew Stafford,LAR,QB,vs SF,passYds,Hard Rock,180.5,under,245.83,650,-1600,0.1333,0.1241,0.0745,0,0.2762,0.1428,0.1521,ev,multiplicative,projection,closing,1,closing,20260911F39A2BD0,2026-10-08T15:34:16.604Z
2026,1,16654,Jaxon Smith-Njigba,SEA,WR,vs NE,receptions,FanDuel,10.5,over,6.83,750,,0.1176,0.1176,,1,0.2601,0.1425,0.1425,ev,none,projection,closing,1,closing,20260910B2546DE0,2026-10-08T15:34:16.604Z
2026,1,5971,Matthew Stafford,LAR,QB,vs SF,passYds,Hard Rock,183.5,under,245.83,600,-1500,0.1429,0.1322,0.0804,0,0.2854,0.1425,0.1531,ev,multiplicative,projection,closing,1,closing,20260911F39A2BD0,2026-10-08T15:34:16.604Z
2026,1,10735,Hunter Henry,NE,TE,at SEA,recYds,FanDuel,19.5,over,39.85,-310,,0.7561,0.7561,,1,0.8985,0.1424,0.1424,ev,none,projection,closing,1,closing,20260910B2546DE0,2026-10-08T15:34:16.604Z
2026,1,10735,Hunter Henry,NE,TE,at SEA,recYds,DraftKings,32.5,over,39.85,-115,-115,0.5349,0.5000,0.0698,0,0.6772,0.1423,0.1772,ev,multiplicative,projection,closing,1,closing,20260910B2546DE0,2026-10-08T15:34:16.604Z
2026,1,18540,Elijah Arroyo,SEA,TE,vs NE,receptions,Hard Rock,0.5,over,1.43,-240,170,0.7059,0.6559,0.0763,0,0.8481,0.1422,0.1922,ev,multiplicative,projection,closing,1,closing,20260910B2546DE0,2026-10-08T15:34:16.604Z
2026,1,17811,AJ Barner,SEA,TE,vs NE,recYds,Circa Sports,26.5,over,34.09,-110,-110,0.5238,0.5000,0.0476,0,0.6660,0.1421,0.1660,ev,multiplicative,projection,closing,1,closing,20260910B2546DE0,2026-10-08T15:34:16.604Z
2026,1,5971,Matthew Stafford,LAR,QB,vs SF,passYds,Hard Rock,160.5,under,245.83,1200,-5000,0.0769,0.0728,0.0573,0,0.2188,0.1419,0.1461,ev,multiplicative,projection,closing,1,closing,20260911F39A2BD0,2026-10-08T15:34:16.604Z
2026,1,15372,Rhamondre Stevenson,NE,RB,at SEA,rushYds,DraftKings,39.5,over,72.39,-350,,0.7778,0.7778,,1,0.9195,0.1417,0.1417,ev,none,projection,closing,1,closing,20260910B2546DE0,2026-10-08T15:34:16.604Z
2026,1,9253,Mike Evans,SF,WR,at LAR,receptions,DraftKings,6.5,over,3.97,700,,0.1250,0.1250,,1,0.2667,0.1417,0.1417,ev,none,projection,closing,1,closing,20260911F39A2BD0,2026-10-08T15:34:16.604Z
2026,1,5971,Matthew Stafford,LAR,QB,vs SF,passYds,Hard Rock,153.5,under,245.83,1600,-8000,0.0588,0.0562,0.0465,0,0.2005,0.1417,0.1443,ev,multiplicative,projection,closing,1,closing,20260911F39A2BD0,2026-10-08T15:34:16.604Z
2026,1,5971,Matthew Stafford,LAR,QB,vs SF,passYds,Hard Rock,195.5,under,245.83,450,-850,0.1818,0.1689,0.0766,0,0.3235,0.1417,0.1547,ev,multiplicative,projection,closing,1,closing,20260911F39A2BD0,2026-10-08T15:34:16.604Z
2026,1,17690,Blake Corum,LAR,RB,vs SF,recYds,Caesars,2.5,over,3.98,-113,-113,0.5305,0.5000,0.0610,0,0.6721,0.1416,0.1721,ev,multiplicative,projection,closing,1,closing,20260911F39A2BD0,2026-10-08T15:34:16.604Z
2026,1,5971,Matthew Stafford,LAR,QB,vs SF,passYds,Hard Rock,156.5,under,245.83,1400,-7000,0.0667,0.0633,0.0526,0,0.2082,0.1416,0.1449,ev,multiplicative,projection,closing,1,closing,20260911F39A2BD0,2026-10-08T15:34:16.604Z
2026,1,5971,Matthew Stafford,LAR,QB,vs SF,passYds,Hard Rock,172.5,under,245.83,800,-3000,0.1111,0.1030,0.0789,0,0.2524,0.1413,0.1494,ev,multiplicative,projection,closing,1,closing,20260911F39A2BD0,2026-10-08T15:34:16.604Z
2026,1,18540,Elijah Arroyo,SEA,TE,vs NE,receptions,FanDuel,1.5,over,1.43,194,,0.3401,0.3401,,1,0.4814,0.1412,0.1412,ev,none,projection,closing,1,closing,20260910B2546DE0,2026-10-08T15:34:16.604Z
2026,1,13432,A.J. Brown,NE,WR,at SEA,recYds,Circa Sports,64.5,over,79.78,-110,-110,0.5238,0.5000,0.0476,0,0.6648,0.1410,0.1648,ev,multiplicative,projection,closing,1,closing,20260910B2546DE0,2026-10-08T15:34:16.604Z
2026,1,5971,Matthew Stafford,LAR,QB,vs SF,passYds,Hard Rock,162.5,under,245.83,1100,-5000,0.0833,0.0783,0.0637,0,0.2242,0.1409,0.1459,ev,multiplicative,projection,closing,1,closing,20260911F39A2BD0,2026-10-08T15:34:16.604Z
2026,1,5971,Matthew Stafford,LAR,QB,vs SF,passYds,Hard Rock,190.5,under,245.83,500,-1000,0.1667,0.1549,0.0758,0,0.3074,0.1407,0.1524,ev,multiplicative,projection,closing,1,closing,20260911F39A2BD0,2026-10-08T15:34:16.604Z
2026,1,5971,Matthew Stafford,LAR,QB,vs SF,passYds,Hard Rock,154.5,under,245.83,1500,-7000,0.0625,0.0596,0.0484,0,0.2031,0.1406,0.1434,ev,multiplicative,projection,closing,1,closing,20260911F39A2BD0,2026-10-08T15:34:16.604Z
2026,1,5971,Matthew Stafford,LAR,QB,vs SF,passYds,Hard Rock,174.5,under,245.83,750,-2500,0.1176,0.1090,0.0792,0,0.2582,0.1406,0.1492,ev,multiplicative,projection,closing,1,closing,20260911F39A2BD0,2026-10-08T15:34:16.604Z
2026,1,9253,Mike Evans,SF,WR,at LAR,receptions,BetRivers,5.5,over,3.97,370,,0.2128,0.2128,,1,0.3532,0.1405,0.1405,ev,none,projection,closing,1,closing,20260911F39A2BD0,2026-10-08T15:34:16.604Z
2026,1,11690,Christian McCaffrey,SF,RB,at LAR,recYds,Hard Rock,65.5,under,33.41,-575,350,0.8519,0.7931,0.0741,0,0.9924,0.1405,0.1993,ev,multiplicative,projection,closing,1,closing,20260911F39A2BD0,2026-10-08T15:34:16.604Z
2026,1,5971,Matthew Stafford,LAR,QB,vs SF,passYds,Hard Rock,184.5,under,245.83,575,-1400,0.1481,0.1370,0.0815,0,0.2885,0.1403,0.1515,ev,multiplicative,projection,closing,1,closing,20260911F39A2BD0,2026-10-08T15:34:16.604Z
2026,1,13432,A.J. Brown,NE,WR,at SEA,recYds,BetRivers,63.5,over,79.78,-115,-115,0.5349,0.5000,0.0698,0,0.6749,0.1400,0.1749,ev,multiplicative,projection,closing,1,closing,20260910B2546DE0,2026-10-08T15:34:16.604Z
2026,1,13432,A.J. Brown,NE,WR,at SEA,recYds,DraftKings,63.5,over,79.78,-115,-115,0.5349,0.5000,0.0698,0,0.6749,0.1400,0.1749,ev,multiplicative,projection,closing,1,closing,20260910B2546DE0,2026-10-08T15:34:16.604Z
2026,1,17811,AJ Barner,SEA,TE,vs NE,recYds,DraftKings,26.5,over,34.09,-111,-112,0.5261,0.4989,0.0544,0,0.6660,0.1399,0.1670,ev,multiplicative,projection,closing,1,closing,20260910B2546DE0,2026-10-08T15:34:16.604Z
2026,1,17811,AJ Barner,SEA,TE,vs NE,recYds,Hard Rock,19.5,over,34.09,-190,115,0.6552,0.5848,0.1203,0,0.7951,0.1399,0.2103,ev,multiplicative,projection,closing,1,closing,20260910B2546DE0,2026-10-08T15:34:16.604Z
2026,1,5971,Matthew Stafford,LAR,QB,vs SF,passYds,Hard Rock,144.5,under,245.83,2500,-9000,0.0385,0.0374,0.0275,0,0.1783,0.1399,0.1409,ev,multiplicative,projection,closing,1,closing,20260911F39A2BD0,2026-10-08T15:34:16.604Z
2026,1,5971,Matthew Stafford,LAR,QB,vs SF,passYds,Hard Rock,192.5,under,245.83,475,-1000,0.1739,0.1606,0.0830,0,0.3138,0.1399,0.1532,ev,multiplicative,projection,closing,1,closing,20260911F39A2BD0,2026-10-08T15:34:16.604Z
2026,1,17690,Blake Corum,LAR,RB,vs SF,rushYds,theScore,36.5,over,49.02,-110,-120,0.5238,0.4899,0.0693,0,0.6636,0.1398,0.1737,ev,multiplicative,projection,closing,1,closing,20260911F39A2BD0,2026-10-08T15:34:16.604Z
2026,1,13432,A.J. Brown,NE,WR,at SEA,recYds,theScore,79.5,over,79.78,175,,0.3636,0.3636,,1,0.5031,0.1395,0.1395,ev,none,projection,closing,1,closing,20260910B2546DE0,2026-10-08T15:34:16.604Z
2026,1,13432,A.J. Brown,NE,WR,at SEA,recYds,DraftKings,62.5,over,79.78,-120,-115,0.5455,0.5049,0.0803,0,0.6848,0.1394,0.1799,ev,multiplicative,projection,closing,1,closing,20260910B2546DE0,2026-10-08T15:34:16.604Z
2026,1,13432,A.J. Brown,NE,WR,at SEA,recYds,Caesars,62.5,over,79.78,-120,-112,0.5455,0.5080,0.0738,0,0.6848,0.1394,0.1768,ev,multiplicative,projection,closing,1,closing,20260910B2546DE0,2026-10-08T15:34:16.604Z
2026,1,5971,Matthew Stafford,LAR,QB,vs SF,passYds,Hard Rock,182.5,under,245.83,600,-1600,0.1429,0.1318,0.0840,0,0.2823,0.1394,0.1505,ev,multiplicative,projection,closing,1,closing,20260911F39A2BD0,2026-10-08T15:34:16.604Z
2026,1,15372,Rhamondre Stevenson,NE,RB,at SEA,recYds,DraftKings,25.5,under,20.57,-115,-109,0.5349,0.5063,0.0564,0,0.6741,0.1392,0.1678,ev,multiplicative,projection,closing,1,closing,20260910B2546DE0,2026-10-08T15:34:16.604Z
2026,1,15372,Rhamondre Stevenson,NE,RB,at SEA,rushAtt,Hard Rock,14.5,over,16.66,-185,,0.6491,0.6491,,1,0.7883,0.1392,0.1392,ev,none,projection,closing,1,closing,20260910B2546DE0,2026-10-08T15:34:16.604Z
2026,1,5971,Matthew Stafford,LAR,QB,vs SF,passYds,Hard Rock,152.5,under,245.83,1600,-8000,0.0588,0.0562,0.0465,0,0.1980,0.1391,0.1417,ev,multiplicative,projection,closing,1,closing,20260911F39A2BD0,2026-10-08T15:34:16.604Z
2026,1,15834,Brock Purdy,SF,QB,at LAR,passAtt,DraftKings,34.5,under,31.59,-130,-105,0.5652,0.5246,0.0774,0,0.7041,0.1389,0.1795,ev,multiplicative,projection,closing,1,closing,20260911F39A2BD0,2026-10-08T15:34:16.604Z
2026,1,15834,Brock Purdy,SF,QB,at LAR,passAtt,theScore,34.5,under,31.59,-130,110,0.5652,0.5427,0.0414,0,0.7041,0.1389,0.1614,ev,multiplicative,projection,closing,1,closing,20260911F39A2BD0,2026-10-08T15:34:16.604Z
2026,1,5971,Matthew Stafford,LAR,QB,vs SF,passYds,Hard Rock,150.5,under,245.83,1750,-8000,0.0541,0.0519,0.0417,0,0.1929,0.1389,0.1410,ev,multiplicative,projection,closing,1,closing,20260911F39A2BD0,2026-10-08T15:34:16.604Z
2026,1,18497,Terrance Ferguson,LAR,TE,vs SF,recYds,Hard Rock,34.5,under,16.97,-195,140,0.6610,0.6134,0.0777,0,0.7998,0.1388,0.1864,ev,multiplicative,projection,closing,1,closing,20260911F39A2BD0,2026-10-08T15:34:16.604Z
2026,1,18540,Elijah Arroyo,SEA,TE,vs NE,recYds,DraftKings,14.5,over,17.59,116,,0.4630,0.4630,,1,0.6017,0.1387,0.1387,ev,none,projection,closing,1,closing,20260910B2546DE0,2026-10-08T15:34:16.604Z
2026,1,5971,Matthew Stafford,LAR,QB,vs SF,passYds,Hard Rock,194.5,under,245.83,450,-900,0.1818,0.1681,0.0818,0,0.3203,0.1385,0.1522,ev,multiplicative,projection,closing,1,closing,20260911F39A2BD0,2026-10-08T15:34:16.604Z
2026,1,5971,Matthew Stafford,LAR,QB,vs SF,passYds,Hard Rock,171.5,under,245.83,800,-3000,0.1111,0.1030,0.0789,0,0.2495,0.1384,0.1465,ev,multiplicative,projection,closing,1,closing,20260911F39A2BD0,2026-10-08T15:34:16.604Z
2026,1,16027,Romeo Doubs,NE,WR,at SEA,recYds,DraftKings,49.5,over,49.28,180,,0.3571,0.3571,,1,0.4955,0.1383,0.1383,ev,none,projection,closing,1,closing,20260910B2546DE0,2026-10-08T15:34:16.604Z
2026,1,11690,Christian McCaffrey,SF,RB,at LAR,recYds,BetRivers,39.5,under,33.41,-117,-120,0.5392,0.4971,0.0846,0,0.6774,0.1383,0.1803,ev,multiplicative,projection,closing,1,closing,20260911F39A2BD0,2026-10-08T15:34:16.604Z
2026,1,16654,Jaxon Smith-Njigba,SEA,WR,vs NE,receptions,theScore,9.5,over,6.83,450,,0.1818,0.1818,,1,0.3200,0.1382,0.1382,ev,none,projection,closing,1,closing,20260910B2546DE0,2026-10-08T15:34:16.604Z
2026,1,5971,Matthew Stafford,LAR,QB,vs SF,passYds,Hard Rock,161.5,under,245.83,1100,-5000,0.0833,0.0783,0.0637,0,0.2215,0.1382,0.1432,ev,multiplicative,projection,closing,1,closing,20260911F39A2BD0,2026-10-08T15:34:16.604Z
2026,1,15807,Kyren Williams,LAR,RB,vs SF,rushYds,Circa Sports,53.5,over,66.77,-110,-110,0.5238,0.5000,0.0476,0,0.6619,0.1381,0.1619,ev,multiplicative,projection,closing,1,closing,20260911F39A2BD0,2026-10-08T15:34:16.604Z
2026,1,13429,Deebo Samuel Sr.,SF,WR,at LAR,recYds,Hard Rock,34.5,over,42.96,120,-165,0.4545,0.4220,0.0772,0,0.5927,0.1381,0.1707,ev,multiplicative,projection,closing,1,closing,20260911F39A2BD0,2026-10-08T15:34:16.604Z
2026,1,5971,Matthew Stafford,LAR,QB,vs SF,passYds,Hard Rock,206.5,under,245.83,350,-600,0.2222,0.2059,0.0794,0,0.3603,0.1380,0.1544,ev,multiplicative,projection,closing,1,closing,20260911F39A2BD0,2026-10-08T15:34:16.604Z
2026,1,18497,Terrance Ferguson,LAR,TE,vs SF,recYds,Hard Rock,39.5,under,16.97,-260,180,0.7222,0.6691,0.0794,0,0.8601,0.1379,0.1910,ev,multiplicative,projection,closing,1,closing,20260911F39A2BD0,2026-10-08T15:34:16.604Z
2026,1,16027,Romeo Doubs,NE,WR,at SEA,recYds,Caesars,19.5,over,49.28,-380,,0.7917,0.7917,,1,0.9294,0.1378,0.1378,ev,none,projection,closing,1,closing,20260910B2546DE0,2026-10-08T15:34:16.604Z
2026,1,16751,DeMario Douglas,NE,WR,at SEA,receptions,BetRivers,3.5,over,2.42,380,,0.2083,0.2083,,1,0.3461,0.1378,0.1378,ev,none,projection,closing,1,closing,20260910B2546DE0,2026-10-08T15:34:16.604Z
2026,1,17690,Blake Corum,LAR,RB,vs SF,rushAtt,DraftKings,15.5,over,10.72,900,,0.1000,0.1000,,1,0.2378,0.1378,0.1378,ev,none,projection,closing,1,closing,20260911F39A2BD0,2026-10-08T15:34:16.604Z
2026,1,16560,Rashid Shaheed,SEA,WR,vs NE,receptions,Caesars,4.5,over,2.87,525,,0.1600,0.1600,,1,0.2977,0.1377,0.1377,ev,none,projection,closing,1,closing,20260910B2546DE0,2026-10-08T15:34:16.604Z
2026,1,5971,Matthew Stafford,LAR,QB,vs SF,passYds,Hard Rock,185.5,under,245.83,550,-1300,0.1538,0.1421,0.0824,0,0.2916,0.1377,0.1494,ev,multiplicative,projection,closing,1,closing,20260911F39A2BD0,2026-10-08T15:34:16.604Z
2026,1,5971,Matthew Stafford,LAR,QB,vs SF,passYds,Hard Rock,173.5,under,245.83,750,-2500,0.1176,0.1090,0.0792,0,0.2553,0.1376,0.1463,ev,multiplicative,projection,closing,1,closing,20260911F39A2BD0,2026-10-08T15:34:16.604Z
2026,1,16751,DeMario Douglas,NE,WR,at SEA,recYds,DraftKings,17.5,over,29.73,-116,-109,0.5370,0.5073,0.0586,0,0.6743,0.1372,0.1670,ev,multiplicative,projection,closing,1,closing,20260910B2546DE0,2026-10-08T15:34:16.604Z
2026,1,17690,Blake Corum,LAR,RB,vs SF,recYds,DraftKings,2.5,over,3.98,-115,-120,0.5349,0.4951,0.0803,0,0.6721,0.1372,0.1770,ev,multiplicative,projection,closing,1,closing,20260911F39A2BD0,2026-10-08T15:34:16.604Z
2026,1,17811,AJ Barner,SEA,TE,vs NE,recYds,Hard Rock,29.5,over,34.09,115,-195,0.4651,0.4130,0.1261,0,0.6023,0.1372,0.1893,ev,multiplicative,projection,closing,1,closing,20260910B2546DE0,2026-10-08T15:34:16.604Z
2026,1,18497,Terrance Ferguson,LAR,TE,vs SF,recYds,Hard Rock,40.5,under,16.97,-275,185,0.7333,0.6764,0.0842,0,0.8705,0.1372,0.1941,ev,multiplicative,projection,closing,1,closing,20260911F39A2BD0,2026-10-08T15:34:16.604Z
2026,1,16560,Rashid Shaheed,SEA,WR,vs NE,receptions,BetRivers,3.5,over,2.87,255,,0.2817,0.2817,,1,0.4187,0.1370,0.1370,ev,none,projection,closing,1,closing,20260910B2546DE0,2026-10-08T15:34:16.604Z
2026,1,18532,Corey Kiner,NE,RB,at SEA,rushYds,FanDuel,7.5,over,11.74,-113,-113,0.5305,0.5000,0.0610,0,0.6674,0.1369,0.1674,ev,multiplicative,projection,closing,1,closing,20260910B2546DE0,2026-10-08T15:34:16.604Z
2026,1,17690,Blake Corum,LAR,RB,vs SF,recYds,BetRivers,5.5,under,3.98,-122,-109,0.5495,0.5131,0.0711,0,0.6865,0.1369,0.1734,ev,multiplicative,projection,closing,1,closing,20260911F39A2BD0,2026-10-08T15:34:16.604Z
2026,1,17811,AJ Barner,SEA,TE,vs NE,recYds,DraftKings,14.5,over,34.09,-269,,0.7290,0.7290,,1,0.8658,0.1368,0.1368,ev,none,projection,closing,1,closing,20260910B2546DE0,2026-10-08T15:34:16.604Z
2026,1,11163,Demarcus Robinson,SF,WR,at LAR,receptions,Hard Rock,1.5,under,0.88,-150,115,0.6000,0.5633,0.0651,0,0.7368,0.1368,0.1735,ev,multiplicative,projection,closing,1,closing,20260911F39A2BD0,2026-10-08T15:34:16.604Z
2026,1,17811,AJ Barner,SEA,TE,vs NE,recYds,Caesars,25.5,over,34.09,-122,-110,0.5495,0.5120,0.0734,0,0.6862,0.1367,0.1743,ev,multiplicative,projection,closing,1,closing,20260910B2546DE0,2026-10-08T15:34:16.604Z
2026,1,11861,Mack Hollins,NE,WR,at SEA,recYds,Hard Rock,3.5,over,16.53,-210,145,0.6774,0.6240,0.0856,0,0.8141,0.1367,0.1901,ev,multiplicative,projection,closing,1,closing,20260910B2546DE0,2026-10-08T15:34:16.604Z
2026,1,5971,Matthew Stafford,LAR,QB,vs SF,passYds,Hard Rock,199.5,under,245.83,400,-750,0.2000,0.1848,0.0824,0,0.3367,0.1367,0.1519,ev,multiplicative,projection,closing,1,closing,20260911F39A2BD0,2026-10-08T15:34:16.604Z
2026,1,5971,Matthew Stafford,LAR,QB,vs SF,passYds,Hard Rock,191.5,under,245.83,475,-1000,0.1739,0.1606,0.0830,0,0.3106,0.1367,0.1500,ev,multiplicative,projection,closing,1,closing,20260911F39A2BD0,2026-10-08T15:34:16.604Z
2026,1,18497,Terrance Ferguson,LAR,TE,vs SF,recYds,Hard Rock,45.5,under,16.97,-350,230,0.7778,0.7196,0.0808,0,0.9144,0.1367,0.1948,ev,multiplicative,projection,closing,1,closing,20260911F39A2BD0,2026-10-08T15:34:16.604Z
2026,1,5971,Matthew Stafford,LAR,QB,vs SF,passYds,Hard Rock,151.5,under,245.83,1600,-9000,0.0588,0.0561,0.0478,0,0.1954,0.1366,0.1393,ev,multiplicative,projection,closing,1,closing,20260911F39A2BD0,2026-10-08T15:34:16.604Z
2026,1,5971,Matthew Stafford,LAR,QB,vs SF,passYds,Hard Rock,149.5,under,245.83,1750,-9000,0.0541,0.0518,0.0431,0,0.1904,0.1364,0.1386,ev,multiplicative,projection,closing,1,closing,20260911F39A2BD0,2026-10-08T15:34:16.604Z
2026,1,5971,Matthew Stafford,LAR,QB,vs SF,passYds,Hard Rock,181.5,under,245.83,600,-1600,0.1429,0.1318,0.0840,0,0.2792,0.1364,0.1474,ev,multiplicative,projection,closing,1,closing,20260911F39A2BD0,2026-10-08T15:34:16.604Z
2026,1,5971,Matthew Stafford,LAR,QB,vs SF,passYds,Hard Rock,202.5,under,245.83,375,-650,0.2105,0.1954,0.0772,0,0.3467,0.1362,0.1513,ev,multiplicative,projection,closing,1,closing,20260911F39A2BD0,2026-10-08T15:34:16.604Z
2026,1,5971,Matthew Stafford,LAR,QB,vs SF,passYds,Hard Rock,175.5,under,245.83,700,-2000,0.1250,0.1160,0.0774,0,0.2612,0.1362,0.1451,ev,multiplicative,projection,closing,1,closing,20260911F39A2BD0,2026-10-08T15:34:16.604Z
2026,1,17673,Drake Maye,NE,QB,at SEA,rushYds,DraftKings,26.5,under,25.57,-120,-115,0.5455,0.5049,0.0803,0,0.6814,0.1360,0.1765,ev,multiplicative,projection,closing,1,closing,20260910B2546DE0,2026-10-08T15:34:16.604Z
2026,1,17811,AJ Barner,SEA,TE,vs NE,recYds,FanDuel,14.5,over,34.09,-270,,0.7297,0.7297,,1,0.8658,0.1360,0.1360,ev,none,projection,closing,1,closing,20260910B2546DE0,2026-10-08T15:34:16.604Z
2026,1,17673,Drake Maye,NE,QB,at SEA,rushYds,Hard Rock,26.5,under,25.57,-120,-110,0.5455,0.5101,0.0693,0,0.6814,0.1360,0.1713,ev,multiplicative,projection,closing,1,closing,20260910B2546DE0,2026-10-08T15:34:16.604Z
2026,1,15807,Kyren Williams,LAR,RB,vs SF,rushYds,DraftKings,59.5,over,66.77,120,,0.4545,0.4545,,1,0.5905,0.1359,0.1359,ev,none,projection,closing,1,closing,20260911F39A2BD0,2026-10-08T15:34:16.604Z
2026,1,17673,Drake Maye,NE,QB,at SEA,completions,DraftKings,25.5,over,21.58,500,,0.1667,0.1667,,1,0.3024,0.1358,0.1358,ev,none,projection,closing,1,closing,20260910B2546DE0,2026-10-08T15:34:16.604Z
2026,1,16027,Romeo Doubs,NE,WR,at SEA,recYds,BetRivers,19.5,over,49.28,-385,,0.7938,0.7938,,1,0.9294,0.1356,0.1356,ev,none,projection,closing,1,closing,20260910B2546DE0,2026-10-08T15:34:16.604Z
2026,1,13429,Deebo Samuel Sr.,SF,WR,at LAR,recYds,FanDuel,29.5,over,42.96,-104,-113,0.5098,0.4900,0.0403,0,0.6454,0.1356,0.1554,ev,multiplicative,projection,closing,1,closing,20260911F39A2BD0,2026-10-08T15:34:16.604Z
2026,1,18497,Terrance Ferguson,LAR,TE,vs SF,recYds,Hard Rock,35.5,under,16.97,-210,145,0.6774,0.6240,0.0856,0,0.8130,0.1356,0.1890,ev,multiplicative,projection,closing,1,closing,20260911F39A2BD0,2026-10-08T15:34:16.604Z
2026,1,5971,Matthew Stafford,LAR,QB,vs SF,passYds,Hard Rock,146.5,under,245.83,2000,-9000,0.0476,0.0459,0.0366,0,0.1831,0.1355,0.1372,ev,multiplicative,projection,closing,1,closing,20260911F39A2BD0,2026-10-08T15:34:16.604Z
2026,1,5971,Matthew Stafford,LAR,QB,vs SF,passYds,Hard Rock,170.5,under,245.83,800,-3000,0.1111,0.1030,0.0789,0,0.2466,0.1355,0.1436,ev,multiplicative,projection,closing,1,closing,20260911F39A2BD0,2026-10-08T15:34:16.604Z
2026,1,17811,AJ Barner,SEA,TE,vs NE,recYds,BetRivers,26.5,over,34.09,-113,-118,0.5305,0.4950,0.0718,0,0.6660,0.1354,0.1710,ev,multiplicative,projection,closing,1,closing,20260910B2546DE0,2026-10-08T15:34:16.604Z
2026,1,13429,Deebo Samuel Sr.,SF,WR,at LAR,recYds,BetRivers,27.5,over,42.96,-113,-118,0.5305,0.4950,0.0718,0,0.6658,0.1353,0.1708,ev,multiplicative,projection,closing,1,closing,20260911F39A2BD0,2026-10-08T15:34:16.604Z
2026,1,10735,Hunter Henry,NE,TE,at SEA,recYds,Caesars,29.5,over,39.85,-154,,0.6063,0.6063,,1,0.7414,0.1351,0.1351,ev,none,projection,closing,1,closing,20260910B2546DE0,2026-10-08T15:34:16.604Z
2026,1,13429,Deebo Samuel Sr.,SF,WR,at LAR,recYds,Caesars,30.5,over,42.96,100,-130,0.5000,0.4694,0.0652,0,0.6351,0.1351,0.1657,ev,multiplicative,projection,closing,1,closing,20260911F39A2BD0,2026-10-08T15:34:16.604Z
2026,1,15807,Kyren Williams,LAR,RB,vs SF,rushYds,DraftKings,69.5,over,66.77,200,,0.3333,0.3333,,1,0.4684,0.1351,0.1351,ev,none,projection,closing,1,closing,20260911F39A2BD0,2026-10-08T15:34:16.604Z
2026,1,16560,Rashid Shaheed,SEA,WR,vs NE,recYds,Circa Sports,29.5,over,41.94,-110,-110,0.5238,0.5000,0.0476,0,0.6589,0.1351,0.1589,ev,multiplicative,projection,closing,1,closing,20260910B2546DE0,2026-10-08T15:34:16.604Z
2026,1,13429,Deebo Samuel Sr.,SF,WR,at LAR,recYds,Caesars,39.5,over,42.96,148,,0.4032,0.4032,,1,0.5382,0.1350,0.1350,ev,none,projection,closing,1,closing,20260911F39A2BD0,2026-10-08T15:34:16.604Z
2026,1,18497,Terrance Ferguson,LAR,TE,vs SF,recYds,Caesars,25.5,under,16.97,-110,-122,0.5238,0.4880,0.0734,0,0.6588,0.1350,0.1708,ev,multiplicative,projection,closing,1,closing,20260911F39A2BD0,2026-10-08T15:34:16.604Z
2026,1,18497,Terrance Ferguson,LAR,TE,vs SF,recYds,Circa Sports,25.5,under,16.97,-110,-110,0.5238,0.5000,0.0476,0,0.6588,0.1350,0.1588,ev,multiplicative,projection,closing,1,closing,20260911F39A2BD0,2026-10-08T15:34:16.604Z
2026,1,14463,Colby Parkinson,LAR,TE,vs SF,recYds,Hard Rock,27.5,under,20.11,-185,130,0.6491,0.5989,0.0839,0,0.7841,0.1350,0.1852,ev,multiplicative,projection,closing,1,closing,20260911F39A2BD0,2026-10-08T15:34:16.604Z
2026,1,13429,Deebo Samuel Sr.,SF,WR,at LAR,recYds,Hard Rock,40.5,over,42.96,155,-220,0.3922,0.3632,0.0797,0,0.5272,0.1350,0.1640,ev,multiplicative,projection,closing,1,closing,20260911F39A2BD0,2026-10-08T15:34:16.604Z
2026,1,16654,Jaxon Smith-Njigba,SEA,WR,vs NE,receptions,BetRivers,8.5,over,6.83,300,,0.2500,0.2500,,1,0.3849,0.1349,0.1349,ev,none,projection,closing,1,closing,20260910B2546DE0,2026-10-08T15:34:16.604Z
2026,1,11163,Demarcus Robinson,SF,WR,at LAR,recYds,Hard Rock,20.5,under,12.4,-250,170,0.7143,0.6585,0.0847,0,0.8491,0.1349,0.1906,ev,multiplicative,projection,closing,1,closing,20260911F39A2BD0,2026-10-08T15:34:16.604Z
2026,1,5971,Matthew Stafford,LAR,QB,vs SF,passYds,Hard Rock,205.5,under,245.83,350,-600,0.2222,0.2059,0.0794,0,0.3569,0.1346,0.1510,ev,multiplicative,projection,closing,1,closing,20260911F39A2BD0,2026-10-08T15:34:16.604Z
2026,1,13432,A.J. Brown,NE,WR,at SEA,recYds,FanDuel,64.5,over,79.78,-113,-113,0.5305,0.5000,0.0610,0,0.6648,0.1343,0.1648,ev,multiplicative,projection,closing,1,closing,20260910B2546DE0,2026-10-08T15:34:16.604Z
2026,1,5971,Matthew Stafford,LAR,QB,vs SF,passAtt,Hard Rock,35.5,under,32.57,-130,100,0.5652,0.5306,0.0652,0,0.6994,0.1342,0.1688,ev,multiplicative,projection,closing,1,closing,20260911F39A2BD0,2026-10-08T15:34:16.604Z
2026,1,13432,A.J. Brown,NE,WR,at SEA,recYds,FanDuel,59.5,over,79.78,-138,,0.5798,0.5798,,1,0.7139,0.1341,0.1341,ev,none,projection,closing,1,closing,20260910B2546DE0,2026-10-08T15:34:16.604Z
2026,1,19348,Eli Raridon,NE,TE,at SEA,receptions,Hard Rock,3.5,over,1.94,1300,,0.0714,0.0714,,1,0.2055,0.1341,0.1341,ev,none,projection,closing,1,closing,20260910B2546DE0,2026-10-08T15:34:16.604Z
2026,1,18497,Terrance Ferguson,LAR,TE,vs SF,recYds,Hard Rock,30.5,under,16.97,-155,115,0.6078,0.5665,0.0730,0,0.7419,0.1340,0.1753,ev,multiplicative,projection,closing,1,closing,20260911F39A2BD0,2026-10-08T15:34:16.604Z
2026,1,10735,Hunter Henry,NE,TE,at SEA,recYds,theScore,19.5,over,39.85,-325,,0.7647,0.7647,,1,0.8985,0.1338,0.1338,ev,none,projection,closing,1,closing,20260910B2546DE0,2026-10-08T15:34:16.604Z
2026,1,16790,Puka Nacua,LAR,WR,vs SF,receptions,DraftKings,9.5,over,7.58,370,,0.2128,0.2128,,1,0.3465,0.1337,0.1337,ev,none,projection,closing,1,closing,20260911F39A2BD0,2026-10-08T15:34:16.604Z
2026,1,10735,Hunter Henry,NE,TE,at SEA,recYds,BetRivers,29.5,over,39.85,-155,,0.6078,0.6078,,1,0.7414,0.1335,0.1335,ev,none,projection,closing,1,closing,20260910B2546DE0,2026-10-08T15:34:16.604Z
2026,1,9253,Mike Evans,SF,WR,at LAR,receptions,Caesars,6.5,over,3.97,650,,0.1333,0.1333,,1,0.2667,0.1334,0.1334,ev,none,projection,closing,1,closing,20260911F39A2BD0,2026-10-08T15:34:16.604Z
2026,1,14463,Colby Parkinson,LAR,TE,vs SF,recYds,Hard Rock,33.5,under,20.11,-375,240,0.7895,0.7286,0.0836,0,0.9229,0.1334,0.1943,ev,multiplicative,projection,closing,1,closing,20260911F39A2BD0,2026-10-08T15:34:16.604Z
2026,1,17673,Drake Maye,NE,QB,at SEA,completions,DraftKings,23.5,over,21.58,275,,0.2667,0.2667,,1,0.4000,0.1333,0.1333,ev,none,projection,closing,1,closing,20260910B2546DE0,2026-10-08T15:34:16.604Z
2026,1,17673,Drake Maye,NE,QB,at SEA,rushYds,Hard Rock,44.5,under,25.57,-650,375,0.8667,0.8046,0.0772,0,1.0000,0.1333,0.1954,ev,multiplicative,projection,closing,1,closing,20260910B2546DE0,2026-10-08T15:34:16.604Z
2026,1,17673,Drake Maye,NE,QB,at SEA,rushYds,Hard Rock,45.5,under,25.57,-650,375,0.8667,0.8046,0.0772,0,1.0000,0.1333,0.1954,ev,multiplicative,projection,closing,1,closing,20260910B2546DE0,2026-10-08T15:34:16.604Z
2026,1,17688,Jordan Whittington,LAR,WR,vs SF,recYds,Hard Rock,22.5,under,4.95,-650,375,0.8667,0.8046,0.0772,0,1.0000,0.1333,0.1954,ev,multiplicative,projection,closing,1,closing,20260911F39A2BD0,2026-10-08T15:34:16.604Z
2026,1,10854,Tyler Higbee,LAR,TE,vs SF,recYds,Hard Rock,34.5,under,9.19,-650,375,0.8667,0.8046,0.0772,0,1.0000,0.1333,0.1954,ev,multiplicative,projection,closing,1,closing,20260911F39A2BD0,2026-10-08T15:34:16.604Z
2026,1,16027,Romeo Doubs,NE,WR,at SEA,recYds,DraftKings,14.5,over,49.28,-468,,0.8239,0.8239,,1,0.9572,0.1332,0.1332,ev,none,projection,closing,1,closing,20260910B2546DE0,2026-10-08T15:34:16.604Z
2026,1,16751,DeMario Douglas,NE,WR,at SEA,recYds,Caesars,17.5,over,29.73,-118,-112,0.5413,0.5061,0.0696,0,0.6743,0.1330,0.1682,ev,multiplicative,projection,closing,1,closing,20260910B2546DE0,2026-10-08T15:34:16.604Z
2026,1,5971,Matthew Stafford,LAR,QB,vs SF,passYds,Hard Rock,201.5,under,245.83,375,-700,0.2105,0.1939,0.0855,0,0.3434,0.1329,0.1494,ev,multiplicative,projection,closing,1,closing,20260911F39A2BD0,2026-10-08T15:34:16.604Z
2026,1,16418,Jake Tonges,SF,TE,at LAR,recYds,Hard Rock,26.5,under,8.35,-500,300,0.8333,0.7692,0.0833,0,0.9662,0.1328,0.1969,ev,multiplicative,projection,closing,1,closing,20260911F39A2BD0,2026-10-08T15:34:16.604Z
2026,1,15807,Kyren Williams,LAR,RB,vs SF,rushAtt,Caesars,13.5,over,14.93,108,-143,0.4808,0.4496,0.0692,0,0.6133,0.1325,0.1637,ev,multiplicative,projection,closing,1,closing,20260911F39A2BD0,2026-10-08T15:34:16.604Z
2026,1,5971,Matthew Stafford,LAR,QB,vs SF,passYds,Hard Rock,165.5,under,245.83,900,-3000,0.1000,0.0937,0.0677,0,0.2325,0.1325,0.1388,ev,multiplicative,projection,closing,1,closing,20260911F39A2BD0,2026-10-08T15:34:16.604Z
2026,1,11163,Demarcus Robinson,SF,WR,at LAR,recYds,Hard Rock,18.5,under,12.4,-185,135,0.6491,0.6040,0.0747,0,0.7816,0.1325,0.1776,ev,multiplicative,projection,closing,1,closing,20260911F39A2BD0,2026-10-08T15:34:16.604Z
2026,1,11861,Mack Hollins,NE,WR,at SEA,recYds,Caesars,10.5,over,16.53,-112,-118,0.5283,0.4939,0.0696,0,0.6603,0.1320,0.1664,ev,multiplicative,projection,closing,1,closing,20260910B2546DE0,2026-10-08T15:34:16.604Z
2026,1,11690,Christian McCaffrey,SF,RB,at LAR,recYds,DraftKings,39.5,under,33.41,-120,-110,0.5455,0.5101,0.0693,0,0.6774,0.1320,0.1673,ev,multiplicative,projection,closing,1,closing,20260911F39A2BD0,2026-10-08T15:34:16.604Z
2026,1,13429,Deebo Samuel Sr.,SF,WR,at LAR,recYds,Circa Sports,28.5,over,42.96,-110,-110,0.5238,0.5000,0.0476,0,0.6557,0.1319,0.1557,ev,multiplicative,projection,closing,1,closing,20260911F39A2BD0,2026-10-08T15:34:16.604Z
2026,1,16027,Romeo Doubs,NE,WR,at SEA,recYds,BetRivers,49.5,over,49.28,175,,0.3636,0.3636,,1,0.4955,0.1318,0.1318,ev,none,projection,closing,1,closing,20260910B2546DE0,2026-10-08T15:34:16.604Z
2026,1,18497,Terrance Ferguson,LAR,TE,vs SF,recYds,Hard Rock,37.5,under,16.97,-240,170,0.7059,0.6559,0.0763,0,0.8377,0.1318,0.1818,ev,multiplicative,projection,closing,1,closing,20260911F39A2BD0,2026-10-08T15:34:16.604Z
2026,1,10735,Hunter Henry,NE,TE,at SEA,recYds,Hard Rock,28.5,over,39.85,-170,120,0.6296,0.5807,0.0842,0,0.7612,0.1316,0.1805,ev,multiplicative,projection,closing,1,closing,20260910B2546DE0,2026-10-08T15:34:16.604Z
2026,1,17811,AJ Barner,SEA,TE,vs NE,recYds,Hard Rock,24.5,over,34.09,-135,-120,0.5745,0.5130,0.1199,0,0.7060,0.1315,0.1930,ev,multiplicative,projection,closing,1,closing,20260910B2546DE0,2026-10-08T15:34:16.604Z
2026,1,10735,Hunter Henry,NE,TE,at SEA,recYds,Hard Rock,18.5,over,39.85,-350,230,0.7778,0.7196,0.0808,0,0.9092,0.1314,0.1896,ev,multiplicative,projection,closing,1,closing,20260910B2546DE0,2026-10-08T15:34:16.604Z
2026,1,15807,Kyren Williams,LAR,RB,vs SF,rushAtt,BetRivers,14.5,over,14.93,148,,0.4032,0.4032,,1,0.5345,0.1313,0.1313,ev,none,projection,closing,1,closing,20260911F39A2BD0,2026-10-08T15:34:16.604Z
2026,1,5971,Matthew Stafford,LAR,QB,vs SF,passYds,Hard Rock,204.5,under,245.83,350,-600,0.2222,0.2059,0.0794,0,0.3535,0.1313,0.1476,ev,multiplicative,projection,closing,1,closing,20260911F39A2BD0,2026-10-08T15:34:16.604Z
2026,1,16790,Puka Nacua,LAR,WR,vs SF,receptions,DraftKings,10.5,over,7.58,600,,0.1429,0.1429,,1,0.2741,0.1312,0.1312,ev,none,projection,closing,1,closing,20260911F39A2BD0,2026-10-08T15:34:16.604Z
2026,1,13429,Deebo Samuel Sr.,SF,WR,at LAR,recYds,DraftKings,27.5,over,42.96,-115,-120,0.5349,0.4951,0.0803,0,0.6658,0.1309,0.1707,ev,multiplicative,projection,closing,1,closing,20260911F39A2BD0,2026-10-08T15:34:16.604Z
2026,1,17690,Blake Corum,LAR,RB,vs SF,rushYds,FanDuel,36.5,over,49.02,-114,-114,0.5327,0.5000,0.0654,0,0.6636,0.1309,0.1636,ev,multiplicative,projection,closing,1,closing,20260911F39A2BD0,2026-10-08T15:34:16.604Z
2026,1,5971,Matthew Stafford,LAR,QB,vs SF,passYds,Hard Rock,212.5,under,245.83,300,-475,0.2500,0.2323,0.0761,0,0.3809,0.1309,0.1486,ev,multiplicative,projection,closing,1,closing,20260911F39A2BD0,2026-10-08T15:34:16.604Z
2026,1,13432,A.J. Brown,NE,WR,at SEA,recYds,Circa Sports,65.5,over,79.78,-110,-110,0.5238,0.5000,0.0476,0,0.6546,0.1308,0.1546,ev,multiplicative,projection,closing,1,closing,20260910B2546DE0,2026-10-08T15:34:16.604Z
2026,1,17811,AJ Barner,SEA,TE,vs NE,recYds,BetRivers,29.5,over,34.09,112,,0.4717,0.4717,,1,0.6023,0.1306,0.1306,ev,none,projection,closing,1,closing,20260910B2546DE0,2026-10-08T15:34:16.604Z
2026,1,13432,A.J. Brown,NE,WR,at SEA,recYds,DraftKings,59.5,over,79.78,-140,-110,0.5833,0.5269,0.1071,0,0.7139,0.1306,0.1870,ev,multiplicative,projection,closing,1,closing,20260910B2546DE0,2026-10-08T15:34:16.604Z
2026,1,10735,Hunter Henry,NE,TE,at SEA,recYds,Circa Sports,33.5,over,39.85,-110,-110,0.5238,0.5000,0.0476,0,0.6544,0.1306,0.1544,ev,multiplicative,projection,closing,1,closing,20260910B2546DE0,2026-10-08T15:34:16.604Z
2026,1,13429,Deebo Samuel Sr.,SF,WR,at LAR,recYds,DraftKings,26.5,over,42.96,-120,-115,0.5455,0.5049,0.0803,0,0.6759,0.1304,0.1710,ev,multiplicative,projection,closing,1,closing,20260911F39A2BD0,2026-10-08T15:34:16.604Z
2026,1,17968,George Holani,SEA,RB,vs NE,recYds,Hard Rock,31.5,under,8.3,-575,325,0.8519,0.7836,0.0871,0,0.9819,0.1301,0.1983,ev,multiplicative,projection,closing,1,closing,20260910B2546DE0,2026-10-08T15:34:16.604Z
2026,1,13432,A.J. Brown,NE,WR,at SEA,recYds,FanDuel,79.5,over,79.78,168,,0.3731,0.3731,,1,0.5031,0.1300,0.1300,ev,none,projection,closing,1,closing,20260910B2546DE0,2026-10-08T15:34:16.604Z
2026,1,15372,Rhamondre Stevenson,NE,RB,at SEA,rushYds,theScore,39.5,over,72.39,-375,100,0.7895,0.6122,0.2895,0,0.9195,0.1300,0.3072,ev,multiplicative,projection,closing,1,closing,20260910B2546DE0,2026-10-08T15:34:16.604Z
2026,1,13432,A.J. Brown,NE,WR,at SEA,recYds,DraftKings,64.5,over,79.78,-115,-120,0.5349,0.4951,0.0803,0,0.6648,0.1299,0.1697,ev,multiplicative,projection,closing,1,closing,20260910B2546DE0,2026-10-08T15:34:16.604Z
2026,1,17673,Drake Maye,NE,QB,at SEA,passYds,Hard Rock,266.5,over,255.56,220,-325,0.3125,0.2901,0.0772,0,0.4421,0.1296,0.1520,ev,multiplicative,projection,closing,1,closing,20260910B2546DE0,2026-10-08T15:34:16.604Z
2026,1,5971,Matthew Stafford,LAR,QB,vs SF,passYds,Hard Rock,200.5,under,245.83,375,-650,0.2105,0.1954,0.0772,0,0.3400,0.1295,0.1446,ev,multiplicative,projection,closing,1,closing,20260911F39A2BD0,2026-10-08T15:34:16.604Z
2026,1,13432,A.J. Brown,NE,WR,at SEA,recYds,Caesars,63.5,over,79.78,-120,-112,0.5455,0.5080,0.0738,0,0.6749,0.1294,0.1669,ev,multiplicative,projection,closing,1,closing,20260910B2546DE0,2026-10-08T15:34:16.604Z
2026,1,15807,Kyren Williams,LAR,RB,vs SF,rushYds,BetRivers,69.5,over,66.77,195,,0.3390,0.3390,,1,0.4684,0.1294,0.1294,ev,none,projection,closing,1,closing,20260911F39A2BD0,2026-10-08T15:34:16.604Z
2026,1,13429,Deebo Samuel Sr.,SF,WR,at LAR,recYds,Hard Rock,44.5,over,42.96,200,-275,0.3333,0.3125,0.0667,0,0.4628,0.1294,0.1503,ev,multiplicative,projection,closing,1,closing,20260911F39A2BD0,2026-10-08T15:34:16.604Z
2026,1,16790,Puka Nacua,LAR,WR,vs SF,receptions,BetRivers,9.5,over,7.58,360,,0.2174,0.2174,,1,0.3465,0.1291,0.1291,ev,none,projection,closing,1,closing,20260911F39A2BD0,2026-10-08T15:34:16.604Z
2026,1,17673,Drake Maye,NE,QB,at SEA,completions,theScore,22.5,over,21.58,210,,0.3226,0.3226,,1,0.4517,0.1291,0.1291,ev,none,projection,closing,1,closing,20260910B2546DE0,2026-10-08T15:34:16.604Z
2026,1,11163,Demarcus Robinson,SF,WR,at LAR,receptions,theScore,1.5,under,0.88,-155,120,0.6078,0.5721,0.0624,0,0.7368,0.1290,0.1647,ev,multiplicative,projection,closing,1,closing,20260911F39A2BD0,2026-10-08T15:34:16.604Z
2026,1,18497,Terrance Ferguson,LAR,TE,vs SF,recYds,Hard Rock,44.5,under,16.97,-350,225,0.7778,0.7165,0.0855,0,0.9067,0.1289,0.1902,ev,multiplicative,projection,closing,1,closing,20260911F39A2BD0,2026-10-08T15:34:16.604Z
2026,1,5971,Matthew Stafford,LAR,QB,vs SF,passYds,Hard Rock,155.5,under,245.83,1200,-5000,0.0769,0.0728,0.0573,0,0.2056,0.1287,0.1329,ev,multiplicative,projection,closing,1,closing,20260911F39A2BD0,2026-10-08T15:34:16.604Z
2026,1,15372,Rhamondre Stevenson,NE,RB,at SEA,recYds,BetRivers,25.5,under,20.57,-120,-112,0.5455,0.5080,0.0738,0,0.6741,0.1286,0.1661,ev,multiplicative,projection,closing,1,closing,20260910B2546DE0,2026-10-08T15:34:16.604Z
2026,1,14463,Colby Parkinson,LAR,TE,vs SF,recYds,Hard Rock,38.5,under,20.11,-550,325,0.8462,0.7824,0.0814,0,0.9748,0.1286,0.1924,ev,multiplicative,projection,closing,1,closing,20260911F39A2BD0,2026-10-08T15:34:16.604Z
2026,1,17811,AJ Barner,SEA,TE,vs NE,recYds,BetRivers,19.5,over,34.09,-200,,0.6667,0.6667,,1,0.7951,0.1284,0.1284,ev,none,projection,closing,1,closing,20260910B2546DE0,2026-10-08T15:34:16.604Z
2026,1,17811,AJ Barner,SEA,TE,vs NE,recYds,Caesars,19.5,over,34.09,-200,,0.6667,0.6667,,1,0.7951,0.1284,0.1284,ev,none,projection,closing,1,closing,20260910B2546DE0,2026-10-08T15:34:16.604Z
2026,1,15372,Rhamondre Stevenson,NE,RB,at SEA,rushYds,Hard Rock,62.5,over,72.39,-115,-115,0.5349,0.5000,0.0698,0,0.6633,0.1284,0.1633,ev,multiplicative,projection,closing,1,closing,20260910B2546DE0,2026-10-08T15:34:16.604Z
2026,1,16751,DeMario Douglas,NE,WR,at SEA,recYds,FanDuel,18.5,over,29.73,-114,-114,0.5327,0.5000,0.0654,0,0.6609,0.1282,0.1609,ev,multiplicative,projection,closing,1,closing,20260910B2546DE0,2026-10-08T15:34:16.604Z
2026,1,16560,Rashid Shaheed,SEA,WR,vs NE,receptions,FanDuel,4.5,over,2.87,490,,0.1695,0.1695,,1,0.2977,0.1282,0.1282,ev,none,projection,closing,1,closing,20260910B2546DE0,2026-10-08T15:34:16.604Z
2026,1,13429,Deebo Samuel Sr.,SF,WR,at LAR,receptions,DraftKings,4.5,over,3.36,425,,0.1905,0.1905,,1,0.3186,0.1281,0.1281,ev,none,projection,closing,1,closing,20260911F39A2BD0,2026-10-08T15:34:16.604Z
2026,1,5971,Matthew Stafford,LAR,QB,vs SF,passYds,Hard Rock,216.5,under,245.83,275,-425,0.2667,0.2478,0.0762,0,0.3948,0.1281,0.1470,ev,multiplicative,projection,closing,1,closing,20260911F39A2BD0,2026-10-08T15:34:16.604Z
2026,1,15807,Kyren Williams,LAR,RB,vs SF,rushYds,DraftKings,52.5,over,66.77,-120,-115,0.5455,0.5049,0.0803,0,0.6733,0.1279,0.1684,ev,multiplicative,projection,closing,1,closing,20260911F39A2BD0,2026-10-08T15:34:16.604Z
2026,1,5971,Matthew Stafford,LAR,QB,vs SF,passYds,Hard Rock,203.5,under,245.83,350,-650,0.2222,0.2041,0.0889,0,0.3501,0.1279,0.1460,ev,multiplicative,projection,closing,1,closing,20260911F39A2BD0,2026-10-08T15:34:16.604Z
2026,1,15834,Brock Purdy,SF,QB,at LAR,passAtt,Caesars,34.5,under,31.59,-136,102,0.5763,0.5379,0.0713,0,0.7041,0.1278,0.1662,ev,multiplicative,projection,closing,1,closing,20260911F39A2BD0,2026-10-08T15:34:16.604Z
2026,1,15807,Kyren Williams,LAR,RB,vs SF,rushYds,FanDuel,59.5,over,66.77,116,,0.4630,0.4630,,1,0.5905,0.1275,0.1275,ev,none,projection,closing,1,closing,20260911F39A2BD0,2026-10-08T15:34:16.604Z
2026,1,13429,Deebo Samuel Sr.,SF,WR,at LAR,recYds,DraftKings,28.5,over,42.96,-112,-112,0.5283,0.5000,0.0566,0,0.6557,0.1274,0.1557,ev,multiplicative,projection,closing,1,closing,20260911F39A2BD0,2026-10-08T15:34:16.604Z
2026,1,5971,Matthew Stafford,LAR,QB,vs SF,passYds,Hard Rock,211.5,under,245.83,300,-475,0.2500,0.2323,0.0761,0,0.3774,0.1274,0.1451,ev,multiplicative,projection,closing,1,closing,20260911F39A2BD0,2026-10-08T15:34:16.604Z
2026,1,16418,Jake Tonges,SF,TE,at LAR,recYds,Hard Rock,16.5,under,8.35,-200,145,0.6667,0.6203,0.0748,0,0.7940,0.1274,0.1738,ev,multiplicative,projection,closing,1,closing,20260911F39A2BD0,2026-10-08T15:34:16.604Z
2026,1,16027,Romeo Doubs,NE,WR,at SEA,receptions,theScore,3.5,over,3.72,130,-170,0.4348,0.4085,0.0644,0,0.5621,0.1273,0.1536,ev,multiplicative,projection,closing,1,closing,20260910B2546DE0,2026-10-08T15:34:16.604Z
2026,1,13429,Deebo Samuel Sr.,SF,WR,at LAR,recYds,Hard Rock,35.5,over,42.96,120,-165,0.4545,0.4220,0.0772,0,0.5819,0.1273,0.1599,ev,multiplicative,projection,closing,1,closing,20260911F39A2BD0,2026-10-08T15:34:16.604Z
2026,1,10735,Hunter Henry,NE,TE,at SEA,receptions,FanDuel,3.5,over,3.59,148,-200,0.4032,0.3769,0.0699,0,0.5302,0.1270,0.1534,ev,multiplicative,projection,closing,1,closing,20260910B2546DE0,2026-10-08T15:34:16.604Z
2026,1,17690,Blake Corum,LAR,RB,vs SF,rushYds,BetRivers,59.5,over,49.02,260,,0.2778,0.2778,,1,0.4048,0.1270,0.1270,ev,none,projection,closing,1,closing,20260911F39A2BD0,2026-10-08T15:34:16.604Z
2026,1,15807,Kyren Williams,LAR,RB,vs SF,rushYds,BetRivers,53.5,over,66.77,-115,-114,0.5349,0.5010,0.0676,0,0.6619,0.1270,0.1609,ev,multiplicative,projection,closing,1,closing,20260911F39A2BD0,2026-10-08T15:34:16.604Z
2026,1,15807,Kyren Williams,LAR,RB,vs SF,rushYds,DraftKings,53.5,over,66.77,-115,-115,0.5349,0.5000,0.0698,0,0.6619,0.1270,0.1619,ev,multiplicative,projection,closing,1,closing,20260911F39A2BD0,2026-10-08T15:34:16.604Z
2026,1,18497,Terrance Ferguson,LAR,TE,vs SF,recYds,Hard Rock,38.5,under,16.97,-260,180,0.7222,0.6691,0.0794,0,0.8492,0.1269,0.1800,ev,multiplicative,projection,closing,1,closing,20260911F39A2BD0,2026-10-08T15:34:16.604Z
2026,1,17690,Blake Corum,LAR,RB,vs SF,recYds,BetRivers,2.5,over,3.98,-120,-112,0.5455,0.5080,0.0738,0,0.6721,0.1266,0.1641,ev,multiplicative,projection,closing,1,closing,20260911F39A2BD0,2026-10-08T15:34:16.604Z
2026,1,17690,Blake Corum,LAR,RB,vs SF,rushYds,BetRivers,69.5,over,49.02,420,,0.1923,0.1923,,1,0.3189,0.1266,0.1266,ev,none,projection,closing,1,closing,20260911F39A2BD0,2026-10-08T15:34:16.604Z
2026,1,17690,Blake Corum,LAR,RB,vs SF,rushYds,DraftKings,36.5,over,49.02,-116,-108,0.5370,0.5084,0.0563,0,0.6636,0.1265,0.1551,ev,multiplicative,projection,closing,1,closing,20260911F39A2BD0,2026-10-08T15:34:16.604Z
2026,1,17673,Drake Maye,NE,QB,at SEA,completions,DraftKings,27.5,over,21.58,1000,,0.0909,0.0909,,1,0.2173,0.1264,0.1264,ev,none,projection,closing,1,closing,20260910B2546DE0,2026-10-08T15:34:16.604Z
2026,1,16027,Romeo Doubs,NE,WR,at SEA,receptions,Caesars,2.5,over,3.72,-213,,0.6805,0.6805,,1,0.8068,0.1263,0.1263,ev,none,projection,closing,1,closing,20260910B2546DE0,2026-10-08T15:34:16.604Z
2026,1,13429,Deebo Samuel Sr.,SF,WR,at LAR,receptions,BetRivers,4.5,over,3.36,420,,0.1923,0.1923,,1,0.3186,0.1263,0.1263,ev,none,projection,closing,1,closing,20260911F39A2BD0,2026-10-08T15:34:16.604Z
2026,1,18532,Corey Kiner,NE,RB,at SEA,rushYds,Caesars,7.5,over,11.74,-118,-113,0.5413,0.5050,0.0718,0,0.6674,0.1261,0.1623,ev,multiplicative,projection,closing,1,closing,20260910B2546DE0,2026-10-08T15:34:16.604Z
2026,1,18497,Terrance Ferguson,LAR,TE,vs SF,recYds,FanDuel,25.5,under,16.97,-114,-114,0.5327,0.5000,0.0654,0,0.6588,0.1261,0.1588,ev,multiplicative,projection,closing,1,closing,20260911F39A2BD0,2026-10-08T15:34:16.604Z
2026,1,18497,Terrance Ferguson,LAR,TE,vs SF,recYds,Hard Rock,29.5,under,16.97,-150,110,0.6000,0.5575,0.0762,0,0.7261,0.1261,0.1686,ev,multiplicative,projection,closing,1,closing,20260911F39A2BD0,2026-10-08T15:34:16.604Z
2026,1,16751,DeMario Douglas,NE,WR,at SEA,recYds,DraftKings,18.5,over,29.73,-115,-109,0.5349,0.5063,0.0564,0,0.6609,0.1260,0.1545,ev,multiplicative,projection,closing,1,closing,20260910B2546DE0,2026-10-08T15:34:16.604Z
2026,1,13429,Deebo Samuel Sr.,SF,WR,at LAR,receptions,BetRivers,3.5,over,3.36,185,,0.3509,0.3509,,1,0.4769,0.1260,0.1260,ev,none,projection,closing,1,closing,20260911F39A2BD0,2026-10-08T15:34:16.604Z
2026,1,9253,Mike Evans,SF,WR,at LAR,receptions,DraftKings,5.5,over,3.97,340,,0.2273,0.2273,,1,0.3532,0.1260,0.1260,ev,none,projection,closing,1,closing,20260911F39A2BD0,2026-10-08T15:34:16.604Z
2026,1,16751,DeMario Douglas,NE,WR,at SEA,recYds,Hard Rock,28.5,over,29.73,155,-220,0.3922,0.3632,0.0797,0,0.5181,0.1260,0.1549,ev,multiplicative,projection,closing,1,closing,20260910B2546DE0,2026-10-08T15:34:16.604Z
2026,1,11690,Christian McCaffrey,SF,RB,at LAR,recYds,Circa Sports,38.5,under,33.41,-110,-110,0.5238,0.5000,0.0476,0,0.6498,0.1260,0.1498,ev,multiplicative,projection,closing,1,closing,20260911F39A2BD0,2026-10-08T15:34:16.604Z
2026,1,11690,Christian McCaffrey,SF,RB,at LAR,recYds,Hard Rock,38.5,under,33.41,-110,-120,0.5238,0.4899,0.0693,0,0.6498,0.1260,0.1600,ev,multiplicative,projection,closing,1,closing,20260911F39A2BD0,2026-10-08T15:34:16.604Z
2026,1,15807,Kyren Williams,LAR,RB,vs SF,rushYds,Circa Sports,79.5,over,66.77,335,-415,0.2299,0.2220,0.0357,0,0.3559,0.1260,0.1339,ev,multiplicative,projection,closing,1,closing,20260911F39A2BD0,2026-10-08T15:34:16.604Z
2026,1,16751,DeMario Douglas,NE,WR,at SEA,recYds,Hard Rock,23.5,over,29.73,115,-160,0.4651,0.4305,0.0805,0,0.5910,0.1259,0.1605,ev,multiplicative,projection,closing,1,closing,20260910B2546DE0,2026-10-08T15:34:16.604Z
2026,1,15807,Kyren Williams,LAR,RB,vs SF,rushYds,BetRivers,52.5,over,66.77,-121,-110,0.5475,0.5111,0.0713,0,0.6733,0.1258,0.1623,ev,multiplicative,projection,closing,1,closing,20260911F39A2BD0,2026-10-08T15:34:16.604Z
2026,1,11861,Mack Hollins,NE,WR,at SEA,recYds,Caesars,9.5,over,16.53,-127,-112,0.5595,0.5143,0.0878,0,0.6851,0.1256,0.1707,ev,multiplicative,projection,closing,1,closing,20260910B2546DE0,2026-10-08T15:34:16.604Z
2026,1,15372,Rhamondre Stevenson,NE,RB,at SEA,rushYds,BetRivers,39.5,over,72.39,-385,-113,0.7938,0.5994,0.3243,0,0.9195,0.1256,0.3200,ev,multiplicative,projection,closing,1,closing,20260910B2546DE0,2026-10-08T15:34:16.604Z
2026,1,16654,Jaxon Smith-Njigba,SEA,WR,vs NE,receptions,Caesars,8.5,over,6.83,285,,0.2597,0.2597,,1,0.3849,0.1252,0.1252,ev,none,projection,closing,1,closing,20260910B2546DE0,2026-10-08T15:34:16.604Z
2026,1,13429,Deebo Samuel Sr.,SF,WR,at LAR,recYds,FanDuel,28.5,over,42.96,-113,-113,0.5305,0.5000,0.0610,0,0.6557,0.1252,0.1557,ev,multiplicative,projection,closing,1,closing,20260911F39A2BD0,2026-10-08T15:34:16.604Z
2026,1,10854,Tyler Higbee,LAR,TE,vs SF,recYds,Hard Rock,37.5,under,9.19,-700,400,0.8750,0.8140,0.0750,0,1.0000,0.1250,0.1860,ev,multiplicative,projection,closing,1,closing,20260911F39A2BD0,2026-10-08T15:34:16.604Z
2026,1,17688,Jordan Whittington,LAR,WR,vs SF,recYds,Hard Rock,21.5,under,4.95,-700,400,0.8750,0.8140,0.0750,0,1.0000,0.1250,0.1860,ev,multiplicative,projection,closing,1,closing,20260911F39A2BD0,2026-10-08T15:34:16.604Z
2026,1,18497,Terrance Ferguson,LAR,TE,vs SF,recYds,Hard Rock,42.5,under,16.97,-325,210,0.7647,0.7033,0.0873,0,0.8897,0.1250,0.1863,ev,multiplicative,projection,closing,1,closing,20260911F39A2BD0,2026-10-08T15:34:16.604Z
2026,1,10854,Tyler Higbee,LAR,TE,vs SF,recYds,Hard Rock,33.5,under,9.19,-700,375,0.8750,0.8061,0.0855,0,1.0000,0.1250,0.1939,ev,multiplicative,projection,closing,1,closing,20260911F39A2BD0,2026-10-08T15:34:16.604Z
2026,1,13429,Deebo Samuel Sr.,SF,WR,at LAR,rushYds,Hard Rock,24.5,under,4.1,-700,375,0.8750,0.8061,0.0855,0,1.0000,0.1250,0.1939,ev,multiplicative,projection,closing,1,closing,20260911F39A2BD0,2026-10-08T15:34:16.604Z
2026,1,13432,A.J. Brown,NE,WR,at SEA,recYds,DraftKings,69.5,over,79.78,105,,0.4878,0.4878,,1,0.6127,0.1249,0.1249,ev,none,projection,closing,1,closing,20260910B2546DE0,2026-10-08T15:34:16.604Z
2026,1,13432,A.J. Brown,NE,WR,at SEA,recYds,Hard Rock,69.5,over,79.78,105,-140,0.4878,0.4554,0.0711,0,0.6127,0.1249,0.1573,ev,multiplicative,projection,closing,1,closing,20260910B2546DE0,2026-10-08T15:34:16.604Z
2026,1,16418,Jake Tonges,SF,TE,at LAR,recYds,Hard Rock,20.5,under,8.35,-325,230,0.7647,0.7162,0.0677,0,0.8894,0.1247,0.1732,ev,multiplicative,projection,closing,1,closing,20260911F39A2BD0,2026-10-08T15:34:16.604Z
2026,1,13429,Deebo Samuel Sr.,SF,WR,at LAR,recYds,Caesars,31.5,over,42.96,100,-130,0.5000,0.4694,0.0652,0,0.6246,0.1246,0.1552,ev,multiplicative,projection,closing,1,closing,20260911F39A2BD0,2026-10-08T15:34:16.604Z
2026,1,17673,Drake Maye,NE,QB,at SEA,passYds,Hard Rock,256.5,over,255.56,170,-250,0.3704,0.3415,0.0847,0,0.4950,0.1246,0.1535,ev,multiplicative,projection,closing,1,closing,20260910B2546DE0,2026-10-08T15:34:16.604Z
2026,1,16027,Romeo Doubs,NE,WR,at SEA,recYds,Hard Rock,43.5,over,49.28,105,-175,0.4878,0.4339,0.1242,0,0.6124,0.1246,0.1785,ev,multiplicative,projection,closing,1,closing,20260910B2546DE0,2026-10-08T15:34:16.604Z
2026,1,5971,Matthew Stafford,LAR,QB,vs SF,passYds,Hard Rock,215.5,under,245.83,275,-425,0.2667,0.2478,0.0762,0,0.3913,0.1246,0.1435,ev,multiplicative,projection,closing,1,closing,20260911F39A2BD0,2026-10-08T15:34:16.604Z
2026,1,11163,Demarcus Robinson,SF,WR,at LAR,recYds,Hard Rock,37.5,under,12.4,-700,400,0.8750,0.8140,0.0750,0,0.9993,0.1243,0.1854,ev,multiplicative,projection,closing,1,closing,20260911F39A2BD0,2026-10-08T15:34:16.604Z
2026,1,18540,Elijah Arroyo,SEA,TE,vs NE,receptions,DraftKings,1.5,over,1.43,180,-225,0.3571,0.3403,0.0495,0,0.4814,0.1242,0.1410,ev,multiplicative,projection,closing,1,closing,20260910B2546DE0,2026-10-08T15:34:16.604Z
2026,1,18540,Elijah Arroyo,SEA,TE,vs NE,receptions,Hard Rock,1.5,over,1.43,180,-275,0.3571,0.3275,0.0905,0,0.4814,0.1242,0.1538,ev,multiplicative,projection,closing,1,closing,20260910B2546DE0,2026-10-08T15:34:16.604Z
2026,1,5971,Matthew Stafford,LAR,QB,vs SF,passYds,Hard Rock,210.5,under,245.83,300,-475,0.2500,0.2323,0.0761,0,0.3740,0.1240,0.1416,ev,multiplicative,projection,closing,1,closing,20260911F39A2BD0,2026-10-08T15:34:16.604Z
2026,1,10735,Hunter Henry,NE,TE,at SEA,recYds,FanDuel,33.5,over,39.85,-113,-113,0.5305,0.5000,0.0610,0,0.6544,0.1239,0.1544,ev,multiplicative,projection,closing,1,closing,20260910B2546DE0,2026-10-08T15:34:16.604Z
2026,1,18497,Terrance Ferguson,LAR,TE,vs SF,recYds,DraftKings,25.5,under,16.97,-115,-109,0.5349,0.5063,0.0564,0,0.6588,0.1239,0.1525,ev,multiplicative,projection,closing,1,closing,20260911F39A2BD0,2026-10-08T15:34:16.604Z
2026,1,18497,Terrance Ferguson,LAR,TE,vs SF,recYds,Hard Rock,25.5,under,16.97,-115,-115,0.5349,0.5000,0.0698,0,0.6588,0.1239,0.1588,ev,multiplicative,projection,closing,1,closing,20260911F39A2BD0,2026-10-08T15:34:16.604Z
2026,1,11163,Demarcus Robinson,SF,WR,at LAR,recYds,Hard Rock,36.5,under,12.4,-700,375,0.8750,0.8061,0.0855,0,0.9989,0.1239,0.1929,ev,multiplicative,projection,closing,1,closing,20260911F39A2BD0,2026-10-08T15:34:16.604Z
2026,1,17673,Drake Maye,NE,QB,at SEA,passYds,Hard Rock,276.5,over,255.56,275,-425,0.2667,0.2478,0.0762,0,0.3902,0.1235,0.1424,ev,multiplicative,projection,closing,1,closing,20260910B2546DE0,2026-10-08T15:34:16.604Z
2026,1,17811,AJ Barner,SEA,TE,vs NE,recYds,Hard Rock,20.5,over,34.09,-190,110,0.6552,0.5791,0.1314,0,0.7787,0.1235,0.1996,ev,multiplicative,projection,closing,1,closing,20260910B2546DE0,2026-10-08T15:34:16.604Z
2026,1,10735,Hunter Henry,NE,TE,at SEA,recYds,BetRivers,19.5,over,39.85,-345,,0.7753,0.7753,,1,0.8985,0.1233,0.1233,ev,none,projection,closing,1,closing,20260910B2546DE0,2026-10-08T15:34:16.604Z
2026,1,16654,Jaxon Smith-Njigba,SEA,WR,vs NE,receptions,FanDuel,11.5,over,6.83,1100,,0.0833,0.0833,,1,0.2066,0.1233,0.1233,ev,none,projection,closing,1,closing,20260910B2546DE0,2026-10-08T15:34:16.604Z
2026,1,15807,Kyren Williams,LAR,RB,vs SF,rushYds,BetRivers,79.5,over,66.77,330,,0.2326,0.2326,,1,0.3559,0.1233,0.1233,ev,none,projection,closing,1,closing,20260911F39A2BD0,2026-10-08T15:34:16.604Z
2026,1,15807,Kyren Williams,LAR,RB,vs SF,rushYds,DraftKings,49.5,over,66.77,-140,,0.5833,0.5833,,1,0.7066,0.1233,0.1233,ev,none,projection,closing,1,closing,20260911F39A2BD0,2026-10-08T15:34:16.604Z
2026,1,16654,Jaxon Smith-Njigba,SEA,WR,vs NE,receptions,Hard Rock,11.5,over,6.83,1100,,0.0833,0.0833,,1,0.2066,0.1233,0.1233,ev,none,projection,closing,1,closing,20260910B2546DE0,2026-10-08T15:34:16.604Z
2026,1,14463,Colby Parkinson,LAR,TE,vs SF,recYds,Hard Rock,39.5,under,20.11,-600,350,0.8571,0.7941,0.0794,0,0.9804,0.1233,0.1863,ev,multiplicative,projection,closing,1,closing,20260911F39A2BD0,2026-10-08T15:34:16.604Z
2026,1,15807,Kyren Williams,LAR,RB,vs SF,rushYds,BetRivers,59.5,over,66.77,114,,0.4673,0.4673,,1,0.5905,0.1232,0.1232,ev,none,projection,closing,1,closing,20260911F39A2BD0,2026-10-08T15:34:16.604Z
2026,1,11861,Mack Hollins,NE,WR,at SEA,recYds,FanDuel,24.5,over,16.53,390,,0.2041,0.2041,,1,0.3272,0.1231,0.1231,ev,none,projection,closing,1,closing,20260910B2546DE0,2026-10-08T15:34:16.604Z
2026,1,17688,Jordan Whittington,LAR,WR,vs SF,recYds,DraftKings,6.5,under,4.95,-115,-120,0.5349,0.4951,0.0803,0,0.6579,0.1230,0.1628,ev,multiplicative,projection,closing,1,closing,20260911F39A2BD0,2026-10-08T15:34:16.604Z
2026,1,16560,Rashid Shaheed,SEA,WR,vs NE,recYds,Circa Sports,30.5,over,41.94,-110,-110,0.5238,0.5000,0.0476,0,0.6468,0.1229,0.1468,ev,multiplicative,projection,closing,1,closing,20260910B2546DE0,2026-10-08T15:34:16.604Z
2026,1,18497,Terrance Ferguson,LAR,TE,vs SF,recYds,Hard Rock,32.5,under,16.97,-185,130,0.6491,0.5989,0.0839,0,0.7719,0.1227,0.1730,ev,multiplicative,projection,closing,1,closing,20260911F39A2BD0,2026-10-08T15:34:16.604Z
2026,1,18540,Elijah Arroyo,SEA,TE,vs NE,recYds,Hard Rock,18.5,over,17.59,190,-275,0.3448,0.3198,0.0782,0,0.4673,0.1225,0.1475,ev,multiplicative,projection,closing,1,closing,20260910B2546DE0,2026-10-08T15:34:16.604Z
2026,1,18497,Terrance Ferguson,LAR,TE,vs SF,recYds,Hard Rock,49.5,under,16.97,-450,275,0.8182,0.7542,0.0848,0,0.9407,0.1225,0.1865,ev,multiplicative,projection,closing,1,closing,20260911F39A2BD0,2026-10-08T15:34:16.604Z
2026,1,18532,Corey Kiner,NE,RB,at SEA,rushYds,DraftKings,7.5,over,11.74,-120,-110,0.5455,0.5101,0.0693,0,0.6674,0.1219,0.1572,ev,multiplicative,projection,closing,1,closing,20260910B2546DE0,2026-10-08T15:34:16.604Z
2026,1,18532,Corey Kiner,NE,RB,at SEA,rushYds,Hard Rock,7.5,over,11.74,-120,-110,0.5455,0.5101,0.0693,0,0.6674,0.1219,0.1572,ev,multiplicative,projection,closing,1,closing,20260910B2546DE0,2026-10-08T15:34:16.604Z
2026,1,5971,Matthew Stafford,LAR,QB,vs SF,passYds,Hard Rock,145.5,under,245.83,1600,-8000,0.0588,0.0562,0.0465,0,0.1807,0.1219,0.1245,ev,multiplicative,projection,closing,1,closing,20260911F39A2BD0,2026-10-08T15:34:16.604Z
2026,1,16654,Jaxon Smith-Njigba,SEA,WR,vs NE,receptions,DraftKings,12.5,over,6.83,2500,,0.0385,0.0385,,1,0.1603,0.1218,0.1218,ev,none,projection,closing,1,closing,20260910B2546DE0,2026-10-08T15:34:16.604Z
2026,1,16654,Jaxon Smith-Njigba,SEA,WR,vs NE,receptions,FanDuel,8.5,over,6.83,280,,0.2632,0.2632,,1,0.3849,0.1218,0.1218,ev,none,projection,closing,1,closing,20260910B2546DE0,2026-10-08T15:34:16.604Z
2026,1,18497,Terrance Ferguson,LAR,TE,vs SF,recYds,Caesars,24.5,under,16.97,-108,-125,0.5192,0.4831,0.0748,0,0.6410,0.1218,0.1579,ev,multiplicative,projection,closing,1,closing,20260911F39A2BD0,2026-10-08T15:34:16.604Z
2026,1,13429,Deebo Samuel Sr.,SF,WR,at LAR,recYds,DraftKings,29.5,over,42.96,-110,-114,0.5238,0.4958,0.0565,0,0.6454,0.1216,0.1496,ev,multiplicative,projection,closing,1,closing,20260911F39A2BD0,2026-10-08T15:34:16.604Z
2026,1,13429,Deebo Samuel Sr.,SF,WR,at LAR,recYds,Circa Sports,29.5,over,42.96,-110,-110,0.5238,0.5000,0.0476,0,0.6454,0.1216,0.1454,ev,multiplicative,projection,closing,1,closing,20260911F39A2BD0,2026-10-08T15:34:16.604Z
2026,1,13429,Deebo Samuel Sr.,SF,WR,at LAR,recYds,Hard Rock,29.5,over,42.96,-110,-120,0.5238,0.4899,0.0693,0,0.6454,0.1216,0.1555,ev,multiplicative,projection,closing,1,closing,20260911F39A2BD0,2026-10-08T15:34:16.604Z
2026,1,11690,Christian McCaffrey,SF,RB,at LAR,recYds,BetRivers,38.5,under,33.41,-112,-118,0.5283,0.4939,0.0696,0,0.6498,0.1215,0.1559,ev,multiplicative,projection,closing,1,closing,20260911F39A2BD0,2026-10-08T15:34:16.604Z
2026,1,11163,Demarcus Robinson,SF,WR,at LAR,receptions,DraftKings,1.5,under,0.88,-160,120,0.6154,0.5752,0.0699,0,0.7368,0.1214,0.1617,ev,multiplicative,projection,closing,1,closing,20260911F39A2BD0,2026-10-08T15:34:16.604Z
2026,1,15807,Kyren Williams,LAR,RB,vs SF,rushYds,FanDuel,69.5,over,66.77,188,,0.3472,0.3472,,1,0.4684,0.1212,0.1212,ev,none,projection,closing,1,closing,20260911F39A2BD0,2026-10-08T15:34:16.604Z
2026,1,5971,Matthew Stafford,LAR,QB,vs SF,passYds,Hard Rock,214.5,under,245.83,275,-425,0.2667,0.2478,0.0762,0,0.3878,0.1212,0.1400,ev,multiplicative,projection,closing,1,closing,20260911F39A2BD0,2026-10-08T15:34:16.604Z
2026,1,9253,Mike Evans,SF,WR,at LAR,receptions,DraftKings,7.5,over,3.97,1300,,0.0714,0.0714,,1,0.1924,0.1210,0.1210,ev,none,projection,closing,1,closing,20260911F39A2BD0,2026-10-08T15:34:16.604Z
2026,1,13429,Deebo Samuel Sr.,SF,WR,at LAR,recYds,Hard Rock,28.5,over,42.96,-115,-115,0.5349,0.5000,0.0698,0,0.6557,0.1208,0.1557,ev,multiplicative,projection,closing,1,closing,20260911F39A2BD0,2026-10-08T15:34:16.604Z
2026,1,15834,Brock Purdy,SF,QB,at LAR,passAtt,BetRivers,33.5,under,31.59,-107,-125,0.5169,0.4820,0.0725,0,0.6376,0.1207,0.1556,ev,multiplicative,projection,closing,1,closing,20260911F39A2BD0,2026-10-08T15:34:16.604Z
2026,1,18497,Terrance Ferguson,LAR,TE,vs SF,recYds,Hard Rock,43.5,under,16.97,-350,230,0.7778,0.7196,0.0808,0,0.8984,0.1207,0.1788,ev,multiplicative,projection,closing,1,closing,20260911F39A2BD0,2026-10-08T15:34:16.604Z
2026,1,11861,Mack Hollins,NE,WR,at SEA,recYds,Hard Rock,14.5,over,16.53,130,-225,0.4348,0.3858,0.1271,0,0.5553,0.1206,0.1696,ev,multiplicative,projection,closing,1,closing,20260910B2546DE0,2026-10-08T15:34:16.604Z
2026,1,17811,AJ Barner,SEA,TE,vs NE,receptions,FanDuel,1.5,over,3.77,-440,,0.8148,0.8148,,1,0.9352,0.1204,0.1204,ev,none,projection,closing,1,closing,20260910B2546DE0,2026-10-08T15:34:16.604Z
2026,1,18497,Terrance Ferguson,LAR,TE,vs SF,recYds,Hard Rock,50.5,under,16.97,-475,300,0.8261,0.7677,0.0761,0,0.9461,0.1201,0.1785,ev,multiplicative,projection,closing,1,closing,20260911F39A2BD0,2026-10-08T15:34:16.604Z
2026,1,15807,Kyren Williams,LAR,RB,vs SF,rushYds,FanDuel,54.5,over,66.77,-113,-113,0.5305,0.5000,0.0610,0,0.6503,0.1198,0.1503,ev,multiplicative,projection,closing,1,closing,20260911F39A2BD0,2026-10-08T15:34:16.604Z
2026,1,13429,Deebo Samuel Sr.,SF,WR,at LAR,receptions,DraftKings,3.5,over,3.36,180,,0.3571,0.3571,,1,0.4769,0.1198,0.1198,ev,none,projection,closing,1,closing,20260911F39A2BD0,2026-10-08T15:34:16.604Z
2026,1,13432,A.J. Brown,NE,WR,at SEA,recYds,BetRivers,65.5,over,79.78,-115,-115,0.5349,0.5000,0.0698,0,0.6546,0.1197,0.1546,ev,multiplicative,projection,closing,1,closing,20260910B2546DE0,2026-10-08T15:34:16.604Z
2026,1,13432,A.J. Brown,NE,WR,at SEA,recYds,DraftKings,65.5,over,79.78,-115,-114,0.5349,0.5010,0.0676,0,0.6546,0.1197,0.1535,ev,multiplicative,projection,closing,1,closing,20260910B2546DE0,2026-10-08T15:34:16.604Z
2026,1,9253,Mike Evans,SF,WR,at LAR,receptions,FanDuel,6.5,over,3.97,580,,0.1471,0.1471,,1,0.2667,0.1197,0.1197,ev,none,projection,closing,1,closing,20260911F39A2BD0,2026-10-08T15:34:16.604Z
2026,1,16751,DeMario Douglas,NE,WR,at SEA,recYds,DraftKings,14.5,over,29.73,-146,,0.5935,0.5935,,1,0.7131,0.1196,0.1196,ev,none,projection,closing,1,closing,20260910B2546DE0,2026-10-08T15:34:16.604Z
2026,1,10735,Hunter Henry,NE,TE,at SEA,recYds,BetRivers,33.5,over,39.85,-115,-115,0.5349,0.5000,0.0698,0,0.6544,0.1195,0.1544,ev,multiplicative,projection,closing,1,closing,20260910B2546DE0,2026-10-08T15:34:16.604Z
2026,1,18497,Terrance Ferguson,LAR,TE,vs SF,recYds,Hard Rock,33.5,under,16.97,-200,145,0.6667,0.6203,0.0748,0,0.7861,0.1194,0.1659,ev,multiplicative,projection,closing,1,closing,20260911F39A2BD0,2026-10-08T15:34:16.604Z
2026,1,15807,Kyren Williams,LAR,RB,vs SF,rushYds,theScore,51.5,over,66.77,-130,100,0.5652,0.5306,0.0652,0,0.6846,0.1194,0.1540,ev,multiplicative,projection,closing,1,closing,20260911F39A2BD0,2026-10-08T15:34:16.604Z
2026,1,13432,A.J. Brown,NE,WR,at SEA,recYds,Caesars,64.5,over,79.78,-120,-112,0.5455,0.5080,0.0738,0,0.6648,0.1193,0.1568,ev,multiplicative,projection,closing,1,closing,20260910B2546DE0,2026-10-08T15:34:16.604Z
2026,1,11690,Christian McCaffrey,SF,RB,at LAR,recYds,FanDuel,38.5,under,33.41,-113,-113,0.5305,0.5000,0.0610,0,0.6498,0.1193,0.1498,ev,multiplicative,projection,closing,1,closing,20260911F39A2BD0,2026-10-08T15:34:16.604Z
2026,1,11690,Christian McCaffrey,SF,RB,at LAR,recYds,Caesars,38.5,under,33.41,-113,-117,0.5305,0.4960,0.0697,0,0.6498,0.1193,0.1539,ev,multiplicative,projection,closing,1,closing,20260911F39A2BD0,2026-10-08T15:34:16.604Z
2026,1,17673,Drake Maye,NE,QB,at SEA,passYds,Hard Rock,257.5,over,255.56,170,-250,0.3704,0.3415,0.0847,0,0.4897,0.1193,0.1482,ev,multiplicative,projection,closing,1,closing,20260910B2546DE0,2026-10-08T15:34:16.604Z
2026,1,17811,AJ Barner,SEA,TE,vs NE,recYds,Caesars,29.5,over,34.09,107,,0.4831,0.4831,,1,0.6023,0.1192,0.1192,ev,none,projection,closing,1,closing,20260910B2546DE0,2026-10-08T15:34:16.604Z
2026,1,16790,Puka Nacua,LAR,WR,vs SF,receptions,DraftKings,11.5,over,7.58,1000,,0.0909,0.0909,,1,0.2101,0.1192,0.1192,ev,none,projection,closing,1,closing,20260911F39A2BD0,2026-10-08T15:34:16.604Z
2026,1,15807,Kyren Williams,LAR,RB,vs SF,rushAtt,DraftKings,15.5,over,14.93,200,,0.3333,0.3333,,1,0.4525,0.1191,0.1191,ev,none,projection,closing,1,closing,20260911F39A2BD0,2026-10-08T15:34:16.604Z
2026,1,18497,Terrance Ferguson,LAR,TE,vs SF,recYds,Hard Rock,47.5,under,16.97,-425,260,0.8095,0.7445,0.0873,0,0.9285,0.1190,0.1840,ev,multiplicative,projection,closing,1,closing,20260911F39A2BD0,2026-10-08T15:34:16.604Z
2026,1,15372,Rhamondre Stevenson,NE,RB,at SEA,rushAtt,Caesars,15.5,over,16.66,-121,-109,0.5475,0.5122,0.0690,0,0.6664,0.1189,0.1542,ev,multiplicative,projection,closing,1,closing,20260910B2546DE0,2026-10-08T15:34:16.604Z
2026,1,15372,Rhamondre Stevenson,NE,RB,at SEA,recYds,DraftKings,24.5,under,20.57,-109,-110,0.5215,0.4989,0.0453,0,0.6405,0.1189,0.1415,ev,multiplicative,projection,closing,1,closing,20260910B2546DE0,2026-10-08T15:34:16.604Z
2026,1,14463,Colby Parkinson,LAR,TE,vs SF,recYds,Hard Rock,29.5,under,20.11,-260,185,0.7222,0.6730,0.0731,0,0.8411,0.1189,0.1681,ev,multiplicative,projection,closing,1,closing,20260911F39A2BD0,2026-10-08T15:34:16.604Z
2026,1,17673,Drake Maye,NE,QB,at SEA,passYds,BetRivers,274.5,over,255.56,255,,0.2817,0.2817,,1,0.4005,0.1188,0.1188,ev,none,projection,closing,1,closing,20260910B2546DE0,2026-10-08T15:34:16.604Z
2026,1,18497,Terrance Ferguson,LAR,TE,vs SF,recYds,Hard Rock,27.5,under,16.97,-135,100,0.5745,0.5347,0.0745,0,0.6933,0.1188,0.1586,ev,multiplicative,projection,closing,1,closing,20260911F39A2BD0,2026-10-08T15:34:16.604Z
2026,1,15807,Kyren Williams,LAR,RB,vs SF,rushAtt,DraftKings,12.5,over,14.93,-132,104,0.5690,0.5372,0.0592,0,0.6877,0.1187,0.1505,ev,multiplicative,projection,closing,1,closing,20260911F39A2BD0,2026-10-08T15:34:16.604Z
2026,1,13432,A.J. Brown,NE,WR,at SEA,recYds,DraftKings,79.5,over,79.78,160,,0.3846,0.3846,,1,0.5031,0.1185,0.1185,ev,none,projection,closing,1,closing,20260910B2546DE0,2026-10-08T15:34:16.604Z
2026,1,17690,Blake Corum,LAR,RB,vs SF,rushYds,DraftKings,37.5,over,49.02,-114,-110,0.5327,0.5042,0.0565,0,0.6512,0.1185,0.1470,ev,multiplicative,projection,closing,1,closing,20260911F39A2BD0,2026-10-08T15:34:16.604Z
2026,1,17690,Blake Corum,LAR,RB,vs SF,rushYds,FanDuel,37.5,over,49.02,-114,-114,0.5327,0.5000,0.0654,0,0.6512,0.1185,0.1512,ev,multiplicative,projection,closing,1,closing,20260911F39A2BD0,2026-10-08T15:34:16.604Z
2026,1,17673,Drake Maye,NE,QB,at SEA,passYds,Hard Rock,277.5,over,255.56,275,-425,0.2667,0.2478,0.0762,0,0.3851,0.1184,0.1373,ev,multiplicative,projection,closing,1,closing,20260910B2546DE0,2026-10-08T15:34:16.604Z
2026,1,16654,Jaxon Smith-Njigba,SEA,WR,vs NE,receptions,theScore,8.5,over,6.83,275,,0.2667,0.2667,,1,0.3849,0.1183,0.1183,ev,none,projection,closing,1,closing,20260910B2546DE0,2026-10-08T15:34:16.604Z
2026,1,15807,Kyren Williams,LAR,RB,vs SF,rushAtt,BetRivers,13.5,over,14.93,102,,0.4950,0.4950,,1,0.6133,0.1182,0.1182,ev,none,projection,closing,1,closing,20260911F39A2BD0,2026-10-08T15:34:16.604Z
2026,1,17673,Drake Maye,NE,QB,at SEA,passYds,Hard Rock,286.5,over,255.56,350,-575,0.2222,0.2069,0.0741,0,0.3402,0.1180,0.1333,ev,multiplicative,projection,closing,1,closing,20260910B2546DE0,2026-10-08T15:34:16.604Z
2026,1,9253,Mike Evans,SF,WR,at LAR,receptions,Caesars,5.5,over,3.97,325,,0.2353,0.2353,,1,0.3532,0.1179,0.1179,ev,none,projection,closing,1,closing,20260911F39A2BD0,2026-10-08T15:34:16.604Z
2026,1,5971,Matthew Stafford,LAR,QB,vs SF,passAtt,BetRivers,34.5,under,32.57,-107,-125,0.5169,0.4820,0.0725,0,0.6347,0.1178,0.1527,ev,multiplicative,projection,closing,1,closing,20260911F39A2BD0,2026-10-08T15:34:16.604Z
2026,1,11861,Mack Hollins,NE,WR,at SEA,recYds,Hard Rock,4.5,over,16.53,-210,120,0.6774,0.5984,0.1320,0,0.7952,0.1178,0.1968,ev,multiplicative,projection,closing,1,closing,20260910B2546DE0,2026-10-08T15:34:16.604Z
2026,1,15807,Kyren Williams,LAR,RB,vs SF,rushAtt,theScore,14.5,over,14.93,140,-155,0.4167,0.4067,0.0245,0,0.5345,0.1178,0.1278,ev,multiplicative,projection,closing,1,closing,20260911F39A2BD0,2026-10-08T15:34:16.604Z
2026,1,18540,Elijah Arroyo,SEA,TE,vs NE,receptions,theScore,1.5,over,1.43,175,-240,0.3636,0.3400,0.0695,0,0.4814,0.1177,0.1414,ev,multiplicative,projection,closing,1,closing,20260910B2546DE0,2026-10-08T15:34:16.604Z
2026,1,5971,Matthew Stafford,LAR,QB,vs SF,passYds,Hard Rock,213.5,under,245.83,275,-450,0.2667,0.2458,0.0848,0,0.3843,0.1177,0.1385,ev,multiplicative,projection,closing,1,closing,20260911F39A2BD0,2026-10-08T15:34:16.604Z
2026,1,5971,Matthew Stafford,LAR,QB,vs SF,passYds,Hard Rock,226.5,under,245.83,220,-325,0.3125,0.2901,0.0772,0,0.4302,0.1177,0.1401,ev,multiplicative,projection,closing,1,closing,20260911F39A2BD0,2026-10-08T15:34:16.604Z
2026,1,16751,DeMario Douglas,NE,WR,at SEA,receptions,Caesars,4.5,over,2.42,850,,0.1053,0.1053,,1,0.2229,0.1176,0.1176,ev,none,projection,closing,1,closing,20260910B2546DE0,2026-10-08T15:34:16.604Z
2026,1,15807,Kyren Williams,LAR,RB,vs SF,rushYds,BetRivers,54.5,over,66.77,-114,-134,0.5327,0.4819,0.1054,0,0.6503,0.1176,0.1684,ev,multiplicative,projection,closing,1,closing,20260911F39A2BD0,2026-10-08T15:34:16.604Z
2026,1,15807,Kyren Williams,LAR,RB,vs SF,rushYds,theScore,69.5,over,66.77,185,,0.3509,0.3509,,1,0.4684,0.1175,0.1175,ev,none,projection,closing,1,closing,20260911F39A2BD0,2026-10-08T15:34:16.604Z
2026,1,17690,Blake Corum,LAR,RB,vs SF,rushAtt,theScore,16.5,over,10.72,1200,,0.0769,0.0769,,1,0.1942,0.1173,0.1173,ev,none,projection,closing,1,closing,20260911F39A2BD0,2026-10-08T15:34:16.604Z
2026,1,18497,Terrance Ferguson,LAR,TE,vs SF,recYds,Circa Sports,24.5,under,16.97,-110,-110,0.5238,0.5000,0.0476,0,0.6410,0.1172,0.1410,ev,multiplicative,projection,closing,1,closing,20260911F39A2BD0,2026-10-08T15:34:16.604Z
2026,1,18497,Terrance Ferguson,LAR,TE,vs SF,recYds,theScore,24.5,under,16.97,-110,-120,0.5238,0.4899,0.0693,0,0.6410,0.1172,0.1512,ev,multiplicative,projection,closing,1,closing,20260911F39A2BD0,2026-10-08T15:34:16.604Z
2026,1,11163,Demarcus Robinson,SF,WR,at LAR,recYds,Hard Rock,38.5,under,12.4,-750,400,0.8824,0.8152,0.0824,0,0.9996,0.1172,0.1843,ev,multiplicative,projection,closing,1,closing,20260911F39A2BD0,2026-10-08T15:34:16.604Z
2026,1,15372,Rhamondre Stevenson,NE,RB,at SEA,recYds,Hard Rock,28.5,under,20.57,-185,110,0.6491,0.5768,0.1253,0,0.7660,0.1169,0.1892,ev,multiplicative,projection,closing,1,closing,20260910B2546DE0,2026-10-08T15:34:16.604Z
2026,1,17688,Jordan Whittington,LAR,WR,vs SF,recYds,BetRivers,6.5,under,4.95,-118,-113,0.5413,0.5050,0.0718,0,0.6579,0.1166,0.1529,ev,multiplicative,projection,closing,1,closing,20260911F39A2BD0,2026-10-08T15:34:16.604Z
2026,1,17688,Jordan Whittington,LAR,WR,vs SF,recYds,Caesars,6.5,under,4.95,-118,-110,0.5413,0.5082,0.0651,0,0.6579,0.1166,0.1497,ev,multiplicative,projection,closing,1,closing,20260911F39A2BD0,2026-10-08T15:34:16.604Z
2026,1,16560,Rashid Shaheed,SEA,WR,vs NE,recYds,Caesars,30.5,over,41.94,-113,-115,0.5305,0.4980,0.0654,0,0.6468,0.1162,0.1488,ev,multiplicative,projection,closing,1,closing,20260910B2546DE0,2026-10-08T15:34:16.604Z
2026,1,11163,Demarcus Robinson,SF,WR,at LAR,recYds,Hard Rock,35.5,under,12.4,-750,400,0.8824,0.8152,0.0824,0,0.9984,0.1160,0.1832,ev,multiplicative,projection,closing,1,closing,20260911F39A2BD0,2026-10-08T15:34:16.604Z
2026,1,14463,Colby Parkinson,LAR,TE,vs SF,recYds,Hard Rock,47.5,under,20.11,-750,400,0.8824,0.8152,0.0824,0,0.9982,0.1159,0.1830,ev,multiplicative,projection,closing,1,closing,20260911F39A2BD0,2026-10-08T15:34:16.604Z
2026,1,10735,Hunter Henry,NE,TE,at SEA,recYds,DraftKings,14.5,over,39.85,-481,,0.8279,0.8279,,1,0.9436,0.1158,0.1158,ev,none,projection,closing,1,closing,20260910B2546DE0,2026-10-08T15:34:16.604Z
2026,1,16751,DeMario Douglas,NE,WR,at SEA,recYds,FanDuel,29.5,over,29.73,158,,0.3876,0.3876,,1,0.5034,0.1158,0.1158,ev,none,projection,closing,1,closing,20260910B2546DE0,2026-10-08T15:34:16.604Z
2026,1,16560,Rashid Shaheed,SEA,WR,vs NE,receptions,DraftKings,4.5,over,2.87,450,,0.1818,0.1818,,1,0.2977,0.1158,0.1158,ev,none,projection,closing,1,closing,20260910B2546DE0,2026-10-08T15:34:16.604Z
2026,1,16560,Rashid Shaheed,SEA,WR,vs NE,receptions,DraftKings,3.5,over,2.87,230,,0.3030,0.3030,,1,0.4187,0.1156,0.1156,ev,none,projection,closing,1,closing,20260910B2546DE0,2026-10-08T15:34:16.604Z
2026,1,15807,Kyren Williams,LAR,RB,vs SF,rushYds,DraftKings,54.5,over,66.77,-115,-115,0.5349,0.5000,0.0698,0,0.6503,0.1154,0.1503,ev,multiplicative,projection,closing,1,closing,20260911F39A2BD0,2026-10-08T15:34:16.604Z
2026,1,17673,Drake Maye,NE,QB,at SEA,passYds,Hard Rock,259.5,over,255.56,175,-250,0.3636,0.3373,0.0779,0,0.4791,0.1154,0.1417,ev,multiplicative,projection,closing,1,closing,20260910B2546DE0,2026-10-08T15:34:16.604Z
2026,1,16751,DeMario Douglas,NE,WR,at SEA,recYds,Hard Rock,18.5,over,29.73,-120,-110,0.5455,0.5101,0.0693,0,0.6609,0.1154,0.1507,ev,multiplicative,projection,closing,1,closing,20260910B2546DE0,2026-10-08T15:34:16.604Z
2026,1,17968,George Holani,SEA,RB,vs NE,recYds,Hard Rock,16.5,under,8.3,-190,135,0.6552,0.6062,0.0807,0,0.7705,0.1153,0.1642,ev,multiplicative,projection,closing,1,closing,20260910B2546DE0,2026-10-08T15:34:16.604Z
2026,1,11892,George Kittle,SF,TE,at LAR,recYds,BetRivers,29.5,over,40.53,-139,,0.5816,0.5816,,1,0.6968,0.1152,0.1152,ev,none,projection,closing,1,closing,20260911F39A2BD0,2026-10-08T15:34:16.604Z
2026,1,17811,AJ Barner,SEA,TE,vs NE,recYds,Hard Rock,30.5,over,34.09,115,-190,0.4651,0.4152,0.1203,0,0.5804,0.1152,0.1652,ev,multiplicative,projection,closing,1,closing,20260910B2546DE0,2026-10-08T15:34:16.604Z
2026,1,14463,Colby Parkinson,LAR,TE,vs SF,recYds,Hard Rock,46.5,under,20.11,-750,400,0.8824,0.8152,0.0824,0,0.9975,0.1152,0.1823,ev,multiplicative,projection,closing,1,closing,20260911F39A2BD0,2026-10-08T15:34:16.604Z
2026,1,11163,Demarcus Robinson,SF,WR,at LAR,recYds,Hard Rock,34.5,under,12.4,-750,425,0.8824,0.8225,0.0728,0,0.9976,0.1152,0.1751,ev,multiplicative,projection,closing,1,closing,20260911F39A2BD0,2026-10-08T15:34:16.604Z
2026,1,11690,Christian McCaffrey,SF,RB,at LAR,recYds,DraftKings,38.5,under,33.41,-115,-115,0.5349,0.5000,0.0698,0,0.6498,0.1150,0.1498,ev,multiplicative,projection,closing,1,closing,20260911F39A2BD0,2026-10-08T15:34:16.604Z
2026,1,11861,Mack Hollins,NE,WR,at SEA,recYds,DraftKings,10.5,over,16.53,-120,-115,0.5455,0.5049,0.0803,0,0.6603,0.1149,0.1554,ev,multiplicative,projection,closing,1,closing,20260910B2546DE0,2026-10-08T15:34:16.604Z
2026,1,13432,A.J. Brown,NE,WR,at SEA,recYds,Caesars,49.5,over,79.78,-218,,0.6855,0.6855,,1,0.8005,0.1149,0.1149,ev,none,projection,closing,1,closing,20260910B2546DE0,2026-10-08T15:34:16.604Z
2026,1,13429,Deebo Samuel Sr.,SF,WR,at LAR,recYds,BetRivers,29.5,over,42.96,-113,-117,0.5305,0.4960,0.0697,0,0.6454,0.1149,0.1495,ev,multiplicative,projection,closing,1,closing,20260911F39A2BD0,2026-10-08T15:34:16.604Z
2026,1,10735,Hunter Henry,NE,TE,at SEA,receptions,FanDuel,1.5,over,3.59,-550,,0.8462,0.8462,,1,0.9610,0.1148,0.1148,ev,none,projection,closing,1,closing,20260910B2546DE0,2026-10-08T15:34:16.604Z
2026,1,17690,Blake Corum,LAR,RB,vs SF,rushYds,DraftKings,69.5,over,49.02,390,,0.2041,0.2041,,1,0.3189,0.1148,0.1148,ev,none,projection,closing,1,closing,20260911F39A2BD0,2026-10-08T15:34:16.604Z
2026,1,15807,Kyren Williams,LAR,RB,vs SF,rushYds,Circa Sports,55.5,over,66.77,-110,-110,0.5238,0.5000,0.0476,0,0.6386,0.1148,0.1386,ev,multiplicative,projection,closing,1,closing,20260911F39A2BD0,2026-10-08T15:34:16.604Z
2026,1,17673,Drake Maye,NE,QB,at SEA,passYds,Circa Sports,274.5,over,255.56,250,-300,0.2857,0.2759,0.0357,0,0.4005,0.1147,0.1246,ev,multiplicative,projection,closing,1,closing,20260910B2546DE0,2026-10-08T15:34:16.604Z
2026,1,17673,Drake Maye,NE,QB,at SEA,passYds,theScore,274.5,over,255.56,250,,0.2857,0.2857,,1,0.4005,0.1147,0.1147,ev,none,projection,closing,1,closing,20260910B2546DE0,2026-10-08T15:34:16.604Z
2026,1,15372,Rhamondre Stevenson,NE,RB,at SEA,rushYds,theScore,74.5,over,72.39,185,,0.3509,0.3509,,1,0.4656,0.1147,0.1147,ev,none,projection,closing,1,closing,20260910B2546DE0,2026-10-08T15:34:16.604Z
2026,1,18540,Elijah Arroyo,SEA,TE,vs NE,recYds,Hard Rock,15.5,over,17.59,120,-210,0.4545,0.4016,0.1320,0,0.5692,0.1146,0.1676,ev,multiplicative,projection,closing,1,closing,20260910B2546DE0,2026-10-08T15:34:16.604Z
2026,1,16027,Romeo Doubs,NE,WR,at SEA,receptions,BetRivers,2.5,over,3.72,-225,,0.6923,0.6923,,1,0.8068,0.1145,0.1145,ev,none,projection,closing,1,closing,20260910B2546DE0,2026-10-08T15:34:16.604Z
2026,1,15807,Kyren Williams,LAR,RB,vs SF,rushYds,theScore,56.5,over,66.77,-105,-125,0.5122,0.4797,0.0678,0,0.6267,0.1145,0.1470,ev,multiplicative,projection,closing,1,closing,20260911F39A2BD0,2026-10-08T15:34:16.604Z
2026,1,19348,Eli Raridon,NE,TE,at SEA,recYds,Hard Rock,24.5,over,18.66,400,-750,0.2000,0.1848,0.0824,0,0.3144,0.1144,0.1297,ev,multiplicative,projection,closing,1,closing,20260910B2546DE0,2026-10-08T15:34:16.604Z
2026,1,15372,Rhamondre Stevenson,NE,RB,at SEA,recYds,Hard Rock,27.5,under,20.57,-165,115,0.6226,0.5724,0.0878,0,0.7370,0.1144,0.1646,ev,multiplicative,projection,closing,1,closing,20260910B2546DE0,2026-10-08T15:34:16.604Z
2026,1,16654,Jaxon Smith-Njigba,SEA,WR,vs NE,receptions,DraftKings,7.5,over,6.83,195,,0.3390,0.3390,,1,0.4533,0.1143,0.1143,ev,none,projection,closing,1,closing,20260910B2546DE0,2026-10-08T15:34:16.604Z
2026,1,17673,Drake Maye,NE,QB,at SEA,passYds,Hard Rock,267.5,over,255.56,210,-325,0.3226,0.2967,0.0873,0,0.4368,0.1143,0.1402,ev,multiplicative,projection,closing,1,closing,20260910B2546DE0,2026-10-08T15:34:16.604Z
2026,1,15807,Kyren Williams,LAR,RB,vs SF,rushYds,Hard Rock,59.5,over,66.77,110,-150,0.4762,0.4425,0.0762,0,0.5905,0.1143,0.1480,ev,multiplicative,projection,closing,1,closing,20260911F39A2BD0,2026-10-08T15:34:16.604Z
2026,1,15807,Kyren Williams,LAR,RB,vs SF,rushYds,theScore,59.5,over,66.77,110,,0.4762,0.4762,,1,0.5905,0.1143,0.1143,ev,none,projection,closing,1,closing,20260911F39A2BD0,2026-10-08T15:34:16.604Z
2026,1,13432,A.J. Brown,NE,WR,at SEA,recYds,Hard Rock,70.5,over,79.78,105,-140,0.4878,0.4554,0.0711,0,0.6020,0.1142,0.1466,ev,multiplicative,projection,closing,1,closing,20260910B2546DE0,2026-10-08T15:34:16.604Z
2026,1,17673,Drake Maye,NE,QB,at SEA,passYds,DraftKings,259.5,over,255.56,174,,0.3650,0.3650,,1,0.4791,0.1141,0.1141,ev,none,projection,closing,1,closing,20260910B2546DE0,2026-10-08T15:34:16.604Z
2026,1,5971,Matthew Stafford,LAR,QB,vs SF,passYds,Hard Rock,225.5,under,245.83,220,-350,0.3125,0.2866,0.0903,0,0.4266,0.1141,0.1400,ev,multiplicative,projection,closing,1,closing,20260911F39A2BD0,2026-10-08T15:34:16.604Z
2026,1,16560,Rashid Shaheed,SEA,WR,vs NE,recYds,DraftKings,30.5,over,41.94,-114,-109,0.5327,0.5053,0.0542,0,0.6468,0.1140,0.1415,ev,multiplicative,projection,closing,1,closing,20260910B2546DE0,2026-10-08T15:34:16.604Z
2026,1,13432,A.J. Brown,NE,WR,at SEA,recYds,Hard Rock,74.5,over,79.78,125,-175,0.4444,0.4112,0.0808,0,0.5584,0.1140,0.1472,ev,multiplicative,projection,closing,1,closing,20260910B2546DE0,2026-10-08T15:34:16.604Z
2026,1,17673,Drake Maye,NE,QB,at SEA,passYds,Hard Rock,269.5,over,255.56,220,-325,0.3125,0.2901,0.0772,0,0.4264,0.1139,0.1363,ev,multiplicative,projection,closing,1,closing,20260910B2546DE0,2026-10-08T15:34:16.604Z
2026,1,13432,A.J. Brown,NE,WR,at SEA,recYds,Hard Rock,59.5,over,79.78,-150,105,0.6000,0.5516,0.0878,0,0.7139,0.1139,0.1623,ev,multiplicative,projection,closing,1,closing,20260910B2546DE0,2026-10-08T15:34:16.604Z
2026,1,15834,Brock Purdy,SF,QB,at LAR,passAtt,theScore,33.5,under,31.59,-110,-120,0.5238,0.4899,0.0693,0,0.6376,0.1138,0.1477,ev,multiplicative,projection,closing,1,closing,20260911F39A2BD0,2026-10-08T15:34:16.604Z
2026,1,16027,Romeo Doubs,NE,WR,at SEA,receptions,BetRivers,4.5,over,3.72,260,,0.2778,0.2778,,1,0.3915,0.1137,0.1137,ev,none,projection,closing,1,closing,20260910B2546DE0,2026-10-08T15:34:16.604Z
2026,1,16027,Romeo Doubs,NE,WR,at SEA,receptions,theScore,4.5,over,3.72,260,,0.2778,0.2778,,1,0.3915,0.1137,0.1137,ev,none,projection,closing,1,closing,20260910B2546DE0,2026-10-08T15:34:16.604Z
2026,1,16751,DeMario Douglas,NE,WR,at SEA,recYds,FanDuel,24.5,over,29.73,116,,0.4630,0.4630,,1,0.5766,0.1136,0.1136,ev,none,projection,closing,1,closing,20260910B2546DE0,2026-10-08T15:34:16.604Z
2026,1,13429,Deebo Samuel Sr.,SF,WR,at LAR,recYds,BetRivers,30.5,over,42.96,-109,-122,0.5215,0.4869,0.0711,0,0.6351,0.1135,0.1481,ev,multiplicative,projection,closing,1,closing,20260911F39A2BD0,2026-10-08T15:34:16.604Z
2026,1,15807,Kyren Williams,LAR,RB,vs SF,rushAtt,DraftKings,13.5,over,14.93,100,-135,0.5000,0.4653,0.0745,0,0.6133,0.1133,0.1479,ev,multiplicative,projection,closing,1,closing,20260911F39A2BD0,2026-10-08T15:34:16.604Z
2026,1,10854,Tyler Higbee,LAR,TE,vs SF,recYds,Hard Rock,9.5,under,9.19,145,-210,0.4082,0.3760,0.0856,0,0.5214,0.1133,0.1454,ev,multiplicative,projection,closing,1,closing,20260911F39A2BD0,2026-10-08T15:34:16.604Z
2026,1,10735,Hunter Henry,NE,TE,at SEA,recYds,FanDuel,14.5,over,39.85,-490,,0.8305,0.8305,,1,0.9436,0.1131,0.1131,ev,none,projection,closing,1,closing,20260910B2546DE0,2026-10-08T15:34:16.604Z
2026,1,12490,Sam Darnold,SEA,QB,vs NE,passAtt,DraftKings,33.5,over,32.56,215,,0.3175,0.3175,,1,0.4305,0.1130,0.1130,ev,none,projection,closing,1,closing,20260910B2546DE0,2026-10-08T15:34:16.604Z
2026,1,13432,A.J. Brown,NE,WR,at SEA,recYds,theScore,49.5,over,79.78,-220,,0.6875,0.6875,,1,0.8005,0.1130,0.1130,ev,none,projection,closing,1,closing,20260910B2546DE0,2026-10-08T15:34:16.604Z
2026,1,9253,Mike Evans,SF,WR,at LAR,receptions,Hard Rock,6.5,over,3.97,550,,0.1538,0.1538,,1,0.2667,0.1129,0.1129,ev,none,projection,closing,1,closing,20260911F39A2BD0,2026-10-08T15:34:16.604Z
2026,1,9253,Mike Evans,SF,WR,at LAR,receptions,theScore,6.5,over,3.97,550,,0.1538,0.1538,,1,0.2667,0.1129,0.1129,ev,none,projection,closing,1,closing,20260911F39A2BD0,2026-10-08T15:34:16.604Z
2026,1,16790,Puka Nacua,LAR,WR,vs SF,receptions,FanDuel,10.5,over,7.58,520,,0.1613,0.1613,,1,0.2741,0.1128,0.1128,ev,none,projection,closing,1,closing,20260911F39A2BD0,2026-10-08T15:34:16.604Z
2026,1,13432,A.J. Brown,NE,WR,at SEA,recYds,BetRivers,69.5,over,79.78,100,,0.5000,0.5000,,1,0.6127,0.1127,0.1127,ev,none,projection,closing,1,closing,20260910B2546DE0,2026-10-08T15:34:16.604Z
2026,1,13432,A.J. Brown,NE,WR,at SEA,recYds,Caesars,69.5,over,79.78,100,,0.5000,0.5000,,1,0.6127,0.1127,0.1127,ev,none,projection,closing,1,closing,20260910B2546DE0,2026-10-08T15:34:16.604Z
2026,1,15372,Rhamondre Stevenson,NE,RB,at SEA,rushYds,Hard Rock,63.5,over,72.39,-115,-115,0.5349,0.5000,0.0698,0,0.6476,0.1127,0.1476,ev,multiplicative,projection,closing,1,closing,20260910B2546DE0,2026-10-08T15:34:16.604Z
2026,1,11163,Demarcus Robinson,SF,WR,at LAR,recYds,Hard Rock,17.5,under,12.4,-170,125,0.6296,0.5862,0.0741,0,0.7422,0.1126,0.1560,ev,multiplicative,projection,closing,1,closing,20260911F39A2BD0,2026-10-08T15:34:16.604Z
2026,1,17688,Jordan Whittington,LAR,WR,vs SF,recYds,Hard Rock,6.5,under,4.95,-120,-110,0.5455,0.5101,0.0693,0,0.6579,0.1125,0.1478,ev,multiplicative,projection,closing,1,closing,20260911F39A2BD0,2026-10-08T15:34:16.604Z
2026,1,13429,Deebo Samuel Sr.,SF,WR,at LAR,recYds,DraftKings,24.5,over,42.96,-140,,0.5833,0.5833,,1,0.6955,0.1122,0.1122,ev,none,projection,closing,1,closing,20260911F39A2BD0,2026-10-08T15:34:16.604Z
2026,1,15372,Rhamondre Stevenson,NE,RB,at SEA,recYds,BetRivers,24.5,under,20.57,-112,-120,0.5283,0.4920,0.0738,0,0.6405,0.1121,0.1484,ev,multiplicative,projection,closing,1,closing,20260910B2546DE0,2026-10-08T15:34:16.604Z
2026,1,15807,Kyren Williams,LAR,RB,vs SF,rushYds,DraftKings,79.5,over,66.77,310,,0.2439,0.2439,,1,0.3559,0.1120,0.1120,ev,none,projection,closing,1,closing,20260911F39A2BD0,2026-10-08T15:34:16.604Z
2026,1,16751,DeMario Douglas,NE,WR,at SEA,recYds,Hard Rock,33.5,over,29.73,210,-325,0.3226,0.2967,0.0873,0,0.4343,0.1118,0.1377,ev,multiplicative,projection,closing,1,closing,20260910B2546DE0,2026-10-08T15:34:16.604Z
2026,1,16418,Jake Tonges,SF,TE,at LAR,recYds,Hard Rock,25.5,under,8.35,-550,325,0.8462,0.7824,0.0814,0,0.9579,0.1117,0.1754,ev,multiplicative,projection,closing,1,closing,20260911F39A2BD0,2026-10-08T15:34:16.604Z
2026,1,13432,A.J. Brown,NE,WR,at SEA,recYds,BetRivers,66.5,over,79.78,-114,-117,0.5327,0.4970,0.0719,0,0.6442,0.1115,0.1473,ev,multiplicative,projection,closing,1,closing,20260910B2546DE0,2026-10-08T15:34:16.604Z
2026,1,13432,A.J. Brown,NE,WR,at SEA,recYds,Caesars,66.5,over,79.78,-114,-114,0.5327,0.5000,0.0654,0,0.6442,0.1115,0.1442,ev,multiplicative,projection,closing,1,closing,20260910B2546DE0,2026-10-08T15:34:16.604Z
2026,1,11892,George Kittle,SF,TE,at LAR,recYds,BetRivers,32.5,over,40.53,-115,-115,0.5349,0.5000,0.0698,0,0.6462,0.1113,0.1462,ev,multiplicative,projection,closing,1,closing,20260911F39A2BD0,2026-10-08T15:34:16.604Z
2026,1,11892,George Kittle,SF,TE,at LAR,recYds,DraftKings,32.5,over,40.53,-115,-115,0.5349,0.5000,0.0698,0,0.6462,0.1113,0.1462,ev,multiplicative,projection,closing,1,closing,20260911F39A2BD0,2026-10-08T15:34:16.604Z
2026,1,16790,Puka Nacua,LAR,WR,vs SF,receptions,Caesars,9.5,over,7.58,325,,0.2353,0.2353,,1,0.3465,0.1112,0.1112,ev,none,projection,closing,1,closing,20260911F39A2BD0,2026-10-08T15:34:16.604Z
2026,1,15807,Kyren Williams,LAR,RB,vs SF,rushYds,Caesars,54.5,over,66.77,-117,-112,0.5392,0.5051,0.0675,0,0.6503,0.1112,0.1452,ev,multiplicative,projection,closing,1,closing,20260911F39A2BD0,2026-10-08T15:34:16.604Z
2026,1,16751,DeMario Douglas,NE,WR,at SEA,recYds,Hard Rock,29.5,over,29.73,155,-225,0.3922,0.3616,0.0845,0,0.5034,0.1112,0.1418,ev,multiplicative,projection,closing,1,closing,20260910B2546DE0,2026-10-08T15:34:16.604Z
2026,1,13429,Deebo Samuel Sr.,SF,WR,at LAR,recYds,Hard Rock,30.5,over,42.96,-110,-120,0.5238,0.4899,0.0693,0,0.6351,0.1112,0.1452,ev,multiplicative,projection,closing,1,closing,20260911F39A2BD0,2026-10-08T15:34:16.604Z
2026,1,16790,Puka Nacua,LAR,WR,vs SF,receptions,Hard Rock,9.5,over,7.58,325,,0.2353,0.2353,,1,0.3465,0.1112,0.1112,ev,none,projection,closing,1,closing,20260911F39A2BD0,2026-10-08T15:34:16.604Z
2026,1,11861,Mack Hollins,NE,WR,at SEA,recYds,Hard Rock,18.5,over,16.53,190,-275,0.3448,0.3198,0.0782,0,0.4560,0.1111,0.1361,ev,multiplicative,projection,closing,1,closing,20260910B2546DE0,2026-10-08T15:34:16.604Z
2026,1,18532,Corey Kiner,NE,RB,at SEA,rushYds,Hard Rock,18.5,under,11.74,-325,220,0.7647,0.7099,0.0772,0,0.8758,0.1111,0.1659,ev,multiplicative,projection,closing,1,closing,20260910B2546DE0,2026-10-08T15:34:16.604Z
2026,1,15834,Brock Purdy,SF,QB,at LAR,rushYds,Hard Rock,41.5,under,12.65,-800,425,0.8889,0.8235,0.0794,0,1.0000,0.1111,0.1765,ev,multiplicative,projection,closing,1,closing,20260911F39A2BD0,2026-10-08T15:34:16.604Z
2026,1,18540,Elijah Arroyo,SEA,TE,vs NE,receptions,Caesars,1.5,over,1.43,170,-230,0.3704,0.3470,0.0673,0,0.4814,0.1110,0.1344,ev,multiplicative,projection,closing,1,closing,20260910B2546DE0,2026-10-08T15:34:16.604Z
2026,1,15372,Rhamondre Stevenson,NE,RB,at SEA,rushAtt,BetRivers,9.5,over,16.66,-770,,0.8851,0.8851,,1,0.9960,0.1110,0.1110,ev,none,projection,closing,1,closing,20260910B2546DE0,2026-10-08T15:34:16.604Z
2026,1,16751,DeMario Douglas,NE,WR,at SEA,receptions,Caesars,3.5,over,2.42,325,,0.2353,0.2353,,1,0.3461,0.1108,0.1108,ev,none,projection,closing,1,closing,20260910B2546DE0,2026-10-08T15:34:16.604Z
2026,1,16751,DeMario Douglas,NE,WR,at SEA,receptions,theScore,3.5,over,2.42,325,,0.2353,0.2353,,1,0.3461,0.1108,0.1108,ev,none,projection,closing,1,closing,20260910B2546DE0,2026-10-08T15:34:16.604Z
2026,1,11163,Demarcus Robinson,SF,WR,at LAR,recYds,Hard Rock,39.5,under,12.4,-800,450,0.8889,0.8302,0.0707,0,0.9997,0.1108,0.1695,ev,multiplicative,projection,closing,1,closing,20260911F39A2BD0,2026-10-08T15:34:16.604Z
2026,1,13432,A.J. Brown,NE,WR,at SEA,recYds,BetRivers,59.5,over,79.78,-152,,0.6032,0.6032,,1,0.7139,0.1107,0.1107,ev,none,projection,closing,1,closing,20260910B2546DE0,2026-10-08T15:34:16.604Z
2026,1,13432,A.J. Brown,NE,WR,at SEA,recYds,Caesars,59.5,over,79.78,-152,,0.6032,0.6032,,1,0.7139,0.1107,0.1107,ev,none,projection,closing,1,closing,20260910B2546DE0,2026-10-08T15:34:16.604Z
2026,1,17673,Drake Maye,NE,QB,at SEA,passYds,DraftKings,274.5,over,255.56,245,,0.2899,0.2899,,1,0.4005,0.1106,0.1106,ev,none,projection,closing,1,closing,20260910B2546DE0,2026-10-08T15:34:16.604Z
2026,1,11861,Mack Hollins,NE,WR,at SEA,recYds,theScore,9.5,over,16.53,-135,105,0.5745,0.5408,0.0623,0,0.6851,0.1106,0.1443,ev,multiplicative,projection,closing,1,closing,20260910B2546DE0,2026-10-08T15:34:16.604Z
2026,1,16560,Rashid Shaheed,SEA,WR,vs NE,recYds,Circa Sports,31.5,over,41.94,-110,-110,0.5238,0.5000,0.0476,0,0.6345,0.1106,0.1345,ev,multiplicative,projection,closing,1,closing,20260910B2546DE0,2026-10-08T15:34:16.604Z
2026,1,5971,Matthew Stafford,LAR,QB,vs SF,passYds,Hard Rock,224.5,under,245.83,220,-325,0.3125,0.2901,0.0772,0,0.4231,0.1106,0.1330,ev,multiplicative,projection,closing,1,closing,20260911F39A2BD0,2026-10-08T15:34:16.604Z
2026,1,18497,Terrance Ferguson,LAR,TE,vs SF,recYds,Hard Rock,55.5,under,16.97,-600,350,0.8571,0.7941,0.0794,0,0.9677,0.1106,0.1736,ev,multiplicative,projection,closing,1,closing,20260911F39A2BD0,2026-10-08T15:34:16.604Z
2026,1,11690,Christian McCaffrey,SF,RB,at LAR,rushYds,Hard Rock,95.5,under,69.32,-600,375,0.8571,0.8028,0.0677,0,0.9678,0.1106,0.1650,ev,multiplicative,projection,closing,1,closing,20260911F39A2BD0,2026-10-08T15:34:16.604Z
2026,1,18497,Terrance Ferguson,LAR,TE,vs SF,recYds,FanDuel,24.5,under,16.97,-113,-113,0.5305,0.5000,0.0610,0,0.6410,0.1105,0.1410,ev,multiplicative,projection,closing,1,closing,20260911F39A2BD0,2026-10-08T15:34:16.604Z
2026,1,18497,Terrance Ferguson,LAR,TE,vs SF,recYds,BetRivers,24.5,under,16.97,-113,-118,0.5305,0.4950,0.0718,0,0.6410,0.1105,0.1461,ev,multiplicative,projection,closing,1,closing,20260911F39A2BD0,2026-10-08T15:34:16.604Z
2026,1,13429,Deebo Samuel Sr.,SF,WR,at LAR,recYds,Caesars,29.5,over,42.96,-115,-127,0.5349,0.4888,0.0944,0,0.6454,0.1105,0.1567,ev,multiplicative,projection,closing,1,closing,20260911F39A2BD0,2026-10-08T15:34:16.604Z
2026,1,13429,Deebo Samuel Sr.,SF,WR,at LAR,recYds,theScore,29.5,over,42.96,-115,-115,0.5349,0.5000,0.0698,0,0.6454,0.1105,0.1454,ev,multiplicative,projection,closing,1,closing,20260911F39A2BD0,2026-10-08T15:34:16.604Z
2026,1,15807,Kyren Williams,LAR,RB,vs SF,rushYds,Caesars,55.5,over,66.77,-112,-117,0.5283,0.4949,0.0675,0,0.6386,0.1103,0.1437,ev,multiplicative,projection,closing,1,closing,20260911F39A2BD0,2026-10-08T15:34:16.604Z
2026,1,13432,A.J. Brown,NE,WR,at SEA,recYds,Hard Rock,54.5,over,79.78,-185,135,0.6491,0.6040,0.0747,0,0.7593,0.1102,0.1553,ev,multiplicative,projection,closing,1,closing,20260910B2546DE0,2026-10-08T15:34:16.604Z
2026,1,16027,Romeo Doubs,NE,WR,at SEA,recYds,Hard Rock,46.5,over,49.28,125,-220,0.4444,0.3926,0.1319,0,0.5546,0.1102,0.1620,ev,multiplicative,projection,closing,1,closing,20260910B2546DE0,2026-10-08T15:34:16.604Z
2026,1,17673,Drake Maye,NE,QB,at SEA,passYds,DraftKings,269.5,over,255.56,216,,0.3165,0.3165,,1,0.4264,0.1099,0.1099,ev,none,projection,closing,1,closing,20260910B2546DE0,2026-10-08T15:34:16.604Z
2026,1,18497,Terrance Ferguson,LAR,TE,vs SF,recYds,Hard Rock,28.5,under,16.97,-150,110,0.6000,0.5575,0.0762,0,0.7099,0.1099,0.1524,ev,multiplicative,projection,closing,1,closing,20260911F39A2BD0,2026-10-08T15:34:16.604Z
2026,1,11690,Christian McCaffrey,SF,RB,at LAR,rushYds,Circa Sports,89.5,under,69.32,-435,350,0.8131,0.7854,0.0353,0,0.9230,0.1099,0.1376,ev,multiplicative,projection,closing,1,closing,20260911F39A2BD0,2026-10-08T15:34:16.604Z
2026,1,18497,Terrance Ferguson,LAR,TE,vs SF,recYds,Hard Rock,52.5,under,16.97,-550,325,0.8462,0.7824,0.0814,0,0.9559,0.1097,0.1734,ev,multiplicative,projection,closing,1,closing,20260911F39A2BD0,2026-10-08T15:34:16.604Z
2026,1,15807,Kyren Williams,LAR,RB,vs SF,rushAtt,Caesars,12.5,over,14.93,-137,105,0.5781,0.5423,0.0659,0,0.6877,0.1096,0.1453,ev,multiplicative,projection,closing,1,closing,20260911F39A2BD0,2026-10-08T15:34:16.604Z
2026,1,13432,A.J. Brown,NE,WR,at SEA,recYds,Hard Rock,66.5,over,79.78,-115,-115,0.5349,0.5000,0.0698,0,0.6442,0.1094,0.1442,ev,multiplicative,projection,closing,1,closing,20260910B2546DE0,2026-10-08T15:34:16.604Z
2026,1,15372,Rhamondre Stevenson,NE,RB,at SEA,recYds,Hard Rock,52.5,under,20.57,-800,450,0.8889,0.8302,0.0707,0,0.9983,0.1094,0.1681,ev,multiplicative,projection,closing,1,closing,20260910B2546DE0,2026-10-08T15:34:16.604Z
2026,1,5971,Matthew Stafford,LAR,QB,vs SF,passYds,Hard Rock,221.5,under,245.83,230,-350,0.3030,0.2804,0.0808,0,0.4124,0.1094,0.1321,ev,multiplicative,projection,closing,1,closing,20260911F39A2BD0,2026-10-08T15:34:16.604Z
2026,1,13429,Deebo Samuel Sr.,SF,WR,at LAR,receptions,FanDuel,3.5,over,3.36,172,,0.3676,0.3676,,1,0.4769,0.1093,0.1093,ev,none,projection,closing,1,closing,20260911F39A2BD0,2026-10-08T15:34:16.604Z
2026,1,9253,Mike Evans,SF,WR,at LAR,receptions,FanDuel,5.5,over,3.97,310,,0.2439,0.2439,,1,0.3532,0.1093,0.1093,ev,none,projection,closing,1,closing,20260911F39A2BD0,2026-10-08T15:34:16.604Z
2026,1,16560,Rashid Shaheed,SEA,WR,vs NE,recYds,DraftKings,24.5,over,41.94,-155,,0.6078,0.6078,,1,0.7170,0.1092,0.1092,ev,none,projection,closing,1,closing,20260910B2546DE0,2026-10-08T15:34:16.604Z
2026,1,13432,A.J. Brown,NE,WR,at SEA,recYds,Caesars,65.5,over,79.78,-120,-112,0.5455,0.5080,0.0738,0,0.6546,0.1091,0.1466,ev,multiplicative,projection,closing,1,closing,20260910B2546DE0,2026-10-08T15:34:16.604Z
2026,1,17811,AJ Barner,SEA,TE,vs NE,receptions,DraftKings,1.5,over,3.77,-475,,0.8261,0.8261,,1,0.9352,0.1091,0.1091,ev,none,projection,closing,1,closing,20260910B2546DE0,2026-10-08T15:34:16.604Z
2026,1,13432,A.J. Brown,NE,WR,at SEA,recYds,Hard Rock,65.5,over,79.78,-120,-110,0.5455,0.5101,0.0693,0,0.6546,0.1091,0.1444,ev,multiplicative,projection,closing,1,closing,20260910B2546DE0,2026-10-08T15:34:16.604Z
2026,1,10735,Hunter Henry,NE,TE,at SEA,recYds,Hard Rock,19.5,over,39.85,-375,195,0.7895,0.6996,0.1285,0,0.8985,0.1091,0.1989,ev,multiplicative,projection,closing,1,closing,20260910B2546DE0,2026-10-08T15:34:16.604Z
2026,1,9253,Mike Evans,SF,WR,at LAR,receptions,Hard Rock,7.5,over,3.97,1100,,0.0833,0.0833,,1,0.1924,0.1091,0.1091,ev,none,projection,closing,1,closing,20260911F39A2BD0,2026-10-08T15:34:16.604Z
2026,1,10735,Hunter Henry,NE,TE,at SEA,recYds,DraftKings,33.5,over,39.85,-120,-115,0.5455,0.5049,0.0803,0,0.6544,0.1090,0.1495,ev,multiplicative,projection,closing,1,closing,20260910B2546DE0,2026-10-08T15:34:16.604Z
2026,1,10735,Hunter Henry,NE,TE,at SEA,recYds,Caesars,33.5,over,39.85,-120,-111,0.5455,0.5090,0.0715,0,0.6544,0.1090,0.1454,ev,multiplicative,projection,closing,1,closing,20260910B2546DE0,2026-10-08T15:34:16.604Z
2026,1,13429,Deebo Samuel Sr.,SF,WR,at LAR,recYds,DraftKings,30.5,over,42.96,-111,-111,0.5261,0.5000,0.0521,0,0.6351,0.1090,0.1351,ev,multiplicative,projection,closing,1,closing,20260911F39A2BD0,2026-10-08T15:34:16.604Z
2026,1,10735,Hunter Henry,NE,TE,at SEA,recYds,theScore,33.5,over,39.85,-120,-110,0.5455,0.5101,0.0693,0,0.6544,0.1090,0.1443,ev,multiplicative,projection,closing,1,closing,20260910B2546DE0,2026-10-08T15:34:16.604Z
2026,1,17673,Drake Maye,NE,QB,at SEA,passYds,Hard Rock,268.5,over,255.56,210,-325,0.3226,0.2967,0.0873,0,0.4316,0.1090,0.1349,ev,multiplicative,projection,closing,1,closing,20260910B2546DE0,2026-10-08T15:34:16.604Z
2026,1,10735,Hunter Henry,NE,TE,at SEA,recYds,Hard Rock,33.5,over,39.85,-120,-110,0.5455,0.5101,0.0693,0,0.6544,0.1090,0.1443,ev,multiplicative,projection,closing,1,closing,20260910B2546DE0,2026-10-08T15:34:16.604Z
2026,1,14463,Colby Parkinson,LAR,TE,vs SF,recYds,Hard Rock,26.5,under,20.11,-180,130,0.6429,0.5965,0.0776,0,0.7517,0.1088,0.1551,ev,multiplicative,projection,closing,1,closing,20260911F39A2BD0,2026-10-08T15:34:16.604Z
2026,1,17673,Drake Maye,NE,QB,at SEA,passYds,Hard Rock,270.5,over,255.56,220,-325,0.3125,0.2901,0.0772,0,0.4212,0.1087,0.1311,ev,multiplicative,projection,closing,1,closing,20260910B2546DE0,2026-10-08T15:34:16.604Z
2026,1,18497,Terrance Ferguson,LAR,TE,vs SF,recYds,Hard Rock,48.5,under,16.97,-475,300,0.8261,0.7677,0.0761,0,0.9348,0.1087,0.1671,ev,multiplicative,projection,closing,1,closing,20260911F39A2BD0,2026-10-08T15:34:16.604Z
2026,1,17968,George Holani,SEA,RB,vs NE,recYds,DraftKings,12.5,under,8.3,-117,-107,0.5392,0.5105,0.0561,0,0.6477,0.1086,0.1372,ev,multiplicative,projection,closing,1,closing,20260910B2546DE0,2026-10-08T15:34:16.604Z
2026,1,11690,Christian McCaffrey,SF,RB,at LAR,recYds,Hard Rock,70.5,under,33.41,-800,425,0.8889,0.8235,0.0794,0,0.9975,0.1086,0.1740,ev,multiplicative,projection,closing,1,closing,20260911F39A2BD0,2026-10-08T15:34:16.604Z
2026,1,15372,Rhamondre Stevenson,NE,RB,at SEA,rushYds,Caesars,69.5,over,72.39,127,,0.4405,0.4405,,1,0.5490,0.1085,0.1085,ev,none,projection,closing,1,closing,20260910B2546DE0,2026-10-08T15:34:16.604Z
2026,1,13432,A.J. Brown,NE,WR,at SEA,recYds,theScore,89.5,over,79.78,260,,0.2778,0.2778,,1,0.3863,0.1085,0.1085,ev,none,projection,closing,1,closing,20260910B2546DE0,2026-10-08T15:34:16.604Z
2026,1,17673,Drake Maye,NE,QB,at SEA,passYds,Hard Rock,279.5,over,255.56,275,-425,0.2667,0.2478,0.0762,0,0.3750,0.1083,0.1272,ev,multiplicative,projection,closing,1,closing,20260910B2546DE0,2026-10-08T15:34:16.604Z
2026,1,5971,Matthew Stafford,LAR,QB,vs SF,passYds,Hard Rock,222.5,under,245.83,225,-350,0.3077,0.2835,0.0855,0,0.4160,0.1083,0.1325,ev,multiplicative,projection,closing,1,closing,20260911F39A2BD0,2026-10-08T15:34:16.604Z
2026,1,11690,Christian McCaffrey,SF,RB,at LAR,recYds,Hard Rock,35.5,under,33.41,120,-165,0.4545,0.4220,0.0772,0,0.5628,0.1082,0.1408,ev,multiplicative,projection,closing,1,closing,20260911F39A2BD0,2026-10-08T15:34:16.604Z
2026,1,15807,Kyren Williams,LAR,RB,vs SF,rushYds,FanDuel,55.5,over,66.77,-113,-113,0.5305,0.5000,0.0610,0,0.6386,0.1081,0.1386,ev,multiplicative,projection,closing,1,closing,20260911F39A2BD0,2026-10-08T15:34:16.604Z
2026,1,13429,Deebo Samuel Sr.,SF,WR,at LAR,receptions,Hard Rock,4.5,over,3.36,375,,0.2105,0.2105,,1,0.3186,0.1080,0.1080,ev,none,projection,closing,1,closing,20260911F39A2BD0,2026-10-08T15:34:16.604Z
2026,1,11892,George Kittle,SF,TE,at LAR,recYds,BetRivers,31.5,over,40.53,-125,-114,0.5556,0.5105,0.0883,0,0.6634,0.1079,0.1529,ev,multiplicative,projection,closing,1,closing,20260911F39A2BD0,2026-10-08T15:34:16.604Z
2026,1,11690,Christian McCaffrey,SF,RB,at LAR,recYds,Hard Rock,69.5,under,33.41,-800,425,0.8889,0.8235,0.0794,0,0.9968,0.1079,0.1733,ev,multiplicative,projection,closing,1,closing,20260911F39A2BD0,2026-10-08T15:34:16.604Z
2026,1,14463,Colby Parkinson,LAR,TE,vs SF,recYds,Hard Rock,45.5,under,20.11,-800,425,0.8889,0.8235,0.0794,0,0.9965,0.1077,0.1730,ev,multiplicative,projection,closing,1,closing,20260911F39A2BD0,2026-10-08T15:34:16.604Z
2026,1,16560,Rashid Shaheed,SEA,WR,vs NE,recYds,BetRivers,30.5,over,41.94,-117,-113,0.5392,0.5040,0.0697,0,0.6468,0.1076,0.1427,ev,multiplicative,projection,closing,1,closing,20260910B2546DE0,2026-10-08T15:34:16.604Z
2026,1,16790,Puka Nacua,LAR,WR,vs SF,receptions,DraftKings,8.5,over,7.58,215,,0.3175,0.3175,,1,0.4250,0.1075,0.1075,ev,none,projection,closing,1,closing,20260911F39A2BD0,2026-10-08T15:34:16.604Z
2026,1,16027,Romeo Doubs,NE,WR,at SEA,receptions,Circa Sports,3.5,over,3.72,120,-140,0.4545,0.4380,0.0379,0,0.5621,0.1075,0.1241,ev,multiplicative,projection,closing,1,closing,20260910B2546DE0,2026-10-08T15:34:16.604Z
2026,1,16790,Puka Nacua,LAR,WR,vs SF,receptions,theScore,10.5,over,7.58,500,,0.1667,0.1667,,1,0.2741,0.1074,0.1074,ev,none,projection,closing,1,closing,20260911F39A2BD0,2026-10-08T15:34:16.604Z
2026,1,10735,Hunter Henry,NE,TE,at SEA,recYds,Circa Sports,34.5,over,39.85,-110,-110,0.5238,0.5000,0.0476,0,0.6311,0.1073,0.1311,ev,multiplicative,projection,closing,1,closing,20260910B2546DE0,2026-10-08T15:34:16.604Z
2026,1,17811,AJ Barner,SEA,TE,vs NE,receptions,Hard Rock,4.5,over,3.77,275,,0.2667,0.2667,,1,0.3738,0.1071,0.1071,ev,none,projection,closing,1,closing,20260910B2546DE0,2026-10-08T15:34:16.604Z
2026,1,11690,Christian McCaffrey,SF,RB,at LAR,recYds,Hard Rock,68.5,under,33.41,-800,425,0.8889,0.8235,0.0794,0,0.9960,0.1071,0.1725,ev,multiplicative,projection,closing,1,closing,20260911F39A2BD0,2026-10-08T15:34:16.604Z
2026,1,17673,Drake Maye,NE,QB,at SEA,passYds,Hard Rock,258.5,over,255.56,165,-240,0.3774,0.3484,0.0832,0,0.4844,0.1070,0.1360,ev,multiplicative,projection,closing,1,closing,20260910B2546DE0,2026-10-08T15:34:16.604Z
2026,1,5971,Matthew Stafford,LAR,QB,vs SF,passYds,Hard Rock,223.5,under,245.83,220,-325,0.3125,0.2901,0.0772,0,0.4195,0.1070,0.1294,ev,multiplicative,projection,closing,1,closing,20260911F39A2BD0,2026-10-08T15:34:16.604Z
2026,1,18497,Terrance Ferguson,LAR,TE,vs SF,recYds,Hard Rock,54.5,under,16.97,-600,350,0.8571,0.7941,0.0794,0,0.9641,0.1070,0.1700,ev,multiplicative,projection,closing,1,closing,20260911F39A2BD0,2026-10-08T15:34:16.604Z
2026,1,11861,Mack Hollins,NE,WR,at SEA,recYds,DraftKings,14.5,over,16.53,123,,0.4484,0.4484,,1,0.5553,0.1069,0.1069,ev,none,projection,closing,1,closing,20260910B2546DE0,2026-10-08T15:34:16.604Z
2026,1,10735,Hunter Henry,NE,TE,at SEA,recYds,Caesars,19.5,over,39.85,-380,,0.7917,0.7917,,1,0.8985,0.1069,0.1069,ev,none,projection,closing,1,closing,20260910B2546DE0,2026-10-08T15:34:16.604Z
2026,1,11892,George Kittle,SF,TE,at LAR,recYds,FanDuel,29.5,over,40.53,-144,,0.5902,0.5902,,1,0.6968,0.1066,0.1066,ev,none,projection,closing,1,closing,20260911F39A2BD0,2026-10-08T15:34:16.604Z
2026,1,11690,Christian McCaffrey,SF,RB,at LAR,rushYds,Hard Rock,90.5,under,69.32,-475,300,0.8261,0.7677,0.0761,0,0.9327,0.1066,0.1650,ev,multiplicative,projection,closing,1,closing,20260911F39A2BD0,2026-10-08T15:34:16.604Z
2026,1,14463,Colby Parkinson,LAR,TE,vs SF,recYds,Hard Rock,44.5,under,20.11,-800,425,0.8889,0.8235,0.0794,0,0.9953,0.1064,0.1717,ev,multiplicative,projection,closing,1,closing,20260911F39A2BD0,2026-10-08T15:34:16.604Z
2026,1,11892,George Kittle,SF,TE,at LAR,recYds,DraftKings,24.5,over,40.53,-200,,0.6667,0.6667,,1,0.7730,0.1063,0.1063,ev,none,projection,closing,1,closing,20260911F39A2BD0,2026-10-08T15:34:16.604Z
2026,1,17690,Blake Corum,LAR,RB,vs SF,rushYds,DraftKings,59.5,over,49.02,235,,0.2985,0.2985,,1,0.4048,0.1063,0.1063,ev,none,projection,closing,1,closing,20260911F39A2BD0,2026-10-08T15:34:16.604Z
2026,1,16560,Rashid Shaheed,SEA,WR,vs NE,receptions,FanDuel,3.5,over,2.87,220,,0.3125,0.3125,,1,0.4187,0.1062,0.1062,ev,none,projection,closing,1,closing,20260910B2546DE0,2026-10-08T15:34:16.604Z
2026,1,18497,Terrance Ferguson,LAR,TE,vs SF,recYds,Hard Rock,24.5,under,16.97,-115,-120,0.5349,0.4951,0.0803,0,0.6410,0.1062,0.1459,ev,multiplicative,projection,closing,1,closing,20260911F39A2BD0,2026-10-08T15:34:16.604Z
2026,1,15807,Kyren Williams,LAR,RB,vs SF,rushAtt,BetRivers,12.5,over,14.93,-139,,0.5816,0.5816,,1,0.6877,0.1061,0.1061,ev,none,projection,closing,1,closing,20260911F39A2BD0,2026-10-08T15:34:16.604Z
2026,1,13429,Deebo Samuel Sr.,SF,WR,at LAR,rushYds,Hard Rock,3.5,under,4.1,200,-300,0.3333,0.3077,0.0833,0,0.4393,0.1060,0.1316,ev,multiplicative,projection,closing,1,closing,20260911F39A2BD0,2026-10-08T15:34:16.604Z
2026,1,15807,Kyren Williams,LAR,RB,vs SF,rushYds,BetRivers,55.5,over,66.77,-114,-117,0.5327,0.4970,0.0719,0,0.6386,0.1059,0.1416,ev,multiplicative,projection,closing,1,closing,20260911F39A2BD0,2026-10-08T15:34:16.604Z
2026,1,5971,Matthew Stafford,LAR,QB,vs SF,passYds,Hard Rock,220.5,under,245.83,230,-350,0.3030,0.2804,0.0808,0,0.4089,0.1059,0.1285,ev,multiplicative,projection,closing,1,closing,20260911F39A2BD0,2026-10-08T15:34:16.604Z
2026,1,17673,Drake Maye,NE,QB,at SEA,passYds,Hard Rock,246.5,over,255.56,135,-190,0.4255,0.3938,0.0807,0,0.5314,0.1058,0.1376,ev,multiplicative,projection,closing,1,closing,20260910B2546DE0,2026-10-08T15:34:16.604Z
2026,1,12490,Sam Darnold,SEA,QB,vs NE,passAtt,BetRivers,34.5,over,32.56,295,,0.2532,0.2532,,1,0.3589,0.1057,0.1057,ev,none,projection,closing,1,closing,20260910B2546DE0,2026-10-08T15:34:16.604Z
2026,1,10735,Hunter Henry,NE,TE,at SEA,receptions,FanDuel,4.5,over,3.59,290,,0.2564,0.2564,,1,0.3621,0.1057,0.1057,ev,none,projection,closing,1,closing,20260910B2546DE0,2026-10-08T15:34:16.604Z
2026,1,5971,Matthew Stafford,LAR,QB,vs SF,passYds,DraftKings,270.5,under,245.83,-113,-111,0.5305,0.5021,0.0566,0,0.6359,0.1054,0.1338,ev,multiplicative,projection,closing,1,closing,20260911F39A2BD0,2026-10-08T15:34:16.604Z
2026,1,13429,Deebo Samuel Sr.,SF,WR,at LAR,recYds,Hard Rock,45.5,over,42.96,200,-300,0.3333,0.3077,0.0833,0,0.4387,0.1054,0.1310,ev,multiplicative,projection,closing,1,closing,20260911F39A2BD0,2026-10-08T15:34:16.604Z
2026,1,15807,Kyren Williams,LAR,RB,vs SF,recYds,Hard Rock,35.5,under,12.2,-850,450,0.8947,0.8311,0.0766,0,1.0000,0.1053,0.1689,ev,multiplicative,projection,closing,1,closing,20260911F39A2BD0,2026-10-08T15:34:16.604Z
2026,1,10854,Tyler Higbee,LAR,TE,vs SF,recYds,Hard Rock,39.5,under,9.19,-850,450,0.8947,0.8311,0.0766,0,1.0000,0.1053,0.1689,ev,multiplicative,projection,closing,1,closing,20260911F39A2BD0,2026-10-08T15:34:16.604Z
2026,1,14463,Colby Parkinson,LAR,TE,vs SF,recYds,theScore,24.5,under,20.11,-135,105,0.5745,0.5408,0.0623,0,0.6798,0.1053,0.1390,ev,multiplicative,projection,closing,1,closing,20260911F39A2BD0,2026-10-08T15:34:16.604Z
2026,1,15834,Brock Purdy,SF,QB,at LAR,rushYds,Hard Rock,38.5,under,12.65,-850,425,0.8947,0.8245,0.0852,0,1.0000,0.1053,0.1755,ev,multiplicative,projection,closing,1,closing,20260911F39A2BD0,2026-10-08T15:34:16.604Z
2026,1,15834,Brock Purdy,SF,QB,at LAR,rushYds,Hard Rock,39.5,under,12.65,-850,425,0.8947,0.8245,0.0852,0,1.0000,0.1053,0.1755,ev,multiplicative,projection,closing,1,closing,20260911F39A2BD0,2026-10-08T15:34:16.604Z
2026,1,17811,AJ Barner,SEA,TE,vs NE,receptions,DraftKings,5.5,over,3.77,750,,0.1176,0.1176,,1,0.2228,0.1052,0.1052,ev,none,projection,closing,1,closing,20260910B2546DE0,2026-10-08T15:34:16.604Z
2026,1,17811,AJ Barner,SEA,TE,vs NE,receptions,Caesars,5.5,over,3.77,750,,0.1176,0.1176,,1,0.2228,0.1052,0.1052,ev,none,projection,closing,1,closing,20260910B2546DE0,2026-10-08T15:34:16.604Z
2026,1,18497,Terrance Ferguson,LAR,TE,vs SF,recYds,BetRivers,25.5,under,16.97,-124,-115,0.5536,0.5086,0.0885,0,0.6588,0.1052,0.1502,ev,multiplicative,projection,closing,1,closing,20260911F39A2BD0,2026-10-08T15:34:16.604Z
2026,1,11690,Christian McCaffrey,SF,RB,at LAR,rushYds,Hard Rock,94.5,under,69.32,-600,350,0.8571,0.7941,0.0794,0,0.9623,0.1052,0.1682,ev,multiplicative,projection,closing,1,closing,20260911F39A2BD0,2026-10-08T15:34:16.604Z
2026,1,16751,DeMario Douglas,NE,WR,at SEA,recYds,BetRivers,20.5,over,29.73,-112,-120,0.5283,0.4920,0.0738,0,0.6334,0.1051,0.1414,ev,multiplicative,projection,closing,1,closing,20260910B2546DE0,2026-10-08T15:34:16.604Z
2026,1,10735,Hunter Henry,NE,TE,at SEA,recYds,Hard Rock,29.5,over,39.85,-175,105,0.6364,0.5661,0.1242,0,0.7414,0.1050,0.1753,ev,multiplicative,projection,closing,1,closing,20260910B2546DE0,2026-10-08T15:34:16.604Z
2026,1,11892,George Kittle,SF,TE,at LAR,recYds,theScore,29.5,over,40.53,-145,,0.5918,0.5918,,1,0.6968,0.1050,0.1050,ev,none,projection,closing,1,closing,20260911F39A2BD0,2026-10-08T15:34:16.604Z
2026,1,11892,George Kittle,SF,TE,at LAR,recYds,Circa Sports,33.5,over,40.53,-110,-110,0.5238,0.5000,0.0476,0,0.6287,0.1049,0.1287,ev,multiplicative,projection,closing,1,closing,20260911F39A2BD0,2026-10-08T15:34:16.604Z
2026,1,15807,Kyren Williams,LAR,RB,vs SF,rushYds,Hard Rock,54.5,over,66.77,-120,-110,0.5455,0.5101,0.0693,0,0.6503,0.1049,0.1402,ev,multiplicative,projection,closing,1,closing,20260911F39A2BD0,2026-10-08T15:34:16.604Z
2026,1,17673,Drake Maye,NE,QB,at SEA,passYds,DraftKings,279.5,over,255.56,270,,0.2703,0.2703,,1,0.3750,0.1047,0.1047,ev,none,projection,closing,1,closing,20260910B2546DE0,2026-10-08T15:34:16.604Z
2026,1,16654,Jaxon Smith-Njigba,SEA,WR,vs NE,receptions,FanDuel,12.5,over,6.83,1700,,0.0556,0.0556,,1,0.1603,0.1047,0.1047,ev,none,projection,closing,1,closing,20260910B2546DE0,2026-10-08T15:34:16.604Z
2026,1,18497,Terrance Ferguson,LAR,TE,vs SF,recYds,Caesars,22.5,under,16.97,100,-135,0.5000,0.4653,0.0745,0,0.6046,0.1046,0.1393,ev,multiplicative,projection,closing,1,closing,20260911F39A2BD0,2026-10-08T15:34:16.604Z
2026,1,18497,Terrance Ferguson,LAR,TE,vs SF,recYds,Hard Rock,22.5,under,16.97,100,-130,0.5000,0.4694,0.0652,0,0.6046,0.1046,0.1352,ev,multiplicative,projection,closing,1,closing,20260911F39A2BD0,2026-10-08T15:34:16.604Z
2026,1,16418,Jake Tonges,SF,TE,at LAR,recYds,Hard Rock,19.5,under,8.35,-325,220,0.7647,0.7099,0.0772,0,0.8692,0.1045,0.1593,ev,multiplicative,projection,closing,1,closing,20260911F39A2BD0,2026-10-08T15:34:16.604Z
2026,1,15807,Kyren Williams,LAR,RB,vs SF,rushAtt,theScore,16.5,over,14.93,275,,0.2667,0.2667,,1,0.3711,0.1045,0.1045,ev,none,projection,closing,1,closing,20260911F39A2BD0,2026-10-08T15:34:16.604Z
2026,1,17673,Drake Maye,NE,QB,at SEA,passYds,theScore,249.5,over,255.56,140,,0.4167,0.4167,,1,0.5210,0.1043,0.1043,ev,none,projection,closing,1,closing,20260910B2546DE0,2026-10-08T15:34:16.604Z
2026,1,15372,Rhamondre Stevenson,NE,RB,at SEA,recYds,Hard Rock,54.5,under,20.57,-850,450,0.8947,0.8311,0.0766,0,0.9990,0.1043,0.1679,ev,multiplicative,projection,closing,1,closing,20260910B2546DE0,2026-10-08T15:34:16.604Z
2026,1,19299,Jadarian Price,SEA,RB,vs NE,recYds,FanDuel,5.5,over,7.38,-114,-114,0.5327,0.5000,0.0654,0,0.6366,0.1039,0.1366,ev,multiplicative,projection,closing,1,closing,20260910B2546DE0,2026-10-08T15:34:16.604Z
2026,1,16560,Rashid Shaheed,SEA,WR,vs NE,recYds,FanDuel,31.5,over,41.94,-113,-113,0.5305,0.5000,0.0610,0,0.6345,0.1039,0.1345,ev,multiplicative,projection,closing,1,closing,20260910B2546DE0,2026-10-08T15:34:16.604Z
2026,1,10735,Hunter Henry,NE,TE,at SEA,receptions,DraftKings,1.5,over,3.59,-600,,0.8571,0.8571,,1,0.9610,0.1038,0.1038,ev,none,projection,closing,1,closing,20260910B2546DE0,2026-10-08T15:34:16.604Z
2026,1,17690,Blake Corum,LAR,RB,vs SF,rushYds,DraftKings,38.5,over,49.02,-115,-120,0.5349,0.4951,0.0803,0,0.6386,0.1037,0.1435,ev,multiplicative,projection,closing,1,closing,20260911F39A2BD0,2026-10-08T15:34:16.604Z
2026,1,15807,Kyren Williams,LAR,RB,vs SF,rushYds,DraftKings,55.5,over,66.77,-115,-120,0.5349,0.4951,0.0803,0,0.6386,0.1037,0.1435,ev,multiplicative,projection,closing,1,closing,20260911F39A2BD0,2026-10-08T15:34:16.604Z
2026,1,15807,Kyren Williams,LAR,RB,vs SF,rushYds,Hard Rock,55.5,over,66.77,-115,-115,0.5349,0.5000,0.0698,0,0.6386,0.1037,0.1386,ev,multiplicative,projection,closing,1,closing,20260911F39A2BD0,2026-10-08T15:34:16.604Z
2026,1,15807,Kyren Williams,LAR,RB,vs SF,rushYds,theScore,74.5,over,66.77,225,,0.3077,0.3077,,1,0.4112,0.1036,0.1036,ev,none,projection,closing,1,closing,20260911F39A2BD0,2026-10-08T15:34:16.604Z
2026,1,13432,A.J. Brown,NE,WR,at SEA,recYds,DraftKings,49.5,over,79.78,-230,,0.6970,0.6970,,1,0.8005,0.1035,0.1035,ev,none,projection,closing,1,closing,20260910B2546DE0,2026-10-08T15:34:16.604Z
2026,1,13432,A.J. Brown,NE,WR,at SEA,recYds,FanDuel,49.5,over,79.78,-230,,0.6970,0.6970,,1,0.8005,0.1035,0.1035,ev,none,projection,closing,1,closing,20260910B2546DE0,2026-10-08T15:34:16.604Z
2026,1,17673,Drake Maye,NE,QB,at SEA,passYds,Hard Rock,271.5,over,255.56,220,-325,0.3125,0.2901,0.0772,0,0.4160,0.1035,0.1259,ev,multiplicative,projection,closing,1,closing,20260910B2546DE0,2026-10-08T15:34:16.604Z
2026,1,16751,DeMario Douglas,NE,WR,at SEA,recYds,BetRivers,29.5,over,29.73,150,,0.4000,0.4000,,1,0.5034,0.1034,0.1034,ev,none,projection,closing,1,closing,20260910B2546DE0,2026-10-08T15:34:16.604Z
2026,1,16560,Rashid Shaheed,SEA,WR,vs NE,recYds,theScore,29.5,over,41.94,-125,-105,0.5556,0.5203,0.0678,0,0.6589,0.1034,0.1386,ev,multiplicative,projection,closing,1,closing,20260910B2546DE0,2026-10-08T15:34:16.604Z
2026,1,17673,Drake Maye,NE,QB,at SEA,passYds,Hard Rock,260.5,over,255.56,170,-250,0.3704,0.3415,0.0847,0,0.4738,0.1034,0.1323,ev,multiplicative,projection,closing,1,closing,20260910B2546DE0,2026-10-08T15:34:16.604Z
2026,1,16027,Romeo Doubs,NE,WR,at SEA,receptions,BetRivers,3.5,over,3.72,118,,0.4587,0.4587,,1,0.5621,0.1033,0.1033,ev,none,projection,closing,1,closing,20260910B2546DE0,2026-10-08T15:34:16.604Z
2026,1,17673,Drake Maye,NE,QB,at SEA,passYds,Hard Rock,280.5,over,255.56,275,-425,0.2667,0.2478,0.0762,0,0.3699,0.1033,0.1221,ev,multiplicative,projection,closing,1,closing,20260910B2546DE0,2026-10-08T15:34:16.604Z
2026,1,16027,Romeo Doubs,NE,WR,at SEA,recYds,Hard Rock,19.5,over,49.28,-475,225,0.8261,0.7286,0.1338,0,0.9294,0.1033,0.2008,ev,multiplicative,projection,closing,1,closing,20260910B2546DE0,2026-10-08T15:34:16.604Z
2026,1,16560,Rashid Shaheed,SEA,WR,vs NE,recYds,theScore,19.5,over,41.94,-200,,0.6667,0.6667,,1,0.7699,0.1033,0.1033,ev,none,projection,closing,1,closing,20260910B2546DE0,2026-10-08T15:34:16.604Z
2026,1,15372,Rhamondre Stevenson,NE,RB,at SEA,rushYds,Hard Rock,65.5,over,72.39,-105,-160,0.5122,0.4542,0.1276,0,0.6155,0.1033,0.1612,ev,multiplicative,projection,closing,1,closing,20260910B2546DE0,2026-10-08T15:34:16.604Z
2026,1,17811,AJ Barner,SEA,TE,vs NE,recYds,Hard Rock,15.5,over,34.09,-300,165,0.7500,0.6653,0.1274,0,0.8532,0.1032,0.1879,ev,multiplicative,projection,closing,1,closing,20260910B2546DE0,2026-10-08T15:34:16.604Z
2026,1,18532,Corey Kiner,NE,RB,at SEA,rushYds,Hard Rock,28.5,under,11.74,-850,450,0.8947,0.8311,0.0766,0,0.9979,0.1032,0.1668,ev,multiplicative,projection,closing,1,closing,20260910B2546DE0,2026-10-08T15:34:16.604Z
2026,1,9253,Mike Evans,SF,WR,at LAR,receptions,Hard Rock,5.5,over,3.97,300,,0.2500,0.2500,,1,0.3532,0.1032,0.1032,ev,none,projection,closing,1,closing,20260911F39A2BD0,2026-10-08T15:34:16.604Z
2026,1,9253,Mike Evans,SF,WR,at LAR,receptions,theScore,5.5,over,3.97,300,,0.2500,0.2500,,1,0.3532,0.1032,0.1032,ev,none,projection,closing,1,closing,20260911F39A2BD0,2026-10-08T15:34:16.604Z
2026,1,11892,George Kittle,SF,TE,at LAR,receptions,Caesars,3.5,over,3.77,118,-175,0.4587,0.4189,0.0951,0,0.5618,0.1031,0.1430,ev,multiplicative,projection,closing,1,closing,20260911F39A2BD0,2026-10-08T15:34:16.604Z
2026,1,15372,Rhamondre Stevenson,NE,RB,at SEA,rushAtt,BetRivers,15.5,over,16.66,-129,,0.5633,0.5633,,1,0.6664,0.1030,0.1030,ev,none,projection,closing,1,closing,20260910B2546DE0,2026-10-08T15:34:16.604Z
2026,1,18497,Terrance Ferguson,LAR,TE,vs SF,recYds,Hard Rock,53.5,under,16.97,-600,350,0.8571,0.7941,0.0794,0,0.9601,0.1030,0.1660,ev,multiplicative,projection,closing,1,closing,20260911F39A2BD0,2026-10-08T15:34:16.604Z
2026,1,11690,Christian McCaffrey,SF,RB,at LAR,rushYds,Hard Rock,92.5,under,69.32,-550,325,0.8462,0.7824,0.0814,0,0.9492,0.1030,0.1668,ev,multiplicative,projection,closing,1,closing,20260911F39A2BD0,2026-10-08T15:34:16.604Z
2026,1,16751,DeMario Douglas,NE,WR,at SEA,recYds,FanDuel,20.5,over,29.73,-113,-113,0.5305,0.5000,0.0610,0,0.6334,0.1029,0.1334,ev,multiplicative,projection,closing,1,closing,20260910B2546DE0,2026-10-08T15:34:16.604Z
2026,1,15807,Kyren Williams,LAR,RB,vs SF,rushYds,Circa Sports,56.5,over,66.77,-110,-110,0.5238,0.5000,0.0476,0,0.6267,0.1029,0.1267,ev,multiplicative,projection,closing,1,closing,20260911F39A2BD0,2026-10-08T15:34:16.604Z
2026,1,15807,Kyren Williams,LAR,RB,vs SF,rushYds,Hard Rock,56.5,over,66.77,-110,-120,0.5238,0.4899,0.0693,0,0.6267,0.1029,0.1369,ev,multiplicative,projection,closing,1,closing,20260911F39A2BD0,2026-10-08T15:34:16.604Z
2026,1,15807,Kyren Williams,LAR,RB,vs SF,rushYds,Hard Rock,64.5,over,66.77,135,-185,0.4255,0.3960,0.0747,0,0.5285,0.1029,0.1325,ev,multiplicative,projection,closing,1,closing,20260911F39A2BD0,2026-10-08T15:34:16.604Z
2026,1,17690,Blake Corum,LAR,RB,vs SF,rushAtt,DraftKings,11.5,over,10.72,185,,0.3509,0.3509,,1,0.4537,0.1028,0.1028,ev,none,projection,closing,1,closing,20260911F39A2BD0,2026-10-08T15:34:16.604Z
2026,1,11690,Christian McCaffrey,SF,RB,at LAR,rushYds,BetRivers,69.5,over,69.32,155,,0.3922,0.3922,,1,0.4949,0.1028,0.1028,ev,none,projection,closing,1,closing,20260911F39A2BD0,2026-10-08T15:34:16.604Z
2026,1,17690,Blake Corum,LAR,RB,vs SF,rushAtt,theScore,11.5,over,10.72,185,-170,0.3509,0.3579,-0.0195,0,0.4537,0.1028,0.0958,ev,multiplicative,projection,closing,1,closing,20260911F39A2BD0,2026-10-08T15:34:16.604Z
2026,1,15834,Brock Purdy,SF,QB,at LAR,passAtt,Caesars,33.5,under,31.59,-115,-114,0.5349,0.5010,0.0676,0,0.6376,0.1027,0.1366,ev,multiplicative,projection,closing,1,closing,20260911F39A2BD0,2026-10-08T15:34:16.604Z
2026,1,15834,Brock Purdy,SF,QB,at LAR,passAtt,DraftKings,33.5,under,31.59,-115,-115,0.5349,0.5000,0.0698,0,0.6376,0.1027,0.1376,ev,multiplicative,projection,closing,1,closing,20260911F39A2BD0,2026-10-08T15:34:16.604Z
2026,1,15834,Brock Purdy,SF,QB,at LAR,passAtt,Hard Rock,33.5,under,31.59,-115,-115,0.5349,0.5000,0.0698,0,0.6376,0.1027,0.1376,ev,multiplicative,projection,closing,1,closing,20260911F39A2BD0,2026-10-08T15:34:16.604Z
2026,1,16790,Puka Nacua,LAR,WR,vs SF,receptions,FanDuel,9.5,over,7.58,310,,0.2439,0.2439,,1,0.3465,0.1026,0.1026,ev,none,projection,closing,1,closing,20260911F39A2BD0,2026-10-08T15:34:16.604Z
2026,1,15807,Kyren Williams,LAR,RB,vs SF,rushYds,Caesars,57.5,over,66.77,-105,-127,0.5122,0.4779,0.0717,0,0.6148,0.1026,0.1368,ev,multiplicative,projection,closing,1,closing,20260911F39A2BD0,2026-10-08T15:34:16.604Z
2026,1,16027,Romeo Doubs,NE,WR,at SEA,receptions,theScore,1.5,over,3.72,-525,,0.8400,0.8400,,1,0.9425,0.1025,0.1025,ev,none,projection,closing,1,closing,20260910B2546DE0,2026-10-08T15:34:16.604Z
2026,1,17688,Jordan Whittington,LAR,WR,vs SF,recYds,FanDuel,6.5,under,4.95,-125,-102,0.5556,0.5239,0.0605,0,0.6579,0.1024,0.1341,ev,multiplicative,projection,closing,1,closing,20260911F39A2BD0,2026-10-08T15:34:16.604Z
2026,1,17673,Drake Maye,NE,QB,at SEA,passYds,Hard Rock,247.5,over,255.56,135,-190,0.4255,0.3938,0.0807,0,0.5279,0.1024,0.1342,ev,multiplicative,projection,closing,1,closing,20260910B2546DE0,2026-10-08T15:34:16.604Z
2026,1,17673,Drake Maye,NE,QB,at SEA,passYds,Hard Rock,296.5,over,255.56,425,-800,0.1905,0.1765,0.0794,0,0.2929,0.1024,0.1164,ev,multiplicative,projection,closing,1,closing,20260910B2546DE0,2026-10-08T15:34:16.604Z
2026,1,17968,George Holani,SEA,RB,vs NE,recYds,Hard Rock,12.5,under,8.3,-120,-110,0.5455,0.5101,0.0693,0,0.6477,0.1023,0.1376,ev,multiplicative,projection,closing,1,closing,20260910B2546DE0,2026-10-08T15:34:16.604Z
2026,1,17690,Blake Corum,LAR,RB,vs SF,rushYds,Caesars,36.5,over,49.02,-128,-102,0.5614,0.5265,0.0664,0,0.6636,0.1022,0.1371,ev,multiplicative,projection,closing,1,closing,20260911F39A2BD0,2026-10-08T15:34:16.604Z
2026,1,17673,Drake Maye,NE,QB,at SEA,passYds,Hard Rock,278.5,over,255.56,260,-400,0.2778,0.2577,0.0778,0,0.3800,0.1022,0.1223,ev,multiplicative,projection,closing,1,closing,20260910B2546DE0,2026-10-08T15:34:16.604Z
2026,1,17690,Blake Corum,LAR,RB,vs SF,recYds,Hard Rock,6.5,under,3.98,-220,155,0.6875,0.6368,0.0797,0,0.7897,0.1022,0.1530,ev,multiplicative,projection,closing,1,closing,20260911F39A2BD0,2026-10-08T15:34:16.604Z
2026,1,13429,Deebo Samuel Sr.,SF,WR,at LAR,recYds,BetRivers,28.5,over,42.96,-124,-115,0.5536,0.5086,0.0885,0,0.6557,0.1021,0.1471,ev,multiplicative,projection,closing,1,closing,20260911F39A2BD0,2026-10-08T15:34:16.604Z
2026,1,18497,Terrance Ferguson,LAR,TE,vs SF,recYds,Hard Rock,20.5,under,16.97,115,-160,0.4651,0.4305,0.0805,0,0.5672,0.1021,0.1368,ev,multiplicative,projection,closing,1,closing,20260911F39A2BD0,2026-10-08T15:34:16.604Z
2026,1,13429,Deebo Samuel Sr.,SF,WR,at LAR,recYds,FanDuel,24.5,over,42.96,-146,,0.5935,0.5935,,1,0.6955,0.1020,0.1020,ev,none,projection,closing,1,closing,20260911F39A2BD0,2026-10-08T15:34:16.604Z
2026,1,15807,Kyren Williams,LAR,RB,vs SF,rushYds,Hard Rock,60.5,over,66.77,110,-155,0.4762,0.4393,0.0840,0,0.5782,0.1020,0.1389,ev,multiplicative,projection,closing,1,closing,20260911F39A2BD0,2026-10-08T15:34:16.604Z
2026,1,17811,AJ Barner,SEA,TE,vs NE,receptions,BetRivers,1.5,over,3.77,-500,,0.8333,0.8333,,1,0.9352,0.1019,0.1019,ev,none,projection,closing,1,closing,20260910B2546DE0,2026-10-08T15:34:16.604Z
2026,1,17811,AJ Barner,SEA,TE,vs NE,receptions,Caesars,1.5,over,3.77,-500,,0.8333,0.8333,,1,0.9352,0.1019,0.1019,ev,none,projection,closing,1,closing,20260910B2546DE0,2026-10-08T15:34:16.604Z
2026,1,16751,DeMario Douglas,NE,WR,at SEA,recYds,Hard Rock,30.5,over,29.73,160,-220,0.3846,0.3587,0.0721,0,0.4865,0.1019,0.1278,ev,multiplicative,projection,closing,1,closing,20260910B2546DE0,2026-10-08T15:34:16.604Z
2026,1,17811,AJ Barner,SEA,TE,vs NE,receptions,theScore,1.5,over,3.77,-500,,0.8333,0.8333,,1,0.9352,0.1019,0.1019,ev,none,projection,closing,1,closing,20260910B2546DE0,2026-10-08T15:34:16.604Z
2026,1,16418,Jake Tonges,SF,TE,at LAR,recYds,Hard Rock,24.5,under,8.35,-550,325,0.8462,0.7824,0.0814,0,0.9480,0.1019,0.1656,ev,multiplicative,projection,closing,1,closing,20260911F39A2BD0,2026-10-08T15:34:16.604Z
2026,1,16751,DeMario Douglas,NE,WR,at SEA,recYds,DraftKings,19.5,over,29.73,-120,-115,0.5455,0.5049,0.0803,0,0.6472,0.1018,0.1423,ev,multiplicative,projection,closing,1,closing,20260910B2546DE0,2026-10-08T15:34:16.604Z
2026,1,13429,Deebo Samuel Sr.,SF,WR,at LAR,recYds,Caesars,32.5,over,42.96,-105,-128,0.5122,0.4771,0.0736,0,0.6140,0.1018,0.1370,ev,multiplicative,projection,closing,1,closing,20260911F39A2BD0,2026-10-08T15:34:16.604Z
2026,1,16751,DeMario Douglas,NE,WR,at SEA,recYds,Hard Rock,19.5,over,29.73,-120,-110,0.5455,0.5101,0.0693,0,0.6472,0.1018,0.1371,ev,multiplicative,projection,closing,1,closing,20260910B2546DE0,2026-10-08T15:34:16.604Z
2026,1,11690,Christian McCaffrey,SF,RB,at LAR,rushYds,Hard Rock,97.5,under,69.32,-700,400,0.8750,0.8140,0.0750,0,0.9767,0.1017,0.1628,ev,multiplicative,projection,closing,1,closing,20260911F39A2BD0,2026-10-08T15:34:16.604Z
2026,1,15834,Brock Purdy,SF,QB,at LAR,rushYds,Hard Rock,12.5,under,12.65,155,-225,0.3922,0.3616,0.0845,0,0.4938,0.1017,0.1322,ev,multiplicative,projection,closing,1,closing,20260911F39A2BD0,2026-10-08T15:34:16.604Z
2026,1,14463,Colby Parkinson,LAR,TE,vs SF,recYds,Caesars,23.5,under,20.11,-117,-112,0.5392,0.5051,0.0675,0,0.6408,0.1016,0.1357,ev,multiplicative,projection,closing,1,closing,20260911F39A2BD0,2026-10-08T15:34:16.604Z
2026,1,17690,Blake Corum,LAR,RB,vs SF,rushYds,BetRivers,37.5,over,49.02,-122,-109,0.5495,0.5131,0.0711,0,0.6512,0.1016,0.1381,ev,multiplicative,projection,closing,1,closing,20260911F39A2BD0,2026-10-08T15:34:16.604Z
2026,1,13432,A.J. Brown,NE,WR,at SEA,recYds,Hard Rock,55.5,over,79.78,-185,135,0.6491,0.6040,0.0747,0,0.7505,0.1014,0.1465,ev,multiplicative,projection,closing,1,closing,20260910B2546DE0,2026-10-08T15:34:16.604Z
2026,1,16560,Rashid Shaheed,SEA,WR,vs NE,receptions,Caesars,3.5,over,2.87,215,,0.3175,0.3175,,1,0.4187,0.1012,0.1012,ev,none,projection,closing,1,closing,20260910B2546DE0,2026-10-08T15:34:16.604Z
2026,1,13429,Deebo Samuel Sr.,SF,WR,at LAR,receptions,Caesars,4.5,over,3.36,360,,0.2174,0.2174,,1,0.3186,0.1012,0.1012,ev,none,projection,closing,1,closing,20260911F39A2BD0,2026-10-08T15:34:16.604Z
2026,1,17690,Blake Corum,LAR,RB,vs SF,rushAtt,BetRivers,14.5,over,10.72,440,,0.1852,0.1852,,1,0.2864,0.1012,0.1012,ev,none,projection,closing,1,closing,20260911F39A2BD0,2026-10-08T15:34:16.604Z
2026,1,11690,Christian McCaffrey,SF,RB,at LAR,rushYds,FanDuel,69.5,over,69.32,154,,0.3937,0.3937,,1,0.4949,0.1012,0.1012,ev,none,projection,closing,1,closing,20260911F39A2BD0,2026-10-08T15:34:16.604Z
2026,1,17811,AJ Barner,SEA,TE,vs NE,recYds,Hard Rock,14.5,over,34.09,-325,170,0.7647,0.6737,0.1351,0,0.8658,0.1011,0.1921,ev,multiplicative,projection,closing,1,closing,20260910B2546DE0,2026-10-08T15:34:16.604Z
2026,1,17968,George Holani,SEA,RB,vs NE,recYds,Hard Rock,37.5,under,8.3,-850,425,0.8947,0.8245,0.0852,0,0.9958,0.1011,0.1713,ev,multiplicative,projection,closing,1,closing,20260910B2546DE0,2026-10-08T15:34:16.604Z
2026,1,11690,Christian McCaffrey,SF,RB,at LAR,rushYds,Hard Rock,99.5,under,69.32,-750,400,0.8824,0.8152,0.0824,0,0.9835,0.1011,0.1683,ev,multiplicative,projection,closing,1,closing,20260911F39A2BD0,2026-10-08T15:34:16.604Z
2026,1,12490,Sam Darnold,SEA,QB,vs NE,passAtt,DraftKings,31.5,over,32.56,130,,0.4348,0.4348,,1,0.5358,0.1010,0.1010,ev,none,projection,closing,1,closing,20260910B2546DE0,2026-10-08T15:34:16.604Z
2026,1,13429,Deebo Samuel Sr.,SF,WR,at LAR,receptions,Caesars,3.5,over,3.36,166,,0.3759,0.3759,,1,0.4769,0.1010,0.1010,ev,none,projection,closing,1,closing,20260911F39A2BD0,2026-10-08T15:34:16.604Z
2026,1,17673,Drake Maye,NE,QB,at SEA,passYds,Hard Rock,250.5,over,255.56,140,-190,0.4167,0.3887,0.0718,0,0.5175,0.1009,0.1288,ev,multiplicative,projection,closing,1,closing,20260910B2546DE0,2026-10-08T15:34:16.604Z
2026,1,17673,Drake Maye,NE,QB,at SEA,passYds,BetRivers,249.5,over,255.56,138,,0.4202,0.4202,,1,0.5210,0.1008,0.1008,ev,none,projection,closing,1,closing,20260910B2546DE0,2026-10-08T15:34:16.604Z
2026,1,10735,Hunter Henry,NE,TE,at SEA,recYds,BetRivers,34.5,over,39.85,-113,-118,0.5305,0.4950,0.0718,0,0.6311,0.1006,0.1361,ev,multiplicative,projection,closing,1,closing,20260910B2546DE0,2026-10-08T15:34:16.604Z
2026,1,15372,Rhamondre Stevenson,NE,RB,at SEA,rushYds,theScore,34.5,over,72.39,-550,,0.8462,0.8462,,1,0.9468,0.1006,0.1006,ev,none,projection,closing,1,closing,20260910B2546DE0,2026-10-08T15:34:16.604Z
2026,1,11863,Cooper Kupp,SEA,WR,vs NE,recYds,DraftKings,26.5,over,36.09,-111,-113,0.5261,0.4979,0.0566,0,0.6264,0.1004,0.1286,ev,multiplicative,projection,closing,1,closing,20260910B2546DE0,2026-10-08T15:34:16.604Z
2026,1,17690,Blake Corum,LAR,RB,vs SF,rushAtt,DraftKings,17.5,over,10.72,1700,,0.0556,0.0556,,1,0.1558,0.1003,0.1003,ev,none,projection,closing,1,closing,20260911F39A2BD0,2026-10-08T15:34:16.604Z
2026,1,15807,Kyren Williams,LAR,RB,vs SF,rushYds,FanDuel,49.5,over,66.77,-154,,0.6063,0.6063,,1,0.7066,0.1003,0.1003,ev,none,projection,closing,1,closing,20260911F39A2BD0,2026-10-08T15:34:16.604Z
2026,1,16027,Romeo Doubs,NE,WR,at SEA,recYds,Hard Rock,47.5,over,49.28,130,-220,0.4348,0.3874,0.1223,0,0.5350,0.1003,0.1476,ev,multiplicative,projection,closing,1,closing,20260910B2546DE0,2026-10-08T15:34:16.604Z
2026,1,5971,Matthew Stafford,LAR,QB,vs SF,passYds,DraftKings,269.5,under,245.83,-113,108,0.5305,0.5246,0.0113,0,0.6306,0.1001,0.1060,ev,multiplicative,projection,closing,1,closing,20260911F39A2BD0,2026-10-08T15:34:16.604Z
2026,1,11861,Mack Hollins,NE,WR,at SEA,recYds,DraftKings,11.5,over,16.53,-115,-117,0.5349,0.4980,0.0741,0,0.6349,0.1000,0.1369,ev,multiplicative,projection,closing,1,closing,20260910B2546DE0,2026-10-08T15:34:16.604Z
2026,1,16027,Romeo Doubs,NE,WR,at SEA,recYds,FanDuel,14.5,over,49.28,-600,,0.8571,0.8571,,1,0.9572,0.1000,0.1000,ev,none,projection,closing,1,closing,20260910B2546DE0,2026-10-08T15:34:16.604Z
2026,1,17673,Drake Maye,NE,QB,at SEA,passYds,Hard Rock,287.5,over,255.56,325,-550,0.2353,0.2176,0.0814,0,0.3353,0.1000,0.1178,ev,multiplicative,projection,closing,1,closing,20260910B2546DE0,2026-10-08T15:34:16.604Z
2026,1,17673,Drake Maye,NE,QB,at SEA,rushYds,Hard Rock,47.5,under,25.57,-900,350,0.9000,0.8020,0.1222,0,1.0000,0.1000,0.1980,ev,multiplicative,projection,closing,1,closing,20260910B2546DE0,2026-10-08T15:34:16.604Z
2026,1,16560,Rashid Shaheed,SEA,WR,vs NE,rushYds,Hard Rock,16.5,under,3.63,-900,450,0.9000,0.8319,0.0818,0,1.0000,0.1000,0.1681,ev,multiplicative,projection,closing,1,closing,20260910B2546DE0,2026-10-08T15:34:16.604Z
2026,1,15807,Kyren Williams,LAR,RB,vs SF,recYds,Hard Rock,36.5,under,12.2,-900,450,0.9000,0.8319,0.0818,0,1.0000,0.1000,0.1681,ev,multiplicative,projection,closing,1,closing,20260911F39A2BD0,2026-10-08T15:34:16.604Z
2026,1,15834,Brock Purdy,SF,QB,at LAR,rushYds,Hard Rock,37.5,under,12.65,-900,450,0.9000,0.8319,0.0818,0,1.0000,0.1000,0.1681,ev,multiplicative,projection,closing,1,closing,20260911F39A2BD0,2026-10-08T15:34:16.604Z
2026,1,13429,Deebo Samuel Sr.,SF,WR,at LAR,rushYds,Hard Rock,28.5,under,4.1,-900,450,0.9000,0.8319,0.0818,0,1.0000,0.1000,0.1681,ev,multiplicative,projection,closing,1,closing,20260911F39A2BD0,2026-10-08T15:34:16.604Z
2026,1,15372,Rhamondre Stevenson,NE,RB,at SEA,rushYds,BetRivers,79.5,over,72.39,250,,0.2857,0.2857,,1,0.3856,0.0999,0.0999,ev,none,projection,closing,1,closing,20260910B2546DE0,2026-10-08T15:34:16.604Z
2026,1,16560,Rashid Shaheed,SEA,WR,vs NE,recYds,DraftKings,31.5,over,41.94,-115,-120,0.5349,0.4951,0.0803,0,0.6345,0.0996,0.1393,ev,multiplicative,projection,closing,1,closing,20260910B2546DE0,2026-10-08T15:34:16.604Z
2026,1,16560,Rashid Shaheed,SEA,WR,vs NE,recYds,Caesars,31.5,over,41.94,-115,-113,0.5349,0.5020,0.0654,0,0.6345,0.0996,0.1324,ev,multiplicative,projection,closing,1,closing,20260910B2546DE0,2026-10-08T15:34:16.604Z
2026,1,14463,Colby Parkinson,LAR,TE,vs SF,recYds,BetRivers,23.5,under,20.11,-118,-113,0.5413,0.5050,0.0718,0,0.6408,0.0995,0.1358,ev,multiplicative,projection,closing,1,closing,20260911F39A2BD0,2026-10-08T15:34:16.604Z
2026,1,15807,Kyren Williams,LAR,RB,vs SF,rushYds,Hard Rock,65.5,over,66.77,140,-200,0.4167,0.3846,0.0833,0,0.5159,0.0993,0.1313,ev,multiplicative,projection,closing,1,closing,20260911F39A2BD0,2026-10-08T15:34:16.604Z
2026,1,15372,Rhamondre Stevenson,NE,RB,at SEA,recYds,Caesars,24.5,under,20.57,-118,-110,0.5413,0.5082,0.0651,0,0.6405,0.0992,0.1322,ev,multiplicative,projection,closing,1,closing,20260910B2546DE0,2026-10-08T15:34:16.604Z
2026,1,5971,Matthew Stafford,LAR,QB,vs SF,passYds,DraftKings,268.5,under,245.83,-111,-113,0.5261,0.4979,0.0566,0,0.6252,0.0992,0.1274,ev,multiplicative,projection,closing,1,closing,20260911F39A2BD0,2026-10-08T15:34:16.604Z
2026,1,18497,Terrance Ferguson,LAR,TE,vs SF,recYds,Caesars,23.5,under,16.97,-110,-122,0.5238,0.4880,0.0734,0,0.6230,0.0991,0.1349,ev,multiplicative,projection,closing,1,closing,20260911F39A2BD0,2026-10-08T15:34:16.604Z
2026,1,18497,Terrance Ferguson,LAR,TE,vs SF,recYds,Circa Sports,23.5,under,16.97,-110,-110,0.5238,0.5000,0.0476,0,0.6230,0.0991,0.1230,ev,multiplicative,projection,closing,1,closing,20260911F39A2BD0,2026-10-08T15:34:16.604Z
2026,1,18497,Terrance Ferguson,LAR,TE,vs SF,recYds,Hard Rock,23.5,under,16.97,-110,-120,0.5238,0.4899,0.0693,0,0.6230,0.0991,0.1331,ev,multiplicative,projection,closing,1,closing,20260911F39A2BD0,2026-10-08T15:34:16.604Z
2026,1,16790,Puka Nacua,LAR,WR,vs SF,receptions,FanDuel,11.5,over,7.58,800,,0.1111,0.1111,,1,0.2101,0.0990,0.0990,ev,none,projection,closing,1,closing,20260911F39A2BD0,2026-10-08T15:34:16.604Z
2026,1,16790,Puka Nacua,LAR,WR,vs SF,receptions,Hard Rock,11.5,over,7.58,800,,0.1111,0.1111,,1,0.2101,0.0990,0.0990,ev,none,projection,closing,1,closing,20260911F39A2BD0,2026-10-08T15:34:16.604Z
2026,1,10735,Hunter Henry,NE,TE,at SEA,receptions,Caesars,1.5,over,3.59,-625,,0.8621,0.8621,,1,0.9610,0.0989,0.0989,ev,none,projection,closing,1,closing,20260910B2546DE0,2026-10-08T15:34:16.604Z
2026,1,17690,Blake Corum,LAR,RB,vs SF,rushYds,DraftKings,79.5,over,49.02,600,,0.1429,0.1429,,1,0.2417,0.0989,0.0989,ev,none,projection,closing,1,closing,20260911F39A2BD0,2026-10-08T15:34:16.604Z
2026,1,13432,A.J. Brown,NE,WR,at SEA,recYds,Hard Rock,67.5,over,79.78,-115,-115,0.5349,0.5000,0.0698,0,0.6338,0.0989,0.1338,ev,multiplicative,projection,closing,1,closing,20260910B2546DE0,2026-10-08T15:34:16.604Z
2026,1,14463,Colby Parkinson,LAR,TE,vs SF,recYds,Hard Rock,43.5,under,20.11,-850,425,0.8947,0.8245,0.0852,0,0.9936,0.0988,0.1691,ev,multiplicative,projection,closing,1,closing,20260911F39A2BD0,2026-10-08T15:34:16.604Z
2026,1,17673,Drake Maye,NE,QB,at SEA,passYds,Hard Rock,290.5,over,255.56,350,-575,0.2222,0.2069,0.0741,0,0.3209,0.0987,0.1140,ev,multiplicative,projection,closing,1,closing,20260910B2546DE0,2026-10-08T15:34:16.604Z
2026,1,19299,Jadarian Price,SEA,RB,vs NE,recYds,Hard Rock,18.5,under,7.38,-425,260,0.8095,0.7445,0.0873,0,0.9082,0.0987,0.1637,ev,multiplicative,projection,closing,1,closing,20260910B2546DE0,2026-10-08T15:34:16.604Z
2026,1,13432,A.J. Brown,NE,WR,at SEA,receptions,BetRivers,7.5,over,5.42,360,,0.2174,0.2174,,1,0.3160,0.0986,0.0986,ev,none,projection,closing,1,closing,20260910B2546DE0,2026-10-08T15:34:16.604Z
2026,1,16751,DeMario Douglas,NE,WR,at SEA,recYds,DraftKings,20.5,over,29.73,-115,-120,0.5349,0.4951,0.0803,0,0.6334,0.0985,0.1383,ev,multiplicative,projection,closing,1,closing,20260910B2546DE0,2026-10-08T15:34:16.604Z
2026,1,17673,Drake Maye,NE,QB,at SEA,passYds,DraftKings,289.5,over,255.56,340,,0.2273,0.2273,,1,0.3257,0.0984,0.0984,ev,none,projection,closing,1,closing,20260910B2546DE0,2026-10-08T15:34:16.604Z
2026,1,16654,Jaxon Smith-Njigba,SEA,WR,vs NE,recYds,DraftKings,109.5,over,94.17,265,,0.2740,0.2740,,1,0.3724,0.0984,0.0984,ev,none,projection,closing,1,closing,20260910B2546DE0,2026-10-08T15:34:16.604Z
2026,1,10735,Hunter Henry,NE,TE,at SEA,recYds,FanDuel,34.5,over,39.85,-114,-114,0.5327,0.5000,0.0654,0,0.6311,0.0984,0.1311,ev,multiplicative,projection,closing,1,closing,20260910B2546DE0,2026-10-08T15:34:16.604Z
2026,1,15807,Kyren Williams,LAR,RB,vs SF,rushYds,Caesars,56.5,over,66.77,-112,-117,0.5283,0.4949,0.0675,0,0.6267,0.0984,0.1318,ev,multiplicative,projection,closing,1,closing,20260911F39A2BD0,2026-10-08T15:34:16.604Z
2026,1,17673,Drake Maye,NE,QB,at SEA,passYds,Hard Rock,272.5,over,255.56,220,-325,0.3125,0.2901,0.0772,0,0.4108,0.0983,0.1207,ev,multiplicative,projection,closing,1,closing,20260910B2546DE0,2026-10-08T15:34:16.604Z
2026,1,11892,George Kittle,SF,TE,at LAR,recYds,FanDuel,33.5,over,40.53,-113,-113,0.5305,0.5000,0.0610,0,0.6287,0.0982,0.1287,ev,multiplicative,projection,closing,1,closing,20260911F39A2BD0,2026-10-08T15:34:16.604Z
2026,1,16560,Rashid Shaheed,SEA,WR,vs NE,recYds,Circa Sports,32.5,over,41.94,-110,-110,0.5238,0.5000,0.0476,0,0.6220,0.0982,0.1220,ev,multiplicative,projection,closing,1,closing,20260910B2546DE0,2026-10-08T15:34:16.604Z
2026,1,17673,Drake Maye,NE,QB,at SEA,passYds,Hard Rock,281.5,over,255.56,275,-425,0.2667,0.2478,0.0762,0,0.3649,0.0982,0.1171,ev,multiplicative,projection,closing,1,closing,20260910B2546DE0,2026-10-08T15:34:16.604Z
2026,1,10735,Hunter Henry,NE,TE,at SEA,recYds,Hard Rock,24.5,over,39.85,-275,155,0.7333,0.6516,0.1255,0,0.8316,0.0982,0.1800,ev,multiplicative,projection,closing,1,closing,20260910B2546DE0,2026-10-08T15:34:16.604Z
2026,1,16560,Rashid Shaheed,SEA,WR,vs NE,recYds,theScore,32.5,over,41.94,-110,-120,0.5238,0.4899,0.0693,0,0.6220,0.0982,0.1321,ev,multiplicative,projection,closing,1,closing,20260910B2546DE0,2026-10-08T15:34:16.604Z
2026,1,16027,Romeo Doubs,NE,WR,at SEA,receptions,Caesars,5.5,over,3.72,500,,0.1667,0.1667,,1,0.2648,0.0981,0.0981,ev,none,projection,closing,1,closing,20260910B2546DE0,2026-10-08T15:34:16.604Z
2026,1,17673,Drake Maye,NE,QB,at SEA,passYds,Hard Rock,261.5,over,255.56,170,-250,0.3704,0.3415,0.0847,0,0.4685,0.0981,0.1270,ev,multiplicative,projection,closing,1,closing,20260910B2546DE0,2026-10-08T15:34:16.604Z
2026,1,15807,Kyren Williams,LAR,RB,vs SF,rushYds,Hard Rock,69.5,over,66.77,170,-240,0.3704,0.3441,0.0763,0,0.4684,0.0981,0.1243,ev,multiplicative,projection,closing,1,closing,20260911F39A2BD0,2026-10-08T15:34:16.604Z
2026,1,19299,Jadarian Price,SEA,RB,vs NE,recYds,Hard Rock,22.5,under,7.38,-650,375,0.8667,0.8046,0.0772,0,0.9647,0.0980,0.1602,ev,multiplicative,projection,closing,1,closing,20260910B2546DE0,2026-10-08T15:34:16.604Z
2026,1,17673,Drake Maye,NE,QB,at SEA,completions,DraftKings,29.5,over,21.58,1900,,0.0500,0.0500,,1,0.1479,0.0979,0.0979,ev,none,projection,closing,1,closing,20260910B2546DE0,2026-10-08T15:34:16.604Z
2026,1,16654,Jaxon Smith-Njigba,SEA,WR,vs NE,recYds,DraftKings,99.5,over,94.17,180,,0.3571,0.3571,,1,0.4550,0.0978,0.0978,ev,none,projection,closing,1,closing,20260910B2546DE0,2026-10-08T15:34:16.604Z
2026,1,17811,AJ Barner,SEA,TE,vs NE,receptions,FanDuel,5.5,over,3.77,700,,0.1250,0.1250,,1,0.2228,0.0978,0.0978,ev,none,projection,closing,1,closing,20260910B2546DE0,2026-10-08T15:34:16.604Z
2026,1,17673,Drake Maye,NE,QB,at SEA,passYds,Hard Rock,297.5,over,255.56,425,-800,0.1905,0.1765,0.0794,0,0.2883,0.0978,0.1118,ev,multiplicative,projection,closing,1,closing,20260910B2546DE0,2026-10-08T15:34:16.604Z
2026,1,16654,Jaxon Smith-Njigba,SEA,WR,vs NE,receptions,Hard Rock,9.5,over,6.83,350,,0.2222,0.2222,,1,0.3200,0.0978,0.0978,ev,none,projection,closing,1,closing,20260910B2546DE0,2026-10-08T15:34:16.604Z
2026,1,16751,DeMario Douglas,NE,WR,at SEA,recYds,FanDuel,19.5,over,29.73,-122,-113,0.5495,0.5088,0.0801,0,0.6472,0.0977,0.1384,ev,multiplicative,projection,closing,1,closing,20260910B2546DE0,2026-10-08T15:34:16.604Z
2026,1,16560,Rashid Shaheed,SEA,WR,vs NE,receptions,FanDuel,5.5,over,2.87,920,,0.0980,0.0980,,1,0.1957,0.0977,0.0977,ev,none,projection,closing,1,closing,20260910B2546DE0,2026-10-08T15:34:16.604Z
2026,1,16560,Rashid Shaheed,SEA,WR,vs NE,receptions,Hard Rock,4.5,over,2.87,400,,0.2000,0.2000,,1,0.2977,0.0977,0.0977,ev,none,projection,closing,1,closing,20260910B2546DE0,2026-10-08T15:34:16.604Z
2026,1,16560,Rashid Shaheed,SEA,WR,vs NE,receptions,theScore,4.5,over,2.87,400,,0.2000,0.2000,,1,0.2977,0.0977,0.0977,ev,none,projection,closing,1,closing,20260910B2546DE0,2026-10-08T15:34:16.604Z
2026,1,11690,Christian McCaffrey,SF,RB,at LAR,recYds,DraftKings,37.5,under,33.41,-110,-115,0.5238,0.4948,0.0587,0,0.6214,0.0976,0.1267,ev,multiplicative,projection,closing,1,closing,20260911F39A2BD0,2026-10-08T15:34:16.604Z
2026,1,10735,Hunter Henry,NE,TE,at SEA,recYds,Hard Rock,20.5,over,39.85,-375,200,0.7895,0.7031,0.1228,0,0.8870,0.0975,0.1839,ev,multiplicative,projection,closing,1,closing,20260910B2546DE0,2026-10-08T15:34:16.604Z
2026,1,17673,Drake Maye,NE,QB,at SEA,passYds,FanDuel,274.5,over,255.56,230,,0.3030,0.3030,,1,0.4005,0.0974,0.0974,ev,none,projection,closing,1,closing,20260910B2546DE0,2026-10-08T15:34:16.604Z
2026,1,16027,Romeo Doubs,NE,WR,at SEA,receptions,DraftKings,4.5,over,3.72,240,,0.2941,0.2941,,1,0.3915,0.0974,0.0974,ev,none,projection,closing,1,closing,20260910B2546DE0,2026-10-08T15:34:16.604Z
2026,1,19299,Jadarian Price,SEA,RB,vs NE,recYds,Hard Rock,17.5,under,7.38,-375,250,0.7895,0.7343,0.0752,0,0.8869,0.0974,0.1526,ev,multiplicative,projection,closing,1,closing,20260910B2546DE0,2026-10-08T15:34:16.604Z
2026,1,17690,Blake Corum,LAR,RB,vs SF,rushYds,BetRivers,38.5,over,49.02,-118,-113,0.5413,0.5050,0.0718,0,0.6386,0.0973,0.1336,ev,multiplicative,projection,closing,1,closing,20260911F39A2BD0,2026-10-08T15:34:16.604Z
2026,1,11690,Christian McCaffrey,SF,RB,at LAR,rushYds,Hard Rock,100.5,under,69.32,-800,425,0.8889,0.8235,0.0794,0,0.9862,0.0973,0.1626,ev,multiplicative,projection,closing,1,closing,20260911F39A2BD0,2026-10-08T15:34:16.604Z
2026,1,16560,Rashid Shaheed,SEA,WR,vs NE,recYds,BetRivers,39.5,over,41.94,130,,0.4348,0.4348,,1,0.5320,0.0972,0.0972,ev,none,projection,closing,1,closing,20260910B2546DE0,2026-10-08T15:34:16.604Z
2026,1,16560,Rashid Shaheed,SEA,WR,vs NE,recYds,FanDuel,39.5,over,41.94,130,,0.4348,0.4348,,1,0.5320,0.0972,0.0972,ev,none,projection,closing,1,closing,20260910B2546DE0,2026-10-08T15:34:16.604Z
2026,1,19299,Jadarian Price,SEA,RB,vs NE,recYds,Hard Rock,21.5,under,7.38,-600,350,0.8571,0.7941,0.0794,0,0.9544,0.0972,0.1602,ev,multiplicative,projection,closing,1,closing,20260910B2546DE0,2026-10-08T15:34:16.604Z
2026,1,16790,Puka Nacua,LAR,WR,vs SF,receptions,BetRivers,8.5,over,7.58,205,,0.3279,0.3279,,1,0.4250,0.0971,0.0971,ev,none,projection,closing,1,closing,20260911F39A2BD0,2026-10-08T15:34:16.604Z
2026,1,16790,Puka Nacua,LAR,WR,vs SF,receptions,DraftKings,12.5,over,7.58,1600,,0.0588,0.0588,,1,0.1558,0.0970,0.0970,ev,none,projection,closing,1,closing,20260911F39A2BD0,2026-10-08T15:34:16.604Z
2026,1,16751,DeMario Douglas,NE,WR,at SEA,recYds,Hard Rock,25.5,over,29.73,115,-160,0.4651,0.4305,0.0805,0,0.5621,0.0970,0.1316,ev,multiplicative,projection,closing,1,closing,20260910B2546DE0,2026-10-08T15:34:16.604Z
2026,1,16027,Romeo Doubs,NE,WR,at SEA,receptions,DraftKings,3.5,over,3.72,115,-155,0.4651,0.4335,0.0730,0,0.5621,0.0969,0.1286,ev,multiplicative,projection,closing,1,closing,20260910B2546DE0,2026-10-08T15:34:16.604Z
2026,1,9455,Davante Adams,LAR,WR,vs SF,receptions,DraftKings,8.5,over,4.07,1300,,0.0714,0.0714,,1,0.1683,0.0969,0.0969,ev,none,projection,closing,1,closing,20260911F39A2BD0,2026-10-08T15:34:16.604Z
2026,1,11690,Christian McCaffrey,SF,RB,at LAR,rushYds,Hard Rock,89.5,under,69.32,-475,300,0.8261,0.7677,0.0761,0,0.9230,0.0969,0.1553,ev,multiplicative,projection,closing,1,closing,20260911F39A2BD0,2026-10-08T15:34:16.604Z
2026,1,17673,Drake Maye,NE,QB,at SEA,completions,BetRivers,24.5,over,21.58,295,,0.2532,0.2532,,1,0.3500,0.0968,0.0968,ev,none,projection,closing,1,closing,20260910B2546DE0,2026-10-08T15:34:16.604Z
2026,1,16027,Romeo Doubs,NE,WR,at SEA,receptions,FanDuel,2.5,over,3.72,-245,,0.7101,0.7101,,1,0.8068,0.0967,0.0967,ev,none,projection,closing,1,closing,20260910B2546DE0,2026-10-08T15:34:16.604Z
2026,1,17690,Blake Corum,LAR,RB,vs SF,rushYds,FanDuel,69.5,over,49.02,350,,0.2222,0.2222,,1,0.3189,0.0967,0.0967,ev,none,projection,closing,1,closing,20260911F39A2BD0,2026-10-08T15:34:16.604Z
2026,1,16790,Puka Nacua,LAR,WR,vs SF,receptions,theScore,9.5,over,7.58,300,,0.2500,0.2500,,1,0.3465,0.0965,0.0965,ev,none,projection,closing,1,closing,20260911F39A2BD0,2026-10-08T15:34:16.604Z
2026,1,15834,Brock Purdy,SF,QB,at LAR,passYds,Hard Rock,131.5,under,246.99,1750,-8000,0.0541,0.0519,0.0417,0,0.1504,0.0964,0.0985,ev,multiplicative,projection,closing,1,closing,20260911F39A2BD0,2026-10-08T15:34:16.604Z
2026,1,13432,A.J. Brown,NE,WR,at SEA,receptions,DraftKings,8.5,over,5.42,600,,0.1429,0.1429,,1,0.2392,0.0963,0.0963,ev,none,projection,closing,1,closing,20260910B2546DE0,2026-10-08T15:34:16.604Z
2026,1,13432,A.J. Brown,NE,WR,at SEA,receptions,Caesars,8.5,over,5.42,600,,0.1429,0.1429,,1,0.2392,0.0963,0.0963,ev,none,projection,closing,1,closing,20260910B2546DE0,2026-10-08T15:34:16.604Z
2026,1,12490,Sam Darnold,SEA,QB,vs NE,rushYds,Caesars,9.5,over,9.79,137,,0.4219,0.4219,,1,0.5183,0.0963,0.0963,ev,none,projection,closing,1,closing,20260910B2546DE0,2026-10-08T15:34:16.604Z
2026,1,13429,Deebo Samuel Sr.,SF,WR,at LAR,receptions,FanDuel,4.5,over,3.36,350,,0.2222,0.2222,,1,0.3186,0.0963,0.0963,ev,none,projection,closing,1,closing,20260911F39A2BD0,2026-10-08T15:34:16.604Z
2026,1,17811,AJ Barner,SEA,TE,vs NE,recYds,Hard Rock,34.5,over,34.09,155,-275,0.3922,0.3484,0.1255,0,0.4884,0.0963,0.1400,ev,multiplicative,projection,closing,1,closing,20260910B2546DE0,2026-10-08T15:34:16.604Z
2026,1,10735,Hunter Henry,NE,TE,at SEA,recYds,DraftKings,34.5,over,39.85,-115,-114,0.5349,0.5010,0.0676,0,0.6311,0.0962,0.1301,ev,multiplicative,projection,closing,1,closing,20260910B2546DE0,2026-10-08T15:34:16.604Z
2026,1,10735,Hunter Henry,NE,TE,at SEA,recYds,Hard Rock,34.5,over,39.85,-115,-115,0.5349,0.5000,0.0698,0,0.6311,0.0962,0.1311,ev,multiplicative,projection,closing,1,closing,20260910B2546DE0,2026-10-08T15:34:16.604Z
2026,1,12490,Sam Darnold,SEA,QB,vs NE,rushAtt,Hard Rock,0.5,over,2.92,-700,,0.8750,0.8750,,1,0.9712,0.0962,0.0962,ev,none,projection,closing,1,closing,20260910B2546DE0,2026-10-08T15:34:16.604Z
2026,1,16560,Rashid Shaheed,SEA,WR,vs NE,recYds,DraftKings,14.5,over,41.94,-258,,0.7207,0.7207,,1,0.8168,0.0961,0.0961,ev,none,projection,closing,1,closing,20260910B2546DE0,2026-10-08T15:34:16.604Z
2026,1,16751,DeMario Douglas,NE,WR,at SEA,receptions,FanDuel,3.5,over,2.42,300,,0.2500,0.2500,,1,0.3461,0.0961,0.0961,ev,none,projection,closing,1,closing,20260910B2546DE0,2026-10-08T15:34:16.604Z
2026,1,16560,Rashid Shaheed,SEA,WR,vs NE,receptions,theScore,3.5,over,2.87,210,,0.3226,0.3226,,1,0.4187,0.0961,0.0961,ev,none,projection,closing,1,closing,20260910B2546DE0,2026-10-08T15:34:16.604Z
2026,1,15834,Brock Purdy,SF,QB,at LAR,passYds,Hard Rock,133.5,under,246.99,1600,-7000,0.0588,0.0563,0.0447,0,0.1546,0.0958,0.0983,ev,multiplicative,projection,closing,1,closing,20260911F39A2BD0,2026-10-08T15:34:16.604Z
2026,1,15834,Brock Purdy,SF,QB,at LAR,passYds,Hard Rock,123.5,under,246.99,2500,-9000,0.0385,0.0374,0.0275,0,0.1343,0.0958,0.0969,ev,multiplicative,projection,closing,1,closing,20260911F39A2BD0,2026-10-08T15:34:16.604Z
2026,1,5971,Matthew Stafford,LAR,QB,vs SF,passYds,Hard Rock,236.5,under,245.83,170,-250,0.3704,0.3415,0.0847,0,0.4662,0.0958,0.1247,ev,multiplicative,projection,closing,1,closing,20260911F39A2BD0,2026-10-08T15:34:16.604Z
2026,1,15372,Rhamondre Stevenson,NE,RB,at SEA,rushYds,DraftKings,79.5,over,72.39,245,,0.2899,0.2899,,1,0.3856,0.0957,0.0957,ev,none,projection,closing,1,closing,20260910B2546DE0,2026-10-08T15:34:16.604Z
2026,1,13429,Deebo Samuel Sr.,SF,WR,at LAR,recYds,DraftKings,49.5,over,42.96,300,,0.2500,0.2500,,1,0.3457,0.0957,0.0957,ev,none,projection,closing,1,closing,20260911F39A2BD0,2026-10-08T15:34:16.604Z
2026,1,16560,Rashid Shaheed,SEA,WR,vs NE,receptions,Hard Rock,5.5,over,2.87,900,,0.1000,0.1000,,1,0.1957,0.0957,0.0957,ev,none,projection,closing,1,closing,20260910B2546DE0,2026-10-08T15:34:16.604Z
2026,1,15834,Brock Purdy,SF,QB,at LAR,passYds,Hard Rock,125.5,under,246.99,2250,-9000,0.0426,0.0413,0.0316,0,0.1382,0.0957,0.0970,ev,multiplicative,projection,closing,1,closing,20260911F39A2BD0,2026-10-08T15:34:16.604Z
2026,1,15807,Kyren Williams,LAR,RB,vs SF,rushYds,Hard Rock,50.5,over,66.77,-150,110,0.6000,0.5575,0.0762,0,0.6957,0.0957,0.1382,ev,multiplicative,projection,closing,1,closing,20260911F39A2BD0,2026-10-08T15:34:16.604Z
2026,1,16751,DeMario Douglas,NE,WR,at SEA,recYds,BetRivers,18.5,over,29.73,-130,-103,0.5652,0.5270,0.0726,0,0.6609,0.0956,0.1339,ev,multiplicative,projection,closing,1,closing,20260910B2546DE0,2026-10-08T15:34:16.604Z
2026,1,16751,DeMario Douglas,NE,WR,at SEA,recYds,DraftKings,21.5,over,29.73,-110,-114,0.5238,0.4958,0.0565,0,0.6194,0.0956,0.1236,ev,multiplicative,projection,closing,1,closing,20260910B2546DE0,2026-10-08T15:34:16.604Z
2026,1,18497,Terrance Ferguson,LAR,TE,vs SF,recYds,DraftKings,24.5,under,16.97,-120,-115,0.5455,0.5049,0.0803,0,0.6410,0.0956,0.1361,ev,multiplicative,projection,closing,1,closing,20260911F39A2BD0,2026-10-08T15:34:16.604Z
2026,1,11892,George Kittle,SF,TE,at LAR,recYds,FanDuel,24.5,over,40.53,-210,,0.6774,0.6774,,1,0.7730,0.0956,0.0956,ev,none,projection,closing,1,closing,20260911F39A2BD0,2026-10-08T15:34:16.604Z
2026,1,16751,DeMario Douglas,NE,WR,at SEA,recYds,Hard Rock,21.5,over,29.73,-110,-120,0.5238,0.4899,0.0693,0,0.6194,0.0956,0.1296,ev,multiplicative,projection,closing,1,closing,20260910B2546DE0,2026-10-08T15:34:16.604Z
2026,1,10735,Hunter Henry,NE,TE,at SEA,receptions,DraftKings,3.5,over,3.59,130,-170,0.4348,0.4085,0.0644,0,0.5302,0.0955,0.1218,ev,multiplicative,projection,closing,1,closing,20260910B2546DE0,2026-10-08T15:34:16.604Z
2026,1,17673,Drake Maye,NE,QB,at SEA,passYds,DraftKings,249.5,over,255.56,135,,0.4255,0.4255,,1,0.5210,0.0955,0.0955,ev,none,projection,closing,1,closing,20260910B2546DE0,2026-10-08T15:34:16.604Z
2026,1,10735,Hunter Henry,NE,TE,at SEA,receptions,BetRivers,4.5,over,3.59,275,,0.2667,0.2667,,1,0.3621,0.0955,0.0955,ev,none,projection,closing,1,closing,20260910B2546DE0,2026-10-08T15:34:16.604Z
2026,1,10735,Hunter Henry,NE,TE,at SEA,receptions,DraftKings,4.5,over,3.59,275,,0.2667,0.2667,,1,0.3621,0.0955,0.0955,ev,none,projection,closing,1,closing,20260910B2546DE0,2026-10-08T15:34:16.604Z
2026,1,13429,Deebo Samuel Sr.,SF,WR,at LAR,recYds,Hard Rock,24.5,over,42.96,-150,110,0.6000,0.5575,0.0762,0,0.6955,0.0955,0.1380,ev,multiplicative,projection,closing,1,closing,20260911F39A2BD0,2026-10-08T15:34:16.604Z
2026,1,12490,Sam Darnold,SEA,QB,vs NE,completions,BetRivers,24.5,over,20.76,380,,0.2083,0.2083,,1,0.3037,0.0954,0.0954,ev,none,projection,closing,1,closing,20260910B2546DE0,2026-10-08T15:34:16.604Z
2026,1,17968,George Holani,SEA,RB,vs NE,rushYds,Hard Rock,3.5,under,18.96,700,-2200,0.1250,0.1156,0.0815,0,0.2204,0.0954,0.1049,ev,multiplicative,projection,closing,1,closing,20260910B2546DE0,2026-10-08T15:34:16.604Z
2026,1,16418,Jake Tonges,SF,TE,at LAR,recYds,Hard Rock,31.5,under,8.35,-850,450,0.8947,0.8311,0.0766,0,0.9901,0.0954,0.1590,ev,multiplicative,projection,closing,1,closing,20260911F39A2BD0,2026-10-08T15:34:16.604Z
2026,1,15807,Kyren Williams,LAR,RB,vs SF,rushAtt,DraftKings,17.5,over,14.93,400,,0.2000,0.2000,,1,0.2952,0.0952,0.0952,ev,none,projection,closing,1,closing,20260911F39A2BD0,2026-10-08T15:34:16.604Z
2026,1,17673,Drake Maye,NE,QB,at SEA,passYds,Hard Rock,288.5,over,255.56,325,-550,0.2353,0.2176,0.0814,0,0.3305,0.0952,0.1129,ev,multiplicative,projection,closing,1,closing,20260910B2546DE0,2026-10-08T15:34:16.604Z
2026,1,19348,Eli Raridon,NE,TE,at SEA,recYds,Hard Rock,25.5,over,18.66,425,-800,0.1905,0.1765,0.0794,0,0.2857,0.0952,0.1092,ev,multiplicative,projection,closing,1,closing,20260910B2546DE0,2026-10-08T15:34:16.604Z
2026,1,17690,Blake Corum,LAR,RB,vs SF,recYds,Hard Rock,22.5,under,3.98,-950,475,0.9048,0.8388,0.0787,0,1.0000,0.0952,0.1612,ev,multiplicative,projection,closing,1,closing,20260911F39A2BD0,2026-10-08T15:34:16.604Z
2026,1,10854,Tyler Higbee,LAR,TE,vs SF,recYds,Hard Rock,40.5,under,9.19,-950,475,0.9048,0.8388,0.0787,0,1.0000,0.0952,0.1612,ev,multiplicative,projection,closing,1,closing,20260911F39A2BD0,2026-10-08T15:34:16.604Z
2026,1,9455,Davante Adams,LAR,WR,vs SF,receptions,DraftKings,7.5,over,4.07,650,,0.1333,0.1333,,1,0.2285,0.0951,0.0951,ev,none,projection,closing,1,closing,20260911F39A2BD0,2026-10-08T15:34:16.604Z
2026,1,17690,Blake Corum,LAR,RB,vs SF,recYds,Hard Rock,15.5,under,3.98,-950,475,0.9048,0.8388,0.0787,0,0.9999,0.0951,0.1611,ev,multiplicative,projection,closing,1,closing,20260911F39A2BD0,2026-10-08T15:34:16.604Z
2026,1,11163,Demarcus Robinson,SF,WR,at LAR,recYds,Hard Rock,19.5,under,12.4,-260,175,0.7222,0.6651,0.0859,0,0.8173,0.0951,0.1522,ev,multiplicative,projection,closing,1,closing,20260911F39A2BD0,2026-10-08T15:34:16.604Z
2026,1,11163,Demarcus Robinson,SF,WR,at LAR,recYds,Hard Rock,41.5,under,12.4,-950,475,0.9048,0.8388,0.0787,0,0.9999,0.0951,0.1611,ev,multiplicative,projection,closing,1,closing,20260911F39A2BD0,2026-10-08T15:34:16.604Z
2026,1,16654,Jaxon Smith-Njigba,SEA,WR,vs NE,recYds,DraftKings,89.5,over,94.17,125,,0.4444,0.4444,,1,0.5394,0.0950,0.0950,ev,none,projection,closing,1,closing,20260910B2546DE0,2026-10-08T15:34:16.604Z
2026,1,15834,Brock Purdy,SF,QB,at LAR,passTD,BetRivers,2.5,over,1.86,425,,0.1905,0.1905,,1,0.2855,0.0950,0.0950,ev,none,projection,closing,1,closing,20260911F39A2BD0,2026-10-08T15:34:16.604Z
2026,1,16654,Jaxon Smith-Njigba,SEA,WR,vs NE,recYds,theScore,89.5,over,94.17,125,,0.4444,0.4444,,1,0.5394,0.0950,0.0950,ev,none,projection,closing,1,closing,20260910B2546DE0,2026-10-08T15:34:16.604Z
2026,1,15834,Brock Purdy,SF,QB,at LAR,passTD,Circa Sports,2.5,over,1.86,425,-550,0.1905,0.1837,0.0366,0,0.2855,0.0950,0.1017,ev,multiplicative,projection,closing,1,closing,20260911F39A2BD0,2026-10-08T15:34:16.604Z
2026,1,17673,Drake Maye,NE,QB,at SEA,completions,DraftKings,21.5,over,21.58,145,,0.4082,0.4082,,1,0.5030,0.0949,0.0949,ev,none,projection,closing,1,closing,20260910B2546DE0,2026-10-08T15:34:16.604Z
2026,1,13432,A.J. Brown,NE,WR,at SEA,recYds,BetRivers,79.5,over,79.78,145,,0.4082,0.4082,,1,0.5031,0.0949,0.0949,ev,none,projection,closing,1,closing,20260910B2546DE0,2026-10-08T15:34:16.604Z
2026,1,16560,Rashid Shaheed,SEA,WR,vs NE,recYds,Hard Rock,36.5,over,41.94,110,-150,0.4762,0.4425,0.0762,0,0.5711,0.0949,0.1286,ev,multiplicative,projection,closing,1,closing,20260910B2546DE0,2026-10-08T15:34:16.604Z
2026,1,15834,Brock Purdy,SF,QB,at LAR,rushYds,Hard Rock,9.5,under,12.65,260,-400,0.2778,0.2577,0.0778,0,0.3725,0.0947,0.1147,ev,multiplicative,projection,closing,1,closing,20260911F39A2BD0,2026-10-08T15:34:16.604Z
2026,1,18532,Corey Kiner,NE,RB,at SEA,rushYds,DraftKings,8.5,over,11.74,-115,-115,0.5349,0.5000,0.0698,0,0.6295,0.0946,0.1295,ev,multiplicative,projection,closing,1,closing,20260910B2546DE0,2026-10-08T15:34:16.604Z
2026,1,16751,DeMario Douglas,NE,WR,at SEA,recYds,Hard Rock,34.5,over,29.73,210,-325,0.3226,0.2967,0.0873,0,0.4172,0.0946,0.1205,ev,multiplicative,projection,closing,1,closing,20260910B2546DE0,2026-10-08T15:34:16.604Z
2026,1,17968,George Holani,SEA,RB,vs NE,recYds,Hard Rock,36.5,under,8.3,-900,450,0.9000,0.8319,0.0818,0,0.9946,0.0946,0.1626,ev,multiplicative,projection,closing,1,closing,20260910B2546DE0,2026-10-08T15:34:16.604Z
2026,1,5971,Matthew Stafford,LAR,QB,vs SF,passYds,Hard Rock,232.5,under,245.83,180,-260,0.3571,0.3309,0.0794,0,0.4517,0.0946,0.1209,ev,multiplicative,projection,closing,1,closing,20260911F39A2BD0,2026-10-08T15:34:16.604Z
2026,1,17968,George Holani,SEA,RB,vs NE,receptions,Caesars,1.5,under,1.29,121,-159,0.4525,0.4243,0.0664,0,0.5470,0.0945,0.1227,ev,multiplicative,projection,closing,1,closing,20260910B2546DE0,2026-10-08T15:34:16.604Z
2026,1,15372,Rhamondre Stevenson,NE,RB,at SEA,rushYds,Hard Rock,69.5,over,72.39,120,-210,0.4545,0.4016,0.1320,0,0.5490,0.0945,0.1474,ev,multiplicative,projection,closing,1,closing,20260910B2546DE0,2026-10-08T15:34:16.604Z
2026,1,11863,Cooper Kupp,SEA,WR,vs NE,recYds,DraftKings,27.5,over,36.09,-108,-116,0.5192,0.4916,0.0563,0,0.6136,0.0944,0.1221,ev,multiplicative,projection,closing,1,closing,20260910B2546DE0,2026-10-08T15:34:16.604Z
2026,1,9253,Mike Evans,SF,WR,at LAR,receptions,FanDuel,7.5,over,3.97,920,,0.0980,0.0980,,1,0.1924,0.0944,0.0944,ev,none,projection,closing,1,closing,20260911F39A2BD0,2026-10-08T15:34:16.604Z
2026,1,10735,Hunter Henry,NE,TE,at SEA,receptions,theScore,1.5,over,3.59,-650,,0.8667,0.8667,,1,0.9610,0.0943,0.0943,ev,none,projection,closing,1,closing,20260910B2546DE0,2026-10-08T15:34:16.604Z
2026,1,15834,Brock Purdy,SF,QB,at LAR,passYds,Hard Rock,130.5,under,246.99,1750,-8000,0.0541,0.0519,0.0417,0,0.1483,0.0943,0.0964,ev,multiplicative,projection,closing,1,closing,20260911F39A2BD0,2026-10-08T15:34:16.604Z
2026,1,15807,Kyren Williams,LAR,RB,vs SF,rushYds,BetRivers,56.5,over,66.77,-114,-117,0.5327,0.4970,0.0719,0,0.6267,0.0940,0.1298,ev,multiplicative,projection,closing,1,closing,20260911F39A2BD0,2026-10-08T15:34:16.604Z
2026,1,15807,Kyren Williams,LAR,RB,vs SF,rushYds,FanDuel,56.5,over,66.77,-114,-114,0.5327,0.5000,0.0654,0,0.6267,0.0940,0.1267,ev,multiplicative,projection,closing,1,closing,20260911F39A2BD0,2026-10-08T15:34:16.604Z
2026,1,16027,Romeo Doubs,NE,WR,at SEA,recYds,Caesars,49.5,over,49.28,149,,0.4016,0.4016,,1,0.4955,0.0939,0.0939,ev,none,projection,closing,1,closing,20260910B2546DE0,2026-10-08T15:34:16.604Z
2026,1,16418,Jake Tonges,SF,TE,at LAR,recYds,FanDuel,11.5,under,8.35,-113,-113,0.5305,0.5000,0.0610,0,0.6244,0.0939,0.1244,ev,multiplicative,projection,closing,1,closing,20260911F39A2BD0,2026-10-08T15:34:16.604Z
2026,1,17673,Drake Maye,NE,QB,at SEA,passYds,Hard Rock,291.5,over,255.56,350,-575,0.2222,0.2069,0.0741,0,0.3161,0.0939,0.1092,ev,multiplicative,projection,closing,1,closing,20260910B2546DE0,2026-10-08T15:34:16.604Z
2026,1,13432,A.J. Brown,NE,WR,at SEA,receptions,DraftKings,7.5,over,5.42,350,,0.2222,0.2222,,1,0.3160,0.0938,0.0938,ev,none,projection,closing,1,closing,20260910B2546DE0,2026-10-08T15:34:16.604Z
2026,1,11892,George Kittle,SF,TE,at LAR,recYds,Caesars,33.5,over,40.53,-115,-113,0.5349,0.5020,0.0654,0,0.6287,0.0938,0.1266,ev,multiplicative,projection,closing,1,closing,20260911F39A2BD0,2026-10-08T15:34:16.604Z
2026,1,18497,Terrance Ferguson,LAR,TE,vs SF,recYds,Hard Rock,19.5,under,16.97,120,-170,0.4545,0.4193,0.0842,0,0.5483,0.0938,0.1290,ev,multiplicative,projection,closing,1,closing,20260911F39A2BD0,2026-10-08T15:34:16.604Z
2026,1,11892,George Kittle,SF,TE,at LAR,recYds,BetRivers,39.5,over,40.53,135,,0.4255,0.4255,,1,0.5192,0.0937,0.0937,ev,none,projection,closing,1,closing,20260911F39A2BD0,2026-10-08T15:34:16.604Z
2026,1,15834,Brock Purdy,SF,QB,at LAR,passYds,Hard Rock,143.5,under,246.99,1100,-5000,0.0833,0.0783,0.0637,0,0.1769,0.0936,0.0986,ev,multiplicative,projection,closing,1,closing,20260911F39A2BD0,2026-10-08T15:34:16.604Z
2026,1,16027,Romeo Doubs,NE,WR,at SEA,recYds,Hard Rock,44.5,over,49.28,100,-175,0.5000,0.4400,0.1364,0,0.5934,0.0934,0.1534,ev,multiplicative,projection,closing,1,closing,20260910B2546DE0,2026-10-08T15:34:16.604Z
2026,1,17673,Drake Maye,NE,QB,at SEA,passYds,Hard Rock,298.5,over,255.56,425,-750,0.1905,0.1775,0.0728,0,0.2838,0.0933,0.1062,ev,multiplicative,projection,closing,1,closing,20260910B2546DE0,2026-10-08T15:34:16.604Z
2026,1,17673,Drake Maye,NE,QB,at SEA,passYds,Hard Rock,282.5,over,255.56,275,-425,0.2667,0.2478,0.0762,0,0.3599,0.0933,0.1121,ev,multiplicative,projection,closing,1,closing,20260910B2546DE0,2026-10-08T15:34:16.604Z
2026,1,10735,Hunter Henry,NE,TE,at SEA,recYds,Hard Rock,13.5,over,39.85,-600,350,0.8571,0.7941,0.0794,0,0.9504,0.0933,0.1563,ev,multiplicative,projection,closing,1,closing,20260910B2546DE0,2026-10-08T15:34:16.604Z
2026,1,15807,Kyren Williams,LAR,RB,vs SF,rushYds,Hard Rock,70.5,over,66.77,175,-250,0.3636,0.3373,0.0779,0,0.4569,0.0933,0.1195,ev,multiplicative,projection,closing,1,closing,20260911F39A2BD0,2026-10-08T15:34:16.604Z
2026,1,16560,Rashid Shaheed,SEA,WR,vs NE,recYds,BetRivers,31.5,over,41.94,-118,-113,0.5413,0.5050,0.0718,0,0.6345,0.0932,0.1294,ev,multiplicative,projection,closing,1,closing,20260910B2546DE0,2026-10-08T15:34:16.604Z
2026,1,11892,George Kittle,SF,TE,at LAR,recYds,Caesars,9.5,over,40.53,-500,,0.8333,0.8333,,1,0.9264,0.0931,0.0931,ev,none,projection,closing,1,closing,20260911F39A2BD0,2026-10-08T15:34:16.604Z
2026,1,10735,Hunter Henry,NE,TE,at SEA,recYds,Hard Rock,25.5,over,39.85,-260,145,0.7222,0.6389,0.1304,0,0.8154,0.0931,0.1765,ev,multiplicative,projection,closing,1,closing,20260910B2546DE0,2026-10-08T15:34:16.604Z
2026,1,15834,Brock Purdy,SF,QB,at LAR,passYds,Hard Rock,140.5,under,246.99,1200,-5000,0.0769,0.0728,0.0573,0,0.1700,0.0931,0.0973,ev,multiplicative,projection,closing,1,closing,20260911F39A2BD0,2026-10-08T15:34:16.604Z
2026,1,17811,AJ Barner,SEA,TE,vs NE,recYds,FanDuel,9.5,over,34.09,-470,,0.8246,0.8246,,1,0.9176,0.0930,0.0930,ev,none,projection,closing,1,closing,20260910B2546DE0,2026-10-08T15:34:16.604Z
2026,1,15807,Kyren Williams,LAR,RB,vs SF,rushYds,Caesars,59.5,over,66.77,101,,0.4975,0.4975,,1,0.5905,0.0930,0.0930,ev,none,projection,closing,1,closing,20260911F39A2BD0,2026-10-08T15:34:16.604Z
2026,1,13432,A.J. Brown,NE,WR,at SEA,recYds,Hard Rock,75.5,over,79.78,120,-170,0.4545,0.4193,0.0842,0,0.5474,0.0929,0.1282,ev,multiplicative,projection,closing,1,closing,20260910B2546DE0,2026-10-08T15:34:16.604Z
2026,1,17673,Drake Maye,NE,QB,at SEA,passYds,Hard Rock,262.5,over,255.56,170,-250,0.3704,0.3415,0.0847,0,0.4632,0.0928,0.1217,ev,multiplicative,projection,closing,1,closing,20260910B2546DE0,2026-10-08T15:34:16.604Z
2026,1,15807,Kyren Williams,LAR,RB,vs SF,rushYds,Hard Rock,51.5,over,66.77,-145,110,0.5918,0.5541,0.0680,0,0.6846,0.0928,0.1305,ev,multiplicative,projection,closing,1,closing,20260911F39A2BD0,2026-10-08T15:34:16.604Z
2026,1,15807,Kyren Williams,LAR,RB,vs SF,rushYds,FanDuel,79.5,over,66.77,280,,0.2632,0.2632,,1,0.3559,0.0927,0.0927,ev,none,projection,closing,1,closing,20260911F39A2BD0,2026-10-08T15:34:16.604Z
2026,1,15807,Kyren Williams,LAR,RB,vs SF,rushYds,Caesars,49.5,over,66.77,-159,,0.6139,0.6139,,1,0.7066,0.0927,0.0927,ev,none,projection,closing,1,closing,20260911F39A2BD0,2026-10-08T15:34:16.604Z
2026,1,18540,Elijah Arroyo,SEA,TE,vs NE,recYds,Hard Rock,19.5,over,17.59,195,-275,0.3390,0.3161,0.0723,0,0.4316,0.0926,0.1155,ev,multiplicative,projection,closing,1,closing,20260910B2546DE0,2026-10-08T15:34:16.604Z
2026,1,10735,Hunter Henry,NE,TE,at SEA,receptions,FanDuel,5.5,over,3.59,630,,0.1370,0.1370,,1,0.2295,0.0925,0.0925,ev,none,projection,closing,1,closing,20260910B2546DE0,2026-10-08T15:34:16.604Z
2026,1,18497,Terrance Ferguson,LAR,TE,vs SF,recYds,BetRivers,23.5,under,16.97,-113,-118,0.5305,0.4950,0.0718,0,0.6230,0.0924,0.1280,ev,multiplicative,projection,closing,1,closing,20260911F39A2BD0,2026-10-08T15:34:16.604Z
2026,1,18497,Terrance Ferguson,LAR,TE,vs SF,recYds,FanDuel,23.5,under,16.97,-113,-113,0.5305,0.5000,0.0610,0,0.6230,0.0924,0.1230,ev,multiplicative,projection,closing,1,closing,20260911F39A2BD0,2026-10-08T15:34:16.604Z
2026,1,17690,Blake Corum,LAR,RB,vs SF,rushYds,FanDuel,59.5,over,49.02,220,,0.3125,0.3125,,1,0.4048,0.0923,0.0923,ev,none,projection,closing,1,closing,20260911F39A2BD0,2026-10-08T15:34:16.604Z
2026,1,15834,Brock Purdy,SF,QB,at LAR,passYds,Hard Rock,135.5,under,246.99,1400,-7000,0.0667,0.0633,0.0526,0,0.1589,0.0923,0.0956,ev,multiplicative,projection,closing,1,closing,20260911F39A2BD0,2026-10-08T15:34:16.604Z
2026,1,13429,Deebo Samuel Sr.,SF,WR,at LAR,receptions,Hard Rock,3.5,over,3.36,160,,0.3846,0.3846,,1,0.4769,0.0923,0.0923,ev,none,projection,closing,1,closing,20260911F39A2BD0,2026-10-08T15:34:16.604Z
2026,1,13429,Deebo Samuel Sr.,SF,WR,at LAR,receptions,theScore,3.5,over,3.36,160,,0.3846,0.3846,,1,0.4769,0.0923,0.0923,ev,none,projection,closing,1,closing,20260911F39A2BD0,2026-10-08T15:34:16.604Z
2026,1,13432,A.J. Brown,NE,WR,at SEA,recYds,DraftKings,89.5,over,79.78,240,,0.2941,0.2941,,1,0.3863,0.0922,0.0922,ev,none,projection,closing,1,closing,20260910B2546DE0,2026-10-08T15:34:16.604Z
2026,1,15834,Brock Purdy,SF,QB,at LAR,passYds,Hard Rock,129.5,under,246.99,1750,-9000,0.0541,0.0518,0.0431,0,0.1463,0.0922,0.0945,ev,multiplicative,projection,closing,1,closing,20260911F39A2BD0,2026-10-08T15:34:16.604Z
2026,1,5971,Matthew Stafford,LAR,QB,vs SF,passYds,Hard Rock,235.5,under,245.83,170,-240,0.3704,0.3441,0.0763,0,0.4626,0.0922,0.1184,ev,multiplicative,projection,closing,1,closing,20260911F39A2BD0,2026-10-08T15:34:16.604Z
2026,1,15807,Kyren Williams,LAR,RB,vs SF,rushYds,DraftKings,56.5,over,66.77,-115,-115,0.5349,0.5000,0.0698,0,0.6267,0.0919,0.1267,ev,multiplicative,projection,closing,1,closing,20260911F39A2BD0,2026-10-08T15:34:16.604Z
2026,1,18532,Corey Kiner,NE,RB,at SEA,rushYds,Hard Rock,22.5,under,11.74,-700,400,0.8750,0.8140,0.0750,0,0.9669,0.0919,0.1530,ev,multiplicative,projection,closing,1,closing,20260910B2546DE0,2026-10-08T15:34:16.604Z
2026,1,5971,Matthew Stafford,LAR,QB,vs SF,passTD,BetRivers,2.5,over,2.13,275,,0.2667,0.2667,,1,0.3585,0.0918,0.0918,ev,none,projection,closing,1,closing,20260911F39A2BD0,2026-10-08T15:34:16.604Z
2026,1,16751,DeMario Douglas,NE,WR,at SEA,recYds,theScore,19.5,over,29.73,-125,-105,0.5556,0.5203,0.0678,0,0.6472,0.0917,0.1269,ev,multiplicative,projection,closing,1,closing,20260910B2546DE0,2026-10-08T15:34:16.604Z
2026,1,14463,Colby Parkinson,LAR,TE,vs SF,recYds,Hard Rock,28.5,under,20.11,-260,175,0.7222,0.6651,0.0859,0,0.8140,0.0917,0.1488,ev,multiplicative,projection,closing,1,closing,20260911F39A2BD0,2026-10-08T15:34:16.604Z
2026,1,18497,Terrance Ferguson,LAR,TE,vs SF,recYds,Hard Rock,57.5,under,16.97,-750,400,0.8824,0.8152,0.0824,0,0.9741,0.0917,0.1589,ev,multiplicative,projection,closing,1,closing,20260911F39A2BD0,2026-10-08T15:34:16.604Z
2026,1,13432,A.J. Brown,NE,WR,at SEA,recYds,Caesars,79.5,over,79.78,143,,0.4115,0.4115,,1,0.5031,0.0916,0.0916,ev,none,projection,closing,1,closing,20260910B2546DE0,2026-10-08T15:34:16.604Z
2026,1,11163,Demarcus Robinson,SF,WR,at LAR,recYds,Hard Rock,16.5,under,12.4,-155,110,0.6078,0.5607,0.0840,0,0.6994,0.0916,0.1387,ev,multiplicative,projection,closing,1,closing,20260911F39A2BD0,2026-10-08T15:34:16.604Z
2026,1,16790,Puka Nacua,LAR,WR,vs SF,receptions,theScore,8.5,over,7.58,200,,0.3333,0.3333,,1,0.4250,0.0916,0.0916,ev,none,projection,closing,1,closing,20260911F39A2BD0,2026-10-08T15:34:16.604Z
2026,1,16560,Rashid Shaheed,SEA,WR,vs NE,recYds,FanDuel,32.5,over,41.94,-113,-113,0.5305,0.5000,0.0610,0,0.6220,0.0915,0.1220,ev,multiplicative,projection,closing,1,closing,20260910B2546DE0,2026-10-08T15:34:16.604Z
2026,1,13432,A.J. Brown,NE,WR,at SEA,recYds,Hard Rock,80.5,over,79.78,150,-220,0.4000,0.3678,0.0875,0,0.4915,0.0915,0.1236,ev,multiplicative,projection,closing,1,closing,20260910B2546DE0,2026-10-08T15:34:16.604Z
2026,1,17811,AJ Barner,SEA,TE,vs NE,recYds,theScore,9.5,over,34.09,-475,,0.8261,0.8261,,1,0.9176,0.0915,0.0915,ev,none,projection,closing,1,closing,20260910B2546DE0,2026-10-08T15:34:16.604Z
2026,1,11863,Cooper Kupp,SEA,WR,vs NE,receptions,DraftKings,4.5,over,2.81,450,,0.1818,0.1818,,1,0.2732,0.0914,0.0914,ev,none,projection,closing,1,closing,20260910B2546DE0,2026-10-08T15:34:16.604Z
2026,1,16654,Jaxon Smith-Njigba,SEA,WR,vs NE,recYds,theScore,99.5,over,94.17,175,,0.3636,0.3636,,1,0.4550,0.0913,0.0913,ev,none,projection,closing,1,closing,20260910B2546DE0,2026-10-08T15:34:16.604Z
2026,1,15372,Rhamondre Stevenson,NE,RB,at SEA,rushYds,FanDuel,29.5,over,72.39,-700,,0.8750,0.8750,,1,0.9662,0.0912,0.0912,ev,none,projection,closing,1,closing,20260910B2546DE0,2026-10-08T15:34:16.604Z
2026,1,15372,Rhamondre Stevenson,NE,RB,at SEA,rushYds,Caesars,29.5,over,72.39,-700,,0.8750,0.8750,,1,0.9662,0.0912,0.0912,ev,none,projection,closing,1,closing,20260910B2546DE0,2026-10-08T15:34:16.604Z
2026,1,15807,Kyren Williams,LAR,RB,vs SF,rushYds,Hard Rock,49.5,over,66.77,-160,115,0.6154,0.5695,0.0805,0,0.7066,0.0912,0.1371,ev,multiplicative,projection,closing,1,closing,20260911F39A2BD0,2026-10-08T15:34:16.604Z
2026,1,15807,Kyren Williams,LAR,RB,vs SF,rushYds,theScore,49.5,over,66.77,-160,,0.6154,0.6154,,1,0.7066,0.0912,0.0912,ev,none,projection,closing,1,closing,20260911F39A2BD0,2026-10-08T15:34:16.604Z
2026,1,17968,George Holani,SEA,RB,vs NE,rushYds,Hard Rock,5.5,under,18.96,525,-1200,0.1600,0.1477,0.0831,0,0.2511,0.0911,0.1034,ev,multiplicative,projection,closing,1,closing,20260910B2546DE0,2026-10-08T15:34:16.604Z
2026,1,19607,Kaelon Black,SF,RB,at LAR,rushYds,DraftKings,24.5,over,16.5,450,,0.1818,0.1818,,1,0.2728,0.0910,0.0910,ev,none,projection,closing,1,closing,20260911F39A2BD0,2026-10-08T15:34:16.604Z
2026,1,15807,Kyren Williams,LAR,RB,vs SF,rushYds,DraftKings,57.5,over,66.77,-110,-114,0.5238,0.4958,0.0565,0,0.6148,0.0910,0.1190,ev,multiplicative,projection,closing,1,closing,20260911F39A2BD0,2026-10-08T15:34:16.604Z
2026,1,5971,Matthew Stafford,LAR,QB,vs SF,passYds,Hard Rock,231.5,under,245.83,180,-260,0.3571,0.3309,0.0794,0,0.4481,0.0910,0.1173,ev,multiplicative,projection,closing,1,closing,20260911F39A2BD0,2026-10-08T15:34:16.604Z
2026,1,16027,Romeo Doubs,NE,WR,at SEA,receptions,DraftKings,5.5,over,3.72,475,,0.1739,0.1739,,1,0.2648,0.0909,0.0909,ev,none,projection,closing,1,closing,20260910B2546DE0,2026-10-08T15:34:16.604Z
2026,1,11690,Christian McCaffrey,SF,RB,at LAR,recYds,BetRivers,37.5,under,33.41,-113,-118,0.5305,0.4950,0.0718,0,0.6214,0.0909,0.1265,ev,multiplicative,projection,closing,1,closing,20260911F39A2BD0,2026-10-08T15:34:16.604Z
2026,1,15834,Brock Purdy,SF,QB,at LAR,passYds,Hard Rock,139.5,under,246.99,1200,-5000,0.0769,0.0728,0.0573,0,0.1678,0.0909,0.0950,ev,multiplicative,projection,closing,1,closing,20260911F39A2BD0,2026-10-08T15:34:16.604Z
2026,1,17688,Jordan Whittington,LAR,WR,vs SF,recYds,Hard Rock,24.5,under,4.95,-1000,475,0.9091,0.8394,0.0830,0,1.0000,0.0909,0.1606,ev,multiplicative,projection,closing,1,closing,20260911F39A2BD0,2026-10-08T15:34:16.604Z
2026,1,11690,Christian McCaffrey,SF,RB,at LAR,rushYds,Hard Rock,87.5,under,69.32,-425,275,0.8095,0.7522,0.0762,0,0.9004,0.0909,0.1482,ev,multiplicative,projection,closing,1,closing,20260911F39A2BD0,2026-10-08T15:34:16.604Z
2026,1,13429,Deebo Samuel Sr.,SF,WR,at LAR,rushYds,Hard Rock,27.5,under,4.1,-1000,475,0.9091,0.8394,0.0830,0,1.0000,0.0909,0.1606,ev,multiplicative,projection,closing,1,closing,20260911F39A2BD0,2026-10-08T15:34:16.604Z
2026,1,12490,Sam Darnold,SEA,QB,vs NE,completions,DraftKings,25.5,over,20.76,500,,0.1667,0.1667,,1,0.2575,0.0908,0.0908,ev,none,projection,closing,1,closing,20260910B2546DE0,2026-10-08T15:34:16.604Z
2026,1,11861,Mack Hollins,NE,WR,at SEA,receptions,FanDuel,2.5,over,1.26,470,,0.1754,0.1754,,1,0.2663,0.0908,0.0908,ev,none,projection,closing,1,closing,20260910B2546DE0,2026-10-08T15:34:16.604Z
2026,1,19299,Jadarian Price,SEA,RB,vs NE,recYds,Hard Rock,24.5,under,7.38,-800,425,0.8889,0.8235,0.0794,0,0.9797,0.0908,0.1562,ev,multiplicative,projection,closing,1,closing,20260910B2546DE0,2026-10-08T15:34:16.604Z
2026,1,11163,Demarcus Robinson,SF,WR,at LAR,recYds,Hard Rock,42.5,under,12.4,-1000,500,0.9091,0.8451,0.0758,0,0.9999,0.0908,0.1549,ev,multiplicative,projection,closing,1,closing,20260911F39A2BD0,2026-10-08T15:34:16.604Z
2026,1,16027,Romeo Doubs,NE,WR,at SEA,receptions,DraftKings,1.5,over,3.72,-575,,0.8519,0.8519,,1,0.9425,0.0907,0.0907,ev,none,projection,closing,1,closing,20260910B2546DE0,2026-10-08T15:34:16.604Z
2026,1,19299,Jadarian Price,SEA,RB,vs NE,recYds,Hard Rock,23.5,under,7.38,-750,400,0.8824,0.8152,0.0824,0,0.9731,0.0907,0.1578,ev,multiplicative,projection,closing,1,closing,20260910B2546DE0,2026-10-08T15:34:16.604Z
2026,1,15834,Brock Purdy,SF,QB,at LAR,passYds,Hard Rock,145.5,under,246.99,1000,-4000,0.0909,0.0852,0.0665,0,0.1816,0.0907,0.0964,ev,multiplicative,projection,closing,1,closing,20260911F39A2BD0,2026-10-08T15:34:16.604Z
2026,1,13432,A.J. Brown,NE,WR,at SEA,receptions,DraftKings,9.5,over,5.42,1100,,0.0833,0.0833,,1,0.1738,0.0905,0.0905,ev,none,projection,closing,1,closing,20260910B2546DE0,2026-10-08T15:34:16.604Z
2026,1,16560,Rashid Shaheed,SEA,WR,vs NE,receptions,DraftKings,5.5,over,2.87,850,,0.1053,0.1053,,1,0.1957,0.0905,0.0905,ev,none,projection,closing,1,closing,20260910B2546DE0,2026-10-08T15:34:16.604Z
2026,1,13429,Deebo Samuel Sr.,SF,WR,at LAR,recYds,Hard Rock,48.5,over,42.96,260,-400,0.2778,0.2577,0.0778,0,0.3683,0.0905,0.1106,ev,multiplicative,projection,closing,1,closing,20260911F39A2BD0,2026-10-08T15:34:16.604Z
2026,1,17673,Drake Maye,NE,QB,at SEA,passYds,Hard Rock,289.5,over,255.56,325,-575,0.2353,0.2164,0.0871,0,0.3257,0.0904,0.1092,ev,multiplicative,projection,closing,1,closing,20260910B2546DE0,2026-10-08T15:34:16.604Z
2026,1,18497,Terrance Ferguson,LAR,TE,vs SF,recYds,Hard Rock,59.5,under,16.97,-800,425,0.8889,0.8235,0.0794,0,0.9793,0.0904,0.1558,ev,multiplicative,projection,closing,1,closing,20260911F39A2BD0,2026-10-08T15:34:16.604Z
2026,1,13432,A.J. Brown,NE,WR,at SEA,recYds,BetRivers,49.5,over,79.78,-245,,0.7101,0.7101,,1,0.8005,0.0903,0.0903,ev,none,projection,closing,1,closing,20260910B2546DE0,2026-10-08T15:34:16.604Z
2026,1,11892,George Kittle,SF,TE,at LAR,recYds,Hard Rock,28.5,over,40.53,-165,120,0.6226,0.5780,0.0772,0,0.7129,0.0903,0.1349,ev,multiplicative,projection,closing,1,closing,20260911F39A2BD0,2026-10-08T15:34:16.604Z
2026,1,18497,Terrance Ferguson,LAR,TE,vs SF,receptions,DraftKings,3.5,over,1.65,500,,0.1667,0.1667,,1,0.2568,0.0901,0.0901,ev,none,projection,closing,1,closing,20260911F39A2BD0,2026-10-08T15:34:16.604Z
2026,1,15807,Kyren Williams,LAR,RB,vs SF,rushAtt,Hard Rock,14.5,over,14.93,125,,0.4444,0.4444,,1,0.5345,0.0901,0.0901,ev,none,projection,closing,1,closing,20260911F39A2BD0,2026-10-08T15:34:16.604Z
2026,1,17673,Drake Maye,NE,QB,at SEA,passYds,FanDuel,249.5,over,255.56,132,,0.4310,0.4310,,1,0.5210,0.0900,0.0900,ev,none,projection,closing,1,closing,20260910B2546DE0,2026-10-08T15:34:16.604Z
2026,1,15834,Brock Purdy,SF,QB,at LAR,passYds,Hard Rock,153.5,under,246.99,800,-3000,0.1111,0.1030,0.0789,0,0.2011,0.0900,0.0982,ev,multiplicative,projection,closing,1,closing,20260911F39A2BD0,2026-10-08T15:34:16.604Z
2026,1,16560,Rashid Shaheed,SEA,WR,vs NE,recYds,BetRivers,29.5,over,41.94,-132,,0.5690,0.5690,,1,0.6589,0.0899,0.0899,ev,none,projection,closing,1,closing,20260910B2546DE0,2026-10-08T15:34:16.604Z
2026,1,17968,George Holani,SEA,RB,vs NE,recYds,theScore,11.5,under,8.3,-110,-120,0.5238,0.4899,0.0693,0,0.6137,0.0899,0.1238,ev,multiplicative,projection,closing,1,closing,20260910B2546DE0,2026-10-08T15:34:16.604Z
2026,1,11892,George Kittle,SF,TE,at LAR,recYds,Hard Rock,23.5,over,40.53,-230,165,0.6970,0.6487,0.0743,0,0.7868,0.0899,0.1381,ev,multiplicative,projection,closing,1,closing,20260911F39A2BD0,2026-10-08T15:34:16.604Z
2026,1,13429,Deebo Samuel Sr.,SF,WR,at LAR,recYds,Hard Rock,23.5,over,42.96,-160,115,0.6154,0.5695,0.0805,0,0.7051,0.0898,0.1356,ev,multiplicative,projection,closing,1,closing,20260911F39A2BD0,2026-10-08T15:34:16.604Z
2026,1,16751,DeMario Douglas,NE,WR,at SEA,receptions,DraftKings,3.5,over,2.42,290,,0.2564,0.2564,,1,0.3461,0.0897,0.0897,ev,none,projection,closing,1,closing,20260910B2546DE0,2026-10-08T15:34:16.604Z
2026,1,17673,Drake Maye,NE,QB,at SEA,passYds,Hard Rock,248.5,over,255.56,130,-185,0.4348,0.4011,0.0839,0,0.5245,0.0897,0.1233,ev,multiplicative,projection,closing,1,closing,20260910B2546DE0,2026-10-08T15:34:16.604Z
2026,1,15834,Brock Purdy,SF,QB,at LAR,passTD,theScore,1.5,over,1.86,115,-150,0.4651,0.4367,0.0651,0,0.5548,0.0897,0.1181,ev,multiplicative,projection,closing,1,closing,20260911F39A2BD0,2026-10-08T15:34:16.604Z
2026,1,15807,Kyren Williams,LAR,RB,vs SF,rushYds,Hard Rock,61.5,over,66.77,110,-155,0.4762,0.4393,0.0840,0,0.5659,0.0897,0.1266,ev,multiplicative,projection,closing,1,closing,20260911F39A2BD0,2026-10-08T15:34:16.604Z
2026,1,17673,Drake Maye,NE,QB,at SEA,passYds,Hard Rock,236.5,over,255.56,110,-150,0.4762,0.4425,0.0762,0,0.5658,0.0896,0.1233,ev,multiplicative,projection,closing,1,closing,20260910B2546DE0,2026-10-08T15:34:16.604Z
2026,1,15372,Rhamondre Stevenson,NE,RB,at SEA,recYds,Hard Rock,53.5,under,20.57,-1000,375,0.9091,0.8120,0.1196,0,0.9987,0.0896,0.1867,ev,multiplicative,projection,closing,1,closing,20260910B2546DE0,2026-10-08T15:34:16.604Z
2026,1,16751,DeMario Douglas,NE,WR,at SEA,receptions,Hard Rock,4.5,over,2.42,650,,0.1333,0.1333,,1,0.2229,0.0896,0.0896,ev,none,projection,closing,1,closing,20260910B2546DE0,2026-10-08T15:34:16.604Z
2026,1,16751,DeMario Douglas,NE,WR,at SEA,receptions,theScore,4.5,over,2.42,650,,0.1333,0.1333,,1,0.2229,0.0896,0.0896,ev,none,projection,closing,1,closing,20260910B2546DE0,2026-10-08T15:34:16.604Z
2026,1,10854,Tyler Higbee,LAR,TE,vs SF,recYds,Hard Rock,7.5,under,9.19,225,-350,0.3077,0.2835,0.0855,0,0.3973,0.0896,0.1139,ev,multiplicative,projection,closing,1,closing,20260911F39A2BD0,2026-10-08T15:34:16.604Z
2026,1,15834,Brock Purdy,SF,QB,at LAR,passTD,FanDuel,2.5,over,1.86,410,,0.1961,0.1961,,1,0.2855,0.0894,0.0894,ev,none,projection,closing,1,closing,20260911F39A2BD0,2026-10-08T15:34:16.604Z
2026,1,5971,Matthew Stafford,LAR,QB,vs SF,passYds,DraftKings,267.5,under,245.83,-113,-111,0.5305,0.5021,0.0566,0,0.6199,0.0894,0.1178,ev,multiplicative,projection,closing,1,closing,20260911F39A2BD0,2026-10-08T15:34:16.604Z
2026,1,5971,Matthew Stafford,LAR,QB,vs SF,passAtt,DraftKings,34.5,under,32.57,-120,-110,0.5455,0.5101,0.0693,0,0.6347,0.0893,0.1246,ev,multiplicative,projection,closing,1,closing,20260911F39A2BD0,2026-10-08T15:34:16.604Z
2026,1,5971,Matthew Stafford,LAR,QB,vs SF,passAtt,Hard Rock,34.5,under,32.57,-120,-110,0.5455,0.5101,0.0693,0,0.6347,0.0893,0.1246,ev,multiplicative,projection,closing,1,closing,20260911F39A2BD0,2026-10-08T15:34:16.604Z
2026,1,16560,Rashid Shaheed,SEA,WR,vs NE,recYds,Hard Rock,41.5,over,41.94,140,-195,0.4167,0.3866,0.0777,0,0.5058,0.0891,0.1191,ev,multiplicative,projection,closing,1,closing,20260910B2546DE0,2026-10-08T15:34:16.604Z
2026,1,16560,Rashid Shaheed,SEA,WR,vs NE,recYds,Hard Rock,31.5,over,41.94,-120,-110,0.5455,0.5101,0.0693,0,0.6345,0.0890,0.1243,ev,multiplicative,projection,closing,1,closing,20260910B2546DE0,2026-10-08T15:34:16.604Z
2026,1,15834,Brock Purdy,SF,QB,at LAR,passYds,Hard Rock,141.5,under,246.99,1100,-5000,0.0833,0.0783,0.0637,0,0.1723,0.0890,0.0940,ev,multiplicative,projection,closing,1,closing,20260911F39A2BD0,2026-10-08T15:34:16.604Z
2026,1,11861,Mack Hollins,NE,WR,at SEA,recYds,Hard Rock,19.5,over,16.53,190,-350,0.3448,0.3072,0.1226,0,0.4338,0.0889,0.1266,ev,multiplicative,projection,closing,1,closing,20260910B2546DE0,2026-10-08T15:34:16.604Z
2026,1,17673,Drake Maye,NE,QB,at SEA,passYds,DraftKings,299.5,over,255.56,425,,0.1905,0.1905,,1,0.2793,0.0888,0.0888,ev,none,projection,closing,1,closing,20260910B2546DE0,2026-10-08T15:34:16.604Z
2026,1,17673,Drake Maye,NE,QB,at SEA,passYds,Hard Rock,306.5,over,255.56,525,-1100,0.1600,0.1486,0.0767,0,0.2488,0.0888,0.1002,ev,multiplicative,projection,closing,1,closing,20260910B2546DE0,2026-10-08T15:34:16.604Z
2026,1,17673,Drake Maye,NE,QB,at SEA,passYds,theScore,299.5,over,255.56,425,,0.1905,0.1905,,1,0.2793,0.0888,0.0888,ev,none,projection,closing,1,closing,20260910B2546DE0,2026-10-08T15:34:16.604Z
2026,1,15807,Kyren Williams,LAR,RB,vs SF,rushYds,Hard Rock,74.5,over,66.77,210,-300,0.3226,0.3008,0.0726,0,0.4112,0.0887,0.1105,ev,multiplicative,projection,closing,1,closing,20260911F39A2BD0,2026-10-08T15:34:16.604Z
2026,1,11892,George Kittle,SF,TE,at LAR,receptions,Caesars,4.5,over,3.77,230,,0.3030,0.3030,,1,0.3916,0.0886,0.0886,ev,none,projection,closing,1,closing,20260911F39A2BD0,2026-10-08T15:34:16.604Z
2026,1,15834,Brock Purdy,SF,QB,at LAR,passYds,Hard Rock,124.5,under,246.99,2000,-8000,0.0476,0.0460,0.0353,0,0.1362,0.0886,0.0903,ev,multiplicative,projection,closing,1,closing,20260911F39A2BD0,2026-10-08T15:34:16.604Z
2026,1,15834,Brock Purdy,SF,QB,at LAR,passYds,Hard Rock,155.5,under,246.99,750,-2500,0.1176,0.1090,0.0792,0,0.2062,0.0886,0.0972,ev,multiplicative,projection,closing,1,closing,20260911F39A2BD0,2026-10-08T15:34:16.604Z
2026,1,16027,Romeo Doubs,NE,WR,at SEA,receptions,Caesars,4.5,over,3.72,230,,0.3030,0.3030,,1,0.3915,0.0885,0.0885,ev,none,projection,closing,1,closing,20260910B2546DE0,2026-10-08T15:34:16.604Z
2026,1,5971,Matthew Stafford,LAR,QB,vs SF,passYds,DraftKings,266.5,under,245.83,-111,-113,0.5261,0.4979,0.0566,0,0.6145,0.0885,0.1166,ev,multiplicative,projection,closing,1,closing,20260911F39A2BD0,2026-10-08T15:34:16.604Z
2026,1,17673,Drake Maye,NE,QB,at SEA,passYds,Hard Rock,251.5,over,255.56,135,-190,0.4255,0.3938,0.0807,0,0.5141,0.0885,0.1203,ev,multiplicative,projection,closing,1,closing,20260910B2546DE0,2026-10-08T15:34:16.604Z
2026,1,15834,Brock Purdy,SF,QB,at LAR,passYds,Hard Rock,161.5,under,246.99,650,-1600,0.1333,0.1241,0.0745,0,0.2219,0.0885,0.0978,ev,multiplicative,projection,closing,1,closing,20260911F39A2BD0,2026-10-08T15:34:16.604Z
2026,1,15807,Kyren Williams,LAR,RB,vs SF,rushAtt,DraftKings,11.5,over,14.93,-200,,0.6667,0.6667,,1,0.7551,0.0884,0.0884,ev,none,projection,closing,1,closing,20260911F39A2BD0,2026-10-08T15:34:16.604Z
2026,1,13432,A.J. Brown,NE,WR,at SEA,recYds,Hard Rock,68.5,over,79.78,-115,-115,0.5349,0.5000,0.0698,0,0.6233,0.0884,0.1233,ev,multiplicative,projection,closing,1,closing,20260910B2546DE0,2026-10-08T15:34:16.604Z
2026,1,15834,Brock Purdy,SF,QB,at LAR,passYds,Hard Rock,150.5,under,246.99,850,-3000,0.1053,0.0981,0.0730,0,0.1937,0.0884,0.0956,ev,multiplicative,projection,closing,1,closing,20260911F39A2BD0,2026-10-08T15:34:16.604Z
2026,1,16751,DeMario Douglas,NE,WR,at SEA,receptions,BetRivers,2.5,over,2.42,150,,0.4000,0.4000,,1,0.4883,0.0883,0.0883,ev,none,projection,closing,1,closing,20260910B2546DE0,2026-10-08T15:34:16.604Z
2026,1,17968,George Holani,SEA,RB,vs NE,receptions,FanDuel,1.5,under,1.29,118,-158,0.4587,0.4283,0.0711,0,0.5470,0.0883,0.1187,ev,multiplicative,projection,closing,1,closing,20260910B2546DE0,2026-10-08T15:34:16.604Z
2026,1,19330,De'Zhaun Stribling,SF,WR,at LAR,recYds,BetRivers,39.5,under,30.08,-117,155,0.5392,0.5789,-0.0687,0,0.6275,0.0883,0.0485,ev,multiplicative,projection,closing,1,closing,20260911F39A2BD0,2026-10-08T15:34:16.604Z
2026,1,18532,Corey Kiner,NE,RB,at SEA,rushYds,Caesars,8.5,over,11.74,-118,-113,0.5413,0.5050,0.0718,0,0.6295,0.0882,0.1245,ev,multiplicative,projection,closing,1,closing,20260910B2546DE0,2026-10-08T15:34:16.604Z
2026,1,16027,Romeo Doubs,NE,WR,at SEA,receptions,Caesars,3.5,over,3.72,111,-145,0.4739,0.4447,0.0658,0,0.5621,0.0881,0.1174,ev,multiplicative,projection,closing,1,closing,20260910B2546DE0,2026-10-08T15:34:16.604Z
2026,1,18497,Terrance Ferguson,LAR,TE,vs SF,recYds,DraftKings,23.5,under,16.97,-115,-115,0.5349,0.5000,0.0698,0,0.6230,0.0881,0.1230,ev,multiplicative,projection,closing,1,closing,20260911F39A2BD0,2026-10-08T15:34:16.604Z
2026,1,16654,Jaxon Smith-Njigba,SEA,WR,vs NE,receptions,DraftKings,13.5,over,6.83,2900,,0.0333,0.0333,,1,0.1213,0.0880,0.0880,ev,none,projection,closing,1,closing,20260910B2546DE0,2026-10-08T15:34:16.604Z
2026,1,16751,DeMario Douglas,NE,WR,at SEA,recYds,Hard Rock,20.5,over,29.73,-120,-110,0.5455,0.5101,0.0693,0,0.6334,0.0880,0.1233,ev,multiplicative,projection,closing,1,closing,20260910B2546DE0,2026-10-08T15:34:16.604Z
2026,1,13429,Deebo Samuel Sr.,SF,WR,at LAR,receptions,DraftKings,5.5,over,3.36,900,,0.1000,0.1000,,1,0.1879,0.0879,0.0879,ev,none,projection,closing,1,closing,20260911F39A2BD0,2026-10-08T15:34:16.604Z
2026,1,17690,Blake Corum,LAR,RB,vs SF,rushYds,FanDuel,79.5,over,49.02,550,,0.1538,0.1538,,1,0.2417,0.0879,0.0879,ev,none,projection,closing,1,closing,20260911F39A2BD0,2026-10-08T15:34:16.604Z
2026,1,17690,Blake Corum,LAR,RB,vs SF,rushYds,Caesars,79.5,over,49.02,550,,0.1538,0.1538,,1,0.2417,0.0879,0.0879,ev,none,projection,closing,1,closing,20260911F39A2BD0,2026-10-08T15:34:16.604Z
2026,1,13432,A.J. Brown,NE,WR,at SEA,recYds,FanDuel,89.5,over,79.78,235,,0.2985,0.2985,,1,0.3863,0.0878,0.0878,ev,none,projection,closing,1,closing,20260910B2546DE0,2026-10-08T15:34:16.604Z
2026,1,17811,AJ Barner,SEA,TE,vs NE,recYds,FanDuel,39.5,over,34.09,280,,0.2632,0.2632,,1,0.3509,0.0877,0.0877,ev,none,projection,closing,1,closing,20260910B2546DE0,2026-10-08T15:34:16.604Z
2026,1,18497,Terrance Ferguson,LAR,TE,vs SF,recYds,BetRivers,22.5,under,16.97,-107,-124,0.5169,0.4829,0.0705,0,0.6046,0.0877,0.1217,ev,multiplicative,projection,closing,1,closing,20260911F39A2BD0,2026-10-08T15:34:16.604Z
2026,1,17673,Drake Maye,NE,QB,at SEA,passYds,Hard Rock,263.5,over,255.56,170,-250,0.3704,0.3415,0.0847,0,0.4579,0.0875,0.1164,ev,multiplicative,projection,closing,1,closing,20260910B2546DE0,2026-10-08T15:34:16.604Z
2026,1,15807,Kyren Williams,LAR,RB,vs SF,rushYds,Hard Rock,75.5,over,66.77,220,-325,0.3125,0.2901,0.0772,0,0.4000,0.0875,0.1099,ev,multiplicative,projection,closing,1,closing,20260911F39A2BD0,2026-10-08T15:34:16.604Z
2026,1,5971,Matthew Stafford,LAR,QB,vs SF,passYds,Hard Rock,230.5,under,245.83,180,-260,0.3571,0.3309,0.0794,0,0.4445,0.0874,0.1137,ev,multiplicative,projection,closing,1,closing,20260911F39A2BD0,2026-10-08T15:34:16.604Z
2026,1,16654,Jaxon Smith-Njigba,SEA,WR,vs NE,recYds,FanDuel,99.5,over,94.17,172,,0.3676,0.3676,,1,0.4550,0.0873,0.0873,ev,none,projection,closing,1,closing,20260910B2546DE0,2026-10-08T15:34:16.604Z
2026,1,5971,Matthew Stafford,LAR,QB,vs SF,passYds,Caesars,267.5,under,245.83,-114,-114,0.5327,0.5000,0.0654,0,0.6199,0.0872,0.1199,ev,multiplicative,projection,closing,1,closing,20260911F39A2BD0,2026-10-08T15:34:16.604Z
2026,1,16654,Jaxon Smith-Njigba,SEA,WR,vs NE,recYds,DraftKings,79.5,over,94.17,-115,-115,0.5349,0.5000,0.0698,0,0.6220,0.0871,0.1220,ev,multiplicative,projection,closing,1,closing,20260910B2546DE0,2026-10-08T15:34:16.604Z
2026,1,16560,Rashid Shaheed,SEA,WR,vs NE,recYds,Caesars,32.5,over,41.94,-115,-113,0.5349,0.5020,0.0654,0,0.6220,0.0871,0.1200,ev,multiplicative,projection,closing,1,closing,20260910B2546DE0,2026-10-08T15:34:16.604Z
2026,1,16560,Rashid Shaheed,SEA,WR,vs NE,recYds,BetRivers,32.5,over,41.94,-115,-115,0.5349,0.5000,0.0698,0,0.6220,0.0871,0.1220,ev,multiplicative,projection,closing,1,closing,20260910B2546DE0,2026-10-08T15:34:16.604Z
2026,1,16560,Rashid Shaheed,SEA,WR,vs NE,recYds,DraftKings,32.5,over,41.94,-115,-120,0.5349,0.4951,0.0803,0,0.6220,0.0871,0.1269,ev,multiplicative,projection,closing,1,closing,20260910B2546DE0,2026-10-08T15:34:16.604Z
2026,1,13432,A.J. Brown,NE,WR,at SEA,recYds,Hard Rock,44.5,over,79.78,-300,210,0.7500,0.6992,0.0726,0,0.8371,0.0871,0.1378,ev,multiplicative,projection,closing,1,closing,20260910B2546DE0,2026-10-08T15:34:16.604Z
2026,1,13432,A.J. Brown,NE,WR,at SEA,recYds,Hard Rock,84.5,over,79.78,180,-275,0.3571,0.3275,0.0905,0,0.4442,0.0871,0.1167,ev,multiplicative,projection,closing,1,closing,20260910B2546DE0,2026-10-08T15:34:16.604Z
2026,1,11892,George Kittle,SF,TE,at LAR,recYds,theScore,34.5,over,40.53,-110,-120,0.5238,0.4899,0.0693,0,0.6109,0.0871,0.1210,ev,multiplicative,projection,closing,1,closing,20260911F39A2BD0,2026-10-08T15:34:16.604Z
2026,1,11892,George Kittle,SF,TE,at LAR,recYds,Circa Sports,34.5,over,40.53,-110,-110,0.5238,0.5000,0.0476,0,0.6109,0.0871,0.1109,ev,multiplicative,projection,closing,1,closing,20260911F39A2BD0,2026-10-08T15:34:16.604Z
2026,1,11892,George Kittle,SF,TE,at LAR,recYds,FanDuel,19.5,over,40.53,-300,,0.7500,0.7500,,1,0.8370,0.0870,0.0870,ev,none,projection,closing,1,closing,20260911F39A2BD0,2026-10-08T15:34:16.604Z
2026,1,15372,Rhamondre Stevenson,NE,RB,at SEA,rushYds,Hard Rock,66.5,over,72.39,-105,-160,0.5122,0.4542,0.1276,0,0.5991,0.0869,0.1448,ev,multiplicative,projection,closing,1,closing,20260910B2546DE0,2026-10-08T15:34:16.604Z
2026,1,18497,Terrance Ferguson,LAR,TE,vs SF,recYds,Hard Rock,60.5,under,16.97,-850,425,0.8947,0.8245,0.0852,0,0.9816,0.0869,0.1571,ev,multiplicative,projection,closing,1,closing,20260911F39A2BD0,2026-10-08T15:34:16.604Z
2026,1,16418,Jake Tonges,SF,TE,at LAR,recYds,Hard Rock,15.5,under,8.35,-210,145,0.6774,0.6240,0.0856,0,0.7642,0.0868,0.1402,ev,multiplicative,projection,closing,1,closing,20260911F39A2BD0,2026-10-08T15:34:16.604Z
2026,1,11690,Christian McCaffrey,SF,RB,at LAR,rushYds,theScore,69.5,over,69.32,145,,0.4082,0.4082,,1,0.4949,0.0868,0.0868,ev,none,projection,closing,1,closing,20260911F39A2BD0,2026-10-08T15:34:16.604Z
2026,1,13432,A.J. Brown,NE,WR,at SEA,recYds,Hard Rock,50.5,over,79.78,-240,165,0.7059,0.6516,0.0832,0,0.7926,0.0867,0.1409,ev,multiplicative,projection,closing,1,closing,20260910B2546DE0,2026-10-08T15:34:16.604Z
2026,1,16654,Jaxon Smith-Njigba,SEA,WR,vs NE,recYds,theScore,109.5,over,94.17,250,,0.2857,0.2857,,1,0.3724,0.0867,0.0867,ev,none,projection,closing,1,closing,20260910B2546DE0,2026-10-08T15:34:16.604Z
2026,1,15807,Kyren Williams,LAR,RB,vs SF,rushYds,Hard Rock,66.5,over,66.77,140,-200,0.4167,0.3846,0.0833,0,0.5034,0.0867,0.1188,ev,multiplicative,projection,closing,1,closing,20260911F39A2BD0,2026-10-08T15:34:16.604Z
2026,1,16751,DeMario Douglas,NE,WR,at SEA,recYds,Caesars,18.5,over,29.73,-135,100,0.5745,0.5347,0.0745,0,0.6609,0.0864,0.1262,ev,multiplicative,projection,closing,1,closing,20260910B2546DE0,2026-10-08T15:34:16.604Z
2026,1,16027,Romeo Doubs,NE,WR,at SEA,recYds,theScore,9.5,over,49.28,-800,,0.8889,0.8889,,1,0.9753,0.0864,0.0864,ev,none,projection,closing,1,closing,20260910B2546DE0,2026-10-08T15:34:16.604Z
2026,1,12490,Sam Darnold,SEA,QB,vs NE,completions,DraftKings,27.5,over,20.76,1000,,0.0909,0.0909,,1,0.1773,0.0863,0.0863,ev,none,projection,closing,1,closing,20260910B2546DE0,2026-10-08T15:34:16.604Z
2026,1,12490,Sam Darnold,SEA,QB,vs NE,completions,theScore,24.5,over,20.76,360,,0.2174,0.2174,,1,0.3037,0.0863,0.0863,ev,none,projection,closing,1,closing,20260910B2546DE0,2026-10-08T15:34:16.604Z
2026,1,12490,Sam Darnold,SEA,QB,vs NE,completions,theScore,27.5,over,20.76,1000,,0.0909,0.0909,,1,0.1773,0.0863,0.0863,ev,none,projection,closing,1,closing,20260910B2546DE0,2026-10-08T15:34:16.604Z
2026,1,15807,Kyren Williams,LAR,RB,vs SF,receptions,FanDuel,1.5,over,2.1,-148,112,0.5968,0.5585,0.0685,0,0.6830,0.0862,0.1245,ev,multiplicative,projection,closing,1,closing,20260911F39A2BD0,2026-10-08T15:34:16.604Z
2026,1,17673,Drake Maye,NE,QB,at SEA,passYds,Hard Rock,237.5,over,255.56,110,-150,0.4762,0.4425,0.0762,0,0.5623,0.0861,0.1199,ev,multiplicative,projection,closing,1,closing,20260910B2546DE0,2026-10-08T15:34:16.604Z
2026,1,18497,Terrance Ferguson,LAR,TE,vs SF,recYds,Caesars,21.5,under,16.97,100,-135,0.5000,0.4653,0.0745,0,0.5860,0.0860,0.1207,ev,multiplicative,projection,closing,1,closing,20260911F39A2BD0,2026-10-08T15:34:16.604Z
2026,1,17690,Blake Corum,LAR,RB,vs SF,rushYds,Caesars,37.5,over,49.02,-130,100,0.5652,0.5306,0.0652,0,0.6512,0.0860,0.1206,ev,multiplicative,projection,closing,1,closing,20260911F39A2BD0,2026-10-08T15:34:16.604Z
2026,1,15834,Brock Purdy,SF,QB,at LAR,passYds,Hard Rock,149.5,under,246.99,850,-3000,0.1053,0.0981,0.0730,0,0.1912,0.0860,0.0931,ev,multiplicative,projection,closing,1,closing,20260911F39A2BD0,2026-10-08T15:34:16.604Z
2026,1,15834,Brock Purdy,SF,QB,at LAR,passYds,Hard Rock,160.5,under,246.99,650,-1600,0.1333,0.1241,0.0745,0,0.2192,0.0859,0.0951,ev,multiplicative,projection,closing,1,closing,20260911F39A2BD0,2026-10-08T15:34:16.604Z
2026,1,10735,Hunter Henry,NE,TE,at SEA,receptions,Hard Rock,3.5,over,3.59,125,-165,0.4444,0.4165,0.0671,0,0.5302,0.0858,0.1137,ev,multiplicative,projection,closing,1,closing,20260910B2546DE0,2026-10-08T15:34:16.604Z
2026,1,11892,George Kittle,SF,TE,at LAR,receptions,DraftKings,3.5,over,3.77,110,-150,0.4762,0.4425,0.0762,0,0.5618,0.0857,0.1194,ev,multiplicative,projection,closing,1,closing,20260911F39A2BD0,2026-10-08T15:34:16.604Z
2026,1,18497,Terrance Ferguson,LAR,TE,vs SF,receptions,DraftKings,4.5,over,1.65,1300,,0.0714,0.0714,,1,0.1571,0.0857,0.0857,ev,none,projection,closing,1,closing,20260911F39A2BD0,2026-10-08T15:34:16.604Z
2026,1,11690,Christian McCaffrey,SF,RB,at LAR,rushYds,Hard Rock,102.5,under,69.32,-950,475,0.9048,0.8388,0.0787,0,0.9904,0.0857,0.1517,ev,multiplicative,projection,closing,1,closing,20260911F39A2BD0,2026-10-08T15:34:16.604Z
2026,1,10735,Hunter Henry,NE,TE,at SEA,recYds,Caesars,34.5,over,39.85,-120,-111,0.5455,0.5090,0.0715,0,0.6311,0.0856,0.1220,ev,multiplicative,projection,closing,1,closing,20260910B2546DE0,2026-10-08T15:34:16.604Z
2026,1,16654,Jaxon Smith-Njigba,SEA,WR,vs NE,recYds,Caesars,80.5,over,94.17,-112,-118,0.5283,0.4939,0.0696,0,0.6139,0.0856,0.1200,ev,multiplicative,projection,closing,1,closing,20260910B2546DE0,2026-10-08T15:34:16.604Z
2026,1,9455,Davante Adams,LAR,WR,vs SF,receptions,Caesars,7.5,over,4.07,600,,0.1429,0.1429,,1,0.2285,0.0856,0.0856,ev,none,projection,closing,1,closing,20260911F39A2BD0,2026-10-08T15:34:16.604Z
2026,1,9455,Davante Adams,LAR,WR,vs SF,receptions,Hard Rock,7.5,over,4.07,600,,0.1429,0.1429,,1,0.2285,0.0856,0.0856,ev,none,projection,closing,1,closing,20260911F39A2BD0,2026-10-08T15:34:16.604Z
2026,1,11690,Christian McCaffrey,SF,RB,at LAR,rushYds,Hard Rock,105.5,under,69.32,-1000,500,0.9091,0.8451,0.0758,0,0.9947,0.0856,0.1496,ev,multiplicative,projection,closing,1,closing,20260911F39A2BD0,2026-10-08T15:34:16.604Z
2026,1,11892,George Kittle,SF,TE,at LAR,recYds,BetRivers,35.5,over,40.53,-103,-129,0.5074,0.4739,0.0707,0,0.5929,0.0855,0.1190,ev,multiplicative,projection,closing,1,closing,20260911F39A2BD0,2026-10-08T15:34:16.604Z
2026,1,15834,Brock Purdy,SF,QB,at LAR,passTD,theScore,2.5,over,1.86,400,,0.2000,0.2000,,1,0.2855,0.0855,0.0855,ev,none,projection,closing,1,closing,20260911F39A2BD0,2026-10-08T15:34:16.604Z
2026,1,17968,George Holani,SEA,RB,vs NE,recYds,BetRivers,11.5,under,8.3,-112,-120,0.5283,0.4920,0.0738,0,0.6137,0.0854,0.1217,ev,multiplicative,projection,closing,1,closing,20260910B2546DE0,2026-10-08T15:34:16.604Z
2026,1,13429,Deebo Samuel Sr.,SF,WR,at LAR,recYds,BetRivers,31.5,over,42.96,-117,-114,0.5392,0.5030,0.0719,0,0.6246,0.0854,0.1216,ev,multiplicative,projection,closing,1,closing,20260911F39A2BD0,2026-10-08T15:34:16.604Z
2026,1,18497,Terrance Ferguson,LAR,TE,vs SF,recYds,DraftKings,22.5,under,16.97,-108,-116,0.5192,0.4916,0.0563,0,0.6046,0.0854,0.1130,ev,multiplicative,projection,closing,1,closing,20260911F39A2BD0,2026-10-08T15:34:16.604Z
2026,1,11892,George Kittle,SF,TE,at LAR,receptions,DraftKings,2.5,over,3.77,-215,,0.6825,0.6825,,1,0.7680,0.0854,0.0854,ev,none,projection,closing,1,closing,20260911F39A2BD0,2026-10-08T15:34:16.604Z
2026,1,17673,Drake Maye,NE,QB,at SEA,passYds,Hard Rock,252.5,over,255.56,135,-190,0.4255,0.3938,0.0807,0,0.5106,0.0851,0.1168,ev,multiplicative,projection,closing,1,closing,20260910B2546DE0,2026-10-08T15:34:16.604Z
2026,1,5971,Matthew Stafford,LAR,QB,vs SF,passYds,Hard Rock,233.5,under,245.83,170,-240,0.3704,0.3441,0.0763,0,0.4553,0.0850,0.1112,ev,multiplicative,projection,closing,1,closing,20260911F39A2BD0,2026-10-08T15:34:16.604Z
2026,1,15834,Brock Purdy,SF,QB,at LAR,passYds,Hard Rock,151.5,under,246.99,800,-3000,0.1111,0.1030,0.0789,0,0.1962,0.0850,0.0932,ev,multiplicative,projection,closing,1,closing,20260911F39A2BD0,2026-10-08T15:34:16.604Z
2026,1,16654,Jaxon Smith-Njigba,SEA,WR,vs NE,recYds,FanDuel,89.5,over,94.17,120,,0.4545,0.4545,,1,0.5394,0.0849,0.0849,ev,none,projection,closing,1,closing,20260910B2546DE0,2026-10-08T15:34:16.604Z
2026,1,17673,Drake Maye,NE,QB,at SEA,passYds,DraftKings,309.5,over,255.56,560,,0.1515,0.1515,,1,0.2363,0.0848,0.0848,ev,none,projection,closing,1,closing,20260910B2546DE0,2026-10-08T15:34:16.604Z
2026,1,9253,Mike Evans,SF,WR,at LAR,receptions,DraftKings,8.5,over,3.97,2000,,0.0476,0.0476,,1,0.1324,0.0848,0.0848,ev,none,projection,closing,1,closing,20260911F39A2BD0,2026-10-08T15:34:16.604Z
2026,1,16790,Puka Nacua,LAR,WR,vs SF,receptions,FanDuel,8.5,over,7.58,194,,0.3401,0.3401,,1,0.4250,0.0848,0.0848,ev,none,projection,closing,1,closing,20260911F39A2BD0,2026-10-08T15:34:16.604Z
2026,1,15372,Rhamondre Stevenson,NE,RB,at SEA,recYds,BetRivers,17.5,over,20.57,-112,-120,0.5283,0.4920,0.0738,0,0.6130,0.0847,0.1210,ev,multiplicative,projection,closing,1,closing,20260910B2546DE0,2026-10-08T15:34:16.604Z
2026,1,16751,DeMario Douglas,NE,WR,at SEA,recYds,BetRivers,21.5,over,29.73,-115,-115,0.5349,0.5000,0.0698,0,0.6194,0.0846,0.1194,ev,multiplicative,projection,closing,1,closing,20260910B2546DE0,2026-10-08T15:34:16.604Z
2026,1,16027,Romeo Doubs,NE,WR,at SEA,receptions,Hard Rock,2.5,over,3.72,-260,,0.7222,0.7222,,1,0.8068,0.0846,0.0846,ev,none,projection,closing,1,closing,20260910B2546DE0,2026-10-08T15:34:16.604Z
2026,1,18497,Terrance Ferguson,LAR,TE,vs SF,recYds,Hard Rock,17.5,under,16.97,135,-190,0.4255,0.3938,0.0807,0,0.5101,0.0846,0.1164,ev,multiplicative,projection,closing,1,closing,20260911F39A2BD0,2026-10-08T15:34:16.604Z
2026,1,9253,Mike Evans,SF,WR,at LAR,receptions,BetRivers,4.5,over,3.97,175,,0.3636,0.3636,,1,0.4481,0.0845,0.0845,ev,none,projection,closing,1,closing,20260911F39A2BD0,2026-10-08T15:34:16.604Z
2026,1,19299,Jadarian Price,SEA,RB,vs NE,recYds,Hard Rock,16.5,under,7.38,-350,230,0.7778,0.7196,0.0808,0,0.8623,0.0845,0.1427,ev,multiplicative,projection,closing,1,closing,20260910B2546DE0,2026-10-08T15:34:16.604Z
2026,1,16560,Rashid Shaheed,SEA,WR,vs NE,recYds,theScore,34.5,over,41.94,-105,-125,0.5122,0.4797,0.0678,0,0.5967,0.0845,0.1170,ev,multiplicative,projection,closing,1,closing,20260910B2546DE0,2026-10-08T15:34:16.604Z
2026,1,15834,Brock Purdy,SF,QB,at LAR,passYds,Hard Rock,165.5,under,246.99,575,-1400,0.1481,0.1370,0.0815,0,0.2327,0.0845,0.0957,ev,multiplicative,projection,closing,1,closing,20260911F39A2BD0,2026-10-08T15:34:16.604Z
2026,1,11861,Mack Hollins,NE,WR,at SEA,receptions,Caesars,2.5,over,1.26,450,,0.1818,0.1818,,1,0.2663,0.0844,0.0844,ev,none,projection,closing,1,closing,20260910B2546DE0,2026-10-08T15:34:16.604Z
2026,1,19299,Jadarian Price,SEA,RB,vs NE,recYds,Hard Rock,2.5,over,7.38,-275,190,0.7333,0.6802,0.0782,0,0.8177,0.0844,0.1376,ev,multiplicative,projection,closing,1,closing,20260910B2546DE0,2026-10-08T15:34:16.604Z
2026,1,10735,Hunter Henry,NE,TE,at SEA,receptions,theScore,4.5,over,3.59,260,,0.2778,0.2778,,1,0.3621,0.0844,0.0844,ev,none,projection,closing,1,closing,20260910B2546DE0,2026-10-08T15:34:16.604Z
2026,1,15834,Brock Purdy,SF,QB,at LAR,passYds,Hard Rock,163.5,under,246.99,600,-1500,0.1429,0.1322,0.0804,0,0.2272,0.0844,0.0950,ev,multiplicative,projection,closing,1,closing,20260911F39A2BD0,2026-10-08T15:34:16.604Z
2026,1,17673,Drake Maye,NE,QB,at SEA,passYds,Hard Rock,300.5,over,255.56,425,-800,0.1905,0.1765,0.0794,0,0.2748,0.0843,0.0983,ev,multiplicative,projection,closing,1,closing,20260910B2546DE0,2026-10-08T15:34:16.604Z
2026,1,12490,Sam Darnold,SEA,QB,vs NE,rushYds,Hard Rock,15.5,under,9.79,-600,350,0.8571,0.7941,0.0794,0,0.9413,0.0841,0.1472,ev,multiplicative,projection,closing,1,closing,20260910B2546DE0,2026-10-08T15:34:16.604Z
2026,1,15834,Brock Purdy,SF,QB,at LAR,rushYds,Hard Rock,8.5,under,12.65,300,-475,0.2500,0.2323,0.0761,0,0.3341,0.0841,0.1018,ev,multiplicative,projection,closing,1,closing,20260911F39A2BD0,2026-10-08T15:34:16.604Z
2026,1,12490,Sam Darnold,SEA,QB,vs NE,passYds,DraftKings,249.5,over,243.94,160,,0.3846,0.3846,,1,0.4686,0.0840,0.0840,ev,none,projection,closing,1,closing,20260910B2546DE0,2026-10-08T15:34:16.604Z
2026,1,15807,Kyren Williams,LAR,RB,vs SF,rushYds,BetRivers,49.5,over,66.77,-165,,0.6226,0.6226,,1,0.7066,0.0840,0.0840,ev,none,projection,closing,1,closing,20260911F39A2BD0,2026-10-08T15:34:16.604Z
2026,1,18532,Corey Kiner,NE,RB,at SEA,rushYds,theScore,7.5,over,11.74,-140,110,0.5833,0.5506,0.0595,0,0.6674,0.0840,0.1168,ev,multiplicative,projection,closing,1,closing,20260910B2546DE0,2026-10-08T15:34:16.604Z
2026,1,11690,Christian McCaffrey,SF,RB,at LAR,rushYds,Hard Rock,85.5,under,69.32,-375,240,0.7895,0.7286,0.0836,0,0.8734,0.0840,0.1449,ev,multiplicative,projection,closing,1,closing,20260911F39A2BD0,2026-10-08T15:34:16.604Z
2026,1,16751,DeMario Douglas,NE,WR,at SEA,recYds,Caesars,20.5,over,29.73,-122,-108,0.5495,0.5142,0.0688,0,0.6334,0.0839,0.1192,ev,multiplicative,projection,closing,1,closing,20260910B2546DE0,2026-10-08T15:34:16.604Z
2026,1,16751,DeMario Douglas,NE,WR,at SEA,recYds,Caesars,19.5,over,29.73,-129,-107,0.5633,0.5215,0.0802,0,0.6472,0.0839,0.1258,ev,multiplicative,projection,closing,1,closing,20260910B2546DE0,2026-10-08T15:34:16.604Z
2026,1,11892,George Kittle,SF,TE,at LAR,receptions,BetRivers,4.5,over,3.77,225,,0.3077,0.3077,,1,0.3916,0.0839,0.0839,ev,none,projection,closing,1,closing,20260911F39A2BD0,2026-10-08T15:34:16.604Z
2026,1,11892,George Kittle,SF,TE,at LAR,receptions,DraftKings,4.5,over,3.77,225,-164,0.3077,0.3312,-0.0711,0,0.3916,0.0839,0.0604,ev,multiplicative,projection,closing,1,closing,20260911F39A2BD0,2026-10-08T15:34:16.604Z
2026,1,12490,Sam Darnold,SEA,QB,vs NE,rushYds,Hard Rock,10.5,over,9.79,195,-275,0.3390,0.3161,0.0723,0,0.4228,0.0838,0.1067,ev,multiplicative,projection,closing,1,closing,20260910B2546DE0,2026-10-08T15:34:16.604Z
2026,1,17673,Drake Maye,NE,QB,at SEA,passYds,Hard Rock,265.5,over,255.56,175,-250,0.3636,0.3373,0.0779,0,0.4474,0.0837,0.1100,ev,multiplicative,projection,closing,1,closing,20260910B2546DE0,2026-10-08T15:34:16.604Z
2026,1,18540,Elijah Arroyo,SEA,TE,vs NE,receptions,Caesars,2.5,over,1.43,550,,0.1538,0.1538,,1,0.2374,0.0836,0.0836,ev,none,projection,closing,1,closing,20260910B2546DE0,2026-10-08T15:34:16.604Z
2026,1,16751,DeMario Douglas,NE,WR,at SEA,recYds,Hard Rock,38.5,over,29.73,275,-425,0.2667,0.2478,0.0762,0,0.3503,0.0836,0.1025,ev,multiplicative,projection,closing,1,closing,20260910B2546DE0,2026-10-08T15:34:16.604Z
2026,1,17690,Blake Corum,LAR,RB,vs SF,rushYds,theScore,69.5,over,49.02,325,,0.2353,0.2353,,1,0.3189,0.0836,0.0836,ev,none,projection,closing,1,closing,20260911F39A2BD0,2026-10-08T15:34:16.604Z
2026,1,13432,A.J. Brown,NE,WR,at SEA,receptions,Caesars,7.5,over,5.42,330,,0.2326,0.2326,,1,0.3160,0.0835,0.0835,ev,none,projection,closing,1,closing,20260910B2546DE0,2026-10-08T15:34:16.604Z
2026,1,17673,Drake Maye,NE,QB,at SEA,passYds,Hard Rock,255.5,over,255.56,140,-195,0.4167,0.3866,0.0777,0,0.5002,0.0835,0.1136,ev,multiplicative,projection,closing,1,closing,20260910B2546DE0,2026-10-08T15:34:16.604Z
2026,1,16418,Jake Tonges,SF,TE,at LAR,recYds,Hard Rock,29.5,under,8.35,-900,450,0.9000,0.8319,0.0818,0,0.9834,0.0834,0.1514,ev,multiplicative,projection,closing,1,closing,20260911F39A2BD0,2026-10-08T15:34:16.604Z
2026,1,15372,Rhamondre Stevenson,NE,RB,at SEA,receptions,DraftKings,1.5,over,2.94,-550,,0.8462,0.8462,,1,0.9294,0.0833,0.0833,ev,none,projection,closing,1,closing,20260910B2546DE0,2026-10-08T15:34:16.604Z
2026,1,17673,Drake Maye,NE,QB,at SEA,passYds,Hard Rock,284.5,over,255.56,275,-425,0.2667,0.2478,0.0762,0,0.3500,0.0833,0.1022,ev,multiplicative,projection,closing,1,closing,20260910B2546DE0,2026-10-08T15:34:16.604Z
2026,1,17673,Drake Maye,NE,QB,at SEA,rushYds,Hard Rock,49.5,under,25.57,-1100,375,0.9167,0.8132,0.1272,0,1.0000,0.0833,0.1868,ev,multiplicative,projection,closing,1,closing,20260910B2546DE0,2026-10-08T15:34:16.604Z
2026,1,17673,Drake Maye,NE,QB,at SEA,rushYds,Hard Rock,50.5,under,25.57,-1100,500,0.9167,0.8462,0.0833,0,1.0000,0.0833,0.1538,ev,multiplicative,projection,closing,1,closing,20260910B2546DE0,2026-10-08T15:34:16.604Z
2026,1,16560,Rashid Shaheed,SEA,WR,vs NE,rushYds,Hard Rock,17.5,under,3.63,-1100,500,0.9167,0.8462,0.0833,0,1.0000,0.0833,0.1538,ev,multiplicative,projection,closing,1,closing,20260910B2546DE0,2026-10-08T15:34:16.604Z
2026,1,17690,Blake Corum,LAR,RB,vs SF,recYds,Hard Rock,16.5,under,3.98,-1100,525,0.9167,0.8514,0.0767,0,1.0000,0.0833,0.1486,ev,multiplicative,projection,closing,1,closing,20260911F39A2BD0,2026-10-08T15:34:16.604Z
2026,1,11163,Demarcus Robinson,SF,WR,at LAR,recYds,Hard Rock,43.5,under,12.4,-1100,525,0.9167,0.8514,0.0767,0,1.0000,0.0833,0.1486,ev,multiplicative,projection,closing,1,closing,20260911F39A2BD0,2026-10-08T15:34:16.604Z
2026,1,17688,Jordan Whittington,LAR,WR,vs SF,recYds,Hard Rock,28.5,under,4.95,-1100,500,0.9167,0.8462,0.0833,0,1.0000,0.0833,0.1538,ev,multiplicative,projection,closing,1,closing,20260911F39A2BD0,2026-10-08T15:34:16.604Z
2026,1,10854,Tyler Higbee,LAR,TE,vs SF,recYds,Hard Rock,38.5,under,9.19,-1100,500,0.9167,0.8462,0.0833,0,1.0000,0.0833,0.1538,ev,multiplicative,projection,closing,1,closing,20260911F39A2BD0,2026-10-08T15:34:16.604Z
2026,1,17688,Jordan Whittington,LAR,WR,vs SF,recYds,Hard Rock,25.5,under,4.95,-1100,525,0.9167,0.8514,0.0767,0,1.0000,0.0833,0.1486,ev,multiplicative,projection,closing,1,closing,20260911F39A2BD0,2026-10-08T15:34:16.604Z
2026,1,17688,Jordan Whittington,LAR,WR,vs SF,recYds,Hard Rock,27.5,under,4.95,-1100,500,0.9167,0.8462,0.0833,0,1.0000,0.0833,0.1538,ev,multiplicative,projection,closing,1,closing,20260911F39A2BD0,2026-10-08T15:34:16.604Z
2026,1,10854,Tyler Higbee,LAR,TE,vs SF,recYds,Hard Rock,41.5,under,9.19,-1100,500,0.9167,0.8462,0.0833,0,1.0000,0.0833,0.1538,ev,multiplicative,projection,closing,1,closing,20260911F39A2BD0,2026-10-08T15:34:16.604Z
2026,1,10854,Tyler Higbee,LAR,TE,vs SF,recYds,Hard Rock,42.5,under,9.19,-1100,525,0.9167,0.8514,0.0767,0,1.0000,0.0833,0.1486,ev,multiplicative,projection,closing,1,closing,20260911F39A2BD0,2026-10-08T15:34:16.604Z
2026,1,13429,Deebo Samuel Sr.,SF,WR,at LAR,receptions,theScore,4.5,over,3.36,325,,0.2353,0.2353,,1,0.3186,0.0833,0.0833,ev,none,projection,closing,1,closing,20260911F39A2BD0,2026-10-08T15:34:16.604Z
2026,1,17968,George Holani,SEA,RB,vs NE,recYds,FanDuel,11.5,under,8.3,-113,-113,0.5305,0.5000,0.0610,0,0.6137,0.0832,0.1137,ev,multiplicative,projection,closing,1,closing,20260910B2546DE0,2026-10-08T15:34:16.604Z
2026,1,11892,George Kittle,SF,TE,at LAR,recYds,BetRivers,33.5,over,40.53,-120,-112,0.5455,0.5080,0.0738,0,0.6287,0.0832,0.1207,ev,multiplicative,projection,closing,1,closing,20260911F39A2BD0,2026-10-08T15:34:16.604Z
2026,1,11892,George Kittle,SF,TE,at LAR,recYds,DraftKings,33.5,over,40.53,-120,-115,0.5455,0.5049,0.0803,0,0.6287,0.0832,0.1238,ev,multiplicative,projection,closing,1,closing,20260911F39A2BD0,2026-10-08T15:34:16.604Z
2026,1,15834,Brock Purdy,SF,QB,at LAR,passYds,Hard Rock,159.5,under,246.99,650,-1600,0.1333,0.1241,0.0745,0,0.2166,0.0832,0.0925,ev,multiplicative,projection,closing,1,closing,20260911F39A2BD0,2026-10-08T15:34:16.604Z
2026,1,11892,George Kittle,SF,TE,at LAR,recYds,Hard Rock,33.5,over,40.53,-120,-110,0.5455,0.5101,0.0693,0,0.6287,0.0832,0.1186,ev,multiplicative,projection,closing,1,closing,20260911F39A2BD0,2026-10-08T15:34:16.604Z
2026,1,11163,Demarcus Robinson,SF,WR,at LAR,recYds,Hard Rock,40.5,under,12.4,-1100,500,0.9167,0.8462,0.0833,0,0.9998,0.0832,0.1537,ev,multiplicative,projection,closing,1,closing,20260911F39A2BD0,2026-10-08T15:34:16.604Z
2026,1,15834,Brock Purdy,SF,QB,at LAR,passTD,FanDuel,1.5,over,1.86,112,-146,0.4717,0.4428,0.0652,0,0.5548,0.0831,0.1119,ev,multiplicative,projection,closing,1,closing,20260911F39A2BD0,2026-10-08T15:34:16.604Z
2026,1,12490,Sam Darnold,SEA,QB,vs NE,completions,DraftKings,23.5,over,20.76,270,,0.2703,0.2703,,1,0.3533,0.0830,0.0830,ev,none,projection,closing,1,closing,20260910B2546DE0,2026-10-08T15:34:16.604Z
2026,1,15807,Kyren Williams,LAR,RB,vs SF,receptions,Caesars,1.5,over,2.1,-150,115,0.6000,0.5633,0.0651,0,0.6830,0.0830,0.1197,ev,multiplicative,projection,closing,1,closing,20260911F39A2BD0,2026-10-08T15:34:16.604Z
2026,1,17673,Drake Maye,NE,QB,at SEA,passYds,Hard Rock,273.5,over,255.56,210,-325,0.3226,0.2967,0.0873,0,0.4056,0.0830,0.1089,ev,multiplicative,projection,closing,1,closing,20260910B2546DE0,2026-10-08T15:34:16.604Z
2026,1,14463,Colby Parkinson,LAR,TE,vs SF,recYds,Hard Rock,52.5,under,20.11,-1100,500,0.9167,0.8462,0.0833,0,0.9997,0.0830,0.1536,ev,multiplicative,projection,closing,1,closing,20260911F39A2BD0,2026-10-08T15:34:16.604Z
2026,1,16654,Jaxon Smith-Njigba,SEA,WR,vs NE,receptions,BetRivers,7.5,over,6.83,170,,0.3704,0.3704,,1,0.4533,0.0829,0.0829,ev,none,projection,closing,1,closing,20260910B2546DE0,2026-10-08T15:34:16.604Z
2026,1,11861,Mack Hollins,NE,WR,at SEA,recYds,theScore,19.5,over,16.53,185,,0.3509,0.3509,,1,0.4338,0.0829,0.0829,ev,none,projection,closing,1,closing,20260910B2546DE0,2026-10-08T15:34:16.604Z
2026,1,14463,Colby Parkinson,LAR,TE,vs SF,recYds,Hard Rock,51.5,under,20.11,-1100,500,0.9167,0.8462,0.0833,0,0.9996,0.0829,0.1534,ev,multiplicative,projection,closing,1,closing,20260911F39A2BD0,2026-10-08T15:34:16.604Z
2026,1,17673,Drake Maye,NE,QB,at SEA,passYds,Hard Rock,275.5,over,255.56,220,-325,0.3125,0.2901,0.0772,0,0.3953,0.0828,0.1052,ev,multiplicative,projection,closing,1,closing,20260910B2546DE0,2026-10-08T15:34:16.604Z
2026,1,13432,A.J. Brown,NE,WR,at SEA,recYds,Circa Sports,99.5,over,79.78,410,-525,0.1961,0.1893,0.0361,0,0.2789,0.0828,0.0896,ev,multiplicative,projection,closing,1,closing,20260910B2546DE0,2026-10-08T15:34:16.604Z
2026,1,17673,Drake Maye,NE,QB,at SEA,passTD,BetRivers,1.5,over,1.66,143,-195,0.4115,0.3837,0.0725,0,0.4942,0.0827,0.1105,ev,multiplicative,projection,closing,1,closing,20260910B2546DE0,2026-10-08T15:34:16.604Z
2026,1,16654,Jaxon Smith-Njigba,SEA,WR,vs NE,recYds,DraftKings,119.5,over,94.17,370,,0.2128,0.2128,,1,0.2954,0.0826,0.0826,ev,none,projection,closing,1,closing,20260910B2546DE0,2026-10-08T15:34:16.604Z
2026,1,16560,Rashid Shaheed,SEA,WR,vs NE,recYds,FanDuel,29.5,over,41.94,-136,,0.5763,0.5763,,1,0.6589,0.0826,0.0826,ev,none,projection,closing,1,closing,20260910B2546DE0,2026-10-08T15:34:16.604Z
2026,1,11892,George Kittle,SF,TE,at LAR,recYds,BetRivers,34.5,over,40.53,-112,-120,0.5283,0.4920,0.0738,0,0.6109,0.0826,0.1189,ev,multiplicative,projection,closing,1,closing,20260911F39A2BD0,2026-10-08T15:34:16.604Z
2026,1,11690,Christian McCaffrey,SF,RB,at LAR,recYds,Hard Rock,75.5,under,33.41,-1100,525,0.9167,0.8514,0.0767,0,0.9993,0.0826,0.1479,ev,multiplicative,projection,closing,1,closing,20260911F39A2BD0,2026-10-08T15:34:16.604Z
2026,1,13429,Deebo Samuel Sr.,SF,WR,at LAR,recYds,FanDuel,49.5,over,42.96,280,,0.2632,0.2632,,1,0.3457,0.0825,0.0825,ev,none,projection,closing,1,closing,20260911F39A2BD0,2026-10-08T15:34:16.604Z
2026,1,11892,George Kittle,SF,TE,at LAR,receptions,Caesars,2.5,over,3.77,-218,,0.6855,0.6855,,1,0.7680,0.0824,0.0824,ev,none,projection,closing,1,closing,20260911F39A2BD0,2026-10-08T15:34:16.604Z
2026,1,15807,Kyren Williams,LAR,RB,vs SF,rushYds,DraftKings,39.5,over,66.77,-260,,0.7222,0.7222,,1,0.8046,0.0824,0.0824,ev,none,projection,closing,1,closing,20260911F39A2BD0,2026-10-08T15:34:16.604Z
2026,1,12490,Sam Darnold,SEA,QB,vs NE,passYds,Hard Rock,118.5,under,243.94,2250,-6000,0.0426,0.0415,0.0262,0,0.1249,0.0824,0.0835,ev,multiplicative,projection,closing,1,closing,20260910B2546DE0,2026-10-08T15:34:16.604Z
2026,1,16418,Jake Tonges,SF,TE,at LAR,recYds,Hard Rock,30.5,under,8.35,-950,475,0.9048,0.8388,0.0787,0,0.9871,0.0824,0.1483,ev,multiplicative,projection,closing,1,closing,20260911F39A2BD0,2026-10-08T15:34:16.604Z
2026,1,12490,Sam Darnold,SEA,QB,vs NE,passYds,DraftKings,274.5,over,243.94,300,,0.2500,0.2500,,1,0.3323,0.0823,0.0823,ev,none,projection,closing,1,closing,20260910B2546DE0,2026-10-08T15:34:16.604Z
2026,1,17673,Drake Maye,NE,QB,at SEA,passYds,Hard Rock,264.5,over,255.56,170,-250,0.3704,0.3415,0.0847,0,0.4526,0.0823,0.1112,ev,multiplicative,projection,closing,1,closing,20260910B2546DE0,2026-10-08T15:34:16.604Z
2026,1,12490,Sam Darnold,SEA,QB,vs NE,passYds,Hard Rock,128.5,under,243.94,1500,-7000,0.0625,0.0596,0.0484,0,0.1448,0.0823,0.0852,ev,multiplicative,projection,closing,1,closing,20260910B2546DE0,2026-10-08T15:34:16.604Z
2026,1,17690,Blake Corum,LAR,RB,vs SF,rushYds,theScore,59.5,over,49.02,210,,0.3226,0.3226,,1,0.4048,0.0822,0.0822,ev,none,projection,closing,1,closing,20260911F39A2BD0,2026-10-08T15:34:16.604Z
2026,1,19299,Jadarian Price,SEA,RB,vs NE,rushYds,BetRivers,79.5,over,54.93,350,,0.2222,0.2222,,1,0.3043,0.0821,0.0821,ev,none,projection,closing,1,closing,20260910B2546DE0,2026-10-08T15:34:16.604Z
2026,1,18532,Corey Kiner,NE,RB,at SEA,rushYds,Hard Rock,29.5,under,11.74,-1100,375,0.9167,0.8132,0.1272,0,0.9988,0.0821,0.1856,ev,multiplicative,projection,closing,1,closing,20260910B2546DE0,2026-10-08T15:34:16.604Z
2026,1,18497,Terrance Ferguson,LAR,TE,vs SF,recYds,Hard Rock,58.5,under,16.97,-850,425,0.8947,0.8245,0.0852,0,0.9768,0.0821,0.1523,ev,multiplicative,projection,closing,1,closing,20260911F39A2BD0,2026-10-08T15:34:16.604Z
2026,1,15372,Rhamondre Stevenson,NE,RB,at SEA,recYds,Hard Rock,23.5,under,20.57,-110,-120,0.5238,0.4899,0.0693,0,0.6057,0.0819,0.1158,ev,multiplicative,projection,closing,1,closing,20260910B2546DE0,2026-10-08T15:34:16.604Z
2026,1,17968,George Holani,SEA,RB,vs NE,receptions,Hard Rock,1.5,under,1.29,115,-155,0.4651,0.4335,0.0730,0,0.5470,0.0819,0.1135,ev,multiplicative,projection,closing,1,closing,20260910B2546DE0,2026-10-08T15:34:16.604Z
2026,1,17968,George Holani,SEA,RB,vs NE,receptions,theScore,1.5,under,1.29,115,-145,0.4651,0.4401,0.0570,0,0.5470,0.0819,0.1069,ev,multiplicative,projection,closing,1,closing,20260910B2546DE0,2026-10-08T15:34:16.604Z
2026,1,10735,Hunter Henry,NE,TE,at SEA,receptions,BetRivers,3.5,over,3.59,123,,0.4484,0.4484,,1,0.5302,0.0818,0.0818,ev,none,projection,closing,1,closing,20260910B2546DE0,2026-10-08T15:34:16.604Z
2026,1,5971,Matthew Stafford,LAR,QB,vs SF,passYds,Caesars,266.5,under,245.83,-114,-114,0.5327,0.5000,0.0654,0,0.6145,0.0818,0.1145,ev,multiplicative,projection,closing,1,closing,20260911F39A2BD0,2026-10-08T15:34:16.604Z
2026,1,15807,Kyren Williams,LAR,RB,vs SF,rushYds,Hard Rock,71.5,over,66.77,175,-250,0.3636,0.3373,0.0779,0,0.4454,0.0818,0.1081,ev,multiplicative,projection,closing,1,closing,20260911F39A2BD0,2026-10-08T15:34:16.604Z
2026,1,9455,Davante Adams,LAR,WR,vs SF,receptions,DraftKings,6.5,over,4.07,360,,0.2174,0.2174,,1,0.2991,0.0817,0.0817,ev,none,projection,closing,1,closing,20260911F39A2BD0,2026-10-08T15:34:16.604Z
2026,1,17968,George Holani,SEA,RB,vs NE,recYds,Hard Rock,23.5,under,8.3,-500,300,0.8333,0.7692,0.0833,0,0.9150,0.0817,0.1458,ev,multiplicative,projection,closing,1,closing,20260910B2546DE0,2026-10-08T15:34:16.604Z
2026,1,15807,Kyren Williams,LAR,RB,vs SF,rushYds,Hard Rock,45.5,over,66.77,-200,140,0.6667,0.6154,0.0833,0,0.7484,0.0817,0.1330,ev,multiplicative,projection,closing,1,closing,20260911F39A2BD0,2026-10-08T15:34:16.604Z
2026,1,19330,De'Zhaun Stribling,SF,WR,at LAR,recYds,BetRivers,38.5,under,30.08,-114,-117,0.5327,0.4970,0.0719,0,0.6143,0.0816,0.1174,ev,multiplicative,projection,closing,1,closing,20260911F39A2BD0,2026-10-08T15:34:16.604Z
2026,1,19330,De'Zhaun Stribling,SF,WR,at LAR,recYds,DraftKings,38.5,under,30.08,-114,-110,0.5327,0.5042,0.0565,0,0.6143,0.0816,0.1101,ev,multiplicative,projection,closing,1,closing,20260911F39A2BD0,2026-10-08T15:34:16.604Z
2026,1,17673,Drake Maye,NE,QB,at SEA,passYds,Hard Rock,253.5,over,255.56,135,-185,0.4255,0.3960,0.0747,0,0.5071,0.0816,0.1112,ev,multiplicative,projection,closing,1,closing,20260910B2546DE0,2026-10-08T15:34:16.604Z
2026,1,5971,Matthew Stafford,LAR,QB,vs SF,passYds,Hard Rock,234.5,under,245.83,165,-240,0.3774,0.3484,0.0832,0,0.4590,0.0816,0.1106,ev,multiplicative,projection,closing,1,closing,20260911F39A2BD0,2026-10-08T15:34:16.604Z
2026,1,17673,Drake Maye,NE,QB,at SEA,passYds,DraftKings,223.5,over,255.56,-112,-112,0.5283,0.5000,0.0566,0,0.6097,0.0814,0.1097,ev,multiplicative,projection,closing,1,closing,20260910B2546DE0,2026-10-08T15:34:16.604Z
2026,1,10735,Hunter Henry,NE,TE,at SEA,receptions,Caesars,5.5,over,3.59,575,,0.1481,0.1481,,1,0.2295,0.0814,0.0814,ev,none,projection,closing,1,closing,20260910B2546DE0,2026-10-08T15:34:16.604Z
2026,1,11892,George Kittle,SF,TE,at LAR,recYds,Hard Rock,29.5,over,40.53,-160,120,0.6154,0.5752,0.0699,0,0.6968,0.0814,0.1216,ev,multiplicative,projection,closing,1,closing,20260911F39A2BD0,2026-10-08T15:34:16.604Z
2026,1,11892,George Kittle,SF,TE,at LAR,recYds,Hard Rock,25.5,over,40.53,-210,150,0.6774,0.6287,0.0774,0,0.7587,0.0813,0.1299,ev,multiplicative,projection,closing,1,closing,20260911F39A2BD0,2026-10-08T15:34:16.604Z
2026,1,10735,Hunter Henry,NE,TE,at SEA,recYds,DraftKings,35.5,over,39.85,-111,-113,0.5261,0.4979,0.0566,0,0.6073,0.0812,0.1094,ev,multiplicative,projection,closing,1,closing,20260910B2546DE0,2026-10-08T15:34:16.604Z
2026,1,16654,Jaxon Smith-Njigba,SEA,WR,vs NE,recYds,theScore,84.5,over,94.17,100,-130,0.5000,0.4694,0.0652,0,0.5812,0.0812,0.1118,ev,multiplicative,projection,closing,1,closing,20260910B2546DE0,2026-10-08T15:34:16.604Z
2026,1,15834,Brock Purdy,SF,QB,at LAR,passYds,Hard Rock,173.5,under,246.99,475,-950,0.1739,0.1612,0.0787,0,0.2552,0.0812,0.0939,ev,multiplicative,projection,closing,1,closing,20260911F39A2BD0,2026-10-08T15:34:16.604Z
2026,1,15372,Rhamondre Stevenson,NE,RB,at SEA,rushYds,BetRivers,29.5,over,72.39,-770,,0.8851,0.8851,,1,0.9662,0.0811,0.0811,ev,none,projection,closing,1,closing,20260910B2546DE0,2026-10-08T15:34:16.604Z
2026,1,15807,Kyren Williams,LAR,RB,vs SF,rushYds,DraftKings,58.5,over,66.77,-109,-115,0.5215,0.4937,0.0564,0,0.6027,0.0811,0.1090,ev,multiplicative,projection,closing,1,closing,20260911F39A2BD0,2026-10-08T15:34:16.604Z
2026,1,12490,Sam Darnold,SEA,QB,vs NE,passAtt,theScore,34.5,over,32.56,260,,0.2778,0.2778,,1,0.3589,0.0811,0.0811,ev,none,projection,closing,1,closing,20260910B2546DE0,2026-10-08T15:34:16.604Z
2026,1,12490,Sam Darnold,SEA,QB,vs NE,passYds,Hard Rock,120.5,under,243.94,2000,-10000,0.0476,0.0459,0.0377,0,0.1288,0.0811,0.0829,ev,multiplicative,projection,closing,1,closing,20260910B2546DE0,2026-10-08T15:34:16.604Z
2026,1,11861,Mack Hollins,NE,WR,at SEA,recYds,Hard Rock,23.5,over,16.53,275,-425,0.2667,0.2478,0.0762,0,0.3477,0.0811,0.0999,ev,multiplicative,projection,closing,1,closing,20260910B2546DE0,2026-10-08T15:34:16.604Z
2026,1,19299,Jadarian Price,SEA,RB,vs NE,recYds,BetRivers,5.5,over,7.38,-125,-107,0.5556,0.5180,0.0725,0,0.6366,0.0810,0.1186,ev,multiplicative,projection,closing,1,closing,20260910B2546DE0,2026-10-08T15:34:16.604Z
2026,1,15807,Kyren Williams,LAR,RB,vs SF,rushYds,Hard Rock,44.5,over,66.77,-210,145,0.6774,0.6240,0.0856,0,0.7583,0.0809,0.1343,ev,multiplicative,projection,closing,1,closing,20260911F39A2BD0,2026-10-08T15:34:16.604Z
2026,1,15807,Kyren Williams,LAR,RB,vs SF,rushYds,DraftKings,89.5,over,66.77,475,,0.1739,0.1739,,1,0.2547,0.0808,0.0808,ev,none,projection,closing,1,closing,20260911F39A2BD0,2026-10-08T15:34:16.604Z
2026,1,17690,Blake Corum,LAR,RB,vs SF,rushYds,Caesars,69.5,over,49.02,320,,0.2381,0.2381,,1,0.3189,0.0808,0.0808,ev,none,projection,closing,1,closing,20260911F39A2BD0,2026-10-08T15:34:16.604Z
2026,1,13432,A.J. Brown,NE,WR,at SEA,receptions,theScore,7.5,over,5.42,325,,0.2353,0.2353,,1,0.3160,0.0807,0.0807,ev,none,projection,closing,1,closing,20260910B2546DE0,2026-10-08T15:34:16.604Z
2026,1,11690,Christian McCaffrey,SF,RB,at LAR,rushAtt,Hard Rock,17.5,over,17.64,135,,0.4255,0.4255,,1,0.5062,0.0807,0.0807,ev,none,projection,closing,1,closing,20260911F39A2BD0,2026-10-08T15:34:16.604Z
2026,1,5971,Matthew Stafford,LAR,QB,vs SF,passTD,Circa Sports,2.5,over,2.13,260,-310,0.2778,0.2687,0.0339,0,0.3585,0.0807,0.0898,ev,multiplicative,projection,closing,1,closing,20260911F39A2BD0,2026-10-08T15:34:16.604Z
2026,1,11892,George Kittle,SF,TE,at LAR,recYds,Hard Rock,24.5,over,40.53,-225,160,0.6923,0.6429,0.0769,0,0.7730,0.0807,0.1301,ev,multiplicative,projection,closing,1,closing,20260911F39A2BD0,2026-10-08T15:34:16.604Z
2026,1,13432,A.J. Brown,NE,WR,at SEA,recYds,Hard Rock,56.5,over,79.78,-195,115,0.6610,0.5870,0.1261,0,0.7416,0.0806,0.1546,ev,multiplicative,projection,closing,1,closing,20260910B2546DE0,2026-10-08T15:34:16.604Z
2026,1,17673,Drake Maye,NE,QB,at SEA,passYds,Hard Rock,308.5,over,255.56,525,-1000,0.1600,0.1497,0.0691,0,0.2405,0.0805,0.0908,ev,multiplicative,projection,closing,1,closing,20260910B2546DE0,2026-10-08T15:34:16.604Z
2026,1,10735,Hunter Henry,NE,TE,at SEA,receptions,Caesars,4.5,over,3.59,255,,0.2817,0.2817,,1,0.3621,0.0804,0.0804,ev,none,projection,closing,1,closing,20260910B2546DE0,2026-10-08T15:34:16.604Z
2026,1,11892,George Kittle,SF,TE,at LAR,recYds,FanDuel,34.5,over,40.53,-113,-113,0.5305,0.5000,0.0610,0,0.6109,0.0804,0.1109,ev,multiplicative,projection,closing,1,closing,20260911F39A2BD0,2026-10-08T15:34:16.604Z
2026,1,15372,Rhamondre Stevenson,NE,RB,at SEA,recYds,FanDuel,17.5,over,20.57,-114,-114,0.5327,0.5000,0.0654,0,0.6130,0.0803,0.1130,ev,multiplicative,projection,closing,1,closing,20260910B2546DE0,2026-10-08T15:34:16.604Z
2026,1,11892,George Kittle,SF,TE,at LAR,recYds,Hard Rock,30.5,over,40.53,-150,110,0.6000,0.5575,0.0762,0,0.6803,0.0803,0.1228,ev,multiplicative,projection,closing,1,closing,20260911F39A2BD0,2026-10-08T15:34:16.604Z
2026,1,16751,DeMario Douglas,NE,WR,at SEA,recYds,theScore,9.5,over,29.73,-225,,0.6923,0.6923,,1,0.7725,0.0802,0.0802,ev,none,projection,closing,1,closing,20260910B2546DE0,2026-10-08T15:34:16.604Z
2026,1,16790,Puka Nacua,LAR,WR,vs SF,receptions,Caesars,8.5,over,7.58,190,,0.3448,0.3448,,1,0.4250,0.0801,0.0801,ev,none,projection,closing,1,closing,20260911F39A2BD0,2026-10-08T15:34:16.604Z
2026,1,13432,A.J. Brown,NE,WR,at SEA,recYds,Hard Rock,45.5,over,79.78,-300,210,0.7500,0.6992,0.0726,0,0.8301,0.0801,0.1309,ev,multiplicative,projection,closing,1,closing,20260910B2546DE0,2026-10-08T15:34:16.604Z
2026,1,16751,DeMario Douglas,NE,WR,at SEA,receptions,theScore,2.5,over,2.42,145,-180,0.4082,0.3883,0.0510,0,0.4883,0.0801,0.1000,ev,multiplicative,projection,closing,1,closing,20260910B2546DE0,2026-10-08T15:34:16.604Z
2026,1,15372,Rhamondre Stevenson,NE,RB,at SEA,rushYds,Hard Rock,34.5,over,72.39,-650,275,0.8667,0.7647,0.1333,0,0.9468,0.0801,0.1821,ev,multiplicative,projection,closing,1,closing,20260910B2546DE0,2026-10-08T15:34:16.604Z
2026,1,18497,Terrance Ferguson,LAR,TE,vs SF,recYds,Hard Rock,15.5,under,16.97,160,-230,0.3846,0.3556,0.0816,0,0.4647,0.0801,0.1091,ev,multiplicative,projection,closing,1,closing,20260911F39A2BD0,2026-10-08T15:34:16.604Z
2026,1,18532,Corey Kiner,NE,RB,at SEA,rushYds,FanDuel,8.5,over,11.74,-122,-104,0.5495,0.5188,0.0594,0,0.6295,0.0800,0.1108,ev,multiplicative,projection,closing,1,closing,20260910B2546DE0,2026-10-08T15:34:16.604Z
2026,1,16751,DeMario Douglas,NE,WR,at SEA,receptions,DraftKings,4.5,over,2.42,600,,0.1429,0.1429,,1,0.2229,0.0800,0.0800,ev,none,projection,closing,1,closing,20260910B2546DE0,2026-10-08T15:34:16.604Z
2026,1,11892,George Kittle,SF,TE,at LAR,recYds,DraftKings,14.5,over,40.53,-421,,0.8081,0.8081,,1,0.8880,0.0799,0.0799,ev,none,projection,closing,1,closing,20260911F39A2BD0,2026-10-08T15:34:16.604Z
2026,1,17673,Drake Maye,NE,QB,at SEA,passYds,Hard Rock,301.5,over,255.56,425,-750,0.1905,0.1775,0.0728,0,0.2704,0.0799,0.0928,ev,multiplicative,projection,closing,1,closing,20260910B2546DE0,2026-10-08T15:34:16.604Z
2026,1,15834,Brock Purdy,SF,QB,at LAR,passYds,Hard Rock,170.5,under,246.99,500,-1000,0.1667,0.1549,0.0758,0,0.2466,0.0799,0.0917,ev,multiplicative,projection,closing,1,closing,20260911F39A2BD0,2026-10-08T15:34:16.604Z
2026,1,15834,Brock Purdy,SF,QB,at LAR,passYds,Hard Rock,134.5,under,246.99,1200,-5000,0.0769,0.0728,0.0573,0,0.1568,0.0799,0.0840,ev,multiplicative,projection,closing,1,closing,20260911F39A2BD0,2026-10-08T15:34:16.604Z
2026,1,10735,Hunter Henry,NE,TE,at SEA,receptions,Caesars,3.5,over,3.59,122,-159,0.4505,0.4232,0.0644,0,0.5302,0.0798,0.1070,ev,multiplicative,projection,closing,1,closing,20260910B2546DE0,2026-10-08T15:34:16.604Z
2026,1,15372,Rhamondre Stevenson,NE,RB,at SEA,rushYds,Hard Rock,36.5,over,72.39,-600,275,0.8571,0.7627,0.1238,0,0.9369,0.0798,0.1742,ev,multiplicative,projection,closing,1,closing,20260910B2546DE0,2026-10-08T15:34:16.604Z
2026,1,15807,Kyren Williams,LAR,RB,vs SF,rushAtt,theScore,12.5,over,14.93,-155,120,0.6078,0.5721,0.0624,0,0.6877,0.0798,0.1155,ev,multiplicative,projection,closing,1,closing,20260911F39A2BD0,2026-10-08T15:34:16.604Z
2026,1,15372,Rhamondre Stevenson,NE,RB,at SEA,rushYds,Hard Rock,37.5,over,72.39,-575,260,0.8519,0.7541,0.1296,0,0.9314,0.0796,0.1773,ev,multiplicative,projection,closing,1,closing,20260910B2546DE0,2026-10-08T15:34:16.604Z
2026,1,5971,Matthew Stafford,LAR,QB,vs SF,passYds,Hard Rock,266.5,under,245.83,-115,-115,0.5349,0.5000,0.0698,0,0.6145,0.0796,0.1145,ev,multiplicative,projection,closing,1,closing,20260911F39A2BD0,2026-10-08T15:34:16.604Z
2026,1,19330,De'Zhaun Stribling,SF,WR,at LAR,recYds,Caesars,38.5,under,30.08,-115,-113,0.5349,0.5020,0.0654,0,0.6143,0.0795,0.1123,ev,multiplicative,projection,closing,1,closing,20260911F39A2BD0,2026-10-08T15:34:16.604Z
2026,1,13432,A.J. Brown,NE,WR,at SEA,recYds,theScore,39.5,over,79.78,-375,,0.7895,0.7895,,1,0.8690,0.0795,0.0795,ev,none,projection,closing,1,closing,20260910B2546DE0,2026-10-08T15:34:16.604Z
2026,1,15372,Rhamondre Stevenson,NE,RB,at SEA,rushYds,Hard Rock,38.5,over,72.39,-550,260,0.8462,0.7529,0.1239,0,0.9256,0.0795,0.1728,ev,multiplicative,projection,closing,1,closing,20260910B2546DE0,2026-10-08T15:34:16.604Z
2026,1,15372,Rhamondre Stevenson,NE,RB,at SEA,rushYds,Hard Rock,39.5,over,72.39,-525,240,0.8400,0.7407,0.1341,0,0.9195,0.0795,0.1788,ev,multiplicative,projection,closing,1,closing,20260910B2546DE0,2026-10-08T15:34:16.604Z
2026,1,16751,DeMario Douglas,NE,WR,at SEA,receptions,Hard Rock,3.5,over,2.42,275,,0.2667,0.2667,,1,0.3461,0.0794,0.0794,ev,none,projection,closing,1,closing,20260910B2546DE0,2026-10-08T15:34:16.604Z
2026,1,17673,Drake Maye,NE,QB,at SEA,passYds,FanDuel,299.5,over,255.56,400,,0.2000,0.2000,,1,0.2793,0.0793,0.0793,ev,none,projection,closing,1,closing,20260910B2546DE0,2026-10-08T15:34:16.604Z
2026,1,11861,Mack Hollins,NE,WR,at SEA,recYds,FanDuel,29.5,over,16.53,550,,0.1538,0.1538,,1,0.2332,0.0793,0.0793,ev,none,projection,closing,1,closing,20260910B2546DE0,2026-10-08T15:34:16.604Z
2026,1,17673,Drake Maye,NE,QB,at SEA,passYds,Hard Rock,239.5,over,255.56,110,-155,0.4762,0.4393,0.0840,0,0.5555,0.0793,0.1162,ev,multiplicative,projection,closing,1,closing,20260910B2546DE0,2026-10-08T15:34:16.604Z
2026,1,13432,A.J. Brown,NE,WR,at SEA,recYds,Hard Rock,61.5,over,79.78,-160,-105,0.6154,0.5458,0.1276,0,0.6946,0.0793,0.1489,ev,multiplicative,projection,closing,1,closing,20260910B2546DE0,2026-10-08T15:34:16.604Z
2026,1,15834,Brock Purdy,SF,QB,at LAR,passYds,Hard Rock,144.5,under,246.99,900,-4000,0.1000,0.0930,0.0756,0,0.1793,0.0793,0.0863,ev,multiplicative,projection,closing,1,closing,20260911F39A2BD0,2026-10-08T15:34:16.604Z
2026,1,17690,Blake Corum,LAR,RB,vs SF,rushYds,Caesars,38.5,over,49.02,-127,-105,0.5595,0.5221,0.0717,0,0.6386,0.0792,0.1166,ev,multiplicative,projection,closing,1,closing,20260911F39A2BD0,2026-10-08T15:34:16.604Z
2026,1,12490,Sam Darnold,SEA,QB,vs NE,passYds,Hard Rock,119.5,under,243.94,2000,-10000,0.0476,0.0459,0.0377,0,0.1268,0.0792,0.0809,ev,multiplicative,projection,closing,1,closing,20260910B2546DE0,2026-10-08T15:34:16.604Z
2026,1,15834,Brock Purdy,SF,QB,at LAR,passYds,Hard Rock,175.5,under,246.99,450,-900,0.1818,0.1681,0.0818,0,0.2609,0.0791,0.0929,ev,multiplicative,projection,closing,1,closing,20260911F39A2BD0,2026-10-08T15:34:16.604Z
2026,1,11892,George Kittle,SF,TE,at LAR,receptions,Hard Rock,4.5,over,3.77,220,,0.3125,0.3125,,1,0.3916,0.0791,0.0791,ev,none,projection,closing,1,closing,20260911F39A2BD0,2026-10-08T15:34:16.604Z
2026,1,16654,Jaxon Smith-Njigba,SEA,WR,vs NE,recYds,DraftKings,80.5,over,94.17,-115,-115,0.5349,0.5000,0.0698,0,0.6139,0.0790,0.1139,ev,multiplicative,projection,closing,1,closing,20260910B2546DE0,2026-10-08T15:34:16.604Z
2026,1,16027,Romeo Doubs,NE,WR,at SEA,receptions,FanDuel,4.5,over,3.72,220,,0.3125,0.3125,,1,0.3915,0.0790,0.0790,ev,none,projection,closing,1,closing,20260910B2546DE0,2026-10-08T15:34:16.604Z
2026,1,13432,A.J. Brown,NE,WR,at SEA,recYds,Hard Rock,71.5,over,79.78,-105,-160,0.5122,0.4542,0.1276,0,0.5912,0.0790,0.1369,ev,multiplicative,projection,closing,1,closing,20260910B2546DE0,2026-10-08T15:34:16.604Z
2026,1,18540,Elijah Arroyo,SEA,TE,vs NE,recYds,Hard Rock,22.5,over,17.59,300,-475,0.2500,0.2323,0.0761,0,0.3290,0.0790,0.0967,ev,multiplicative,projection,closing,1,closing,20260910B2546DE0,2026-10-08T15:34:16.604Z
2026,1,10735,Hunter Henry,NE,TE,at SEA,recYds,Hard Rock,15.5,over,39.85,-600,275,0.8571,0.7627,0.1238,0,0.9362,0.0790,0.1735,ev,multiplicative,projection,closing,1,closing,20260910B2546DE0,2026-10-08T15:34:16.604Z
2026,1,16560,Rashid Shaheed,SEA,WR,vs NE,recYds,Hard Rock,26.5,over,41.94,-160,115,0.6154,0.5695,0.0805,0,0.6944,0.0790,0.1248,ev,multiplicative,projection,closing,1,closing,20260910B2546DE0,2026-10-08T15:34:16.604Z
2026,1,13429,Deebo Samuel Sr.,SF,WR,at LAR,recYds,Hard Rock,49.5,over,42.96,275,-425,0.2667,0.2478,0.0762,0,0.3457,0.0790,0.0979,ev,multiplicative,projection,closing,1,closing,20260911F39A2BD0,2026-10-08T15:34:16.604Z
2026,1,16418,Jake Tonges,SF,TE,at LAR,recYds,Hard Rock,11.5,under,8.35,-120,-110,0.5455,0.5101,0.0693,0,0.6244,0.0790,0.1143,ev,multiplicative,projection,closing,1,closing,20260911F39A2BD0,2026-10-08T15:34:16.604Z
2026,1,17690,Blake Corum,LAR,RB,vs SF,rushYds,theScore,74.5,over,49.02,400,,0.2000,0.2000,,1,0.2790,0.0790,0.0790,ev,none,projection,closing,1,closing,20260911F39A2BD0,2026-10-08T15:34:16.604Z
2026,1,16790,Puka Nacua,LAR,WR,vs SF,receptions,FanDuel,12.5,over,7.58,1200,,0.0769,0.0769,,1,0.1558,0.0789,0.0789,ev,none,projection,closing,1,closing,20260911F39A2BD0,2026-10-08T15:34:16.604Z
2026,1,17690,Blake Corum,LAR,RB,vs SF,rushYds,BetRivers,49.5,over,49.02,140,,0.4167,0.4167,,1,0.4956,0.0789,0.0789,ev,none,projection,closing,1,closing,20260911F39A2BD0,2026-10-08T15:34:16.604Z
2026,1,17690,Blake Corum,LAR,RB,vs SF,rushYds,DraftKings,49.5,over,49.02,140,-112,0.4167,0.4409,-0.0550,0,0.4956,0.0789,0.0547,ev,multiplicative,projection,closing,1,closing,20260911F39A2BD0,2026-10-08T15:34:16.604Z
2026,1,13432,A.J. Brown,NE,WR,at SEA,recYds,theScore,99.5,over,79.78,400,,0.2000,0.2000,,1,0.2789,0.0789,0.0789,ev,none,projection,closing,1,closing,20260910B2546DE0,2026-10-08T15:34:16.604Z
2026,1,15834,Brock Purdy,SF,QB,at LAR,passYds,Hard Rock,154.5,under,246.99,700,-2000,0.1250,0.1160,0.0774,0,0.2037,0.0787,0.0876,ev,multiplicative,projection,closing,1,closing,20260911F39A2BD0,2026-10-08T15:34:16.604Z
2026,1,17673,Drake Maye,NE,QB,at SEA,passTD,DraftKings,2.5,over,1.66,550,,0.1538,0.1538,,1,0.2323,0.0784,0.0784,ev,none,projection,closing,1,closing,20260910B2546DE0,2026-10-08T15:34:16.604Z
2026,1,17673,Drake Maye,NE,QB,at SEA,passTD,theScore,2.5,over,1.66,550,,0.1538,0.1538,,1,0.2323,0.0784,0.0784,ev,none,projection,closing,1,closing,20260910B2546DE0,2026-10-08T15:34:16.604Z
2026,1,17673,Drake Maye,NE,QB,at SEA,passYds,Hard Rock,285.5,over,255.56,275,-425,0.2667,0.2478,0.0762,0,0.3451,0.0784,0.0973,ev,multiplicative,projection,closing,1,closing,20260910B2546DE0,2026-10-08T15:34:16.604Z
2026,1,17688,Jordan Whittington,LAR,WR,vs SF,receptions,Caesars,0.5,under,0.54,157,-209,0.3891,0.3652,0.0655,0,0.4674,0.0783,0.1022,ev,multiplicative,projection,closing,1,closing,20260911F39A2BD0,2026-10-08T15:34:16.604Z
2026,1,11690,Christian McCaffrey,SF,RB,at LAR,recYds,Hard Rock,34.5,under,33.41,120,-170,0.4545,0.4193,0.0842,0,0.5328,0.0783,0.1136,ev,multiplicative,projection,closing,1,closing,20260911F39A2BD0,2026-10-08T15:34:16.604Z
2026,1,18532,Corey Kiner,NE,RB,at SEA,rushYds,DraftKings,9.5,over,11.74,-105,-116,0.5122,0.4882,0.0492,0,0.5904,0.0782,0.1022,ev,multiplicative,projection,closing,1,closing,20260910B2546DE0,2026-10-08T15:34:16.604Z
2026,1,5971,Matthew Stafford,LAR,QB,vs SF,passYds,Hard Rock,246.5,under,245.83,135,-190,0.4255,0.3938,0.0807,0,0.5038,0.0782,0.1100,ev,multiplicative,projection,closing,1,closing,20260911F39A2BD0,2026-10-08T15:34:16.604Z
2026,1,17673,Drake Maye,NE,QB,at SEA,passYds,Hard Rock,254.5,over,255.56,135,-190,0.4255,0.3938,0.0807,0,0.5037,0.0781,0.1099,ev,multiplicative,projection,closing,1,closing,20260910B2546DE0,2026-10-08T15:34:16.604Z
2026,1,17811,AJ Barner,SEA,TE,vs NE,receptions,Hard Rock,1.5,over,3.77,-600,,0.8571,0.8571,,1,0.9352,0.0781,0.0781,ev,none,projection,closing,1,closing,20260910B2546DE0,2026-10-08T15:34:16.604Z
2026,1,15807,Kyren Williams,LAR,RB,vs SF,rushYds,theScore,79.5,over,66.77,260,,0.2778,0.2778,,1,0.3559,0.0781,0.0781,ev,none,projection,closing,1,closing,20260911F39A2BD0,2026-10-08T15:34:16.604Z
2026,1,11892,George Kittle,SF,TE,at LAR,recYds,BetRivers,19.5,over,40.53,-315,,0.7590,0.7590,,1,0.8370,0.0780,0.0780,ev,none,projection,closing,1,closing,20260911F39A2BD0,2026-10-08T15:34:16.604Z
2026,1,15372,Rhamondre Stevenson,NE,RB,at SEA,rushYds,FanDuel,79.5,over,72.39,225,,0.3077,0.3077,,1,0.3856,0.0779,0.0779,ev,none,projection,closing,1,closing,20260910B2546DE0,2026-10-08T15:34:16.604Z
2026,1,17673,Drake Maye,NE,QB,at SEA,passYds,Hard Rock,307.5,over,255.56,500,-1100,0.1667,0.1538,0.0833,0,0.2446,0.0779,0.0908,ev,multiplicative,projection,closing,1,closing,20260910B2546DE0,2026-10-08T15:34:16.604Z
2026,1,10735,Hunter Henry,NE,TE,at SEA,recYds,Hard Rock,30.5,over,39.85,-180,105,0.6429,0.5686,0.1307,0,0.7207,0.0779,0.1522,ev,multiplicative,projection,closing,1,closing,20260910B2546DE0,2026-10-08T15:34:16.604Z
2026,1,15372,Rhamondre Stevenson,NE,RB,at SEA,rushYds,theScore,79.5,over,72.39,225,,0.3077,0.3077,,1,0.3856,0.0779,0.0779,ev,none,projection,closing,1,closing,20260910B2546DE0,2026-10-08T15:34:16.604Z
2026,1,12490,Sam Darnold,SEA,QB,vs NE,passYds,Hard Rock,124.5,under,243.94,1600,-7000,0.0588,0.0563,0.0447,0,0.1366,0.0778,0.0803,ev,multiplicative,projection,closing,1,closing,20260910B2546DE0,2026-10-08T15:34:16.604Z
2026,1,17673,Drake Maye,NE,QB,at SEA,passTD,Circa Sports,1.5,over,1.66,140,-160,0.4167,0.4037,0.0321,0,0.4942,0.0776,0.0905,ev,multiplicative,projection,closing,1,closing,20260910B2546DE0,2026-10-08T15:34:16.604Z
2026,1,12490,Sam Darnold,SEA,QB,vs NE,passYds,Hard Rock,130.5,under,243.94,1300,-5000,0.0714,0.0679,0.0518,0,0.1490,0.0776,0.0811,ev,multiplicative,projection,closing,1,closing,20260910B2546DE0,2026-10-08T15:34:16.604Z
2026,1,13429,Deebo Samuel Sr.,SF,WR,at LAR,receptions,Circa Sports,2.5,over,3.36,-120,100,0.5455,0.5217,0.0455,0,0.6231,0.0776,0.1013,ev,multiplicative,projection,closing,1,closing,20260911F39A2BD0,2026-10-08T15:34:16.604Z
2026,1,16654,Jaxon Smith-Njigba,SEA,WR,vs NE,recYds,Caesars,81.5,over,94.17,-112,-118,0.5283,0.4939,0.0696,0,0.6058,0.0775,0.1119,ev,multiplicative,projection,closing,1,closing,20260910B2546DE0,2026-10-08T15:34:16.604Z
2026,1,17673,Drake Maye,NE,QB,at SEA,passYds,Caesars,259.5,over,255.56,149,,0.4016,0.4016,,1,0.4791,0.0775,0.0775,ev,none,projection,closing,1,closing,20260910B2546DE0,2026-10-08T15:34:16.604Z
2026,1,16560,Rashid Shaheed,SEA,WR,vs NE,recYds,DraftKings,39.5,over,41.94,120,,0.4545,0.4545,,1,0.5320,0.0775,0.0775,ev,none,projection,closing,1,closing,20260910B2546DE0,2026-10-08T15:34:16.604Z
2026,1,16751,DeMario Douglas,NE,WR,at SEA,recYds,Hard Rock,35.5,over,29.73,210,-300,0.3226,0.3008,0.0726,0,0.4001,0.0775,0.0994,ev,multiplicative,projection,closing,1,closing,20260910B2546DE0,2026-10-08T15:34:16.604Z
2026,1,16560,Rashid Shaheed,SEA,WR,vs NE,recYds,theScore,39.5,over,41.94,120,,0.4545,0.4545,,1,0.5320,0.0775,0.0775,ev,none,projection,closing,1,closing,20260910B2546DE0,2026-10-08T15:34:16.604Z
2026,1,15372,Rhamondre Stevenson,NE,RB,at SEA,recYds,Caesars,23.5,under,20.57,-112,-118,0.5283,0.4939,0.0696,0,0.6057,0.0774,0.1118,ev,multiplicative,projection,closing,1,closing,20260910B2546DE0,2026-10-08T15:34:16.604Z
2026,1,18540,Elijah Arroyo,SEA,TE,vs NE,receptions,Hard Rock,2.5,over,1.43,525,,0.1600,0.1600,,1,0.2374,0.0774,0.0774,ev,none,projection,closing,1,closing,20260910B2546DE0,2026-10-08T15:34:16.604Z
2026,1,16560,Rashid Shaheed,SEA,WR,vs NE,recYds,Caesars,29.5,over,41.94,-139,,0.5816,0.5816,,1,0.6589,0.0773,0.0773,ev,none,projection,closing,1,closing,20260910B2546DE0,2026-10-08T15:34:16.604Z
2026,1,15834,Brock Purdy,SF,QB,at LAR,passTD,DraftKings,2.5,over,1.86,380,,0.2083,0.2083,,1,0.2855,0.0772,0.0772,ev,none,projection,closing,1,closing,20260911F39A2BD0,2026-10-08T15:34:16.604Z
2026,1,17673,Drake Maye,NE,QB,at SEA,passYds,Hard Rock,283.5,over,255.56,260,-425,0.2778,0.2555,0.0873,0,0.3549,0.0772,0.0995,ev,multiplicative,projection,closing,1,closing,20260910B2546DE0,2026-10-08T15:34:16.604Z
2026,1,15807,Kyren Williams,LAR,RB,vs SF,rushYds,Hard Rock,46.5,over,66.77,-195,140,0.6610,0.6134,0.0777,0,0.7383,0.0772,0.1249,ev,multiplicative,projection,closing,1,closing,20260911F39A2BD0,2026-10-08T15:34:16.604Z
2026,1,10735,Hunter Henry,NE,TE,at SEA,recYds,Hard Rock,14.5,over,39.85,-650,275,0.8667,0.7647,0.1333,0,0.9436,0.0770,0.1789,ev,multiplicative,projection,closing,1,closing,20260910B2546DE0,2026-10-08T15:34:16.604Z
2026,1,17673,Drake Maye,NE,QB,at SEA,passYds,DraftKings,225.5,over,255.56,-111,-112,0.5261,0.4989,0.0544,0,0.6030,0.0769,0.1041,ev,multiplicative,projection,closing,1,closing,20260910B2546DE0,2026-10-08T15:34:16.604Z
2026,1,9455,Davante Adams,LAR,WR,vs SF,receptions,BetRivers,6.5,over,4.07,350,,0.2222,0.2222,,1,0.2991,0.0769,0.0769,ev,none,projection,closing,1,closing,20260911F39A2BD0,2026-10-08T15:34:16.604Z
2026,1,17688,Jordan Whittington,LAR,WR,vs SF,recYds,Hard Rock,26.5,under,4.95,-1200,525,0.9231,0.8523,0.0831,0,1.0000,0.0769,0.1477,ev,multiplicative,projection,closing,1,closing,20260911F39A2BD0,2026-10-08T15:34:16.604Z
2026,1,17690,Blake Corum,LAR,RB,vs SF,recYds,Hard Rock,24.5,under,3.98,-1200,525,0.9231,0.8523,0.0831,0,1.0000,0.0769,0.1477,ev,multiplicative,projection,closing,1,closing,20260911F39A2BD0,2026-10-08T15:34:16.604Z
2026,1,15807,Kyren Williams,LAR,RB,vs SF,recYds,Hard Rock,39.5,under,12.2,-1200,550,0.9231,0.8571,0.0769,0,1.0000,0.0769,0.1429,ev,multiplicative,projection,closing,1,closing,20260911F39A2BD0,2026-10-08T15:34:16.604Z
2026,1,9455,Davante Adams,LAR,WR,vs SF,receptions,Hard Rock,9.5,over,4.07,2250,,0.0426,0.0426,,1,0.1195,0.0769,0.0769,ev,none,projection,closing,1,closing,20260911F39A2BD0,2026-10-08T15:34:16.604Z
2026,1,15834,Brock Purdy,SF,QB,at LAR,rushYds,Hard Rock,46.5,under,12.65,-1200,525,0.9231,0.8523,0.0831,0,1.0000,0.0769,0.1477,ev,multiplicative,projection,closing,1,closing,20260911F39A2BD0,2026-10-08T15:34:16.604Z
2026,1,13429,Deebo Samuel Sr.,SF,WR,at LAR,rushYds,Hard Rock,29.5,under,4.1,-1200,525,0.9231,0.8523,0.0831,0,1.0000,0.0769,0.1477,ev,multiplicative,projection,closing,1,closing,20260911F39A2BD0,2026-10-08T15:34:16.604Z
2026,1,9253,Mike Evans,SF,WR,at LAR,receptions,FanDuel,8.5,over,3.97,1700,,0.0556,0.0556,,1,0.1324,0.0768,0.0768,ev,none,projection,closing,1,closing,20260911F39A2BD0,2026-10-08T15:34:16.604Z
2026,1,11690,Christian McCaffrey,SF,RB,at LAR,rushYds,Hard Rock,104.5,under,69.32,-1100,500,0.9167,0.8462,0.0833,0,0.9935,0.0768,0.1474,ev,multiplicative,projection,closing,1,closing,20260911F39A2BD0,2026-10-08T15:34:16.604Z
2026,1,17673,Drake Maye,NE,QB,at SEA,passYds,Caesars,269.5,over,255.56,186,,0.3497,0.3497,,1,0.4264,0.0767,0.0767,ev,none,projection,closing,1,closing,20260910B2546DE0,2026-10-08T15:34:16.604Z
2026,1,11892,George Kittle,SF,TE,at LAR,recYds,FanDuel,39.5,over,40.53,126,-114,0.4425,0.4537,-0.0248,0,0.5192,0.0767,0.0655,ev,multiplicative,projection,closing,1,closing,20260911F39A2BD0,2026-10-08T15:34:16.604Z
2026,1,15372,Rhamondre Stevenson,NE,RB,at SEA,recYds,Hard Rock,59.5,under,20.57,-1200,550,0.9231,0.8571,0.0769,0,0.9998,0.0767,0.1427,ev,multiplicative,projection,closing,1,closing,20260910B2546DE0,2026-10-08T15:34:16.604Z
2026,1,16027,Romeo Doubs,NE,WR,at SEA,receptions,FanDuel,3.5,over,3.72,106,-140,0.4854,0.4542,0.0688,0,0.5621,0.0766,0.1079,ev,multiplicative,projection,closing,1,closing,20260910B2546DE0,2026-10-08T15:34:16.604Z
2026,1,16751,DeMario Douglas,NE,WR,at SEA,recYds,DraftKings,24.5,over,29.73,100,,0.5000,0.5000,,1,0.5766,0.0766,0.0766,ev,none,projection,closing,1,closing,20260910B2546DE0,2026-10-08T15:34:16.604Z
2026,1,16654,Jaxon Smith-Njigba,SEA,WR,vs NE,recYds,theScore,79.5,over,94.17,-120,-110,0.5455,0.5101,0.0693,0,0.6220,0.0766,0.1119,ev,multiplicative,projection,closing,1,closing,20260910B2546DE0,2026-10-08T15:34:16.604Z
2026,1,12490,Sam Darnold,SEA,QB,vs NE,passYds,Hard Rock,121.5,under,243.94,1750,-9000,0.0541,0.0518,0.0431,0,0.1307,0.0766,0.0789,ev,multiplicative,projection,closing,1,closing,20260910B2546DE0,2026-10-08T15:34:16.604Z
2026,1,15372,Rhamondre Stevenson,NE,RB,at SEA,recYds,Hard Rock,57.5,under,20.57,-1200,525,0.9231,0.8523,0.0831,0,0.9996,0.0766,0.1474,ev,multiplicative,projection,closing,1,closing,20260910B2546DE0,2026-10-08T15:34:16.604Z
2026,1,16560,Rashid Shaheed,SEA,WR,vs NE,recYds,Hard Rock,32.5,over,41.94,-120,-110,0.5455,0.5101,0.0693,0,0.6220,0.0765,0.1119,ev,multiplicative,projection,closing,1,closing,20260910B2546DE0,2026-10-08T15:34:16.604Z
2026,1,11892,George Kittle,SF,TE,at LAR,receptions,FanDuel,3.5,over,3.77,106,-140,0.4854,0.4542,0.0688,0,0.5618,0.0764,0.1076,ev,multiplicative,projection,closing,1,closing,20260911F39A2BD0,2026-10-08T15:34:16.604Z
2026,1,5971,Matthew Stafford,LAR,QB,vs SF,passYds,FanDuel,265.5,under,245.83,-114,-114,0.5327,0.5000,0.0654,0,0.6091,0.0764,0.1091,ev,multiplicative,projection,closing,1,closing,20260911F39A2BD0,2026-10-08T15:34:16.604Z
2026,1,5971,Matthew Stafford,LAR,QB,vs SF,passYds,Caesars,265.5,under,245.83,-114,-114,0.5327,0.5000,0.0654,0,0.6091,0.0764,0.1091,ev,multiplicative,projection,closing,1,closing,20260911F39A2BD0,2026-10-08T15:34:16.604Z
2026,1,19348,Eli Raridon,NE,TE,at SEA,recYds,DraftKings,24.5,over,18.66,320,,0.2381,0.2381,,1,0.3144,0.0763,0.0763,ev,none,projection,closing,1,closing,20260910B2546DE0,2026-10-08T15:34:16.604Z
2026,1,17673,Drake Maye,NE,QB,at SEA,passYds,Hard Rock,309.5,over,255.56,525,-1100,0.1600,0.1486,0.0767,0,0.2363,0.0763,0.0877,ev,multiplicative,projection,closing,1,closing,20260910B2546DE0,2026-10-08T15:34:16.604Z
2026,1,17690,Blake Corum,LAR,RB,vs SF,rushYds,Circa Sports,41.5,over,49.02,-110,-110,0.5238,0.5000,0.0476,0,0.6001,0.0763,0.1001,ev,multiplicative,projection,closing,1,closing,20260911F39A2BD0,2026-10-08T15:34:16.604Z
2026,1,14463,Colby Parkinson,LAR,TE,vs SF,recYds,Hard Rock,50.5,under,20.11,-1200,550,0.9231,0.8571,0.0769,0,0.9994,0.0763,0.1422,ev,multiplicative,projection,closing,1,closing,20260911F39A2BD0,2026-10-08T15:34:16.604Z
2026,1,15807,Kyren Williams,LAR,RB,vs SF,rushYds,Hard Rock,76.5,over,66.77,220,-325,0.3125,0.2901,0.0772,0,0.3888,0.0763,0.0987,ev,multiplicative,projection,closing,1,closing,20260911F39A2BD0,2026-10-08T15:34:16.604Z
2026,1,16027,Romeo Doubs,NE,WR,at SEA,receptions,FanDuel,5.5,over,3.72,430,,0.1887,0.1887,,1,0.2648,0.0761,0.0761,ev,none,projection,closing,1,closing,20260910B2546DE0,2026-10-08T15:34:16.604Z
2026,1,17673,Drake Maye,NE,QB,at SEA,passYds,Hard Rock,292.5,over,255.56,325,-575,0.2353,0.2164,0.0871,0,0.3114,0.0761,0.0950,ev,multiplicative,projection,closing,1,closing,20260910B2546DE0,2026-10-08T15:34:16.604Z
2026,1,15372,Rhamondre Stevenson,NE,RB,at SEA,rushYds,Hard Rock,64.5,over,72.39,-125,-135,0.5556,0.4916,0.1300,0,0.6316,0.0761,0.1400,ev,multiplicative,projection,closing,1,closing,20260910B2546DE0,2026-10-08T15:34:16.604Z
2026,1,15834,Brock Purdy,SF,QB,at LAR,passYds,Hard Rock,164.5,under,246.99,550,-1300,0.1538,0.1421,0.0824,0,0.2300,0.0761,0.0878,ev,multiplicative,projection,closing,1,closing,20260911F39A2BD0,2026-10-08T15:34:16.604Z
2026,1,11892,George Kittle,SF,TE,at LAR,recYds,DraftKings,34.5,over,40.53,-115,-120,0.5349,0.4951,0.0803,0,0.6109,0.0760,0.1158,ev,multiplicative,projection,closing,1,closing,20260911F39A2BD0,2026-10-08T15:34:16.604Z
2026,1,11892,George Kittle,SF,TE,at LAR,recYds,Caesars,34.5,over,40.53,-115,-113,0.5349,0.5020,0.0654,0,0.6109,0.0760,0.1088,ev,multiplicative,projection,closing,1,closing,20260911F39A2BD0,2026-10-08T15:34:16.604Z
2026,1,17690,Blake Corum,LAR,RB,vs SF,rushYds,DraftKings,89.5,over,49.02,900,,0.1000,0.1000,,1,0.1760,0.0760,0.0760,ev,none,projection,closing,1,closing,20260911F39A2BD0,2026-10-08T15:34:16.604Z
2026,1,11892,George Kittle,SF,TE,at LAR,recYds,Hard Rock,34.5,over,40.53,-115,-115,0.5349,0.5000,0.0698,0,0.6109,0.0760,0.1109,ev,multiplicative,projection,closing,1,closing,20260911F39A2BD0,2026-10-08T15:34:16.604Z
2026,1,11690,Christian McCaffrey,SF,RB,at LAR,recYds,Hard Rock,74.5,under,33.41,-1200,525,0.9231,0.8523,0.0831,0,0.9991,0.0760,0.1468,ev,multiplicative,projection,closing,1,closing,20260911F39A2BD0,2026-10-08T15:34:16.604Z
2026,1,10735,Hunter Henry,NE,TE,at SEA,receptions,BetRivers,1.5,over,3.59,-770,,0.8851,0.8851,,1,0.9610,0.0759,0.0759,ev,none,projection,closing,1,closing,20260910B2546DE0,2026-10-08T15:34:16.604Z
2026,1,17673,Drake Maye,NE,QB,at SEA,passYds,Hard Rock,240.5,over,255.56,110,-145,0.4762,0.4459,0.0680,0,0.5520,0.0759,0.1062,ev,multiplicative,projection,closing,1,closing,20260910B2546DE0,2026-10-08T15:34:16.604Z
2026,1,16560,Rashid Shaheed,SEA,WR,vs NE,receptions,Hard Rock,6.5,over,2.87,2250,,0.0426,0.0426,,1,0.1184,0.0759,0.0759,ev,none,projection,closing,1,closing,20260910B2546DE0,2026-10-08T15:34:16.604Z
2026,1,16751,DeMario Douglas,NE,WR,at SEA,receptions,FanDuel,4.5,over,2.42,580,,0.1471,0.1471,,1,0.2229,0.0758,0.0758,ev,none,projection,closing,1,closing,20260910B2546DE0,2026-10-08T15:34:16.604Z
2026,1,12490,Sam Darnold,SEA,QB,vs NE,passYds,Hard Rock,138.5,under,243.94,1000,-4000,0.0909,0.0852,0.0665,0,0.1667,0.0758,0.0815,ev,multiplicative,projection,closing,1,closing,20260910B2546DE0,2026-10-08T15:34:16.604Z
2026,1,10735,Hunter Henry,NE,TE,at SEA,receptions,DraftKings,5.5,over,3.59,550,,0.1538,0.1538,,1,0.2295,0.0757,0.0757,ev,none,projection,closing,1,closing,20260910B2546DE0,2026-10-08T15:34:16.604Z
2026,1,11892,George Kittle,SF,TE,at LAR,receptions,FanDuel,2.5,over,3.77,-225,,0.6923,0.6923,,1,0.7680,0.0757,0.0757,ev,none,projection,closing,1,closing,20260911F39A2BD0,2026-10-08T15:34:16.604Z
2026,1,10735,Hunter Henry,NE,TE,at SEA,receptions,theScore,3.5,over,3.59,120,-155,0.4545,0.4279,0.0624,0,0.5302,0.0757,0.1024,ev,multiplicative,projection,closing,1,closing,20260910B2546DE0,2026-10-08T15:34:16.604Z
2026,1,11690,Christian McCaffrey,SF,RB,at LAR,recYds,Hard Rock,73.5,under,33.41,-1200,550,0.9231,0.8571,0.0769,0,0.9988,0.0757,0.1416,ev,multiplicative,projection,closing,1,closing,20260911F39A2BD0,2026-10-08T15:34:16.604Z
2026,1,18497,Terrance Ferguson,LAR,TE,vs SF,recYds,Hard Rock,36.5,under,16.97,-300,210,0.7500,0.6992,0.0726,0,0.8256,0.0756,0.1263,ev,multiplicative,projection,closing,1,closing,20260911F39A2BD0,2026-10-08T15:34:16.604Z
2026,1,17673,Drake Maye,NE,QB,at SEA,passYds,Hard Rock,302.5,over,255.56,425,-750,0.1905,0.1775,0.0728,0,0.2660,0.0755,0.0885,ev,multiplicative,projection,closing,1,closing,20260910B2546DE0,2026-10-08T15:34:16.604Z
2026,1,12490,Sam Darnold,SEA,QB,vs NE,passYds,Hard Rock,129.5,under,243.94,1300,-6000,0.0714,0.0677,0.0550,0,0.1469,0.0755,0.0792,ev,multiplicative,projection,closing,1,closing,20260910B2546DE0,2026-10-08T15:34:16.604Z
2026,1,17968,George Holani,SEA,RB,vs NE,rushYds,Hard Rock,4.5,under,18.96,525,-1800,0.1600,0.1445,0.1074,0,0.2355,0.0755,0.0910,ev,multiplicative,projection,closing,1,closing,20260910B2546DE0,2026-10-08T15:34:16.604Z
2026,1,15834,Brock Purdy,SF,QB,at LAR,passYds,Hard Rock,171.5,under,246.99,475,-1000,0.1739,0.1606,0.0830,0,0.2494,0.0755,0.0888,ev,multiplicative,projection,closing,1,closing,20260911F39A2BD0,2026-10-08T15:34:16.604Z
2026,1,11892,George Kittle,SF,TE,at LAR,receptions,DraftKings,5.5,over,3.77,450,,0.1818,0.1818,,1,0.2572,0.0754,0.0754,ev,none,projection,closing,1,closing,20260911F39A2BD0,2026-10-08T15:34:16.604Z
2026,1,16751,DeMario Douglas,NE,WR,at SEA,receptions,Hard Rock,5.5,over,2.42,1750,,0.0541,0.0541,,1,0.1294,0.0754,0.0754,ev,none,projection,closing,1,closing,20260910B2546DE0,2026-10-08T15:34:16.604Z
2026,1,11892,George Kittle,SF,TE,at LAR,receptions,Hard Rock,5.5,over,3.77,450,,0.1818,0.1818,,1,0.2572,0.0754,0.0754,ev,none,projection,closing,1,closing,20260911F39A2BD0,2026-10-08T15:34:16.604Z
2026,1,16654,Jaxon Smith-Njigba,SEA,WR,vs NE,recYds,FanDuel,81.5,over,94.17,-113,-113,0.5305,0.5000,0.0610,0,0.6058,0.0753,0.1058,ev,multiplicative,projection,closing,1,closing,20260910B2546DE0,2026-10-08T15:34:16.604Z
2026,1,17688,Jordan Whittington,LAR,WR,vs SF,receptions,DraftKings,0.5,under,0.54,155,-215,0.3922,0.3649,0.0747,0,0.4674,0.0753,0.1025,ev,multiplicative,projection,closing,1,closing,20260911F39A2BD0,2026-10-08T15:34:16.604Z
2026,1,15372,Rhamondre Stevenson,NE,RB,at SEA,rushYds,Hard Rock,35.5,over,72.39,-650,275,0.8667,0.7647,0.1333,0,0.9420,0.0753,0.1773,ev,multiplicative,projection,closing,1,closing,20260910B2546DE0,2026-10-08T15:34:16.604Z
2026,1,17688,Jordan Whittington,LAR,WR,vs SF,receptions,Hard Rock,0.5,under,0.54,155,-220,0.3922,0.3632,0.0797,0,0.4674,0.0753,0.1042,ev,multiplicative,projection,closing,1,closing,20260911F39A2BD0,2026-10-08T15:34:16.604Z
2026,1,11892,George Kittle,SF,TE,at LAR,recYds,Hard Rock,20.5,over,40.53,-300,210,0.7500,0.6992,0.0726,0,0.8253,0.0753,0.1260,ev,multiplicative,projection,closing,1,closing,20260911F39A2BD0,2026-10-08T15:34:16.604Z
2026,1,17690,Blake Corum,LAR,RB,vs SF,rushYds,Hard Rock,64.5,over,49.02,250,-375,0.2857,0.2657,0.0752,0,0.3610,0.0753,0.0952,ev,multiplicative,projection,closing,1,closing,20260911F39A2BD0,2026-10-08T15:34:16.604Z
2026,1,15372,Rhamondre Stevenson,NE,RB,at SEA,recYds,FanDuel,23.5,under,20.57,-113,-113,0.5305,0.5000,0.0610,0,0.6057,0.0752,0.1057,ev,multiplicative,projection,closing,1,closing,20260910B2546DE0,2026-10-08T15:34:16.604Z
2026,1,15372,Rhamondre Stevenson,NE,RB,at SEA,recYds,BetRivers,23.5,under,20.57,-113,-118,0.5305,0.4950,0.0718,0,0.6057,0.0752,0.1107,ev,multiplicative,projection,closing,1,closing,20260910B2546DE0,2026-10-08T15:34:16.604Z
2026,1,15807,Kyren Williams,LAR,RB,vs SF,receptions,DraftKings,1.5,over,2.1,-155,115,0.6078,0.5665,0.0730,0,0.6830,0.0752,0.1165,ev,multiplicative,projection,closing,1,closing,20260911F39A2BD0,2026-10-08T15:34:16.604Z
2026,1,15372,Rhamondre Stevenson,NE,RB,at SEA,recYds,theScore,24.5,under,20.57,-130,100,0.5652,0.5306,0.0652,0,0.6405,0.0752,0.1098,ev,multiplicative,projection,closing,1,closing,20260910B2546DE0,2026-10-08T15:34:16.604Z
2026,1,17673,Drake Maye,NE,QB,at SEA,passYds,Hard Rock,295.5,over,255.56,350,-575,0.2222,0.2069,0.0741,0,0.2974,0.0752,0.0905,ev,multiplicative,projection,closing,1,closing,20260910B2546DE0,2026-10-08T15:34:16.604Z
2026,1,15807,Kyren Williams,LAR,RB,vs SF,receptions,Hard Rock,1.5,over,2.1,-155,120,0.6078,0.5721,0.0624,0,0.6830,0.0752,0.1109,ev,multiplicative,projection,closing,1,closing,20260911F39A2BD0,2026-10-08T15:34:16.604Z
2026,1,15807,Kyren Williams,LAR,RB,vs SF,receptions,theScore,1.5,over,2.1,-155,120,0.6078,0.5721,0.0624,0,0.6830,0.0752,0.1109,ev,multiplicative,projection,closing,1,closing,20260911F39A2BD0,2026-10-08T15:34:16.604Z
2026,1,16751,DeMario Douglas,NE,WR,at SEA,receptions,FanDuel,2.5,over,2.42,142,,0.4132,0.4132,,1,0.4883,0.0751,0.0751,ev,none,projection,closing,1,closing,20260910B2546DE0,2026-10-08T15:34:16.604Z
2026,1,17690,Blake Corum,LAR,RB,vs SF,rushYds,theScore,79.5,over,49.02,500,,0.1667,0.1667,,1,0.2417,0.0751,0.0751,ev,none,projection,closing,1,closing,20260911F39A2BD0,2026-10-08T15:34:16.604Z
2026,1,11163,Demarcus Robinson,SF,WR,at LAR,recYds,FanDuel,14.5,under,12.4,-113,-102,0.5305,0.5123,0.0355,0,0.6056,0.0750,0.0932,ev,multiplicative,projection,closing,1,closing,20260911F39A2BD0,2026-10-08T15:34:16.604Z
2026,1,19299,Jadarian Price,SEA,RB,vs NE,rushYds,theScore,74.5,over,54.93,275,,0.2667,0.2667,,1,0.3417,0.0750,0.0750,ev,none,projection,closing,1,closing,20260910B2546DE0,2026-10-08T15:34:16.604Z
2026,1,15834,Brock Purdy,SF,QB,at LAR,passTD,Hard Rock,2.5,over,1.86,375,,0.2105,0.2105,,1,0.2855,0.0750,0.0750,ev,none,projection,closing,1,closing,20260911F39A2BD0,2026-10-08T15:34:16.604Z
2026,1,16560,Rashid Shaheed,SEA,WR,vs NE,recYds,Hard Rock,27.5,over,41.94,-155,115,0.6078,0.5665,0.0730,0,0.6827,0.0749,0.1162,ev,multiplicative,projection,closing,1,closing,20260910B2546DE0,2026-10-08T15:34:16.604Z
2026,1,12490,Sam Darnold,SEA,QB,vs NE,passYds,Hard Rock,108.5,under,243.94,3000,-9000,0.0323,0.0316,0.0213,0,0.1070,0.0748,0.0755,ev,multiplicative,projection,closing,1,closing,20260910B2546DE0,2026-10-08T15:34:16.604Z
2026,1,17673,Drake Maye,NE,QB,at SEA,passYds,DraftKings,239.5,over,255.56,108,,0.4808,0.4808,,1,0.5555,0.0747,0.0747,ev,none,projection,closing,1,closing,20260910B2546DE0,2026-10-08T15:34:16.604Z
2026,1,18497,Terrance Ferguson,LAR,TE,vs SF,recYds,Hard Rock,18.5,under,16.97,120,-170,0.4545,0.4193,0.0842,0,0.5293,0.0747,0.1100,ev,multiplicative,projection,closing,1,closing,20260911F39A2BD0,2026-10-08T15:34:16.604Z
2026,1,16751,DeMario Douglas,NE,WR,at SEA,recYds,BetRivers,19.5,over,29.73,-134,-112,0.5726,0.5201,0.1010,0,0.6472,0.0746,0.1271,ev,multiplicative,projection,closing,1,closing,20260910B2546DE0,2026-10-08T15:34:16.604Z
2026,1,17968,George Holani,SEA,RB,vs NE,recYds,Caesars,11.5,under,8.3,-117,-112,0.5392,0.5051,0.0675,0,0.6137,0.0745,0.1086,ev,multiplicative,projection,closing,1,closing,20260910B2546DE0,2026-10-08T15:34:16.604Z
2026,1,16560,Rashid Shaheed,SEA,WR,vs NE,recYds,Caesars,33.5,over,41.94,-115,-113,0.5349,0.5020,0.0654,0,0.6094,0.0745,0.1074,ev,multiplicative,projection,closing,1,closing,20260910B2546DE0,2026-10-08T15:34:16.604Z
2026,1,16654,Jaxon Smith-Njigba,SEA,WR,vs NE,receptions,FanDuel,7.5,over,6.83,164,,0.3788,0.3788,,1,0.4533,0.0745,0.0745,ev,none,projection,closing,1,closing,20260910B2546DE0,2026-10-08T15:34:16.604Z
2026,1,16654,Jaxon Smith-Njigba,SEA,WR,vs NE,receptions,Caesars,7.5,over,6.83,164,,0.3788,0.3788,,1,0.4533,0.0745,0.0745,ev,none,projection,closing,1,closing,20260910B2546DE0,2026-10-08T15:34:16.604Z
2026,1,16560,Rashid Shaheed,SEA,WR,vs NE,recYds,Hard Rock,33.5,over,41.94,-115,-115,0.5349,0.5000,0.0698,0,0.6094,0.0745,0.1094,ev,multiplicative,projection,closing,1,closing,20260910B2546DE0,2026-10-08T15:34:16.604Z
2026,1,15807,Kyren Williams,LAR,RB,vs SF,recYds,Hard Rock,6.5,over,12.2,-180,135,0.6429,0.6017,0.0684,0,0.7172,0.0744,0.1155,ev,multiplicative,projection,closing,1,closing,20260911F39A2BD0,2026-10-08T15:34:16.604Z
2026,1,16654,Jaxon Smith-Njigba,SEA,WR,vs NE,recYds,BetRivers,89.5,over,94.17,115,,0.4651,0.4651,,1,0.5394,0.0743,0.0743,ev,none,projection,closing,1,closing,20260910B2546DE0,2026-10-08T15:34:16.604Z
2026,1,19299,Jadarian Price,SEA,RB,vs NE,rushYds,FanDuel,89.5,over,54.93,520,,0.1613,0.1613,,1,0.2356,0.0743,0.0743,ev,none,projection,closing,1,closing,20260910B2546DE0,2026-10-08T15:34:16.604Z
2026,1,16027,Romeo Doubs,NE,WR,at SEA,receptions,Hard Rock,3.5,over,3.72,105,-135,0.4878,0.4592,0.0623,0,0.5621,0.0743,0.1029,ev,multiplicative,projection,closing,1,closing,20260910B2546DE0,2026-10-08T15:34:16.604Z
2026,1,12490,Sam Darnold,SEA,QB,vs NE,passYds,Hard Rock,131.5,under,243.94,1200,-5000,0.0769,0.0728,0.0573,0,0.1512,0.0743,0.0784,ev,multiplicative,projection,closing,1,closing,20260910B2546DE0,2026-10-08T15:34:16.604Z
2026,1,5971,Matthew Stafford,LAR,QB,vs SF,passYds,BetRivers,265.5,under,245.83,-115,-115,0.5349,0.5000,0.0698,0,0.6091,0.0742,0.1091,ev,multiplicative,projection,closing,1,closing,20260911F39A2BD0,2026-10-08T15:34:16.604Z
2026,1,5971,Matthew Stafford,LAR,QB,vs SF,passYds,DraftKings,265.5,under,245.83,-115,-115,0.5349,0.5000,0.0698,0,0.6091,0.0742,0.1091,ev,multiplicative,projection,closing,1,closing,20260911F39A2BD0,2026-10-08T15:34:16.604Z
2026,1,15834,Brock Purdy,SF,QB,at LAR,passYds,Hard Rock,183.5,under,246.99,375,-600,0.2105,0.1972,0.0677,0,0.2848,0.0742,0.0876,ev,multiplicative,projection,closing,1,closing,20260911F39A2BD0,2026-10-08T15:34:16.604Z
2026,1,18497,Terrance Ferguson,LAR,TE,vs SF,recYds,FanDuel,22.5,under,16.97,-113,-113,0.5305,0.5000,0.0610,0,0.6046,0.0741,0.1046,ev,multiplicative,projection,closing,1,closing,20260911F39A2BD0,2026-10-08T15:34:16.604Z
2026,1,18532,Corey Kiner,NE,RB,at SEA,rushYds,Hard Rock,8.5,over,11.74,-125,-105,0.5556,0.5203,0.0678,0,0.6295,0.0740,0.1092,ev,multiplicative,projection,closing,1,closing,20260910B2546DE0,2026-10-08T15:34:16.604Z
2026,1,11892,George Kittle,SF,TE,at LAR,receptions,Hard Rock,3.5,over,3.77,105,-140,0.4878,0.4554,0.0711,0,0.5618,0.0740,0.1064,ev,multiplicative,projection,closing,1,closing,20260911F39A2BD0,2026-10-08T15:34:16.604Z
2026,1,11892,George Kittle,SF,TE,at LAR,receptions,theScore,3.5,over,3.77,105,-135,0.4878,0.4592,0.0623,0,0.5618,0.0740,0.1026,ev,multiplicative,projection,closing,1,closing,20260911F39A2BD0,2026-10-08T15:34:16.604Z
2026,1,14463,Colby Parkinson,LAR,TE,vs SF,recYds,Hard Rock,25.5,under,20.11,-180,130,0.6429,0.5965,0.0776,0,0.7168,0.0740,0.1203,ev,multiplicative,projection,closing,1,closing,20260911F39A2BD0,2026-10-08T15:34:16.604Z
2026,1,16654,Jaxon Smith-Njigba,SEA,WR,vs NE,recYds,FanDuel,109.5,over,94.17,235,,0.2985,0.2985,,1,0.3724,0.0739,0.0739,ev,none,projection,closing,1,closing,20260910B2546DE0,2026-10-08T15:34:16.604Z
2026,1,13432,A.J. Brown,NE,WR,at SEA,recYds,Hard Rock,89.5,over,79.78,220,-325,0.3125,0.2901,0.0772,0,0.3863,0.0738,0.0962,ev,multiplicative,projection,closing,1,closing,20260910B2546DE0,2026-10-08T15:34:16.604Z
2026,1,16560,Rashid Shaheed,SEA,WR,vs NE,receptions,Hard Rock,3.5,over,2.87,190,,0.3448,0.3448,,1,0.4187,0.0738,0.0738,ev,none,projection,closing,1,closing,20260910B2546DE0,2026-10-08T15:34:16.604Z
2026,1,17673,Drake Maye,NE,QB,at SEA,passYds,Hard Rock,115.5,under,255.56,2500,-6000,0.0385,0.0376,0.0221,0,0.1118,0.0734,0.0742,ev,multiplicative,projection,closing,1,closing,20260910B2546DE0,2026-10-08T15:34:16.604Z
2026,1,18532,Corey Kiner,NE,RB,at SEA,rushYds,Hard Rock,27.5,under,11.74,-1200,550,0.9231,0.8571,0.0769,0,0.9964,0.0734,0.1393,ev,multiplicative,projection,closing,1,closing,20260910B2546DE0,2026-10-08T15:34:16.604Z
2026,1,18497,Terrance Ferguson,LAR,TE,vs SF,recYds,Hard Rock,65.5,under,16.97,-1100,525,0.9167,0.8514,0.0767,0,0.9900,0.0734,0.1387,ev,multiplicative,projection,closing,1,closing,20260911F39A2BD0,2026-10-08T15:34:16.604Z
2026,1,11863,Cooper Kupp,SEA,WR,vs NE,receptions,DraftKings,5.5,over,2.81,950,,0.0952,0.0952,,1,0.1685,0.0733,0.0733,ev,none,projection,closing,1,closing,20260910B2546DE0,2026-10-08T15:34:16.604Z
2026,1,5971,Matthew Stafford,LAR,QB,vs SF,passYds,Hard Rock,245.5,under,245.83,135,-190,0.4255,0.3938,0.0807,0,0.4988,0.0733,0.1050,ev,multiplicative,projection,closing,1,closing,20260911F39A2BD0,2026-10-08T15:34:16.604Z
2026,1,11863,Cooper Kupp,SEA,WR,vs NE,receptions,BetRivers,4.5,over,2.81,400,,0.2000,0.2000,,1,0.2732,0.0732,0.0732,ev,none,projection,closing,1,closing,20260910B2546DE0,2026-10-08T15:34:16.604Z
2026,1,11863,Cooper Kupp,SEA,WR,vs NE,receptions,FanDuel,4.5,over,2.81,400,,0.2000,0.2000,,1,0.2732,0.0732,0.0732,ev,none,projection,closing,1,closing,20260910B2546DE0,2026-10-08T15:34:16.604Z
2026,1,15807,Kyren Williams,LAR,RB,vs SF,rushYds,Caesars,69.5,over,66.77,153,,0.3953,0.3953,,1,0.4684,0.0732,0.0732,ev,none,projection,closing,1,closing,20260911F39A2BD0,2026-10-08T15:34:16.604Z
2026,1,11863,Cooper Kupp,SEA,WR,vs NE,receptions,theScore,4.5,over,2.81,400,,0.2000,0.2000,,1,0.2732,0.0732,0.0732,ev,none,projection,closing,1,closing,20260910B2546DE0,2026-10-08T15:34:16.604Z
2026,1,16654,Jaxon Smith-Njigba,SEA,WR,vs NE,recYds,theScore,119.5,over,94.17,350,,0.2222,0.2222,,1,0.2954,0.0731,0.0731,ev,none,projection,closing,1,closing,20260910B2546DE0,2026-10-08T15:34:16.604Z
2026,1,19299,Jadarian Price,SEA,RB,vs NE,rushYds,FanDuel,69.5,over,54.93,225,,0.3077,0.3077,,1,0.3807,0.0730,0.0730,ev,none,projection,closing,1,closing,20260910B2546DE0,2026-10-08T15:34:16.604Z
2026,1,19299,Jadarian Price,SEA,RB,vs NE,rushYds,theScore,69.5,over,54.93,225,,0.3077,0.3077,,1,0.3807,0.0730,0.0730,ev,none,projection,closing,1,closing,20260910B2546DE0,2026-10-08T15:34:16.604Z
2026,1,15807,Kyren Williams,LAR,RB,vs SF,recYds,Hard Rock,5.5,over,12.2,-210,145,0.6774,0.6240,0.0856,0,0.7503,0.0729,0.1263,ev,multiplicative,projection,closing,1,closing,20260911F39A2BD0,2026-10-08T15:34:16.604Z
2026,1,16654,Jaxon Smith-Njigba,SEA,WR,vs NE,recYds,BetRivers,80.5,over,94.17,-118,-113,0.5413,0.5050,0.0718,0,0.6139,0.0726,0.1089,ev,multiplicative,projection,closing,1,closing,20260910B2546DE0,2026-10-08T15:34:16.604Z
2026,1,16654,Jaxon Smith-Njigba,SEA,WR,vs NE,recYds,FanDuel,79.5,over,94.17,-122,,0.5495,0.5495,,1,0.6220,0.0725,0.0725,ev,none,projection,closing,1,closing,20260910B2546DE0,2026-10-08T15:34:16.604Z
2026,1,17968,George Holani,SEA,RB,vs NE,recYds,DraftKings,11.5,under,8.3,-118,-106,0.5413,0.5127,0.0558,0,0.6137,0.0724,0.1010,ev,multiplicative,projection,closing,1,closing,20260910B2546DE0,2026-10-08T15:34:16.604Z
2026,1,11863,Cooper Kupp,SEA,WR,vs NE,recYds,Caesars,28.5,over,36.09,-112,-118,0.5283,0.4939,0.0696,0,0.6007,0.0724,0.1068,ev,multiplicative,projection,closing,1,closing,20260910B2546DE0,2026-10-08T15:34:16.604Z
2026,1,10735,Hunter Henry,NE,TE,at SEA,recYds,Hard Rock,35.5,over,39.85,-115,-110,0.5349,0.5052,0.0587,0,0.6073,0.0724,0.1020,ev,multiplicative,projection,closing,1,closing,20260910B2546DE0,2026-10-08T15:34:16.604Z
2026,1,17673,Drake Maye,NE,QB,at SEA,passYds,Hard Rock,241.5,over,255.56,110,-145,0.4762,0.4459,0.0680,0,0.5486,0.0724,0.1027,ev,multiplicative,projection,closing,1,closing,20260910B2546DE0,2026-10-08T15:34:16.604Z
2026,1,17673,Drake Maye,NE,QB,at SEA,passYds,DraftKings,319.5,over,255.56,700,,0.1250,0.1250,,1,0.1973,0.0723,0.0723,ev,none,projection,closing,1,closing,20260910B2546DE0,2026-10-08T15:34:16.604Z
2026,1,17673,Drake Maye,NE,QB,at SEA,passTD,Circa Sports,2.5,over,1.66,525,-710,0.1600,0.1544,0.0365,0,0.2323,0.0723,0.0779,ev,multiplicative,projection,closing,1,closing,20260910B2546DE0,2026-10-08T15:34:16.604Z
2026,1,11892,George Kittle,SF,TE,at LAR,recYds,Hard Rock,19.5,over,40.53,-325,225,0.7647,0.7131,0.0724,0,0.8370,0.0723,0.1239,ev,multiplicative,projection,closing,1,closing,20260911F39A2BD0,2026-10-08T15:34:16.604Z
2026,1,11892,George Kittle,SF,TE,at LAR,recYds,theScore,19.5,over,40.53,-325,,0.7647,0.7647,,1,0.8370,0.0723,0.0723,ev,none,projection,closing,1,closing,20260911F39A2BD0,2026-10-08T15:34:16.604Z
2026,1,17673,Drake Maye,NE,QB,at SEA,passYds,Hard Rock,310.5,over,255.56,525,-1100,0.1600,0.1486,0.0767,0,0.2322,0.0722,0.0836,ev,multiplicative,projection,closing,1,closing,20260910B2546DE0,2026-10-08T15:34:16.604Z
2026,1,19299,Jadarian Price,SEA,RB,vs NE,recYds,Hard Rock,26.5,under,7.38,-1100,500,0.9167,0.8462,0.0833,0,0.9889,0.0722,0.1427,ev,multiplicative,projection,closing,1,closing,20260910B2546DE0,2026-10-08T15:34:16.604Z
2026,1,10735,Hunter Henry,NE,TE,at SEA,receptions,Hard Rock,1.5,over,3.59,-800,,0.8889,0.8889,,1,0.9610,0.0721,0.0721,ev,none,projection,closing,1,closing,20260910B2546DE0,2026-10-08T15:34:16.604Z
2026,1,11690,Christian McCaffrey,SF,RB,at LAR,recYds,Hard Rock,30.5,under,33.41,165,-240,0.3774,0.3484,0.0832,0,0.4495,0.0721,0.1011,ev,multiplicative,projection,closing,1,closing,20260911F39A2BD0,2026-10-08T15:34:16.604Z
2026,1,15372,Rhamondre Stevenson,NE,RB,at SEA,recYds,theScore,9.5,over,20.57,-350,,0.7778,0.7778,,1,0.8498,0.0720,0.0720,ev,none,projection,closing,1,closing,20260910B2546DE0,2026-10-08T15:34:16.604Z
2026,1,18497,Terrance Ferguson,LAR,TE,vs SF,recYds,Hard Rock,64.5,under,16.97,-1100,500,0.9167,0.8462,0.0833,0,0.9887,0.0720,0.1425,ev,multiplicative,projection,closing,1,closing,20260911F39A2BD0,2026-10-08T15:34:16.604Z
2026,1,12490,Sam Darnold,SEA,QB,vs NE,passYds,DraftKings,269.5,over,243.94,249,,0.2865,0.2865,,1,0.3585,0.0719,0.0719,ev,none,projection,closing,1,closing,20260910B2546DE0,2026-10-08T15:34:16.604Z
2026,1,18540,Elijah Arroyo,SEA,TE,vs NE,recYds,FanDuel,19.5,over,17.59,178,,0.3597,0.3597,,1,0.4316,0.0719,0.0719,ev,none,projection,closing,1,closing,20260910B2546DE0,2026-10-08T15:34:16.604Z
2026,1,5971,Matthew Stafford,LAR,QB,vs SF,passYds,Hard Rock,256.5,under,245.83,105,-150,0.4878,0.4484,0.0878,0,0.5597,0.0719,0.1113,ev,multiplicative,projection,closing,1,closing,20260911F39A2BD0,2026-10-08T15:34:16.604Z
2026,1,9455,Davante Adams,LAR,WR,vs SF,receptions,DraftKings,9.5,over,4.07,2000,,0.0476,0.0476,,1,0.1195,0.0718,0.0718,ev,none,projection,closing,1,closing,20260911F39A2BD0,2026-10-08T15:34:16.604Z
2026,1,15834,Brock Purdy,SF,QB,at LAR,passTD,BetRivers,1.5,over,1.86,107,-139,0.4831,0.4537,0.0647,0,0.5548,0.0717,0.1010,ev,multiplicative,projection,closing,1,closing,20260911F39A2BD0,2026-10-08T15:34:16.604Z
2026,1,13429,Deebo Samuel Sr.,SF,WR,at LAR,recYds,BetRivers,49.5,over,42.96,265,,0.2740,0.2740,,1,0.3457,0.0717,0.0717,ev,none,projection,closing,1,closing,20260911F39A2BD0,2026-10-08T15:34:16.604Z
2026,1,17673,Drake Maye,NE,QB,at SEA,passYds,Hard Rock,114.5,under,255.56,2500,-9000,0.0385,0.0374,0.0275,0,0.1102,0.0717,0.0728,ev,multiplicative,projection,closing,1,closing,20260910B2546DE0,2026-10-08T15:34:16.604Z
2026,1,18497,Terrance Ferguson,LAR,TE,vs SF,receptions,BetRivers,3.5,over,1.65,440,,0.1852,0.1852,,1,0.2568,0.0716,0.0716,ev,none,projection,closing,1,closing,20260911F39A2BD0,2026-10-08T15:34:16.604Z
2026,1,16751,DeMario Douglas,NE,WR,at SEA,receptions,Hard Rock,2.5,over,2.42,140,-185,0.4167,0.3909,0.0658,0,0.4883,0.0716,0.0974,ev,multiplicative,projection,closing,1,closing,20260910B2546DE0,2026-10-08T15:34:16.604Z
2026,1,17673,Drake Maye,NE,QB,at SEA,passYds,Hard Rock,123.5,under,255.56,1750,-8000,0.0541,0.0519,0.0417,0,0.1256,0.0716,0.0737,ev,multiplicative,projection,closing,1,closing,20260910B2546DE0,2026-10-08T15:34:16.604Z
2026,1,13432,A.J. Brown,NE,WR,at SEA,recYds,Hard Rock,57.5,over,79.78,-195,115,0.6610,0.5870,0.1261,0,0.7325,0.0715,0.1455,ev,multiplicative,projection,closing,1,closing,20260910B2546DE0,2026-10-08T15:34:16.604Z
2026,1,17968,George Holani,SEA,RB,vs NE,recYds,Hard Rock,18.5,under,8.3,-300,195,0.7500,0.6887,0.0890,0,0.8215,0.0715,0.1328,ev,multiplicative,projection,closing,1,closing,20260910B2546DE0,2026-10-08T15:34:16.604Z
2026,1,12490,Sam Darnold,SEA,QB,vs NE,passYds,DraftKings,259.5,over,243.94,193,,0.3413,0.3413,,1,0.4127,0.0714,0.0714,ev,none,projection,closing,1,closing,20260910B2546DE0,2026-10-08T15:34:16.604Z
2026,1,11690,Christian McCaffrey,SF,RB,at LAR,rushAtt,DraftKings,17.5,over,17.64,130,,0.4348,0.4348,,1,0.5062,0.0714,0.0714,ev,none,projection,closing,1,closing,20260911F39A2BD0,2026-10-08T15:34:16.604Z
2026,1,17673,Drake Maye,NE,QB,at SEA,passYds,Hard Rock,293.5,over,255.56,325,-550,0.2353,0.2176,0.0814,0,0.3067,0.0714,0.0892,ev,multiplicative,projection,closing,1,closing,20260910B2546DE0,2026-10-08T15:34:16.604Z
2026,1,17690,Blake Corum,LAR,RB,vs SF,recYds,Hard Rock,18.5,under,3.98,-1300,550,0.9286,0.8579,0.0824,0,1.0000,0.0714,0.1421,ev,multiplicative,projection,closing,1,closing,20260911F39A2BD0,2026-10-08T15:34:16.604Z
2026,1,15807,Kyren Williams,LAR,RB,vs SF,recYds,Hard Rock,40.5,under,12.2,-1300,575,0.9286,0.8624,0.0767,0,1.0000,0.0714,0.1376,ev,multiplicative,projection,closing,1,closing,20260911F39A2BD0,2026-10-08T15:34:16.604Z
2026,1,12490,Sam Darnold,SEA,QB,vs NE,passYds,Hard Rock,127.5,under,243.94,1300,-6000,0.0714,0.0677,0.0550,0,0.1427,0.0713,0.0750,ev,multiplicative,projection,closing,1,closing,20260910B2546DE0,2026-10-08T15:34:16.604Z
2026,1,12490,Sam Darnold,SEA,QB,vs NE,passYds,Hard Rock,140.5,under,243.94,900,-3000,0.1000,0.0937,0.0677,0,0.1713,0.0713,0.0777,ev,multiplicative,projection,closing,1,closing,20260910B2546DE0,2026-10-08T15:34:16.604Z
2026,1,13432,A.J. Brown,NE,WR,at SEA,recYds,Hard Rock,76.5,over,79.78,115,-195,0.4651,0.4130,0.1261,0,0.5364,0.0713,0.1234,ev,multiplicative,projection,closing,1,closing,20260910B2546DE0,2026-10-08T15:34:16.604Z
2026,1,16751,DeMario Douglas,NE,WR,at SEA,recYds,Hard Rock,26.5,over,29.73,110,-190,0.4762,0.4209,0.1314,0,0.5475,0.0713,0.1266,ev,multiplicative,projection,closing,1,closing,20260910B2546DE0,2026-10-08T15:34:16.604Z
2026,1,5971,Matthew Stafford,LAR,QB,vs SF,passYds,Hard Rock,242.5,under,245.83,140,-195,0.4167,0.3866,0.0777,0,0.4879,0.0713,0.1013,ev,multiplicative,projection,closing,1,closing,20260911F39A2BD0,2026-10-08T15:34:16.604Z
2026,1,16560,Rashid Shaheed,SEA,WR,vs NE,receptions,BetRivers,2.5,over,2.87,100,,0.5000,0.5000,,1,0.5712,0.0712,0.0712,ev,none,projection,closing,1,closing,20260910B2546DE0,2026-10-08T15:34:16.604Z
2026,1,16560,Rashid Shaheed,SEA,WR,vs NE,receptions,DraftKings,2.5,over,2.87,100,-135,0.5000,0.4653,0.0745,0,0.5712,0.0712,0.1059,ev,multiplicative,projection,closing,1,closing,20260910B2546DE0,2026-10-08T15:34:16.604Z
2026,1,16560,Rashid Shaheed,SEA,WR,vs NE,receptions,Circa Sports,2.5,over,2.87,100,-120,0.5000,0.4783,0.0455,0,0.5712,0.0712,0.0930,ev,multiplicative,projection,closing,1,closing,20260910B2546DE0,2026-10-08T15:34:16.604Z
2026,1,17673,Drake Maye,NE,QB,at SEA,passYds,Hard Rock,303.5,over,255.56,425,-750,0.1905,0.1775,0.0728,0,0.2616,0.0712,0.0841,ev,multiplicative,projection,closing,1,closing,20260910B2546DE0,2026-10-08T15:34:16.604Z
2026,1,10735,Hunter Henry,NE,TE,at SEA,recYds,theScore,9.5,over,39.85,-900,,0.9000,0.9000,,1,0.9712,0.0712,0.0712,ev,none,projection,closing,1,closing,20260910B2546DE0,2026-10-08T15:34:16.604Z
2026,1,17673,Drake Maye,NE,QB,at SEA,passYds,Hard Rock,238.5,over,255.56,105,-145,0.4878,0.4518,0.0796,0,0.5589,0.0711,0.1071,ev,multiplicative,projection,closing,1,closing,20260910B2546DE0,2026-10-08T15:34:16.604Z
2026,1,17673,Drake Maye,NE,QB,at SEA,passTD,FanDuel,2.5,over,1.66,520,,0.1613,0.1613,,1,0.2323,0.0710,0.0710,ev,none,projection,closing,1,closing,20260910B2546DE0,2026-10-08T15:34:16.604Z
2026,1,5971,Matthew Stafford,LAR,QB,vs SF,passYds,Caesars,264.5,under,245.83,-114,-114,0.5327,0.5000,0.0654,0,0.6037,0.0710,0.1037,ev,multiplicative,projection,closing,1,closing,20260911F39A2BD0,2026-10-08T15:34:16.604Z
2026,1,11690,Christian McCaffrey,SF,RB,at LAR,rushYds,DraftKings,58.5,over,69.32,-111,-113,0.5261,0.4979,0.0566,0,0.5971,0.0710,0.0992,ev,multiplicative,projection,closing,1,closing,20260911F39A2BD0,2026-10-08T15:34:16.604Z
2026,1,16654,Jaxon Smith-Njigba,SEA,WR,vs NE,recYds,BetRivers,81.5,over,94.17,-115,-115,0.5349,0.5000,0.0698,0,0.6058,0.0709,0.1058,ev,multiplicative,projection,closing,1,closing,20260910B2546DE0,2026-10-08T15:34:16.604Z
2026,1,16654,Jaxon Smith-Njigba,SEA,WR,vs NE,recYds,DraftKings,81.5,over,94.17,-115,-115,0.5349,0.5000,0.0698,0,0.6058,0.0709,0.1058,ev,multiplicative,projection,closing,1,closing,20260910B2546DE0,2026-10-08T15:34:16.604Z
2026,1,19299,Jadarian Price,SEA,RB,vs NE,recYds,Hard Rock,13.5,under,7.38,-230,160,0.6970,0.6444,0.0816,0,0.7679,0.0709,0.1235,ev,multiplicative,projection,closing,1,closing,20260910B2546DE0,2026-10-08T15:34:16.604Z
2026,1,16027,Romeo Doubs,NE,WR,at SEA,recYds,Hard Rock,48.5,over,49.28,125,-220,0.4444,0.3926,0.1319,0,0.5154,0.0709,0.1227,ev,multiplicative,projection,closing,1,closing,20260910B2546DE0,2026-10-08T15:34:16.604Z
2026,1,11690,Christian McCaffrey,SF,RB,at LAR,recYds,Hard Rock,24.5,under,33.41,260,-375,0.2778,0.2603,0.0673,0,0.3486,0.0709,0.0884,ev,multiplicative,projection,closing,1,closing,20260911F39A2BD0,2026-10-08T15:34:16.604Z
2026,1,15372,Rhamondre Stevenson,NE,RB,at SEA,recYds,DraftKings,23.5,under,20.57,-115,-120,0.5349,0.4951,0.0803,0,0.6057,0.0708,0.1106,ev,multiplicative,projection,closing,1,closing,20260910B2546DE0,2026-10-08T15:34:16.604Z
2026,1,17968,George Holani,SEA,RB,vs NE,receptions,DraftKings,1.5,under,1.29,110,-145,0.4762,0.4459,0.0680,0,0.5470,0.0708,0.1011,ev,multiplicative,projection,closing,1,closing,20260910B2546DE0,2026-10-08T15:34:16.604Z
2026,1,18540,Elijah Arroyo,SEA,TE,vs NE,receptions,DraftKings,2.5,over,1.43,500,,0.1667,0.1667,,1,0.2374,0.0708,0.0708,ev,none,projection,closing,1,closing,20260910B2546DE0,2026-10-08T15:34:16.604Z
2026,1,11690,Christian McCaffrey,SF,RB,at LAR,recYds,Hard Rock,25.5,under,33.41,240,-375,0.2941,0.2714,0.0836,0,0.3649,0.0708,0.0935,ev,multiplicative,projection,closing,1,closing,20260911F39A2BD0,2026-10-08T15:34:16.604Z
2026,1,18497,Terrance Ferguson,LAR,TE,vs SF,recYds,Hard Rock,41.5,under,16.97,-425,275,0.8095,0.7522,0.0762,0,0.8804,0.0708,0.1281,ev,multiplicative,projection,closing,1,closing,20260911F39A2BD0,2026-10-08T15:34:16.604Z
2026,1,9253,Mike Evans,SF,WR,at LAR,receptions,DraftKings,4.5,over,3.97,165,,0.3774,0.3774,,1,0.4481,0.0707,0.0707,ev,none,projection,closing,1,closing,20260911F39A2BD0,2026-10-08T15:34:16.604Z
2026,1,17690,Blake Corum,LAR,RB,vs SF,rushYds,Hard Rock,62.5,over,49.02,225,-325,0.3077,0.2869,0.0724,0,0.3783,0.0706,0.0914,ev,multiplicative,projection,closing,1,closing,20260911F39A2BD0,2026-10-08T15:34:16.604Z
2026,1,11892,George Kittle,SF,TE,at LAR,recYds,Hard Rock,18.5,over,40.53,-350,230,0.7778,0.7196,0.0808,0,0.8483,0.0705,0.1286,ev,multiplicative,projection,closing,1,closing,20260911F39A2BD0,2026-10-08T15:34:16.604Z
2026,1,16751,DeMario Douglas,NE,WR,at SEA,recYds,DraftKings,22.5,over,29.73,-115,-110,0.5349,0.5052,0.0587,0,0.6053,0.0704,0.1001,ev,multiplicative,projection,closing,1,closing,20260910B2546DE0,2026-10-08T15:34:16.604Z
2026,1,17690,Blake Corum,LAR,RB,vs SF,rushYds,DraftKings,39.5,over,49.02,-125,-115,0.5556,0.5095,0.0904,0,0.6259,0.0704,0.1164,ev,multiplicative,projection,closing,1,closing,20260911F39A2BD0,2026-10-08T15:34:16.604Z
2026,1,17673,Drake Maye,NE,QB,at SEA,passYds,Hard Rock,125.5,under,255.56,1600,-8000,0.0588,0.0562,0.0465,0,0.1293,0.0704,0.0731,ev,multiplicative,projection,closing,1,closing,20260910B2546DE0,2026-10-08T15:34:16.604Z
2026,1,16751,DeMario Douglas,NE,WR,at SEA,recYds,Hard Rock,13.5,over,29.73,-190,135,0.6552,0.6062,0.0807,0,0.7256,0.0704,0.1193,ev,multiplicative,projection,closing,1,closing,20260910B2546DE0,2026-10-08T15:34:16.604Z
2026,1,17968,George Holani,SEA,RB,vs NE,recYds,Hard Rock,42.5,under,8.3,-1300,575,0.9286,0.8624,0.0767,0,0.9990,0.0704,0.1366,ev,multiplicative,projection,closing,1,closing,20260910B2546DE0,2026-10-08T15:34:16.604Z
2026,1,13429,Deebo Samuel Sr.,SF,WR,at LAR,recYds,Hard Rock,25.5,over,42.96,-160,115,0.6154,0.5695,0.0805,0,0.6857,0.0704,0.1162,ev,multiplicative,projection,closing,1,closing,20260911F39A2BD0,2026-10-08T15:34:16.604Z
2026,1,18497,Terrance Ferguson,LAR,TE,vs SF,recYds,Hard Rock,14.5,under,16.97,170,-240,0.3704,0.3441,0.0763,0,0.4408,0.0704,0.0966,ev,multiplicative,projection,closing,1,closing,20260911F39A2BD0,2026-10-08T15:34:16.604Z
2026,1,16654,Jaxon Smith-Njigba,SEA,WR,vs NE,recYds,BetRivers,99.5,over,94.17,160,,0.3846,0.3846,,1,0.4550,0.0703,0.0703,ev,none,projection,closing,1,closing,20260910B2546DE0,2026-10-08T15:34:16.604Z
2026,1,16560,Rashid Shaheed,SEA,WR,vs NE,recYds,Hard Rock,37.5,over,41.94,105,-145,0.4878,0.4518,0.0796,0,0.5581,0.0703,0.1063,ev,multiplicative,projection,closing,1,closing,20260910B2546DE0,2026-10-08T15:34:16.604Z
2026,1,15372,Rhamondre Stevenson,NE,RB,at SEA,rushYds,Hard Rock,67.5,over,72.39,-105,-160,0.5122,0.4542,0.1276,0,0.5825,0.0703,0.1283,ev,multiplicative,projection,closing,1,closing,20260910B2546DE0,2026-10-08T15:34:16.604Z
2026,1,13429,Deebo Samuel Sr.,SF,WR,at LAR,receptions,Hard Rock,5.5,over,3.36,750,,0.1176,0.1176,,1,0.1879,0.0703,0.0703,ev,none,projection,closing,1,closing,20260911F39A2BD0,2026-10-08T15:34:16.604Z
2026,1,11861,Mack Hollins,NE,WR,at SEA,receptions,FanDuel,1.5,over,1.26,162,-220,0.3817,0.3570,0.0692,0,0.4519,0.0702,0.0949,ev,multiplicative,projection,closing,1,closing,20260910B2546DE0,2026-10-08T15:34:16.604Z
2026,1,15807,Kyren Williams,LAR,RB,vs SF,rushYds,Caesars,79.5,over,66.77,250,,0.2857,0.2857,,1,0.3559,0.0702,0.0702,ev,none,projection,closing,1,closing,20260911F39A2BD0,2026-10-08T15:34:16.604Z
2026,1,13432,A.J. Brown,NE,WR,at SEA,recYds,Hard Rock,51.5,over,79.78,-250,145,0.7143,0.6364,0.1224,0,0.7845,0.0702,0.1482,ev,multiplicative,projection,closing,1,closing,20260910B2546DE0,2026-10-08T15:34:16.604Z
2026,1,14463,Colby Parkinson,LAR,TE,vs SF,recYds,Hard Rock,48.5,under,20.11,-1300,550,0.9286,0.8579,0.0824,0,0.9987,0.0702,0.1409,ev,multiplicative,projection,closing,1,closing,20260911F39A2BD0,2026-10-08T15:34:16.604Z
2026,1,15807,Kyren Williams,LAR,RB,vs SF,rushYds,Hard Rock,79.5,over,66.77,250,-400,0.2857,0.2632,0.0857,0,0.3559,0.0702,0.0927,ev,multiplicative,projection,closing,1,closing,20260911F39A2BD0,2026-10-08T15:34:16.604Z
2026,1,10735,Hunter Henry,NE,TE,at SEA,recYds,FanDuel,39.5,over,39.85,128,,0.4386,0.4386,,1,0.5087,0.0701,0.0701,ev,none,projection,closing,1,closing,20260910B2546DE0,2026-10-08T15:34:16.604Z
2026,1,17673,Drake Maye,NE,QB,at SEA,passYds,Hard Rock,113.5,under,255.56,2500,-9000,0.0385,0.0374,0.0275,0,0.1086,0.0701,0.0711,ev,multiplicative,projection,closing,1,closing,20260910B2546DE0,2026-10-08T15:34:16.604Z
2026,1,15834,Brock Purdy,SF,QB,at LAR,passYds,Hard Rock,169.5,under,246.99,475,-1000,0.1739,0.1606,0.0830,0,0.2438,0.0699,0.0832,ev,multiplicative,projection,closing,1,closing,20260911F39A2BD0,2026-10-08T15:34:16.604Z
2026,1,17673,Drake Maye,NE,QB,at SEA,passYds,Hard Rock,122.5,under,255.56,1750,-9000,0.0541,0.0518,0.0431,0,0.1239,0.0698,0.0720,ev,multiplicative,projection,closing,1,closing,20260910B2546DE0,2026-10-08T15:34:16.604Z
2026,1,12490,Sam Darnold,SEA,QB,vs NE,rushYds,Hard Rock,20.5,under,9.79,-1300,575,0.9286,0.8624,0.0767,0,0.9983,0.0698,0.1359,ev,multiplicative,projection,closing,1,closing,20260910B2546DE0,2026-10-08T15:34:16.604Z
2026,1,12490,Sam Darnold,SEA,QB,vs NE,passAtt,DraftKings,35.5,over,32.56,350,,0.2222,0.2222,,1,0.2919,0.0697,0.0697,ev,none,projection,closing,1,closing,20260910B2546DE0,2026-10-08T15:34:16.604Z
2026,1,16654,Jaxon Smith-Njigba,SEA,WR,vs NE,recYds,DraftKings,69.5,over,94.17,-170,,0.6296,0.6296,,1,0.6994,0.0697,0.0697,ev,none,projection,closing,1,closing,20260910B2546DE0,2026-10-08T15:34:16.604Z
2026,1,13432,A.J. Brown,NE,WR,at SEA,receptions,FanDuel,8.5,over,5.42,490,,0.1695,0.1695,,1,0.2392,0.0697,0.0697,ev,none,projection,closing,1,closing,20260910B2546DE0,2026-10-08T15:34:16.604Z
2026,1,5971,Matthew Stafford,LAR,QB,vs SF,passAtt,Caesars,34.5,under,32.57,-130,-102,0.5652,0.5282,0.0702,0,0.6347,0.0695,0.1066,ev,multiplicative,projection,closing,1,closing,20260911F39A2BD0,2026-10-08T15:34:16.604Z
2026,1,5971,Matthew Stafford,LAR,QB,vs SF,passAtt,theScore,34.5,under,32.57,-130,100,0.5652,0.5306,0.0652,0,0.6347,0.0695,0.1041,ev,multiplicative,projection,closing,1,closing,20260911F39A2BD0,2026-10-08T15:34:16.604Z
2026,1,13432,A.J. Brown,NE,WR,at SEA,recYds,Hard Rock,62.5,over,79.78,-160,-105,0.6154,0.5458,0.1276,0,0.6848,0.0694,0.1391,ev,multiplicative,projection,closing,1,closing,20260910B2546DE0,2026-10-08T15:34:16.604Z
2026,1,15834,Brock Purdy,SF,QB,at LAR,passTD,Caesars,1.5,over,1.86,106,-137,0.4854,0.4565,0.0635,0,0.5548,0.0693,0.0983,ev,multiplicative,projection,closing,1,closing,20260911F39A2BD0,2026-10-08T15:34:16.604Z
2026,1,17673,Drake Maye,NE,QB,at SEA,passYds,DraftKings,226.5,over,255.56,-113,-111,0.5305,0.5021,0.0566,0,0.5997,0.0691,0.0975,ev,multiplicative,projection,closing,1,closing,20260910B2546DE0,2026-10-08T15:34:16.604Z
2026,1,17673,Drake Maye,NE,QB,at SEA,passYds,Circa Sports,228.5,over,255.56,-110,-110,0.5238,0.5000,0.0476,0,0.5929,0.0691,0.0929,ev,multiplicative,projection,closing,1,closing,20260910B2546DE0,2026-10-08T15:34:16.604Z
2026,1,11892,George Kittle,SF,TE,at LAR,recYds,Circa Sports,35.5,over,40.53,-110,-110,0.5238,0.5000,0.0476,0,0.5929,0.0691,0.0929,ev,multiplicative,projection,closing,1,closing,20260911F39A2BD0,2026-10-08T15:34:16.604Z
2026,1,15834,Brock Purdy,SF,QB,at LAR,passYds,Hard Rock,194.5,under,246.99,300,-450,0.2500,0.2340,0.0682,0,0.3191,0.0691,0.0851,ev,multiplicative,projection,closing,1,closing,20260911F39A2BD0,2026-10-08T15:34:16.604Z
2026,1,11892,George Kittle,SF,TE,at LAR,recYds,Hard Rock,35.5,over,40.53,-110,-120,0.5238,0.4899,0.0693,0,0.5929,0.0691,0.1030,ev,multiplicative,projection,closing,1,closing,20260911F39A2BD0,2026-10-08T15:34:16.604Z
2026,1,13432,A.J. Brown,NE,WR,at SEA,recYds,DraftKings,39.5,over,79.78,-400,,0.8000,0.8000,,1,0.8690,0.0690,0.0690,ev,none,projection,closing,1,closing,20260910B2546DE0,2026-10-08T15:34:16.604Z
2026,1,11690,Christian McCaffrey,SF,RB,at LAR,rushYds,Caesars,59.5,over,69.32,-108,-125,0.5192,0.4831,0.0748,0,0.5882,0.0690,0.1051,ev,multiplicative,projection,closing,1,closing,20260911F39A2BD0,2026-10-08T15:34:16.604Z
2026,1,12490,Sam Darnold,SEA,QB,vs NE,passYds,Hard Rock,139.5,under,243.94,900,-4000,0.1000,0.0930,0.0756,0,0.1690,0.0690,0.0761,ev,multiplicative,projection,closing,1,closing,20260910B2546DE0,2026-10-08T15:34:16.604Z
2026,1,17811,AJ Barner,SEA,TE,vs NE,receptions,Hard Rock,5.5,over,3.77,550,,0.1538,0.1538,,1,0.2228,0.0690,0.0690,ev,none,projection,closing,1,closing,20260910B2546DE0,2026-10-08T15:34:16.604Z
2026,1,17968,George Holani,SEA,RB,vs NE,rushYds,theScore,24.5,under,18.96,-140,110,0.5833,0.5506,0.0595,0,0.6524,0.0690,0.1018,ev,multiplicative,projection,closing,1,closing,20260910B2546DE0,2026-10-08T15:34:16.604Z
2026,1,19299,Jadarian Price,SEA,RB,vs NE,rushYds,theScore,79.5,over,54.93,325,,0.2353,0.2353,,1,0.3043,0.0690,0.0690,ev,none,projection,closing,1,closing,20260910B2546DE0,2026-10-08T15:34:16.604Z
2026,1,18532,Corey Kiner,NE,RB,at SEA,rushYds,Caesars,9.5,over,11.74,-109,-113,0.5215,0.4957,0.0520,0,0.5904,0.0689,0.0947,ev,multiplicative,projection,closing,1,closing,20260910B2546DE0,2026-10-08T15:34:16.604Z
2026,1,13432,A.J. Brown,NE,WR,at SEA,recYds,Hard Rock,85.5,over,79.78,175,-260,0.3636,0.3349,0.0859,0,0.4325,0.0689,0.0976,ev,multiplicative,projection,closing,1,closing,20260910B2546DE0,2026-10-08T15:34:16.604Z
2026,1,19299,Jadarian Price,SEA,RB,vs NE,recYds,Hard Rock,27.5,under,7.38,-1200,550,0.9231,0.8571,0.0769,0,0.9919,0.0689,0.1348,ev,multiplicative,projection,closing,1,closing,20260910B2546DE0,2026-10-08T15:34:16.604Z
2026,1,19299,Jadarian Price,SEA,RB,vs NE,rushYds,theScore,89.5,over,54.93,500,,0.1667,0.1667,,1,0.2356,0.0689,0.0689,ev,none,projection,closing,1,closing,20260910B2546DE0,2026-10-08T15:34:16.604Z
2026,1,18497,Terrance Ferguson,LAR,TE,vs SF,recYds,Hard Rock,62.5,under,16.97,-1100,500,0.9167,0.8462,0.0833,0,0.9855,0.0689,0.1394,ev,multiplicative,projection,closing,1,closing,20260911F39A2BD0,2026-10-08T15:34:16.604Z
2026,1,5971,Matthew Stafford,LAR,QB,vs SF,passYds,BetRivers,264.5,under,245.83,-115,-115,0.5349,0.5000,0.0698,0,0.6037,0.0688,0.1037,ev,multiplicative,projection,closing,1,closing,20260911F39A2BD0,2026-10-08T15:34:16.604Z
2026,1,5971,Matthew Stafford,LAR,QB,vs SF,passYds,DraftKings,264.5,under,245.83,-115,-115,0.5349,0.5000,0.0698,0,0.6037,0.0688,0.1037,ev,multiplicative,projection,closing,1,closing,20260911F39A2BD0,2026-10-08T15:34:16.604Z
2026,1,17690,Blake Corum,LAR,RB,vs SF,rushYds,Hard Rock,67.5,over,49.02,275,-450,0.2667,0.2458,0.0848,0,0.3355,0.0688,0.0897,ev,multiplicative,projection,closing,1,closing,20260911F39A2BD0,2026-10-08T15:34:16.604Z
2026,1,11690,Christian McCaffrey,SF,RB,at LAR,rushYds,Hard Rock,84.5,under,69.32,-375,250,0.7895,0.7343,0.0752,0,0.8582,0.0687,0.1239,ev,multiplicative,projection,closing,1,closing,20260911F39A2BD0,2026-10-08T15:34:16.604Z
2026,1,5971,Matthew Stafford,LAR,QB,vs SF,passTD,DraftKings,2.5,over,2.13,245,,0.2899,0.2899,,1,0.3585,0.0686,0.0686,ev,none,projection,closing,1,closing,20260911F39A2BD0,2026-10-08T15:34:16.604Z
2026,1,17673,Drake Maye,NE,QB,at SEA,passYds,Hard Rock,124.5,under,255.56,1600,-9000,0.0588,0.0561,0.0478,0,0.1274,0.0686,0.0713,ev,multiplicative,projection,closing,1,closing,20260910B2546DE0,2026-10-08T15:34:16.604Z
2026,1,12490,Sam Darnold,SEA,QB,vs NE,passYds,theScore,249.5,over,243.94,150,,0.4000,0.4000,,1,0.4686,0.0686,0.0686,ev,none,projection,closing,1,closing,20260910B2546DE0,2026-10-08T15:34:16.604Z
2026,1,15834,Brock Purdy,SF,QB,at LAR,passYds,Hard Rock,185.5,under,246.99,350,-600,0.2222,0.2059,0.0794,0,0.2909,0.0686,0.0850,ev,multiplicative,projection,closing,1,closing,20260911F39A2BD0,2026-10-08T15:34:16.604Z
2026,1,17673,Drake Maye,NE,QB,at SEA,passYds,Caesars,249.5,over,255.56,121,,0.4525,0.4525,,1,0.5210,0.0685,0.0685,ev,none,projection,closing,1,closing,20260910B2546DE0,2026-10-08T15:34:16.604Z
2026,1,13432,A.J. Brown,NE,WR,at SEA,receptions,BetRivers,6.5,over,5.42,200,,0.3333,0.3333,,1,0.4018,0.0685,0.0685,ev,none,projection,closing,1,closing,20260910B2546DE0,2026-10-08T15:34:16.604Z
2026,1,13432,A.J. Brown,NE,WR,at SEA,receptions,DraftKings,10.5,over,5.42,1800,,0.0526,0.0526,,1,0.1211,0.0685,0.0685,ev,none,projection,closing,1,closing,20260910B2546DE0,2026-10-08T15:34:16.604Z
2026,1,13432,A.J. Brown,NE,WR,at SEA,receptions,FanDuel,9.5,over,5.42,850,,0.1053,0.1053,,1,0.1738,0.0685,0.0685,ev,none,projection,closing,1,closing,20260910B2546DE0,2026-10-08T15:34:16.604Z
2026,1,11863,Cooper Kupp,SEA,WR,vs NE,receptions,Caesars,5.5,over,2.81,900,,0.1000,0.1000,,1,0.1685,0.0685,0.0685,ev,none,projection,closing,1,closing,20260910B2546DE0,2026-10-08T15:34:16.604Z
2026,1,17673,Drake Maye,NE,QB,at SEA,passYds,Hard Rock,112.5,under,255.56,2500,-9000,0.0385,0.0374,0.0275,0,0.1070,0.0685,0.0695,ev,multiplicative,projection,closing,1,closing,20260910B2546DE0,2026-10-08T15:34:16.604Z
2026,1,10735,Hunter Henry,NE,TE,at SEA,recYds,Hard Rock,38.5,over,39.85,115,-150,0.4651,0.4367,0.0651,0,0.5337,0.0685,0.0970,ev,multiplicative,projection,closing,1,closing,20260910B2546DE0,2026-10-08T15:34:16.604Z
2026,1,13432,A.J. Brown,NE,WR,at SEA,receptions,theScore,6.5,over,5.42,200,,0.3333,0.3333,,1,0.4018,0.0685,0.0685,ev,none,projection,closing,1,closing,20260910B2546DE0,2026-10-08T15:34:16.604Z
2026,1,11863,Cooper Kupp,SEA,WR,vs NE,receptions,theScore,5.5,over,2.81,900,,0.1000,0.1000,,1,0.1685,0.0685,0.0685,ev,none,projection,closing,1,closing,20260910B2546DE0,2026-10-08T15:34:16.604Z
2026,1,12490,Sam Darnold,SEA,QB,vs NE,passYds,Hard Rock,141.5,under,243.94,850,-3000,0.1053,0.0981,0.0730,0,0.1737,0.0684,0.0756,ev,multiplicative,projection,closing,1,closing,20260910B2546DE0,2026-10-08T15:34:16.604Z
2026,1,12490,Sam Darnold,SEA,QB,vs NE,passYds,DraftKings,279.5,over,243.94,319,,0.2387,0.2387,,1,0.3070,0.0683,0.0683,ev,none,projection,closing,1,closing,20260910B2546DE0,2026-10-08T15:34:16.604Z
2026,1,16790,Puka Nacua,LAR,WR,vs SF,receptions,DraftKings,13.5,over,7.58,2200,,0.0435,0.0435,,1,0.1117,0.0683,0.0683,ev,none,projection,closing,1,closing,20260911F39A2BD0,2026-10-08T15:34:16.604Z
2026,1,16027,Romeo Doubs,NE,WR,at SEA,recYds,Hard Rock,14.5,over,49.28,-800,325,0.8889,0.7907,0.1242,0,0.9572,0.0683,0.1665,ev,multiplicative,projection,closing,1,closing,20260910B2546DE0,2026-10-08T15:34:16.604Z
2026,1,17690,Blake Corum,LAR,RB,vs SF,rushYds,FanDuel,49.5,over,49.02,134,,0.4274,0.4274,,1,0.4956,0.0682,0.0682,ev,none,projection,closing,1,closing,20260911F39A2BD0,2026-10-08T15:34:16.604Z
2026,1,17673,Drake Maye,NE,QB,at SEA,passYds,Hard Rock,311.5,over,255.56,525,-1100,0.1600,0.1486,0.0767,0,0.2282,0.0682,0.0796,ev,multiplicative,projection,closing,1,closing,20260910B2546DE0,2026-10-08T15:34:16.604Z
2026,1,12490,Sam Darnold,SEA,QB,vs NE,passYds,Hard Rock,149.5,under,243.94,700,-2500,0.1250,0.1150,0.0865,0,0.1932,0.0682,0.0781,ev,multiplicative,projection,closing,1,closing,20260910B2546DE0,2026-10-08T15:34:16.604Z
2026,1,17968,George Holani,SEA,RB,vs NE,recYds,Hard Rock,11.5,under,8.3,-120,-110,0.5455,0.5101,0.0693,0,0.6137,0.0682,0.1036,ev,multiplicative,projection,closing,1,closing,20260910B2546DE0,2026-10-08T15:34:16.604Z
2026,1,15834,Brock Purdy,SF,QB,at LAR,passYds,Hard Rock,181.5,under,246.99,375,-650,0.2105,0.1954,0.0772,0,0.2787,0.0682,0.0833,ev,multiplicative,projection,closing,1,closing,20260911F39A2BD0,2026-10-08T15:34:16.604Z
2026,1,17673,Drake Maye,NE,QB,at SEA,passYds,BetRivers,225.5,over,255.56,-115,-115,0.5349,0.5000,0.0698,0,0.6030,0.0681,0.1030,ev,multiplicative,projection,closing,1,closing,20260910B2546DE0,2026-10-08T15:34:16.604Z
2026,1,17673,Drake Maye,NE,QB,at SEA,passYds,Caesars,225.5,over,255.56,-115,-114,0.5349,0.5010,0.0676,0,0.6030,0.0681,0.1020,ev,multiplicative,projection,closing,1,closing,20260910B2546DE0,2026-10-08T15:34:16.604Z
2026,1,13432,A.J. Brown,NE,WR,at SEA,recYds,Hard Rock,72.5,over,79.78,-105,-160,0.5122,0.4542,0.1276,0,0.5803,0.0681,0.1261,ev,multiplicative,projection,closing,1,closing,20260910B2546DE0,2026-10-08T15:34:16.604Z
2026,1,17811,AJ Barner,SEA,TE,vs NE,recYds,Hard Rock,35.5,over,34.09,155,-275,0.3922,0.3484,0.1255,0,0.4603,0.0681,0.1118,ev,multiplicative,projection,closing,1,closing,20260910B2546DE0,2026-10-08T15:34:16.604Z
2026,1,18540,Elijah Arroyo,SEA,TE,vs NE,receptions,FanDuel,2.5,over,1.43,490,,0.1695,0.1695,,1,0.2374,0.0679,0.0679,ev,none,projection,closing,1,closing,20260910B2546DE0,2026-10-08T15:34:16.604Z
2026,1,13429,Deebo Samuel Sr.,SF,WR,at LAR,recYds,theScore,49.5,over,42.96,260,,0.2778,0.2778,,1,0.3457,0.0679,0.0679,ev,none,projection,closing,1,closing,20260911F39A2BD0,2026-10-08T15:34:16.604Z
2026,1,11690,Christian McCaffrey,SF,RB,at LAR,rushYds,Hard Rock,107.5,under,69.32,-1300,550,0.9286,0.8579,0.0824,0,0.9965,0.0679,0.1386,ev,multiplicative,projection,closing,1,closing,20260911F39A2BD0,2026-10-08T15:34:16.604Z
2026,1,5971,Matthew Stafford,LAR,QB,vs SF,passYds,DraftKings,263.5,under,245.83,-113,-111,0.5305,0.5021,0.0566,0,0.5983,0.0678,0.0962,ev,multiplicative,projection,closing,1,closing,20260911F39A2BD0,2026-10-08T15:34:16.604Z
2026,1,5971,Matthew Stafford,LAR,QB,vs SF,passYds,FanDuel,263.5,under,245.83,-113,-113,0.5305,0.5000,0.0610,0,0.5983,0.0678,0.0983,ev,multiplicative,projection,closing,1,closing,20260911F39A2BD0,2026-10-08T15:34:16.604Z
2026,1,17673,Drake Maye,NE,QB,at SEA,passYds,Hard Rock,318.5,over,255.56,650,-1500,0.1333,0.1245,0.0708,0,0.2010,0.0677,0.0765,ev,multiplicative,projection,closing,1,closing,20260910B2546DE0,2026-10-08T15:34:16.604Z
2026,1,14463,Colby Parkinson,LAR,TE,vs SF,recYds,FanDuel,22.5,under,20.11,-114,-114,0.5327,0.5000,0.0654,0,0.6004,0.0676,0.1004,ev,multiplicative,projection,closing,1,closing,20260911F39A2BD0,2026-10-08T15:34:16.604Z
2026,1,17690,Blake Corum,LAR,RB,vs SF,rushYds,DraftKings,40.5,over,49.02,-120,-115,0.5455,0.5049,0.0803,0,0.6131,0.0676,0.1082,ev,multiplicative,projection,closing,1,closing,20260911F39A2BD0,2026-10-08T15:34:16.604Z
2026,1,17673,Drake Maye,NE,QB,at SEA,passYds,Hard Rock,133.5,under,255.56,1200,-5000,0.0769,0.0728,0.0573,0,0.1445,0.0676,0.0717,ev,multiplicative,projection,closing,1,closing,20260910B2546DE0,2026-10-08T15:34:16.604Z
2026,1,15834,Brock Purdy,SF,QB,at LAR,passYds,Hard Rock,174.5,under,246.99,425,-850,0.1905,0.1755,0.0852,0,0.2580,0.0676,0.0825,ev,multiplicative,projection,closing,1,closing,20260911F39A2BD0,2026-10-08T15:34:16.604Z
2026,1,5971,Matthew Stafford,LAR,QB,vs SF,passYds,Hard Rock,241.5,under,245.83,140,-200,0.4167,0.3846,0.0833,0,0.4843,0.0676,0.0997,ev,multiplicative,projection,closing,1,closing,20260911F39A2BD0,2026-10-08T15:34:16.604Z
2026,1,15807,Kyren Williams,LAR,RB,vs SF,rushYds,Hard Rock,80.5,over,66.77,260,-425,0.2778,0.2555,0.0873,0,0.3451,0.0674,0.0897,ev,multiplicative,projection,closing,1,closing,20260911F39A2BD0,2026-10-08T15:34:16.604Z
2026,1,17673,Drake Maye,NE,QB,at SEA,passYds,Caesars,279.5,over,255.56,225,,0.3077,0.3077,,1,0.3750,0.0673,0.0673,ev,none,projection,closing,1,closing,20260910B2546DE0,2026-10-08T15:34:16.604Z
2026,1,9455,Davante Adams,LAR,WR,vs SF,receptions,FanDuel,7.5,over,4.07,520,,0.1613,0.1613,,1,0.2285,0.0672,0.0672,ev,none,projection,closing,1,closing,20260911F39A2BD0,2026-10-08T15:34:16.604Z
2026,1,5971,Matthew Stafford,LAR,QB,vs SF,passYds,Hard Rock,276.5,under,245.83,-150,110,0.6000,0.5575,0.0762,0,0.6671,0.0671,0.1096,ev,multiplicative,projection,closing,1,closing,20260911F39A2BD0,2026-10-08T15:34:16.604Z
2026,1,13432,A.J. Brown,NE,WR,at SEA,recYds,Hard Rock,63.5,over,79.78,-155,-110,0.6078,0.5371,0.1317,0,0.6749,0.0670,0.1377,ev,multiplicative,projection,closing,1,closing,20260910B2546DE0,2026-10-08T15:34:16.604Z
2026,1,15372,Rhamondre Stevenson,NE,RB,at SEA,rushYds,Hard Rock,70.5,over,72.39,115,-200,0.4651,0.4110,0.1318,0,0.5321,0.0670,0.1211,ev,multiplicative,projection,closing,1,closing,20260910B2546DE0,2026-10-08T15:34:16.604Z
2026,1,15834,Brock Purdy,SF,QB,at LAR,passTD,Circa Sports,1.5,over,1.86,105,-125,0.4878,0.4675,0.0434,0,0.5548,0.0670,0.0872,ev,multiplicative,projection,closing,1,closing,20260911F39A2BD0,2026-10-08T15:34:16.604Z
2026,1,17673,Drake Maye,NE,QB,at SEA,passYds,Hard Rock,111.5,under,255.56,2500,-9000,0.0385,0.0374,0.0275,0,0.1054,0.0669,0.0679,ev,multiplicative,projection,closing,1,closing,20260910B2546DE0,2026-10-08T15:34:16.604Z
2026,1,17673,Drake Maye,NE,QB,at SEA,passYds,Hard Rock,304.5,over,255.56,425,-800,0.1905,0.1765,0.0794,0,0.2573,0.0669,0.0809,ev,multiplicative,projection,closing,1,closing,20260910B2546DE0,2026-10-08T15:34:16.604Z
2026,1,17673,Drake Maye,NE,QB,at SEA,passYds,Hard Rock,294.5,over,255.56,325,-575,0.2353,0.2164,0.0871,0,0.3021,0.0668,0.0856,ev,multiplicative,projection,closing,1,closing,20260910B2546DE0,2026-10-08T15:34:16.604Z
2026,1,16027,Romeo Doubs,NE,WR,at SEA,recYds,Hard Rock,13.5,over,49.28,-850,325,0.8947,0.7918,0.1300,0,0.9615,0.0667,0.1697,ev,multiplicative,projection,closing,1,closing,20260910B2546DE0,2026-10-08T15:34:16.604Z
2026,1,11163,Demarcus Robinson,SF,WR,at LAR,recYds,Hard Rock,46.5,under,12.4,-1400,600,0.9333,0.8673,0.0762,0,1.0000,0.0667,0.1327,ev,multiplicative,projection,closing,1,closing,20260911F39A2BD0,2026-10-08T15:34:16.604Z
2026,1,15807,Kyren Williams,LAR,RB,vs SF,recYds,Hard Rock,41.5,under,12.2,-1400,575,0.9333,0.8630,0.0815,0,1.0000,0.0667,0.1370,ev,multiplicative,projection,closing,1,closing,20260911F39A2BD0,2026-10-08T15:34:16.604Z
2026,1,11690,Christian McCaffrey,SF,RB,at LAR,rushYds,BetRivers,57.5,over,69.32,-117,-113,0.5392,0.5040,0.0697,0,0.6058,0.0666,0.1018,ev,multiplicative,projection,closing,1,closing,20260911F39A2BD0,2026-10-08T15:34:16.604Z
2026,1,18532,Corey Kiner,NE,RB,at SEA,rushYds,Hard Rock,9.5,over,11.74,-110,-120,0.5238,0.4899,0.0693,0,0.5904,0.0666,0.1005,ev,multiplicative,projection,closing,1,closing,20260910B2546DE0,2026-10-08T15:34:16.604Z
2026,1,18532,Corey Kiner,NE,RB,at SEA,rushYds,Hard Rock,33.5,under,11.74,-1400,575,0.9333,0.8630,0.0815,0,0.9999,0.0666,0.1369,ev,multiplicative,projection,closing,1,closing,20260910B2546DE0,2026-10-08T15:34:16.604Z
2026,1,11690,Christian McCaffrey,SF,RB,at LAR,rushYds,FanDuel,58.5,over,69.32,-113,-113,0.5305,0.5000,0.0610,0,0.5971,0.0665,0.0971,ev,multiplicative,projection,closing,1,closing,20260911F39A2BD0,2026-10-08T15:34:16.604Z
2026,1,9455,Davante Adams,LAR,WR,vs SF,receptions,Caesars,6.5,over,4.07,330,,0.2326,0.2326,,1,0.2991,0.0665,0.0665,ev,none,projection,closing,1,closing,20260911F39A2BD0,2026-10-08T15:34:16.604Z
2026,1,11892,George Kittle,SF,TE,at LAR,recYds,Hard Rock,26.5,over,40.53,-210,150,0.6774,0.6287,0.0774,0,0.7439,0.0665,0.1151,ev,multiplicative,projection,closing,1,closing,20260911F39A2BD0,2026-10-08T15:34:16.604Z
2026,1,9253,Mike Evans,SF,WR,at LAR,receptions,FanDuel,4.5,over,3.97,162,,0.3817,0.3817,,1,0.4481,0.0664,0.0664,ev,none,projection,closing,1,closing,20260911F39A2BD0,2026-10-08T15:34:16.604Z
2026,1,18532,Corey Kiner,NE,RB,at SEA,rushYds,Hard Rock,3.5,over,11.74,-275,200,0.7333,0.6875,0.0667,0,0.7998,0.0664,0.1123,ev,multiplicative,projection,closing,1,closing,20260910B2546DE0,2026-10-08T15:34:16.604Z
2026,1,5971,Matthew Stafford,LAR,QB,vs SF,passYds,Hard Rock,255.5,under,245.83,105,-145,0.4878,0.4518,0.0796,0,0.5542,0.0664,0.1023,ev,multiplicative,projection,closing,1,closing,20260911F39A2BD0,2026-10-08T15:34:16.604Z
2026,1,18497,Terrance Ferguson,LAR,TE,vs SF,receptions,Hard Rock,3.5,over,1.65,425,,0.1905,0.1905,,1,0.2568,0.0663,0.0663,ev,none,projection,closing,1,closing,20260911F39A2BD0,2026-10-08T15:34:16.604Z
2026,1,15372,Rhamondre Stevenson,NE,RB,at SEA,rushYds,DraftKings,29.5,over,72.39,-900,,0.9000,0.9000,,1,0.9662,0.0662,0.0662,ev,none,projection,closing,1,closing,20260910B2546DE0,2026-10-08T15:34:16.604Z
2026,1,19299,Jadarian Price,SEA,RB,vs NE,rushYds,FanDuel,79.5,over,54.93,320,,0.2381,0.2381,,1,0.3043,0.0662,0.0662,ev,none,projection,closing,1,closing,20260910B2546DE0,2026-10-08T15:34:16.604Z
2026,1,19330,De'Zhaun Stribling,SF,WR,at LAR,recYds,DraftKings,37.5,under,30.08,-115,-109,0.5349,0.5063,0.0564,0,0.6011,0.0662,0.0948,ev,multiplicative,projection,closing,1,closing,20260911F39A2BD0,2026-10-08T15:34:16.604Z
2026,1,19330,De'Zhaun Stribling,SF,WR,at LAR,recYds,Caesars,37.5,under,30.08,-115,-113,0.5349,0.5020,0.0654,0,0.6011,0.0662,0.0990,ev,multiplicative,projection,closing,1,closing,20260911F39A2BD0,2026-10-08T15:34:16.604Z
2026,1,15372,Rhamondre Stevenson,NE,RB,at SEA,rushYds,theScore,29.5,over,72.39,-900,,0.9000,0.9000,,1,0.9662,0.0662,0.0662,ev,none,projection,closing,1,closing,20260910B2546DE0,2026-10-08T15:34:16.604Z
2026,1,18497,Terrance Ferguson,LAR,TE,vs SF,receptions,Hard Rock,4.5,over,1.65,1000,,0.0909,0.0909,,1,0.1571,0.0662,0.0662,ev,none,projection,closing,1,closing,20260911F39A2BD0,2026-10-08T15:34:16.604Z
2026,1,5971,Matthew Stafford,LAR,QB,vs SF,passYds,Hard Rock,249.5,under,245.83,120,-160,0.4545,0.4248,0.0699,0,0.5206,0.0661,0.0958,ev,multiplicative,projection,closing,1,closing,20260911F39A2BD0,2026-10-08T15:34:16.604Z
2026,1,15372,Rhamondre Stevenson,NE,RB,at SEA,recYds,Hard Rock,24.5,under,20.57,-135,-125,0.5745,0.5084,0.1300,0,0.6405,0.0660,0.1321,ev,multiplicative,projection,closing,1,closing,20260910B2546DE0,2026-10-08T15:34:16.604Z
2026,1,5971,Matthew Stafford,LAR,QB,vs SF,passYds,Hard Rock,243.5,under,245.83,135,-185,0.4255,0.3960,0.0747,0,0.4915,0.0660,0.0956,ev,multiplicative,projection,closing,1,closing,20260911F39A2BD0,2026-10-08T15:34:16.604Z
2026,1,15807,Kyren Williams,LAR,RB,vs SF,rushYds,theScore,44.5,over,66.77,-225,,0.6923,0.6923,,1,0.7583,0.0660,0.0660,ev,none,projection,closing,1,closing,20260911F39A2BD0,2026-10-08T15:34:16.604Z
2026,1,17673,Drake Maye,NE,QB,at SEA,passYds,Caesars,289.5,over,255.56,285,,0.2597,0.2597,,1,0.3257,0.0659,0.0659,ev,none,projection,closing,1,closing,20260910B2546DE0,2026-10-08T15:34:16.604Z
2026,1,17968,George Holani,SEA,RB,vs NE,recYds,Hard Rock,28.5,under,8.3,-900,450,0.9000,0.8319,0.0818,0,0.9659,0.0659,0.1340,ev,multiplicative,projection,closing,1,closing,20260910B2546DE0,2026-10-08T15:34:16.604Z
2026,1,5971,Matthew Stafford,LAR,QB,vs SF,passAtt,Hard Rock,33.5,under,32.57,100,-130,0.5000,0.4694,0.0652,0,0.5659,0.0659,0.0965,ev,multiplicative,projection,closing,1,closing,20260911F39A2BD0,2026-10-08T15:34:16.604Z
2026,1,5971,Matthew Stafford,LAR,QB,vs SF,passAtt,theScore,33.5,under,32.57,100,-130,0.5000,0.4694,0.0652,0,0.5659,0.0659,0.0965,ev,multiplicative,projection,closing,1,closing,20260911F39A2BD0,2026-10-08T15:34:16.604Z
2026,1,15834,Brock Purdy,SF,QB,at LAR,passYds,Hard Rock,193.5,under,246.99,300,-450,0.2500,0.2340,0.0682,0,0.3159,0.0659,0.0819,ev,multiplicative,projection,closing,1,closing,20260911F39A2BD0,2026-10-08T15:34:16.604Z
2026,1,11863,Cooper Kupp,SEA,WR,vs NE,recYds,DraftKings,28.5,over,36.09,-115,-115,0.5349,0.5000,0.0698,0,0.6007,0.0658,0.1007,ev,multiplicative,projection,closing,1,closing,20260910B2546DE0,2026-10-08T15:34:16.604Z
2026,1,17673,Drake Maye,NE,QB,at SEA,passYds,DraftKings,227.5,over,255.56,-113,-111,0.5305,0.5021,0.0566,0,0.5963,0.0658,0.0942,ev,multiplicative,projection,closing,1,closing,20260910B2546DE0,2026-10-08T15:34:16.604Z
2026,1,14463,Colby Parkinson,LAR,TE,vs SF,recYds,Hard Rock,49.5,under,20.11,-1400,575,0.9333,0.8630,0.0815,0,0.9991,0.0658,0.1361,ev,multiplicative,projection,closing,1,closing,20260911F39A2BD0,2026-10-08T15:34:16.604Z
2026,1,17673,Drake Maye,NE,QB,at SEA,passYds,Circa Sports,229.5,over,255.56,-110,-110,0.5238,0.5000,0.0476,0,0.5896,0.0657,0.0896,ev,multiplicative,projection,closing,1,closing,20260910B2546DE0,2026-10-08T15:34:16.604Z
2026,1,17673,Drake Maye,NE,QB,at SEA,passYds,Hard Rock,316.5,over,255.56,600,-1600,0.1429,0.1318,0.0840,0,0.2086,0.0657,0.0768,ev,multiplicative,projection,closing,1,closing,20260910B2546DE0,2026-10-08T15:34:16.604Z
2026,1,12490,Sam Darnold,SEA,QB,vs NE,passYds,Hard Rock,148.5,under,243.94,700,-2000,0.1250,0.1160,0.0774,0,0.1907,0.0657,0.0746,ev,multiplicative,projection,closing,1,closing,20260910B2546DE0,2026-10-08T15:34:16.604Z
2026,1,12490,Sam Darnold,SEA,QB,vs NE,passYds,theScore,274.5,over,243.94,275,,0.2667,0.2667,,1,0.3323,0.0657,0.0657,ev,none,projection,closing,1,closing,20260910B2546DE0,2026-10-08T15:34:16.604Z
2026,1,17811,AJ Barner,SEA,TE,vs NE,recYds,Hard Rock,9.5,over,34.09,-575,260,0.8519,0.7541,0.1296,0,0.9176,0.0657,0.1635,ev,multiplicative,projection,closing,1,closing,20260910B2546DE0,2026-10-08T15:34:16.604Z
2026,1,19299,Jadarian Price,SEA,RB,vs NE,recYds,Hard Rock,28.5,under,7.38,-1300,575,0.9286,0.8624,0.0767,0,0.9942,0.0657,0.1318,ev,multiplicative,projection,closing,1,closing,20260910B2546DE0,2026-10-08T15:34:16.604Z
2026,1,17968,George Holani,SEA,RB,vs NE,rushYds,Hard Rock,8.5,under,18.96,325,-550,0.2353,0.2176,0.0814,0,0.3010,0.0657,0.0835,ev,multiplicative,projection,closing,1,closing,20260910B2546DE0,2026-10-08T15:34:16.604Z
2026,1,5971,Matthew Stafford,LAR,QB,vs SF,passYds,Caesars,263.5,under,245.83,-114,-114,0.5327,0.5000,0.0654,0,0.5983,0.0656,0.0983,ev,multiplicative,projection,closing,1,closing,20260911F39A2BD0,2026-10-08T15:34:16.604Z
2026,1,16654,Jaxon Smith-Njigba,SEA,WR,vs NE,recYds,Circa Sports,83.5,over,94.17,-110,-110,0.5238,0.5000,0.0476,0,0.5894,0.0656,0.0894,ev,multiplicative,projection,closing,1,closing,20260910B2546DE0,2026-10-08T15:34:16.604Z
2026,1,17673,Drake Maye,NE,QB,at SEA,passYds,Hard Rock,132.5,under,255.56,1200,-5000,0.0769,0.0728,0.0573,0,0.1425,0.0656,0.0698,ev,multiplicative,projection,closing,1,closing,20260910B2546DE0,2026-10-08T15:34:16.604Z
2026,1,16560,Rashid Shaheed,SEA,WR,vs NE,recYds,Hard Rock,42.5,over,41.94,135,-185,0.4255,0.3960,0.0747,0,0.4912,0.0656,0.0952,ev,multiplicative,projection,closing,1,closing,20260910B2546DE0,2026-10-08T15:34:16.604Z
2026,1,15372,Rhamondre Stevenson,NE,RB,at SEA,rushYds,Hard Rock,74.5,over,72.39,150,-260,0.4000,0.3564,0.1222,0,0.4656,0.0656,0.1092,ev,multiplicative,projection,closing,1,closing,20260910B2546DE0,2026-10-08T15:34:16.604Z
2026,1,15834,Brock Purdy,SF,QB,at LAR,passYds,Hard Rock,184.5,under,246.99,350,-600,0.2222,0.2059,0.0794,0,0.2878,0.0656,0.0819,ev,multiplicative,projection,closing,1,closing,20260911F39A2BD0,2026-10-08T15:34:16.604Z
2026,1,17690,Blake Corum,LAR,RB,vs SF,rushYds,Hard Rock,57.5,over,49.02,180,-260,0.3571,0.3309,0.0794,0,0.4227,0.0656,0.0918,ev,multiplicative,projection,closing,1,closing,20260911F39A2BD0,2026-10-08T15:34:16.604Z
2026,1,15372,Rhamondre Stevenson,NE,RB,at SEA,recYds,Caesars,17.5,over,20.57,-121,-110,0.5475,0.5111,0.0713,0,0.6130,0.0655,0.1020,ev,multiplicative,projection,closing,1,closing,20260910B2546DE0,2026-10-08T15:34:16.604Z
2026,1,17673,Drake Maye,NE,QB,at SEA,passYds,Hard Rock,243.5,over,255.56,110,-150,0.4762,0.4425,0.0762,0,0.5417,0.0655,0.0992,ev,multiplicative,projection,closing,1,closing,20260910B2546DE0,2026-10-08T15:34:16.604Z
2026,1,10854,Tyler Higbee,LAR,TE,vs SF,recYds,Hard Rock,8.5,under,9.19,155,-220,0.3922,0.3632,0.0797,0,0.4577,0.0655,0.0945,ev,multiplicative,projection,closing,1,closing,20260911F39A2BD0,2026-10-08T15:34:16.604Z
2026,1,16027,Romeo Doubs,NE,WR,at SEA,recYds,Hard Rock,12.5,over,49.28,-900,350,0.9000,0.8020,0.1222,0,0.9654,0.0654,0.1634,ev,multiplicative,projection,closing,1,closing,20260910B2546DE0,2026-10-08T15:34:16.604Z
2026,1,16418,Jake Tonges,SF,TE,at LAR,recYds,Hard Rock,14.5,under,8.35,-200,140,0.6667,0.6154,0.0833,0,0.7321,0.0654,0.1167,ev,multiplicative,projection,closing,1,closing,20260911F39A2BD0,2026-10-08T15:34:16.604Z
2026,1,17968,George Holani,SEA,RB,vs NE,recYds,Hard Rock,41.5,under,8.3,-1400,575,0.9333,0.8630,0.0815,0,0.9986,0.0653,0.1356,ev,multiplicative,projection,closing,1,closing,20260910B2546DE0,2026-10-08T15:34:16.604Z
2026,1,19299,Jadarian Price,SEA,RB,vs NE,recYds,DraftKings,9.5,under,7.38,-115,-109,0.5349,0.5063,0.0564,0,0.6001,0.0652,0.0938,ev,multiplicative,projection,closing,1,closing,20260910B2546DE0,2026-10-08T15:34:16.604Z
2026,1,19299,Jadarian Price,SEA,RB,vs NE,recYds,Caesars,9.5,under,7.38,-115,-114,0.5349,0.5010,0.0676,0,0.6001,0.0652,0.0991,ev,multiplicative,projection,closing,1,closing,20260910B2546DE0,2026-10-08T15:34:16.604Z
2026,1,15372,Rhamondre Stevenson,NE,RB,at SEA,recYds,Caesars,22.5,under,20.57,-102,-128,0.5050,0.4735,0.0664,0,0.5701,0.0652,0.0966,ev,multiplicative,projection,closing,1,closing,20260910B2546DE0,2026-10-08T15:34:16.604Z
2026,1,17690,Blake Corum,LAR,RB,vs SF,rushYds,DraftKings,41.5,over,49.02,-115,-120,0.5349,0.4951,0.0803,0,0.6001,0.0652,0.1050,ev,multiplicative,projection,closing,1,closing,20260911F39A2BD0,2026-10-08T15:34:16.604Z
2026,1,15834,Brock Purdy,SF,QB,at LAR,passYds,Hard Rock,180.5,under,246.99,375,-700,0.2105,0.1939,0.0855,0,0.2757,0.0652,0.0818,ev,multiplicative,projection,closing,1,closing,20260911F39A2BD0,2026-10-08T15:34:16.604Z
2026,1,15372,Rhamondre Stevenson,NE,RB,at SEA,receptions,theScore,3.5,under,2.94,-125,-105,0.5556,0.5203,0.0678,0,0.6206,0.0651,0.1003,ev,multiplicative,projection,closing,1,closing,20260910B2546DE0,2026-10-08T15:34:16.604Z
2026,1,17673,Drake Maye,NE,QB,at SEA,passYds,Hard Rock,135.5,under,255.56,1100,-5000,0.0833,0.0783,0.0637,0,0.1485,0.0651,0.0701,ev,multiplicative,projection,closing,1,closing,20260910B2546DE0,2026-10-08T15:34:16.604Z
2026,1,16654,Jaxon Smith-Njigba,SEA,WR,vs NE,recYds,FanDuel,82.5,over,94.17,-114,-114,0.5327,0.5000,0.0654,0,0.5976,0.0649,0.0976,ev,multiplicative,projection,closing,1,closing,20260910B2546DE0,2026-10-08T15:34:16.604Z
2026,1,11863,Cooper Kupp,SEA,WR,vs NE,receptions,Caesars,4.5,over,2.81,380,,0.2083,0.2083,,1,0.2732,0.0649,0.0649,ev,none,projection,closing,1,closing,20260910B2546DE0,2026-10-08T15:34:16.604Z
2026,1,17690,Blake Corum,LAR,RB,vs SF,rushYds,FanDuel,89.5,over,49.02,800,,0.1111,0.1111,,1,0.1760,0.0649,0.0649,ev,none,projection,closing,1,closing,20260911F39A2BD0,2026-10-08T15:34:16.604Z
2026,1,12490,Sam Darnold,SEA,QB,vs NE,passYds,Hard Rock,151.5,under,243.94,650,-1800,0.1333,0.1234,0.0807,0,0.1982,0.0649,0.0749,ev,multiplicative,projection,closing,1,closing,20260910B2546DE0,2026-10-08T15:34:16.604Z
2026,1,11690,Christian McCaffrey,SF,RB,at LAR,rushYds,Hard Rock,110.5,under,69.32,-1400,600,0.9333,0.8673,0.0762,0,0.9982,0.0649,0.1309,ev,multiplicative,projection,closing,1,closing,20260911F39A2BD0,2026-10-08T15:34:16.604Z
2026,1,17673,Drake Maye,NE,QB,at SEA,passYds,Caesars,226.5,over,255.56,-115,-114,0.5349,0.5010,0.0676,0,0.5997,0.0648,0.0986,ev,multiplicative,projection,closing,1,closing,20260910B2546DE0,2026-10-08T15:34:16.604Z
2026,1,17673,Drake Maye,NE,QB,at SEA,passYds,Hard Rock,226.5,over,255.56,-115,-115,0.5349,0.5000,0.0698,0,0.5997,0.0648,0.0997,ev,multiplicative,projection,closing,1,closing,20260910B2546DE0,2026-10-08T15:34:16.604Z
2026,1,13432,A.J. Brown,NE,WR,at SEA,recYds,Hard Rock,64.5,over,79.78,-150,-110,0.6000,0.5339,0.1238,0,0.6648,0.0648,0.1309,ev,multiplicative,projection,closing,1,closing,20260910B2546DE0,2026-10-08T15:34:16.604Z
2026,1,16560,Rashid Shaheed,SEA,WR,vs NE,recYds,Hard Rock,46.5,over,41.94,175,-250,0.3636,0.3373,0.0779,0,0.4285,0.0648,0.0911,ev,multiplicative,projection,closing,1,closing,20260910B2546DE0,2026-10-08T15:34:16.604Z
2026,1,16027,Romeo Doubs,NE,WR,at SEA,receptions,Hard Rock,5.5,over,3.72,400,,0.2000,0.2000,,1,0.2648,0.0648,0.0648,ev,none,projection,closing,1,closing,20260910B2546DE0,2026-10-08T15:34:16.604Z
2026,1,18497,Terrance Ferguson,LAR,TE,vs SF,recYds,Hard Rock,31.5,under,16.97,-225,155,0.6923,0.6384,0.0845,0,0.7571,0.0648,0.1187,ev,multiplicative,projection,closing,1,closing,20260911F39A2BD0,2026-10-08T15:34:16.604Z
2026,1,17968,George Holani,SEA,RB,vs NE,recYds,Hard Rock,20.5,under,8.3,-400,200,0.8000,0.7059,0.1333,0,0.8647,0.0647,0.1588,ev,multiplicative,projection,closing,1,closing,20260910B2546DE0,2026-10-08T15:34:16.604Z
2026,1,16751,DeMario Douglas,NE,WR,at SEA,receptions,Caesars,2.5,over,2.42,136,-170,0.4237,0.4023,0.0534,0,0.4883,0.0646,0.0860,ev,multiplicative,projection,closing,1,closing,20260910B2546DE0,2026-10-08T15:34:16.604Z
2026,1,16560,Rashid Shaheed,SEA,WR,vs NE,rushYds,FanDuel,3.5,over,3.63,116,-152,0.4630,0.4342,0.0661,0,0.5275,0.0646,0.0933,ev,multiplicative,projection,closing,1,closing,20260910B2546DE0,2026-10-08T15:34:16.604Z
2026,1,11892,George Kittle,SF,TE,at LAR,recYds,DraftKings,39.5,over,40.53,120,,0.4545,0.4545,,1,0.5192,0.0646,0.0646,ev,none,projection,closing,1,closing,20260911F39A2BD0,2026-10-08T15:34:16.604Z
2026,1,18497,Terrance Ferguson,LAR,TE,vs SF,recYds,Hard Rock,46.5,under,16.97,-600,350,0.8571,0.7941,0.0794,0,0.9217,0.0646,0.1276,ev,multiplicative,projection,closing,1,closing,20260911F39A2BD0,2026-10-08T15:34:16.604Z
2026,1,11892,George Kittle,SF,TE,at LAR,recYds,theScore,39.5,over,40.53,120,-130,0.4545,0.4457,0.0198,0,0.5192,0.0646,0.0734,ev,multiplicative,projection,closing,1,closing,20260911F39A2BD0,2026-10-08T15:34:16.604Z
2026,1,17690,Blake Corum,LAR,RB,vs SF,rushYds,Hard Rock,73.5,over,49.02,350,-575,0.2222,0.2069,0.0741,0,0.2868,0.0646,0.0799,ev,multiplicative,projection,closing,1,closing,20260911F39A2BD0,2026-10-08T15:34:16.604Z
2026,1,17673,Drake Maye,NE,QB,at SEA,passYds,Hard Rock,119.5,under,255.56,1750,-8000,0.0541,0.0519,0.0417,0,0.1186,0.0645,0.0667,ev,multiplicative,projection,closing,1,closing,20260910B2546DE0,2026-10-08T15:34:16.604Z
2026,1,11690,Christian McCaffrey,SF,RB,at LAR,rushYds,FanDuel,59.5,over,69.32,-110,-113,0.5238,0.4968,0.0543,0,0.5882,0.0644,0.0914,ev,multiplicative,projection,closing,1,closing,20260911F39A2BD0,2026-10-08T15:34:16.604Z
2026,1,12490,Sam Darnold,SEA,QB,vs NE,passYds,Hard Rock,137.5,under,243.94,900,-4000,0.1000,0.0930,0.0756,0,0.1644,0.0644,0.0715,ev,multiplicative,projection,closing,1,closing,20260910B2546DE0,2026-10-08T15:34:16.604Z
2026,1,16751,DeMario Douglas,NE,WR,at SEA,recYds,Hard Rock,24.5,over,29.73,-105,-160,0.5122,0.4542,0.1276,0,0.5766,0.0644,0.1224,ev,multiplicative,projection,closing,1,closing,20260910B2546DE0,2026-10-08T15:34:16.604Z
2026,1,11690,Christian McCaffrey,SF,RB,at LAR,rushYds,Circa Sports,59.5,over,69.32,-110,-110,0.5238,0.5000,0.0476,0,0.5882,0.0644,0.0882,ev,multiplicative,projection,closing,1,closing,20260911F39A2BD0,2026-10-08T15:34:16.604Z
2026,1,16418,Jake Tonges,SF,TE,at LAR,recYds,Hard Rock,36.5,under,8.35,-1400,600,0.9333,0.8673,0.0762,0,0.9977,0.0644,0.1304,ev,multiplicative,projection,closing,1,closing,20260911F39A2BD0,2026-10-08T15:34:16.604Z
2026,1,11690,Christian McCaffrey,SF,RB,at LAR,rushYds,Hard Rock,109.5,under,69.32,-1400,575,0.9333,0.8630,0.0815,0,0.9977,0.0644,0.1347,ev,multiplicative,projection,closing,1,closing,20260911F39A2BD0,2026-10-08T15:34:16.604Z
2026,1,16560,Rashid Shaheed,SEA,WR,vs NE,recYds,FanDuel,24.5,over,41.94,-188,,0.6528,0.6528,,1,0.7170,0.0643,0.0643,ev,none,projection,closing,1,closing,20260910B2546DE0,2026-10-08T15:34:16.604Z
2026,1,17688,Jordan Whittington,LAR,WR,vs SF,receptions,FanDuel,0.5,under,0.54,148,-200,0.4032,0.3769,0.0699,0,0.4674,0.0642,0.0905,ev,multiplicative,projection,closing,1,closing,20260911F39A2BD0,2026-10-08T15:34:16.604Z
2026,1,18497,Terrance Ferguson,LAR,TE,vs SF,recYds,Hard Rock,63.5,under,16.97,-1200,525,0.9231,0.8523,0.0831,0,0.9872,0.0641,0.1349,ev,multiplicative,projection,closing,1,closing,20260911F39A2BD0,2026-10-08T15:34:16.604Z
2026,1,17673,Drake Maye,NE,QB,at SEA,passYds,Hard Rock,319.5,over,255.56,650,-1600,0.1333,0.1241,0.0745,0,0.1973,0.0640,0.0732,ev,multiplicative,projection,closing,1,closing,20260910B2546DE0,2026-10-08T15:34:16.604Z
2026,1,16751,DeMario Douglas,NE,WR,at SEA,recYds,Hard Rock,14.5,over,29.73,-185,135,0.6491,0.6040,0.0747,0,0.7131,0.0640,0.1091,ev,multiplicative,projection,closing,1,closing,20260910B2546DE0,2026-10-08T15:34:16.604Z
2026,1,5971,Matthew Stafford,LAR,QB,vs SF,passYds,Hard Rock,240.5,under,245.83,140,-195,0.4167,0.3866,0.0777,0,0.4807,0.0640,0.0940,ev,multiplicative,projection,closing,1,closing,20260911F39A2BD0,2026-10-08T15:34:16.604Z
2026,1,11690,Christian McCaffrey,SF,RB,at LAR,rushYds,Hard Rock,14.5,under,69.32,2250,-9000,0.0426,0.0413,0.0316,0,0.1066,0.0640,0.0653,ev,multiplicative,projection,closing,1,closing,20260911F39A2BD0,2026-10-08T15:34:16.604Z
2026,1,16751,DeMario Douglas,NE,WR,at SEA,recYds,FanDuel,39.5,over,29.73,270,,0.2703,0.2703,,1,0.3342,0.0639,0.0639,ev,none,projection,closing,1,closing,20260910B2546DE0,2026-10-08T15:34:16.604Z
2026,1,15807,Kyren Williams,LAR,RB,vs SF,recYds,DraftKings,9.5,over,12.2,-119,-106,0.5434,0.5136,0.0579,0,0.6073,0.0639,0.0937,ev,multiplicative,projection,closing,1,closing,20260911F39A2BD0,2026-10-08T15:34:16.604Z
2026,1,19330,De'Zhaun Stribling,SF,WR,at LAR,recYds,Circa Sports,36.5,under,30.08,-110,-110,0.5238,0.5000,0.0476,0,0.5877,0.0639,0.0877,ev,multiplicative,projection,closing,1,closing,20260911F39A2BD0,2026-10-08T15:34:16.604Z
2026,1,17673,Drake Maye,NE,QB,at SEA,passYds,Hard Rock,109.5,under,255.56,2500,-9000,0.0385,0.0374,0.0275,0,0.1022,0.0638,0.0648,ev,multiplicative,projection,closing,1,closing,20260910B2546DE0,2026-10-08T15:34:16.604Z
2026,1,9455,Davante Adams,LAR,WR,vs SF,receptions,Hard Rock,6.5,over,4.07,325,,0.2353,0.2353,,1,0.2991,0.0638,0.0638,ev,none,projection,closing,1,closing,20260911F39A2BD0,2026-10-08T15:34:16.604Z
2026,1,5971,Matthew Stafford,LAR,QB,vs SF,passYds,Hard Rock,265.5,under,245.83,-120,-110,0.5455,0.5101,0.0693,0,0.6091,0.0637,0.0990,ev,multiplicative,projection,closing,1,closing,20260911F39A2BD0,2026-10-08T15:34:16.604Z
2026,1,9253,Mike Evans,SF,WR,at LAR,recYds,Caesars,39.5,over,55.41,-176,,0.6377,0.6377,,1,0.7012,0.0635,0.0635,ev,none,projection,closing,1,closing,20260911F39A2BD0,2026-10-08T15:34:16.604Z
2026,1,9253,Mike Evans,SF,WR,at LAR,receptions,Caesars,4.5,over,3.97,160,,0.3846,0.3846,,1,0.4481,0.0635,0.0635,ev,none,projection,closing,1,closing,20260911F39A2BD0,2026-10-08T15:34:16.604Z
2026,1,17690,Blake Corum,LAR,RB,vs SF,rushYds,Caesars,59.5,over,49.02,193,,0.3413,0.3413,,1,0.4048,0.0635,0.0635,ev,none,projection,closing,1,closing,20260911F39A2BD0,2026-10-08T15:34:16.604Z
2026,1,5971,Matthew Stafford,LAR,QB,vs SF,passYds,Circa Sports,261.5,under,245.83,-110,-110,0.5238,0.5000,0.0476,0,0.5873,0.0635,0.0873,ev,multiplicative,projection,closing,1,closing,20260911F39A2BD0,2026-10-08T15:34:16.604Z
2026,1,11892,George Kittle,SF,TE,at LAR,recYds,FanDuel,14.5,over,40.53,-470,,0.8246,0.8246,,1,0.8880,0.0634,0.0634,ev,none,projection,closing,1,closing,20260911F39A2BD0,2026-10-08T15:34:16.604Z
2026,1,11892,George Kittle,SF,TE,at LAR,recYds,Hard Rock,31.5,over,40.53,-150,110,0.6000,0.5575,0.0762,0,0.6634,0.0634,0.1059,ev,multiplicative,projection,closing,1,closing,20260911F39A2BD0,2026-10-08T15:34:16.604Z
2026,1,17673,Drake Maye,NE,QB,at SEA,passYds,Hard Rock,121.5,under,255.56,1600,-8000,0.0588,0.0562,0.0465,0,0.1221,0.0633,0.0659,ev,multiplicative,projection,closing,1,closing,20260910B2546DE0,2026-10-08T15:34:16.604Z
2026,1,12490,Sam Darnold,SEA,QB,vs NE,passYds,Hard Rock,147.5,under,243.94,700,-2000,0.1250,0.1160,0.0774,0,0.1882,0.0632,0.0722,ev,multiplicative,projection,closing,1,closing,20260910B2546DE0,2026-10-08T15:34:16.604Z
2026,1,12490,Sam Darnold,SEA,QB,vs NE,passYds,Hard Rock,247.5,over,243.94,140,-195,0.4167,0.3866,0.0777,0,0.4799,0.0632,0.0932,ev,multiplicative,projection,closing,1,closing,20260910B2546DE0,2026-10-08T15:34:16.604Z
2026,1,17690,Blake Corum,LAR,RB,vs SF,rushYds,Circa Sports,42.5,over,49.02,-110,-110,0.5238,0.5000,0.0476,0,0.5870,0.0632,0.0870,ev,multiplicative,projection,closing,1,closing,20260911F39A2BD0,2026-10-08T15:34:16.604Z
2026,1,11690,Christian McCaffrey,SF,RB,at LAR,rushYds,Hard Rock,15.5,under,69.32,2000,-10000,0.0476,0.0459,0.0377,0,0.1108,0.0632,0.0649,ev,multiplicative,projection,closing,1,closing,20260911F39A2BD0,2026-10-08T15:34:16.604Z
2026,1,16027,Romeo Doubs,NE,WR,at SEA,receptions,DraftKings,6.5,over,3.72,900,,0.1000,0.1000,,1,0.1631,0.0631,0.0631,ev,none,projection,closing,1,closing,20260910B2546DE0,2026-10-08T15:34:16.604Z
2026,1,9455,Davante Adams,LAR,WR,vs SF,receptions,FanDuel,8.5,over,4.07,850,,0.1053,0.1053,,1,0.1683,0.0631,0.0631,ev,none,projection,closing,1,closing,20260911F39A2BD0,2026-10-08T15:34:16.604Z
2026,1,17673,Drake Maye,NE,QB,at SEA,passYds,Hard Rock,134.5,under,255.56,1100,-5000,0.0833,0.0783,0.0637,0,0.1465,0.0631,0.0681,ev,multiplicative,projection,closing,1,closing,20260910B2546DE0,2026-10-08T15:34:16.604Z
2026,1,16654,Jaxon Smith-Njigba,SEA,WR,vs NE,recYds,theScore,69.5,over,94.17,-175,,0.6364,0.6364,,1,0.6994,0.0630,0.0630,ev,none,projection,closing,1,closing,20260910B2546DE0,2026-10-08T15:34:16.604Z
2026,1,16560,Rashid Shaheed,SEA,WR,vs NE,receptions,FanDuel,6.5,over,2.87,1700,,0.0556,0.0556,,1,0.1184,0.0629,0.0629,ev,none,projection,closing,1,closing,20260910B2546DE0,2026-10-08T15:34:16.604Z
2026,1,13429,Deebo Samuel Sr.,SF,WR,at LAR,receptions,Caesars,5.5,over,3.36,700,,0.1250,0.1250,,1,0.1879,0.0629,0.0629,ev,none,projection,closing,1,closing,20260911F39A2BD0,2026-10-08T15:34:16.604Z
2026,1,13432,A.J. Brown,NE,WR,at SEA,recYds,Hard Rock,81.5,over,79.78,140,-240,0.4167,0.3712,0.1225,0,0.4796,0.0629,0.1084,ev,multiplicative,projection,closing,1,closing,20260910B2546DE0,2026-10-08T15:34:16.604Z
2026,1,11892,George Kittle,SF,TE,at LAR,recYds,Hard Rock,92.5,under,40.53,-1400,575,0.9333,0.8630,0.0815,0,0.9962,0.0629,0.1332,ev,multiplicative,projection,closing,1,closing,20260911F39A2BD0,2026-10-08T15:34:16.604Z
2026,1,16751,DeMario Douglas,NE,WR,at SEA,receptions,DraftKings,2.5,over,2.42,135,-173,0.4255,0.4017,0.0592,0,0.4883,0.0628,0.0866,ev,multiplicative,projection,closing,1,closing,20260910B2546DE0,2026-10-08T15:34:16.604Z
2026,1,15372,Rhamondre Stevenson,NE,RB,at SEA,receptions,FanDuel,1.5,over,2.94,-650,,0.8667,0.8667,,1,0.9294,0.0628,0.0628,ev,none,projection,closing,1,closing,20260910B2546DE0,2026-10-08T15:34:16.604Z
2026,1,17673,Drake Maye,NE,QB,at SEA,passYds,Hard Rock,118.5,under,255.56,1750,-9000,0.0541,0.0518,0.0431,0,0.1169,0.0628,0.0651,ev,multiplicative,projection,closing,1,closing,20260910B2546DE0,2026-10-08T15:34:16.604Z
2026,1,15807,Kyren Williams,LAR,RB,vs SF,rushAtt,Hard Rock,11.5,over,14.93,-225,,0.6923,0.6923,,1,0.7551,0.0628,0.0628,ev,none,projection,closing,1,closing,20260911F39A2BD0,2026-10-08T15:34:16.604Z
2026,1,16654,Jaxon Smith-Njigba,SEA,WR,vs NE,recYds,BetRivers,82.5,over,94.17,-115,-115,0.5349,0.5000,0.0698,0,0.5976,0.0627,0.0976,ev,multiplicative,projection,closing,1,closing,20260910B2546DE0,2026-10-08T15:34:16.604Z
2026,1,16654,Jaxon Smith-Njigba,SEA,WR,vs NE,recYds,DraftKings,82.5,over,94.17,-115,-120,0.5349,0.4951,0.0803,0,0.5976,0.0627,0.1025,ev,multiplicative,projection,closing,1,closing,20260910B2546DE0,2026-10-08T15:34:16.604Z
2026,1,16654,Jaxon Smith-Njigba,SEA,WR,vs NE,recYds,Caesars,82.5,over,94.17,-115,-113,0.5349,0.5020,0.0654,0,0.5976,0.0627,0.0956,ev,multiplicative,projection,closing,1,closing,20260910B2546DE0,2026-10-08T15:34:16.604Z
2026,1,13432,A.J. Brown,NE,WR,at SEA,receptions,Hard Rock,9.5,over,5.42,800,,0.1111,0.1111,,1,0.1738,0.0627,0.0627,ev,none,projection,closing,1,closing,20260910B2546DE0,2026-10-08T15:34:16.604Z
2026,1,11690,Christian McCaffrey,SF,RB,at LAR,rushAtt,theScore,16.5,over,17.64,105,-130,0.4878,0.4632,0.0530,0,0.5505,0.0627,0.0872,ev,multiplicative,projection,closing,1,closing,20260911F39A2BD0,2026-10-08T15:34:16.604Z
2026,1,17673,Drake Maye,NE,QB,at SEA,passYds,Hard Rock,305.5,over,255.56,425,-800,0.1905,0.1765,0.0794,0,0.2531,0.0626,0.0766,ev,multiplicative,projection,closing,1,closing,20260910B2546DE0,2026-10-08T15:34:16.604Z
2026,1,16654,Jaxon Smith-Njigba,SEA,WR,vs NE,recYds,BetRivers,79.5,over,94.17,-127,,0.5595,0.5595,,1,0.6220,0.0625,0.0625,ev,none,projection,closing,1,closing,20260910B2546DE0,2026-10-08T15:34:16.604Z
2026,1,17673,Drake Maye,NE,QB,at SEA,rushYds,Hard Rock,51.5,under,25.57,-1500,475,0.9375,0.8435,0.1114,0,1.0000,0.0625,0.1565,ev,multiplicative,projection,closing,1,closing,20260910B2546DE0,2026-10-08T15:34:16.604Z
2026,1,17673,Drake Maye,NE,QB,at SEA,rushYds,Hard Rock,52.5,under,25.57,-1500,475,0.9375,0.8435,0.1114,0,1.0000,0.0625,0.1565,ev,multiplicative,projection,closing,1,closing,20260910B2546DE0,2026-10-08T15:34:16.604Z
2026,1,11163,Demarcus Robinson,SF,WR,at LAR,recYds,Hard Rock,47.5,under,12.4,-1500,600,0.9375,0.8678,0.0804,0,1.0000,0.0625,0.1322,ev,multiplicative,projection,closing,1,closing,20260911F39A2BD0,2026-10-08T15:34:16.604Z
2026,1,15834,Brock Purdy,SF,QB,at LAR,rushYds,Hard Rock,43.5,under,12.65,-1500,600,0.9375,0.8678,0.0804,0,1.0000,0.0625,0.1322,ev,multiplicative,projection,closing,1,closing,20260911F39A2BD0,2026-10-08T15:34:16.604Z
2026,1,13429,Deebo Samuel Sr.,SF,WR,at LAR,rushYds,Hard Rock,33.5,under,4.1,-1500,650,0.9375,0.8755,0.0708,0,1.0000,0.0625,0.1245,ev,multiplicative,projection,closing,1,closing,20260911F39A2BD0,2026-10-08T15:34:16.604Z
2026,1,15807,Kyren Williams,LAR,RB,vs SF,rushYds,Hard Rock,40.5,over,66.77,-275,185,0.7333,0.6764,0.0842,0,0.7958,0.0625,0.1195,ev,multiplicative,projection,closing,1,closing,20260911F39A2BD0,2026-10-08T15:34:16.604Z
2026,1,17673,Drake Maye,NE,QB,at SEA,passYds,Circa Sports,230.5,over,255.56,-110,-110,0.5238,0.5000,0.0476,0,0.5862,0.0624,0.0862,ev,multiplicative,projection,closing,1,closing,20260910B2546DE0,2026-10-08T15:34:16.604Z
2026,1,12490,Sam Darnold,SEA,QB,vs NE,passYds,Hard Rock,150.5,under,243.94,650,-1800,0.1333,0.1234,0.0807,0,0.1957,0.0624,0.0723,ev,multiplicative,projection,closing,1,closing,20260910B2546DE0,2026-10-08T15:34:16.604Z
2026,1,18532,Corey Kiner,NE,RB,at SEA,rushYds,Hard Rock,2.5,over,11.74,-325,220,0.7647,0.7099,0.0772,0,0.8271,0.0624,0.1172,ev,multiplicative,projection,closing,1,closing,20260910B2546DE0,2026-10-08T15:34:16.604Z
2026,1,12490,Sam Darnold,SEA,QB,vs NE,completions,DraftKings,29.5,over,20.76,1800,,0.0526,0.0526,,1,0.1149,0.0623,0.0623,ev,none,projection,closing,1,closing,20260910B2546DE0,2026-10-08T15:34:16.604Z
2026,1,13432,A.J. Brown,NE,WR,at SEA,recYds,Hard Rock,58.5,over,79.78,-195,115,0.6610,0.5870,0.1261,0,0.7233,0.0623,0.1363,ev,multiplicative,projection,closing,1,closing,20260910B2546DE0,2026-10-08T15:34:16.604Z
2026,1,16027,Romeo Doubs,NE,WR,at SEA,recYds,Hard Rock,51.5,over,49.28,155,-275,0.3922,0.3484,0.1255,0,0.4545,0.0623,0.1061,ev,multiplicative,projection,closing,1,closing,20260910B2546DE0,2026-10-08T15:34:16.604Z
2026,1,18497,Terrance Ferguson,LAR,TE,vs SF,recYds,DraftKings,21.5,under,16.97,-110,-115,0.5238,0.4948,0.0587,0,0.5860,0.0622,0.0912,ev,multiplicative,projection,closing,1,closing,20260911F39A2BD0,2026-10-08T15:34:16.604Z
2026,1,17673,Drake Maye,NE,QB,at SEA,passYds,Hard Rock,108.5,under,255.56,2500,-10000,0.0385,0.0374,0.0286,0,0.1007,0.0622,0.0633,ev,multiplicative,projection,closing,1,closing,20260910B2546DE0,2026-10-08T15:34:16.604Z
2026,1,15372,Rhamondre Stevenson,NE,RB,at SEA,recYds,Hard Rock,58.5,under,20.57,-1500,450,0.9375,0.8376,0.1193,0,0.9997,0.0622,0.1622,ev,multiplicative,projection,closing,1,closing,20260910B2546DE0,2026-10-08T15:34:16.604Z
2026,1,15834,Brock Purdy,SF,QB,at LAR,passYds,Hard Rock,179.5,under,246.99,375,-700,0.2105,0.1939,0.0855,0,0.2727,0.0622,0.0788,ev,multiplicative,projection,closing,1,closing,20260911F39A2BD0,2026-10-08T15:34:16.604Z
2026,1,18497,Terrance Ferguson,LAR,TE,vs SF,recYds,Hard Rock,21.5,under,16.97,-110,-120,0.5238,0.4899,0.0693,0,0.5860,0.0622,0.0961,ev,multiplicative,projection,closing,1,closing,20260911F39A2BD0,2026-10-08T15:34:16.604Z
2026,1,12490,Sam Darnold,SEA,QB,vs NE,passYds,FanDuel,249.5,over,243.94,146,,0.4065,0.4065,,1,0.4686,0.0621,0.0621,ev,none,projection,closing,1,closing,20260910B2546DE0,2026-10-08T15:34:16.604Z
2026,1,10735,Hunter Henry,NE,TE,at SEA,recYds,FanDuel,9.5,over,39.85,-1000,,0.9091,0.9091,,1,0.9712,0.0621,0.0621,ev,none,projection,closing,1,closing,20260910B2546DE0,2026-10-08T15:34:16.604Z
2026,1,18532,Corey Kiner,NE,RB,at SEA,rushYds,FanDuel,9.5,over,11.74,-112,,0.5283,0.5283,,1,0.5904,0.0621,0.0621,ev,none,projection,closing,1,closing,20260910B2546DE0,2026-10-08T15:34:16.604Z
2026,1,17673,Drake Maye,NE,QB,at SEA,passYds,Hard Rock,244.5,over,255.56,110,-150,0.4762,0.4425,0.0762,0,0.5383,0.0621,0.0958,ev,multiplicative,projection,closing,1,closing,20260910B2546DE0,2026-10-08T15:34:16.604Z
2026,1,11892,George Kittle,SF,TE,at LAR,recYds,Hard Rock,71.5,under,40.53,-750,400,0.8824,0.8152,0.0824,0,0.9445,0.0621,0.1292,ev,multiplicative,projection,closing,1,closing,20260911F39A2BD0,2026-10-08T15:34:16.604Z
2026,1,11892,George Kittle,SF,TE,at LAR,receptions,Hard Rock,2.5,over,3.77,-240,,0.7059,0.7059,,1,0.7680,0.0621,0.0621,ev,none,projection,closing,1,closing,20260911F39A2BD0,2026-10-08T15:34:16.604Z
2026,1,11892,George Kittle,SF,TE,at LAR,receptions,theScore,2.5,over,3.77,-240,,0.7059,0.7059,,1,0.7680,0.0621,0.0621,ev,none,projection,closing,1,closing,20260911F39A2BD0,2026-10-08T15:34:16.604Z
2026,1,13432,A.J. Brown,NE,WR,at SEA,recYds,Hard Rock,52.5,over,79.78,-250,140,0.7143,0.6316,0.1310,0,0.7763,0.0620,0.1447,ev,multiplicative,projection,closing,1,closing,20260910B2546DE0,2026-10-08T15:34:16.604Z
2026,1,16560,Rashid Shaheed,SEA,WR,vs NE,recYds,Hard Rock,21.5,over,41.94,-220,155,0.6875,0.6368,0.0797,0,0.7495,0.0620,0.1127,ev,multiplicative,projection,closing,1,closing,20260910B2546DE0,2026-10-08T15:34:16.604Z
2026,1,17673,Drake Maye,NE,QB,at SEA,passYds,Hard Rock,317.5,over,255.56,600,-1600,0.1429,0.1318,0.0840,0,0.2048,0.0619,0.0730,ev,multiplicative,projection,closing,1,closing,20260910B2546DE0,2026-10-08T15:34:16.604Z
2026,1,16560,Rashid Shaheed,SEA,WR,vs NE,recYds,Hard Rock,34.5,over,41.94,-115,-115,0.5349,0.5000,0.0698,0,0.5967,0.0619,0.0967,ev,multiplicative,projection,closing,1,closing,20260910B2546DE0,2026-10-08T15:34:16.604Z
2026,1,11690,Christian McCaffrey,SF,RB,at LAR,recYds,Hard Rock,29.5,under,33.41,170,-240,0.3704,0.3441,0.0763,0,0.4322,0.0619,0.0881,ev,multiplicative,projection,closing,1,closing,20260911F39A2BD0,2026-10-08T15:34:16.604Z
2026,1,11690,Christian McCaffrey,SF,RB,at LAR,rushYds,Hard Rock,67.5,over,69.32,120,-165,0.4545,0.4220,0.0772,0,0.5165,0.0619,0.0945,ev,multiplicative,projection,closing,1,closing,20260911F39A2BD0,2026-10-08T15:34:16.604Z
2026,1,17690,Blake Corum,LAR,RB,vs SF,rushYds,Hard Rock,63.5,over,49.02,225,-350,0.3077,0.2835,0.0855,0,0.3696,0.0619,0.0861,ev,multiplicative,projection,closing,1,closing,20260911F39A2BD0,2026-10-08T15:34:16.604Z
2026,1,11892,George Kittle,SF,TE,at LAR,receptions,BetRivers,3.5,over,3.77,100,,0.5000,0.5000,,1,0.5618,0.0618,0.0618,ev,none,projection,closing,1,closing,20260911F39A2BD0,2026-10-08T15:34:16.604Z
2026,1,5971,Matthew Stafford,LAR,QB,vs SF,passTD,DraftKings,3.5,over,2.13,850,,0.1053,0.1053,,1,0.1671,0.0618,0.0618,ev,none,projection,closing,1,closing,20260911F39A2BD0,2026-10-08T15:34:16.604Z
2026,1,9455,Davante Adams,LAR,WR,vs SF,receptions,theScore,7.5,over,4.07,500,,0.1667,0.1667,,1,0.2285,0.0618,0.0618,ev,none,projection,closing,1,closing,20260911F39A2BD0,2026-10-08T15:34:16.604Z
2026,1,17673,Drake Maye,NE,QB,at SEA,passYds,DraftKings,324.5,over,255.56,750,,0.1176,0.1176,,1,0.1793,0.0617,0.0617,ev,none,projection,closing,1,closing,20260910B2546DE0,2026-10-08T15:34:16.604Z
2026,1,17968,George Holani,SEA,RB,vs NE,recYds,Hard Rock,24.5,under,8.3,-650,275,0.8667,0.7647,0.1333,0,0.9282,0.0616,0.1635,ev,multiplicative,projection,closing,1,closing,20260910B2546DE0,2026-10-08T15:34:16.604Z
2026,1,11892,George Kittle,SF,TE,at LAR,recYds,Hard Rock,38.5,over,40.53,110,-155,0.4762,0.4393,0.0840,0,0.5378,0.0616,0.0985,ev,multiplicative,projection,closing,1,closing,20260911F39A2BD0,2026-10-08T15:34:16.604Z
2026,1,12490,Sam Darnold,SEA,QB,vs NE,passYds,DraftKings,299.5,over,243.94,550,,0.1538,0.1538,,1,0.2153,0.0615,0.0615,ev,none,projection,closing,1,closing,20260910B2546DE0,2026-10-08T15:34:16.604Z
2026,1,10854,Tyler Higbee,LAR,TE,vs SF,recYds,BetRivers,10.5,under,9.19,-112,-120,0.5283,0.4920,0.0738,0,0.5898,0.0615,0.0978,ev,multiplicative,projection,closing,1,closing,20260911F39A2BD0,2026-10-08T15:34:16.604Z
2026,1,17673,Drake Maye,NE,QB,at SEA,passYds,Hard Rock,120.5,under,255.56,1600,-8000,0.0588,0.0562,0.0465,0,0.1203,0.0615,0.0641,ev,multiplicative,projection,closing,1,closing,20260910B2546DE0,2026-10-08T15:34:16.604Z
2026,1,17673,Drake Maye,NE,QB,at SEA,passYds,Caesars,227.5,over,255.56,-115,-114,0.5349,0.5010,0.0676,0,0.5963,0.0614,0.0953,ev,multiplicative,projection,closing,1,closing,20260910B2546DE0,2026-10-08T15:34:16.604Z
2026,1,11863,Cooper Kupp,SEA,WR,vs NE,recYds,DraftKings,39.5,over,36.09,165,,0.3774,0.3774,,1,0.4387,0.0614,0.0614,ev,none,projection,closing,1,closing,20260910B2546DE0,2026-10-08T15:34:16.604Z
2026,1,17673,Drake Maye,NE,QB,at SEA,passYds,Hard Rock,227.5,over,255.56,-115,-115,0.5349,0.5000,0.0698,0,0.5963,0.0614,0.0963,ev,multiplicative,projection,closing,1,closing,20260910B2546DE0,2026-10-08T15:34:16.604Z
2026,1,5971,Matthew Stafford,LAR,QB,vs SF,passYds,Hard Rock,286.5,under,245.83,-190,135,0.6552,0.6062,0.0807,0,0.7166,0.0614,0.1104,ev,multiplicative,projection,closing,1,closing,20260911F39A2BD0,2026-10-08T15:34:16.604Z
2026,1,11863,Cooper Kupp,SEA,WR,vs NE,recYds,BetRivers,31.5,over,36.09,100,-132,0.5000,0.4677,0.0690,0,0.5613,0.0613,0.0936,ev,multiplicative,projection,closing,1,closing,20260910B2546DE0,2026-10-08T15:34:16.604Z
2026,1,13432,A.J. Brown,NE,WR,at SEA,recYds,FanDuel,39.5,over,79.78,-420,,0.8077,0.8077,,1,0.8690,0.0613,0.0613,ev,none,projection,closing,1,closing,20260910B2546DE0,2026-10-08T15:34:16.604Z
2026,1,17968,George Holani,SEA,RB,vs NE,rushYds,Circa Sports,22,under,18.96,-110,-110,0.5238,0.5000,0.0476,0,0.5851,0.0613,0.0851,ev,multiplicative,projection,closing,1,closing,20260910B2546DE0,2026-10-08T15:34:16.604Z
2026,1,11892,George Kittle,SF,TE,at LAR,receptions,BetRivers,5.5,over,3.77,410,,0.1961,0.1961,,1,0.2572,0.0612,0.0612,ev,none,projection,closing,1,closing,20260911F39A2BD0,2026-10-08T15:34:16.604Z
2026,1,5971,Matthew Stafford,LAR,QB,vs SF,passYds,Hard Rock,252.5,under,245.83,110,-150,0.4762,0.4425,0.0762,0,0.5374,0.0612,0.0949,ev,multiplicative,projection,closing,1,closing,20260911F39A2BD0,2026-10-08T15:34:16.604Z
2026,1,17673,Drake Maye,NE,QB,at SEA,passYds,Hard Rock,117.5,under,255.56,1750,-9000,0.0541,0.0518,0.0431,0,0.1152,0.0611,0.0634,ev,multiplicative,projection,closing,1,closing,20260910B2546DE0,2026-10-08T15:34:16.604Z
2026,1,16654,Jaxon Smith-Njigba,SEA,WR,vs NE,receptions,theScore,7.5,over,6.83,155,,0.3922,0.3922,,1,0.4533,0.0611,0.0611,ev,none,projection,closing,1,closing,20260910B2546DE0,2026-10-08T15:34:16.604Z
2026,1,15807,Kyren Williams,LAR,RB,vs SF,rushYds,FanDuel,39.5,over,66.77,-290,,0.7436,0.7436,,1,0.8046,0.0610,0.0610,ev,none,projection,closing,1,closing,20260911F39A2BD0,2026-10-08T15:34:16.604Z
2026,1,17690,Blake Corum,LAR,RB,vs SF,rushYds,BetRivers,41.5,over,49.02,-117,-114,0.5392,0.5030,0.0719,0,0.6001,0.0609,0.0971,ev,multiplicative,projection,closing,1,closing,20260911F39A2BD0,2026-10-08T15:34:16.604Z
2026,1,16751,DeMario Douglas,NE,WR,at SEA,recYds,Hard Rock,31.5,over,29.73,145,-260,0.4082,0.3611,0.1304,0,0.4691,0.0609,0.1080,ev,multiplicative,projection,closing,1,closing,20260910B2546DE0,2026-10-08T15:34:16.604Z
2026,1,11690,Christian McCaffrey,SF,RB,at LAR,recYds,Hard Rock,4.5,under,33.41,2250,-3000,0.0426,0.0421,0.0103,0,0.1035,0.0609,0.0613,ev,multiplicative,projection,closing,1,closing,20260911F39A2BD0,2026-10-08T15:34:16.604Z
2026,1,18497,Terrance Ferguson,LAR,TE,vs SF,recYds,Hard Rock,26.5,under,16.97,-160,115,0.6154,0.5695,0.0805,0,0.6762,0.0608,0.1067,ev,multiplicative,projection,closing,1,closing,20260911F39A2BD0,2026-10-08T15:34:16.604Z
2026,1,17690,Blake Corum,LAR,RB,vs SF,rushYds,theScore,49.5,over,49.02,130,,0.4348,0.4348,,1,0.4956,0.0608,0.0608,ev,none,projection,closing,1,closing,20260911F39A2BD0,2026-10-08T15:34:16.604Z
2026,1,17673,Drake Maye,NE,QB,at SEA,completions,DraftKings,31.5,over,21.58,2800,,0.0345,0.0345,,1,0.0952,0.0607,0.0607,ev,none,projection,closing,1,closing,20260910B2546DE0,2026-10-08T15:34:16.604Z
2026,1,17673,Drake Maye,NE,QB,at SEA,passYds,Hard Rock,107.5,under,255.56,2500,-9000,0.0385,0.0374,0.0275,0,0.0992,0.0607,0.0617,ev,multiplicative,projection,closing,1,closing,20260910B2546DE0,2026-10-08T15:34:16.604Z
2026,1,15372,Rhamondre Stevenson,NE,RB,at SEA,rushYds,Hard Rock,71.5,over,72.39,120,-200,0.4545,0.4054,0.1212,0,0.5151,0.0606,0.1097,ev,multiplicative,projection,closing,1,closing,20260910B2546DE0,2026-10-08T15:34:16.604Z
2026,1,17690,Blake Corum,LAR,RB,vs SF,rushYds,theScore,44.5,over,49.02,100,-130,0.5000,0.4694,0.0652,0,0.5606,0.0606,0.0912,ev,multiplicative,projection,closing,1,closing,20260911F39A2BD0,2026-10-08T15:34:16.604Z
2026,1,17673,Drake Maye,NE,QB,at SEA,passYds,BetRivers,226.5,over,255.56,-117,-114,0.5392,0.5030,0.0719,0,0.5997,0.0605,0.0966,ev,multiplicative,projection,closing,1,closing,20260910B2546DE0,2026-10-08T15:34:16.604Z
2026,1,17690,Blake Corum,LAR,RB,vs SF,rushYds,Hard Rock,68.5,over,49.02,275,-450,0.2667,0.2458,0.0848,0,0.3271,0.0605,0.0813,ev,multiplicative,projection,closing,1,closing,20260911F39A2BD0,2026-10-08T15:34:16.604Z
2026,1,16751,DeMario Douglas,NE,WR,at SEA,recYds,FanDuel,14.5,over,29.73,-188,,0.6528,0.6528,,1,0.7131,0.0604,0.0604,ev,none,projection,closing,1,closing,20260910B2546DE0,2026-10-08T15:34:16.604Z
2026,1,15807,Kyren Williams,LAR,RB,vs SF,receptions,BetRivers,1.5,over,2.1,-165,,0.6226,0.6226,,1,0.6830,0.0604,0.0604,ev,none,projection,closing,1,closing,20260911F39A2BD0,2026-10-08T15:34:16.604Z
2026,1,5971,Matthew Stafford,LAR,QB,vs SF,passYds,Hard Rock,244.5,under,245.83,130,-180,0.4348,0.4035,0.0776,0,0.4952,0.0604,0.0917,ev,multiplicative,projection,closing,1,closing,20260911F39A2BD0,2026-10-08T15:34:16.604Z
2026,1,18497,Terrance Ferguson,LAR,TE,vs SF,recYds,Hard Rock,12.5,under,16.97,200,-300,0.3333,0.3077,0.0833,0,0.3937,0.0604,0.0860,ev,multiplicative,projection,closing,1,closing,20260911F39A2BD0,2026-10-08T15:34:16.604Z
2026,1,17673,Drake Maye,NE,QB,at SEA,passYds,Hard Rock,320.5,over,255.56,650,-1600,0.1333,0.1241,0.0745,0,0.1936,0.0603,0.0695,ev,multiplicative,projection,closing,1,closing,20260910B2546DE0,2026-10-08T15:34:16.604Z
2026,1,12490,Sam Darnold,SEA,QB,vs NE,passTD,BetRivers,2.5,over,1.71,440,,0.1852,0.1852,,1,0.2454,0.0602,0.0602,ev,none,projection,closing,1,closing,20260910B2546DE0,2026-10-08T15:34:16.604Z
2026,1,16751,DeMario Douglas,NE,WR,at SEA,recYds,BetRivers,39.5,over,29.73,265,,0.2740,0.2740,,1,0.3342,0.0602,0.0602,ev,none,projection,closing,1,closing,20260910B2546DE0,2026-10-08T15:34:16.604Z
2026,1,16027,Romeo Doubs,NE,WR,at SEA,receptions,Caesars,1.5,over,3.72,-750,,0.8824,0.8824,,1,0.9425,0.0602,0.0602,ev,none,projection,closing,1,closing,20260910B2546DE0,2026-10-08T15:34:16.604Z
2026,1,11892,George Kittle,SF,TE,at LAR,recYds,FanDuel,35.5,over,40.53,-114,-114,0.5327,0.5000,0.0654,0,0.5929,0.0602,0.0929,ev,multiplicative,projection,closing,1,closing,20260911F39A2BD0,2026-10-08T15:34:16.604Z
2026,1,17673,Drake Maye,NE,QB,at SEA,passYds,Hard Rock,313.5,over,255.56,525,-1100,0.1600,0.1486,0.0767,0,0.2202,0.0602,0.0716,ev,multiplicative,projection,closing,1,closing,20260910B2546DE0,2026-10-08T15:34:16.604Z
2026,1,13432,A.J. Brown,NE,WR,at SEA,recYds,Hard Rock,77.5,over,79.78,115,-195,0.4651,0.4130,0.1261,0,0.5253,0.0602,0.1123,ev,multiplicative,projection,closing,1,closing,20260910B2546DE0,2026-10-08T15:34:16.604Z
2026,1,17673,Drake Maye,NE,QB,at SEA,passYds,DraftKings,230.5,over,255.56,-111,-113,0.5261,0.4979,0.0566,0,0.5862,0.0601,0.0883,ev,multiplicative,projection,closing,1,closing,20260910B2546DE0,2026-10-08T15:34:16.604Z
2026,1,11163,Demarcus Robinson,SF,WR,at LAR,recYds,DraftKings,14.5,under,12.4,-120,-110,0.5455,0.5101,0.0693,0,0.6056,0.0601,0.0954,ev,multiplicative,projection,closing,1,closing,20260911F39A2BD0,2026-10-08T15:34:16.604Z
2026,1,5971,Matthew Stafford,LAR,QB,vs SF,passYds,Caesars,262.5,under,245.83,-114,-114,0.5327,0.5000,0.0654,0,0.5928,0.0601,0.0928,ev,multiplicative,projection,closing,1,closing,20260911F39A2BD0,2026-10-08T15:34:16.604Z
2026,1,11163,Demarcus Robinson,SF,WR,at LAR,recYds,BetRivers,8.5,over,12.4,-113,-117,0.5305,0.4960,0.0697,0,0.5906,0.0601,0.0947,ev,multiplicative,projection,closing,1,closing,20260911F39A2BD0,2026-10-08T15:34:16.604Z
2026,1,11690,Christian McCaffrey,SF,RB,at LAR,rushYds,Caesars,60.5,over,69.32,-108,-125,0.5192,0.4831,0.0748,0,0.5794,0.0601,0.0963,ev,multiplicative,projection,closing,1,closing,20260911F39A2BD0,2026-10-08T15:34:16.604Z
2026,1,16560,Rashid Shaheed,SEA,WR,vs NE,recYds,Hard Rock,35.5,over,41.94,-110,-115,0.5238,0.4948,0.0587,0,0.5839,0.0601,0.0892,ev,multiplicative,projection,closing,1,closing,20260910B2546DE0,2026-10-08T15:34:16.604Z
2026,1,12490,Sam Darnold,SEA,QB,vs NE,passYds,Hard Rock,257.5,over,243.94,175,-250,0.3636,0.3373,0.0779,0,0.4237,0.0601,0.0864,ev,multiplicative,projection,closing,1,closing,20260910B2546DE0,2026-10-08T15:34:16.604Z
2026,1,11163,Demarcus Robinson,SF,WR,at LAR,recYds,theScore,14.5,under,12.4,-120,-110,0.5455,0.5101,0.0693,0,0.6056,0.0601,0.0954,ev,multiplicative,projection,closing,1,closing,20260911F39A2BD0,2026-10-08T15:34:16.604Z
2026,1,11690,Christian McCaffrey,SF,RB,at LAR,rushYds,Hard Rock,69.5,over,69.32,130,-185,0.4348,0.4011,0.0839,0,0.4949,0.0601,0.0938,ev,multiplicative,projection,closing,1,closing,20260911F39A2BD0,2026-10-08T15:34:16.604Z
2026,1,17690,Blake Corum,LAR,RB,vs SF,rushYds,Hard Rock,59.5,over,49.02,190,-275,0.3448,0.3198,0.0782,0,0.4048,0.0600,0.0850,ev,multiplicative,projection,closing,1,closing,20260911F39A2BD0,2026-10-08T15:34:16.604Z
2026,1,12490,Sam Darnold,SEA,QB,vs NE,passYds,DraftKings,289.5,over,243.94,402,,0.1992,0.1992,,1,0.2591,0.0599,0.0599,ev,none,projection,closing,1,closing,20260910B2546DE0,2026-10-08T15:34:16.604Z
2026,1,16654,Jaxon Smith-Njigba,SEA,WR,vs NE,recYds,BetRivers,109.5,over,94.17,220,,0.3125,0.3125,,1,0.3724,0.0599,0.0599,ev,none,projection,closing,1,closing,20260910B2546DE0,2026-10-08T15:34:16.604Z
2026,1,16654,Jaxon Smith-Njigba,SEA,WR,vs NE,recYds,DraftKings,129.5,over,94.17,500,,0.1667,0.1667,,1,0.2266,0.0599,0.0599,ev,none,projection,closing,1,closing,20260910B2546DE0,2026-10-08T15:34:16.604Z
2026,1,11690,Christian McCaffrey,SF,RB,at LAR,rushYds,BetRivers,59.5,over,69.32,-112,-118,0.5283,0.4939,0.0696,0,0.5882,0.0599,0.0943,ev,multiplicative,projection,closing,1,closing,20260911F39A2BD0,2026-10-08T15:34:16.604Z
2026,1,17673,Drake Maye,NE,QB,at SEA,passYds,Hard Rock,143.5,under,255.56,850,-3000,0.1053,0.0981,0.0730,0,0.1651,0.0599,0.0670,ev,multiplicative,projection,closing,1,closing,20260910B2546DE0,2026-10-08T15:34:16.604Z
2026,1,16027,Romeo Doubs,NE,WR,at SEA,recYds,Hard Rock,11.5,over,49.28,-1000,350,0.9091,0.8036,0.1313,0,0.9690,0.0599,0.1655,ev,multiplicative,projection,closing,1,closing,20260910B2546DE0,2026-10-08T15:34:16.604Z
2026,1,16654,Jaxon Smith-Njigba,SEA,WR,vs NE,recYds,theScore,129.5,over,94.17,500,,0.1667,0.1667,,1,0.2266,0.0599,0.0599,ev,none,projection,closing,1,closing,20260910B2546DE0,2026-10-08T15:34:16.604Z
2026,1,15807,Kyren Williams,LAR,RB,vs SF,rushAtt,Hard Rock,17.5,over,14.93,325,,0.2353,0.2353,,1,0.2952,0.0599,0.0599,ev,none,projection,closing,1,closing,20260911F39A2BD0,2026-10-08T15:34:16.604Z
2026,1,12490,Sam Darnold,SEA,QB,vs NE,passYds,DraftKings,239.5,over,243.94,119,,0.4566,0.4566,,1,0.5162,0.0596,0.0596,ev,none,projection,closing,1,closing,20260910B2546DE0,2026-10-08T15:34:16.604Z
2026,1,13432,A.J. Brown,NE,WR,at SEA,receptions,FanDuel,7.5,over,5.42,290,,0.2564,0.2564,,1,0.3160,0.0596,0.0596,ev,none,projection,closing,1,closing,20260910B2546DE0,2026-10-08T15:34:16.604Z
2026,1,13429,Deebo Samuel Sr.,SF,WR,at LAR,recYds,FanDuel,19.5,over,42.96,-215,,0.6825,0.6825,,1,0.7422,0.0596,0.0596,ev,none,projection,closing,1,closing,20260911F39A2BD0,2026-10-08T15:34:16.604Z
2026,1,15834,Brock Purdy,SF,QB,at LAR,passYds,Hard Rock,191.5,under,246.99,300,-475,0.2500,0.2323,0.0761,0,0.3096,0.0596,0.0772,ev,multiplicative,projection,closing,1,closing,20260911F39A2BD0,2026-10-08T15:34:16.604Z
2026,1,13432,A.J. Brown,NE,WR,at SEA,recYds,Caesars,39.5,over,79.78,-425,,0.8095,0.8095,,1,0.8690,0.0595,0.0595,ev,none,projection,closing,1,closing,20260910B2546DE0,2026-10-08T15:34:16.604Z
2026,1,17673,Drake Maye,NE,QB,at SEA,passYds,Hard Rock,116.5,under,255.56,1750,-9000,0.0541,0.0518,0.0431,0,0.1135,0.0595,0.0617,ev,multiplicative,projection,closing,1,closing,20260910B2546DE0,2026-10-08T15:34:16.604Z
2026,1,17673,Drake Maye,NE,QB,at SEA,passTD,DraftKings,1.5,over,1.66,130,-175,0.4348,0.4059,0.0711,0,0.4942,0.0594,0.0883,ev,multiplicative,projection,closing,1,closing,20260910B2546DE0,2026-10-08T15:34:16.604Z
2026,1,17673,Drake Maye,NE,QB,at SEA,passYds,DraftKings,329.5,over,255.56,870,,0.1031,0.1031,,1,0.1624,0.0594,0.0594,ev,none,projection,closing,1,closing,20260910B2546DE0,2026-10-08T15:34:16.604Z
2026,1,17690,Blake Corum,LAR,RB,vs SF,rushYds,Hard Rock,72.5,over,49.02,325,-575,0.2353,0.2164,0.0871,0,0.2947,0.0594,0.0782,ev,multiplicative,projection,closing,1,closing,20260911F39A2BD0,2026-10-08T15:34:16.604Z
2026,1,15372,Rhamondre Stevenson,NE,RB,at SEA,rushAtt,DraftKings,9.5,over,16.66,-1480,,0.9367,0.9367,,1,0.9960,0.0593,0.0593,ev,none,projection,closing,1,closing,20260910B2546DE0,2026-10-08T15:34:16.604Z
2026,1,12490,Sam Darnold,SEA,QB,vs NE,passYds,Hard Rock,159.5,under,243.94,525,-1100,0.1600,0.1486,0.0767,0,0.2193,0.0593,0.0707,ev,multiplicative,projection,closing,1,closing,20260910B2546DE0,2026-10-08T15:34:16.604Z
2026,1,19299,Jadarian Price,SEA,RB,vs NE,rushAtt,theScore,16.5,over,12.78,375,,0.2105,0.2105,,1,0.2698,0.0593,0.0593,ev,none,projection,closing,1,closing,20260910B2546DE0,2026-10-08T15:34:16.604Z
2026,1,11690,Christian McCaffrey,SF,RB,at LAR,rushYds,Hard Rock,82.5,under,69.32,-325,220,0.7647,0.7099,0.0772,0,0.8240,0.0593,0.1141,ev,multiplicative,projection,closing,1,closing,20260911F39A2BD0,2026-10-08T15:34:16.604Z
2026,1,17673,Drake Maye,NE,QB,at SEA,passYds,Hard Rock,106.5,under,255.56,2500,-8000,0.0385,0.0375,0.0261,0,0.0977,0.0592,0.0602,ev,multiplicative,projection,closing,1,closing,20260910B2546DE0,2026-10-08T15:34:16.604Z
2026,1,5971,Matthew Stafford,LAR,QB,vs SF,passYds,BetRivers,263.5,under,245.83,-117,-114,0.5392,0.5030,0.0719,0,0.5983,0.0591,0.0953,ev,multiplicative,projection,closing,1,closing,20260911F39A2BD0,2026-10-08T15:34:16.604Z
2026,1,14463,Colby Parkinson,LAR,TE,vs SF,recYds,BetRivers,22.5,under,20.11,-118,-113,0.5413,0.5050,0.0718,0,0.6004,0.0591,0.0953,ev,multiplicative,projection,closing,1,closing,20260911F39A2BD0,2026-10-08T15:34:16.604Z
2026,1,10735,Hunter Henry,NE,TE,at SEA,receptions,Hard Rock,4.5,over,3.59,230,,0.3030,0.3030,,1,0.3621,0.0591,0.0591,ev,none,projection,closing,1,closing,20260910B2546DE0,2026-10-08T15:34:16.604Z
2026,1,17673,Drake Maye,NE,QB,at SEA,passYds,Circa Sports,231.5,over,255.56,-110,-110,0.5238,0.5000,0.0476,0,0.5828,0.0590,0.0828,ev,multiplicative,projection,closing,1,closing,20260910B2546DE0,2026-10-08T15:34:16.604Z
2026,1,16560,Rashid Shaheed,SEA,WR,vs NE,receptions,theScore,2.5,over,2.87,-105,-125,0.5122,0.4797,0.0678,0,0.5712,0.0590,0.0915,ev,multiplicative,projection,closing,1,closing,20260910B2546DE0,2026-10-08T15:34:16.604Z
2026,1,16751,DeMario Douglas,NE,WR,at SEA,recYds,theScore,29.5,over,29.73,125,,0.4444,0.4444,,1,0.5034,0.0589,0.0589,ev,none,projection,closing,1,closing,20260910B2546DE0,2026-10-08T15:34:16.604Z
2026,1,15372,Rhamondre Stevenson,NE,RB,at SEA,recYds,Hard Rock,62.5,under,20.57,-1600,650,0.9412,0.8759,0.0745,0,0.9999,0.0588,0.1240,ev,multiplicative,projection,closing,1,closing,20260910B2546DE0,2026-10-08T15:34:16.604Z
2026,1,17968,George Holani,SEA,RB,vs NE,rushYds,Hard Rock,10.5,under,18.96,260,-400,0.2778,0.2577,0.0778,0,0.3366,0.0588,0.0789,ev,multiplicative,projection,closing,1,closing,20260910B2546DE0,2026-10-08T15:34:16.604Z
2026,1,17690,Blake Corum,LAR,RB,vs SF,recYds,Hard Rock,27.5,under,3.98,-1600,650,0.9412,0.8759,0.0745,0,1.0000,0.0588,0.1241,ev,multiplicative,projection,closing,1,closing,20260911F39A2BD0,2026-10-08T15:34:16.604Z
2026,1,14463,Colby Parkinson,LAR,TE,vs SF,recYds,Hard Rock,57.5,under,20.11,-1600,650,0.9412,0.8759,0.0745,0,1.0000,0.0588,0.1241,ev,multiplicative,projection,closing,1,closing,20260911F39A2BD0,2026-10-08T15:34:16.604Z
2026,1,11163,Demarcus Robinson,SF,WR,at LAR,recYds,Hard Rock,48.5,under,12.4,-1600,650,0.9412,0.8759,0.0745,0,1.0000,0.0588,0.1241,ev,multiplicative,projection,closing,1,closing,20260911F39A2BD0,2026-10-08T15:34:16.604Z
2026,1,11163,Demarcus Robinson,SF,WR,at LAR,recYds,Hard Rock,45.5,under,12.4,-1600,600,0.9412,0.8682,0.0840,0,1.0000,0.0588,0.1318,ev,multiplicative,projection,closing,1,closing,20260911F39A2BD0,2026-10-08T15:34:16.604Z
2026,1,14463,Colby Parkinson,LAR,TE,vs SF,recYds,Hard Rock,56.5,under,20.11,-1600,600,0.9412,0.8682,0.0840,0,0.9999,0.0588,0.1317,ev,multiplicative,projection,closing,1,closing,20260911F39A2BD0,2026-10-08T15:34:16.604Z
2026,1,11892,George Kittle,SF,TE,at LAR,recYds,Hard Rock,76.5,under,40.53,-1000,475,0.9091,0.8394,0.0830,0,0.9679,0.0588,0.1285,ev,multiplicative,projection,closing,1,closing,20260911F39A2BD0,2026-10-08T15:34:16.604Z
2026,1,10854,Tyler Higbee,LAR,TE,vs SF,recYds,Hard Rock,45.5,under,9.19,-1600,650,0.9412,0.8759,0.0745,0,1.0000,0.0588,0.1241,ev,multiplicative,projection,closing,1,closing,20260911F39A2BD0,2026-10-08T15:34:16.604Z
2026,1,15834,Brock Purdy,SF,QB,at LAR,rushYds,Hard Rock,42.5,under,12.65,-1600,600,0.9412,0.8682,0.0840,0,1.0000,0.0588,0.1318,ev,multiplicative,projection,closing,1,closing,20260911F39A2BD0,2026-10-08T15:34:16.604Z
2026,1,15834,Brock Purdy,SF,QB,at LAR,rushYds,Hard Rock,44.5,under,12.65,-1600,600,0.9412,0.8682,0.0840,0,1.0000,0.0588,0.1318,ev,multiplicative,projection,closing,1,closing,20260911F39A2BD0,2026-10-08T15:34:16.604Z
2026,1,13432,A.J. Brown,NE,WR,at SEA,recYds,Hard Rock,79.5,over,79.78,125,-210,0.4444,0.3962,0.1219,0,0.5031,0.0587,0.1069,ev,multiplicative,projection,closing,1,closing,20260910B2546DE0,2026-10-08T15:34:16.604Z
2026,1,15807,Kyren Williams,LAR,RB,vs SF,rushYds,FanDuel,89.5,over,66.77,410,,0.1961,0.1961,,1,0.2547,0.0586,0.0586,ev,none,projection,closing,1,closing,20260911F39A2BD0,2026-10-08T15:34:16.604Z
2026,1,17673,Drake Maye,NE,QB,at SEA,passYds,Hard Rock,245.5,over,255.56,110,-150,0.4762,0.4425,0.0762,0,0.5348,0.0586,0.0923,ev,multiplicative,projection,closing,1,closing,20260910B2546DE0,2026-10-08T15:34:16.604Z
2026,1,11690,Christian McCaffrey,SF,RB,at LAR,recYds,Hard Rock,79.5,under,33.41,-1600,650,0.9412,0.8759,0.0745,0,0.9998,0.0586,0.1238,ev,multiplicative,projection,closing,1,closing,20260911F39A2BD0,2026-10-08T15:34:16.604Z
2026,1,12490,Sam Darnold,SEA,QB,vs NE,int,DraftKings,0.5,over,0.9,-115,-120,0.5349,0.4951,0.0803,0,0.5934,0.0585,0.0983,ev,multiplicative,projection,closing,1,closing,20260910B2546DE0,2026-10-08T15:34:16.604Z
2026,1,12490,Sam Darnold,SEA,QB,vs NE,int,Circa Sports,0.5,over,0.9,-115,-105,0.5349,0.5108,0.0471,0,0.5934,0.0585,0.0826,ev,multiplicative,projection,closing,1,closing,20260910B2546DE0,2026-10-08T15:34:16.604Z
2026,1,15372,Rhamondre Stevenson,NE,RB,at SEA,rushAtt,theScore,16.5,over,16.66,115,,0.4651,0.4651,,1,0.5236,0.0585,0.0585,ev,none,projection,closing,1,closing,20260910B2546DE0,2026-10-08T15:34:16.604Z
2026,1,17690,Blake Corum,LAR,RB,vs SF,rushYds,Hard Rock,78.5,over,49.02,425,-800,0.1905,0.1765,0.0794,0,0.2490,0.0585,0.0725,ev,multiplicative,projection,closing,1,closing,20260911F39A2BD0,2026-10-08T15:34:16.604Z
2026,1,13432,A.J. Brown,NE,WR,at SEA,recYds,BetRivers,89.5,over,79.78,205,,0.3279,0.3279,,1,0.3863,0.0584,0.0584,ev,none,projection,closing,1,closing,20260910B2546DE0,2026-10-08T15:34:16.604Z
2026,1,13432,A.J. Brown,NE,WR,at SEA,recYds,Caesars,89.5,over,79.78,205,,0.3279,0.3279,,1,0.3863,0.0584,0.0584,ev,none,projection,closing,1,closing,20260910B2546DE0,2026-10-08T15:34:16.604Z
2026,1,12490,Sam Darnold,SEA,QB,vs NE,passYds,Circa Sports,274.5,over,243.94,265,-320,0.2740,0.2645,0.0359,0,0.3323,0.0584,0.0678,ev,multiplicative,projection,closing,1,closing,20260910B2546DE0,2026-10-08T15:34:16.604Z
2026,1,17673,Drake Maye,NE,QB,at SEA,passYds,Hard Rock,145.5,under,255.56,800,-3000,0.1111,0.1030,0.0789,0,0.1695,0.0584,0.0665,ev,multiplicative,projection,closing,1,closing,20260910B2546DE0,2026-10-08T15:34:16.604Z
2026,1,11690,Christian McCaffrey,SF,RB,at LAR,rushYds,Hard Rock,65.5,over,69.32,110,-145,0.4762,0.4459,0.0680,0,0.5346,0.0584,0.0887,ev,multiplicative,projection,closing,1,closing,20260911F39A2BD0,2026-10-08T15:34:16.604Z
2026,1,17690,Blake Corum,LAR,RB,vs SF,rushYds,theScore,89.5,over,49.02,750,,0.1176,0.1176,,1,0.1760,0.0584,0.0584,ev,none,projection,closing,1,closing,20260911F39A2BD0,2026-10-08T15:34:16.604Z
2026,1,9253,Mike Evans,SF,WR,at LAR,recYds,DraftKings,39.5,over,55.41,-180,,0.6429,0.6429,,1,0.7012,0.0583,0.0583,ev,none,projection,closing,1,closing,20260911F39A2BD0,2026-10-08T15:34:16.604Z
2026,1,13432,A.J. Brown,NE,WR,at SEA,recYds,Hard Rock,46.5,over,79.78,-325,175,0.7647,0.6777,0.1283,0,0.8230,0.0583,0.1453,ev,multiplicative,projection,closing,1,closing,20260910B2546DE0,2026-10-08T15:34:16.604Z
2026,1,5971,Matthew Stafford,LAR,QB,vs SF,passYds,Hard Rock,264.5,under,245.83,-120,-110,0.5455,0.5101,0.0693,0,0.6037,0.0583,0.0936,ev,multiplicative,projection,closing,1,closing,20260911F39A2BD0,2026-10-08T15:34:16.604Z
2026,1,5971,Matthew Stafford,LAR,QB,vs SF,passYds,theScore,264.5,under,245.83,-120,-110,0.5455,0.5101,0.0693,0,0.6037,0.0583,0.0936,ev,multiplicative,projection,closing,1,closing,20260911F39A2BD0,2026-10-08T15:34:16.604Z
2026,1,15834,Brock Purdy,SF,QB,at LAR,passTD,Caesars,2.5,over,1.86,340,,0.2273,0.2273,,1,0.2855,0.0582,0.0582,ev,none,projection,closing,1,closing,20260911F39A2BD0,2026-10-08T15:34:16.604Z
2026,1,19299,Jadarian Price,SEA,RB,vs NE,rushYds,BetRivers,69.5,over,54.93,210,,0.3226,0.3226,,1,0.3807,0.0581,0.0581,ev,none,projection,closing,1,closing,20260910B2546DE0,2026-10-08T15:34:16.604Z
2026,1,9253,Mike Evans,SF,WR,at LAR,recYds,DraftKings,47.5,over,55.41,-120,-115,0.5455,0.5049,0.0803,0,0.6035,0.0581,0.0986,ev,multiplicative,projection,closing,1,closing,20260911F39A2BD0,2026-10-08T15:34:16.604Z
2026,1,12490,Sam Darnold,SEA,QB,vs NE,passYds,Hard Rock,161.5,under,243.94,500,-1100,0.1667,0.1538,0.0833,0,0.2248,0.0581,0.0709,ev,multiplicative,projection,closing,1,closing,20260910B2546DE0,2026-10-08T15:34:16.604Z
2026,1,15807,Kyren Williams,LAR,RB,vs SF,rushYds,Hard Rock,85.5,over,66.77,325,-550,0.2353,0.2176,0.0814,0,0.2934,0.0581,0.0758,ev,multiplicative,projection,closing,1,closing,20260911F39A2BD0,2026-10-08T15:34:16.604Z
2026,1,17673,Drake Maye,NE,QB,at SEA,passYds,Caesars,228.5,over,255.56,-115,-114,0.5349,0.5010,0.0676,0,0.5929,0.0580,0.0919,ev,multiplicative,projection,closing,1,closing,20260910B2546DE0,2026-10-08T15:34:16.604Z
2026,1,11892,George Kittle,SF,TE,at LAR,recYds,DraftKings,35.5,over,40.53,-115,-109,0.5349,0.5063,0.0564,0,0.5929,0.0580,0.0866,ev,multiplicative,projection,closing,1,closing,20260911F39A2BD0,2026-10-08T15:34:16.604Z
2026,1,11892,George Kittle,SF,TE,at LAR,recYds,Caesars,35.5,over,40.53,-115,-113,0.5349,0.5020,0.0654,0,0.5929,0.0580,0.0908,ev,multiplicative,projection,closing,1,closing,20260911F39A2BD0,2026-10-08T15:34:16.604Z
2026,1,17968,George Holani,SEA,RB,vs NE,recYds,Hard Rock,13.5,under,8.3,-165,120,0.6226,0.5780,0.0772,0,0.6807,0.0580,0.1026,ev,multiplicative,projection,closing,1,closing,20260910B2546DE0,2026-10-08T15:34:16.604Z
2026,1,5971,Matthew Stafford,LAR,QB,vs SF,passYds,Hard Rock,260.5,under,245.83,-110,-120,0.5238,0.4899,0.0693,0,0.5818,0.0580,0.0920,ev,multiplicative,projection,closing,1,closing,20260911F39A2BD0,2026-10-08T15:34:16.604Z
2026,1,11863,Cooper Kupp,SEA,WR,vs NE,receptions,DraftKings,3.5,over,2.81,190,-176,0.3448,0.3510,-0.0175,0,0.4027,0.0579,0.0518,ev,multiplicative,projection,closing,1,closing,20260910B2546DE0,2026-10-08T15:34:16.604Z
2026,1,11861,Mack Hollins,NE,WR,at SEA,receptions,DraftKings,2.5,over,1.26,380,,0.2083,0.2083,,1,0.2663,0.0579,0.0579,ev,none,projection,closing,1,closing,20260910B2546DE0,2026-10-08T15:34:16.604Z
2026,1,16027,Romeo Doubs,NE,WR,at SEA,receptions,FanDuel,6.5,over,3.72,850,,0.1053,0.1053,,1,0.1631,0.0579,0.0579,ev,none,projection,closing,1,closing,20260910B2546DE0,2026-10-08T15:34:16.604Z
2026,1,5971,Matthew Stafford,LAR,QB,vs SF,passYds,DraftKings,262.5,under,245.83,-115,-115,0.5349,0.5000,0.0698,0,0.5928,0.0579,0.0928,ev,multiplicative,projection,closing,1,closing,20260911F39A2BD0,2026-10-08T15:34:16.604Z
2026,1,11690,Christian McCaffrey,SF,RB,at LAR,rushYds,BetRivers,58.5,over,69.32,-117,-114,0.5392,0.5030,0.0719,0,0.5971,0.0579,0.0940,ev,multiplicative,projection,closing,1,closing,20260911F39A2BD0,2026-10-08T15:34:16.604Z
2026,1,5971,Matthew Stafford,LAR,QB,vs SF,passYds,Hard Rock,262.5,under,245.83,-115,-115,0.5349,0.5000,0.0698,0,0.5928,0.0579,0.0928,ev,multiplicative,projection,closing,1,closing,20260911F39A2BD0,2026-10-08T15:34:16.604Z
2026,1,15807,Kyren Williams,LAR,RB,vs SF,recYds,BetRivers,9.5,over,12.2,-122,-109,0.5495,0.5131,0.0711,0,0.6073,0.0577,0.0942,ev,multiplicative,projection,closing,1,closing,20260911F39A2BD0,2026-10-08T15:34:16.604Z
2026,1,17673,Drake Maye,NE,QB,at SEA,passYds,Hard Rock,142.5,under,255.56,850,-3000,0.1053,0.0981,0.0730,0,0.1630,0.0577,0.0649,ev,multiplicative,projection,closing,1,closing,20260910B2546DE0,2026-10-08T15:34:16.604Z
2026,1,16751,DeMario Douglas,NE,WR,at SEA,recYds,Hard Rock,15.5,over,29.73,-180,130,0.6429,0.5965,0.0776,0,0.7004,0.0576,0.1039,ev,multiplicative,projection,closing,1,closing,20260910B2546DE0,2026-10-08T15:34:16.604Z
2026,1,17673,Drake Maye,NE,QB,at SEA,passYds,Hard Rock,312.5,over,255.56,500,-1100,0.1667,0.1538,0.0833,0,0.2242,0.0575,0.0703,ev,multiplicative,projection,closing,1,closing,20260910B2546DE0,2026-10-08T15:34:16.604Z
2026,1,12490,Sam Darnold,SEA,QB,vs NE,passYds,Hard Rock,248.5,over,243.94,140,-195,0.4167,0.3866,0.0777,0,0.4742,0.0575,0.0876,ev,multiplicative,projection,closing,1,closing,20260910B2546DE0,2026-10-08T15:34:16.604Z
2026,1,11690,Christian McCaffrey,SF,RB,at LAR,recYds,Hard Rock,5.5,under,33.41,1750,-10000,0.0541,0.0518,0.0442,0,0.1115,0.0575,0.0598,ev,multiplicative,projection,closing,1,closing,20260911F39A2BD0,2026-10-08T15:34:16.604Z
2026,1,11863,Cooper Kupp,SEA,WR,vs NE,receptions,FanDuel,5.5,over,2.81,800,,0.1111,0.1111,,1,0.1685,0.0574,0.0574,ev,none,projection,closing,1,closing,20260910B2546DE0,2026-10-08T15:34:16.604Z
2026,1,17673,Drake Maye,NE,QB,at SEA,passYds,Hard Rock,242.5,over,255.56,105,-150,0.4878,0.4484,0.0878,0,0.5452,0.0574,0.0967,ev,multiplicative,projection,closing,1,closing,20260910B2546DE0,2026-10-08T15:34:16.604Z
2026,1,17968,George Holani,SEA,RB,vs NE,recYds,Hard Rock,25.5,under,8.3,-750,300,0.8824,0.7792,0.1324,0,0.9398,0.0574,0.1606,ev,multiplicative,projection,closing,1,closing,20260910B2546DE0,2026-10-08T15:34:16.604Z
2026,1,11892,George Kittle,SF,TE,at LAR,recYds,Hard Rock,66.5,under,40.53,-575,325,0.8519,0.7836,0.0871,0,0.9092,0.0574,0.1257,ev,multiplicative,projection,closing,1,closing,20260911F39A2BD0,2026-10-08T15:34:16.604Z
2026,1,11863,Cooper Kupp,SEA,WR,vs NE,recYds,FanDuel,29.5,over,36.09,-113,-113,0.5305,0.5000,0.0610,0,0.5877,0.0572,0.0877,ev,multiplicative,projection,closing,1,closing,20260910B2546DE0,2026-10-08T15:34:16.604Z
2026,1,17968,George Holani,SEA,RB,vs NE,recYds,BetRivers,10.5,under,8.3,-109,-122,0.5215,0.4869,0.0711,0,0.5787,0.0572,0.0918,ev,multiplicative,projection,closing,1,closing,20260910B2546DE0,2026-10-08T15:34:16.604Z
2026,1,17673,Drake Maye,NE,QB,at SEA,passYds,Hard Rock,131.5,under,255.56,1100,-5000,0.0833,0.0783,0.0637,0,0.1406,0.0572,0.0622,ev,multiplicative,projection,closing,1,closing,20260910B2546DE0,2026-10-08T15:34:16.604Z
2026,1,13432,A.J. Brown,NE,WR,at SEA,recYds,Hard Rock,73.5,over,79.78,-105,-160,0.5122,0.4542,0.1276,0,0.5694,0.0572,0.1152,ev,multiplicative,projection,closing,1,closing,20260910B2546DE0,2026-10-08T15:34:16.604Z
2026,1,11863,Cooper Kupp,SEA,WR,vs NE,recYds,FanDuel,39.5,over,36.09,162,,0.3817,0.3817,,1,0.4387,0.0571,0.0571,ev,none,projection,closing,1,closing,20260910B2546DE0,2026-10-08T15:34:16.604Z
2026,1,12490,Sam Darnold,SEA,QB,vs NE,passAtt,theScore,30.5,over,32.56,-105,-125,0.5122,0.4797,0.0678,0,0.5693,0.0571,0.0896,ev,multiplicative,projection,closing,1,closing,20260910B2546DE0,2026-10-08T15:34:16.604Z
2026,1,11690,Christian McCaffrey,SF,RB,at LAR,recYds,Hard Rock,15.5,under,33.41,525,-1100,0.1600,0.1486,0.0767,0,0.2171,0.0571,0.0685,ev,multiplicative,projection,closing,1,closing,20260911F39A2BD0,2026-10-08T15:34:16.604Z
2026,1,17673,Drake Maye,NE,QB,at SEA,passYds,Caesars,299.5,over,255.56,350,,0.2222,0.2222,,1,0.2793,0.0570,0.0570,ev,none,projection,closing,1,closing,20260910B2546DE0,2026-10-08T15:34:16.604Z
2026,1,13432,A.J. Brown,NE,WR,at SEA,receptions,DraftKings,6.5,over,5.42,190,,0.3448,0.3448,,1,0.4018,0.0570,0.0570,ev,none,projection,closing,1,closing,20260910B2546DE0,2026-10-08T15:34:16.604Z
2026,1,17673,Drake Maye,NE,QB,at SEA,passYds,BetRivers,229.5,over,255.56,-114,-117,0.5327,0.4970,0.0719,0,0.5896,0.0568,0.0926,ev,multiplicative,projection,closing,1,closing,20260910B2546DE0,2026-10-08T15:34:16.604Z
2026,1,16654,Jaxon Smith-Njigba,SEA,WR,vs NE,recYds,Caesars,79.5,over,94.17,-130,,0.5652,0.5652,,1,0.6220,0.0568,0.0568,ev,none,projection,closing,1,closing,20260910B2546DE0,2026-10-08T15:34:16.604Z
2026,1,5971,Matthew Stafford,LAR,QB,vs SF,int,Caesars,0.5,under,0.46,-135,-102,0.5745,0.5322,0.0794,0,0.6313,0.0568,0.0991,ev,multiplicative,projection,closing,1,closing,20260911F39A2BD0,2026-10-08T15:34:16.604Z
2026,1,17811,AJ Barner,SEA,TE,vs NE,recYds,Hard Rock,10.5,over,34.09,-575,260,0.8519,0.7541,0.1296,0,0.9087,0.0568,0.1546,ev,multiplicative,projection,closing,1,closing,20260910B2546DE0,2026-10-08T15:34:16.604Z
2026,1,5971,Matthew Stafford,LAR,QB,vs SF,int,Circa Sports,0.5,under,0.46,-135,115,0.5745,0.5526,0.0396,0,0.6313,0.0568,0.0787,ev,multiplicative,projection,closing,1,closing,20260911F39A2BD0,2026-10-08T15:34:16.604Z
2026,1,5971,Matthew Stafford,LAR,QB,vs SF,int,theScore,0.5,under,0.46,-135,105,0.5745,0.5408,0.0623,0,0.6313,0.0568,0.0905,ev,multiplicative,projection,closing,1,closing,20260911F39A2BD0,2026-10-08T15:34:16.604Z
2026,1,17690,Blake Corum,LAR,RB,vs SF,rushYds,Hard Rock,74.5,over,49.02,350,-600,0.2222,0.2059,0.0794,0,0.2790,0.0568,0.0731,ev,multiplicative,projection,closing,1,closing,20260911F39A2BD0,2026-10-08T15:34:16.604Z
2026,1,12490,Sam Darnold,SEA,QB,vs NE,passTD,FanDuel,2.5,over,1.71,430,,0.1887,0.1887,,1,0.2454,0.0567,0.0567,ev,none,projection,closing,1,closing,20260910B2546DE0,2026-10-08T15:34:16.604Z
2026,1,17673,Drake Maye,NE,QB,at SEA,passYds,Hard Rock,321.5,over,255.56,650,-1800,0.1333,0.1234,0.0807,0,0.1900,0.0567,0.0666,ev,multiplicative,projection,closing,1,closing,20260910B2546DE0,2026-10-08T15:34:16.604Z
2026,1,15807,Kyren Williams,LAR,RB,vs SF,rushYds,Hard Rock,81.5,over,66.77,260,-400,0.2778,0.2577,0.0778,0,0.3345,0.0567,0.0768,ev,multiplicative,projection,closing,1,closing,20260911F39A2BD0,2026-10-08T15:34:16.604Z
2026,1,13432,A.J. Brown,NE,WR,at SEA,recYds,DraftKings,99.5,over,79.78,350,,0.2222,0.2222,,1,0.2789,0.0566,0.0566,ev,none,projection,closing,1,closing,20260910B2546DE0,2026-10-08T15:34:16.604Z
2026,1,17690,Blake Corum,LAR,RB,vs SF,rushAtt,DraftKings,19.5,over,10.72,2500,,0.0385,0.0385,,1,0.0951,0.0566,0.0566,ev,none,projection,closing,1,closing,20260911F39A2BD0,2026-10-08T15:34:16.604Z
2026,1,12490,Sam Darnold,SEA,QB,vs NE,passYds,Hard Rock,158.5,under,243.94,525,-1200,0.1600,0.1477,0.0831,0,0.2166,0.0566,0.0689,ev,multiplicative,projection,closing,1,closing,20260910B2546DE0,2026-10-08T15:34:16.604Z
2026,1,12490,Sam Darnold,SEA,QB,vs NE,passYds,Hard Rock,267.5,over,243.94,220,-325,0.3125,0.2901,0.0772,0,0.3691,0.0566,0.0790,ev,multiplicative,projection,closing,1,closing,20260910B2546DE0,2026-10-08T15:34:16.604Z
2026,1,17690,Blake Corum,LAR,RB,vs SF,rushYds,Hard Rock,58.5,over,49.02,180,-260,0.3571,0.3309,0.0794,0,0.4137,0.0566,0.0829,ev,multiplicative,projection,closing,1,closing,20260911F39A2BD0,2026-10-08T15:34:16.604Z
2026,1,17690,Blake Corum,LAR,RB,vs SF,rushYds,FanDuel,42.5,over,49.02,-113,-113,0.5305,0.5000,0.0610,0,0.5870,0.0565,0.0870,ev,multiplicative,projection,closing,1,closing,20260911F39A2BD0,2026-10-08T15:34:16.604Z
2026,1,15834,Brock Purdy,SF,QB,at LAR,passYds,Hard Rock,190.5,under,246.99,300,-475,0.2500,0.2323,0.0761,0,0.3064,0.0564,0.0741,ev,multiplicative,projection,closing,1,closing,20260911F39A2BD0,2026-10-08T15:34:16.604Z
2026,1,5971,Matthew Stafford,LAR,QB,vs SF,passYds,Hard Rock,296.5,under,245.83,-240,170,0.7059,0.6559,0.0763,0,0.7623,0.0564,0.1064,ev,multiplicative,projection,closing,1,closing,20260911F39A2BD0,2026-10-08T15:34:16.604Z
2026,1,11690,Christian McCaffrey,SF,RB,at LAR,recYds,Hard Rock,14.5,under,33.41,575,-1300,0.1481,0.1376,0.0767,0,0.2045,0.0564,0.0669,ev,multiplicative,projection,closing,1,closing,20260911F39A2BD0,2026-10-08T15:34:16.604Z
2026,1,17673,Drake Maye,NE,QB,at SEA,passYds,Hard Rock,314.5,over,255.56,525,-1100,0.1600,0.1486,0.0767,0,0.2163,0.0563,0.0677,ev,multiplicative,projection,closing,1,closing,20260910B2546DE0,2026-10-08T15:34:16.604Z
2026,1,17690,Blake Corum,LAR,RB,vs SF,rushYds,Hard Rock,77.5,over,49.02,400,-750,0.2000,0.1848,0.0824,0,0.2563,0.0563,0.0715,ev,multiplicative,projection,closing,1,closing,20260911F39A2BD0,2026-10-08T15:34:16.604Z
2026,1,16790,Puka Nacua,LAR,WR,vs SF,receptions,FanDuel,13.5,over,7.58,1700,,0.0556,0.0556,,1,0.1117,0.0562,0.0562,ev,none,projection,closing,1,closing,20260911F39A2BD0,2026-10-08T15:34:16.604Z
2026,1,17673,Drake Maye,NE,QB,at SEA,passYds,Hard Rock,144.5,under,255.56,800,-3000,0.1111,0.1030,0.0789,0,0.1673,0.0562,0.0643,ev,multiplicative,projection,closing,1,closing,20260910B2546DE0,2026-10-08T15:34:16.604Z
2026,1,18532,Corey Kiner,NE,RB,at SEA,rushYds,Hard Rock,12.5,over,11.74,155,-225,0.3922,0.3616,0.0845,0,0.4484,0.0562,0.0868,ev,multiplicative,projection,closing,1,closing,20260910B2546DE0,2026-10-08T15:34:16.604Z
2026,1,17673,Drake Maye,NE,QB,at SEA,passYds,Hard Rock,127.5,under,255.56,1200,-5000,0.0769,0.0728,0.0573,0,0.1330,0.0560,0.0602,ev,multiplicative,projection,closing,1,closing,20260910B2546DE0,2026-10-08T15:34:16.604Z
2026,1,13432,A.J. Brown,NE,WR,at SEA,recYds,BetRivers,39.5,over,79.78,-435,,0.8131,0.8131,,1,0.8690,0.0559,0.0559,ev,none,projection,closing,1,closing,20260910B2546DE0,2026-10-08T15:34:16.604Z
2026,1,16560,Rashid Shaheed,SEA,WR,vs NE,receptions,DraftKings,6.5,over,2.87,1500,,0.0625,0.0625,,1,0.1184,0.0559,0.0559,ev,none,projection,closing,1,closing,20260910B2546DE0,2026-10-08T15:34:16.604Z
2026,1,9253,Mike Evans,SF,WR,at LAR,receptions,theScore,4.5,over,3.97,155,,0.3922,0.3922,,1,0.4481,0.0559,0.0559,ev,none,projection,closing,1,closing,20260911F39A2BD0,2026-10-08T15:34:16.604Z
2026,1,9253,Mike Evans,SF,WR,at LAR,recYds,DraftKings,48.5,over,55.41,-115,-115,0.5349,0.5000,0.0698,0,0.5907,0.0558,0.0907,ev,multiplicative,projection,closing,1,closing,20260911F39A2BD0,2026-10-08T15:34:16.604Z
2026,1,11163,Demarcus Robinson,SF,WR,at LAR,recYds,Caesars,13.5,under,12.4,100,-130,0.5000,0.4694,0.0652,0,0.5558,0.0558,0.0864,ev,multiplicative,projection,closing,1,closing,20260911F39A2BD0,2026-10-08T15:34:16.604Z
2026,1,16654,Jaxon Smith-Njigba,SEA,WR,vs NE,recYds,FanDuel,124.5,over,94.17,390,,0.2041,0.2041,,1,0.2598,0.0557,0.0557,ev,none,projection,closing,1,closing,20260910B2546DE0,2026-10-08T15:34:16.604Z
2026,1,11861,Mack Hollins,NE,WR,at SEA,receptions,Hard Rock,2.5,over,1.26,375,,0.2105,0.2105,,1,0.2663,0.0557,0.0557,ev,none,projection,closing,1,closing,20260910B2546DE0,2026-10-08T15:34:16.604Z
2026,1,16418,Jake Tonges,SF,TE,at LAR,recYds,Hard Rock,35.5,under,8.35,-1600,650,0.9412,0.8759,0.0745,0,0.9969,0.0557,0.1210,ev,multiplicative,projection,closing,1,closing,20260911F39A2BD0,2026-10-08T15:34:16.604Z
2026,1,17811,AJ Barner,SEA,TE,vs NE,receptions,DraftKings,6.5,over,3.77,1600,,0.0588,0.0588,,1,0.1144,0.0556,0.0556,ev,none,projection,closing,1,closing,20260910B2546DE0,2026-10-08T15:34:16.604Z
2026,1,17673,Drake Maye,NE,QB,at SEA,passYds,Circa Sports,232.5,over,255.56,-110,-110,0.5238,0.5000,0.0476,0,0.5794,0.0556,0.0794,ev,multiplicative,projection,closing,1,closing,20260910B2546DE0,2026-10-08T15:34:16.604Z
2026,1,15834,Brock Purdy,SF,QB,at LAR,passYds,Hard Rock,195.5,under,246.99,275,-450,0.2667,0.2458,0.0848,0,0.3223,0.0556,0.0765,ev,multiplicative,projection,closing,1,closing,20260911F39A2BD0,2026-10-08T15:34:16.604Z
2026,1,5971,Matthew Stafford,LAR,QB,vs SF,passYds,Hard Rock,251.5,under,245.83,110,-150,0.4762,0.4425,0.0762,0,0.5318,0.0556,0.0893,ev,multiplicative,projection,closing,1,closing,20260911F39A2BD0,2026-10-08T15:34:16.604Z
2026,1,11863,Cooper Kupp,SEA,WR,vs NE,receptions,FanDuel,3.5,over,2.81,188,,0.3472,0.3472,,1,0.4027,0.0555,0.0555,ev,none,projection,closing,1,closing,20260910B2546DE0,2026-10-08T15:34:16.604Z
2026,1,5971,Matthew Stafford,LAR,QB,vs SF,passTD,FanDuel,2.5,over,2.13,230,,0.3030,0.3030,,1,0.3585,0.0554,0.0554,ev,none,projection,closing,1,closing,20260911F39A2BD0,2026-10-08T15:34:16.604Z
2026,1,12490,Sam Darnold,SEA,QB,vs NE,passYds,Hard Rock,160.5,under,243.94,500,-1100,0.1667,0.1538,0.0833,0,0.2220,0.0554,0.0682,ev,multiplicative,projection,closing,1,closing,20260910B2546DE0,2026-10-08T15:34:16.604Z
2026,1,17673,Drake Maye,NE,QB,at SEA,passYds,Hard Rock,130.5,under,255.56,1100,-5000,0.0833,0.0783,0.0637,0,0.1386,0.0553,0.0603,ev,multiplicative,projection,closing,1,closing,20260910B2546DE0,2026-10-08T15:34:16.604Z
2026,1,15372,Rhamondre Stevenson,NE,RB,at SEA,recYds,DraftKings,18.5,over,20.57,-109,-115,0.5215,0.4937,0.0564,0,0.5768,0.0552,0.0831,ev,multiplicative,projection,closing,1,closing,20260910B2546DE0,2026-10-08T15:34:16.604Z
2026,1,9455,Davante Adams,LAR,WR,vs SF,receptions,FanDuel,6.5,over,4.07,310,,0.2439,0.2439,,1,0.2991,0.0552,0.0552,ev,none,projection,closing,1,closing,20260911F39A2BD0,2026-10-08T15:34:16.604Z
2026,1,5971,Matthew Stafford,LAR,QB,vs SF,passYds,Hard Rock,253.5,under,245.83,105,-145,0.4878,0.4518,0.0796,0,0.5430,0.0552,0.0912,ev,multiplicative,projection,closing,1,closing,20260911F39A2BD0,2026-10-08T15:34:16.604Z
2026,1,19330,De'Zhaun Stribling,SF,WR,at LAR,recYds,DraftKings,36.5,under,30.08,-114,-110,0.5327,0.5042,0.0565,0,0.5877,0.0550,0.0835,ev,multiplicative,projection,closing,1,closing,20260911F39A2BD0,2026-10-08T15:34:16.604Z
2026,1,14463,Colby Parkinson,LAR,TE,vs SF,recYds,Caesars,22.5,under,20.11,-120,-108,0.5455,0.5123,0.0647,0,0.6004,0.0549,0.0880,ev,multiplicative,projection,closing,1,closing,20260911F39A2BD0,2026-10-08T15:34:16.604Z
2026,1,17968,George Holani,SEA,RB,vs NE,recYds,Hard Rock,10.5,under,8.3,-110,-120,0.5238,0.4899,0.0693,0,0.5787,0.0549,0.0889,ev,multiplicative,projection,closing,1,closing,20260910B2546DE0,2026-10-08T15:34:16.604Z
2026,1,12490,Sam Darnold,SEA,QB,vs NE,passTD,Circa Sports,2.5,over,1.71,425,-550,0.1905,0.1837,0.0366,0,0.2454,0.0549,0.0617,ev,multiplicative,projection,closing,1,closing,20260910B2546DE0,2026-10-08T15:34:16.604Z
2026,1,12490,Sam Darnold,SEA,QB,vs NE,passTD,theScore,2.5,over,1.71,425,,0.1905,0.1905,,1,0.2454,0.0549,0.0549,ev,none,projection,closing,1,closing,20260910B2546DE0,2026-10-08T15:34:16.604Z
2026,1,15834,Brock Purdy,SF,QB,at LAR,passTD,DraftKings,1.5,over,1.86,100,-135,0.5000,0.4653,0.0745,0,0.5548,0.0548,0.0894,ev,multiplicative,projection,closing,1,closing,20260911F39A2BD0,2026-10-08T15:34:16.604Z
2026,1,17673,Drake Maye,NE,QB,at SEA,passYds,Hard Rock,326.5,over,255.56,750,-2500,0.1176,0.1090,0.0792,0,0.1725,0.0548,0.0634,ev,multiplicative,projection,closing,1,closing,20260910B2546DE0,2026-10-08T15:34:16.604Z
2026,1,15372,Rhamondre Stevenson,NE,RB,at SEA,rushAtt,theScore,9.5,over,16.66,-1600,,0.9412,0.9412,,1,0.9960,0.0548,0.0548,ev,none,projection,closing,1,closing,20260910B2546DE0,2026-10-08T15:34:16.604Z
2026,1,15834,Brock Purdy,SF,QB,at LAR,passTD,Hard Rock,1.5,over,1.86,100,-130,0.5000,0.4694,0.0652,0,0.5548,0.0548,0.0854,ev,multiplicative,projection,closing,1,closing,20260911F39A2BD0,2026-10-08T15:34:16.604Z
2026,1,18497,Terrance Ferguson,LAR,TE,vs SF,recYds,Hard Rock,67.5,under,16.97,-1500,600,0.9375,0.8678,0.0804,0,0.9923,0.0548,0.1246,ev,multiplicative,projection,closing,1,closing,20260911F39A2BD0,2026-10-08T15:34:16.604Z
2026,1,17673,Drake Maye,NE,QB,at SEA,passYds,DraftKings,229.5,over,255.56,-115,-115,0.5349,0.5000,0.0698,0,0.5896,0.0547,0.0896,ev,multiplicative,projection,closing,1,closing,20260910B2546DE0,2026-10-08T15:34:16.604Z
2026,1,16790,Puka Nacua,LAR,WR,vs SF,receptions,DraftKings,7.5,over,7.58,120,-145,0.4545,0.4344,0.0464,0,0.5092,0.0547,0.0748,ev,multiplicative,projection,closing,1,closing,20260911F39A2BD0,2026-10-08T15:34:16.604Z
2026,1,15807,Kyren Williams,LAR,RB,vs SF,rushYds,Caesars,89.5,over,66.77,400,,0.2000,0.2000,,1,0.2547,0.0547,0.0547,ev,none,projection,closing,1,closing,20260911F39A2BD0,2026-10-08T15:34:16.604Z
2026,1,17673,Drake Maye,NE,QB,at SEA,passYds,Hard Rock,229.5,over,255.56,-115,-115,0.5349,0.5000,0.0698,0,0.5896,0.0547,0.0896,ev,multiplicative,projection,closing,1,closing,20260910B2546DE0,2026-10-08T15:34:16.604Z
2026,1,12490,Sam Darnold,SEA,QB,vs NE,passYds,FanDuel,274.5,over,243.94,260,,0.2778,0.2778,,1,0.3323,0.0546,0.0546,ev,none,projection,closing,1,closing,20260910B2546DE0,2026-10-08T15:34:16.604Z
2026,1,16560,Rashid Shaheed,SEA,WR,vs NE,recYds,BetRivers,49.5,over,41.94,205,,0.3279,0.3279,,1,0.3825,0.0546,0.0546,ev,none,projection,closing,1,closing,20260910B2546DE0,2026-10-08T15:34:16.604Z
2026,1,16560,Rashid Shaheed,SEA,WR,vs NE,recYds,FanDuel,49.5,over,41.94,205,,0.3279,0.3279,,1,0.3825,0.0546,0.0546,ev,none,projection,closing,1,closing,20260910B2546DE0,2026-10-08T15:34:16.604Z
2026,1,5971,Matthew Stafford,LAR,QB,vs SF,passYds,Caesars,261.5,under,245.83,-114,-114,0.5327,0.5000,0.0654,0,0.5873,0.0546,0.0873,ev,multiplicative,projection,closing,1,closing,20260911F39A2BD0,2026-10-08T15:34:16.604Z
2026,1,12490,Sam Darnold,SEA,QB,vs NE,passYds,Hard Rock,258.5,over,243.94,175,-250,0.3636,0.3373,0.0779,0,0.4182,0.0546,0.0808,ev,multiplicative,projection,closing,1,closing,20260910B2546DE0,2026-10-08T15:34:16.604Z
2026,1,16418,Jake Tonges,SF,TE,at LAR,recYds,Hard Rock,34.5,under,8.35,-1600,650,0.9412,0.8759,0.0745,0,0.9958,0.0546,0.1198,ev,multiplicative,projection,closing,1,closing,20260911F39A2BD0,2026-10-08T15:34:16.604Z
2026,1,15807,Kyren Williams,LAR,RB,vs SF,rushYds,Hard Rock,39.5,over,66.77,-300,200,0.7500,0.6923,0.0833,0,0.8046,0.0546,0.1123,ev,multiplicative,projection,closing,1,closing,20260911F39A2BD0,2026-10-08T15:34:16.604Z
2026,1,16654,Jaxon Smith-Njigba,SEA,WR,vs NE,recYds,DraftKings,83.5,over,94.17,-115,-114,0.5349,0.5010,0.0676,0,0.5894,0.0545,0.0884,ev,multiplicative,projection,closing,1,closing,20260910B2546DE0,2026-10-08T15:34:16.604Z
2026,1,10735,Hunter Henry,NE,TE,at SEA,recYds,Caesars,9.5,over,39.85,-1100,,0.9167,0.9167,,1,0.9712,0.0545,0.0545,ev,none,projection,closing,1,closing,20260910B2546DE0,2026-10-08T15:34:16.604Z
2026,1,16654,Jaxon Smith-Njigba,SEA,WR,vs NE,recYds,Hard Rock,83.5,over,94.17,-115,-115,0.5349,0.5000,0.0698,0,0.5894,0.0545,0.0894,ev,multiplicative,projection,closing,1,closing,20260910B2546DE0,2026-10-08T15:34:16.604Z
2026,1,16560,Rashid Shaheed,SEA,WR,vs NE,receptions,Caesars,2.5,over,2.87,-107,-122,0.5169,0.4847,0.0665,0,0.5712,0.0543,0.0865,ev,multiplicative,projection,closing,1,closing,20260910B2546DE0,2026-10-08T15:34:16.604Z
2026,1,17673,Drake Maye,NE,QB,at SEA,passYds,Hard Rock,153.5,under,255.56,650,-1600,0.1333,0.1241,0.0745,0,0.1876,0.0543,0.0635,ev,multiplicative,projection,closing,1,closing,20260910B2546DE0,2026-10-08T15:34:16.604Z
2026,1,10735,Hunter Henry,NE,TE,at SEA,recYds,BetRivers,39.5,over,39.85,120,,0.4545,0.4545,,1,0.5087,0.0542,0.0542,ev,none,projection,closing,1,closing,20260910B2546DE0,2026-10-08T15:34:16.604Z
2026,1,10735,Hunter Henry,NE,TE,at SEA,recYds,DraftKings,39.5,over,39.85,120,,0.4545,0.4545,,1,0.5087,0.0542,0.0542,ev,none,projection,closing,1,closing,20260910B2546DE0,2026-10-08T15:34:16.604Z
2026,1,17673,Drake Maye,NE,QB,at SEA,passYds,Hard Rock,126.5,under,255.56,1200,-5000,0.0769,0.0728,0.0573,0,0.1311,0.0542,0.0583,ev,multiplicative,projection,closing,1,closing,20260910B2546DE0,2026-10-08T15:34:16.604Z
2026,1,10735,Hunter Henry,NE,TE,at SEA,recYds,theScore,39.5,over,39.85,120,,0.4545,0.4545,,1,0.5087,0.0542,0.0542,ev,none,projection,closing,1,closing,20260910B2546DE0,2026-10-08T15:34:16.604Z
2026,1,11863,Cooper Kupp,SEA,WR,vs NE,recYds,theScore,39.5,over,36.09,160,,0.3846,0.3846,,1,0.4387,0.0541,0.0541,ev,none,projection,closing,1,closing,20260910B2546DE0,2026-10-08T15:34:16.604Z
2026,1,5971,Matthew Stafford,LAR,QB,vs SF,passYds,Hard Rock,275.5,under,245.83,-155,115,0.6078,0.5665,0.0730,0,0.6620,0.0541,0.0955,ev,multiplicative,projection,closing,1,closing,20260911F39A2BD0,2026-10-08T15:34:16.604Z
2026,1,13429,Deebo Samuel Sr.,SF,WR,at LAR,recYds,Hard Rock,18.5,over,42.96,-230,165,0.6970,0.6487,0.0743,0,0.7511,0.0541,0.1023,ev,multiplicative,projection,closing,1,closing,20260911F39A2BD0,2026-10-08T15:34:16.604Z
2026,1,11892,George Kittle,SF,TE,at LAR,recYds,Hard Rock,39.5,over,40.53,115,-160,0.4651,0.4305,0.0805,0,0.5192,0.0541,0.0887,ev,multiplicative,projection,closing,1,closing,20260911F39A2BD0,2026-10-08T15:34:16.604Z
2026,1,18497,Terrance Ferguson,LAR,TE,vs SF,recYds,Hard Rock,10.5,under,16.97,240,-375,0.2941,0.2714,0.0836,0,0.3481,0.0540,0.0767,ev,multiplicative,projection,closing,1,closing,20260911F39A2BD0,2026-10-08T15:34:16.604Z
2026,1,9253,Mike Evans,SF,WR,at LAR,recYds,FanDuel,49.5,over,55.41,-110,-113,0.5238,0.4968,0.0543,0,0.5777,0.0539,0.0809,ev,multiplicative,projection,closing,1,closing,20260911F39A2BD0,2026-10-08T15:34:16.604Z
2026,1,12490,Sam Darnold,SEA,QB,vs NE,passYds,Hard Rock,157.5,under,243.94,525,-1100,0.1600,0.1486,0.0767,0,0.2139,0.0539,0.0653,ev,multiplicative,projection,closing,1,closing,20260910B2546DE0,2026-10-08T15:34:16.604Z
2026,1,9253,Mike Evans,SF,WR,at LAR,recYds,Circa Sports,49.5,over,55.41,-110,-110,0.5238,0.5000,0.0476,0,0.5777,0.0539,0.0777,ev,multiplicative,projection,closing,1,closing,20260911F39A2BD0,2026-10-08T15:34:16.604Z
2026,1,18497,Terrance Ferguson,LAR,TE,vs SF,recYds,Hard Rock,16.5,under,16.97,130,-185,0.4348,0.4011,0.0839,0,0.4887,0.0539,0.0876,ev,multiplicative,projection,closing,1,closing,20260911F39A2BD0,2026-10-08T15:34:16.604Z
2026,1,19299,Jadarian Price,SEA,RB,vs NE,rushYds,Caesars,89.5,over,54.93,450,,0.1818,0.1818,,1,0.2356,0.0538,0.0538,ev,none,projection,closing,1,closing,20260910B2546DE0,2026-10-08T15:34:16.604Z
2026,1,11892,George Kittle,SF,TE,at LAR,recYds,Hard Rock,90.5,under,40.53,-1600,600,0.9412,0.8682,0.0840,0,0.9949,0.0538,0.1267,ev,multiplicative,projection,closing,1,closing,20260911F39A2BD0,2026-10-08T15:34:16.604Z
2026,1,18497,Terrance Ferguson,LAR,TE,vs SF,recYds,Hard Rock,70.5,under,16.97,-1600,600,0.9412,0.8682,0.0840,0,0.9949,0.0537,0.1267,ev,multiplicative,projection,closing,1,closing,20260911F39A2BD0,2026-10-08T15:34:16.604Z
2026,1,16027,Romeo Doubs,NE,WR,at SEA,receptions,FanDuel,1.5,over,3.72,-800,,0.8889,0.8889,,1,0.9425,0.0536,0.0536,ev,none,projection,closing,1,closing,20260910B2546DE0,2026-10-08T15:34:16.604Z
2026,1,13432,A.J. Brown,NE,WR,at SEA,recYds,Hard Rock,53.5,over,79.78,-250,140,0.7143,0.6316,0.1310,0,0.7679,0.0536,0.1363,ev,multiplicative,projection,closing,1,closing,20260910B2546DE0,2026-10-08T15:34:16.604Z
2026,1,15372,Rhamondre Stevenson,NE,RB,at SEA,rushYds,Hard Rock,68.5,over,72.39,-105,-165,0.5122,0.4513,0.1348,0,0.5658,0.0536,0.1145,ev,multiplicative,projection,closing,1,closing,20260910B2546DE0,2026-10-08T15:34:16.604Z
2026,1,5971,Matthew Stafford,LAR,QB,vs SF,passYds,Hard Rock,306.5,under,245.83,-300,210,0.7500,0.6992,0.0726,0,0.8036,0.0536,0.1043,ev,multiplicative,projection,closing,1,closing,20260911F39A2BD0,2026-10-08T15:34:16.604Z
2026,1,16560,Rashid Shaheed,SEA,WR,vs NE,recYds,Caesars,39.5,over,41.94,109,,0.4785,0.4785,,1,0.5320,0.0535,0.0535,ev,none,projection,closing,1,closing,20260910B2546DE0,2026-10-08T15:34:16.604Z
2026,1,13432,A.J. Brown,NE,WR,at SEA,recYds,Hard Rock,40.5,over,79.78,-425,260,0.8095,0.7445,0.0873,0,0.8630,0.0535,0.1185,ev,multiplicative,projection,closing,1,closing,20260910B2546DE0,2026-10-08T15:34:16.604Z
2026,1,15807,Kyren Williams,LAR,RB,vs SF,rushYds,Hard Rock,41.5,over,66.77,-275,180,0.7333,0.6725,0.0905,0,0.7868,0.0535,0.1143,ev,multiplicative,projection,closing,1,closing,20260911F39A2BD0,2026-10-08T15:34:16.604Z
2026,1,9253,Mike Evans,SF,WR,at LAR,receptions,DraftKings,9.5,over,3.97,2900,,0.0333,0.0333,,1,0.0867,0.0534,0.0534,ev,none,projection,closing,1,closing,20260911F39A2BD0,2026-10-08T15:34:16.604Z
2026,1,17673,Drake Maye,NE,QB,at SEA,passYds,Hard Rock,149.5,under,255.56,700,-3000,0.1250,0.1144,0.0927,0,0.1784,0.0534,0.0640,ev,multiplicative,projection,closing,1,closing,20260910B2546DE0,2026-10-08T15:34:16.604Z
2026,1,17673,Drake Maye,NE,QB,at SEA,passYds,Hard Rock,129.5,under,255.56,1100,-5000,0.0833,0.0783,0.0637,0,0.1367,0.0534,0.0584,ev,multiplicative,projection,closing,1,closing,20260910B2546DE0,2026-10-08T15:34:16.604Z
2026,1,11690,Christian McCaffrey,SF,RB,at LAR,recYds,Hard Rock,10.5,under,33.41,850,-3000,0.1053,0.0981,0.0730,0,0.1586,0.0534,0.0605,ev,multiplicative,projection,closing,1,closing,20260911F39A2BD0,2026-10-08T15:34:16.604Z
2026,1,15807,Kyren Williams,LAR,RB,vs SF,rushYds,Hard Rock,84.5,over,66.77,300,-500,0.2500,0.2308,0.0833,0,0.3034,0.0534,0.0727,ev,multiplicative,projection,closing,1,closing,20260911F39A2BD0,2026-10-08T15:34:16.604Z
2026,1,17673,Drake Maye,NE,QB,at SEA,passYds,DraftKings,232.5,over,255.56,-111,-111,0.5261,0.5000,0.0521,0,0.5794,0.0533,0.0794,ev,multiplicative,projection,closing,1,closing,20260910B2546DE0,2026-10-08T15:34:16.604Z
2026,1,15834,Brock Purdy,SF,QB,at LAR,passYds,Hard Rock,189.5,under,246.99,300,-500,0.2500,0.2308,0.0833,0,0.3033,0.0533,0.0725,ev,multiplicative,projection,closing,1,closing,20260911F39A2BD0,2026-10-08T15:34:16.604Z
2026,1,11690,Christian McCaffrey,SF,RB,at LAR,recYds,Hard Rock,3.5,under,33.41,2250,-4000,0.0426,0.0418,0.0182,0,0.0958,0.0533,0.0540,ev,multiplicative,projection,closing,1,closing,20260911F39A2BD0,2026-10-08T15:34:16.604Z
2026,1,17690,Blake Corum,LAR,RB,vs SF,rushYds,BetRivers,44.5,over,49.02,-103,-130,0.5074,0.4730,0.0726,0,0.5606,0.0532,0.0875,ev,multiplicative,projection,closing,1,closing,20260911F39A2BD0,2026-10-08T15:34:16.604Z
2026,1,12490,Sam Darnold,SEA,QB,vs NE,passYds,Hard Rock,171.5,under,243.94,400,-700,0.2000,0.1860,0.0750,0,0.2532,0.0532,0.0671,ev,multiplicative,projection,closing,1,closing,20260910B2546DE0,2026-10-08T15:34:16.604Z
2026,1,11892,George Kittle,SF,TE,at LAR,recYds,DraftKings,36.5,over,40.53,-109,-112,0.5215,0.4968,0.0498,0,0.5747,0.0531,0.0779,ev,multiplicative,projection,closing,1,closing,20260911F39A2BD0,2026-10-08T15:34:16.604Z
2026,1,13432,A.J. Brown,NE,WR,at SEA,recYds,Hard Rock,94.5,over,79.78,260,-400,0.2778,0.2577,0.0778,0,0.3308,0.0531,0.0731,ev,multiplicative,projection,closing,1,closing,20260910B2546DE0,2026-10-08T15:34:16.604Z
2026,1,11863,Cooper Kupp,SEA,WR,vs NE,recYds,DraftKings,30.5,over,36.09,-109,-115,0.5215,0.4937,0.0564,0,0.5745,0.0530,0.0809,ev,multiplicative,projection,closing,1,closing,20260910B2546DE0,2026-10-08T15:34:16.604Z
2026,1,18497,Terrance Ferguson,LAR,TE,vs SF,recYds,Hard Rock,69.5,under,16.97,-1600,600,0.9412,0.8682,0.0840,0,0.9941,0.0530,0.1259,ev,multiplicative,projection,closing,1,closing,20260911F39A2BD0,2026-10-08T15:34:16.604Z
2026,1,11690,Christian McCaffrey,SF,RB,at LAR,rushYds,Hard Rock,17.5,under,69.32,1400,-6000,0.0667,0.0635,0.0503,0,0.1196,0.0530,0.0562,ev,multiplicative,projection,closing,1,closing,20260911F39A2BD0,2026-10-08T15:34:16.604Z
2026,1,17673,Drake Maye,NE,QB,at SEA,completions,Hard Rock,20.5,over,21.58,105,-135,0.4878,0.4592,0.0623,0,0.5407,0.0529,0.0815,ev,multiplicative,projection,closing,1,closing,20260910B2546DE0,2026-10-08T15:34:16.604Z
2026,1,5971,Matthew Stafford,LAR,QB,vs SF,passYds,Circa Sports,299.5,under,245.83,-260,220,0.7222,0.6980,0.0347,0,0.7751,0.0529,0.0772,ev,multiplicative,projection,closing,1,closing,20260911F39A2BD0,2026-10-08T15:34:16.604Z
2026,1,11863,Cooper Kupp,SEA,WR,vs NE,recYds,DraftKings,29.5,over,36.09,-115,-120,0.5349,0.4951,0.0803,0,0.5877,0.0528,0.0926,ev,multiplicative,projection,closing,1,closing,20260910B2546DE0,2026-10-08T15:34:16.604Z
2026,1,19330,De'Zhaun Stribling,SF,WR,at LAR,recYds,Caesars,36.5,under,30.08,-115,-113,0.5349,0.5020,0.0654,0,0.5877,0.0528,0.0856,ev,multiplicative,projection,closing,1,closing,20260911F39A2BD0,2026-10-08T15:34:16.604Z
2026,1,13429,Deebo Samuel Sr.,SF,WR,at LAR,receptions,FanDuel,5.5,over,3.36,640,,0.1351,0.1351,,1,0.1879,0.0528,0.0528,ev,none,projection,closing,1,closing,20260911F39A2BD0,2026-10-08T15:34:16.604Z
2026,1,11863,Cooper Kupp,SEA,WR,vs NE,recYds,theScore,29.5,over,36.09,-115,-115,0.5349,0.5000,0.0698,0,0.5877,0.0528,0.0877,ev,multiplicative,projection,closing,1,closing,20260910B2546DE0,2026-10-08T15:34:16.604Z
2026,1,11861,Mack Hollins,NE,WR,at SEA,receptions,Hard Rock,3.5,over,1.26,1200,,0.0769,0.0769,,1,0.1298,0.0528,0.0528,ev,none,projection,closing,1,closing,20260910B2546DE0,2026-10-08T15:34:16.604Z
2026,1,5971,Matthew Stafford,LAR,QB,vs SF,passYds,Hard Rock,263.5,under,245.83,-120,-110,0.5455,0.5101,0.0693,0,0.5983,0.0528,0.0881,ev,multiplicative,projection,closing,1,closing,20260911F39A2BD0,2026-10-08T15:34:16.604Z
2026,1,12490,Sam Darnold,SEA,QB,vs NE,passAtt,BetRivers,29.5,over,32.56,-122,-108,0.5495,0.5142,0.0688,0,0.6023,0.0527,0.0881,ev,multiplicative,projection,closing,1,closing,20260910B2546DE0,2026-10-08T15:34:16.604Z
2026,1,18497,Terrance Ferguson,LAR,TE,vs SF,receptions,FanDuel,3.5,over,1.65,390,,0.2041,0.2041,,1,0.2568,0.0527,0.0527,ev,none,projection,closing,1,closing,20260911F39A2BD0,2026-10-08T15:34:16.604Z
2026,1,15834,Brock Purdy,SF,QB,at LAR,rushYds,Hard Rock,11.5,under,12.65,150,-220,0.4000,0.3678,0.0875,0,0.4527,0.0527,0.0849,ev,multiplicative,projection,closing,1,closing,20260911F39A2BD0,2026-10-08T15:34:16.604Z
2026,1,18532,Corey Kiner,NE,RB,at SEA,rushYds,Hard Rock,34.5,under,11.74,-1800,500,0.9474,0.8504,0.1140,0,0.9999,0.0526,0.1496,ev,multiplicative,projection,closing,1,closing,20260910B2546DE0,2026-10-08T15:34:16.604Z
2026,1,17673,Drake Maye,NE,QB,at SEA,rushYds,Hard Rock,55.5,under,25.57,-1800,650,0.9474,0.8766,0.0807,0,1.0000,0.0526,0.1234,ev,multiplicative,projection,closing,1,closing,20260910B2546DE0,2026-10-08T15:34:16.604Z
2026,1,16560,Rashid Shaheed,SEA,WR,vs NE,rushYds,Hard Rock,21.5,under,3.63,-1800,700,0.9474,0.8834,0.0724,0,1.0000,0.0526,0.1166,ev,multiplicative,projection,closing,1,closing,20260910B2546DE0,2026-10-08T15:34:16.604Z
2026,1,11163,Demarcus Robinson,SF,WR,at LAR,recYds,Hard Rock,44.5,under,12.4,-1800,650,0.9474,0.8766,0.0807,0,1.0000,0.0526,0.1234,ev,multiplicative,projection,closing,1,closing,20260911F39A2BD0,2026-10-08T15:34:16.604Z
2026,1,11163,Demarcus Robinson,SF,WR,at LAR,recYds,Hard Rock,49.5,under,12.4,-1800,650,0.9474,0.8766,0.0807,0,1.0000,0.0526,0.1234,ev,multiplicative,projection,closing,1,closing,20260911F39A2BD0,2026-10-08T15:34:16.604Z
2026,1,10854,Tyler Higbee,LAR,TE,vs SF,recYds,Hard Rock,44.5,under,9.19,-1800,650,0.9474,0.8766,0.0807,0,1.0000,0.0526,0.1234,ev,multiplicative,projection,closing,1,closing,20260911F39A2BD0,2026-10-08T15:34:16.604Z
2026,1,10854,Tyler Higbee,LAR,TE,vs SF,recYds,Hard Rock,46.5,under,9.19,-1800,650,0.9474,0.8766,0.0807,0,1.0000,0.0526,0.1234,ev,multiplicative,projection,closing,1,closing,20260911F39A2BD0,2026-10-08T15:34:16.604Z
2026,1,15834,Brock Purdy,SF,QB,at LAR,rushYds,Hard Rock,51.5,under,12.65,-1800,650,0.9474,0.8766,0.0807,0,1.0000,0.0526,0.1234,ev,multiplicative,projection,closing,1,closing,20260911F39A2BD0,2026-10-08T15:34:16.604Z
2026,1,13429,Deebo Samuel Sr.,SF,WR,at LAR,rushYds,Hard Rock,32.5,under,4.1,-1800,650,0.9474,0.8766,0.0807,0,1.0000,0.0526,0.1234,ev,multiplicative,projection,closing,1,closing,20260911F39A2BD0,2026-10-08T15:34:16.604Z
2026,1,16751,DeMario Douglas,NE,WR,at SEA,receptions,DraftKings,5.5,over,2.42,1200,,0.0769,0.0769,,1,0.1294,0.0525,0.0525,ev,none,projection,closing,1,closing,20260910B2546DE0,2026-10-08T15:34:16.604Z
2026,1,5971,Matthew Stafford,LAR,QB,vs SF,passYds,DraftKings,261.5,under,245.83,-115,-115,0.5349,0.5000,0.0698,0,0.5873,0.0525,0.0873,ev,multiplicative,projection,closing,1,closing,20260911F39A2BD0,2026-10-08T15:34:16.604Z
2026,1,16027,Romeo Doubs,NE,WR,at SEA,receptions,Hard Rock,4.5,over,3.72,195,,0.3390,0.3390,,1,0.3915,0.0525,0.0525,ev,none,projection,closing,1,closing,20260910B2546DE0,2026-10-08T15:34:16.604Z
2026,1,5971,Matthew Stafford,LAR,QB,vs SF,passYds,Hard Rock,261.5,under,245.83,-115,-115,0.5349,0.5000,0.0698,0,0.5873,0.0525,0.0873,ev,multiplicative,projection,closing,1,closing,20260911F39A2BD0,2026-10-08T15:34:16.604Z
2026,1,17811,AJ Barner,SEA,TE,vs NE,recYds,DraftKings,39.5,over,34.09,235,,0.2985,0.2985,,1,0.3509,0.0524,0.0524,ev,none,projection,closing,1,closing,20260910B2546DE0,2026-10-08T15:34:16.604Z
2026,1,17673,Drake Maye,NE,QB,at SEA,passYds,Hard Rock,315.5,over,255.56,525,-1100,0.1600,0.1486,0.0767,0,0.2124,0.0524,0.0638,ev,multiplicative,projection,closing,1,closing,20260910B2546DE0,2026-10-08T15:34:16.604Z
2026,1,13432,A.J. Brown,NE,WR,at SEA,recYds,Hard Rock,90.5,over,79.78,210,-325,0.3226,0.2967,0.0873,0,0.3750,0.0524,0.0783,ev,multiplicative,projection,closing,1,closing,20260910B2546DE0,2026-10-08T15:34:16.604Z
2026,1,19299,Jadarian Price,SEA,RB,vs NE,recYds,Hard Rock,12.5,under,7.38,-210,150,0.6774,0.6287,0.0774,0,0.7298,0.0524,0.1011,ev,multiplicative,projection,closing,1,closing,20260910B2546DE0,2026-10-08T15:34:16.604Z
2026,1,11690,Christian McCaffrey,SF,RB,at LAR,recYds,Hard Rock,80.5,under,33.41,-1800,700,0.9474,0.8834,0.0724,0,0.9998,0.0524,0.1164,ev,multiplicative,projection,closing,1,closing,20260911F39A2BD0,2026-10-08T15:34:16.604Z
2026,1,16654,Jaxon Smith-Njigba,SEA,WR,vs NE,receptions,DraftKings,6.5,over,6.83,105,-140,0.4878,0.4554,0.0711,0,0.5401,0.0523,0.0847,ev,multiplicative,projection,closing,1,closing,20260910B2546DE0,2026-10-08T15:34:16.604Z
2026,1,16027,Romeo Doubs,NE,WR,at SEA,recYds,FanDuel,9.5,over,49.28,-1200,,0.9231,0.9231,,1,0.9753,0.0523,0.0523,ev,none,projection,closing,1,closing,20260910B2546DE0,2026-10-08T15:34:16.604Z
2026,1,11690,Christian McCaffrey,SF,RB,at LAR,recYds,Hard Rock,78.5,under,33.41,-1800,650,0.9474,0.8766,0.0807,0,0.9997,0.0523,0.1231,ev,multiplicative,projection,closing,1,closing,20260911F39A2BD0,2026-10-08T15:34:16.604Z
2026,1,17690,Blake Corum,LAR,RB,vs SF,rushYds,Hard Rock,69.5,over,49.02,275,-475,0.2667,0.2440,0.0928,0,0.3189,0.0522,0.0749,ev,multiplicative,projection,closing,1,closing,20260911F39A2BD0,2026-10-08T15:34:16.604Z
2026,1,17690,Blake Corum,LAR,RB,vs SF,rushYds,BetRivers,42.5,over,49.02,-115,-115,0.5349,0.5000,0.0698,0,0.5870,0.0521,0.0870,ev,multiplicative,projection,closing,1,closing,20260911F39A2BD0,2026-10-08T15:34:16.604Z
2026,1,17690,Blake Corum,LAR,RB,vs SF,rushYds,DraftKings,42.5,over,49.02,-115,-120,0.5349,0.4951,0.0803,0,0.5870,0.0521,0.0919,ev,multiplicative,projection,closing,1,closing,20260911F39A2BD0,2026-10-08T15:34:16.604Z
2026,1,17690,Blake Corum,LAR,RB,vs SF,rushYds,Hard Rock,42.5,over,49.02,-115,-115,0.5349,0.5000,0.0698,0,0.5870,0.0521,0.0870,ev,multiplicative,projection,closing,1,closing,20260911F39A2BD0,2026-10-08T15:34:16.604Z
2026,1,18497,Terrance Ferguson,LAR,TE,vs SF,recYds,Hard Rock,68.5,under,16.97,-1600,650,0.9412,0.8759,0.0745,0,0.9933,0.0521,0.1174,ev,multiplicative,projection,closing,1,closing,20260911F39A2BD0,2026-10-08T15:34:16.604Z
2026,1,17673,Drake Maye,NE,QB,at SEA,passYds,Hard Rock,152.5,under,255.56,650,-1800,0.1333,0.1234,0.0807,0,0.1853,0.0520,0.0619,ev,multiplicative,projection,closing,1,closing,20260910B2546DE0,2026-10-08T15:34:16.604Z
2026,1,10735,Hunter Henry,NE,TE,at SEA,recYds,Hard Rock,8.5,over,39.85,-1200,550,0.9231,0.8571,0.0769,0,0.9751,0.0520,0.1179,ev,multiplicative,projection,closing,1,closing,20260910B2546DE0,2026-10-08T15:34:16.604Z
2026,1,11690,Christian McCaffrey,SF,RB,at LAR,rushYds,Hard Rock,19.5,under,69.32,1200,-5000,0.0769,0.0728,0.0573,0,0.1289,0.0520,0.0562,ev,multiplicative,projection,closing,1,closing,20260911F39A2BD0,2026-10-08T15:34:16.604Z
2026,1,12490,Sam Darnold,SEA,QB,vs NE,passYds,BetRivers,249.5,over,243.94,140,,0.4167,0.4167,,1,0.4686,0.0519,0.0519,ev,none,projection,closing,1,closing,20260910B2546DE0,2026-10-08T15:34:16.604Z
2026,1,11861,Mack Hollins,NE,WR,at SEA,receptions,Hard Rock,1.5,over,1.26,150,-200,0.4000,0.3750,0.0667,0,0.4519,0.0519,0.0769,ev,multiplicative,projection,closing,1,closing,20260910B2546DE0,2026-10-08T15:34:16.604Z
2026,1,15834,Brock Purdy,SF,QB,at LAR,passTD,Hard Rock,3.5,over,1.86,1400,,0.0667,0.0667,,1,0.1185,0.0519,0.0519,ev,none,projection,closing,1,closing,20260911F39A2BD0,2026-10-08T15:34:16.604Z
2026,1,17673,Drake Maye,NE,QB,at SEA,passTD,FanDuel,1.5,over,1.66,126,-165,0.4425,0.4154,0.0651,0,0.4942,0.0518,0.0788,ev,multiplicative,projection,closing,1,closing,20260910B2546DE0,2026-10-08T15:34:16.604Z
2026,1,17690,Blake Corum,LAR,RB,vs SF,rushAtt,DraftKings,9.5,over,10.72,-120,-140,0.5455,0.4832,0.1288,0,0.5973,0.0518,0.1141,ev,multiplicative,projection,closing,1,closing,20260911F39A2BD0,2026-10-08T15:34:16.604Z
2026,1,17690,Blake Corum,LAR,RB,vs SF,rushAtt,theScore,9.5,over,10.72,-120,-105,0.5455,0.5157,0.0576,0,0.5973,0.0518,0.0816,ev,multiplicative,projection,closing,1,closing,20260911F39A2BD0,2026-10-08T15:34:16.604Z
2026,1,11892,George Kittle,SF,TE,at LAR,receptions,Hard Rock,6.5,over,3.77,900,,0.1000,0.1000,,1,0.1518,0.0518,0.0518,ev,none,projection,closing,1,closing,20260911F39A2BD0,2026-10-08T15:34:16.604Z
2026,1,16751,DeMario Douglas,NE,WR,at SEA,recYds,Hard Rock,40.5,over,29.73,275,-425,0.2667,0.2478,0.0762,0,0.3183,0.0517,0.0706,ev,multiplicative,projection,closing,1,closing,20260910B2546DE0,2026-10-08T15:34:16.604Z
2026,1,17673,Drake Maye,NE,QB,at SEA,passYds,BetRivers,228.5,over,255.56,-118,-113,0.5413,0.5050,0.0718,0,0.5929,0.0516,0.0879,ev,multiplicative,projection,closing,1,closing,20260910B2546DE0,2026-10-08T15:34:16.604Z
2026,1,11863,Cooper Kupp,SEA,WR,vs NE,recYds,DraftKings,24.5,over,36.09,-150,,0.6000,0.6000,,1,0.6516,0.0516,0.0516,ev,none,projection,closing,1,closing,20260910B2546DE0,2026-10-08T15:34:16.604Z
2026,1,15807,Kyren Williams,LAR,RB,vs SF,rushAtt,DraftKings,19.5,over,14.93,750,,0.1176,0.1176,,1,0.1692,0.0516,0.0516,ev,none,projection,closing,1,closing,20260911F39A2BD0,2026-10-08T15:34:16.604Z
2026,1,16654,Jaxon Smith-Njigba,SEA,WR,vs NE,recYds,BetRivers,119.5,over,94.17,310,,0.2439,0.2439,,1,0.2954,0.0515,0.0515,ev,none,projection,closing,1,closing,20260910B2546DE0,2026-10-08T15:34:16.604Z
2026,1,9253,Mike Evans,SF,WR,at LAR,recYds,Caesars,48.5,over,55.41,-117,-113,0.5392,0.5040,0.0697,0,0.5907,0.0515,0.0866,ev,multiplicative,projection,closing,1,closing,20260911F39A2BD0,2026-10-08T15:34:16.604Z
2026,1,11892,George Kittle,SF,TE,at LAR,receptions,FanDuel,4.5,over,3.77,194,-166,0.3401,0.3528,-0.0358,0,0.3916,0.0515,0.0389,ev,multiplicative,projection,closing,1,closing,20260911F39A2BD0,2026-10-08T15:34:16.604Z
2026,1,17690,Blake Corum,LAR,RB,vs SF,rushYds,DraftKings,99.5,over,49.02,1300,,0.0714,0.0714,,1,0.1229,0.0515,0.0515,ev,none,projection,closing,1,closing,20260911F39A2BD0,2026-10-08T15:34:16.604Z
2026,1,17673,Drake Maye,NE,QB,at SEA,passYds,Hard Rock,128.5,under,255.56,1100,-5000,0.0833,0.0783,0.0637,0,0.1348,0.0515,0.0565,ev,multiplicative,projection,closing,1,closing,20260910B2546DE0,2026-10-08T15:34:16.604Z
2026,1,17690,Blake Corum,LAR,RB,vs SF,rushYds,Hard Rock,52.5,over,49.02,140,-200,0.4167,0.3846,0.0833,0,0.4681,0.0515,0.0835,ev,multiplicative,projection,closing,1,closing,20260911F39A2BD0,2026-10-08T15:34:16.604Z
2026,1,11690,Christian McCaffrey,SF,RB,at LAR,rushYds,Hard Rock,112.5,under,69.32,-1800,650,0.9474,0.8766,0.0807,0,0.9989,0.0515,0.1222,ev,multiplicative,projection,closing,1,closing,20260911F39A2BD0,2026-10-08T15:34:16.604Z
2026,1,19299,Jadarian Price,SEA,RB,vs NE,rushYds,FanDuel,99.5,over,54.93,700,,0.1250,0.1250,,1,0.1764,0.0514,0.0514,ev,none,projection,closing,1,closing,20260910B2546DE0,2026-10-08T15:34:16.604Z
2026,1,19299,Jadarian Price,SEA,RB,vs NE,rushYds,Caesars,99.5,over,54.93,700,,0.1250,0.1250,,1,0.1764,0.0514,0.0514,ev,none,projection,closing,1,closing,20260910B2546DE0,2026-10-08T15:34:16.604Z
2026,1,17673,Drake Maye,NE,QB,at SEA,passYds,Hard Rock,327.5,over,255.56,750,-2500,0.1176,0.1090,0.0792,0,0.1691,0.0514,0.0601,ev,multiplicative,projection,closing,1,closing,20260910B2546DE0,2026-10-08T15:34:16.604Z
2026,1,16560,Rashid Shaheed,SEA,WR,vs NE,recYds,Hard Rock,22.5,over,41.94,-220,150,0.6875,0.6322,0.0875,0,0.7389,0.0514,0.1067,ev,multiplicative,projection,closing,1,closing,20260910B2546DE0,2026-10-08T15:34:16.604Z
2026,1,19299,Jadarian Price,SEA,RB,vs NE,rushYds,theScore,99.5,over,54.93,700,,0.1250,0.1250,,1,0.1764,0.0514,0.0514,ev,none,projection,closing,1,closing,20260910B2546DE0,2026-10-08T15:34:16.604Z
2026,1,19348,Eli Raridon,NE,TE,at SEA,recYds,FanDuel,24.5,over,18.66,280,,0.2632,0.2632,,1,0.3144,0.0513,0.0513,ev,none,projection,closing,1,closing,20260910B2546DE0,2026-10-08T15:34:16.604Z
2026,1,12490,Sam Darnold,SEA,QB,vs NE,passYds,Hard Rock,268.5,over,243.94,220,-325,0.3125,0.2901,0.0772,0,0.3638,0.0513,0.0737,ev,multiplicative,projection,closing,1,closing,20260910B2546DE0,2026-10-08T15:34:16.604Z
2026,1,17690,Blake Corum,LAR,RB,vs SF,rushYds,Hard Rock,79.5,over,49.02,425,-850,0.1905,0.1755,0.0852,0,0.2417,0.0513,0.0662,ev,multiplicative,projection,closing,1,closing,20260911F39A2BD0,2026-10-08T15:34:16.604Z
2026,1,15372,Rhamondre Stevenson,NE,RB,at SEA,rushYds,Hard Rock,33.5,over,72.39,-900,350,0.9000,0.8020,0.1222,0,0.9512,0.0512,0.1493,ev,multiplicative,projection,closing,1,closing,20260910B2546DE0,2026-10-08T15:34:16.604Z
2026,1,11690,Christian McCaffrey,SF,RB,at LAR,recYds,Hard Rock,20.5,under,33.41,325,-600,0.2353,0.2154,0.0924,0,0.2865,0.0512,0.0711,ev,multiplicative,projection,closing,1,closing,20260911F39A2BD0,2026-10-08T15:34:16.604Z
2026,1,11892,George Kittle,SF,TE,at LAR,recYds,Hard Rock,27.5,over,40.53,-210,150,0.6774,0.6287,0.0774,0,0.7286,0.0512,0.0999,ev,multiplicative,projection,closing,1,closing,20260911F39A2BD0,2026-10-08T15:34:16.604Z
2026,1,18497,Terrance Ferguson,LAR,TE,vs SF,recYds,Hard Rock,51.5,under,16.97,-900,450,0.9000,0.8319,0.0818,0,0.9512,0.0512,0.1193,ev,multiplicative,projection,closing,1,closing,20260911F39A2BD0,2026-10-08T15:34:16.604Z
2026,1,17673,Drake Maye,NE,QB,at SEA,passYds,FanDuel,324.5,over,255.56,680,,0.1282,0.1282,,1,0.1793,0.0511,0.0511,ev,none,projection,closing,1,closing,20260910B2546DE0,2026-10-08T15:34:16.604Z
2026,1,18497,Terrance Ferguson,LAR,TE,vs SF,recYds,BetRivers,21.5,under,16.97,-115,-115,0.5349,0.5000,0.0698,0,0.5860,0.0511,0.0860,ev,multiplicative,projection,closing,1,closing,20260911F39A2BD0,2026-10-08T15:34:16.604Z
2026,1,17690,Blake Corum,LAR,RB,vs SF,rushYds,Caesars,89.5,over,49.02,700,,0.1250,0.1250,,1,0.1760,0.0510,0.0510,ev,none,projection,closing,1,closing,20260911F39A2BD0,2026-10-08T15:34:16.604Z
2026,1,13432,A.J. Brown,NE,WR,at SEA,recYds,Hard Rock,47.5,over,79.78,-325,175,0.7647,0.6777,0.1283,0,0.8157,0.0510,0.1379,ev,multiplicative,projection,closing,1,closing,20260910B2546DE0,2026-10-08T15:34:16.604Z
2026,1,16027,Romeo Doubs,NE,WR,at SEA,recYds,Hard Rock,49.5,over,49.28,125,-220,0.4444,0.3926,0.1319,0,0.4955,0.0510,0.1028,ev,multiplicative,projection,closing,1,closing,20260910B2546DE0,2026-10-08T15:34:16.604Z
2026,1,15372,Rhamondre Stevenson,NE,RB,at SEA,recYds,DraftKings,22.5,under,20.57,-108,-116,0.5192,0.4916,0.0563,0,0.5701,0.0509,0.0785,ev,multiplicative,projection,closing,1,closing,20260910B2546DE0,2026-10-08T15:34:16.604Z
2026,1,17811,AJ Barner,SEA,TE,vs NE,recYds,Caesars,9.5,over,34.09,-650,,0.8667,0.8667,,1,0.9176,0.0509,0.0509,ev,none,projection,closing,1,closing,20260910B2546DE0,2026-10-08T15:34:16.604Z
2026,1,17673,Drake Maye,NE,QB,at SEA,passAtt,BetRivers,34.5,over,32.47,230,,0.3030,0.3030,,1,0.3538,0.0508,0.0508,ev,none,projection,closing,1,closing,20260910B2546DE0,2026-10-08T15:34:16.604Z
2026,1,9253,Mike Evans,SF,WR,at LAR,recYds,FanDuel,39.5,over,55.41,-186,,0.6503,0.6503,,1,0.7012,0.0508,0.0508,ev,none,projection,closing,1,closing,20260911F39A2BD0,2026-10-08T15:34:16.604Z
2026,1,16418,Jake Tonges,SF,TE,at LAR,recYds,Caesars,10.5,under,8.35,-115,-114,0.5349,0.5010,0.0676,0,0.5857,0.0508,0.0847,ev,multiplicative,projection,closing,1,closing,20260911F39A2BD0,2026-10-08T15:34:16.604Z
2026,1,5971,Matthew Stafford,LAR,QB,vs SF,passTD,theScore,2.5,over,2.13,225,,0.3077,0.3077,,1,0.3585,0.0508,0.0508,ev,none,projection,closing,1,closing,20260911F39A2BD0,2026-10-08T15:34:16.604Z
2026,1,11892,George Kittle,SF,TE,at LAR,recYds,Hard Rock,36.5,over,40.53,-110,-120,0.5238,0.4899,0.0693,0,0.5747,0.0508,0.0848,ev,multiplicative,projection,closing,1,closing,20260911F39A2BD0,2026-10-08T15:34:16.604Z
2026,1,17690,Blake Corum,LAR,RB,vs SF,rushYds,Hard Rock,53.5,over,49.02,145,-200,0.4082,0.3797,0.0748,0,0.4590,0.0508,0.0792,ev,multiplicative,projection,closing,1,closing,20260911F39A2BD0,2026-10-08T15:34:16.604Z
2026,1,11863,Cooper Kupp,SEA,WR,vs NE,recYds,Hard Rock,30.5,over,36.09,-110,-120,0.5238,0.4899,0.0693,0,0.5745,0.0507,0.0847,ev,multiplicative,projection,closing,1,closing,20260910B2546DE0,2026-10-08T15:34:16.604Z
2026,1,19299,Jadarian Price,SEA,RB,vs NE,receptions,Hard Rock,1.5,under,1.06,-135,105,0.5745,0.5408,0.0623,0,0.6252,0.0507,0.0844,ev,multiplicative,projection,closing,1,closing,20260910B2546DE0,2026-10-08T15:34:16.604Z
2026,1,19299,Jadarian Price,SEA,RB,vs NE,receptions,theScore,1.5,under,1.06,-135,105,0.5745,0.5408,0.0623,0,0.6252,0.0507,0.0844,ev,multiplicative,projection,closing,1,closing,20260910B2546DE0,2026-10-08T15:34:16.604Z
2026,1,16751,DeMario Douglas,NE,WR,at SEA,recYds,Hard Rock,43.5,over,29.73,350,-575,0.2222,0.2069,0.0741,0,0.2730,0.0507,0.0661,ev,multiplicative,projection,closing,1,closing,20260910B2546DE0,2026-10-08T15:34:16.604Z
2026,1,12490,Sam Darnold,SEA,QB,vs NE,passYds,BetRivers,274.5,over,243.94,255,,0.2817,0.2817,,1,0.3323,0.0506,0.0506,ev,none,projection,closing,1,closing,20260910B2546DE0,2026-10-08T15:34:16.604Z
2026,1,14463,Colby Parkinson,LAR,TE,vs SF,recYds,DraftKings,16.5,over,20.11,-115,-109,0.5349,0.5063,0.0564,0,0.5855,0.0506,0.0792,ev,multiplicative,projection,closing,1,closing,20260911F39A2BD0,2026-10-08T15:34:16.604Z
2026,1,19299,Jadarian Price,SEA,RB,vs NE,rushAtt,theScore,19.5,over,12.78,1100,,0.0833,0.0833,,1,0.1339,0.0506,0.0506,ev,none,projection,closing,1,closing,20260910B2546DE0,2026-10-08T15:34:16.604Z
2026,1,15372,Rhamondre Stevenson,NE,RB,at SEA,rushYds,Hard Rock,32.5,over,72.39,-950,350,0.9048,0.8028,0.1270,0,0.9554,0.0506,0.1526,ev,multiplicative,projection,closing,1,closing,20260910B2546DE0,2026-10-08T15:34:16.604Z
2026,1,11690,Christian McCaffrey,SF,RB,at LAR,rushAtt,DraftKings,16.5,over,17.64,100,-135,0.5000,0.4653,0.0745,0,0.5505,0.0505,0.0851,ev,multiplicative,projection,closing,1,closing,20260911F39A2BD0,2026-10-08T15:34:16.604Z
2026,1,11690,Christian McCaffrey,SF,RB,at LAR,rushYds,DraftKings,69.5,over,69.32,125,,0.4444,0.4444,,1,0.4949,0.0505,0.0505,ev,none,projection,closing,1,closing,20260911F39A2BD0,2026-10-08T15:34:16.604Z
2026,1,13432,A.J. Brown,NE,WR,at SEA,recYds,Hard Rock,49.5,over,79.78,-300,165,0.7500,0.6653,0.1274,0,0.8005,0.0505,0.1352,ev,multiplicative,projection,closing,1,closing,20260910B2546DE0,2026-10-08T15:34:16.604Z
2026,1,12490,Sam Darnold,SEA,QB,vs NE,passYds,Hard Rock,277.5,over,243.94,275,-450,0.2667,0.2458,0.0848,0,0.3170,0.0504,0.0712,ev,multiplicative,projection,closing,1,closing,20260910B2546DE0,2026-10-08T15:34:16.604Z
2026,1,11690,Christian McCaffrey,SF,RB,at LAR,rushYds,Hard Rock,20.5,under,69.32,1100,-5000,0.0833,0.0783,0.0637,0,0.1338,0.0504,0.0554,ev,multiplicative,projection,closing,1,closing,20260911F39A2BD0,2026-10-08T15:34:16.604Z
2026,1,12490,Sam Darnold,SEA,QB,vs NE,passYds,Hard Rock,170.5,under,243.94,400,-700,0.2000,0.1860,0.0750,0,0.2503,0.0503,0.0642,ev,multiplicative,projection,closing,1,closing,20260910B2546DE0,2026-10-08T15:34:16.604Z
2026,1,19299,Jadarian Price,SEA,RB,vs NE,recYds,Hard Rock,3.5,over,7.38,-250,175,0.7143,0.6627,0.0779,0,0.7645,0.0502,0.1019,ev,multiplicative,projection,closing,1,closing,20260910B2546DE0,2026-10-08T15:34:16.604Z
2026,1,15372,Rhamondre Stevenson,NE,RB,at SEA,rushYds,Hard Rock,31.5,over,72.39,-1000,350,0.9091,0.8036,0.1313,0,0.9593,0.0502,0.1557,ev,multiplicative,projection,closing,1,closing,20260910B2546DE0,2026-10-08T15:34:16.604Z
2026,1,19330,De'Zhaun Stribling,SF,WR,at LAR,receptions,BetRivers,4.5,over,2.33,430,,0.1887,0.1887,,1,0.2387,0.0500,0.0500,ev,none,projection,closing,1,closing,20260911F39A2BD0,2026-10-08T15:34:16.604Z
2026,1,17690,Blake Corum,LAR,RB,vs SF,rushYds,DraftKings,43.5,over,49.02,-110,-114,0.5238,0.4958,0.0565,0,0.5738,0.0500,0.0781,ev,multiplicative,projection,closing,1,closing,20260911F39A2BD0,2026-10-08T15:34:16.604Z
2026,1,5971,Matthew Stafford,LAR,QB,vs SF,passYds,Hard Rock,250.5,under,245.83,110,-155,0.4762,0.4393,0.0840,0,0.5262,0.0500,0.0869,ev,multiplicative,projection,closing,1,closing,20260911F39A2BD0,2026-10-08T15:34:16.604Z
2026,1,17690,Blake Corum,LAR,RB,vs SF,rushYds,Circa Sports,43.5,over,49.02,-110,-110,0.5238,0.5000,0.0476,0,0.5738,0.0500,0.0738,ev,multiplicative,projection,closing,1,closing,20260911F39A2BD0,2026-10-08T15:34:16.604Z
2026,1,17673,Drake Maye,NE,QB,at SEA,passYds,Caesars,233.5,over,255.56,-111,-121,0.5261,0.4900,0.0736,0,0.5760,0.0499,0.0860,ev,multiplicative,projection,closing,1,closing,20260910B2546DE0,2026-10-08T15:34:16.604Z
2026,1,17968,George Holani,SEA,RB,vs NE,recYds,Hard Rock,15.5,under,8.3,-225,130,0.6923,0.6142,0.1271,0,0.7422,0.0499,0.1279,ev,multiplicative,projection,closing,1,closing,20260910B2546DE0,2026-10-08T15:34:16.604Z
2026,1,17690,Blake Corum,LAR,RB,vs SF,rushYds,Hard Rock,54.5,over,49.02,150,-210,0.4000,0.3713,0.0774,0,0.4499,0.0499,0.0786,ev,multiplicative,projection,closing,1,closing,20260911F39A2BD0,2026-10-08T15:34:16.604Z
2026,1,17673,Drake Maye,NE,QB,at SEA,passTD,Caesars,1.5,over,1.66,125,-145,0.4444,0.4289,0.0363,0,0.4942,0.0498,0.0653,ev,multiplicative,projection,closing,1,closing,20260910B2546DE0,2026-10-08T15:34:16.604Z
2026,1,17673,Drake Maye,NE,QB,at SEA,passTD,theScore,1.5,over,1.66,125,-160,0.4444,0.4194,0.0598,0,0.4942,0.0498,0.0749,ev,multiplicative,projection,closing,1,closing,20260910B2546DE0,2026-10-08T15:34:16.604Z
2026,1,5971,Matthew Stafford,LAR,QB,vs SF,passYds,Circa Sports,259,under,245.83,-110,-110,0.5238,0.5000,0.0476,0,0.5736,0.0498,0.0736,ev,multiplicative,projection,closing,1,closing,20260911F39A2BD0,2026-10-08T15:34:16.604Z
2026,1,17673,Drake Maye,NE,QB,at SEA,passYds,Hard Rock,336.5,over,255.56,1000,-4000,0.0909,0.0852,0.0665,0,0.1406,0.0497,0.0554,ev,multiplicative,projection,closing,1,closing,20260910B2546DE0,2026-10-08T15:34:16.604Z
2026,1,11690,Christian McCaffrey,SF,RB,at LAR,recYds,Hard Rock,19.5,under,33.41,350,-650,0.2222,0.2041,0.0889,0,0.2718,0.0496,0.0678,ev,multiplicative,projection,closing,1,closing,20260911F39A2BD0,2026-10-08T15:34:16.604Z
2026,1,11892,George Kittle,SF,TE,at LAR,recYds,Hard Rock,70.5,under,40.53,-800,425,0.8889,0.8235,0.0794,0,0.9385,0.0496,0.1149,ev,multiplicative,projection,closing,1,closing,20260911F39A2BD0,2026-10-08T15:34:16.604Z
2026,1,11892,George Kittle,SF,TE,at LAR,recYds,theScore,54.5,under,40.53,-250,180,0.7143,0.6667,0.0714,0,0.7638,0.0496,0.0972,ev,multiplicative,projection,closing,1,closing,20260911F39A2BD0,2026-10-08T15:34:16.604Z
2026,1,16027,Romeo Doubs,NE,WR,at SEA,receptions,BetRivers,1.5,over,3.72,-835,,0.8930,0.8930,,1,0.9425,0.0495,0.0495,ev,none,projection,closing,1,closing,20260910B2546DE0,2026-10-08T15:34:16.604Z
2026,1,17673,Drake Maye,NE,QB,at SEA,passYds,Hard Rock,155.5,under,255.56,600,-1500,0.1429,0.1322,0.0804,0,0.1924,0.0495,0.0601,ev,multiplicative,projection,closing,1,closing,20260910B2546DE0,2026-10-08T15:34:16.604Z
2026,1,17673,Drake Maye,NE,QB,at SEA,passYds,Hard Rock,323.5,over,255.56,650,-1600,0.1333,0.1241,0.0745,0,0.1829,0.0495,0.0588,ev,multiplicative,projection,closing,1,closing,20260910B2546DE0,2026-10-08T15:34:16.604Z
2026,1,15372,Rhamondre Stevenson,NE,RB,at SEA,rushYds,Hard Rock,29.5,over,72.39,-1100,375,0.9167,0.8132,0.1272,0,0.9662,0.0495,0.1530,ev,multiplicative,projection,closing,1,closing,20260910B2546DE0,2026-10-08T15:34:16.604Z
2026,1,5971,Matthew Stafford,LAR,QB,vs SF,passTD,FanDuel,3.5,over,2.13,750,,0.1176,0.1176,,1,0.1671,0.0494,0.0494,ev,none,projection,closing,1,closing,20260911F39A2BD0,2026-10-08T15:34:16.604Z
2026,1,11861,Mack Hollins,NE,WR,at SEA,recYds,Hard Rock,24.5,over,16.53,260,-550,0.2778,0.2471,0.1239,0,0.3272,0.0494,0.0801,ev,multiplicative,projection,closing,1,closing,20260910B2546DE0,2026-10-08T15:34:16.604Z
2026,1,5971,Matthew Stafford,LAR,QB,vs SF,passTD,theScore,3.5,over,2.13,750,,0.1176,0.1176,,1,0.1671,0.0494,0.0494,ev,none,projection,closing,1,closing,20260911F39A2BD0,2026-10-08T15:34:16.604Z
2026,1,17690,Blake Corum,LAR,RB,vs SF,rushYds,Hard Rock,65.5,over,49.02,230,-325,0.3030,0.2838,0.0677,0,0.3524,0.0494,0.0686,ev,multiplicative,projection,closing,1,closing,20260911F39A2BD0,2026-10-08T15:34:16.604Z
2026,1,11690,Christian McCaffrey,SF,RB,at LAR,rushYds,Hard Rock,62.5,over,69.32,-105,-125,0.5122,0.4797,0.0678,0,0.5615,0.0493,0.0818,ev,multiplicative,projection,closing,1,closing,20260911F39A2BD0,2026-10-08T15:34:16.604Z
2026,1,15807,Kyren Williams,LAR,RB,vs SF,rushAtt,theScore,11.5,over,14.93,-240,,0.7059,0.7059,,1,0.7551,0.0492,0.0492,ev,none,projection,closing,1,closing,20260911F39A2BD0,2026-10-08T15:34:16.604Z
2026,1,5971,Matthew Stafford,LAR,QB,vs SF,passYds,Caesars,260.5,under,245.83,-114,-114,0.5327,0.5000,0.0654,0,0.5818,0.0491,0.0818,ev,multiplicative,projection,closing,1,closing,20260911F39A2BD0,2026-10-08T15:34:16.604Z
2026,1,13432,A.J. Brown,NE,WR,at SEA,recYds,Hard Rock,78.5,over,79.78,115,-195,0.4651,0.4130,0.1261,0,0.5142,0.0491,0.1012,ev,multiplicative,projection,closing,1,closing,20260910B2546DE0,2026-10-08T15:34:16.604Z
2026,1,11892,George Kittle,SF,TE,at LAR,recYds,Hard Rock,81.5,under,40.53,-1400,600,0.9333,0.8673,0.0762,0,0.9825,0.0491,0.1152,ev,multiplicative,projection,closing,1,closing,20260911F39A2BD0,2026-10-08T15:34:16.604Z
2026,1,9455,Davante Adams,LAR,WR,vs SF,receptions,theScore,6.5,over,4.07,300,,0.2500,0.2500,,1,0.2991,0.0491,0.0491,ev,none,projection,closing,1,closing,20260911F39A2BD0,2026-10-08T15:34:16.604Z
2026,1,17673,Drake Maye,NE,QB,at SEA,passYds,FanDuel,232.5,over,255.56,-113,-113,0.5305,0.5000,0.0610,0,0.5794,0.0489,0.0794,ev,multiplicative,projection,closing,1,closing,20260910B2546DE0,2026-10-08T15:34:16.604Z
2026,1,17968,George Holani,SEA,RB,vs NE,recYds,Hard Rock,30.5,under,8.3,-1300,425,0.9286,0.8298,0.1190,0,0.9775,0.0489,0.1477,ev,multiplicative,projection,closing,1,closing,20260910B2546DE0,2026-10-08T15:34:16.604Z
2026,1,11861,Mack Hollins,NE,WR,at SEA,receptions,theScore,2.5,over,1.26,360,,0.2174,0.2174,,1,0.2663,0.0489,0.0489,ev,none,projection,closing,1,closing,20260910B2546DE0,2026-10-08T15:34:16.604Z
2026,1,17673,Drake Maye,NE,QB,at SEA,passYds,theScore,234.5,over,255.56,-110,-120,0.5238,0.4899,0.0693,0,0.5726,0.0488,0.0827,ev,multiplicative,projection,closing,1,closing,20260910B2546DE0,2026-10-08T15:34:16.604Z
2026,1,10735,Hunter Henry,NE,TE,at SEA,recYds,Hard Rock,68.5,under,39.85,-900,450,0.9000,0.8319,0.0818,0,0.9488,0.0488,0.1169,ev,multiplicative,projection,closing,1,closing,20260910B2546DE0,2026-10-08T15:34:16.604Z
2026,1,11861,Mack Hollins,NE,WR,at SEA,receptions,Caesars,1.5,over,1.26,148,-197,0.4032,0.3781,0.0665,0,0.4519,0.0487,0.0738,ev,multiplicative,projection,closing,1,closing,20260910B2546DE0,2026-10-08T15:34:16.604Z
2026,1,13429,Deebo Samuel Sr.,SF,WR,at LAR,receptions,DraftKings,2.5,over,3.36,-135,100,0.5745,0.5347,0.0745,0,0.6231,0.0486,0.0884,ev,multiplicative,projection,closing,1,closing,20260911F39A2BD0,2026-10-08T15:34:16.604Z
2026,1,16418,Jake Tonges,SF,TE,at LAR,recYds,DraftKings,10.5,under,8.35,-116,-108,0.5370,0.5084,0.0563,0,0.5857,0.0486,0.0772,ev,multiplicative,projection,closing,1,closing,20260911F39A2BD0,2026-10-08T15:34:16.604Z
2026,1,12490,Sam Darnold,SEA,QB,vs NE,passYds,theScore,299.5,over,243.94,500,,0.1667,0.1667,,1,0.2153,0.0486,0.0486,ev,none,projection,closing,1,closing,20260910B2546DE0,2026-10-08T15:34:16.604Z
2026,1,13432,A.J. Brown,NE,WR,at SEA,receptions,Hard Rock,11.5,over,5.42,3000,,0.0323,0.0323,,1,0.0808,0.0486,0.0486,ev,none,projection,closing,1,closing,20260910B2546DE0,2026-10-08T15:34:16.604Z
2026,1,5971,Matthew Stafford,LAR,QB,vs SF,passYds,Hard Rock,254.5,under,245.83,100,-140,0.5000,0.4615,0.0833,0,0.5486,0.0486,0.0871,ev,multiplicative,projection,closing,1,closing,20260911F39A2BD0,2026-10-08T15:34:16.604Z
2026,1,11863,Cooper Kupp,SEA,WR,vs NE,recYds,BetRivers,29.5,over,36.09,-117,-113,0.5392,0.5040,0.0697,0,0.5877,0.0485,0.0836,ev,multiplicative,projection,closing,1,closing,20260910B2546DE0,2026-10-08T15:34:16.604Z
2026,1,11863,Cooper Kupp,SEA,WR,vs NE,recYds,Caesars,29.5,over,36.09,-117,-113,0.5392,0.5040,0.0697,0,0.5877,0.0485,0.0836,ev,multiplicative,projection,closing,1,closing,20260910B2546DE0,2026-10-08T15:34:16.604Z
2026,1,17673,Drake Maye,NE,QB,at SEA,passYds,DraftKings,339.5,over,255.56,1100,,0.0833,0.0833,,1,0.1319,0.0485,0.0485,ev,none,projection,closing,1,closing,20260910B2546DE0,2026-10-08T15:34:16.604Z
2026,1,18497,Terrance Ferguson,LAR,TE,vs SF,receptions,DraftKings,5.5,over,1.65,2500,,0.0385,0.0385,,1,0.0870,0.0485,0.0485,ev,none,projection,closing,1,closing,20260911F39A2BD0,2026-10-08T15:34:16.604Z
2026,1,11690,Christian McCaffrey,SF,RB,at LAR,rushYds,Caesars,69.5,over,69.32,124,,0.4464,0.4464,,1,0.4949,0.0485,0.0485,ev,none,projection,closing,1,closing,20260911F39A2BD0,2026-10-08T15:34:16.604Z
2026,1,18497,Terrance Ferguson,LAR,TE,vs SF,receptions,Hard Rock,5.5,over,1.65,2500,,0.0385,0.0385,,1,0.0870,0.0485,0.0485,ev,none,projection,closing,1,closing,20260911F39A2BD0,2026-10-08T15:34:16.604Z
2026,1,16560,Rashid Shaheed,SEA,WR,vs NE,recYds,Hard Rock,28.5,over,41.94,-165,100,0.6226,0.5546,0.1226,0,0.6709,0.0483,0.1163,ev,multiplicative,projection,closing,1,closing,20260910B2546DE0,2026-10-08T15:34:16.604Z
2026,1,11690,Christian McCaffrey,SF,RB,at LAR,recYds,Hard Rock,9.5,under,33.41,900,-4000,0.1000,0.0930,0.0756,0,0.1483,0.0483,0.0553,ev,multiplicative,projection,closing,1,closing,20260911F39A2BD0,2026-10-08T15:34:16.604Z
2026,1,11892,George Kittle,SF,TE,at LAR,recYds,Hard Rock,21.5,over,40.53,-325,200,0.7647,0.6964,0.0980,0,0.8130,0.0483,0.1165,ev,multiplicative,projection,closing,1,closing,20260911F39A2BD0,2026-10-08T15:34:16.604Z
2026,1,18497,Terrance Ferguson,LAR,TE,vs SF,recYds,Hard Rock,9.5,under,16.97,260,-400,0.2778,0.2577,0.0778,0,0.3261,0.0483,0.0684,ev,multiplicative,projection,closing,1,closing,20260911F39A2BD0,2026-10-08T15:34:16.604Z
2026,1,17968,George Holani,SEA,RB,vs NE,recYds,FanDuel,10.5,under,8.3,-113,-113,0.5305,0.5000,0.0610,0,0.5787,0.0482,0.0787,ev,multiplicative,projection,closing,1,closing,20260910B2546DE0,2026-10-08T15:34:16.604Z
2026,1,17968,George Holani,SEA,RB,vs NE,recYds,Caesars,10.5,under,8.3,-113,-115,0.5305,0.4980,0.0654,0,0.5787,0.0482,0.0808,ev,multiplicative,projection,closing,1,closing,20260910B2546DE0,2026-10-08T15:34:16.604Z
2026,1,5971,Matthew Stafford,LAR,QB,vs SF,passYds,BetRivers,261.5,under,245.83,-117,-114,0.5392,0.5030,0.0719,0,0.5873,0.0482,0.0843,ev,multiplicative,projection,closing,1,closing,20260911F39A2BD0,2026-10-08T15:34:16.604Z
2026,1,11690,Christian McCaffrey,SF,RB,at LAR,recYds,Hard Rock,33.5,under,33.41,120,-165,0.4545,0.4220,0.0772,0,0.5027,0.0482,0.0807,ev,multiplicative,projection,closing,1,closing,20260911F39A2BD0,2026-10-08T15:34:16.604Z
2026,1,17673,Drake Maye,NE,QB,at SEA,passYds,Hard Rock,328.5,over,255.56,750,-2500,0.1176,0.1090,0.0792,0,0.1657,0.0481,0.0567,ev,multiplicative,projection,closing,1,closing,20260910B2546DE0,2026-10-08T15:34:16.604Z
2026,1,17673,Drake Maye,NE,QB,at SEA,passYds,Hard Rock,330.5,over,255.56,800,-2500,0.1111,0.1036,0.0726,0,0.1592,0.0481,0.0556,ev,multiplicative,projection,closing,1,closing,20260910B2546DE0,2026-10-08T15:34:16.604Z
2026,1,12490,Sam Darnold,SEA,QB,vs NE,int,Hard Rock,0.5,over,0.9,-120,-110,0.5455,0.5101,0.0693,0,0.5934,0.0480,0.0833,ev,multiplicative,projection,closing,1,closing,20260910B2546DE0,2026-10-08T15:34:16.604Z
2026,1,12490,Sam Darnold,SEA,QB,vs NE,int,theScore,0.5,over,0.9,-120,-110,0.5455,0.5101,0.0693,0,0.5934,0.0480,0.0833,ev,multiplicative,projection,closing,1,closing,20260910B2546DE0,2026-10-08T15:34:16.604Z
2026,1,5971,Matthew Stafford,LAR,QB,vs SF,int,Hard Rock,0.5,under,0.46,-140,110,0.5833,0.5506,0.0595,0,0.6313,0.0480,0.0807,ev,multiplicative,projection,closing,1,closing,20260911F39A2BD0,2026-10-08T15:34:16.604Z
2026,1,15807,Kyren Williams,LAR,RB,vs SF,rushYds,Hard Rock,35.5,over,66.77,-375,250,0.7895,0.7343,0.0752,0,0.8375,0.0480,0.1032,ev,multiplicative,projection,closing,1,closing,20260911F39A2BD0,2026-10-08T15:34:16.604Z
2026,1,17673,Drake Maye,NE,QB,at SEA,passYds,DraftKings,231.5,over,255.56,-115,-115,0.5349,0.5000,0.0698,0,0.5828,0.0479,0.0828,ev,multiplicative,projection,closing,1,closing,20260910B2546DE0,2026-10-08T15:34:16.604Z
2026,1,17673,Drake Maye,NE,QB,at SEA,passYds,Hard Rock,231.5,over,255.56,-115,-115,0.5349,0.5000,0.0698,0,0.5828,0.0479,0.0828,ev,multiplicative,projection,closing,1,closing,20260910B2546DE0,2026-10-08T15:34:16.604Z
2026,1,10735,Hunter Henry,NE,TE,at SEA,receptions,Hard Rock,5.5,over,3.59,450,,0.1818,0.1818,,1,0.2295,0.0477,0.0477,ev,none,projection,closing,1,closing,20260910B2546DE0,2026-10-08T15:34:16.604Z
2026,1,13432,A.J. Brown,NE,WR,at SEA,receptions,FanDuel,10.5,over,5.42,1260,,0.0735,0.0735,,1,0.1211,0.0476,0.0476,ev,none,projection,closing,1,closing,20260910B2546DE0,2026-10-08T15:34:16.604Z
2026,1,17673,Drake Maye,NE,QB,at SEA,passYds,Hard Rock,140.5,under,255.56,800,-2500,0.1111,0.1036,0.0726,0,0.1588,0.0476,0.0552,ev,multiplicative,projection,closing,1,closing,20260910B2546DE0,2026-10-08T15:34:16.604Z
2026,1,17673,Drake Maye,NE,QB,at SEA,rushYds,Hard Rock,54.5,under,25.57,-2000,700,0.9524,0.8840,0.0774,0,1.0000,0.0476,0.1160,ev,multiplicative,projection,closing,1,closing,20260910B2546DE0,2026-10-08T15:34:16.604Z
2026,1,16560,Rashid Shaheed,SEA,WR,vs NE,rushYds,Hard Rock,22.5,under,3.63,-2000,700,0.9524,0.8840,0.0774,0,1.0000,0.0476,0.1160,ev,multiplicative,projection,closing,1,closing,20260910B2546DE0,2026-10-08T15:34:16.604Z
2026,1,17688,Jordan Whittington,LAR,WR,vs SF,recYds,Hard Rock,32.5,under,4.95,-2000,700,0.9524,0.8840,0.0774,0,1.0000,0.0476,0.1160,ev,multiplicative,projection,closing,1,closing,20260911F39A2BD0,2026-10-08T15:34:16.604Z
2026,1,17688,Jordan Whittington,LAR,WR,vs SF,recYds,Hard Rock,33.5,under,4.95,-2000,650,0.9524,0.8772,0.0857,0,1.0000,0.0476,0.1228,ev,multiplicative,projection,closing,1,closing,20260911F39A2BD0,2026-10-08T15:34:16.604Z
2026,1,10854,Tyler Higbee,LAR,TE,vs SF,recYds,Hard Rock,43.5,under,9.19,-2000,700,0.9524,0.8840,0.0774,0,1.0000,0.0476,0.1160,ev,multiplicative,projection,closing,1,closing,20260911F39A2BD0,2026-10-08T15:34:16.604Z
2026,1,10854,Tyler Higbee,LAR,TE,vs SF,recYds,Hard Rock,47.5,under,9.19,-2000,650,0.9524,0.8772,0.0857,0,1.0000,0.0476,0.1228,ev,multiplicative,projection,closing,1,closing,20260911F39A2BD0,2026-10-08T15:34:16.604Z
2026,1,17673,Drake Maye,NE,QB,at SEA,passYds,DraftKings,228.5,over,255.56,-120,-115,0.5455,0.5049,0.0803,0,0.5929,0.0475,0.0880,ev,multiplicative,projection,closing,1,closing,20260910B2546DE0,2026-10-08T15:34:16.604Z
2026,1,17673,Drake Maye,NE,QB,at SEA,passYds,Hard Rock,228.5,over,255.56,-120,-110,0.5455,0.5101,0.0693,0,0.5929,0.0475,0.0828,ev,multiplicative,projection,closing,1,closing,20260910B2546DE0,2026-10-08T15:34:16.604Z
2026,1,14463,Colby Parkinson,LAR,TE,vs SF,recYds,Hard Rock,54.5,under,20.11,-2000,700,0.9524,0.8840,0.0774,0,0.9999,0.0475,0.1159,ev,multiplicative,projection,closing,1,closing,20260911F39A2BD0,2026-10-08T15:34:16.604Z
2026,1,11690,Christian McCaffrey,SF,RB,at LAR,recYds,Hard Rock,8.5,under,33.41,1000,-4000,0.0909,0.0852,0.0665,0,0.1384,0.0475,0.0532,ev,multiplicative,projection,closing,1,closing,20260911F39A2BD0,2026-10-08T15:34:16.604Z
2026,1,14463,Colby Parkinson,LAR,TE,vs SF,recYds,Hard Rock,55.5,under,20.11,-2000,700,0.9524,0.8840,0.0774,0,0.9999,0.0475,0.1159,ev,multiplicative,projection,closing,1,closing,20260911F39A2BD0,2026-10-08T15:34:16.604Z
2026,1,16560,Rashid Shaheed,SEA,WR,vs NE,receptions,Hard Rock,2.5,over,2.87,-110,-120,0.5238,0.4899,0.0693,0,0.5712,0.0474,0.0814,ev,multiplicative,projection,closing,1,closing,20260910B2546DE0,2026-10-08T15:34:16.604Z
2026,1,12490,Sam Darnold,SEA,QB,vs NE,passYds,Hard Rock,169.5,under,243.94,400,-750,0.2000,0.1848,0.0824,0,0.2474,0.0474,0.0626,ev,multiplicative,projection,closing,1,closing,20260910B2546DE0,2026-10-08T15:34:16.604Z
2026,1,12490,Sam Darnold,SEA,QB,vs NE,passYds,Hard Rock,237.5,over,243.94,110,-150,0.4762,0.4425,0.0762,0,0.5236,0.0474,0.0811,ev,multiplicative,projection,closing,1,closing,20260910B2546DE0,2026-10-08T15:34:16.604Z
2026,1,17968,George Holani,SEA,RB,vs NE,recYds,Hard Rock,47.5,under,8.3,-2000,700,0.9524,0.8840,0.0774,0,0.9998,0.0474,0.1158,ev,multiplicative,projection,closing,1,closing,20260910B2546DE0,2026-10-08T15:34:16.604Z
2026,1,17968,George Holani,SEA,RB,vs NE,rushYds,Circa Sports,21.5,under,18.96,-110,-110,0.5238,0.5000,0.0476,0,0.5713,0.0474,0.0713,ev,multiplicative,projection,closing,1,closing,20260910B2546DE0,2026-10-08T15:34:16.604Z
2026,1,15834,Brock Purdy,SF,QB,at LAR,rushYds,Hard Rock,7.5,under,12.65,300,-500,0.2500,0.2308,0.0833,0,0.2974,0.0474,0.0666,ev,multiplicative,projection,closing,1,closing,20260911F39A2BD0,2026-10-08T15:34:16.604Z
2026,1,17673,Drake Maye,NE,QB,at SEA,passYds,Hard Rock,137.5,under,255.56,850,-3000,0.1053,0.0981,0.0730,0,0.1525,0.0473,0.0544,ev,multiplicative,projection,closing,1,closing,20260910B2546DE0,2026-10-08T15:34:16.604Z
2026,1,11892,George Kittle,SF,TE,at LAR,recYds,Hard Rock,75.5,under,40.53,-1100,500,0.9167,0.8462,0.0833,0,0.9640,0.0473,0.1178,ev,multiplicative,projection,closing,1,closing,20260911F39A2BD0,2026-10-08T15:34:16.604Z
2026,1,17690,Blake Corum,LAR,RB,vs SF,rushYds,Hard Rock,83.5,over,49.02,500,-1000,0.1667,0.1549,0.0758,0,0.2140,0.0473,0.0591,ev,multiplicative,projection,closing,1,closing,20260911F39A2BD0,2026-10-08T15:34:16.604Z
2026,1,13432,A.J. Brown,NE,WR,at SEA,receptions,Caesars,6.5,over,5.42,182,,0.3546,0.3546,,1,0.4018,0.0472,0.0472,ev,none,projection,closing,1,closing,20260910B2546DE0,2026-10-08T15:34:16.604Z
2026,1,13429,Deebo Samuel Sr.,SF,WR,at LAR,recYds,Caesars,49.5,over,42.96,235,,0.2985,0.2985,,1,0.3457,0.0472,0.0472,ev,none,projection,closing,1,closing,20260911F39A2BD0,2026-10-08T15:34:16.604Z
2026,1,15372,Rhamondre Stevenson,NE,RB,at SEA,receptions,Caesars,1.5,over,2.94,-750,,0.8824,0.8824,,1,0.9294,0.0471,0.0471,ev,none,projection,closing,1,closing,20260910B2546DE0,2026-10-08T15:34:16.604Z
2026,1,15834,Brock Purdy,SF,QB,at LAR,passTD,DraftKings,3.5,over,1.86,1300,,0.0714,0.0714,,1,0.1185,0.0471,0.0471,ev,none,projection,closing,1,closing,20260911F39A2BD0,2026-10-08T15:34:16.604Z
2026,1,9455,Davante Adams,LAR,WR,vs SF,receptions,DraftKings,10.5,over,4.07,2800,,0.0345,0.0345,,1,0.0816,0.0471,0.0471,ev,none,projection,closing,1,closing,20260911F39A2BD0,2026-10-08T15:34:16.604Z
2026,1,17673,Drake Maye,NE,QB,at SEA,passYds,Hard Rock,154.5,under,255.56,600,-1600,0.1429,0.1318,0.0840,0,0.1900,0.0471,0.0582,ev,multiplicative,projection,closing,1,closing,20260910B2546DE0,2026-10-08T15:34:16.604Z
2026,1,15834,Brock Purdy,SF,QB,at LAR,passTD,theScore,3.5,over,1.86,1300,,0.0714,0.0714,,1,0.1185,0.0471,0.0471,ev,none,projection,closing,1,closing,20260911F39A2BD0,2026-10-08T15:34:16.604Z
2026,1,17673,Drake Maye,NE,QB,at SEA,passYds,BetRivers,230.5,over,255.56,-117,-114,0.5392,0.5030,0.0719,0,0.5862,0.0470,0.0832,ev,multiplicative,projection,closing,1,closing,20260910B2546DE0,2026-10-08T15:34:16.604Z
2026,1,5971,Matthew Stafford,LAR,QB,vs SF,passYds,BetRivers,260.5,under,245.83,-115,-114,0.5349,0.5010,0.0676,0,0.5818,0.0470,0.0808,ev,multiplicative,projection,closing,1,closing,20260911F39A2BD0,2026-10-08T15:34:16.604Z
2026,1,18540,Elijah Arroyo,SEA,TE,vs NE,recYds,theScore,19.5,over,17.59,160,,0.3846,0.3846,,1,0.4316,0.0470,0.0470,ev,none,projection,closing,1,closing,20260910B2546DE0,2026-10-08T15:34:16.604Z
2026,1,11690,Christian McCaffrey,SF,RB,at LAR,recYds,Hard Rock,18.5,under,33.41,375,-650,0.2105,0.1954,0.0772,0,0.2576,0.0470,0.0621,ev,multiplicative,projection,closing,1,closing,20260911F39A2BD0,2026-10-08T15:34:16.604Z
2026,1,11690,Christian McCaffrey,SF,RB,at LAR,recYds,Hard Rock,23.5,under,33.41,250,-375,0.2857,0.2657,0.0752,0,0.3326,0.0469,0.0669,ev,multiplicative,projection,closing,1,closing,20260911F39A2BD0,2026-10-08T15:34:16.604Z
2026,1,13429,Deebo Samuel Sr.,SF,WR,at LAR,receptions,BetRivers,2.5,over,3.36,-136,,0.5763,0.5763,,1,0.6231,0.0468,0.0468,ev,none,projection,closing,1,closing,20260911F39A2BD0,2026-10-08T15:34:16.604Z
2026,1,13429,Deebo Samuel Sr.,SF,WR,at LAR,receptions,FanDuel,2.5,over,3.36,-136,102,0.5763,0.5379,0.0713,0,0.6231,0.0468,0.0852,ev,multiplicative,projection,closing,1,closing,20260911F39A2BD0,2026-10-08T15:34:16.604Z
2026,1,11892,George Kittle,SF,TE,at LAR,recYds,Hard Rock,89.5,under,40.53,-1800,650,0.9474,0.8766,0.0807,0,0.9941,0.0468,0.1175,ev,multiplicative,projection,closing,1,closing,20260911F39A2BD0,2026-10-08T15:34:16.604Z
2026,1,17690,Blake Corum,LAR,RB,vs SF,rushYds,Hard Rock,82.5,over,49.02,475,-1000,0.1739,0.1606,0.0830,0,0.2207,0.0468,0.0602,ev,multiplicative,projection,closing,1,closing,20260911F39A2BD0,2026-10-08T15:34:16.604Z
2026,1,12490,Sam Darnold,SEA,QB,vs NE,passAtt,Caesars,29.5,over,32.56,-125,-106,0.5556,0.5192,0.0701,0,0.6023,0.0467,0.0831,ev,multiplicative,projection,closing,1,closing,20260910B2546DE0,2026-10-08T15:34:16.604Z
2026,1,15372,Rhamondre Stevenson,NE,RB,at SEA,rushYds,FanDuel,19.5,over,72.39,-1600,,0.9412,0.9412,,1,0.9879,0.0467,0.0467,ev,none,projection,closing,1,closing,20260910B2546DE0,2026-10-08T15:34:16.604Z
2026,1,5971,Matthew Stafford,LAR,QB,vs SF,passAtt,DraftKings,33.5,under,32.57,-108,-185,0.5192,0.4444,0.1684,0,0.5659,0.0467,0.1215,ev,multiplicative,projection,closing,1,closing,20260911F39A2BD0,2026-10-08T15:34:16.604Z
2026,1,12490,Sam Darnold,SEA,QB,vs NE,passAtt,Hard Rock,29.5,over,32.56,-125,-105,0.5556,0.5203,0.0678,0,0.6023,0.0467,0.0820,ev,multiplicative,projection,closing,1,closing,20260910B2546DE0,2026-10-08T15:34:16.604Z
2026,1,17673,Drake Maye,NE,QB,at SEA,passYds,Hard Rock,337.5,over,255.56,1000,-4000,0.0909,0.0852,0.0665,0,0.1376,0.0467,0.0524,ev,multiplicative,projection,closing,1,closing,20260910B2546DE0,2026-10-08T15:34:16.604Z
2026,1,18497,Terrance Ferguson,LAR,TE,vs SF,recYds,Hard Rock,13.5,under,16.97,170,-250,0.3704,0.3415,0.0847,0,0.4171,0.0467,0.0756,ev,multiplicative,projection,closing,1,closing,20260911F39A2BD0,2026-10-08T15:34:16.604Z
2026,1,16654,Jaxon Smith-Njigba,SEA,WR,vs NE,recYds,FanDuel,69.5,over,94.17,-188,,0.6528,0.6528,,1,0.6994,0.0466,0.0466,ev,none,projection,closing,1,closing,20260910B2546DE0,2026-10-08T15:34:16.604Z
2026,1,15372,Rhamondre Stevenson,NE,RB,at SEA,rushYds,Caesars,79.5,over,72.39,195,,0.3390,0.3390,,1,0.3856,0.0466,0.0466,ev,none,projection,closing,1,closing,20260910B2546DE0,2026-10-08T15:34:16.604Z
2026,1,11892,George Kittle,SF,TE,at LAR,receptions,DraftKings,6.5,over,3.77,850,,0.1053,0.1053,,1,0.1518,0.0465,0.0465,ev,none,projection,closing,1,closing,20260911F39A2BD0,2026-10-08T15:34:16.604Z
2026,1,19330,De'Zhaun Stribling,SF,WR,at LAR,recYds,BetRivers,36.5,under,30.08,-118,-113,0.5413,0.5050,0.0718,0,0.5877,0.0464,0.0827,ev,multiplicative,projection,closing,1,closing,20260911F39A2BD0,2026-10-08T15:34:16.604Z
2026,1,5971,Matthew Stafford,LAR,QB,vs SF,passYds,Hard Rock,272.5,under,245.83,-150,110,0.6000,0.5575,0.0762,0,0.6464,0.0464,0.0889,ev,multiplicative,projection,closing,1,closing,20260911F39A2BD0,2026-10-08T15:34:16.604Z
2026,1,13432,A.J. Brown,NE,WR,at SEA,receptions,DraftKings,11.5,over,5.42,2800,,0.0345,0.0345,,1,0.0808,0.0463,0.0463,ev,none,projection,closing,1,closing,20260910B2546DE0,2026-10-08T15:34:16.604Z
2026,1,10735,Hunter Henry,NE,TE,at SEA,receptions,DraftKings,6.5,over,3.59,1100,,0.0833,0.0833,,1,0.1297,0.0463,0.0463,ev,none,projection,closing,1,closing,20260910B2546DE0,2026-10-08T15:34:16.604Z
2026,1,10735,Hunter Henry,NE,TE,at SEA,receptions,FanDuel,6.5,over,3.59,1100,,0.0833,0.0833,,1,0.1297,0.0463,0.0463,ev,none,projection,closing,1,closing,20260910B2546DE0,2026-10-08T15:34:16.604Z
2026,1,16790,Puka Nacua,LAR,WR,vs SF,receptions,BetRivers,7.5,over,7.58,116,,0.4630,0.4630,,1,0.5092,0.0463,0.0463,ev,none,projection,closing,1,closing,20260911F39A2BD0,2026-10-08T15:34:16.604Z
2026,1,16790,Puka Nacua,LAR,WR,vs SF,receptions,FanDuel,7.5,over,7.58,116,-154,0.4630,0.4330,0.0693,0,0.5092,0.0463,0.0763,ev,multiplicative,projection,closing,1,closing,20260911F39A2BD0,2026-10-08T15:34:16.604Z
2026,1,12490,Sam Darnold,SEA,QB,vs NE,passYds,Hard Rock,250.5,over,243.94,140,-195,0.4167,0.3866,0.0777,0,0.4629,0.0463,0.0763,ev,multiplicative,projection,closing,1,closing,20260910B2546DE0,2026-10-08T15:34:16.604Z
2026,1,16654,Jaxon Smith-Njigba,SEA,WR,vs NE,recYds,Hard Rock,84.5,over,94.17,-115,-115,0.5349,0.5000,0.0698,0,0.5812,0.0463,0.0812,ev,multiplicative,projection,closing,1,closing,20260910B2546DE0,2026-10-08T15:34:16.604Z
2026,1,15372,Rhamondre Stevenson,NE,RB,at SEA,recYds,Hard Rock,22.5,under,20.57,-110,-120,0.5238,0.4899,0.0693,0,0.5701,0.0463,0.0802,ev,multiplicative,projection,closing,1,closing,20260910B2546DE0,2026-10-08T15:34:16.604Z
2026,1,18497,Terrance Ferguson,LAR,TE,vs SF,receptions,theScore,3.5,over,1.65,375,,0.2105,0.2105,,1,0.2568,0.0463,0.0463,ev,none,projection,closing,1,closing,20260911F39A2BD0,2026-10-08T15:34:16.604Z
2026,1,15372,Rhamondre Stevenson,NE,RB,at SEA,rushYds,Hard Rock,30.5,over,72.39,-1100,375,0.9167,0.8132,0.1272,0,0.9629,0.0462,0.1496,ev,multiplicative,projection,closing,1,closing,20260910B2546DE0,2026-10-08T15:34:16.604Z
2026,1,11892,George Kittle,SF,TE,at LAR,recYds,Hard Rock,32.5,over,40.53,-150,115,0.6000,0.5633,0.0651,0,0.6462,0.0462,0.0829,ev,multiplicative,projection,closing,1,closing,20260911F39A2BD0,2026-10-08T15:34:16.604Z
2026,1,15834,Brock Purdy,SF,QB,at LAR,passTD,FanDuel,3.5,over,1.86,1280,,0.0725,0.0725,,1,0.1185,0.0461,0.0461,ev,none,projection,closing,1,closing,20260911F39A2BD0,2026-10-08T15:34:16.604Z
2026,1,15807,Kyren Williams,LAR,RB,vs SF,rushYds,DraftKings,99.5,over,66.77,700,,0.1250,0.1250,,1,0.1711,0.0461,0.0461,ev,none,projection,closing,1,closing,20260911F39A2BD0,2026-10-08T15:34:16.604Z
2026,1,17690,Blake Corum,LAR,RB,vs SF,rushYds,FanDuel,39.5,over,49.02,-138,,0.5798,0.5798,,1,0.6259,0.0461,0.0461,ev,none,projection,closing,1,closing,20260911F39A2BD0,2026-10-08T15:34:16.604Z
2026,1,12490,Sam Darnold,SEA,QB,vs NE,passYds,Hard Rock,287.5,over,243.94,350,-600,0.2222,0.2059,0.0794,0,0.2683,0.0461,0.0624,ev,multiplicative,projection,closing,1,closing,20260910B2546DE0,2026-10-08T15:34:16.604Z
2026,1,15372,Rhamondre Stevenson,NE,RB,at SEA,rushYds,FanDuel,24.5,over,72.39,-1400,,0.9333,0.9333,,1,0.9794,0.0460,0.0460,ev,none,projection,closing,1,closing,20260910B2546DE0,2026-10-08T15:34:16.604Z
2026,1,12490,Sam Darnold,SEA,QB,vs NE,passYds,Hard Rock,269.5,over,243.94,220,-325,0.3125,0.2901,0.0772,0,0.3585,0.0460,0.0684,ev,multiplicative,projection,closing,1,closing,20260910B2546DE0,2026-10-08T15:34:16.604Z
2026,1,19330,De'Zhaun Stribling,SF,WR,at LAR,receptions,Hard Rock,2.5,under,2.33,110,-145,0.4762,0.4459,0.0680,0,0.5222,0.0460,0.0763,ev,multiplicative,projection,closing,1,closing,20260911F39A2BD0,2026-10-08T15:34:16.604Z
2026,1,5971,Matthew Stafford,LAR,QB,vs SF,passTD,Hard Rock,2.5,over,2.13,220,,0.3125,0.3125,,1,0.3585,0.0460,0.0460,ev,none,projection,closing,1,closing,20260911F39A2BD0,2026-10-08T15:34:16.604Z
2026,1,12490,Sam Darnold,SEA,QB,vs NE,int,Caesars,0.5,over,0.9,-121,-110,0.5475,0.5111,0.0713,0,0.5934,0.0459,0.0824,ev,multiplicative,projection,closing,1,closing,20260910B2546DE0,2026-10-08T15:34:16.604Z
2026,1,17673,Drake Maye,NE,QB,at SEA,passYds,Caesars,309.5,over,255.56,425,,0.1905,0.1905,,1,0.2363,0.0459,0.0459,ev,none,projection,closing,1,closing,20260910B2546DE0,2026-10-08T15:34:16.604Z
2026,1,9253,Mike Evans,SF,WR,at LAR,recYds,Hard Rock,38.5,over,55.41,-200,145,0.6667,0.6203,0.0748,0,0.7126,0.0459,0.0924,ev,multiplicative,projection,closing,1,closing,20260911F39A2BD0,2026-10-08T15:34:16.604Z
2026,1,15372,Rhamondre Stevenson,NE,RB,at SEA,rushYds,FanDuel,14.5,over,72.39,-1800,,0.9474,0.9474,,1,0.9932,0.0458,0.0458,ev,none,projection,closing,1,closing,20260910B2546DE0,2026-10-08T15:34:16.604Z
2026,1,9253,Mike Evans,SF,WR,at LAR,recYds,Hard Rock,43.5,over,55.41,-155,110,0.6078,0.5607,0.0840,0,0.6536,0.0458,0.0929,ev,multiplicative,projection,closing,1,closing,20260911F39A2BD0,2026-10-08T15:34:16.604Z
2026,1,11892,George Kittle,SF,TE,at LAR,recYds,Hard Rock,88.5,under,40.53,-1800,650,0.9474,0.8766,0.0807,0,0.9932,0.0458,0.1166,ev,multiplicative,projection,closing,1,closing,20260911F39A2BD0,2026-10-08T15:34:16.604Z
2026,1,17673,Drake Maye,NE,QB,at SEA,passYds,Caesars,239.5,over,255.56,-104,,0.5098,0.5098,,1,0.5555,0.0457,0.0457,ev,none,projection,closing,1,closing,20260910B2546DE0,2026-10-08T15:34:16.604Z
2026,1,18497,Terrance Ferguson,LAR,TE,vs SF,recYds,DraftKings,20.5,under,16.97,-109,-113,0.5215,0.4957,0.0520,0,0.5672,0.0457,0.0715,ev,multiplicative,projection,closing,1,closing,20260911F39A2BD0,2026-10-08T15:34:16.604Z
2026,1,11863,Cooper Kupp,SEA,WR,vs NE,receptions,BetRivers,3.5,over,2.81,180,,0.3571,0.3571,,1,0.4027,0.0456,0.0456,ev,none,projection,closing,1,closing,20260910B2546DE0,2026-10-08T15:34:16.604Z
2026,1,17673,Drake Maye,NE,QB,at SEA,passYds,Hard Rock,139.5,under,255.56,800,-3000,0.1111,0.1030,0.0789,0,0.1567,0.0456,0.0537,ev,multiplicative,projection,closing,1,closing,20260910B2546DE0,2026-10-08T15:34:16.604Z
2026,1,19330,De'Zhaun Stribling,SF,WR,at LAR,recYds,BetRivers,37.5,under,30.08,-125,-106,0.5556,0.5192,0.0701,0,0.6011,0.0455,0.0819,ev,multiplicative,projection,closing,1,closing,20260911F39A2BD0,2026-10-08T15:34:16.604Z
2026,1,12490,Sam Darnold,SEA,QB,vs NE,passAtt,Hard Rock,30.5,over,32.56,-110,-120,0.5238,0.4899,0.0693,0,0.5693,0.0455,0.0794,ev,multiplicative,projection,closing,1,closing,20260910B2546DE0,2026-10-08T15:34:16.604Z
2026,1,16027,Romeo Doubs,NE,WR,at SEA,receptions,Hard Rock,6.5,over,3.72,750,,0.1176,0.1176,,1,0.1631,0.0455,0.0455,ev,none,projection,closing,1,closing,20260910B2546DE0,2026-10-08T15:34:16.604Z
2026,1,11892,George Kittle,SF,TE,at LAR,recYds,Hard Rock,15.5,over,40.53,-500,325,0.8333,0.7798,0.0686,0,0.8788,0.0455,0.0990,ev,multiplicative,projection,closing,1,closing,20260911F39A2BD0,2026-10-08T15:34:16.604Z
2026,1,15807,Kyren Williams,LAR,RB,vs SF,rushYds,Hard Rock,90.5,over,66.77,400,-700,0.2000,0.1860,0.0750,0,0.2455,0.0455,0.0595,ev,multiplicative,projection,closing,1,closing,20260911F39A2BD0,2026-10-08T15:34:16.604Z
2026,1,12490,Sam Darnold,SEA,QB,vs NE,passTD,DraftKings,2.5,over,1.71,400,,0.2000,0.2000,,1,0.2454,0.0454,0.0454,ev,none,projection,closing,1,closing,20260910B2546DE0,2026-10-08T15:34:16.604Z
2026,1,19299,Jadarian Price,SEA,RB,vs NE,rushYds,FanDuel,59.5,over,54.93,140,,0.4167,0.4167,,1,0.4621,0.0454,0.0454,ev,none,projection,closing,1,closing,20260910B2546DE0,2026-10-08T15:34:16.604Z
2026,1,17673,Drake Maye,NE,QB,at SEA,passYds,Hard Rock,163.5,under,255.56,500,-1000,0.1667,0.1549,0.0758,0,0.2119,0.0453,0.0570,ev,multiplicative,projection,closing,1,closing,20260910B2546DE0,2026-10-08T15:34:16.604Z
2026,1,12490,Sam Darnold,SEA,QB,vs NE,passYds,Hard Rock,278.5,over,243.94,275,-450,0.2667,0.2458,0.0848,0,0.3120,0.0453,0.0662,ev,multiplicative,projection,closing,1,closing,20260910B2546DE0,2026-10-08T15:34:16.604Z
2026,1,5971,Matthew Stafford,LAR,QB,vs SF,passYds,Hard Rock,285.5,under,245.83,-200,145,0.6667,0.6203,0.0748,0,0.7118,0.0452,0.0916,ev,multiplicative,projection,closing,1,closing,20260911F39A2BD0,2026-10-08T15:34:16.604Z
2026,1,9253,Mike Evans,SF,WR,at LAR,recYds,Hard Rock,48.5,over,55.41,-120,-110,0.5455,0.5101,0.0693,0,0.5907,0.0452,0.0805,ev,multiplicative,projection,closing,1,closing,20260911F39A2BD0,2026-10-08T15:34:16.604Z
2026,1,13429,Deebo Samuel Sr.,SF,WR,at LAR,recYds,Hard Rock,19.5,over,42.96,-230,160,0.6970,0.6444,0.0816,0,0.7422,0.0452,0.0978,ev,multiplicative,projection,closing,1,closing,20260911F39A2BD0,2026-10-08T15:34:16.604Z
2026,1,13432,A.J. Brown,NE,WR,at SEA,recYds,Hard Rock,35.5,over,79.78,-550,350,0.8462,0.7920,0.0684,0,0.8912,0.0451,0.0992,ev,multiplicative,projection,closing,1,closing,20260910B2546DE0,2026-10-08T15:34:16.604Z
2026,1,16560,Rashid Shaheed,SEA,WR,vs NE,recYds,Hard Rock,38.5,over,41.94,100,-170,0.5000,0.4426,0.1296,0,0.5451,0.0451,0.1025,ev,multiplicative,projection,closing,1,closing,20260910B2546DE0,2026-10-08T15:34:16.604Z
2026,1,15807,Kyren Williams,LAR,RB,vs SF,rushYds,Hard Rock,34.5,over,66.77,-400,260,0.8000,0.7423,0.0778,0,0.8451,0.0451,0.1028,ev,multiplicative,projection,closing,1,closing,20260911F39A2BD0,2026-10-08T15:34:16.604Z
2026,1,17690,Blake Corum,LAR,RB,vs SF,rushYds,Hard Rock,60.5,over,49.02,185,-275,0.3509,0.3236,0.0842,0,0.3959,0.0450,0.0723,ev,multiplicative,projection,closing,1,closing,20260911F39A2BD0,2026-10-08T15:34:16.604Z
2026,1,17673,Drake Maye,NE,QB,at SEA,passYds,Hard Rock,331.5,over,255.56,800,-2500,0.1111,0.1036,0.0726,0,0.1560,0.0449,0.0524,ev,multiplicative,projection,closing,1,closing,20260910B2546DE0,2026-10-08T15:34:16.604Z
2026,1,17673,Drake Maye,NE,QB,at SEA,passYds,Caesars,329.5,over,255.56,750,,0.1176,0.1176,,1,0.1624,0.0448,0.0448,ev,none,projection,closing,1,closing,20260910B2546DE0,2026-10-08T15:34:16.604Z
2026,1,17673,Drake Maye,NE,QB,at SEA,passYds,Hard Rock,329.5,over,255.56,750,-2500,0.1176,0.1090,0.0792,0,0.1624,0.0448,0.0534,ev,multiplicative,projection,closing,1,closing,20260910B2546DE0,2026-10-08T15:34:16.604Z
2026,1,11690,Christian McCaffrey,SF,RB,at LAR,recYds,Hard Rock,28.5,under,33.41,170,-240,0.3704,0.3441,0.0763,0,0.4151,0.0448,0.0710,ev,multiplicative,projection,closing,1,closing,20260911F39A2BD0,2026-10-08T15:34:16.604Z
2026,1,14463,Colby Parkinson,LAR,TE,vs SF,recYds,Hard Rock,22.5,under,20.11,-125,-105,0.5556,0.5203,0.0678,0,0.6004,0.0448,0.0800,ev,multiplicative,projection,closing,1,closing,20260911F39A2BD0,2026-10-08T15:34:16.604Z
2026,1,19330,De'Zhaun Stribling,SF,WR,at LAR,recYds,Hard Rock,2.5,under,30.08,800,-3000,0.1111,0.1030,0.0789,0,0.1559,0.0448,0.0529,ev,multiplicative,projection,closing,1,closing,20260911F39A2BD0,2026-10-08T15:34:16.604Z
2026,1,12490,Sam Darnold,SEA,QB,vs NE,passTD,Circa Sports,1.5,over,1.71,115,-135,0.4651,0.4474,0.0396,0,0.5099,0.0447,0.0624,ev,multiplicative,projection,closing,1,closing,20260910B2546DE0,2026-10-08T15:34:16.604Z
2026,1,9253,Mike Evans,SF,WR,at LAR,receptions,Circa Sports,3.5,over,3.97,-120,100,0.5455,0.5217,0.0455,0,0.5902,0.0447,0.0685,ev,multiplicative,projection,closing,1,closing,20260911F39A2BD0,2026-10-08T15:34:16.604Z
2026,1,10735,Hunter Henry,NE,TE,at SEA,recYds,Hard Rock,63.5,under,39.85,-650,375,0.8667,0.8046,0.0772,0,0.9112,0.0446,0.1067,ev,multiplicative,projection,closing,1,closing,20260910B2546DE0,2026-10-08T15:34:16.604Z
2026,1,12490,Sam Darnold,SEA,QB,vs NE,passYds,Hard Rock,168.5,under,243.94,400,-750,0.2000,0.1848,0.0824,0,0.2445,0.0445,0.0597,ev,multiplicative,projection,closing,1,closing,20260910B2546DE0,2026-10-08T15:34:16.604Z
2026,1,12490,Sam Darnold,SEA,QB,vs NE,passYds,Hard Rock,261.5,over,243.94,180,-260,0.3571,0.3309,0.0794,0,0.4016,0.0445,0.0708,ev,multiplicative,projection,closing,1,closing,20260910B2546DE0,2026-10-08T15:34:16.604Z
2026,1,13432,A.J. Brown,NE,WR,at SEA,recYds,Hard Rock,34.5,over,79.78,-575,325,0.8519,0.7836,0.0871,0,0.8963,0.0445,0.1128,ev,multiplicative,projection,closing,1,closing,20260910B2546DE0,2026-10-08T15:34:16.604Z
2026,1,11690,Christian McCaffrey,SF,RB,at LAR,rushYds,Hard Rock,60.5,over,69.32,-115,-115,0.5349,0.5000,0.0698,0,0.5794,0.0445,0.0794,ev,multiplicative,projection,closing,1,closing,20260911F39A2BD0,2026-10-08T15:34:16.604Z
2026,1,15372,Rhamondre Stevenson,NE,RB,at SEA,receptions,BetRivers,1.5,over,2.94,-770,,0.8851,0.8851,,1,0.9294,0.0444,0.0444,ev,none,projection,closing,1,closing,20260910B2546DE0,2026-10-08T15:34:16.604Z
2026,1,17690,Blake Corum,LAR,RB,vs SF,rushYds,Hard Rock,47.5,over,49.02,110,-150,0.4762,0.4425,0.0762,0,0.5204,0.0443,0.0780,ev,multiplicative,projection,closing,1,closing,20260911F39A2BD0,2026-10-08T15:34:16.604Z
2026,1,5971,Matthew Stafford,LAR,QB,vs SF,completions,DraftKings,22.5,under,21.8,103,-131,0.4926,0.4649,0.0597,0,0.5368,0.0442,0.0720,ev,multiplicative,projection,closing,1,closing,20260911F39A2BD0,2026-10-08T15:34:16.604Z
2026,1,15807,Kyren Williams,LAR,RB,vs SF,rushAtt,theScore,19.5,over,14.93,700,,0.1250,0.1250,,1,0.1692,0.0442,0.0442,ev,none,projection,closing,1,closing,20260911F39A2BD0,2026-10-08T15:34:16.604Z
2026,1,15807,Kyren Williams,LAR,RB,vs SF,rushYds,Hard Rock,89.5,over,66.77,375,-650,0.2105,0.1954,0.0772,0,0.2547,0.0442,0.0593,ev,multiplicative,projection,closing,1,closing,20260911F39A2BD0,2026-10-08T15:34:16.604Z
2026,1,15807,Kyren Williams,LAR,RB,vs SF,rushYds,theScore,89.5,over,66.77,375,,0.2105,0.2105,,1,0.2547,0.0442,0.0442,ev,none,projection,closing,1,closing,20260911F39A2BD0,2026-10-08T15:34:16.604Z
2026,1,15372,Rhamondre Stevenson,NE,RB,at SEA,recYds,FanDuel,18.5,over,20.57,-114,-114,0.5327,0.5000,0.0654,0,0.5768,0.0441,0.0768,ev,multiplicative,projection,closing,1,closing,20260910B2546DE0,2026-10-08T15:34:16.604Z
2026,1,16790,Puka Nacua,LAR,WR,vs SF,receptions,Caesars,7.5,over,7.58,115,-152,0.4651,0.4354,0.0683,0,0.5092,0.0441,0.0739,ev,multiplicative,projection,closing,1,closing,20260911F39A2BD0,2026-10-08T15:34:16.604Z
2026,1,17673,Drake Maye,NE,QB,at SEA,passYds,theScore,229.5,over,255.56,-120,-110,0.5455,0.5101,0.0693,0,0.5896,0.0441,0.0794,ev,multiplicative,projection,closing,1,closing,20260910B2546DE0,2026-10-08T15:34:16.604Z
2026,1,16790,Puka Nacua,LAR,WR,vs SF,receptions,Circa Sports,7.5,over,7.58,115,-135,0.4651,0.4474,0.0396,0,0.5092,0.0441,0.0618,ev,multiplicative,projection,closing,1,closing,20260911F39A2BD0,2026-10-08T15:34:16.604Z
2026,1,16790,Puka Nacua,LAR,WR,vs SF,receptions,Hard Rock,7.5,over,7.58,115,-145,0.4651,0.4401,0.0570,0,0.5092,0.0441,0.0692,ev,multiplicative,projection,closing,1,closing,20260911F39A2BD0,2026-10-08T15:34:16.604Z
2026,1,16790,Puka Nacua,LAR,WR,vs SF,receptions,theScore,7.5,over,7.58,115,-150,0.4651,0.4367,0.0651,0,0.5092,0.0441,0.0726,ev,multiplicative,projection,closing,1,closing,20260911F39A2BD0,2026-10-08T15:34:16.604Z
2026,1,17690,Blake Corum,LAR,RB,vs SF,rushYds,Hard Rock,70.5,over,49.02,275,-450,0.2667,0.2458,0.0848,0,0.3107,0.0441,0.0649,ev,multiplicative,projection,closing,1,closing,20260911F39A2BD0,2026-10-08T15:34:16.604Z
2026,1,16560,Rashid Shaheed,SEA,WR,vs NE,recYds,BetRivers,19.5,over,41.94,-265,,0.7260,0.7260,,1,0.7699,0.0439,0.0439,ev,none,projection,closing,1,closing,20260910B2546DE0,2026-10-08T15:34:16.604Z
2026,1,10735,Hunter Henry,NE,TE,at SEA,recYds,Hard Rock,73.5,under,39.85,-1300,550,0.9286,0.8579,0.0824,0,0.9725,0.0439,0.1146,ev,multiplicative,projection,closing,1,closing,20260910B2546DE0,2026-10-08T15:34:16.604Z
2026,1,17673,Drake Maye,NE,QB,at SEA,passYds,Hard Rock,338.5,over,255.56,1000,-4000,0.0909,0.0852,0.0665,0,0.1347,0.0438,0.0495,ev,multiplicative,projection,closing,1,closing,20260910B2546DE0,2026-10-08T15:34:16.604Z
2026,1,19330,De'Zhaun Stribling,SF,WR,at LAR,recYds,BetRivers,35.5,under,30.08,-113,-118,0.5305,0.4950,0.0718,0,0.5742,0.0437,0.0792,ev,multiplicative,projection,closing,1,closing,20260911F39A2BD0,2026-10-08T15:34:16.604Z
2026,1,19330,De'Zhaun Stribling,SF,WR,at LAR,recYds,FanDuel,35.5,under,30.08,-113,-113,0.5305,0.5000,0.0610,0,0.5742,0.0437,0.0742,ev,multiplicative,projection,closing,1,closing,20260911F39A2BD0,2026-10-08T15:34:16.604Z
2026,1,12490,Sam Darnold,SEA,QB,vs NE,passYds,Hard Rock,238.5,over,243.94,110,-150,0.4762,0.4425,0.0762,0,0.5199,0.0437,0.0774,ev,multiplicative,projection,closing,1,closing,20260910B2546DE0,2026-10-08T15:34:16.604Z
2026,1,15372,Rhamondre Stevenson,NE,RB,at SEA,rushYds,Hard Rock,72.5,over,72.39,120,-200,0.4545,0.4054,0.1212,0,0.4982,0.0437,0.0928,ev,multiplicative,projection,closing,1,closing,20260910B2546DE0,2026-10-08T15:34:16.604Z
2026,1,17673,Drake Maye,NE,QB,at SEA,passYds,BetRivers,231.5,over,255.56,-117,-122,0.5392,0.4952,0.0887,0,0.5828,0.0436,0.0875,ev,multiplicative,projection,closing,1,closing,20260910B2546DE0,2026-10-08T15:34:16.604Z
2026,1,5971,Matthew Stafford,LAR,QB,vs SF,passYds,Caesars,259.5,under,245.83,-114,-114,0.5327,0.5000,0.0654,0,0.5763,0.0436,0.0763,ev,multiplicative,projection,closing,1,closing,20260911F39A2BD0,2026-10-08T15:34:16.604Z
2026,1,5971,Matthew Stafford,LAR,QB,vs SF,completions,theScore,29.5,over,21.8,800,,0.1111,0.1111,,1,0.1547,0.0436,0.0436,ev,none,projection,closing,1,closing,20260911F39A2BD0,2026-10-08T15:34:16.604Z
2026,1,11690,Christian McCaffrey,SF,RB,at LAR,rushYds,Hard Rock,64.5,over,69.32,100,-140,0.5000,0.4615,0.0833,0,0.5436,0.0436,0.0820,ev,multiplicative,projection,closing,1,closing,20260911F39A2BD0,2026-10-08T15:34:16.604Z
2026,1,17673,Drake Maye,NE,QB,at SEA,passYds,Caesars,319.5,over,255.56,550,,0.1538,0.1538,,1,0.1973,0.0435,0.0435,ev,none,projection,closing,1,closing,20260910B2546DE0,2026-10-08T15:34:16.604Z
2026,1,17673,Drake Maye,NE,QB,at SEA,passYds,Hard Rock,138.5,under,255.56,800,-3000,0.1111,0.1030,0.0789,0,0.1546,0.0435,0.0516,ev,multiplicative,projection,closing,1,closing,20260910B2546DE0,2026-10-08T15:34:16.604Z
2026,1,17673,Drake Maye,NE,QB,at SEA,passYds,Hard Rock,322.5,over,255.56,600,-1600,0.1429,0.1318,0.0840,0,0.1864,0.0435,0.0546,ev,multiplicative,projection,closing,1,closing,20260910B2546DE0,2026-10-08T15:34:16.604Z
2026,1,12490,Sam Darnold,SEA,QB,vs NE,passYds,Hard Rock,260.5,over,243.94,175,-260,0.3636,0.3349,0.0859,0,0.4071,0.0435,0.0723,ev,multiplicative,projection,closing,1,closing,20260910B2546DE0,2026-10-08T15:34:16.604Z
2026,1,11163,Demarcus Robinson,SF,WR,at LAR,recYds,Hard Rock,51.5,under,12.4,-2200,700,0.9565,0.8844,0.0815,0,1.0000,0.0435,0.1156,ev,multiplicative,projection,closing,1,closing,20260911F39A2BD0,2026-10-08T15:34:16.604Z
2026,1,17690,Blake Corum,LAR,RB,vs SF,recYds,Hard Rock,20.5,under,3.98,-2200,700,0.9565,0.8844,0.0815,0,1.0000,0.0435,0.1156,ev,multiplicative,projection,closing,1,closing,20260911F39A2BD0,2026-10-08T15:34:16.604Z
2026,1,17688,Jordan Whittington,LAR,WR,vs SF,recYds,Hard Rock,30.5,under,4.95,-2200,700,0.9565,0.8844,0.0815,0,1.0000,0.0435,0.1156,ev,multiplicative,projection,closing,1,closing,20260911F39A2BD0,2026-10-08T15:34:16.604Z
2026,1,17688,Jordan Whittington,LAR,WR,vs SF,recYds,Hard Rock,31.5,under,4.95,-2200,750,0.9565,0.8905,0.0742,0,1.0000,0.0435,0.1095,ev,multiplicative,projection,closing,1,closing,20260911F39A2BD0,2026-10-08T15:34:16.604Z
2026,1,15807,Kyren Williams,LAR,RB,vs SF,recYds,Hard Rock,45.5,under,12.2,-2200,700,0.9565,0.8844,0.0815,0,1.0000,0.0435,0.1156,ev,multiplicative,projection,closing,1,closing,20260911F39A2BD0,2026-10-08T15:34:16.604Z
2026,1,15807,Kyren Williams,LAR,RB,vs SF,recYds,Hard Rock,46.5,under,12.2,-2200,700,0.9565,0.8844,0.0815,0,1.0000,0.0435,0.1156,ev,multiplicative,projection,closing,1,closing,20260911F39A2BD0,2026-10-08T15:34:16.604Z
2026,1,13429,Deebo Samuel Sr.,SF,WR,at LAR,rushYds,Hard Rock,34.5,under,4.1,-2200,700,0.9565,0.8844,0.0815,0,1.0000,0.0435,0.1156,ev,multiplicative,projection,closing,1,closing,20260911F39A2BD0,2026-10-08T15:34:16.604Z
2026,1,13432,A.J. Brown,NE,WR,at SEA,recYds,Hard Rock,48.5,over,79.78,-325,175,0.7647,0.6777,0.1283,0,0.8082,0.0434,0.1304,ev,multiplicative,projection,closing,1,closing,20260910B2546DE0,2026-10-08T15:34:16.604Z
2026,1,15372,Rhamondre Stevenson,NE,RB,at SEA,recYds,Hard Rock,63.5,under,20.57,-2200,575,0.9565,0.8659,0.1047,0,1.0000,0.0434,0.1341,ev,multiplicative,projection,closing,1,closing,20260910B2546DE0,2026-10-08T15:34:16.604Z
2026,1,15372,Rhamondre Stevenson,NE,RB,at SEA,recYds,Hard Rock,64.5,under,20.57,-2200,600,0.9565,0.8701,0.0994,0,1.0000,0.0434,0.1299,ev,multiplicative,projection,closing,1,closing,20260910B2546DE0,2026-10-08T15:34:16.604Z
2026,1,11892,George Kittle,SF,TE,at LAR,recYds,Hard Rock,65.5,under,40.53,-600,325,0.8571,0.7846,0.0924,0,0.9005,0.0434,0.1159,ev,multiplicative,projection,closing,1,closing,20260911F39A2BD0,2026-10-08T15:34:16.604Z
2026,1,17690,Blake Corum,LAR,RB,vs SF,rushYds,FanDuel,43.5,over,49.02,-113,-113,0.5305,0.5000,0.0610,0,0.5738,0.0433,0.0738,ev,multiplicative,projection,closing,1,closing,20260911F39A2BD0,2026-10-08T15:34:16.604Z
2026,1,17673,Drake Maye,NE,QB,at SEA,passYds,theScore,239.5,over,255.56,-105,-125,0.5122,0.4797,0.0678,0,0.5555,0.0433,0.0758,ev,multiplicative,projection,closing,1,closing,20260910B2546DE0,2026-10-08T15:34:16.604Z
2026,1,18532,Corey Kiner,NE,RB,at SEA,rushYds,Hard Rock,32.5,under,11.74,-2200,700,0.9565,0.8844,0.0815,0,0.9998,0.0433,0.1154,ev,multiplicative,projection,closing,1,closing,20260910B2546DE0,2026-10-08T15:34:16.604Z
2026,1,14463,Colby Parkinson,LAR,TE,vs SF,recYds,Hard Rock,53.5,under,20.11,-2200,700,0.9565,0.8844,0.0815,0,0.9998,0.0433,0.1154,ev,multiplicative,projection,closing,1,closing,20260911F39A2BD0,2026-10-08T15:34:16.604Z
2026,1,17673,Drake Maye,NE,QB,at SEA,completions,Caesars,20.5,over,21.58,101,-134,0.4975,0.4649,0.0702,0,0.5407,0.0432,0.0759,ev,multiplicative,projection,closing,1,closing,20260910B2546DE0,2026-10-08T15:34:16.604Z
2026,1,9253,Mike Evans,SF,WR,at LAR,recYds,BetRivers,48.5,over,55.41,-121,-118,0.5475,0.5029,0.0888,0,0.5907,0.0432,0.0878,ev,multiplicative,projection,closing,1,closing,20260911F39A2BD0,2026-10-08T15:34:16.604Z
2026,1,17673,Drake Maye,NE,QB,at SEA,passYds,Hard Rock,141.5,under,255.56,750,-2500,0.1176,0.1090,0.0792,0,0.1609,0.0432,0.0519,ev,multiplicative,projection,closing,1,closing,20260910B2546DE0,2026-10-08T15:34:16.604Z
2026,1,17968,George Holani,SEA,RB,vs NE,recYds,Hard Rock,46.5,under,8.3,-2200,700,0.9565,0.8844,0.0815,0,0.9997,0.0432,0.1153,ev,multiplicative,projection,closing,1,closing,20260910B2546DE0,2026-10-08T15:34:16.604Z
2026,1,17811,AJ Barner,SEA,TE,vs NE,recYds,theScore,39.5,over,34.09,225,,0.3077,0.3077,,1,0.3509,0.0432,0.0432,ev,none,projection,closing,1,closing,20260910B2546DE0,2026-10-08T15:34:16.604Z
2026,1,11690,Christian McCaffrey,SF,RB,at LAR,rushAtt,BetRivers,16.5,over,17.64,-103,,0.5074,0.5074,,1,0.5505,0.0431,0.0431,ev,none,projection,closing,1,closing,20260911F39A2BD0,2026-10-08T15:34:16.604Z
2026,1,9253,Mike Evans,SF,WR,at LAR,recYds,FanDuel,29.5,over,55.41,-320,,0.7619,0.7619,,1,0.8050,0.0431,0.0431,ev,none,projection,closing,1,closing,20260911F39A2BD0,2026-10-08T15:34:16.604Z
2026,1,17968,George Holani,SEA,RB,vs NE,recYds,theScore,9.5,under,8.3,100,-130,0.5000,0.4694,0.0652,0,0.5431,0.0431,0.0738,ev,multiplicative,projection,closing,1,closing,20260910B2546DE0,2026-10-08T15:34:16.604Z
2026,1,17673,Drake Maye,NE,QB,at SEA,passYds,Hard Rock,165.5,under,255.56,475,-950,0.1739,0.1612,0.0787,0,0.2170,0.0431,0.0558,ev,multiplicative,projection,closing,1,closing,20260910B2546DE0,2026-10-08T15:34:16.604Z
2026,1,10735,Hunter Henry,NE,TE,at SEA,recYds,Hard Rock,70.5,under,39.85,-1100,375,0.9167,0.8132,0.1272,0,0.9597,0.0431,0.1465,ev,multiplicative,projection,closing,1,closing,20260910B2546DE0,2026-10-08T15:34:16.604Z
2026,1,11892,George Kittle,SF,TE,at LAR,recYds,Hard Rock,16.5,over,40.53,-475,300,0.8261,0.7677,0.0761,0,0.8692,0.0431,0.1015,ev,multiplicative,projection,closing,1,closing,20260911F39A2BD0,2026-10-08T15:34:16.604Z
2026,1,16027,Romeo Doubs,NE,WR,at SEA,recYds,DraftKings,59.5,over,49.28,290,,0.2564,0.2564,,1,0.2994,0.0430,0.0430,ev,none,projection,closing,1,closing,20260910B2546DE0,2026-10-08T15:34:16.604Z
2026,1,16027,Romeo Doubs,NE,WR,at SEA,recYds,FanDuel,59.5,over,49.28,290,,0.2564,0.2564,,1,0.2994,0.0430,0.0430,ev,none,projection,closing,1,closing,20260910B2546DE0,2026-10-08T15:34:16.604Z
2026,1,17811,AJ Barner,SEA,TE,vs NE,receptions,Hard Rock,6.5,over,3.77,1300,,0.0714,0.0714,,1,0.1144,0.0430,0.0430,ev,none,projection,closing,1,closing,20260910B2546DE0,2026-10-08T15:34:16.604Z
2026,1,16560,Rashid Shaheed,SEA,WR,vs NE,receptions,FanDuel,2.5,over,2.87,-112,-118,0.5283,0.4939,0.0696,0,0.5712,0.0429,0.0773,ev,multiplicative,projection,closing,1,closing,20260910B2546DE0,2026-10-08T15:34:16.604Z
2026,1,12490,Sam Darnold,SEA,QB,vs NE,passYds,DraftKings,309.5,over,243.94,650,,0.1333,0.1333,,1,0.1762,0.0429,0.0429,ev,none,projection,closing,1,closing,20260910B2546DE0,2026-10-08T15:34:16.604Z
2026,1,16654,Jaxon Smith-Njigba,SEA,WR,vs NE,recYds,DraftKings,139.5,over,94.17,700,,0.1250,0.1250,,1,0.1679,0.0429,0.0429,ev,none,projection,closing,1,closing,20260910B2546DE0,2026-10-08T15:34:16.604Z
2026,1,17673,Drake Maye,NE,QB,at SEA,int,Circa Sports,0.5,over,0.81,-105,-115,0.5122,0.4892,0.0471,0,0.5551,0.0429,0.0660,ev,multiplicative,projection,closing,1,closing,20260910B2546DE0,2026-10-08T15:34:16.604Z
2026,1,16654,Jaxon Smith-Njigba,SEA,WR,vs NE,recYds,theScore,139.5,over,94.17,700,,0.1250,0.1250,,1,0.1679,0.0429,0.0429,ev,none,projection,closing,1,closing,20260910B2546DE0,2026-10-08T15:34:16.604Z
2026,1,12490,Sam Darnold,SEA,QB,vs NE,completions,DraftKings,21.5,over,20.76,140,-131,0.4167,0.4235,-0.0162,0,0.4595,0.0428,0.0360,ev,multiplicative,projection,closing,1,closing,20260910B2546DE0,2026-10-08T15:34:16.604Z
2026,1,9253,Mike Evans,SF,WR,at LAR,recYds,DraftKings,49.5,over,55.41,-115,-115,0.5349,0.5000,0.0698,0,0.5777,0.0428,0.0777,ev,multiplicative,projection,closing,1,closing,20260911F39A2BD0,2026-10-08T15:34:16.604Z
2026,1,11690,Christian McCaffrey,SF,RB,at LAR,rushYds,DraftKings,59.5,over,69.32,-120,-120,0.5455,0.5000,0.0909,0,0.5882,0.0428,0.0882,ev,multiplicative,projection,closing,1,closing,20260911F39A2BD0,2026-10-08T15:34:16.604Z
2026,1,9253,Mike Evans,SF,WR,at LAR,recYds,theScore,49.5,over,55.41,-115,-115,0.5349,0.5000,0.0698,0,0.5777,0.0428,0.0777,ev,multiplicative,projection,closing,1,closing,20260911F39A2BD0,2026-10-08T15:34:16.604Z
2026,1,11690,Christian McCaffrey,SF,RB,at LAR,rushYds,theScore,59.5,over,69.32,-120,-110,0.5455,0.5101,0.0693,0,0.5882,0.0428,0.0781,ev,multiplicative,projection,closing,1,closing,20260911F39A2BD0,2026-10-08T15:34:16.604Z
2026,1,11690,Christian McCaffrey,SF,RB,at LAR,rushYds,Hard Rock,59.5,over,69.32,-120,-110,0.5455,0.5101,0.0693,0,0.5882,0.0428,0.0781,ev,multiplicative,projection,closing,1,closing,20260911F39A2BD0,2026-10-08T15:34:16.604Z
2026,1,17673,Drake Maye,NE,QB,at SEA,passYds,Hard Rock,162.5,under,255.56,500,-1000,0.1667,0.1549,0.0758,0,0.2094,0.0427,0.0545,ev,multiplicative,projection,closing,1,closing,20260910B2546DE0,2026-10-08T15:34:16.604Z
2026,1,16654,Jaxon Smith-Njigba,SEA,WR,vs NE,recYds,DraftKings,59.5,over,94.17,-265,,0.7260,0.7260,,1,0.7687,0.0426,0.0426,ev,none,projection,closing,1,closing,20260910B2546DE0,2026-10-08T15:34:16.604Z
2026,1,10735,Hunter Henry,NE,TE,at SEA,recYds,Hard Rock,9.5,over,39.85,-1300,425,0.9286,0.8298,0.1190,0,0.9712,0.0426,0.1414,ev,multiplicative,projection,closing,1,closing,20260910B2546DE0,2026-10-08T15:34:16.604Z
2026,1,15834,Brock Purdy,SF,QB,at LAR,passYds,Hard Rock,205.5,under,246.99,220,-325,0.3125,0.2901,0.0772,0,0.3551,0.0426,0.0650,ev,multiplicative,projection,closing,1,closing,20260911F39A2BD0,2026-10-08T15:34:16.604Z
2026,1,11892,George Kittle,SF,TE,at LAR,recYds,Hard Rock,80.5,under,40.53,-1500,600,0.9375,0.8678,0.0804,0,0.9801,0.0426,0.1124,ev,multiplicative,projection,closing,1,closing,20260911F39A2BD0,2026-10-08T15:34:16.604Z
2026,1,17690,Blake Corum,LAR,RB,vs SF,rushYds,Hard Rock,39.5,over,49.02,-140,100,0.5833,0.5385,0.0833,0,0.6259,0.0426,0.0875,ev,multiplicative,projection,closing,1,closing,20260911F39A2BD0,2026-10-08T15:34:16.604Z
2026,1,17690,Blake Corum,LAR,RB,vs SF,rushYds,theScore,39.5,over,49.02,-140,-105,0.5833,0.5325,0.0955,0,0.6259,0.0426,0.0934,ev,multiplicative,projection,closing,1,closing,20260911F39A2BD0,2026-10-08T15:34:16.604Z
2026,1,9455,Davante Adams,LAR,WR,vs SF,receptions,FanDuel,9.5,over,4.07,1200,,0.0769,0.0769,,1,0.1195,0.0425,0.0425,ev,none,projection,closing,1,closing,20260911F39A2BD0,2026-10-08T15:34:16.604Z
2026,1,17673,Drake Maye,NE,QB,at SEA,passYds,Hard Rock,325.5,over,255.56,650,-1800,0.1333,0.1234,0.0807,0,0.1759,0.0425,0.0525,ev,multiplicative,projection,closing,1,closing,20260910B2546DE0,2026-10-08T15:34:16.604Z
2026,1,18497,Terrance Ferguson,LAR,TE,vs SF,recYds,Hard Rock,56.5,under,16.97,-1300,575,0.9286,0.8624,0.0767,0,0.9710,0.0425,0.1086,ev,multiplicative,projection,closing,1,closing,20260911F39A2BD0,2026-10-08T15:34:16.604Z
2026,1,11892,George Kittle,SF,TE,at LAR,recYds,Hard Rock,67.5,under,40.53,-700,400,0.8750,0.8140,0.0750,0,0.9174,0.0424,0.1034,ev,multiplicative,projection,closing,1,closing,20260911F39A2BD0,2026-10-08T15:34:16.604Z
2026,1,12490,Sam Darnold,SEA,QB,vs NE,passYds,Hard Rock,259.5,over,243.94,170,-250,0.3704,0.3415,0.0847,0,0.4127,0.0423,0.0712,ev,multiplicative,projection,closing,1,closing,20260910B2546DE0,2026-10-08T15:34:16.604Z
2026,1,13432,A.J. Brown,NE,WR,at SEA,recYds,Hard Rock,82.5,over,79.78,135,-240,0.4255,0.3761,0.1314,0,0.4678,0.0422,0.0917,ev,multiplicative,projection,closing,1,closing,20260910B2546DE0,2026-10-08T15:34:16.604Z
2026,1,11863,Cooper Kupp,SEA,WR,vs NE,recYds,Hard Rock,29.5,over,36.09,-120,-110,0.5455,0.5101,0.0693,0,0.5877,0.0422,0.0776,ev,multiplicative,projection,closing,1,closing,20260910B2546DE0,2026-10-08T15:34:16.604Z
2026,1,17673,Drake Maye,NE,QB,at SEA,passYds,FanDuel,234.5,over,255.56,-113,-113,0.5305,0.5000,0.0610,0,0.5726,0.0421,0.0726,ev,multiplicative,projection,closing,1,closing,20260910B2546DE0,2026-10-08T15:34:16.604Z
2026,1,15807,Kyren Williams,LAR,RB,vs SF,recYds,FanDuel,9.5,over,12.2,-130,,0.5652,0.5652,,1,0.6073,0.0421,0.0421,ev,none,projection,closing,1,closing,20260911F39A2BD0,2026-10-08T15:34:16.604Z
2026,1,17673,Drake Maye,NE,QB,at SEA,passYds,Hard Rock,105.5,under,255.56,1750,-9000,0.0541,0.0518,0.0431,0,0.0962,0.0421,0.0444,ev,multiplicative,projection,closing,1,closing,20260910B2546DE0,2026-10-08T15:34:16.604Z
2026,1,5971,Matthew Stafford,LAR,QB,vs SF,passTD,Hard Rock,3.5,over,2.13,700,,0.1250,0.1250,,1,0.1671,0.0421,0.0421,ev,none,projection,closing,1,closing,20260911F39A2BD0,2026-10-08T15:34:16.604Z
2026,1,16027,Romeo Doubs,NE,WR,at SEA,recYds,Hard Rock,52.5,over,49.28,155,-275,0.3922,0.3484,0.1255,0,0.4342,0.0420,0.0857,ev,multiplicative,projection,closing,1,closing,20260910B2546DE0,2026-10-08T15:34:16.604Z
2026,1,17811,AJ Barner,SEA,TE,vs NE,receptions,FanDuel,6.5,over,3.77,1280,,0.0725,0.0725,,1,0.1144,0.0419,0.0419,ev,none,projection,closing,1,closing,20260910B2546DE0,2026-10-08T15:34:16.604Z
2026,1,11892,George Kittle,SF,TE,at LAR,recYds,FanDuel,36.5,over,40.53,-114,-114,0.5327,0.5000,0.0654,0,0.5747,0.0419,0.0747,ev,multiplicative,projection,closing,1,closing,20260911F39A2BD0,2026-10-08T15:34:16.604Z
2026,1,11892,George Kittle,SF,TE,at LAR,receptions,BetRivers,2.5,over,3.77,-265,,0.7260,0.7260,,1,0.7680,0.0419,0.0419,ev,none,projection,closing,1,closing,20260911F39A2BD0,2026-10-08T15:34:16.604Z
2026,1,12490,Sam Darnold,SEA,QB,vs NE,completions,theScore,22.5,over,20.76,175,,0.3636,0.3636,,1,0.4055,0.0419,0.0419,ev,none,projection,closing,1,closing,20260910B2546DE0,2026-10-08T15:34:16.604Z
2026,1,15372,Rhamondre Stevenson,NE,RB,at SEA,recYds,BetRivers,22.5,under,20.57,-112,-120,0.5283,0.4920,0.0738,0,0.5701,0.0418,0.0781,ev,multiplicative,projection,closing,1,closing,20260910B2546DE0,2026-10-08T15:34:16.604Z
2026,1,11863,Cooper Kupp,SEA,WR,vs NE,recYds,FanDuel,30.5,over,36.09,-114,-114,0.5327,0.5000,0.0654,0,0.5745,0.0418,0.0745,ev,multiplicative,projection,closing,1,closing,20260910B2546DE0,2026-10-08T15:34:16.604Z
2026,1,15834,Brock Purdy,SF,QB,at LAR,passYds,DraftKings,249.5,over,246.99,125,,0.4444,0.4444,,1,0.4863,0.0418,0.0418,ev,none,projection,closing,1,closing,20260911F39A2BD0,2026-10-08T15:34:16.604Z
2026,1,17690,Blake Corum,LAR,RB,vs SF,rushYds,Caesars,42.5,over,49.02,-120,-111,0.5455,0.5090,0.0715,0,0.5870,0.0416,0.0780,ev,multiplicative,projection,closing,1,closing,20260911F39A2BD0,2026-10-08T15:34:16.604Z
2026,1,9253,Mike Evans,SF,WR,at LAR,recYds,FanDuel,59.5,over,55.41,146,,0.4065,0.4065,,1,0.4481,0.0416,0.0416,ev,none,projection,closing,1,closing,20260911F39A2BD0,2026-10-08T15:34:16.604Z
2026,1,17673,Drake Maye,NE,QB,at SEA,passYds,Hard Rock,346.5,over,255.56,1300,-6000,0.0714,0.0677,0.0550,0,0.1130,0.0416,0.0453,ev,multiplicative,projection,closing,1,closing,20260910B2546DE0,2026-10-08T15:34:16.604Z
2026,1,12490,Sam Darnold,SEA,QB,vs NE,passYds,Hard Rock,167.5,under,243.94,400,-750,0.2000,0.1848,0.0824,0,0.2416,0.0416,0.0568,ev,multiplicative,projection,closing,1,closing,20260910B2546DE0,2026-10-08T15:34:16.604Z
2026,1,17690,Blake Corum,LAR,RB,vs SF,rushYds,Hard Rock,76.5,over,49.02,350,-575,0.2222,0.2069,0.0741,0,0.2638,0.0416,0.0569,ev,multiplicative,projection,closing,1,closing,20260911F39A2BD0,2026-10-08T15:34:16.604Z
2026,1,10735,Hunter Henry,NE,TE,at SEA,recYds,Hard Rock,75.5,under,39.85,-1500,475,0.9375,0.8435,0.1114,0,0.9790,0.0415,0.1354,ev,multiplicative,projection,closing,1,closing,20260910B2546DE0,2026-10-08T15:34:16.604Z
2026,1,19299,Jadarian Price,SEA,RB,vs NE,recYds,Hard Rock,31.5,under,7.38,-2200,700,0.9565,0.8844,0.0815,0,0.9980,0.0415,0.1136,ev,multiplicative,projection,closing,1,closing,20260910B2546DE0,2026-10-08T15:34:16.604Z
2026,1,11892,George Kittle,SF,TE,at LAR,recYds,Hard Rock,61.5,under,40.53,-450,275,0.8182,0.7542,0.0848,0,0.8597,0.0415,0.1055,ev,multiplicative,projection,closing,1,closing,20260911F39A2BD0,2026-10-08T15:34:16.604Z
2026,1,13429,Deebo Samuel Sr.,SF,WR,at LAR,receptions,DraftKings,6.5,over,3.36,1700,,0.0556,0.0556,,1,0.0969,0.0414,0.0414,ev,none,projection,closing,1,closing,20260911F39A2BD0,2026-10-08T15:34:16.604Z
2026,1,12490,Sam Darnold,SEA,QB,vs NE,passYds,Hard Rock,288.5,over,243.94,350,-600,0.2222,0.2059,0.0794,0,0.2637,0.0414,0.0578,ev,multiplicative,projection,closing,1,closing,20260910B2546DE0,2026-10-08T15:34:16.604Z
2026,1,17968,George Holani,SEA,RB,vs NE,rushYds,Hard Rock,40.5,under,18.96,-850,425,0.8947,0.8245,0.0852,0,0.9361,0.0414,0.1116,ev,multiplicative,projection,closing,1,closing,20260910B2546DE0,2026-10-08T15:34:16.604Z
2026,1,5971,Matthew Stafford,LAR,QB,vs SF,passYds,Hard Rock,274.5,under,245.83,-160,115,0.6154,0.5695,0.0805,0,0.6568,0.0414,0.0873,ev,multiplicative,projection,closing,1,closing,20260911F39A2BD0,2026-10-08T15:34:16.604Z
2026,1,11690,Christian McCaffrey,SF,RB,at LAR,rushYds,Hard Rock,70.5,over,69.32,135,-185,0.4255,0.3960,0.0747,0,0.4668,0.0413,0.0708,ev,multiplicative,projection,closing,1,closing,20260911F39A2BD0,2026-10-08T15:34:16.604Z
2026,1,17968,George Holani,SEA,RB,vs NE,recYds,Hard Rock,33.5,under,8.3,-1800,650,0.9474,0.8766,0.0807,0,0.9886,0.0412,0.1119,ev,multiplicative,projection,closing,1,closing,20260910B2546DE0,2026-10-08T15:34:16.604Z
2026,1,15372,Rhamondre Stevenson,NE,RB,at SEA,rushYds,Hard Rock,75.5,over,72.39,145,-250,0.4082,0.3636,0.1224,0,0.4494,0.0412,0.0858,ev,multiplicative,projection,closing,1,closing,20260910B2546DE0,2026-10-08T15:34:16.604Z
2026,1,5971,Matthew Stafford,LAR,QB,vs SF,passYds,Hard Rock,271.5,under,245.83,-150,110,0.6000,0.5575,0.0762,0,0.6412,0.0412,0.0836,ev,multiplicative,projection,closing,1,closing,20260911F39A2BD0,2026-10-08T15:34:16.604Z
2026,1,17673,Drake Maye,NE,QB,at SEA,passYds,DraftKings,233.5,over,255.56,-115,-111,0.5349,0.5042,0.0610,0,0.5760,0.0411,0.0718,ev,multiplicative,projection,closing,1,closing,20260910B2546DE0,2026-10-08T15:34:16.604Z
2026,1,19299,Jadarian Price,SEA,RB,vs NE,rushYds,Caesars,79.5,over,54.93,280,,0.2632,0.2632,,1,0.3043,0.0411,0.0411,ev,none,projection,closing,1,closing,20260910B2546DE0,2026-10-08T15:34:16.604Z
2026,1,17673,Drake Maye,NE,QB,at SEA,rushAtt,Hard Rock,3.5,over,5.02,-260,,0.7222,0.7222,,1,0.7633,0.0411,0.0411,ev,none,projection,closing,1,closing,20260910B2546DE0,2026-10-08T15:34:16.604Z
2026,1,17690,Blake Corum,LAR,RB,vs SF,rushYds,Hard Rock,49.5,over,49.02,120,-175,0.4545,0.4167,0.0909,0,0.4956,0.0411,0.0789,ev,multiplicative,projection,closing,1,closing,20260911F39A2BD0,2026-10-08T15:34:16.604Z
2026,1,17673,Drake Maye,NE,QB,at SEA,passYds,Caesars,339.5,over,255.56,1000,,0.0909,0.0909,,1,0.1319,0.0410,0.0410,ev,none,projection,closing,1,closing,20260910B2546DE0,2026-10-08T15:34:16.604Z
2026,1,17673,Drake Maye,NE,QB,at SEA,passYds,Hard Rock,339.5,over,255.56,1000,-4000,0.0909,0.0852,0.0665,0,0.1319,0.0410,0.0466,ev,multiplicative,projection,closing,1,closing,20260910B2546DE0,2026-10-08T15:34:16.604Z
2026,1,11892,George Kittle,SF,TE,at LAR,recYds,Hard Rock,72.5,under,40.53,-1000,500,0.9091,0.8451,0.0758,0,0.9500,0.0409,0.1049,ev,multiplicative,projection,closing,1,closing,20260911F39A2BD0,2026-10-08T15:34:16.604Z
2026,1,17690,Blake Corum,LAR,RB,vs SF,rushYds,Hard Rock,66.5,over,49.02,230,-350,0.3030,0.2804,0.0808,0,0.3439,0.0409,0.0635,ev,multiplicative,projection,closing,1,closing,20260911F39A2BD0,2026-10-08T15:34:16.604Z
2026,1,13432,A.J. Brown,NE,WR,at SEA,recYds,FanDuel,99.5,over,79.78,320,,0.2381,0.2381,,1,0.2789,0.0408,0.0408,ev,none,projection,closing,1,closing,20260910B2546DE0,2026-10-08T15:34:16.604Z
2026,1,17690,Blake Corum,LAR,RB,vs SF,rushYds,Hard Rock,55.5,over,49.02,150,-210,0.4000,0.3713,0.0774,0,0.4408,0.0408,0.0695,ev,multiplicative,projection,closing,1,closing,20260911F39A2BD0,2026-10-08T15:34:16.604Z
2026,1,17673,Drake Maye,NE,QB,at SEA,completions,DraftKings,20.5,over,21.58,100,-140,0.5000,0.4615,0.0833,0,0.5407,0.0407,0.0792,ev,multiplicative,projection,closing,1,closing,20260910B2546DE0,2026-10-08T15:34:16.604Z
2026,1,15834,Brock Purdy,SF,QB,at LAR,passYds,DraftKings,274.5,over,246.99,220,,0.3125,0.3125,,1,0.3532,0.0407,0.0407,ev,none,projection,closing,1,closing,20260911F39A2BD0,2026-10-08T15:34:16.604Z
2026,1,13429,Deebo Samuel Sr.,SF,WR,at LAR,recYds,BetRivers,19.5,over,42.96,-235,,0.7015,0.7015,,1,0.7422,0.0407,0.0407,ev,none,projection,closing,1,closing,20260911F39A2BD0,2026-10-08T15:34:16.604Z
2026,1,17673,Drake Maye,NE,QB,at SEA,passYds,Hard Rock,230.5,over,255.56,-120,-110,0.5455,0.5101,0.0693,0,0.5862,0.0407,0.0760,ev,multiplicative,projection,closing,1,closing,20260910B2546DE0,2026-10-08T15:34:16.604Z
2026,1,12490,Sam Darnold,SEA,QB,vs NE,passYds,Hard Rock,270.5,over,243.94,220,-325,0.3125,0.2901,0.0772,0,0.3532,0.0407,0.0631,ev,multiplicative,projection,closing,1,closing,20260910B2546DE0,2026-10-08T15:34:16.604Z
2026,1,17690,Blake Corum,LAR,RB,vs SF,rushYds,Hard Rock,84.5,over,49.02,500,-1100,0.1667,0.1538,0.0833,0,0.2074,0.0407,0.0535,ev,multiplicative,projection,closing,1,closing,20260911F39A2BD0,2026-10-08T15:34:16.604Z
2026,1,17690,Blake Corum,LAR,RB,vs SF,recYds,DraftKings,3.5,over,3.98,-107,-117,0.5169,0.4895,0.0561,0,0.5575,0.0406,0.0680,ev,multiplicative,projection,closing,1,closing,20260911F39A2BD0,2026-10-08T15:34:16.604Z
2026,1,12490,Sam Darnold,SEA,QB,vs NE,passYds,Hard Rock,251.5,over,243.94,140,-200,0.4167,0.3846,0.0833,0,0.4573,0.0406,0.0727,ev,multiplicative,projection,closing,1,closing,20260910B2546DE0,2026-10-08T15:34:16.604Z
2026,1,12490,Sam Darnold,SEA,QB,vs NE,passYds,theScore,229.5,over,243.94,-105,-125,0.5122,0.4797,0.0678,0,0.5527,0.0405,0.0730,ev,multiplicative,projection,closing,1,closing,20260910B2546DE0,2026-10-08T15:34:16.604Z
2026,1,17673,Drake Maye,NE,QB,at SEA,passYds,Hard Rock,164.5,under,255.56,475,-950,0.1739,0.1612,0.0787,0,0.2145,0.0405,0.0532,ev,multiplicative,projection,closing,1,closing,20260910B2546DE0,2026-10-08T15:34:16.604Z
2026,1,15372,Rhamondre Stevenson,NE,RB,at SEA,receptions,theScore,1.5,over,2.94,-800,,0.8889,0.8889,,1,0.9294,0.0405,0.0405,ev,none,projection,closing,1,closing,20260910B2546DE0,2026-10-08T15:34:16.604Z
2026,1,16751,DeMario Douglas,NE,WR,at SEA,recYds,Caesars,29.5,over,29.73,116,,0.4630,0.4630,,1,0.5034,0.0404,0.0404,ev,none,projection,closing,1,closing,20260910B2546DE0,2026-10-08T15:34:16.604Z
2026,1,5971,Matthew Stafford,LAR,QB,vs SF,passYds,FanDuel,258.5,under,245.83,-113,-113,0.5305,0.5000,0.0610,0,0.5708,0.0403,0.0708,ev,multiplicative,projection,closing,1,closing,20260911F39A2BD0,2026-10-08T15:34:16.604Z
2026,1,12490,Sam Darnold,SEA,QB,vs NE,passYds,Hard Rock,279.5,over,243.94,275,-450,0.2667,0.2458,0.0848,0,0.3070,0.0403,0.0612,ev,multiplicative,projection,closing,1,closing,20260910B2546DE0,2026-10-08T15:34:16.604Z
2026,1,16560,Rashid Shaheed,SEA,WR,vs NE,recYds,FanDuel,19.5,over,41.94,-270,,0.7297,0.7297,,1,0.7699,0.0402,0.0402,ev,none,projection,closing,1,closing,20260910B2546DE0,2026-10-08T15:34:16.604Z
2026,1,9253,Mike Evans,SF,WR,at LAR,recYds,BetRivers,39.5,over,55.41,-195,,0.6610,0.6610,,1,0.7012,0.0402,0.0402,ev,none,projection,closing,1,closing,20260911F39A2BD0,2026-10-08T15:34:16.604Z
2026,1,12490,Sam Darnold,SEA,QB,vs NE,passYds,Hard Rock,271.5,over,243.94,225,-350,0.3077,0.2835,0.0855,0,0.3479,0.0402,0.0645,ev,multiplicative,projection,closing,1,closing,20260910B2546DE0,2026-10-08T15:34:16.604Z
2026,1,11861,Mack Hollins,NE,WR,at SEA,recYds,Hard Rock,28.5,over,16.53,375,-650,0.2105,0.1954,0.0772,0,0.2507,0.0402,0.0553,ev,multiplicative,projection,closing,1,closing,20260910B2546DE0,2026-10-08T15:34:16.604Z
2026,1,5971,Matthew Stafford,LAR,QB,vs SF,passYds,Hard Rock,316.5,under,245.83,-400,260,0.8000,0.7423,0.0778,0,0.8402,0.0402,0.0979,ev,multiplicative,projection,closing,1,closing,20260911F39A2BD0,2026-10-08T15:34:16.604Z
2026,1,16418,Jake Tonges,SF,TE,at LAR,recYds,Hard Rock,10.5,under,8.35,-120,-110,0.5455,0.5101,0.0693,0,0.5857,0.0402,0.0756,ev,multiplicative,projection,closing,1,closing,20260911F39A2BD0,2026-10-08T15:34:16.604Z
2026,1,15807,Kyren Williams,LAR,RB,vs SF,rushYds,Hard Rock,36.5,over,66.77,-375,250,0.7895,0.7343,0.0752,0,0.8296,0.0402,0.0954,ev,multiplicative,projection,closing,1,closing,20260911F39A2BD0,2026-10-08T15:34:16.604Z
2026,1,16654,Jaxon Smith-Njigba,SEA,WR,vs NE,receptions,Circa Sports,6.5,over,6.83,100,-120,0.5000,0.4783,0.0455,0,0.5401,0.0401,0.0619,ev,multiplicative,projection,closing,1,closing,20260910B2546DE0,2026-10-08T15:34:16.604Z
2026,1,17673,Drake Maye,NE,QB,at SEA,passYds,Hard Rock,151.5,under,255.56,600,-1500,0.1429,0.1322,0.0804,0,0.1830,0.0401,0.0508,ev,multiplicative,projection,closing,1,closing,20260910B2546DE0,2026-10-08T15:34:16.604Z
2026,1,12490,Sam Darnold,SEA,QB,vs NE,passYds,Hard Rock,239.5,over,243.94,110,-150,0.4762,0.4425,0.0762,0,0.5162,0.0401,0.0738,ev,multiplicative,projection,closing,1,closing,20260910B2546DE0,2026-10-08T15:34:16.604Z
2026,1,16654,Jaxon Smith-Njigba,SEA,WR,vs NE,recYds,Caesars,99.5,over,94.17,141,,0.4149,0.4149,,1,0.4550,0.0400,0.0400,ev,none,projection,closing,1,closing,20260910B2546DE0,2026-10-08T15:34:16.604Z
2026,1,17690,Blake Corum,LAR,RB,vs SF,rushYds,Hard Rock,87.5,over,49.02,575,-1400,0.1481,0.1370,0.0815,0,0.1882,0.0400,0.0512,ev,multiplicative,projection,closing,1,closing,20260911F39A2BD0,2026-10-08T15:34:16.604Z
2026,1,12490,Sam Darnold,SEA,QB,vs NE,int,BetRivers,0.5,over,0.9,-124,-107,0.5536,0.5171,0.0705,0,0.5934,0.0399,0.0763,ev,multiplicative,projection,closing,1,closing,20260910B2546DE0,2026-10-08T15:34:16.604Z
2026,1,9253,Mike Evans,SF,WR,at LAR,receptions,Hard Rock,4.5,over,3.97,145,,0.4082,0.4082,,1,0.4481,0.0399,0.0399,ev,none,projection,closing,1,closing,20260911F39A2BD0,2026-10-08T15:34:16.604Z
2026,1,15834,Brock Purdy,SF,QB,at LAR,rushYds,Hard Rock,4.5,under,12.65,525,-1200,0.1600,0.1477,0.0831,0,0.1999,0.0399,0.0522,ev,multiplicative,projection,closing,1,closing,20260911F39A2BD0,2026-10-08T15:34:16.604Z
2026,1,15807,Kyren Williams,LAR,RB,vs SF,rushYds,theScore,39.5,over,66.77,-325,,0.7647,0.7647,,1,0.8046,0.0399,0.0399,ev,none,projection,closing,1,closing,20260911F39A2BD0,2026-10-08T15:34:16.604Z
2026,1,11892,George Kittle,SF,TE,at LAR,recYds,BetRivers,36.5,over,40.53,-115,-115,0.5349,0.5000,0.0698,0,0.5747,0.0398,0.0747,ev,multiplicative,projection,closing,1,closing,20260911F39A2BD0,2026-10-08T15:34:16.604Z
2026,1,11892,George Kittle,SF,TE,at LAR,recYds,Caesars,36.5,over,40.53,-115,-113,0.5349,0.5020,0.0654,0,0.5747,0.0398,0.0726,ev,multiplicative,projection,closing,1,closing,20260911F39A2BD0,2026-10-08T15:34:16.604Z
2026,1,12490,Sam Darnold,SEA,QB,vs NE,passYds,Hard Rock,174.5,under,243.94,350,-800,0.2222,0.2000,0.1111,0,0.2621,0.0398,0.0621,ev,multiplicative,projection,closing,1,closing,20260910B2546DE0,2026-10-08T15:34:16.604Z
2026,1,15807,Kyren Williams,LAR,RB,vs SF,recYds,Caesars,10.5,over,12.2,-112,-115,0.5283,0.4969,0.0632,0,0.5680,0.0397,0.0711,ev,multiplicative,projection,closing,1,closing,20260911F39A2BD0,2026-10-08T15:34:16.604Z
2026,1,13429,Deebo Samuel Sr.,SF,WR,at LAR,receptions,Caesars,2.5,over,3.36,-140,107,0.5833,0.5470,0.0664,0,0.6231,0.0397,0.0761,ev,multiplicative,projection,closing,1,closing,20260911F39A2BD0,2026-10-08T15:34:16.604Z
2026,1,19330,De'Zhaun Stribling,SF,WR,at LAR,recYds,Hard Rock,6.5,under,30.08,550,-1200,0.1538,0.1429,0.0769,0,0.1936,0.0397,0.0507,ev,multiplicative,projection,closing,1,closing,20260911F39A2BD0,2026-10-08T15:34:16.604Z
2026,1,15372,Rhamondre Stevenson,NE,RB,at SEA,recYds,DraftKings,14.5,over,20.57,-208,,0.6753,0.6753,,1,0.7149,0.0396,0.0396,ev,none,projection,closing,1,closing,20260910B2546DE0,2026-10-08T15:34:16.604Z
2026,1,5971,Matthew Stafford,LAR,QB,vs SF,passTD,BetRivers,1.5,over,2.13,-143,110,0.5885,0.5527,0.0647,0,0.6280,0.0396,0.0753,ev,multiplicative,projection,closing,1,closing,20260911F39A2BD0,2026-10-08T15:34:16.604Z
2026,1,17690,Blake Corum,LAR,RB,vs SF,rushYds,FanDuel,99.5,over,49.02,1100,,0.0833,0.0833,,1,0.1229,0.0396,0.0396,ev,none,projection,closing,1,closing,20260911F39A2BD0,2026-10-08T15:34:16.604Z
2026,1,18497,Terrance Ferguson,LAR,TE,vs SF,recYds,Hard Rock,72.5,under,16.97,-2200,700,0.9565,0.8844,0.0815,0,0.9961,0.0396,0.1117,ev,multiplicative,projection,closing,1,closing,20260911F39A2BD0,2026-10-08T15:34:16.604Z
2026,1,18497,Terrance Ferguson,LAR,TE,vs SF,receptions,FanDuel,4.5,over,1.65,750,,0.1176,0.1176,,1,0.1571,0.0395,0.0395,ev,none,projection,closing,1,closing,20260911F39A2BD0,2026-10-08T15:34:16.604Z
2026,1,16560,Rashid Shaheed,SEA,WR,vs NE,recYds,Hard Rock,17.5,over,41.94,-300,200,0.7500,0.6923,0.0833,0,0.7895,0.0395,0.0971,ev,multiplicative,projection,closing,1,closing,20260910B2546DE0,2026-10-08T15:34:16.604Z
2026,1,11892,George Kittle,SF,TE,at LAR,recYds,Hard Rock,13.5,over,40.53,-600,350,0.8571,0.7941,0.0794,0,0.8966,0.0395,0.1025,ev,multiplicative,projection,closing,1,closing,20260911F39A2BD0,2026-10-08T15:34:16.604Z
2026,1,16654,Jaxon Smith-Njigba,SEA,WR,vs NE,recYds,Caesars,89.5,over,94.17,100,,0.5000,0.5000,,1,0.5394,0.0394,0.0394,ev,none,projection,closing,1,closing,20260910B2546DE0,2026-10-08T15:34:16.604Z
2026,1,17673,Drake Maye,NE,QB,at SEA,passYds,Hard Rock,136.5,under,255.56,800,-3000,0.1111,0.1030,0.0789,0,0.1505,0.0394,0.0475,ev,multiplicative,projection,closing,1,closing,20260910B2546DE0,2026-10-08T15:34:16.604Z
2026,1,18540,Elijah Arroyo,SEA,TE,vs NE,recYds,Hard Rock,20.5,over,17.59,180,-325,0.3571,0.3184,0.1218,0,0.3965,0.0394,0.0782,ev,multiplicative,projection,closing,1,closing,20260910B2546DE0,2026-10-08T15:34:16.604Z
2026,1,13429,Deebo Samuel Sr.,SF,WR,at LAR,recYds,DraftKings,14.5,over,42.96,-293,,0.7455,0.7455,,1,0.7848,0.0393,0.0393,ev,none,projection,closing,1,closing,20260911F39A2BD0,2026-10-08T15:34:16.604Z
2026,1,19330,De'Zhaun Stribling,SF,WR,at LAR,recYds,DraftKings,35.5,under,30.08,-115,-109,0.5349,0.5063,0.0564,0,0.5742,0.0393,0.0679,ev,multiplicative,projection,closing,1,closing,20260911F39A2BD0,2026-10-08T15:34:16.604Z
2026,1,11163,Demarcus Robinson,SF,WR,at LAR,recYds,DraftKings,9.5,over,12.4,-112,-112,0.5283,0.5000,0.0566,0,0.5676,0.0393,0.0676,ev,multiplicative,projection,closing,1,closing,20260911F39A2BD0,2026-10-08T15:34:16.604Z
2026,1,19330,De'Zhaun Stribling,SF,WR,at LAR,recYds,Caesars,35.5,under,30.08,-115,-113,0.5349,0.5020,0.0654,0,0.5742,0.0393,0.0722,ev,multiplicative,projection,closing,1,closing,20260911F39A2BD0,2026-10-08T15:34:16.604Z
2026,1,10735,Hunter Henry,NE,TE,at SEA,recYds,Hard Rock,65.5,under,39.85,-800,325,0.8889,0.7907,0.1242,0,0.9282,0.0393,0.1375,ev,multiplicative,projection,closing,1,closing,20260910B2546DE0,2026-10-08T15:34:16.604Z
2026,1,11863,Cooper Kupp,SEA,WR,vs NE,recYds,FanDuel,24.5,over,36.09,-158,,0.6124,0.6124,,1,0.6516,0.0392,0.0392,ev,none,projection,closing,1,closing,20260910B2546DE0,2026-10-08T15:34:16.604Z
2026,1,5971,Matthew Stafford,LAR,QB,vs SF,passYds,BetRivers,262.5,under,245.83,-124,-115,0.5536,0.5086,0.0885,0,0.5928,0.0392,0.0842,ev,multiplicative,projection,closing,1,closing,20260911F39A2BD0,2026-10-08T15:34:16.604Z
2026,1,17690,Blake Corum,LAR,RB,vs SF,rushAtt,DraftKings,10.5,over,10.72,109,-139,0.4785,0.4514,0.0601,0,0.5177,0.0392,0.0664,ev,multiplicative,projection,closing,1,closing,20260911F39A2BD0,2026-10-08T15:34:16.604Z
2026,1,15834,Brock Purdy,SF,QB,at LAR,passYds,Hard Rock,204.5,under,246.99,220,-350,0.3125,0.2866,0.0903,0,0.3517,0.0392,0.0651,ev,multiplicative,projection,closing,1,closing,20260911F39A2BD0,2026-10-08T15:34:16.604Z
2026,1,11863,Cooper Kupp,SEA,WR,vs NE,receptions,theScore,3.5,over,2.81,175,,0.3636,0.3636,,1,0.4027,0.0391,0.0391,ev,none,projection,closing,1,closing,20260910B2546DE0,2026-10-08T15:34:16.604Z
2026,1,17690,Blake Corum,LAR,RB,vs SF,rushYds,DraftKings,44.5,over,49.02,-109,-115,0.5215,0.4937,0.0564,0,0.5606,0.0390,0.0669,ev,multiplicative,projection,closing,1,closing,20260911F39A2BD0,2026-10-08T15:34:16.604Z
2026,1,17690,Blake Corum,LAR,RB,vs SF,rushYds,Caesars,49.5,over,49.02,119,,0.4566,0.4566,,1,0.4956,0.0390,0.0390,ev,none,projection,closing,1,closing,20260911F39A2BD0,2026-10-08T15:34:16.604Z
2026,1,17673,Drake Maye,NE,QB,at SEA,passYds,Hard Rock,347.5,over,255.56,1300,-6000,0.0714,0.0677,0.0550,0,0.1105,0.0390,0.0428,ev,multiplicative,projection,closing,1,closing,20260910B2546DE0,2026-10-08T15:34:16.604Z
2026,1,16560,Rashid Shaheed,SEA,WR,vs NE,recYds,theScore,9.5,over,41.94,-450,,0.8182,0.8182,,1,0.8572,0.0390,0.0390,ev,none,projection,closing,1,closing,20260910B2546DE0,2026-10-08T15:34:16.604Z
2026,1,17690,Blake Corum,LAR,RB,vs SF,rushYds,Hard Rock,43.5,over,49.02,-115,-115,0.5349,0.5000,0.0698,0,0.5738,0.0390,0.0738,ev,multiplicative,projection,closing,1,closing,20260911F39A2BD0,2026-10-08T15:34:16.604Z
2026,1,12490,Sam Darnold,SEA,QB,vs NE,passYds,Hard Rock,178.5,under,243.94,325,-525,0.2353,0.2188,0.0753,0,0.2742,0.0389,0.0553,ev,multiplicative,projection,closing,1,closing,20260910B2546DE0,2026-10-08T15:34:16.604Z
2026,1,17968,George Holani,SEA,RB,vs NE,rushYds,Hard Rock,35.5,under,18.96,-525,300,0.8400,0.7706,0.0900,0,0.8789,0.0389,0.1082,ev,multiplicative,projection,closing,1,closing,20260910B2546DE0,2026-10-08T15:34:16.604Z
2026,1,10735,Hunter Henry,NE,TE,at SEA,receptions,Hard Rock,6.5,over,3.59,1000,,0.0909,0.0909,,1,0.1297,0.0387,0.0387,ev,none,projection,closing,1,closing,20260910B2546DE0,2026-10-08T15:34:16.604Z
2026,1,9253,Mike Evans,SF,WR,at LAR,recYds,Caesars,49.5,over,55.41,-117,-113,0.5392,0.5040,0.0697,0,0.5777,0.0386,0.0737,ev,multiplicative,projection,closing,1,closing,20260911F39A2BD0,2026-10-08T15:34:16.604Z
2026,1,9253,Mike Evans,SF,WR,at LAR,recYds,BetRivers,49.5,over,55.41,-117,-113,0.5392,0.5040,0.0697,0,0.5777,0.0386,0.0737,ev,multiplicative,projection,closing,1,closing,20260911F39A2BD0,2026-10-08T15:34:16.604Z
2026,1,9253,Mike Evans,SF,WR,at LAR,recYds,DraftKings,50.5,over,55.41,-111,-113,0.5261,0.4979,0.0566,0,0.5647,0.0386,0.0668,ev,multiplicative,projection,closing,1,closing,20260911F39A2BD0,2026-10-08T15:34:16.604Z
2026,1,13432,A.J. Brown,NE,WR,at SEA,recYds,Hard Rock,41.5,over,79.78,-450,225,0.8182,0.7267,0.1259,0,0.8568,0.0386,0.1301,ev,multiplicative,projection,closing,1,closing,20260910B2546DE0,2026-10-08T15:34:16.604Z
2026,1,19299,Jadarian Price,SEA,RB,vs NE,rushYds,Hard Rock,10.5,under,54.93,2000,-9000,0.0476,0.0459,0.0366,0,0.0862,0.0386,0.0402,ev,multiplicative,projection,closing,1,closing,20260910B2546DE0,2026-10-08T15:34:16.604Z
2026,1,11892,George Kittle,SF,TE,at LAR,recYds,Hard Rock,86.5,under,40.53,-2000,650,0.9524,0.8772,0.0857,0,0.9910,0.0386,0.1138,ev,multiplicative,projection,closing,1,closing,20260911F39A2BD0,2026-10-08T15:34:16.604Z
2026,1,15372,Rhamondre Stevenson,NE,RB,at SEA,recYds,Hard Rock,67.5,under,20.57,-2500,800,0.9615,0.8964,0.0726,0,1.0000,0.0385,0.1036,ev,multiplicative,projection,closing,1,closing,20260910B2546DE0,2026-10-08T15:34:16.604Z
2026,1,18532,Corey Kiner,NE,RB,at SEA,rushYds,Hard Rock,38.5,under,11.74,-2500,750,0.9615,0.8910,0.0792,0,1.0000,0.0385,0.1090,ev,multiplicative,projection,closing,1,closing,20260910B2546DE0,2026-10-08T15:34:16.604Z
2026,1,18532,Corey Kiner,NE,RB,at SEA,rushYds,Hard Rock,39.5,under,11.74,-2500,650,0.9615,0.8782,0.0949,0,1.0000,0.0385,0.1218,ev,multiplicative,projection,closing,1,closing,20260910B2546DE0,2026-10-08T15:34:16.604Z
2026,1,17673,Drake Maye,NE,QB,at SEA,rushYds,Hard Rock,56.5,under,25.57,-2500,650,0.9615,0.8782,0.0949,0,1.0000,0.0385,0.1218,ev,multiplicative,projection,closing,1,closing,20260910B2546DE0,2026-10-08T15:34:16.604Z
2026,1,17673,Drake Maye,NE,QB,at SEA,rushYds,Hard Rock,57.5,under,25.57,-2500,650,0.9615,0.8782,0.0949,0,1.0000,0.0385,0.1218,ev,multiplicative,projection,closing,1,closing,20260910B2546DE0,2026-10-08T15:34:16.604Z
2026,1,10854,Tyler Higbee,LAR,TE,vs SF,recYds,Hard Rock,49.5,under,9.19,-2500,700,0.9615,0.8850,0.0865,0,1.0000,0.0385,0.1150,ev,multiplicative,projection,closing,1,closing,20260911F39A2BD0,2026-10-08T15:34:16.604Z
2026,1,11163,Demarcus Robinson,SF,WR,at LAR,recYds,Hard Rock,50.5,under,12.4,-2500,750,0.9615,0.8910,0.0792,0,1.0000,0.0385,0.1090,ev,multiplicative,projection,closing,1,closing,20260911F39A2BD0,2026-10-08T15:34:16.604Z
2026,1,11690,Christian McCaffrey,SF,RB,at LAR,recYds,Hard Rock,13.5,under,33.41,550,-1300,0.1538,0.1421,0.0824,0,0.1924,0.0385,0.0502,ev,multiplicative,projection,closing,1,closing,20260911F39A2BD0,2026-10-08T15:34:16.604Z
2026,1,14463,Colby Parkinson,LAR,TE,vs SF,recYds,Hard Rock,61.5,under,20.11,-2500,800,0.9615,0.8964,0.0726,0,1.0000,0.0385,0.1036,ev,multiplicative,projection,closing,1,closing,20260911F39A2BD0,2026-10-08T15:34:16.604Z
2026,1,11163,Demarcus Robinson,SF,WR,at LAR,recYds,Hard Rock,52.5,under,12.4,-2500,750,0.9615,0.8910,0.0792,0,1.0000,0.0385,0.1090,ev,multiplicative,projection,closing,1,closing,20260911F39A2BD0,2026-10-08T15:34:16.604Z
2026,1,11163,Demarcus Robinson,SF,WR,at LAR,recYds,Hard Rock,53.5,under,12.4,-2500,800,0.9615,0.8964,0.0726,0,1.0000,0.0385,0.1036,ev,multiplicative,projection,closing,1,closing,20260911F39A2BD0,2026-10-08T15:34:16.604Z
2026,1,16654,Jaxon Smith-Njigba,SEA,WR,vs NE,recYds,BetRivers,69.5,over,94.17,-195,,0.6610,0.6610,,1,0.6994,0.0384,0.0384,ev,none,projection,closing,1,closing,20260910B2546DE0,2026-10-08T15:34:16.604Z
2026,1,11863,Cooper Kupp,SEA,WR,vs NE,receptions,DraftKings,6.5,over,2.81,1700,,0.0556,0.0556,,1,0.0939,0.0384,0.0384,ev,none,projection,closing,1,closing,20260910B2546DE0,2026-10-08T15:34:16.604Z
2026,1,16751,DeMario Douglas,NE,WR,at SEA,recYds,Hard Rock,36.5,over,29.73,190,-350,0.3448,0.3072,0.1226,0,0.3833,0.0384,0.0761,ev,multiplicative,projection,closing,1,closing,20260910B2546DE0,2026-10-08T15:34:16.604Z
2026,1,11892,George Kittle,SF,TE,at LAR,recYds,Hard Rock,60.5,under,40.53,-425,275,0.8095,0.7522,0.0762,0,0.8479,0.0384,0.0957,ev,multiplicative,projection,closing,1,closing,20260911F39A2BD0,2026-10-08T15:34:16.604Z
2026,1,15807,Kyren Williams,LAR,RB,vs SF,recYds,Caesars,9.5,over,12.2,-132,-110,0.5690,0.5207,0.0928,0,0.6073,0.0383,0.0866,ev,multiplicative,projection,closing,1,closing,20260911F39A2BD0,2026-10-08T15:34:16.604Z
2026,1,10735,Hunter Henry,NE,TE,at SEA,recYds,Hard Rock,10.5,over,39.85,-1300,425,0.9286,0.8298,0.1190,0,0.9668,0.0383,0.1371,ev,multiplicative,projection,closing,1,closing,20260910B2546DE0,2026-10-08T15:34:16.604Z
2026,1,12490,Sam Darnold,SEA,QB,vs NE,passTD,FanDuel,1.5,over,1.71,112,-146,0.4717,0.4428,0.0652,0,0.5099,0.0382,0.0670,ev,multiplicative,projection,closing,1,closing,20260910B2546DE0,2026-10-08T15:34:16.604Z
2026,1,15372,Rhamondre Stevenson,NE,RB,at SEA,rushYds,DraftKings,24.5,over,72.39,-1600,,0.9412,0.9412,,1,0.9794,0.0382,0.0382,ev,none,projection,closing,1,closing,20260910B2546DE0,2026-10-08T15:34:16.604Z
2026,1,15372,Rhamondre Stevenson,NE,RB,at SEA,rushYds,theScore,24.5,over,72.39,-1600,,0.9412,0.9412,,1,0.9794,0.0382,0.0382,ev,none,projection,closing,1,closing,20260910B2546DE0,2026-10-08T15:34:16.604Z
2026,1,12490,Sam Darnold,SEA,QB,vs NE,passYds,Caesars,259.5,over,243.94,167,,0.3745,0.3745,,1,0.4127,0.0381,0.0381,ev,none,projection,closing,1,closing,20260910B2546DE0,2026-10-08T15:34:16.604Z
2026,1,5971,Matthew Stafford,LAR,QB,vs SF,passYds,BetRivers,258.5,under,245.83,-114,-115,0.5327,0.4990,0.0676,0,0.5708,0.0381,0.0718,ev,multiplicative,projection,closing,1,closing,20260911F39A2BD0,2026-10-08T15:34:16.604Z
2026,1,17673,Drake Maye,NE,QB,at SEA,passYds,Hard Rock,340.5,over,255.56,1000,-4000,0.0909,0.0852,0.0665,0,0.1290,0.0381,0.0438,ev,multiplicative,projection,closing,1,closing,20260910B2546DE0,2026-10-08T15:34:16.604Z
2026,1,13429,Deebo Samuel Sr.,SF,WR,at LAR,receptions,Hard Rock,6.5,over,3.36,1600,,0.0588,0.0588,,1,0.0969,0.0381,0.0381,ev,none,projection,closing,1,closing,20260911F39A2BD0,2026-10-08T15:34:16.604Z
2026,1,16654,Jaxon Smith-Njigba,SEA,WR,vs NE,recYds,BetRivers,85.5,over,94.17,-115,-115,0.5349,0.5000,0.0698,0,0.5729,0.0380,0.0729,ev,multiplicative,projection,closing,1,closing,20260910B2546DE0,2026-10-08T15:34:16.604Z
2026,1,14463,Colby Parkinson,LAR,TE,vs SF,recYds,DraftKings,14.5,over,20.11,-146,,0.5935,0.5935,,1,0.6315,0.0380,0.0380,ev,none,projection,closing,1,closing,20260911F39A2BD0,2026-10-08T15:34:16.604Z
2026,1,11892,George Kittle,SF,TE,at LAR,receptions,DraftKings,1.5,over,3.77,-650,,0.8667,0.8667,,1,0.9047,0.0380,0.0380,ev,none,projection,closing,1,closing,20260911F39A2BD0,2026-10-08T15:34:16.604Z
2026,1,11892,George Kittle,SF,TE,at LAR,receptions,FanDuel,1.5,over,3.77,-650,,0.8667,0.8667,,1,0.9047,0.0380,0.0380,ev,none,projection,closing,1,closing,20260911F39A2BD0,2026-10-08T15:34:16.604Z
2026,1,16654,Jaxon Smith-Njigba,SEA,WR,vs NE,recYds,Hard Rock,85.5,over,94.17,-115,-115,0.5349,0.5000,0.0698,0,0.5729,0.0380,0.0729,ev,multiplicative,projection,closing,1,closing,20260910B2546DE0,2026-10-08T15:34:16.604Z
2026,1,16418,Jake Tonges,SF,TE,at LAR,recYds,Hard Rock,41.5,under,8.35,-2500,800,0.9615,0.8964,0.0726,0,0.9996,0.0380,0.1032,ev,multiplicative,projection,closing,1,closing,20260911F39A2BD0,2026-10-08T15:34:16.604Z
2026,1,13429,Deebo Samuel Sr.,SF,WR,at LAR,recYds,Hard Rock,50.5,over,42.96,250,-400,0.2857,0.2632,0.0857,0,0.3236,0.0379,0.0604,ev,multiplicative,projection,closing,1,closing,20260911F39A2BD0,2026-10-08T15:34:16.604Z
2026,1,16027,Romeo Doubs,NE,WR,at SEA,recYds,Caesars,9.5,over,49.28,-1500,,0.9375,0.9375,,1,0.9753,0.0378,0.0378,ev,none,projection,closing,1,closing,20260910B2546DE0,2026-10-08T15:34:16.604Z
2026,1,17673,Drake Maye,NE,QB,at SEA,passYds,Hard Rock,150.5,under,255.56,600,-1500,0.1429,0.1322,0.0804,0,0.1807,0.0378,0.0485,ev,multiplicative,projection,closing,1,closing,20260910B2546DE0,2026-10-08T15:34:16.604Z
2026,1,17673,Drake Maye,NE,QB,at SEA,passYds,DraftKings,234.5,over,255.56,-115,,0.5349,0.5349,,1,0.5726,0.0377,0.0377,ev,none,projection,closing,1,closing,20260910B2546DE0,2026-10-08T15:34:16.604Z
2026,1,10735,Hunter Henry,NE,TE,at SEA,recYds,Hard Rock,64.5,under,39.85,-750,325,0.8824,0.7895,0.1176,0,0.9201,0.0377,0.1306,ev,multiplicative,projection,closing,1,closing,20260910B2546DE0,2026-10-08T15:34:16.604Z
2026,1,9253,Mike Evans,SF,WR,at LAR,recYds,Caesars,29.5,over,55.41,-330,,0.7674,0.7674,,1,0.8050,0.0376,0.0376,ev,none,projection,closing,1,closing,20260911F39A2BD0,2026-10-08T15:34:16.604Z
2026,1,12490,Sam Darnold,SEA,QB,vs NE,passYds,Caesars,249.5,over,243.94,132,,0.4310,0.4310,,1,0.4686,0.0375,0.0375,ev,none,projection,closing,1,closing,20260910B2546DE0,2026-10-08T15:34:16.604Z
2026,1,15807,Kyren Williams,LAR,RB,vs SF,recYds,FanDuel,10.5,over,12.2,-113,-113,0.5305,0.5000,0.0610,0,0.5680,0.0375,0.0680,ev,multiplicative,projection,closing,1,closing,20260911F39A2BD0,2026-10-08T15:34:16.604Z
2026,1,9253,Mike Evans,SF,WR,at LAR,recYds,Hard Rock,53.5,over,55.41,105,-145,0.4878,0.4518,0.0796,0,0.5253,0.0375,0.0734,ev,multiplicative,projection,closing,1,closing,20260911F39A2BD0,2026-10-08T15:34:16.604Z
2026,1,11861,Mack Hollins,NE,WR,at SEA,recYds,DraftKings,24.5,over,16.53,245,,0.2899,0.2899,,1,0.3272,0.0374,0.0374,ev,none,projection,closing,1,closing,20260910B2546DE0,2026-10-08T15:34:16.604Z
2026,1,15372,Rhamondre Stevenson,NE,RB,at SEA,recYds,FanDuel,22.5,under,20.57,-114,-114,0.5327,0.5000,0.0654,0,0.5701,0.0374,0.0701,ev,multiplicative,projection,closing,1,closing,20260910B2546DE0,2026-10-08T15:34:16.604Z
2026,1,17690,Blake Corum,LAR,RB,vs SF,rushYds,BetRivers,39.5,over,49.02,-143,102,0.5885,0.5431,0.0835,0,0.6259,0.0374,0.0828,ev,multiplicative,projection,closing,1,closing,20260911F39A2BD0,2026-10-08T15:34:16.604Z
2026,1,17690,Blake Corum,LAR,RB,vs SF,rushYds,Caesars,39.5,over,49.02,-143,-108,0.5885,0.5313,0.1077,0,0.6259,0.0374,0.0947,ev,multiplicative,projection,closing,1,closing,20260911F39A2BD0,2026-10-08T15:34:16.604Z
2026,1,17690,Blake Corum,LAR,RB,vs SF,recYds,Hard Rock,5.5,under,3.98,-185,135,0.6491,0.6040,0.0747,0,0.6865,0.0374,0.0824,ev,multiplicative,projection,closing,1,closing,20260911F39A2BD0,2026-10-08T15:34:16.604Z
2026,1,18497,Terrance Ferguson,LAR,TE,vs SF,recYds,Hard Rock,11.5,under,16.97,200,-325,0.3333,0.3036,0.0980,0,0.3707,0.0374,0.0671,ev,multiplicative,projection,closing,1,closing,20260911F39A2BD0,2026-10-08T15:34:16.604Z
2026,1,15372,Rhamondre Stevenson,NE,RB,at SEA,receptions,Caesars,3.5,under,2.94,-140,111,0.5833,0.5517,0.0573,0,0.6206,0.0373,0.0689,ev,multiplicative,projection,closing,1,closing,20260910B2546DE0,2026-10-08T15:34:16.604Z
2026,1,17673,Drake Maye,NE,QB,at SEA,passTD,DraftKings,3.5,over,1.66,1900,,0.0500,0.0500,,1,0.0873,0.0373,0.0373,ev,none,projection,closing,1,closing,20260910B2546DE0,2026-10-08T15:34:16.604Z
2026,1,18532,Corey Kiner,NE,RB,at SEA,rushYds,Hard Rock,17.5,under,11.74,-400,260,0.8000,0.7423,0.0778,0,0.8373,0.0373,0.0951,ev,multiplicative,projection,closing,1,closing,20260910B2546DE0,2026-10-08T15:34:16.604Z
2026,1,11892,George Kittle,SF,TE,at LAR,recYds,Hard Rock,85.5,under,40.53,-2000,650,0.9524,0.8772,0.0857,0,0.9897,0.0373,0.1125,ev,multiplicative,projection,closing,1,closing,20260911F39A2BD0,2026-10-08T15:34:16.604Z
2026,1,17690,Blake Corum,LAR,RB,vs SF,rushYds,Hard Rock,81.5,over,49.02,425,-750,0.1905,0.1775,0.0728,0,0.2276,0.0372,0.0501,ev,multiplicative,projection,closing,1,closing,20260911F39A2BD0,2026-10-08T15:34:16.604Z
2026,1,12490,Sam Darnold,SEA,QB,vs NE,passAtt,DraftKings,29.5,over,32.56,-130,-105,0.5652,0.5246,0.0774,0,0.6023,0.0371,0.0777,ev,multiplicative,projection,closing,1,closing,20260910B2546DE0,2026-10-08T15:34:16.604Z
2026,1,19299,Jadarian Price,SEA,RB,vs NE,recYds,Hard Rock,32.5,under,7.38,-2500,750,0.9615,0.8910,0.0792,0,0.9987,0.0371,0.1077,ev,multiplicative,projection,closing,1,closing,20260910B2546DE0,2026-10-08T15:34:16.604Z
2026,1,5971,Matthew Stafford,LAR,QB,vs SF,passYds,Hard Rock,281.5,under,245.83,-190,135,0.6552,0.6062,0.0807,0,0.6923,0.0371,0.0861,ev,multiplicative,projection,closing,1,closing,20260911F39A2BD0,2026-10-08T15:34:16.604Z
2026,1,19330,De'Zhaun Stribling,SF,WR,at LAR,recYds,Hard Rock,7.5,under,30.08,500,-1000,0.1667,0.1549,0.0758,0,0.2038,0.0371,0.0489,ev,multiplicative,projection,closing,1,closing,20260911F39A2BD0,2026-10-08T15:34:16.604Z
2026,1,19330,De'Zhaun Stribling,SF,WR,at LAR,recYds,Hard Rock,88.5,under,30.08,-1600,600,0.9412,0.8682,0.0840,0,0.9781,0.0370,0.1099,ev,multiplicative,projection,closing,1,closing,20260911F39A2BD0,2026-10-08T15:34:16.604Z
2026,1,9253,Mike Evans,SF,WR,at LAR,recYds,Hard Rock,45.5,over,55.41,-145,105,0.5918,0.5482,0.0796,0,0.6288,0.0370,0.0807,ev,multiplicative,projection,closing,1,closing,20260911F39A2BD0,2026-10-08T15:34:16.604Z
2026,1,17690,Blake Corum,LAR,RB,vs SF,rushAtt,BetRivers,10.5,over,10.72,108,,0.4808,0.4808,,1,0.5177,0.0369,0.0369,ev,none,projection,closing,1,closing,20260911F39A2BD0,2026-10-08T15:34:16.604Z
2026,1,16027,Romeo Doubs,NE,WR,at SEA,receptions,Hard Rock,7.5,over,3.72,1750,,0.0541,0.0541,,1,0.0910,0.0369,0.0369,ev,none,projection,closing,1,closing,20260910B2546DE0,2026-10-08T15:34:16.604Z
2026,1,17673,Drake Maye,NE,QB,at SEA,passYds,Hard Rock,274.5,over,255.56,175,-325,0.3636,0.3223,0.1283,0,0.4005,0.0368,0.0782,ev,multiplicative,projection,closing,1,closing,20260910B2546DE0,2026-10-08T15:34:16.604Z
2026,1,12490,Sam Darnold,SEA,QB,vs NE,passYds,Hard Rock,289.5,over,243.94,350,-600,0.2222,0.2059,0.0794,0,0.2591,0.0368,0.0532,ev,multiplicative,projection,closing,1,closing,20260910B2546DE0,2026-10-08T15:34:16.604Z
2026,1,17690,Blake Corum,LAR,RB,vs SF,rushYds,Circa Sports,44.5,over,49.02,-110,-110,0.5238,0.5000,0.0476,0,0.5606,0.0368,0.0606,ev,multiplicative,projection,closing,1,closing,20260911F39A2BD0,2026-10-08T15:34:16.604Z
2026,1,17690,Blake Corum,LAR,RB,vs SF,rushYds,Hard Rock,44.5,over,49.02,-110,-120,0.5238,0.4899,0.0693,0,0.5606,0.0368,0.0707,ev,multiplicative,projection,closing,1,closing,20260911F39A2BD0,2026-10-08T15:34:16.604Z
2026,1,11690,Christian McCaffrey,SF,RB,at LAR,rushYds,Hard Rock,24.5,under,69.32,750,-2500,0.1176,0.1090,0.0792,0,0.1544,0.0367,0.0454,ev,multiplicative,projection,closing,1,closing,20260911F39A2BD0,2026-10-08T15:34:16.604Z
2026,1,12490,Sam Darnold,SEA,QB,vs NE,passAtt,Caesars,30.5,over,32.56,-114,-117,0.5327,0.4970,0.0719,0,0.5693,0.0366,0.0723,ev,multiplicative,projection,closing,1,closing,20260910B2546DE0,2026-10-08T15:34:16.604Z
2026,1,16560,Rashid Shaheed,SEA,WR,vs NE,recYds,Caesars,19.5,over,41.94,-275,,0.7333,0.7333,,1,0.7699,0.0366,0.0366,ev,none,projection,closing,1,closing,20260910B2546DE0,2026-10-08T15:34:16.604Z
2026,1,18532,Corey Kiner,NE,RB,at SEA,rushYds,Hard Rock,4.5,over,11.74,-275,155,0.7333,0.6516,0.1255,0,0.7700,0.0366,0.1184,ev,multiplicative,projection,closing,1,closing,20260910B2546DE0,2026-10-08T15:34:16.604Z
2026,1,17673,Drake Maye,NE,QB,at SEA,passYds,Hard Rock,348.5,over,255.56,1300,-6000,0.0714,0.0677,0.0550,0,0.1080,0.0365,0.0403,ev,multiplicative,projection,closing,1,closing,20260910B2546DE0,2026-10-08T15:34:16.604Z
2026,1,19299,Jadarian Price,SEA,RB,vs NE,rushYds,theScore,59.5,over,54.93,135,,0.4255,0.4255,,1,0.4621,0.0365,0.0365,ev,none,projection,closing,1,closing,20260910B2546DE0,2026-10-08T15:34:16.604Z
2026,1,12490,Sam Darnold,SEA,QB,vs NE,passYds,Hard Rock,240.5,over,243.94,110,-150,0.4762,0.4425,0.0762,0,0.5126,0.0364,0.0701,ev,multiplicative,projection,closing,1,closing,20260910B2546DE0,2026-10-08T15:34:16.604Z
2026,1,16751,DeMario Douglas,NE,WR,at SEA,recYds,Hard Rock,44.5,over,29.73,350,-575,0.2222,0.2069,0.0741,0,0.2586,0.0364,0.0517,ev,multiplicative,projection,closing,1,closing,20260910B2546DE0,2026-10-08T15:34:16.604Z
2026,1,17968,George Holani,SEA,RB,vs NE,rushYds,Hard Rock,45.5,under,18.96,-1400,600,0.9333,0.8673,0.0762,0,0.9697,0.0364,0.1024,ev,multiplicative,projection,closing,1,closing,20260910B2546DE0,2026-10-08T15:34:16.604Z
2026,1,5971,Matthew Stafford,LAR,QB,vs SF,passYds,theScore,254.5,under,245.83,-105,-125,0.5122,0.4797,0.0678,0,0.5486,0.0364,0.0689,ev,multiplicative,projection,closing,1,closing,20260911F39A2BD0,2026-10-08T15:34:16.604Z
2026,1,16560,Rashid Shaheed,SEA,WR,vs NE,recYds,Hard Rock,29.5,over,41.94,-165,100,0.6226,0.5546,0.1226,0,0.6589,0.0363,0.1043,ev,multiplicative,projection,closing,1,closing,20260910B2546DE0,2026-10-08T15:34:16.604Z
2026,1,10854,Tyler Higbee,LAR,TE,vs SF,recYds,Hard Rock,6.5,under,9.19,230,-350,0.3030,0.2804,0.0808,0,0.3393,0.0363,0.0590,ev,multiplicative,projection,closing,1,closing,20260911F39A2BD0,2026-10-08T15:34:16.604Z
2026,1,13429,Deebo Samuel Sr.,SF,WR,at LAR,recYds,theScore,19.5,over,42.96,-240,,0.7059,0.7059,,1,0.7422,0.0363,0.0363,ev,none,projection,closing,1,closing,20260911F39A2BD0,2026-10-08T15:34:16.604Z
2026,1,16027,Romeo Doubs,NE,WR,at SEA,recYds,BetRivers,59.5,over,49.28,280,,0.2632,0.2632,,1,0.2994,0.0362,0.0362,ev,none,projection,closing,1,closing,20260910B2546DE0,2026-10-08T15:34:16.604Z
2026,1,13432,A.J. Brown,NE,WR,at SEA,recYds,Hard Rock,86.5,over,79.78,160,-300,0.3846,0.3390,0.1346,0,0.4208,0.0362,0.0819,ev,multiplicative,projection,closing,1,closing,20260910B2546DE0,2026-10-08T15:34:16.604Z
2026,1,5971,Matthew Stafford,LAR,QB,vs SF,passYds,Hard Rock,273.5,under,245.83,-160,115,0.6154,0.5695,0.0805,0,0.6516,0.0362,0.0821,ev,multiplicative,projection,closing,1,closing,20260911F39A2BD0,2026-10-08T15:34:16.604Z
2026,1,5971,Matthew Stafford,LAR,QB,vs SF,passYds,Hard Rock,282.5,under,245.83,-195,140,0.6610,0.6134,0.0777,0,0.6972,0.0362,0.0839,ev,multiplicative,projection,closing,1,closing,20260911F39A2BD0,2026-10-08T15:34:16.604Z
2026,1,13429,Deebo Samuel Sr.,SF,WR,at LAR,recYds,Hard Rock,20.5,over,42.96,-230,160,0.6970,0.6444,0.0816,0,0.7332,0.0362,0.0888,ev,multiplicative,projection,closing,1,closing,20260911F39A2BD0,2026-10-08T15:34:16.604Z
2026,1,17690,Blake Corum,LAR,RB,vs SF,rushYds,Hard Rock,61.5,over,49.02,185,-260,0.3509,0.3270,0.0731,0,0.3871,0.0362,0.0601,ev,multiplicative,projection,closing,1,closing,20260911F39A2BD0,2026-10-08T15:34:16.604Z
2026,1,11892,George Kittle,SF,TE,at LAR,recYds,Hard Rock,14.5,over,40.53,-575,325,0.8519,0.7836,0.0871,0,0.8880,0.0361,0.1044,ev,multiplicative,projection,closing,1,closing,20260911F39A2BD0,2026-10-08T15:34:16.604Z
2026,1,17690,Blake Corum,LAR,RB,vs SF,rushYds,Hard Rock,75.5,over,49.02,325,-600,0.2353,0.2154,0.0924,0,0.2713,0.0361,0.0560,ev,multiplicative,projection,closing,1,closing,20260911F39A2BD0,2026-10-08T15:34:16.604Z
2026,1,19299,Jadarian Price,SEA,RB,vs NE,rushYds,DraftKings,63.5,under,54.93,-115,-115,0.5349,0.5000,0.0698,0,0.5709,0.0360,0.0709,ev,multiplicative,projection,closing,1,closing,20260910B2546DE0,2026-10-08T15:34:16.604Z
2026,1,18497,Terrance Ferguson,LAR,TE,vs SF,recYds,Hard Rock,75.5,under,16.97,-2500,750,0.9615,0.8910,0.0792,0,0.9975,0.0360,0.1065,ev,multiplicative,projection,closing,1,closing,20260911F39A2BD0,2026-10-08T15:34:16.604Z
2026,1,17690,Blake Corum,LAR,RB,vs SF,rushYds,Hard Rock,71.5,over,49.02,275,-450,0.2667,0.2458,0.0848,0,0.3027,0.0360,0.0568,ev,multiplicative,projection,closing,1,closing,20260911F39A2BD0,2026-10-08T15:34:16.604Z
2026,1,12490,Sam Darnold,SEA,QB,vs NE,passYds,DraftKings,224.5,over,243.94,-115,-120,0.5349,0.4951,0.0803,0,0.5708,0.0359,0.0757,ev,multiplicative,projection,closing,1,closing,20260910B2546DE0,2026-10-08T15:34:16.604Z
2026,1,12490,Sam Darnold,SEA,QB,vs NE,passYds,Caesars,269.5,over,243.94,210,,0.3226,0.3226,,1,0.3585,0.0359,0.0359,ev,none,projection,closing,1,closing,20260910B2546DE0,2026-10-08T15:34:16.604Z
2026,1,12490,Sam Darnold,SEA,QB,vs NE,passTD,theScore,3.5,over,1.71,1600,,0.0588,0.0588,,1,0.0947,0.0359,0.0359,ev,none,projection,closing,1,closing,20260910B2546DE0,2026-10-08T15:34:16.604Z
2026,1,5971,Matthew Stafford,LAR,QB,vs SF,passYds,Circa Sports,256.5,under,245.83,-110,-110,0.5238,0.5000,0.0476,0,0.5597,0.0359,0.0597,ev,multiplicative,projection,closing,1,closing,20260911F39A2BD0,2026-10-08T15:34:16.604Z
2026,1,15834,Brock Purdy,SF,QB,at LAR,passYds,Hard Rock,203.5,under,246.99,220,-350,0.3125,0.2866,0.0903,0,0.3484,0.0359,0.0618,ev,multiplicative,projection,closing,1,closing,20260911F39A2BD0,2026-10-08T15:34:16.604Z
2026,1,5971,Matthew Stafford,LAR,QB,vs SF,passYds,Hard Rock,270.5,under,245.83,-150,105,0.6000,0.5516,0.0878,0,0.6359,0.0359,0.0843,ev,multiplicative,projection,closing,1,closing,20260911F39A2BD0,2026-10-08T15:34:16.604Z
2026,1,17968,George Holani,SEA,RB,vs NE,recYds,Hard Rock,7.5,under,8.3,135,-185,0.4255,0.3960,0.0747,0,0.4613,0.0358,0.0654,ev,multiplicative,projection,closing,1,closing,20260910B2546DE0,2026-10-08T15:34:16.604Z
2026,1,16560,Rashid Shaheed,SEA,WR,vs NE,recYds,Hard Rock,23.5,over,41.94,-225,130,0.6923,0.6142,0.1271,0,0.7281,0.0358,0.1138,ev,multiplicative,projection,closing,1,closing,20260910B2546DE0,2026-10-08T15:34:16.604Z
2026,1,17690,Blake Corum,LAR,RB,vs SF,rushYds,Hard Rock,37.5,over,49.02,-160,115,0.6154,0.5695,0.0805,0,0.6512,0.0358,0.0816,ev,multiplicative,projection,closing,1,closing,20260911F39A2BD0,2026-10-08T15:34:16.604Z
2026,1,12490,Sam Darnold,SEA,QB,vs NE,passYds,DraftKings,324.5,over,243.94,1000,,0.0909,0.0909,,1,0.1266,0.0357,0.0357,ev,none,projection,closing,1,closing,20260910B2546DE0,2026-10-08T15:34:16.604Z
2026,1,16654,Jaxon Smith-Njigba,SEA,WR,vs NE,recYds,BetRivers,84.5,over,94.17,-120,-112,0.5455,0.5080,0.0738,0,0.5812,0.0357,0.0732,ev,multiplicative,projection,closing,1,closing,20260910B2546DE0,2026-10-08T15:34:16.604Z
2026,1,15834,Brock Purdy,SF,QB,at LAR,passYds,DraftKings,279.5,over,246.99,242,,0.2924,0.2924,,1,0.3281,0.0357,0.0357,ev,none,projection,closing,1,closing,20260911F39A2BD0,2026-10-08T15:34:16.604Z
2026,1,12490,Sam Darnold,SEA,QB,vs NE,passYds,theScore,324.5,over,243.94,1000,,0.0909,0.0909,,1,0.1266,0.0357,0.0357,ev,none,projection,closing,1,closing,20260910B2546DE0,2026-10-08T15:34:16.604Z
2026,1,10735,Hunter Henry,NE,TE,at SEA,recYds,Hard Rock,79.5,under,39.85,-2000,550,0.9524,0.8609,0.1062,0,0.9881,0.0357,0.1272,ev,multiplicative,projection,closing,1,closing,20260910B2546DE0,2026-10-08T15:34:16.604Z
2026,1,5971,Matthew Stafford,LAR,QB,vs SF,passYds,Hard Rock,295.5,under,245.83,-260,180,0.7222,0.6691,0.0794,0,0.7579,0.0357,0.0888,ev,multiplicative,projection,closing,1,closing,20260911F39A2BD0,2026-10-08T15:34:16.604Z
2026,1,12490,Sam Darnold,SEA,QB,vs NE,completions,DraftKings,31.5,over,20.76,2800,,0.0345,0.0345,,1,0.0701,0.0356,0.0356,ev,none,projection,closing,1,closing,20260910B2546DE0,2026-10-08T15:34:16.604Z
2026,1,11690,Christian McCaffrey,SF,RB,at LAR,rushYds,DraftKings,61.5,over,69.32,-115,-115,0.5349,0.5000,0.0698,0,0.5705,0.0356,0.0705,ev,multiplicative,projection,closing,1,closing,20260911F39A2BD0,2026-10-08T15:34:16.604Z
2026,1,16560,Rashid Shaheed,SEA,WR,vs NE,recYds,Hard Rock,47.5,over,41.94,165,-230,0.3774,0.3513,0.0743,0,0.4130,0.0356,0.0618,ev,multiplicative,projection,closing,1,closing,20260910B2546DE0,2026-10-08T15:34:16.604Z
2026,1,18497,Terrance Ferguson,LAR,TE,vs SF,recYds,Hard Rock,74.5,under,16.97,-2500,750,0.9615,0.8910,0.0792,0,0.9971,0.0356,0.1061,ev,multiplicative,projection,closing,1,closing,20260911F39A2BD0,2026-10-08T15:34:16.604Z
2026,1,12490,Sam Darnold,SEA,QB,vs NE,passYds,DraftKings,319.5,over,243.94,840,,0.1064,0.1064,,1,0.1419,0.0355,0.0355,ev,none,projection,closing,1,closing,20260910B2546DE0,2026-10-08T15:34:16.604Z
2026,1,11863,Cooper Kupp,SEA,WR,vs NE,recYds,BetRivers,39.5,over,36.09,148,,0.4032,0.4032,,1,0.4387,0.0355,0.0355,ev,none,projection,closing,1,closing,20260910B2546DE0,2026-10-08T15:34:16.604Z
2026,1,17673,Drake Maye,NE,QB,at SEA,passYds,Hard Rock,334.5,over,255.56,800,-2500,0.1111,0.1036,0.0726,0,0.1466,0.0355,0.0430,ev,multiplicative,projection,closing,1,closing,20260910B2546DE0,2026-10-08T15:34:16.604Z
2026,1,5971,Matthew Stafford,LAR,QB,vs SF,passYds,Hard Rock,283.5,under,245.83,-200,145,0.6667,0.6203,0.0748,0,0.7021,0.0355,0.0819,ev,multiplicative,projection,closing,1,closing,20260911F39A2BD0,2026-10-08T15:34:16.604Z
2026,1,11892,George Kittle,SF,TE,at LAR,recYds,Hard Rock,22.5,over,40.53,-325,210,0.7647,0.7033,0.0873,0,0.8002,0.0355,0.0968,ev,multiplicative,projection,closing,1,closing,20260911F39A2BD0,2026-10-08T15:34:16.604Z
2026,1,11863,Cooper Kupp,SEA,WR,vs NE,recYds,Caesars,30.5,over,36.09,-117,-113,0.5392,0.5040,0.0697,0,0.5745,0.0354,0.0705,ev,multiplicative,projection,closing,1,closing,20260910B2546DE0,2026-10-08T15:34:16.604Z
2026,1,16027,Romeo Doubs,NE,WR,at SEA,receptions,DraftKings,7.5,over,3.72,1700,,0.0556,0.0556,,1,0.0910,0.0354,0.0354,ev,none,projection,closing,1,closing,20260910B2546DE0,2026-10-08T15:34:16.604Z
2026,1,17673,Drake Maye,NE,QB,at SEA,passYds,Hard Rock,341.5,over,255.56,1000,-4000,0.0909,0.0852,0.0665,0,0.1263,0.0354,0.0410,ev,multiplicative,projection,closing,1,closing,20260910B2546DE0,2026-10-08T15:34:16.604Z
2026,1,17673,Drake Maye,NE,QB,at SEA,passYds,Hard Rock,356.5,over,255.56,1750,-8000,0.0541,0.0519,0.0417,0,0.0895,0.0354,0.0376,ev,multiplicative,projection,closing,1,closing,20260910B2546DE0,2026-10-08T15:34:16.604Z
2026,1,12490,Sam Darnold,SEA,QB,vs NE,passYds,Hard Rock,280.5,over,243.94,275,-450,0.2667,0.2458,0.0848,0,0.3020,0.0354,0.0562,ev,multiplicative,projection,closing,1,closing,20260910B2546DE0,2026-10-08T15:34:16.604Z
2026,1,11892,George Kittle,SF,TE,at LAR,recYds,Hard Rock,40.5,over,40.53,115,-165,0.4651,0.4276,0.0878,0,0.5006,0.0354,0.0730,ev,multiplicative,projection,closing,1,closing,20260911F39A2BD0,2026-10-08T15:34:16.604Z
2026,1,15807,Kyren Williams,LAR,RB,vs SF,recYds,BetRivers,10.5,over,12.2,-114,-117,0.5327,0.4970,0.0719,0,0.5680,0.0353,0.0711,ev,multiplicative,projection,closing,1,closing,20260911F39A2BD0,2026-10-08T15:34:16.604Z
2026,1,15834,Brock Purdy,SF,QB,at LAR,passYds,DraftKings,269.5,over,246.99,191,,0.3436,0.3436,,1,0.3790,0.0353,0.0353,ev,none,projection,closing,1,closing,20260911F39A2BD0,2026-10-08T15:34:16.604Z
2026,1,11861,Mack Hollins,NE,WR,at SEA,receptions,theScore,1.5,over,1.26,140,-180,0.4167,0.3933,0.0595,0,0.4519,0.0353,0.0587,ev,multiplicative,projection,closing,1,closing,20260910B2546DE0,2026-10-08T15:34:16.604Z
2026,1,16654,Jaxon Smith-Njigba,SEA,WR,vs NE,recYds,theScore,59.5,over,94.17,-275,,0.7333,0.7333,,1,0.7687,0.0353,0.0353,ev,none,projection,closing,1,closing,20260910B2546DE0,2026-10-08T15:34:16.604Z
2026,1,15834,Brock Purdy,SF,QB,at LAR,completions,DraftKings,29.5,over,21.15,950,,0.0952,0.0952,,1,0.1305,0.0352,0.0352,ev,none,projection,closing,1,closing,20260911F39A2BD0,2026-10-08T15:34:16.604Z
2026,1,17673,Drake Maye,NE,QB,at SEA,passYds,Hard Rock,332.5,over,255.56,750,-2500,0.1176,0.1090,0.0792,0,0.1528,0.0352,0.0438,ev,multiplicative,projection,closing,1,closing,20260910B2546DE0,2026-10-08T15:34:16.604Z
2026,1,19299,Jadarian Price,SEA,RB,vs NE,rushAtt,DraftKings,13.5,under,12.78,-105,-130,0.5122,0.4754,0.0774,0,0.5473,0.0351,0.0719,ev,multiplicative,projection,closing,1,closing,20260910B2546DE0,2026-10-08T15:34:16.604Z
2026,1,16418,Jake Tonges,SF,TE,at LAR,receptions,Caesars,1.5,under,0.86,-185,145,0.6491,0.6140,0.0573,0,0.6843,0.0351,0.0703,ev,multiplicative,projection,closing,1,closing,20260911F39A2BD0,2026-10-08T15:34:16.604Z
2026,1,19330,De'Zhaun Stribling,SF,WR,at LAR,recYds,Hard Rock,87.5,under,30.08,-1600,600,0.9412,0.8682,0.0840,0,0.9763,0.0351,0.1080,ev,multiplicative,projection,closing,1,closing,20260911F39A2BD0,2026-10-08T15:34:16.604Z
2026,1,18497,Terrance Ferguson,LAR,TE,vs SF,recYds,Hard Rock,73.5,under,16.97,-2500,750,0.9615,0.8910,0.0792,0,0.9967,0.0351,0.1057,ev,multiplicative,projection,closing,1,closing,20260911F39A2BD0,2026-10-08T15:34:16.604Z
2026,1,11690,Christian McCaffrey,SF,RB,at LAR,rushYds,Hard Rock,80.5,under,69.32,-300,200,0.7500,0.6923,0.0833,0,0.7851,0.0351,0.0928,ev,multiplicative,projection,closing,1,closing,20260911F39A2BD0,2026-10-08T15:34:16.604Z
2026,1,11892,George Kittle,SF,TE,at LAR,receptions,FanDuel,5.5,over,3.77,350,,0.2222,0.2222,,1,0.2572,0.0350,0.0350,ev,none,projection,closing,1,closing,20260911F39A2BD0,2026-10-08T15:34:16.604Z
2026,1,10854,Tyler Higbee,LAR,TE,vs SF,recYds,Hard Rock,5.5,under,9.19,300,-475,0.2500,0.2323,0.0761,0,0.2849,0.0349,0.0526,ev,multiplicative,projection,closing,1,closing,20260911F39A2BD0,2026-10-08T15:34:16.604Z
2026,1,18497,Terrance Ferguson,LAR,TE,vs SF,receptions,BetRivers,2.5,over,1.65,188,,0.3472,0.3472,,1,0.3820,0.0348,0.0348,ev,none,projection,closing,1,closing,20260911F39A2BD0,2026-10-08T15:34:16.604Z
2026,1,17673,Drake Maye,NE,QB,at SEA,passTD,theScore,3.5,over,1.66,1800,,0.0526,0.0526,,1,0.0873,0.0347,0.0347,ev,none,projection,closing,1,closing,20260910B2546DE0,2026-10-08T15:34:16.604Z
2026,1,10735,Hunter Henry,NE,TE,at SEA,recYds,Hard Rock,74.5,under,39.85,-1600,475,0.9412,0.8440,0.1151,0,0.9759,0.0347,0.1319,ev,multiplicative,projection,closing,1,closing,20260910B2546DE0,2026-10-08T15:34:16.604Z
2026,1,17690,Blake Corum,LAR,RB,vs SF,rushYds,DraftKings,109.5,over,49.02,2000,,0.0476,0.0476,,1,0.0822,0.0346,0.0346,ev,none,projection,closing,1,closing,20260911F39A2BD0,2026-10-08T15:34:16.604Z
2026,1,13432,A.J. Brown,NE,WR,at SEA,recYds,theScore,109.5,over,79.78,550,,0.1538,0.1538,,1,0.1885,0.0346,0.0346,ev,none,projection,closing,1,closing,20260910B2546DE0,2026-10-08T15:34:16.604Z
2026,1,17690,Blake Corum,LAR,RB,vs SF,rushYds,Hard Rock,80.5,over,49.02,400,-800,0.2000,0.1837,0.0889,0,0.2346,0.0346,0.0510,ev,multiplicative,projection,closing,1,closing,20260911F39A2BD0,2026-10-08T15:34:16.604Z
2026,1,9253,Mike Evans,SF,WR,at LAR,recYds,Hard Rock,39.5,over,55.41,-200,140,0.6667,0.6154,0.0833,0,0.7012,0.0345,0.0858,ev,multiplicative,projection,closing,1,closing,20260911F39A2BD0,2026-10-08T15:34:16.604Z
2026,1,9253,Mike Evans,SF,WR,at LAR,recYds,theScore,39.5,over,55.41,-200,,0.6667,0.6667,,1,0.7012,0.0345,0.0345,ev,none,projection,closing,1,closing,20260911F39A2BD0,2026-10-08T15:34:16.604Z
2026,1,19330,De'Zhaun Stribling,SF,WR,at LAR,receptions,Caesars,2.5,under,2.33,105,-134,0.4878,0.4600,0.0605,0,0.5222,0.0344,0.0622,ev,multiplicative,projection,closing,1,closing,20260911F39A2BD0,2026-10-08T15:34:16.604Z
2026,1,13432,A.J. Brown,NE,WR,at SEA,recYds,Hard Rock,95.5,over,79.78,250,-375,0.2857,0.2657,0.0752,0,0.3201,0.0344,0.0544,ev,multiplicative,projection,closing,1,closing,20260910B2546DE0,2026-10-08T15:34:16.604Z
2026,1,19299,Jadarian Price,SEA,RB,vs NE,rushYds,Hard Rock,8.5,under,54.93,2250,-9000,0.0426,0.0413,0.0316,0,0.0769,0.0344,0.0357,ev,multiplicative,projection,closing,1,closing,20260910B2546DE0,2026-10-08T15:34:16.604Z
2026,1,9253,Mike Evans,SF,WR,at LAR,recYds,Hard Rock,40.5,over,55.41,-190,135,0.6552,0.6062,0.0807,0,0.6896,0.0344,0.0833,ev,multiplicative,projection,closing,1,closing,20260911F39A2BD0,2026-10-08T15:34:16.604Z
2026,1,17673,Drake Maye,NE,QB,at SEA,passYds,DraftKings,235.5,over,255.56,-115,,0.5349,0.5349,,1,0.5692,0.0343,0.0343,ev,none,projection,closing,1,closing,20260910B2546DE0,2026-10-08T15:34:16.604Z
2026,1,16654,Jaxon Smith-Njigba,SEA,WR,vs NE,recYds,BetRivers,129.5,over,94.17,420,,0.1923,0.1923,,1,0.2266,0.0343,0.0343,ev,none,projection,closing,1,closing,20260910B2546DE0,2026-10-08T15:34:16.604Z
2026,1,17673,Drake Maye,NE,QB,at SEA,passYds,Hard Rock,235.5,over,255.56,-115,-115,0.5349,0.5000,0.0698,0,0.5692,0.0343,0.0692,ev,multiplicative,projection,closing,1,closing,20260910B2546DE0,2026-10-08T15:34:16.604Z
2026,1,13432,A.J. Brown,NE,WR,at SEA,recYds,Hard Rock,43.5,over,79.78,-425,220,0.8095,0.7215,0.1220,0,0.8438,0.0343,0.1223,ev,multiplicative,projection,closing,1,closing,20260910B2546DE0,2026-10-08T15:34:16.604Z
2026,1,10735,Hunter Henry,NE,TE,at SEA,recYds,Hard Rock,60.5,under,39.85,-550,250,0.8462,0.7476,0.1319,0,0.8805,0.0343,0.1329,ev,multiplicative,projection,closing,1,closing,20260910B2546DE0,2026-10-08T15:34:16.604Z
2026,1,13432,A.J. Brown,NE,WR,at SEA,recYds,BetRivers,29.5,over,79.78,-770,,0.8851,0.8851,,1,0.9193,0.0342,0.0342,ev,none,projection,closing,1,closing,20260910B2546DE0,2026-10-08T15:34:16.604Z
2026,1,9253,Mike Evans,SF,WR,at LAR,recYds,BetRivers,50.5,over,55.41,-113,-118,0.5305,0.4950,0.0718,0,0.5647,0.0342,0.0697,ev,multiplicative,projection,closing,1,closing,20260911F39A2BD0,2026-10-08T15:34:16.604Z
2026,1,16027,Romeo Doubs,NE,WR,at SEA,recYds,Hard Rock,9.5,over,49.28,-1600,500,0.9412,0.8496,0.1078,0,0.9753,0.0342,0.1258,ev,multiplicative,projection,closing,1,closing,20260910B2546DE0,2026-10-08T15:34:16.604Z
2026,1,17673,Drake Maye,NE,QB,at SEA,passYds,DraftKings,349.5,over,255.56,1300,,0.0714,0.0714,,1,0.1055,0.0341,0.0341,ev,none,projection,closing,1,closing,20260910B2546DE0,2026-10-08T15:34:16.604Z
2026,1,17673,Drake Maye,NE,QB,at SEA,passYds,Caesars,349.5,over,255.56,1300,,0.0714,0.0714,,1,0.1055,0.0341,0.0341,ev,none,projection,closing,1,closing,20260910B2546DE0,2026-10-08T15:34:16.604Z
2026,1,15807,Kyren Williams,LAR,RB,vs SF,rushYds,FanDuel,99.5,over,66.77,630,,0.1370,0.1370,,1,0.1711,0.0341,0.0341,ev,none,projection,closing,1,closing,20260911F39A2BD0,2026-10-08T15:34:16.604Z
2026,1,17673,Drake Maye,NE,QB,at SEA,passYds,Hard Rock,349.5,over,255.56,1300,-6000,0.0714,0.0677,0.0550,0,0.1055,0.0341,0.0378,ev,multiplicative,projection,closing,1,closing,20260910B2546DE0,2026-10-08T15:34:16.604Z
2026,1,16560,Rashid Shaheed,SEA,WR,vs NE,recYds,Hard Rock,16.5,over,41.94,-325,220,0.7647,0.7099,0.0772,0,0.7988,0.0341,0.0889,ev,multiplicative,projection,closing,1,closing,20260910B2546DE0,2026-10-08T15:34:16.604Z
2026,1,17968,George Holani,SEA,RB,vs NE,rushYds,Hard Rock,38.5,under,18.96,-750,400,0.8824,0.8152,0.0824,0,0.9164,0.0341,0.1012,ev,multiplicative,projection,closing,1,closing,20260910B2546DE0,2026-10-08T15:34:16.604Z
2026,1,15834,Brock Purdy,SF,QB,at LAR,passYds,Hard Rock,201.5,under,246.99,225,-350,0.3077,0.2835,0.0855,0,0.3418,0.0341,0.0583,ev,multiplicative,projection,closing,1,closing,20260911F39A2BD0,2026-10-08T15:34:16.604Z
2026,1,11690,Christian McCaffrey,SF,RB,at LAR,rushYds,BetRivers,60.5,over,69.32,-120,-127,0.5455,0.4937,0.1049,0,0.5794,0.0339,0.0857,ev,multiplicative,projection,closing,1,closing,20260911F39A2BD0,2026-10-08T15:34:16.604Z
2026,1,11690,Christian McCaffrey,SF,RB,at LAR,rushYds,DraftKings,60.5,over,69.32,-120,-115,0.5455,0.5049,0.0803,0,0.5794,0.0339,0.0745,ev,multiplicative,projection,closing,1,closing,20260911F39A2BD0,2026-10-08T15:34:16.604Z
2026,1,17673,Drake Maye,NE,QB,at SEA,passYds,Hard Rock,232.5,over,255.56,-120,-110,0.5455,0.5101,0.0693,0,0.5794,0.0339,0.0693,ev,multiplicative,projection,closing,1,closing,20260910B2546DE0,2026-10-08T15:34:16.604Z
2026,1,11892,George Kittle,SF,TE,at LAR,recYds,Hard Rock,77.5,under,40.53,-1500,600,0.9375,0.8678,0.0804,0,0.9714,0.0339,0.1036,ev,multiplicative,projection,closing,1,closing,20260911F39A2BD0,2026-10-08T15:34:16.604Z
2026,1,18497,Terrance Ferguson,LAR,TE,vs SF,recYds,Hard Rock,5.5,under,16.97,375,-650,0.2105,0.1954,0.0772,0,0.2445,0.0339,0.0490,ev,multiplicative,projection,closing,1,closing,20260911F39A2BD0,2026-10-08T15:34:16.604Z
2026,1,9253,Mike Evans,SF,WR,at LAR,recYds,Hard Rock,34.5,over,55.41,-260,180,0.7222,0.6691,0.0794,0,0.7561,0.0339,0.0870,ev,multiplicative,projection,closing,1,closing,20260911F39A2BD0,2026-10-08T15:34:16.604Z
2026,1,18497,Terrance Ferguson,LAR,TE,vs SF,recYds,Hard Rock,7.5,under,16.97,300,-500,0.2500,0.2308,0.0833,0,0.2839,0.0339,0.0531,ev,multiplicative,projection,closing,1,closing,20260911F39A2BD0,2026-10-08T15:34:16.604Z
2026,1,17690,Blake Corum,LAR,RB,vs SF,rushYds,Hard Rock,88.5,over,49.02,575,-1400,0.1481,0.1370,0.0815,0,0.1820,0.0339,0.0451,ev,multiplicative,projection,closing,1,closing,20260911F39A2BD0,2026-10-08T15:34:16.604Z
2026,1,10735,Hunter Henry,NE,TE,at SEA,recYds,Hard Rock,78.5,under,39.85,-2000,650,0.9524,0.8772,0.0857,0,0.9862,0.0338,0.1090,ev,multiplicative,projection,closing,1,closing,20260910B2546DE0,2026-10-08T15:34:16.604Z
2026,1,19299,Jadarian Price,SEA,RB,vs NE,rushYds,Hard Rock,9.5,under,54.93,2000,-8000,0.0476,0.0460,0.0353,0,0.0815,0.0338,0.0355,ev,multiplicative,projection,closing,1,closing,20260910B2546DE0,2026-10-08T15:34:16.604Z
2026,1,12490,Sam Darnold,SEA,QB,vs NE,passTD,BetRivers,1.5,over,1.71,110,-143,0.4762,0.4473,0.0647,0,0.5099,0.0337,0.0626,ev,multiplicative,projection,closing,1,closing,20260910B2546DE0,2026-10-08T15:34:16.604Z
2026,1,15372,Rhamondre Stevenson,NE,RB,at SEA,rushYds,BetRivers,89.5,over,72.39,380,,0.2083,0.2083,,1,0.2420,0.0337,0.0337,ev,none,projection,closing,1,closing,20260910B2546DE0,2026-10-08T15:34:16.604Z
2026,1,15372,Rhamondre Stevenson,NE,RB,at SEA,rushYds,DraftKings,89.5,over,72.39,380,,0.2083,0.2083,,1,0.2420,0.0337,0.0337,ev,none,projection,closing,1,closing,20260910B2546DE0,2026-10-08T15:34:16.604Z
2026,1,17690,Blake Corum,LAR,RB,vs SF,recYds,BetRivers,3.5,over,3.98,-110,-121,0.5238,0.4889,0.0713,0,0.5575,0.0337,0.0685,ev,multiplicative,projection,closing,1,closing,20260911F39A2BD0,2026-10-08T15:34:16.604Z
2026,1,11892,George Kittle,SF,TE,at LAR,recYds,Caesars,39.5,over,40.53,106,-113,0.4854,0.4778,0.0160,0,0.5192,0.0337,0.0414,ev,multiplicative,projection,closing,1,closing,20260911F39A2BD0,2026-10-08T15:34:16.604Z
2026,1,17690,Blake Corum,LAR,RB,vs SF,recYds,Caesars,3.5,over,3.98,-110,-120,0.5238,0.4899,0.0693,0,0.5575,0.0337,0.0676,ev,multiplicative,projection,closing,1,closing,20260911F39A2BD0,2026-10-08T15:34:16.604Z
2026,1,17690,Blake Corum,LAR,RB,vs SF,recYds,Hard Rock,3.5,over,3.98,-110,-120,0.5238,0.4899,0.0693,0,0.5575,0.0337,0.0676,ev,multiplicative,projection,closing,1,closing,20260911F39A2BD0,2026-10-08T15:34:16.604Z
2026,1,19299,Jadarian Price,SEA,RB,vs NE,rushYds,DraftKings,64.5,under,54.93,-120,-115,0.5455,0.5049,0.0803,0,0.5791,0.0336,0.0742,ev,multiplicative,projection,closing,1,closing,20260910B2546DE0,2026-10-08T15:34:16.604Z
2026,1,15834,Brock Purdy,SF,QB,at LAR,passYds,DraftKings,259.5,over,246.99,151,,0.3984,0.3984,,1,0.4320,0.0336,0.0336,ev,none,projection,closing,1,closing,20260911F39A2BD0,2026-10-08T15:34:16.604Z
2026,1,17688,Jordan Whittington,LAR,WR,vs SF,recYds,Caesars,5.5,under,4.95,-110,-118,0.5238,0.4918,0.0651,0,0.5574,0.0336,0.0656,ev,multiplicative,projection,closing,1,closing,20260911F39A2BD0,2026-10-08T15:34:16.604Z
2026,1,17688,Jordan Whittington,LAR,WR,vs SF,recYds,Hard Rock,5.5,under,4.95,-110,-120,0.5238,0.4899,0.0693,0,0.5574,0.0336,0.0675,ev,multiplicative,projection,closing,1,closing,20260911F39A2BD0,2026-10-08T15:34:16.604Z
2026,1,16751,DeMario Douglas,NE,WR,at SEA,recYds,Hard Rock,8.5,over,29.73,-300,210,0.7500,0.6992,0.0726,0,0.7835,0.0335,0.0843,ev,multiplicative,projection,closing,1,closing,20260910B2546DE0,2026-10-08T15:34:16.604Z
2026,1,15372,Rhamondre Stevenson,NE,RB,at SEA,rushYds,Hard Rock,26.5,over,72.39,-1600,500,0.9412,0.8496,0.1078,0,0.9747,0.0335,0.1252,ev,multiplicative,projection,closing,1,closing,20260910B2546DE0,2026-10-08T15:34:16.604Z
2026,1,9253,Mike Evans,SF,WR,at LAR,recYds,Hard Rock,44.5,over,55.41,-155,110,0.6078,0.5607,0.0840,0,0.6413,0.0335,0.0806,ev,multiplicative,projection,closing,1,closing,20260911F39A2BD0,2026-10-08T15:34:16.604Z
2026,1,15807,Kyren Williams,LAR,RB,vs SF,rushYds,Hard Rock,86.5,over,66.77,300,-525,0.2500,0.2294,0.0900,0,0.2835,0.0335,0.0541,ev,multiplicative,projection,closing,1,closing,20260911F39A2BD0,2026-10-08T15:34:16.604Z
2026,1,12490,Sam Darnold,SEA,QB,vs NE,passYds,Hard Rock,181.5,under,243.94,300,-475,0.2500,0.2323,0.0761,0,0.2834,0.0334,0.0511,ev,multiplicative,projection,closing,1,closing,20260910B2546DE0,2026-10-08T15:34:16.604Z
2026,1,16560,Rashid Shaheed,SEA,WR,vs NE,receptions,Hard Rock,7.5,over,2.87,3000,,0.0323,0.0323,,1,0.0657,0.0334,0.0334,ev,none,projection,closing,1,closing,20260910B2546DE0,2026-10-08T15:34:16.604Z
2026,1,16027,Romeo Doubs,NE,WR,at SEA,receptions,Hard Rock,1.5,over,3.72,-1000,,0.9091,0.9091,,1,0.9425,0.0334,0.0334,ev,none,projection,closing,1,closing,20260910B2546DE0,2026-10-08T15:34:16.604Z
2026,1,17968,George Holani,SEA,RB,vs NE,recYds,DraftKings,10.5,under,8.3,-120,-110,0.5455,0.5101,0.0693,0,0.5787,0.0333,0.0686,ev,multiplicative,projection,closing,1,closing,20260910B2546DE0,2026-10-08T15:34:16.604Z
2026,1,17673,Drake Maye,NE,QB,at SEA,passYds,Hard Rock,148.5,under,255.56,600,-1600,0.1429,0.1318,0.0840,0,0.1762,0.0333,0.0444,ev,multiplicative,projection,closing,1,closing,20260910B2546DE0,2026-10-08T15:34:16.604Z
2026,1,12490,Sam Darnold,SEA,QB,vs NE,passYds,Caesars,239.5,over,243.94,107,,0.4831,0.4831,,1,0.5162,0.0332,0.0332,ev,none,projection,closing,1,closing,20260910B2546DE0,2026-10-08T15:34:16.604Z
2026,1,15807,Kyren Williams,LAR,RB,vs SF,recYds,DraftKings,10.5,over,12.2,-115,-120,0.5349,0.4951,0.0803,0,0.5680,0.0332,0.0729,ev,multiplicative,projection,closing,1,closing,20260911F39A2BD0,2026-10-08T15:34:16.604Z
2026,1,12490,Sam Darnold,SEA,QB,vs NE,passYds,Hard Rock,297.5,over,243.94,425,-850,0.1905,0.1755,0.0852,0,0.2237,0.0332,0.0482,ev,multiplicative,projection,closing,1,closing,20260910B2546DE0,2026-10-08T15:34:16.604Z
2026,1,10735,Hunter Henry,NE,TE,at SEA,recYds,Hard Rock,80.5,under,39.85,-2200,575,0.9565,0.8659,0.1047,0,0.9898,0.0332,0.1239,ev,multiplicative,projection,closing,1,closing,20260910B2546DE0,2026-10-08T15:34:16.604Z
2026,1,12490,Sam Darnold,SEA,QB,vs NE,passYds,Caesars,279.5,over,243.94,265,,0.2740,0.2740,,1,0.3070,0.0330,0.0330,ev,none,projection,closing,1,closing,20260910B2546DE0,2026-10-08T15:34:16.604Z
2026,1,11863,Cooper Kupp,SEA,WR,vs NE,recYds,Caesars,31.5,over,36.09,-112,-118,0.5283,0.4939,0.0696,0,0.5613,0.0330,0.0674,ev,multiplicative,projection,closing,1,closing,20260910B2546DE0,2026-10-08T15:34:16.604Z
2026,1,17673,Drake Maye,NE,QB,at SEA,passYds,Hard Rock,161.5,under,255.56,475,-950,0.1739,0.1612,0.0787,0,0.2069,0.0330,0.0457,ev,multiplicative,projection,closing,1,closing,20260910B2546DE0,2026-10-08T15:34:16.604Z
2026,1,9253,Mike Evans,SF,WR,at LAR,recYds,Hard Rock,33.5,over,55.41,-275,185,0.7333,0.6764,0.0842,0,0.7664,0.0330,0.0900,ev,multiplicative,projection,closing,1,closing,20260911F39A2BD0,2026-10-08T15:34:16.604Z
2026,1,17968,George Holani,SEA,RB,vs NE,rushYds,Hard Rock,9.5,under,18.96,250,-525,0.2857,0.2538,0.1257,0,0.3186,0.0329,0.0648,ev,multiplicative,projection,closing,1,closing,20260910B2546DE0,2026-10-08T15:34:16.604Z
2026,1,17673,Drake Maye,NE,QB,at SEA,passYds,Hard Rock,216.5,over,255.56,-150,105,0.6000,0.5516,0.0878,0,0.6328,0.0328,0.0812,ev,multiplicative,projection,closing,1,closing,20260910B2546DE0,2026-10-08T15:34:16.604Z
2026,1,15807,Kyren Williams,LAR,RB,vs SF,recYds,theScore,9.5,over,12.2,-135,,0.5745,0.5745,,1,0.6073,0.0328,0.0328,ev,none,projection,closing,1,closing,20260911F39A2BD0,2026-10-08T15:34:16.604Z
2026,1,15834,Brock Purdy,SF,QB,at LAR,passYds,DraftKings,289.5,over,246.99,304,,0.2475,0.2475,,1,0.2803,0.0327,0.0327,ev,none,projection,closing,1,closing,20260911F39A2BD0,2026-10-08T15:34:16.604Z
2026,1,14463,Colby Parkinson,LAR,TE,vs SF,recYds,DraftKings,21.5,under,20.11,-111,-109,0.5261,0.5022,0.0476,0,0.5588,0.0327,0.0566,ev,multiplicative,projection,closing,1,closing,20260911F39A2BD0,2026-10-08T15:34:16.604Z
2026,1,12490,Sam Darnold,SEA,QB,vs NE,passYds,Hard Rock,241.5,over,243.94,110,-155,0.4762,0.4393,0.0840,0,0.5089,0.0327,0.0697,ev,multiplicative,projection,closing,1,closing,20260910B2546DE0,2026-10-08T15:34:16.604Z
2026,1,16027,Romeo Doubs,NE,WR,at SEA,recYds,theScore,59.5,over,49.28,275,,0.2667,0.2667,,1,0.2994,0.0327,0.0327,ev,none,projection,closing,1,closing,20260910B2546DE0,2026-10-08T15:34:16.604Z
2026,1,11690,Christian McCaffrey,SF,RB,at LAR,rushYds,Hard Rock,22.5,under,69.32,800,-3000,0.1111,0.1030,0.0789,0,0.1438,0.0327,0.0408,ev,multiplicative,projection,closing,1,closing,20260911F39A2BD0,2026-10-08T15:34:16.604Z
2026,1,17673,Drake Maye,NE,QB,at SEA,completions,theScore,19.5,over,21.58,-120,-110,0.5455,0.5101,0.0693,0,0.5781,0.0326,0.0680,ev,multiplicative,projection,closing,1,closing,20260910B2546DE0,2026-10-08T15:34:16.604Z
2026,1,17673,Drake Maye,NE,QB,at SEA,passYds,Hard Rock,342.5,over,255.56,1000,-4000,0.0909,0.0852,0.0665,0,0.1235,0.0326,0.0383,ev,multiplicative,projection,closing,1,closing,20260910B2546DE0,2026-10-08T15:34:16.604Z
2026,1,12490,Sam Darnold,SEA,QB,vs NE,passYds,Circa Sports,228.5,over,243.94,-110,-110,0.5238,0.5000,0.0476,0,0.5563,0.0325,0.0563,ev,multiplicative,projection,closing,1,closing,20260910B2546DE0,2026-10-08T15:34:16.604Z
2026,1,17673,Drake Maye,NE,QB,at SEA,passYds,Hard Rock,335.5,over,255.56,800,-3000,0.1111,0.1030,0.0789,0,0.1436,0.0325,0.0406,ev,multiplicative,projection,closing,1,closing,20260910B2546DE0,2026-10-08T15:34:16.604Z
2026,1,11892,George Kittle,SF,TE,at LAR,recYds,Hard Rock,37.5,over,40.53,-110,-120,0.5238,0.4899,0.0693,0,0.5563,0.0325,0.0664,ev,multiplicative,projection,closing,1,closing,20260911F39A2BD0,2026-10-08T15:34:16.604Z
2026,1,12490,Sam Darnold,SEA,QB,vs NE,passYds,DraftKings,225.5,over,243.94,-115,-115,0.5349,0.5000,0.0698,0,0.5672,0.0323,0.0672,ev,multiplicative,projection,closing,1,closing,20260910B2546DE0,2026-10-08T15:34:16.604Z
2026,1,17673,Drake Maye,NE,QB,at SEA,passTD,Caesars,2.5,over,1.66,400,,0.2000,0.2000,,1,0.2323,0.0323,0.0323,ev,none,projection,closing,1,closing,20260910B2546DE0,2026-10-08T15:34:16.604Z
2026,1,16654,Jaxon Smith-Njigba,SEA,WR,vs NE,recYds,Caesars,109.5,over,94.17,194,,0.3401,0.3401,,1,0.3724,0.0323,0.0323,ev,none,projection,closing,1,closing,20260910B2546DE0,2026-10-08T15:34:16.604Z
2026,1,12490,Sam Darnold,SEA,QB,vs NE,passYds,Hard Rock,290.5,over,243.94,350,-600,0.2222,0.2059,0.0794,0,0.2545,0.0323,0.0486,ev,multiplicative,projection,closing,1,closing,20260910B2546DE0,2026-10-08T15:34:16.604Z
2026,1,16751,DeMario Douglas,NE,WR,at SEA,recYds,Hard Rock,16.5,over,29.73,-190,110,0.6552,0.5791,0.1314,0,0.6875,0.0323,0.1084,ev,multiplicative,projection,closing,1,closing,20260910B2546DE0,2026-10-08T15:34:16.604Z
2026,1,15372,Rhamondre Stevenson,NE,RB,at SEA,recYds,Hard Rock,68.5,under,20.57,-3000,700,0.9677,0.8856,0.0927,0,1.0000,0.0323,0.1144,ev,multiplicative,projection,closing,1,closing,20260910B2546DE0,2026-10-08T15:34:16.604Z
2026,1,15372,Rhamondre Stevenson,NE,RB,at SEA,recYds,Hard Rock,69.5,under,20.57,-3000,800,0.9677,0.8970,0.0789,0,1.0000,0.0323,0.1030,ev,multiplicative,projection,closing,1,closing,20260910B2546DE0,2026-10-08T15:34:16.604Z
2026,1,17673,Drake Maye,NE,QB,at SEA,rushYds,Hard Rock,60.5,under,25.57,-3000,900,0.9677,0.9063,0.0677,0,1.0000,0.0323,0.0937,ev,multiplicative,projection,closing,1,closing,20260910B2546DE0,2026-10-08T15:34:16.604Z
2026,1,16560,Rashid Shaheed,SEA,WR,vs NE,rushYds,Hard Rock,24.5,under,3.63,-3000,800,0.9677,0.8970,0.0789,0,1.0000,0.0323,0.1030,ev,multiplicative,projection,closing,1,closing,20260910B2546DE0,2026-10-08T15:34:16.604Z
2026,1,9253,Mike Evans,SF,WR,at LAR,recYds,Hard Rock,49.5,over,55.41,-120,-115,0.5455,0.5049,0.0803,0,0.5777,0.0323,0.0728,ev,multiplicative,projection,closing,1,closing,20260911F39A2BD0,2026-10-08T15:34:16.604Z
2026,1,17690,Blake Corum,LAR,RB,vs SF,recYds,Hard Rock,32.5,under,3.98,-3000,800,0.9677,0.8970,0.0789,0,1.0000,0.0323,0.1030,ev,multiplicative,projection,closing,1,closing,20260911F39A2BD0,2026-10-08T15:34:16.604Z
2026,1,17690,Blake Corum,LAR,RB,vs SF,recYds,Hard Rock,23.5,under,3.98,-3000,850,0.9677,0.9019,0.0730,0,1.0000,0.0323,0.0981,ev,multiplicative,projection,closing,1,closing,20260911F39A2BD0,2026-10-08T15:34:16.604Z
2026,1,17690,Blake Corum,LAR,RB,vs SF,recYds,Hard Rock,21.5,under,3.98,-3000,800,0.9677,0.8970,0.0789,0,1.0000,0.0323,0.1030,ev,multiplicative,projection,closing,1,closing,20260911F39A2BD0,2026-10-08T15:34:16.604Z
2026,1,14463,Colby Parkinson,LAR,TE,vs SF,recYds,Hard Rock,62.5,under,20.11,-3000,800,0.9677,0.8970,0.0789,0,1.0000,0.0323,0.1030,ev,multiplicative,projection,closing,1,closing,20260911F39A2BD0,2026-10-08T15:34:16.604Z
2026,1,15807,Kyren Williams,LAR,RB,vs SF,recYds,Hard Rock,49.5,under,12.2,-3000,800,0.9677,0.8970,0.0789,0,1.0000,0.0323,0.1030,ev,multiplicative,projection,closing,1,closing,20260911F39A2BD0,2026-10-08T15:34:16.604Z
2026,1,15807,Kyren Williams,LAR,RB,vs SF,recYds,Hard Rock,50.5,under,12.2,-3000,850,0.9677,0.9019,0.0730,0,1.0000,0.0323,0.0981,ev,multiplicative,projection,closing,1,closing,20260911F39A2BD0,2026-10-08T15:34:16.604Z
2026,1,15807,Kyren Williams,LAR,RB,vs SF,recYds,Hard Rock,51.5,under,12.2,-3000,850,0.9677,0.9019,0.0730,0,1.0000,0.0323,0.0981,ev,multiplicative,projection,closing,1,closing,20260911F39A2BD0,2026-10-08T15:34:16.604Z
2026,1,10854,Tyler Higbee,LAR,TE,vs SF,recYds,Hard Rock,50.5,under,9.19,-3000,850,0.9677,0.9019,0.0730,0,1.0000,0.0323,0.0981,ev,multiplicative,projection,closing,1,closing,20260911F39A2BD0,2026-10-08T15:34:16.604Z
2026,1,10854,Tyler Higbee,LAR,TE,vs SF,recYds,Hard Rock,51.5,under,9.19,-3000,800,0.9677,0.8970,0.0789,0,1.0000,0.0323,0.1030,ev,multiplicative,projection,closing,1,closing,20260911F39A2BD0,2026-10-08T15:34:16.604Z
2026,1,10854,Tyler Higbee,LAR,TE,vs SF,recYds,Hard Rock,52.5,under,9.19,-3000,850,0.9677,0.9019,0.0730,0,1.0000,0.0323,0.0981,ev,multiplicative,projection,closing,1,closing,20260911F39A2BD0,2026-10-08T15:34:16.604Z
2026,1,11892,George Kittle,SF,TE,at LAR,receptions,Hard Rock,7.5,over,3.77,2000,,0.0476,0.0476,,1,0.0799,0.0323,0.0323,ev,none,projection,closing,1,closing,20260911F39A2BD0,2026-10-08T15:34:16.604Z
2026,1,15834,Brock Purdy,SF,QB,at LAR,rushYds,Hard Rock,47.5,under,12.65,-3000,850,0.9677,0.9019,0.0730,0,1.0000,0.0323,0.0981,ev,multiplicative,projection,closing,1,closing,20260911F39A2BD0,2026-10-08T15:34:16.604Z
2026,1,15834,Brock Purdy,SF,QB,at LAR,rushYds,Hard Rock,48.5,under,12.65,-3000,800,0.9677,0.8970,0.0789,0,1.0000,0.0323,0.1030,ev,multiplicative,projection,closing,1,closing,20260911F39A2BD0,2026-10-08T15:34:16.604Z
2026,1,15834,Brock Purdy,SF,QB,at LAR,rushYds,Hard Rock,49.5,under,12.65,-3000,850,0.9677,0.9019,0.0730,0,1.0000,0.0323,0.0981,ev,multiplicative,projection,closing,1,closing,20260911F39A2BD0,2026-10-08T15:34:16.604Z
2026,1,15834,Brock Purdy,SF,QB,at LAR,rushYds,Hard Rock,56.5,under,12.65,-3000,800,0.9677,0.8970,0.0789,0,1.0000,0.0323,0.1030,ev,multiplicative,projection,closing,1,closing,20260911F39A2BD0,2026-10-08T15:34:16.604Z
2026,1,13429,Deebo Samuel Sr.,SF,WR,at LAR,rushYds,Hard Rock,37.5,under,4.1,-3000,850,0.9677,0.9019,0.0730,0,1.0000,0.0323,0.0981,ev,multiplicative,projection,closing,1,closing,20260911F39A2BD0,2026-10-08T15:34:16.604Z
2026,1,13429,Deebo Samuel Sr.,SF,WR,at LAR,rushYds,Hard Rock,38.5,under,4.1,-3000,800,0.9677,0.8970,0.0789,0,1.0000,0.0323,0.1030,ev,multiplicative,projection,closing,1,closing,20260911F39A2BD0,2026-10-08T15:34:16.604Z
2026,1,11861,Mack Hollins,NE,WR,at SEA,recYds,Caesars,19.5,over,16.53,149,,0.4016,0.4016,,1,0.4338,0.0322,0.0322,ev,none,projection,closing,1,closing,20260910B2546DE0,2026-10-08T15:34:16.604Z
2026,1,17968,George Holani,SEA,RB,vs NE,recYds,Hard Rock,51.5,under,8.3,-3000,850,0.9677,0.9019,0.0730,0,1.0000,0.0322,0.0981,ev,multiplicative,projection,closing,1,closing,20260910B2546DE0,2026-10-08T15:34:16.604Z
2026,1,13432,A.J. Brown,NE,WR,at SEA,recYds,Hard Rock,42.5,over,79.78,-450,220,0.8182,0.7236,0.1307,0,0.8504,0.0322,0.1268,ev,multiplicative,projection,closing,1,closing,20260910B2546DE0,2026-10-08T15:34:16.604Z
2026,1,17968,George Holani,SEA,RB,vs NE,recYds,Hard Rock,49.5,under,8.3,-3000,800,0.9677,0.8970,0.0789,0,0.9999,0.0322,0.1029,ev,multiplicative,projection,closing,1,closing,20260910B2546DE0,2026-10-08T15:34:16.604Z
2026,1,17968,George Holani,SEA,RB,vs NE,recYds,Hard Rock,50.5,under,8.3,-3000,850,0.9677,0.9019,0.0730,0,0.9999,0.0322,0.0980,ev,multiplicative,projection,closing,1,closing,20260910B2546DE0,2026-10-08T15:34:16.604Z
2026,1,17968,George Holani,SEA,RB,vs NE,recYds,Hard Rock,52.5,under,8.3,-3000,850,0.9677,0.9019,0.0730,0,1.0000,0.0322,0.0981,ev,multiplicative,projection,closing,1,closing,20260910B2546DE0,2026-10-08T15:34:16.604Z
2026,1,12490,Sam Darnold,SEA,QB,vs NE,rushYds,Hard Rock,24.5,under,9.79,-3000,850,0.9677,0.9019,0.0730,0,1.0000,0.0322,0.0981,ev,multiplicative,projection,closing,1,closing,20260910B2546DE0,2026-10-08T15:34:16.604Z
2026,1,15834,Brock Purdy,SF,QB,at LAR,passYds,Hard Rock,199.5,under,246.99,230,-350,0.3030,0.2804,0.0808,0,0.3353,0.0322,0.0549,ev,multiplicative,projection,closing,1,closing,20260911F39A2BD0,2026-10-08T15:34:16.604Z
2026,1,5971,Matthew Stafford,LAR,QB,vs SF,passYds,Hard Rock,280.5,under,245.83,-190,135,0.6552,0.6062,0.0807,0,0.6873,0.0322,0.0811,ev,multiplicative,projection,closing,1,closing,20260911F39A2BD0,2026-10-08T15:34:16.604Z
2026,1,14463,Colby Parkinson,LAR,TE,vs SF,recYds,Hard Rock,60.5,under,20.11,-3000,850,0.9677,0.9019,0.0730,0,1.0000,0.0322,0.0981,ev,multiplicative,projection,closing,1,closing,20260911F39A2BD0,2026-10-08T15:34:16.604Z
2026,1,11690,Christian McCaffrey,SF,RB,at LAR,recYds,Hard Rock,83.5,under,33.41,-3000,850,0.9677,0.9019,0.0730,0,0.9999,0.0322,0.0980,ev,multiplicative,projection,closing,1,closing,20260911F39A2BD0,2026-10-08T15:34:16.604Z
2026,1,14463,Colby Parkinson,LAR,TE,vs SF,recYds,Hard Rock,59.5,under,20.11,-3000,900,0.9677,0.9063,0.0677,0,1.0000,0.0322,0.0936,ev,multiplicative,projection,closing,1,closing,20260911F39A2BD0,2026-10-08T15:34:16.604Z
2026,1,11690,Christian McCaffrey,SF,RB,at LAR,recYds,Hard Rock,84.5,under,33.41,-3000,800,0.9677,0.8970,0.0789,0,0.9999,0.0322,0.1029,ev,multiplicative,projection,closing,1,closing,20260911F39A2BD0,2026-10-08T15:34:16.604Z
2026,1,11690,Christian McCaffrey,SF,RB,at LAR,recYds,Hard Rock,85.5,under,33.41,-3000,850,0.9677,0.9019,0.0730,0,1.0000,0.0322,0.0981,ev,multiplicative,projection,closing,1,closing,20260911F39A2BD0,2026-10-08T15:34:16.604Z
2026,1,17673,Drake Maye,NE,QB,at SEA,passYds,Hard Rock,333.5,over,255.56,750,-2500,0.1176,0.1090,0.0792,0,0.1497,0.0321,0.0407,ev,multiplicative,projection,closing,1,closing,20260910B2546DE0,2026-10-08T15:34:16.604Z
2026,1,5971,Matthew Stafford,LAR,QB,vs SF,passYds,Hard Rock,326.5,under,245.83,-525,325,0.8400,0.7812,0.0753,0,0.8721,0.0321,0.0909,ev,multiplicative,projection,closing,1,closing,20260911F39A2BD0,2026-10-08T15:34:16.604Z
2026,1,19330,De'Zhaun Stribling,SF,WR,at LAR,recYds,theScore,36.5,under,30.08,-125,-105,0.5556,0.5203,0.0678,0,0.5877,0.0321,0.0674,ev,multiplicative,projection,closing,1,closing,20260911F39A2BD0,2026-10-08T15:34:16.604Z
2026,1,13432,A.J. Brown,NE,WR,at SEA,recYds,Caesars,99.5,over,79.78,305,,0.2469,0.2469,,1,0.2789,0.0320,0.0320,ev,none,projection,closing,1,closing,20260910B2546DE0,2026-10-08T15:34:16.604Z
2026,1,15834,Brock Purdy,SF,QB,at LAR,passYds,BetRivers,299.5,over,246.99,390,,0.2041,0.2041,,1,0.2361,0.0320,0.0320,ev,none,projection,closing,1,closing,20260911F39A2BD0,2026-10-08T15:34:16.604Z
2026,1,11892,George Kittle,SF,TE,at LAR,recYds,Hard Rock,73.5,under,40.53,-1200,550,0.9231,0.8571,0.0769,0,0.9551,0.0320,0.0979,ev,multiplicative,projection,closing,1,closing,20260911F39A2BD0,2026-10-08T15:34:16.604Z
2026,1,16790,Puka Nacua,LAR,WR,vs SF,recYds,Hard Rock,137.5,under,94.55,-600,350,0.8571,0.7941,0.0794,0,0.8891,0.0320,0.0950,ev,multiplicative,projection,closing,1,closing,20260911F39A2BD0,2026-10-08T15:34:16.604Z
2026,1,11163,Demarcus Robinson,SF,WR,at LAR,recYds,theScore,13.5,under,12.4,-110,-120,0.5238,0.4899,0.0693,0,0.5558,0.0320,0.0659,ev,multiplicative,projection,closing,1,closing,20260911F39A2BD0,2026-10-08T15:34:16.604Z
2026,1,19330,De'Zhaun Stribling,SF,WR,at LAR,receptions,Hard Rock,5.5,over,2.33,750,,0.1176,0.1176,,1,0.1497,0.0320,0.0320,ev,none,projection,closing,1,closing,20260911F39A2BD0,2026-10-08T15:34:16.604Z
2026,1,19330,De'Zhaun Stribling,SF,WR,at LAR,receptions,Hard Rock,6.5,over,2.33,1750,,0.0541,0.0541,,1,0.0861,0.0320,0.0320,ev,none,projection,closing,1,closing,20260911F39A2BD0,2026-10-08T15:34:16.604Z
2026,1,17690,Blake Corum,LAR,RB,vs SF,rushYds,theScore,99.5,over,49.02,1000,,0.0909,0.0909,,1,0.1229,0.0320,0.0320,ev,none,projection,closing,1,closing,20260911F39A2BD0,2026-10-08T15:34:16.604Z
2026,1,17673,Drake Maye,NE,QB,at SEA,passYds,theScore,224.5,over,255.56,-135,-105,0.5745,0.5287,0.0867,0,0.6064,0.0319,0.0777,ev,multiplicative,projection,closing,1,closing,20260910B2546DE0,2026-10-08T15:34:16.604Z
2026,1,11892,George Kittle,SF,TE,at LAR,recYds,Hard Rock,69.5,under,40.53,-900,450,0.9000,0.8319,0.0818,0,0.9319,0.0319,0.1000,ev,multiplicative,projection,closing,1,closing,20260911F39A2BD0,2026-10-08T15:34:16.604Z
2026,1,12490,Sam Darnold,SEA,QB,vs NE,passYds,Caesars,289.5,over,243.94,340,,0.2273,0.2273,,1,0.2591,0.0318,0.0318,ev,none,projection,closing,1,closing,20260910B2546DE0,2026-10-08T15:34:16.604Z
2026,1,16027,Romeo Doubs,NE,WR,at SEA,recYds,Hard Rock,84.5,under,49.28,-1400,450,0.9333,0.8370,0.1152,0,0.9651,0.0318,0.1282,ev,multiplicative,projection,closing,1,closing,20260910B2546DE0,2026-10-08T15:34:16.604Z
2026,1,15372,Rhamondre Stevenson,NE,RB,at SEA,rushYds,Hard Rock,28.5,over,72.39,-1500,475,0.9375,0.8435,0.1114,0,0.9693,0.0318,0.1257,ev,multiplicative,projection,closing,1,closing,20260910B2546DE0,2026-10-08T15:34:16.604Z
2026,1,16790,Puka Nacua,LAR,WR,vs SF,recYds,Hard Rock,136.5,under,94.55,-575,350,0.8519,0.7931,0.0741,0,0.8836,0.0318,0.0905,ev,multiplicative,projection,closing,1,closing,20260911F39A2BD0,2026-10-08T15:34:16.604Z
2026,1,17673,Drake Maye,NE,QB,at SEA,passYds,Hard Rock,350.5,over,255.56,1300,-6000,0.0714,0.0677,0.0550,0,0.1031,0.0317,0.0354,ev,multiplicative,projection,closing,1,closing,20260910B2546DE0,2026-10-08T15:34:16.604Z
2026,1,11863,Cooper Kupp,SEA,WR,vs NE,recYds,Hard Rock,35.5,over,36.09,110,-185,0.4762,0.4232,0.1253,0,0.5079,0.0317,0.0848,ev,multiplicative,projection,closing,1,closing,20260910B2546DE0,2026-10-08T15:34:16.604Z
2026,1,16418,Jake Tonges,SF,TE,at LAR,recYds,Hard Rock,40.5,under,8.35,-3000,850,0.9677,0.9019,0.0730,0,0.9994,0.0317,0.0975,ev,multiplicative,projection,closing,1,closing,20260911F39A2BD0,2026-10-08T15:34:16.604Z
2026,1,10735,Hunter Henry,NE,TE,at SEA,recYds,Hard Rock,69.5,under,39.85,-1200,375,0.9231,0.8143,0.1336,0,0.9545,0.0315,0.1402,ev,multiplicative,projection,closing,1,closing,20260910B2546DE0,2026-10-08T15:34:16.604Z
2026,1,19330,De'Zhaun Stribling,SF,WR,at LAR,recYds,Hard Rock,3.5,under,30.08,650,-1600,0.1333,0.1241,0.0745,0,0.1648,0.0315,0.0407,ev,multiplicative,projection,closing,1,closing,20260911F39A2BD0,2026-10-08T15:34:16.604Z
2026,1,16751,DeMario Douglas,NE,WR,at SEA,receptions,FanDuel,5.5,over,2.42,920,,0.0980,0.0980,,1,0.1294,0.0314,0.0314,ev,none,projection,closing,1,closing,20260910B2546DE0,2026-10-08T15:34:16.604Z
2026,1,17968,George Holani,SEA,RB,vs NE,recYds,Hard Rock,35.5,under,8.3,-2500,650,0.9615,0.8782,0.0949,0,0.9930,0.0314,0.1148,ev,multiplicative,projection,closing,1,closing,20260910B2546DE0,2026-10-08T15:34:16.604Z
2026,1,19299,Jadarian Price,SEA,RB,vs NE,recYds,Hard Rock,33.5,under,7.38,-3000,800,0.9677,0.8970,0.0789,0,0.9991,0.0314,0.1021,ev,multiplicative,projection,closing,1,closing,20260910B2546DE0,2026-10-08T15:34:16.604Z
2026,1,16418,Jake Tonges,SF,TE,at LAR,recYds,Hard Rock,39.5,under,8.35,-3000,800,0.9677,0.8970,0.0789,0,0.9991,0.0314,0.1021,ev,multiplicative,projection,closing,1,closing,20260911F39A2BD0,2026-10-08T15:34:16.604Z
2026,1,16790,Puka Nacua,LAR,WR,vs SF,recYds,Hard Rock,142.5,under,94.55,-750,400,0.8824,0.8152,0.0824,0,0.9137,0.0314,0.0985,ev,multiplicative,projection,closing,1,closing,20260911F39A2BD0,2026-10-08T15:34:16.604Z
2026,1,9253,Mike Evans,SF,WR,at LAR,recYds,theScore,59.5,over,55.41,140,,0.4167,0.4167,,1,0.4481,0.0314,0.0314,ev,none,projection,closing,1,closing,20260911F39A2BD0,2026-10-08T15:34:16.604Z
2026,1,5971,Matthew Stafford,LAR,QB,vs SF,int,BetRivers,0.5,under,0.46,-150,114,0.6000,0.5622,0.0673,0,0.6313,0.0313,0.0691,ev,multiplicative,projection,closing,1,closing,20260911F39A2BD0,2026-10-08T15:34:16.604Z
2026,1,9253,Mike Evans,SF,WR,at LAR,recYds,Hard Rock,35.5,over,55.41,-250,170,0.7143,0.6585,0.0847,0,0.7456,0.0313,0.0870,ev,multiplicative,projection,closing,1,closing,20260911F39A2BD0,2026-10-08T15:34:16.604Z
2026,1,18497,Terrance Ferguson,LAR,TE,vs SF,recYds,Hard Rock,61.5,under,16.97,-2000,650,0.9524,0.8772,0.0857,0,0.9837,0.0313,0.1065,ev,multiplicative,projection,closing,1,closing,20260911F39A2BD0,2026-10-08T15:34:16.604Z
2026,1,11690,Christian McCaffrey,SF,RB,at LAR,rushYds,Hard Rock,57.5,over,69.32,-135,-105,0.5745,0.5287,0.0867,0,0.6058,0.0313,0.0772,ev,multiplicative,projection,closing,1,closing,20260911F39A2BD0,2026-10-08T15:34:16.604Z
2026,1,17673,Drake Maye,NE,QB,at SEA,passYds,Hard Rock,358.5,over,255.56,1750,-8000,0.0541,0.0519,0.0417,0,0.0853,0.0312,0.0334,ev,multiplicative,projection,closing,1,closing,20260910B2546DE0,2026-10-08T15:34:16.604Z
2026,1,13429,Deebo Samuel Sr.,SF,WR,at LAR,receptions,Hard Rock,2.5,over,3.36,-145,115,0.5918,0.5599,0.0570,0,0.6231,0.0312,0.0631,ev,multiplicative,projection,closing,1,closing,20260911F39A2BD0,2026-10-08T15:34:16.604Z
2026,1,13429,Deebo Samuel Sr.,SF,WR,at LAR,receptions,theScore,2.5,over,3.36,-145,115,0.5918,0.5599,0.0570,0,0.6231,0.0312,0.0631,ev,multiplicative,projection,closing,1,closing,20260911F39A2BD0,2026-10-08T15:34:16.604Z
2026,1,19330,De'Zhaun Stribling,SF,WR,at LAR,recYds,Hard Rock,4.5,under,30.08,600,-1500,0.1429,0.1322,0.0804,0,0.1741,0.0312,0.0418,ev,multiplicative,projection,closing,1,closing,20260911F39A2BD0,2026-10-08T15:34:16.604Z
2026,1,11892,George Kittle,SF,TE,at LAR,recYds,Hard Rock,74.5,under,40.53,-1300,550,0.9286,0.8579,0.0824,0,0.9597,0.0312,0.1019,ev,multiplicative,projection,closing,1,closing,20260911F39A2BD0,2026-10-08T15:34:16.604Z
2026,1,18532,Corey Kiner,NE,RB,at SEA,rushYds,DraftKings,10.5,over,11.74,-108,-116,0.5192,0.4916,0.0563,0,0.5503,0.0311,0.0588,ev,multiplicative,projection,closing,1,closing,20260910B2546DE0,2026-10-08T15:34:16.604Z
2026,1,18497,Terrance Ferguson,LAR,TE,vs SF,receptions,DraftKings,2.5,over,1.65,185,,0.3509,0.3509,,1,0.3820,0.0311,0.0311,ev,none,projection,closing,1,closing,20260911F39A2BD0,2026-10-08T15:34:16.604Z
2026,1,17673,Drake Maye,NE,QB,at SEA,passYds,Hard Rock,219.5,over,255.56,-145,105,0.5918,0.5482,0.0796,0,0.6230,0.0311,0.0748,ev,multiplicative,projection,closing,1,closing,20260910B2546DE0,2026-10-08T15:34:16.604Z
2026,1,17673,Drake Maye,NE,QB,at SEA,passYds,Hard Rock,147.5,under,255.56,600,-1600,0.1429,0.1318,0.0840,0,0.1739,0.0311,0.0421,ev,multiplicative,projection,closing,1,closing,20260910B2546DE0,2026-10-08T15:34:16.604Z
2026,1,11892,George Kittle,SF,TE,at LAR,recYds,Hard Rock,43.5,over,40.53,145,-200,0.4082,0.3797,0.0748,0,0.4393,0.0311,0.0595,ev,multiplicative,projection,closing,1,closing,20260911F39A2BD0,2026-10-08T15:34:16.604Z
2026,1,11863,Cooper Kupp,SEA,WR,vs NE,receptions,Caesars,3.5,over,2.81,169,,0.3717,0.3717,,1,0.4027,0.0310,0.0310,ev,none,projection,closing,1,closing,20260910B2546DE0,2026-10-08T15:34:16.604Z
2026,1,15372,Rhamondre Stevenson,NE,RB,at SEA,rushAtt,DraftKings,16.5,over,16.66,103,-131,0.4926,0.4649,0.0597,0,0.5236,0.0310,0.0588,ev,multiplicative,projection,closing,1,closing,20260910B2546DE0,2026-10-08T15:34:16.604Z
2026,1,17968,George Holani,SEA,RB,vs NE,recYds,Hard Rock,8.5,under,8.3,110,-145,0.4762,0.4459,0.0680,0,0.5072,0.0310,0.0613,ev,multiplicative,projection,closing,1,closing,20260910B2546DE0,2026-10-08T15:34:16.604Z
2026,1,16560,Rashid Shaheed,SEA,WR,vs NE,recYds,Hard Rock,43.5,over,41.94,125,-210,0.4444,0.3962,0.1219,0,0.4754,0.0310,0.0792,ev,multiplicative,projection,closing,1,closing,20260910B2546DE0,2026-10-08T15:34:16.604Z
2026,1,11163,Demarcus Robinson,SF,WR,at LAR,recYds,Hard Rock,15.5,under,12.4,-165,120,0.6226,0.5780,0.0772,0,0.6537,0.0310,0.0756,ev,multiplicative,projection,closing,1,closing,20260911F39A2BD0,2026-10-08T15:34:16.604Z
2026,1,17673,Drake Maye,NE,QB,at SEA,rushYds,BetRivers,22.5,over,25.57,-120,-112,0.5455,0.5080,0.0738,0,0.5764,0.0309,0.0684,ev,multiplicative,projection,closing,1,closing,20260910B2546DE0,2026-10-08T15:34:16.604Z
2026,1,15372,Rhamondre Stevenson,NE,RB,at SEA,rushYds,Hard Rock,27.5,over,72.39,-1600,475,0.9412,0.8440,0.1151,0,0.9721,0.0309,0.1281,ev,multiplicative,projection,closing,1,closing,20260910B2546DE0,2026-10-08T15:34:16.604Z
2026,1,5971,Matthew Stafford,LAR,QB,vs SF,passYds,theScore,259.5,under,245.83,-120,-110,0.5455,0.5101,0.0693,0,0.5763,0.0309,0.0662,ev,multiplicative,projection,closing,1,closing,20260911F39A2BD0,2026-10-08T15:34:16.604Z
2026,1,18497,Terrance Ferguson,LAR,TE,vs SF,recYds,Hard Rock,79.5,under,16.97,-3000,900,0.9677,0.9063,0.0677,0,0.9986,0.0309,0.0923,ev,multiplicative,projection,closing,1,closing,20260911F39A2BD0,2026-10-08T15:34:16.604Z
2026,1,12490,Sam Darnold,SEA,QB,vs NE,passYds,FanDuel,226.5,over,243.94,-114,-114,0.5327,0.5000,0.0654,0,0.5636,0.0308,0.0636,ev,multiplicative,projection,closing,1,closing,20260910B2546DE0,2026-10-08T15:34:16.604Z
2026,1,11863,Cooper Kupp,SEA,WR,vs NE,recYds,DraftKings,31.5,over,36.09,-113,-111,0.5305,0.5021,0.0566,0,0.5613,0.0308,0.0592,ev,multiplicative,projection,closing,1,closing,20260910B2546DE0,2026-10-08T15:34:16.604Z
2026,1,15372,Rhamondre Stevenson,NE,RB,at SEA,rushYds,DraftKings,9.5,over,72.39,-2800,,0.9655,0.9655,,1,0.9963,0.0308,0.0308,ev,none,projection,closing,1,closing,20260910B2546DE0,2026-10-08T15:34:16.604Z
2026,1,11892,George Kittle,SF,TE,at LAR,recYds,Hard Rock,62.5,under,40.53,-525,325,0.8400,0.7812,0.0753,0,0.8708,0.0308,0.0896,ev,multiplicative,projection,closing,1,closing,20260911F39A2BD0,2026-10-08T15:34:16.604Z
2026,1,17690,Blake Corum,LAR,RB,vs SF,rushYds,Hard Rock,38.5,over,49.02,-155,110,0.6078,0.5607,0.0840,0,0.6386,0.0308,0.0779,ev,multiplicative,projection,closing,1,closing,20260911F39A2BD0,2026-10-08T15:34:16.604Z
2026,1,17690,Blake Corum,LAR,RB,vs SF,rushYds,Hard Rock,48.5,over,49.02,110,-155,0.4762,0.4393,0.0840,0,0.5070,0.0308,0.0677,ev,multiplicative,projection,closing,1,closing,20260911F39A2BD0,2026-10-08T15:34:16.604Z
2026,1,16027,Romeo Doubs,NE,WR,at SEA,recYds,Hard Rock,8.5,over,49.28,-1800,525,0.9474,0.8555,0.1074,0,0.9781,0.0307,0.1225,ev,multiplicative,projection,closing,1,closing,20260910B2546DE0,2026-10-08T15:34:16.604Z
2026,1,17673,Drake Maye,NE,QB,at SEA,passYds,Caesars,230.5,over,255.56,-125,-108,0.5556,0.5169,0.0748,0,0.5862,0.0306,0.0693,ev,multiplicative,projection,closing,1,closing,20260910B2546DE0,2026-10-08T15:34:16.604Z
2026,1,14463,Colby Parkinson,LAR,TE,vs SF,recYds,Hard Rock,24.5,under,20.11,-185,135,0.6491,0.6040,0.0747,0,0.6798,0.0306,0.0757,ev,multiplicative,projection,closing,1,closing,20260911F39A2BD0,2026-10-08T15:34:16.604Z
2026,1,11690,Christian McCaffrey,SF,RB,at LAR,rushYds,Hard Rock,79.5,under,69.32,-275,190,0.7333,0.6802,0.0782,0,0.7639,0.0306,0.0838,ev,multiplicative,projection,closing,1,closing,20260911F39A2BD0,2026-10-08T15:34:16.604Z
2026,1,17690,Blake Corum,LAR,RB,vs SF,rushYds,DraftKings,29.5,over,49.02,-250,,0.7143,0.7143,,1,0.7448,0.0305,0.0305,ev,none,projection,closing,1,closing,20260911F39A2BD0,2026-10-08T15:34:16.604Z
2026,1,17673,Drake Maye,NE,QB,at SEA,passYds,Hard Rock,233.5,over,255.56,-120,-110,0.5455,0.5101,0.0693,0,0.5760,0.0305,0.0659,ev,multiplicative,projection,closing,1,closing,20260910B2546DE0,2026-10-08T15:34:16.604Z
2026,1,17673,Drake Maye,NE,QB,at SEA,passYds,Hard Rock,160.5,under,255.56,475,-950,0.1739,0.1612,0.0787,0,0.2045,0.0305,0.0432,ev,multiplicative,projection,closing,1,closing,20260910B2546DE0,2026-10-08T15:34:16.604Z
2026,1,12490,Sam Darnold,SEA,QB,vs NE,passYds,Hard Rock,281.5,over,243.94,275,-450,0.2667,0.2458,0.0848,0,0.2971,0.0304,0.0513,ev,multiplicative,projection,closing,1,closing,20260910B2546DE0,2026-10-08T15:34:16.604Z
2026,1,13432,A.J. Brown,NE,WR,at SEA,recYds,Hard Rock,83.5,over,79.78,135,-240,0.4255,0.3761,0.1314,0,0.4560,0.0304,0.0799,ev,multiplicative,projection,closing,1,closing,20260910B2546DE0,2026-10-08T15:34:16.604Z
2026,1,18540,Elijah Arroyo,SEA,TE,vs NE,recYds,Hard Rock,23.5,over,17.59,275,-450,0.2667,0.2458,0.0848,0,0.2970,0.0304,0.0512,ev,multiplicative,projection,closing,1,closing,20260910B2546DE0,2026-10-08T15:34:16.604Z
2026,1,13432,A.J. Brown,NE,WR,at SEA,recYds,theScore,29.5,over,79.78,-800,,0.8889,0.8889,,1,0.9193,0.0304,0.0304,ev,none,projection,closing,1,closing,20260910B2546DE0,2026-10-08T15:34:16.604Z
2026,1,5971,Matthew Stafford,LAR,QB,vs SF,passYds,Circa Sports,255.5,under,245.83,-110,-110,0.5238,0.5000,0.0476,0,0.5542,0.0304,0.0542,ev,multiplicative,projection,closing,1,closing,20260911F39A2BD0,2026-10-08T15:34:16.604Z
2026,1,12490,Sam Darnold,SEA,QB,vs NE,passYds,Hard Rock,180.5,under,243.94,300,-500,0.2500,0.2308,0.0833,0,0.2803,0.0303,0.0495,ev,multiplicative,projection,closing,1,closing,20260910B2546DE0,2026-10-08T15:34:16.604Z
2026,1,13432,A.J. Brown,NE,WR,at SEA,receptions,Hard Rock,7.5,over,5.42,250,,0.2857,0.2857,,1,0.3160,0.0303,0.0303,ev,none,projection,closing,1,closing,20260910B2546DE0,2026-10-08T15:34:16.604Z
2026,1,12490,Sam Darnold,SEA,QB,vs NE,passYds,DraftKings,228.5,over,243.94,-111,-112,0.5261,0.4989,0.0544,0,0.5563,0.0302,0.0574,ev,multiplicative,projection,closing,1,closing,20260910B2546DE0,2026-10-08T15:34:16.604Z
2026,1,5971,Matthew Stafford,LAR,QB,vs SF,passYds,Hard Rock,292.5,under,245.83,-250,175,0.7143,0.6627,0.0779,0,0.7445,0.0302,0.0819,ev,multiplicative,projection,closing,1,closing,20260911F39A2BD0,2026-10-08T15:34:16.604Z
2026,1,11892,George Kittle,SF,TE,at LAR,recYds,Hard Rock,68.5,under,40.53,-850,450,0.8947,0.8311,0.0766,0,0.9249,0.0302,0.0938,ev,multiplicative,projection,closing,1,closing,20260911F39A2BD0,2026-10-08T15:34:16.604Z
2026,1,17673,Drake Maye,NE,QB,at SEA,passYds,BetRivers,224.5,over,255.56,-136,-115,0.5763,0.5186,0.1112,0,0.6064,0.0301,0.0877,ev,multiplicative,projection,closing,1,closing,20260910B2546DE0,2026-10-08T15:34:16.604Z
2026,1,19330,De'Zhaun Stribling,SF,WR,at LAR,recYds,BetRivers,34.5,under,30.08,-113,-118,0.5305,0.4950,0.0718,0,0.5606,0.0301,0.0657,ev,multiplicative,projection,closing,1,closing,20260911F39A2BD0,2026-10-08T15:34:16.604Z
2026,1,17690,Blake Corum,LAR,RB,vs SF,rushYds,FanDuel,44.5,over,49.02,-113,-113,0.5305,0.5000,0.0610,0,0.5606,0.0301,0.0606,ev,multiplicative,projection,closing,1,closing,20260911F39A2BD0,2026-10-08T15:34:16.604Z
2026,1,17673,Drake Maye,NE,QB,at SEA,passYds,Hard Rock,174.5,under,255.56,375,-1100,0.2105,0.1868,0.1272,0,0.2407,0.0301,0.0539,ev,multiplicative,projection,closing,1,closing,20260910B2546DE0,2026-10-08T15:34:16.604Z
2026,1,10735,Hunter Henry,NE,TE,at SEA,recYds,Hard Rock,58.5,under,39.85,-475,300,0.8261,0.7677,0.0761,0,0.8562,0.0301,0.0885,ev,multiplicative,projection,closing,1,closing,20260910B2546DE0,2026-10-08T15:34:16.604Z
2026,1,16560,Rashid Shaheed,SEA,WR,vs NE,recYds,Hard Rock,51.5,over,41.94,210,-325,0.3226,0.2967,0.0873,0,0.3527,0.0301,0.0560,ev,multiplicative,projection,closing,1,closing,20260910B2546DE0,2026-10-08T15:34:16.604Z
2026,1,17968,George Holani,SEA,RB,vs NE,rushYds,Hard Rock,43.5,under,18.96,-1300,550,0.9286,0.8579,0.0824,0,0.9586,0.0301,0.1008,ev,multiplicative,projection,closing,1,closing,20260910B2546DE0,2026-10-08T15:34:16.604Z
2026,1,11892,George Kittle,SF,TE,at LAR,recYds,Hard Rock,79.5,under,40.53,-1800,650,0.9474,0.8766,0.0807,0,0.9775,0.0301,0.1009,ev,multiplicative,projection,closing,1,closing,20260911F39A2BD0,2026-10-08T15:34:16.604Z
2026,1,17690,Blake Corum,LAR,RB,vs SF,rushYds,Hard Rock,3.5,under,49.02,3000,-8000,0.0323,0.0316,0.0199,0,0.0624,0.0301,0.0307,ev,multiplicative,projection,closing,1,closing,20260911F39A2BD0,2026-10-08T15:34:16.604Z
