Season,Week,PlayerID,Name,Team,Pos,Opp,Stat,Book,Line,Side,Odds,OppositeOdds,ImpliedProb,FairProb,Hold,OneSided,OurProb,Edge,ModelEdge,EdgeBasis,DevigMethod,LineSource,FixtureID,CapturedAt
2026,2,12483,Josh Allen,BUF,QB,vs DET,rushAtt,Hard Rock,7.5,under,-125,-105,0.5556,0.5203,0.0678,0,0.9258,0.3703,0.4055,ev,multiplicative,live,202609189BE34D3B,2026-09-15T18:07:45.828Z
2026,2,17690,Blake Corum,LAR,RB,vs NYG,rushYds,FanDuel,43.5,over,-114,-114,0.5327,0.5000,0.0654,0,0.8162,0.2835,0.3162,ev,multiplicative,live,202609222DD46A1C,2026-09-15T18:07:45.828Z
2026,2,17690,Blake Corum,LAR,RB,vs NYG,rushYds,Hard Rock,43.5,over,-115,-115,0.5349,0.5000,0.0698,0,0.8162,0.2813,0.3162,ev,multiplicative,live,202609222DD46A1C,2026-09-15T18:07:45.828Z
2026,2,17690,Blake Corum,LAR,RB,vs NYG,rushYds,Hard Rock,49.5,over,120,-165,0.4545,0.4220,0.0772,0,0.7301,0.2755,0.3081,ev,multiplicative,live,202609222DD46A1C,2026-09-15T18:07:45.828Z
2026,2,17690,Blake Corum,LAR,RB,vs NYG,rushYds,Hard Rock,48.5,over,110,-155,0.4762,0.4393,0.0840,0,0.7457,0.2695,0.3064,ev,multiplicative,live,202609222DD46A1C,2026-09-15T18:07:45.828Z
2026,2,17690,Blake Corum,LAR,RB,vs NYG,rushYds,Hard Rock,99.5,over,900,-3000,0.1000,0.0937,0.0677,0,0.3634,0.2634,0.2697,ev,multiplicative,live,202609222DD46A1C,2026-09-15T18:07:45.828Z
2026,2,17690,Blake Corum,LAR,RB,vs NYG,rushYds,Hard Rock,39.5,over,-150,105,0.6000,0.5516,0.0878,0,0.8628,0.2628,0.3113,ev,multiplicative,live,202609222DD46A1C,2026-09-15T18:07:45.828Z
2026,2,17690,Blake Corum,LAR,RB,vs NYG,rushYds,Hard Rock,88.5,over,600,-1500,0.1429,0.1322,0.0804,0,0.4028,0.2599,0.2705,ev,multiplicative,live,202609222DD46A1C,2026-09-15T18:07:45.828Z
2026,2,17690,Blake Corum,LAR,RB,vs NYG,rushYds,Hard Rock,93.5,over,700,-2200,0.1250,0.1156,0.0815,0,0.3847,0.2597,0.2691,ev,multiplicative,live,202609222DD46A1C,2026-09-15T18:07:45.828Z
2026,2,17690,Blake Corum,LAR,RB,vs NYG,rushYds,Hard Rock,38.5,over,-160,115,0.6154,0.5695,0.0805,0,0.8731,0.2577,0.3036,ev,multiplicative,live,202609222DD46A1C,2026-09-15T18:07:45.828Z
2026,2,17690,Blake Corum,LAR,RB,vs NYG,rushYds,Hard Rock,53.5,over,145,-200,0.4082,0.3797,0.0748,0,0.6631,0.2550,0.2834,ev,multiplicative,live,202609222DD46A1C,2026-09-15T18:07:45.828Z
2026,2,17690,Blake Corum,LAR,RB,vs NYG,rushYds,Hard Rock,83.5,over,500,-1100,0.1667,0.1538,0.0833,0,0.4210,0.2544,0.2672,ev,multiplicative,live,202609222DD46A1C,2026-09-15T18:07:45.828Z
2026,2,17690,Blake Corum,LAR,RB,vs NYG,rushYds,Hard Rock,78.5,over,425,-800,0.1905,0.1765,0.0794,0,0.4395,0.2490,0.2630,ev,multiplicative,live,202609222DD46A1C,2026-09-15T18:07:45.828Z
2026,2,17690,Blake Corum,LAR,RB,vs NYG,rushYds,Hard Rock,79.5,over,425,-850,0.1905,0.1755,0.0852,0,0.4358,0.2453,0.2602,ev,multiplicative,live,202609222DD46A1C,2026-09-15T18:07:45.828Z
2026,2,17690,Blake Corum,LAR,RB,vs NYG,rushYds,Hard Rock,73.5,over,350,-600,0.2222,0.2059,0.0794,0,0.4580,0.2358,0.2521,ev,multiplicative,live,202609222DD46A1C,2026-09-15T18:07:45.828Z
2026,2,12483,Josh Allen,BUF,QB,vs DET,rushAtt,Caesars,6.5,under,121,-159,0.4525,0.4243,0.0664,0,0.6850,0.2325,0.2607,ev,multiplicative,live,202609189BE34D3B,2026-09-15T18:07:45.828Z
2026,2,17690,Blake Corum,LAR,RB,vs NYG,rushYds,Hard Rock,33.5,over,-220,155,0.6875,0.6368,0.0797,0,0.9164,0.2289,0.2796,ev,multiplicative,live,202609222DD46A1C,2026-09-15T18:07:45.828Z
2026,2,15876,James Cook,BUF,RB,vs DET,rushAtt,theScore,19.5,under,-155,155,0.6078,0.6078,0.0000,0,0.8266,0.2187,0.2187,ev,multiplicative,live,202609189BE34D3B,2026-09-15T18:07:45.828Z
2026,2,12483,Josh Allen,BUF,QB,vs DET,rushAtt,DraftKings,6.5,under,113,-145,0.4695,0.4424,0.0613,0,0.6850,0.2155,0.2427,ev,multiplicative,live,202609189BE34D3B,2026-09-15T18:07:45.828Z
2026,2,17690,Blake Corum,LAR,RB,vs NYG,rushYds,Hard Rock,58.5,over,180,-260,0.3571,0.3309,0.0794,0,0.5718,0.2147,0.2409,ev,multiplicative,live,202609222DD46A1C,2026-09-15T18:07:45.828Z
2026,2,17690,Blake Corum,LAR,RB,vs NYG,rushYds,Hard Rock,68.5,over,275,-450,0.2667,0.2458,0.0848,0,0.4767,0.2100,0.2309,ev,multiplicative,live,202609222DD46A1C,2026-09-15T18:07:45.828Z
2026,2,12483,Josh Allen,BUF,QB,vs DET,rushAtt,theScore,6.5,under,110,-140,0.4762,0.4494,0.0595,0,0.6850,0.2088,0.2356,ev,multiplicative,live,202609189BE34D3B,2026-09-15T18:07:45.828Z
2026,2,15807,Kyren Williams,LAR,RB,vs NYG,rushYds,Hard Rock,77.5,over,170,-250,0.3704,0.3415,0.0847,0,0.5744,0.2040,0.2329,ev,multiplicative,live,202609222DD46A1C,2026-09-15T18:07:45.828Z
2026,2,15807,Kyren Williams,LAR,RB,vs NYG,rushYds,Hard Rock,67.5,over,110,-150,0.4762,0.4425,0.0762,0,0.6787,0.2025,0.2362,ev,multiplicative,live,202609222DD46A1C,2026-09-15T18:07:45.828Z
2026,2,15807,Kyren Williams,LAR,RB,vs NYG,rushYds,Hard Rock,72.5,over,135,-195,0.4255,0.3916,0.0865,0,0.6277,0.2022,0.2361,ev,multiplicative,live,202609222DD46A1C,2026-09-15T18:07:45.828Z
2026,2,15807,Kyren Williams,LAR,RB,vs NYG,rushYds,Hard Rock,79.5,over,185,-275,0.3509,0.3236,0.0842,0,0.5526,0.2018,0.2290,ev,multiplicative,live,202609222DD46A1C,2026-09-15T18:07:45.828Z
2026,2,15876,James Cook,BUF,RB,vs DET,rushAtt,DraftKings,18.5,under,-123,-103,0.5516,0.5209,0.0590,0,0.7525,0.2009,0.2316,ev,multiplicative,live,202609189BE34D3B,2026-09-15T18:07:45.828Z
2026,2,17690,Blake Corum,LAR,RB,vs NYG,rushYds,Hard Rock,64.5,over,240,-375,0.2941,0.2714,0.0836,0,0.4917,0.1975,0.2202,ev,multiplicative,live,202609222DD46A1C,2026-09-15T18:07:45.828Z
2026,2,15807,Kyren Williams,LAR,RB,vs NYG,rushYds,Hard Rock,82.5,over,210,-325,0.3226,0.2967,0.0873,0,0.5197,0.1971,0.2230,ev,multiplicative,live,202609222DD46A1C,2026-09-15T18:07:45.828Z
2026,2,15892,Khalil Shakir,BUF,WR,vs DET,receptions,DraftKings,7.5,over,970,,0.0935,0.0935,,1,0.2894,0.1960,0.1960,ev,none,live,202609189BE34D3B,2026-09-15T18:07:45.828Z
2026,2,15807,Kyren Williams,LAR,RB,vs NYG,rushYds,Hard Rock,64.5,over,-105,-130,0.5122,0.4754,0.0774,0,0.7078,0.1956,0.2324,ev,multiplicative,live,202609222DD46A1C,2026-09-15T18:07:45.828Z
2026,2,15892,Khalil Shakir,BUF,WR,vs DET,receptions,BetRivers,7.5,over,950,,0.0952,0.0952,,1,0.2894,0.1942,0.1942,ev,none,live,202609189BE34D3B,2026-09-15T18:07:45.828Z
2026,2,15807,Kyren Williams,LAR,RB,vs NYG,rushYds,FanDuel,62.5,over,-114,-114,0.5327,0.5000,0.0654,0,0.7264,0.1937,0.2264,ev,multiplicative,live,202609222DD46A1C,2026-09-15T18:07:45.828Z
2026,2,15807,Kyren Williams,LAR,RB,vs NYG,rushYds,Hard Rock,87.5,over,260,-400,0.2778,0.2577,0.0778,0,0.4705,0.1927,0.2127,ev,multiplicative,live,202609222DD46A1C,2026-09-15T18:07:45.828Z
2026,2,15807,Kyren Williams,LAR,RB,vs NYG,rushYds,Hard Rock,62.5,over,-115,-115,0.5349,0.5000,0.0698,0,0.7264,0.1916,0.2264,ev,multiplicative,live,202609222DD46A1C,2026-09-15T18:07:45.828Z
2026,2,15807,Kyren Williams,LAR,RB,vs NYG,rushYds,Hard Rock,92.5,over,325,-525,0.2353,0.2188,0.0753,0,0.4249,0.1896,0.2061,ev,multiplicative,live,202609222DD46A1C,2026-09-15T18:07:45.828Z
2026,2,15892,Khalil Shakir,BUF,WR,vs DET,receptions,Caesars,7.5,over,900,,0.1000,0.1000,,1,0.2894,0.1894,0.1894,ev,none,live,202609189BE34D3B,2026-09-15T18:07:45.828Z
2026,2,15892,Khalil Shakir,BUF,WR,vs DET,receptions,DraftKings,6.5,over,499,,0.1669,0.1669,,1,0.3552,0.1883,0.1883,ev,none,live,202609189BE34D3B,2026-09-15T18:07:45.828Z
2026,2,17690,Blake Corum,LAR,RB,vs NYG,rushYds,Hard Rock,63.5,over,225,-350,0.3077,0.2835,0.0855,0,0.4954,0.1877,0.2119,ev,multiplicative,live,202609222DD46A1C,2026-09-15T18:07:45.828Z
2026,2,17690,Blake Corum,LAR,RB,vs NYG,rushYds,Hard Rock,28.5,over,-325,210,0.7647,0.7033,0.0873,0,0.9475,0.1828,0.2442,ev,multiplicative,live,202609222DD46A1C,2026-09-15T18:07:45.828Z
2026,2,15892,Khalil Shakir,BUF,WR,vs DET,receptions,DraftKings,8.5,over,1820,,0.0521,0.0521,,1,0.2300,0.1779,0.1779,ev,none,live,202609189BE34D3B,2026-09-15T18:07:45.828Z
2026,2,15892,Khalil Shakir,BUF,WR,vs DET,receptions,BetRivers,6.5,over,460,,0.1786,0.1786,,1,0.3552,0.1767,0.1767,ev,none,live,202609189BE34D3B,2026-09-15T18:07:45.828Z
2026,2,15807,Kyren Williams,LAR,RB,vs NYG,rushYds,Hard Rock,97.5,over,375,-700,0.2105,0.1939,0.0855,0,0.3803,0.1697,0.1863,ev,multiplicative,live,202609222DD46A1C,2026-09-15T18:07:45.828Z
2026,2,17732,Keon Coleman,BUF,WR,vs DET,receptions,theScore,3.5,over,1800,,0.0526,0.0526,,1,0.2218,0.1692,0.1692,ev,none,live,202609189BE34D3B,2026-09-15T18:07:45.828Z
2026,2,15876,James Cook,BUF,RB,vs DET,rushAtt,Caesars,17.5,under,102,-130,0.4950,0.4669,0.0603,0,0.6642,0.1691,0.1972,ev,multiplicative,live,202609189BE34D3B,2026-09-15T18:07:45.828Z
2026,2,15892,Khalil Shakir,BUF,WR,vs DET,receptions,Caesars,6.5,over,425,,0.1905,0.1905,,1,0.3552,0.1648,0.1648,ev,none,live,202609189BE34D3B,2026-09-15T18:07:45.828Z
2026,2,15876,James Cook,BUF,RB,vs DET,rushAtt,Hard Rock,17.5,under,100,-130,0.5000,0.4694,0.0652,0,0.6642,0.1642,0.1948,ev,multiplicative,live,202609189BE34D3B,2026-09-15T18:07:45.828Z
2026,2,15807,Kyren Williams,LAR,RB,vs NYG,rushYds,Hard Rock,99.5,over,400,-750,0.2000,0.1848,0.0824,0,0.3628,0.1628,0.1780,ev,multiplicative,live,202609222DD46A1C,2026-09-15T18:07:45.828Z
2026,2,15807,Kyren Williams,LAR,RB,vs NYG,rushYds,Hard Rock,57.5,over,-155,110,0.6078,0.5607,0.0840,0,0.7704,0.1626,0.2097,ev,multiplicative,live,202609222DD46A1C,2026-09-15T18:07:45.828Z
2026,2,17732,Keon Coleman,BUF,WR,vs DET,receptions,Caesars,2.5,over,525,,0.1600,0.1600,,1,0.3225,0.1625,0.1625,ev,none,live,202609189BE34D3B,2026-09-15T18:07:45.828Z
2026,2,17732,Keon Coleman,BUF,WR,vs DET,receptions,DraftKings,2.5,over,525,,0.1600,0.1600,,1,0.3225,0.1625,0.1625,ev,none,live,202609189BE34D3B,2026-09-15T18:07:45.828Z
2026,2,17732,Keon Coleman,BUF,WR,vs DET,receptions,FanDuel,2.5,over,516,,0.1623,0.1623,,1,0.3225,0.1601,0.1601,ev,none,live,202609189BE34D3B,2026-09-15T18:07:45.828Z
2026,2,13466,Dawson Knox,BUF,TE,vs DET,recYds,Caesars,9.5,over,-152,,0.6032,0.6032,,1,0.7628,0.1596,0.1596,ev,none,live,202609189BE34D3B,2026-09-15T18:07:45.828Z
2026,2,17732,Keon Coleman,BUF,WR,vs DET,receptions,DraftKings,3.5,over,1440,,0.0649,0.0649,,1,0.2218,0.1569,0.1569,ev,none,live,202609189BE34D3B,2026-09-15T18:07:45.828Z
2026,2,16697,Dalton Kincaid,BUF,TE,vs DET,receptions,DraftKings,5.5,over,314,,0.2415,0.2415,,1,0.3982,0.1567,0.1567,ev,none,live,202609189BE34D3B,2026-09-15T18:07:45.828Z
2026,2,15892,Khalil Shakir,BUF,WR,vs DET,receptions,Hard Rock,7.5,over,650,,0.1333,0.1333,,1,0.2894,0.1561,0.1561,ev,none,live,202609189BE34D3B,2026-09-15T18:07:45.828Z
2026,2,12483,Josh Allen,BUF,QB,vs DET,rushYds,Hard Rock,40.5,under,-250,175,0.7143,0.6627,0.0779,0,0.8703,0.1560,0.2077,ev,multiplicative,live,202609189BE34D3B,2026-09-15T18:07:45.828Z
2026,2,17732,Keon Coleman,BUF,WR,vs DET,receptions,theScore,2.5,over,500,,0.1667,0.1667,,1,0.3225,0.1558,0.1558,ev,none,live,202609189BE34D3B,2026-09-15T18:07:45.828Z
2026,2,15807,Kyren Williams,LAR,RB,vs NYG,rushYds,Hard Rock,102.5,over,450,-900,0.1818,0.1681,0.0818,0,0.3372,0.1554,0.1691,ev,multiplicative,live,202609222DD46A1C,2026-09-15T18:07:45.828Z
2026,2,17732,Keon Coleman,BUF,WR,vs DET,receptions,Hard Rock,3.5,over,1400,,0.0667,0.0667,,1,0.2218,0.1552,0.1552,ev,none,live,202609189BE34D3B,2026-09-15T18:07:45.828Z
2026,2,15892,Khalil Shakir,BUF,WR,vs DET,receptions,Hard Rock,6.5,over,400,,0.2000,0.2000,,1,0.3552,0.1552,0.1552,ev,none,live,202609189BE34D3B,2026-09-15T18:07:45.828Z
2026,2,15892,Khalil Shakir,BUF,WR,vs DET,receptions,FanDuel,7.5,over,639,,0.1353,0.1353,,1,0.2894,0.1541,0.1541,ev,none,live,202609189BE34D3B,2026-09-15T18:07:45.828Z
2026,2,12483,Josh Allen,BUF,QB,vs DET,rushYds,Hard Rock,39.5,under,-230,165,0.6970,0.6487,0.0743,0,0.8510,0.1541,0.2023,ev,multiplicative,live,202609189BE34D3B,2026-09-15T18:07:45.828Z
2026,2,16808,Jahmyr Gibbs,DET,RB,at BUF,rushYds,BetRivers,99.5,over,123,,0.4484,0.4484,,1,0.6025,0.1540,0.1540,ev,none,live,202609189BE34D3B,2026-09-15T18:07:45.828Z
2026,2,16808,Jahmyr Gibbs,DET,RB,at BUF,rushYds,BetRivers,109.5,over,175,,0.3636,0.3636,,1,0.5159,0.1522,0.1522,ev,none,live,202609189BE34D3B,2026-09-15T18:07:45.828Z
2026,2,15447,Joshua Palmer,BUF,WR,vs DET,recYds,Hard Rock,24.5,under,-275,190,0.7333,0.6802,0.0782,0,0.8852,0.1519,0.2051,ev,multiplicative,live,202609189BE34D3B,2026-09-15T18:07:45.828Z
2026,2,12483,Josh Allen,BUF,QB,vs DET,rushYds,Hard Rock,45.5,under,-375,240,0.7895,0.7286,0.0836,0,0.9410,0.1515,0.2124,ev,multiplicative,live,202609189BE34D3B,2026-09-15T18:07:45.828Z
2026,2,17732,Keon Coleman,BUF,WR,vs DET,receptions,BetRivers,2.5,over,480,,0.1724,0.1724,,1,0.3225,0.1500,0.1500,ev,none,live,202609189BE34D3B,2026-09-15T18:07:45.828Z
2026,2,17732,Keon Coleman,BUF,WR,vs DET,receptions,Hard Rock,2.5,over,475,,0.1739,0.1739,,1,0.3225,0.1485,0.1485,ev,none,live,202609189BE34D3B,2026-09-15T18:07:45.828Z
2026,2,16697,Dalton Kincaid,BUF,TE,vs DET,receptions,BetRivers,5.5,over,300,,0.2500,0.2500,,1,0.3982,0.1482,0.1482,ev,none,live,202609189BE34D3B,2026-09-15T18:07:45.828Z
2026,2,15447,Joshua Palmer,BUF,WR,vs DET,recYds,Hard Rock,28.5,under,-375,240,0.7895,0.7286,0.0836,0,0.9369,0.1474,0.2083,ev,multiplicative,live,202609189BE34D3B,2026-09-15T18:07:45.828Z
2026,2,17033,Sam LaPorta,DET,TE,at BUF,recYds,Hard Rock,71.5,under,-400,260,0.8000,0.7423,0.0778,0,0.9473,0.1473,0.2051,ev,multiplicative,live,202609189BE34D3B,2026-09-15T18:07:45.828Z
2026,2,17690,Blake Corum,LAR,RB,vs NYG,rushYds,Hard Rock,24.5,over,-450,275,0.8182,0.7542,0.0848,0,0.9651,0.1469,0.2109,ev,multiplicative,live,202609222DD46A1C,2026-09-15T18:07:45.828Z
2026,2,15892,Khalil Shakir,BUF,WR,vs DET,receptions,FanDuel,8.5,over,1099,,0.0834,0.0834,,1,0.2300,0.1466,0.1466,ev,none,live,202609189BE34D3B,2026-09-15T18:07:45.828Z
2026,2,15447,Joshua Palmer,BUF,WR,vs DET,recYds,Hard Rock,23.5,under,-260,180,0.7222,0.6691,0.0794,0,0.8686,0.1464,0.1995,ev,multiplicative,live,202609189BE34D3B,2026-09-15T18:07:45.828Z
2026,2,16808,Jahmyr Gibbs,DET,RB,at BUF,rushYds,Caesars,90.5,over,-113,-117,0.5305,0.4960,0.0697,0,0.6764,0.1459,0.1804,ev,multiplicative,live,202609189BE34D3B,2026-09-15T18:07:45.828Z
2026,2,15892,Khalil Shakir,BUF,WR,vs DET,receptions,Hard Rock,9.5,over,3000,,0.0323,0.0323,,1,0.1781,0.1459,0.1459,ev,none,live,202609189BE34D3B,2026-09-15T18:07:45.828Z
2026,2,17033,Sam LaPorta,DET,TE,at BUF,recYds,Hard Rock,64.5,under,-275,195,0.7333,0.6839,0.0723,0,0.8789,0.1456,0.1950,ev,multiplicative,live,202609189BE34D3B,2026-09-15T18:07:45.828Z
2026,2,16697,Dalton Kincaid,BUF,TE,vs DET,receptions,BetRivers,6.5,over,650,,0.1333,0.1333,,1,0.2781,0.1448,0.1448,ev,none,live,202609189BE34D3B,2026-09-15T18:07:45.828Z
2026,2,16697,Dalton Kincaid,BUF,TE,vs DET,receptions,DraftKings,6.5,over,650,,0.1333,0.1333,,1,0.2781,0.1448,0.1448,ev,none,live,202609189BE34D3B,2026-09-15T18:07:45.828Z
2026,2,15892,Khalil Shakir,BUF,WR,vs DET,receptions,DraftKings,5.5,over,256,,0.2809,0.2809,,1,0.4256,0.1448,0.1448,ev,none,live,202609189BE34D3B,2026-09-15T18:07:45.828Z
2026,2,13466,Dawson Knox,BUF,TE,vs DET,recYds,FanDuel,9.5,over,-162,,0.6183,0.6183,,1,0.7628,0.1444,0.1444,ev,none,live,202609189BE34D3B,2026-09-15T18:07:45.828Z
2026,2,16808,Jahmyr Gibbs,DET,RB,at BUF,rushYds,FanDuel,90.5,over,-114,-114,0.5327,0.5000,0.0654,0,0.6764,0.1437,0.1764,ev,multiplicative,live,202609189BE34D3B,2026-09-15T18:07:45.828Z
2026,2,15892,Khalil Shakir,BUF,WR,vs DET,receptions,DraftKings,9.5,over,2800,,0.0345,0.0345,,1,0.1781,0.1436,0.1436,ev,none,live,202609189BE34D3B,2026-09-15T18:07:45.828Z
2026,2,15807,Kyren Williams,LAR,RB,vs NYG,rushYds,Hard Rock,107.5,over,550,-1200,0.1538,0.1429,0.0769,0,0.2961,0.1423,0.1533,ev,multiplicative,live,202609222DD46A1C,2026-09-15T18:07:45.828Z
2026,2,15892,Khalil Shakir,BUF,WR,vs DET,receptions,FanDuel,6.5,over,369,,0.2132,0.2132,,1,0.3552,0.1420,0.1420,ev,none,live,202609189BE34D3B,2026-09-15T18:07:45.828Z
2026,2,16808,Jahmyr Gibbs,DET,RB,at BUF,rushYds,DraftKings,99.5,over,117,,0.4608,0.4608,,1,0.6025,0.1416,0.1416,ev,none,live,202609189BE34D3B,2026-09-15T18:07:45.828Z
2026,2,16808,Jahmyr Gibbs,DET,RB,at BUF,rushYds,FanDuel,109.5,over,167,,0.3745,0.3745,,1,0.5159,0.1413,0.1413,ev,none,live,202609189BE34D3B,2026-09-15T18:07:45.828Z
2026,2,13466,Dawson Knox,BUF,TE,vs DET,recYds,Hard Rock,7.5,over,-210,145,0.6774,0.6240,0.0856,0,0.8172,0.1398,0.1932,ev,multiplicative,live,202609189BE34D3B,2026-09-15T18:07:45.828Z
2026,2,16808,Jahmyr Gibbs,DET,RB,at BUF,rushYds,FanDuel,99.5,over,116,,0.4630,0.4630,,1,0.6025,0.1395,0.1395,ev,none,live,202609189BE34D3B,2026-09-15T18:07:45.828Z
2026,2,16808,Jahmyr Gibbs,DET,RB,at BUF,rushYds,BetRivers,119.5,over,250,,0.2857,0.2857,,1,0.4249,0.1392,0.1392,ev,none,live,202609189BE34D3B,2026-09-15T18:07:45.828Z
2026,2,16808,Jahmyr Gibbs,DET,RB,at BUF,rushYds,DraftKings,89.5,over,-120,,0.5455,0.5455,,1,0.6843,0.1388,0.1388,ev,none,live,202609189BE34D3B,2026-09-15T18:07:45.828Z
2026,2,12483,Josh Allen,BUF,QB,vs DET,rushYds,Hard Rock,49.5,under,-500,300,0.8333,0.7692,0.0833,0,0.9720,0.1387,0.2028,ev,multiplicative,live,202609189BE34D3B,2026-09-15T18:07:45.828Z
2026,2,17033,Sam LaPorta,DET,TE,at BUF,recYds,Hard Rock,66.5,under,-325,210,0.7647,0.7033,0.0873,0,0.9029,0.1382,0.1996,ev,multiplicative,live,202609189BE34D3B,2026-09-15T18:07:45.828Z
2026,2,16808,Jahmyr Gibbs,DET,RB,at BUF,rushYds,BetRivers,91.5,over,-113,-118,0.5305,0.4950,0.0718,0,0.6685,0.1379,0.1735,ev,multiplicative,live,202609189BE34D3B,2026-09-15T18:07:45.828Z
2026,2,16808,Jahmyr Gibbs,DET,RB,at BUF,rushYds,DraftKings,91.5,over,-113,-111,0.5305,0.5021,0.0566,0,0.6685,0.1379,0.1664,ev,multiplicative,live,202609189BE34D3B,2026-09-15T18:07:45.828Z
2026,2,15892,Khalil Shakir,BUF,WR,vs DET,receptions,theScore,6.5,over,360,,0.2174,0.2174,,1,0.3552,0.1378,0.1378,ev,none,live,202609189BE34D3B,2026-09-15T18:07:45.828Z
2026,2,16808,Jahmyr Gibbs,DET,RB,at BUF,rushYds,theScore,99.5,over,115,,0.4651,0.4651,,1,0.6025,0.1373,0.1373,ev,none,live,202609189BE34D3B,2026-09-15T18:07:45.828Z
2026,2,16808,Jahmyr Gibbs,DET,RB,at BUF,rushYds,Hard Rock,99.5,over,115,-165,0.4651,0.4276,0.0878,0,0.6025,0.1373,0.1749,ev,multiplicative,live,202609189BE34D3B,2026-09-15T18:07:45.828Z
2026,2,10729,Jared Goff,DET,QB,at BUF,passAtt,DraftKings,35.5,under,-102,-124,0.5050,0.4770,0.0585,0,0.6422,0.1372,0.1651,ev,multiplicative,live,202609189BE34D3B,2026-09-15T18:07:45.828Z
2026,2,16808,Jahmyr Gibbs,DET,RB,at BUF,rushYds,DraftKings,109.5,over,164,,0.3788,0.3788,,1,0.5159,0.1371,0.1371,ev,none,live,202609189BE34D3B,2026-09-15T18:07:45.828Z
2026,2,16808,Jahmyr Gibbs,DET,RB,at BUF,rushYds,BetRivers,89.5,over,-121,,0.5475,0.5475,,1,0.6843,0.1367,0.1367,ev,none,live,202609189BE34D3B,2026-09-15T18:07:45.828Z
2026,2,17690,Blake Corum,LAR,RB,vs NYG,rushYds,Hard Rock,23.5,over,-500,300,0.8333,0.7692,0.0833,0,0.9686,0.1353,0.1994,ev,multiplicative,live,202609222DD46A1C,2026-09-15T18:07:45.828Z
2026,2,10729,Jared Goff,DET,QB,at BUF,passAtt,Caesars,36.5,under,-134,101,0.5726,0.5351,0.0702,0,0.7070,0.1344,0.1719,ev,multiplicative,live,202609189BE34D3B,2026-09-15T18:07:45.828Z
2026,2,13466,Dawson Knox,BUF,TE,vs DET,recYds,Caesars,12.5,over,-114,-114,0.5327,0.5000,0.0654,0,0.6668,0.1341,0.1668,ev,multiplicative,live,202609189BE34D3B,2026-09-15T18:07:45.828Z
2026,2,13466,Dawson Knox,BUF,TE,vs DET,recYds,FanDuel,12.5,over,-114,-114,0.5327,0.5000,0.0654,0,0.6668,0.1341,0.1668,ev,multiplicative,live,202609189BE34D3B,2026-09-15T18:07:45.828Z
2026,2,17033,Sam LaPorta,DET,TE,at BUF,recYds,Hard Rock,76.5,under,-525,300,0.8400,0.7706,0.0900,0,0.9739,0.1339,0.2032,ev,multiplicative,live,202609189BE34D3B,2026-09-15T18:07:45.828Z
2026,2,13466,Dawson Knox,BUF,TE,vs DET,recYds,theScore,9.5,over,-170,,0.6296,0.6296,,1,0.7628,0.1331,0.1331,ev,none,live,202609189BE34D3B,2026-09-15T18:07:45.828Z
2026,2,15807,Kyren Williams,LAR,RB,vs NYG,rushYds,Hard Rock,52.5,over,-210,145,0.6774,0.6240,0.0856,0,0.8101,0.1327,0.1861,ev,multiplicative,live,202609222DD46A1C,2026-09-15T18:07:45.828Z
2026,2,16808,Jahmyr Gibbs,DET,RB,at BUF,rushYds,theScore,94.5,over,-105,-125,0.5122,0.4797,0.0678,0,0.6442,0.1320,0.1645,ev,multiplicative,live,202609189BE34D3B,2026-09-15T18:07:45.828Z
2026,2,12477,DJ Moore,BUF,WR,vs DET,recYds,Hard Rock,90.5,under,-425,275,0.8095,0.7522,0.0762,0,0.9414,0.1319,0.1892,ev,multiplicative,live,202609189BE34D3B,2026-09-15T18:07:45.828Z
2026,2,13466,Dawson Knox,BUF,TE,vs DET,recYds,Hard Rock,12.5,over,-115,-115,0.5349,0.5000,0.0698,0,0.6668,0.1319,0.1668,ev,multiplicative,live,202609189BE34D3B,2026-09-15T18:07:45.828Z
2026,2,16697,Dalton Kincaid,BUF,TE,vs DET,receptions,theScore,5.5,over,275,,0.2667,0.2667,,1,0.3982,0.1316,0.1316,ev,none,live,202609189BE34D3B,2026-09-15T18:07:45.828Z
2026,2,16697,Dalton Kincaid,BUF,TE,vs DET,receptions,DraftKings,4.5,over,151,,0.3984,0.3984,,1,0.5297,0.1313,0.1313,ev,none,live,202609189BE34D3B,2026-09-15T18:07:45.828Z
2026,2,12483,Josh Allen,BUF,QB,vs DET,rushYds,Hard Rock,50.5,under,-550,300,0.8462,0.7719,0.0962,0,0.9772,0.1310,0.2052,ev,multiplicative,live,202609189BE34D3B,2026-09-15T18:07:45.828Z
2026,2,16808,Jahmyr Gibbs,DET,RB,at BUF,rushYds,Caesars,89.5,over,-124,,0.5536,0.5536,,1,0.6843,0.1307,0.1307,ev,none,live,202609189BE34D3B,2026-09-15T18:07:45.828Z
2026,2,16808,Jahmyr Gibbs,DET,RB,at BUF,rushYds,FanDuel,89.5,over,-124,,0.5536,0.5536,,1,0.6843,0.1307,0.1307,ev,none,live,202609189BE34D3B,2026-09-15T18:07:45.828Z
2026,2,12477,DJ Moore,BUF,WR,vs DET,recYds,Hard Rock,85.5,under,-350,225,0.7778,0.7165,0.0855,0,0.9084,0.1306,0.1919,ev,multiplicative,live,202609189BE34D3B,2026-09-15T18:07:45.828Z
2026,2,12477,DJ Moore,BUF,WR,vs DET,recYds,Hard Rock,79.5,under,-260,180,0.7222,0.6691,0.0794,0,0.8527,0.1305,0.1836,ev,multiplicative,live,202609189BE34D3B,2026-09-15T18:07:45.828Z
2026,2,10729,Jared Goff,DET,QB,at BUF,passAtt,theScore,35.5,under,-105,-125,0.5122,0.4797,0.0678,0,0.6422,0.1300,0.1625,ev,multiplicative,live,202609189BE34D3B,2026-09-15T18:07:45.828Z
2026,2,10729,Jared Goff,DET,QB,at BUF,passAtt,Hard Rock,35.5,under,-105,-125,0.5122,0.4797,0.0678,0,0.6422,0.1300,0.1625,ev,multiplicative,live,202609189BE34D3B,2026-09-15T18:07:45.828Z
2026,2,12477,DJ Moore,BUF,WR,vs DET,recYds,Hard Rock,80.5,under,-275,190,0.7333,0.6802,0.0782,0,0.8633,0.1300,0.1832,ev,multiplicative,live,202609189BE34D3B,2026-09-15T18:07:45.828Z
2026,2,16697,Dalton Kincaid,BUF,TE,vs DET,receptions,Caesars,5.5,over,270,,0.2703,0.2703,,1,0.3982,0.1280,0.1280,ev,none,live,202609189BE34D3B,2026-09-15T18:07:45.828Z
2026,2,15447,Joshua Palmer,BUF,WR,vs DET,recYds,Hard Rock,33.5,under,-550,325,0.8462,0.7824,0.0814,0,0.9737,0.1276,0.1913,ev,multiplicative,live,202609189BE34D3B,2026-09-15T18:07:45.828Z
2026,2,16697,Dalton Kincaid,BUF,TE,vs DET,receptions,FanDuel,5.5,over,268,,0.2717,0.2717,,1,0.3982,0.1265,0.1265,ev,none,live,202609189BE34D3B,2026-09-15T18:07:45.828Z
2026,2,16697,Dalton Kincaid,BUF,TE,vs DET,receptions,BetRivers,4.5,over,148,,0.4032,0.4032,,1,0.5297,0.1265,0.1265,ev,none,live,202609189BE34D3B,2026-09-15T18:07:45.828Z
2026,2,13466,Dawson Knox,BUF,TE,vs DET,recYds,Hard Rock,2.5,over,-375,240,0.7895,0.7286,0.0836,0,0.9160,0.1265,0.1874,ev,multiplicative,live,202609189BE34D3B,2026-09-15T18:07:45.828Z
2026,2,17033,Sam LaPorta,DET,TE,at BUF,recYds,Hard Rock,79.5,under,-600,350,0.8571,0.7941,0.0794,0,0.9836,0.1264,0.1895,ev,multiplicative,live,202609189BE34D3B,2026-09-15T18:07:45.828Z
2026,2,16808,Jahmyr Gibbs,DET,RB,at BUF,rushYds,Caesars,99.5,over,110,,0.4762,0.4762,,1,0.6025,0.1263,0.1263,ev,none,live,202609189BE34D3B,2026-09-15T18:07:45.828Z
2026,2,12477,DJ Moore,BUF,WR,vs DET,recYds,Hard Rock,95.5,under,-525,325,0.8400,0.7812,0.0753,0,0.9643,0.1243,0.1831,ev,multiplicative,live,202609189BE34D3B,2026-09-15T18:07:45.828Z
2026,2,16697,Dalton Kincaid,BUF,TE,vs DET,receptions,Caesars,6.5,over,550,,0.1538,0.1538,,1,0.2781,0.1242,0.1242,ev,none,live,202609189BE34D3B,2026-09-15T18:07:45.828Z
2026,2,16808,Jahmyr Gibbs,DET,RB,at BUF,rushYds,Caesars,79.5,over,-173,,0.6337,0.6337,,1,0.7579,0.1242,0.1242,ev,none,live,202609189BE34D3B,2026-09-15T18:07:45.828Z
2026,2,15807,Kyren Williams,LAR,RB,vs NYG,rushYds,Hard Rock,112.5,over,650,-1800,0.1333,0.1234,0.0807,0,0.2575,0.1242,0.1342,ev,multiplicative,live,202609222DD46A1C,2026-09-15T18:07:45.828Z
2026,2,15892,Khalil Shakir,BUF,WR,vs DET,receptions,BetRivers,5.5,over,230,,0.3030,0.3030,,1,0.4256,0.1226,0.1226,ev,none,live,202609189BE34D3B,2026-09-15T18:07:45.828Z
2026,2,15892,Khalil Shakir,BUF,WR,vs DET,receptions,FanDuel,9.5,over,1699,,0.0556,0.0556,,1,0.1781,0.1225,0.1225,ev,none,live,202609189BE34D3B,2026-09-15T18:07:45.828Z
2026,2,16808,Jahmyr Gibbs,DET,RB,at BUF,rushYds,DraftKings,79.5,over,-175,,0.6364,0.6364,,1,0.7579,0.1215,0.1215,ev,none,live,202609189BE34D3B,2026-09-15T18:07:45.828Z
2026,2,17033,Sam LaPorta,DET,TE,at BUF,recYds,Hard Rock,61.5,under,-250,170,0.7143,0.6585,0.0847,0,0.8356,0.1214,0.1771,ev,multiplicative,live,202609189BE34D3B,2026-09-15T18:07:45.828Z
2026,2,13466,Dawson Knox,BUF,TE,vs DET,recYds,theScore,12.5,over,-120,-110,0.5455,0.5101,0.0693,0,0.6668,0.1213,0.1567,ev,multiplicative,live,202609189BE34D3B,2026-09-15T18:07:45.828Z
2026,2,16697,Dalton Kincaid,BUF,TE,vs DET,receptions,Hard Rock,5.5,over,260,,0.2778,0.2778,,1,0.3982,0.1205,0.1205,ev,none,live,202609189BE34D3B,2026-09-15T18:07:45.828Z
2026,2,12477,DJ Moore,BUF,WR,vs DET,recYds,Hard Rock,99.5,under,-600,375,0.8571,0.8028,0.0677,0,0.9768,0.1196,0.1739,ev,multiplicative,live,202609189BE34D3B,2026-09-15T18:07:45.828Z
2026,2,12483,Josh Allen,BUF,QB,vs DET,rushYds,Hard Rock,35.5,under,-175,120,0.6364,0.5833,0.0909,0,0.7558,0.1194,0.1724,ev,multiplicative,live,202609189BE34D3B,2026-09-15T18:07:45.828Z
2026,2,16808,Jahmyr Gibbs,DET,RB,at BUF,rushYds,Caesars,109.5,over,152,,0.3968,0.3968,,1,0.5159,0.1191,0.1191,ev,none,live,202609189BE34D3B,2026-09-15T18:07:45.828Z
2026,2,16808,Jahmyr Gibbs,DET,RB,at BUF,rushYds,theScore,89.5,over,-130,,0.5652,0.5652,,1,0.6843,0.1190,0.1190,ev,none,live,202609189BE34D3B,2026-09-15T18:07:45.828Z
2026,2,15447,Joshua Palmer,BUF,WR,vs DET,recYds,DraftKings,14.5,under,-113,-111,0.5305,0.5021,0.0566,0,0.6492,0.1187,0.1471,ev,multiplicative,live,202609189BE34D3B,2026-09-15T18:07:45.828Z
2026,2,15447,Joshua Palmer,BUF,WR,vs DET,recYds,Hard Rock,18.5,under,-180,125,0.6429,0.5912,0.0873,0,0.7613,0.1184,0.1701,ev,multiplicative,live,202609189BE34D3B,2026-09-15T18:07:45.828Z
2026,2,12483,Josh Allen,BUF,QB,vs DET,rushAtt,Hard Rock,3.5,over,-600,,0.8571,0.8571,,1,0.9750,0.1179,0.1179,ev,none,live,202609189BE34D3B,2026-09-15T18:07:45.828Z
2026,2,12477,DJ Moore,BUF,WR,vs DET,recYds,Hard Rock,75.5,under,-220,155,0.6875,0.6368,0.0797,0,0.8050,0.1175,0.1683,ev,multiplicative,live,202609189BE34D3B,2026-09-15T18:07:45.828Z
2026,2,15807,Kyren Williams,LAR,RB,vs NYG,rushYds,Hard Rock,49.5,over,-250,175,0.7143,0.6627,0.0779,0,0.8318,0.1175,0.1692,ev,multiplicative,live,202609222DD46A1C,2026-09-15T18:07:45.828Z
2026,2,17732,Keon Coleman,BUF,WR,vs DET,recYds,BetRivers,29.5,over,400,,0.2000,0.2000,,1,0.3174,0.1174,0.1174,ev,none,live,202609189BE34D3B,2026-09-15T18:07:45.828Z
2026,2,16808,Jahmyr Gibbs,DET,RB,at BUF,rushYds,DraftKings,119.5,over,224,,0.3086,0.3086,,1,0.4249,0.1163,0.1163,ev,none,live,202609189BE34D3B,2026-09-15T18:07:45.828Z
2026,2,16697,Dalton Kincaid,BUF,TE,vs DET,receptions,FanDuel,6.5,over,518,,0.1618,0.1618,,1,0.2781,0.1163,0.1163,ev,none,live,202609189BE34D3B,2026-09-15T18:07:45.828Z
2026,2,16808,Jahmyr Gibbs,DET,RB,at BUF,rushYds,Caesars,69.5,over,-240,,0.7059,0.7059,,1,0.8211,0.1152,0.1152,ev,none,live,202609189BE34D3B,2026-09-15T18:07:45.828Z
2026,2,16808,Jahmyr Gibbs,DET,RB,at BUF,rushYds,Hard Rock,79.5,over,-180,130,0.6429,0.5965,0.0776,0,0.7579,0.1150,0.1614,ev,multiplicative,live,202609189BE34D3B,2026-09-15T18:07:45.828Z
2026,2,16808,Jahmyr Gibbs,DET,RB,at BUF,rushYds,BetRivers,129.5,over,350,,0.2222,0.2222,,1,0.3370,0.1148,0.1148,ev,none,live,202609189BE34D3B,2026-09-15T18:07:45.828Z
2026,2,17033,Sam LaPorta,DET,TE,at BUF,recYds,Hard Rock,81.5,under,-700,375,0.8750,0.8061,0.0855,0,0.9882,0.1132,0.1821,ev,multiplicative,live,202609189BE34D3B,2026-09-15T18:07:45.828Z
2026,2,18642,Isaac TeSlaa,DET,WR,at BUF,recYds,Hard Rock,35.5,under,-475,300,0.8261,0.7677,0.0761,0,0.9384,0.1124,0.1708,ev,multiplicative,live,202609189BE34D3B,2026-09-15T18:07:45.828Z
2026,2,15807,Kyren Williams,LAR,RB,vs NYG,rushYds,Hard Rock,47.5,over,-275,195,0.7333,0.6839,0.0723,0,0.8453,0.1120,0.1614,ev,multiplicative,live,202609222DD46A1C,2026-09-15T18:07:45.828Z
2026,2,16808,Jahmyr Gibbs,DET,RB,at BUF,rushYds,FanDuel,79.5,over,-184,,0.6479,0.6479,,1,0.7579,0.1100,0.1100,ev,none,live,202609189BE34D3B,2026-09-15T18:07:45.828Z
2026,2,16808,Jahmyr Gibbs,DET,RB,at BUF,rushYds,FanDuel,124.5,over,269,,0.2710,0.2710,,1,0.3802,0.1092,0.1092,ev,none,live,202609189BE34D3B,2026-09-15T18:07:45.828Z
2026,2,15892,Khalil Shakir,BUF,WR,vs DET,receptions,Caesars,5.5,over,215,,0.3175,0.3175,,1,0.4256,0.1082,0.1082,ev,none,live,202609189BE34D3B,2026-09-15T18:07:45.828Z
2026,2,13466,Dawson Knox,BUF,TE,vs DET,recYds,FanDuel,14.5,over,105,,0.4878,0.4878,,1,0.5954,0.1076,0.1076,ev,none,live,202609189BE34D3B,2026-09-15T18:07:45.828Z
2026,2,16697,Dalton Kincaid,BUF,TE,vs DET,receptions,DraftKings,7.5,over,1260,,0.0735,0.0735,,1,0.1790,0.1055,0.1055,ev,none,live,202609189BE34D3B,2026-09-15T18:07:45.828Z
2026,2,12477,DJ Moore,BUF,WR,vs DET,recYds,Hard Rock,100.5,under,-700,375,0.8750,0.8061,0.0855,0,0.9792,0.1042,0.1732,ev,multiplicative,live,202609189BE34D3B,2026-09-15T18:07:45.828Z
2026,2,16697,Dalton Kincaid,BUF,TE,vs DET,receptions,theScore,4.5,over,135,,0.4255,0.4255,,1,0.5297,0.1042,0.1042,ev,none,live,202609189BE34D3B,2026-09-15T18:07:45.828Z
2026,2,18642,Isaac TeSlaa,DET,WR,at BUF,recYds,Hard Rock,39.5,under,-650,375,0.8667,0.8046,0.0772,0,0.9709,0.1042,0.1663,ev,multiplicative,live,202609189BE34D3B,2026-09-15T18:07:45.828Z
2026,2,16697,Dalton Kincaid,BUF,TE,vs DET,receptions,Hard Rock,6.5,over,475,,0.1739,0.1739,,1,0.2781,0.1042,0.1042,ev,none,live,202609189BE34D3B,2026-09-15T18:07:45.828Z
2026,2,15447,Joshua Palmer,BUF,WR,vs DET,recYds,theScore,14.5,under,-120,-110,0.5455,0.5101,0.0693,0,0.6492,0.1037,0.1390,ev,multiplicative,live,202609189BE34D3B,2026-09-15T18:07:45.828Z
2026,2,12483,Josh Allen,BUF,QB,vs DET,rushYds,Hard Rock,55.5,under,-800,425,0.8889,0.8235,0.0794,0,0.9925,0.1036,0.1690,ev,multiplicative,live,202609189BE34D3B,2026-09-15T18:07:45.828Z
2026,2,13466,Dawson Knox,BUF,TE,vs DET,recYds,DraftKings,13.5,over,-112,-112,0.5283,0.5000,0.0566,0,0.6317,0.1034,0.1317,ev,multiplicative,live,202609189BE34D3B,2026-09-15T18:07:45.828Z
2026,2,15892,Khalil Shakir,BUF,WR,vs DET,receptions,Hard Rock,5.5,over,210,,0.3226,0.3226,,1,0.4256,0.1031,0.1031,ev,none,live,202609189BE34D3B,2026-09-15T18:07:45.828Z
2026,2,16808,Jahmyr Gibbs,DET,RB,at BUF,rushYds,BetRivers,79.5,over,-190,,0.6552,0.6552,,1,0.7579,0.1027,0.1027,ev,none,live,202609189BE34D3B,2026-09-15T18:07:45.828Z
2026,2,16808,Jahmyr Gibbs,DET,RB,at BUF,rushYds,theScore,79.5,over,-190,,0.6552,0.6552,,1,0.7579,0.1027,0.1027,ev,none,live,202609189BE34D3B,2026-09-15T18:07:45.828Z
2026,2,16808,Jahmyr Gibbs,DET,RB,at BUF,rushYds,Caesars,59.5,over,-335,,0.7701,0.7701,,1,0.8727,0.1026,0.1026,ev,none,live,202609189BE34D3B,2026-09-15T18:07:45.828Z
2026,2,16697,Dalton Kincaid,BUF,TE,vs DET,receptions,FanDuel,4.5,over,134,,0.4274,0.4274,,1,0.5297,0.1024,0.1024,ev,none,live,202609189BE34D3B,2026-09-15T18:07:45.828Z
2026,2,13466,Dawson Knox,BUF,TE,vs DET,receptions,BetRivers,1.5,over,128,,0.4386,0.4386,,1,0.5410,0.1024,0.1024,ev,none,live,202609189BE34D3B,2026-09-15T18:07:45.828Z
2026,2,16808,Jahmyr Gibbs,DET,RB,at BUF,recYds,DraftKings,30.5,under,-115,-109,0.5349,0.5063,0.0564,0,0.6373,0.1024,0.1310,ev,multiplicative,live,202609189BE34D3B,2026-09-15T18:07:45.828Z
2026,2,16808,Jahmyr Gibbs,DET,RB,at BUF,rushYds,theScore,124.5,over,260,,0.2778,0.2778,,1,0.3802,0.1024,0.1024,ev,none,live,202609189BE34D3B,2026-09-15T18:07:45.828Z
2026,2,15447,Joshua Palmer,BUF,WR,vs DET,recYds,Hard Rock,38.5,under,-800,400,0.8889,0.8163,0.0889,0,0.9906,0.1017,0.1742,ev,multiplicative,live,202609189BE34D3B,2026-09-15T18:07:45.828Z
2026,2,18642,Isaac TeSlaa,DET,WR,at BUF,recYds,Hard Rock,40.5,under,-700,375,0.8750,0.8061,0.0855,0,0.9763,0.1013,0.1702,ev,multiplicative,live,202609189BE34D3B,2026-09-15T18:07:45.828Z
2026,2,14506,Tee Higgins,CIN,WR,at HOU,anytimeTD,Caesars,0.5,over,167,,0.3745,0.3745,,1,0.4727,0.0982,0.0982,ev,none,live,202609203726483F,2026-09-15T18:07:45.828Z
2026,2,10729,Jared Goff,DET,QB,at BUF,passYds,Hard Rock,199.5,under,450,-850,0.1818,0.1689,0.0766,0,0.2793,0.0975,0.1104,ev,multiplicative,live,202609189BE34D3B,2026-09-15T18:07:45.828Z
2026,2,13424,DK Metcalf,PIT,WR,at NE,anytimeTD,DraftKings,0.5,over,260,,0.2778,0.2778,,1,0.3750,0.0972,0.0972,ev,none,live,202609208CF5F830,2026-09-15T18:07:45.828Z
2026,2,13466,Dawson Knox,BUF,TE,vs DET,receptions,theScore,1.5,over,125,-160,0.4444,0.4194,0.0598,0,0.5410,0.0965,0.1216,ev,multiplicative,live,202609189BE34D3B,2026-09-15T18:07:45.828Z
2026,2,12483,Josh Allen,BUF,QB,vs DET,passTD,DraftKings,1.5,under,146,-188,0.4065,0.3838,0.0593,0,0.5026,0.0961,0.1189,ev,multiplicative,live,202609189BE34D3B,2026-09-15T18:07:45.828Z
2026,2,14506,Tee Higgins,CIN,WR,at HOU,anytimeTD,DraftKings,0.5,over,165,,0.3774,0.3774,,1,0.4727,0.0953,0.0953,ev,none,live,202609203726483F,2026-09-15T18:07:45.828Z
2026,2,14506,Tee Higgins,CIN,WR,at HOU,anytimeTD,theScore,0.5,over,165,,0.3774,0.3774,,1,0.4727,0.0953,0.0953,ev,none,live,202609203726483F,2026-09-15T18:07:45.828Z
2026,2,17033,Sam LaPorta,DET,TE,at BUF,recYds,Hard Rock,86.5,under,-900,450,0.9000,0.8319,0.0818,0,0.9951,0.0951,0.1632,ev,multiplicative,live,202609189BE34D3B,2026-09-15T18:07:45.828Z
2026,2,16697,Dalton Kincaid,BUF,TE,vs DET,receptions,Caesars,4.5,over,130,,0.4348,0.4348,,1,0.5297,0.0949,0.0949,ev,none,live,202609189BE34D3B,2026-09-15T18:07:45.828Z
2026,2,13466,Dawson Knox,BUF,TE,vs DET,receptions,FanDuel,1.5,over,124,-166,0.4464,0.4170,0.0705,0,0.5410,0.0945,0.1239,ev,multiplicative,live,202609189BE34D3B,2026-09-15T18:07:45.828Z
2026,2,13466,Dawson Knox,BUF,TE,vs DET,receptions,DraftKings,1.5,over,124,-158,0.4464,0.4216,0.0588,0,0.5410,0.0945,0.1194,ev,multiplicative,live,202609189BE34D3B,2026-09-15T18:07:45.828Z
2026,2,12477,DJ Moore,BUF,WR,vs DET,recYds,Hard Rock,105.5,under,-850,450,0.8947,0.8311,0.0766,0,0.9885,0.0938,0.1574,ev,multiplicative,live,202609189BE34D3B,2026-09-15T18:07:45.828Z
2026,2,10729,Jared Goff,DET,QB,at BUF,passYds,Hard Rock,198.5,under,450,-900,0.1818,0.1681,0.0818,0,0.2755,0.0937,0.1074,ev,multiplicative,live,202609189BE34D3B,2026-09-15T18:07:45.828Z
2026,2,12483,Josh Allen,BUF,QB,vs DET,passYds,Hard Rock,178.5,under,500,-1100,0.1667,0.1538,0.0833,0,0.2598,0.0931,0.1059,ev,multiplicative,live,202609189BE34D3B,2026-09-15T18:07:45.828Z
2026,2,16808,Jahmyr Gibbs,DET,RB,at BUF,recYds,theScore,29.5,under,-110,-120,0.5238,0.4899,0.0693,0,0.6166,0.0928,0.1267,ev,multiplicative,live,202609189BE34D3B,2026-09-15T18:07:45.828Z
2026,2,10729,Jared Goff,DET,QB,at BUF,passYds,Hard Rock,208.5,under,350,-600,0.2222,0.2059,0.0794,0,0.3150,0.0928,0.1091,ev,multiplicative,live,202609189BE34D3B,2026-09-15T18:07:45.828Z
2026,2,15447,Joshua Palmer,BUF,WR,vs DET,recYds,Hard Rock,39.5,under,-900,425,0.9000,0.8253,0.0905,0,0.9924,0.0924,0.1671,ev,multiplicative,live,202609189BE34D3B,2026-09-15T18:07:45.828Z
2026,2,15892,Khalil Shakir,BUF,WR,vs DET,receptions,theScore,5.5,over,200,,0.3333,0.3333,,1,0.4256,0.0923,0.0923,ev,none,live,202609189BE34D3B,2026-09-15T18:07:45.828Z
2026,2,16808,Jahmyr Gibbs,DET,RB,at BUF,rushYds,DraftKings,69.5,over,-269,,0.7290,0.7290,,1,0.8211,0.0921,0.0921,ev,none,live,202609189BE34D3B,2026-09-15T18:07:45.828Z
2026,2,16808,Jahmyr Gibbs,DET,RB,at BUF,rushYds,DraftKings,129.5,over,307,,0.2457,0.2457,,1,0.3370,0.0913,0.0913,ev,none,live,202609189BE34D3B,2026-09-15T18:07:45.828Z
2026,2,12483,Josh Allen,BUF,QB,vs DET,passYds,Hard Rock,174.5,under,550,-1300,0.1538,0.1421,0.0824,0,0.2450,0.0912,0.1029,ev,multiplicative,live,202609189BE34D3B,2026-09-15T18:07:45.828Z
2026,2,12477,DJ Moore,BUF,WR,vs DET,recYds,Hard Rock,70.5,under,-180,130,0.6429,0.5965,0.0776,0,0.7337,0.0908,0.1372,ev,multiplicative,live,202609189BE34D3B,2026-09-15T18:07:45.828Z
2026,2,16808,Jahmyr Gibbs,DET,RB,at BUF,rushYds,Caesars,119.5,over,199,,0.3344,0.3344,,1,0.4249,0.0905,0.0905,ev,none,live,202609189BE34D3B,2026-09-15T18:07:45.828Z
2026,2,13466,Dawson Knox,BUF,TE,vs DET,recYds,BetRivers,13.5,over,-118,-113,0.5413,0.5050,0.0718,0,0.6317,0.0904,0.1267,ev,multiplicative,live,202609189BE34D3B,2026-09-15T18:07:45.828Z
2026,2,10729,Jared Goff,DET,QB,at BUF,passYds,Hard Rock,188.5,under,575,-1400,0.1481,0.1370,0.0815,0,0.2386,0.0904,0.1016,ev,multiplicative,live,202609189BE34D3B,2026-09-15T18:07:45.828Z
2026,2,17732,Keon Coleman,BUF,WR,vs DET,recYds,BetRivers,19.5,over,195,,0.3390,0.3390,,1,0.4293,0.0903,0.0903,ev,none,live,202609189BE34D3B,2026-09-15T18:07:45.828Z
2026,2,18811,Jacory Croskey-Merritt,WAS,RB,at DAL,anytimeTD,theScore,0.5,over,145,,0.4082,0.4082,,1,0.4984,0.0903,0.0903,ev,none,live,2026092061BDEC96,2026-09-15T18:07:45.828Z
2026,2,10729,Jared Goff,DET,QB,at BUF,passYds,Hard Rock,218.5,under,275,-450,0.2667,0.2458,0.0848,0,0.3567,0.0901,0.1109,ev,multiplicative,live,202609189BE34D3B,2026-09-15T18:07:45.828Z
2026,2,12483,Josh Allen,BUF,QB,vs DET,passYds,Hard Rock,198.5,under,300,-500,0.2500,0.2308,0.0833,0,0.3398,0.0898,0.1090,ev,multiplicative,live,202609189BE34D3B,2026-09-15T18:07:45.828Z
2026,2,18526,Raheim Sanders,CLE,RB,at TB,anytimeTD,BetMGM,0.5,over,825,,0.1081,0.1081,,1,0.1975,0.0894,0.0894,ev,none,live,20260920ABAE4147,2026-09-15T18:07:45.828Z
2026,2,13424,DK Metcalf,PIT,WR,at NE,anytimeTD,theScore,0.5,over,250,,0.2857,0.2857,,1,0.3750,0.0893,0.0893,ev,none,live,202609208CF5F830,2026-09-15T18:07:45.828Z
2026,2,10729,Jared Goff,DET,QB,at BUF,passYds,Hard Rock,224.5,under,240,-375,0.2941,0.2714,0.0836,0,0.3827,0.0886,0.1112,ev,multiplicative,live,202609189BE34D3B,2026-09-15T18:07:45.828Z
2026,2,12483,Josh Allen,BUF,QB,vs DET,passYds,Hard Rock,188.5,under,375,-700,0.2105,0.1939,0.0855,0,0.2986,0.0880,0.1046,ev,multiplicative,live,202609189BE34D3B,2026-09-15T18:07:45.828Z
2026,2,15447,Joshua Palmer,BUF,WR,vs DET,recYds,Caesars,13.5,under,-113,-117,0.5305,0.4960,0.0697,0,0.6184,0.0879,0.1224,ev,multiplicative,live,202609189BE34D3B,2026-09-15T18:07:45.828Z
2026,2,10729,Jared Goff,DET,QB,at BUF,passYds,Hard Rock,228.5,under,220,-325,0.3125,0.2901,0.0772,0,0.4003,0.0878,0.1102,ev,multiplicative,live,202609189BE34D3B,2026-09-15T18:07:45.828Z
2026,2,10729,Jared Goff,DET,QB,at BUF,int,DraftKings,0.5,under,-108,-118,0.5192,0.4896,0.0605,0,0.6065,0.0873,0.1169,ev,multiplicative,live,202609189BE34D3B,2026-09-15T18:07:45.828Z
2026,2,10729,Jared Goff,DET,QB,at BUF,passYds,Hard Rock,178.5,under,750,-2500,0.1176,0.1090,0.0792,0,0.2045,0.0869,0.0955,ev,multiplicative,live,202609189BE34D3B,2026-09-15T18:07:45.828Z
2026,2,18642,Isaac TeSlaa,DET,WR,at BUF,recYds,Hard Rock,30.5,under,-350,225,0.7778,0.7165,0.0855,0,0.8647,0.0869,0.1481,ev,multiplicative,live,202609189BE34D3B,2026-09-15T18:07:45.828Z
2026,2,12483,Josh Allen,BUF,QB,vs DET,passYds,Hard Rock,149.5,under,1200,-5000,0.0769,0.0728,0.0573,0,0.1638,0.0868,0.0910,ev,multiplicative,live,202609189BE34D3B,2026-09-15T18:07:45.828Z
2026,2,13466,Dawson Knox,BUF,TE,vs DET,receptions,Caesars,1.5,over,120,-157,0.4545,0.4266,0.0654,0,0.5410,0.0864,0.1143,ev,multiplicative,live,202609189BE34D3B,2026-09-15T18:07:45.828Z
2026,2,13466,Dawson Knox,BUF,TE,vs DET,receptions,Hard Rock,1.5,over,120,-160,0.4545,0.4248,0.0699,0,0.5410,0.0864,0.1161,ev,multiplicative,live,202609189BE34D3B,2026-09-15T18:07:45.828Z
2026,2,16808,Jahmyr Gibbs,DET,RB,at BUF,recYds,Hard Rock,39.5,under,-250,175,0.7143,0.6627,0.0779,0,0.8005,0.0862,0.1379,ev,multiplicative,live,202609189BE34D3B,2026-09-15T18:07:45.828Z
2026,2,12483,Josh Allen,BUF,QB,vs DET,passTD,Caesars,1.5,under,140,-173,0.4167,0.3967,0.0504,0,0.5026,0.0860,0.1059,ev,multiplicative,live,202609189BE34D3B,2026-09-15T18:07:45.828Z
2026,2,15447,Joshua Palmer,BUF,WR,vs DET,recYds,FanDuel,13.5,under,-114,-114,0.5327,0.5000,0.0654,0,0.6184,0.0857,0.1184,ev,multiplicative,live,202609189BE34D3B,2026-09-15T18:07:45.828Z
2026,2,12483,Josh Allen,BUF,QB,vs DET,passYds,Hard Rock,158.5,under,850,-3000,0.1053,0.0981,0.0730,0,0.1907,0.0855,0.0926,ev,multiplicative,live,202609189BE34D3B,2026-09-15T18:07:45.828Z
2026,2,16697,Dalton Kincaid,BUF,TE,vs DET,receptions,Hard Rock,4.5,over,125,,0.4444,0.4444,,1,0.5297,0.0853,0.0853,ev,none,live,202609189BE34D3B,2026-09-15T18:07:45.828Z
2026,2,16808,Jahmyr Gibbs,DET,RB,at BUF,rushYds,theScore,74.5,over,-240,,0.7059,0.7059,,1,0.7909,0.0850,0.0850,ev,none,live,202609189BE34D3B,2026-09-15T18:07:45.828Z
2026,2,16808,Jahmyr Gibbs,DET,RB,at BUF,rushYds,FanDuel,69.5,over,-279,,0.7361,0.7361,,1,0.8211,0.0849,0.0849,ev,none,live,202609189BE34D3B,2026-09-15T18:07:45.828Z
2026,2,10729,Jared Goff,DET,QB,at BUF,passYds,theScore,274.5,under,-120,-110,0.5455,0.5101,0.0693,0,0.6303,0.0848,0.1201,ev,multiplicative,live,202609189BE34D3B,2026-09-15T18:07:45.828Z
2026,2,15892,Khalil Shakir,BUF,WR,vs DET,receptions,FanDuel,5.5,over,193,,0.3413,0.3413,,1,0.4256,0.0844,0.0844,ev,none,live,202609189BE34D3B,2026-09-15T18:07:45.828Z
2026,2,5971,Matthew Stafford,LAR,QB,vs NYG,passTD,FanDuel,1.5,under,152,-205,0.3968,0.3712,0.0690,0,0.4809,0.0841,0.1097,ev,multiplicative,live,202609222DD46A1C,2026-09-15T18:07:45.828Z
2026,2,12483,Josh Allen,BUF,QB,vs DET,passYds,Hard Rock,148.5,under,1200,-6000,0.0769,0.0725,0.0605,0,0.1609,0.0840,0.0884,ev,multiplicative,live,202609189BE34D3B,2026-09-15T18:07:45.828Z
2026,2,16808,Jahmyr Gibbs,DET,RB,at BUF,recYds,Caesars,29.5,under,-114,-114,0.5327,0.5000,0.0654,0,0.6166,0.0839,0.1166,ev,multiplicative,live,202609189BE34D3B,2026-09-15T18:07:45.828Z
2026,2,16808,Jahmyr Gibbs,DET,RB,at BUF,recYds,FanDuel,29.5,under,-114,-114,0.5327,0.5000,0.0654,0,0.6166,0.0839,0.1166,ev,multiplicative,live,202609189BE34D3B,2026-09-15T18:07:45.828Z
2026,2,15447,Joshua Palmer,BUF,WR,vs DET,recYds,BetRivers,13.5,under,-115,-115,0.5349,0.5000,0.0698,0,0.6184,0.0835,0.1184,ev,multiplicative,live,202609189BE34D3B,2026-09-15T18:07:45.828Z
2026,2,15447,Joshua Palmer,BUF,WR,vs DET,recYds,Hard Rock,13.5,under,-115,-115,0.5349,0.5000,0.0698,0,0.6184,0.0835,0.1184,ev,multiplicative,live,202609189BE34D3B,2026-09-15T18:07:45.828Z
2026,2,13466,Dawson Knox,BUF,TE,vs DET,recYds,DraftKings,14.5,over,-105,,0.5122,0.5122,,1,0.5954,0.0832,0.0832,ev,none,live,202609189BE34D3B,2026-09-15T18:07:45.828Z
2026,2,18642,Isaac TeSlaa,DET,WR,at BUF,recYds,Hard Rock,45.5,under,-1000,475,0.9091,0.8394,0.0830,0,0.9923,0.0832,0.1529,ev,multiplicative,live,202609189BE34D3B,2026-09-15T18:07:45.828Z
2026,2,10729,Jared Goff,DET,QB,at BUF,int,Caesars,0.5,under,-110,-118,0.5238,0.4918,0.0651,0,0.6065,0.0827,0.1147,ev,multiplicative,live,202609189BE34D3B,2026-09-15T18:07:45.828Z
2026,2,10729,Jared Goff,DET,QB,at BUF,int,BetRivers,0.5,under,-110,-120,0.5238,0.4899,0.0693,0,0.6065,0.0827,0.1167,ev,multiplicative,live,202609189BE34D3B,2026-09-15T18:07:45.828Z
2026,2,15447,Joshua Palmer,BUF,WR,vs DET,receptions,DraftKings,1.5,under,-196,152,0.6622,0.6253,0.0590,0,0.7449,0.0827,0.1196,ev,multiplicative,live,202609189BE34D3B,2026-09-15T18:07:45.828Z
2026,2,10729,Jared Goff,DET,QB,at BUF,passYds,Hard Rock,168.5,under,1000,-4000,0.0909,0.0852,0.0665,0,0.1736,0.0827,0.0884,ev,multiplicative,live,202609189BE34D3B,2026-09-15T18:07:45.828Z
2026,2,10729,Jared Goff,DET,QB,at BUF,int,theScore,0.5,under,-110,-120,0.5238,0.4899,0.0693,0,0.6065,0.0827,0.1167,ev,multiplicative,live,202609189BE34D3B,2026-09-15T18:07:45.828Z
2026,2,12483,Josh Allen,BUF,QB,vs DET,rushYds,Caesars,30.5,under,-108,-122,0.5192,0.4858,0.0688,0,0.6016,0.0824,0.1158,ev,multiplicative,live,202609189BE34D3B,2026-09-15T18:07:45.828Z
2026,2,10729,Jared Goff,DET,QB,at BUF,completions,DraftKings,24.5,under,-127,101,0.5595,0.5293,0.0570,0,0.6417,0.0822,0.1123,ev,multiplicative,live,202609189BE34D3B,2026-09-15T18:07:45.828Z
2026,2,17690,Blake Corum,LAR,RB,vs NYG,rushYds,Hard Rock,18.5,over,-900,450,0.9000,0.8319,0.0818,0,0.9822,0.0822,0.1503,ev,multiplicative,live,202609222DD46A1C,2026-09-15T18:07:45.828Z
2026,2,18514,Cam Skattebo,NYG,RB,at LAR,rushYds,Hard Rock,79.5,over,325,-525,0.2353,0.2188,0.0753,0,0.3174,0.0821,0.0985,ev,multiplicative,live,202609222DD46A1C,2026-09-15T18:07:45.828Z
2026,2,18811,Jacory Croskey-Merritt,WAS,RB,at DAL,anytimeTD,DraftKings,0.5,over,140,,0.4167,0.4167,,1,0.4984,0.0818,0.0818,ev,none,live,2026092061BDEC96,2026-09-15T18:07:45.828Z
2026,2,16808,Jahmyr Gibbs,DET,RB,at BUF,recYds,Hard Rock,29.5,under,-115,-115,0.5349,0.5000,0.0698,0,0.6166,0.0817,0.1166,ev,multiplicative,live,202609189BE34D3B,2026-09-15T18:07:45.828Z
2026,2,10729,Jared Goff,DET,QB,at BUF,passYds,Hard Rock,238.5,under,175,-250,0.3636,0.3373,0.0779,0,0.4451,0.0815,0.1077,ev,multiplicative,live,202609189BE34D3B,2026-09-15T18:07:45.828Z
2026,2,18514,Cam Skattebo,NYG,RB,at LAR,rushYds,Hard Rock,69.5,over,220,-325,0.3125,0.2901,0.0772,0,0.3940,0.0815,0.1039,ev,multiplicative,live,202609222DD46A1C,2026-09-15T18:07:45.828Z
2026,2,12483,Josh Allen,BUF,QB,vs DET,passYds,Hard Rock,168.5,under,600,-1800,0.1429,0.1310,0.0902,0,0.2237,0.0809,0.0927,ev,multiplicative,live,202609189BE34D3B,2026-09-15T18:07:45.828Z
2026,2,5971,Matthew Stafford,LAR,QB,vs NYG,passTD,Hard Rock,1.5,under,150,-210,0.4000,0.3713,0.0774,0,0.4809,0.0809,0.1097,ev,multiplicative,live,202609222DD46A1C,2026-09-15T18:07:45.828Z
2026,2,10729,Jared Goff,DET,QB,at BUF,passYds,Hard Rock,174.5,under,800,-3000,0.1111,0.1030,0.0789,0,0.1918,0.0807,0.0888,ev,multiplicative,live,202609189BE34D3B,2026-09-15T18:07:45.828Z
2026,2,12483,Josh Allen,BUF,QB,vs DET,passYds,Hard Rock,138.5,under,1750,-9000,0.0541,0.0518,0.0431,0,0.1343,0.0803,0.0825,ev,multiplicative,live,202609189BE34D3B,2026-09-15T18:07:45.828Z
2026,2,12483,Josh Allen,BUF,QB,vs DET,passYds,Hard Rock,208.5,under,230,-350,0.3030,0.2804,0.0808,0,0.3830,0.0800,0.1027,ev,multiplicative,live,202609189BE34D3B,2026-09-15T18:07:45.828Z
2026,2,18574,Jaxson Dart,NYG,QB,at LAR,rushYds,Hard Rock,49.5,under,-425,275,0.8095,0.7522,0.0762,0,0.8891,0.0796,0.1369,ev,multiplicative,live,202609222DD46A1C,2026-09-15T18:07:45.828Z
2026,2,16808,Jahmyr Gibbs,DET,RB,at BUF,recYds,Hard Rock,34.5,under,-175,125,0.6364,0.5888,0.0808,0,0.7157,0.0793,0.1269,ev,multiplicative,live,202609189BE34D3B,2026-09-15T18:07:45.828Z
2026,2,10729,Jared Goff,DET,QB,at BUF,passYds,Hard Rock,158.5,under,1400,-6000,0.0667,0.0635,0.0503,0,0.1458,0.0791,0.0823,ev,multiplicative,live,202609189BE34D3B,2026-09-15T18:07:45.828Z
2026,2,16697,Dalton Kincaid,BUF,TE,vs DET,receptions,Hard Rock,7.5,over,900,,0.1000,0.1000,,1,0.1790,0.0790,0.0790,ev,none,live,202609189BE34D3B,2026-09-15T18:07:45.828Z
2026,2,16808,Jahmyr Gibbs,DET,RB,at BUF,recYds,Hard Rock,44.5,under,-375,240,0.7895,0.7286,0.0836,0,0.8680,0.0785,0.1394,ev,multiplicative,live,202609189BE34D3B,2026-09-15T18:07:45.828Z
2026,2,15447,Joshua Palmer,BUF,WR,vs DET,receptions,Caesars,1.5,under,-200,150,0.6667,0.6250,0.0667,0,0.7449,0.0782,0.1199,ev,multiplicative,live,202609189BE34D3B,2026-09-15T18:07:45.828Z
2026,2,15447,Joshua Palmer,BUF,WR,vs DET,receptions,FanDuel,1.5,under,-200,148,0.6667,0.6231,0.0699,0,0.7449,0.0782,0.1218,ev,multiplicative,live,202609189BE34D3B,2026-09-15T18:07:45.828Z
2026,2,15447,Joshua Palmer,BUF,WR,vs DET,receptions,theScore,1.5,under,-200,150,0.6667,0.6250,0.0667,0,0.7449,0.0782,0.1199,ev,multiplicative,live,202609189BE34D3B,2026-09-15T18:07:45.828Z
2026,2,12483,Josh Allen,BUF,QB,vs DET,passYds,Hard Rock,199.5,under,275,-475,0.2667,0.2440,0.0928,0,0.3440,0.0774,0.1000,ev,multiplicative,live,202609189BE34D3B,2026-09-15T18:07:45.828Z
2026,2,12477,DJ Moore,BUF,WR,vs DET,recYds,Hard Rock,110.5,under,-1100,525,0.9167,0.8514,0.0767,0,0.9940,0.0773,0.1426,ev,multiplicative,live,202609189BE34D3B,2026-09-15T18:07:45.828Z
2026,2,17033,Sam LaPorta,DET,TE,at BUF,recYds,Hard Rock,56.5,under,-200,140,0.6667,0.6154,0.0833,0,0.7438,0.0772,0.1284,ev,multiplicative,live,202609189BE34D3B,2026-09-15T18:07:45.828Z
2026,2,18514,Cam Skattebo,NYG,RB,at LAR,rushYds,Hard Rock,74.5,over,260,-425,0.2778,0.2555,0.0873,0,0.3550,0.0772,0.0995,ev,multiplicative,live,202609222DD46A1C,2026-09-15T18:07:45.828Z
2026,2,12483,Josh Allen,BUF,QB,vs DET,passYds,Hard Rock,218.5,under,185,-260,0.3509,0.3270,0.0731,0,0.4278,0.0769,0.1008,ev,multiplicative,live,202609189BE34D3B,2026-09-15T18:07:45.828Z
2026,2,16697,Dalton Kincaid,BUF,TE,vs DET,receptions,FanDuel,7.5,over,878,,0.1022,0.1022,,1,0.1790,0.0768,0.0768,ev,none,live,202609189BE34D3B,2026-09-15T18:07:45.828Z
2026,2,10729,Jared Goff,DET,QB,at BUF,passYds,FanDuel,270.5,under,-114,-114,0.5327,0.5000,0.0654,0,0.6091,0.0764,0.1091,ev,multiplicative,live,202609189BE34D3B,2026-09-15T18:07:45.828Z
2026,2,10729,Jared Goff,DET,QB,at BUF,completions,theScore,24.5,under,-130,100,0.5652,0.5306,0.0652,0,0.6417,0.0764,0.1110,ev,multiplicative,live,202609189BE34D3B,2026-09-15T18:07:45.828Z
2026,2,10729,Jared Goff,DET,QB,at BUF,completions,Hard Rock,24.5,under,-130,100,0.5652,0.5306,0.0652,0,0.6417,0.0764,0.1110,ev,multiplicative,live,202609189BE34D3B,2026-09-15T18:07:45.828Z
2026,2,17033,Sam LaPorta,DET,TE,at BUF,recYds,Hard Rock,91.5,under,-1200,550,0.9231,0.8571,0.0769,0,0.9982,0.0751,0.1410,ev,multiplicative,live,202609189BE34D3B,2026-09-15T18:07:45.828Z
2026,2,18574,Jaxson Dart,NYG,QB,at LAR,rushYds,Hard Rock,55.5,under,-650,375,0.8667,0.8046,0.0772,0,0.9416,0.0750,0.1371,ev,multiplicative,live,202609222DD46A1C,2026-09-15T18:07:45.828Z
2026,2,12483,Josh Allen,BUF,QB,vs DET,rushYds,Hard Rock,60.5,under,-1200,550,0.9231,0.8571,0.0769,0,0.9979,0.0749,0.1408,ev,multiplicative,live,202609189BE34D3B,2026-09-15T18:07:45.828Z
2026,2,10729,Jared Goff,DET,QB,at BUF,passTD,Caesars,1.5,under,107,-132,0.4831,0.4592,0.0521,0,0.5578,0.0747,0.0986,ev,multiplicative,live,202609189BE34D3B,2026-09-15T18:07:45.828Z
2026,2,10729,Jared Goff,DET,QB,at BUF,passTD,DraftKings,1.5,under,107,-136,0.4831,0.4560,0.0594,0,0.5578,0.0747,0.1018,ev,multiplicative,live,202609189BE34D3B,2026-09-15T18:07:45.828Z
2026,2,17732,Keon Coleman,BUF,WR,vs DET,receptions,theScore,1.5,over,175,-240,0.3636,0.3400,0.0695,0,0.4382,0.0745,0.0982,ev,multiplicative,live,202609189BE34D3B,2026-09-15T18:07:45.828Z
2026,2,18574,Jaxson Dart,NYG,QB,at LAR,rushYds,Hard Rock,45.5,under,-325,220,0.7647,0.7099,0.0772,0,0.8391,0.0744,0.1292,ev,multiplicative,live,202609222DD46A1C,2026-09-15T18:07:45.828Z
2026,2,15447,Joshua Palmer,BUF,WR,vs DET,recYds,Hard Rock,43.5,under,-1200,550,0.9231,0.8571,0.0769,0,0.9971,0.0740,0.1399,ev,multiplicative,live,202609189BE34D3B,2026-09-15T18:07:45.828Z
2026,2,10729,Jared Goff,DET,QB,at BUF,passYds,Hard Rock,248.5,under,140,-195,0.4167,0.3866,0.0777,0,0.4906,0.0740,0.1040,ev,multiplicative,live,202609189BE34D3B,2026-09-15T18:07:45.828Z
2026,2,16808,Jahmyr Gibbs,DET,RB,at BUF,rushYds,Caesars,129.5,over,280,,0.2632,0.2632,,1,0.3370,0.0739,0.0739,ev,none,live,202609189BE34D3B,2026-09-15T18:07:45.828Z
2026,2,18574,Jaxson Dart,NYG,QB,at LAR,rushYds,Hard Rock,50.5,under,-475,300,0.8261,0.7677,0.0761,0,0.8997,0.0736,0.1320,ev,multiplicative,live,202609222DD46A1C,2026-09-15T18:07:45.828Z
2026,2,12483,Josh Allen,BUF,QB,vs DET,rushYds,DraftKings,30.5,under,-112,-112,0.5283,0.5000,0.0566,0,0.6016,0.0733,0.1016,ev,multiplicative,live,202609189BE34D3B,2026-09-15T18:07:45.828Z
2026,2,18516,Quinshon Judkins,CLE,RB,at TB,anytimeTD,DraftKings,0.5,over,150,,0.4000,0.4000,,1,0.4727,0.0727,0.0727,ev,none,live,20260920ABAE4147,2026-09-15T18:07:45.828Z
2026,2,18516,Quinshon Judkins,CLE,RB,at TB,anytimeTD,theScore,0.5,over,150,,0.4000,0.4000,,1,0.4727,0.0727,0.0727,ev,none,live,20260920ABAE4147,2026-09-15T18:07:45.828Z
2026,2,10729,Jared Goff,DET,QB,at BUF,passTD,BetRivers,1.5,under,106,-139,0.4854,0.4549,0.0670,0,0.5578,0.0724,0.1029,ev,multiplicative,live,202609189BE34D3B,2026-09-15T18:07:45.828Z
2026,2,17732,Keon Coleman,BUF,WR,vs DET,recYds,Hard Rock,26.5,over,260,-400,0.2778,0.2577,0.0778,0,0.3498,0.0720,0.0920,ev,multiplicative,live,202609189BE34D3B,2026-09-15T18:07:45.828Z
2026,2,12483,Josh Allen,BUF,QB,vs DET,passYds,DraftKings,252.5,under,-111,-113,0.5261,0.4979,0.0566,0,0.5978,0.0717,0.0999,ev,multiplicative,live,202609189BE34D3B,2026-09-15T18:07:45.828Z
2026,2,16808,Jahmyr Gibbs,DET,RB,at BUF,rushYds,Caesars,49.5,over,-530,,0.8413,0.8413,,1,0.9130,0.0717,0.0717,ev,none,live,202609189BE34D3B,2026-09-15T18:07:45.828Z
2026,2,16808,Jahmyr Gibbs,DET,RB,at BUF,recYds,Hard Rock,49.5,under,-550,325,0.8462,0.7824,0.0814,0,0.9178,0.0717,0.1354,ev,multiplicative,live,202609189BE34D3B,2026-09-15T18:07:45.828Z
2026,2,10729,Jared Goff,DET,QB,at BUF,int,Hard Rock,0.5,under,-115,-115,0.5349,0.5000,0.0698,0,0.6065,0.0716,0.1065,ev,multiplicative,live,202609189BE34D3B,2026-09-15T18:07:45.828Z
2026,2,16808,Jahmyr Gibbs,DET,RB,at BUF,recYds,BetRivers,29.5,under,-120,-110,0.5455,0.5101,0.0693,0,0.6166,0.0711,0.1065,ev,multiplicative,live,202609189BE34D3B,2026-09-15T18:07:45.828Z
2026,2,12483,Josh Allen,BUF,QB,vs DET,rushYds,BetRivers,30.5,under,-113,-118,0.5305,0.4950,0.0718,0,0.6016,0.0711,0.1067,ev,multiplicative,live,202609189BE34D3B,2026-09-15T18:07:45.828Z
2026,2,16808,Jahmyr Gibbs,DET,RB,at BUF,rushYds,theScore,69.5,over,-300,,0.7500,0.7500,,1,0.8211,0.0711,0.0711,ev,none,live,202609189BE34D3B,2026-09-15T18:07:45.828Z
2026,2,18514,Cam Skattebo,NYG,RB,at LAR,rushYds,Hard Rock,84.5,over,375,-700,0.2105,0.1939,0.0855,0,0.2816,0.0710,0.0876,ev,multiplicative,live,202609222DD46A1C,2026-09-15T18:07:45.828Z
2026,2,17732,Keon Coleman,BUF,WR,vs DET,receptions,FanDuel,1.5,over,172,-235,0.3676,0.3439,0.0691,0,0.4382,0.0705,0.0943,ev,multiplicative,live,202609189BE34D3B,2026-09-15T18:07:45.828Z
2026,2,12483,Josh Allen,BUF,QB,vs DET,passYds,Hard Rock,224.5,under,160,-225,0.3846,0.3571,0.0769,0,0.4552,0.0705,0.0980,ev,multiplicative,live,202609189BE34D3B,2026-09-15T18:07:45.828Z
2026,2,18514,Cam Skattebo,NYG,RB,at LAR,rushYds,Hard Rock,64.5,over,175,-250,0.3636,0.3373,0.0779,0,0.4342,0.0705,0.0968,ev,multiplicative,live,202609222DD46A1C,2026-09-15T18:07:45.828Z
2026,2,15849,Jameson Williams,DET,WR,at BUF,recYds,Hard Rock,99.5,under,-600,375,0.8571,0.8028,0.0677,0,0.9270,0.0698,0.1242,ev,multiplicative,live,202609189BE34D3B,2026-09-15T18:07:45.828Z
2026,2,10729,Jared Goff,DET,QB,at BUF,passYds,Hard Rock,249.5,under,135,-190,0.4255,0.3938,0.0807,0,0.4952,0.0697,0.1014,ev,multiplicative,live,202609189BE34D3B,2026-09-15T18:07:45.828Z
2026,2,15849,Jameson Williams,DET,WR,at BUF,recYds,Hard Rock,98.5,under,-575,350,0.8519,0.7931,0.0741,0,0.9215,0.0697,0.1284,ev,multiplicative,live,202609189BE34D3B,2026-09-15T18:07:45.828Z
2026,2,18811,Jacory Croskey-Merritt,WAS,RB,at DAL,anytimeTD,Caesars,0.5,over,133,,0.4292,0.4292,,1,0.4984,0.0692,0.0692,ev,none,live,2026092061BDEC96,2026-09-15T18:07:45.828Z
2026,2,17732,Keon Coleman,BUF,WR,vs DET,recYds,Hard Rock,24.5,over,230,-350,0.3030,0.2804,0.0808,0,0.3720,0.0690,0.0916,ev,multiplicative,live,202609189BE34D3B,2026-09-15T18:07:45.828Z
2026,2,18642,Isaac TeSlaa,DET,WR,at BUF,recYds,Hard Rock,49.5,under,-1300,575,0.9286,0.8624,0.0767,0,0.9972,0.0687,0.1348,ev,multiplicative,live,202609189BE34D3B,2026-09-15T18:07:45.828Z
2026,2,15892,Khalil Shakir,BUF,WR,vs DET,receptions,DraftKings,3.5,over,-177,,0.6390,0.6390,,1,0.7076,0.0686,0.0686,ev,none,live,202609189BE34D3B,2026-09-15T18:07:45.828Z
2026,2,12483,Josh Allen,BUF,QB,vs DET,passYds,BetRivers,253.5,under,-115,-115,0.5349,0.5000,0.0698,0,0.6030,0.0681,0.1030,ev,multiplicative,live,202609189BE34D3B,2026-09-15T18:07:45.828Z
2026,2,17732,Keon Coleman,BUF,WR,vs DET,receptions,Caesars,1.5,over,170,-230,0.3704,0.3470,0.0673,0,0.4382,0.0678,0.0912,ev,multiplicative,live,202609189BE34D3B,2026-09-15T18:07:45.828Z
2026,2,12483,Josh Allen,BUF,QB,vs DET,passTD,BetRivers,1.5,under,130,-175,0.4348,0.4059,0.0711,0,0.5026,0.0678,0.0967,ev,multiplicative,live,202609189BE34D3B,2026-09-15T18:07:45.828Z
2026,2,10729,Jared Goff,DET,QB,at BUF,passYds,Hard Rock,258.5,under,110,-150,0.4762,0.4425,0.0762,0,0.5439,0.0678,0.1015,ev,multiplicative,live,202609189BE34D3B,2026-09-15T18:07:45.828Z
2026,2,12483,Josh Allen,BUF,QB,vs DET,passTD,theScore,1.5,under,130,-170,0.4348,0.4085,0.0644,0,0.5026,0.0678,0.0941,ev,multiplicative,live,202609189BE34D3B,2026-09-15T18:07:45.828Z
2026,2,12483,Josh Allen,BUF,QB,vs DET,passTD,Hard Rock,1.5,under,130,-180,0.4348,0.4035,0.0776,0,0.5026,0.0678,0.0992,ev,multiplicative,live,202609189BE34D3B,2026-09-15T18:07:45.828Z
2026,2,15447,Joshua Palmer,BUF,WR,vs DET,receptions,Hard Rock,1.5,under,-210,150,0.6774,0.6287,0.0774,0,0.7449,0.0674,0.1161,ev,multiplicative,live,202609189BE34D3B,2026-09-15T18:07:45.828Z
2026,2,10729,Jared Goff,DET,QB,at BUF,passYds,DraftKings,267.5,under,-111,-113,0.5261,0.4979,0.0566,0,0.5930,0.0670,0.0951,ev,multiplicative,live,202609189BE34D3B,2026-09-15T18:07:45.828Z
2026,2,16697,Dalton Kincaid,BUF,TE,vs DET,recYds,Hard Rock,85.5,under,-600,350,0.8571,0.7941,0.0794,0,0.9242,0.0670,0.1301,ev,multiplicative,live,202609189BE34D3B,2026-09-15T18:07:45.828Z
2026,2,12483,Josh Allen,BUF,QB,vs DET,rushYds,Hard Rock,30.5,under,-115,-115,0.5349,0.5000,0.0698,0,0.6016,0.0668,0.1016,ev,multiplicative,live,202609189BE34D3B,2026-09-15T18:07:45.828Z
2026,2,15807,Kyren Williams,LAR,RB,vs NYG,rushYds,Hard Rock,42.5,over,-425,260,0.8095,0.7445,0.0873,0,0.8759,0.0664,0.1314,ev,multiplicative,live,202609222DD46A1C,2026-09-15T18:07:45.828Z
2026,2,17732,Keon Coleman,BUF,WR,vs DET,recYds,FanDuel,29.5,over,298,,0.2513,0.2513,,1,0.3174,0.0661,0.0661,ev,none,live,202609189BE34D3B,2026-09-15T18:07:45.828Z
2026,2,18514,Cam Skattebo,NYG,RB,at LAR,rushYds,Hard Rock,89.5,over,450,-900,0.1818,0.1681,0.0818,0,0.2478,0.0660,0.0798,ev,multiplicative,live,202609222DD46A1C,2026-09-15T18:07:45.828Z
2026,2,16661,De'Von Achane,MIA,RB,at SF,anytimeTD,Caesars,0.5,over,126,,0.4425,0.4425,,1,0.5084,0.0659,0.0659,ev,none,live,202609202FE0218E,2026-09-15T18:07:45.828Z
2026,2,10729,Jared Goff,DET,QB,at BUF,completions,Caesars,24.5,under,-136,103,0.5763,0.5391,0.0689,0,0.6417,0.0654,0.1025,ev,multiplicative,live,202609189BE34D3B,2026-09-15T18:07:45.828Z
2026,2,12483,Josh Allen,BUF,QB,vs DET,passYds,Hard Rock,228.5,under,145,-200,0.4082,0.3797,0.0748,0,0.4735,0.0654,0.0938,ev,multiplicative,live,202609189BE34D3B,2026-09-15T18:07:45.828Z
2026,2,16808,Jahmyr Gibbs,DET,RB,at BUF,recYds,Hard Rock,24.5,under,125,-175,0.4444,0.4112,0.0808,0,0.5092,0.0647,0.0980,ev,multiplicative,live,202609189BE34D3B,2026-09-15T18:07:45.828Z
2026,2,18642,Isaac TeSlaa,DET,WR,at BUF,recYds,Hard Rock,50.5,under,-1400,600,0.9333,0.8673,0.0762,0,0.9979,0.0646,0.1306,ev,multiplicative,live,202609189BE34D3B,2026-09-15T18:07:45.828Z
2026,2,13466,Dawson Knox,BUF,TE,vs DET,recYds,Hard Rock,37.5,under,-1000,500,0.9091,0.8451,0.0758,0,0.9736,0.0646,0.1286,ev,multiplicative,live,202609189BE34D3B,2026-09-15T18:07:45.828Z
2026,2,18516,Quinshon Judkins,CLE,RB,at TB,anytimeTD,Caesars,0.5,over,145,,0.4082,0.4082,,1,0.4727,0.0645,0.0645,ev,none,live,20260920ABAE4147,2026-09-15T18:07:45.828Z
2026,2,18516,Quinshon Judkins,CLE,RB,at TB,anytimeTD,BetMGM,0.5,over,145,,0.4082,0.4082,,1,0.4727,0.0645,0.0645,ev,none,live,20260920ABAE4147,2026-09-15T18:07:45.828Z
2026,2,17732,Keon Coleman,BUF,WR,vs DET,recYds,DraftKings,24.5,over,225,,0.3077,0.3077,,1,0.3720,0.0643,0.0643,ev,none,live,202609189BE34D3B,2026-09-15T18:07:45.828Z
2026,2,17704,Malik Nabers,NYG,WR,at LAR,receptions,Hard Rock,9.5,over,800,,0.1111,0.1111,,1,0.1754,0.0643,0.0643,ev,none,live,202609222DD46A1C,2026-09-15T18:07:45.828Z
2026,2,15849,Jameson Williams,DET,WR,at BUF,recYds,Hard Rock,108.5,under,-900,450,0.9000,0.8319,0.0818,0,0.9639,0.0639,0.1320,ev,multiplicative,live,202609189BE34D3B,2026-09-15T18:07:45.828Z
2026,2,16661,De'Von Achane,MIA,RB,at SF,anytimeTD,theScore,0.5,over,125,,0.4444,0.4444,,1,0.5084,0.0639,0.0639,ev,none,live,202609202FE0218E,2026-09-15T18:07:45.828Z
2026,2,16808,Jahmyr Gibbs,DET,RB,at BUF,rushYds,DraftKings,139.5,over,417,,0.1934,0.1934,,1,0.2573,0.0638,0.0638,ev,none,live,202609189BE34D3B,2026-09-15T18:07:45.828Z
2026,2,16697,Dalton Kincaid,BUF,TE,vs DET,receptions,DraftKings,3.5,over,-148,116,0.5968,0.5631,0.0597,0,0.6604,0.0636,0.0972,ev,multiplicative,live,202609189BE34D3B,2026-09-15T18:07:45.828Z
2026,2,15849,Jameson Williams,DET,WR,at BUF,recYds,Hard Rock,103.5,under,-750,400,0.8824,0.8152,0.0824,0,0.9459,0.0636,0.1307,ev,multiplicative,live,202609189BE34D3B,2026-09-15T18:07:45.828Z
2026,2,15849,Jameson Williams,DET,WR,at BUF,recYds,Hard Rock,93.5,under,-475,300,0.8261,0.7677,0.0761,0,0.8896,0.0635,0.1219,ev,multiplicative,live,202609189BE34D3B,2026-09-15T18:07:45.828Z
2026,2,10729,Jared Goff,DET,QB,at BUF,passYds,Hard Rock,268.5,under,-115,-115,0.5349,0.5000,0.0698,0,0.5984,0.0635,0.0984,ev,multiplicative,live,202609189BE34D3B,2026-09-15T18:07:45.828Z
2026,2,15892,Khalil Shakir,BUF,WR,vs DET,recYds,BetRivers,69.5,over,295,,0.2532,0.2532,,1,0.3166,0.0634,0.0634,ev,none,live,202609189BE34D3B,2026-09-15T18:07:45.828Z
2026,2,13466,Dawson Knox,BUF,TE,vs DET,receptions,BetRivers,2.5,over,400,,0.2000,0.2000,,1,0.2634,0.0634,0.0634,ev,none,live,202609189BE34D3B,2026-09-15T18:07:45.828Z
2026,2,16697,Dalton Kincaid,BUF,TE,vs DET,recYds,Hard Rock,80.5,under,-475,300,0.8261,0.7677,0.0761,0,0.8887,0.0626,0.1210,ev,multiplicative,live,202609189BE34D3B,2026-09-15T18:07:45.828Z
2026,2,18514,Cam Skattebo,NYG,RB,at LAR,rushYds,Hard Rock,94.5,over,550,-1200,0.1538,0.1429,0.0769,0,0.2164,0.0626,0.0735,ev,multiplicative,live,202609222DD46A1C,2026-09-15T18:07:45.828Z
2026,2,15892,Khalil Shakir,BUF,WR,vs DET,recYds,Caesars,29.5,over,-250,,0.7143,0.7143,,1,0.7768,0.0625,0.0625,ev,none,live,202609189BE34D3B,2026-09-15T18:07:45.828Z
2026,2,17732,Keon Coleman,BUF,WR,vs DET,recYds,FanDuel,24.5,over,223,,0.3096,0.3096,,1,0.3720,0.0624,0.0624,ev,none,live,202609189BE34D3B,2026-09-15T18:07:45.828Z
2026,2,15876,James Cook,BUF,RB,vs DET,rushYds,Caesars,59.5,over,-260,,0.7222,0.7222,,1,0.7845,0.0623,0.0623,ev,none,live,202609189BE34D3B,2026-09-15T18:07:45.828Z
2026,2,16697,Dalton Kincaid,BUF,TE,vs DET,receptions,DraftKings,8.5,over,2200,,0.0435,0.0435,,1,0.1057,0.0622,0.0622,ev,none,live,202609189BE34D3B,2026-09-15T18:07:45.828Z
2026,2,16697,Dalton Kincaid,BUF,TE,vs DET,recYds,Hard Rock,79.5,under,-450,275,0.8182,0.7542,0.0848,0,0.8803,0.0622,0.1262,ev,multiplicative,live,202609189BE34D3B,2026-09-15T18:07:45.828Z
2026,2,14416,Jalen Hurts,PHI,QB,at TEN,anytimeTD,theScore,0.5,over,150,,0.4000,0.4000,,1,0.4621,0.0621,0.0621,ev,none,live,202609208AD46BE9,2026-09-15T18:07:45.828Z
2026,2,16808,Jahmyr Gibbs,DET,RB,at BUF,rushYds,BetRivers,69.5,over,-315,,0.7590,0.7590,,1,0.8211,0.0620,0.0620,ev,none,live,202609189BE34D3B,2026-09-15T18:07:45.828Z
2026,2,13466,Dawson Knox,BUF,TE,vs DET,recYds,Hard Rock,32.5,under,-650,375,0.8667,0.8046,0.0772,0,0.9283,0.0617,0.1238,ev,multiplicative,live,202609189BE34D3B,2026-09-15T18:07:45.828Z
2026,2,18574,Jaxson Dart,NYG,QB,at LAR,rushYds,Hard Rock,40.5,under,-230,165,0.6970,0.6487,0.0743,0,0.7586,0.0616,0.1098,ev,multiplicative,live,202609222DD46A1C,2026-09-15T18:07:45.828Z
2026,2,16697,Dalton Kincaid,BUF,TE,vs DET,recYds,Hard Rock,90.5,under,-800,425,0.8889,0.8235,0.0794,0,0.9503,0.0614,0.1268,ev,multiplicative,live,202609189BE34D3B,2026-09-15T18:07:45.828Z
2026,2,17732,Keon Coleman,BUF,WR,vs DET,recYds,Hard Rock,21.5,over,190,-275,0.3448,0.3198,0.0782,0,0.4061,0.0613,0.0863,ev,multiplicative,live,202609189BE34D3B,2026-09-15T18:07:45.828Z
2026,2,17732,Keon Coleman,BUF,WR,vs DET,recYds,Hard Rock,31.5,over,325,-550,0.2353,0.2176,0.0814,0,0.2965,0.0612,0.0790,ev,multiplicative,live,202609189BE34D3B,2026-09-15T18:07:45.828Z
2026,2,17732,Keon Coleman,BUF,WR,vs DET,receptions,Hard Rock,1.5,over,165,-230,0.3774,0.3513,0.0743,0,0.4382,0.0608,0.0869,ev,multiplicative,live,202609189BE34D3B,2026-09-15T18:07:45.828Z
2026,2,15849,Jameson Williams,DET,WR,at BUF,receptions,BetRivers,6.5,over,650,,0.1333,0.1333,,1,0.1937,0.0603,0.0603,ev,none,live,202609189BE34D3B,2026-09-15T18:07:45.828Z
2026,2,13466,Dawson Knox,BUF,TE,vs DET,recYds,Hard Rock,39.5,under,-1200,550,0.9231,0.8571,0.0769,0,0.9833,0.0602,0.1261,ev,multiplicative,live,202609189BE34D3B,2026-09-15T18:07:45.828Z
2026,2,15892,Khalil Shakir,BUF,WR,vs DET,receptions,DraftKings,4.5,over,128,-163,0.4386,0.4144,0.0584,0,0.4985,0.0599,0.0841,ev,multiplicative,live,202609189BE34D3B,2026-09-15T18:07:45.828Z
2026,2,15849,Jameson Williams,DET,WR,at BUF,recYds,Hard Rock,88.5,under,-375,250,0.7895,0.7343,0.0752,0,0.8492,0.0598,0.1150,ev,multiplicative,live,202609189BE34D3B,2026-09-15T18:07:45.828Z
2026,2,12477,DJ Moore,BUF,WR,vs DET,recYds,Hard Rock,65.5,under,-145,105,0.5918,0.5482,0.0796,0,0.6511,0.0593,0.1030,ev,multiplicative,live,202609189BE34D3B,2026-09-15T18:07:45.828Z
2026,2,18574,Jaxson Dart,NYG,QB,at LAR,rushYds,Hard Rock,60.5,under,-1000,475,0.9091,0.8394,0.0830,0,0.9684,0.0593,0.1290,ev,multiplicative,live,202609222DD46A1C,2026-09-15T18:07:45.828Z
2026,2,10729,Jared Goff,DET,QB,at BUF,passYds,Hard Rock,278.5,under,-145,105,0.5918,0.5482,0.0796,0,0.6510,0.0592,0.1028,ev,multiplicative,live,202609189BE34D3B,2026-09-15T18:07:45.828Z
2026,2,16808,Jahmyr Gibbs,DET,RB,at BUF,rushYds,Hard Rock,64.5,over,-375,240,0.7895,0.7286,0.0836,0,0.8484,0.0589,0.1198,ev,multiplicative,live,202609189BE34D3B,2026-09-15T18:07:45.828Z
2026,2,16808,Jahmyr Gibbs,DET,RB,at BUF,recYds,Hard Rock,19.5,under,195,-275,0.3390,0.3161,0.0723,0,0.3978,0.0588,0.0816,ev,multiplicative,live,202609189BE34D3B,2026-09-15T18:07:45.828Z
2026,2,15876,James Cook,BUF,RB,vs DET,rushYds,Caesars,49.5,over,-450,,0.8182,0.8182,,1,0.8768,0.0586,0.0586,ev,none,live,202609189BE34D3B,2026-09-15T18:07:45.828Z
2026,2,16808,Jahmyr Gibbs,DET,RB,at BUF,recYds,Hard Rock,14.5,under,325,-525,0.2353,0.2188,0.0753,0,0.2939,0.0586,0.0751,ev,multiplicative,live,202609189BE34D3B,2026-09-15T18:07:45.828Z
2026,2,18514,Cam Skattebo,NYG,RB,at LAR,rushYds,Hard Rock,59.5,over,140,-195,0.4167,0.3866,0.0777,0,0.4750,0.0583,0.0884,ev,multiplicative,live,202609222DD46A1C,2026-09-15T18:07:45.828Z
2026,2,15892,Khalil Shakir,BUF,WR,vs DET,recYds,FanDuel,69.5,over,287,,0.2584,0.2584,,1,0.3166,0.0582,0.0582,ev,none,live,202609189BE34D3B,2026-09-15T18:07:45.828Z
2026,2,10729,Jared Goff,DET,QB,at BUF,passYds,Caesars,267.5,under,-115,-114,0.5349,0.5010,0.0676,0,0.5930,0.0581,0.0920,ev,multiplicative,live,202609189BE34D3B,2026-09-15T18:07:45.828Z
2026,2,17732,Keon Coleman,BUF,WR,vs DET,recYds,DraftKings,39.5,over,517,,0.1621,0.1621,,1,0.2201,0.0580,0.0580,ev,none,live,202609189BE34D3B,2026-09-15T18:07:45.828Z
2026,2,16808,Jahmyr Gibbs,DET,RB,at BUF,rushYds,DraftKings,59.5,over,-440,,0.8148,0.8148,,1,0.8727,0.0579,0.0579,ev,none,live,202609189BE34D3B,2026-09-15T18:07:45.828Z
2026,2,10729,Jared Goff,DET,QB,at BUF,passTD,Hard Rock,1.5,under,100,-135,0.5000,0.4653,0.0745,0,0.5578,0.0578,0.0925,ev,multiplicative,live,202609189BE34D3B,2026-09-15T18:07:45.828Z
2026,2,10729,Jared Goff,DET,QB,at BUF,passTD,theScore,1.5,under,100,-130,0.5000,0.4694,0.0652,0,0.5578,0.0578,0.0884,ev,multiplicative,live,202609189BE34D3B,2026-09-15T18:07:45.828Z
2026,2,13466,Dawson Knox,BUF,TE,vs DET,receptions,DraftKings,2.5,over,386,,0.2058,0.2058,,1,0.2634,0.0577,0.0577,ev,none,live,202609189BE34D3B,2026-09-15T18:07:45.828Z
2026,2,16808,Jahmyr Gibbs,DET,RB,at BUF,recYds,Hard Rock,54.5,under,-850,450,0.8947,0.8311,0.0766,0,0.9520,0.0572,0.1208,ev,multiplicative,live,202609189BE34D3B,2026-09-15T18:07:45.828Z
2026,2,18574,Jaxson Dart,NYG,QB,at LAR,passTD,FanDuel,1.5,over,182,-250,0.3546,0.3318,0.0689,0,0.4116,0.0570,0.0799,ev,multiplicative,live,202609222DD46A1C,2026-09-15T18:07:45.828Z
2026,2,17760,Sione Vaki,DET,RB,at BUF,anytimeTD,DraftKings,0.5,over,1000,,0.0909,0.0909,,1,0.1479,0.0569,0.0569,ev,none,live,202609189BE34D3B,2026-09-15T18:07:45.828Z
2026,2,17760,Sione Vaki,DET,RB,at BUF,anytimeTD,FanDuel,0.5,over,1000,,0.0909,0.0909,,1,0.1479,0.0569,0.0569,ev,none,live,202609189BE34D3B,2026-09-15T18:07:45.828Z
2026,2,17732,Keon Coleman,BUF,WR,vs DET,recYds,Hard Rock,36.5,over,425,-800,0.1905,0.1765,0.0794,0,0.2474,0.0569,0.0709,ev,multiplicative,live,202609189BE34D3B,2026-09-15T18:07:45.828Z
2026,2,17760,Sione Vaki,DET,RB,at BUF,anytimeTD,theScore,0.5,over,1000,,0.0909,0.0909,,1,0.1479,0.0569,0.0569,ev,none,live,202609189BE34D3B,2026-09-15T18:07:45.828Z
2026,2,15892,Khalil Shakir,BUF,WR,vs DET,recYds,DraftKings,69.5,over,285,,0.2597,0.2597,,1,0.3166,0.0568,0.0568,ev,none,live,202609189BE34D3B,2026-09-15T18:07:45.828Z
2026,2,15946,Christian Watson,GB,WR,at NYJ,anytimeTD,theScore,0.5,over,150,,0.4000,0.4000,,1,0.4566,0.0566,0.0566,ev,none,live,202609207339899F,2026-09-15T18:07:45.828Z
2026,2,15892,Khalil Shakir,BUF,WR,vs DET,recYds,DraftKings,79.5,over,434,,0.1873,0.1873,,1,0.2437,0.0564,0.0564,ev,none,live,202609189BE34D3B,2026-09-15T18:07:45.828Z
2026,2,12483,Josh Allen,BUF,QB,vs DET,passTD,FanDuel,1.5,under,124,-166,0.4464,0.4170,0.0705,0,0.5026,0.0562,0.0856,ev,multiplicative,live,202609189BE34D3B,2026-09-15T18:07:45.828Z
2026,2,10729,Jared Goff,DET,QB,at BUF,passYds,Hard Rock,274.5,under,-135,-105,0.5745,0.5287,0.0867,0,0.6303,0.0558,0.1016,ev,multiplicative,live,202609189BE34D3B,2026-09-15T18:07:45.828Z
2026,2,15332,Amon-Ra St. Brown,DET,WR,at BUF,receptions,DraftKings,7.5,under,-115,-111,0.5349,0.5042,0.0610,0,0.5906,0.0557,0.0865,ev,multiplicative,live,202609189BE34D3B,2026-09-15T18:07:45.828Z
2026,2,18574,Jaxson Dart,NYG,QB,at LAR,passTD,Hard Rock,1.5,over,180,-260,0.3571,0.3309,0.0794,0,0.4116,0.0545,0.0807,ev,multiplicative,live,202609222DD46A1C,2026-09-15T18:07:45.828Z
2026,2,18514,Cam Skattebo,NYG,RB,at LAR,rushYds,Hard Rock,99.5,over,650,-1600,0.1333,0.1241,0.0745,0,0.1874,0.0541,0.0633,ev,multiplicative,live,202609222DD46A1C,2026-09-15T18:07:45.828Z
2026,2,17704,Malik Nabers,NYG,WR,at LAR,receptions,Hard Rock,11.5,over,3000,,0.0323,0.0323,,1,0.0863,0.0540,0.0540,ev,none,live,202609222DD46A1C,2026-09-15T18:07:45.828Z
2026,2,15892,Khalil Shakir,BUF,WR,vs DET,recYds,FanDuel,79.5,over,427,,0.1898,0.1898,,1,0.2437,0.0539,0.0539,ev,none,live,202609189BE34D3B,2026-09-15T18:07:45.828Z
2026,2,14416,Jalen Hurts,PHI,QB,at TEN,anytimeTD,DraftKings,0.5,over,145,,0.4082,0.4082,,1,0.4621,0.0539,0.0539,ev,none,live,202609208AD46BE9,2026-09-15T18:07:45.828Z
2026,2,16661,De'Von Achane,MIA,RB,at SF,anytimeTD,DraftKings,0.5,over,120,,0.4545,0.4545,,1,0.5084,0.0538,0.0538,ev,none,live,202609202FE0218E,2026-09-15T18:07:45.828Z
2026,2,17732,Keon Coleman,BUF,WR,vs DET,recYds,Hard Rock,39.5,over,500,-1000,0.1667,0.1549,0.0758,0,0.2201,0.0534,0.0652,ev,multiplicative,live,202609189BE34D3B,2026-09-15T18:07:45.828Z
2026,2,16808,Jahmyr Gibbs,DET,RB,at BUF,rushYds,FanDuel,59.5,over,-454,,0.8195,0.8195,,1,0.8727,0.0532,0.0532,ev,none,live,202609189BE34D3B,2026-09-15T18:07:45.828Z
2026,2,16697,Dalton Kincaid,BUF,TE,vs DET,recYds,Hard Rock,75.5,under,-375,250,0.7895,0.7343,0.0752,0,0.8426,0.0532,0.1084,ev,multiplicative,live,202609189BE34D3B,2026-09-15T18:07:45.828Z
2026,2,10729,Jared Goff,DET,QB,at BUF,passTD,FanDuel,1.5,under,-102,-130,0.5050,0.4718,0.0702,0,0.5578,0.0529,0.0860,ev,multiplicative,live,202609189BE34D3B,2026-09-15T18:07:45.828Z
2026,2,10729,Jared Goff,DET,QB,at BUF,passYds,BetRivers,266.5,under,-115,-115,0.5349,0.5000,0.0698,0,0.5876,0.0527,0.0876,ev,multiplicative,live,202609189BE34D3B,2026-09-15T18:07:45.828Z
2026,2,18574,Jaxson Dart,NYG,QB,at LAR,rushYds,Hard Rock,39.5,under,-220,155,0.6875,0.6368,0.0797,0,0.7402,0.0527,0.1034,ev,multiplicative,live,202609222DD46A1C,2026-09-15T18:07:45.828Z
2026,2,17760,Sione Vaki,DET,RB,at BUF,anytimeTD,Caesars,0.5,over,950,,0.0952,0.0952,,1,0.1479,0.0526,0.0526,ev,none,live,202609189BE34D3B,2026-09-15T18:07:45.828Z
2026,2,18514,Cam Skattebo,NYG,RB,at LAR,rushYds,FanDuel,49.5,over,-114,-114,0.5327,0.5000,0.0654,0,0.5852,0.0525,0.0852,ev,multiplicative,live,202609222DD46A1C,2026-09-15T18:07:45.828Z
2026,2,16697,Dalton Kincaid,BUF,TE,vs DET,recYds,Hard Rock,5.5,under,1750,-9000,0.0541,0.0518,0.0431,0,0.1064,0.0523,0.0545,ev,multiplicative,live,202609189BE34D3B,2026-09-15T18:07:45.828Z
2026,2,17732,Keon Coleman,BUF,WR,vs DET,receptions,DraftKings,1.5,over,159,-205,0.3861,0.3649,0.0582,0,0.4382,0.0521,0.0733,ev,multiplicative,live,202609189BE34D3B,2026-09-15T18:07:45.828Z
2026,2,16697,Dalton Kincaid,BUF,TE,vs DET,recYds,Hard Rock,95.5,under,-1100,525,0.9167,0.8514,0.0767,0,0.9687,0.0521,0.1173,ev,multiplicative,live,202609189BE34D3B,2026-09-15T18:07:45.828Z
2026,2,12483,Josh Allen,BUF,QB,vs DET,rushYds,Hard Rock,64.5,under,-1800,650,0.9474,0.8766,0.0807,0,0.9994,0.0520,0.1227,ev,multiplicative,live,202609189BE34D3B,2026-09-15T18:07:45.828Z
2026,2,17033,Sam LaPorta,DET,TE,at BUF,recYds,Hard Rock,96.5,under,-1800,650,0.9474,0.8766,0.0807,0,0.9994,0.0520,0.1228,ev,multiplicative,live,202609189BE34D3B,2026-09-15T18:07:45.828Z
2026,2,10729,Jared Goff,DET,QB,at BUF,passYds,Hard Rock,288.5,under,-185,135,0.6491,0.6040,0.0747,0,0.7009,0.0517,0.0968,ev,multiplicative,live,202609189BE34D3B,2026-09-15T18:07:45.828Z
2026,2,13466,Dawson Knox,BUF,TE,vs DET,recYds,Hard Rock,42.5,under,-1600,650,0.9412,0.8759,0.0745,0,0.9920,0.0509,0.1161,ev,multiplicative,live,202609189BE34D3B,2026-09-15T18:07:45.828Z
2026,2,17732,Keon Coleman,BUF,WR,vs DET,recYds,theScore,29.5,over,275,,0.2667,0.2667,,1,0.3174,0.0507,0.0507,ev,none,live,202609189BE34D3B,2026-09-15T18:07:45.828Z
2026,2,16808,Jahmyr Gibbs,DET,RB,at BUF,recYds,Hard Rock,4.5,under,1100,-5000,0.0833,0.0783,0.0637,0,0.1339,0.0506,0.0556,ev,multiplicative,live,202609189BE34D3B,2026-09-15T18:07:45.828Z
2026,2,18514,Cam Skattebo,NYG,RB,at LAR,rushYds,Hard Rock,49.5,over,-115,-115,0.5349,0.5000,0.0698,0,0.5852,0.0504,0.0852,ev,multiplicative,live,202609222DD46A1C,2026-09-15T18:07:45.828Z
2026,2,12477,DJ Moore,BUF,WR,vs DET,recYds,Hard Rock,64.5,under,-140,100,0.5833,0.5385,0.0833,0,0.6335,0.0502,0.0951,ev,multiplicative,live,202609189BE34D3B,2026-09-15T18:07:45.828Z
2026,2,17732,Keon Coleman,BUF,WR,vs DET,recYds,FanDuel,39.5,over,488,,0.1701,0.1701,,1,0.2201,0.0500,0.0500,ev,none,live,202609189BE34D3B,2026-09-15T18:07:45.828Z
2026,2,15892,Khalil Shakir,BUF,WR,vs DET,recYds,theScore,69.5,over,275,,0.2667,0.2667,,1,0.3166,0.0499,0.0499,ev,none,live,202609189BE34D3B,2026-09-15T18:07:45.828Z
2026,2,13466,Dawson Knox,BUF,TE,vs DET,receptions,FanDuel,2.5,over,367,,0.2141,0.2141,,1,0.2634,0.0493,0.0493,ev,none,live,202609189BE34D3B,2026-09-15T18:07:45.828Z
2026,2,12483,Josh Allen,BUF,QB,vs DET,passYds,Caesars,249.5,under,-114,-114,0.5327,0.5000,0.0654,0,0.5820,0.0493,0.0820,ev,multiplicative,live,202609189BE34D3B,2026-09-15T18:07:45.828Z
2026,2,17732,Keon Coleman,BUF,WR,vs DET,recYds,Hard Rock,41.5,over,550,-1200,0.1538,0.1429,0.0769,0,0.2029,0.0491,0.0601,ev,multiplicative,live,202609189BE34D3B,2026-09-15T18:07:45.828Z
2026,2,16808,Jahmyr Gibbs,DET,RB,at BUF,rushYds,Caesars,139.5,over,380,,0.2083,0.2083,,1,0.2573,0.0489,0.0489,ev,none,live,202609189BE34D3B,2026-09-15T18:07:45.828Z
2026,2,15892,Khalil Shakir,BUF,WR,vs DET,receptions,Caesars,3.5,over,-193,,0.6587,0.6587,,1,0.7076,0.0489,0.0489,ev,none,live,202609189BE34D3B,2026-09-15T18:07:45.828Z
2026,2,15892,Khalil Shakir,BUF,WR,vs DET,recYds,DraftKings,24.5,over,-367,,0.7859,0.7859,,1,0.8347,0.0488,0.0488,ev,none,live,202609189BE34D3B,2026-09-15T18:07:45.828Z
2026,2,18642,Isaac TeSlaa,DET,WR,at BUF,recYds,Hard Rock,0.5,over,-375,250,0.7895,0.7343,0.0752,0,0.8382,0.0487,0.1040,ev,multiplicative,live,202609189BE34D3B,2026-09-15T18:07:45.828Z
2026,2,15946,Christian Watson,GB,WR,at NYJ,anytimeTD,DraftKings,0.5,over,145,,0.4082,0.4082,,1,0.4566,0.0485,0.0485,ev,none,live,202609207339899F,2026-09-15T18:07:45.828Z
2026,2,18574,Jaxson Dart,NYG,QB,at LAR,rushYds,Hard Rock,64.5,under,-1400,600,0.9333,0.8673,0.0762,0,0.9816,0.0483,0.1144,ev,multiplicative,live,202609222DD46A1C,2026-09-15T18:07:45.828Z
2026,2,12477,DJ Moore,BUF,WR,vs DET,receptions,DraftKings,6.5,over,406,,0.1976,0.1976,,1,0.2459,0.0482,0.0482,ev,none,live,202609189BE34D3B,2026-09-15T18:07:45.828Z
2026,2,13466,Dawson Knox,BUF,TE,vs DET,recYds,Hard Rock,17.5,over,130,-185,0.4348,0.4011,0.0839,0,0.4830,0.0482,0.0819,ev,multiplicative,live,202609189BE34D3B,2026-09-15T18:07:45.828Z
2026,2,15849,Jameson Williams,DET,WR,at BUF,receptions,BetRivers,5.5,over,310,,0.2439,0.2439,,1,0.2919,0.0480,0.0480,ev,none,live,202609189BE34D3B,2026-09-15T18:07:45.828Z
2026,2,18514,Cam Skattebo,NYG,RB,at LAR,rushYds,Hard Rock,54.5,over,110,-155,0.4762,0.4393,0.0840,0,0.5242,0.0480,0.0849,ev,multiplicative,live,202609222DD46A1C,2026-09-15T18:07:45.828Z
2026,2,17732,Keon Coleman,BUF,WR,vs DET,recYds,FanDuel,19.5,over,162,,0.3817,0.3817,,1,0.4293,0.0476,0.0476,ev,none,live,202609189BE34D3B,2026-09-15T18:07:45.828Z
2026,2,15892,Khalil Shakir,BUF,WR,vs DET,recYds,DraftKings,89.5,over,650,,0.1333,0.1333,,1,0.1810,0.0476,0.0476,ev,none,live,202609189BE34D3B,2026-09-15T18:07:45.828Z
2026,2,17732,Keon Coleman,BUF,WR,vs DET,recYds,Hard Rock,1.5,over,-325,220,0.7647,0.7099,0.0772,0,0.8121,0.0474,0.1022,ev,multiplicative,live,202609189BE34D3B,2026-09-15T18:07:45.828Z
2026,2,14416,Jalen Hurts,PHI,QB,at TEN,anytimeTD,Caesars,0.5,over,141,,0.4149,0.4149,,1,0.4621,0.0471,0.0471,ev,none,live,202609208AD46BE9,2026-09-15T18:07:45.828Z
2026,2,12483,Josh Allen,BUF,QB,vs DET,passYds,theScore,249.5,under,-115,-115,0.5349,0.5000,0.0698,0,0.5820,0.0471,0.0820,ev,multiplicative,live,202609189BE34D3B,2026-09-15T18:07:45.828Z
2026,2,15332,Amon-Ra St. Brown,DET,WR,at BUF,recYds,Hard Rock,110.5,under,-400,260,0.8000,0.7423,0.0778,0,0.8471,0.0471,0.1048,ev,multiplicative,live,202609189BE34D3B,2026-09-15T18:07:45.828Z
2026,2,12483,Josh Allen,BUF,QB,vs DET,rushYds,Hard Rock,65.5,under,-2000,650,0.9524,0.8772,0.0857,0,0.9995,0.0471,0.1223,ev,multiplicative,live,202609189BE34D3B,2026-09-15T18:07:45.828Z
2026,2,12483,Josh Allen,BUF,QB,vs DET,rushAtt,theScore,4.5,over,-500,,0.8333,0.8333,,1,0.8803,0.0470,0.0470,ev,none,live,202609189BE34D3B,2026-09-15T18:07:45.828Z
2026,2,15946,Christian Watson,GB,WR,at NYJ,anytimeTD,Caesars,0.5,over,144,,0.4098,0.4098,,1,0.4566,0.0468,0.0468,ev,none,live,202609207339899F,2026-09-15T18:07:45.828Z
2026,2,15447,Joshua Palmer,BUF,WR,vs DET,recYds,Hard Rock,48.5,under,-2000,700,0.9524,0.8840,0.0774,0,0.9992,0.0468,0.1152,ev,multiplicative,live,202609189BE34D3B,2026-09-15T18:07:45.828Z
2026,2,12483,Josh Allen,BUF,QB,vs DET,passYds,Hard Rock,238.5,under,110,-155,0.4762,0.4393,0.0840,0,0.5230,0.0468,0.0837,ev,multiplicative,live,202609189BE34D3B,2026-09-15T18:07:45.828Z
2026,2,16808,Jahmyr Gibbs,DET,RB,at BUF,rushYds,theScore,59.5,over,-475,,0.8261,0.8261,,1,0.8727,0.0466,0.0466,ev,none,live,202609189BE34D3B,2026-09-15T18:07:45.828Z
2026,2,16697,Dalton Kincaid,BUF,TE,vs DET,receptions,Caesars,3.5,over,-159,122,0.6139,0.5768,0.0644,0,0.6604,0.0465,0.0836,ev,multiplicative,live,202609189BE34D3B,2026-09-15T18:07:45.828Z
2026,2,15332,Amon-Ra St. Brown,DET,WR,at BUF,recYds,Hard Rock,115.5,under,-500,300,0.8333,0.7692,0.0833,0,0.8798,0.0465,0.1106,ev,multiplicative,live,202609189BE34D3B,2026-09-15T18:07:45.828Z
2026,2,17732,Keon Coleman,BUF,WR,vs DET,recYds,BetRivers,10.5,over,-118,-113,0.5413,0.5050,0.0718,0,0.5876,0.0463,0.0826,ev,multiplicative,live,202609189BE34D3B,2026-09-15T18:07:45.828Z
2026,2,13466,Dawson Knox,BUF,TE,vs DET,receptions,Caesars,2.5,over,360,,0.2174,0.2174,,1,0.2634,0.0461,0.0461,ev,none,live,202609189BE34D3B,2026-09-15T18:07:45.828Z
2026,2,13466,Dawson Knox,BUF,TE,vs DET,receptions,theScore,2.5,over,360,,0.2174,0.2174,,1,0.2634,0.0461,0.0461,ev,none,live,202609189BE34D3B,2026-09-15T18:07:45.828Z
2026,2,15892,Khalil Shakir,BUF,WR,vs DET,receptions,DraftKings,2.5,over,-453,,0.8192,0.8192,,1,0.8651,0.0460,0.0460,ev,none,live,202609189BE34D3B,2026-09-15T18:07:45.828Z
2026,2,15807,Kyren Williams,LAR,RB,vs NYG,rushYds,Hard Rock,39.5,over,-550,325,0.8462,0.7824,0.0814,0,0.8921,0.0459,0.1096,ev,multiplicative,live,202609222DD46A1C,2026-09-15T18:07:45.828Z
2026,2,10729,Jared Goff,DET,QB,at BUF,passYds,Hard Rock,299.5,under,-240,170,0.7059,0.6559,0.0763,0,0.7516,0.0457,0.0958,ev,multiplicative,live,202609189BE34D3B,2026-09-15T18:07:45.828Z
2026,2,16697,Dalton Kincaid,BUF,TE,vs DET,recYds,Hard Rock,99.5,under,-1400,575,0.9333,0.8630,0.0815,0,0.9790,0.0457,0.1160,ev,multiplicative,live,202609189BE34D3B,2026-09-15T18:07:45.828Z
2026,2,12483,Josh Allen,BUF,QB,vs DET,rushAtt,DraftKings,3.5,over,-1320,,0.9296,0.9296,,1,0.9750,0.0455,0.0455,ev,none,live,202609189BE34D3B,2026-09-15T18:07:45.828Z
2026,2,15892,Khalil Shakir,BUF,WR,vs DET,recYds,FanDuel,89.5,over,637,,0.1357,0.1357,,1,0.1810,0.0453,0.0453,ev,none,live,202609189BE34D3B,2026-09-15T18:07:45.828Z
2026,2,15332,Amon-Ra St. Brown,DET,WR,at BUF,receptions,Hard Rock,7.5,under,-120,-110,0.5455,0.5101,0.0693,0,0.5906,0.0452,0.0805,ev,multiplicative,live,202609189BE34D3B,2026-09-15T18:07:45.828Z
2026,2,15876,James Cook,BUF,RB,vs DET,rushYds,Hard Rock,58.5,over,-300,200,0.7500,0.6923,0.0833,0,0.7952,0.0452,0.1029,ev,multiplicative,live,202609189BE34D3B,2026-09-15T18:07:45.828Z
2026,2,16808,Jahmyr Gibbs,DET,RB,at BUF,recYds,Hard Rock,59.5,under,-1300,575,0.9286,0.8624,0.0767,0,0.9737,0.0451,0.1113,ev,multiplicative,live,202609189BE34D3B,2026-09-15T18:07:45.828Z
2026,2,16697,Dalton Kincaid,BUF,TE,vs DET,receptions,theScore,3.5,over,-160,125,0.6154,0.5806,0.0598,0,0.6604,0.0450,0.0797,ev,multiplicative,live,202609189BE34D3B,2026-09-15T18:07:45.828Z
2026,2,16808,Jahmyr Gibbs,DET,RB,at BUF,recYds,Hard Rock,9.5,under,525,-1200,0.1600,0.1477,0.0831,0,0.2047,0.0447,0.0570,ev,multiplicative,live,202609189BE34D3B,2026-09-15T18:07:45.828Z
2026,2,15332,Amon-Ra St. Brown,DET,WR,at BUF,recYds,Hard Rock,105.5,under,-325,220,0.7647,0.7099,0.0772,0,0.8090,0.0443,0.0991,ev,multiplicative,live,202609189BE34D3B,2026-09-15T18:07:45.828Z
2026,2,15892,Khalil Shakir,BUF,WR,vs DET,recYds,DraftKings,59.5,over,183,,0.3534,0.3534,,1,0.3974,0.0440,0.0440,ev,none,live,202609189BE34D3B,2026-09-15T18:07:45.828Z
2026,2,12483,Josh Allen,BUF,QB,vs DET,passYds,FanDuel,248.5,under,-114,-114,0.5327,0.5000,0.0654,0,0.5767,0.0439,0.0767,ev,multiplicative,live,202609189BE34D3B,2026-09-15T18:07:45.828Z
2026,2,15876,James Cook,BUF,RB,vs DET,rushYds,Hard Rock,53.5,over,-400,260,0.8000,0.7423,0.0778,0,0.8439,0.0439,0.1016,ev,multiplicative,live,202609189BE34D3B,2026-09-15T18:07:45.828Z
2026,2,15892,Khalil Shakir,BUF,WR,vs DET,recYds,theScore,79.5,over,400,,0.2000,0.2000,,1,0.2437,0.0437,0.0437,ev,none,live,202609189BE34D3B,2026-09-15T18:07:45.828Z
2026,2,16697,Dalton Kincaid,BUF,TE,vs DET,recYds,Hard Rock,100.5,under,-1500,600,0.9375,0.8678,0.0804,0,0.9811,0.0436,0.1133,ev,multiplicative,live,202609189BE34D3B,2026-09-15T18:07:45.828Z
2026,2,15892,Khalil Shakir,BUF,WR,vs DET,recYds,Hard Rock,29.5,over,-275,190,0.7333,0.6802,0.0782,0,0.7768,0.0435,0.0967,ev,multiplicative,live,202609189BE34D3B,2026-09-15T18:07:45.828Z
2026,2,17033,Sam LaPorta,DET,TE,at BUF,recYds,Hard Rock,99.5,under,-2200,700,0.9565,0.8844,0.0815,0,0.9997,0.0432,0.1153,ev,multiplicative,live,202609189BE34D3B,2026-09-15T18:07:45.828Z
2026,2,15892,Khalil Shakir,BUF,WR,vs DET,recYds,Caesars,89.5,over,625,,0.1379,0.1379,,1,0.1810,0.0431,0.0431,ev,none,live,202609189BE34D3B,2026-09-15T18:07:45.828Z
2026,2,18642,Isaac TeSlaa,DET,WR,at BUF,recYds,Hard Rock,55.5,under,-2200,750,0.9565,0.8905,0.0742,0,0.9995,0.0430,0.1090,ev,multiplicative,live,202609189BE34D3B,2026-09-15T18:07:45.828Z
2026,2,15447,Joshua Palmer,BUF,WR,vs DET,recYds,Hard Rock,49.5,under,-2200,650,0.9565,0.8777,0.0899,0,0.9994,0.0429,0.1218,ev,multiplicative,live,202609189BE34D3B,2026-09-15T18:07:45.828Z
2026,2,18574,Jaxson Dart,NYG,QB,at LAR,rushYds,Hard Rock,65.5,under,-1600,600,0.9412,0.8682,0.0840,0,0.9841,0.0429,0.1159,ev,multiplicative,live,202609222DD46A1C,2026-09-15T18:07:45.828Z
2026,2,15892,Khalil Shakir,BUF,WR,vs DET,recYds,Hard Rock,34.5,over,-200,145,0.6667,0.6203,0.0748,0,0.7089,0.0423,0.0887,ev,multiplicative,live,202609189BE34D3B,2026-09-15T18:07:45.828Z
2026,2,16697,Dalton Kincaid,BUF,TE,vs DET,receptions,FanDuel,3.5,over,-162,122,0.6183,0.5785,0.0688,0,0.6604,0.0421,0.0818,ev,multiplicative,live,202609189BE34D3B,2026-09-15T18:07:45.828Z
2026,2,16697,Dalton Kincaid,BUF,TE,vs DET,receptions,BetRivers,3.5,over,-162,,0.6183,0.6183,,1,0.6604,0.0421,0.0421,ev,none,live,202609189BE34D3B,2026-09-15T18:07:45.828Z
2026,2,16697,Dalton Kincaid,BUF,TE,vs DET,recYds,Hard Rock,10.5,under,1000,-4000,0.0909,0.0852,0.0665,0,0.1330,0.0421,0.0478,ev,multiplicative,live,202609189BE34D3B,2026-09-15T18:07:45.828Z
2026,2,12477,DJ Moore,BUF,WR,vs DET,recYds,theScore,59.5,under,100,-125,0.5000,0.4737,0.0556,0,0.5420,0.0420,0.0684,ev,multiplicative,live,202609189BE34D3B,2026-09-15T18:07:45.828Z
2026,2,12483,Josh Allen,BUF,QB,vs DET,rushYds,DraftKings,14.5,over,-484,,0.8288,0.8288,,1,0.8706,0.0418,0.0418,ev,none,live,202609189BE34D3B,2026-09-15T18:07:45.828Z
2026,2,12483,Josh Allen,BUF,QB,vs DET,passYds,Hard Rock,248.5,under,-115,-115,0.5349,0.5000,0.0698,0,0.5767,0.0418,0.0767,ev,multiplicative,live,202609189BE34D3B,2026-09-15T18:07:45.828Z
2026,2,15876,James Cook,BUF,RB,vs DET,rushYds,Hard Rock,63.5,over,-230,160,0.6970,0.6444,0.0816,0,0.7385,0.0416,0.0941,ev,multiplicative,live,202609189BE34D3B,2026-09-15T18:07:45.828Z
2026,2,10729,Jared Goff,DET,QB,at BUF,passYds,Hard Rock,298.5,under,-240,165,0.7059,0.6516,0.0832,0,0.7472,0.0413,0.0956,ev,multiplicative,live,202609189BE34D3B,2026-09-15T18:07:45.828Z
2026,2,13466,Dawson Knox,BUF,TE,vs DET,receptions,Hard Rock,2.5,over,350,,0.2222,0.2222,,1,0.2634,0.0412,0.0412,ev,none,live,202609189BE34D3B,2026-09-15T18:07:45.828Z
2026,2,15332,Amon-Ra St. Brown,DET,WR,at BUF,recYds,theScore,84.5,under,-125,-105,0.5556,0.5203,0.0678,0,0.5966,0.0411,0.0763,ev,multiplicative,live,202609189BE34D3B,2026-09-15T18:07:45.828Z
2026,2,17704,Malik Nabers,NYG,WR,at LAR,receptions,Hard Rock,7.5,over,275,,0.2667,0.2667,,1,0.3078,0.0411,0.0411,ev,none,live,202609222DD46A1C,2026-09-15T18:07:45.828Z
2026,2,15849,Jameson Williams,DET,WR,at BUF,receptions,DraftKings,6.5,over,554,,0.1529,0.1529,,1,0.1937,0.0408,0.0408,ev,none,live,202609189BE34D3B,2026-09-15T18:07:45.828Z
2026,2,12483,Josh Allen,BUF,QB,vs DET,completions,DraftKings,27.5,over,930,,0.0971,0.0971,,1,0.1379,0.0408,0.0408,ev,none,live,202609189BE34D3B,2026-09-15T18:07:45.828Z
2026,2,15892,Khalil Shakir,BUF,WR,vs DET,recYds,DraftKings,39.5,over,-145,,0.5918,0.5918,,1,0.6327,0.0408,0.0408,ev,none,live,202609189BE34D3B,2026-09-15T18:07:45.828Z
2026,2,15332,Amon-Ra St. Brown,DET,WR,at BUF,recYds,Hard Rock,125.5,under,-800,425,0.8889,0.8235,0.0794,0,0.9297,0.0408,0.1062,ev,multiplicative,live,202609189BE34D3B,2026-09-15T18:07:45.828Z
2026,2,15332,Amon-Ra St. Brown,DET,WR,at BUF,recYds,Hard Rock,120.5,under,-650,375,0.8667,0.8046,0.0772,0,0.9072,0.0405,0.1027,ev,multiplicative,live,202609189BE34D3B,2026-09-15T18:07:45.828Z
2026,2,15892,Khalil Shakir,BUF,WR,vs DET,recYds,BetRivers,59.5,over,180,,0.3571,0.3571,,1,0.3974,0.0402,0.0402,ev,none,live,202609189BE34D3B,2026-09-15T18:07:45.828Z
2026,2,18522,RJ Harvey,DEN,RB,vs JAX,anytimeTD,DraftKings,0.5,over,230,,0.3030,0.3030,,1,0.3430,0.0399,0.0399,ev,none,live,20260920631848F6,2026-09-15T18:07:45.828Z
2026,2,18642,Isaac TeSlaa,DET,WR,at BUF,recYds,Hard Rock,25.5,under,-240,165,0.7059,0.6516,0.0832,0,0.7458,0.0399,0.0941,ev,multiplicative,live,202609189BE34D3B,2026-09-15T18:07:45.828Z
2026,2,13536,Terry McLaurin,WAS,WR,at DAL,anytimeTD,Caesars,0.5,over,210,,0.3226,0.3226,,1,0.3624,0.0398,0.0398,ev,none,live,2026092061BDEC96,2026-09-15T18:07:45.828Z
2026,2,15876,James Cook,BUF,RB,vs DET,rushYds,DraftKings,59.5,over,-292,,0.7449,0.7449,,1,0.7845,0.0396,0.0396,ev,none,live,202609189BE34D3B,2026-09-15T18:07:45.828Z
2026,2,10729,Jared Goff,DET,QB,at BUF,passYds,Hard Rock,308.5,under,-300,210,0.7500,0.6992,0.0726,0,0.7895,0.0395,0.0902,ev,multiplicative,live,202609189BE34D3B,2026-09-15T18:07:45.828Z
2026,2,15892,Khalil Shakir,BUF,WR,vs DET,recYds,FanDuel,59.5,over,179,,0.3584,0.3584,,1,0.3974,0.0389,0.0389,ev,none,live,202609189BE34D3B,2026-09-15T18:07:45.828Z
2026,2,16697,Dalton Kincaid,BUF,TE,vs DET,receptions,FanDuel,8.5,over,1398,,0.0668,0.0668,,1,0.1057,0.0389,0.0389,ev,none,live,202609189BE34D3B,2026-09-15T18:07:45.828Z
2026,2,12477,DJ Moore,BUF,WR,vs DET,receptions,DraftKings,7.5,over,760,,0.1163,0.1163,,1,0.1551,0.0388,0.0388,ev,none,live,202609189BE34D3B,2026-09-15T18:07:45.828Z
2026,2,12483,Josh Allen,BUF,QB,vs DET,completions,DraftKings,25.5,over,484,,0.1712,0.1712,,1,0.2100,0.0388,0.0388,ev,none,live,202609189BE34D3B,2026-09-15T18:07:45.828Z
2026,2,15332,Amon-Ra St. Brown,DET,WR,at BUF,recYds,Hard Rock,130.5,under,-1000,500,0.9091,0.8451,0.0758,0,0.9478,0.0387,0.1027,ev,multiplicative,live,202609189BE34D3B,2026-09-15T18:07:45.828Z
2026,2,13610,T.J. Hockenson,MIN,TE,at CHI,anytimeTD,BetMGM,0.5,over,425,,0.1905,0.1905,,1,0.2289,0.0385,0.0385,ev,none,live,20260920AEBD0307,2026-09-15T18:07:45.828Z
2026,2,10729,Jared Goff,DET,QB,at BUF,anytimeTD,BetMGM,0.5,over,2500,,0.0385,0.0385,,1,0.0769,0.0384,0.0384,ev,none,live,202609189BE34D3B,2026-09-15T18:07:45.828Z
2026,2,17732,Keon Coleman,BUF,WR,vs DET,recYds,Caesars,39.5,over,450,,0.1818,0.1818,,1,0.2201,0.0383,0.0383,ev,none,live,202609189BE34D3B,2026-09-15T18:07:45.828Z
2026,2,17732,Keon Coleman,BUF,WR,vs DET,recYds,theScore,39.5,over,450,,0.1818,0.1818,,1,0.2201,0.0383,0.0383,ev,none,live,202609189BE34D3B,2026-09-15T18:07:45.828Z
2026,2,17732,Keon Coleman,BUF,WR,vs DET,receptions,BetRivers,1.5,over,150,,0.4000,0.4000,,1,0.4382,0.0382,0.0382,ev,none,live,202609189BE34D3B,2026-09-15T18:07:45.828Z
2026,2,16808,Jahmyr Gibbs,DET,RB,at BUF,rushYds,DraftKings,149.5,over,565,,0.1504,0.1504,,1,0.1886,0.0382,0.0382,ev,none,live,202609189BE34D3B,2026-09-15T18:07:45.828Z
2026,2,15892,Khalil Shakir,BUF,WR,vs DET,recYds,theScore,89.5,over,600,,0.1429,0.1429,,1,0.1810,0.0381,0.0381,ev,none,live,202609189BE34D3B,2026-09-15T18:07:45.828Z
2026,2,16697,Dalton Kincaid,BUF,TE,vs DET,receptions,Hard Rock,3.5,over,-165,125,0.6226,0.5835,0.0671,0,0.6604,0.0377,0.0769,ev,multiplicative,live,202609189BE34D3B,2026-09-15T18:07:45.828Z
2026,2,18574,Jaxson Dart,NYG,QB,at LAR,rushYds,Hard Rock,35.5,under,-165,120,0.6226,0.5780,0.0772,0,0.6601,0.0374,0.0821,ev,multiplicative,live,202609222DD46A1C,2026-09-15T18:07:45.828Z
2026,2,17732,Keon Coleman,BUF,WR,vs DET,recYds,DraftKings,49.5,over,850,,0.1053,0.1053,,1,0.1426,0.0373,0.0373,ev,none,live,202609189BE34D3B,2026-09-15T18:07:45.828Z
2026,2,17732,Keon Coleman,BUF,WR,vs DET,recYds,theScore,19.5,over,155,,0.3922,0.3922,,1,0.4293,0.0372,0.0372,ev,none,live,202609189BE34D3B,2026-09-15T18:07:45.828Z
2026,2,15332,Amon-Ra St. Brown,DET,WR,at BUF,receptions,Caesars,7.5,under,-124,-105,0.5536,0.5194,0.0658,0,0.5906,0.0370,0.0712,ev,multiplicative,live,202609189BE34D3B,2026-09-15T18:07:45.828Z
2026,2,16895,Jordan Addison,MIN,WR,at CHI,anytimeTD,BetMGM,0.5,over,220,,0.3125,0.3125,,1,0.3495,0.0370,0.0370,ev,none,live,20260920AEBD0307,2026-09-15T18:07:45.828Z
2026,2,12483,Josh Allen,BUF,QB,vs DET,passYds,Hard Rock,249.5,under,-120,-115,0.5455,0.5049,0.0803,0,0.5820,0.0365,0.0771,ev,multiplicative,live,202609189BE34D3B,2026-09-15T18:07:45.828Z
2026,2,18514,Cam Skattebo,NYG,RB,at LAR,rushYds,Hard Rock,44.5,over,-155,115,0.6078,0.5665,0.0730,0,0.6443,0.0365,0.0778,ev,multiplicative,live,202609222DD46A1C,2026-09-15T18:07:45.828Z
2026,2,18547,Tetairoa McMillan,CAR,WR,at ATL,anytimeTD,DraftKings,0.5,over,190,,0.3448,0.3448,,1,0.3812,0.0364,0.0364,ev,none,live,20260920E9718F0E,2026-09-15T18:07:45.828Z
2026,2,15876,James Cook,BUF,RB,vs DET,rushYds,DraftKings,49.5,over,-528,,0.8408,0.8408,,1,0.8768,0.0360,0.0360,ev,none,live,202609189BE34D3B,2026-09-15T18:07:45.828Z
2026,2,18574,Jaxson Dart,NYG,QB,at LAR,passTD,Hard Rock,2.5,over,650,,0.1333,0.1333,,1,0.1689,0.0356,0.0356,ev,none,live,202609222DD46A1C,2026-09-15T18:07:45.828Z
2026,2,16697,Dalton Kincaid,BUF,TE,vs DET,recYds,Hard Rock,70.5,under,-300,200,0.7500,0.6923,0.0833,0,0.7855,0.0355,0.0932,ev,multiplicative,live,202609189BE34D3B,2026-09-15T18:07:45.828Z
2026,2,15892,Khalil Shakir,BUF,WR,vs DET,recYds,Caesars,79.5,over,380,,0.2083,0.2083,,1,0.2437,0.0354,0.0354,ev,none,live,202609189BE34D3B,2026-09-15T18:07:45.828Z
2026,2,15849,Jameson Williams,DET,WR,at BUF,recYds,Hard Rock,83.5,under,-325,210,0.7647,0.7033,0.0873,0,0.8001,0.0354,0.0968,ev,multiplicative,live,202609189BE34D3B,2026-09-15T18:07:45.828Z
2026,2,18522,RJ Harvey,DEN,RB,vs JAX,anytimeTD,Caesars,0.5,over,225,,0.3077,0.3077,,1,0.3430,0.0353,0.0353,ev,none,live,20260920631848F6,2026-09-15T18:07:45.828Z
2026,2,18522,RJ Harvey,DEN,RB,vs JAX,anytimeTD,theScore,0.5,over,225,,0.3077,0.3077,,1,0.3430,0.0353,0.0353,ev,none,live,20260920631848F6,2026-09-15T18:07:45.828Z
2026,2,15807,Kyren Williams,LAR,RB,vs NYG,rushYds,Hard Rock,37.5,over,-650,375,0.8667,0.8046,0.0772,0,0.9020,0.0353,0.0974,ev,multiplicative,live,202609222DD46A1C,2026-09-15T18:07:45.828Z
2026,2,15892,Khalil Shakir,BUF,WR,vs DET,recYds,DraftKings,99.5,over,960,,0.0943,0.0943,,1,0.1295,0.0352,0.0352,ev,none,live,202609189BE34D3B,2026-09-15T18:07:45.828Z
2026,2,15332,Amon-Ra St. Brown,DET,WR,at BUF,receptions,FanDuel,7.5,under,-125,-106,0.5556,0.5192,0.0701,0,0.5906,0.0351,0.0715,ev,multiplicative,live,202609189BE34D3B,2026-09-15T18:07:45.828Z
2026,2,15332,Amon-Ra St. Brown,DET,WR,at BUF,receptions,theScore,7.5,under,-125,-105,0.5556,0.5203,0.0678,0,0.5906,0.0351,0.0703,ev,multiplicative,live,202609189BE34D3B,2026-09-15T18:07:45.828Z
2026,2,15849,Jameson Williams,DET,WR,at BUF,receptions,FanDuel,3.5,under,142,-192,0.4132,0.3859,0.0708,0,0.4483,0.0350,0.0623,ev,multiplicative,live,202609189BE34D3B,2026-09-15T18:07:45.828Z
2026,2,12483,Josh Allen,BUF,QB,vs DET,rushYds,FanDuel,29.5,under,-114,-114,0.5327,0.5000,0.0654,0,0.5677,0.0350,0.0677,ev,multiplicative,live,202609189BE34D3B,2026-09-15T18:07:45.828Z
2026,2,17732,Keon Coleman,BUF,WR,vs DET,recYds,Caesars,11.5,over,-110,-118,0.5238,0.4918,0.0651,0,0.5587,0.0349,0.0669,ev,multiplicative,live,202609189BE34D3B,2026-09-15T18:07:45.828Z
2026,2,16808,Jahmyr Gibbs,DET,RB,at BUF,rushYds,Caesars,149.5,over,550,,0.1538,0.1538,,1,0.1886,0.0348,0.0348,ev,none,live,202609189BE34D3B,2026-09-15T18:07:45.828Z
2026,2,15892,Khalil Shakir,BUF,WR,vs DET,recYds,Hard Rock,24.5,over,-400,260,0.8000,0.7423,0.0778,0,0.8347,0.0347,0.0924,ev,multiplicative,live,202609189BE34D3B,2026-09-15T18:07:45.828Z
2026,2,17732,Keon Coleman,BUF,WR,vs DET,recYds,FanDuel,9.5,over,-139,,0.5816,0.5816,,1,0.6161,0.0345,0.0345,ev,none,live,202609189BE34D3B,2026-09-15T18:07:45.828Z
2026,2,16808,Jahmyr Gibbs,DET,RB,at BUF,rushYds,FanDuel,149.5,over,549,,0.1541,0.1541,,1,0.1886,0.0345,0.0345,ev,none,live,202609189BE34D3B,2026-09-15T18:07:45.828Z
2026,2,17732,Keon Coleman,BUF,WR,vs DET,recYds,Caesars,9.5,over,-139,,0.5816,0.5816,,1,0.6161,0.0345,0.0345,ev,none,live,202609189BE34D3B,2026-09-15T18:07:45.828Z
2026,2,16808,Jahmyr Gibbs,DET,RB,at BUF,anytimeTD,BetMGM,0.5,over,-275,,0.7333,0.7333,,1,0.7678,0.0344,0.0344,ev,none,live,202609189BE34D3B,2026-09-15T18:07:45.828Z
2026,2,16808,Jahmyr Gibbs,DET,RB,at BUF,anytimeTD,theScore,0.5,over,-275,,0.7333,0.7333,,1,0.7678,0.0344,0.0344,ev,none,live,202609189BE34D3B,2026-09-15T18:07:45.828Z
2026,2,15849,Jameson Williams,DET,WR,at BUF,receptions,DraftKings,7.5,over,1080,,0.0847,0.0847,,1,0.1188,0.0340,0.0340,ev,none,live,202609189BE34D3B,2026-09-15T18:07:45.828Z
2026,2,15332,Amon-Ra St. Brown,DET,WR,at BUF,recYds,Hard Rock,99.5,under,-260,180,0.7222,0.6691,0.0794,0,0.7562,0.0340,0.0871,ev,multiplicative,live,202609189BE34D3B,2026-09-15T18:07:45.828Z
2026,2,15876,James Cook,BUF,RB,vs DET,rushYds,Hard Rock,64.5,over,-225,160,0.6923,0.6429,0.0769,0,0.7263,0.0340,0.0834,ev,multiplicative,live,202609189BE34D3B,2026-09-15T18:07:45.828Z
2026,2,17690,Blake Corum,LAR,RB,vs NYG,rushYds,Hard Rock,13.5,over,-2200,700,0.9565,0.8844,0.0815,0,0.9904,0.0339,0.1060,ev,multiplicative,live,202609222DD46A1C,2026-09-15T18:07:45.828Z
2026,2,16808,Jahmyr Gibbs,DET,RB,at BUF,rushYds,Caesars,39.5,over,-1000,,0.9091,0.9091,,1,0.9429,0.0338,0.0338,ev,none,live,202609189BE34D3B,2026-09-15T18:07:45.828Z
2026,2,15892,Khalil Shakir,BUF,WR,vs DET,recYds,theScore,59.5,over,175,,0.3636,0.3636,,1,0.3974,0.0337,0.0337,ev,none,live,202609189BE34D3B,2026-09-15T18:07:45.828Z
2026,2,15892,Khalil Shakir,BUF,WR,vs DET,recYds,Hard Rock,64.5,over,210,-300,0.3226,0.3008,0.0726,0,0.3562,0.0336,0.0554,ev,multiplicative,live,202609189BE34D3B,2026-09-15T18:07:45.828Z
2026,2,12483,Josh Allen,BUF,QB,vs DET,rushYds,DraftKings,9.5,over,-980,,0.9074,0.9074,,1,0.9409,0.0334,0.0334,ev,none,live,202609189BE34D3B,2026-09-15T18:07:45.828Z
2026,2,15876,James Cook,BUF,RB,vs DET,rushYds,FanDuel,59.5,over,-302,,0.7512,0.7512,,1,0.7845,0.0333,0.0333,ev,none,live,202609189BE34D3B,2026-09-15T18:07:45.828Z
2026,2,15849,Jameson Williams,DET,WR,at BUF,recYds,DraftKings,39.5,over,-242,,0.7076,0.7076,,1,0.7405,0.0329,0.0329,ev,none,live,202609189BE34D3B,2026-09-15T18:07:45.828Z
2026,2,17732,Keon Coleman,BUF,WR,vs DET,recYds,theScore,9.5,over,-140,,0.5833,0.5833,,1,0.6161,0.0327,0.0327,ev,none,live,202609189BE34D3B,2026-09-15T18:07:45.828Z
2026,2,15849,Jameson Williams,DET,WR,at BUF,recYds,Hard Rock,79.5,under,-260,185,0.7222,0.6730,0.0731,0,0.7546,0.0324,0.0816,ev,multiplicative,live,202609189BE34D3B,2026-09-15T18:07:45.828Z
2026,2,15876,James Cook,BUF,RB,vs DET,rushYds,Hard Rock,48.5,over,-575,350,0.8519,0.7931,0.0741,0,0.8842,0.0323,0.0911,ev,multiplicative,live,202609189BE34D3B,2026-09-15T18:07:45.828Z
2026,2,15332,Amon-Ra St. Brown,DET,WR,at BUF,recYds,Hard Rock,100.5,under,-275,185,0.7333,0.6764,0.0842,0,0.7655,0.0322,0.0892,ev,multiplicative,live,202609189BE34D3B,2026-09-15T18:07:45.828Z
2026,2,12483,Josh Allen,BUF,QB,vs DET,rushYds,Hard Rock,70.5,under,-3000,850,0.9677,0.9019,0.0730,0,0.9999,0.0322,0.0980,ev,multiplicative,live,202609189BE34D3B,2026-09-15T18:07:45.828Z
2026,2,15447,Joshua Palmer,BUF,WR,vs DET,recYds,Hard Rock,53.5,under,-3000,850,0.9677,0.9019,0.0730,0,0.9998,0.0321,0.0979,ev,multiplicative,live,202609189BE34D3B,2026-09-15T18:07:45.828Z
2026,2,15892,Khalil Shakir,BUF,WR,vs DET,receptions,Caesars,2.5,over,-500,,0.8333,0.8333,,1,0.8651,0.0318,0.0318,ev,none,live,202609189BE34D3B,2026-09-15T18:07:45.828Z
2026,2,12483,Josh Allen,BUF,QB,vs DET,completions,Caesars,20.5,under,-103,-129,0.5074,0.4739,0.0707,0,0.5389,0.0316,0.0651,ev,multiplicative,live,202609189BE34D3B,2026-09-15T18:07:45.828Z
2026,2,15876,James Cook,BUF,RB,vs DET,rushYds,Caesars,69.5,over,-170,,0.6296,0.6296,,1,0.6612,0.0316,0.0316,ev,none,live,202609189BE34D3B,2026-09-15T18:07:45.828Z
2026,2,18547,Tetairoa McMillan,CAR,WR,at ATL,anytimeTD,Caesars,0.5,over,186,,0.3497,0.3497,,1,0.3812,0.0316,0.0316,ev,none,live,20260920E9718F0E,2026-09-15T18:07:45.828Z
2026,2,13466,Dawson Knox,BUF,TE,vs DET,recYds,Hard Rock,49.5,under,-3000,900,0.9677,0.9063,0.0677,0,0.9989,0.0312,0.0926,ev,multiplicative,live,202609189BE34D3B,2026-09-15T18:07:45.828Z
2026,2,15849,Jameson Williams,DET,WR,at BUF,recYds,DraftKings,49.5,over,-154,,0.6063,0.6063,,1,0.6374,0.0311,0.0311,ev,none,live,202609189BE34D3B,2026-09-15T18:07:45.828Z
2026,2,12483,Josh Allen,BUF,QB,vs DET,completions,theScore,24.5,over,350,,0.2222,0.2222,,1,0.2532,0.0309,0.0309,ev,none,live,202609189BE34D3B,2026-09-15T18:07:45.828Z
2026,2,15892,Khalil Shakir,BUF,WR,vs DET,recYds,Hard Rock,69.5,over,250,-400,0.2857,0.2632,0.0857,0,0.3166,0.0309,0.0534,ev,multiplicative,live,202609189BE34D3B,2026-09-15T18:07:45.828Z
2026,2,16898,Kendre Miller,NO,RB,at BAL,anytimeTD,BetMGM,0.5,over,500,,0.1667,0.1667,,1,0.1975,0.0308,0.0308,ev,none,live,20260920941629C7,2026-09-15T18:07:45.828Z
2026,2,17732,Keon Coleman,BUF,WR,vs DET,recYds,Hard Rock,6.5,over,-200,140,0.6667,0.6154,0.0833,0,0.6973,0.0306,0.0819,ev,multiplicative,live,202609189BE34D3B,2026-09-15T18:07:45.828Z
2026,2,16697,Dalton Kincaid,BUF,TE,vs DET,recYds,Hard Rock,15.5,under,650,-1600,0.1333,0.1241,0.0745,0,0.1639,0.0306,0.0399,ev,multiplicative,live,202609189BE34D3B,2026-09-15T18:07:45.828Z
2026,2,15876,James Cook,BUF,RB,vs DET,rushYds,Hard Rock,49.5,over,-550,300,0.8462,0.7719,0.0962,0,0.8768,0.0306,0.1049,ev,multiplicative,live,202609189BE34D3B,2026-09-15T18:07:45.828Z
2026,2,13466,Dawson Knox,BUF,TE,vs DET,recYds,Hard Rock,47.5,under,-3000,800,0.9677,0.8970,0.0789,0,0.9980,0.0303,0.1010,ev,multiplicative,live,202609189BE34D3B,2026-09-15T18:07:45.828Z
2026,2,17732,Keon Coleman,BUF,WR,vs DET,recYds,Hard Rock,46.5,over,650,-2000,0.1333,0.1228,0.0857,0,0.1636,0.0303,0.0408,ev,multiplicative,live,202609189BE34D3B,2026-09-15T18:07:45.828Z
2026,2,18547,Tetairoa McMillan,CAR,WR,at ATL,anytimeTD,theScore,0.5,over,185,,0.3509,0.3509,,1,0.3812,0.0303,0.0303,ev,none,live,20260920E9718F0E,2026-09-15T18:07:45.828Z
2026,2,15876,James Cook,BUF,RB,vs DET,rushYds,FanDuel,49.5,over,-552,,0.8466,0.8466,,1,0.8768,0.0302,0.0302,ev,none,live,202609189BE34D3B,2026-09-15T18:07:45.828Z
2026,2,12477,DJ Moore,BUF,WR,vs DET,receptions,Caesars,7.5,over,700,,0.1250,0.1250,,1,0.1551,0.0301,0.0301,ev,none,live,202609189BE34D3B,2026-09-15T18:07:45.828Z
2026,2,15892,Khalil Shakir,BUF,WR,vs DET,receptions,BetRivers,3.5,over,-210,,0.6774,0.6774,,1,0.7076,0.0301,0.0301,ev,none,live,202609189BE34D3B,2026-09-15T18:07:45.828Z
2026,2,15892,Khalil Shakir,BUF,WR,vs DET,receptions,Hard Rock,3.5,over,-210,,0.6774,0.6774,,1,0.7076,0.0301,0.0301,ev,none,live,202609189BE34D3B,2026-09-15T18:07:45.828Z
2026,2,17732,Keon Coleman,BUF,WR,vs DET,recYds,Hard Rock,16.5,over,130,-185,0.4348,0.4011,0.0839,0,0.4645,0.0297,0.0634,ev,multiplicative,live,202609189BE34D3B,2026-09-15T18:07:45.828Z
2026,2,15332,Amon-Ra St. Brown,DET,WR,at BUF,recYds,Hard Rock,95.5,under,-220,155,0.6875,0.6368,0.0797,0,0.7171,0.0296,0.0804,ev,multiplicative,live,202609189BE34D3B,2026-09-15T18:07:45.828Z
2026,2,15892,Khalil Shakir,BUF,WR,vs DET,recYds,Caesars,39.5,over,-152,,0.6032,0.6032,,1,0.6327,0.0295,0.0295,ev,none,live,202609189BE34D3B,2026-09-15T18:07:45.828Z
2026,2,15849,Jameson Williams,DET,WR,at BUF,recYds,BetRivers,49.5,over,-155,,0.6078,0.6078,,1,0.6374,0.0295,0.0295,ev,none,live,202609189BE34D3B,2026-09-15T18:07:45.828Z
2026,2,13466,Dawson Knox,BUF,TE,vs DET,recYds,Hard Rock,27.5,under,-425,275,0.8095,0.7522,0.0762,0,0.8389,0.0294,0.0867,ev,multiplicative,live,202609189BE34D3B,2026-09-15T18:07:45.828Z
2026,2,12477,DJ Moore,BUF,WR,vs DET,receptions,DraftKings,5.5,over,203,,0.3300,0.3300,,1,0.3594,0.0293,0.0293,ev,none,live,202609189BE34D3B,2026-09-15T18:07:45.828Z
2026,2,13536,Terry McLaurin,WAS,WR,at DAL,anytimeTD,DraftKings,0.5,over,200,,0.3333,0.3333,,1,0.3624,0.0290,0.0290,ev,none,live,2026092061BDEC96,2026-09-15T18:07:45.828Z
2026,2,15892,Khalil Shakir,BUF,WR,vs DET,recYds,Hard Rock,74.5,over,300,-500,0.2500,0.2308,0.0833,0,0.2790,0.0290,0.0482,ev,multiplicative,live,202609189BE34D3B,2026-09-15T18:07:45.828Z
2026,2,13536,Terry McLaurin,WAS,WR,at DAL,anytimeTD,theScore,0.5,over,200,,0.3333,0.3333,,1,0.3624,0.0290,0.0290,ev,none,live,2026092061BDEC96,2026-09-15T18:07:45.828Z
2026,2,12483,Josh Allen,BUF,QB,vs DET,passYds,Hard Rock,258.5,under,-150,110,0.6000,0.5575,0.0762,0,0.6289,0.0289,0.0714,ev,multiplicative,live,202609189BE34D3B,2026-09-15T18:07:45.828Z
2026,2,12477,DJ Moore,BUF,WR,vs DET,recYds,Hard Rock,10.5,under,1500,-7000,0.0625,0.0596,0.0484,0,0.0914,0.0289,0.0318,ev,multiplicative,live,202609189BE34D3B,2026-09-15T18:07:45.828Z
2026,2,15849,Jameson Williams,DET,WR,at BUF,receptions,DraftKings,5.5,over,280,,0.2632,0.2632,,1,0.2919,0.0287,0.0287,ev,none,live,202609189BE34D3B,2026-09-15T18:07:45.828Z
2026,2,15849,Jameson Williams,DET,WR,at BUF,recYds,BetRivers,59.5,over,102,,0.4950,0.4950,,1,0.5232,0.0281,0.0281,ev,none,live,202609189BE34D3B,2026-09-15T18:07:45.828Z
2026,2,12477,DJ Moore,BUF,WR,vs DET,recYds,Caesars,60.5,under,-114,-114,0.5327,0.5000,0.0654,0,0.5607,0.0280,0.0607,ev,multiplicative,live,202609189BE34D3B,2026-09-15T18:07:45.828Z
2026,2,12477,DJ Moore,BUF,WR,vs DET,recYds,FanDuel,60.5,under,-114,-114,0.5327,0.5000,0.0654,0,0.5607,0.0280,0.0607,ev,multiplicative,live,202609189BE34D3B,2026-09-15T18:07:45.828Z
2026,2,13466,Dawson Knox,BUF,TE,vs DET,recYds,FanDuel,19.5,over,163,,0.3802,0.3802,,1,0.4082,0.0280,0.0280,ev,none,live,202609189BE34D3B,2026-09-15T18:07:45.828Z
2026,2,15876,James Cook,BUF,RB,vs DET,rushYds,Caesars,39.5,over,-1000,,0.9091,0.9091,,1,0.9371,0.0280,0.0280,ev,none,live,202609189BE34D3B,2026-09-15T18:07:45.828Z
2026,2,15849,Jameson Williams,DET,WR,at BUF,receptions,Caesars,7.5,over,1000,,0.0909,0.0909,,1,0.1188,0.0279,0.0279,ev,none,live,202609189BE34D3B,2026-09-15T18:07:45.828Z
2026,2,18642,Isaac TeSlaa,DET,WR,at BUF,recYds,BetRivers,15.5,over,-112,-120,0.5283,0.4920,0.0738,0,0.5559,0.0276,0.0639,ev,multiplicative,live,202609189BE34D3B,2026-09-15T18:07:45.828Z
2026,2,12483,Josh Allen,BUF,QB,vs DET,completions,DraftKings,29.5,over,1640,,0.0575,0.0575,,1,0.0849,0.0274,0.0274,ev,none,live,202609189BE34D3B,2026-09-15T18:07:45.828Z
2026,2,10729,Jared Goff,DET,QB,at BUF,passYds,Hard Rock,318.5,under,-400,260,0.8000,0.7423,0.0778,0,0.8273,0.0273,0.0850,ev,multiplicative,live,202609189BE34D3B,2026-09-15T18:07:45.828Z
2026,2,15892,Khalil Shakir,BUF,WR,vs DET,recYds,FanDuel,99.5,over,877,,0.1024,0.1024,,1,0.1295,0.0271,0.0271,ev,none,live,202609189BE34D3B,2026-09-15T18:07:45.828Z
2026,2,15892,Khalil Shakir,BUF,WR,vs DET,recYds,theScore,44.5,over,-110,-120,0.5238,0.4899,0.0693,0,0.5508,0.0270,0.0609,ev,multiplicative,live,202609189BE34D3B,2026-09-15T18:07:45.828Z
2026,2,15892,Khalil Shakir,BUF,WR,vs DET,recYds,Hard Rock,59.5,over,170,-250,0.3704,0.3415,0.0847,0,0.3974,0.0270,0.0559,ev,multiplicative,live,202609189BE34D3B,2026-09-15T18:07:45.828Z
2026,2,15892,Khalil Shakir,BUF,WR,vs DET,receptions,Caesars,4.5,over,112,-145,0.4717,0.4435,0.0635,0,0.4985,0.0268,0.0550,ev,multiplicative,live,202609189BE34D3B,2026-09-15T18:07:45.828Z
2026,2,15892,Khalil Shakir,BUF,WR,vs DET,receptions,BetRivers,4.5,over,112,,0.4717,0.4717,,1,0.4985,0.0268,0.0268,ev,none,live,202609189BE34D3B,2026-09-15T18:07:45.828Z
2026,2,12483,Josh Allen,BUF,QB,vs DET,int,BetRivers,0.5,under,-157,118,0.6109,0.5711,0.0696,0,0.6376,0.0267,0.0665,ev,multiplicative,live,202609189BE34D3B,2026-09-15T18:07:45.828Z
2026,2,12483,Josh Allen,BUF,QB,vs DET,completions,Hard Rock,20.5,under,-105,-125,0.5122,0.4797,0.0678,0,0.5389,0.0267,0.0592,ev,multiplicative,live,202609189BE34D3B,2026-09-15T18:07:45.828Z
2026,2,16808,Jahmyr Gibbs,DET,RB,at BUF,rushYds,DraftKings,49.5,over,-780,,0.8864,0.8864,,1,0.9130,0.0266,0.0266,ev,none,live,202609189BE34D3B,2026-09-15T18:07:45.828Z
2026,2,18642,Isaac TeSlaa,DET,WR,at BUF,recYds,Hard Rock,5.5,over,-275,195,0.7333,0.6839,0.0723,0,0.7596,0.0263,0.0757,ev,multiplicative,live,202609189BE34D3B,2026-09-15T18:07:45.828Z
2026,2,15849,Jameson Williams,DET,WR,at BUF,recYds,Caesars,39.5,over,-250,,0.7143,0.7143,,1,0.7405,0.0262,0.0262,ev,none,live,202609189BE34D3B,2026-09-15T18:07:45.828Z
2026,2,17732,Keon Coleman,BUF,WR,vs DET,recYds,FanDuel,11.5,over,-114,-114,0.5327,0.5000,0.0654,0,0.5587,0.0260,0.0587,ev,multiplicative,live,202609189BE34D3B,2026-09-15T18:07:45.828Z
2026,2,12483,Josh Allen,BUF,QB,vs DET,completions,BetRivers,24.5,over,340,,0.2273,0.2273,,1,0.2532,0.0259,0.0259,ev,none,live,202609189BE34D3B,2026-09-15T18:07:45.828Z
2026,2,12477,DJ Moore,BUF,WR,vs DET,recYds,BetRivers,60.5,under,-115,-115,0.5349,0.5000,0.0698,0,0.5607,0.0258,0.0607,ev,multiplicative,live,202609189BE34D3B,2026-09-15T18:07:45.828Z
2026,2,12477,DJ Moore,BUF,WR,vs DET,recYds,Hard Rock,60.5,under,-115,-115,0.5349,0.5000,0.0698,0,0.5607,0.0258,0.0607,ev,multiplicative,live,202609189BE34D3B,2026-09-15T18:07:45.828Z
2026,2,15876,James Cook,BUF,RB,vs DET,rushYds,Hard Rock,68.5,over,-185,130,0.6491,0.5989,0.0839,0,0.6747,0.0256,0.0759,ev,multiplicative,live,202609189BE34D3B,2026-09-15T18:07:45.828Z
2026,2,15849,Jameson Williams,DET,WR,at BUF,recYds,BetRivers,56.5,over,-114,-117,0.5327,0.4970,0.0719,0,0.5581,0.0254,0.0611,ev,multiplicative,live,202609189BE34D3B,2026-09-15T18:07:45.828Z
2026,2,15849,Jameson Williams,DET,WR,at BUF,recYds,DraftKings,56.5,over,-114,-110,0.5327,0.5042,0.0565,0,0.5581,0.0254,0.0539,ev,multiplicative,live,202609189BE34D3B,2026-09-15T18:07:45.828Z
2026,2,12483,Josh Allen,BUF,QB,vs DET,rushAtt,BetRivers,4.5,over,-590,,0.8551,0.8551,,1,0.8803,0.0252,0.0252,ev,none,live,202609189BE34D3B,2026-09-15T18:07:45.828Z
2026,2,15892,Khalil Shakir,BUF,WR,vs DET,recYds,FanDuel,29.5,over,-303,,0.7519,0.7519,,1,0.7768,0.0250,0.0250,ev,none,live,202609189BE34D3B,2026-09-15T18:07:45.828Z
2026,2,15876,James Cook,BUF,RB,vs DET,rushYds,DraftKings,69.5,over,-175,,0.6364,0.6364,,1,0.6612,0.0249,0.0249,ev,none,live,202609189BE34D3B,2026-09-15T18:07:45.828Z
2026,2,16808,Jahmyr Gibbs,DET,RB,at BUF,recYds,Hard Rock,64.5,under,-2500,750,0.9615,0.8910,0.0792,0,0.9865,0.0249,0.0955,ev,multiplicative,live,202609189BE34D3B,2026-09-15T18:07:45.828Z
2026,2,17732,Keon Coleman,BUF,WR,vs DET,recYds,Hard Rock,49.5,over,750,-2500,0.1176,0.1090,0.0792,0,0.1426,0.0249,0.0336,ev,multiplicative,live,202609189BE34D3B,2026-09-15T18:07:45.828Z
2026,2,15892,Khalil Shakir,BUF,WR,vs DET,recYds,Hard Rock,39.5,over,-155,110,0.6078,0.5607,0.0840,0,0.6327,0.0248,0.0719,ev,multiplicative,live,202609189BE34D3B,2026-09-15T18:07:45.828Z
2026,2,12483,Josh Allen,BUF,QB,vs DET,rushAtt,theScore,2.5,over,-3500,,0.9722,0.9722,,1,0.9970,0.0248,0.0248,ev,none,live,202609189BE34D3B,2026-09-15T18:07:45.828Z
2026,2,18574,Jaxson Dart,NYG,QB,at LAR,rushYds,Hard Rock,70.5,under,-3000,800,0.9677,0.8970,0.0789,0,0.9926,0.0248,0.0956,ev,multiplicative,live,202609222DD46A1C,2026-09-15T18:07:45.828Z
2026,2,17732,Keon Coleman,BUF,WR,vs DET,recYds,FanDuel,49.5,over,748,,0.1179,0.1179,,1,0.1426,0.0247,0.0247,ev,none,live,202609189BE34D3B,2026-09-15T18:07:45.828Z
2026,2,18642,Isaac TeSlaa,DET,WR,at BUF,recYds,DraftKings,14.5,over,-124,,0.5536,0.5536,,1,0.5781,0.0245,0.0245,ev,none,live,202609189BE34D3B,2026-09-15T18:07:45.828Z
2026,2,18534,Tyler Warren,IND,TE,at KC,anytimeTD,DraftKings,0.5,over,260,,0.2778,0.2778,,1,0.3023,0.0245,0.0245,ev,none,live,202609217572D919,2026-09-15T18:07:45.828Z
2026,2,15447,Joshua Palmer,BUF,WR,vs DET,recYds,Hard Rock,58.5,under,-4000,1000,0.9756,0.9148,0.0665,0,1.0000,0.0244,0.0852,ev,multiplicative,live,202609189BE34D3B,2026-09-15T18:07:45.828Z
2026,2,18642,Isaac TeSlaa,DET,WR,at BUF,recYds,Hard Rock,24.5,under,-225,155,0.6923,0.6384,0.0845,0,0.7168,0.0244,0.0784,ev,multiplicative,live,202609189BE34D3B,2026-09-15T18:07:45.828Z
2026,2,17732,Keon Coleman,BUF,WR,vs DET,recYds,Hard Rock,51.5,over,850,-3000,0.1053,0.0981,0.0730,0,0.1296,0.0244,0.0315,ev,multiplicative,live,202609189BE34D3B,2026-09-15T18:07:45.828Z
2026,2,10729,Jared Goff,DET,QB,at BUF,anytimeTD,Caesars,0.5,over,1800,,0.0526,0.0526,,1,0.0769,0.0243,0.0243,ev,none,live,202609189BE34D3B,2026-09-15T18:07:45.828Z
2026,2,10729,Jared Goff,DET,QB,at BUF,anytimeTD,BetRivers,0.5,over,1800,,0.0526,0.0526,,1,0.0769,0.0243,0.0243,ev,none,live,202609189BE34D3B,2026-09-15T18:07:45.828Z
2026,2,10729,Jared Goff,DET,QB,at BUF,anytimeTD,FanDuel,0.5,over,1800,,0.0526,0.0526,,1,0.0769,0.0243,0.0243,ev,none,live,202609189BE34D3B,2026-09-15T18:07:45.828Z
2026,2,18642,Isaac TeSlaa,DET,WR,at BUF,recYds,Hard Rock,60.5,under,-4000,900,0.9756,0.9070,0.0756,0,0.9999,0.0243,0.0929,ev,multiplicative,live,202609189BE34D3B,2026-09-15T18:07:45.828Z
2026,2,12483,Josh Allen,BUF,QB,vs DET,rushAtt,Hard Rock,1.5,over,-4000,,0.9756,0.9756,,1,0.9998,0.0242,0.0242,ev,none,live,202609189BE34D3B,2026-09-15T18:07:45.828Z
2026,2,13466,Dawson Knox,BUF,TE,vs DET,recYds,Hard Rock,52.5,under,-4000,1100,0.9756,0.9213,0.0589,0,0.9996,0.0240,0.0783,ev,multiplicative,live,202609189BE34D3B,2026-09-15T18:07:45.828Z
2026,2,12483,Josh Allen,BUF,QB,vs DET,rushYds,FanDuel,14.5,over,-552,,0.8466,0.8466,,1,0.8706,0.0239,0.0239,ev,none,live,202609189BE34D3B,2026-09-15T18:07:45.828Z
2026,2,17704,Malik Nabers,NYG,WR,at LAR,anytimeTD,DraftKings,0.5,over,190,,0.3448,0.3448,,1,0.3687,0.0239,0.0239,ev,none,live,202609222DD46A1C,2026-09-15T18:07:45.828Z
2026,2,12483,Josh Allen,BUF,QB,vs DET,passYds,Hard Rock,268.5,under,-190,140,0.6552,0.6113,0.0718,0,0.6789,0.0238,0.0677,ev,multiplicative,live,202609189BE34D3B,2026-09-15T18:07:45.828Z
2026,2,17732,Keon Coleman,BUF,WR,vs DET,recYds,Hard Rock,11.5,over,-115,-115,0.5349,0.5000,0.0698,0,0.5587,0.0238,0.0587,ev,multiplicative,live,202609189BE34D3B,2026-09-15T18:07:45.828Z
2026,2,15332,Amon-Ra St. Brown,DET,WR,at BUF,recYds,DraftKings,80.5,under,-111,-111,0.5261,0.5000,0.0521,0,0.5496,0.0236,0.0496,ev,multiplicative,live,202609189BE34D3B,2026-09-15T18:07:45.828Z
2026,2,13466,Dawson Knox,BUF,TE,vs DET,recYds,theScore,19.5,over,160,,0.3846,0.3846,,1,0.4082,0.0236,0.0236,ev,none,live,202609189BE34D3B,2026-09-15T18:07:45.828Z
2026,2,15892,Khalil Shakir,BUF,WR,vs DET,recYds,DraftKings,109.5,over,1420,,0.0658,0.0658,,1,0.0892,0.0234,0.0234,ev,none,live,202609189BE34D3B,2026-09-15T18:07:45.828Z
2026,2,17732,Keon Coleman,BUF,WR,vs DET,recYds,Caesars,29.5,over,240,,0.2941,0.2941,,1,0.3174,0.0233,0.0233,ev,none,live,202609189BE34D3B,2026-09-15T18:07:45.828Z
2026,2,18642,Isaac TeSlaa,DET,WR,at BUF,recYds,FanDuel,15.5,over,-114,-114,0.5327,0.5000,0.0654,0,0.5559,0.0232,0.0559,ev,multiplicative,live,202609189BE34D3B,2026-09-15T18:07:45.828Z
2026,2,17760,Sione Vaki,DET,RB,at BUF,anytimeTD,BetRivers,0.5,over,700,,0.1250,0.1250,,1,0.1479,0.0229,0.0229,ev,none,live,202609189BE34D3B,2026-09-15T18:07:45.828Z
2026,2,17033,Sam LaPorta,DET,TE,at BUF,recYds,Hard Rock,51.5,under,-155,110,0.6078,0.5607,0.0840,0,0.6307,0.0229,0.0700,ev,multiplicative,live,202609189BE34D3B,2026-09-15T18:07:45.828Z
2026,2,18514,Cam Skattebo,NYG,RB,at LAR,rushYds,Hard Rock,39.5,over,-210,150,0.6774,0.6287,0.0774,0,0.7001,0.0227,0.0714,ev,multiplicative,live,202609222DD46A1C,2026-09-15T18:07:45.828Z
2026,2,15892,Khalil Shakir,BUF,WR,vs DET,recYds,DraftKings,44.5,over,-112,-111,0.5283,0.5011,0.0544,0,0.5508,0.0225,0.0497,ev,multiplicative,live,202609189BE34D3B,2026-09-15T18:07:45.828Z
2026,2,15892,Khalil Shakir,BUF,WR,vs DET,recYds,Caesars,69.5,over,240,,0.2941,0.2941,,1,0.3166,0.0225,0.0225,ev,none,live,202609189BE34D3B,2026-09-15T18:07:45.828Z
2026,2,12483,Josh Allen,BUF,QB,vs DET,rushYds,theScore,29.5,under,-120,-110,0.5455,0.5101,0.0693,0,0.5677,0.0223,0.0576,ev,multiplicative,live,202609189BE34D3B,2026-09-15T18:07:45.828Z
2026,2,15876,James Cook,BUF,RB,vs DET,rushYds,Hard Rock,43.5,over,-850,450,0.8947,0.8311,0.0766,0,0.9165,0.0218,0.0854,ev,multiplicative,live,202609189BE34D3B,2026-09-15T18:07:45.828Z
2026,2,12477,DJ Moore,BUF,WR,vs DET,receptions,BetRivers,7.5,over,650,,0.1333,0.1333,,1,0.1551,0.0217,0.0217,ev,none,live,202609189BE34D3B,2026-09-15T18:07:45.828Z
2026,2,17732,Keon Coleman,BUF,WR,vs DET,recYds,DraftKings,11.5,over,-116,-108,0.5370,0.5084,0.0563,0,0.5587,0.0216,0.0502,ev,multiplicative,live,202609189BE34D3B,2026-09-15T18:07:45.828Z
2026,2,10729,Jared Goff,DET,QB,at BUF,passYds,Hard Rock,324.5,under,-475,300,0.8261,0.7677,0.0761,0,0.8477,0.0216,0.0800,ev,multiplicative,live,202609189BE34D3B,2026-09-15T18:07:45.828Z
2026,2,16808,Jahmyr Gibbs,DET,RB,at BUF,rushYds,Caesars,159.5,over,800,,0.1111,0.1111,,1,0.1326,0.0215,0.0215,ev,none,live,202609189BE34D3B,2026-09-15T18:07:45.828Z
2026,2,15892,Khalil Shakir,BUF,WR,vs DET,recYds,Hard Rock,79.5,over,350,-600,0.2222,0.2059,0.0794,0,0.2437,0.0215,0.0378,ev,multiplicative,live,202609189BE34D3B,2026-09-15T18:07:45.828Z
2026,2,15332,Amon-Ra St. Brown,DET,WR,at BUF,recYds,Hard Rock,90.5,under,-180,130,0.6429,0.5965,0.0776,0,0.6644,0.0215,0.0678,ev,multiplicative,live,202609189BE34D3B,2026-09-15T18:07:45.828Z
2026,2,10729,Jared Goff,DET,QB,at BUF,anytimeTD,DraftKings,0.5,over,1700,,0.0556,0.0556,,1,0.0769,0.0213,0.0213,ev,none,live,202609189BE34D3B,2026-09-15T18:07:45.828Z
2026,2,15332,Amon-Ra St. Brown,DET,WR,at BUF,receptions,BetRivers,11.5,over,750,,0.1176,0.1176,,1,0.1388,0.0212,0.0212,ev,none,live,202609189BE34D3B,2026-09-15T18:07:45.828Z
2026,2,12477,DJ Moore,BUF,WR,vs DET,receptions,DraftKings,8.5,over,1360,,0.0685,0.0685,,1,0.0897,0.0212,0.0212,ev,none,live,202609189BE34D3B,2026-09-15T18:07:45.828Z
2026,2,19298,Denzel Boston,CLE,WR,at TB,anytimeTD,BetMGM,0.5,over,400,,0.2000,0.2000,,1,0.2212,0.0212,0.0212,ev,none,live,20260920ABAE4147,2026-09-15T18:07:45.828Z
2026,2,18574,Jaxson Dart,NYG,QB,at LAR,rushYds,Hard Rock,75.5,under,-4000,1100,0.9756,0.9213,0.0589,0,0.9968,0.0212,0.0755,ev,multiplicative,live,202609222DD46A1C,2026-09-15T18:07:45.828Z
2026,2,18642,Isaac TeSlaa,DET,WR,at BUF,recYds,DraftKings,15.5,over,-115,-109,0.5349,0.5063,0.0564,0,0.5559,0.0210,0.0496,ev,multiplicative,live,202609189BE34D3B,2026-09-15T18:07:45.828Z
2026,2,18642,Isaac TeSlaa,DET,WR,at BUF,recYds,Hard Rock,15.5,over,-115,-115,0.5349,0.5000,0.0698,0,0.5559,0.0210,0.0559,ev,multiplicative,live,202609189BE34D3B,2026-09-15T18:07:45.828Z
2026,2,17690,Blake Corum,LAR,RB,vs NYG,anytimeTD,FanDuel,0.5,over,160,,0.3846,0.3846,,1,0.4055,0.0209,0.0209,ev,none,live,202609222DD46A1C,2026-09-15T18:07:45.828Z
2026,2,15849,Jameson Williams,DET,WR,at BUF,recYds,DraftKings,59.5,over,-101,,0.5025,0.5025,,1,0.5232,0.0207,0.0207,ev,none,live,202609189BE34D3B,2026-09-15T18:07:45.828Z
2026,2,13466,Dawson Knox,BUF,TE,vs DET,receptions,BetRivers,3.5,over,1300,,0.0714,0.0714,,1,0.0921,0.0206,0.0206,ev,none,live,202609189BE34D3B,2026-09-15T18:07:45.828Z
2026,2,15892,Khalil Shakir,BUF,WR,vs DET,recYds,Hard Rock,84.5,over,425,-850,0.1905,0.1755,0.0852,0,0.2110,0.0205,0.0355,ev,multiplicative,live,202609189BE34D3B,2026-09-15T18:07:45.828Z
2026,2,16163,Jordan Mason,MIN,RB,at CHI,anytimeTD,Caesars,0.5,over,198,,0.3356,0.3356,,1,0.3560,0.0204,0.0204,ev,none,live,20260920AEBD0307,2026-09-15T18:07:45.828Z
2026,2,10729,Jared Goff,DET,QB,at BUF,passYds,Hard Rock,328.5,under,-525,325,0.8400,0.7812,0.0753,0,0.8604,0.0204,0.0793,ev,multiplicative,live,202609189BE34D3B,2026-09-15T18:07:45.828Z
2026,2,15849,Jameson Williams,DET,WR,at BUF,recYds,Hard Rock,78.5,under,-260,180,0.7222,0.6691,0.0794,0,0.7424,0.0202,0.0733,ev,multiplicative,live,202609189BE34D3B,2026-09-15T18:07:45.828Z
2026,2,15332,Amon-Ra St. Brown,DET,WR,at BUF,receptions,BetRivers,12.5,over,1200,,0.0769,0.0769,,1,0.0968,0.0199,0.0199,ev,none,live,202609189BE34D3B,2026-09-15T18:07:45.828Z
2026,2,19336,Barion Brown,NO,WR,at BAL,anytimeTD,BetMGM,0.5,over,2500,,0.0385,0.0385,,1,0.0582,0.0198,0.0198,ev,none,live,20260920941629C7,2026-09-15T18:07:45.828Z
2026,2,15876,James Cook,BUF,RB,vs DET,rushYds,theScore,59.5,over,-325,,0.7647,0.7647,,1,0.7845,0.0198,0.0198,ev,none,live,202609189BE34D3B,2026-09-15T18:07:45.828Z
2026,2,12483,Josh Allen,BUF,QB,vs DET,completions,DraftKings,20.5,under,-108,-118,0.5192,0.4896,0.0605,0,0.5389,0.0197,0.0493,ev,multiplicative,live,202609189BE34D3B,2026-09-15T18:07:45.828Z
2026,2,15849,Jameson Williams,DET,WR,at BUF,receptions,Hard Rock,6.5,over,475,,0.1739,0.1739,,1,0.1937,0.0197,0.0197,ev,none,live,202609189BE34D3B,2026-09-15T18:07:45.828Z
2026,2,18642,Isaac TeSlaa,DET,WR,at BUF,recYds,Hard Rock,65.5,under,-5000,1200,0.9804,0.9272,0.0573,0,1.0000,0.0196,0.0727,ev,multiplicative,live,202609189BE34D3B,2026-09-15T18:07:45.828Z
2026,2,15876,James Cook,BUF,RB,vs DET,rushYds,theScore,49.5,over,-600,,0.8571,0.8571,,1,0.8768,0.0196,0.0196,ev,none,live,202609189BE34D3B,2026-09-15T18:07:45.828Z
2026,2,12483,Josh Allen,BUF,QB,vs DET,rushYds,Hard Rock,75.5,under,-5000,1100,0.9804,0.9217,0.0637,0,1.0000,0.0196,0.0783,ev,multiplicative,live,202609189BE34D3B,2026-09-15T18:07:45.828Z
2026,2,18642,Isaac TeSlaa,DET,WR,at BUF,recYds,Hard Rock,64.5,under,-5000,1200,0.9804,0.9272,0.0573,0,1.0000,0.0196,0.0727,ev,multiplicative,live,202609189BE34D3B,2026-09-15T18:07:45.828Z
2026,2,12483,Josh Allen,BUF,QB,vs DET,rushYds,DraftKings,19.5,over,-281,,0.7375,0.7375,,1,0.7568,0.0193,0.0193,ev,none,live,202609189BE34D3B,2026-09-15T18:07:45.828Z
2026,2,15849,Jameson Williams,DET,WR,at BUF,recYds,Caesars,49.5,over,-162,,0.6183,0.6183,,1,0.6374,0.0191,0.0191,ev,none,live,202609189BE34D3B,2026-09-15T18:07:45.828Z
2026,2,18514,Cam Skattebo,NYG,RB,at LAR,rushYds,Hard Rock,9.5,under,1750,-9000,0.0541,0.0518,0.0431,0,0.0731,0.0191,0.0213,ev,multiplicative,live,202609222DD46A1C,2026-09-15T18:07:45.828Z
2026,2,15876,James Cook,BUF,RB,vs DET,rushYds,DraftKings,39.5,over,-1120,,0.9180,0.9180,,1,0.9371,0.0190,0.0190,ev,none,live,202609189BE34D3B,2026-09-15T18:07:45.828Z
2026,2,15892,Khalil Shakir,BUF,WR,vs DET,recYds,FanDuel,24.5,over,-443,,0.8158,0.8158,,1,0.8347,0.0188,0.0188,ev,none,live,202609189BE34D3B,2026-09-15T18:07:45.828Z
2026,2,17760,Sione Vaki,DET,RB,at BUF,anytimeTD,BetMGM,0.5,over,675,,0.1290,0.1290,,1,0.1479,0.0188,0.0188,ev,none,live,202609189BE34D3B,2026-09-15T18:07:45.828Z
2026,2,18642,Isaac TeSlaa,DET,WR,at BUF,recYds,FanDuel,14.5,over,-127,,0.5595,0.5595,,1,0.5781,0.0186,0.0186,ev,none,live,202609189BE34D3B,2026-09-15T18:07:45.828Z
2026,2,15892,Khalil Shakir,BUF,WR,vs DET,recYds,DraftKings,14.5,over,-900,,0.9000,0.9000,,1,0.9186,0.0186,0.0186,ev,none,live,202609189BE34D3B,2026-09-15T18:07:45.828Z
2026,2,12477,DJ Moore,BUF,WR,vs DET,receptions,Caesars,6.5,over,340,,0.2273,0.2273,,1,0.2459,0.0186,0.0186,ev,none,live,202609189BE34D3B,2026-09-15T18:07:45.828Z
2026,2,18642,Isaac TeSlaa,DET,WR,at BUF,recYds,FanDuel,9.5,over,-199,,0.6656,0.6656,,1,0.6841,0.0185,0.0185,ev,none,live,202609189BE34D3B,2026-09-15T18:07:45.828Z
2026,2,15849,Jameson Williams,DET,WR,at BUF,receptions,DraftKings,8.5,over,1960,,0.0485,0.0485,,1,0.0671,0.0185,0.0185,ev,none,live,202609189BE34D3B,2026-09-15T18:07:45.828Z
2026,2,15892,Khalil Shakir,BUF,WR,vs DET,recYds,theScore,99.5,over,800,,0.1111,0.1111,,1,0.1295,0.0184,0.0184,ev,none,live,202609189BE34D3B,2026-09-15T18:07:45.828Z
2026,2,12477,DJ Moore,BUF,WR,vs DET,recYds,DraftKings,59.5,under,-110,-114,0.5238,0.4958,0.0565,0,0.5420,0.0182,0.0463,ev,multiplicative,live,202609189BE34D3B,2026-09-15T18:07:45.828Z
2026,2,15892,Khalil Shakir,BUF,WR,vs DET,recYds,FanDuel,44.5,over,-114,-114,0.5327,0.5000,0.0654,0,0.5508,0.0181,0.0508,ev,multiplicative,live,202609189BE34D3B,2026-09-15T18:07:45.828Z
2026,2,18502,Isaiah Bond,CLE,WR,at TB,anytimeTD,BetMGM,0.5,over,1600,,0.0588,0.0588,,1,0.0769,0.0181,0.0181,ev,none,live,20260920ABAE4147,2026-09-15T18:07:45.828Z
2026,2,12483,Josh Allen,BUF,QB,vs DET,rushYds,Hard Rock,15.5,over,-500,325,0.8333,0.7798,0.0686,0,0.8514,0.0181,0.0716,ev,multiplicative,live,202609189BE34D3B,2026-09-15T18:07:45.828Z
2026,2,10729,Jared Goff,DET,QB,at BUF,anytimeTD,theScore,0.5,over,1600,,0.0588,0.0588,,1,0.0769,0.0181,0.0181,ev,none,live,202609189BE34D3B,2026-09-15T18:07:45.828Z
2026,2,16808,Jahmyr Gibbs,DET,RB,at BUF,recYds,Hard Rock,69.5,under,-4000,1100,0.9756,0.9213,0.0589,0,0.9935,0.0179,0.0722,ev,multiplicative,live,202609189BE34D3B,2026-09-15T18:07:45.828Z
2026,2,16808,Jahmyr Gibbs,DET,RB,at BUF,rushYds,FanDuel,49.5,over,-854,,0.8952,0.8952,,1,0.9130,0.0178,0.0178,ev,none,live,202609189BE34D3B,2026-09-15T18:07:45.828Z
2026,2,17704,Malik Nabers,NYG,WR,at LAR,anytimeTD,FanDuel,0.5,over,185,,0.3509,0.3509,,1,0.3687,0.0178,0.0178,ev,none,live,202609222DD46A1C,2026-09-15T18:07:45.828Z
2026,2,16808,Jahmyr Gibbs,DET,RB,at BUF,rushYds,BetRivers,59.5,over,-590,,0.8551,0.8551,,1,0.8727,0.0177,0.0177,ev,none,live,202609189BE34D3B,2026-09-15T18:07:45.828Z
2026,2,15892,Khalil Shakir,BUF,WR,vs DET,recYds,theScore,49.5,over,115,,0.4651,0.4651,,1,0.4829,0.0177,0.0177,ev,none,live,202609189BE34D3B,2026-09-15T18:07:45.828Z
2026,2,17732,Keon Coleman,BUF,WR,vs DET,recYds,theScore,49.5,over,700,,0.1250,0.1250,,1,0.1426,0.0176,0.0176,ev,none,live,202609189BE34D3B,2026-09-15T18:07:45.828Z
2026,2,15183,Ja'Marr Chase,CIN,WR,at HOU,anytimeTD,theScore,0.5,over,125,,0.4444,0.4444,,1,0.4621,0.0176,0.0176,ev,none,live,202609203726483F,2026-09-15T18:07:45.828Z
2026,2,17732,Keon Coleman,BUF,WR,vs DET,recYds,Hard Rock,56.5,over,1100,-5000,0.0833,0.0783,0.0637,0,0.1009,0.0175,0.0225,ev,multiplicative,live,202609189BE34D3B,2026-09-15T18:07:45.828Z
2026,2,18642,Isaac TeSlaa,DET,WR,at BUF,recYds,Caesars,9.5,over,-200,,0.6667,0.6667,,1,0.6841,0.0174,0.0174,ev,none,live,202609189BE34D3B,2026-09-15T18:07:45.828Z
2026,2,16697,Dalton Kincaid,BUF,TE,vs DET,recYds,Hard Rock,20.5,under,450,-850,0.1818,0.1689,0.0766,0,0.1992,0.0174,0.0303,ev,multiplicative,live,202609189BE34D3B,2026-09-15T18:07:45.828Z
2026,2,12477,DJ Moore,BUF,WR,vs DET,recYds,Hard Rock,15.5,under,900,-4000,0.1000,0.0930,0.0756,0,0.1171,0.0171,0.0242,ev,multiplicative,live,202609189BE34D3B,2026-09-15T18:07:45.828Z
2026,2,16163,Jordan Mason,MIN,RB,at CHI,anytimeTD,BetMGM,0.5,over,195,,0.3390,0.3390,,1,0.3560,0.0170,0.0170,ev,none,live,20260920AEBD0307,2026-09-15T18:07:45.828Z
2026,2,17704,Malik Nabers,NYG,WR,at LAR,anytimeTD,Caesars,0.5,over,184,,0.3521,0.3521,,1,0.3687,0.0166,0.0166,ev,none,live,202609222DD46A1C,2026-09-15T18:07:45.828Z
2026,2,18534,Tyler Warren,IND,TE,at KC,anytimeTD,theScore,0.5,over,250,,0.2857,0.2857,,1,0.3023,0.0166,0.0166,ev,none,live,202609217572D919,2026-09-15T18:07:45.828Z
2026,2,17732,Keon Coleman,BUF,WR,vs DET,recYds,FanDuel,14.5,over,112,,0.4717,0.4717,,1,0.4882,0.0165,0.0165,ev,none,live,202609189BE34D3B,2026-09-15T18:07:45.828Z
2026,2,18574,Jaxson Dart,NYG,QB,at LAR,rushYds,FanDuel,30.5,under,-114,-114,0.5327,0.5000,0.0654,0,0.5492,0.0165,0.0492,ev,multiplicative,live,202609222DD46A1C,2026-09-15T18:07:45.828Z
2026,2,15447,Joshua Palmer,BUF,WR,vs DET,recYds,Hard Rock,63.5,under,-6000,1400,0.9836,0.9365,0.0503,0,1.0000,0.0164,0.0635,ev,multiplicative,live,202609189BE34D3B,2026-09-15T18:07:45.828Z
2026,2,18574,Jaxson Dart,NYG,QB,at LAR,passTD,Hard Rock,3.5,over,2500,,0.0385,0.0385,,1,0.0549,0.0164,0.0164,ev,none,live,202609222DD46A1C,2026-09-15T18:07:45.828Z
2026,2,16808,Jahmyr Gibbs,DET,RB,at BUF,rushYds,DraftKings,159.5,over,760,,0.1163,0.1163,,1,0.1326,0.0163,0.0163,ev,none,live,202609189BE34D3B,2026-09-15T18:07:45.828Z
2026,2,15332,Amon-Ra St. Brown,DET,WR,at BUF,recYds,Hard Rock,85.5,under,-145,105,0.5918,0.5482,0.0796,0,0.6082,0.0163,0.0600,ev,multiplicative,live,202609189BE34D3B,2026-09-15T18:07:45.828Z
2026,2,12477,DJ Moore,BUF,WR,vs DET,receptions,BetRivers,6.5,over,335,,0.2299,0.2299,,1,0.2459,0.0160,0.0160,ev,none,live,202609189BE34D3B,2026-09-15T18:07:45.828Z
2026,2,16808,Jahmyr Gibbs,DET,RB,at BUF,receptions,Caesars,7.5,over,850,,0.1053,0.1053,,1,0.1212,0.0159,0.0159,ev,none,live,202609189BE34D3B,2026-09-15T18:07:45.828Z
2026,2,15892,Khalil Shakir,BUF,WR,vs DET,recYds,Hard Rock,44.5,over,-115,-115,0.5349,0.5000,0.0698,0,0.5508,0.0159,0.0508,ev,multiplicative,live,202609189BE34D3B,2026-09-15T18:07:45.828Z
2026,2,15876,James Cook,BUF,RB,vs DET,rushYds,FanDuel,69.5,over,-182,,0.6454,0.6454,,1,0.6612,0.0158,0.0158,ev,none,live,202609189BE34D3B,2026-09-15T18:07:45.828Z
2026,2,15892,Khalil Shakir,BUF,WR,vs DET,recYds,FanDuel,39.5,over,-161,,0.6169,0.6169,,1,0.6327,0.0158,0.0158,ev,none,live,202609189BE34D3B,2026-09-15T18:07:45.828Z
2026,2,15183,Ja'Marr Chase,CIN,WR,at HOU,anytimeTD,Caesars,0.5,over,124,,0.4464,0.4464,,1,0.4621,0.0156,0.0156,ev,none,live,202609203726483F,2026-09-15T18:07:45.828Z
2026,2,15447,Joshua Palmer,BUF,WR,vs DET,recYds,Hard Rock,8.5,under,130,-190,0.4348,0.3989,0.0900,0,0.4502,0.0155,0.0513,ev,multiplicative,live,202609189BE34D3B,2026-09-15T18:07:45.828Z
2026,2,15892,Khalil Shakir,BUF,WR,vs DET,recYds,FanDuel,109.5,over,1256,,0.0737,0.0737,,1,0.0892,0.0154,0.0154,ev,none,live,202609189BE34D3B,2026-09-15T18:07:45.828Z
2026,2,12477,DJ Moore,BUF,WR,vs DET,recYds,Hard Rock,24.5,under,525,-1100,0.1600,0.1486,0.0767,0,0.1754,0.0154,0.0268,ev,multiplicative,live,202609189BE34D3B,2026-09-15T18:07:45.828Z
2026,2,15892,Khalil Shakir,BUF,WR,vs DET,receptions,theScore,3.5,over,-225,,0.6923,0.6923,,1,0.7076,0.0153,0.0153,ev,none,live,202609189BE34D3B,2026-09-15T18:07:45.828Z
2026,2,15892,Khalil Shakir,BUF,WR,vs DET,recYds,Hard Rock,19.5,over,-650,375,0.8667,0.8046,0.0772,0,0.8818,0.0152,0.0773,ev,multiplicative,live,202609189BE34D3B,2026-09-15T18:07:45.828Z
2026,2,12483,Josh Allen,BUF,QB,vs DET,passYds,Hard Rock,274.5,under,-225,155,0.6923,0.6384,0.0845,0,0.7075,0.0152,0.0691,ev,multiplicative,live,202609189BE34D3B,2026-09-15T18:07:45.828Z
2026,2,12483,Josh Allen,BUF,QB,vs DET,completions,theScore,20.5,under,-110,-120,0.5238,0.4899,0.0693,0,0.5389,0.0151,0.0491,ev,multiplicative,live,202609189BE34D3B,2026-09-15T18:07:45.828Z
2026,2,18484,Tez Johnson,TB,WR,vs CLE,anytimeTD,BetMGM,0.5,over,1800,,0.0526,0.0526,,1,0.0676,0.0150,0.0150,ev,none,live,20260920ABAE4147,2026-09-15T18:07:45.828Z
2026,2,12483,Josh Allen,BUF,QB,vs DET,int,Hard Rock,0.5,under,-165,125,0.6226,0.5835,0.0671,0,0.6376,0.0150,0.0541,ev,multiplicative,live,202609189BE34D3B,2026-09-15T18:07:45.828Z
2026,2,17033,Sam LaPorta,DET,TE,at BUF,recYds,Hard Rock,6.5,under,1400,-6000,0.0667,0.0635,0.0503,0,0.0815,0.0149,0.0181,ev,multiplicative,live,202609189BE34D3B,2026-09-15T18:07:45.828Z
2026,2,17584,Jacob Saylors,DET,RB,at BUF,anytimeTD,FanDuel,0.5,over,2200,,0.0435,0.0435,,1,0.0582,0.0148,0.0148,ev,none,live,202609189BE34D3B,2026-09-15T18:07:45.828Z
2026,2,16790,Puka Nacua,LAR,WR,vs NYG,receptions,FanDuel,6.5,over,-130,-102,0.5652,0.5282,0.0702,0,0.5801,0.0148,0.0519,ev,multiplicative,live,202609222DD46A1C,2026-09-15T18:07:45.828Z
2026,2,18574,Jaxson Dart,NYG,QB,at LAR,rushYds,Hard Rock,79.5,under,-6000,1400,0.9836,0.9365,0.0503,0,0.9984,0.0148,0.0619,ev,multiplicative,live,202609222DD46A1C,2026-09-15T18:07:45.828Z
2026,2,15332,Amon-Ra St. Brown,DET,WR,at BUF,recYds,Hard Rock,80.5,under,-115,-115,0.5349,0.5000,0.0698,0,0.5496,0.0147,0.0496,ev,multiplicative,live,202609189BE34D3B,2026-09-15T18:07:45.828Z
2026,2,17732,Keon Coleman,BUF,WR,vs DET,recYds,DraftKings,59.5,over,1300,,0.0714,0.0714,,1,0.0860,0.0146,0.0146,ev,none,live,202609189BE34D3B,2026-09-15T18:07:45.828Z
2026,2,15849,Jameson Williams,DET,WR,at BUF,recYds,DraftKings,24.5,over,-551,,0.8464,0.8464,,1,0.8610,0.0146,0.0146,ev,none,live,202609189BE34D3B,2026-09-15T18:07:45.828Z
2026,2,17732,Keon Coleman,BUF,WR,vs DET,recYds,theScore,59.5,over,1300,,0.0714,0.0714,,1,0.0860,0.0146,0.0146,ev,none,live,202609189BE34D3B,2026-09-15T18:07:45.828Z
2026,2,15849,Jameson Williams,DET,WR,at BUF,recYds,BetRivers,39.5,over,-265,,0.7260,0.7260,,1,0.7405,0.0145,0.0145,ev,none,live,202609189BE34D3B,2026-09-15T18:07:45.828Z
2026,2,15876,James Cook,BUF,RB,vs DET,rushYds,BetRivers,59.5,over,-335,,0.7701,0.7701,,1,0.7845,0.0144,0.0144,ev,none,live,202609189BE34D3B,2026-09-15T18:07:45.828Z
2026,2,15892,Khalil Shakir,BUF,WR,vs DET,receptions,FanDuel,3.5,over,-226,,0.6933,0.6933,,1,0.7076,0.0143,0.0143,ev,none,live,202609189BE34D3B,2026-09-15T18:07:45.828Z
2026,2,15892,Khalil Shakir,BUF,WR,vs DET,recYds,Hard Rock,89.5,over,500,-1100,0.1667,0.1538,0.0833,0,0.1810,0.0143,0.0271,ev,multiplicative,live,202609189BE34D3B,2026-09-15T18:07:45.828Z
2026,2,18574,Jaxson Dart,NYG,QB,at LAR,rushYds,Hard Rock,30.5,under,-115,-115,0.5349,0.5000,0.0698,0,0.5492,0.0143,0.0492,ev,multiplicative,live,202609222DD46A1C,2026-09-15T18:07:45.828Z
2026,2,15892,Khalil Shakir,BUF,WR,vs DET,recYds,Hard Rock,54.5,over,135,-195,0.4255,0.3916,0.0865,0,0.4398,0.0142,0.0481,ev,multiplicative,live,202609189BE34D3B,2026-09-15T18:07:45.828Z
2026,2,12477,DJ Moore,BUF,WR,vs DET,recYds,Hard Rock,20.5,under,650,-1800,0.1333,0.1234,0.0807,0,0.1475,0.0142,0.0242,ev,multiplicative,live,202609189BE34D3B,2026-09-15T18:07:45.828Z
2026,2,12483,Josh Allen,BUF,QB,vs DET,rushYds,Hard Rock,79.5,under,-7000,1500,0.9859,0.9404,0.0484,0,1.0000,0.0141,0.0596,ev,multiplicative,live,202609189BE34D3B,2026-09-15T18:07:45.828Z
2026,2,15447,Joshua Palmer,BUF,WR,vs DET,recYds,Hard Rock,64.5,under,-7000,1500,0.9859,0.9404,0.0484,0,1.0000,0.0141,0.0596,ev,multiplicative,live,202609189BE34D3B,2026-09-15T18:07:45.828Z
2026,2,13466,Dawson Knox,BUF,TE,vs DET,recYds,Hard Rock,57.5,under,-7000,1400,0.9859,0.9367,0.0526,0,0.9999,0.0140,0.0633,ev,multiplicative,live,202609189BE34D3B,2026-09-15T18:07:45.828Z
2026,2,10729,Jared Goff,DET,QB,at BUF,passYds,Hard Rock,338.5,under,-700,375,0.8750,0.8061,0.0855,0,0.8890,0.0140,0.0829,ev,multiplicative,live,202609189BE34D3B,2026-09-15T18:07:45.828Z
2026,2,15876,James Cook,BUF,RB,vs DET,rushYds,Hard Rock,39.5,over,-1200,550,0.9231,0.8571,0.0769,0,0.9371,0.0140,0.0799,ev,multiplicative,live,202609189BE34D3B,2026-09-15T18:07:45.828Z
2026,2,12483,Josh Allen,BUF,QB,vs DET,int,DraftKings,0.5,under,-166,130,0.6241,0.5894,0.0588,0,0.6376,0.0136,0.0482,ev,multiplicative,live,202609189BE34D3B,2026-09-15T18:07:45.828Z
2026,2,15849,Jameson Williams,DET,WR,at BUF,receptions,Hard Rock,7.5,over,850,,0.1053,0.1053,,1,0.1188,0.0135,0.0135,ev,none,live,202609189BE34D3B,2026-09-15T18:07:45.828Z
2026,2,15876,James Cook,BUF,RB,vs DET,rushYds,Hard Rock,73.5,over,-145,105,0.5918,0.5482,0.0796,0,0.6053,0.0135,0.0572,ev,multiplicative,live,202609189BE34D3B,2026-09-15T18:07:45.828Z
2026,2,15892,Khalil Shakir,BUF,WR,vs DET,recYds,FanDuel,49.5,over,113,,0.4695,0.4695,,1,0.4829,0.0134,0.0134,ev,none,live,202609189BE34D3B,2026-09-15T18:07:45.828Z
2026,2,15892,Khalil Shakir,BUF,WR,vs DET,recYds,DraftKings,49.5,over,113,,0.4695,0.4695,,1,0.4829,0.0134,0.0134,ev,none,live,202609189BE34D3B,2026-09-15T18:07:45.828Z
2026,2,15892,Khalil Shakir,BUF,WR,vs DET,receptions,Hard Rock,2.5,over,-575,,0.8519,0.8519,,1,0.8651,0.0133,0.0133,ev,none,live,202609189BE34D3B,2026-09-15T18:07:45.828Z
2026,2,17732,Keon Coleman,BUF,WR,vs DET,recYds,theScore,11.5,over,-120,-110,0.5455,0.5101,0.0693,0,0.5587,0.0132,0.0485,ev,multiplicative,live,202609189BE34D3B,2026-09-15T18:07:45.828Z
2026,2,16808,Jahmyr Gibbs,DET,RB,at BUF,receptions,DraftKings,6.5,over,440,,0.1852,0.1852,,1,0.1982,0.0131,0.0131,ev,none,live,202609189BE34D3B,2026-09-15T18:07:45.828Z
2026,2,18642,Isaac TeSlaa,DET,WR,at BUF,recYds,theScore,14.5,over,-130,100,0.5652,0.5306,0.0652,0,0.5781,0.0129,0.0475,ev,multiplicative,live,202609189BE34D3B,2026-09-15T18:07:45.828Z
2026,2,12477,DJ Moore,BUF,WR,vs DET,receptions,BetRivers,8.5,over,1200,,0.0769,0.0769,,1,0.0897,0.0128,0.0128,ev,none,live,202609189BE34D3B,2026-09-15T18:07:45.828Z
2026,2,18574,Jaxson Dart,NYG,QB,at LAR,rushYds,Hard Rock,80.5,under,-7000,1500,0.9859,0.9404,0.0484,0,0.9987,0.0128,0.0583,ev,multiplicative,live,202609222DD46A1C,2026-09-15T18:07:45.828Z
2026,2,18534,Tyler Warren,IND,TE,at KC,anytimeTD,Caesars,0.5,over,245,,0.2899,0.2899,,1,0.3023,0.0125,0.0125,ev,none,live,202609217572D919,2026-09-15T18:07:45.828Z
2026,2,12483,Josh Allen,BUF,QB,vs DET,rushYds,Caesars,9.5,over,-1300,,0.9286,0.9286,,1,0.9409,0.0123,0.0123,ev,none,live,202609189BE34D3B,2026-09-15T18:07:45.828Z
2026,2,12483,Josh Allen,BUF,QB,vs DET,rushYds,Hard Rock,80.5,under,-8000,1600,0.9877,0.9438,0.0465,0,1.0000,0.0123,0.0562,ev,multiplicative,live,202609189BE34D3B,2026-09-15T18:07:45.828Z
2026,2,15892,Khalil Shakir,BUF,WR,vs DET,recYds,theScore,109.5,over,1200,,0.0769,0.0769,,1,0.0892,0.0122,0.0122,ev,none,live,202609189BE34D3B,2026-09-15T18:07:45.828Z
2026,2,16697,Dalton Kincaid,BUF,TE,vs DET,recYds,Hard Rock,65.5,under,-240,165,0.7059,0.6516,0.0832,0,0.7180,0.0121,0.0663,ev,multiplicative,live,202609189BE34D3B,2026-09-15T18:07:45.828Z
2026,2,15892,Khalil Shakir,BUF,WR,vs DET,recYds,theScore,29.5,over,-325,,0.7647,0.7647,,1,0.7768,0.0121,0.0121,ev,none,live,202609189BE34D3B,2026-09-15T18:07:45.828Z
2026,2,15892,Khalil Shakir,BUF,WR,vs DET,receptions,FanDuel,2.5,over,-581,,0.8532,0.8532,,1,0.8651,0.0120,0.0120,ev,none,live,202609189BE34D3B,2026-09-15T18:07:45.828Z
2026,2,17732,Keon Coleman,BUF,WR,vs DET,recYds,DraftKings,14.5,over,110,,0.4762,0.4762,,1,0.4882,0.0120,0.0120,ev,none,live,202609189BE34D3B,2026-09-15T18:07:45.828Z
2026,2,12483,Josh Allen,BUF,QB,vs DET,rushYds,FanDuel,19.5,over,-292,,0.7449,0.7449,,1,0.7568,0.0119,0.0119,ev,none,live,202609189BE34D3B,2026-09-15T18:07:45.828Z
2026,2,15849,Jameson Williams,DET,WR,at BUF,receptions,Caesars,6.5,over,450,,0.1818,0.1818,,1,0.1937,0.0118,0.0118,ev,none,live,202609189BE34D3B,2026-09-15T18:07:45.828Z
2026,2,15892,Khalil Shakir,BUF,WR,vs DET,recYds,Caesars,44.5,over,-117,-113,0.5392,0.5040,0.0697,0,0.5508,0.0116,0.0467,ev,multiplicative,live,202609189BE34D3B,2026-09-15T18:07:45.828Z
2026,2,12483,Josh Allen,BUF,QB,vs DET,passYds,Hard Rock,278.5,under,-250,170,0.7143,0.6585,0.0847,0,0.7259,0.0116,0.0673,ev,multiplicative,live,202609189BE34D3B,2026-09-15T18:07:45.828Z
2026,2,17690,Blake Corum,LAR,RB,vs NYG,rushYds,Hard Rock,8.5,over,-6000,1300,0.9836,0.9323,0.0550,0,0.9951,0.0115,0.0628,ev,multiplicative,live,202609222DD46A1C,2026-09-15T18:07:45.828Z
2026,2,15892,Khalil Shakir,BUF,WR,vs DET,recYds,DraftKings,119.5,over,2000,,0.0476,0.0476,,1,0.0590,0.0114,0.0114,ev,none,live,202609189BE34D3B,2026-09-15T18:07:45.828Z
2026,2,16808,Jahmyr Gibbs,DET,RB,at BUF,receptions,DraftKings,7.5,over,810,,0.1099,0.1099,,1,0.1212,0.0113,0.0113,ev,none,live,202609189BE34D3B,2026-09-15T18:07:45.828Z
2026,2,16808,Jahmyr Gibbs,DET,RB,at BUF,recYds,Hard Rock,74.5,under,-7000,1400,0.9859,0.9367,0.0526,0,0.9971,0.0112,0.0604,ev,multiplicative,live,202609189BE34D3B,2026-09-15T18:07:45.828Z
2026,2,15892,Khalil Shakir,BUF,WR,vs DET,recYds,Hard Rock,94.5,over,600,-1600,0.1429,0.1318,0.0840,0,0.1538,0.0110,0.0220,ev,multiplicative,live,202609189BE34D3B,2026-09-15T18:07:45.828Z
2026,2,16697,Dalton Kincaid,BUF,TE,vs DET,recYds,Hard Rock,64.5,under,-225,155,0.6923,0.6384,0.0845,0,0.7033,0.0110,0.0649,ev,multiplicative,live,202609189BE34D3B,2026-09-15T18:07:45.828Z
2026,2,15876,James Cook,BUF,RB,vs DET,rushYds,BetRivers,69.5,over,-186,,0.6503,0.6503,,1,0.6612,0.0109,0.0109,ev,none,live,202609189BE34D3B,2026-09-15T18:07:45.828Z
2026,2,15876,James Cook,BUF,RB,vs DET,rushYds,theScore,44.5,over,-900,,0.9000,0.9000,,1,0.9107,0.0107,0.0107,ev,none,live,202609189BE34D3B,2026-09-15T18:07:45.828Z
2026,2,15892,Khalil Shakir,BUF,WR,vs DET,receptions,Hard Rock,4.5,over,105,-140,0.4878,0.4554,0.0711,0,0.4985,0.0107,0.0431,ev,multiplicative,live,202609189BE34D3B,2026-09-15T18:07:45.828Z
2026,2,8057,Kirk Cousins,LV,QB,at LAC,anytimeTD,BetMGM,0.5,over,2000,,0.0476,0.0476,,1,0.0582,0.0106,0.0106,ev,none,live,2026092038FE57CE,2026-09-15T18:07:45.828Z
2026,2,12477,DJ Moore,BUF,WR,vs DET,receptions,theScore,6.5,over,325,,0.2353,0.2353,,1,0.2459,0.0106,0.0106,ev,none,live,202609189BE34D3B,2026-09-15T18:07:45.828Z
2026,2,12477,DJ Moore,BUF,WR,vs DET,receptions,Hard Rock,6.5,over,325,,0.2353,0.2353,,1,0.2459,0.0106,0.0106,ev,none,live,202609189BE34D3B,2026-09-15T18:07:45.828Z
2026,2,17732,Keon Coleman,BUF,WR,vs DET,recYds,Hard Rock,61.5,over,1400,-6000,0.0667,0.0635,0.0503,0,0.0771,0.0104,0.0136,ev,multiplicative,live,202609189BE34D3B,2026-09-15T18:07:45.828Z
2026,2,17690,Blake Corum,LAR,RB,vs NYG,anytimeTD,Caesars,0.5,over,153,,0.3953,0.3953,,1,0.4055,0.0102,0.0102,ev,none,live,202609222DD46A1C,2026-09-15T18:07:45.828Z
2026,2,16808,Jahmyr Gibbs,DET,RB,at BUF,receptions,BetRivers,7.5,over,800,,0.1111,0.1111,,1,0.1212,0.0101,0.0101,ev,none,live,202609189BE34D3B,2026-09-15T18:07:45.828Z
2026,2,15849,Jameson Williams,DET,WR,at BUF,receptions,DraftKings,3.5,under,128,-164,0.4386,0.4138,0.0598,0,0.4483,0.0097,0.0344,ev,multiplicative,live,202609189BE34D3B,2026-09-15T18:07:45.828Z
2026,2,16808,Jahmyr Gibbs,DET,RB,at BUF,rushYds,Hard Rock,50.5,over,-900,,0.9000,0.9000,,1,0.9094,0.0094,0.0094,ev,none,live,202609189BE34D3B,2026-09-15T18:07:45.828Z
2026,2,17033,Sam LaPorta,DET,TE,at BUF,receptions,BetRivers,5.5,over,215,,0.3175,0.3175,,1,0.3265,0.0090,0.0090,ev,none,live,202609189BE34D3B,2026-09-15T18:07:45.828Z
2026,2,12483,Josh Allen,BUF,QB,vs DET,completions,DraftKings,23.5,over,243,,0.2915,0.2915,,1,0.3005,0.0090,0.0090,ev,none,live,202609189BE34D3B,2026-09-15T18:07:45.828Z
2026,2,15406,DeVonta Smith,PHI,WR,at TEN,anytimeTD,Caesars,0.5,over,183,,0.3534,0.3534,,1,0.3624,0.0090,0.0090,ev,none,live,202609208AD46BE9,2026-09-15T18:07:45.828Z
2026,2,12477,DJ Moore,BUF,WR,vs DET,recYds,Hard Rock,25.5,under,475,-950,0.1739,0.1612,0.0787,0,0.1828,0.0089,0.0216,ev,multiplicative,live,202609189BE34D3B,2026-09-15T18:07:45.828Z
2026,2,15849,Jameson Williams,DET,WR,at BUF,receptions,BetRivers,4.5,over,150,,0.4000,0.4000,,1,0.4086,0.0086,0.0086,ev,none,live,202609189BE34D3B,2026-09-15T18:07:45.828Z
2026,2,10729,Jared Goff,DET,QB,at BUF,passYds,Hard Rock,348.5,under,-950,475,0.9048,0.8388,0.0787,0,0.9131,0.0083,0.0743,ev,multiplicative,live,202609189BE34D3B,2026-09-15T18:07:45.828Z
2026,2,15876,James Cook,BUF,RB,vs DET,rushYds,Hard Rock,128.5,under,-1100,525,0.9167,0.8514,0.0767,0,0.9249,0.0083,0.0735,ev,multiplicative,live,202609189BE34D3B,2026-09-15T18:07:45.828Z
2026,2,15876,James Cook,BUF,RB,vs DET,rushYds,Hard Rock,38.5,over,-1400,575,0.9333,0.8630,0.0815,0,0.9415,0.0082,0.0785,ev,multiplicative,live,202609189BE34D3B,2026-09-15T18:07:45.828Z
2026,2,16697,Dalton Kincaid,BUF,TE,vs DET,recYds,Hard Rock,24.5,under,350,-600,0.2222,0.2059,0.0794,0,0.2304,0.0082,0.0246,ev,multiplicative,live,202609189BE34D3B,2026-09-15T18:07:45.828Z
2026,2,17033,Sam LaPorta,DET,TE,at BUF,receptions,BetRivers,6.5,over,440,,0.1852,0.1852,,1,0.1932,0.0081,0.0081,ev,none,live,202609189BE34D3B,2026-09-15T18:07:45.828Z
2026,2,12483,Josh Allen,BUF,QB,vs DET,int,Caesars,0.5,under,-170,128,0.6296,0.5894,0.0682,0,0.6376,0.0080,0.0482,ev,multiplicative,live,202609189BE34D3B,2026-09-15T18:07:45.828Z
2026,2,12483,Josh Allen,BUF,QB,vs DET,int,theScore,0.5,under,-170,130,0.6296,0.5915,0.0644,0,0.6376,0.0080,0.0461,ev,multiplicative,live,202609189BE34D3B,2026-09-15T18:07:45.828Z
2026,2,15892,Khalil Shakir,BUF,WR,vs DET,receptions,theScore,2.5,over,-600,,0.8571,0.8571,,1,0.8651,0.0080,0.0080,ev,none,live,202609189BE34D3B,2026-09-15T18:07:45.828Z
2026,2,16808,Jahmyr Gibbs,DET,RB,at BUF,receptions,Caesars,6.5,over,425,,0.1905,0.1905,,1,0.1982,0.0078,0.0078,ev,none,live,202609189BE34D3B,2026-09-15T18:07:45.828Z
2026,2,14510,Darnell Mooney,NYG,WR,at LAR,anytimeTD,FanDuel,0.5,over,850,,0.1053,0.1053,,1,0.1131,0.0078,0.0078,ev,none,live,202609222DD46A1C,2026-09-15T18:07:45.828Z
2026,2,15876,James Cook,BUF,RB,vs DET,rushYds,theScore,74.5,over,-140,,0.5833,0.5833,,1,0.5910,0.0076,0.0076,ev,none,live,202609189BE34D3B,2026-09-15T18:07:45.828Z
2026,2,12483,Josh Allen,BUF,QB,vs DET,rushYds,FanDuel,9.5,over,-1401,,0.9334,0.9334,,1,0.9409,0.0075,0.0075,ev,none,live,202609189BE34D3B,2026-09-15T18:07:45.828Z
2026,2,15183,Ja'Marr Chase,CIN,WR,at HOU,anytimeTD,DraftKings,0.5,over,120,,0.4545,0.4545,,1,0.4621,0.0075,0.0075,ev,none,live,202609203726483F,2026-09-15T18:07:45.828Z
2026,2,13466,Dawson Knox,BUF,TE,vs DET,receptions,DraftKings,3.5,over,1080,,0.0847,0.0847,,1,0.0921,0.0073,0.0073,ev,none,live,202609189BE34D3B,2026-09-15T18:07:45.828Z
2026,2,15332,Amon-Ra St. Brown,DET,WR,at BUF,recYds,Caesars,79.5,under,-113,-117,0.5305,0.4960,0.0697,0,0.5377,0.0072,0.0418,ev,multiplicative,live,202609189BE34D3B,2026-09-15T18:07:45.828Z
2026,2,15892,Khalil Shakir,BUF,WR,vs DET,recYds,BetRivers,39.5,over,-167,,0.6255,0.6255,,1,0.6327,0.0072,0.0072,ev,none,live,202609189BE34D3B,2026-09-15T18:07:45.828Z
2026,2,15849,Jameson Williams,DET,WR,at BUF,receptions,FanDuel,7.5,over,796,,0.1116,0.1116,,1,0.1188,0.0072,0.0072,ev,none,live,202609189BE34D3B,2026-09-15T18:07:45.828Z
2026,2,15849,Jameson Williams,DET,WR,at BUF,recYds,Hard Rock,39.5,over,-275,190,0.7333,0.6802,0.0782,0,0.7405,0.0072,0.0603,ev,multiplicative,live,202609189BE34D3B,2026-09-15T18:07:45.828Z
2026,2,12477,DJ Moore,BUF,WR,vs DET,receptions,FanDuel,7.5,over,576,,0.1479,0.1479,,1,0.1551,0.0071,0.0071,ev,none,live,202609189BE34D3B,2026-09-15T18:07:45.828Z
2026,2,12483,Josh Allen,BUF,QB,vs DET,rushYds,Hard Rock,10.5,over,-1200,525,0.9231,0.8523,0.0831,0,0.9299,0.0069,0.0777,ev,multiplicative,live,202609189BE34D3B,2026-09-15T18:07:45.828Z
2026,2,12477,DJ Moore,BUF,WR,vs DET,receptions,Hard Rock,7.5,over,575,,0.1481,0.1481,,1,0.1551,0.0069,0.0069,ev,none,live,202609189BE34D3B,2026-09-15T18:07:45.828Z
2026,2,18642,Isaac TeSlaa,DET,WR,at BUF,recYds,theScore,9.5,over,-210,,0.6774,0.6774,,1,0.6841,0.0067,0.0067,ev,none,live,202609189BE34D3B,2026-09-15T18:07:45.828Z
2026,2,12507,Saquon Barkley,PHI,RB,at TEN,anytimeTD,theScore,0.5,over,-115,,0.5349,0.5349,,1,0.5416,0.0067,0.0067,ev,none,live,202609208AD46BE9,2026-09-15T18:07:45.828Z
2026,2,15332,Amon-Ra St. Brown,DET,WR,at BUF,receptions,BetRivers,10.5,over,440,,0.1852,0.1852,,1,0.1917,0.0066,0.0066,ev,none,live,202609189BE34D3B,2026-09-15T18:07:45.828Z
2026,2,15876,James Cook,BUF,RB,vs DET,rushAtt,theScore,11.5,over,-1100,,0.9167,0.9167,,1,0.9233,0.0066,0.0066,ev,none,live,202609189BE34D3B,2026-09-15T18:07:45.828Z
2026,2,15876,James Cook,BUF,RB,vs DET,rushYds,Hard Rock,123.5,under,-850,450,0.8947,0.8311,0.0766,0,0.9012,0.0065,0.0701,ev,multiplicative,live,202609189BE34D3B,2026-09-15T18:07:45.828Z
2026,2,15892,Khalil Shakir,BUF,WR,vs DET,recYds,FanDuel,19.5,over,-703,,0.8755,0.8755,,1,0.8818,0.0064,0.0064,ev,none,live,202609189BE34D3B,2026-09-15T18:07:45.828Z
2026,2,15892,Khalil Shakir,BUF,WR,vs DET,recYds,theScore,119.5,over,1800,,0.0526,0.0526,,1,0.0590,0.0064,0.0064,ev,none,live,202609189BE34D3B,2026-09-15T18:07:45.828Z
2026,2,16808,Jahmyr Gibbs,DET,RB,at BUF,receptions,DraftKings,8.5,over,1520,,0.0617,0.0617,,1,0.0681,0.0063,0.0063,ev,none,live,202609189BE34D3B,2026-09-15T18:07:45.828Z
2026,2,15849,Jameson Williams,DET,WR,at BUF,receptions,Hard Rock,5.5,over,250,,0.2857,0.2857,,1,0.2919,0.0062,0.0062,ev,none,live,202609189BE34D3B,2026-09-15T18:07:45.828Z
2026,2,17732,Keon Coleman,BUF,WR,vs DET,recYds,Hard Rock,64.5,over,1600,-8000,0.0588,0.0562,0.0465,0,0.0650,0.0062,0.0088,ev,multiplicative,live,202609189BE34D3B,2026-09-15T18:07:45.828Z
2026,2,15876,James Cook,BUF,RB,vs DET,rushYds,theScore,69.5,over,-190,,0.6552,0.6552,,1,0.6612,0.0061,0.0061,ev,none,live,202609189BE34D3B,2026-09-15T18:07:45.828Z
2026,2,16808,Jahmyr Gibbs,DET,RB,at BUF,anytimeTD,Caesars,0.5,over,-320,,0.7619,0.7619,,1,0.7678,0.0059,0.0059,ev,none,live,202609189BE34D3B,2026-09-15T18:07:45.828Z
2026,2,16808,Jahmyr Gibbs,DET,RB,at BUF,receptions,BetRivers,6.5,over,420,,0.1923,0.1923,,1,0.1982,0.0059,0.0059,ev,none,live,202609189BE34D3B,2026-09-15T18:07:45.828Z
2026,2,16808,Jahmyr Gibbs,DET,RB,at BUF,anytimeTD,DraftKings,0.5,over,-320,,0.7619,0.7619,,1,0.7678,0.0059,0.0059,ev,none,live,202609189BE34D3B,2026-09-15T18:07:45.828Z
2026,2,18574,Jaxson Dart,NYG,QB,at LAR,passTD,Hard Rock,0.5,over,-300,,0.7500,0.7500,,1,0.7559,0.0059,0.0059,ev,none,live,202609222DD46A1C,2026-09-15T18:07:45.828Z
2026,2,12477,DJ Moore,BUF,WR,vs DET,receptions,DraftKings,9.5,over,2300,,0.0417,0.0417,,1,0.0475,0.0058,0.0058,ev,none,live,202609189BE34D3B,2026-09-15T18:07:45.828Z
2026,2,15876,James Cook,BUF,RB,vs DET,rushYds,Hard Rock,118.5,under,-650,375,0.8667,0.8046,0.0772,0,0.8724,0.0058,0.0679,ev,multiplicative,live,202609189BE34D3B,2026-09-15T18:07:45.828Z
2026,2,15876,James Cook,BUF,RB,vs DET,rushAtt,theScore,9.5,over,-4000,,0.9756,0.9756,,1,0.9813,0.0057,0.0057,ev,none,live,202609189BE34D3B,2026-09-15T18:07:45.828Z
2026,2,19320,Ted Hurst,TB,WR,vs CLE,anytimeTD,BetMGM,0.5,over,700,,0.1250,0.1250,,1,0.1306,0.0056,0.0056,ev,none,live,20260920ABAE4147,2026-09-15T18:07:45.828Z
2026,2,8057,Kirk Cousins,LV,QB,at LAC,anytimeTD,Caesars,0.5,over,1800,,0.0526,0.0526,,1,0.0582,0.0056,0.0056,ev,none,live,2026092038FE57CE,2026-09-15T18:07:45.828Z
2026,2,5971,Matthew Stafford,LAR,QB,vs NYG,anytimeTD,Caesars,0.5,over,1800,,0.0526,0.0526,,1,0.0582,0.0056,0.0056,ev,none,live,202609222DD46A1C,2026-09-15T18:07:45.828Z
2026,2,5971,Matthew Stafford,LAR,QB,vs NYG,anytimeTD,FanDuel,0.5,over,1800,,0.0526,0.0526,,1,0.0582,0.0056,0.0056,ev,none,live,202609222DD46A1C,2026-09-15T18:07:45.828Z
2026,2,12477,DJ Moore,BUF,WR,vs DET,receptions,FanDuel,6.5,over,316,,0.2404,0.2404,,1,0.2459,0.0055,0.0055,ev,none,live,202609189BE34D3B,2026-09-15T18:07:45.828Z
2026,2,15849,Jameson Williams,DET,WR,at BUF,recYds,Hard Rock,48.5,over,-180,130,0.6429,0.5965,0.0776,0,0.6483,0.0055,0.0518,ev,multiplicative,live,202609189BE34D3B,2026-09-15T18:07:45.828Z
2026,2,15332,Amon-Ra St. Brown,DET,WR,at BUF,receptions,Hard Rock,11.5,over,650,,0.1333,0.1333,,1,0.1388,0.0055,0.0055,ev,none,live,202609189BE34D3B,2026-09-15T18:07:45.828Z
2026,2,15892,Khalil Shakir,BUF,WR,vs DET,receptions,DraftKings,1.5,over,-1760,,0.9462,0.9462,,1,0.9517,0.0054,0.0054,ev,none,live,202609189BE34D3B,2026-09-15T18:07:45.828Z
2026,2,9253,Mike Evans,SF,WR,vs MIA,anytimeTD,Caesars,0.5,over,130,,0.4348,0.4348,,1,0.4401,0.0053,0.0053,ev,none,live,202609202FE0218E,2026-09-15T18:07:45.828Z
2026,2,15200,Nico Collins,HOU,WR,vs CIN,anytimeTD,theScore,0.5,over,130,,0.4348,0.4348,,1,0.4401,0.0053,0.0053,ev,none,live,202609203726483F,2026-09-15T18:07:45.828Z
2026,2,9253,Mike Evans,SF,WR,vs MIA,anytimeTD,theScore,0.5,over,130,,0.4348,0.4348,,1,0.4401,0.0053,0.0053,ev,none,live,202609202FE0218E,2026-09-15T18:07:45.828Z
2026,2,15406,DeVonta Smith,PHI,WR,at TEN,anytimeTD,DraftKings,0.5,over,180,,0.3571,0.3571,,1,0.3624,0.0052,0.0052,ev,none,live,202609208AD46BE9,2026-09-15T18:07:45.828Z
2026,2,19313,Malachi Fields,NYG,WR,at LAR,anytimeTD,FanDuel,0.5,over,420,,0.1923,0.1923,,1,0.1975,0.0052,0.0052,ev,none,live,202609222DD46A1C,2026-09-15T18:07:45.828Z
2026,2,13466,Dawson Knox,BUF,TE,vs DET,anytimeTD,BetRivers,0.5,over,600,,0.1429,0.1429,,1,0.1479,0.0050,0.0050,ev,none,live,202609189BE34D3B,2026-09-15T18:07:45.828Z
2026,2,15332,Amon-Ra St. Brown,DET,WR,at BUF,recYds,FanDuel,79.5,under,-114,-114,0.5327,0.5000,0.0654,0,0.5377,0.0050,0.0377,ev,multiplicative,live,202609189BE34D3B,2026-09-15T18:07:45.828Z
2026,2,12477,DJ Moore,BUF,WR,vs DET,receptions,Hard Rock,9.5,over,2250,,0.0426,0.0426,,1,0.0475,0.0049,0.0049,ev,none,live,202609189BE34D3B,2026-09-15T18:07:45.828Z
2026,2,18544,Oscar Delp,NO,TE,at BAL,anytimeTD,BetMGM,0.5,over,2800,,0.0345,0.0345,,1,0.0392,0.0047,0.0047,ev,none,live,20260920941629C7,2026-09-15T18:07:45.828Z
2026,2,15876,James Cook,BUF,RB,vs DET,rushYds,theScore,34.5,over,-2000,,0.9524,0.9524,,1,0.9570,0.0046,0.0046,ev,none,live,202609189BE34D3B,2026-09-15T18:07:45.828Z
2026,2,12483,Josh Allen,BUF,QB,vs DET,passYds,Hard Rock,288.5,under,-325,220,0.7647,0.7099,0.0772,0,0.7692,0.0045,0.0593,ev,multiplicative,live,202609189BE34D3B,2026-09-15T18:07:45.828Z
2026,2,15892,Khalil Shakir,BUF,WR,vs DET,recYds,Hard Rock,99.5,over,700,-2200,0.1250,0.1156,0.0815,0,0.1295,0.0045,0.0139,ev,multiplicative,live,202609189BE34D3B,2026-09-15T18:07:45.828Z
2026,2,12477,DJ Moore,BUF,WR,vs DET,recYds,Hard Rock,49.5,under,145,-200,0.4082,0.3797,0.0748,0,0.4125,0.0044,0.0328,ev,multiplicative,live,202609189BE34D3B,2026-09-15T18:07:45.828Z
2026,2,15892,Khalil Shakir,BUF,WR,vs DET,receptions,theScore,1.5,over,-1800,,0.9474,0.9474,,1,0.9517,0.0043,0.0043,ev,none,live,202609189BE34D3B,2026-09-15T18:07:45.828Z
2026,2,18642,Isaac TeSlaa,DET,WR,at BUF,receptions,BetRivers,2.5,over,375,,0.2105,0.2105,,1,0.2147,0.0041,0.0041,ev,none,live,202609189BE34D3B,2026-09-15T18:07:45.828Z
2026,2,15849,Jameson Williams,DET,WR,at BUF,recYds,Hard Rock,43.5,over,-230,160,0.6970,0.6444,0.0816,0,0.7011,0.0041,0.0567,ev,multiplicative,live,202609189BE34D3B,2026-09-15T18:07:45.828Z
2026,2,12477,DJ Moore,BUF,WR,vs DET,recYds,Hard Rock,40.5,under,220,-325,0.3125,0.2901,0.0772,0,0.3165,0.0040,0.0264,ev,multiplicative,live,202609189BE34D3B,2026-09-15T18:07:45.828Z
2026,2,16808,Jahmyr Gibbs,DET,RB,at BUF,rushYds,Hard Rock,49.5,over,-1000,500,0.9091,0.8451,0.0758,0,0.9130,0.0039,0.0679,ev,multiplicative,live,202609189BE34D3B,2026-09-15T18:07:45.828Z
2026,2,16808,Jahmyr Gibbs,DET,RB,at BUF,rushYds,theScore,49.5,over,-1000,,0.9091,0.9091,,1,0.9130,0.0039,0.0039,ev,none,live,202609189BE34D3B,2026-09-15T18:07:45.828Z
2026,2,12477,DJ Moore,BUF,WR,vs DET,recYds,Hard Rock,55.5,under,110,-150,0.4762,0.4425,0.0762,0,0.4800,0.0038,0.0375,ev,multiplicative,live,202609189BE34D3B,2026-09-15T18:07:45.828Z
2026,2,15876,James Cook,BUF,RB,vs DET,rushYds,FanDuel,39.5,over,-1402,,0.9334,0.9334,,1,0.9371,0.0037,0.0037,ev,none,live,202609189BE34D3B,2026-09-15T18:07:45.828Z
2026,2,15876,James Cook,BUF,RB,vs DET,rushYds,theScore,29.5,over,-3000,,0.9677,0.9677,,1,0.9714,0.0037,0.0037,ev,none,live,202609189BE34D3B,2026-09-15T18:07:45.828Z
2026,2,15332,Amon-Ra St. Brown,DET,WR,at BUF,receptions,FanDuel,11.5,over,639,,0.1353,0.1353,,1,0.1388,0.0035,0.0035,ev,none,live,202609189BE34D3B,2026-09-15T18:07:45.828Z
2026,2,15892,Khalil Shakir,BUF,WR,vs DET,receptions,FanDuel,4.5,over,102,-136,0.4950,0.4621,0.0713,0,0.4985,0.0035,0.0364,ev,multiplicative,live,202609189BE34D3B,2026-09-15T18:07:45.828Z
2026,2,15849,Jameson Williams,DET,WR,at BUF,receptions,FanDuel,6.5,over,426,,0.1901,0.1901,,1,0.1937,0.0035,0.0035,ev,none,live,202609189BE34D3B,2026-09-15T18:07:45.828Z
2026,2,16808,Jahmyr Gibbs,DET,RB,at BUF,receptions,Hard Rock,7.5,over,750,,0.1176,0.1176,,1,0.1212,0.0035,0.0035,ev,none,live,202609189BE34D3B,2026-09-15T18:07:45.828Z
2026,2,12477,DJ Moore,BUF,WR,vs DET,recYds,Hard Rock,39.5,under,230,-350,0.3030,0.2804,0.0808,0,0.3065,0.0034,0.0261,ev,multiplicative,live,202609189BE34D3B,2026-09-15T18:07:45.828Z
2026,2,16697,Dalton Kincaid,BUF,TE,vs DET,recYds,Hard Rock,25.5,under,325,-550,0.2353,0.2176,0.0814,0,0.2387,0.0034,0.0211,ev,multiplicative,live,202609189BE34D3B,2026-09-15T18:07:45.828Z
2026,2,15892,Khalil Shakir,BUF,WR,vs DET,receptions,BetRivers,2.5,over,-625,,0.8621,0.8621,,1,0.8651,0.0031,0.0031,ev,none,live,202609189BE34D3B,2026-09-15T18:07:45.828Z
2026,2,15892,Khalil Shakir,BUF,WR,vs DET,recYds,DraftKings,129.5,over,2800,,0.0345,0.0345,,1,0.0375,0.0030,0.0030,ev,none,live,202609189BE34D3B,2026-09-15T18:07:45.828Z
2026,2,15892,Khalil Shakir,BUF,WR,vs DET,recYds,theScore,39.5,over,-170,,0.6296,0.6296,,1,0.6327,0.0030,0.0030,ev,none,live,202609189BE34D3B,2026-09-15T18:07:45.828Z
2026,2,15332,Amon-Ra St. Brown,DET,WR,at BUF,recYds,Hard Rock,79.5,under,-115,-120,0.5349,0.4951,0.0803,0,0.5377,0.0029,0.0426,ev,multiplicative,live,202609189BE34D3B,2026-09-15T18:07:45.828Z
2026,2,17732,Keon Coleman,BUF,WR,vs DET,recYds,DraftKings,69.5,over,2100,,0.0455,0.0455,,1,0.0482,0.0028,0.0028,ev,none,live,202609189BE34D3B,2026-09-15T18:07:45.828Z
2026,2,17584,Jacob Saylors,DET,RB,at BUF,anytimeTD,DraftKings,0.5,over,1700,,0.0556,0.0556,,1,0.0582,0.0027,0.0027,ev,none,live,202609189BE34D3B,2026-09-15T18:07:45.828Z
2026,2,18642,Isaac TeSlaa,DET,WR,at BUF,recYds,Hard Rock,10.5,over,-195,135,0.6610,0.6084,0.0865,0,0.6638,0.0027,0.0554,ev,multiplicative,live,202609189BE34D3B,2026-09-15T18:07:45.828Z
2026,2,17704,Malik Nabers,NYG,WR,at LAR,receptions,Hard Rock,6.5,over,160,,0.3846,0.3846,,1,0.3872,0.0026,0.0026,ev,none,live,202609222DD46A1C,2026-09-15T18:07:45.828Z
2026,2,16808,Jahmyr Gibbs,DET,RB,at BUF,rushYds,Caesars,29.5,over,-2500,,0.9615,0.9615,,1,0.9640,0.0025,0.0025,ev,none,live,202609189BE34D3B,2026-09-15T18:07:45.828Z
2026,2,18472,Harold Fannin Jr.,CLE,TE,at TB,anytimeTD,BetMGM,0.5,over,250,,0.2857,0.2857,,1,0.2882,0.0025,0.0025,ev,none,live,20260920ABAE4147,2026-09-15T18:07:45.828Z
2026,2,15868,Drake London,ATL,WR,vs CAR,anytimeTD,Caesars,0.5,over,188,,0.3472,0.3472,,1,0.3495,0.0023,0.0023,ev,none,live,20260920E9718F0E,2026-09-15T18:07:45.828Z
2026,2,15892,Khalil Shakir,BUF,WR,vs DET,recYds,BetRivers,49.5,over,108,,0.4808,0.4808,,1,0.4829,0.0021,0.0021,ev,none,live,202609189BE34D3B,2026-09-15T18:07:45.828Z
2026,2,18642,Isaac TeSlaa,DET,WR,at BUF,receptions,BetRivers,1.5,over,120,,0.4545,0.4545,,1,0.4566,0.0021,0.0021,ev,none,live,202609189BE34D3B,2026-09-15T18:07:45.828Z
2026,2,18642,Isaac TeSlaa,DET,WR,at BUF,receptions,Hard Rock,1.5,over,120,-155,0.4545,0.4279,0.0624,0,0.4566,0.0021,0.0287,ev,multiplicative,live,202609189BE34D3B,2026-09-15T18:07:45.828Z
2026,2,18642,Isaac TeSlaa,DET,WR,at BUF,receptions,theScore,1.5,over,120,-155,0.4545,0.4279,0.0624,0,0.4566,0.0021,0.0287,ev,multiplicative,live,202609189BE34D3B,2026-09-15T18:07:45.828Z
2026,2,14510,Darnell Mooney,NYG,WR,at LAR,anytimeTD,Caesars,0.5,over,800,,0.1111,0.1111,,1,0.1131,0.0020,0.0020,ev,none,live,202609222DD46A1C,2026-09-15T18:07:45.828Z
2026,2,15332,Amon-Ra St. Brown,DET,WR,at BUF,recYds,Hard Rock,24.5,under,1400,-6000,0.0667,0.0635,0.0503,0,0.0684,0.0017,0.0049,ev,multiplicative,live,202609189BE34D3B,2026-09-15T18:07:45.828Z
2026,2,16808,Jahmyr Gibbs,DET,RB,at BUF,rushYds,theScore,39.5,over,-1600,,0.9412,0.9412,,1,0.9429,0.0017,0.0017,ev,none,live,202609189BE34D3B,2026-09-15T18:07:45.828Z
2026,2,15892,Khalil Shakir,BUF,WR,vs DET,recYds,BetRivers,29.5,over,-345,,0.7753,0.7753,,1,0.7768,0.0016,0.0016,ev,none,live,202609189BE34D3B,2026-09-15T18:07:45.828Z
2026,2,18514,Cam Skattebo,NYG,RB,at LAR,rushYds,Hard Rock,34.5,over,-300,200,0.7500,0.6923,0.0833,0,0.7516,0.0016,0.0593,ev,multiplicative,live,202609222DD46A1C,2026-09-15T18:07:45.828Z
2026,2,16808,Jahmyr Gibbs,DET,RB,at BUF,rushYds,DraftKings,169.5,over,1040,,0.0877,0.0877,,1,0.0892,0.0015,0.0015,ev,none,live,202609189BE34D3B,2026-09-15T18:07:45.828Z
2026,2,15876,James Cook,BUF,RB,vs DET,rushYds,theScore,24.5,over,-5000,,0.9804,0.9804,,1,0.9816,0.0012,0.0012,ev,none,live,202609189BE34D3B,2026-09-15T18:07:45.828Z
2026,2,15849,Jameson Williams,DET,WR,at BUF,recYds,Caesars,57.5,over,-120,-111,0.5455,0.5090,0.0715,0,0.5465,0.0010,0.0374,ev,multiplicative,live,202609189BE34D3B,2026-09-15T18:07:45.828Z
2026,2,12477,DJ Moore,BUF,WR,vs DET,recYds,Hard Rock,35.5,under,275,-450,0.2667,0.2458,0.0848,0,0.2677,0.0010,0.0219,ev,multiplicative,live,202609189BE34D3B,2026-09-15T18:07:45.828Z
2026,2,9255,Odell Beckham Jr.,NYG,WR,at LAR,anytimeTD,FanDuel,0.5,over,1400,,0.0667,0.0667,,1,0.0676,0.0009,0.0009,ev,none,live,202609222DD46A1C,2026-09-15T18:07:45.828Z
2026,2,15332,Amon-Ra St. Brown,DET,WR,at BUF,receptions,DraftKings,12.5,over,940,,0.0962,0.0962,,1,0.0968,0.0007,0.0007,ev,none,live,202609189BE34D3B,2026-09-15T18:07:45.828Z
2026,2,12477,DJ Moore,BUF,WR,vs DET,recYds,Hard Rock,30.5,under,350,-650,0.2222,0.2041,0.0889,0,0.2230,0.0007,0.0189,ev,multiplicative,live,202609189BE34D3B,2026-09-15T18:07:45.828Z
2026,2,15849,Jameson Williams,DET,WR,at BUF,recYds,Hard Rock,53.5,over,-145,105,0.5918,0.5482,0.0796,0,0.5926,0.0007,0.0444,ev,multiplicative,live,202609189BE34D3B,2026-09-15T18:07:45.828Z
2026,2,15807,Kyren Williams,LAR,RB,vs NYG,rushYds,Hard Rock,32.5,over,-1200,525,0.9231,0.8523,0.0831,0,0.9238,0.0007,0.0715,ev,multiplicative,live,202609222DD46A1C,2026-09-15T18:07:45.828Z
2026,2,17732,Keon Coleman,BUF,WR,vs DET,recYds,theScore,69.5,over,2000,,0.0476,0.0476,,1,0.0482,0.0006,0.0006,ev,none,live,202609189BE34D3B,2026-09-15T18:07:45.828Z
2026,2,16808,Jahmyr Gibbs,DET,RB,at BUF,rushYds,theScore,44.5,over,-1300,,0.9286,0.9286,,1,0.9291,0.0005,0.0005,ev,none,live,202609189BE34D3B,2026-09-15T18:07:45.828Z
2026,2,16808,Jahmyr Gibbs,DET,RB,at BUF,anytimeTD,FanDuel,0.5,over,-330,,0.7674,0.7674,,1,0.7678,0.0003,0.0003,ev,none,live,202609189BE34D3B,2026-09-15T18:07:45.828Z
2026,2,17033,Sam LaPorta,DET,TE,at BUF,recYds,Hard Rock,11.5,under,800,-2500,0.1111,0.1036,0.0726,0,0.1113,0.0002,0.0077,ev,multiplicative,live,202609189BE34D3B,2026-09-15T18:07:45.828Z
2026,2,15849,Jameson Williams,DET,WR,at BUF,recYds,Hard Rock,58.5,over,-115,-115,0.5349,0.5000,0.0698,0,0.5348,-0.0000,0.0348,ev,multiplicative,live,202609189BE34D3B,2026-09-15T18:07:45.828Z
2026,2,15332,Amon-Ra St. Brown,DET,WR,at BUF,receptions,DraftKings,11.5,over,620,,0.1389,0.1389,,1,0.1388,-0.0001,-0.0001,ev,none,live,202609189BE34D3B,2026-09-15T18:07:45.828Z
2026,2,17033,Sam LaPorta,DET,TE,at BUF,receptions,BetRivers,7.5,over,900,,0.1000,0.1000,,1,0.0999,-0.0001,-0.0001,ev,none,live,202609189BE34D3B,2026-09-15T18:07:45.828Z
2026,2,15849,Jameson Williams,DET,WR,at BUF,recYds,Hard Rock,38.5,over,-300,200,0.7500,0.6923,0.0833,0,0.7499,-0.0001,0.0576,ev,multiplicative,live,202609189BE34D3B,2026-09-15T18:07:45.828Z
2026,2,15876,James Cook,BUF,RB,vs DET,rushYds,FanDuel,78.5,over,-114,-114,0.5327,0.5000,0.0654,0,0.5324,-0.0003,0.0324,ev,multiplicative,live,202609189BE34D3B,2026-09-15T18:07:45.828Z
2026,2,16808,Jahmyr Gibbs,DET,RB,at BUF,rushYds,DraftKings,39.5,over,-1660,,0.9432,0.9432,,1,0.9429,-0.0003,-0.0003,ev,none,live,202609189BE34D3B,2026-09-15T18:07:45.828Z
2026,2,15876,James Cook,BUF,RB,vs DET,rushYds,BetRivers,78.5,over,-114,-117,0.5327,0.4970,0.0719,0,0.5324,-0.0003,0.0354,ev,multiplicative,live,202609189BE34D3B,2026-09-15T18:07:45.828Z
2026,2,10729,Jared Goff,DET,QB,at BUF,passYds,Hard Rock,358.5,under,-1400,575,0.9333,0.8630,0.0815,0,0.9330,-0.0003,0.0700,ev,multiplicative,live,202609189BE34D3B,2026-09-15T18:07:45.828Z
2026,2,15849,Jameson Williams,DET,WR,at BUF,recYds,Hard Rock,73.5,under,-210,150,0.6774,0.6287,0.0774,0,0.6771,-0.0003,0.0484,ev,multiplicative,live,202609189BE34D3B,2026-09-15T18:07:45.828Z
2026,2,15892,Khalil Shakir,BUF,WR,vs DET,recYds,Caesars,19.5,over,-750,,0.8824,0.8824,,1,0.8818,-0.0005,-0.0005,ev,none,live,202609189BE34D3B,2026-09-15T18:07:45.828Z
2026,2,15876,James Cook,BUF,RB,vs DET,rushYds,BetRivers,49.5,over,-715,,0.8773,0.8773,,1,0.8768,-0.0005,-0.0005,ev,none,live,202609189BE34D3B,2026-09-15T18:07:45.828Z
2026,2,15681,Brock Wright,DET,TE,at BUF,anytimeTD,BetRivers,0.5,over,1600,,0.0588,0.0588,,1,0.0582,-0.0006,-0.0006,ev,none,live,202609189BE34D3B,2026-09-15T18:07:45.828Z
2026,2,19336,Barion Brown,NO,WR,at BAL,anytimeTD,Caesars,0.5,over,1600,,0.0588,0.0588,,1,0.0582,-0.0006,-0.0006,ev,none,live,20260920941629C7,2026-09-15T18:07:45.828Z
2026,2,17584,Jacob Saylors,DET,RB,at BUF,anytimeTD,theScore,0.5,over,1600,,0.0588,0.0588,,1,0.0582,-0.0006,-0.0006,ev,none,live,202609189BE34D3B,2026-09-15T18:07:45.828Z
2026,2,17033,Sam LaPorta,DET,TE,at BUF,receptions,Hard Rock,4.5,over,105,-130,0.4878,0.4632,0.0530,0,0.4867,-0.0011,0.0235,ev,multiplicative,live,202609189BE34D3B,2026-09-15T18:07:45.828Z
2026,2,15332,Amon-Ra St. Brown,DET,WR,at BUF,receptions,FanDuel,12.5,over,919,,0.0981,0.0981,,1,0.0968,-0.0013,-0.0013,ev,none,live,202609189BE34D3B,2026-09-15T18:07:45.828Z
2026,2,15876,James Cook,BUF,RB,vs DET,rushYds,Hard Rock,33.5,over,-2500,800,0.9615,0.8964,0.0726,0,0.9603,-0.0013,0.0638,ev,multiplicative,live,202609189BE34D3B,2026-09-15T18:07:45.828Z
2026,2,15868,Drake London,ATL,WR,vs CAR,anytimeTD,DraftKings,0.5,over,185,,0.3509,0.3509,,1,0.3495,-0.0014,-0.0014,ev,none,live,20260920E9718F0E,2026-09-15T18:07:45.828Z
2026,2,15868,Drake London,ATL,WR,vs CAR,anytimeTD,theScore,0.5,over,185,,0.3509,0.3509,,1,0.3495,-0.0014,-0.0014,ev,none,live,20260920E9718F0E,2026-09-15T18:07:45.828Z
2026,2,15892,Khalil Shakir,BUF,WR,vs DET,receptions,theScore,4.5,over,100,-130,0.5000,0.4694,0.0652,0,0.4985,-0.0015,0.0291,ev,multiplicative,live,202609189BE34D3B,2026-09-15T18:07:45.828Z
2026,2,12477,DJ Moore,BUF,WR,vs DET,recYds,Hard Rock,45.5,under,170,-240,0.3704,0.3441,0.0763,0,0.3688,-0.0015,0.0247,ev,multiplicative,live,202609189BE34D3B,2026-09-15T18:07:45.828Z
2026,2,12477,DJ Moore,BUF,WR,vs DET,receptions,Caesars,5.5,over,177,,0.3610,0.3610,,1,0.3594,-0.0016,-0.0016,ev,none,live,202609189BE34D3B,2026-09-15T18:07:45.828Z
2026,2,15876,James Cook,BUF,RB,vs DET,rushYds,BetRivers,79.5,over,-108,,0.5192,0.5192,,1,0.5176,-0.0016,-0.0016,ev,none,live,202609189BE34D3B,2026-09-15T18:07:45.828Z
2026,2,15876,James Cook,BUF,RB,vs DET,rushYds,theScore,19.5,over,-10000,,0.9901,0.9901,,1,0.9885,-0.0016,-0.0016,ev,none,live,202609189BE34D3B,2026-09-15T18:07:45.828Z
2026,2,17732,Keon Coleman,BUF,WR,vs DET,recYds,Caesars,19.5,over,132,,0.4310,0.4310,,1,0.4293,-0.0017,-0.0017,ev,none,live,202609189BE34D3B,2026-09-15T18:07:45.828Z
2026,2,15876,James Cook,BUF,RB,vs DET,rushYds,Hard Rock,113.5,under,-525,325,0.8400,0.7812,0.0753,0,0.8383,-0.0017,0.0571,ev,multiplicative,live,202609189BE34D3B,2026-09-15T18:07:45.828Z
2026,2,16808,Jahmyr Gibbs,DET,RB,at BUF,receptions,Hard Rock,6.5,over,400,,0.2000,0.2000,,1,0.1982,-0.0018,-0.0018,ev,none,live,202609189BE34D3B,2026-09-15T18:07:45.828Z
2026,2,12477,DJ Moore,BUF,WR,vs DET,recYds,Hard Rock,50.5,under,135,-190,0.4255,0.3938,0.0807,0,0.4237,-0.0019,0.0299,ev,multiplicative,live,202609189BE34D3B,2026-09-15T18:07:45.828Z
2026,2,16808,Jahmyr Gibbs,DET,RB,at BUF,receptions,theScore,4.5,under,-140,110,0.5833,0.5506,0.0595,0,0.5814,-0.0019,0.0309,ev,multiplicative,live,202609189BE34D3B,2026-09-15T18:07:45.828Z
2026,2,18642,Isaac TeSlaa,DET,WR,at BUF,receptions,FanDuel,1.5,over,118,-158,0.4587,0.4283,0.0711,0,0.4566,-0.0021,0.0283,ev,multiplicative,live,202609189BE34D3B,2026-09-15T18:07:45.828Z
2026,2,15892,Khalil Shakir,BUF,WR,vs DET,recYds,DraftKings,139.5,over,3900,,0.0250,0.0250,,1,0.0229,-0.0021,-0.0021,ev,none,live,202609189BE34D3B,2026-09-15T18:07:45.828Z
2026,2,17033,Sam LaPorta,DET,TE,at BUF,recYds,Hard Rock,49.5,under,-140,100,0.5833,0.5385,0.0833,0,0.5813,-0.0021,0.0428,ev,multiplicative,live,202609189BE34D3B,2026-09-15T18:07:45.828Z
2026,2,12483,Josh Allen,BUF,QB,vs DET,rushYds,BetRivers,19.5,over,-315,,0.7590,0.7590,,1,0.7568,-0.0022,-0.0022,ev,none,live,202609189BE34D3B,2026-09-15T18:07:45.828Z
2026,2,15876,James Cook,BUF,RB,vs DET,rushYds,Caesars,78.5,over,-115,-113,0.5349,0.5020,0.0654,0,0.5324,-0.0025,0.0304,ev,multiplicative,live,202609189BE34D3B,2026-09-15T18:07:45.828Z
2026,2,15332,Amon-Ra St. Brown,DET,WR,at BUF,receptions,DraftKings,13.5,over,1380,,0.0676,0.0676,,1,0.0650,-0.0025,-0.0025,ev,none,live,202609189BE34D3B,2026-09-15T18:07:45.828Z
2026,2,16025,Jalen Nailor,LV,WR,at LAC,anytimeTD,Caesars,0.5,over,400,,0.2000,0.2000,,1,0.1975,-0.0025,-0.0025,ev,none,live,2026092038FE57CE,2026-09-15T18:07:45.828Z
2026,2,19313,Malachi Fields,NYG,WR,at LAR,anytimeTD,Caesars,0.5,over,400,,0.2000,0.2000,,1,0.1975,-0.0025,-0.0025,ev,none,live,202609222DD46A1C,2026-09-15T18:07:45.828Z
2026,2,15876,James Cook,BUF,RB,vs DET,rushYds,Hard Rock,78.5,over,-115,-115,0.5349,0.5000,0.0698,0,0.5324,-0.0025,0.0324,ev,multiplicative,live,202609189BE34D3B,2026-09-15T18:07:45.828Z
2026,2,15892,Khalil Shakir,BUF,WR,vs DET,recYds,Caesars,59.5,over,150,,0.4000,0.4000,,1,0.3974,-0.0026,-0.0026,ev,none,live,202609189BE34D3B,2026-09-15T18:07:45.828Z
2026,2,10729,Jared Goff,DET,QB,at BUF,completions,DraftKings,33.5,over,1560,,0.0602,0.0602,,1,0.0574,-0.0028,-0.0028,ev,none,live,202609189BE34D3B,2026-09-15T18:07:45.828Z
2026,2,18514,Cam Skattebo,NYG,RB,at LAR,rushYds,Hard Rock,14.5,under,900,-4000,0.1000,0.0930,0.0756,0,0.0971,-0.0029,0.0041,ev,multiplicative,live,202609222DD46A1C,2026-09-15T18:07:45.828Z
2026,2,16808,Jahmyr Gibbs,DET,RB,at BUF,rushYds,theScore,34.5,over,-2250,,0.9574,0.9574,,1,0.9544,-0.0030,-0.0030,ev,none,live,202609189BE34D3B,2026-09-15T18:07:45.828Z
2026,2,15947,Jake Ferguson,DAL,TE,vs WAS,anytimeTD,Caesars,0.5,over,235,,0.2985,0.2985,,1,0.2953,-0.0032,-0.0032,ev,none,live,2026092061BDEC96,2026-09-15T18:07:45.828Z
2026,2,15947,Jake Ferguson,DAL,TE,vs WAS,anytimeTD,DraftKings,0.5,over,235,,0.2985,0.2985,,1,0.2953,-0.0032,-0.0032,ev,none,live,2026092061BDEC96,2026-09-15T18:07:45.828Z
2026,2,17033,Sam LaPorta,DET,TE,at BUF,receptions,BetRivers,4.5,over,104,,0.4902,0.4902,,1,0.4867,-0.0035,-0.0035,ev,none,live,202609189BE34D3B,2026-09-15T18:07:45.828Z
2026,2,12507,Saquon Barkley,PHI,RB,at TEN,anytimeTD,DraftKings,0.5,over,-120,,0.5455,0.5455,,1,0.5416,-0.0039,-0.0039,ev,none,live,202609208AD46BE9,2026-09-15T18:07:45.828Z
2026,2,12507,Saquon Barkley,PHI,RB,at TEN,anytimeTD,Caesars,0.5,over,-120,,0.5455,0.5455,,1,0.5416,-0.0039,-0.0039,ev,none,live,202609208AD46BE9,2026-09-15T18:07:45.828Z
2026,2,15876,James Cook,BUF,RB,vs DET,rushYds,theScore,39.5,over,-1600,,0.9412,0.9412,,1,0.9371,-0.0041,-0.0041,ev,none,live,202609189BE34D3B,2026-09-15T18:07:45.828Z
2026,2,12477,DJ Moore,BUF,WR,vs DET,receptions,BetRivers,5.5,over,175,,0.3636,0.3636,,1,0.3594,-0.0043,-0.0043,ev,none,live,202609189BE34D3B,2026-09-15T18:07:45.828Z
2026,2,15200,Nico Collins,HOU,WR,vs CIN,anytimeTD,DraftKings,0.5,over,125,,0.4444,0.4444,,1,0.4401,-0.0043,-0.0043,ev,none,live,202609203726483F,2026-09-15T18:07:45.828Z
2026,2,15200,Nico Collins,HOU,WR,vs CIN,anytimeTD,Caesars,0.5,over,125,,0.4444,0.4444,,1,0.4401,-0.0043,-0.0043,ev,none,live,202609203726483F,2026-09-15T18:07:45.828Z
2026,2,9253,Mike Evans,SF,WR,vs MIA,anytimeTD,DraftKings,0.5,over,125,,0.4444,0.4444,,1,0.4401,-0.0043,-0.0043,ev,none,live,202609202FE0218E,2026-09-15T18:07:45.828Z
2026,2,12477,DJ Moore,BUF,WR,vs DET,receptions,Hard Rock,5.5,over,175,,0.3636,0.3636,,1,0.3594,-0.0043,-0.0043,ev,none,live,202609189BE34D3B,2026-09-15T18:07:45.828Z
2026,2,12477,DJ Moore,BUF,WR,vs DET,receptions,theScore,5.5,over,175,,0.3636,0.3636,,1,0.3594,-0.0043,-0.0043,ev,none,live,202609189BE34D3B,2026-09-15T18:07:45.828Z
2026,2,17704,Malik Nabers,NYG,WR,at LAR,receptions,FanDuel,5.5,under,-114,-114,0.5327,0.5000,0.0654,0,0.5283,-0.0044,0.0283,ev,multiplicative,live,202609222DD46A1C,2026-09-15T18:07:45.828Z
2026,2,15892,Khalil Shakir,BUF,WR,vs DET,recYds,Hard Rock,14.5,over,-1200,550,0.9231,0.8571,0.0769,0,0.9186,-0.0045,0.0614,ev,multiplicative,live,202609189BE34D3B,2026-09-15T18:07:45.828Z
2026,2,18642,Isaac TeSlaa,DET,WR,at BUF,receptions,FanDuel,2.5,over,356,,0.2193,0.2193,,1,0.2147,-0.0046,-0.0046,ev,none,live,202609189BE34D3B,2026-09-15T18:07:45.828Z
2026,2,15876,James Cook,BUF,RB,vs DET,rushYds,BetRivers,89.5,over,150,,0.4000,0.4000,,1,0.3954,-0.0046,-0.0046,ev,none,live,202609189BE34D3B,2026-09-15T18:07:45.828Z
2026,2,15332,Amon-Ra St. Brown,DET,WR,at BUF,recYds,BetRivers,78.5,under,-113,-117,0.5305,0.4960,0.0697,0,0.5258,-0.0047,0.0299,ev,multiplicative,live,202609189BE34D3B,2026-09-15T18:07:45.828Z
2026,2,15849,Jameson Williams,DET,WR,at BUF,recYds,DraftKings,14.5,over,-1160,,0.9206,0.9206,,1,0.9159,-0.0047,-0.0047,ev,none,live,202609189BE34D3B,2026-09-15T18:07:45.828Z
2026,2,13466,Dawson Knox,BUF,TE,vs DET,recYds,Hard Rock,24.5,under,-325,225,0.7647,0.7131,0.0724,0,0.7598,-0.0049,0.0467,ev,multiplicative,live,202609189BE34D3B,2026-09-15T18:07:45.828Z
2026,2,16808,Jahmyr Gibbs,DET,RB,at BUF,receptions,DraftKings,9.5,over,2400,,0.0400,0.0400,,1,0.0350,-0.0050,-0.0050,ev,none,live,202609189BE34D3B,2026-09-15T18:07:45.828Z
2026,2,15892,Khalil Shakir,BUF,WR,vs DET,recYds,Hard Rock,49.5,over,105,-150,0.4878,0.4484,0.0878,0,0.4829,-0.0050,0.0344,ev,multiplicative,live,202609189BE34D3B,2026-09-15T18:07:45.828Z
2026,2,12483,Josh Allen,BUF,QB,vs DET,rushYds,Caesars,19.5,over,-320,,0.7619,0.7619,,1,0.7568,-0.0051,-0.0051,ev,none,live,202609189BE34D3B,2026-09-15T18:07:45.828Z
2026,2,11892,George Kittle,SF,TE,vs MIA,anytimeTD,Caesars,0.5,over,182,,0.3546,0.3546,,1,0.3495,-0.0051,-0.0051,ev,none,live,202609202FE0218E,2026-09-15T18:07:45.828Z
2026,2,16933,Chris Rodriguez Jr.,JAX,RB,at DEN,anytimeTD,DraftKings,0.5,over,225,,0.3077,0.3077,,1,0.3023,-0.0054,-0.0054,ev,none,live,20260920631848F6,2026-09-15T18:07:45.828Z
2026,2,16933,Chris Rodriguez Jr.,JAX,RB,at DEN,anytimeTD,theScore,0.5,over,225,,0.3077,0.3077,,1,0.3023,-0.0054,-0.0054,ev,none,live,20260920631848F6,2026-09-15T18:07:45.828Z
2026,2,18642,Isaac TeSlaa,DET,WR,at BUF,recYds,Caesars,15.5,over,-128,-102,0.5614,0.5265,0.0664,0,0.5559,-0.0055,0.0294,ev,multiplicative,live,202609189BE34D3B,2026-09-15T18:07:45.828Z
2026,2,15849,Jameson Williams,DET,WR,at BUF,recYds,Hard Rock,49.5,over,-180,125,0.6429,0.5912,0.0873,0,0.6374,-0.0055,0.0461,ev,multiplicative,live,202609189BE34D3B,2026-09-15T18:07:45.828Z
2026,2,15849,Jameson Williams,DET,WR,at BUF,receptions,FanDuel,8.5,over,1276,,0.0727,0.0727,,1,0.0671,-0.0056,-0.0056,ev,none,live,202609189BE34D3B,2026-09-15T18:07:45.828Z
2026,2,15332,Amon-Ra St. Brown,DET,WR,at BUF,receptions,DraftKings,14.5,over,2000,,0.0476,0.0476,,1,0.0420,-0.0056,-0.0056,ev,none,live,202609189BE34D3B,2026-09-15T18:07:45.828Z
2026,2,10729,Jared Goff,DET,QB,at BUF,passYds,Hard Rock,378.5,under,-3000,900,0.9677,0.9063,0.0677,0,0.9622,-0.0056,0.0558,ev,multiplicative,live,202609189BE34D3B,2026-09-15T18:07:45.828Z
2026,2,17033,Sam LaPorta,DET,TE,at BUF,receptions,DraftKings,5.5,over,201,,0.3322,0.3322,,1,0.3265,-0.0057,-0.0057,ev,none,live,202609189BE34D3B,2026-09-15T18:07:45.828Z
2026,2,10729,Jared Goff,DET,QB,at BUF,passYds,Hard Rock,398.5,under,-7000,1500,0.9859,0.9404,0.0484,0,0.9800,-0.0059,0.0396,ev,multiplicative,live,202609189BE34D3B,2026-09-15T18:07:45.828Z
2026,2,15849,Jameson Williams,DET,WR,at BUF,recYds,Hard Rock,33.5,over,-400,250,0.8000,0.7368,0.0857,0,0.7941,-0.0059,0.0573,ev,multiplicative,live,202609189BE34D3B,2026-09-15T18:07:45.828Z
2026,2,17732,Keon Coleman,BUF,WR,vs DET,recYds,DraftKings,79.5,over,3100,,0.0313,0.0313,,1,0.0250,-0.0062,-0.0062,ev,none,live,202609189BE34D3B,2026-09-15T18:07:45.828Z
2026,2,12483,Josh Allen,BUF,QB,vs DET,passYds,Hard Rock,299.5,under,-450,275,0.8182,0.7542,0.0848,0,0.8120,-0.0062,0.0578,ev,multiplicative,live,202609189BE34D3B,2026-09-15T18:07:45.828Z
2026,2,15876,James Cook,BUF,RB,vs DET,rushYds,Hard Rock,79.5,over,-110,-125,0.5238,0.4853,0.0794,0,0.5176,-0.0062,0.0323,ev,multiplicative,live,202609189BE34D3B,2026-09-15T18:07:45.828Z
2026,2,18642,Isaac TeSlaa,DET,WR,at BUF,receptions,Caesars,1.5,over,116,-152,0.4630,0.4342,0.0661,0,0.4566,-0.0064,0.0224,ev,multiplicative,live,202609189BE34D3B,2026-09-15T18:07:45.828Z
2026,2,17704,Malik Nabers,NYG,WR,at LAR,receptions,Hard Rock,5.5,under,-115,-115,0.5349,0.5000,0.0698,0,0.5283,-0.0065,0.0283,ev,multiplicative,live,202609222DD46A1C,2026-09-15T18:07:45.828Z
2026,2,16898,Kendre Miller,NO,RB,at BAL,anytimeTD,Caesars,0.5,over,390,,0.2041,0.2041,,1,0.1975,-0.0066,-0.0066,ev,none,live,20260920941629C7,2026-09-15T18:07:45.828Z
2026,2,15876,James Cook,BUF,RB,vs DET,rushYds,Hard Rock,28.5,over,-5000,1200,0.9804,0.9272,0.0573,0,0.9738,-0.0066,0.0465,ev,multiplicative,live,202609189BE34D3B,2026-09-15T18:07:45.828Z
2026,2,17033,Sam LaPorta,DET,TE,at BUF,receptions,theScore,5.5,over,200,,0.3333,0.3333,,1,0.3265,-0.0069,-0.0069,ev,none,live,202609189BE34D3B,2026-09-15T18:07:45.828Z
2026,2,15892,Khalil Shakir,BUF,WR,vs DET,recYds,theScore,19.5,over,-800,,0.8889,0.8889,,1,0.8818,-0.0071,-0.0071,ev,none,live,202609189BE34D3B,2026-09-15T18:07:45.828Z
2026,2,15892,Khalil Shakir,BUF,WR,vs DET,recYds,BetRivers,45.5,over,-118,-113,0.5413,0.5050,0.0718,0,0.5340,-0.0073,0.0290,ev,multiplicative,live,202609189BE34D3B,2026-09-15T18:07:45.828Z
2026,2,18549,Emeka Egbuka,TB,WR,vs CLE,anytimeTD,Caesars,0.5,over,191,,0.3436,0.3436,,1,0.3363,-0.0073,-0.0073,ev,none,live,20260920ABAE4147,2026-09-15T18:07:45.828Z
2026,2,10729,Jared Goff,DET,QB,at BUF,passYds,Hard Rock,368.5,under,-2200,700,0.9565,0.8844,0.0815,0,0.9493,-0.0073,0.0648,ev,multiplicative,live,202609189BE34D3B,2026-09-15T18:07:45.828Z
2026,2,15849,Jameson Williams,DET,WR,at BUF,recYds,Caesars,29.5,over,-500,,0.8333,0.8333,,1,0.8259,-0.0074,-0.0074,ev,none,live,202609189BE34D3B,2026-09-15T18:07:45.828Z
2026,2,18642,Isaac TeSlaa,DET,WR,at BUF,recYds,BetRivers,19.5,over,120,,0.4545,0.4545,,1,0.4471,-0.0074,-0.0074,ev,none,live,202609189BE34D3B,2026-09-15T18:07:45.828Z
2026,2,15849,Jameson Williams,DET,WR,at BUF,recYds,BetRivers,29.5,over,-500,,0.8333,0.8333,,1,0.8259,-0.0074,-0.0074,ev,none,live,202609189BE34D3B,2026-09-15T18:07:45.828Z
2026,2,15876,James Cook,BUF,RB,vs DET,rushYds,Hard Rock,24.5,over,-9000,1750,0.9890,0.9482,0.0431,0,0.9816,-0.0074,0.0334,ev,multiplicative,live,202609189BE34D3B,2026-09-15T18:07:45.828Z
2026,2,15332,Amon-Ra St. Brown,DET,WR,at BUF,receptions,FanDuel,13.5,over,1279,,0.0725,0.0725,,1,0.0650,-0.0075,-0.0075,ev,none,live,202609189BE34D3B,2026-09-15T18:07:45.828Z
2026,2,16808,Jahmyr Gibbs,DET,RB,at BUF,anytimeTD,BetRivers,0.5,over,-345,,0.7753,0.7753,,1,0.7678,-0.0075,-0.0075,ev,none,live,202609189BE34D3B,2026-09-15T18:07:45.828Z
2026,2,18642,Isaac TeSlaa,DET,WR,at BUF,receptions,Hard Rock,2.5,over,350,,0.2222,0.2222,,1,0.2147,-0.0075,-0.0075,ev,none,live,202609189BE34D3B,2026-09-15T18:07:45.828Z
2026,2,18642,Isaac TeSlaa,DET,WR,at BUF,receptions,theScore,2.5,over,350,,0.2222,0.2222,,1,0.2147,-0.0075,-0.0075,ev,none,live,202609189BE34D3B,2026-09-15T18:07:45.828Z
2026,2,16697,Dalton Kincaid,BUF,TE,vs DET,recYds,Hard Rock,60.5,under,-185,135,0.6491,0.6040,0.0747,0,0.6415,-0.0076,0.0375,ev,multiplicative,live,202609189BE34D3B,2026-09-15T18:07:45.828Z
2026,2,13466,Dawson Knox,BUF,TE,vs DET,receptions,theScore,3.5,over,900,,0.1000,0.1000,,1,0.0921,-0.0079,-0.0079,ev,none,live,202609189BE34D3B,2026-09-15T18:07:45.828Z
2026,2,13466,Dawson Knox,BUF,TE,vs DET,receptions,Hard Rock,3.5,over,900,,0.1000,0.1000,,1,0.0921,-0.0079,-0.0079,ev,none,live,202609189BE34D3B,2026-09-15T18:07:45.828Z
2026,2,12483,Josh Allen,BUF,QB,vs DET,rushYds,theScore,19.5,over,-325,,0.7647,0.7647,,1,0.7568,-0.0079,-0.0079,ev,none,live,202609189BE34D3B,2026-09-15T18:07:45.828Z
2026,2,10729,Jared Goff,DET,QB,at BUF,passYds,Hard Rock,388.5,under,-5000,1100,0.9804,0.9217,0.0637,0,0.9723,-0.0081,0.0506,ev,multiplicative,live,202609189BE34D3B,2026-09-15T18:07:45.828Z
2026,2,15876,James Cook,BUF,RB,vs DET,rushAtt,DraftKings,11.5,over,-1360,,0.9315,0.9315,,1,0.9233,-0.0082,-0.0082,ev,none,live,202609189BE34D3B,2026-09-15T18:07:45.828Z
2026,2,16808,Jahmyr Gibbs,DET,RB,at BUF,rushYds,theScore,29.5,over,-3500,,0.9722,0.9722,,1,0.9640,-0.0082,-0.0082,ev,none,live,202609189BE34D3B,2026-09-15T18:07:45.828Z
2026,2,17033,Sam LaPorta,DET,TE,at BUF,receptions,FanDuel,4.5,over,102,-136,0.4950,0.4621,0.0713,0,0.4867,-0.0083,0.0246,ev,multiplicative,live,202609189BE34D3B,2026-09-15T18:07:45.828Z
2026,2,17584,Jacob Saylors,DET,RB,at BUF,anytimeTD,Caesars,0.5,over,1400,,0.0667,0.0667,,1,0.0582,-0.0084,-0.0084,ev,none,live,202609189BE34D3B,2026-09-15T18:07:45.828Z
2026,2,15876,James Cook,BUF,RB,vs DET,rushYds,DraftKings,79.5,over,-111,-113,0.5261,0.4979,0.0566,0,0.5176,-0.0084,0.0197,ev,multiplicative,live,202609189BE34D3B,2026-09-15T18:07:45.828Z
2026,2,12860,Dallas Goedert,PHI,TE,at TEN,anytimeTD,Caesars,0.5,over,190,,0.3448,0.3448,,1,0.3363,-0.0085,-0.0085,ev,none,live,202609208AD46BE9,2026-09-15T18:07:45.828Z
2026,2,12860,Dallas Goedert,PHI,TE,at TEN,anytimeTD,DraftKings,0.5,over,190,,0.3448,0.3448,,1,0.3363,-0.0085,-0.0085,ev,none,live,202609208AD46BE9,2026-09-15T18:07:45.828Z
2026,2,18549,Emeka Egbuka,TB,WR,vs CLE,anytimeTD,DraftKings,0.5,over,190,,0.3448,0.3448,,1,0.3363,-0.0085,-0.0085,ev,none,live,20260920ABAE4147,2026-09-15T18:07:45.828Z
2026,2,10729,Jared Goff,DET,QB,at BUF,completions,DraftKings,31.5,over,860,,0.1042,0.1042,,1,0.0956,-0.0086,-0.0086,ev,none,live,202609189BE34D3B,2026-09-15T18:07:45.828Z
2026,2,12483,Josh Allen,BUF,QB,vs DET,rushYds,Hard Rock,5.5,over,-5000,1100,0.9804,0.9217,0.0637,0,0.9718,-0.0086,0.0502,ev,multiplicative,live,202609189BE34D3B,2026-09-15T18:07:45.828Z
2026,2,15849,Jameson Williams,DET,WR,at BUF,receptions,theScore,4.5,under,-150,115,0.6000,0.5633,0.0651,0,0.5914,-0.0086,0.0281,ev,multiplicative,live,202609189BE34D3B,2026-09-15T18:07:45.828Z
2026,2,12477,DJ Moore,BUF,WR,vs DET,receptions,FanDuel,8.5,over,916,,0.0984,0.0984,,1,0.0897,-0.0087,-0.0087,ev,none,live,202609189BE34D3B,2026-09-15T18:07:45.828Z
2026,2,15332,Amon-Ra St. Brown,DET,WR,at BUF,receptions,FanDuel,10.5,over,399,,0.2004,0.2004,,1,0.1917,-0.0087,-0.0087,ev,none,live,202609189BE34D3B,2026-09-15T18:07:45.828Z
2026,2,12483,Josh Allen,BUF,QB,vs DET,passYds,Hard Rock,308.5,under,-575,350,0.8519,0.7931,0.0741,0,0.8431,-0.0087,0.0500,ev,multiplicative,live,202609189BE34D3B,2026-09-15T18:07:45.828Z
2026,2,17033,Sam LaPorta,DET,TE,at BUF,receptions,DraftKings,6.5,over,395,,0.2020,0.2020,,1,0.1932,-0.0088,-0.0088,ev,none,live,202609189BE34D3B,2026-09-15T18:07:45.828Z
2026,2,18514,Cam Skattebo,NYG,RB,at LAR,anytimeTD,FanDuel,0.5,over,120,,0.4545,0.4545,,1,0.4457,-0.0089,-0.0089,ev,none,live,202609222DD46A1C,2026-09-15T18:07:45.828Z
2026,2,16808,Jahmyr Gibbs,DET,RB,at BUF,rushYds,DraftKings,179.5,over,1400,,0.0667,0.0667,,1,0.0574,-0.0092,-0.0092,ev,none,live,202609189BE34D3B,2026-09-15T18:07:45.828Z
2026,2,15849,Jameson Williams,DET,WR,at BUF,recYds,FanDuel,59.5,over,-114,-114,0.5327,0.5000,0.0654,0,0.5232,-0.0095,0.0232,ev,multiplicative,live,202609189BE34D3B,2026-09-15T18:07:45.828Z
2026,2,15849,Jameson Williams,DET,WR,at BUF,recYds,Caesars,59.5,over,-114,,0.5327,0.5327,,1,0.5232,-0.0095,-0.0095,ev,none,live,202609189BE34D3B,2026-09-15T18:07:45.828Z
2026,2,15332,Amon-Ra St. Brown,DET,WR,at BUF,recYds,Hard Rock,75.5,under,100,-140,0.5000,0.4615,0.0833,0,0.4904,-0.0096,0.0288,ev,multiplicative,live,202609189BE34D3B,2026-09-15T18:07:45.828Z
2026,2,15332,Amon-Ra St. Brown,DET,WR,at BUF,receptions,DraftKings,15.5,over,2700,,0.0357,0.0357,,1,0.0261,-0.0097,-0.0097,ev,none,live,202609189BE34D3B,2026-09-15T18:07:45.828Z
2026,2,15892,Khalil Shakir,BUF,WR,vs DET,recYds,Caesars,49.5,over,103,,0.4926,0.4926,,1,0.4829,-0.0098,-0.0098,ev,none,live,202609189BE34D3B,2026-09-15T18:07:45.828Z
2026,2,12483,Josh Allen,BUF,QB,vs DET,passYds,Hard Rock,298.5,under,-450,275,0.8182,0.7542,0.0848,0,0.8083,-0.0098,0.0541,ev,multiplicative,live,202609189BE34D3B,2026-09-15T18:07:45.828Z
2026,2,17033,Sam LaPorta,DET,TE,at BUF,recYds,DraftKings,45.5,over,-109,-115,0.5215,0.4937,0.0564,0,0.5113,-0.0102,0.0176,ev,multiplicative,live,202609189BE34D3B,2026-09-15T18:07:45.828Z
2026,2,13466,Dawson Knox,BUF,TE,vs DET,receptions,FanDuel,3.5,over,877,,0.1024,0.1024,,1,0.0921,-0.0103,-0.0103,ev,none,live,202609189BE34D3B,2026-09-15T18:07:45.828Z
2026,2,13587,Ty Johnson,BUF,RB,vs DET,anytimeTD,BetRivers,0.5,over,500,,0.1667,0.1667,,1,0.1563,-0.0103,-0.0103,ev,none,live,202609189BE34D3B,2026-09-15T18:07:45.828Z
2026,2,13587,Ty Johnson,BUF,RB,vs DET,anytimeTD,theScore,0.5,over,500,,0.1667,0.1667,,1,0.1563,-0.0103,-0.0103,ev,none,live,202609189BE34D3B,2026-09-15T18:07:45.828Z
2026,2,16808,Jahmyr Gibbs,DET,RB,at BUF,receptions,Caesars,4.5,under,-145,112,0.5918,0.5565,0.0635,0,0.5814,-0.0104,0.0250,ev,multiplicative,live,202609189BE34D3B,2026-09-15T18:07:45.828Z
2026,2,15849,Jameson Williams,DET,WR,at BUF,anytimeTD,Caesars,0.5,over,200,,0.3333,0.3333,,1,0.3229,-0.0104,-0.0104,ev,none,live,202609189BE34D3B,2026-09-15T18:07:45.828Z
2026,2,16808,Jahmyr Gibbs,DET,RB,at BUF,receptions,DraftKings,4.5,under,-145,114,0.5918,0.5588,0.0591,0,0.5814,-0.0104,0.0226,ev,multiplicative,live,202609189BE34D3B,2026-09-15T18:07:45.828Z
2026,2,16808,Jahmyr Gibbs,DET,RB,at BUF,receptions,DraftKings,5.5,over,223,,0.3096,0.3096,,1,0.2992,-0.0104,-0.0104,ev,none,live,202609189BE34D3B,2026-09-15T18:07:45.828Z
2026,2,15849,Jameson Williams,DET,WR,at BUF,anytimeTD,FanDuel,0.5,over,200,,0.3333,0.3333,,1,0.3229,-0.0104,-0.0104,ev,none,live,202609189BE34D3B,2026-09-15T18:07:45.828Z
2026,2,15849,Jameson Williams,DET,WR,at BUF,anytimeTD,DraftKings,0.5,over,200,,0.3333,0.3333,,1,0.3229,-0.0104,-0.0104,ev,none,live,202609189BE34D3B,2026-09-15T18:07:45.828Z
2026,2,15849,Jameson Williams,DET,WR,at BUF,anytimeTD,theScore,0.5,over,200,,0.3333,0.3333,,1,0.3229,-0.0104,-0.0104,ev,none,live,202609189BE34D3B,2026-09-15T18:07:45.828Z
2026,2,15876,James Cook,BUF,RB,vs DET,rushYds,FanDuel,79.5,over,-112,,0.5283,0.5283,,1,0.5176,-0.0107,-0.0107,ev,none,live,202609189BE34D3B,2026-09-15T18:07:45.828Z
2026,2,15332,Amon-Ra St. Brown,DET,WR,at BUF,receptions,DraftKings,10.5,over,394,,0.2024,0.2024,,1,0.1917,-0.0107,-0.0107,ev,none,live,202609189BE34D3B,2026-09-15T18:07:45.828Z
2026,2,13466,Dawson Knox,BUF,TE,vs DET,receptions,Hard Rock,4.5,over,3000,,0.0323,0.0323,,1,0.0215,-0.0107,-0.0107,ev,none,live,202609189BE34D3B,2026-09-15T18:07:45.828Z
2026,2,17033,Sam LaPorta,DET,TE,at BUF,receptions,DraftKings,4.5,over,101,-129,0.4975,0.4690,0.0608,0,0.4867,-0.0108,0.0177,ev,multiplicative,live,202609189BE34D3B,2026-09-15T18:07:45.828Z
2026,2,15876,James Cook,BUF,RB,vs DET,rushYds,Hard Rock,108.5,under,-425,275,0.8095,0.7522,0.0762,0,0.7987,-0.0108,0.0465,ev,multiplicative,live,202609189BE34D3B,2026-09-15T18:07:45.828Z
2026,2,15332,Amon-Ra St. Brown,DET,WR,at BUF,recYds,Hard Rock,70.5,under,125,-175,0.4444,0.4112,0.0808,0,0.4334,-0.0110,0.0222,ev,multiplicative,live,202609189BE34D3B,2026-09-15T18:07:45.828Z
2026,2,15332,Amon-Ra St. Brown,DET,WR,at BUF,recYds,Hard Rock,30.5,under,850,-3000,0.1053,0.0981,0.0730,0,0.0941,-0.0111,-0.0040,ev,multiplicative,live,202609189BE34D3B,2026-09-15T18:07:45.828Z
2026,2,16033,Isaiah Likely,NYG,TE,at LAR,anytimeTD,FanDuel,0.5,over,280,,0.2632,0.2632,,1,0.2517,-0.0114,-0.0114,ev,none,live,202609222DD46A1C,2026-09-15T18:07:45.828Z
2026,2,15849,Jameson Williams,DET,WR,at BUF,recYds,Hard Rock,8.5,under,1300,-6000,0.0714,0.0677,0.0550,0,0.0601,-0.0114,-0.0077,ev,multiplicative,live,202609189BE34D3B,2026-09-15T18:07:45.828Z
2026,2,16808,Jahmyr Gibbs,DET,RB,at BUF,rushYds,Hard Rock,45.5,over,-1500,,0.9375,0.9375,,1,0.9261,-0.0114,-0.0114,ev,none,live,202609189BE34D3B,2026-09-15T18:07:45.828Z
2026,2,16808,Jahmyr Gibbs,DET,RB,at BUF,rushYds,theScore,24.5,over,-6000,,0.9836,0.9836,,1,0.9719,-0.0117,-0.0117,ev,none,live,202609189BE34D3B,2026-09-15T18:07:45.828Z
2026,2,16808,Jahmyr Gibbs,DET,RB,at BUF,rushAtt,DraftKings,15.5,over,-317,,0.7602,0.7602,,1,0.7483,-0.0119,-0.0119,ev,none,live,202609189BE34D3B,2026-09-15T18:07:45.828Z
2026,2,13466,Dawson Knox,BUF,TE,vs DET,recYds,BetRivers,19.5,over,138,,0.4202,0.4202,,1,0.4082,-0.0119,-0.0119,ev,none,live,202609189BE34D3B,2026-09-15T18:07:45.828Z
2026,2,17033,Sam LaPorta,DET,TE,at BUF,recYds,Hard Rock,16.5,under,525,-1100,0.1600,0.1486,0.0767,0,0.1481,-0.0119,-0.0005,ev,multiplicative,live,202609189BE34D3B,2026-09-15T18:07:45.828Z
2026,2,16808,Jahmyr Gibbs,DET,RB,at BUF,receptions,FanDuel,4.5,under,-146,110,0.5935,0.5548,0.0697,0,0.5814,-0.0121,0.0266,ev,multiplicative,live,202609189BE34D3B,2026-09-15T18:07:45.828Z
2026,2,16697,Dalton Kincaid,BUF,TE,vs DET,recYds,Hard Rock,30.5,under,240,-375,0.2941,0.2714,0.0836,0,0.2821,-0.0121,0.0106,ev,multiplicative,live,202609189BE34D3B,2026-09-15T18:07:45.828Z
2026,2,12483,Josh Allen,BUF,QB,vs DET,completions,theScore,22.5,over,175,,0.3636,0.3636,,1,0.3515,-0.0121,-0.0121,ev,none,live,202609189BE34D3B,2026-09-15T18:07:45.828Z
2026,2,15947,Jake Ferguson,DAL,TE,vs WAS,anytimeTD,theScore,0.5,over,225,,0.3077,0.3077,,1,0.2953,-0.0124,-0.0124,ev,none,live,2026092061BDEC96,2026-09-15T18:07:45.828Z
2026,2,17033,Sam LaPorta,DET,TE,at BUF,receptions,FanDuel,5.5,over,195,,0.3390,0.3390,,1,0.3265,-0.0125,-0.0125,ev,none,live,202609189BE34D3B,2026-09-15T18:07:45.828Z
2026,2,15918,Tay Martin,DET,WR,at BUF,anytimeTD,FanDuel,0.5,over,3000,,0.0323,0.0323,,1,0.0198,-0.0125,-0.0125,ev,none,live,202609189BE34D3B,2026-09-15T18:07:45.828Z
2026,2,15918,Tay Martin,DET,WR,at BUF,anytimeTD,DraftKings,0.5,over,3000,,0.0323,0.0323,,1,0.0198,-0.0125,-0.0125,ev,none,live,202609189BE34D3B,2026-09-15T18:07:45.828Z
2026,2,17033,Sam LaPorta,DET,TE,at BUF,receptions,Hard Rock,5.5,over,195,,0.3390,0.3390,,1,0.3265,-0.0125,-0.0125,ev,none,live,202609189BE34D3B,2026-09-15T18:07:45.828Z
2026,2,16808,Jahmyr Gibbs,DET,RB,at BUF,rushAtt,DraftKings,17.5,over,-175,,0.6364,0.6364,,1,0.6237,-0.0127,-0.0127,ev,none,live,202609189BE34D3B,2026-09-15T18:07:45.828Z
2026,2,18642,Isaac TeSlaa,DET,WR,at BUF,receptions,Caesars,3.5,over,1100,,0.0833,0.0833,,1,0.0706,-0.0128,-0.0128,ev,none,live,202609189BE34D3B,2026-09-15T18:07:45.828Z
2026,2,18642,Isaac TeSlaa,DET,WR,at BUF,receptions,BetRivers,3.5,over,1100,,0.0833,0.0833,,1,0.0706,-0.0128,-0.0128,ev,none,live,202609189BE34D3B,2026-09-15T18:07:45.828Z
2026,2,15849,Jameson Williams,DET,WR,at BUF,recYds,Hard Rock,28.5,over,-550,325,0.8462,0.7824,0.0814,0,0.8334,-0.0128,0.0509,ev,multiplicative,live,202609189BE34D3B,2026-09-15T18:07:45.828Z
2026,2,15332,Amon-Ra St. Brown,DET,WR,at BUF,recYds,Hard Rock,35.5,under,650,-1600,0.1333,0.1241,0.0745,0,0.1206,-0.0128,-0.0035,ev,multiplicative,live,202609189BE34D3B,2026-09-15T18:07:45.828Z
2026,2,15876,James Cook,BUF,RB,vs DET,rushYds,BetRivers,99.5,over,235,,0.2985,0.2985,,1,0.2856,-0.0129,-0.0129,ev,none,live,202609189BE34D3B,2026-09-15T18:07:45.828Z
2026,2,12477,DJ Moore,BUF,WR,vs DET,receptions,DraftKings,4.5,over,100,-128,0.5000,0.4711,0.0614,0,0.4869,-0.0131,0.0159,ev,multiplicative,live,202609189BE34D3B,2026-09-15T18:07:45.828Z
2026,2,19364,Matthew Hibner,BAL,TE,vs NO,anytimeTD,BetMGM,0.5,over,1300,,0.0714,0.0714,,1,0.0582,-0.0132,-0.0132,ev,none,live,20260920941629C7,2026-09-15T18:07:45.828Z
2026,2,17130,Blake Whiteheart,CLE,TE,at TB,anytimeTD,BetMGM,0.5,over,1300,,0.0714,0.0714,,1,0.0582,-0.0132,-0.0132,ev,none,live,20260920ABAE4147,2026-09-15T18:07:45.828Z
2026,2,17033,Sam LaPorta,DET,TE,at BUF,receptions,Caesars,4.5,over,100,-130,0.5000,0.4694,0.0652,0,0.4867,-0.0133,0.0173,ev,multiplicative,live,202609189BE34D3B,2026-09-15T18:07:45.828Z
2026,2,16808,Jahmyr Gibbs,DET,RB,at BUF,receptions,BetRivers,5.5,over,220,,0.3125,0.3125,,1,0.2992,-0.0133,-0.0133,ev,none,live,202609189BE34D3B,2026-09-15T18:07:45.828Z
2026,2,17033,Sam LaPorta,DET,TE,at BUF,receptions,theScore,4.5,over,100,-130,0.5000,0.4694,0.0652,0,0.4867,-0.0133,0.0173,ev,multiplicative,live,202609189BE34D3B,2026-09-15T18:07:45.828Z
2026,2,16808,Jahmyr Gibbs,DET,RB,at BUF,receptions,Hard Rock,5.5,over,220,,0.3125,0.3125,,1,0.2992,-0.0133,-0.0133,ev,none,live,202609189BE34D3B,2026-09-15T18:07:45.828Z
2026,2,17033,Sam LaPorta,DET,TE,at BUF,recYds,DraftKings,39.5,over,-155,,0.6078,0.6078,,1,0.5943,-0.0135,-0.0135,ev,none,live,202609189BE34D3B,2026-09-15T18:07:45.828Z
2026,2,17021,Theo Johnson,NYG,TE,at LAR,anytimeTD,Caesars,0.5,over,750,,0.1176,0.1176,,1,0.1042,-0.0135,-0.0135,ev,none,live,202609222DD46A1C,2026-09-15T18:07:45.828Z
2026,2,17021,Theo Johnson,NYG,TE,at LAR,anytimeTD,FanDuel,0.5,over,750,,0.1176,0.1176,,1,0.1042,-0.0135,-0.0135,ev,none,live,202609222DD46A1C,2026-09-15T18:07:45.828Z
2026,2,12477,DJ Moore,BUF,WR,vs DET,receptions,FanDuel,5.5,over,168,,0.3731,0.3731,,1,0.3594,-0.0138,-0.0138,ev,none,live,202609189BE34D3B,2026-09-15T18:07:45.828Z
2026,2,16697,Dalton Kincaid,BUF,TE,vs DET,recYds,DraftKings,39.5,over,-182,,0.6454,0.6454,,1,0.6315,-0.0139,-0.0139,ev,none,live,202609189BE34D3B,2026-09-15T18:07:45.828Z
2026,2,11892,George Kittle,SF,TE,vs MIA,anytimeTD,DraftKings,0.5,over,175,,0.3636,0.3636,,1,0.3495,-0.0141,-0.0141,ev,none,live,202609202FE0218E,2026-09-15T18:07:45.828Z
2026,2,11892,George Kittle,SF,TE,vs MIA,anytimeTD,theScore,0.5,over,175,,0.3636,0.3636,,1,0.3495,-0.0141,-0.0141,ev,none,live,202609202FE0218E,2026-09-15T18:07:45.828Z
2026,2,15876,James Cook,BUF,RB,vs DET,rushAtt,Hard Rock,11.5,over,-1500,,0.9375,0.9375,,1,0.9233,-0.0142,-0.0142,ev,none,live,202609189BE34D3B,2026-09-15T18:07:45.828Z
2026,2,15332,Amon-Ra St. Brown,DET,WR,at BUF,recYds,Hard Rock,65.5,under,155,-220,0.3922,0.3632,0.0797,0,0.3779,-0.0143,0.0146,ev,multiplicative,live,202609189BE34D3B,2026-09-15T18:07:45.828Z
2026,2,12483,Josh Allen,BUF,QB,vs DET,rushYds,Hard Rock,25.5,under,125,-180,0.4444,0.4088,0.0873,0,0.4299,-0.0145,0.0211,ev,multiplicative,live,202609189BE34D3B,2026-09-15T18:07:45.828Z
2026,2,15332,Amon-Ra St. Brown,DET,WR,at BUF,recYds,Hard Rock,49.5,under,325,-525,0.2353,0.2188,0.0753,0,0.2205,-0.0147,0.0017,ev,multiplicative,live,202609189BE34D3B,2026-09-15T18:07:45.828Z
2026,2,15849,Jameson Williams,DET,WR,at BUF,receptions,FanDuel,5.5,over,226,,0.3067,0.3067,,1,0.2919,-0.0148,-0.0148,ev,none,live,202609189BE34D3B,2026-09-15T18:07:45.828Z
2026,2,15332,Amon-Ra St. Brown,DET,WR,at BUF,recYds,Hard Rock,39.5,under,525,-1100,0.1600,0.1486,0.0767,0,0.1452,-0.0148,-0.0034,ev,multiplicative,live,202609189BE34D3B,2026-09-15T18:07:45.828Z
2026,2,15332,Amon-Ra St. Brown,DET,WR,at BUF,recYds,Hard Rock,40.5,under,500,-1000,0.1667,0.1549,0.0758,0,0.1518,-0.0148,-0.0031,ev,multiplicative,live,202609189BE34D3B,2026-09-15T18:07:45.828Z
2026,2,15892,Khalil Shakir,BUF,WR,vs DET,recYds,FanDuel,14.5,over,-1403,,0.9335,0.9335,,1,0.9186,-0.0149,-0.0149,ev,none,live,202609189BE34D3B,2026-09-15T18:07:45.828Z
2026,2,15849,Jameson Williams,DET,WR,at BUF,receptions,Caesars,4.5,under,-154,118,0.6063,0.5693,0.0650,0,0.5914,-0.0149,0.0221,ev,multiplicative,live,202609189BE34D3B,2026-09-15T18:07:45.828Z
2026,2,12477,DJ Moore,BUF,WR,vs DET,receptions,FanDuel,4.5,under,-112,-118,0.5283,0.4939,0.0696,0,0.5131,-0.0152,0.0191,ev,multiplicative,live,202609189BE34D3B,2026-09-15T18:07:45.828Z
2026,2,16808,Jahmyr Gibbs,DET,RB,at BUF,rushYds,DraftKings,189.5,over,1880,,0.0505,0.0505,,1,0.0353,-0.0152,-0.0152,ev,none,live,202609189BE34D3B,2026-09-15T18:07:45.828Z
2026,2,12477,DJ Moore,BUF,WR,vs DET,receptions,FanDuel,9.5,over,1496,,0.0627,0.0627,,1,0.0475,-0.0152,-0.0152,ev,none,live,202609189BE34D3B,2026-09-15T18:07:45.828Z
2026,2,12483,Josh Allen,BUF,QB,vs DET,passYds,Hard Rock,378.5,under,-10000,1750,0.9901,0.9482,0.0442,0,0.9748,-0.0153,0.0266,ev,multiplicative,live,202609189BE34D3B,2026-09-15T18:07:45.828Z
2026,2,15849,Jameson Williams,DET,WR,at BUF,recYds,FanDuel,49.5,over,-188,,0.6528,0.6528,,1,0.6374,-0.0154,-0.0154,ev,none,live,202609189BE34D3B,2026-09-15T18:07:45.828Z
2026,2,15892,Khalil Shakir,BUF,WR,vs DET,recYds,theScore,9.5,over,-2500,,0.9615,0.9615,,1,0.9459,-0.0156,-0.0156,ev,none,live,202609189BE34D3B,2026-09-15T18:07:45.828Z
2026,2,14411,CeeDee Lamb,DAL,WR,vs WAS,anytimeTD,theScore,0.5,over,125,,0.4444,0.4444,,1,0.4288,-0.0157,-0.0157,ev,none,live,2026092061BDEC96,2026-09-15T18:07:45.828Z
2026,2,16697,Dalton Kincaid,BUF,TE,vs DET,receptions,DraftKings,2.5,over,-376,,0.7899,0.7899,,1,0.7741,-0.0158,-0.0158,ev,none,live,202609189BE34D3B,2026-09-15T18:07:45.828Z
2026,2,15849,Jameson Williams,DET,WR,at BUF,receptions,Caesars,5.5,over,225,,0.3077,0.3077,,1,0.2919,-0.0158,-0.0158,ev,none,live,202609189BE34D3B,2026-09-15T18:07:45.828Z
2026,2,15849,Jameson Williams,DET,WR,at BUF,receptions,theScore,5.5,over,225,,0.3077,0.3077,,1,0.2919,-0.0158,-0.0158,ev,none,live,202609189BE34D3B,2026-09-15T18:07:45.828Z
2026,2,12477,DJ Moore,BUF,WR,vs DET,anytimeTD,DraftKings,0.5,over,160,,0.3846,0.3846,,1,0.3687,-0.0159,-0.0159,ev,none,live,202609189BE34D3B,2026-09-15T18:07:45.828Z
2026,2,18642,Isaac TeSlaa,DET,WR,at BUF,recYds,FanDuel,19.5,over,116,,0.4630,0.4630,,1,0.4471,-0.0159,-0.0159,ev,none,live,202609189BE34D3B,2026-09-15T18:07:45.828Z
2026,2,15918,Tay Martin,DET,WR,at BUF,anytimeTD,Caesars,0.5,over,2700,,0.0357,0.0357,,1,0.0198,-0.0159,-0.0159,ev,none,live,202609189BE34D3B,2026-09-15T18:07:45.828Z
2026,2,15829,Garrett Wilson,NYJ,WR,vs GB,anytimeTD,Caesars,0.5,over,160,,0.3846,0.3846,,1,0.3687,-0.0159,-0.0159,ev,none,live,202609207339899F,2026-09-15T18:07:45.828Z
2026,2,15829,Garrett Wilson,NYJ,WR,vs GB,anytimeTD,DraftKings,0.5,over,160,,0.3846,0.3846,,1,0.3687,-0.0159,-0.0159,ev,none,live,202609207339899F,2026-09-15T18:07:45.828Z
2026,2,15829,Garrett Wilson,NYJ,WR,vs GB,anytimeTD,theScore,0.5,over,160,,0.3846,0.3846,,1,0.3687,-0.0159,-0.0159,ev,none,live,202609207339899F,2026-09-15T18:07:45.828Z
2026,2,18574,Jaxson Dart,NYG,QB,at LAR,anytimeTD,DraftKings,0.5,over,245,,0.2899,0.2899,,1,0.2739,-0.0160,-0.0160,ev,none,live,202609222DD46A1C,2026-09-15T18:07:45.828Z
2026,2,15892,Khalil Shakir,BUF,WR,vs DET,receptions,Hard Rock,1.5,over,-3000,,0.9677,0.9677,,1,0.9517,-0.0161,-0.0161,ev,none,live,202609189BE34D3B,2026-09-15T18:07:45.828Z
2026,2,16697,Dalton Kincaid,BUF,TE,vs DET,recYds,DraftKings,49.5,over,-119,,0.5434,0.5434,,1,0.5271,-0.0163,-0.0163,ev,none,live,202609189BE34D3B,2026-09-15T18:07:45.828Z
2026,2,16697,Dalton Kincaid,BUF,TE,vs DET,recYds,DraftKings,50.5,over,-114,-110,0.5327,0.5042,0.0565,0,0.5164,-0.0163,0.0122,ev,multiplicative,live,202609189BE34D3B,2026-09-15T18:07:45.828Z
2026,2,17033,Sam LaPorta,DET,TE,at BUF,receptions,DraftKings,7.5,over,760,,0.1163,0.1163,,1,0.0999,-0.0164,-0.0164,ev,none,live,202609189BE34D3B,2026-09-15T18:07:45.828Z
2026,2,16808,Jahmyr Gibbs,DET,RB,at BUF,receptions,FanDuel,7.5,over,626,,0.1377,0.1377,,1,0.1212,-0.0166,-0.0166,ev,none,live,202609189BE34D3B,2026-09-15T18:07:45.828Z
2026,2,18642,Isaac TeSlaa,DET,WR,at BUF,receptions,Hard Rock,4.5,over,3000,,0.0323,0.0323,,1,0.0157,-0.0166,-0.0166,ev,none,live,202609189BE34D3B,2026-09-15T18:07:45.828Z
2026,2,15849,Jameson Williams,DET,WR,at BUF,recYds,FanDuel,39.5,over,-312,,0.7573,0.7573,,1,0.7405,-0.0168,-0.0168,ev,none,live,202609189BE34D3B,2026-09-15T18:07:45.828Z
2026,2,13466,Dawson Knox,BUF,TE,vs DET,receptions,DraftKings,4.5,over,2500,,0.0385,0.0385,,1,0.0215,-0.0169,-0.0169,ev,none,live,202609189BE34D3B,2026-09-15T18:07:45.828Z
2026,2,16808,Jahmyr Gibbs,DET,RB,at BUF,rushAtt,theScore,14.5,over,-450,,0.8182,0.8182,,1,0.8013,-0.0169,-0.0169,ev,none,live,202609189BE34D3B,2026-09-15T18:07:45.828Z
2026,2,15876,James Cook,BUF,RB,vs DET,rushYds,Caesars,79.5,over,-115,,0.5349,0.5349,,1,0.5176,-0.0172,-0.0172,ev,none,live,202609189BE34D3B,2026-09-15T18:07:45.828Z
2026,2,17033,Sam LaPorta,DET,TE,at BUF,anytimeTD,FanDuel,0.5,over,220,,0.3125,0.3125,,1,0.2953,-0.0172,-0.0172,ev,none,live,202609189BE34D3B,2026-09-15T18:07:45.828Z
2026,2,15876,James Cook,BUF,RB,vs DET,rushYds,theScore,79.5,over,-115,-110,0.5349,0.5052,0.0587,0,0.5176,-0.0172,0.0124,ev,multiplicative,live,202609189BE34D3B,2026-09-15T18:07:45.828Z
2026,2,16808,Jahmyr Gibbs,DET,RB,at BUF,rushAtt,theScore,16.5,over,-240,,0.7059,0.7059,,1,0.6887,-0.0172,-0.0172,ev,none,live,202609189BE34D3B,2026-09-15T18:07:45.828Z
2026,2,18642,Isaac TeSlaa,DET,WR,at BUF,receptions,DraftKings,1.5,over,111,-142,0.4739,0.4468,0.0607,0,0.4566,-0.0173,0.0098,ev,multiplicative,live,202609189BE34D3B,2026-09-15T18:07:45.828Z
2026,2,17033,Sam LaPorta,DET,TE,at BUF,receptions,Hard Rock,6.5,over,375,,0.2105,0.2105,,1,0.1932,-0.0173,-0.0173,ev,none,live,202609189BE34D3B,2026-09-15T18:07:45.828Z
2026,2,12483,Josh Allen,BUF,QB,vs DET,passYds,DraftKings,409.5,over,3700,,0.0263,0.0263,,1,0.0087,-0.0176,-0.0176,ev,none,live,202609189BE34D3B,2026-09-15T18:07:45.828Z
2026,2,15332,Amon-Ra St. Brown,DET,WR,at BUF,recYds,Hard Rock,64.5,under,160,-230,0.3846,0.3556,0.0816,0,0.3670,-0.0176,0.0114,ev,multiplicative,live,202609189BE34D3B,2026-09-15T18:07:45.828Z
2026,2,12483,Josh Allen,BUF,QB,vs DET,passTD,DraftKings,4.5,over,2100,,0.0455,0.0455,,1,0.0277,-0.0177,-0.0177,ev,none,live,202609189BE34D3B,2026-09-15T18:07:45.828Z
2026,2,17033,Sam LaPorta,DET,TE,at BUF,receptions,Caesars,7.5,over,750,,0.1176,0.1176,,1,0.0999,-0.0178,-0.0178,ev,none,live,202609189BE34D3B,2026-09-15T18:07:45.828Z
2026,2,18642,Isaac TeSlaa,DET,WR,at BUF,receptions,Caesars,2.5,over,330,,0.2326,0.2326,,1,0.2147,-0.0179,-0.0179,ev,none,live,202609189BE34D3B,2026-09-15T18:07:45.828Z
2026,2,12483,Josh Allen,BUF,QB,vs DET,passYds,Hard Rock,368.5,under,-6000,1400,0.9836,0.9365,0.0503,0,0.9657,-0.0179,0.0292,ev,multiplicative,live,202609189BE34D3B,2026-09-15T18:07:45.828Z
2026,2,16739,Bijan Robinson,ATL,RB,vs CAR,anytimeTD,theScore,0.5,over,-160,,0.6154,0.6154,,1,0.5975,-0.0179,-0.0179,ev,none,live,20260920E9718F0E,2026-09-15T18:07:45.828Z
2026,2,18642,Isaac TeSlaa,DET,WR,at BUF,recYds,theScore,19.5,over,115,,0.4651,0.4651,,1,0.4471,-0.0180,-0.0180,ev,none,live,202609189BE34D3B,2026-09-15T18:07:45.828Z
2026,2,15849,Jameson Williams,DET,WR,at BUF,recYds,Caesars,19.5,over,-1000,,0.9091,0.9091,,1,0.8910,-0.0181,-0.0181,ev,none,live,202609189BE34D3B,2026-09-15T18:07:45.828Z
2026,2,19426,Josh Cuevas,BAL,TE,vs NO,anytimeTD,Caesars,0.5,over,2000,,0.0476,0.0476,,1,0.0296,-0.0181,-0.0181,ev,none,live,20260920941629C7,2026-09-15T18:07:45.828Z
2026,2,17033,Sam LaPorta,DET,TE,at BUF,recYds,Hard Rock,21.5,under,375,-600,0.2105,0.1972,0.0677,0,0.1923,-0.0182,-0.0048,ev,multiplicative,live,202609189BE34D3B,2026-09-15T18:07:45.828Z
2026,2,16697,Dalton Kincaid,BUF,TE,vs DET,recYds,Caesars,50.5,over,-115,-114,0.5349,0.5010,0.0676,0,0.5164,-0.0184,0.0154,ev,multiplicative,live,202609189BE34D3B,2026-09-15T18:07:45.828Z
2026,2,16697,Dalton Kincaid,BUF,TE,vs DET,recYds,Hard Rock,50.5,over,-115,-115,0.5349,0.5000,0.0698,0,0.5164,-0.0184,0.0164,ev,multiplicative,live,202609189BE34D3B,2026-09-15T18:07:45.828Z
2026,2,15332,Amon-Ra St. Brown,DET,WR,at BUF,receptions,BetRivers,9.5,over,265,,0.2740,0.2740,,1,0.2555,-0.0185,-0.0185,ev,none,live,202609189BE34D3B,2026-09-15T18:07:45.828Z
2026,2,15332,Amon-Ra St. Brown,DET,WR,at BUF,receptions,Caesars,9.5,over,265,,0.2740,0.2740,,1,0.2555,-0.0185,-0.0185,ev,none,live,202609189BE34D3B,2026-09-15T18:07:45.828Z
2026,2,15807,Kyren Williams,LAR,RB,vs NYG,anytimeTD,DraftKings,0.5,over,-155,,0.6078,0.6078,,1,0.5893,-0.0185,-0.0185,ev,none,live,202609222DD46A1C,2026-09-15T18:07:45.828Z
2026,2,16808,Jahmyr Gibbs,DET,RB,at BUF,receptions,Hard Rock,4.5,under,-150,110,0.6000,0.5575,0.0762,0,0.5814,-0.0186,0.0239,ev,multiplicative,live,202609189BE34D3B,2026-09-15T18:07:45.828Z
2026,2,15849,Jameson Williams,DET,WR,at BUF,recYds,Hard Rock,63.5,over,105,-140,0.4878,0.4554,0.0711,0,0.4692,-0.0186,0.0138,ev,multiplicative,live,202609189BE34D3B,2026-09-15T18:07:45.828Z
2026,2,15918,Tay Martin,DET,WR,at BUF,anytimeTD,BetMGM,0.5,over,2500,,0.0385,0.0385,,1,0.0198,-0.0187,-0.0187,ev,none,live,202609189BE34D3B,2026-09-15T18:07:45.828Z
2026,2,15681,Brock Wright,DET,TE,at BUF,anytimeTD,DraftKings,0.5,over,1200,,0.0769,0.0769,,1,0.0582,-0.0187,-0.0187,ev,none,live,202609189BE34D3B,2026-09-15T18:07:45.828Z
2026,2,15681,Brock Wright,DET,TE,at BUF,anytimeTD,theScore,0.5,over,1200,,0.0769,0.0769,,1,0.0582,-0.0187,-0.0187,ev,none,live,202609189BE34D3B,2026-09-15T18:07:45.828Z
2026,2,15918,Tay Martin,DET,WR,at BUF,anytimeTD,theScore,0.5,over,2500,,0.0385,0.0385,,1,0.0198,-0.0187,-0.0187,ev,none,live,202609189BE34D3B,2026-09-15T18:07:45.828Z
2026,2,15849,Jameson Williams,DET,WR,at BUF,receptions,DraftKings,4.5,over,134,,0.4274,0.4274,,1,0.4086,-0.0188,-0.0188,ev,none,live,202609189BE34D3B,2026-09-15T18:07:45.828Z
2026,2,13466,Dawson Knox,BUF,TE,vs DET,anytimeTD,DraftKings,0.5,over,500,,0.1667,0.1667,,1,0.1479,-0.0188,-0.0188,ev,none,live,202609189BE34D3B,2026-09-15T18:07:45.828Z
2026,2,13466,Dawson Knox,BUF,TE,vs DET,anytimeTD,FanDuel,0.5,over,500,,0.1667,0.1667,,1,0.1479,-0.0188,-0.0188,ev,none,live,202609189BE34D3B,2026-09-15T18:07:45.828Z
2026,2,18524,Bhayshul Tuten,JAX,RB,at DEN,anytimeTD,Caesars,0.5,over,150,,0.4000,0.4000,,1,0.3812,-0.0188,-0.0188,ev,none,live,20260920631848F6,2026-09-15T18:07:45.828Z
2026,2,18524,Bhayshul Tuten,JAX,RB,at DEN,anytimeTD,DraftKings,0.5,over,150,,0.4000,0.4000,,1,0.3812,-0.0188,-0.0188,ev,none,live,20260920631848F6,2026-09-15T18:07:45.828Z
2026,2,13466,Dawson Knox,BUF,TE,vs DET,anytimeTD,theScore,0.5,over,500,,0.1667,0.1667,,1,0.1479,-0.0188,-0.0188,ev,none,live,202609189BE34D3B,2026-09-15T18:07:45.828Z
2026,2,18524,Bhayshul Tuten,JAX,RB,at DEN,anytimeTD,theScore,0.5,over,150,,0.4000,0.4000,,1,0.3812,-0.0188,-0.0188,ev,none,live,20260920631848F6,2026-09-15T18:07:45.828Z
2026,2,16808,Jahmyr Gibbs,DET,RB,at BUF,rushYds,FanDuel,174.5,over,999,,0.0910,0.0910,,1,0.0720,-0.0190,-0.0190,ev,none,live,202609189BE34D3B,2026-09-15T18:07:45.828Z
2026,2,16808,Jahmyr Gibbs,DET,RB,at BUF,rushAtt,theScore,19.5,over,100,-130,0.5000,0.4694,0.0652,0,0.4810,-0.0190,0.0116,ev,multiplicative,live,202609189BE34D3B,2026-09-15T18:07:45.828Z
2026,2,10729,Jared Goff,DET,QB,at BUF,passTD,DraftKings,3.5,over,1080,,0.0847,0.0847,,1,0.0656,-0.0191,-0.0191,ev,none,live,202609189BE34D3B,2026-09-15T18:07:45.828Z
2026,2,15332,Amon-Ra St. Brown,DET,WR,at BUF,recYds,Hard Rock,55.5,under,240,-375,0.2941,0.2714,0.0836,0,0.2749,-0.0192,0.0034,ev,multiplicative,live,202609189BE34D3B,2026-09-15T18:07:45.828Z
2026,2,16808,Jahmyr Gibbs,DET,RB,at BUF,rushYds,DraftKings,199.5,over,2400,,0.0400,0.0400,,1,0.0207,-0.0193,-0.0193,ev,none,live,202609189BE34D3B,2026-09-15T18:07:45.828Z
2026,2,12483,Josh Allen,BUF,QB,vs DET,passYds,Hard Rock,398.5,over,3000,,0.0323,0.0323,,1,0.0129,-0.0193,-0.0193,ev,none,live,202609189BE34D3B,2026-09-15T18:07:45.828Z
2026,2,18514,Cam Skattebo,NYG,RB,at LAR,anytimeTD,DraftKings,0.5,over,115,,0.4651,0.4651,,1,0.4457,-0.0194,-0.0194,ev,none,live,202609222DD46A1C,2026-09-15T18:07:45.828Z
2026,2,12483,Josh Allen,BUF,QB,vs DET,passYds,Hard Rock,324.5,under,-1000,500,0.9091,0.8451,0.0758,0,0.8896,-0.0195,0.0446,ev,multiplicative,live,202609189BE34D3B,2026-09-15T18:07:45.828Z
2026,2,16808,Jahmyr Gibbs,DET,RB,at BUF,rushAtt,DraftKings,13.5,over,-650,,0.8667,0.8667,,1,0.8469,-0.0198,-0.0198,ev,none,live,202609189BE34D3B,2026-09-15T18:07:45.828Z
2026,2,12483,Josh Allen,BUF,QB,vs DET,passYds,DraftKings,399.5,over,3000,,0.0323,0.0323,,1,0.0125,-0.0198,-0.0198,ev,none,live,202609189BE34D3B,2026-09-15T18:07:45.828Z
2026,2,15807,Kyren Williams,LAR,RB,vs NYG,rushYds,Hard Rock,27.5,over,-2500,800,0.9615,0.8964,0.0726,0,0.9417,-0.0198,0.0453,ev,multiplicative,live,202609222DD46A1C,2026-09-15T18:07:45.828Z
2026,2,12483,Josh Allen,BUF,QB,vs DET,passTD,theScore,4.5,over,2000,,0.0476,0.0476,,1,0.0277,-0.0199,-0.0199,ev,none,live,202609189BE34D3B,2026-09-15T18:07:45.828Z
2026,2,15332,Amon-Ra St. Brown,DET,WR,at BUF,recYds,Hard Rock,60.5,under,190,-275,0.3448,0.3198,0.0782,0,0.3247,-0.0201,0.0049,ev,multiplicative,live,202609189BE34D3B,2026-09-15T18:07:45.828Z
2026,2,16933,Chris Rodriguez Jr.,JAX,RB,at DEN,anytimeTD,Caesars,0.5,over,210,,0.3226,0.3226,,1,0.3023,-0.0203,-0.0203,ev,none,live,20260920631848F6,2026-09-15T18:07:45.828Z
2026,2,18574,Jaxson Dart,NYG,QB,at LAR,anytimeTD,Caesars,0.5,over,240,,0.2941,0.2941,,1,0.2739,-0.0203,-0.0203,ev,none,live,202609222DD46A1C,2026-09-15T18:07:45.828Z
2026,2,18574,Jaxson Dart,NYG,QB,at LAR,anytimeTD,FanDuel,0.5,over,240,,0.2941,0.2941,,1,0.2739,-0.0203,-0.0203,ev,none,live,202609222DD46A1C,2026-09-15T18:07:45.828Z
2026,2,12483,Josh Allen,BUF,QB,vs DET,passYds,Hard Rock,388.5,over,2500,,0.0385,0.0385,,1,0.0182,-0.0203,-0.0203,ev,none,live,202609189BE34D3B,2026-09-15T18:07:45.828Z
2026,2,18514,Cam Skattebo,NYG,RB,at LAR,rushYds,Hard Rock,29.5,over,-450,275,0.8182,0.7542,0.0848,0,0.7979,-0.0203,0.0437,ev,multiplicative,live,202609222DD46A1C,2026-09-15T18:07:45.828Z
2026,2,12483,Josh Allen,BUF,QB,vs DET,rushYds,Hard Rock,24.5,under,140,-190,0.4167,0.3887,0.0718,0,0.3962,-0.0205,0.0075,ev,multiplicative,live,202609189BE34D3B,2026-09-15T18:07:45.828Z
2026,2,10729,Jared Goff,DET,QB,at BUF,passYds,DraftKings,439.5,over,3900,,0.0250,0.0250,,1,0.0044,-0.0206,-0.0206,ev,none,live,202609189BE34D3B,2026-09-15T18:07:45.828Z
2026,2,17033,Sam LaPorta,DET,TE,at BUF,receptions,FanDuel,6.5,over,367,,0.2141,0.2141,,1,0.1932,-0.0209,-0.0209,ev,none,live,202609189BE34D3B,2026-09-15T18:07:45.828Z
2026,2,15332,Amon-Ra St. Brown,DET,WR,at BUF,recYds,Hard Rock,50.5,under,300,-500,0.2500,0.2308,0.0833,0,0.2291,-0.0209,-0.0016,ev,multiplicative,live,202609189BE34D3B,2026-09-15T18:07:45.828Z
2026,2,16808,Jahmyr Gibbs,DET,RB,at BUF,receptions,FanDuel,6.5,over,356,,0.2193,0.2193,,1,0.1982,-0.0211,-0.0211,ev,none,live,202609189BE34D3B,2026-09-15T18:07:45.828Z
2026,2,12483,Josh Allen,BUF,QB,vs DET,rushYds,Hard Rock,20.5,over,-300,195,0.7500,0.6887,0.0890,0,0.7289,-0.0211,0.0402,ev,multiplicative,live,202609189BE34D3B,2026-09-15T18:07:45.828Z
2026,2,12483,Josh Allen,BUF,QB,vs DET,passYds,Hard Rock,318.5,under,-850,425,0.8947,0.8245,0.0852,0,0.8735,-0.0212,0.0490,ev,multiplicative,live,202609189BE34D3B,2026-09-15T18:07:45.828Z
2026,2,16808,Jahmyr Gibbs,DET,RB,at BUF,rushYds,Hard Rock,40.5,over,-2500,750,0.9615,0.8910,0.0792,0,0.9403,-0.0212,0.0493,ev,multiplicative,live,202609189BE34D3B,2026-09-15T18:07:45.828Z
2026,2,17033,Sam LaPorta,DET,TE,at BUF,receptions,Hard Rock,9.5,over,2500,,0.0385,0.0385,,1,0.0172,-0.0212,-0.0212,ev,none,live,202609189BE34D3B,2026-09-15T18:07:45.828Z
2026,2,10729,Jared Goff,DET,QB,at BUF,passTD,BetRivers,3.5,over,1050,,0.0870,0.0870,,1,0.0656,-0.0213,-0.0213,ev,none,live,202609189BE34D3B,2026-09-15T18:07:45.828Z
2026,2,15849,Jameson Williams,DET,WR,at BUF,recYds,Hard Rock,24.5,over,-750,400,0.8824,0.8152,0.0824,0,0.8610,-0.0213,0.0458,ev,multiplicative,live,202609189BE34D3B,2026-09-15T18:07:45.828Z
2026,2,12483,Josh Allen,BUF,QB,vs DET,passYds,Hard Rock,358.5,under,-4000,1100,0.9756,0.9213,0.0589,0,0.9541,-0.0215,0.0328,ev,multiplicative,live,202609189BE34D3B,2026-09-15T18:07:45.828Z
2026,2,15876,James Cook,BUF,RB,vs DET,rushYds,Hard Rock,83.5,over,105,-150,0.4878,0.4484,0.0878,0,0.4663,-0.0215,0.0179,ev,multiplicative,live,202609189BE34D3B,2026-09-15T18:07:45.828Z
2026,2,15849,Jameson Williams,DET,WR,at BUF,recYds,Hard Rock,23.5,over,-800,425,0.8889,0.8235,0.0794,0,0.8674,-0.0215,0.0439,ev,multiplicative,live,202609189BE34D3B,2026-09-15T18:07:45.828Z
2026,2,18514,Cam Skattebo,NYG,RB,at LAR,anytimeTD,Caesars,0.5,over,114,,0.4673,0.4673,,1,0.4457,-0.0216,-0.0216,ev,none,live,202609222DD46A1C,2026-09-15T18:07:45.828Z
2026,2,18574,Jaxson Dart,NYG,QB,at LAR,rushYds,Hard Rock,25.5,under,125,-170,0.4444,0.4138,0.0741,0,0.4228,-0.0216,0.0090,ev,multiplicative,live,202609222DD46A1C,2026-09-15T18:07:45.828Z
2026,2,18514,Cam Skattebo,NYG,RB,at LAR,rushYds,Hard Rock,19.5,under,575,-1400,0.1481,0.1370,0.0815,0,0.1264,-0.0217,-0.0106,ev,multiplicative,live,202609222DD46A1C,2026-09-15T18:07:45.828Z
2026,2,18538,Jackson Hawes,BUF,TE,vs DET,anytimeTD,BetRivers,0.5,over,1150,,0.0800,0.0800,,1,0.0582,-0.0218,-0.0218,ev,none,live,202609189BE34D3B,2026-09-15T18:07:45.828Z
2026,2,15681,Brock Wright,DET,TE,at BUF,anytimeTD,BetMGM,0.5,over,1150,,0.0800,0.0800,,1,0.0582,-0.0218,-0.0218,ev,none,live,202609189BE34D3B,2026-09-15T18:07:45.828Z
2026,2,15892,Khalil Shakir,BUF,WR,vs DET,recYds,Hard Rock,9.5,over,-3000,850,0.9677,0.9019,0.0730,0,0.9459,-0.0218,0.0440,ev,multiplicative,live,202609189BE34D3B,2026-09-15T18:07:45.828Z
2026,2,16697,Dalton Kincaid,BUF,TE,vs DET,recYds,Hard Rock,35.5,under,185,-260,0.3509,0.3270,0.0731,0,0.3289,-0.0219,0.0020,ev,multiplicative,live,202609189BE34D3B,2026-09-15T18:07:45.828Z
2026,2,17033,Sam LaPorta,DET,TE,at BUF,anytimeTD,BetRivers,0.5,over,215,,0.3175,0.3175,,1,0.2953,-0.0221,-0.0221,ev,none,live,202609189BE34D3B,2026-09-15T18:07:45.828Z
2026,2,10729,Jared Goff,DET,QB,at BUF,passYds,DraftKings,429.5,over,3400,,0.0286,0.0286,,1,0.0065,-0.0221,-0.0221,ev,none,live,202609189BE34D3B,2026-09-15T18:07:45.828Z
2026,2,17692,Jayden Daniels,WAS,QB,at DAL,anytimeTD,DraftKings,0.5,over,215,,0.3175,0.3175,,1,0.2953,-0.0221,-0.0221,ev,none,live,2026092061BDEC96,2026-09-15T18:07:45.828Z
2026,2,16808,Jahmyr Gibbs,DET,RB,at BUF,rushAtt,theScore,9.5,over,-5000,,0.9804,0.9804,,1,0.9583,-0.0221,-0.0221,ev,none,live,202609189BE34D3B,2026-09-15T18:07:45.828Z
2026,2,14246,Tom Kennedy,DET,WR,at BUF,anytimeTD,FanDuel,0.5,over,3000,,0.0323,0.0323,,1,0.0100,-0.0223,-0.0223,ev,none,live,202609189BE34D3B,2026-09-15T18:07:45.828Z
2026,2,15332,Amon-Ra St. Brown,DET,WR,at BUF,receptions,Hard Rock,9.5,over,260,,0.2778,0.2778,,1,0.2555,-0.0223,-0.0223,ev,none,live,202609189BE34D3B,2026-09-15T18:07:45.828Z
2026,2,12483,Josh Allen,BUF,QB,vs DET,passYds,DraftKings,389.5,over,2400,,0.0400,0.0400,,1,0.0176,-0.0224,-0.0224,ev,none,live,202609189BE34D3B,2026-09-15T18:07:45.828Z
2026,2,12483,Josh Allen,BUF,QB,vs DET,passTD,BetRivers,3.5,over,800,,0.1111,0.1111,,1,0.0888,-0.0224,-0.0224,ev,none,live,202609189BE34D3B,2026-09-15T18:07:45.828Z
2026,2,15332,Amon-Ra St. Brown,DET,WR,at BUF,recYds,Hard Rock,45.5,under,375,-700,0.2105,0.1939,0.0855,0,0.1880,-0.0225,-0.0059,ev,multiplicative,live,202609189BE34D3B,2026-09-15T18:07:45.828Z
2026,2,19426,Josh Cuevas,BAL,TE,vs NO,anytimeTD,BetMGM,0.5,over,1800,,0.0526,0.0526,,1,0.0296,-0.0231,-0.0231,ev,none,live,20260920941629C7,2026-09-15T18:07:45.828Z
2026,2,17033,Sam LaPorta,DET,TE,at BUF,receptions,Caesars,5.5,over,186,,0.3497,0.3497,,1,0.3265,-0.0232,-0.0232,ev,none,live,202609189BE34D3B,2026-09-15T18:07:45.828Z
2026,2,16697,Dalton Kincaid,BUF,TE,vs DET,recYds,theScore,54.5,under,-130,100,0.5652,0.5306,0.0652,0,0.5420,-0.0232,0.0114,ev,multiplicative,live,202609189BE34D3B,2026-09-15T18:07:45.828Z
2026,2,12477,DJ Moore,BUF,WR,vs DET,anytimeTD,Caesars,0.5,over,155,,0.3922,0.3922,,1,0.3687,-0.0234,-0.0234,ev,none,live,202609189BE34D3B,2026-09-15T18:07:45.828Z
2026,2,12477,DJ Moore,BUF,WR,vs DET,anytimeTD,BetRivers,0.5,over,155,,0.3922,0.3922,,1,0.3687,-0.0234,-0.0234,ev,none,live,202609189BE34D3B,2026-09-15T18:07:45.828Z
2026,2,18574,Jaxson Dart,NYG,QB,at LAR,rushYds,Hard Rock,5.5,under,1100,-5000,0.0833,0.0783,0.0637,0,0.0599,-0.0235,-0.0185,ev,multiplicative,live,202609222DD46A1C,2026-09-15T18:07:45.828Z
2026,2,12483,Josh Allen,BUF,QB,vs DET,passYds,Hard Rock,328.5,under,-1200,550,0.9231,0.8571,0.0769,0,0.8995,-0.0236,0.0424,ev,multiplicative,live,202609189BE34D3B,2026-09-15T18:07:45.828Z
2026,2,15849,Jameson Williams,DET,WR,at BUF,recYds,BetRivers,69.5,over,148,,0.4032,0.4032,,1,0.3796,-0.0237,-0.0237,ev,none,live,202609189BE34D3B,2026-09-15T18:07:45.828Z
2026,2,16720,Payne Durham,TB,TE,vs CLE,anytimeTD,BetMGM,0.5,over,2200,,0.0435,0.0435,,1,0.0198,-0.0237,-0.0237,ev,none,live,20260920ABAE4147,2026-09-15T18:07:45.828Z
2026,2,17033,Sam LaPorta,DET,TE,at BUF,receptions,DraftKings,8.5,over,1360,,0.0685,0.0685,,1,0.0447,-0.0238,-0.0238,ev,none,live,202609189BE34D3B,2026-09-15T18:07:45.828Z
2026,2,16808,Jahmyr Gibbs,DET,RB,at BUF,rushAtt,Caesars,19.5,over,-102,-130,0.5050,0.4718,0.0702,0,0.4810,-0.0239,0.0092,ev,multiplicative,live,202609189BE34D3B,2026-09-15T18:07:45.828Z
2026,2,16808,Jahmyr Gibbs,DET,RB,at BUF,rushAtt,DraftKings,19.5,over,-102,-122,0.5050,0.4789,0.0545,0,0.4810,-0.0239,0.0022,ev,multiplicative,live,202609189BE34D3B,2026-09-15T18:07:45.828Z
2026,2,15876,James Cook,BUF,RB,vs DET,rushYds,Hard Rock,103.5,under,-350,225,0.7778,0.7165,0.0855,0,0.7538,-0.0240,0.0373,ev,multiplicative,live,202609189BE34D3B,2026-09-15T18:07:45.828Z
2026,2,16808,Jahmyr Gibbs,DET,RB,at BUF,receptions,theScore,6.5,over,350,,0.2222,0.2222,,1,0.1982,-0.0240,-0.0240,ev,none,live,202609189BE34D3B,2026-09-15T18:07:45.828Z
2026,2,18574,Jaxson Dart,NYG,QB,at LAR,rushYds,Hard Rock,15.5,over,-500,300,0.8333,0.7692,0.0833,0,0.8093,-0.0240,0.0401,ev,multiplicative,live,202609222DD46A1C,2026-09-15T18:07:45.828Z
2026,2,17033,Sam LaPorta,DET,TE,at BUF,receptions,Caesars,6.5,over,360,,0.2174,0.2174,,1,0.1932,-0.0241,-0.0241,ev,none,live,202609189BE34D3B,2026-09-15T18:07:45.828Z
2026,2,17033,Sam LaPorta,DET,TE,at BUF,receptions,DraftKings,9.5,over,2300,,0.0417,0.0417,,1,0.0172,-0.0245,-0.0245,ev,none,live,202609189BE34D3B,2026-09-15T18:07:45.828Z
2026,2,15876,James Cook,BUF,RB,vs DET,rushYds,BetRivers,109.5,over,360,,0.2174,0.2174,,1,0.1929,-0.0245,-0.0245,ev,none,live,202609189BE34D3B,2026-09-15T18:07:45.828Z
2026,2,12483,Josh Allen,BUF,QB,vs DET,passYds,DraftKings,379.5,over,1940,,0.0490,0.0490,,1,0.0244,-0.0246,-0.0246,ev,none,live,202609189BE34D3B,2026-09-15T18:07:45.828Z
2026,2,15807,Kyren Williams,LAR,RB,vs NYG,anytimeTD,Caesars,0.5,over,-159,,0.6139,0.6139,,1,0.5893,-0.0246,-0.0246,ev,none,live,202609222DD46A1C,2026-09-15T18:07:45.828Z
2026,2,15876,James Cook,BUF,RB,vs DET,rushYds,FanDuel,89.5,over,138,,0.4202,0.4202,,1,0.3954,-0.0247,-0.0247,ev,none,live,202609189BE34D3B,2026-09-15T18:07:45.828Z
2026,2,13427,Justice Hill,BAL,RB,vs NO,anytimeTD,Caesars,0.5,over,350,,0.2222,0.2222,,1,0.1975,-0.0247,-0.0247,ev,none,live,20260920941629C7,2026-09-15T18:07:45.828Z
2026,2,16808,Jahmyr Gibbs,DET,RB,at BUF,rushYds,Hard Rock,39.5,over,-3000,850,0.9677,0.9019,0.0730,0,0.9429,-0.0249,0.0410,ev,multiplicative,live,202609189BE34D3B,2026-09-15T18:07:45.828Z
2026,2,15807,Kyren Williams,LAR,RB,vs NYG,rushYds,Hard Rock,24.5,over,-4000,1000,0.9756,0.9148,0.0665,0,0.9507,-0.0249,0.0360,ev,multiplicative,live,202609222DD46A1C,2026-09-15T18:07:45.828Z
2026,2,12477,DJ Moore,BUF,WR,vs DET,recYds,DraftKings,169.5,over,3900,,0.0250,0.0250,,1,0.0000,-0.0250,-0.0250,ev,none,live,202609189BE34D3B,2026-09-15T18:07:45.828Z
2026,2,10729,Jared Goff,DET,QB,at BUF,passYds,DraftKings,419.5,over,2800,,0.0345,0.0345,,1,0.0095,-0.0250,-0.0250,ev,none,live,202609189BE34D3B,2026-09-15T18:07:45.828Z
2026,2,18642,Isaac TeSlaa,DET,WR,at BUF,recYds,DraftKings,99.5,over,3900,,0.0250,0.0250,,1,0.0000,-0.0250,-0.0250,ev,none,live,202609189BE34D3B,2026-09-15T18:07:45.828Z
2026,2,13556,David Montgomery,HOU,RB,vs CIN,anytimeTD,Caesars,0.5,over,-154,,0.6063,0.6063,,1,0.5810,-0.0253,-0.0253,ev,none,live,202609203726483F,2026-09-15T18:07:45.828Z
2026,2,17033,Sam LaPorta,DET,TE,at BUF,recYds,theScore,44.5,under,100,-130,0.5000,0.4694,0.0652,0,0.4747,-0.0253,0.0053,ev,multiplicative,live,202609189BE34D3B,2026-09-15T18:07:45.828Z
2026,2,12809,Tyler Conklin,DET,TE,at BUF,anytimeTD,FanDuel,0.5,over,2700,,0.0357,0.0357,,1,0.0100,-0.0258,-0.0258,ev,none,live,202609189BE34D3B,2026-09-15T18:07:45.828Z
2026,2,14411,CeeDee Lamb,DAL,WR,vs WAS,anytimeTD,DraftKings,0.5,over,120,,0.4545,0.4545,,1,0.4288,-0.0258,-0.0258,ev,none,live,2026092061BDEC96,2026-09-15T18:07:45.828Z
2026,2,16697,Dalton Kincaid,BUF,TE,vs DET,receptions,Caesars,2.5,over,-400,,0.8000,0.8000,,1,0.7741,-0.0259,-0.0259,ev,none,live,202609189BE34D3B,2026-09-15T18:07:45.828Z
2026,2,15807,Kyren Williams,LAR,RB,vs NYG,anytimeTD,FanDuel,0.5,over,-160,,0.6154,0.6154,,1,0.5893,-0.0260,-0.0260,ev,none,live,202609222DD46A1C,2026-09-15T18:07:45.828Z
2026,2,12483,Josh Allen,BUF,QB,vs DET,passYds,Hard Rock,338.5,under,-1800,650,0.9474,0.8766,0.0807,0,0.9214,-0.0260,0.0448,ev,multiplicative,live,202609189BE34D3B,2026-09-15T18:07:45.828Z
2026,2,13466,Dawson Knox,BUF,TE,vs DET,anytimeTD,Caesars,0.5,over,475,,0.1739,0.1739,,1,0.1479,-0.0261,-0.0261,ev,none,live,202609189BE34D3B,2026-09-15T18:07:45.828Z
2026,2,16808,Jahmyr Gibbs,DET,RB,at BUF,recYds,DraftKings,99.5,over,3700,,0.0263,0.0263,,1,0.0000,-0.0263,-0.0263,ev,none,live,202609189BE34D3B,2026-09-15T18:07:45.828Z
2026,2,15876,James Cook,BUF,RB,vs DET,rushYds,DraftKings,89.5,over,137,,0.4219,0.4219,,1,0.3954,-0.0265,-0.0265,ev,none,live,202609189BE34D3B,2026-09-15T18:07:45.828Z
2026,2,10729,Jared Goff,DET,QB,at BUF,completions,DraftKings,29.5,over,467,,0.1764,0.1764,,1,0.1498,-0.0266,-0.0266,ev,none,live,202609189BE34D3B,2026-09-15T18:07:45.828Z
2026,2,17033,Sam LaPorta,DET,TE,at BUF,recYds,Caesars,39.5,over,-164,,0.6212,0.6212,,1,0.5943,-0.0269,-0.0269,ev,none,live,202609189BE34D3B,2026-09-15T18:07:45.828Z
2026,2,16697,Dalton Kincaid,BUF,TE,vs DET,recYds,FanDuel,51.5,over,-114,-114,0.5327,0.5000,0.0654,0,0.5058,-0.0269,0.0058,ev,multiplicative,live,202609189BE34D3B,2026-09-15T18:07:45.828Z
2026,2,16697,Dalton Kincaid,BUF,TE,vs DET,recYds,BetRivers,52.5,under,-115,-115,0.5349,0.5000,0.0698,0,0.5079,-0.0270,0.0079,ev,multiplicative,live,202609189BE34D3B,2026-09-15T18:07:45.828Z
2026,2,15849,Jameson Williams,DET,WR,at BUF,recYds,DraftKings,69.5,over,146,,0.4065,0.4065,,1,0.3796,-0.0270,-0.0270,ev,none,live,202609189BE34D3B,2026-09-15T18:07:45.828Z
2026,2,15849,Jameson Williams,DET,WR,at BUF,recYds,DraftKings,169.5,over,3600,,0.0270,0.0270,,1,0.0000,-0.0270,-0.0270,ev,none,live,202609189BE34D3B,2026-09-15T18:07:45.828Z
2026,2,16697,Dalton Kincaid,BUF,TE,vs DET,recYds,DraftKings,159.5,over,3600,,0.0270,0.0270,,1,0.0000,-0.0270,-0.0270,ev,none,live,202609189BE34D3B,2026-09-15T18:07:45.828Z
2026,2,15447,Joshua Palmer,BUF,WR,vs DET,recYds,DraftKings,89.5,over,3600,,0.0270,0.0270,,1,0.0000,-0.0270,-0.0270,ev,none,live,202609189BE34D3B,2026-09-15T18:07:45.828Z
2026,2,14246,Tom Kennedy,DET,WR,at BUF,anytimeTD,Caesars,0.5,over,2600,,0.0370,0.0370,,1,0.0100,-0.0271,-0.0271,ev,none,live,202609189BE34D3B,2026-09-15T18:07:45.828Z
2026,2,15876,James Cook,BUF,RB,vs DET,rushYds,DraftKings,179.5,over,3400,,0.0286,0.0286,,1,0.0015,-0.0271,-0.0271,ev,none,live,202609189BE34D3B,2026-09-15T18:07:45.828Z
2026,2,17033,Sam LaPorta,DET,TE,at BUF,anytimeTD,Caesars,0.5,over,210,,0.3226,0.3226,,1,0.2953,-0.0273,-0.0273,ev,none,live,202609189BE34D3B,2026-09-15T18:07:45.828Z
2026,2,17692,Jayden Daniels,WAS,QB,at DAL,anytimeTD,Caesars,0.5,over,210,,0.3226,0.3226,,1,0.2953,-0.0273,-0.0273,ev,none,live,2026092061BDEC96,2026-09-15T18:07:45.828Z
2026,2,18549,Emeka Egbuka,TB,WR,vs CLE,anytimeTD,theScore,0.5,over,175,,0.3636,0.3636,,1,0.3363,-0.0273,-0.0273,ev,none,live,20260920ABAE4147,2026-09-15T18:07:45.828Z
2026,2,17692,Jayden Daniels,WAS,QB,at DAL,anytimeTD,theScore,0.5,over,210,,0.3226,0.3226,,1,0.2953,-0.0273,-0.0273,ev,none,live,2026092061BDEC96,2026-09-15T18:07:45.828Z
2026,2,15849,Jameson Williams,DET,WR,at BUF,recYds,FanDuel,29.5,over,-582,,0.8534,0.8534,,1,0.8259,-0.0274,-0.0274,ev,none,live,202609189BE34D3B,2026-09-15T18:07:45.828Z
2026,2,15807,Kyren Williams,LAR,RB,vs NYG,rushYds,Hard Rock,22.5,over,-6000,1300,0.9836,0.9323,0.0550,0,0.9561,-0.0275,0.0238,ev,multiplicative,live,202609222DD46A1C,2026-09-15T18:07:45.828Z
2026,2,16808,Jahmyr Gibbs,DET,RB,at BUF,receptions,FanDuel,9.5,over,1496,,0.0627,0.0627,,1,0.0350,-0.0276,-0.0276,ev,none,live,202609189BE34D3B,2026-09-15T18:07:45.828Z
2026,2,17033,Sam LaPorta,DET,TE,at BUF,recYds,Hard Rock,24.5,under,300,-475,0.2500,0.2323,0.0761,0,0.2224,-0.0276,-0.0099,ev,multiplicative,live,202609189BE34D3B,2026-09-15T18:07:45.828Z
2026,2,15807,Kyren Williams,LAR,RB,vs NYG,rushYds,Hard Rock,22.5,under,1300,-6000,0.0714,0.0677,0.0550,0,0.0439,-0.0276,-0.0238,ev,multiplicative,live,202609222DD46A1C,2026-09-15T18:07:45.828Z
2026,2,12483,Josh Allen,BUF,QB,vs DET,passYds,DraftKings,369.5,over,1540,,0.0610,0.0610,,1,0.0332,-0.0277,-0.0277,ev,none,live,202609189BE34D3B,2026-09-15T18:07:45.828Z
2026,2,15876,James Cook,BUF,RB,vs DET,rushYds,Hard Rock,88.5,over,130,-180,0.4348,0.4035,0.0776,0,0.4071,-0.0277,0.0036,ev,multiplicative,live,202609189BE34D3B,2026-09-15T18:07:45.828Z
2026,2,17033,Sam LaPorta,DET,TE,at BUF,recYds,FanDuel,46.5,under,-114,-114,0.5327,0.5000,0.0654,0,0.5049,-0.0278,0.0049,ev,multiplicative,live,202609189BE34D3B,2026-09-15T18:07:45.828Z
2026,2,17033,Sam LaPorta,DET,TE,at BUF,recYds,Caesars,45.5,over,-117,-113,0.5392,0.5040,0.0697,0,0.5113,-0.0278,0.0073,ev,multiplicative,live,202609189BE34D3B,2026-09-15T18:07:45.828Z
2026,2,15918,Tay Martin,DET,WR,at BUF,anytimeTD,BetRivers,0.5,over,2000,,0.0476,0.0476,,1,0.0198,-0.0278,-0.0278,ev,none,live,202609189BE34D3B,2026-09-15T18:07:45.828Z
2026,2,12483,Josh Allen,BUF,QB,vs DET,passAtt,DraftKings,30.5,over,-114,-112,0.5327,0.5021,0.0610,0,0.5048,-0.0279,0.0027,ev,multiplicative,live,202609189BE34D3B,2026-09-15T18:07:45.828Z
2026,2,15849,Jameson Williams,DET,WR,at BUF,recYds,FanDuel,24.5,over,-802,,0.8891,0.8891,,1,0.8610,-0.0281,-0.0281,ev,none,live,202609189BE34D3B,2026-09-15T18:07:45.828Z
2026,2,12483,Josh Allen,BUF,QB,vs DET,passYds,Hard Rock,348.5,under,-3000,800,0.9677,0.8970,0.0789,0,0.9395,-0.0283,0.0424,ev,multiplicative,live,202609189BE34D3B,2026-09-15T18:07:45.828Z
2026,2,16697,Dalton Kincaid,BUF,TE,vs DET,recYds,Hard Rock,49.5,over,-125,-110,0.5556,0.5147,0.0794,0,0.5271,-0.0284,0.0124,ev,multiplicative,live,202609189BE34D3B,2026-09-15T18:07:45.828Z
2026,2,14246,Tom Kennedy,DET,WR,at BUF,anytimeTD,DraftKings,0.5,over,2500,,0.0385,0.0385,,1,0.0100,-0.0285,-0.0285,ev,none,live,202609189BE34D3B,2026-09-15T18:07:45.828Z
2026,2,14246,Tom Kennedy,DET,WR,at BUF,anytimeTD,BetMGM,0.5,over,2500,,0.0385,0.0385,,1,0.0100,-0.0285,-0.0285,ev,none,live,202609189BE34D3B,2026-09-15T18:07:45.828Z
2026,2,12809,Tyler Conklin,DET,TE,at BUF,anytimeTD,BetMGM,0.5,over,2500,,0.0385,0.0385,,1,0.0100,-0.0285,-0.0285,ev,none,live,202609189BE34D3B,2026-09-15T18:07:45.828Z
2026,2,14246,Tom Kennedy,DET,WR,at BUF,anytimeTD,theScore,0.5,over,2500,,0.0385,0.0385,,1,0.0100,-0.0285,-0.0285,ev,none,live,202609189BE34D3B,2026-09-15T18:07:45.828Z
2026,2,12483,Josh Allen,BUF,QB,vs DET,passAtt,Caesars,30.5,under,-110,-120,0.5238,0.4899,0.0693,0,0.4952,-0.0286,0.0054,ev,multiplicative,live,202609189BE34D3B,2026-09-15T18:07:45.828Z
2026,2,17033,Sam LaPorta,DET,TE,at BUF,recYds,DraftKings,129.5,over,3400,,0.0286,0.0286,,1,0.0000,-0.0286,-0.0286,ev,none,live,202609189BE34D3B,2026-09-15T18:07:45.828Z
2026,2,12483,Josh Allen,BUF,QB,vs DET,passAtt,Hard Rock,30.5,under,-110,-120,0.5238,0.4899,0.0693,0,0.4952,-0.0286,0.0054,ev,multiplicative,live,202609189BE34D3B,2026-09-15T18:07:45.828Z
2026,2,10729,Jared Goff,DET,QB,at BUF,passYds,Hard Rock,418.5,over,2500,,0.0385,0.0385,,1,0.0099,-0.0286,-0.0286,ev,none,live,202609189BE34D3B,2026-09-15T18:07:45.828Z
2026,2,15892,Khalil Shakir,BUF,WR,vs DET,receptions,BetRivers,1.5,over,-5000,,0.9804,0.9804,,1,0.9517,-0.0287,-0.0287,ev,none,live,202609189BE34D3B,2026-09-15T18:07:45.828Z
2026,2,16808,Jahmyr Gibbs,DET,RB,at BUF,receptions,Caesars,5.5,over,205,,0.3279,0.3279,,1,0.2992,-0.0287,-0.0287,ev,none,live,202609189BE34D3B,2026-09-15T18:07:45.828Z
2026,2,18538,Jackson Hawes,BUF,TE,vs DET,anytimeTD,BetMGM,0.5,over,1050,,0.0870,0.0870,,1,0.0582,-0.0287,-0.0287,ev,none,live,202609189BE34D3B,2026-09-15T18:07:45.828Z
2026,2,17033,Sam LaPorta,DET,TE,at BUF,receptions,Caesars,3.5,over,-213,,0.6805,0.6805,,1,0.6518,-0.0287,-0.0287,ev,none,live,202609189BE34D3B,2026-09-15T18:07:45.828Z
2026,2,12483,Josh Allen,BUF,QB,vs DET,passYds,Hard Rock,378.5,over,1750,-10000,0.0541,0.0518,0.0442,0,0.0252,-0.0289,-0.0266,ev,multiplicative,live,202609189BE34D3B,2026-09-15T18:07:45.828Z
2026,2,16934,Chase Brown,CIN,RB,at HOU,anytimeTD,Caesars,0.5,over,-105,,0.5122,0.5122,,1,0.4831,-0.0290,-0.0290,ev,none,live,202609203726483F,2026-09-15T18:07:45.828Z
2026,2,16934,Chase Brown,CIN,RB,at HOU,anytimeTD,DraftKings,0.5,over,-105,,0.5122,0.5122,,1,0.4831,-0.0290,-0.0290,ev,none,live,202609203726483F,2026-09-15T18:07:45.828Z
2026,2,15332,Amon-Ra St. Brown,DET,WR,at BUF,recYds,DraftKings,189.5,over,3300,,0.0294,0.0294,,1,0.0003,-0.0291,-0.0291,ev,none,live,202609189BE34D3B,2026-09-15T18:07:45.828Z
2026,2,18574,Jaxson Dart,NYG,QB,at LAR,rushYds,Hard Rock,24.5,under,135,-185,0.4255,0.3960,0.0747,0,0.3964,-0.0291,0.0004,ev,multiplicative,live,202609222DD46A1C,2026-09-15T18:07:45.828Z
2026,2,15876,James Cook,BUF,RB,vs DET,rushYds,Hard Rock,98.5,under,-275,185,0.7333,0.6764,0.0842,0,0.7040,-0.0293,0.0277,ev,multiplicative,live,202609189BE34D3B,2026-09-15T18:07:45.828Z
2026,2,12483,Josh Allen,BUF,QB,vs DET,rushYds,DraftKings,99.5,over,3300,,0.0294,0.0294,,1,0.0000,-0.0294,-0.0294,ev,none,live,202609189BE34D3B,2026-09-15T18:07:45.828Z
2026,2,18642,Isaac TeSlaa,DET,WR,at BUF,receptions,Hard Rock,3.5,over,900,,0.1000,0.1000,,1,0.0706,-0.0294,-0.0294,ev,none,live,202609189BE34D3B,2026-09-15T18:07:45.828Z
2026,2,18574,Jaxson Dart,NYG,QB,at LAR,rushYds,Hard Rock,20.5,over,-275,185,0.7333,0.6764,0.0842,0,0.7037,-0.0297,0.0273,ev,multiplicative,live,202609222DD46A1C,2026-09-15T18:07:45.828Z
2026,2,10729,Jared Goff,DET,QB,at BUF,passYds,DraftKings,409.5,over,2200,,0.0435,0.0435,,1,0.0137,-0.0298,-0.0298,ev,none,live,202609189BE34D3B,2026-09-15T18:07:45.828Z
2026,2,12477,DJ Moore,BUF,WR,vs DET,receptions,Caesars,4.5,over,-107,-122,0.5169,0.4847,0.0665,0,0.4869,-0.0300,0.0022,ev,multiplicative,live,202609189BE34D3B,2026-09-15T18:07:45.828Z
2026,2,17033,Sam LaPorta,DET,TE,at BUF,recYds,Hard Rock,46.5,under,-115,-115,0.5349,0.5000,0.0698,0,0.5049,-0.0300,0.0049,ev,multiplicative,live,202609189BE34D3B,2026-09-15T18:07:45.828Z
2026,2,15876,James Cook,BUF,RB,vs DET,rushYds,theScore,89.5,over,135,,0.4255,0.4255,,1,0.3954,-0.0301,-0.0301,ev,none,live,202609189BE34D3B,2026-09-15T18:07:45.828Z
2026,2,12483,Josh Allen,BUF,QB,vs DET,passAtt,theScore,30.5,over,-115,-115,0.5349,0.5000,0.0698,0,0.5048,-0.0301,0.0048,ev,multiplicative,live,202609189BE34D3B,2026-09-15T18:07:45.828Z
2026,2,16808,Jahmyr Gibbs,DET,RB,at BUF,receptions,FanDuel,8.5,over,916,,0.0984,0.0984,,1,0.0681,-0.0304,-0.0304,ev,none,live,202609189BE34D3B,2026-09-15T18:07:45.828Z
2026,2,16697,Dalton Kincaid,BUF,TE,vs DET,recYds,Hard Rock,45.5,over,-150,110,0.6000,0.5575,0.0762,0,0.5695,-0.0305,0.0120,ev,multiplicative,live,202609189BE34D3B,2026-09-15T18:07:45.828Z
2026,2,16808,Jahmyr Gibbs,DET,RB,at BUF,rushAtt,DraftKings,19.5,under,-122,-102,0.5495,0.5211,0.0545,0,0.5190,-0.0306,-0.0022,ev,multiplicative,live,202609189BE34D3B,2026-09-15T18:07:45.828Z
2026,2,15849,Jameson Williams,DET,WR,at BUF,recYds,Hard Rock,68.5,under,-175,125,0.6364,0.5888,0.0808,0,0.6058,-0.0306,0.0170,ev,multiplicative,live,202609189BE34D3B,2026-09-15T18:07:45.828Z
2026,2,17033,Sam LaPorta,DET,TE,at BUF,recYds,BetRivers,39.5,over,-167,,0.6255,0.6255,,1,0.5943,-0.0312,-0.0312,ev,none,live,202609189BE34D3B,2026-09-15T18:07:45.828Z
2026,2,15849,Jameson Williams,DET,WR,at BUF,receptions,Hard Rock,4.5,under,-165,125,0.6226,0.5835,0.0671,0,0.5914,-0.0312,0.0079,ev,multiplicative,live,202609189BE34D3B,2026-09-15T18:07:45.828Z
2026,2,16808,Jahmyr Gibbs,DET,RB,at BUF,rushAtt,Hard Rock,19.5,over,-105,-125,0.5122,0.4797,0.0678,0,0.4810,-0.0312,0.0013,ev,multiplicative,live,202609189BE34D3B,2026-09-15T18:07:45.828Z
2026,2,12477,DJ Moore,BUF,WR,vs DET,anytimeTD,FanDuel,0.5,over,150,,0.4000,0.4000,,1,0.3687,-0.0313,-0.0313,ev,none,live,202609189BE34D3B,2026-09-15T18:07:45.828Z
2026,2,12483,Josh Allen,BUF,QB,vs DET,passAtt,DraftKings,31.5,over,114,,0.4673,0.4673,,1,0.4360,-0.0313,-0.0313,ev,none,live,202609189BE34D3B,2026-09-15T18:07:45.828Z
2026,2,12477,DJ Moore,BUF,WR,vs DET,anytimeTD,theScore,0.5,over,150,,0.4000,0.4000,,1,0.3687,-0.0313,-0.0313,ev,none,live,202609189BE34D3B,2026-09-15T18:07:45.828Z
2026,2,16808,Jahmyr Gibbs,DET,RB,at BUF,rushAtt,Hard Rock,17.5,over,-190,,0.6552,0.6552,,1,0.6237,-0.0315,-0.0315,ev,none,live,202609189BE34D3B,2026-09-15T18:07:45.828Z
2026,2,16697,Dalton Kincaid,BUF,TE,vs DET,recYds,Hard Rock,39.5,under,150,-210,0.4000,0.3713,0.0774,0,0.3685,-0.0315,-0.0027,ev,multiplicative,live,202609189BE34D3B,2026-09-15T18:07:45.828Z
2026,2,15849,Jameson Williams,DET,WR,at BUF,recYds,Hard Rock,13.5,under,800,-2500,0.1111,0.1036,0.0726,0,0.0796,-0.0315,-0.0240,ev,multiplicative,live,202609189BE34D3B,2026-09-15T18:07:45.828Z
2026,2,16808,Jahmyr Gibbs,DET,RB,at BUF,rushAtt,theScore,11.5,over,-1800,,0.9474,0.9474,,1,0.9158,-0.0316,-0.0316,ev,none,live,202609189BE34D3B,2026-09-15T18:07:45.828Z
2026,2,17033,Sam LaPorta,DET,TE,at BUF,receptions,DraftKings,3.5,over,-216,,0.6835,0.6835,,1,0.6518,-0.0317,-0.0317,ev,none,live,202609189BE34D3B,2026-09-15T18:07:45.828Z
2026,2,12483,Josh Allen,BUF,QB,vs DET,passTD,DraftKings,3.5,over,730,,0.1205,0.1205,,1,0.0888,-0.0317,-0.0317,ev,none,live,202609189BE34D3B,2026-09-15T18:07:45.828Z
2026,2,18642,Isaac TeSlaa,DET,WR,at BUF,receptions,FanDuel,3.5,over,876,,0.1025,0.1025,,1,0.0706,-0.0319,-0.0319,ev,none,live,202609189BE34D3B,2026-09-15T18:07:45.828Z
2026,2,18642,Isaac TeSlaa,DET,WR,at BUF,recYds,Hard Rock,20.5,over,125,-170,0.4444,0.4138,0.0741,0,0.4125,-0.0319,-0.0013,ev,multiplicative,live,202609189BE34D3B,2026-09-15T18:07:45.828Z
2026,2,16808,Jahmyr Gibbs,DET,RB,at BUF,rushAtt,DraftKings,11.5,over,-1820,,0.9479,0.9479,,1,0.9158,-0.0321,-0.0321,ev,none,live,202609189BE34D3B,2026-09-15T18:07:45.828Z
2026,2,18642,Isaac TeSlaa,DET,WR,at BUF,receptions,DraftKings,5.5,over,2800,,0.0345,0.0345,,1,0.0023,-0.0322,-0.0322,ev,none,live,202609189BE34D3B,2026-09-15T18:07:45.828Z
2026,2,15849,Jameson Williams,DET,WR,at BUF,recYds,Hard Rock,18.5,over,-1300,575,0.9286,0.8624,0.0767,0,0.8963,-0.0322,0.0339,ev,multiplicative,live,202609189BE34D3B,2026-09-15T18:07:45.828Z
2026,2,17033,Sam LaPorta,DET,TE,at BUF,recYds,Hard Rock,36.5,over,-200,140,0.6667,0.6154,0.0833,0,0.6345,-0.0322,0.0191,ev,multiplicative,live,202609189BE34D3B,2026-09-15T18:07:45.828Z
2026,2,13466,Dawson Knox,BUF,TE,vs DET,recYds,DraftKings,79.5,over,3000,,0.0323,0.0323,,1,0.0000,-0.0323,-0.0323,ev,none,live,202609189BE34D3B,2026-09-15T18:07:45.828Z
2026,2,12477,DJ Moore,BUF,WR,vs DET,recYds,DraftKings,159.5,over,3000,,0.0323,0.0323,,1,0.0000,-0.0323,-0.0323,ev,none,live,202609189BE34D3B,2026-09-15T18:07:45.828Z
2026,2,15447,Joshua Palmer,BUF,WR,vs DET,recYds,Hard Rock,79.5,over,3000,,0.0323,0.0323,,1,0.0000,-0.0323,-0.0323,ev,none,live,202609189BE34D3B,2026-09-15T18:07:45.828Z
2026,2,12483,Josh Allen,BUF,QB,vs DET,rushAtt,Hard Rock,20.5,over,3000,,0.0323,0.0323,,1,0.0000,-0.0323,-0.0323,ev,none,live,202609189BE34D3B,2026-09-15T18:07:45.828Z
2026,2,12477,DJ Moore,BUF,WR,vs DET,receptions,theScore,4.5,under,-120,-110,0.5455,0.5101,0.0693,0,0.5131,-0.0324,0.0029,ev,multiplicative,live,202609189BE34D3B,2026-09-15T18:07:45.828Z
2026,2,15849,Jameson Williams,DET,WR,at BUF,recYds,theScore,59.5,over,-125,-105,0.5556,0.5203,0.0678,0,0.5232,-0.0324,0.0029,ev,multiplicative,live,202609189BE34D3B,2026-09-15T18:07:45.828Z
2026,2,12477,DJ Moore,BUF,WR,vs DET,receptions,Hard Rock,4.5,under,-120,-110,0.5455,0.5101,0.0693,0,0.5131,-0.0324,0.0029,ev,multiplicative,live,202609189BE34D3B,2026-09-15T18:07:45.828Z
2026,2,12483,Josh Allen,BUF,QB,vs DET,passYds,Hard Rock,368.5,over,1400,-6000,0.0667,0.0635,0.0503,0,0.0343,-0.0324,-0.0292,ev,multiplicative,live,202609189BE34D3B,2026-09-15T18:07:45.828Z
2026,2,10729,Jared Goff,DET,QB,at BUF,passTD,FanDuel,3.5,over,918,,0.0982,0.0982,,1,0.0656,-0.0326,-0.0326,ev,none,live,202609189BE34D3B,2026-09-15T18:07:45.828Z
2026,2,17584,Jacob Saylors,DET,RB,at BUF,anytimeTD,BetRivers,0.5,over,1000,,0.0909,0.0909,,1,0.0582,-0.0327,-0.0327,ev,none,live,202609189BE34D3B,2026-09-15T18:07:45.828Z
2026,2,15681,Brock Wright,DET,TE,at BUF,anytimeTD,Caesars,0.5,over,1000,,0.0909,0.0909,,1,0.0582,-0.0327,-0.0327,ev,none,live,202609189BE34D3B,2026-09-15T18:07:45.828Z
2026,2,19364,Matthew Hibner,BAL,TE,vs NO,anytimeTD,Caesars,0.5,over,1000,,0.0909,0.0909,,1,0.0582,-0.0327,-0.0327,ev,none,live,20260920941629C7,2026-09-15T18:07:45.828Z
2026,2,16697,Dalton Kincaid,BUF,TE,vs DET,recYds,Hard Rock,55.5,under,-145,105,0.5918,0.5482,0.0796,0,0.5589,-0.0329,0.0108,ev,multiplicative,live,202609189BE34D3B,2026-09-15T18:07:45.828Z
2026,2,12483,Josh Allen,BUF,QB,vs DET,passAtt,DraftKings,30.5,under,-112,-114,0.5283,0.4979,0.0610,0,0.4952,-0.0331,-0.0027,ev,multiplicative,live,202609189BE34D3B,2026-09-15T18:07:45.828Z
2026,2,10133,Stefon Diggs,WAS,WR,at DAL,anytimeTD,Caesars,0.5,over,198,,0.3356,0.3356,,1,0.3023,-0.0332,-0.0332,ev,none,live,2026092061BDEC96,2026-09-15T18:07:45.828Z
2026,2,10729,Jared Goff,DET,QB,at BUF,passYds,DraftKings,399.5,over,1800,,0.0526,0.0526,,1,0.0193,-0.0333,-0.0333,ev,none,live,202609189BE34D3B,2026-09-15T18:07:45.828Z
2026,2,15332,Amon-Ra St. Brown,DET,WR,at BUF,receptions,FanDuel,9.5,over,246,,0.2890,0.2890,,1,0.2555,-0.0335,-0.0335,ev,none,live,202609189BE34D3B,2026-09-15T18:07:45.828Z
2026,2,12483,Josh Allen,BUF,QB,vs DET,passYds,DraftKings,359.5,over,1180,,0.0781,0.0781,,1,0.0446,-0.0335,-0.0335,ev,none,live,202609189BE34D3B,2026-09-15T18:07:45.828Z
2026,2,19251,Skyler Bell,BUF,WR,vs DET,anytimeTD,BetRivers,0.5,over,2200,,0.0435,0.0435,,1,0.0100,-0.0335,-0.0335,ev,none,live,202609189BE34D3B,2026-09-15T18:07:45.828Z
2026,2,16025,Jalen Nailor,LV,WR,at LAC,anytimeTD,BetMGM,0.5,over,333,,0.2309,0.2309,,1,0.1975,-0.0335,-0.0335,ev,none,live,2026092038FE57CE,2026-09-15T18:07:45.828Z
2026,2,17033,Sam LaPorta,DET,TE,at BUF,receptions,Hard Rock,7.5,over,650,,0.1333,0.1333,,1,0.0999,-0.0335,-0.0335,ev,none,live,202609189BE34D3B,2026-09-15T18:07:45.828Z
2026,2,12809,Tyler Conklin,DET,TE,at BUF,anytimeTD,theScore,0.5,over,2200,,0.0435,0.0435,,1,0.0100,-0.0335,-0.0335,ev,none,live,202609189BE34D3B,2026-09-15T18:07:45.828Z
2026,2,10729,Jared Goff,DET,QB,at BUF,passYds,Hard Rock,408.5,over,2000,,0.0476,0.0476,,1,0.0142,-0.0335,-0.0335,ev,none,live,202609189BE34D3B,2026-09-15T18:07:45.828Z
2026,2,15849,Jameson Williams,DET,WR,at BUF,recYds,Hard Rock,64.5,over,105,-150,0.4878,0.4484,0.0878,0,0.4540,-0.0338,0.0056,ev,multiplicative,live,202609189BE34D3B,2026-09-15T18:07:45.828Z
2026,2,13466,Dawson Knox,BUF,TE,vs DET,anytimeTD,BetMGM,0.5,over,450,,0.1818,0.1818,,1,0.1479,-0.0340,-0.0340,ev,none,live,202609189BE34D3B,2026-09-15T18:07:45.828Z
2026,2,16033,Isaiah Likely,NYG,TE,at LAR,anytimeTD,Caesars,0.5,over,250,,0.2857,0.2857,,1,0.2517,-0.0340,-0.0340,ev,none,live,202609222DD46A1C,2026-09-15T18:07:45.828Z
2026,2,17033,Sam LaPorta,DET,TE,at BUF,recYds,Hard Rock,26.5,under,260,-400,0.2778,0.2577,0.0778,0,0.2438,-0.0340,-0.0139,ev,multiplicative,live,202609189BE34D3B,2026-09-15T18:07:45.828Z
2026,2,16808,Jahmyr Gibbs,DET,RB,at BUF,receptions,theScore,5.5,over,200,,0.3333,0.3333,,1,0.2992,-0.0341,-0.0341,ev,none,live,202609189BE34D3B,2026-09-15T18:07:45.828Z
2026,2,15849,Jameson Williams,DET,WR,at BUF,anytimeTD,BetRivers,0.5,over,180,,0.3571,0.3571,,1,0.3229,-0.0342,-0.0342,ev,none,live,202609189BE34D3B,2026-09-15T18:07:45.828Z
2026,2,13466,Dawson Knox,BUF,TE,vs DET,recYds,Caesars,19.5,over,126,,0.4425,0.4425,,1,0.4082,-0.0342,-0.0342,ev,none,live,202609189BE34D3B,2026-09-15T18:07:45.828Z
2026,2,14411,CeeDee Lamb,DAL,WR,vs WAS,anytimeTD,Caesars,0.5,over,116,,0.4630,0.4630,,1,0.4288,-0.0342,-0.0342,ev,none,live,2026092061BDEC96,2026-09-15T18:07:45.828Z
2026,2,16697,Dalton Kincaid,BUF,TE,vs DET,receptions,FanDuel,2.5,over,-422,,0.8084,0.8084,,1,0.7741,-0.0343,-0.0343,ev,none,live,202609189BE34D3B,2026-09-15T18:07:45.828Z
2026,2,13556,David Montgomery,HOU,RB,vs CIN,anytimeTD,DraftKings,0.5,over,-160,,0.6154,0.6154,,1,0.5810,-0.0343,-0.0343,ev,none,live,202609203726483F,2026-09-15T18:07:45.828Z
2026,2,15849,Jameson Williams,DET,WR,at BUF,recYds,DraftKings,159.5,over,2800,,0.0345,0.0345,,1,0.0001,-0.0344,-0.0344,ev,none,live,202609189BE34D3B,2026-09-15T18:07:45.828Z
2026,2,10729,Jared Goff,DET,QB,at BUF,passTD,theScore,3.5,over,900,,0.1000,0.1000,,1,0.0656,-0.0344,-0.0344,ev,none,live,202609189BE34D3B,2026-09-15T18:07:45.828Z
2026,2,18642,Isaac TeSlaa,DET,WR,at BUF,recYds,DraftKings,89.5,over,2800,,0.0345,0.0345,,1,0.0000,-0.0345,-0.0345,ev,none,live,202609189BE34D3B,2026-09-15T18:07:45.828Z
2026,2,16697,Dalton Kincaid,BUF,TE,vs DET,recYds,DraftKings,24.5,over,-411,,0.8043,0.8043,,1,0.7696,-0.0347,-0.0347,ev,none,live,202609189BE34D3B,2026-09-15T18:07:45.828Z
2026,2,15876,James Cook,BUF,RB,vs DET,rushYds,DraftKings,169.5,over,2500,,0.0385,0.0385,,1,0.0038,-0.0347,-0.0347,ev,none,live,202609189BE34D3B,2026-09-15T18:07:45.828Z
2026,2,15876,James Cook,BUF,RB,vs DET,rushYds,Hard Rock,93.5,over,160,-225,0.3846,0.3571,0.0769,0,0.3499,-0.0347,-0.0072,ev,multiplicative,live,202609189BE34D3B,2026-09-15T18:07:45.828Z
2026,2,15332,Amon-Ra St. Brown,DET,WR,at BUF,recYds,theScore,19.5,over,-6000,,0.9836,0.9836,,1,0.9486,-0.0350,-0.0350,ev,none,live,202609189BE34D3B,2026-09-15T18:07:45.828Z
2026,2,12483,Josh Allen,BUF,QB,vs DET,rushAtt,Hard Rock,5.5,over,-220,,0.6875,0.6875,,1,0.6525,-0.0350,-0.0350,ev,none,live,202609189BE34D3B,2026-09-15T18:07:45.828Z
2026,2,18574,Jaxson Dart,NYG,QB,at LAR,rushYds,Hard Rock,10.5,over,-1200,525,0.9231,0.8523,0.0831,0,0.8879,-0.0351,0.0357,ev,multiplicative,live,202609222DD46A1C,2026-09-15T18:07:45.828Z
2026,2,17033,Sam LaPorta,DET,TE,at BUF,recYds,Hard Rock,31.5,over,-275,190,0.7333,0.6802,0.0782,0,0.6981,-0.0352,0.0179,ev,multiplicative,live,202609189BE34D3B,2026-09-15T18:07:45.828Z
2026,2,18642,Isaac TeSlaa,DET,WR,at BUF,receptions,DraftKings,2.5,over,300,,0.2500,0.2500,,1,0.2147,-0.0353,-0.0353,ev,none,live,202609189BE34D3B,2026-09-15T18:07:45.828Z
2026,2,17033,Sam LaPorta,DET,TE,at BUF,recYds,Hard Rock,39.5,over,-170,125,0.6296,0.5862,0.0741,0,0.5943,-0.0353,0.0081,ev,multiplicative,live,202609189BE34D3B,2026-09-15T18:07:45.828Z
2026,2,17033,Sam LaPorta,DET,TE,at BUF,recYds,BetRivers,46.5,over,-113,-118,0.5305,0.4950,0.0718,0,0.4951,-0.0354,0.0001,ev,multiplicative,live,202609189BE34D3B,2026-09-15T18:07:45.828Z
2026,2,15849,Jameson Williams,DET,WR,at BUF,recYds,theScore,59.5,under,-105,-125,0.5122,0.4797,0.0678,0,0.4768,-0.0354,-0.0029,ev,multiplicative,live,202609189BE34D3B,2026-09-15T18:07:45.828Z
2026,2,14509,Justin Jefferson,MIN,WR,at CHI,anytimeTD,BetMGM,0.5,over,140,,0.4167,0.4167,,1,0.3812,-0.0355,-0.0355,ev,none,live,20260920AEBD0307,2026-09-15T18:07:45.828Z
2026,2,16697,Dalton Kincaid,BUF,TE,vs DET,anytimeTD,BetRivers,0.5,over,190,,0.3448,0.3448,,1,0.3093,-0.0356,-0.0356,ev,none,live,202609189BE34D3B,2026-09-15T18:07:45.828Z
2026,2,15876,James Cook,BUF,RB,vs DET,rushYds,Hard Rock,99.5,under,-300,195,0.7500,0.6887,0.0890,0,0.7144,-0.0356,0.0256,ev,multiplicative,live,202609189BE34D3B,2026-09-15T18:07:45.828Z
2026,2,16697,Dalton Kincaid,BUF,TE,vs DET,recYds,DraftKings,149.5,over,2700,,0.0357,0.0357,,1,0.0000,-0.0357,-0.0357,ev,none,live,202609189BE34D3B,2026-09-15T18:07:45.828Z
2026,2,15876,James Cook,BUF,RB,vs DET,rushYds,Hard Rock,24.5,under,1750,-9000,0.0541,0.0518,0.0431,0,0.0184,-0.0357,-0.0334,ev,multiplicative,live,202609189BE34D3B,2026-09-15T18:07:45.828Z
2026,2,17033,Sam LaPorta,DET,TE,at BUF,receptions,FanDuel,7.5,over,637,,0.1357,0.1357,,1,0.0999,-0.0358,-0.0358,ev,none,live,202609189BE34D3B,2026-09-15T18:07:45.828Z
2026,2,16808,Jahmyr Gibbs,DET,RB,at BUF,rushAtt,BetRivers,19.5,over,-107,,0.5169,0.5169,,1,0.4810,-0.0359,-0.0359,ev,none,live,202609189BE34D3B,2026-09-15T18:07:45.828Z
2026,2,15849,Jameson Williams,DET,WR,at BUF,receptions,Hard Rock,4.5,over,125,-165,0.4444,0.4165,0.0671,0,0.4086,-0.0359,-0.0079,ev,multiplicative,live,202609189BE34D3B,2026-09-15T18:07:45.828Z
2026,2,15332,Amon-Ra St. Brown,DET,WR,at BUF,receptions,DraftKings,9.5,over,243,,0.2915,0.2915,,1,0.2555,-0.0361,-0.0361,ev,none,live,202609189BE34D3B,2026-09-15T18:07:45.828Z
2026,2,16697,Dalton Kincaid,BUF,TE,vs DET,recYds,Caesars,49.5,over,-129,,0.5633,0.5633,,1,0.5271,-0.0362,-0.0362,ev,none,live,202609189BE34D3B,2026-09-15T18:07:45.828Z
2026,2,13466,Dawson Knox,BUF,TE,vs DET,recYds,Hard Rock,22.5,over,195,-275,0.3390,0.3161,0.0723,0,0.3028,-0.0362,-0.0133,ev,multiplicative,live,202609189BE34D3B,2026-09-15T18:07:45.828Z
2026,2,13466,Dawson Knox,BUF,TE,vs DET,recYds,Hard Rock,22.5,under,-275,195,0.7333,0.6839,0.0723,0,0.6972,-0.0362,0.0133,ev,multiplicative,live,202609189BE34D3B,2026-09-15T18:07:45.828Z
2026,2,12483,Josh Allen,BUF,QB,vs DET,passTD,theScore,3.5,over,700,,0.1250,0.1250,,1,0.0888,-0.0362,-0.0362,ev,none,live,202609189BE34D3B,2026-09-15T18:07:45.828Z
2026,2,17033,Sam LaPorta,DET,TE,at BUF,recYds,BetRivers,46.5,under,-118,-113,0.5413,0.5050,0.0718,0,0.5049,-0.0364,-0.0001,ev,multiplicative,live,202609189BE34D3B,2026-09-15T18:07:45.828Z
2026,2,18514,Cam Skattebo,NYG,RB,at LAR,rushYds,Hard Rock,24.5,over,-700,400,0.8750,0.8140,0.0750,0,0.8386,-0.0364,0.0247,ev,multiplicative,live,202609222DD46A1C,2026-09-15T18:07:45.828Z
2026,2,12477,DJ Moore,BUF,WR,vs DET,receptions,Caesars,4.5,under,-122,-107,0.5495,0.5153,0.0665,0,0.5131,-0.0365,-0.0022,ev,multiplicative,live,202609189BE34D3B,2026-09-15T18:07:45.828Z
2026,2,12483,Josh Allen,BUF,QB,vs DET,passTD,FanDuel,3.5,over,698,,0.1253,0.1253,,1,0.0888,-0.0366,-0.0366,ev,none,live,202609189BE34D3B,2026-09-15T18:07:45.828Z
2026,2,16808,Jahmyr Gibbs,DET,RB,at BUF,rushAtt,Hard Rock,19.5,under,-125,-105,0.5556,0.5203,0.0678,0,0.5190,-0.0366,-0.0013,ev,multiplicative,live,202609189BE34D3B,2026-09-15T18:07:45.828Z
2026,2,12477,DJ Moore,BUF,WR,vs DET,receptions,BetRivers,4.5,over,-110,,0.5238,0.5238,,1,0.4869,-0.0369,-0.0369,ev,none,live,202609189BE34D3B,2026-09-15T18:07:45.828Z
2026,2,12477,DJ Moore,BUF,WR,vs DET,receptions,theScore,4.5,over,-110,-120,0.5238,0.4899,0.0693,0,0.4869,-0.0369,-0.0029,ev,multiplicative,live,202609189BE34D3B,2026-09-15T18:07:45.828Z
2026,2,12477,DJ Moore,BUF,WR,vs DET,receptions,Hard Rock,4.5,over,-110,-120,0.5238,0.4899,0.0693,0,0.4869,-0.0369,-0.0029,ev,multiplicative,live,202609189BE34D3B,2026-09-15T18:07:45.828Z
2026,2,17584,Jacob Saylors,DET,RB,at BUF,anytimeTD,BetMGM,0.5,over,950,,0.0952,0.0952,,1,0.0582,-0.0370,-0.0370,ev,none,live,202609189BE34D3B,2026-09-15T18:07:45.828Z
2026,2,15681,Brock Wright,DET,TE,at BUF,anytimeTD,FanDuel,0.5,over,950,,0.0952,0.0952,,1,0.0582,-0.0370,-0.0370,ev,none,live,202609189BE34D3B,2026-09-15T18:07:45.828Z
2026,2,10729,Jared Goff,DET,QB,at BUF,passYds,DraftKings,389.5,over,1460,,0.0641,0.0641,,1,0.0269,-0.0372,-0.0372,ev,none,live,202609189BE34D3B,2026-09-15T18:07:45.828Z
2026,2,12483,Josh Allen,BUF,QB,vs DET,passYds,DraftKings,349.5,over,940,,0.0962,0.0962,,1,0.0589,-0.0372,-0.0372,ev,none,live,202609189BE34D3B,2026-09-15T18:07:45.828Z
2026,2,15849,Jameson Williams,DET,WR,at BUF,recYds,theScore,39.5,over,-350,,0.7778,0.7778,,1,0.7405,-0.0373,-0.0373,ev,none,live,202609189BE34D3B,2026-09-15T18:07:45.828Z
2026,2,12483,Josh Allen,BUF,QB,vs DET,passYds,Hard Rock,358.5,over,1100,-4000,0.0833,0.0787,0.0589,0,0.0459,-0.0374,-0.0328,ev,multiplicative,live,202609189BE34D3B,2026-09-15T18:07:45.828Z
2026,2,15332,Amon-Ra St. Brown,DET,WR,at BUF,recYds,DraftKings,179.5,over,2500,,0.0385,0.0385,,1,0.0010,-0.0375,-0.0375,ev,none,live,202609189BE34D3B,2026-09-15T18:07:45.828Z
2026,2,17033,Sam LaPorta,DET,TE,at BUF,recYds,FanDuel,46.5,over,-114,-114,0.5327,0.5000,0.0654,0,0.4951,-0.0376,-0.0049,ev,multiplicative,live,202609189BE34D3B,2026-09-15T18:07:45.828Z
2026,2,12809,Tyler Conklin,DET,TE,at BUF,anytimeTD,Caesars,0.5,over,2000,,0.0476,0.0476,,1,0.0100,-0.0377,-0.0377,ev,none,live,202609189BE34D3B,2026-09-15T18:07:45.828Z
2026,2,12809,Tyler Conklin,DET,TE,at BUF,anytimeTD,DraftKings,0.5,over,2000,,0.0476,0.0476,,1,0.0100,-0.0377,-0.0377,ev,none,live,202609189BE34D3B,2026-09-15T18:07:45.828Z
2026,2,13426,Noah Fant,NO,TE,at BAL,anytimeTD,BetMGM,0.5,over,850,,0.1053,0.1053,,1,0.0676,-0.0377,-0.0377,ev,none,live,20260920941629C7,2026-09-15T18:07:45.828Z
2026,2,12483,Josh Allen,BUF,QB,vs DET,rushYds,DraftKings,24.5,over,-179,,0.6416,0.6416,,1,0.6038,-0.0378,-0.0378,ev,none,live,202609189BE34D3B,2026-09-15T18:07:45.828Z
2026,2,15447,Joshua Palmer,BUF,WR,vs DET,recYds,Hard Rock,3.5,under,220,-350,0.3125,0.2866,0.0903,0,0.2747,-0.0378,-0.0119,ev,multiplicative,live,202609189BE34D3B,2026-09-15T18:07:45.828Z
2026,2,17033,Sam LaPorta,DET,TE,at BUF,anytimeTD,BetMGM,0.5,over,200,,0.3333,0.3333,,1,0.2953,-0.0380,-0.0380,ev,none,live,202609189BE34D3B,2026-09-15T18:07:45.828Z
2026,2,16697,Dalton Kincaid,BUF,TE,vs DET,recYds,Hard Rock,40.5,under,140,-200,0.4167,0.3846,0.0833,0,0.3787,-0.0380,-0.0060,ev,multiplicative,live,202609189BE34D3B,2026-09-15T18:07:45.828Z
2026,2,17033,Sam LaPorta,DET,TE,at BUF,anytimeTD,theScore,0.5,over,200,,0.3333,0.3333,,1,0.2953,-0.0380,-0.0380,ev,none,live,202609189BE34D3B,2026-09-15T18:07:45.828Z
2026,2,18449,Woody Marks,HOU,RB,vs CIN,anytimeTD,DraftKings,0.5,over,245,,0.2899,0.2899,,1,0.2517,-0.0381,-0.0381,ev,none,live,202609203726483F,2026-09-15T18:07:45.828Z
2026,2,18642,Isaac TeSlaa,DET,WR,at BUF,recYds,Caesars,19.5,over,106,,0.4854,0.4854,,1,0.4471,-0.0383,-0.0383,ev,none,live,202609189BE34D3B,2026-09-15T18:07:45.828Z
2026,2,16808,Jahmyr Gibbs,DET,RB,at BUF,recYds,DraftKings,89.5,over,2500,,0.0385,0.0385,,1,0.0002,-0.0383,-0.0383,ev,none,live,202609189BE34D3B,2026-09-15T18:07:45.828Z
2026,2,17033,Sam LaPorta,DET,TE,at BUF,receptions,FanDuel,9.5,over,1697,,0.0556,0.0556,,1,0.0172,-0.0384,-0.0384,ev,none,live,202609189BE34D3B,2026-09-15T18:07:45.828Z
2026,2,15447,Joshua Palmer,BUF,WR,vs DET,recYds,DraftKings,79.5,over,2500,,0.0385,0.0385,,1,0.0000,-0.0385,-0.0385,ev,none,live,202609189BE34D3B,2026-09-15T18:07:45.828Z
2026,2,16697,Dalton Kincaid,BUF,TE,vs DET,recYds,FanDuel,51.5,under,-114,-114,0.5327,0.5000,0.0654,0,0.4942,-0.0385,-0.0058,ev,multiplicative,live,202609189BE34D3B,2026-09-15T18:07:45.828Z
2026,2,18642,Isaac TeSlaa,DET,WR,at BUF,recYds,Hard Rock,79.5,over,2500,,0.0385,0.0385,,1,0.0000,-0.0385,-0.0385,ev,none,live,202609189BE34D3B,2026-09-15T18:07:45.828Z
2026,2,15210,Rashod Bateman,BAL,WR,vs NO,anytimeTD,BetMGM,0.5,over,220,,0.3125,0.3125,,1,0.2739,-0.0386,-0.0386,ev,none,live,20260920941629C7,2026-09-15T18:07:45.828Z
2026,2,18514,Cam Skattebo,NYG,RB,at LAR,rushYds,Hard Rock,24.5,under,400,-700,0.2000,0.1860,0.0750,0,0.1614,-0.0386,-0.0247,ev,multiplicative,live,202609222DD46A1C,2026-09-15T18:07:45.828Z
2026,2,16808,Jahmyr Gibbs,DET,RB,at BUF,receptions,FanDuel,5.5,over,196,,0.3378,0.3378,,1,0.2992,-0.0387,-0.0387,ev,none,live,202609189BE34D3B,2026-09-15T18:07:45.828Z
2026,2,17033,Sam LaPorta,DET,TE,at BUF,recYds,Hard Rock,39.5,under,125,-170,0.4444,0.4138,0.0741,0,0.4057,-0.0387,-0.0081,ev,multiplicative,live,202609189BE34D3B,2026-09-15T18:07:45.828Z
2026,2,12483,Josh Allen,BUF,QB,vs DET,passTD,Caesars,4.5,over,1400,,0.0667,0.0667,,1,0.0277,-0.0389,-0.0389,ev,none,live,202609189BE34D3B,2026-09-15T18:07:45.828Z
2026,2,13786,Josh Oliver,MIN,TE,at CHI,anytimeTD,BetMGM,0.5,over,700,,0.1250,0.1250,,1,0.0861,-0.0389,-0.0389,ev,none,live,20260920AEBD0307,2026-09-15T18:07:45.828Z
2026,2,12483,Josh Allen,BUF,QB,vs DET,passAtt,theScore,29.5,over,-145,,0.5918,0.5918,,1,0.5522,-0.0396,-0.0396,ev,none,live,202609189BE34D3B,2026-09-15T18:07:45.828Z
2026,2,12483,Josh Allen,BUF,QB,vs DET,passAtt,theScore,30.5,under,-115,-115,0.5349,0.5000,0.0698,0,0.4952,-0.0396,-0.0048,ev,multiplicative,live,202609189BE34D3B,2026-09-15T18:07:45.828Z
2026,2,10729,Jared Goff,DET,QB,at BUF,passTD,Hard Rock,3.5,over,850,,0.1053,0.1053,,1,0.0656,-0.0396,-0.0396,ev,none,live,202609189BE34D3B,2026-09-15T18:07:45.828Z
2026,2,17033,Sam LaPorta,DET,TE,at BUF,recYds,Hard Rock,46.5,over,-115,-115,0.5349,0.5000,0.0698,0,0.4951,-0.0398,-0.0049,ev,multiplicative,live,202609189BE34D3B,2026-09-15T18:07:45.828Z
2026,2,17033,Sam LaPorta,DET,TE,at BUF,recYds,theScore,44.5,over,-130,100,0.5652,0.5306,0.0652,0,0.5253,-0.0399,-0.0053,ev,multiplicative,live,202609189BE34D3B,2026-09-15T18:07:45.828Z
2026,2,15849,Jameson Williams,DET,WR,at BUF,recYds,theScore,49.5,over,-210,,0.6774,0.6774,,1,0.6374,-0.0400,-0.0400,ev,none,live,202609189BE34D3B,2026-09-15T18:07:45.828Z
2026,2,16697,Dalton Kincaid,BUF,TE,vs DET,recYds,DraftKings,50.5,under,-110,-114,0.5238,0.4958,0.0565,0,0.4836,-0.0403,-0.0122,ev,multiplicative,live,202609189BE34D3B,2026-09-15T18:07:45.828Z
2026,2,18574,Jaxson Dart,NYG,QB,at LAR,rushYds,Hard Rock,5.5,over,-5000,1100,0.9804,0.9217,0.0637,0,0.9401,-0.0403,0.0185,ev,multiplicative,live,202609222DD46A1C,2026-09-15T18:07:45.828Z
2026,2,18460,Colston Loveland,CHI,TE,vs MIN,anytimeTD,Caesars,0.5,over,186,,0.3497,0.3497,,1,0.3093,-0.0404,-0.0404,ev,none,live,20260920AEBD0307,2026-09-15T18:07:45.828Z
2026,2,12483,Josh Allen,BUF,QB,vs DET,passAtt,Caesars,30.5,over,-120,-110,0.5455,0.5101,0.0693,0,0.5048,-0.0407,-0.0054,ev,multiplicative,live,202609189BE34D3B,2026-09-15T18:07:45.828Z
2026,2,15849,Jameson Williams,DET,WR,at BUF,anytimeTD,BetMGM,0.5,over,175,,0.3636,0.3636,,1,0.3229,-0.0407,-0.0407,ev,none,live,202609189BE34D3B,2026-09-15T18:07:45.828Z
2026,2,15849,Jameson Williams,DET,WR,at BUF,recYds,theScore,29.5,over,-650,,0.8667,0.8667,,1,0.8259,-0.0407,-0.0407,ev,none,live,202609189BE34D3B,2026-09-15T18:07:45.828Z
2026,2,12483,Josh Allen,BUF,QB,vs DET,passAtt,Hard Rock,30.5,over,-120,-110,0.5455,0.5101,0.0693,0,0.5048,-0.0407,-0.0054,ev,multiplicative,live,202609189BE34D3B,2026-09-15T18:07:45.828Z
2026,2,16934,Chase Brown,CIN,RB,at HOU,anytimeTD,theScore,0.5,over,-110,,0.5238,0.5238,,1,0.4831,-0.0407,-0.0407,ev,none,live,202609203726483F,2026-09-15T18:07:45.828Z
2026,2,18481,Oronde Gadsden II,LAC,TE,vs LV,anytimeTD,BetMGM,0.5,over,550,,0.1538,0.1538,,1,0.1131,-0.0408,-0.0408,ev,none,live,2026092038FE57CE,2026-09-15T18:07:45.828Z
2026,2,17033,Sam LaPorta,DET,TE,at BUF,recYds,Hard Rock,41.5,over,-155,110,0.6078,0.5607,0.0840,0,0.5669,-0.0409,0.0062,ev,multiplicative,live,202609189BE34D3B,2026-09-15T18:07:45.828Z
2026,2,15849,Jameson Williams,DET,WR,at BUF,recYds,Hard Rock,13.5,over,-2500,800,0.9615,0.8964,0.0726,0,0.9204,-0.0412,0.0240,ev,multiplicative,live,202609189BE34D3B,2026-09-15T18:07:45.828Z
2026,2,10729,Jared Goff,DET,QB,at BUF,passYds,DraftKings,379.5,over,1180,,0.0781,0.0781,,1,0.0367,-0.0414,-0.0414,ev,none,live,202609189BE34D3B,2026-09-15T18:07:45.828Z
2026,2,15876,James Cook,BUF,RB,vs DET,rushYds,theScore,79.5,under,-110,-115,0.5238,0.4948,0.0587,0,0.4824,-0.0414,-0.0124,ev,multiplicative,live,202609189BE34D3B,2026-09-15T18:07:45.828Z
2026,2,12483,Josh Allen,BUF,QB,vs DET,rushYds,FanDuel,24.5,over,-182,,0.6454,0.6454,,1,0.6038,-0.0416,-0.0416,ev,none,live,202609189BE34D3B,2026-09-15T18:07:45.828Z
2026,2,18460,Colston Loveland,CHI,TE,vs MIN,anytimeTD,DraftKings,0.5,over,185,,0.3509,0.3509,,1,0.3093,-0.0416,-0.0416,ev,none,live,20260920AEBD0307,2026-09-15T18:07:45.828Z
2026,2,18460,Colston Loveland,CHI,TE,vs MIN,anytimeTD,theScore,0.5,over,185,,0.3509,0.3509,,1,0.3093,-0.0416,-0.0416,ev,none,live,20260920AEBD0307,2026-09-15T18:07:45.828Z
2026,2,17033,Sam LaPorta,DET,TE,at BUF,recYds,DraftKings,119.5,over,2300,,0.0417,0.0417,,1,0.0000,-0.0417,-0.0417,ev,none,live,202609189BE34D3B,2026-09-15T18:07:45.828Z
2026,2,15853,George Pickens,DAL,WR,vs WAS,anytimeTD,theScore,0.5,over,140,,0.4167,0.4167,,1,0.3750,-0.0417,-0.0417,ev,none,live,2026092061BDEC96,2026-09-15T18:07:45.828Z
2026,2,15807,Kyren Williams,LAR,RB,vs NYG,rushYds,Hard Rock,24.5,under,1000,-4000,0.0909,0.0852,0.0665,0,0.0493,-0.0417,-0.0360,ev,multiplicative,live,202609222DD46A1C,2026-09-15T18:07:45.828Z
2026,2,17033,Sam LaPorta,DET,TE,at BUF,recYds,Caesars,45.5,under,-113,-117,0.5305,0.4960,0.0697,0,0.4887,-0.0418,-0.0073,ev,multiplicative,live,202609189BE34D3B,2026-09-15T18:07:45.828Z
2026,2,16697,Dalton Kincaid,BUF,TE,vs DET,recYds,theScore,54.5,over,100,-130,0.5000,0.4694,0.0652,0,0.4580,-0.0420,-0.0114,ev,multiplicative,live,202609189BE34D3B,2026-09-15T18:07:45.828Z
2026,2,15332,Amon-Ra St. Brown,DET,WR,at BUF,recYds,DraftKings,39.5,over,-870,,0.8969,0.8969,,1,0.8548,-0.0421,-0.0421,ev,none,live,202609189BE34D3B,2026-09-15T18:07:45.828Z
2026,2,17033,Sam LaPorta,DET,TE,at BUF,recYds,FanDuel,39.5,over,-175,,0.6364,0.6364,,1,0.5943,-0.0421,-0.0421,ev,none,live,202609189BE34D3B,2026-09-15T18:07:45.828Z
2026,2,17033,Sam LaPorta,DET,TE,at BUF,recYds,theScore,39.5,over,-175,,0.6364,0.6364,,1,0.5943,-0.0421,-0.0421,ev,none,live,202609189BE34D3B,2026-09-15T18:07:45.828Z
2026,2,15876,James Cook,BUF,RB,vs DET,rushYds,DraftKings,99.5,over,205,,0.3279,0.3279,,1,0.2856,-0.0422,-0.0422,ev,none,live,202609189BE34D3B,2026-09-15T18:07:45.828Z
2026,2,15876,James Cook,BUF,RB,vs DET,rushYds,Hard Rock,93.5,under,-225,160,0.6923,0.6429,0.0769,0,0.6501,-0.0422,0.0072,ev,multiplicative,live,202609189BE34D3B,2026-09-15T18:07:45.828Z
2026,2,18642,Isaac TeSlaa,DET,WR,at BUF,recYds,Hard Rock,20.5,under,-170,125,0.6296,0.5862,0.0741,0,0.5875,-0.0422,0.0013,ev,multiplicative,live,202609189BE34D3B,2026-09-15T18:07:45.828Z
2026,2,12483,Josh Allen,BUF,QB,vs DET,passYds,DraftKings,339.5,over,740,,0.1190,0.1190,,1,0.0766,-0.0424,-0.0424,ev,none,live,202609189BE34D3B,2026-09-15T18:07:45.828Z
2026,2,12559,Mark Andrews,BAL,TE,vs NO,anytimeTD,Caesars,0.5,over,164,,0.3788,0.3788,,1,0.3363,-0.0424,-0.0424,ev,none,live,20260920941629C7,2026-09-15T18:07:45.828Z
2026,2,15984,Jaylen Warren,PIT,RB,at NE,anytimeTD,DraftKings,0.5,over,190,,0.3448,0.3448,,1,0.3023,-0.0425,-0.0425,ev,none,live,202609208CF5F830,2026-09-15T18:07:45.828Z
2026,2,10729,Jared Goff,DET,QB,at BUF,passYds,Hard Rock,398.5,over,1500,-7000,0.0625,0.0596,0.0484,0,0.0200,-0.0425,-0.0396,ev,multiplicative,live,202609189BE34D3B,2026-09-15T18:07:45.828Z
2026,2,16697,Dalton Kincaid,BUF,TE,vs DET,recYds,BetRivers,52.5,over,-115,-115,0.5349,0.5000,0.0698,0,0.4921,-0.0427,-0.0079,ev,multiplicative,live,202609189BE34D3B,2026-09-15T18:07:45.828Z
2026,2,17033,Sam LaPorta,DET,TE,at BUF,recYds,Hard Rock,31.5,under,190,-275,0.3448,0.3198,0.0782,0,0.3019,-0.0429,-0.0179,ev,multiplicative,live,202609189BE34D3B,2026-09-15T18:07:45.828Z
2026,2,17033,Sam LaPorta,DET,TE,at BUF,recYds,Hard Rock,41.5,under,110,-155,0.4762,0.4393,0.0840,0,0.4331,-0.0431,-0.0062,ev,multiplicative,live,202609189BE34D3B,2026-09-15T18:07:45.828Z
2026,2,15332,Amon-Ra St. Brown,DET,WR,at BUF,anytimeTD,BetMGM,0.5,over,120,,0.4545,0.4545,,1,0.4114,-0.0432,-0.0432,ev,none,live,202609189BE34D3B,2026-09-15T18:07:45.828Z
2026,2,18642,Isaac TeSlaa,DET,WR,at BUF,receptions,DraftKings,1.5,under,-142,111,0.5868,0.5532,0.0607,0,0.5434,-0.0434,-0.0098,ev,multiplicative,live,202609189BE34D3B,2026-09-15T18:07:45.828Z
2026,2,12483,Josh Allen,BUF,QB,vs DET,rushYds,DraftKings,89.5,over,2200,,0.0435,0.0435,,1,0.0000,-0.0435,-0.0435,ev,none,live,202609189BE34D3B,2026-09-15T18:07:45.828Z
2026,2,12477,DJ Moore,BUF,WR,vs DET,recYds,DraftKings,149.5,over,2200,,0.0435,0.0435,,1,0.0000,-0.0435,-0.0435,ev,none,live,202609189BE34D3B,2026-09-15T18:07:45.828Z
2026,2,15332,Amon-Ra St. Brown,DET,WR,at BUF,recYds,DraftKings,49.5,over,-465,,0.8230,0.8230,,1,0.7795,-0.0436,-0.0436,ev,none,live,202609189BE34D3B,2026-09-15T18:07:45.828Z
2026,2,12483,Josh Allen,BUF,QB,vs DET,passYds,Caesars,369.5,over,1200,,0.0769,0.0769,,1,0.0332,-0.0437,-0.0437,ev,none,live,202609189BE34D3B,2026-09-15T18:07:45.828Z
2026,2,17033,Sam LaPorta,DET,TE,at BUF,anytimeTD,DraftKings,0.5,over,195,,0.3390,0.3390,,1,0.2953,-0.0437,-0.0437,ev,none,live,202609189BE34D3B,2026-09-15T18:07:45.828Z
2026,2,14458,Jerry Jeudy,CLE,WR,at TB,anytimeTD,BetMGM,0.5,over,400,,0.2000,0.2000,,1,0.1563,-0.0437,-0.0437,ev,none,live,20260920ABAE4147,2026-09-15T18:07:45.828Z
2026,2,15849,Jameson Williams,DET,WR,at BUF,recYds,Hard Rock,8.5,over,-6000,1300,0.9836,0.9323,0.0550,0,0.9399,-0.0437,0.0077,ev,multiplicative,live,202609189BE34D3B,2026-09-15T18:07:45.828Z
2026,2,17033,Sam LaPorta,DET,TE,at BUF,recYds,DraftKings,24.5,over,-460,,0.8214,0.8214,,1,0.7776,-0.0438,-0.0438,ev,none,live,202609189BE34D3B,2026-09-15T18:07:45.828Z
2026,2,17033,Sam LaPorta,DET,TE,at BUF,recYds,Hard Rock,26.5,over,-400,260,0.8000,0.7423,0.0778,0,0.7562,-0.0438,0.0139,ev,multiplicative,live,202609189BE34D3B,2026-09-15T18:07:45.828Z
2026,2,18642,Isaac TeSlaa,DET,WR,at BUF,receptions,DraftKings,4.5,over,1580,,0.0595,0.0595,,1,0.0157,-0.0439,-0.0439,ev,none,live,202609189BE34D3B,2026-09-15T18:07:45.828Z
2026,2,15849,Jameson Williams,DET,WR,at BUF,recYds,theScore,9.5,over,-5000,,0.9804,0.9804,,1,0.9364,-0.0440,-0.0440,ev,none,live,202609189BE34D3B,2026-09-15T18:07:45.828Z
2026,2,16697,Dalton Kincaid,BUF,TE,vs DET,receptions,Hard Rock,2.5,over,-450,,0.8182,0.8182,,1,0.7741,-0.0441,-0.0441,ev,none,live,202609189BE34D3B,2026-09-15T18:07:45.828Z
2026,2,16697,Dalton Kincaid,BUF,TE,vs DET,receptions,theScore,2.5,over,-450,,0.8182,0.8182,,1,0.7741,-0.0441,-0.0441,ev,none,live,202609189BE34D3B,2026-09-15T18:07:45.828Z
2026,2,14509,Justin Jefferson,MIN,WR,at CHI,anytimeTD,theScore,0.5,over,135,,0.4255,0.4255,,1,0.3812,-0.0443,-0.0443,ev,none,live,20260920AEBD0307,2026-09-15T18:07:45.828Z
2026,2,15876,James Cook,BUF,RB,vs DET,rushYds,FanDuel,99.5,over,203,,0.3300,0.3300,,1,0.2856,-0.0444,-0.0444,ev,none,live,202609189BE34D3B,2026-09-15T18:07:45.828Z
2026,2,12483,Josh Allen,BUF,QB,vs DET,passAtt,DraftKings,29.5,over,-148,,0.5968,0.5968,,1,0.5522,-0.0445,-0.0445,ev,none,live,202609189BE34D3B,2026-09-15T18:07:45.828Z
2026,2,15849,Jameson Williams,DET,WR,at BUF,recYds,Hard Rock,18.5,under,575,-1300,0.1481,0.1376,0.0767,0,0.1037,-0.0445,-0.0339,ev,multiplicative,live,202609189BE34D3B,2026-09-15T18:07:45.828Z
2026,2,15849,Jameson Williams,DET,WR,at BUF,recYds,FanDuel,19.5,over,-1452,,0.9356,0.9356,,1,0.8910,-0.0446,-0.0446,ev,none,live,202609189BE34D3B,2026-09-15T18:07:45.828Z
2026,2,12483,Josh Allen,BUF,QB,vs DET,passTD,Hard Rock,3.5,over,650,,0.1333,0.1333,,1,0.0888,-0.0446,-0.0446,ev,none,live,202609189BE34D3B,2026-09-15T18:07:45.828Z
2026,2,18642,Isaac TeSlaa,DET,WR,at BUF,anytimeTD,BetRivers,0.5,over,500,,0.1667,0.1667,,1,0.1219,-0.0448,-0.0448,ev,none,live,202609189BE34D3B,2026-09-15T18:07:45.828Z
2026,2,18642,Isaac TeSlaa,DET,WR,at BUF,anytimeTD,FanDuel,0.5,over,500,,0.1667,0.1667,,1,0.1219,-0.0448,-0.0448,ev,none,live,202609189BE34D3B,2026-09-15T18:07:45.828Z
2026,2,15876,James Cook,BUF,RB,vs DET,rushYds,DraftKings,159.5,over,1760,,0.0538,0.0538,,1,0.0088,-0.0449,-0.0449,ev,none,live,202609189BE34D3B,2026-09-15T18:07:45.828Z
2026,2,17033,Sam LaPorta,DET,TE,at BUF,receptions,BetRivers,3.5,over,-230,,0.6970,0.6970,,1,0.6518,-0.0451,-0.0451,ev,none,live,202609189BE34D3B,2026-09-15T18:07:45.828Z
2026,2,15849,Jameson Williams,DET,WR,at BUF,recYds,DraftKings,149.5,over,2100,,0.0455,0.0455,,1,0.0004,-0.0451,-0.0451,ev,none,live,202609189BE34D3B,2026-09-15T18:07:45.828Z
2026,2,17033,Sam LaPorta,DET,TE,at BUF,receptions,Hard Rock,3.5,over,-230,,0.6970,0.6970,,1,0.6518,-0.0451,-0.0451,ev,none,live,202609189BE34D3B,2026-09-15T18:07:45.828Z
2026,2,17033,Sam LaPorta,DET,TE,at BUF,receptions,theScore,1.5,over,-1500,,0.9375,0.9375,,1,0.8923,-0.0452,-0.0452,ev,none,live,202609189BE34D3B,2026-09-15T18:07:45.828Z
2026,2,16697,Dalton Kincaid,BUF,TE,vs DET,recYds,Hard Rock,40.5,over,-200,140,0.6667,0.6154,0.0833,0,0.6213,-0.0453,0.0060,ev,multiplicative,live,202609189BE34D3B,2026-09-15T18:07:45.828Z
2026,2,16739,Bijan Robinson,ATL,RB,vs CAR,anytimeTD,DraftKings,0.5,over,-180,,0.6429,0.6429,,1,0.5975,-0.0454,-0.0454,ev,none,live,20260920E9718F0E,2026-09-15T18:07:45.828Z
2026,2,16697,Dalton Kincaid,BUF,TE,vs DET,recYds,FanDuel,49.5,over,-134,,0.5726,0.5726,,1,0.5271,-0.0455,-0.0455,ev,none,live,202609189BE34D3B,2026-09-15T18:07:45.828Z
2026,2,16697,Dalton Kincaid,BUF,TE,vs DET,recYds,BetRivers,49.5,over,-134,,0.5726,0.5726,,1,0.5271,-0.0455,-0.0455,ev,none,live,202609189BE34D3B,2026-09-15T18:07:45.828Z
2026,2,18574,Jaxson Dart,NYG,QB,at LAR,rushYds,Hard Rock,24.5,over,-185,135,0.6491,0.6040,0.0747,0,0.6036,-0.0455,-0.0004,ev,multiplicative,live,202609222DD46A1C,2026-09-15T18:07:45.828Z
2026,2,14246,Tom Kennedy,DET,WR,at BUF,anytimeTD,BetRivers,0.5,over,1700,,0.0556,0.0556,,1,0.0100,-0.0456,-0.0456,ev,none,live,202609189BE34D3B,2026-09-15T18:07:45.828Z
2026,2,16697,Dalton Kincaid,BUF,TE,vs DET,receptions,BetRivers,2.5,over,-455,,0.8198,0.8198,,1,0.7741,-0.0457,-0.0457,ev,none,live,202609189BE34D3B,2026-09-15T18:07:45.828Z
2026,2,16697,Dalton Kincaid,BUF,TE,vs DET,recYds,Hard Rock,45.5,under,110,-150,0.4762,0.4425,0.0762,0,0.4305,-0.0457,-0.0120,ev,multiplicative,live,202609189BE34D3B,2026-09-15T18:07:45.828Z
2026,2,15876,James Cook,BUF,RB,vs DET,anytimeTD,theScore,0.5,over,-145,,0.5918,0.5918,,1,0.5462,-0.0457,-0.0457,ev,none,live,202609189BE34D3B,2026-09-15T18:07:45.828Z
2026,2,17033,Sam LaPorta,DET,TE,at BUF,recYds,FanDuel,29.5,over,-331,,0.7680,0.7680,,1,0.7221,-0.0459,-0.0459,ev,none,live,202609189BE34D3B,2026-09-15T18:07:45.828Z
2026,2,11718,Chris Godwin,TB,WR,vs CLE,anytimeTD,BetMGM,0.5,over,220,,0.3125,0.3125,,1,0.2666,-0.0459,-0.0459,ev,none,live,20260920ABAE4147,2026-09-15T18:07:45.828Z
2026,2,16697,Dalton Kincaid,BUF,TE,vs DET,recYds,Hard Rock,39.5,over,-210,150,0.6774,0.6287,0.0774,0,0.6315,-0.0459,0.0027,ev,multiplicative,live,202609189BE34D3B,2026-09-15T18:07:45.828Z
2026,2,17033,Sam LaPorta,DET,TE,at BUF,recYds,DraftKings,45.5,under,-115,-109,0.5349,0.5063,0.0564,0,0.4887,-0.0462,-0.0176,ev,multiplicative,live,202609189BE34D3B,2026-09-15T18:07:45.828Z
2026,2,16808,Jahmyr Gibbs,DET,RB,at BUF,rushAtt,Caesars,19.5,under,-130,-102,0.5652,0.5282,0.0702,0,0.5190,-0.0463,-0.0092,ev,multiplicative,live,202609189BE34D3B,2026-09-15T18:07:45.828Z
2026,2,16808,Jahmyr Gibbs,DET,RB,at BUF,rushAtt,theScore,19.5,under,-130,100,0.5652,0.5306,0.0652,0,0.5190,-0.0463,-0.0116,ev,multiplicative,live,202609189BE34D3B,2026-09-15T18:07:45.828Z
2026,2,15332,Amon-Ra St. Brown,DET,WR,at BUF,recYds,DraftKings,169.5,over,1940,,0.0490,0.0490,,1,0.0026,-0.0464,-0.0464,ev,none,live,202609189BE34D3B,2026-09-15T18:07:45.828Z
2026,2,17763,Jalen McMillan,TB,WR,vs CLE,anytimeTD,BetMGM,0.5,over,310,,0.2439,0.2439,,1,0.1975,-0.0464,-0.0464,ev,none,live,20260920ABAE4147,2026-09-15T18:07:45.828Z
2026,2,16808,Jahmyr Gibbs,DET,RB,at BUF,recYds,Hard Rock,79.5,over,2000,,0.0476,0.0476,,1,0.0012,-0.0464,-0.0464,ev,none,live,202609189BE34D3B,2026-09-15T18:07:45.828Z
2026,2,17033,Sam LaPorta,DET,TE,at BUF,receptions,FanDuel,8.5,over,997,,0.0912,0.0912,,1,0.0447,-0.0465,-0.0465,ev,none,live,202609189BE34D3B,2026-09-15T18:07:45.828Z
2026,2,16697,Dalton Kincaid,BUF,TE,vs DET,recYds,Hard Rock,55.5,over,105,-145,0.4878,0.4518,0.0796,0,0.4411,-0.0467,-0.0108,ev,multiplicative,live,202609189BE34D3B,2026-09-15T18:07:45.828Z
2026,2,10729,Jared Goff,DET,QB,at BUF,passYds,DraftKings,369.5,over,940,,0.0962,0.0962,,1,0.0493,-0.0468,-0.0468,ev,none,live,202609189BE34D3B,2026-09-15T18:07:45.828Z
2026,2,18449,Woody Marks,HOU,RB,vs CIN,anytimeTD,Caesars,0.5,over,235,,0.2985,0.2985,,1,0.2517,-0.0468,-0.0468,ev,none,live,202609203726483F,2026-09-15T18:07:45.828Z
2026,2,15853,George Pickens,DAL,WR,vs WAS,anytimeTD,Caesars,0.5,over,137,,0.4219,0.4219,,1,0.3750,-0.0469,-0.0469,ev,none,live,2026092061BDEC96,2026-09-15T18:07:45.828Z
2026,2,15332,Amon-Ra St. Brown,DET,WR,at BUF,recYds,theScore,29.5,over,-2250,,0.9574,0.9574,,1,0.9106,-0.0469,-0.0469,ev,none,live,202609189BE34D3B,2026-09-15T18:07:45.828Z
2026,2,12483,Josh Allen,BUF,QB,vs DET,completions,DraftKings,21.5,over,121,,0.4525,0.4525,,1,0.4054,-0.0471,-0.0471,ev,none,live,202609189BE34D3B,2026-09-15T18:07:45.828Z
2026,2,16697,Dalton Kincaid,BUF,TE,vs DET,recYds,theScore,49.5,over,-135,,0.5745,0.5745,,1,0.5271,-0.0474,-0.0474,ev,none,live,202609189BE34D3B,2026-09-15T18:07:45.828Z
2026,2,13466,Dawson Knox,BUF,TE,vs DET,recYds,DraftKings,69.5,over,2000,,0.0476,0.0476,,1,0.0000,-0.0476,-0.0476,ev,none,live,202609189BE34D3B,2026-09-15T18:07:45.828Z
2026,2,18642,Isaac TeSlaa,DET,WR,at BUF,recYds,DraftKings,79.5,over,2000,,0.0476,0.0476,,1,0.0000,-0.0476,-0.0476,ev,none,live,202609189BE34D3B,2026-09-15T18:07:45.828Z
2026,2,13466,Dawson Knox,BUF,TE,vs DET,recYds,Hard Rock,64.5,over,2000,,0.0476,0.0476,,1,0.0000,-0.0476,-0.0476,ev,none,live,202609189BE34D3B,2026-09-15T18:07:45.828Z
2026,2,15876,James Cook,BUF,RB,vs DET,rushYds,theScore,99.5,over,200,,0.3333,0.3333,,1,0.2856,-0.0477,-0.0477,ev,none,live,202609189BE34D3B,2026-09-15T18:07:45.828Z
2026,2,17033,Sam LaPorta,DET,TE,at BUF,receptions,FanDuel,3.5,over,-233,,0.6997,0.6997,,1,0.6518,-0.0479,-0.0479,ev,none,live,202609189BE34D3B,2026-09-15T18:07:45.828Z
2026,2,18574,Jaxson Dart,NYG,QB,at LAR,rushYds,Hard Rock,10.5,under,525,-1200,0.1600,0.1477,0.0831,0,0.1121,-0.0479,-0.0357,ev,multiplicative,live,202609222DD46A1C,2026-09-15T18:07:45.828Z
2026,2,17975,Devaughn Vele,NO,WR,at BAL,anytimeTD,Caesars,0.5,over,370,,0.2128,0.2128,,1,0.1647,-0.0480,-0.0480,ev,none,live,20260920941629C7,2026-09-15T18:07:45.828Z
2026,2,16808,Jahmyr Gibbs,DET,RB,at BUF,rushYds,Hard Rock,39.5,under,850,-3000,0.1053,0.0981,0.0730,0,0.0571,-0.0481,-0.0410,ev,multiplicative,live,202609189BE34D3B,2026-09-15T18:07:45.828Z
2026,2,15876,James Cook,BUF,RB,vs DET,rushYds,DraftKings,79.5,under,-113,-111,0.5305,0.5021,0.0566,0,0.4824,-0.0482,-0.0197,ev,multiplicative,live,202609189BE34D3B,2026-09-15T18:07:45.828Z
2026,2,12477,DJ Moore,BUF,WR,vs DET,receptions,DraftKings,4.5,under,-128,100,0.5614,0.5289,0.0614,0,0.5131,-0.0483,-0.0159,ev,multiplicative,live,202609189BE34D3B,2026-09-15T18:07:45.828Z
2026,2,18549,Emeka Egbuka,TB,WR,vs CLE,anytimeTD,BetMGM,0.5,over,160,,0.3846,0.3846,,1,0.3363,-0.0483,-0.0483,ev,none,live,20260920ABAE4147,2026-09-15T18:07:45.828Z
2026,2,12483,Josh Allen,BUF,QB,vs DET,passYds,DraftKings,329.5,over,582,,0.1466,0.1466,,1,0.0981,-0.0485,-0.0485,ev,none,live,202609189BE34D3B,2026-09-15T18:07:45.828Z
2026,2,16697,Dalton Kincaid,BUF,TE,vs DET,recYds,DraftKings,139.5,over,1960,,0.0485,0.0485,,1,0.0001,-0.0485,-0.0485,ev,none,live,202609189BE34D3B,2026-09-15T18:07:45.828Z
2026,2,17033,Sam LaPorta,DET,TE,at BUF,recYds,Hard Rock,24.5,over,-475,300,0.8261,0.7677,0.0761,0,0.7776,-0.0485,0.0099,ev,multiplicative,live,202609189BE34D3B,2026-09-15T18:07:45.828Z
2026,2,16808,Jahmyr Gibbs,DET,RB,at BUF,rushAtt,Hard Rock,20.5,over,125,,0.4444,0.4444,,1,0.3960,-0.0485,-0.0485,ev,none,live,202609189BE34D3B,2026-09-15T18:07:45.828Z
2026,2,12483,Josh Allen,BUF,QB,vs DET,passYds,FanDuel,374.5,over,1197,,0.0771,0.0771,,1,0.0285,-0.0486,-0.0486,ev,none,live,202609189BE34D3B,2026-09-15T18:07:45.828Z
2026,2,16899,Quentin Johnston,LAC,WR,vs LV,anytimeTD,BetMGM,0.5,over,185,,0.3509,0.3509,,1,0.3023,-0.0486,-0.0486,ev,none,live,2026092038FE57CE,2026-09-15T18:07:45.828Z
2026,2,13556,David Montgomery,HOU,RB,vs CIN,anytimeTD,theScore,0.5,over,-170,,0.6296,0.6296,,1,0.5810,-0.0486,-0.0486,ev,none,live,202609203726483F,2026-09-15T18:07:45.828Z
2026,2,15984,Jaylen Warren,PIT,RB,at NE,anytimeTD,theScore,0.5,over,185,,0.3509,0.3509,,1,0.3023,-0.0486,-0.0486,ev,none,live,202609208CF5F830,2026-09-15T18:07:45.828Z
2026,2,16808,Jahmyr Gibbs,DET,RB,at BUF,receptions,DraftKings,4.5,over,114,-145,0.4673,0.4412,0.0591,0,0.4186,-0.0487,-0.0226,ev,multiplicative,live,202609189BE34D3B,2026-09-15T18:07:45.828Z
2026,2,5971,Matthew Stafford,LAR,QB,vs NYG,passTD,Hard Rock,3.5,over,575,,0.1481,0.1481,,1,0.0993,-0.0489,-0.0489,ev,none,live,202609222DD46A1C,2026-09-15T18:07:45.828Z
2026,2,16697,Dalton Kincaid,BUF,TE,vs DET,recYds,Caesars,50.5,under,-114,-115,0.5327,0.4990,0.0676,0,0.4836,-0.0492,-0.0154,ev,multiplicative,live,202609189BE34D3B,2026-09-15T18:07:45.828Z
2026,2,15332,Amon-Ra St. Brown,DET,WR,at BUF,recYds,DraftKings,59.5,over,-277,,0.7347,0.7347,,1,0.6856,-0.0492,-0.0492,ev,none,live,202609189BE34D3B,2026-09-15T18:07:45.828Z
2026,2,17033,Sam LaPorta,DET,TE,at BUF,recYds,Hard Rock,21.5,over,-600,375,0.8571,0.8028,0.0677,0,0.8077,-0.0495,0.0048,ev,multiplicative,live,202609189BE34D3B,2026-09-15T18:07:45.828Z
2026,2,18642,Isaac TeSlaa,DET,WR,at BUF,receptions,DraftKings,3.5,over,730,,0.1205,0.1205,,1,0.0706,-0.0499,-0.0499,ev,none,live,202609189BE34D3B,2026-09-15T18:07:45.828Z
2026,2,15332,Amon-Ra St. Brown,DET,WR,at BUF,recYds,BetRivers,59.5,over,-278,,0.7354,0.7354,,1,0.6856,-0.0499,-0.0499,ev,none,live,202609189BE34D3B,2026-09-15T18:07:45.828Z
2026,2,15876,James Cook,BUF,RB,vs DET,rushYds,Hard Rock,88.5,under,-180,130,0.6429,0.5965,0.0776,0,0.5929,-0.0499,-0.0036,ev,multiplicative,live,202609189BE34D3B,2026-09-15T18:07:45.828Z
2026,2,17033,Sam LaPorta,DET,TE,at BUF,receptions,DraftKings,4.5,under,-129,101,0.5633,0.5310,0.0608,0,0.5133,-0.0500,-0.0177,ev,multiplicative,live,202609189BE34D3B,2026-09-15T18:07:45.828Z
2026,2,13426,Noah Fant,NO,TE,at BAL,anytimeTD,Caesars,0.5,over,750,,0.1176,0.1176,,1,0.0676,-0.0500,-0.0500,ev,none,live,20260920941629C7,2026-09-15T18:07:45.828Z
2026,2,15849,Jameson Williams,DET,WR,at BUF,receptions,Caesars,4.5,over,118,-154,0.4587,0.4307,0.0650,0,0.4086,-0.0501,-0.0221,ev,multiplicative,live,202609189BE34D3B,2026-09-15T18:07:45.828Z
2026,2,15849,Jameson Williams,DET,WR,at BUF,recYds,theScore,19.5,over,-1600,,0.9412,0.9412,,1,0.8910,-0.0502,-0.0502,ev,none,live,202609189BE34D3B,2026-09-15T18:07:45.828Z
2026,2,15849,Jameson Williams,DET,WR,at BUF,recYds,Hard Rock,68.5,over,125,-175,0.4444,0.4112,0.0808,0,0.3942,-0.0503,-0.0170,ev,multiplicative,live,202609189BE34D3B,2026-09-15T18:07:45.828Z
2026,2,15853,George Pickens,DAL,WR,vs WAS,anytimeTD,DraftKings,0.5,over,135,,0.4255,0.4255,,1,0.3750,-0.0505,-0.0505,ev,none,live,2026092061BDEC96,2026-09-15T18:07:45.828Z
2026,2,12483,Josh Allen,BUF,QB,vs DET,passYds,Hard Rock,348.5,over,800,-3000,0.1111,0.1030,0.0789,0,0.0605,-0.0506,-0.0424,ev,multiplicative,live,202609189BE34D3B,2026-09-15T18:07:45.828Z
2026,2,17033,Sam LaPorta,DET,TE,at BUF,recYds,DraftKings,49.5,over,113,,0.4695,0.4695,,1,0.4187,-0.0507,-0.0507,ev,none,live,202609189BE34D3B,2026-09-15T18:07:45.828Z
2026,2,15876,James Cook,BUF,RB,vs DET,rushYds,Hard Rock,28.5,under,1200,-5000,0.0769,0.0728,0.0573,0,0.0262,-0.0507,-0.0465,ev,multiplicative,live,202609189BE34D3B,2026-09-15T18:07:45.828Z
2026,2,16697,Dalton Kincaid,BUF,TE,vs DET,recYds,Hard Rock,49.5,under,-110,-125,0.5238,0.4853,0.0794,0,0.4729,-0.0509,-0.0124,ev,multiplicative,live,202609189BE34D3B,2026-09-15T18:07:45.828Z
2026,2,15876,James Cook,BUF,RB,vs DET,rushYds,Caesars,89.5,over,124,,0.4464,0.4464,,1,0.3954,-0.0510,-0.0510,ev,none,live,202609189BE34D3B,2026-09-15T18:07:45.828Z
2026,2,16697,Dalton Kincaid,BUF,TE,vs DET,recYds,Caesars,39.5,over,-215,,0.6825,0.6825,,1,0.6315,-0.0511,-0.0511,ev,none,live,202609189BE34D3B,2026-09-15T18:07:45.828Z
2026,2,17033,Sam LaPorta,DET,TE,at BUF,recYds,Hard Rock,36.5,under,140,-200,0.4167,0.3846,0.0833,0,0.3655,-0.0511,-0.0191,ev,multiplicative,live,202609189BE34D3B,2026-09-15T18:07:45.828Z
2026,2,16697,Dalton Kincaid,BUF,TE,vs DET,recYds,Hard Rock,35.5,over,-260,185,0.7222,0.6730,0.0731,0,0.6711,-0.0511,-0.0020,ev,multiplicative,live,202609189BE34D3B,2026-09-15T18:07:45.828Z
2026,2,13449,Devin Singletary,NYG,RB,at LAR,anytimeTD,FanDuel,0.5,over,450,,0.1818,0.1818,,1,0.1306,-0.0512,-0.0512,ev,none,live,202609222DD46A1C,2026-09-15T18:07:45.828Z
2026,2,15892,Khalil Shakir,BUF,WR,vs DET,recYds,Hard Rock,9.5,under,850,-3000,0.1053,0.0981,0.0730,0,0.0541,-0.0512,-0.0440,ev,multiplicative,live,202609189BE34D3B,2026-09-15T18:07:45.828Z
2026,2,16033,Isaiah Likely,NYG,TE,at LAR,anytimeTD,DraftKings,0.5,over,230,,0.3030,0.3030,,1,0.2517,-0.0513,-0.0513,ev,none,live,202609222DD46A1C,2026-09-15T18:07:45.828Z
2026,2,16697,Dalton Kincaid,BUF,TE,vs DET,recYds,Hard Rock,50.5,under,-115,-115,0.5349,0.5000,0.0698,0,0.4836,-0.0513,-0.0164,ev,multiplicative,live,202609189BE34D3B,2026-09-15T18:07:45.828Z
2026,2,15332,Amon-Ra St. Brown,DET,WR,at BUF,receptions,BetRivers,8.5,over,163,,0.3802,0.3802,,1,0.3288,-0.0514,-0.0514,ev,none,live,202609189BE34D3B,2026-09-15T18:07:45.828Z
2026,2,15849,Jameson Williams,DET,WR,at BUF,receptions,BetRivers,3.5,over,-152,,0.6032,0.6032,,1,0.5517,-0.0514,-0.0514,ev,none,live,202609189BE34D3B,2026-09-15T18:07:45.828Z
2026,2,12483,Josh Allen,BUF,QB,vs DET,rushYds,theScore,24.5,over,-190,,0.6552,0.6552,,1,0.6038,-0.0514,-0.0514,ev,none,live,202609189BE34D3B,2026-09-15T18:07:45.828Z
2026,2,12483,Josh Allen,BUF,QB,vs DET,rushYds,Hard Rock,24.5,over,-190,140,0.6552,0.6113,0.0718,0,0.6038,-0.0514,-0.0075,ev,multiplicative,live,202609189BE34D3B,2026-09-15T18:07:45.828Z
2026,2,12477,DJ Moore,BUF,WR,vs DET,recYds,DraftKings,49.5,over,-177,,0.6390,0.6390,,1,0.5875,-0.0515,-0.0515,ev,none,live,202609189BE34D3B,2026-09-15T18:07:45.828Z
2026,2,15849,Jameson Williams,DET,WR,at BUF,recYds,FanDuel,69.5,over,132,,0.4310,0.4310,,1,0.3796,-0.0515,-0.0515,ev,none,live,202609189BE34D3B,2026-09-15T18:07:45.828Z
2026,2,15332,Amon-Ra St. Brown,DET,WR,at BUF,recYds,FanDuel,49.5,over,-492,,0.8311,0.8311,,1,0.7795,-0.0516,-0.0516,ev,none,live,202609189BE34D3B,2026-09-15T18:07:45.828Z
2026,2,12477,DJ Moore,BUF,WR,vs DET,receptions,DraftKings,3.5,over,-223,,0.6904,0.6904,,1,0.6387,-0.0517,-0.0517,ev,none,live,202609189BE34D3B,2026-09-15T18:07:45.828Z
2026,2,15332,Amon-Ra St. Brown,DET,WR,at BUF,recYds,Caesars,69.5,over,-170,,0.6296,0.6296,,1,0.5778,-0.0518,-0.0518,ev,none,live,202609189BE34D3B,2026-09-15T18:07:45.828Z
2026,2,17033,Sam LaPorta,DET,TE,at BUF,receptions,Caesars,4.5,under,-130,100,0.5652,0.5306,0.0652,0,0.5133,-0.0519,-0.0173,ev,multiplicative,live,202609189BE34D3B,2026-09-15T18:07:45.828Z
2026,2,17033,Sam LaPorta,DET,TE,at BUF,receptions,theScore,4.5,under,-130,100,0.5652,0.5306,0.0652,0,0.5133,-0.0519,-0.0173,ev,multiplicative,live,202609189BE34D3B,2026-09-15T18:07:45.828Z
2026,2,17033,Sam LaPorta,DET,TE,at BUF,receptions,Hard Rock,4.5,under,-130,105,0.5652,0.5368,0.0530,0,0.5133,-0.0519,-0.0235,ev,multiplicative,live,202609189BE34D3B,2026-09-15T18:07:45.828Z
2026,2,15332,Amon-Ra St. Brown,DET,WR,at BUF,recYds,Hard Rock,24.5,over,-6000,1400,0.9836,0.9365,0.0503,0,0.9316,-0.0520,-0.0049,ev,multiplicative,live,202609189BE34D3B,2026-09-15T18:07:45.828Z
2026,2,10729,Jared Goff,DET,QB,at BUF,passYds,DraftKings,359.5,over,750,,0.1176,0.1176,,1,0.0652,-0.0525,-0.0525,ev,none,live,202609189BE34D3B,2026-09-15T18:07:45.828Z
2026,2,12809,Tyler Conklin,DET,TE,at BUF,anytimeTD,BetRivers,0.5,over,1500,,0.0625,0.0625,,1,0.0100,-0.0525,-0.0525,ev,none,live,202609189BE34D3B,2026-09-15T18:07:45.828Z
2026,2,17026,Rasheen Ali,BAL,RB,vs NO,anytimeTD,Caesars,0.5,over,1500,,0.0625,0.0625,,1,0.0100,-0.0525,-0.0525,ev,none,live,20260920941629C7,2026-09-15T18:07:45.828Z
2026,2,15447,Joshua Palmer,BUF,WR,vs DET,recYds,Hard Rock,3.5,over,-350,220,0.7778,0.7134,0.0903,0,0.7253,-0.0525,0.0119,ev,multiplicative,live,202609189BE34D3B,2026-09-15T18:07:45.828Z
2026,2,18574,Jaxson Dart,NYG,QB,at LAR,rushYds,Hard Rock,25.5,over,-170,125,0.6296,0.5862,0.0741,0,0.5772,-0.0525,-0.0090,ev,multiplicative,live,202609222DD46A1C,2026-09-15T18:07:45.828Z
2026,2,15332,Amon-Ra St. Brown,DET,WR,at BUF,recYds,FanDuel,59.5,over,-282,,0.7382,0.7382,,1,0.6856,-0.0526,-0.0526,ev,none,live,202609189BE34D3B,2026-09-15T18:07:45.828Z
2026,2,15849,Jameson Williams,DET,WR,at BUF,recYds,Hard Rock,63.5,under,-140,105,0.5833,0.5446,0.0711,0,0.5308,-0.0526,-0.0138,ev,multiplicative,live,202609189BE34D3B,2026-09-15T18:07:45.828Z
2026,2,13466,Dawson Knox,BUF,TE,vs DET,recYds,theScore,59.5,over,1800,,0.0526,0.0526,,1,0.0000,-0.0526,-0.0526,ev,none,live,202609189BE34D3B,2026-09-15T18:07:45.828Z
2026,2,17975,Devaughn Vele,NO,WR,at BAL,anytimeTD,BetMGM,0.5,over,360,,0.2174,0.2174,,1,0.1647,-0.0527,-0.0527,ev,none,live,20260920941629C7,2026-09-15T18:07:45.828Z
2026,2,17732,Keon Coleman,BUF,WR,vs DET,recYds,Hard Rock,64.5,under,-8000,1600,0.9877,0.9438,0.0465,0,0.9350,-0.0527,-0.0088,ev,multiplicative,live,202609189BE34D3B,2026-09-15T18:07:45.828Z
2026,2,12483,Josh Allen,BUF,QB,vs DET,passAtt,DraftKings,43.5,over,1480,,0.0633,0.0633,,1,0.0105,-0.0528,-0.0528,ev,none,live,202609189BE34D3B,2026-09-15T18:07:45.828Z
2026,2,14455,Jonathan Taylor,IND,RB,at KC,anytimeTD,theScore,0.5,over,-170,,0.6296,0.6296,,1,0.5768,-0.0528,-0.0528,ev,none,live,202609217572D919,2026-09-15T18:07:45.828Z
2026,2,15807,Kyren Williams,LAR,RB,vs NYG,rushYds,Hard Rock,27.5,under,800,-2500,0.1111,0.1036,0.0726,0,0.0583,-0.0528,-0.0453,ev,multiplicative,live,202609222DD46A1C,2026-09-15T18:07:45.828Z
2026,2,16808,Jahmyr Gibbs,DET,RB,at BUF,receptions,Caesars,4.5,over,112,-145,0.4717,0.4435,0.0635,0,0.4186,-0.0531,-0.0250,ev,multiplicative,live,202609189BE34D3B,2026-09-15T18:07:45.828Z
2026,2,16697,Dalton Kincaid,BUF,TE,vs DET,anytimeTD,Caesars,0.5,over,176,,0.3623,0.3623,,1,0.3093,-0.0531,-0.0531,ev,none,live,202609189BE34D3B,2026-09-15T18:07:45.828Z
2026,2,17033,Sam LaPorta,DET,TE,at BUF,recYds,BetRivers,29.5,over,-345,,0.7753,0.7753,,1,0.7221,-0.0532,-0.0532,ev,none,live,202609189BE34D3B,2026-09-15T18:07:45.828Z
2026,2,17033,Sam LaPorta,DET,TE,at BUF,recYds,FanDuel,24.5,over,-491,,0.8308,0.8308,,1,0.7776,-0.0532,-0.0532,ev,none,live,202609189BE34D3B,2026-09-15T18:07:45.828Z
2026,2,10729,Jared Goff,DET,QB,at BUF,passYds,FanDuel,399.5,over,1277,,0.0726,0.0726,,1,0.0193,-0.0533,-0.0533,ev,none,live,202609189BE34D3B,2026-09-15T18:07:45.828Z
2026,2,15876,James Cook,BUF,RB,vs DET,rushYds,Hard Rock,99.5,over,195,-300,0.3390,0.3113,0.0890,0,0.2856,-0.0533,-0.0256,ev,multiplicative,live,202609189BE34D3B,2026-09-15T18:07:45.828Z
2026,2,12483,Josh Allen,BUF,QB,vs DET,passYds,Hard Rock,328.5,over,550,-1200,0.1538,0.1429,0.0769,0,0.1005,-0.0534,-0.0424,ev,multiplicative,live,202609189BE34D3B,2026-09-15T18:07:45.828Z
2026,2,15332,Amon-Ra St. Brown,DET,WR,at BUF,anytimeTD,theScore,0.5,over,115,,0.4651,0.4651,,1,0.4114,-0.0537,-0.0537,ev,none,live,202609189BE34D3B,2026-09-15T18:07:45.828Z
2026,2,16808,Jahmyr Gibbs,DET,RB,at BUF,rushAtt,BetRivers,14.5,over,-590,,0.8551,0.8551,,1,0.8013,-0.0538,-0.0538,ev,none,live,202609189BE34D3B,2026-09-15T18:07:45.828Z
2026,2,15876,James Cook,BUF,RB,vs DET,anytimeTD,BetMGM,0.5,over,-150,,0.6000,0.6000,,1,0.5462,-0.0538,-0.0538,ev,none,live,202609189BE34D3B,2026-09-15T18:07:45.828Z
2026,2,15332,Amon-Ra St. Brown,DET,WR,at BUF,recYds,BetRivers,49.5,over,-500,,0.8333,0.8333,,1,0.7795,-0.0539,-0.0539,ev,none,live,202609189BE34D3B,2026-09-15T18:07:45.828Z
2026,2,15332,Amon-Ra St. Brown,DET,WR,at BUF,recYds,Caesars,49.5,over,-500,,0.8333,0.8333,,1,0.7795,-0.0539,-0.0539,ev,none,live,202609189BE34D3B,2026-09-15T18:07:45.828Z
2026,2,12483,Josh Allen,BUF,QB,vs DET,passAtt,DraftKings,33.5,over,181,,0.3559,0.3559,,1,0.3019,-0.0539,-0.0539,ev,none,live,202609189BE34D3B,2026-09-15T18:07:45.828Z
2026,2,17020,Rome Odunze,CHI,WR,vs MIN,anytimeTD,Caesars,0.5,over,205,,0.3279,0.3279,,1,0.2739,-0.0540,-0.0540,ev,none,live,20260920AEBD0307,2026-09-15T18:07:45.828Z
2026,2,15849,Jameson Williams,DET,WR,at BUF,recYds,Hard Rock,64.5,under,-150,105,0.6000,0.5516,0.0878,0,0.5460,-0.0540,-0.0056,ev,multiplicative,live,202609189BE34D3B,2026-09-15T18:07:45.828Z
2026,2,13466,Dawson Knox,BUF,TE,vs DET,recYds,Hard Rock,62.5,over,1750,,0.0541,0.0541,,1,0.0000,-0.0540,-0.0540,ev,none,live,202609189BE34D3B,2026-09-15T18:07:45.828Z
2026,2,17033,Sam LaPorta,DET,TE,at BUF,receptions,theScore,3.5,over,-240,,0.7059,0.7059,,1,0.6518,-0.0541,-0.0541,ev,none,live,202609189BE34D3B,2026-09-15T18:07:45.828Z
2026,2,10729,Jared Goff,DET,QB,at BUF,passYds,Caesars,379.5,over,1000,,0.0909,0.0909,,1,0.0367,-0.0542,-0.0542,ev,none,live,202609189BE34D3B,2026-09-15T18:07:45.828Z
2026,2,12477,DJ Moore,BUF,WR,vs DET,receptions,FanDuel,4.5,over,-118,-112,0.5413,0.5061,0.0696,0,0.4869,-0.0543,-0.0191,ev,multiplicative,live,202609189BE34D3B,2026-09-15T18:07:45.828Z
2026,2,16697,Dalton Kincaid,BUF,TE,vs DET,recYds,DraftKings,14.5,over,-870,,0.8969,0.8969,,1,0.8426,-0.0543,-0.0543,ev,none,live,202609189BE34D3B,2026-09-15T18:07:45.828Z
2026,2,15876,James Cook,BUF,RB,vs DET,rushYds,DraftKings,149.5,over,1260,,0.0735,0.0735,,1,0.0192,-0.0544,-0.0544,ev,none,live,202609189BE34D3B,2026-09-15T18:07:45.828Z
2026,2,16697,Dalton Kincaid,BUF,TE,vs DET,anytimeTD,DraftKings,0.5,over,175,,0.3636,0.3636,,1,0.3093,-0.0544,-0.0544,ev,none,live,202609189BE34D3B,2026-09-15T18:07:45.828Z
2026,2,16697,Dalton Kincaid,BUF,TE,vs DET,anytimeTD,FanDuel,0.5,over,175,,0.3636,0.3636,,1,0.3093,-0.0544,-0.0544,ev,none,live,202609189BE34D3B,2026-09-15T18:07:45.828Z
2026,2,16697,Dalton Kincaid,BUF,TE,vs DET,anytimeTD,theScore,0.5,over,175,,0.3636,0.3636,,1,0.3093,-0.0544,-0.0544,ev,none,live,202609189BE34D3B,2026-09-15T18:07:45.828Z
2026,2,17732,Keon Coleman,BUF,WR,vs DET,receptions,FanDuel,0.5,over,-294,,0.7462,0.7462,,1,0.6917,-0.0545,-0.0545,ev,none,live,202609189BE34D3B,2026-09-15T18:07:45.828Z
2026,2,18574,Jaxson Dart,NYG,QB,at LAR,rushYds,Hard Rock,20.5,under,185,-275,0.3509,0.3236,0.0842,0,0.2963,-0.0545,-0.0273,ev,multiplicative,live,202609222DD46A1C,2026-09-15T18:07:45.828Z
2026,2,15332,Amon-Ra St. Brown,DET,WR,at BUF,recYds,Caesars,59.5,over,-285,,0.7403,0.7403,,1,0.6856,-0.0547,-0.0547,ev,none,live,202609189BE34D3B,2026-09-15T18:07:45.828Z
2026,2,12483,Josh Allen,BUF,QB,vs DET,passYds,Hard Rock,338.5,over,650,-1800,0.1333,0.1234,0.0807,0,0.0786,-0.0547,-0.0448,ev,multiplicative,live,202609189BE34D3B,2026-09-15T18:07:45.828Z
2026,2,10133,Stefon Diggs,WAS,WR,at DAL,anytimeTD,DraftKings,0.5,over,180,,0.3571,0.3571,,1,0.3023,-0.0548,-0.0548,ev,none,live,2026092061BDEC96,2026-09-15T18:07:45.828Z
2026,2,15447,Joshua Palmer,BUF,WR,vs DET,recYds,DraftKings,69.5,over,1720,,0.0549,0.0549,,1,0.0000,-0.0549,-0.0549,ev,none,live,202609189BE34D3B,2026-09-15T18:07:45.828Z
2026,2,15876,James Cook,BUF,RB,vs DET,rushYds,Hard Rock,98.5,over,185,-275,0.3509,0.3236,0.0842,0,0.2960,-0.0549,-0.0277,ev,multiplicative,live,202609189BE34D3B,2026-09-15T18:07:45.828Z
2026,2,16808,Jahmyr Gibbs,DET,RB,at BUF,recYds,DraftKings,79.5,over,1680,,0.0562,0.0562,,1,0.0012,-0.0550,-0.0550,ev,none,live,202609189BE34D3B,2026-09-15T18:07:45.828Z
2026,2,9455,Davante Adams,LAR,WR,vs NYG,anytimeTD,DraftKings,0.5,over,120,,0.4545,0.4545,,1,0.3995,-0.0550,-0.0550,ev,none,live,202609222DD46A1C,2026-09-15T18:07:45.828Z
2026,2,12477,DJ Moore,BUF,WR,vs DET,recYds,DraftKings,39.5,over,-298,,0.7487,0.7487,,1,0.6935,-0.0552,-0.0552,ev,none,live,202609189BE34D3B,2026-09-15T18:07:45.828Z
2026,2,12483,Josh Allen,BUF,QB,vs DET,rushYds,Hard Rock,5.5,under,1100,-5000,0.0833,0.0783,0.0637,0,0.0282,-0.0552,-0.0502,ev,multiplicative,live,202609189BE34D3B,2026-09-15T18:07:45.828Z
2026,2,12483,Josh Allen,BUF,QB,vs DET,passYds,Caesars,359.5,over,900,,0.1000,0.1000,,1,0.0446,-0.0554,-0.0554,ev,none,live,202609189BE34D3B,2026-09-15T18:07:45.828Z
2026,2,16808,Jahmyr Gibbs,DET,RB,at BUF,recYds,FanDuel,89.5,over,1698,,0.0556,0.0556,,1,0.0002,-0.0554,-0.0554,ev,none,live,202609189BE34D3B,2026-09-15T18:07:45.828Z
2026,2,14509,Justin Jefferson,MIN,WR,at CHI,anytimeTD,Caesars,0.5,over,129,,0.4367,0.4367,,1,0.3812,-0.0555,-0.0555,ev,none,live,20260920AEBD0307,2026-09-15T18:07:45.828Z
2026,2,10729,Jared Goff,DET,QB,at BUF,passYds,Hard Rock,388.5,over,1100,-5000,0.0833,0.0783,0.0637,0,0.0277,-0.0556,-0.0506,ev,multiplicative,live,202609189BE34D3B,2026-09-15T18:07:45.828Z
2026,2,17033,Sam LaPorta,DET,TE,at BUF,recYds,theScore,29.5,over,-350,,0.7778,0.7778,,1,0.7221,-0.0557,-0.0557,ev,none,live,202609189BE34D3B,2026-09-15T18:07:45.828Z
2026,2,15447,Joshua Palmer,BUF,WR,vs DET,receptions,DraftKings,3.5,over,1380,,0.0676,0.0676,,1,0.0118,-0.0558,-0.0558,ev,none,live,202609189BE34D3B,2026-09-15T18:07:45.828Z
2026,2,18457,Jack Bech,LV,WR,at LAC,anytimeTD,BetMGM,0.5,over,525,,0.1600,0.1600,,1,0.1042,-0.0558,-0.0558,ev,none,live,2026092038FE57CE,2026-09-15T18:07:45.828Z
2026,2,15849,Jameson Williams,DET,WR,at BUF,recYds,FanDuel,59.5,under,-114,-114,0.5327,0.5000,0.0654,0,0.4768,-0.0559,-0.0232,ev,multiplicative,live,202609189BE34D3B,2026-09-15T18:07:45.828Z
2026,2,16808,Jahmyr Gibbs,DET,RB,at BUF,rushAtt,Hard Rock,14.5,over,-600,,0.8571,0.8571,,1,0.8013,-0.0559,-0.0559,ev,none,live,202609189BE34D3B,2026-09-15T18:07:45.828Z
2026,2,18449,Woody Marks,HOU,RB,vs CIN,anytimeTD,theScore,0.5,over,225,,0.3077,0.3077,,1,0.2517,-0.0560,-0.0560,ev,none,live,202609203726483F,2026-09-15T18:07:45.828Z
2026,2,12483,Josh Allen,BUF,QB,vs DET,passYds,Hard Rock,324.5,over,500,-1000,0.1667,0.1549,0.0758,0,0.1104,-0.0563,-0.0446,ev,multiplicative,live,202609189BE34D3B,2026-09-15T18:07:45.828Z
2026,2,12483,Josh Allen,BUF,QB,vs DET,passYds,DraftKings,319.5,over,455,,0.1802,0.1802,,1,0.1237,-0.0565,-0.0565,ev,none,live,202609189BE34D3B,2026-09-15T18:07:45.828Z
2026,2,15849,Jameson Williams,DET,WR,at BUF,receptions,theScore,4.5,over,115,-150,0.4651,0.4367,0.0651,0,0.4086,-0.0565,-0.0281,ev,multiplicative,live,202609189BE34D3B,2026-09-15T18:07:45.828Z
2026,2,17033,Sam LaPorta,DET,TE,at BUF,recYds,DraftKings,109.5,over,1660,,0.0568,0.0568,,1,0.0000,-0.0568,-0.0568,ev,none,live,202609189BE34D3B,2026-09-15T18:07:45.828Z
2026,2,15404,Jaylen Waddle,DEN,WR,vs JAX,anytimeTD,Caesars,0.5,over,196,,0.3378,0.3378,,1,0.2811,-0.0568,-0.0568,ev,none,live,20260920631848F6,2026-09-15T18:07:45.828Z
2026,2,17033,Sam LaPorta,DET,TE,at BUF,receptions,DraftKings,2.5,over,-563,,0.8492,0.8492,,1,0.7923,-0.0569,-0.0569,ev,none,live,202609189BE34D3B,2026-09-15T18:07:45.828Z
2026,2,12477,DJ Moore,BUF,WR,vs DET,recYds,DraftKings,139.5,over,1640,,0.0575,0.0575,,1,0.0001,-0.0574,-0.0574,ev,none,live,202609189BE34D3B,2026-09-15T18:07:45.828Z
2026,2,16808,Jahmyr Gibbs,DET,RB,at BUF,receptions,FanDuel,4.5,over,110,-146,0.4762,0.4452,0.0697,0,0.4186,-0.0576,-0.0266,ev,multiplicative,live,202609189BE34D3B,2026-09-15T18:07:45.828Z
2026,2,16808,Jahmyr Gibbs,DET,RB,at BUF,receptions,BetRivers,4.5,over,110,,0.4762,0.4762,,1,0.4186,-0.0576,-0.0576,ev,none,live,202609189BE34D3B,2026-09-15T18:07:45.828Z
2026,2,16808,Jahmyr Gibbs,DET,RB,at BUF,receptions,theScore,4.5,over,110,-140,0.4762,0.4494,0.0595,0,0.4186,-0.0576,-0.0309,ev,multiplicative,live,202609189BE34D3B,2026-09-15T18:07:45.828Z
2026,2,16808,Jahmyr Gibbs,DET,RB,at BUF,receptions,Hard Rock,4.5,over,110,-150,0.4762,0.4425,0.0762,0,0.4186,-0.0576,-0.0239,ev,multiplicative,live,202609189BE34D3B,2026-09-15T18:07:45.828Z
2026,2,15876,James Cook,BUF,RB,vs DET,rushYds,DraftKings,109.5,over,299,,0.2506,0.2506,,1,0.1929,-0.0577,-0.0577,ev,none,live,202609189BE34D3B,2026-09-15T18:07:45.828Z
2026,2,16808,Jahmyr Gibbs,DET,RB,at BUF,rushYds,Hard Rock,40.5,under,750,-2500,0.1176,0.1090,0.0792,0,0.0597,-0.0579,-0.0493,ev,multiplicative,live,202609189BE34D3B,2026-09-15T18:07:45.828Z
2026,2,15849,Jameson Williams,DET,WR,at BUF,recYds,Hard Rock,23.5,under,425,-800,0.1905,0.1765,0.0794,0,0.1326,-0.0579,-0.0439,ev,multiplicative,live,202609189BE34D3B,2026-09-15T18:07:45.828Z
2026,2,12483,Josh Allen,BUF,QB,vs DET,int,theScore,1.5,over,650,,0.1333,0.1333,,1,0.0754,-0.0579,-0.0579,ev,none,live,202609189BE34D3B,2026-09-15T18:07:45.828Z
2026,2,15332,Amon-Ra St. Brown,DET,WR,at BUF,recYds,Hard Rock,60.5,over,-275,190,0.7333,0.6802,0.0782,0,0.6753,-0.0580,-0.0049,ev,multiplicative,live,202609189BE34D3B,2026-09-15T18:07:45.828Z
2026,2,15849,Jameson Williams,DET,WR,at BUF,recYds,DraftKings,139.5,over,1580,,0.0595,0.0595,,1,0.0014,-0.0581,-0.0581,ev,none,live,202609189BE34D3B,2026-09-15T18:07:45.828Z
2026,2,17033,Sam LaPorta,DET,TE,at BUF,recYds,Caesars,29.5,over,-355,,0.7802,0.7802,,1,0.7221,-0.0582,-0.0582,ev,none,live,202609189BE34D3B,2026-09-15T18:07:45.828Z
2026,2,10729,Jared Goff,DET,QB,at BUF,passAtt,DraftKings,49.5,over,1560,,0.0602,0.0602,,1,0.0019,-0.0583,-0.0583,ev,none,live,202609189BE34D3B,2026-09-15T18:07:45.828Z
2026,2,17732,Keon Coleman,BUF,WR,vs DET,receptions,theScore,0.5,over,-300,,0.7500,0.7500,,1,0.6917,-0.0583,-0.0583,ev,none,live,202609189BE34D3B,2026-09-15T18:07:45.828Z
2026,2,15332,Amon-Ra St. Brown,DET,WR,at BUF,recYds,BetRivers,69.5,over,-175,,0.6364,0.6364,,1,0.5778,-0.0585,-0.0585,ev,none,live,202609189BE34D3B,2026-09-15T18:07:45.828Z
2026,2,15332,Amon-Ra St. Brown,DET,WR,at BUF,recYds,DraftKings,69.5,over,-175,,0.6364,0.6364,,1,0.5778,-0.0585,-0.0585,ev,none,live,202609189BE34D3B,2026-09-15T18:07:45.828Z
2026,2,15924,Charlie Kolar,LAC,TE,vs LV,anytimeTD,Caesars,0.5,over,550,,0.1538,0.1538,,1,0.0952,-0.0587,-0.0587,ev,none,live,2026092038FE57CE,2026-09-15T18:07:45.828Z
2026,2,10729,Jared Goff,DET,QB,at BUF,passTD,theScore,2.5,over,300,,0.2500,0.2500,,1,0.1912,-0.0588,-0.0588,ev,none,live,202609189BE34D3B,2026-09-15T18:07:45.828Z
2026,2,12483,Josh Allen,BUF,QB,vs DET,rushYds,Hard Rock,80.5,over,1600,-8000,0.0588,0.0562,0.0465,0,0.0000,-0.0588,-0.0562,ev,multiplicative,live,202609189BE34D3B,2026-09-15T18:07:45.828Z
2026,2,12483,Josh Allen,BUF,QB,vs DET,passYds,FanDuel,349.5,over,747,,0.1181,0.1181,,1,0.0589,-0.0591,-0.0591,ev,none,live,202609189BE34D3B,2026-09-15T18:07:45.828Z
2026,2,18574,Jaxson Dart,NYG,QB,at LAR,rushYds,Hard Rock,15.5,under,300,-500,0.2500,0.2308,0.0833,0,0.1907,-0.0593,-0.0401,ev,multiplicative,live,202609222DD46A1C,2026-09-15T18:07:45.828Z
2026,2,18538,Jackson Hawes,BUF,TE,vs DET,anytimeTD,DraftKings,0.5,over,750,,0.1176,0.1176,,1,0.0582,-0.0594,-0.0594,ev,none,live,202609189BE34D3B,2026-09-15T18:07:45.828Z
2026,2,18538,Jackson Hawes,BUF,TE,vs DET,anytimeTD,FanDuel,0.5,over,750,,0.1176,0.1176,,1,0.0582,-0.0594,-0.0594,ev,none,live,202609189BE34D3B,2026-09-15T18:07:45.828Z
2026,2,18538,Jackson Hawes,BUF,TE,vs DET,anytimeTD,Caesars,0.5,over,750,,0.1176,0.1176,,1,0.0582,-0.0594,-0.0594,ev,none,live,202609189BE34D3B,2026-09-15T18:07:45.828Z
2026,2,18538,Jackson Hawes,BUF,TE,vs DET,anytimeTD,theScore,0.5,over,750,,0.1176,0.1176,,1,0.0582,-0.0594,-0.0594,ev,none,live,202609189BE34D3B,2026-09-15T18:07:45.828Z
2026,2,15332,Amon-Ra St. Brown,DET,WR,at BUF,recYds,DraftKings,159.5,over,1420,,0.0658,0.0658,,1,0.0063,-0.0595,-0.0595,ev,none,live,202609189BE34D3B,2026-09-15T18:07:45.828Z
2026,2,10729,Jared Goff,DET,QB,at BUF,completions,DraftKings,27.5,over,256,,0.2809,0.2809,,1,0.2214,-0.0595,-0.0595,ev,none,live,202609189BE34D3B,2026-09-15T18:07:45.828Z
2026,2,18514,Cam Skattebo,NYG,RB,at LAR,rushYds,Hard Rock,19.5,over,-1400,575,0.9333,0.8630,0.0815,0,0.8736,-0.0597,0.0106,ev,multiplicative,live,202609222DD46A1C,2026-09-15T18:07:45.828Z
2026,2,18642,Isaac TeSlaa,DET,WR,at BUF,receptions,Caesars,1.5,under,-152,116,0.6032,0.5658,0.0661,0,0.5434,-0.0598,-0.0224,ev,multiplicative,live,202609189BE34D3B,2026-09-15T18:07:45.828Z
2026,2,13429,Deebo Samuel Sr.,SF,WR,vs MIA,anytimeTD,Caesars,0.5,over,166,,0.3759,0.3759,,1,0.3161,-0.0598,-0.0598,ev,none,live,202609202FE0218E,2026-09-15T18:07:45.828Z
2026,2,13449,Devin Singletary,NYG,RB,at LAR,anytimeTD,Caesars,0.5,over,425,,0.1905,0.1905,,1,0.1306,-0.0598,-0.0598,ev,none,live,202609222DD46A1C,2026-09-15T18:07:45.828Z
2026,2,18642,Isaac TeSlaa,DET,WR,at BUF,anytimeTD,Caesars,0.5,over,450,,0.1818,0.1818,,1,0.1219,-0.0599,-0.0599,ev,none,live,202609189BE34D3B,2026-09-15T18:07:45.828Z
2026,2,18642,Isaac TeSlaa,DET,WR,at BUF,anytimeTD,DraftKings,0.5,over,450,,0.1818,0.1818,,1,0.1219,-0.0599,-0.0599,ev,none,live,202609189BE34D3B,2026-09-15T18:07:45.828Z
2026,2,16697,Dalton Kincaid,BUF,TE,vs DET,recYds,FanDuel,39.5,over,-224,,0.6914,0.6914,,1,0.6315,-0.0599,-0.0599,ev,none,live,202609189BE34D3B,2026-09-15T18:07:45.828Z
2026,2,18642,Isaac TeSlaa,DET,WR,at BUF,anytimeTD,theScore,0.5,over,450,,0.1818,0.1818,,1,0.1219,-0.0599,-0.0599,ev,none,live,202609189BE34D3B,2026-09-15T18:07:45.828Z
2026,2,10729,Jared Goff,DET,QB,at BUF,passYds,DraftKings,349.5,over,591,,0.1447,0.1447,,1,0.0847,-0.0600,-0.0600,ev,none,live,202609189BE34D3B,2026-09-15T18:07:45.828Z
2026,2,10729,Jared Goff,DET,QB,at BUF,passTD,FanDuel,2.5,over,298,,0.2513,0.2513,,1,0.1912,-0.0601,-0.0601,ev,none,live,202609189BE34D3B,2026-09-15T18:07:45.828Z
2026,2,15332,Amon-Ra St. Brown,DET,WR,at BUF,recYds,Hard Rock,49.5,over,-525,325,0.8400,0.7812,0.0753,0,0.7795,-0.0605,-0.0017,ev,multiplicative,live,202609189BE34D3B,2026-09-15T18:07:45.828Z
2026,2,17732,Keon Coleman,BUF,WR,vs DET,recYds,Hard Rock,61.5,under,-6000,1400,0.9836,0.9365,0.0503,0,0.9229,-0.0607,-0.0136,ev,multiplicative,live,202609189BE34D3B,2026-09-15T18:07:45.828Z
2026,2,17732,Keon Coleman,BUF,WR,vs DET,anytimeTD,BetMGM,0.5,over,475,,0.1739,0.1739,,1,0.1131,-0.0608,-0.0608,ev,none,live,202609189BE34D3B,2026-09-15T18:07:45.828Z
2026,2,18642,Isaac TeSlaa,DET,WR,at BUF,recYds,Caesars,15.5,under,-102,-128,0.5050,0.4735,0.0664,0,0.4441,-0.0608,-0.0294,ev,multiplicative,live,202609189BE34D3B,2026-09-15T18:07:45.828Z
2026,2,18481,Oronde Gadsden II,LAC,TE,vs LV,anytimeTD,Caesars,0.5,over,475,,0.1739,0.1739,,1,0.1131,-0.0608,-0.0608,ev,none,live,2026092038FE57CE,2026-09-15T18:07:45.828Z
2026,2,15332,Amon-Ra St. Brown,DET,WR,at BUF,recYds,Hard Rock,40.5,over,-1000,500,0.9091,0.8451,0.0758,0,0.8482,-0.0609,0.0031,ev,multiplicative,live,202609189BE34D3B,2026-09-15T18:07:45.828Z
2026,2,15849,Jameson Williams,DET,WR,at BUF,recYds,Hard Rock,24.5,under,400,-750,0.2000,0.1848,0.0824,0,0.1390,-0.0610,-0.0458,ev,multiplicative,live,202609189BE34D3B,2026-09-15T18:07:45.828Z
2026,2,17033,Sam LaPorta,DET,TE,at BUF,recYds,DraftKings,14.5,over,-1300,,0.9286,0.9286,,1,0.8675,-0.0611,-0.0611,ev,none,live,202609189BE34D3B,2026-09-15T18:07:45.828Z
2026,2,14657,Rico Dowdle,PIT,RB,at NE,anytimeTD,DraftKings,0.5,over,170,,0.3704,0.3704,,1,0.3093,-0.0611,-0.0611,ev,none,live,202609208CF5F830,2026-09-15T18:07:45.828Z
2026,2,17704,Malik Nabers,NYG,WR,at LAR,receptions,FanDuel,5.5,over,-114,-114,0.5327,0.5000,0.0654,0,0.4717,-0.0611,-0.0283,ev,multiplicative,live,202609222DD46A1C,2026-09-15T18:07:45.828Z
2026,2,16739,Bijan Robinson,ATL,RB,vs CAR,anytimeTD,Caesars,0.5,over,-193,,0.6587,0.6587,,1,0.5975,-0.0612,-0.0612,ev,none,live,20260920E9718F0E,2026-09-15T18:07:45.828Z
2026,2,18574,Jaxson Dart,NYG,QB,at LAR,rushYds,Hard Rock,80.5,over,1500,-7000,0.0625,0.0596,0.0484,0,0.0013,-0.0612,-0.0583,ev,multiplicative,live,202609222DD46A1C,2026-09-15T18:07:45.828Z
2026,2,17033,Sam LaPorta,DET,TE,at BUF,receptions,FanDuel,2.5,over,-583,,0.8536,0.8536,,1,0.7923,-0.0613,-0.0613,ev,none,live,202609189BE34D3B,2026-09-15T18:07:45.828Z
2026,2,10133,Stefon Diggs,WAS,WR,at DAL,anytimeTD,theScore,0.5,over,175,,0.3636,0.3636,,1,0.3023,-0.0613,-0.0613,ev,none,live,2026092061BDEC96,2026-09-15T18:07:45.828Z
2026,2,10729,Jared Goff,DET,QB,at BUF,passTD,DraftKings,2.5,over,296,,0.2525,0.2525,,1,0.1912,-0.0614,-0.0614,ev,none,live,202609189BE34D3B,2026-09-15T18:07:45.828Z
2026,2,15876,James Cook,BUF,RB,vs DET,rushYds,Hard Rock,103.5,over,225,-350,0.3077,0.2835,0.0855,0,0.2462,-0.0615,-0.0373,ev,multiplicative,live,202609189BE34D3B,2026-09-15T18:07:45.828Z
2026,2,15876,James Cook,BUF,RB,vs DET,rushYds,DraftKings,139.5,over,900,,0.1000,0.1000,,1,0.0384,-0.0616,-0.0616,ev,none,live,202609189BE34D3B,2026-09-15T18:07:45.828Z
2026,2,15876,James Cook,BUF,RB,vs DET,rushYds,Caesars,139.5,over,900,,0.1000,0.1000,,1,0.0384,-0.0616,-0.0616,ev,none,live,202609189BE34D3B,2026-09-15T18:07:45.828Z
2026,2,15332,Amon-Ra St. Brown,DET,WR,at BUF,recYds,Hard Rock,35.5,over,-1600,650,0.9412,0.8759,0.0745,0,0.8794,-0.0617,0.0035,ev,multiplicative,live,202609189BE34D3B,2026-09-15T18:07:45.828Z
2026,2,15332,Amon-Ra St. Brown,DET,WR,at BUF,recYds,Caesars,39.5,over,-1100,,0.9167,0.9167,,1,0.8548,-0.0618,-0.0618,ev,none,live,202609189BE34D3B,2026-09-15T18:07:45.828Z
2026,2,15332,Amon-Ra St. Brown,DET,WR,at BUF,receptions,Caesars,8.5,over,156,,0.3906,0.3906,,1,0.3288,-0.0618,-0.0618,ev,none,live,202609189BE34D3B,2026-09-15T18:07:45.828Z
2026,2,15332,Amon-Ra St. Brown,DET,WR,at BUF,recYds,Hard Rock,39.5,over,-1100,525,0.9167,0.8514,0.0767,0,0.8548,-0.0618,0.0034,ev,multiplicative,live,202609189BE34D3B,2026-09-15T18:07:45.828Z
2026,2,15332,Amon-Ra St. Brown,DET,WR,at BUF,recYds,Hard Rock,30.5,over,-3000,850,0.9677,0.9019,0.0730,0,0.9059,-0.0619,0.0040,ev,multiplicative,live,202609189BE34D3B,2026-09-15T18:07:45.828Z
2026,2,15332,Amon-Ra St. Brown,DET,WR,at BUF,recYds,FanDuel,39.5,over,-1102,,0.9168,0.9168,,1,0.8548,-0.0620,-0.0620,ev,none,live,202609189BE34D3B,2026-09-15T18:07:45.828Z
2026,2,18514,Cam Skattebo,NYG,RB,at LAR,rushYds,Hard Rock,9.5,over,-9000,1750,0.9890,0.9482,0.0431,0,0.9269,-0.0621,-0.0213,ev,multiplicative,live,202609222DD46A1C,2026-09-15T18:07:45.828Z
2026,2,15849,Jameson Williams,DET,WR,at BUF,recYds,FanDuel,149.5,over,1497,,0.0626,0.0626,,1,0.0004,-0.0622,-0.0622,ev,none,live,202609189BE34D3B,2026-09-15T18:07:45.828Z
2026,2,10729,Jared Goff,DET,QB,at BUF,passYds,Hard Rock,378.5,over,900,-3000,0.1000,0.0937,0.0677,0,0.0378,-0.0622,-0.0558,ev,multiplicative,live,202609189BE34D3B,2026-09-15T18:07:45.828Z
2026,2,12483,Josh Allen,BUF,QB,vs DET,rushYds,Hard Rock,79.5,over,1500,-7000,0.0625,0.0596,0.0484,0,0.0000,-0.0625,-0.0596,ev,multiplicative,live,202609189BE34D3B,2026-09-15T18:07:45.828Z
2026,2,15447,Joshua Palmer,BUF,WR,vs DET,recYds,Hard Rock,64.5,over,1500,-7000,0.0625,0.0596,0.0484,0,0.0000,-0.0625,-0.0596,ev,multiplicative,live,202609189BE34D3B,2026-09-15T18:07:45.828Z
2026,2,15332,Amon-Ra St. Brown,DET,WR,at BUF,recYds,Hard Rock,50.5,over,-500,300,0.8333,0.7692,0.0833,0,0.7709,-0.0625,0.0016,ev,multiplicative,live,202609189BE34D3B,2026-09-15T18:07:45.828Z
2026,2,12477,DJ Moore,BUF,WR,vs DET,recYds,FanDuel,149.5,over,1497,,0.0626,0.0626,,1,0.0000,-0.0626,-0.0626,ev,none,live,202609189BE34D3B,2026-09-15T18:07:45.828Z
2026,2,16697,Dalton Kincaid,BUF,TE,vs DET,recYds,DraftKings,129.5,over,1480,,0.0633,0.0633,,1,0.0005,-0.0628,-0.0628,ev,none,live,202609189BE34D3B,2026-09-15T18:07:45.828Z
2026,2,17033,Sam LaPorta,DET,TE,at BUF,receptions,Caesars,2.5,over,-590,,0.8551,0.8551,,1,0.7923,-0.0628,-0.0628,ev,none,live,202609189BE34D3B,2026-09-15T18:07:45.828Z
2026,2,15876,James Cook,BUF,RB,vs DET,rushYds,Caesars,78.5,under,-113,-115,0.5305,0.4980,0.0654,0,0.4676,-0.0629,-0.0304,ev,multiplicative,live,202609189BE34D3B,2026-09-15T18:07:45.828Z
2026,2,10729,Jared Goff,DET,QB,at BUF,passYds,FanDuel,374.5,over,847,,0.1056,0.1056,,1,0.0426,-0.0630,-0.0630,ev,none,live,202609189BE34D3B,2026-09-15T18:07:45.828Z
2026,2,12477,DJ Moore,BUF,WR,vs DET,recYds,DraftKings,24.5,over,-790,,0.8876,0.8876,,1,0.8246,-0.0630,-0.0630,ev,none,live,202609189BE34D3B,2026-09-15T18:07:45.828Z
2026,2,17033,Sam LaPorta,DET,TE,at BUF,receptions,FanDuel,4.5,under,-136,102,0.5763,0.5379,0.0713,0,0.5133,-0.0630,-0.0246,ev,multiplicative,live,202609189BE34D3B,2026-09-15T18:07:45.828Z
2026,2,15332,Amon-Ra St. Brown,DET,WR,at BUF,recYds,Hard Rock,45.5,over,-700,375,0.8750,0.8061,0.0855,0,0.8120,-0.0630,0.0059,ev,multiplicative,live,202609189BE34D3B,2026-09-15T18:07:45.828Z
2026,2,15849,Jameson Williams,DET,WR,at BUF,receptions,FanDuel,4.5,over,112,,0.4717,0.4717,,1,0.4086,-0.0631,-0.0631,ev,none,live,202609189BE34D3B,2026-09-15T18:07:45.828Z
2026,2,17704,Malik Nabers,NYG,WR,at LAR,receptions,Hard Rock,5.5,over,-115,-115,0.5349,0.5000,0.0698,0,0.4717,-0.0632,-0.0283,ev,multiplicative,live,202609222DD46A1C,2026-09-15T18:07:45.828Z
2026,2,15332,Amon-Ra St. Brown,DET,WR,at BUF,receptions,theScore,8.5,over,155,,0.3922,0.3922,,1,0.3288,-0.0634,-0.0634,ev,none,live,202609189BE34D3B,2026-09-15T18:07:45.828Z
2026,2,15876,James Cook,BUF,RB,vs DET,rushAtt,DraftKings,13.5,over,-540,,0.8438,0.8438,,1,0.7802,-0.0636,-0.0636,ev,none,live,202609189BE34D3B,2026-09-15T18:07:45.828Z
2026,2,10729,Jared Goff,DET,QB,at BUF,int,theScore,1.5,over,550,,0.1538,0.1538,,1,0.0902,-0.0636,-0.0636,ev,none,live,202609189BE34D3B,2026-09-15T18:07:45.828Z
2026,2,12483,Josh Allen,BUF,QB,vs DET,passAtt,DraftKings,41.5,over,1020,,0.0893,0.0893,,1,0.0256,-0.0637,-0.0637,ev,none,live,202609189BE34D3B,2026-09-15T18:07:45.828Z
2026,2,12559,Mark Andrews,BAL,TE,vs NO,anytimeTD,BetMGM,0.5,over,150,,0.4000,0.4000,,1,0.3363,-0.0637,-0.0637,ev,none,live,20260920941629C7,2026-09-15T18:07:45.828Z
2026,2,13466,Dawson Knox,BUF,TE,vs DET,recYds,FanDuel,24.5,over,229,,0.3040,0.3040,,1,0.2402,-0.0638,-0.0638,ev,none,live,202609189BE34D3B,2026-09-15T18:07:45.828Z
2026,2,12483,Josh Allen,BUF,QB,vs DET,passYds,DraftKings,309.5,over,360,,0.2174,0.2174,,1,0.1536,-0.0638,-0.0638,ev,none,live,202609189BE34D3B,2026-09-15T18:07:45.828Z
2026,2,15404,Jaylen Waddle,DEN,WR,vs JAX,anytimeTD,DraftKings,0.5,over,190,,0.3448,0.3448,,1,0.2811,-0.0638,-0.0638,ev,none,live,20260920631848F6,2026-09-15T18:07:45.828Z
2026,2,16808,Jahmyr Gibbs,DET,RB,at BUF,recYds,Hard Rock,74.5,over,1400,-7000,0.0667,0.0633,0.0526,0,0.0029,-0.0638,-0.0604,ev,multiplicative,live,202609189BE34D3B,2026-09-15T18:07:45.828Z
2026,2,15892,Khalil Shakir,BUF,WR,vs DET,receptions,theScore,4.5,under,-130,100,0.5652,0.5306,0.0652,0,0.5015,-0.0638,-0.0291,ev,multiplicative,live,202609189BE34D3B,2026-09-15T18:07:45.828Z
2026,2,12483,Josh Allen,BUF,QB,vs DET,passYds,Hard Rock,318.5,over,425,-850,0.1905,0.1755,0.0852,0,0.1265,-0.0640,-0.0490,ev,multiplicative,live,202609189BE34D3B,2026-09-15T18:07:45.828Z
2026,2,15332,Amon-Ra St. Brown,DET,WR,at BUF,recYds,Hard Rock,64.5,over,-230,160,0.6970,0.6444,0.0816,0,0.6330,-0.0640,-0.0114,ev,multiplicative,live,202609189BE34D3B,2026-09-15T18:07:45.828Z
2026,2,17033,Sam LaPorta,DET,TE,at BUF,recYds,BetRivers,49.5,over,107,,0.4831,0.4831,,1,0.4187,-0.0643,-0.0643,ev,none,live,202609189BE34D3B,2026-09-15T18:07:45.828Z
2026,2,15332,Amon-Ra St. Brown,DET,WR,at BUF,recYds,Hard Rock,55.5,over,-375,240,0.7895,0.7286,0.0836,0,0.7251,-0.0643,-0.0034,ev,multiplicative,live,202609189BE34D3B,2026-09-15T18:07:45.828Z
2026,2,18642,Isaac TeSlaa,DET,WR,at BUF,receptions,Hard Rock,1.5,under,-155,120,0.6078,0.5721,0.0624,0,0.5434,-0.0644,-0.0287,ev,multiplicative,live,202609189BE34D3B,2026-09-15T18:07:45.828Z
2026,2,18642,Isaac TeSlaa,DET,WR,at BUF,receptions,theScore,1.5,under,-155,120,0.6078,0.5721,0.0624,0,0.5434,-0.0644,-0.0287,ev,multiplicative,live,202609189BE34D3B,2026-09-15T18:07:45.828Z
2026,2,15892,Khalil Shakir,BUF,WR,vs DET,recYds,BetRivers,45.5,under,-113,-118,0.5305,0.4950,0.0718,0,0.4660,-0.0645,-0.0290,ev,multiplicative,live,202609189BE34D3B,2026-09-15T18:07:45.828Z
2026,2,16808,Jahmyr Gibbs,DET,RB,at BUF,rushAtt,DraftKings,29.5,over,1180,,0.0781,0.0781,,1,0.0136,-0.0646,-0.0646,ev,none,live,202609189BE34D3B,2026-09-15T18:07:45.828Z
2026,2,16808,Jahmyr Gibbs,DET,RB,at BUF,rushAtt,Hard Rock,11.5,over,-5000,,0.9804,0.9804,,1,0.9158,-0.0646,-0.0646,ev,none,live,202609189BE34D3B,2026-09-15T18:07:45.828Z
2026,2,18514,Cam Skattebo,NYG,RB,at LAR,rushYds,Hard Rock,29.5,under,275,-450,0.2667,0.2458,0.0848,0,0.2021,-0.0646,-0.0437,ev,multiplicative,live,202609222DD46A1C,2026-09-15T18:07:45.828Z
2026,2,15332,Amon-Ra St. Brown,DET,WR,at BUF,anytimeTD,FanDuel,0.5,over,110,,0.4762,0.4762,,1,0.4114,-0.0648,-0.0648,ev,none,live,202609189BE34D3B,2026-09-15T18:07:45.828Z
2026,2,15332,Amon-Ra St. Brown,DET,WR,at BUF,anytimeTD,DraftKings,0.5,over,110,,0.4762,0.4762,,1,0.4114,-0.0648,-0.0648,ev,none,live,202609189BE34D3B,2026-09-15T18:07:45.828Z
2026,2,15924,Charlie Kolar,LAC,TE,vs LV,anytimeTD,BetMGM,0.5,over,525,,0.1600,0.1600,,1,0.0952,-0.0648,-0.0648,ev,none,live,2026092038FE57CE,2026-09-15T18:07:45.828Z
2026,2,17033,Sam LaPorta,DET,TE,at BUF,recYds,Hard Rock,16.5,over,-1100,525,0.9167,0.8514,0.0767,0,0.8519,-0.0648,0.0005,ev,multiplicative,live,202609189BE34D3B,2026-09-15T18:07:45.828Z
2026,2,17033,Sam LaPorta,DET,TE,at BUF,receptions,theScore,2.5,over,-600,,0.8571,0.8571,,1,0.7923,-0.0648,-0.0648,ev,none,live,202609189BE34D3B,2026-09-15T18:07:45.828Z
2026,2,17033,Sam LaPorta,DET,TE,at BUF,receptions,Hard Rock,2.5,over,-600,,0.8571,0.8571,,1,0.7923,-0.0648,-0.0648,ev,none,live,202609189BE34D3B,2026-09-15T18:07:45.828Z
2026,2,15332,Amon-Ra St. Brown,DET,WR,at BUF,receptions,FanDuel,8.5,over,154,,0.3937,0.3937,,1,0.3288,-0.0649,-0.0649,ev,none,live,202609189BE34D3B,2026-09-15T18:07:45.828Z
2026,2,15849,Jameson Williams,DET,WR,at BUF,recYds,theScore,69.5,over,125,,0.4444,0.4444,,1,0.3796,-0.0649,-0.0649,ev,none,live,202609189BE34D3B,2026-09-15T18:07:45.828Z
2026,2,15332,Amon-Ra St. Brown,DET,WR,at BUF,recYds,BetRivers,78.5,over,-117,-113,0.5392,0.5040,0.0697,0,0.4742,-0.0650,-0.0299,ev,multiplicative,live,202609189BE34D3B,2026-09-15T18:07:45.828Z
2026,2,12483,Josh Allen,BUF,QB,vs DET,passAtt,theScore,34.5,over,225,,0.3077,0.3077,,1,0.2427,-0.0650,-0.0650,ev,none,live,202609189BE34D3B,2026-09-15T18:07:45.828Z
2026,2,15876,James Cook,BUF,RB,vs DET,rushYds,FanDuel,78.5,under,-114,-114,0.5327,0.5000,0.0654,0,0.4676,-0.0651,-0.0324,ev,multiplicative,live,202609189BE34D3B,2026-09-15T18:07:45.828Z
2026,2,10729,Jared Goff,DET,QB,at BUF,passYds,BetRivers,324.5,over,360,,0.2174,0.2174,,1,0.1523,-0.0651,-0.0651,ev,none,live,202609189BE34D3B,2026-09-15T18:07:45.828Z
2026,2,17033,Sam LaPorta,DET,TE,at BUF,recYds,Hard Rock,6.5,over,-6000,1400,0.9836,0.9365,0.0503,0,0.9185,-0.0651,-0.0181,ev,multiplicative,live,202609189BE34D3B,2026-09-15T18:07:45.828Z
2026,2,15447,Joshua Palmer,BUF,WR,vs DET,receptions,Hard Rock,3.5,over,1200,,0.0769,0.0769,,1,0.0118,-0.0651,-0.0651,ev,none,live,202609189BE34D3B,2026-09-15T18:07:45.828Z
2026,2,18574,Jaxson Dart,NYG,QB,at LAR,rushYds,Hard Rock,79.5,over,1400,-6000,0.0667,0.0635,0.0503,0,0.0016,-0.0651,-0.0619,ev,multiplicative,live,202609222DD46A1C,2026-09-15T18:07:45.828Z
2026,2,15876,James Cook,BUF,RB,vs DET,rushYds,Hard Rock,108.5,over,275,-425,0.2667,0.2478,0.0762,0,0.2013,-0.0654,-0.0465,ev,multiplicative,live,202609189BE34D3B,2026-09-15T18:07:45.828Z
2026,2,12483,Josh Allen,BUF,QB,vs DET,passYds,Hard Rock,308.5,over,350,-575,0.2222,0.2069,0.0741,0,0.1569,-0.0654,-0.0500,ev,multiplicative,live,202609189BE34D3B,2026-09-15T18:07:45.828Z
2026,2,15332,Amon-Ra St. Brown,DET,WR,at BUF,recYds,Hard Rock,65.5,over,-220,155,0.6875,0.6368,0.0797,0,0.6221,-0.0654,-0.0146,ev,multiplicative,live,202609189BE34D3B,2026-09-15T18:07:45.828Z
2026,2,15876,James Cook,BUF,RB,vs DET,rushYds,FanDuel,109.5,over,287,,0.2584,0.2584,,1,0.1929,-0.0655,-0.0655,ev,none,live,202609189BE34D3B,2026-09-15T18:07:45.828Z
2026,2,16694,Tre Tucker,LV,WR,at LAC,anytimeTD,BetMGM,0.5,over,280,,0.2632,0.2632,,1,0.1975,-0.0657,-0.0657,ev,none,live,2026092038FE57CE,2026-09-15T18:07:45.828Z
2026,2,16697,Dalton Kincaid,BUF,TE,vs DET,recYds,DraftKings,59.5,over,127,,0.4405,0.4405,,1,0.3746,-0.0659,-0.0659,ev,none,live,202609189BE34D3B,2026-09-15T18:07:45.828Z
2026,2,16808,Jahmyr Gibbs,DET,RB,at BUF,rushAtt,DraftKings,21.5,over,162,,0.3817,0.3817,,1,0.3156,-0.0660,-0.0660,ev,none,live,202609189BE34D3B,2026-09-15T18:07:45.828Z
2026,2,15332,Amon-Ra St. Brown,DET,WR,at BUF,recYds,BetRivers,79.5,over,-112,,0.5283,0.5283,,1,0.4623,-0.0660,-0.0660,ev,none,live,202609189BE34D3B,2026-09-15T18:07:45.828Z
2026,2,12483,Josh Allen,BUF,QB,vs DET,passYds,FanDuel,324.5,over,467,,0.1764,0.1764,,1,0.1104,-0.0660,-0.0660,ev,none,live,202609189BE34D3B,2026-09-15T18:07:45.828Z
2026,2,10729,Jared Goff,DET,QB,at BUF,passYds,DraftKings,339.5,over,473,,0.1745,0.1745,,1,0.1084,-0.0661,-0.0661,ev,none,live,202609189BE34D3B,2026-09-15T18:07:45.828Z
2026,2,12477,DJ Moore,BUF,WR,vs DET,anytimeTD,BetMGM,0.5,over,130,,0.4348,0.4348,,1,0.3687,-0.0661,-0.0661,ev,none,live,202609189BE34D3B,2026-09-15T18:07:45.828Z
2026,2,12477,DJ Moore,BUF,WR,vs DET,recYds,DraftKings,14.5,over,-2100,,0.9545,0.9545,,1,0.8884,-0.0662,-0.0662,ev,none,live,202609189BE34D3B,2026-09-15T18:07:45.828Z
2026,2,17033,Sam LaPorta,DET,TE,at BUF,recYds,theScore,9.5,over,-3000,,0.9677,0.9677,,1,0.9014,-0.0663,-0.0663,ev,none,live,202609189BE34D3B,2026-09-15T18:07:45.828Z
2026,2,15876,James Cook,BUF,RB,vs DET,rushYds,Hard Rock,83.5,under,-150,105,0.6000,0.5516,0.0878,0,0.5337,-0.0663,-0.0179,ev,multiplicative,live,202609189BE34D3B,2026-09-15T18:07:45.828Z
2026,2,17690,Blake Corum,LAR,RB,vs NYG,rushYds,Hard Rock,8.5,under,1300,-6000,0.0714,0.0677,0.0550,0,0.0049,-0.0665,-0.0628,ev,multiplicative,live,202609222DD46A1C,2026-09-15T18:07:45.828Z
2026,2,13466,Dawson Knox,BUF,TE,vs DET,recYds,Hard Rock,57.5,over,1400,-7000,0.0667,0.0633,0.0526,0,0.0001,-0.0666,-0.0633,ev,multiplicative,live,202609189BE34D3B,2026-09-15T18:07:45.828Z
2026,2,12483,Josh Allen,BUF,QB,vs DET,rushYds,DraftKings,79.5,over,1400,,0.0667,0.0667,,1,0.0000,-0.0667,-0.0667,ev,none,live,202609189BE34D3B,2026-09-15T18:07:45.828Z
2026,2,15447,Joshua Palmer,BUF,WR,vs DET,recYds,Hard Rock,63.5,over,1400,-6000,0.0667,0.0635,0.0503,0,0.0000,-0.0667,-0.0635,ev,multiplicative,live,202609189BE34D3B,2026-09-15T18:07:45.828Z
2026,2,15332,Amon-Ra St. Brown,DET,WR,at BUF,recYds,theScore,49.5,over,-550,,0.8462,0.8462,,1,0.7795,-0.0667,-0.0667,ev,none,live,202609189BE34D3B,2026-09-15T18:07:45.828Z
2026,2,12483,Josh Allen,BUF,QB,vs DET,rushAtt,Hard Rock,17.5,over,1400,,0.0667,0.0667,,1,0.0000,-0.0667,-0.0667,ev,none,live,202609189BE34D3B,2026-09-15T18:07:45.828Z
2026,2,12858,Ian Thomas,LV,TE,at LAC,anytimeTD,BetMGM,0.5,over,1200,,0.0769,0.0769,,1,0.0100,-0.0670,-0.0670,ev,none,live,2026092038FE57CE,2026-09-15T18:07:45.828Z
2026,2,16697,Dalton Kincaid,BUF,TE,vs DET,recYds,Hard Rock,60.5,over,135,-185,0.4255,0.3960,0.0747,0,0.3585,-0.0671,-0.0375,ev,multiplicative,live,202609189BE34D3B,2026-09-15T18:07:45.828Z
2026,2,12477,DJ Moore,BUF,WR,vs DET,receptions,Caesars,3.5,over,-240,,0.7059,0.7059,,1,0.6387,-0.0672,-0.0672,ev,none,live,202609189BE34D3B,2026-09-15T18:07:45.828Z
2026,2,18487,Ashton Jeanty,LV,RB,at LAC,anytimeTD,BetMGM,0.5,over,-110,,0.5238,0.5238,,1,0.4566,-0.0672,-0.0672,ev,none,live,2026092038FE57CE,2026-09-15T18:07:45.828Z
2026,2,15876,James Cook,BUF,RB,vs DET,rushYds,DraftKings,119.5,over,430,,0.1887,0.1887,,1,0.1214,-0.0673,-0.0673,ev,none,live,202609189BE34D3B,2026-09-15T18:07:45.828Z
2026,2,15876,James Cook,BUF,RB,vs DET,rushYds,Hard Rock,78.5,under,-115,-115,0.5349,0.5000,0.0698,0,0.4676,-0.0673,-0.0324,ev,multiplicative,live,202609189BE34D3B,2026-09-15T18:07:45.828Z
2026,2,12483,Josh Allen,BUF,QB,vs DET,int,BetRivers,1.5,over,600,,0.1429,0.1429,,1,0.0754,-0.0674,-0.0674,ev,none,live,202609189BE34D3B,2026-09-15T18:07:45.828Z
2026,2,13466,Dawson Knox,BUF,TE,vs DET,recYds,Hard Rock,24.5,over,225,-325,0.3077,0.2869,0.0724,0,0.2402,-0.0675,-0.0467,ev,multiplicative,live,202609189BE34D3B,2026-09-15T18:07:45.828Z
2026,2,15332,Amon-Ra St. Brown,DET,WR,at BUF,recYds,FanDuel,69.5,over,-182,,0.6454,0.6454,,1,0.5778,-0.0676,-0.0676,ev,none,live,202609189BE34D3B,2026-09-15T18:07:45.828Z
2026,2,12477,DJ Moore,BUF,WR,vs DET,recYds,Caesars,49.5,over,-190,,0.6552,0.6552,,1,0.5875,-0.0677,-0.0677,ev,none,live,202609189BE34D3B,2026-09-15T18:07:45.828Z
2026,2,12477,DJ Moore,BUF,WR,vs DET,recYds,BetRivers,49.5,over,-190,,0.6552,0.6552,,1,0.5875,-0.0677,-0.0677,ev,none,live,202609189BE34D3B,2026-09-15T18:07:45.828Z
2026,2,10729,Jared Goff,DET,QB,at BUF,passTD,Caesars,3.5,over,650,,0.1333,0.1333,,1,0.0656,-0.0677,-0.0677,ev,none,live,202609189BE34D3B,2026-09-15T18:07:45.828Z
2026,2,16697,Dalton Kincaid,BUF,TE,vs DET,recYds,FanDuel,59.5,over,126,,0.4425,0.4425,,1,0.3746,-0.0679,-0.0679,ev,none,live,202609189BE34D3B,2026-09-15T18:07:45.828Z
2026,2,12483,Josh Allen,BUF,QB,vs DET,rushYds,Hard Rock,20.5,under,195,-300,0.3390,0.3113,0.0890,0,0.2711,-0.0679,-0.0402,ev,multiplicative,live,202609189BE34D3B,2026-09-15T18:07:45.828Z
2026,2,15876,James Cook,BUF,RB,vs DET,rushYds,DraftKings,129.5,over,620,,0.1389,0.1389,,1,0.0709,-0.0680,-0.0680,ev,none,live,202609189BE34D3B,2026-09-15T18:07:45.828Z
2026,2,12483,Josh Allen,BUF,QB,vs DET,passAtt,DraftKings,35.5,over,287,,0.2584,0.2584,,1,0.1903,-0.0681,-0.0681,ev,none,live,202609189BE34D3B,2026-09-15T18:07:45.828Z
2026,2,14657,Rico Dowdle,PIT,RB,at NE,anytimeTD,theScore,0.5,over,165,,0.3774,0.3774,,1,0.3093,-0.0681,-0.0681,ev,none,live,202609208CF5F830,2026-09-15T18:07:45.828Z
2026,2,12483,Josh Allen,BUF,QB,vs DET,passTD,BetRivers,2.5,over,230,,0.3030,0.3030,,1,0.2349,-0.0682,-0.0682,ev,none,live,202609189BE34D3B,2026-09-15T18:07:45.828Z
2026,2,10729,Jared Goff,DET,QB,at BUF,passYds,Caesars,369.5,over,750,,0.1176,0.1176,,1,0.0493,-0.0683,-0.0683,ev,none,live,202609189BE34D3B,2026-09-15T18:07:45.828Z
2026,2,18642,Isaac TeSlaa,DET,WR,at BUF,recYds,DraftKings,69.5,over,1360,,0.0685,0.0685,,1,0.0000,-0.0685,-0.0685,ev,none,live,202609189BE34D3B,2026-09-15T18:07:45.828Z
2026,2,18642,Isaac TeSlaa,DET,WR,at BUF,anytimeTD,BetMGM,0.5,over,425,,0.1905,0.1905,,1,0.1219,-0.0686,-0.0686,ev,none,live,202609189BE34D3B,2026-09-15T18:07:45.828Z
2026,2,17033,Sam LaPorta,DET,TE,at BUF,recYds,FanDuel,19.5,over,-851,,0.8948,0.8948,,1,0.8262,-0.0686,-0.0686,ev,none,live,202609189BE34D3B,2026-09-15T18:07:45.828Z
2026,2,16728,Sean Tucker,TB,RB,vs CLE,anytimeTD,BetMGM,0.5,over,425,,0.1905,0.1905,,1,0.1219,-0.0686,-0.0686,ev,none,live,20260920ABAE4147,2026-09-15T18:07:45.828Z
2026,2,14455,Jonathan Taylor,IND,RB,at KC,anytimeTD,Caesars,0.5,over,-182,,0.6454,0.6454,,1,0.5768,-0.0686,-0.0686,ev,none,live,202609217572D919,2026-09-15T18:07:45.828Z
2026,2,15849,Jameson Williams,DET,WR,at BUF,recYds,Hard Rock,28.5,under,325,-550,0.2353,0.2176,0.0814,0,0.1666,-0.0687,-0.0509,ev,multiplicative,live,202609189BE34D3B,2026-09-15T18:07:45.828Z
2026,2,18642,Isaac TeSlaa,DET,WR,at BUF,receptions,FanDuel,1.5,under,-158,118,0.6124,0.5717,0.0711,0,0.5434,-0.0690,-0.0283,ev,multiplicative,live,202609189BE34D3B,2026-09-15T18:07:45.828Z
2026,2,18642,Isaac TeSlaa,DET,WR,at BUF,receptions,FanDuel,0.5,over,-424,,0.8092,0.8092,,1,0.7402,-0.0690,-0.0690,ev,none,live,202609189BE34D3B,2026-09-15T18:07:45.828Z
2026,2,17033,Sam LaPorta,DET,TE,at BUF,recYds,theScore,49.5,over,105,,0.4878,0.4878,,1,0.4187,-0.0691,-0.0691,ev,none,live,202609189BE34D3B,2026-09-15T18:07:45.828Z
2026,2,17033,Sam LaPorta,DET,TE,at BUF,receptions,DraftKings,1.5,over,-2500,,0.9615,0.9615,,1,0.8923,-0.0693,-0.0693,ev,none,live,202609189BE34D3B,2026-09-15T18:07:45.828Z
2026,2,15849,Jameson Williams,DET,WR,at BUF,receptions,DraftKings,3.5,over,-164,128,0.6212,0.5862,0.0598,0,0.5517,-0.0695,-0.0344,ev,multiplicative,live,202609189BE34D3B,2026-09-15T18:07:45.828Z
2026,2,18457,Jack Bech,LV,WR,at LAC,anytimeTD,Caesars,0.5,over,475,,0.1739,0.1739,,1,0.1042,-0.0697,-0.0697,ev,none,live,2026092038FE57CE,2026-09-15T18:07:45.828Z
2026,2,15849,Jameson Williams,DET,WR,at BUF,recYds,Hard Rock,58.5,under,-115,-115,0.5349,0.5000,0.0698,0,0.4652,-0.0697,-0.0348,ev,multiplicative,live,202609189BE34D3B,2026-09-15T18:07:45.828Z
2026,2,16697,Dalton Kincaid,BUF,TE,vs DET,recYds,theScore,59.5,over,125,,0.4444,0.4444,,1,0.3746,-0.0698,-0.0698,ev,none,live,202609189BE34D3B,2026-09-15T18:07:45.828Z
2026,2,15332,Amon-Ra St. Brown,DET,WR,at BUF,recYds,Hard Rock,70.5,over,-175,125,0.6364,0.5888,0.0808,0,0.5666,-0.0698,-0.0222,ev,multiplicative,live,202609189BE34D3B,2026-09-15T18:07:45.828Z
2026,2,15404,Jaylen Waddle,DEN,WR,vs JAX,anytimeTD,theScore,0.5,over,185,,0.3509,0.3509,,1,0.2811,-0.0698,-0.0698,ev,none,live,20260920631848F6,2026-09-15T18:07:45.828Z
2026,2,16697,Dalton Kincaid,BUF,TE,vs DET,recYds,BetRivers,39.5,over,-235,,0.7015,0.7015,,1,0.6315,-0.0700,-0.0700,ev,none,live,202609189BE34D3B,2026-09-15T18:07:45.828Z
2026,2,16697,Dalton Kincaid,BUF,TE,vs DET,receptions,DraftKings,1.5,over,-1380,,0.9324,0.9324,,1,0.8624,-0.0700,-0.0700,ev,none,live,202609189BE34D3B,2026-09-15T18:07:45.828Z
2026,2,12483,Josh Allen,BUF,QB,vs DET,passYds,Caesars,349.5,over,675,,0.1290,0.1290,,1,0.0589,-0.0701,-0.0701,ev,none,live,202609189BE34D3B,2026-09-15T18:07:45.828Z
2026,2,15332,Amon-Ra St. Brown,DET,WR,at BUF,recYds,FanDuel,79.5,over,-114,-114,0.5327,0.5000,0.0654,0,0.4623,-0.0704,-0.0377,ev,multiplicative,live,202609189BE34D3B,2026-09-15T18:07:45.828Z
2026,2,17792,Ray Davis,BUF,RB,vs DET,anytimeTD,FanDuel,0.5,over,420,,0.1923,0.1923,,1,0.1219,-0.0704,-0.0704,ev,none,live,202609189BE34D3B,2026-09-15T18:07:45.828Z
2026,2,15849,Jameson Williams,DET,WR,at BUF,receptions,theScore,1.5,over,-1400,,0.9333,0.9333,,1,0.8629,-0.0704,-0.0704,ev,none,live,202609189BE34D3B,2026-09-15T18:07:45.828Z
2026,2,12477,DJ Moore,BUF,WR,vs DET,recYds,theScore,9.5,over,-6000,,0.9836,0.9836,,1,0.9131,-0.0705,-0.0705,ev,none,live,202609189BE34D3B,2026-09-15T18:07:45.828Z
2026,2,17020,Rome Odunze,CHI,WR,vs MIN,anytimeTD,DraftKings,0.5,over,190,,0.3448,0.3448,,1,0.2739,-0.0710,-0.0710,ev,none,live,20260920AEBD0307,2026-09-15T18:07:45.828Z
2026,2,12477,DJ Moore,BUF,WR,vs DET,recYds,Caesars,39.5,over,-325,,0.7647,0.7647,,1,0.6935,-0.0712,-0.0712,ev,none,live,202609189BE34D3B,2026-09-15T18:07:45.828Z
2026,2,15332,Amon-Ra St. Brown,DET,WR,at BUF,receptions,DraftKings,8.5,over,150,,0.4000,0.4000,,1,0.3288,-0.0712,-0.0712,ev,none,live,202609189BE34D3B,2026-09-15T18:07:45.828Z
2026,2,13466,Dawson Knox,BUF,TE,vs DET,recYds,DraftKings,59.5,over,1300,,0.0714,0.0714,,1,0.0000,-0.0714,-0.0714,ev,none,live,202609189BE34D3B,2026-09-15T18:07:45.828Z
2026,2,12477,DJ Moore,BUF,WR,vs DET,receptions,BetRivers,3.5,over,-245,,0.7101,0.7101,,1,0.6387,-0.0714,-0.0714,ev,none,live,202609189BE34D3B,2026-09-15T18:07:45.828Z
2026,2,15876,James Cook,BUF,RB,vs DET,rushYds,Hard Rock,33.5,under,800,-2500,0.1111,0.1036,0.0726,0,0.0397,-0.0714,-0.0638,ev,multiplicative,live,202609189BE34D3B,2026-09-15T18:07:45.828Z
2026,2,12483,Josh Allen,BUF,QB,vs DET,passYds,theScore,324.5,over,450,,0.1818,0.1818,,1,0.1104,-0.0714,-0.0714,ev,none,live,202609189BE34D3B,2026-09-15T18:07:45.828Z
2026,2,16697,Dalton Kincaid,BUF,TE,vs DET,recYds,Hard Rock,30.5,over,-375,240,0.7895,0.7286,0.0836,0,0.7179,-0.0715,-0.0106,ev,multiplicative,live,202609189BE34D3B,2026-09-15T18:07:45.828Z
2026,2,15876,James Cook,BUF,RB,vs DET,rushYds,BetRivers,78.5,under,-117,-114,0.5392,0.5030,0.0719,0,0.4676,-0.0716,-0.0354,ev,multiplicative,live,202609189BE34D3B,2026-09-15T18:07:45.828Z
2026,2,16697,Dalton Kincaid,BUF,TE,vs DET,recYds,FanDuel,124.5,over,1279,,0.0725,0.0725,,1,0.0010,-0.0716,-0.0716,ev,none,live,202609189BE34D3B,2026-09-15T18:07:45.828Z
2026,2,15876,James Cook,BUF,RB,vs DET,rushYds,FanDuel,149.5,over,997,,0.0912,0.0912,,1,0.0192,-0.0720,-0.0720,ev,none,live,202609189BE34D3B,2026-09-15T18:07:45.828Z
2026,2,12483,Josh Allen,BUF,QB,vs DET,rushAtt,DraftKings,5.5,over,-263,,0.7245,0.7245,,1,0.6525,-0.0720,-0.0720,ev,none,live,202609189BE34D3B,2026-09-15T18:07:45.828Z
2026,2,10729,Jared Goff,DET,QB,at BUF,passTD,BetRivers,2.5,over,280,,0.2632,0.2632,,1,0.1912,-0.0720,-0.0720,ev,none,live,202609189BE34D3B,2026-09-15T18:07:45.828Z
2026,2,15849,Jameson Williams,DET,WR,at BUF,recYds,BetRivers,79.5,over,215,,0.3175,0.3175,,1,0.2454,-0.0721,-0.0721,ev,none,live,202609189BE34D3B,2026-09-15T18:07:45.828Z
2026,2,12483,Josh Allen,BUF,QB,vs DET,int,DraftKings,0.5,over,130,-166,0.4348,0.4106,0.0588,0,0.3624,-0.0724,-0.0482,ev,multiplicative,live,202609189BE34D3B,2026-09-15T18:07:45.828Z
2026,2,15892,Khalil Shakir,BUF,WR,vs DET,recYds,Hard Rock,14.5,under,550,-1200,0.1538,0.1429,0.0769,0,0.0814,-0.0724,-0.0614,ev,multiplicative,live,202609189BE34D3B,2026-09-15T18:07:45.828Z
2026,2,12483,Josh Allen,BUF,QB,vs DET,int,theScore,0.5,over,130,-170,0.4348,0.4085,0.0644,0,0.3624,-0.0724,-0.0461,ev,multiplicative,live,202609189BE34D3B,2026-09-15T18:07:45.828Z
2026,2,15849,Jameson Williams,DET,WR,at BUF,recYds,Caesars,57.5,under,-111,-120,0.5261,0.4910,0.0715,0,0.4535,-0.0725,-0.0374,ev,multiplicative,live,202609189BE34D3B,2026-09-15T18:07:45.828Z
2026,2,12483,Josh Allen,BUF,QB,vs DET,rushYds,FanDuel,79.5,over,1278,,0.0726,0.0726,,1,0.0000,-0.0726,-0.0726,ev,none,live,202609189BE34D3B,2026-09-15T18:07:45.828Z
2026,2,18514,Cam Skattebo,NYG,RB,at LAR,rushYds,Hard Rock,14.5,over,-4000,900,0.9756,0.9070,0.0756,0,0.9029,-0.0727,-0.0041,ev,multiplicative,live,202609222DD46A1C,2026-09-15T18:07:45.828Z
2026,2,13427,Justice Hill,BAL,RB,vs NO,anytimeTD,BetMGM,0.5,over,270,,0.2703,0.2703,,1,0.1975,-0.0728,-0.0728,ev,none,live,20260920941629C7,2026-09-15T18:07:45.828Z
2026,2,17033,Sam LaPorta,DET,TE,at BUF,recYds,Hard Rock,11.5,over,-2500,800,0.9615,0.8964,0.0726,0,0.8887,-0.0728,-0.0077,ev,multiplicative,live,202609189BE34D3B,2026-09-15T18:07:45.828Z
2026,2,12483,Josh Allen,BUF,QB,vs DET,passTD,theScore,2.5,over,225,,0.3077,0.3077,,1,0.2349,-0.0728,-0.0728,ev,none,live,202609189BE34D3B,2026-09-15T18:07:45.828Z
2026,2,12483,Josh Allen,BUF,QB,vs DET,rushYds,Hard Rock,25.5,over,-180,125,0.6429,0.5912,0.0873,0,0.5701,-0.0728,-0.0211,ev,multiplicative,live,202609189BE34D3B,2026-09-15T18:07:45.828Z
2026,2,15876,James Cook,BUF,RB,vs DET,rushYds,Hard Rock,79.5,under,-125,-110,0.5556,0.5147,0.0794,0,0.4824,-0.0732,-0.0323,ev,multiplicative,live,202609189BE34D3B,2026-09-15T18:07:45.828Z
2026,2,15332,Amon-Ra St. Brown,DET,WR,at BUF,recYds,DraftKings,149.5,over,1040,,0.0877,0.0877,,1,0.0141,-0.0736,-0.0736,ev,none,live,202609189BE34D3B,2026-09-15T18:07:45.828Z
2026,2,17033,Sam LaPorta,DET,TE,at BUF,recYds,FanDuel,109.5,over,1258,,0.0736,0.0736,,1,0.0000,-0.0736,-0.0736,ev,none,live,202609189BE34D3B,2026-09-15T18:07:45.828Z
2026,2,15876,James Cook,BUF,RB,vs DET,rushYds,Hard Rock,113.5,over,325,-525,0.2353,0.2188,0.0753,0,0.1617,-0.0736,-0.0571,ev,multiplicative,live,202609189BE34D3B,2026-09-15T18:07:45.828Z
2026,2,17033,Sam LaPorta,DET,TE,at BUF,recYds,FanDuel,14.5,over,-1601,,0.9412,0.9412,,1,0.8675,-0.0737,-0.0737,ev,none,live,202609189BE34D3B,2026-09-15T18:07:45.828Z
2026,2,15332,Amon-Ra St. Brown,DET,WR,at BUF,recYds,Hard Rock,75.5,over,-140,100,0.5833,0.5385,0.0833,0,0.5096,-0.0737,-0.0288,ev,multiplicative,live,202609189BE34D3B,2026-09-15T18:07:45.828Z
2026,2,15332,Amon-Ra St. Brown,DET,WR,at BUF,recYds,theScore,39.5,over,-1300,,0.9286,0.9286,,1,0.8548,-0.0737,-0.0737,ev,none,live,202609189BE34D3B,2026-09-15T18:07:45.828Z
2026,2,12483,Josh Allen,BUF,QB,vs DET,passYds,DraftKings,299.5,over,282,,0.2618,0.2618,,1,0.1880,-0.0738,-0.0738,ev,none,live,202609189BE34D3B,2026-09-15T18:07:45.828Z
2026,2,16697,Dalton Kincaid,BUF,TE,vs DET,recYds,BetRivers,59.5,over,123,,0.4484,0.4484,,1,0.3746,-0.0738,-0.0738,ev,none,live,202609189BE34D3B,2026-09-15T18:07:45.828Z
2026,2,17033,Sam LaPorta,DET,TE,at BUF,recYds,Caesars,19.5,over,-900,,0.9000,0.9000,,1,0.8262,-0.0738,-0.0738,ev,none,live,202609189BE34D3B,2026-09-15T18:07:45.828Z
2026,2,17033,Sam LaPorta,DET,TE,at BUF,recYds,theScore,19.5,over,-900,,0.9000,0.9000,,1,0.8262,-0.0738,-0.0738,ev,none,live,202609189BE34D3B,2026-09-15T18:07:45.828Z
2026,2,17033,Sam LaPorta,DET,TE,at BUF,recYds,FanDuel,49.5,over,103,,0.4926,0.4926,,1,0.4187,-0.0739,-0.0739,ev,none,live,202609189BE34D3B,2026-09-15T18:07:45.828Z
2026,2,15332,Amon-Ra St. Brown,DET,WR,at BUF,anytimeTD,Caesars,0.5,over,106,,0.4854,0.4854,,1,0.4114,-0.0740,-0.0740,ev,none,live,202609189BE34D3B,2026-09-15T18:07:45.828Z
2026,2,12483,Josh Allen,BUF,QB,vs DET,passAtt,DraftKings,39.5,over,670,,0.1299,0.1299,,1,0.0557,-0.0742,-0.0742,ev,none,live,202609189BE34D3B,2026-09-15T18:07:45.828Z
2026,2,10729,Jared Goff,DET,QB,at BUF,passYds,Hard Rock,368.5,over,700,-2200,0.1250,0.1156,0.0815,0,0.0507,-0.0743,-0.0648,ev,multiplicative,live,202609189BE34D3B,2026-09-15T18:07:45.828Z
2026,2,16697,Dalton Kincaid,BUF,TE,vs DET,recYds,theScore,39.5,over,-240,,0.7059,0.7059,,1,0.6315,-0.0744,-0.0744,ev,none,live,202609189BE34D3B,2026-09-15T18:07:45.828Z
2026,2,14446,Justin Herbert,LAC,QB,vs LV,anytimeTD,BetMGM,0.5,over,333,,0.2309,0.2309,,1,0.1563,-0.0746,-0.0746,ev,none,live,2026092038FE57CE,2026-09-15T18:07:45.828Z
2026,2,15332,Amon-Ra St. Brown,DET,WR,at BUF,receptions,theScore,3.5,over,-1600,,0.9412,0.9412,,1,0.8666,-0.0746,-0.0746,ev,none,live,202609189BE34D3B,2026-09-15T18:07:45.828Z
2026,2,15849,Jameson Williams,DET,WR,at BUF,recYds,DraftKings,129.5,over,1160,,0.0794,0.0794,,1,0.0046,-0.0747,-0.0747,ev,none,live,202609189BE34D3B,2026-09-15T18:07:45.828Z
2026,2,12477,DJ Moore,BUF,WR,vs DET,recYds,FanDuel,49.5,over,-196,,0.6622,0.6622,,1,0.5875,-0.0747,-0.0747,ev,none,live,202609189BE34D3B,2026-09-15T18:07:45.828Z
2026,2,12483,Josh Allen,BUF,QB,vs DET,passTD,FanDuel,2.5,over,223,,0.3096,0.3096,,1,0.2349,-0.0747,-0.0747,ev,none,live,202609189BE34D3B,2026-09-15T18:07:45.828Z
2026,2,12477,DJ Moore,BUF,WR,vs DET,recYds,Hard Rock,45.5,over,-240,170,0.7059,0.6559,0.0763,0,0.6312,-0.0747,-0.0247,ev,multiplicative,live,202609189BE34D3B,2026-09-15T18:07:45.828Z
2026,2,12477,DJ Moore,BUF,WR,vs DET,recYds,DraftKings,59.5,over,-114,-110,0.5327,0.5042,0.0565,0,0.4580,-0.0748,-0.0463,ev,multiplicative,live,202609189BE34D3B,2026-09-15T18:07:45.828Z
2026,2,15892,Khalil Shakir,BUF,WR,vs DET,receptions,FanDuel,4.5,under,-136,102,0.5763,0.5379,0.0713,0,0.5015,-0.0748,-0.0364,ev,multiplicative,live,202609189BE34D3B,2026-09-15T18:07:45.828Z
2026,2,12483,Josh Allen,BUF,QB,vs DET,passAtt,DraftKings,27.5,over,-256,,0.7191,0.7191,,1,0.6443,-0.0748,-0.0748,ev,none,live,202609189BE34D3B,2026-09-15T18:07:45.828Z
2026,2,15332,Amon-Ra St. Brown,DET,WR,at BUF,recYds,DraftKings,79.5,over,-116,,0.5370,0.5370,,1,0.4623,-0.0748,-0.0748,ev,none,live,202609189BE34D3B,2026-09-15T18:07:45.828Z
2026,2,12477,DJ Moore,BUF,WR,vs DET,recYds,FanDuel,39.5,over,-332,,0.7685,0.7685,,1,0.6935,-0.0750,-0.0750,ev,none,live,202609189BE34D3B,2026-09-15T18:07:45.828Z
2026,2,15849,Jameson Williams,DET,WR,at BUF,recYds,Caesars,69.5,over,120,,0.4545,0.4545,,1,0.3796,-0.0750,-0.0750,ev,none,live,202609189BE34D3B,2026-09-15T18:07:45.828Z
2026,2,17724,Ladd McConkey,LAC,WR,vs LV,anytimeTD,BetMGM,0.5,over,165,,0.3774,0.3774,,1,0.3023,-0.0750,-0.0750,ev,none,live,2026092038FE57CE,2026-09-15T18:07:45.828Z
2026,2,12483,Josh Allen,BUF,QB,vs DET,passYds,Hard Rock,298.5,over,275,-450,0.2667,0.2458,0.0848,0,0.1917,-0.0750,-0.0541,ev,multiplicative,live,202609189BE34D3B,2026-09-15T18:07:45.828Z
2026,2,14463,Colby Parkinson,LAR,TE,vs NYG,anytimeTD,Caesars,0.5,over,290,,0.2564,0.2564,,1,0.1813,-0.0751,-0.0751,ev,none,live,202609222DD46A1C,2026-09-15T18:07:45.828Z
2026,2,14463,Colby Parkinson,LAR,TE,vs NYG,anytimeTD,FanDuel,0.5,over,290,,0.2564,0.2564,,1,0.1813,-0.0751,-0.0751,ev,none,live,202609222DD46A1C,2026-09-15T18:07:45.828Z
2026,2,10729,Jared Goff,DET,QB,at BUF,passYds,DraftKings,329.5,over,372,,0.2119,0.2119,,1,0.1365,-0.0754,-0.0754,ev,none,live,202609189BE34D3B,2026-09-15T18:07:45.828Z
2026,2,17732,Keon Coleman,BUF,WR,vs DET,anytimeTD,BetRivers,0.5,over,430,,0.1887,0.1887,,1,0.1131,-0.0756,-0.0756,ev,none,live,202609189BE34D3B,2026-09-15T18:07:45.828Z
2026,2,12477,DJ Moore,BUF,WR,vs DET,receptions,Hard Rock,3.5,over,-250,,0.7143,0.7143,,1,0.6387,-0.0756,-0.0756,ev,none,live,202609189BE34D3B,2026-09-15T18:07:45.828Z
2026,2,12477,DJ Moore,BUF,WR,vs DET,receptions,theScore,3.5,over,-250,,0.7143,0.7143,,1,0.6387,-0.0756,-0.0756,ev,none,live,202609189BE34D3B,2026-09-15T18:07:45.828Z
2026,2,15332,Amon-Ra St. Brown,DET,WR,at BUF,recYds,DraftKings,80.5,over,-111,-111,0.5261,0.5000,0.0521,0,0.4504,-0.0757,-0.0496,ev,multiplicative,live,202609189BE34D3B,2026-09-15T18:07:45.828Z
2026,2,16808,Jahmyr Gibbs,DET,RB,at BUF,recYds,FanDuel,79.5,over,1198,,0.0770,0.0770,,1,0.0012,-0.0758,-0.0758,ev,none,live,202609189BE34D3B,2026-09-15T18:07:45.828Z
2026,2,12483,Josh Allen,BUF,QB,vs DET,passAtt,DraftKings,37.5,over,442,,0.1845,0.1845,,1,0.1085,-0.0760,-0.0760,ev,none,live,202609189BE34D3B,2026-09-15T18:07:45.828Z
2026,2,13429,Deebo Samuel Sr.,SF,WR,vs MIA,anytimeTD,DraftKings,0.5,over,155,,0.3922,0.3922,,1,0.3161,-0.0760,-0.0760,ev,none,live,202609202FE0218E,2026-09-15T18:07:45.828Z
2026,2,13429,Deebo Samuel Sr.,SF,WR,vs MIA,anytimeTD,theScore,0.5,over,155,,0.3922,0.3922,,1,0.3161,-0.0760,-0.0760,ev,none,live,202609202FE0218E,2026-09-15T18:07:45.828Z
2026,2,12483,Josh Allen,BUF,QB,vs DET,int,Caesars,0.5,over,128,-170,0.4386,0.4106,0.0682,0,0.3624,-0.0762,-0.0482,ev,multiplicative,live,202609189BE34D3B,2026-09-15T18:07:45.828Z
2026,2,12483,Josh Allen,BUF,QB,vs DET,passAtt,theScore,19.5,over,-6000,,0.9836,0.9836,,1,0.9074,-0.0762,-0.0762,ev,none,live,202609189BE34D3B,2026-09-15T18:07:45.828Z
2026,2,15876,James Cook,BUF,RB,vs DET,anytimeTD,DraftKings,0.5,over,-165,,0.6226,0.6226,,1,0.5462,-0.0765,-0.0765,ev,none,live,202609189BE34D3B,2026-09-15T18:07:45.828Z
2026,2,12477,DJ Moore,BUF,WR,vs DET,recYds,BetRivers,39.5,over,-335,,0.7701,0.7701,,1,0.6935,-0.0766,-0.0766,ev,none,live,202609189BE34D3B,2026-09-15T18:07:45.828Z
2026,2,15876,James Cook,BUF,RB,vs DET,rushYds,FanDuel,124.5,over,487,,0.1704,0.1704,,1,0.0937,-0.0767,-0.0767,ev,none,live,202609189BE34D3B,2026-09-15T18:07:45.828Z
2026,2,15892,Khalil Shakir,BUF,WR,vs DET,recYds,DraftKings,44.5,under,-111,-112,0.5261,0.4989,0.0544,0,0.4492,-0.0768,-0.0497,ev,multiplicative,live,202609189BE34D3B,2026-09-15T18:07:45.828Z
2026,2,16808,Jahmyr Gibbs,DET,RB,at BUF,recYds,Hard Rock,69.5,over,1100,-4000,0.0833,0.0787,0.0589,0,0.0065,-0.0768,-0.0722,ev,multiplicative,live,202609189BE34D3B,2026-09-15T18:07:45.828Z
2026,2,15332,Amon-Ra St. Brown,DET,WR,at BUF,recYds,Caesars,79.5,over,-117,-113,0.5392,0.5040,0.0697,0,0.4623,-0.0769,-0.0418,ev,multiplicative,live,202609189BE34D3B,2026-09-15T18:07:45.828Z
2026,2,18642,Isaac TeSlaa,DET,WR,at BUF,recYds,Hard Rock,65.5,over,1200,-5000,0.0769,0.0728,0.0573,0,0.0000,-0.0769,-0.0727,ev,multiplicative,live,202609189BE34D3B,2026-09-15T18:07:45.828Z
2026,2,18642,Isaac TeSlaa,DET,WR,at BUF,recYds,Hard Rock,64.5,over,1200,-5000,0.0769,0.0728,0.0573,0,0.0000,-0.0769,-0.0727,ev,multiplicative,live,202609189BE34D3B,2026-09-15T18:07:45.828Z
2026,2,17026,Rasheen Ali,BAL,RB,vs NO,anytimeTD,BetMGM,0.5,over,1050,,0.0870,0.0870,,1,0.0100,-0.0770,-0.0770,ev,none,live,20260920941629C7,2026-09-15T18:07:45.828Z
2026,2,17020,Rome Odunze,CHI,WR,vs MIN,anytimeTD,theScore,0.5,over,185,,0.3509,0.3509,,1,0.2739,-0.0770,-0.0770,ev,none,live,20260920AEBD0307,2026-09-15T18:07:45.828Z
2026,2,15849,Jameson Williams,DET,WR,at BUF,recYds,Hard Rock,73.5,over,150,-210,0.4000,0.3713,0.0774,0,0.3229,-0.0771,-0.0484,ev,multiplicative,live,202609189BE34D3B,2026-09-15T18:07:45.828Z
2026,2,15876,James Cook,BUF,RB,vs DET,rushYds,Caesars,129.5,over,575,,0.1481,0.1481,,1,0.0709,-0.0772,-0.0772,ev,none,live,202609189BE34D3B,2026-09-15T18:07:45.828Z
2026,2,15849,Jameson Williams,DET,WR,at BUF,recYds,DraftKings,79.5,over,210,,0.3226,0.3226,,1,0.2454,-0.0772,-0.0772,ev,none,live,202609189BE34D3B,2026-09-15T18:07:45.828Z
2026,2,16808,Jahmyr Gibbs,DET,RB,at BUF,receptions,DraftKings,1.5,over,-2100,,0.9545,0.9545,,1,0.8774,-0.0772,-0.0772,ev,none,live,202609189BE34D3B,2026-09-15T18:07:45.828Z
2026,2,12483,Josh Allen,BUF,QB,vs DET,passYds,FanDuel,299.5,over,277,,0.2653,0.2653,,1,0.1880,-0.0773,-0.0773,ev,none,live,202609189BE34D3B,2026-09-15T18:07:45.828Z
2026,2,10729,Jared Goff,DET,QB,at BUF,passYds,FanDuel,349.5,over,517,,0.1621,0.1621,,1,0.0847,-0.0773,-0.0773,ev,none,live,202609189BE34D3B,2026-09-15T18:07:45.828Z
2026,2,18642,Isaac TeSlaa,DET,WR,at BUF,recYds,DraftKings,15.5,under,-109,-115,0.5215,0.4937,0.0564,0,0.4441,-0.0774,-0.0496,ev,multiplicative,live,202609189BE34D3B,2026-09-15T18:07:45.828Z
2026,2,17728,Devontez Walker,BAL,WR,vs NO,anytimeTD,BetMGM,0.5,over,425,,0.1905,0.1905,,1,0.1131,-0.0774,-0.0774,ev,none,live,20260920941629C7,2026-09-15T18:07:45.828Z
2026,2,12477,DJ Moore,BUF,WR,vs DET,recYds,Hard Rock,10.5,over,-7000,1500,0.9859,0.9404,0.0484,0,0.9086,-0.0774,-0.0318,ev,multiplicative,live,202609189BE34D3B,2026-09-15T18:07:45.828Z
2026,2,12477,DJ Moore,BUF,WR,vs DET,recYds,DraftKings,129.5,over,1180,,0.0781,0.0781,,1,0.0003,-0.0778,-0.0778,ev,none,live,202609189BE34D3B,2026-09-15T18:07:45.828Z
2026,2,17033,Sam LaPorta,DET,TE,at BUF,receptions,BetRivers,2.5,over,-670,,0.8701,0.8701,,1,0.7923,-0.0778,-0.0778,ev,none,live,202609189BE34D3B,2026-09-15T18:07:45.828Z
2026,2,17732,Keon Coleman,BUF,WR,vs DET,recYds,DraftKings,11.5,under,-108,-116,0.5192,0.4916,0.0563,0,0.4413,-0.0779,-0.0502,ev,multiplicative,live,202609189BE34D3B,2026-09-15T18:07:45.828Z
2026,2,15849,Jameson Williams,DET,WR,at BUF,receptions,BetRivers,2.5,over,-420,,0.8077,0.8077,,1,0.7297,-0.0780,-0.0780,ev,none,live,202609189BE34D3B,2026-09-15T18:07:45.828Z
2026,2,18642,Isaac TeSlaa,DET,WR,at BUF,receptions,theScore,0.5,over,-450,,0.8182,0.8182,,1,0.7402,-0.0780,-0.0780,ev,none,live,202609189BE34D3B,2026-09-15T18:07:45.828Z
2026,2,17792,Ray Davis,BUF,RB,vs DET,anytimeTD,BetMGM,0.5,over,400,,0.2000,0.2000,,1,0.1219,-0.0781,-0.0781,ev,none,live,202609189BE34D3B,2026-09-15T18:07:45.828Z
2026,2,15876,James Cook,BUF,RB,vs DET,rushAtt,DraftKings,27.5,over,1160,,0.0794,0.0794,,1,0.0013,-0.0781,-0.0781,ev,none,live,202609189BE34D3B,2026-09-15T18:07:45.828Z
2026,2,17792,Ray Davis,BUF,RB,vs DET,anytimeTD,theScore,0.5,over,400,,0.2000,0.2000,,1,0.1219,-0.0781,-0.0781,ev,none,live,202609189BE34D3B,2026-09-15T18:07:45.828Z
2026,2,18642,Isaac TeSlaa,DET,WR,at BUF,recYds,theScore,14.5,under,100,-130,0.5000,0.4694,0.0652,0,0.4219,-0.0781,-0.0475,ev,multiplicative,live,202609189BE34D3B,2026-09-15T18:07:45.828Z
2026,2,18487,Ashton Jeanty,LV,RB,at LAC,anytimeTD,theScore,0.5,over,-115,,0.5349,0.5349,,1,0.4566,-0.0782,-0.0782,ev,none,live,2026092038FE57CE,2026-09-15T18:07:45.828Z
2026,2,14455,Jonathan Taylor,IND,RB,at KC,anytimeTD,DraftKings,0.5,over,-190,,0.6552,0.6552,,1,0.5768,-0.0783,-0.0783,ev,none,live,202609217572D919,2026-09-15T18:07:45.828Z
2026,2,19319,Bryce Lance,NO,WR,at BAL,anytimeTD,Caesars,0.5,over,750,,0.1176,0.1176,,1,0.0392,-0.0784,-0.0784,ev,none,live,20260920941629C7,2026-09-15T18:07:45.828Z
2026,2,17688,Jordan Whittington,LAR,WR,vs NYG,anytimeTD,FanDuel,0.5,over,750,,0.1176,0.1176,,1,0.0392,-0.0784,-0.0784,ev,none,live,202609222DD46A1C,2026-09-15T18:07:45.828Z
2026,2,12483,Josh Allen,BUF,QB,vs DET,passYds,BetRivers,299.5,over,275,,0.2667,0.2667,,1,0.1880,-0.0787,-0.0787,ev,none,live,202609189BE34D3B,2026-09-15T18:07:45.828Z
2026,2,12477,DJ Moore,BUF,WR,vs DET,receptions,theScore,1.5,over,-2000,,0.9524,0.9524,,1,0.8737,-0.0787,-0.0787,ev,none,live,202609189BE34D3B,2026-09-15T18:07:45.828Z
2026,2,12483,Josh Allen,BUF,QB,vs DET,passYds,Hard Rock,299.5,over,275,-450,0.2667,0.2458,0.0848,0,0.1880,-0.0787,-0.0578,ev,multiplicative,live,202609189BE34D3B,2026-09-15T18:07:45.828Z
2026,2,12477,DJ Moore,BUF,WR,vs DET,recYds,Hard Rock,50.5,over,-190,135,0.6552,0.6062,0.0807,0,0.5763,-0.0788,-0.0299,ev,multiplicative,live,202609189BE34D3B,2026-09-15T18:07:45.828Z
2026,2,15849,Jameson Williams,DET,WR,at BUF,receptions,DraftKings,1.5,over,-1620,,0.9419,0.9419,,1,0.8629,-0.0789,-0.0789,ev,none,live,202609189BE34D3B,2026-09-15T18:07:45.828Z
2026,2,9455,Davante Adams,LAR,WR,vs NYG,anytimeTD,Caesars,0.5,over,109,,0.4785,0.4785,,1,0.3995,-0.0790,-0.0790,ev,none,live,202609222DD46A1C,2026-09-15T18:07:45.828Z
2026,2,15332,Amon-Ra St. Brown,DET,WR,at BUF,recYds,theScore,59.5,over,-325,,0.7647,0.7647,,1,0.6856,-0.0791,-0.0791,ev,none,live,202609189BE34D3B,2026-09-15T18:07:45.828Z
2026,2,12477,DJ Moore,BUF,WR,vs DET,recYds,Hard Rock,49.5,over,-200,145,0.6667,0.6203,0.0748,0,0.5875,-0.0792,-0.0328,ev,multiplicative,live,202609189BE34D3B,2026-09-15T18:07:45.828Z
2026,2,15876,James Cook,BUF,RB,vs DET,anytimeTD,BetRivers,0.5,over,-167,,0.6255,0.6255,,1,0.5462,-0.0793,-0.0793,ev,none,live,202609189BE34D3B,2026-09-15T18:07:45.828Z
2026,2,17037,Tyler Shough,NO,QB,at BAL,anytimeTD,BetMGM,0.5,over,340,,0.2273,0.2273,,1,0.1479,-0.0794,-0.0794,ev,none,live,20260920941629C7,2026-09-15T18:07:45.828Z
2026,2,19300,Mike Washington,LV,RB,at LAC,anytimeTD,BetMGM,0.5,over,340,,0.2273,0.2273,,1,0.1479,-0.0794,-0.0794,ev,none,live,2026092038FE57CE,2026-09-15T18:07:45.828Z
2026,2,16808,Jahmyr Gibbs,DET,RB,at BUF,rushYds,Hard Rock,49.5,under,500,-1000,0.1667,0.1549,0.0758,0,0.0870,-0.0796,-0.0679,ev,multiplicative,live,202609189BE34D3B,2026-09-15T18:07:45.828Z
2026,2,15849,Jameson Williams,DET,WR,at BUF,recYds,Hard Rock,33.5,under,250,-400,0.2857,0.2632,0.0857,0,0.2059,-0.0799,-0.0573,ev,multiplicative,live,202609189BE34D3B,2026-09-15T18:07:45.828Z
2026,2,12477,DJ Moore,BUF,WR,vs DET,recYds,Hard Rock,55.5,over,-150,110,0.6000,0.5575,0.0762,0,0.5200,-0.0800,-0.0375,ev,multiplicative,live,202609189BE34D3B,2026-09-15T18:07:45.828Z
2026,2,18574,Jaxson Dart,NYG,QB,at LAR,rushYds,Hard Rock,75.5,over,1100,-4000,0.0833,0.0787,0.0589,0,0.0032,-0.0801,-0.0755,ev,multiplicative,live,202609222DD46A1C,2026-09-15T18:07:45.828Z
2026,2,12483,Josh Allen,BUF,QB,vs DET,completions,BetRivers,20.5,over,-118,,0.5413,0.5413,,1,0.4611,-0.0802,-0.0802,ev,none,live,202609189BE34D3B,2026-09-15T18:07:45.828Z
2026,2,12483,Josh Allen,BUF,QB,vs DET,completions,DraftKings,20.5,over,-118,-108,0.5413,0.5104,0.0605,0,0.4611,-0.0802,-0.0493,ev,multiplicative,live,202609189BE34D3B,2026-09-15T18:07:45.828Z
2026,2,15876,James Cook,BUF,RB,vs DET,rushAtt,Hard Rock,26.5,over,1100,,0.0833,0.0833,,1,0.0030,-0.0804,-0.0804,ev,none,live,202609189BE34D3B,2026-09-15T18:07:45.828Z
2026,2,15849,Jameson Williams,DET,WR,at BUF,recYds,Hard Rock,53.5,under,105,-145,0.4878,0.4518,0.0796,0,0.4074,-0.0804,-0.0444,ev,multiplicative,live,202609189BE34D3B,2026-09-15T18:07:45.828Z
2026,2,15447,Joshua Palmer,BUF,WR,vs DET,recYds,DraftKings,59.5,over,1140,,0.0806,0.0806,,1,0.0000,-0.0806,-0.0806,ev,none,live,202609189BE34D3B,2026-09-15T18:07:45.828Z
2026,2,15332,Amon-Ra St. Brown,DET,WR,at BUF,recYds,FanDuel,89.5,over,134,,0.4274,0.4274,,1,0.3466,-0.0807,-0.0807,ev,none,live,202609189BE34D3B,2026-09-15T18:07:45.828Z
2026,2,15892,Khalil Shakir,BUF,WR,vs DET,anytimeTD,BetRivers,0.5,over,215,,0.3175,0.3175,,1,0.2366,-0.0808,-0.0808,ev,none,live,202609189BE34D3B,2026-09-15T18:07:45.828Z
2026,2,15892,Khalil Shakir,BUF,WR,vs DET,anytimeTD,DraftKings,0.5,over,215,,0.3175,0.3175,,1,0.2366,-0.0808,-0.0808,ev,none,live,202609189BE34D3B,2026-09-15T18:07:45.828Z
2026,2,11690,Christian McCaffrey,SF,RB,vs MIA,anytimeTD,theScore,0.5,over,-185,,0.6491,0.6491,,1,0.5683,-0.0808,-0.0808,ev,none,live,202609202FE0218E,2026-09-15T18:07:45.828Z
2026,2,12858,Ian Thomas,LV,TE,at LAC,anytimeTD,Caesars,0.5,over,1000,,0.0909,0.0909,,1,0.0100,-0.0810,-0.0810,ev,none,live,2026092038FE57CE,2026-09-15T18:07:45.828Z
2026,2,16808,Jahmyr Gibbs,DET,RB,at BUF,recYds,DraftKings,69.5,over,1040,,0.0877,0.0877,,1,0.0065,-0.0812,-0.0812,ev,none,live,202609189BE34D3B,2026-09-15T18:07:45.828Z
2026,2,10729,Jared Goff,DET,QB,at BUF,passYds,Hard Rock,358.5,over,575,-1400,0.1481,0.1370,0.0815,0,0.0670,-0.0812,-0.0700,ev,multiplicative,live,202609189BE34D3B,2026-09-15T18:07:45.828Z
2026,2,15892,Khalil Shakir,BUF,WR,vs DET,recYds,Caesars,44.5,under,-113,-117,0.5305,0.4960,0.0697,0,0.4492,-0.0813,-0.0467,ev,multiplicative,live,202609189BE34D3B,2026-09-15T18:07:45.828Z
2026,2,15849,Jameson Williams,DET,WR,at BUF,receptions,DraftKings,2.5,over,-429,,0.8110,0.8110,,1,0.7297,-0.0813,-0.0813,ev,none,live,202609189BE34D3B,2026-09-15T18:07:45.828Z
2026,2,17033,Sam LaPorta,DET,TE,at BUF,recYds,Hard Rock,49.5,over,100,-140,0.5000,0.4615,0.0833,0,0.4187,-0.0813,-0.0428,ev,multiplicative,live,202609189BE34D3B,2026-09-15T18:07:45.828Z
2026,2,17732,Keon Coleman,BUF,WR,vs DET,recYds,Hard Rock,56.5,under,-5000,1100,0.9804,0.9217,0.0637,0,0.8991,-0.0813,-0.0225,ev,multiplicative,live,202609189BE34D3B,2026-09-15T18:07:45.828Z
2026,2,12477,DJ Moore,BUF,WR,vs DET,recYds,Hard Rock,40.5,over,-325,220,0.7647,0.7099,0.0772,0,0.6835,-0.0813,-0.0264,ev,multiplicative,live,202609189BE34D3B,2026-09-15T18:07:45.828Z
2026,2,12477,DJ Moore,BUF,WR,vs DET,recYds,FanDuel,29.5,over,-652,,0.8670,0.8670,,1,0.7854,-0.0816,-0.0816,ev,none,live,202609189BE34D3B,2026-09-15T18:07:45.828Z
2026,2,12483,Josh Allen,BUF,QB,vs DET,passYds,Hard Rock,288.5,over,220,-325,0.3125,0.2901,0.0772,0,0.2308,-0.0817,-0.0593,ev,multiplicative,live,202609189BE34D3B,2026-09-15T18:07:45.828Z
2026,2,15849,Jameson Williams,DET,WR,at BUF,recYds,Hard Rock,49.5,under,125,-180,0.4444,0.4088,0.0873,0,0.3626,-0.0818,-0.0461,ev,multiplicative,live,202609189BE34D3B,2026-09-15T18:07:45.828Z
2026,2,15849,Jameson Williams,DET,WR,at BUF,recYds,DraftKings,56.5,under,-110,-114,0.5238,0.4958,0.0565,0,0.4419,-0.0819,-0.0539,ev,multiplicative,live,202609189BE34D3B,2026-09-15T18:07:45.828Z
2026,2,18574,Jaxson Dart,NYG,QB,at LAR,rushYds,FanDuel,30.5,over,-114,-114,0.5327,0.5000,0.0654,0,0.4508,-0.0819,-0.0492,ev,multiplicative,live,202609222DD46A1C,2026-09-15T18:07:45.828Z
2026,2,15892,Khalil Shakir,BUF,WR,vs DET,receptions,Hard Rock,4.5,under,-140,105,0.5833,0.5446,0.0711,0,0.5015,-0.0819,-0.0431,ev,multiplicative,live,202609189BE34D3B,2026-09-15T18:07:45.828Z
2026,2,10729,Jared Goff,DET,QB,at BUF,passAtt,DraftKings,47.5,over,1040,,0.0877,0.0877,,1,0.0057,-0.0820,-0.0820,ev,none,live,202609189BE34D3B,2026-09-15T18:07:45.828Z
2026,2,14418,J.K. Dobbins,DEN,RB,vs JAX,anytimeTD,DraftKings,0.5,over,165,,0.3774,0.3774,,1,0.2953,-0.0820,-0.0820,ev,none,live,20260920631848F6,2026-09-15T18:07:45.828Z
2026,2,14418,J.K. Dobbins,DEN,RB,vs JAX,anytimeTD,theScore,0.5,over,165,,0.3774,0.3774,,1,0.2953,-0.0820,-0.0820,ev,none,live,20260920631848F6,2026-09-15T18:07:45.828Z
2026,2,16808,Jahmyr Gibbs,DET,RB,at BUF,receptions,DraftKings,2.5,over,-490,,0.8305,0.8305,,1,0.7484,-0.0821,-0.0821,ev,none,live,202609189BE34D3B,2026-09-15T18:07:45.828Z
2026,2,12483,Josh Allen,BUF,QB,vs DET,int,Hard Rock,0.5,over,125,-165,0.4444,0.4165,0.0671,0,0.3624,-0.0821,-0.0541,ev,multiplicative,live,202609189BE34D3B,2026-09-15T18:07:45.828Z
2026,2,17792,Ray Davis,BUF,RB,vs DET,anytimeTD,DraftKings,0.5,over,390,,0.2041,0.2041,,1,0.1219,-0.0822,-0.0822,ev,none,live,202609189BE34D3B,2026-09-15T18:07:45.828Z
2026,2,16697,Dalton Kincaid,BUF,TE,vs DET,recYds,FanDuel,29.5,over,-424,,0.8092,0.8092,,1,0.7269,-0.0822,-0.0822,ev,none,live,202609189BE34D3B,2026-09-15T18:07:45.828Z
2026,2,17732,Keon Coleman,BUF,WR,vs DET,recYds,theScore,11.5,under,-110,-120,0.5238,0.4899,0.0693,0,0.4413,-0.0825,-0.0485,ev,multiplicative,live,202609189BE34D3B,2026-09-15T18:07:45.828Z
2026,2,15332,Amon-Ra St. Brown,DET,WR,at BUF,recYds,BetRivers,89.5,over,133,,0.4292,0.4292,,1,0.3466,-0.0826,-0.0826,ev,none,live,202609189BE34D3B,2026-09-15T18:07:45.828Z
2026,2,17784,Bucky Irving,TB,RB,vs CLE,anytimeTD,DraftKings,0.5,over,100,,0.5000,0.5000,,1,0.4173,-0.0827,-0.0827,ev,none,live,20260920ABAE4147,2026-09-15T18:07:45.828Z
2026,2,16790,Puka Nacua,LAR,WR,vs NYG,anytimeTD,DraftKings,0.5,over,110,,0.4762,0.4762,,1,0.3935,-0.0827,-0.0827,ev,none,live,202609222DD46A1C,2026-09-15T18:07:45.828Z
2026,2,16697,Dalton Kincaid,BUF,TE,vs DET,recYds,DraftKings,119.5,over,1080,,0.0847,0.0847,,1,0.0019,-0.0828,-0.0828,ev,none,live,202609189BE34D3B,2026-09-15T18:07:45.828Z
2026,2,15892,Khalil Shakir,BUF,WR,vs DET,recYds,Hard Rock,49.5,under,-150,105,0.6000,0.5516,0.0878,0,0.5171,-0.0829,-0.0344,ev,multiplicative,live,202609189BE34D3B,2026-09-15T18:07:45.828Z
2026,2,13466,Dawson Knox,BUF,TE,vs DET,recYds,Hard Rock,52.5,over,1100,-4000,0.0833,0.0787,0.0589,0,0.0004,-0.0829,-0.0783,ev,multiplicative,live,202609189BE34D3B,2026-09-15T18:07:45.828Z
2026,2,15876,James Cook,BUF,RB,vs DET,rushYds,Hard Rock,123.5,over,450,-850,0.1818,0.1689,0.0766,0,0.0988,-0.0830,-0.0701,ev,multiplicative,live,202609189BE34D3B,2026-09-15T18:07:45.828Z
2026,2,15876,James Cook,BUF,RB,vs DET,rushYds,Hard Rock,118.5,over,375,-650,0.2105,0.1954,0.0772,0,0.1276,-0.0830,-0.0679,ev,multiplicative,live,202609189BE34D3B,2026-09-15T18:07:45.828Z
2026,2,15849,Jameson Williams,DET,WR,at BUF,recYds,Hard Rock,48.5,under,130,-180,0.4348,0.4035,0.0776,0,0.3517,-0.0831,-0.0518,ev,multiplicative,live,202609189BE34D3B,2026-09-15T18:07:45.828Z
2026,2,16808,Jahmyr Gibbs,DET,RB,at BUF,receptions,FanDuel,2.5,over,-494,,0.8316,0.8316,,1,0.7484,-0.0832,-0.0832,ev,none,live,202609189BE34D3B,2026-09-15T18:07:45.828Z
2026,2,15332,Amon-Ra St. Brown,DET,WR,at BUF,recYds,Hard Rock,79.5,over,-120,-115,0.5455,0.5049,0.0803,0,0.4623,-0.0832,-0.0426,ev,multiplicative,live,202609189BE34D3B,2026-09-15T18:07:45.828Z
2026,2,15849,Jameson Williams,DET,WR,at BUF,recYds,Hard Rock,38.5,under,200,-300,0.3333,0.3077,0.0833,0,0.2501,-0.0832,-0.0576,ev,multiplicative,live,202609189BE34D3B,2026-09-15T18:07:45.828Z
2026,2,10729,Jared Goff,DET,QB,at BUF,passYds,DraftKings,319.5,over,296,,0.2525,0.2525,,1,0.1692,-0.0833,-0.0833,ev,none,live,202609189BE34D3B,2026-09-15T18:07:45.828Z
2026,2,15895,Chris Olave,NO,WR,at BAL,anytimeTD,BetMGM,0.5,over,180,,0.3571,0.3571,,1,0.2739,-0.0833,-0.0833,ev,none,live,20260920941629C7,2026-09-15T18:07:45.828Z
2026,2,17033,Sam LaPorta,DET,TE,at BUF,receptions,Hard Rock,1.5,over,-4000,,0.9756,0.9756,,1,0.8923,-0.0833,-0.0833,ev,none,live,202609189BE34D3B,2026-09-15T18:07:45.828Z
2026,2,12483,Josh Allen,BUF,QB,vs DET,rushYds,Hard Rock,75.5,over,1100,-5000,0.0833,0.0783,0.0637,0,0.0000,-0.0833,-0.0783,ev,multiplicative,live,202609189BE34D3B,2026-09-15T18:07:45.828Z
2026,2,15876,James Cook,BUF,RB,vs DET,rushYds,Caesars,99.5,over,171,,0.3690,0.3690,,1,0.2856,-0.0834,-0.0834,ev,none,live,202609189BE34D3B,2026-09-15T18:07:45.828Z
2026,2,12483,Josh Allen,BUF,QB,vs DET,passYds,Caesars,339.5,over,525,,0.1600,0.1600,,1,0.0766,-0.0834,-0.0834,ev,none,live,202609189BE34D3B,2026-09-15T18:07:45.828Z
2026,2,15876,James Cook,BUF,RB,vs DET,anytimeTD,Caesars,0.5,over,-170,,0.6296,0.6296,,1,0.5462,-0.0835,-0.0835,ev,none,live,202609189BE34D3B,2026-09-15T18:07:45.828Z
2026,2,15892,Khalil Shakir,BUF,WR,vs DET,recYds,FanDuel,44.5,under,-114,-114,0.5327,0.5000,0.0654,0,0.4492,-0.0835,-0.0508,ev,multiplicative,live,202609189BE34D3B,2026-09-15T18:07:45.828Z
2026,2,12586,Courtland Sutton,DEN,WR,vs JAX,anytimeTD,DraftKings,0.5,over,205,,0.3279,0.3279,,1,0.2442,-0.0837,-0.0837,ev,none,live,20260920631848F6,2026-09-15T18:07:45.828Z
2026,2,12483,Josh Allen,BUF,QB,vs DET,passYds,DraftKings,289.5,over,222,,0.3106,0.3106,,1,0.2267,-0.0838,-0.0838,ev,none,live,202609189BE34D3B,2026-09-15T18:07:45.828Z
2026,2,15807,Kyren Williams,LAR,RB,vs NYG,rushYds,Hard Rock,32.5,under,525,-1200,0.1600,0.1477,0.0831,0,0.0762,-0.0838,-0.0715,ev,multiplicative,live,202609222DD46A1C,2026-09-15T18:07:45.828Z
2026,2,12477,DJ Moore,BUF,WR,vs DET,receptions,DraftKings,2.5,over,-600,,0.8571,0.8571,,1,0.7732,-0.0839,-0.0839,ev,none,live,202609189BE34D3B,2026-09-15T18:07:45.828Z
2026,2,14509,Justin Jefferson,MIN,WR,at CHI,anytimeTD,DraftKings,0.5,over,115,,0.4651,0.4651,,1,0.3812,-0.0839,-0.0839,ev,none,live,20260920AEBD0307,2026-09-15T18:07:45.828Z
2026,2,18574,Jaxson Dart,NYG,QB,at LAR,rushYds,Hard Rock,30.5,over,-115,-115,0.5349,0.5000,0.0698,0,0.4508,-0.0841,-0.0492,ev,multiplicative,live,202609222DD46A1C,2026-09-15T18:07:45.828Z
2026,2,15332,Amon-Ra St. Brown,DET,WR,at BUF,recYds,FanDuel,149.5,over,917,,0.0983,0.0983,,1,0.0141,-0.0842,-0.0842,ev,none,live,202609189BE34D3B,2026-09-15T18:07:45.828Z
2026,2,16808,Jahmyr Gibbs,DET,RB,at BUF,receptions,Hard Rock,1.5,over,-2500,,0.9615,0.9615,,1,0.8774,-0.0842,-0.0842,ev,none,live,202609189BE34D3B,2026-09-15T18:07:45.828Z
2026,2,12477,DJ Moore,BUF,WR,vs DET,recYds,Hard Rock,39.5,over,-350,230,0.7778,0.7196,0.0808,0,0.6935,-0.0843,-0.0261,ev,multiplicative,live,202609189BE34D3B,2026-09-15T18:07:45.828Z
2026,2,12477,DJ Moore,BUF,WR,vs DET,recYds,theScore,39.5,over,-350,,0.7778,0.7778,,1,0.6935,-0.0843,-0.0843,ev,none,live,202609189BE34D3B,2026-09-15T18:07:45.828Z
2026,2,16808,Jahmyr Gibbs,DET,RB,at BUF,recYds,Caesars,69.5,over,1000,,0.0909,0.0909,,1,0.0065,-0.0844,-0.0844,ev,none,live,202609189BE34D3B,2026-09-15T18:07:45.828Z
2026,2,17033,Sam LaPorta,DET,TE,at BUF,recYds,DraftKings,99.5,over,1080,,0.0847,0.0847,,1,0.0003,-0.0844,-0.0844,ev,none,live,202609189BE34D3B,2026-09-15T18:07:45.828Z
2026,2,12483,Josh Allen,BUF,QB,vs DET,completions,theScore,20.5,over,-120,-110,0.5455,0.5101,0.0693,0,0.4611,-0.0844,-0.0491,ev,multiplicative,live,202609189BE34D3B,2026-09-15T18:07:45.828Z
2026,2,15332,Amon-Ra St. Brown,DET,WR,at BUF,recYds,Hard Rock,80.5,over,-115,-115,0.5349,0.5000,0.0698,0,0.4504,-0.0845,-0.0496,ev,multiplicative,live,202609189BE34D3B,2026-09-15T18:07:45.828Z
2026,2,12477,DJ Moore,BUF,WR,vs DET,recYds,FanDuel,24.5,over,-1002,,0.9093,0.9093,,1,0.8246,-0.0846,-0.0846,ev,none,live,202609189BE34D3B,2026-09-15T18:07:45.828Z
2026,2,12477,DJ Moore,BUF,WR,vs DET,recYds,BetRivers,29.5,over,-670,,0.8701,0.8701,,1,0.7854,-0.0847,-0.0847,ev,none,live,202609189BE34D3B,2026-09-15T18:07:45.828Z
2026,2,16697,Dalton Kincaid,BUF,TE,vs DET,recYds,Hard Rock,25.5,over,-550,325,0.8462,0.7824,0.0814,0,0.7613,-0.0848,-0.0211,ev,multiplicative,live,202609189BE34D3B,2026-09-15T18:07:45.828Z
2026,2,16808,Jahmyr Gibbs,DET,RB,at BUF,receptions,theScore,2.5,over,-500,,0.8333,0.8333,,1,0.7484,-0.0849,-0.0849,ev,none,live,202609189BE34D3B,2026-09-15T18:07:45.828Z
2026,2,15876,James Cook,BUF,RB,vs DET,rushYds,Hard Rock,128.5,over,525,-1100,0.1600,0.1486,0.0767,0,0.0751,-0.0849,-0.0735,ev,multiplicative,live,202609189BE34D3B,2026-09-15T18:07:45.828Z
2026,2,16808,Jahmyr Gibbs,DET,RB,at BUF,receptions,Hard Rock,2.5,over,-500,,0.8333,0.8333,,1,0.7484,-0.0849,-0.0849,ev,none,live,202609189BE34D3B,2026-09-15T18:07:45.828Z
2026,2,16697,Dalton Kincaid,BUF,TE,vs DET,receptions,theScore,1.5,over,-1800,,0.9474,0.9474,,1,0.8624,-0.0849,-0.0849,ev,none,live,202609189BE34D3B,2026-09-15T18:07:45.828Z
2026,2,18514,Cam Skattebo,NYG,RB,at LAR,rushYds,Hard Rock,34.5,under,200,-300,0.3333,0.3077,0.0833,0,0.2484,-0.0849,-0.0593,ev,multiplicative,live,202609222DD46A1C,2026-09-15T18:07:45.828Z
2026,2,16697,Dalton Kincaid,BUF,TE,vs DET,receptions,FanDuel,1.5,over,-1802,,0.9474,0.9474,,1,0.8624,-0.0850,-0.0850,ev,none,live,202609189BE34D3B,2026-09-15T18:07:45.828Z
2026,2,16790,Puka Nacua,LAR,WR,vs NYG,receptions,FanDuel,6.5,under,-102,-130,0.5050,0.4718,0.0702,0,0.4199,-0.0850,-0.0519,ev,multiplicative,live,202609222DD46A1C,2026-09-15T18:07:45.828Z
2026,2,15849,Jameson Williams,DET,WR,at BUF,receptions,Caesars,2.5,over,-440,,0.8148,0.8148,,1,0.7297,-0.0851,-0.0851,ev,none,live,202609189BE34D3B,2026-09-15T18:07:45.828Z
2026,2,12483,Josh Allen,BUF,QB,vs DET,passTD,Caesars,3.5,over,475,,0.1739,0.1739,,1,0.0888,-0.0852,-0.0852,ev,none,live,202609189BE34D3B,2026-09-15T18:07:45.828Z
2026,2,15849,Jameson Williams,DET,WR,at BUF,recYds,Hard Rock,39.5,under,190,-275,0.3448,0.3198,0.0782,0,0.2595,-0.0853,-0.0603,ev,multiplicative,live,202609189BE34D3B,2026-09-15T18:07:45.828Z
2026,2,16808,Jahmyr Gibbs,DET,RB,at BUF,rushAtt,DraftKings,27.5,over,710,,0.1235,0.1235,,1,0.0378,-0.0857,-0.0857,ev,none,live,202609189BE34D3B,2026-09-15T18:07:45.828Z
2026,2,15892,Khalil Shakir,BUF,WR,vs DET,recYds,Hard Rock,44.5,under,-115,-115,0.5349,0.5000,0.0698,0,0.4492,-0.0857,-0.0508,ev,multiplicative,live,202609189BE34D3B,2026-09-15T18:07:45.828Z
2026,2,15849,Jameson Williams,DET,WR,at BUF,recYds,Hard Rock,43.5,under,160,-230,0.3846,0.3556,0.0816,0,0.2989,-0.0857,-0.0567,ev,multiplicative,live,202609189BE34D3B,2026-09-15T18:07:45.828Z
2026,2,12477,DJ Moore,BUF,WR,vs DET,recYds,Hard Rock,35.5,over,-450,275,0.8182,0.7542,0.0848,0,0.7323,-0.0859,-0.0219,ev,multiplicative,live,202609189BE34D3B,2026-09-15T18:07:45.828Z
2026,2,15892,Khalil Shakir,BUF,WR,vs DET,anytimeTD,FanDuel,0.5,over,210,,0.3226,0.3226,,1,0.2366,-0.0860,-0.0860,ev,none,live,202609189BE34D3B,2026-09-15T18:07:45.828Z
2026,2,15892,Khalil Shakir,BUF,WR,vs DET,anytimeTD,Caesars,0.5,over,210,,0.3226,0.3226,,1,0.2366,-0.0860,-0.0860,ev,none,live,202609189BE34D3B,2026-09-15T18:07:45.828Z
2026,2,15892,Khalil Shakir,BUF,WR,vs DET,recYds,Hard Rock,99.5,under,-2200,700,0.9565,0.8844,0.0815,0,0.8705,-0.0860,-0.0139,ev,multiplicative,live,202609189BE34D3B,2026-09-15T18:07:45.828Z
2026,2,17792,Ray Davis,BUF,RB,vs DET,anytimeTD,BetRivers,0.5,over,380,,0.2083,0.2083,,1,0.1219,-0.0864,-0.0864,ev,none,live,202609189BE34D3B,2026-09-15T18:07:45.828Z
2026,2,10729,Jared Goff,DET,QB,at BUF,passTD,Hard Rock,2.5,over,260,,0.2778,0.2778,,1,0.1912,-0.0866,-0.0866,ev,none,live,202609189BE34D3B,2026-09-15T18:07:45.828Z
2026,2,12483,Josh Allen,BUF,QB,vs DET,rushYds,Hard Rock,15.5,under,325,-500,0.2353,0.2202,0.0686,0,0.1486,-0.0867,-0.0716,ev,multiplicative,live,202609189BE34D3B,2026-09-15T18:07:45.828Z
2026,2,17732,Keon Coleman,BUF,WR,vs DET,anytimeTD,DraftKings,0.5,over,400,,0.2000,0.2000,,1,0.1131,-0.0869,-0.0869,ev,none,live,202609189BE34D3B,2026-09-15T18:07:45.828Z
2026,2,17732,Keon Coleman,BUF,WR,vs DET,anytimeTD,theScore,0.5,over,400,,0.2000,0.2000,,1,0.1131,-0.0869,-0.0869,ev,none,live,202609189BE34D3B,2026-09-15T18:07:45.828Z
2026,2,10729,Jared Goff,DET,QB,at BUF,passYds,Hard Rock,348.5,over,475,-950,0.1739,0.1612,0.0787,0,0.0869,-0.0870,-0.0743,ev,multiplicative,live,202609189BE34D3B,2026-09-15T18:07:45.828Z
2026,2,12477,DJ Moore,BUF,WR,vs DET,recYds,BetRivers,59.5,over,-120,,0.5455,0.5455,,1,0.4580,-0.0875,-0.0875,ev,none,live,202609189BE34D3B,2026-09-15T18:07:45.828Z
2026,2,12477,DJ Moore,BUF,WR,vs DET,recYds,Hard Rock,25.5,over,-950,475,0.9048,0.8388,0.0787,0,0.8172,-0.0876,-0.0216,ev,multiplicative,live,202609189BE34D3B,2026-09-15T18:07:45.828Z
2026,2,16697,Dalton Kincaid,BUF,TE,vs DET,recYds,Hard Rock,24.5,over,-600,350,0.8571,0.7941,0.0794,0,0.7696,-0.0876,-0.0246,ev,multiplicative,live,202609189BE34D3B,2026-09-15T18:07:45.828Z
2026,2,15332,Amon-Ra St. Brown,DET,WR,at BUF,receptions,DraftKings,3.5,over,-2100,,0.9545,0.9545,,1,0.8666,-0.0880,-0.0880,ev,none,live,202609189BE34D3B,2026-09-15T18:07:45.828Z
2026,2,12807,Durham Smythe,BAL,TE,vs NO,anytimeTD,BetMGM,0.5,over,825,,0.1081,0.1081,,1,0.0198,-0.0883,-0.0883,ev,none,live,20260920941629C7,2026-09-15T18:07:45.828Z
2026,2,9455,Davante Adams,LAR,WR,vs NYG,anytimeTD,FanDuel,0.5,over,105,,0.4878,0.4878,,1,0.3995,-0.0883,-0.0883,ev,none,live,202609222DD46A1C,2026-09-15T18:07:45.828Z
2026,2,16697,Dalton Kincaid,BUF,TE,vs DET,recYds,FanDuel,24.5,over,-604,,0.8580,0.8580,,1,0.7696,-0.0884,-0.0884,ev,none,live,202609189BE34D3B,2026-09-15T18:07:45.828Z
2026,2,12477,DJ Moore,BUF,WR,vs DET,recYds,Caesars,19.5,over,-1800,,0.9474,0.9474,,1,0.8589,-0.0884,-0.0884,ev,none,live,202609189BE34D3B,2026-09-15T18:07:45.828Z
2026,2,15332,Amon-Ra St. Brown,DET,WR,at BUF,recYds,DraftKings,139.5,over,750,,0.1176,0.1176,,1,0.0292,-0.0885,-0.0885,ev,none,live,202609189BE34D3B,2026-09-15T18:07:45.828Z
2026,2,12477,DJ Moore,BUF,WR,vs DET,recYds,FanDuel,19.5,over,-1802,,0.9474,0.9474,,1,0.8589,-0.0885,-0.0885,ev,none,live,202609189BE34D3B,2026-09-15T18:07:45.828Z
2026,2,15849,Jameson Williams,DET,WR,at BUF,receptions,Hard Rock,2.5,over,-450,,0.8182,0.8182,,1,0.7297,-0.0885,-0.0885,ev,none,live,202609189BE34D3B,2026-09-15T18:07:45.828Z
2026,2,18642,Isaac TeSlaa,DET,WR,at BUF,recYds,FanDuel,15.5,under,-114,-114,0.5327,0.5000,0.0654,0,0.4441,-0.0886,-0.0559,ev,multiplicative,live,202609189BE34D3B,2026-09-15T18:07:45.828Z
2026,2,10729,Jared Goff,DET,QB,at BUF,passYds,Caesars,359.5,over,550,,0.1538,0.1538,,1,0.0652,-0.0887,-0.0887,ev,none,live,202609189BE34D3B,2026-09-15T18:07:45.828Z
2026,2,12586,Courtland Sutton,DEN,WR,vs JAX,anytimeTD,Caesars,0.5,over,200,,0.3333,0.3333,,1,0.2442,-0.0891,-0.0891,ev,none,live,20260920631848F6,2026-09-15T18:07:45.828Z
2026,2,12586,Courtland Sutton,DEN,WR,vs JAX,anytimeTD,theScore,0.5,over,200,,0.3333,0.3333,,1,0.2442,-0.0891,-0.0891,ev,none,live,20260920631848F6,2026-09-15T18:07:45.828Z
2026,2,18642,Isaac TeSlaa,DET,WR,at BUF,recYds,Hard Rock,10.5,under,135,-195,0.4255,0.3916,0.0865,0,0.3362,-0.0893,-0.0554,ev,multiplicative,live,202609189BE34D3B,2026-09-15T18:07:45.828Z
2026,2,15849,Jameson Williams,DET,WR,at BUF,receptions,Caesars,1.5,over,-2000,,0.9524,0.9524,,1,0.8629,-0.0894,-0.0894,ev,none,live,202609189BE34D3B,2026-09-15T18:07:45.828Z
2026,2,16808,Jahmyr Gibbs,DET,RB,at BUF,receptions,DraftKings,3.5,over,-194,,0.6599,0.6599,,1,0.5703,-0.0895,-0.0895,ev,none,live,202609189BE34D3B,2026-09-15T18:07:45.828Z
2026,2,12477,DJ Moore,BUF,WR,vs DET,recYds,Caesars,29.5,over,-700,,0.8750,0.8750,,1,0.7854,-0.0896,-0.0896,ev,none,live,202609189BE34D3B,2026-09-15T18:07:45.828Z
2026,2,12477,DJ Moore,BUF,WR,vs DET,recYds,Hard Rock,30.5,over,-650,350,0.8667,0.7959,0.0889,0,0.7770,-0.0896,-0.0189,ev,multiplicative,live,202609189BE34D3B,2026-09-15T18:07:45.828Z
2026,2,12477,DJ Moore,BUF,WR,vs DET,recYds,theScore,29.5,over,-700,,0.8750,0.8750,,1,0.7854,-0.0896,-0.0896,ev,none,live,202609189BE34D3B,2026-09-15T18:07:45.828Z
2026,2,15876,James Cook,BUF,RB,vs DET,rushYds,Hard Rock,38.5,under,575,-1400,0.1481,0.1370,0.0815,0,0.0585,-0.0897,-0.0785,ev,multiplicative,live,202609189BE34D3B,2026-09-15T18:07:45.828Z
2026,2,12483,Josh Allen,BUF,QB,vs DET,passTD,DraftKings,2.5,over,208,,0.3247,0.3247,,1,0.2349,-0.0898,-0.0898,ev,none,live,202609189BE34D3B,2026-09-15T18:07:45.828Z
2026,2,12483,Josh Allen,BUF,QB,vs DET,passYds,theScore,299.5,over,260,,0.2778,0.2778,,1,0.1880,-0.0898,-0.0898,ev,none,live,202609189BE34D3B,2026-09-15T18:07:45.828Z
2026,2,15895,Chris Olave,NO,WR,at BAL,anytimeTD,theScore,0.5,over,175,,0.3636,0.3636,,1,0.2739,-0.0898,-0.0898,ev,none,live,20260920941629C7,2026-09-15T18:07:45.828Z
2026,2,16697,Dalton Kincaid,BUF,TE,vs DET,receptions,Caesars,1.5,over,-2000,,0.9524,0.9524,,1,0.8624,-0.0899,-0.0899,ev,none,live,202609189BE34D3B,2026-09-15T18:07:45.828Z
2026,2,12483,Josh Allen,BUF,QB,vs DET,rushYds,Hard Rock,10.5,under,525,-1200,0.1600,0.1477,0.0831,0,0.0701,-0.0899,-0.0777,ev,multiplicative,live,202609189BE34D3B,2026-09-15T18:07:45.828Z
2026,2,13466,Dawson Knox,BUF,TE,vs DET,recYds,theScore,49.5,over,1000,,0.0909,0.0909,,1,0.0011,-0.0899,-0.0899,ev,none,live,202609189BE34D3B,2026-09-15T18:07:45.828Z
2026,2,12477,DJ Moore,BUF,WR,vs DET,recYds,theScore,49.5,over,-210,,0.6774,0.6774,,1,0.5875,-0.0900,-0.0900,ev,none,live,202609189BE34D3B,2026-09-15T18:07:45.828Z
2026,2,16032,Cade Otton,TB,TE,vs CLE,anytimeTD,BetMGM,0.5,over,280,,0.2632,0.2632,,1,0.1730,-0.0901,-0.0901,ev,none,live,20260920ABAE4147,2026-09-15T18:07:45.828Z
2026,2,15876,James Cook,BUF,RB,vs DET,anytimeTD,FanDuel,0.5,over,-175,,0.6364,0.6364,,1,0.5462,-0.0902,-0.0902,ev,none,live,202609189BE34D3B,2026-09-15T18:07:45.828Z
2026,2,15892,Khalil Shakir,BUF,WR,vs DET,receptions,Caesars,4.5,under,-145,112,0.5918,0.5565,0.0635,0,0.5015,-0.0904,-0.0550,ev,multiplicative,live,202609189BE34D3B,2026-09-15T18:07:45.828Z
2026,2,16697,Dalton Kincaid,BUF,TE,vs DET,recYds,Caesars,59.5,over,115,,0.4651,0.4651,,1,0.3746,-0.0905,-0.0905,ev,none,live,202609189BE34D3B,2026-09-15T18:07:45.828Z
2026,2,10729,Jared Goff,DET,QB,at BUF,passYds,BetRivers,299.5,over,195,,0.3390,0.3390,,1,0.2484,-0.0906,-0.0906,ev,none,live,202609189BE34D3B,2026-09-15T18:07:45.828Z
2026,2,12477,DJ Moore,BUF,WR,vs DET,receptions,DraftKings,1.5,over,-2700,,0.9643,0.9643,,1,0.8737,-0.0906,-0.0906,ev,none,live,202609189BE34D3B,2026-09-15T18:07:45.828Z
2026,2,16808,Jahmyr Gibbs,DET,RB,at BUF,receptions,Hard Rock,3.5,over,-195,,0.6610,0.6610,,1,0.5703,-0.0907,-0.0907,ev,none,live,202609189BE34D3B,2026-09-15T18:07:45.828Z
2026,2,18642,Isaac TeSlaa,DET,WR,at BUF,recYds,Hard Rock,15.5,under,-115,-115,0.5349,0.5000,0.0698,0,0.4441,-0.0908,-0.0559,ev,multiplicative,live,202609189BE34D3B,2026-09-15T18:07:45.828Z
2026,2,15447,Joshua Palmer,BUF,WR,vs DET,recYds,Hard Rock,58.5,over,1000,-4000,0.0909,0.0852,0.0665,0,0.0000,-0.0909,-0.0852,ev,multiplicative,live,202609189BE34D3B,2026-09-15T18:07:45.828Z
2026,2,15876,James Cook,BUF,RB,vs DET,rushYds,Hard Rock,39.5,under,550,-1200,0.1538,0.1429,0.0769,0,0.0629,-0.0909,-0.0799,ev,multiplicative,live,202609189BE34D3B,2026-09-15T18:07:45.828Z
2026,2,18497,Terrance Ferguson,LAR,TE,vs NYG,anytimeTD,FanDuel,0.5,over,390,,0.2041,0.2041,,1,0.1131,-0.0910,-0.0910,ev,none,live,202609222DD46A1C,2026-09-15T18:07:45.828Z
2026,2,15849,Jameson Williams,DET,WR,at BUF,receptions,Hard Rock,3.5,over,-180,,0.6429,0.6429,,1,0.5517,-0.0911,-0.0911,ev,none,live,202609189BE34D3B,2026-09-15T18:07:45.828Z
2026,2,16697,Dalton Kincaid,BUF,TE,vs DET,recYds,Caesars,29.5,over,-450,,0.8182,0.8182,,1,0.7269,-0.0913,-0.0913,ev,none,live,202609189BE34D3B,2026-09-15T18:07:45.828Z
2026,2,16697,Dalton Kincaid,BUF,TE,vs DET,recYds,theScore,29.5,over,-450,,0.8182,0.8182,,1,0.7269,-0.0913,-0.0913,ev,none,live,202609189BE34D3B,2026-09-15T18:07:45.828Z
2026,2,17732,Keon Coleman,BUF,WR,vs DET,recYds,FanDuel,11.5,under,-114,-114,0.5327,0.5000,0.0654,0,0.4413,-0.0914,-0.0587,ev,multiplicative,live,202609189BE34D3B,2026-09-15T18:07:45.828Z
2026,2,12483,Josh Allen,BUF,QB,vs DET,rushYds,theScore,29.5,over,-110,-120,0.5238,0.4899,0.0693,0,0.4323,-0.0915,-0.0576,ev,multiplicative,live,202609189BE34D3B,2026-09-15T18:07:45.828Z
2026,2,12477,DJ Moore,BUF,WR,vs DET,recYds,FanDuel,59.5,over,-122,,0.5495,0.5495,,1,0.4580,-0.0916,-0.0916,ev,none,live,202609189BE34D3B,2026-09-15T18:07:45.828Z
2026,2,12477,DJ Moore,BUF,WR,vs DET,recYds,Hard Rock,24.5,over,-1100,525,0.9167,0.8514,0.0767,0,0.8246,-0.0920,-0.0268,ev,multiplicative,live,202609189BE34D3B,2026-09-15T18:07:45.828Z
2026,2,12483,Josh Allen,BUF,QB,vs DET,passYds,Caesars,329.5,over,425,,0.1905,0.1905,,1,0.0981,-0.0924,-0.0924,ev,none,live,202609189BE34D3B,2026-09-15T18:07:45.828Z
2026,2,15892,Khalil Shakir,BUF,WR,vs DET,recYds,Hard Rock,19.5,under,375,-650,0.2105,0.1954,0.0772,0,0.1182,-0.0924,-0.0773,ev,multiplicative,live,202609189BE34D3B,2026-09-15T18:07:45.828Z
2026,2,12477,DJ Moore,BUF,WR,vs DET,recYds,Hard Rock,15.5,over,-4000,900,0.9756,0.9070,0.0756,0,0.8829,-0.0927,-0.0242,ev,multiplicative,live,202609189BE34D3B,2026-09-15T18:07:45.828Z
2026,2,15876,James Cook,BUF,RB,vs DET,rushYds,Caesars,109.5,over,250,,0.2857,0.2857,,1,0.1929,-0.0928,-0.0928,ev,none,live,202609189BE34D3B,2026-09-15T18:07:45.828Z
2026,2,16808,Jahmyr Gibbs,DET,RB,at BUF,receptions,Caesars,2.5,over,-530,,0.8413,0.8413,,1,0.7484,-0.0928,-0.0928,ev,none,live,202609189BE34D3B,2026-09-15T18:07:45.828Z
2026,2,15876,James Cook,BUF,RB,vs DET,rushAtt,theScore,14.5,over,-325,,0.7647,0.7647,,1,0.6719,-0.0928,-0.0928,ev,none,live,202609189BE34D3B,2026-09-15T18:07:45.828Z
2026,2,10729,Jared Goff,DET,QB,at BUF,passYds,DraftKings,309.5,over,234,,0.2994,0.2994,,1,0.2065,-0.0929,-0.0929,ev,none,live,202609189BE34D3B,2026-09-15T18:07:45.828Z
2026,2,16697,Dalton Kincaid,BUF,TE,vs DET,recYds,BetRivers,29.5,over,-455,,0.8198,0.8198,,1,0.7269,-0.0929,-0.0929,ev,none,live,202609189BE34D3B,2026-09-15T18:07:45.828Z
2026,2,16697,Dalton Kincaid,BUF,TE,vs DET,recYds,Caesars,109.5,over,900,,0.1000,0.1000,,1,0.0069,-0.0931,-0.0931,ev,none,live,202609189BE34D3B,2026-09-15T18:07:45.828Z
2026,2,13590,Tony Pollard,TEN,RB,vs PHI,anytimeTD,DraftKings,0.5,over,190,,0.3448,0.3448,,1,0.2517,-0.0931,-0.0931,ev,none,live,202609208AD46BE9,2026-09-15T18:07:45.828Z
2026,2,15876,James Cook,BUF,RB,vs DET,rushYds,Hard Rock,73.5,under,105,-145,0.4878,0.4518,0.0796,0,0.3947,-0.0931,-0.0572,ev,multiplicative,live,202609189BE34D3B,2026-09-15T18:07:45.828Z
2026,2,16808,Jahmyr Gibbs,DET,RB,at BUF,rushAtt,DraftKings,23.5,over,265,,0.2740,0.2740,,1,0.1808,-0.0932,-0.0932,ev,none,live,202609189BE34D3B,2026-09-15T18:07:45.828Z
2026,2,12477,DJ Moore,BUF,WR,vs DET,recYds,Caesars,60.5,over,-114,-114,0.5327,0.5000,0.0654,0,0.4393,-0.0934,-0.0607,ev,multiplicative,live,202609189BE34D3B,2026-09-15T18:07:45.828Z
2026,2,12477,DJ Moore,BUF,WR,vs DET,recYds,FanDuel,60.5,over,-114,-114,0.5327,0.5000,0.0654,0,0.4393,-0.0934,-0.0607,ev,multiplicative,live,202609189BE34D3B,2026-09-15T18:07:45.828Z
2026,2,12477,DJ Moore,BUF,WR,vs DET,recYds,theScore,19.5,over,-2000,,0.9524,0.9524,,1,0.8589,-0.0934,-0.0934,ev,none,live,202609189BE34D3B,2026-09-15T18:07:45.828Z
2026,2,16808,Jahmyr Gibbs,DET,RB,at BUF,receptions,BetRivers,1.5,over,-3335,,0.9709,0.9709,,1,0.8774,-0.0935,-0.0935,ev,none,live,202609189BE34D3B,2026-09-15T18:07:45.828Z
2026,2,12483,Josh Allen,BUF,QB,vs DET,passYds,FanDuel,274.5,over,159,,0.3861,0.3861,,1,0.2925,-0.0936,-0.0936,ev,none,live,202609189BE34D3B,2026-09-15T18:07:45.828Z
2026,2,15849,Jameson Williams,DET,WR,at BUF,receptions,Caesars,3.5,over,-182,,0.6454,0.6454,,1,0.5517,-0.0936,-0.0936,ev,none,live,202609189BE34D3B,2026-09-15T18:07:45.828Z
2026,2,17732,Keon Coleman,BUF,WR,vs DET,recYds,Hard Rock,11.5,under,-115,-115,0.5349,0.5000,0.0698,0,0.4413,-0.0936,-0.0587,ev,multiplicative,live,202609189BE34D3B,2026-09-15T18:07:45.828Z
2026,2,15849,Jameson Williams,DET,WR,at BUF,receptions,Hard Rock,1.5,over,-2200,,0.9565,0.9565,,1,0.8629,-0.0936,-0.0936,ev,none,live,202609189BE34D3B,2026-09-15T18:07:45.828Z
2026,2,15332,Amon-Ra St. Brown,DET,WR,at BUF,recYds,DraftKings,89.5,over,127,,0.4405,0.4405,,1,0.3466,-0.0939,-0.0939,ev,none,live,202609189BE34D3B,2026-09-15T18:07:45.828Z
2026,2,12477,DJ Moore,BUF,WR,vs DET,receptions,FanDuel,3.5,over,-274,,0.7326,0.7326,,1,0.6387,-0.0939,-0.0939,ev,none,live,202609189BE34D3B,2026-09-15T18:07:45.828Z
2026,2,16697,Dalton Kincaid,BUF,TE,vs DET,recYds,Hard Rock,20.5,over,-850,450,0.8947,0.8311,0.0766,0,0.8008,-0.0939,-0.0303,ev,multiplicative,live,202609189BE34D3B,2026-09-15T18:07:45.828Z
2026,2,16697,Dalton Kincaid,BUF,TE,vs DET,receptions,Hard Rock,1.5,over,-2200,,0.9565,0.9565,,1,0.8624,-0.0941,-0.0941,ev,none,live,202609189BE34D3B,2026-09-15T18:07:45.828Z
2026,2,12483,Josh Allen,BUF,QB,vs DET,anytimeTD,theScore,0.5,over,-120,,0.5455,0.5455,,1,0.4512,-0.0943,-0.0943,ev,none,live,202609189BE34D3B,2026-09-15T18:07:45.828Z
2026,2,12483,Josh Allen,BUF,QB,vs DET,completions,Hard Rock,20.5,over,-125,-105,0.5556,0.5203,0.0678,0,0.4611,-0.0945,-0.0592,ev,multiplicative,live,202609189BE34D3B,2026-09-15T18:07:45.828Z
2026,2,12477,DJ Moore,BUF,WR,vs DET,recYds,Hard Rock,20.5,over,-1800,650,0.9474,0.8766,0.0807,0,0.8525,-0.0949,-0.0242,ev,multiplicative,live,202609189BE34D3B,2026-09-15T18:07:45.828Z
2026,2,15892,Khalil Shakir,BUF,WR,vs DET,recYds,Hard Rock,94.5,under,-1600,600,0.9412,0.8682,0.0840,0,0.8462,-0.0950,-0.0220,ev,multiplicative,live,202609189BE34D3B,2026-09-15T18:07:45.828Z
2026,2,15332,Amon-Ra St. Brown,DET,WR,at BUF,recYds,BetRivers,99.5,over,195,,0.3390,0.3390,,1,0.2438,-0.0952,-0.0952,ev,none,live,202609189BE34D3B,2026-09-15T18:07:45.828Z
2026,2,17732,Keon Coleman,BUF,WR,vs DET,anytimeTD,Caesars,0.5,over,380,,0.2083,0.2083,,1,0.1131,-0.0953,-0.0953,ev,none,live,202609189BE34D3B,2026-09-15T18:07:45.828Z
2026,2,12483,Josh Allen,BUF,QB,vs DET,passYds,DraftKings,279.5,over,174,,0.3650,0.3650,,1,0.2696,-0.0953,-0.0953,ev,none,live,202609189BE34D3B,2026-09-15T18:07:45.828Z
2026,2,17732,Keon Coleman,BUF,WR,vs DET,anytimeTD,FanDuel,0.5,over,380,,0.2083,0.2083,,1,0.1131,-0.0953,-0.0953,ev,none,live,202609189BE34D3B,2026-09-15T18:07:45.828Z
2026,2,16697,Dalton Kincaid,BUF,TE,vs DET,recYds,Hard Rock,65.5,over,165,-240,0.3774,0.3484,0.0832,0,0.2820,-0.0953,-0.0663,ev,multiplicative,live,202609189BE34D3B,2026-09-15T18:07:45.828Z
2026,2,15849,Jameson Williams,DET,WR,at BUF,recYds,DraftKings,119.5,over,820,,0.1087,0.1087,,1,0.0133,-0.0954,-0.0954,ev,none,live,202609189BE34D3B,2026-09-15T18:07:45.828Z
2026,2,16697,Dalton Kincaid,BUF,TE,vs DET,recYds,Hard Rock,5.5,over,-9000,1750,0.9890,0.9482,0.0431,0,0.8936,-0.0954,-0.0545,ev,multiplicative,live,202609189BE34D3B,2026-09-15T18:07:45.828Z
2026,2,17792,Ray Davis,BUF,RB,vs DET,anytimeTD,Caesars,0.5,over,360,,0.2174,0.2174,,1,0.1219,-0.0955,-0.0955,ev,none,live,202609189BE34D3B,2026-09-15T18:07:45.828Z
2026,2,16697,Dalton Kincaid,BUF,TE,vs DET,recYds,Hard Rock,64.5,over,155,-225,0.3922,0.3616,0.0845,0,0.2967,-0.0955,-0.0649,ev,multiplicative,live,202609189BE34D3B,2026-09-15T18:07:45.828Z
2026,2,12477,DJ Moore,BUF,WR,vs DET,recYds,BetRivers,60.5,over,-115,-115,0.5349,0.5000,0.0698,0,0.4393,-0.0956,-0.0607,ev,multiplicative,live,202609189BE34D3B,2026-09-15T18:07:45.828Z
2026,2,12483,Josh Allen,BUF,QB,vs DET,passYds,Hard Rock,268.5,over,140,-190,0.4167,0.3887,0.0718,0,0.3211,-0.0956,-0.0677,ev,multiplicative,live,202609189BE34D3B,2026-09-15T18:07:45.828Z
2026,2,12477,DJ Moore,BUF,WR,vs DET,recYds,Hard Rock,60.5,over,-115,-115,0.5349,0.5000,0.0698,0,0.4393,-0.0956,-0.0607,ev,multiplicative,live,202609189BE34D3B,2026-09-15T18:07:45.828Z
2026,2,10729,Jared Goff,DET,QB,at BUF,passYds,Hard Rock,328.5,over,325,-525,0.2353,0.2188,0.0753,0,0.1396,-0.0957,-0.0793,ev,multiplicative,live,202609189BE34D3B,2026-09-15T18:07:45.828Z
2026,2,15876,James Cook,BUF,RB,vs DET,rushYds,Caesars,119.5,over,360,,0.2174,0.2174,,1,0.1214,-0.0960,-0.0960,ev,none,live,202609189BE34D3B,2026-09-15T18:07:45.828Z
2026,2,15332,Amon-Ra St. Brown,DET,WR,at BUF,recYds,Hard Rock,85.5,over,105,-145,0.4878,0.4518,0.0796,0,0.3918,-0.0960,-0.0600,ev,multiplicative,live,202609189BE34D3B,2026-09-15T18:07:45.828Z
2026,2,15892,Khalil Shakir,BUF,WR,vs DET,recYds,theScore,44.5,under,-120,-110,0.5455,0.5101,0.0693,0,0.4492,-0.0962,-0.0609,ev,multiplicative,live,202609189BE34D3B,2026-09-15T18:07:45.828Z
2026,2,12483,Josh Allen,BUF,QB,vs DET,int,BetRivers,0.5,over,118,-157,0.4587,0.4289,0.0696,0,0.3624,-0.0963,-0.0665,ev,multiplicative,live,202609189BE34D3B,2026-09-15T18:07:45.828Z
2026,2,16808,Jahmyr Gibbs,DET,RB,at BUF,receptions,Caesars,3.5,over,-200,,0.6667,0.6667,,1,0.5703,-0.0963,-0.0963,ev,none,live,202609189BE34D3B,2026-09-15T18:07:45.828Z
2026,2,16808,Jahmyr Gibbs,DET,RB,at BUF,receptions,BetRivers,3.5,over,-200,,0.6667,0.6667,,1,0.5703,-0.0963,-0.0963,ev,none,live,202609189BE34D3B,2026-09-15T18:07:45.828Z
2026,2,12483,Josh Allen,BUF,QB,vs DET,passYds,Hard Rock,278.5,over,170,-250,0.3704,0.3415,0.0847,0,0.2741,-0.0963,-0.0673,ev,multiplicative,live,202609189BE34D3B,2026-09-15T18:07:45.828Z
2026,2,13466,Dawson Knox,BUF,TE,vs DET,recYds,DraftKings,24.5,over,197,,0.3367,0.3367,,1,0.2402,-0.0965,-0.0965,ev,none,live,202609189BE34D3B,2026-09-15T18:07:45.828Z
2026,2,15892,Khalil Shakir,BUF,WR,vs DET,anytimeTD,BetMGM,0.5,over,200,,0.3333,0.3333,,1,0.2366,-0.0967,-0.0967,ev,none,live,202609189BE34D3B,2026-09-15T18:07:45.828Z
2026,2,13590,Tony Pollard,TEN,RB,vs PHI,anytimeTD,Caesars,0.5,over,187,,0.3484,0.3484,,1,0.2517,-0.0967,-0.0967,ev,none,live,202609208AD46BE9,2026-09-15T18:07:45.828Z
2026,2,15892,Khalil Shakir,BUF,WR,vs DET,anytimeTD,theScore,0.5,over,200,,0.3333,0.3333,,1,0.2366,-0.0967,-0.0967,ev,none,live,202609189BE34D3B,2026-09-15T18:07:45.828Z
2026,2,15222,Kenneth Gainwell,TB,RB,vs CLE,anytimeTD,BetMGM,0.5,over,155,,0.3922,0.3922,,1,0.2953,-0.0968,-0.0968,ev,none,live,20260920ABAE4147,2026-09-15T18:07:45.828Z
2026,2,12477,DJ Moore,BUF,WR,vs DET,receptions,BetRivers,2.5,over,-670,,0.8701,0.8701,,1,0.7732,-0.0969,-0.0969,ev,none,live,202609189BE34D3B,2026-09-15T18:07:45.828Z
2026,2,15332,Amon-Ra St. Brown,DET,WR,at BUF,recYds,Caesars,149.5,over,800,,0.1111,0.1111,,1,0.0141,-0.0970,-0.0970,ev,none,live,202609189BE34D3B,2026-09-15T18:07:45.828Z
2026,2,10729,Jared Goff,DET,QB,at BUF,passYds,Caesars,349.5,over,450,,0.1818,0.1818,,1,0.0847,-0.0971,-0.0971,ev,none,live,202609189BE34D3B,2026-09-15T18:07:45.828Z
2026,2,15849,Jameson Williams,DET,WR,at BUF,recYds,FanDuel,79.5,over,192,,0.3425,0.3425,,1,0.2454,-0.0971,-0.0971,ev,none,live,202609189BE34D3B,2026-09-15T18:07:45.828Z
2026,2,15849,Jameson Williams,DET,WR,at BUF,recYds,BetRivers,56.5,under,-117,-114,0.5392,0.5030,0.0719,0,0.4419,-0.0973,-0.0611,ev,multiplicative,live,202609189BE34D3B,2026-09-15T18:07:45.828Z
2026,2,17732,Keon Coleman,BUF,WR,vs DET,recYds,Hard Rock,51.5,under,-3000,850,0.9677,0.9019,0.0730,0,0.8704,-0.0974,-0.0315,ev,multiplicative,live,202609189BE34D3B,2026-09-15T18:07:45.828Z
2026,2,15849,Jameson Williams,DET,WR,at BUF,recYds,FanDuel,124.5,over,847,,0.1056,0.1056,,1,0.0080,-0.0976,-0.0976,ev,none,live,202609189BE34D3B,2026-09-15T18:07:45.828Z
2026,2,15892,Khalil Shakir,BUF,WR,vs DET,recYds,Hard Rock,89.5,under,-1100,500,0.9167,0.8462,0.0833,0,0.8190,-0.0976,-0.0271,ev,multiplicative,live,202609189BE34D3B,2026-09-15T18:07:45.828Z
2026,2,12477,DJ Moore,BUF,WR,vs DET,recYds,theScore,59.5,over,-125,100,0.5556,0.5263,0.0556,0,0.4580,-0.0976,-0.0684,ev,multiplicative,live,202609189BE34D3B,2026-09-15T18:07:45.828Z
2026,2,12483,Josh Allen,BUF,QB,vs DET,passAtt,DraftKings,25.5,over,-476,,0.8264,0.8264,,1,0.7287,-0.0977,-0.0977,ev,none,live,202609189BE34D3B,2026-09-15T18:07:45.828Z
2026,2,10729,Jared Goff,DET,QB,at BUF,passYds,Hard Rock,324.5,over,300,-475,0.2500,0.2323,0.0761,0,0.1523,-0.0977,-0.0800,ev,multiplicative,live,202609189BE34D3B,2026-09-15T18:07:45.828Z
2026,2,12477,DJ Moore,BUF,WR,vs DET,receptions,Caesars,2.5,over,-675,,0.8710,0.8710,,1,0.7732,-0.0978,-0.0978,ev,none,live,202609189BE34D3B,2026-09-15T18:07:45.828Z
2026,2,17033,Sam LaPorta,DET,TE,at BUF,receptions,BetRivers,1.5,over,-10000,,0.9901,0.9901,,1,0.8923,-0.0978,-0.0978,ev,none,live,202609189BE34D3B,2026-09-15T18:07:45.828Z
2026,2,16808,Jahmyr Gibbs,DET,RB,at BUF,rushAtt,DraftKings,25.5,over,434,,0.1873,0.1873,,1,0.0894,-0.0979,-0.0979,ev,none,live,202609189BE34D3B,2026-09-15T18:07:45.828Z
2026,2,12483,Josh Allen,BUF,QB,vs DET,rushAtt,DraftKings,11.5,over,920,,0.0980,0.0980,,1,0.0000,-0.0980,-0.0980,ev,none,live,202609189BE34D3B,2026-09-15T18:07:45.828Z
2026,2,15876,James Cook,BUF,RB,vs DET,rushAtt,BetRivers,14.5,over,-335,,0.7701,0.7701,,1,0.6719,-0.0982,-0.0982,ev,none,live,202609189BE34D3B,2026-09-15T18:07:45.828Z
2026,2,17033,Sam LaPorta,DET,TE,at BUF,recYds,Caesars,49.5,over,-107,,0.5169,0.5169,,1,0.4187,-0.0982,-0.0982,ev,none,live,202609189BE34D3B,2026-09-15T18:07:45.828Z
2026,2,15447,Joshua Palmer,BUF,WR,vs DET,recYds,FanDuel,59.5,over,917,,0.0983,0.0983,,1,0.0000,-0.0983,-0.0983,ev,none,live,202609189BE34D3B,2026-09-15T18:07:45.828Z
2026,2,15876,James Cook,BUF,RB,vs DET,rushYds,Hard Rock,43.5,under,450,-850,0.1818,0.1689,0.0766,0,0.0835,-0.0983,-0.0854,ev,multiplicative,live,202609189BE34D3B,2026-09-15T18:07:45.828Z
2026,2,15332,Amon-Ra St. Brown,DET,WR,at BUF,anytimeTD,BetRivers,0.5,over,-104,,0.5098,0.5098,,1,0.4114,-0.0984,-0.0984,ev,none,live,202609189BE34D3B,2026-09-15T18:07:45.828Z
2026,2,11690,Christian McCaffrey,SF,RB,vs MIA,anytimeTD,DraftKings,0.5,over,-200,,0.6667,0.6667,,1,0.5683,-0.0984,-0.0984,ev,none,live,202609202FE0218E,2026-09-15T18:07:45.828Z
2026,2,11690,Christian McCaffrey,SF,RB,vs MIA,anytimeTD,Caesars,0.5,over,-200,,0.6667,0.6667,,1,0.5683,-0.0984,-0.0984,ev,none,live,202609202FE0218E,2026-09-15T18:07:45.828Z
2026,2,16697,Dalton Kincaid,BUF,TE,vs DET,recYds,FanDuel,109.5,over,849,,0.1054,0.1054,,1,0.0069,-0.0985,-0.0985,ev,none,live,202609189BE34D3B,2026-09-15T18:07:45.828Z
2026,2,12483,Josh Allen,BUF,QB,vs DET,passTD,Hard Rock,2.5,over,200,,0.3333,0.3333,,1,0.2349,-0.0985,-0.0985,ev,none,live,202609189BE34D3B,2026-09-15T18:07:45.828Z
2026,2,15849,Jameson Williams,DET,WR,at BUF,receptions,BetRivers,1.5,over,-2500,,0.9615,0.9615,,1,0.8629,-0.0986,-0.0986,ev,none,live,202609189BE34D3B,2026-09-15T18:07:45.828Z
2026,2,18642,Isaac TeSlaa,DET,WR,at BUF,recYds,Hard Rock,5.5,under,195,-275,0.3390,0.3161,0.0723,0,0.2404,-0.0986,-0.0757,ev,multiplicative,live,202609189BE34D3B,2026-09-15T18:07:45.828Z
2026,2,15447,Joshua Palmer,BUF,WR,vs DET,receptions,DraftKings,2.5,over,486,,0.1706,0.1706,,1,0.0720,-0.0987,-0.0987,ev,none,live,202609189BE34D3B,2026-09-15T18:07:45.828Z
2026,2,15332,Amon-Ra St. Brown,DET,WR,at BUF,recYds,FanDuel,99.5,over,192,,0.3425,0.3425,,1,0.2438,-0.0987,-0.0987,ev,none,live,202609189BE34D3B,2026-09-15T18:07:45.828Z
2026,2,16697,Dalton Kincaid,BUF,TE,vs DET,anytimeTD,BetMGM,0.5,over,145,,0.4082,0.4082,,1,0.3093,-0.0989,-0.0989,ev,none,live,202609189BE34D3B,2026-09-15T18:07:45.828Z
2026,2,13466,Dawson Knox,BUF,TE,vs DET,recYds,Hard Rock,49.5,over,900,-3000,0.1000,0.0937,0.0677,0,0.0011,-0.0989,-0.0926,ev,multiplicative,live,202609189BE34D3B,2026-09-15T18:07:45.828Z
2026,2,16697,Dalton Kincaid,BUF,TE,vs DET,receptions,BetRivers,1.5,over,-2500,,0.9615,0.9615,,1,0.8624,-0.0991,-0.0991,ev,none,live,202609189BE34D3B,2026-09-15T18:07:45.828Z
2026,2,13590,Tony Pollard,TEN,RB,vs PHI,anytimeTD,theScore,0.5,over,185,,0.3509,0.3509,,1,0.2517,-0.0991,-0.0991,ev,none,live,202609208AD46BE9,2026-09-15T18:07:45.828Z
2026,2,16808,Jahmyr Gibbs,DET,RB,at BUF,recYds,Caesars,19.5,over,-235,,0.7015,0.7015,,1,0.6022,-0.0992,-0.0992,ev,none,live,202609189BE34D3B,2026-09-15T18:07:45.828Z
2026,2,15332,Amon-Ra St. Brown,DET,WR,at BUF,recYds,Hard Rock,90.5,over,130,-180,0.4348,0.4035,0.0776,0,0.3356,-0.0992,-0.0678,ev,multiplicative,live,202609189BE34D3B,2026-09-15T18:07:45.828Z
2026,2,15447,Joshua Palmer,BUF,WR,vs DET,recYds,Caesars,49.5,over,900,,0.1000,0.1000,,1,0.0006,-0.0994,-0.0994,ev,none,live,202609189BE34D3B,2026-09-15T18:07:45.828Z
2026,2,15849,Jameson Williams,DET,WR,at BUF,recYds,Hard Rock,78.5,over,180,-260,0.3571,0.3309,0.0794,0,0.2576,-0.0995,-0.0733,ev,multiplicative,live,202609189BE34D3B,2026-09-15T18:07:45.828Z
2026,2,10729,Jared Goff,DET,QB,at BUF,passYds,Hard Rock,338.5,over,375,-700,0.2105,0.1939,0.0855,0,0.1110,-0.0995,-0.0829,ev,multiplicative,live,202609189BE34D3B,2026-09-15T18:07:45.828Z
2026,2,15332,Amon-Ra St. Brown,DET,WR,at BUF,recYds,theScore,69.5,over,-210,,0.6774,0.6774,,1,0.5778,-0.0996,-0.0996,ev,none,live,202609189BE34D3B,2026-09-15T18:07:45.828Z
2026,2,17784,Bucky Irving,TB,RB,vs CLE,anytimeTD,Caesars,0.5,over,-107,,0.5169,0.5169,,1,0.4173,-0.0997,-0.0997,ev,none,live,20260920ABAE4147,2026-09-15T18:07:45.828Z
2026,2,12483,Josh Allen,BUF,QB,vs DET,passYds,Hard Rock,274.5,over,155,-225,0.3922,0.3616,0.0845,0,0.2925,-0.0997,-0.0691,ev,multiplicative,live,202609189BE34D3B,2026-09-15T18:07:45.828Z
2026,2,12483,Josh Allen,BUF,QB,vs DET,passYds,theScore,274.5,over,155,,0.3922,0.3922,,1,0.2925,-0.0997,-0.0997,ev,none,live,202609189BE34D3B,2026-09-15T18:07:45.828Z
2026,2,18642,Isaac TeSlaa,DET,WR,at BUF,recYds,DraftKings,24.5,over,161,,0.3831,0.3831,,1,0.2832,-0.0999,-0.0999,ev,none,live,202609189BE34D3B,2026-09-15T18:07:45.828Z
2026,2,18642,Isaac TeSlaa,DET,WR,at BUF,recYds,Hard Rock,60.5,over,900,-4000,0.1000,0.0930,0.0756,0,0.0001,-0.0999,-0.0929,ev,multiplicative,live,202609189BE34D3B,2026-09-15T18:07:45.828Z
2026,2,17732,Keon Coleman,BUF,WR,vs DET,recYds,Caesars,11.5,under,-118,-110,0.5413,0.5082,0.0651,0,0.4413,-0.1000,-0.0669,ev,multiplicative,live,202609189BE34D3B,2026-09-15T18:07:45.828Z
2026,2,10729,Jared Goff,DET,QB,at BUF,passYds,DraftKings,299.5,over,187,,0.3484,0.3484,,1,0.2484,-0.1001,-0.1001,ev,none,live,202609189BE34D3B,2026-09-15T18:07:45.828Z
2026,2,16808,Jahmyr Gibbs,DET,RB,at BUF,receptions,BetRivers,2.5,over,-560,,0.8485,0.8485,,1,0.7484,-0.1001,-0.1001,ev,none,live,202609189BE34D3B,2026-09-15T18:07:45.828Z
2026,2,18514,Cam Skattebo,NYG,RB,at LAR,rushYds,Hard Rock,39.5,under,150,-210,0.4000,0.3713,0.0774,0,0.2999,-0.1001,-0.0714,ev,multiplicative,live,202609222DD46A1C,2026-09-15T18:07:45.828Z
2026,2,12483,Josh Allen,BUF,QB,vs DET,rushYds,FanDuel,29.5,over,-114,-114,0.5327,0.5000,0.0654,0,0.4323,-0.1004,-0.0677,ev,multiplicative,live,202609189BE34D3B,2026-09-15T18:07:45.828Z
2026,2,16808,Jahmyr Gibbs,DET,RB,at BUF,receptions,FanDuel,3.5,over,-204,,0.6711,0.6711,,1,0.5703,-0.1007,-0.1007,ev,none,live,202609189BE34D3B,2026-09-15T18:07:45.828Z
2026,2,15892,Khalil Shakir,BUF,WR,vs DET,recYds,Hard Rock,79.5,under,-600,350,0.8571,0.7941,0.0794,0,0.7563,-0.1008,-0.0378,ev,multiplicative,live,202609189BE34D3B,2026-09-15T18:07:45.828Z
2026,2,15892,Khalil Shakir,BUF,WR,vs DET,recYds,Hard Rock,54.5,under,-195,135,0.6610,0.6084,0.0865,0,0.5602,-0.1008,-0.0481,ev,multiplicative,live,202609189BE34D3B,2026-09-15T18:07:45.828Z
2026,2,16697,Dalton Kincaid,BUF,TE,vs DET,recYds,Caesars,19.5,over,-1000,,0.9091,0.9091,,1,0.8082,-0.1009,-0.1009,ev,none,live,202609189BE34D3B,2026-09-15T18:07:45.828Z
2026,2,16697,Dalton Kincaid,BUF,TE,vs DET,recYds,FanDuel,19.5,over,-1004,,0.9094,0.9094,,1,0.8082,-0.1012,-0.1012,ev,none,live,202609189BE34D3B,2026-09-15T18:07:45.828Z
2026,2,15332,Amon-Ra St. Brown,DET,WR,at BUF,receptions,Hard Rock,3.5,over,-3000,,0.9677,0.9677,,1,0.8666,-0.1012,-0.1012,ev,none,live,202609189BE34D3B,2026-09-15T18:07:45.828Z
2026,2,18642,Isaac TeSlaa,DET,WR,at BUF,recYds,BetRivers,15.5,under,-120,-112,0.5455,0.5080,0.0738,0,0.4441,-0.1013,-0.0639,ev,multiplicative,live,202609189BE34D3B,2026-09-15T18:07:45.828Z
2026,2,18642,Isaac TeSlaa,DET,WR,at BUF,recYds,FanDuel,24.5,over,160,,0.3846,0.3846,,1,0.2832,-0.1014,-0.1014,ev,none,live,202609189BE34D3B,2026-09-15T18:07:45.828Z
2026,2,12477,DJ Moore,BUF,WR,vs DET,recYds,Caesars,59.5,over,-127,,0.5595,0.5595,,1,0.4580,-0.1015,-0.1015,ev,none,live,202609189BE34D3B,2026-09-15T18:07:45.828Z
2026,2,15447,Joshua Palmer,BUF,WR,vs DET,recYds,Caesars,9.5,over,-159,,0.6139,0.6139,,1,0.5121,-0.1018,-0.1018,ev,none,live,202609189BE34D3B,2026-09-15T18:07:45.828Z
2026,2,17033,Sam LaPorta,DET,TE,at BUF,recYds,FanDuel,99.5,over,879,,0.1021,0.1021,,1,0.0003,-0.1018,-0.1018,ev,none,live,202609189BE34D3B,2026-09-15T18:07:45.828Z
2026,2,12477,DJ Moore,BUF,WR,vs DET,receptions,theScore,2.5,over,-700,,0.8750,0.8750,,1,0.7732,-0.1018,-0.1018,ev,none,live,202609189BE34D3B,2026-09-15T18:07:45.828Z
2026,2,12477,DJ Moore,BUF,WR,vs DET,receptions,Hard Rock,2.5,over,-700,,0.8750,0.8750,,1,0.7732,-0.1018,-0.1018,ev,none,live,202609189BE34D3B,2026-09-15T18:07:45.828Z
2026,2,18642,Isaac TeSlaa,DET,WR,at BUF,recYds,DraftKings,59.5,over,880,,0.1020,0.1020,,1,0.0001,-0.1019,-0.1019,ev,none,live,202609189BE34D3B,2026-09-15T18:07:45.828Z
2026,2,12477,DJ Moore,BUF,WR,vs DET,receptions,Hard Rock,1.5,over,-4000,,0.9756,0.9756,,1,0.8737,-0.1019,-0.1019,ev,none,live,202609189BE34D3B,2026-09-15T18:07:45.828Z
2026,2,12483,Josh Allen,BUF,QB,vs DET,rushYds,FanDuel,69.5,over,878,,0.1022,0.1022,,1,0.0001,-0.1021,-0.1021,ev,none,live,202609189BE34D3B,2026-09-15T18:07:45.828Z
2026,2,15895,Chris Olave,NO,WR,at BAL,anytimeTD,Caesars,0.5,over,166,,0.3759,0.3759,,1,0.2739,-0.1021,-0.1021,ev,none,live,20260920941629C7,2026-09-15T18:07:45.828Z
2026,2,12483,Josh Allen,BUF,QB,vs DET,completions,Caesars,20.5,over,-129,-103,0.5633,0.5261,0.0707,0,0.4611,-0.1023,-0.0651,ev,multiplicative,live,202609189BE34D3B,2026-09-15T18:07:45.828Z
2026,2,12477,DJ Moore,BUF,WR,vs DET,receptions,FanDuel,2.5,over,-704,,0.8756,0.8756,,1,0.7732,-0.1024,-0.1024,ev,none,live,202609189BE34D3B,2026-09-15T18:07:45.828Z
2026,2,15332,Amon-Ra St. Brown,DET,WR,at BUF,receptions,Caesars,7.5,over,-105,-124,0.5122,0.4806,0.0658,0,0.4094,-0.1028,-0.0712,ev,multiplicative,live,202609189BE34D3B,2026-09-15T18:07:45.828Z
2026,2,15332,Amon-Ra St. Brown,DET,WR,at BUF,receptions,theScore,7.5,over,-105,-125,0.5122,0.4797,0.0678,0,0.4094,-0.1028,-0.0703,ev,multiplicative,live,202609189BE34D3B,2026-09-15T18:07:45.828Z
2026,2,12483,Josh Allen,BUF,QB,vs DET,passAtt,DraftKings,21.5,over,-2700,,0.9643,0.9643,,1,0.8613,-0.1029,-0.1029,ev,none,live,202609189BE34D3B,2026-09-15T18:07:45.828Z
2026,2,16697,Dalton Kincaid,BUF,TE,vs DET,recYds,theScore,9.5,over,-4000,,0.9756,0.9756,,1,0.8727,-0.1029,-0.1029,ev,none,live,202609189BE34D3B,2026-09-15T18:07:45.828Z
2026,2,12483,Josh Allen,BUF,QB,vs DET,rushYds,DraftKings,69.5,over,870,,0.1031,0.1031,,1,0.0001,-0.1030,-0.1030,ev,none,live,202609189BE34D3B,2026-09-15T18:07:45.828Z
2026,2,15332,Amon-Ra St. Brown,DET,WR,at BUF,recYds,theScore,79.5,over,-130,,0.5652,0.5652,,1,0.4623,-0.1030,-0.1030,ev,none,live,202609189BE34D3B,2026-09-15T18:07:45.828Z
2026,2,15849,Jameson Williams,DET,WR,at BUF,receptions,theScore,3.5,over,-190,,0.6552,0.6552,,1,0.5517,-0.1034,-0.1034,ev,none,live,202609189BE34D3B,2026-09-15T18:07:45.828Z
2026,2,12483,Josh Allen,BUF,QB,vs DET,passYds,Caesars,319.5,over,340,,0.2273,0.2273,,1,0.1237,-0.1036,-0.1036,ev,none,live,202609189BE34D3B,2026-09-15T18:07:45.828Z
2026,2,12477,DJ Moore,BUF,WR,vs DET,recYds,DraftKings,119.5,over,850,,0.1053,0.1053,,1,0.0017,-0.1036,-0.1036,ev,none,live,202609189BE34D3B,2026-09-15T18:07:45.828Z
2026,2,15849,Jameson Williams,DET,WR,at BUF,receptions,theScore,2.5,over,-500,,0.8333,0.8333,,1,0.7297,-0.1036,-0.1036,ev,none,live,202609189BE34D3B,2026-09-15T18:07:45.828Z
2026,2,18574,Jaxson Dart,NYG,QB,at LAR,rushYds,Hard Rock,70.5,over,800,-3000,0.1111,0.1030,0.0789,0,0.0074,-0.1037,-0.0956,ev,multiplicative,live,202609222DD46A1C,2026-09-15T18:07:45.828Z
2026,2,5971,Matthew Stafford,LAR,QB,vs NYG,passTD,Hard Rock,2.5,over,180,,0.3571,0.3571,,1,0.2534,-0.1038,-0.1038,ev,none,live,202609222DD46A1C,2026-09-15T18:07:45.828Z
2026,2,12483,Josh Allen,BUF,QB,vs DET,passYds,DraftKings,269.5,over,138,,0.4202,0.4202,,1,0.3162,-0.1039,-0.1039,ev,none,live,202609189BE34D3B,2026-09-15T18:07:45.828Z
2026,2,10729,Jared Goff,DET,QB,at BUF,passYds,theScore,149.5,over,-5000,,0.9804,0.9804,,1,0.8765,-0.1039,-0.1039,ev,none,live,202609189BE34D3B,2026-09-15T18:07:45.828Z
2026,2,16808,Jahmyr Gibbs,DET,RB,at BUF,recYds,Hard Rock,64.5,over,750,-2500,0.1176,0.1090,0.0792,0,0.0135,-0.1041,-0.0955,ev,multiplicative,live,202609189BE34D3B,2026-09-15T18:07:45.828Z
2026,2,17732,Keon Coleman,BUF,WR,vs DET,recYds,Hard Rock,49.5,under,-2500,750,0.9615,0.8910,0.0792,0,0.8574,-0.1041,-0.0336,ev,multiplicative,live,202609189BE34D3B,2026-09-15T18:07:45.828Z
2026,2,11734,David Njoku,LAC,TE,vs LV,anytimeTD,BetMGM,0.5,over,360,,0.2174,0.2174,,1,0.1131,-0.1043,-0.1043,ev,none,live,2026092038FE57CE,2026-09-15T18:07:45.828Z
2026,2,12483,Josh Allen,BUF,QB,vs DET,anytimeTD,DraftKings,0.5,over,-125,,0.5556,0.5556,,1,0.4512,-0.1044,-0.1044,ev,none,live,202609189BE34D3B,2026-09-15T18:07:45.828Z
2026,2,15849,Jameson Williams,DET,WR,at BUF,receptions,FanDuel,2.5,over,-504,,0.8344,0.8344,,1,0.7297,-0.1048,-0.1048,ev,none,live,202609189BE34D3B,2026-09-15T18:07:45.828Z
2026,2,12477,DJ Moore,BUF,WR,vs DET,recYds,FanDuel,124.5,over,847,,0.1056,0.1056,,1,0.0008,-0.1048,-0.1048,ev,none,live,202609189BE34D3B,2026-09-15T18:07:45.828Z
2026,2,16697,Dalton Kincaid,BUF,TE,vs DET,receptions,theScore,3.5,under,125,-160,0.4444,0.4194,0.0598,0,0.3396,-0.1048,-0.0797,ev,multiplicative,live,202609189BE34D3B,2026-09-15T18:07:45.828Z
2026,2,16697,Dalton Kincaid,BUF,TE,vs DET,receptions,Hard Rock,3.5,under,125,-165,0.4444,0.4165,0.0671,0,0.3396,-0.1048,-0.0769,ev,multiplicative,live,202609189BE34D3B,2026-09-15T18:07:45.828Z
2026,2,16697,Dalton Kincaid,BUF,TE,vs DET,recYds,FanDuel,14.5,over,-1804,,0.9475,0.9475,,1,0.8426,-0.1049,-0.1049,ev,none,live,202609189BE34D3B,2026-09-15T18:07:45.828Z
2026,2,16808,Jahmyr Gibbs,DET,RB,at BUF,recYds,FanDuel,69.5,over,798,,0.1114,0.1114,,1,0.0065,-0.1049,-0.1049,ev,none,live,202609189BE34D3B,2026-09-15T18:07:45.828Z
2026,2,16808,Jahmyr Gibbs,DET,RB,at BUF,rushAtt,Hard Rock,23.5,over,250,,0.2857,0.2857,,1,0.1808,-0.1049,-0.1049,ev,none,live,202609189BE34D3B,2026-09-15T18:07:45.828Z
2026,2,10729,Jared Goff,DET,QB,at BUF,passYds,Hard Rock,318.5,over,260,-400,0.2778,0.2577,0.0778,0,0.1727,-0.1050,-0.0850,ev,multiplicative,live,202609189BE34D3B,2026-09-15T18:07:45.828Z
2026,2,12483,Josh Allen,BUF,QB,vs DET,passTD,FanDuel,0.5,over,-1102,,0.9168,0.9168,,1,0.8118,-0.1051,-0.1051,ev,none,live,202609189BE34D3B,2026-09-15T18:07:45.828Z
2026,2,12483,Josh Allen,BUF,QB,vs DET,passYds,Hard Rock,258.5,over,110,-150,0.4762,0.4425,0.0762,0,0.3711,-0.1051,-0.0714,ev,multiplicative,live,202609189BE34D3B,2026-09-15T18:07:45.828Z
2026,2,15447,Joshua Palmer,BUF,WR,vs DET,recYds,Hard Rock,53.5,over,850,-3000,0.1053,0.0981,0.0730,0,0.0002,-0.1051,-0.0979,ev,multiplicative,live,202609189BE34D3B,2026-09-15T18:07:45.828Z
2026,2,16697,Dalton Kincaid,BUF,TE,vs DET,recYds,Hard Rock,15.5,over,-1600,650,0.9412,0.8759,0.0745,0,0.8361,-0.1051,-0.0399,ev,multiplicative,live,202609189BE34D3B,2026-09-15T18:07:45.828Z
2026,2,15332,Amon-Ra St. Brown,DET,WR,at BUF,receptions,FanDuel,7.5,over,-106,-125,0.5146,0.4808,0.0701,0,0.4094,-0.1052,-0.0715,ev,multiplicative,live,202609189BE34D3B,2026-09-15T18:07:45.828Z
2026,2,15332,Amon-Ra St. Brown,DET,WR,at BUF,receptions,BetRivers,7.5,over,-106,,0.5146,0.5146,,1,0.4094,-0.1052,-0.1052,ev,none,live,202609189BE34D3B,2026-09-15T18:07:45.828Z
2026,2,12807,Durham Smythe,BAL,TE,vs NO,anytimeTD,Caesars,0.5,over,700,,0.1250,0.1250,,1,0.0198,-0.1052,-0.1052,ev,none,live,20260920941629C7,2026-09-15T18:07:45.828Z
2026,2,12483,Josh Allen,BUF,QB,vs DET,rushYds,Hard Rock,70.5,over,850,-3000,0.1053,0.0981,0.0730,0,0.0001,-0.1052,-0.0980,ev,multiplicative,live,202609189BE34D3B,2026-09-15T18:07:45.828Z
2026,2,18642,Isaac TeSlaa,DET,WR,at BUF,recYds,FanDuel,59.5,over,848,,0.1055,0.1055,,1,0.0001,-0.1054,-0.1054,ev,none,live,202609189BE34D3B,2026-09-15T18:07:45.828Z
2026,2,16690,Parker Washington,JAX,WR,at DEN,anytimeTD,DraftKings,0.5,over,180,,0.3571,0.3571,,1,0.2517,-0.1054,-0.1054,ev,none,live,20260920631848F6,2026-09-15T18:07:45.828Z
2026,2,15447,Joshua Palmer,BUF,WR,vs DET,recYds,Hard Rock,8.5,over,-190,130,0.6552,0.6011,0.0900,0,0.5498,-0.1054,-0.0513,ev,multiplicative,live,202609189BE34D3B,2026-09-15T18:07:45.828Z
2026,2,15332,Amon-Ra St. Brown,DET,WR,at BUF,recYds,DraftKings,129.5,over,521,,0.1610,0.1610,,1,0.0555,-0.1055,-0.1055,ev,none,live,202609189BE34D3B,2026-09-15T18:07:45.828Z
2026,2,15849,Jameson Williams,DET,WR,at BUF,recYds,Hard Rock,79.5,over,185,-260,0.3509,0.3270,0.0731,0,0.2454,-0.1055,-0.0816,ev,multiplicative,live,202609189BE34D3B,2026-09-15T18:07:45.828Z
2026,2,13466,Dawson Knox,BUF,TE,vs DET,recYds,Hard Rock,27.5,over,275,-425,0.2667,0.2478,0.0762,0,0.1611,-0.1056,-0.0867,ev,multiplicative,live,202609189BE34D3B,2026-09-15T18:07:45.828Z
2026,2,15892,Khalil Shakir,BUF,WR,vs DET,recYds,Hard Rock,84.5,under,-850,425,0.8947,0.8245,0.0852,0,0.7890,-0.1057,-0.0355,ev,multiplicative,live,202609189BE34D3B,2026-09-15T18:07:45.828Z
2026,2,15849,Jameson Williams,DET,WR,at BUF,receptions,FanDuel,3.5,over,-192,142,0.6575,0.6141,0.0708,0,0.5517,-0.1058,-0.0623,ev,multiplicative,live,202609189BE34D3B,2026-09-15T18:07:45.828Z
2026,2,10729,Jared Goff,DET,QB,at BUF,passTD,FanDuel,0.5,over,-752,,0.8826,0.8826,,1,0.7769,-0.1058,-0.1058,ev,none,live,202609189BE34D3B,2026-09-15T18:07:45.828Z
2026,2,10729,Jared Goff,DET,QB,at BUF,int,BetRivers,1.5,over,410,,0.1961,0.1961,,1,0.0902,-0.1059,-0.1059,ev,none,live,202609189BE34D3B,2026-09-15T18:07:45.828Z
2026,2,10729,Jared Goff,DET,QB,at BUF,passYds,FanDuel,324.5,over,287,,0.2584,0.2584,,1,0.1523,-0.1061,-0.1061,ev,none,live,202609189BE34D3B,2026-09-15T18:07:45.828Z
2026,2,15332,Amon-Ra St. Brown,DET,WR,at BUF,recYds,BetRivers,119.5,over,390,,0.2041,0.2041,,1,0.0979,-0.1062,-0.1062,ev,none,live,202609189BE34D3B,2026-09-15T18:07:45.828Z
2026,2,15892,Khalil Shakir,BUF,WR,vs DET,recYds,Hard Rock,64.5,under,-300,210,0.7500,0.6992,0.0726,0,0.6438,-0.1062,-0.0554,ev,multiplicative,live,202609189BE34D3B,2026-09-15T18:07:45.828Z
2026,2,15876,James Cook,BUF,RB,vs DET,rushYds,Hard Rock,48.5,under,350,-575,0.2222,0.2069,0.0741,0,0.1158,-0.1064,-0.0911,ev,multiplicative,live,202609189BE34D3B,2026-09-15T18:07:45.828Z
2026,2,15332,Amon-Ra St. Brown,DET,WR,at BUF,recYds,BetRivers,109.5,over,275,,0.2667,0.2667,,1,0.1601,-0.1066,-0.1066,ev,none,live,202609189BE34D3B,2026-09-15T18:07:45.828Z
2026,2,17784,Bucky Irving,TB,RB,vs CLE,anytimeTD,theScore,0.5,over,-110,,0.5238,0.5238,,1,0.4173,-0.1066,-0.1066,ev,none,live,20260920ABAE4147,2026-09-15T18:07:45.828Z
2026,2,12477,DJ Moore,BUF,WR,vs DET,receptions,BetRivers,1.5,over,-5000,,0.9804,0.9804,,1,0.8737,-0.1067,-0.1067,ev,none,live,202609189BE34D3B,2026-09-15T18:07:45.828Z
2026,2,16690,Parker Washington,JAX,WR,at DEN,anytimeTD,Caesars,0.5,over,179,,0.3584,0.3584,,1,0.2517,-0.1067,-0.1067,ev,none,live,20260920631848F6,2026-09-15T18:07:45.828Z
2026,2,17033,Sam LaPorta,DET,TE,at BUF,recYds,Hard Rock,51.5,over,110,-155,0.4762,0.4393,0.0840,0,0.3693,-0.1069,-0.0700,ev,multiplicative,live,202609189BE34D3B,2026-09-15T18:07:45.828Z
2026,2,16808,Jahmyr Gibbs,DET,RB,at BUF,receptions,theScore,3.5,over,-210,,0.6774,0.6774,,1,0.5703,-0.1071,-0.1071,ev,none,live,202609189BE34D3B,2026-09-15T18:07:45.828Z
2026,2,10729,Jared Goff,DET,QB,at BUF,passYds,DraftKings,289.5,over,149,,0.4016,0.4016,,1,0.2943,-0.1073,-0.1073,ev,none,live,202609189BE34D3B,2026-09-15T18:07:45.828Z
2026,2,12483,Josh Allen,BUF,QB,vs DET,passAtt,DraftKings,23.5,over,-1000,,0.9091,0.9091,,1,0.8017,-0.1074,-0.1074,ev,none,live,202609189BE34D3B,2026-09-15T18:07:45.828Z
2026,2,12483,Josh Allen,BUF,QB,vs DET,passYds,BetRivers,274.5,over,150,,0.4000,0.4000,,1,0.2925,-0.1075,-0.1075,ev,none,live,202609189BE34D3B,2026-09-15T18:07:45.828Z
2026,2,15332,Amon-Ra St. Brown,DET,WR,at BUF,recYds,theScore,89.5,over,120,,0.4545,0.4545,,1,0.3466,-0.1079,-0.1079,ev,none,live,202609189BE34D3B,2026-09-15T18:07:45.828Z
2026,2,15849,Jameson Williams,DET,WR,at BUF,recYds,BetRivers,89.5,over,300,,0.2500,0.2500,,1,0.1420,-0.1080,-0.1080,ev,none,live,202609189BE34D3B,2026-09-15T18:07:45.828Z
2026,2,16697,Dalton Kincaid,BUF,TE,vs DET,recYds,DraftKings,109.5,over,770,,0.1149,0.1149,,1,0.0069,-0.1080,-0.1080,ev,none,live,202609189BE34D3B,2026-09-15T18:07:45.828Z
2026,2,12483,Josh Allen,BUF,QB,vs DET,passAtt,theScore,24.5,over,-700,,0.8750,0.8750,,1,0.7668,-0.1082,-0.1082,ev,none,live,202609189BE34D3B,2026-09-15T18:07:45.828Z
2026,2,15332,Amon-Ra St. Brown,DET,WR,at BUF,recYds,DraftKings,99.5,over,184,,0.3521,0.3521,,1,0.2438,-0.1084,-0.1084,ev,none,live,202609189BE34D3B,2026-09-15T18:07:45.828Z
2026,2,16808,Jahmyr Gibbs,DET,RB,at BUF,rushAtt,BetRivers,24.5,over,320,,0.2381,0.2381,,1,0.1296,-0.1085,-0.1085,ev,none,live,202609189BE34D3B,2026-09-15T18:07:45.828Z
2026,2,16697,Dalton Kincaid,BUF,TE,vs DET,recYds,theScore,19.5,over,-1100,,0.9167,0.9167,,1,0.8082,-0.1085,-0.1085,ev,none,live,202609189BE34D3B,2026-09-15T18:07:45.828Z
2026,2,18487,Ashton Jeanty,LV,RB,at LAC,anytimeTD,Caesars,0.5,over,-130,,0.5652,0.5652,,1,0.4566,-0.1086,-0.1086,ev,none,live,2026092038FE57CE,2026-09-15T18:07:45.828Z
2026,2,16697,Dalton Kincaid,BUF,TE,vs DET,recYds,Hard Rock,10.5,over,-4000,1000,0.9756,0.9148,0.0665,0,0.8670,-0.1086,-0.0478,ev,multiplicative,live,202609189BE34D3B,2026-09-15T18:07:45.828Z
2026,2,15332,Amon-Ra St. Brown,DET,WR,at BUF,recYds,theScore,84.5,over,-105,-125,0.5122,0.4797,0.0678,0,0.4034,-0.1088,-0.0763,ev,multiplicative,live,202609189BE34D3B,2026-09-15T18:07:45.828Z
2026,2,15447,Joshua Palmer,BUF,WR,vs DET,anytimeTD,BetMGM,0.5,over,575,,0.1481,0.1481,,1,0.0392,-0.1089,-0.1089,ev,none,live,202609189BE34D3B,2026-09-15T18:07:45.828Z
2026,2,19319,Bryce Lance,NO,WR,at BAL,anytimeTD,BetMGM,0.5,over,575,,0.1481,0.1481,,1,0.0392,-0.1089,-0.1089,ev,none,live,20260920941629C7,2026-09-15T18:07:45.828Z
2026,2,15892,Khalil Shakir,BUF,WR,vs DET,recYds,Hard Rock,39.5,under,110,-155,0.4762,0.4393,0.0840,0,0.3673,-0.1089,-0.0719,ev,multiplicative,live,202609189BE34D3B,2026-09-15T18:07:45.828Z
2026,2,18642,Isaac TeSlaa,DET,WR,at BUF,recYds,Hard Rock,24.5,over,155,-225,0.3922,0.3616,0.0845,0,0.2832,-0.1089,-0.0784,ev,multiplicative,live,202609189BE34D3B,2026-09-15T18:07:45.828Z
2026,2,10729,Jared Goff,DET,QB,at BUF,passYds,Caesars,339.5,over,360,,0.2174,0.2174,,1,0.1084,-0.1090,-0.1090,ev,none,live,202609189BE34D3B,2026-09-15T18:07:45.828Z
2026,2,15447,Joshua Palmer,BUF,WR,vs DET,recYds,FanDuel,9.5,over,-164,,0.6212,0.6212,,1,0.5121,-0.1091,-0.1091,ev,none,live,202609189BE34D3B,2026-09-15T18:07:45.828Z
2026,2,16899,Quentin Johnston,LAC,WR,vs LV,anytimeTD,Caesars,0.5,over,143,,0.4115,0.4115,,1,0.3023,-0.1092,-0.1092,ev,none,live,2026092038FE57CE,2026-09-15T18:07:45.828Z
2026,2,13466,Dawson Knox,BUF,TE,vs DET,recYds,Hard Rock,47.5,over,800,-3000,0.1111,0.1030,0.0789,0,0.0020,-0.1092,-0.1010,ev,multiplicative,live,202609189BE34D3B,2026-09-15T18:07:45.828Z
2026,2,15849,Jameson Williams,DET,WR,at BUF,recYds,DraftKings,89.5,over,298,,0.2513,0.2513,,1,0.1420,-0.1093,-0.1093,ev,none,live,202609189BE34D3B,2026-09-15T18:07:45.828Z
2026,2,15332,Amon-Ra St. Brown,DET,WR,at BUF,recYds,Hard Rock,95.5,over,155,-220,0.3922,0.3632,0.0797,0,0.2829,-0.1093,-0.0804,ev,multiplicative,live,202609189BE34D3B,2026-09-15T18:07:45.828Z
2026,2,12483,Josh Allen,BUF,QB,vs DET,passYds,FanDuel,248.5,over,-114,-114,0.5327,0.5000,0.0654,0,0.4233,-0.1094,-0.0767,ev,multiplicative,live,202609189BE34D3B,2026-09-15T18:07:45.828Z
2026,2,12477,DJ Moore,BUF,WR,vs DET,recYds,Caesars,119.5,over,800,,0.1111,0.1111,,1,0.0017,-0.1094,-0.1094,ev,none,live,202609189BE34D3B,2026-09-15T18:07:45.828Z
2026,2,18514,Cam Skattebo,NYG,RB,at LAR,rushYds,Hard Rock,44.5,under,115,-155,0.4651,0.4335,0.0730,0,0.3557,-0.1094,-0.0778,ev,multiplicative,live,202609222DD46A1C,2026-09-15T18:07:45.828Z
2026,2,15876,James Cook,BUF,RB,vs DET,rushYds,Hard Rock,68.5,under,130,-185,0.4348,0.4011,0.0839,0,0.3253,-0.1095,-0.0759,ev,multiplicative,live,202609189BE34D3B,2026-09-15T18:07:45.828Z
2026,2,15447,Joshua Palmer,BUF,WR,vs DET,receptions,Caesars,2.5,over,450,,0.1818,0.1818,,1,0.0720,-0.1099,-0.1099,ev,none,live,202609189BE34D3B,2026-09-15T18:07:45.828Z
2026,2,10729,Jared Goff,DET,QB,at BUF,passAtt,DraftKings,45.5,over,700,,0.1250,0.1250,,1,0.0151,-0.1099,-0.1099,ev,none,live,202609189BE34D3B,2026-09-15T18:07:45.828Z
2026,2,15447,Joshua Palmer,BUF,WR,vs DET,receptions,theScore,2.5,over,450,,0.1818,0.1818,,1,0.0720,-0.1099,-0.1099,ev,none,live,202609189BE34D3B,2026-09-15T18:07:45.828Z
2026,2,16919,Zay Flowers,BAL,WR,vs NO,anytimeTD,Caesars,0.5,over,131,,0.4329,0.4329,,1,0.3229,-0.1100,-0.1100,ev,none,live,20260920941629C7,2026-09-15T18:07:45.828Z
2026,2,13466,Dawson Knox,BUF,TE,vs DET,recYds,DraftKings,49.5,over,800,,0.1111,0.1111,,1,0.0011,-0.1101,-0.1101,ev,none,live,202609189BE34D3B,2026-09-15T18:07:45.828Z
2026,2,15447,Joshua Palmer,BUF,WR,vs DET,receptions,FanDuel,2.5,over,449,,0.1821,0.1821,,1,0.0720,-0.1102,-0.1102,ev,none,live,202609189BE34D3B,2026-09-15T18:07:45.828Z
2026,2,17732,Keon Coleman,BUF,WR,vs DET,receptions,DraftKings,1.5,under,-205,159,0.6721,0.6351,0.0582,0,0.5618,-0.1103,-0.0733,ev,multiplicative,live,202609189BE34D3B,2026-09-15T18:07:45.828Z
2026,2,16697,Dalton Kincaid,BUF,TE,vs DET,receptions,Caesars,3.5,under,122,-159,0.4505,0.4232,0.0644,0,0.3396,-0.1108,-0.0836,ev,multiplicative,live,202609189BE34D3B,2026-09-15T18:07:45.828Z
2026,2,16697,Dalton Kincaid,BUF,TE,vs DET,receptions,FanDuel,3.5,under,122,-162,0.4505,0.4215,0.0688,0,0.3396,-0.1108,-0.0818,ev,multiplicative,live,202609189BE34D3B,2026-09-15T18:07:45.828Z
2026,2,10729,Jared Goff,DET,QB,at BUF,completions,DraftKings,25.5,over,138,,0.4202,0.4202,,1,0.3093,-0.1108,-0.1108,ev,none,live,202609189BE34D3B,2026-09-15T18:07:45.828Z
2026,2,15895,Chris Olave,NO,WR,at BAL,anytimeTD,DraftKings,0.5,over,160,,0.3846,0.3846,,1,0.2739,-0.1108,-0.1108,ev,none,live,20260920941629C7,2026-09-15T18:07:45.828Z
2026,2,15876,James Cook,BUF,RB,vs DET,rushYds,Hard Rock,64.5,under,160,-225,0.3846,0.3571,0.0769,0,0.2737,-0.1109,-0.0834,ev,multiplicative,live,202609189BE34D3B,2026-09-15T18:07:45.828Z
2026,2,10729,Jared Goff,DET,QB,at BUF,passYds,BetRivers,274.5,over,108,,0.4808,0.4808,,1,0.3697,-0.1110,-0.1110,ev,none,live,202609189BE34D3B,2026-09-15T18:07:45.828Z
2026,2,16808,Jahmyr Gibbs,DET,RB,at BUF,recYds,theScore,69.5,over,750,,0.1176,0.1176,,1,0.0065,-0.1112,-0.1112,ev,none,live,202609189BE34D3B,2026-09-15T18:07:45.828Z
2026,2,12483,Josh Allen,BUF,QB,vs DET,passTD,theScore,0.5,over,-1200,,0.9231,0.9231,,1,0.8118,-0.1113,-0.1113,ev,none,live,202609189BE34D3B,2026-09-15T18:07:45.828Z
2026,2,12483,Josh Allen,BUF,QB,vs DET,passYds,Hard Rock,248.5,over,-115,-115,0.5349,0.5000,0.0698,0,0.4233,-0.1115,-0.0767,ev,multiplicative,live,202609189BE34D3B,2026-09-15T18:07:45.828Z
2026,2,15849,Jameson Williams,DET,WR,at BUF,recYds,Caesars,119.5,over,700,,0.1250,0.1250,,1,0.0133,-0.1117,-0.1117,ev,none,live,202609189BE34D3B,2026-09-15T18:07:45.828Z
2026,2,15892,Khalil Shakir,BUF,WR,vs DET,recYds,Hard Rock,59.5,under,-250,170,0.7143,0.6585,0.0847,0,0.6026,-0.1117,-0.0559,ev,multiplicative,live,202609189BE34D3B,2026-09-15T18:07:45.828Z
2026,2,16690,Parker Washington,JAX,WR,at DEN,anytimeTD,theScore,0.5,over,175,,0.3636,0.3636,,1,0.2517,-0.1119,-0.1119,ev,none,live,20260920631848F6,2026-09-15T18:07:45.828Z
2026,2,10729,Jared Goff,DET,QB,at BUF,passTD,Caesars,0.5,over,-800,,0.8889,0.8889,,1,0.7769,-0.1120,-0.1120,ev,none,live,202609189BE34D3B,2026-09-15T18:07:45.828Z
2026,2,10729,Jared Goff,DET,QB,at BUF,passTD,theScore,0.5,over,-800,,0.8889,0.8889,,1,0.7769,-0.1120,-0.1120,ev,none,live,202609189BE34D3B,2026-09-15T18:07:45.828Z
2026,2,10729,Jared Goff,DET,QB,at BUF,passYds,Hard Rock,308.5,over,210,-300,0.3226,0.3008,0.0726,0,0.2105,-0.1121,-0.0902,ev,multiplicative,live,202609189BE34D3B,2026-09-15T18:07:45.828Z
2026,2,15849,Jameson Williams,DET,WR,at BUF,recYds,DraftKings,109.5,over,588,,0.1453,0.1453,,1,0.0332,-0.1122,-0.1122,ev,none,live,202609189BE34D3B,2026-09-15T18:07:45.828Z
2026,2,15892,Khalil Shakir,BUF,WR,vs DET,recYds,Hard Rock,74.5,under,-500,300,0.8333,0.7692,0.0833,0,0.7210,-0.1123,-0.0482,ev,multiplicative,live,202609189BE34D3B,2026-09-15T18:07:45.828Z
2026,2,15332,Amon-Ra St. Brown,DET,WR,at BUF,recYds,FanDuel,109.5,over,267,,0.2725,0.2725,,1,0.1601,-0.1124,-0.1124,ev,none,live,202609189BE34D3B,2026-09-15T18:07:45.828Z
2026,2,15892,Khalil Shakir,BUF,WR,vs DET,recYds,Hard Rock,24.5,under,260,-400,0.2778,0.2577,0.0778,0,0.1653,-0.1125,-0.0924,ev,multiplicative,live,202609189BE34D3B,2026-09-15T18:07:45.828Z
2026,2,15807,Kyren Williams,LAR,RB,vs NYG,rushYds,Hard Rock,37.5,under,375,-650,0.2105,0.1954,0.0772,0,0.0980,-0.1125,-0.0974,ev,multiplicative,live,202609222DD46A1C,2026-09-15T18:07:45.828Z
2026,2,14418,J.K. Dobbins,DEN,RB,vs JAX,anytimeTD,Caesars,0.5,over,145,,0.4082,0.4082,,1,0.2953,-0.1129,-0.1129,ev,none,live,20260920631848F6,2026-09-15T18:07:45.828Z
2026,2,12483,Josh Allen,BUF,QB,vs DET,passYds,Caesars,309.5,over,275,,0.2667,0.2667,,1,0.1536,-0.1130,-0.1130,ev,none,live,202609189BE34D3B,2026-09-15T18:07:45.828Z
2026,2,16697,Dalton Kincaid,BUF,TE,vs DET,recYds,FanDuel,69.5,over,194,,0.3401,0.3401,,1,0.2272,-0.1130,-0.1130,ev,none,live,202609189BE34D3B,2026-09-15T18:07:45.828Z
2026,2,15332,Amon-Ra St. Brown,DET,WR,at BUF,receptions,DraftKings,4.5,over,-740,,0.8810,0.8810,,1,0.7677,-0.1132,-0.1132,ev,none,live,202609189BE34D3B,2026-09-15T18:07:45.828Z
2026,2,15332,Amon-Ra St. Brown,DET,WR,at BUF,recYds,Hard Rock,99.5,over,180,-260,0.3571,0.3309,0.0794,0,0.2438,-0.1134,-0.0871,ev,multiplicative,live,202609189BE34D3B,2026-09-15T18:07:45.828Z
2026,2,17732,Keon Coleman,BUF,WR,vs DET,recYds,Hard Rock,16.5,under,-185,130,0.6491,0.5989,0.0839,0,0.5355,-0.1136,-0.0634,ev,multiplicative,live,202609189BE34D3B,2026-09-15T18:07:45.828Z
2026,2,15332,Amon-Ra St. Brown,DET,WR,at BUF,receptions,BetRivers,3.5,over,-5000,,0.9804,0.9804,,1,0.8666,-0.1138,-0.1138,ev,none,live,202609189BE34D3B,2026-09-15T18:07:45.828Z
2026,2,16808,Jahmyr Gibbs,DET,RB,at BUF,recYds,FanDuel,9.5,over,-1001,,0.9092,0.9092,,1,0.7953,-0.1139,-0.1139,ev,none,live,202609189BE34D3B,2026-09-15T18:07:45.828Z
2026,2,17732,Keon Coleman,BUF,WR,vs DET,recYds,Hard Rock,6.5,under,140,-200,0.4167,0.3846,0.0833,0,0.3027,-0.1139,-0.0819,ev,multiplicative,live,202609189BE34D3B,2026-09-15T18:07:45.828Z
2026,2,12483,Josh Allen,BUF,QB,vs DET,anytimeTD,BetMGM,0.5,over,-130,,0.5652,0.5652,,1,0.4512,-0.1140,-0.1140,ev,none,live,202609189BE34D3B,2026-09-15T18:07:45.828Z
2026,2,12483,Josh Allen,BUF,QB,vs DET,anytimeTD,BetRivers,0.5,over,-130,,0.5652,0.5652,,1,0.4512,-0.1140,-0.1140,ev,none,live,202609189BE34D3B,2026-09-15T18:07:45.828Z
2026,2,12483,Josh Allen,BUF,QB,vs DET,anytimeTD,Caesars,0.5,over,-130,,0.5652,0.5652,,1,0.4512,-0.1140,-0.1140,ev,none,live,202609189BE34D3B,2026-09-15T18:07:45.828Z
2026,2,12483,Josh Allen,BUF,QB,vs DET,completions,theScore,19.5,over,-170,,0.6296,0.6296,,1,0.5156,-0.1140,-0.1140,ev,none,live,202609189BE34D3B,2026-09-15T18:07:45.828Z
2026,2,12483,Josh Allen,BUF,QB,vs DET,passTD,Caesars,0.5,over,-1250,,0.9259,0.9259,,1,0.8118,-0.1142,-0.1142,ev,none,live,202609189BE34D3B,2026-09-15T18:07:45.828Z
2026,2,16808,Jahmyr Gibbs,DET,RB,at BUF,recYds,Hard Rock,4.5,over,-5000,1100,0.9804,0.9217,0.0637,0,0.8661,-0.1143,-0.0556,ev,multiplicative,live,202609189BE34D3B,2026-09-15T18:07:45.828Z
2026,2,15332,Amon-Ra St. Brown,DET,WR,at BUF,recYds,Hard Rock,130.5,over,500,-1000,0.1667,0.1549,0.0758,0,0.0522,-0.1144,-0.1027,ev,multiplicative,live,202609189BE34D3B,2026-09-15T18:07:45.828Z
2026,2,15332,Amon-Ra St. Brown,DET,WR,at BUF,receptions,Hard Rock,7.5,over,-110,-120,0.5238,0.4899,0.0693,0,0.4094,-0.1144,-0.0805,ev,multiplicative,live,202609189BE34D3B,2026-09-15T18:07:45.828Z
2026,2,15332,Amon-Ra St. Brown,DET,WR,at BUF,recYds,DraftKings,119.5,over,371,,0.2123,0.2123,,1,0.0979,-0.1145,-0.1145,ev,none,live,202609189BE34D3B,2026-09-15T18:07:45.828Z
2026,2,15447,Joshua Palmer,BUF,WR,vs DET,anytimeTD,FanDuel,0.5,over,550,,0.1538,0.1538,,1,0.0392,-0.1146,-0.1146,ev,none,live,202609189BE34D3B,2026-09-15T18:07:45.828Z
2026,2,15447,Joshua Palmer,BUF,WR,vs DET,anytimeTD,theScore,0.5,over,550,,0.1538,0.1538,,1,0.0392,-0.1146,-0.1146,ev,none,live,202609189BE34D3B,2026-09-15T18:07:45.828Z
2026,2,16808,Jahmyr Gibbs,DET,RB,at BUF,rushAtt,Hard Rock,26.5,over,475,,0.1739,0.1739,,1,0.0593,-0.1146,-0.1146,ev,none,live,202609189BE34D3B,2026-09-15T18:07:45.828Z
2026,2,18574,Jaxson Dart,NYG,QB,at LAR,rushYds,Hard Rock,35.5,over,120,-165,0.4545,0.4220,0.0772,0,0.3399,-0.1146,-0.0821,ev,multiplicative,live,202609222DD46A1C,2026-09-15T18:07:45.828Z
2026,2,12483,Josh Allen,BUF,QB,vs DET,passTD,DraftKings,0.5,over,-1260,,0.9265,0.9265,,1,0.8118,-0.1147,-0.1147,ev,none,live,202609189BE34D3B,2026-09-15T18:07:45.828Z
2026,2,12483,Josh Allen,BUF,QB,vs DET,passYds,Caesars,249.5,over,-114,-114,0.5327,0.5000,0.0654,0,0.4180,-0.1147,-0.0820,ev,multiplicative,live,202609189BE34D3B,2026-09-15T18:07:45.828Z
2026,2,12483,Josh Allen,BUF,QB,vs DET,rushYds,DraftKings,29.5,over,-121,,0.5475,0.5475,,1,0.4323,-0.1152,-0.1152,ev,none,live,202609189BE34D3B,2026-09-15T18:07:45.828Z
2026,2,15332,Amon-Ra St. Brown,DET,WR,at BUF,recYds,FanDuel,124.5,over,427,,0.1898,0.1898,,1,0.0744,-0.1153,-0.1153,ev,none,live,202609189BE34D3B,2026-09-15T18:07:45.828Z
2026,2,15332,Amon-Ra St. Brown,DET,WR,at BUF,recYds,DraftKings,109.5,over,263,,0.2755,0.2755,,1,0.1601,-0.1154,-0.1154,ev,none,live,202609189BE34D3B,2026-09-15T18:07:45.828Z
2026,2,17690,Blake Corum,LAR,RB,vs NYG,rushYds,Hard Rock,13.5,under,700,-2200,0.1250,0.1156,0.0815,0,0.0096,-0.1154,-0.1060,ev,multiplicative,live,202609222DD46A1C,2026-09-15T18:07:45.828Z
2026,2,15849,Jameson Williams,DET,WR,at BUF,recYds,BetRivers,99.5,over,430,,0.1887,0.1887,,1,0.0730,-0.1157,-0.1157,ev,none,live,202609189BE34D3B,2026-09-15T18:07:45.828Z
2026,2,17732,Keon Coleman,BUF,WR,vs DET,recYds,Hard Rock,46.5,under,-2000,650,0.9524,0.8772,0.0857,0,0.8364,-0.1160,-0.0408,ev,multiplicative,live,202609189BE34D3B,2026-09-15T18:07:45.828Z
2026,2,12619,Baker Mayfield,TB,QB,vs CLE,anytimeTD,BetMGM,0.5,over,320,,0.2381,0.2381,,1,0.1219,-0.1162,-0.1162,ev,none,live,20260920ABAE4147,2026-09-15T18:07:45.828Z
2026,2,16790,Puka Nacua,LAR,WR,vs NYG,anytimeTD,Caesars,0.5,over,-104,,0.5098,0.5098,,1,0.3935,-0.1163,-0.1163,ev,none,live,202609222DD46A1C,2026-09-15T18:07:45.828Z
2026,2,15332,Amon-Ra St. Brown,DET,WR,at BUF,recYds,Hard Rock,100.5,over,185,-275,0.3509,0.3236,0.0842,0,0.2345,-0.1164,-0.0892,ev,multiplicative,live,202609189BE34D3B,2026-09-15T18:07:45.828Z
2026,2,10729,Jared Goff,DET,QB,at BUF,passTD,Caesars,2.5,over,225,,0.3077,0.3077,,1,0.1912,-0.1165,-0.1165,ev,none,live,202609189BE34D3B,2026-09-15T18:07:45.828Z
2026,2,16808,Jahmyr Gibbs,DET,RB,at BUF,recYds,DraftKings,59.5,over,600,,0.1429,0.1429,,1,0.0263,-0.1165,-0.1165,ev,none,live,202609189BE34D3B,2026-09-15T18:07:45.828Z
2026,2,15892,Khalil Shakir,BUF,WR,vs DET,recYds,Hard Rock,69.5,under,-400,250,0.8000,0.7368,0.0857,0,0.6834,-0.1166,-0.0534,ev,multiplicative,live,202609189BE34D3B,2026-09-15T18:07:45.828Z
2026,2,15332,Amon-Ra St. Brown,DET,WR,at BUF,receptions,DraftKings,7.5,over,-111,-115,0.5261,0.4958,0.0610,0,0.4094,-0.1167,-0.0865,ev,multiplicative,live,202609189BE34D3B,2026-09-15T18:07:45.828Z
2026,2,15447,Joshua Palmer,BUF,WR,vs DET,receptions,BetRivers,2.5,over,430,,0.1887,0.1887,,1,0.0720,-0.1167,-0.1167,ev,none,live,202609189BE34D3B,2026-09-15T18:07:45.828Z
2026,2,12483,Josh Allen,BUF,QB,vs DET,completions,DraftKings,19.5,over,-172,,0.6324,0.6324,,1,0.5156,-0.1168,-0.1168,ev,none,live,202609189BE34D3B,2026-09-15T18:07:45.828Z
2026,2,12483,Josh Allen,BUF,QB,vs DET,passYds,FanDuel,249.5,over,-115,,0.5349,0.5349,,1,0.4180,-0.1168,-0.1168,ev,none,live,202609189BE34D3B,2026-09-15T18:07:45.828Z
2026,2,12483,Josh Allen,BUF,QB,vs DET,passYds,theScore,249.5,over,-115,-115,0.5349,0.5000,0.0698,0,0.4180,-0.1168,-0.0820,ev,multiplicative,live,202609189BE34D3B,2026-09-15T18:07:45.828Z
2026,2,12483,Josh Allen,BUF,QB,vs DET,passYds,Hard Rock,249.5,over,-115,-120,0.5349,0.4951,0.0803,0,0.4180,-0.1168,-0.0771,ev,multiplicative,live,202609189BE34D3B,2026-09-15T18:07:45.828Z
2026,2,10729,Jared Goff,DET,QB,at BUF,passYds,DraftKings,279.5,over,117,,0.4608,0.4608,,1,0.3439,-0.1170,-0.1170,ev,none,live,202609189BE34D3B,2026-09-15T18:07:45.828Z
2026,2,12483,Josh Allen,BUF,QB,vs DET,passYds,DraftKings,259.5,over,107,,0.4831,0.4831,,1,0.3659,-0.1171,-0.1171,ev,none,live,202609189BE34D3B,2026-09-15T18:07:45.828Z
2026,2,15892,Khalil Shakir,BUF,WR,vs DET,recYds,Hard Rock,34.5,under,145,-200,0.4082,0.3797,0.0748,0,0.2911,-0.1171,-0.0887,ev,multiplicative,live,202609189BE34D3B,2026-09-15T18:07:45.828Z
2026,2,10729,Jared Goff,DET,QB,at BUF,passAtt,theScore,24.5,over,-3000,,0.9677,0.9677,,1,0.8506,-0.1172,-0.1172,ev,none,live,202609189BE34D3B,2026-09-15T18:07:45.828Z
2026,2,18642,Isaac TeSlaa,DET,WR,at BUF,recYds,Hard Rock,55.5,over,750,-2200,0.1176,0.1095,0.0742,0,0.0005,-0.1172,-0.1090,ev,multiplicative,live,202609189BE34D3B,2026-09-15T18:07:45.828Z
2026,2,15447,Joshua Palmer,BUF,WR,vs DET,recYds,theScore,9.5,over,-170,,0.6296,0.6296,,1,0.5121,-0.1175,-0.1175,ev,none,live,202609189BE34D3B,2026-09-15T18:07:45.828Z
2026,2,15876,James Cook,BUF,RB,vs DET,rushAtt,Hard Rock,14.5,over,-375,,0.7895,0.7895,,1,0.6719,-0.1175,-0.1175,ev,none,live,202609189BE34D3B,2026-09-15T18:07:45.828Z
2026,2,15332,Amon-Ra St. Brown,DET,WR,at BUF,recYds,Hard Rock,120.5,over,375,-650,0.2105,0.1954,0.0772,0,0.0928,-0.1177,-0.1027,ev,multiplicative,live,202609189BE34D3B,2026-09-15T18:07:45.828Z
2026,2,18487,Ashton Jeanty,LV,RB,at LAC,anytimeTD,DraftKings,0.5,over,-135,,0.5745,0.5745,,1,0.4566,-0.1178,-0.1178,ev,none,live,2026092038FE57CE,2026-09-15T18:07:45.828Z
2026,2,18514,Cam Skattebo,NYG,RB,at LAR,rushYds,FanDuel,49.5,under,-114,-114,0.5327,0.5000,0.0654,0,0.4148,-0.1180,-0.0852,ev,multiplicative,live,202609222DD46A1C,2026-09-15T18:07:45.828Z
2026,2,17732,Keon Coleman,BUF,WR,vs DET,recYds,BetRivers,10.5,under,-113,-118,0.5305,0.4950,0.0718,0,0.4124,-0.1181,-0.0826,ev,multiplicative,live,202609189BE34D3B,2026-09-15T18:07:45.828Z
2026,2,15849,Jameson Williams,DET,WR,at BUF,recYds,theScore,79.5,over,175,,0.3636,0.3636,,1,0.2454,-0.1182,-0.1182,ev,none,live,202609189BE34D3B,2026-09-15T18:07:45.828Z
2026,2,15892,Khalil Shakir,BUF,WR,vs DET,receptions,DraftKings,4.5,under,-163,128,0.6198,0.5856,0.0584,0,0.5015,-0.1183,-0.0841,ev,multiplicative,live,202609189BE34D3B,2026-09-15T18:07:45.828Z
2026,2,15447,Joshua Palmer,BUF,WR,vs DET,receptions,Hard Rock,2.5,over,425,,0.1905,0.1905,,1,0.0720,-0.1185,-0.1185,ev,none,live,202609189BE34D3B,2026-09-15T18:07:45.828Z
2026,2,16697,Dalton Kincaid,BUF,TE,vs DET,recYds,Hard Rock,70.5,over,200,-300,0.3333,0.3077,0.0833,0,0.2145,-0.1189,-0.0932,ev,multiplicative,live,202609189BE34D3B,2026-09-15T18:07:45.828Z
2026,2,15332,Amon-Ra St. Brown,DET,WR,at BUF,recYds,Caesars,139.5,over,575,,0.1481,0.1481,,1,0.0292,-0.1190,-0.1190,ev,none,live,202609189BE34D3B,2026-09-15T18:07:45.828Z
2026,2,16808,Jahmyr Gibbs,DET,RB,at BUF,recYds,FanDuel,14.5,over,-472,,0.8252,0.8252,,1,0.7061,-0.1191,-0.1191,ev,none,live,202609189BE34D3B,2026-09-15T18:07:45.828Z
2026,2,18567,LaJohntay Wester,BAL,WR,vs NO,anytimeTD,Caesars,0.5,over,675,,0.1290,0.1290,,1,0.0100,-0.1191,-0.1191,ev,none,live,20260920941629C7,2026-09-15T18:07:45.828Z
2026,2,13466,Dawson Knox,BUF,TE,vs DET,recYds,FanDuel,29.5,over,319,,0.2387,0.2387,,1,0.1191,-0.1195,-0.1195,ev,none,live,202609189BE34D3B,2026-09-15T18:07:45.828Z
2026,2,15849,Jameson Williams,DET,WR,at BUF,recYds,DraftKings,99.5,over,419,,0.1927,0.1927,,1,0.0730,-0.1197,-0.1197,ev,none,live,202609189BE34D3B,2026-09-15T18:07:45.828Z
2026,2,10729,Jared Goff,DET,QB,at BUF,passYds,Caesars,329.5,over,290,,0.2564,0.2564,,1,0.1365,-0.1199,-0.1199,ev,none,live,202609189BE34D3B,2026-09-15T18:07:45.828Z
2026,2,15332,Amon-Ra St. Brown,DET,WR,at BUF,recYds,theScore,99.5,over,175,,0.3636,0.3636,,1,0.2438,-0.1199,-0.1199,ev,none,live,202609189BE34D3B,2026-09-15T18:07:45.828Z
2026,2,18514,Cam Skattebo,NYG,RB,at LAR,rushYds,Hard Rock,49.5,under,-115,-115,0.5349,0.5000,0.0698,0,0.4148,-0.1201,-0.0852,ev,multiplicative,live,202609222DD46A1C,2026-09-15T18:07:45.828Z
2026,2,15332,Amon-Ra St. Brown,DET,WR,at BUF,recYds,Hard Rock,125.5,over,425,-800,0.1905,0.1765,0.0794,0,0.0703,-0.1202,-0.1062,ev,multiplicative,live,202609189BE34D3B,2026-09-15T18:07:45.828Z
2026,2,17704,Malik Nabers,NYG,WR,at LAR,receptions,Hard Rock,4.5,over,-240,,0.7059,0.7059,,1,0.5856,-0.1203,-0.1203,ev,none,live,202609222DD46A1C,2026-09-15T18:07:45.828Z
2026,2,13466,Dawson Knox,BUF,TE,vs DET,recYds,FanDuel,39.5,over,629,,0.1372,0.1372,,1,0.0167,-0.1205,-0.1205,ev,none,live,202609189BE34D3B,2026-09-15T18:07:45.828Z
2026,2,17033,Sam LaPorta,DET,TE,at BUF,recYds,DraftKings,89.5,over,710,,0.1235,0.1235,,1,0.0027,-0.1207,-0.1207,ev,none,live,202609189BE34D3B,2026-09-15T18:07:45.828Z
2026,2,10854,Tyler Higbee,LAR,TE,vs NYG,anytimeTD,FanDuel,0.5,over,490,,0.1695,0.1695,,1,0.0488,-0.1207,-0.1207,ev,none,live,202609222DD46A1C,2026-09-15T18:07:45.828Z
2026,2,12483,Josh Allen,BUF,QB,vs DET,completions,BetRivers,19.5,over,-175,,0.6364,0.6364,,1,0.5156,-0.1208,-0.1208,ev,none,live,202609189BE34D3B,2026-09-15T18:07:45.828Z
2026,2,12483,Josh Allen,BUF,QB,vs DET,passYds,theScore,149.5,over,-2250,,0.9574,0.9574,,1,0.8362,-0.1212,-0.1212,ev,none,live,202609189BE34D3B,2026-09-15T18:07:45.828Z
2026,2,16697,Dalton Kincaid,BUF,TE,vs DET,recYds,DraftKings,69.5,over,187,,0.3484,0.3484,,1,0.2272,-0.1213,-0.1213,ev,none,live,202609189BE34D3B,2026-09-15T18:07:45.828Z
2026,2,16808,Jahmyr Gibbs,DET,RB,at BUF,recYds,theScore,9.5,over,-1100,,0.9167,0.9167,,1,0.7953,-0.1214,-0.1214,ev,none,live,202609189BE34D3B,2026-09-15T18:07:45.828Z
2026,2,15332,Amon-Ra St. Brown,DET,WR,at BUF,recYds,Hard Rock,105.5,over,220,-325,0.3125,0.2901,0.0772,0,0.1910,-0.1215,-0.0991,ev,multiplicative,live,202609189BE34D3B,2026-09-15T18:07:45.828Z
2026,2,15876,James Cook,BUF,RB,vs DET,rushYds,Hard Rock,53.5,under,260,-400,0.2778,0.2577,0.0778,0,0.1561,-0.1216,-0.1016,ev,multiplicative,live,202609189BE34D3B,2026-09-15T18:07:45.828Z
2026,2,12483,Josh Allen,BUF,QB,vs DET,passTD,Hard Rock,0.5,over,-1400,,0.9333,0.9333,,1,0.8118,-0.1216,-0.1216,ev,none,live,202609189BE34D3B,2026-09-15T18:07:45.828Z
2026,2,15892,Khalil Shakir,BUF,WR,vs DET,recYds,Hard Rock,29.5,under,190,-275,0.3448,0.3198,0.0782,0,0.2232,-0.1217,-0.0967,ev,multiplicative,live,202609189BE34D3B,2026-09-15T18:07:45.828Z
2026,2,16808,Jahmyr Gibbs,DET,RB,at BUF,recYds,Hard Rock,59.5,over,575,-1300,0.1481,0.1376,0.0767,0,0.0263,-0.1218,-0.1113,ev,multiplicative,live,202609189BE34D3B,2026-09-15T18:07:45.828Z
2026,2,10729,Jared Goff,DET,QB,at BUF,passYds,Hard Rock,299.5,over,170,-240,0.3704,0.3441,0.0763,0,0.2484,-0.1220,-0.0958,ev,multiplicative,live,202609189BE34D3B,2026-09-15T18:07:45.828Z
2026,2,10729,Jared Goff,DET,QB,at BUF,passYds,BetRivers,266.5,over,-115,-115,0.5349,0.5000,0.0698,0,0.4124,-0.1225,-0.0876,ev,multiplicative,live,202609189BE34D3B,2026-09-15T18:07:45.828Z
2026,2,15849,Jameson Williams,DET,WR,at BUF,recYds,FanDuel,89.5,over,278,,0.2646,0.2646,,1,0.1420,-0.1226,-0.1226,ev,none,live,202609189BE34D3B,2026-09-15T18:07:45.828Z
2026,2,15849,Jameson Williams,DET,WR,at BUF,recYds,Hard Rock,83.5,over,210,-325,0.3226,0.2967,0.0873,0,0.1999,-0.1227,-0.0968,ev,multiplicative,live,202609189BE34D3B,2026-09-15T18:07:45.828Z
2026,2,10819,Derrick Henry,BAL,RB,vs NO,anytimeTD,theScore,0.5,over,-190,,0.6552,0.6552,,1,0.5323,-0.1228,-0.1228,ev,none,live,20260920941629C7,2026-09-15T18:07:45.828Z
2026,2,15447,Joshua Palmer,BUF,WR,vs DET,recYds,DraftKings,49.5,over,710,,0.1235,0.1235,,1,0.0006,-0.1229,-0.1229,ev,none,live,202609189BE34D3B,2026-09-15T18:07:45.828Z
2026,2,12483,Josh Allen,BUF,QB,vs DET,passTD,BetRivers,0.5,over,-1430,,0.9346,0.9346,,1,0.8118,-0.1229,-0.1229,ev,none,live,202609189BE34D3B,2026-09-15T18:07:45.828Z
2026,2,5971,Matthew Stafford,LAR,QB,vs NYG,passTD,Hard Rock,0.5,over,-1800,,0.9474,0.9474,,1,0.8245,-0.1229,-0.1229,ev,none,live,202609222DD46A1C,2026-09-15T18:07:45.828Z
2026,2,10729,Jared Goff,DET,QB,at BUF,passYds,DraftKings,269.5,over,-108,,0.5192,0.5192,,1,0.3962,-0.1230,-0.1230,ev,none,live,202609189BE34D3B,2026-09-15T18:07:45.828Z
2026,2,10729,Jared Goff,DET,QB,at BUF,passTD,FanDuel,1.5,over,-130,-102,0.5652,0.5282,0.0702,0,0.4422,-0.1230,-0.0860,ev,multiplicative,live,202609189BE34D3B,2026-09-15T18:07:45.828Z
2026,2,10729,Jared Goff,DET,QB,at BUF,passTD,theScore,1.5,over,-130,100,0.5652,0.5306,0.0652,0,0.4422,-0.1230,-0.0884,ev,multiplicative,live,202609189BE34D3B,2026-09-15T18:07:45.828Z
2026,2,11712,Deshaun Watson,CLE,QB,at TB,anytimeTD,BetMGM,0.5,over,340,,0.2273,0.2273,,1,0.1042,-0.1231,-0.1231,ev,none,live,20260920ABAE4147,2026-09-15T18:07:45.828Z
2026,2,15876,James Cook,BUF,RB,vs DET,rushYds,Hard Rock,63.5,under,160,-230,0.3846,0.3556,0.0816,0,0.2615,-0.1231,-0.0941,ev,multiplicative,live,202609189BE34D3B,2026-09-15T18:07:45.828Z
2026,2,18642,Isaac TeSlaa,DET,WR,at BUF,recYds,Hard Rock,25.5,over,165,-240,0.3774,0.3484,0.0832,0,0.2542,-0.1231,-0.0941,ev,multiplicative,live,202609189BE34D3B,2026-09-15T18:07:45.828Z
2026,2,12483,Josh Allen,BUF,QB,vs DET,anytimeTD,FanDuel,0.5,over,-135,,0.5745,0.5745,,1,0.4512,-0.1233,-0.1233,ev,none,live,202609189BE34D3B,2026-09-15T18:07:45.828Z
2026,2,12483,Josh Allen,BUF,QB,vs DET,rushYds,BetRivers,29.5,over,-125,,0.5556,0.5556,,1,0.4323,-0.1233,-0.1233,ev,none,live,202609189BE34D3B,2026-09-15T18:07:45.828Z
2026,2,16697,Dalton Kincaid,BUF,TE,vs DET,receptions,DraftKings,3.5,under,116,-148,0.4630,0.4369,0.0597,0,0.3396,-0.1233,-0.0972,ev,multiplicative,live,202609189BE34D3B,2026-09-15T18:07:45.828Z
2026,2,12483,Josh Allen,BUF,QB,vs DET,passYds,Hard Rock,138.5,over,-9000,1750,0.9890,0.9482,0.0431,0,0.8657,-0.1233,-0.0825,ev,multiplicative,live,202609189BE34D3B,2026-09-15T18:07:45.828Z
2026,2,10729,Jared Goff,DET,QB,at BUF,passYds,FanDuel,299.5,over,169,,0.3717,0.3717,,1,0.2484,-0.1234,-0.1234,ev,none,live,202609189BE34D3B,2026-09-15T18:07:45.828Z
2026,2,15876,James Cook,BUF,RB,vs DET,rushAtt,DraftKings,25.5,over,670,,0.1299,0.1299,,1,0.0064,-0.1235,-0.1235,ev,none,live,202609189BE34D3B,2026-09-15T18:07:45.828Z
2026,2,10729,Jared Goff,DET,QB,at BUF,passYds,DraftKings,267.5,over,-113,-111,0.5305,0.5021,0.0566,0,0.4070,-0.1235,-0.0951,ev,multiplicative,live,202609189BE34D3B,2026-09-15T18:07:45.828Z
2026,2,16697,Dalton Kincaid,BUF,TE,vs DET,recYds,BetRivers,69.5,over,185,,0.3509,0.3509,,1,0.2272,-0.1237,-0.1237,ev,none,live,202609189BE34D3B,2026-09-15T18:07:45.828Z
2026,2,16697,Dalton Kincaid,BUF,TE,vs DET,recYds,theScore,69.5,over,185,,0.3509,0.3509,,1,0.2272,-0.1237,-0.1237,ev,none,live,202609189BE34D3B,2026-09-15T18:07:45.828Z
2026,2,18642,Isaac TeSlaa,DET,WR,at BUF,recYds,Hard Rock,0.5,under,250,-375,0.2857,0.2657,0.0752,0,0.1618,-0.1239,-0.1040,ev,multiplicative,live,202609189BE34D3B,2026-09-15T18:07:45.828Z
2026,2,16697,Dalton Kincaid,BUF,TE,vs DET,recYds,Hard Rock,100.5,over,600,-1500,0.1429,0.1322,0.0804,0,0.0189,-0.1239,-0.1133,ev,multiplicative,live,202609189BE34D3B,2026-09-15T18:07:45.828Z
2026,2,10729,Jared Goff,DET,QB,at BUF,passTD,DraftKings,0.5,over,-910,,0.9010,0.9010,,1,0.7769,-0.1241,-0.1241,ev,none,live,202609189BE34D3B,2026-09-15T18:07:45.828Z
2026,2,15447,Joshua Palmer,BUF,WR,vs DET,recYds,Hard Rock,48.5,over,700,-2000,0.1250,0.1160,0.0774,0,0.0008,-0.1242,-0.1152,ev,multiplicative,live,202609189BE34D3B,2026-09-15T18:07:45.828Z
2026,2,12483,Josh Allen,BUF,QB,vs DET,passYds,Caesars,299.5,over,220,,0.3125,0.3125,,1,0.1880,-0.1245,-0.1245,ev,none,live,202609189BE34D3B,2026-09-15T18:07:45.828Z
2026,2,18574,Jaxson Dart,NYG,QB,at LAR,rushYds,Hard Rock,64.5,over,600,-1400,0.1429,0.1327,0.0762,0,0.0184,-0.1245,-0.1144,ev,multiplicative,live,202609222DD46A1C,2026-09-15T18:07:45.828Z
2026,2,17732,Keon Coleman,BUF,WR,vs DET,recYds,Hard Rock,1.5,under,220,-325,0.3125,0.2901,0.0772,0,0.1879,-0.1246,-0.1022,ev,multiplicative,live,202609189BE34D3B,2026-09-15T18:07:45.828Z
2026,2,10729,Jared Goff,DET,QB,at BUF,passYds,Hard Rock,298.5,over,165,-240,0.3774,0.3484,0.0832,0,0.2528,-0.1246,-0.0956,ev,multiplicative,live,202609189BE34D3B,2026-09-15T18:07:45.828Z
2026,2,17033,Sam LaPorta,DET,TE,at BUF,recYds,Hard Rock,99.5,over,700,-2200,0.1250,0.1156,0.0815,0,0.0003,-0.1247,-0.1153,ev,multiplicative,live,202609189BE34D3B,2026-09-15T18:07:45.828Z
2026,2,15332,Amon-Ra St. Brown,DET,WR,at BUF,recYds,Hard Rock,110.5,over,260,-400,0.2778,0.2577,0.0778,0,0.1529,-0.1249,-0.1048,ev,multiplicative,live,202609189BE34D3B,2026-09-15T18:07:45.828Z
2026,2,11734,David Njoku,LAC,TE,vs LV,anytimeTD,Caesars,0.5,over,320,,0.2381,0.2381,,1,0.1131,-0.1250,-0.1250,ev,none,live,2026092038FE57CE,2026-09-15T18:07:45.828Z
2026,2,13466,Dawson Knox,BUF,TE,vs DET,recYds,Hard Rock,42.5,over,650,-1600,0.1333,0.1241,0.0745,0,0.0080,-0.1254,-0.1161,ev,multiplicative,live,202609189BE34D3B,2026-09-15T18:07:45.828Z
2026,2,15332,Amon-Ra St. Brown,DET,WR,at BUF,recYds,theScore,109.5,over,250,,0.2857,0.2857,,1,0.1601,-0.1256,-0.1256,ev,none,live,202609189BE34D3B,2026-09-15T18:07:45.828Z
2026,2,10729,Jared Goff,DET,QB,at BUF,passYds,Caesars,267.5,over,-114,-115,0.5327,0.4990,0.0676,0,0.4070,-0.1257,-0.0920,ev,multiplicative,live,202609189BE34D3B,2026-09-15T18:07:45.828Z
2026,2,10729,Jared Goff,DET,QB,at BUF,passYds,DraftKings,259.5,over,-136,,0.5763,0.5763,,1,0.4506,-0.1257,-0.1257,ev,none,live,202609189BE34D3B,2026-09-15T18:07:45.828Z
2026,2,18574,Jaxson Dart,NYG,QB,at LAR,passTD,FanDuel,1.5,under,-250,182,0.7143,0.6682,0.0689,0,0.5884,-0.1259,-0.0799,ev,multiplicative,live,202609222DD46A1C,2026-09-15T18:07:45.828Z
2026,2,17732,Keon Coleman,BUF,WR,vs DET,recYds,Hard Rock,41.5,under,-1200,550,0.9231,0.8571,0.0769,0,0.7971,-0.1260,-0.0601,ev,multiplicative,live,202609189BE34D3B,2026-09-15T18:07:45.828Z
2026,2,13466,Dawson Knox,BUF,TE,vs DET,recYds,theScore,39.5,over,600,,0.1429,0.1429,,1,0.0167,-0.1261,-0.1261,ev,none,live,202609189BE34D3B,2026-09-15T18:07:45.828Z
2026,2,10729,Jared Goff,DET,QB,at BUF,passYds,Hard Rock,288.5,over,135,-185,0.4255,0.3960,0.0747,0,0.2991,-0.1264,-0.0968,ev,multiplicative,live,202609189BE34D3B,2026-09-15T18:07:45.828Z
2026,2,12483,Josh Allen,BUF,QB,vs DET,passTD,FanDuel,1.5,over,-166,124,0.6241,0.5830,0.0705,0,0.4974,-0.1267,-0.0856,ev,multiplicative,live,202609189BE34D3B,2026-09-15T18:07:45.828Z
2026,2,10729,Jared Goff,DET,QB,at BUF,passTD,Caesars,1.5,over,-132,107,0.5690,0.5408,0.0521,0,0.4422,-0.1268,-0.0986,ev,multiplicative,live,202609189BE34D3B,2026-09-15T18:07:45.828Z
2026,2,15876,James Cook,BUF,RB,vs DET,rushYds,Hard Rock,49.5,under,300,-550,0.2500,0.2281,0.0962,0,0.1232,-0.1268,-0.1049,ev,multiplicative,live,202609189BE34D3B,2026-09-15T18:07:45.828Z
2026,2,16697,Dalton Kincaid,BUF,TE,vs DET,recYds,FanDuel,99.5,over,576,,0.1479,0.1479,,1,0.0210,-0.1269,-0.1269,ev,none,live,202609189BE34D3B,2026-09-15T18:07:45.828Z
2026,2,18574,Jaxson Dart,NYG,QB,at LAR,rushYds,Hard Rock,65.5,over,600,-1600,0.1429,0.1318,0.0840,0,0.0159,-0.1269,-0.1159,ev,multiplicative,live,202609222DD46A1C,2026-09-15T18:07:45.828Z
2026,2,15332,Amon-Ra St. Brown,DET,WR,at BUF,receptions,Caesars,4.5,over,-850,,0.8947,0.8947,,1,0.7677,-0.1270,-0.1270,ev,none,live,202609189BE34D3B,2026-09-15T18:07:45.828Z
2026,2,16697,Dalton Kincaid,BUF,TE,vs DET,recYds,Caesars,99.5,over,575,,0.1481,0.1481,,1,0.0210,-0.1272,-0.1272,ev,none,live,202609189BE34D3B,2026-09-15T18:07:45.828Z
2026,2,16697,Dalton Kincaid,BUF,TE,vs DET,recYds,Hard Rock,99.5,over,575,-1400,0.1481,0.1370,0.0815,0,0.0210,-0.1272,-0.1160,ev,multiplicative,live,202609189BE34D3B,2026-09-15T18:07:45.828Z
2026,2,15807,Kyren Williams,LAR,RB,vs NYG,rushYds,Hard Rock,39.5,under,325,-550,0.2353,0.2176,0.0814,0,0.1079,-0.1274,-0.1096,ev,multiplicative,live,202609222DD46A1C,2026-09-15T18:07:45.828Z
2026,2,15332,Amon-Ra St. Brown,DET,WR,at BUF,receptions,FanDuel,4.5,over,-854,,0.8952,0.8952,,1,0.7677,-0.1275,-0.1275,ev,none,live,202609189BE34D3B,2026-09-15T18:07:45.828Z
2026,2,15447,Joshua Palmer,BUF,WR,vs DET,anytimeTD,Caesars,0.5,over,500,,0.1667,0.1667,,1,0.0392,-0.1275,-0.1275,ev,none,live,202609189BE34D3B,2026-09-15T18:07:45.828Z
2026,2,15447,Joshua Palmer,BUF,WR,vs DET,anytimeTD,BetRivers,0.5,over,500,,0.1667,0.1667,,1,0.0392,-0.1275,-0.1275,ev,none,live,202609189BE34D3B,2026-09-15T18:07:45.828Z
2026,2,15447,Joshua Palmer,BUF,WR,vs DET,anytimeTD,DraftKings,0.5,over,500,,0.1667,0.1667,,1,0.0392,-0.1275,-0.1275,ev,none,live,202609189BE34D3B,2026-09-15T18:07:45.828Z
2026,2,16808,Jahmyr Gibbs,DET,RB,at BUF,recYds,Hard Rock,9.5,over,-1200,525,0.9231,0.8523,0.0831,0,0.7953,-0.1278,-0.0570,ev,multiplicative,live,202609189BE34D3B,2026-09-15T18:07:45.828Z
2026,2,12483,Josh Allen,BUF,QB,vs DET,passYds,Caesars,289.5,over,182,,0.3546,0.3546,,1,0.2267,-0.1279,-0.1279,ev,none,live,202609189BE34D3B,2026-09-15T18:07:45.828Z
2026,2,10729,Jared Goff,DET,QB,at BUF,passTD,Hard Rock,0.5,over,-950,,0.9048,0.9048,,1,0.7769,-0.1279,-0.1279,ev,none,live,202609189BE34D3B,2026-09-15T18:07:45.828Z
2026,2,18567,LaJohntay Wester,BAL,WR,vs NO,anytimeTD,BetMGM,0.5,over,625,,0.1379,0.1379,,1,0.0100,-0.1280,-0.1280,ev,none,live,20260920941629C7,2026-09-15T18:07:45.828Z
2026,2,12483,Josh Allen,BUF,QB,vs DET,passYds,DraftKings,252.5,over,-113,-111,0.5305,0.5021,0.0566,0,0.4022,-0.1283,-0.0999,ev,multiplicative,live,202609189BE34D3B,2026-09-15T18:07:45.828Z
2026,2,16697,Dalton Kincaid,BUF,TE,vs DET,recYds,Hard Rock,75.5,over,250,-375,0.2857,0.2657,0.0752,0,0.1574,-0.1283,-0.1084,ev,multiplicative,live,202609189BE34D3B,2026-09-15T18:07:45.828Z
2026,2,12483,Josh Allen,BUF,QB,vs DET,passYds,Caesars,239.5,over,-150,,0.6000,0.6000,,1,0.4716,-0.1284,-0.1284,ev,none,live,202609189BE34D3B,2026-09-15T18:07:45.828Z
2026,2,15876,James Cook,BUF,RB,vs DET,rushYds,Hard Rock,58.5,under,200,-300,0.3333,0.3077,0.0833,0,0.2048,-0.1285,-0.1029,ev,multiplicative,live,202609189BE34D3B,2026-09-15T18:07:45.828Z
2026,2,18514,Cam Skattebo,NYG,RB,at LAR,rushYds,Hard Rock,99.5,under,-1600,650,0.9412,0.8759,0.0745,0,0.8126,-0.1286,-0.0633,ev,multiplicative,live,202609222DD46A1C,2026-09-15T18:07:45.828Z
2026,2,16697,Dalton Kincaid,BUF,TE,vs DET,recYds,Hard Rock,95.5,over,525,-1100,0.1600,0.1486,0.0767,0,0.0313,-0.1287,-0.1173,ev,multiplicative,live,202609189BE34D3B,2026-09-15T18:07:45.828Z
2026,2,15849,Jameson Williams,DET,WR,at BUF,recYds,FanDuel,109.5,over,517,,0.1621,0.1621,,1,0.0332,-0.1289,-0.1289,ev,none,live,202609189BE34D3B,2026-09-15T18:07:45.828Z
2026,2,16808,Jahmyr Gibbs,DET,RB,at BUF,recYds,FanDuel,19.5,over,-272,,0.7312,0.7312,,1,0.6022,-0.1289,-0.1289,ev,none,live,202609189BE34D3B,2026-09-15T18:07:45.828Z
2026,2,10729,Jared Goff,DET,QB,at BUF,passYds,theScore,299.5,over,165,,0.3774,0.3774,,1,0.2484,-0.1290,-0.1290,ev,none,live,202609189BE34D3B,2026-09-15T18:07:45.828Z
2026,2,17732,Keon Coleman,BUF,WR,vs DET,recYds,Hard Rock,39.5,under,-1000,500,0.9091,0.8451,0.0758,0,0.7799,-0.1292,-0.0652,ev,multiplicative,live,202609189BE34D3B,2026-09-15T18:07:45.828Z
2026,2,10729,Jared Goff,DET,QB,at BUF,passYds,Caesars,319.5,over,235,,0.2985,0.2985,,1,0.1692,-0.1293,-0.1293,ev,none,live,202609189BE34D3B,2026-09-15T18:07:45.828Z
2026,2,14630,Juwan Johnson,NO,TE,at BAL,anytimeTD,BetMGM,0.5,over,250,,0.2857,0.2857,,1,0.1563,-0.1294,-0.1294,ev,none,live,20260920941629C7,2026-09-15T18:07:45.828Z
2026,2,10729,Jared Goff,DET,QB,at BUF,passYds,Hard Rock,158.5,over,-6000,1400,0.9836,0.9365,0.0503,0,0.8542,-0.1294,-0.0823,ev,multiplicative,live,202609189BE34D3B,2026-09-15T18:07:45.828Z
2026,2,16808,Jahmyr Gibbs,DET,RB,at BUF,recYds,DraftKings,14.5,over,-509,,0.8358,0.8358,,1,0.7061,-0.1297,-0.1297,ev,none,live,202609189BE34D3B,2026-09-15T18:07:45.828Z
2026,2,15332,Amon-Ra St. Brown,DET,WR,at BUF,recYds,Hard Rock,115.5,over,300,-500,0.2500,0.2308,0.0833,0,0.1202,-0.1298,-0.1106,ev,multiplicative,live,202609189BE34D3B,2026-09-15T18:07:45.828Z
2026,2,12483,Josh Allen,BUF,QB,vs DET,rushYds,DraftKings,30.5,over,-112,-112,0.5283,0.5000,0.0566,0,0.3984,-0.1299,-0.1016,ev,multiplicative,live,202609189BE34D3B,2026-09-15T18:07:45.828Z
2026,2,16810,Keaton Mitchell,LAC,RB,vs LV,anytimeTD,BetMGM,0.5,over,230,,0.3030,0.3030,,1,0.1730,-0.1300,-0.1300,ev,none,live,2026092038FE57CE,2026-09-15T18:07:45.828Z
2026,2,10729,Jared Goff,DET,QB,at BUF,passYds,DraftKings,249.5,over,-174,,0.6350,0.6350,,1,0.5048,-0.1302,-0.1302,ev,none,live,202609189BE34D3B,2026-09-15T18:07:45.828Z
2026,2,16790,Puka Nacua,LAR,WR,vs NYG,anytimeTD,FanDuel,0.5,over,-110,,0.5238,0.5238,,1,0.3935,-0.1303,-0.1303,ev,none,live,202609222DD46A1C,2026-09-15T18:07:45.828Z
2026,2,12483,Josh Allen,BUF,QB,vs DET,passYds,Caesars,279.5,over,150,,0.4000,0.4000,,1,0.2696,-0.1304,-0.1304,ev,none,live,202609189BE34D3B,2026-09-15T18:07:45.828Z
2026,2,15849,Jameson Williams,DET,WR,at BUF,recYds,Caesars,79.5,over,166,,0.3759,0.3759,,1,0.2454,-0.1305,-0.1305,ev,none,live,202609189BE34D3B,2026-09-15T18:07:45.828Z
2026,2,12483,Josh Allen,BUF,QB,vs DET,passYds,Hard Rock,238.5,over,-155,110,0.6078,0.5607,0.0840,0,0.4770,-0.1308,-0.0837,ev,multiplicative,live,202609189BE34D3B,2026-09-15T18:07:45.828Z
2026,2,13466,Dawson Knox,BUF,TE,vs DET,recYds,theScore,29.5,over,300,,0.2500,0.2500,,1,0.1191,-0.1309,-0.1309,ev,none,live,202609189BE34D3B,2026-09-15T18:07:45.828Z
2026,2,12483,Josh Allen,BUF,QB,vs DET,rushYds,Caesars,29.5,over,-129,,0.5633,0.5633,,1,0.4323,-0.1310,-0.1310,ev,none,live,202609189BE34D3B,2026-09-15T18:07:45.828Z
2026,2,16808,Jahmyr Gibbs,DET,RB,at BUF,recYds,BetRivers,19.5,over,-275,,0.7333,0.7333,,1,0.6022,-0.1311,-0.1311,ev,none,live,202609189BE34D3B,2026-09-15T18:07:45.828Z
2026,2,16808,Jahmyr Gibbs,DET,RB,at BUF,recYds,Hard Rock,19.5,over,-275,195,0.7333,0.6839,0.0723,0,0.6022,-0.1311,-0.0816,ev,multiplicative,live,202609189BE34D3B,2026-09-15T18:07:45.828Z
2026,2,12483,Josh Allen,BUF,QB,vs DET,passYds,DraftKings,249.5,over,-122,,0.5495,0.5495,,1,0.4180,-0.1315,-0.1315,ev,none,live,202609189BE34D3B,2026-09-15T18:07:45.828Z
2026,2,15332,Amon-Ra St. Brown,DET,WR,at BUF,recYds,Caesars,89.5,over,109,,0.4785,0.4785,,1,0.3466,-0.1319,-0.1319,ev,none,live,202609189BE34D3B,2026-09-15T18:07:45.828Z
2026,2,15849,Jameson Williams,DET,WR,at BUF,recYds,FanDuel,99.5,over,388,,0.2049,0.2049,,1,0.0730,-0.1319,-0.1319,ev,none,live,202609189BE34D3B,2026-09-15T18:07:45.828Z
2026,2,18514,Cam Skattebo,NYG,RB,at LAR,rushYds,Hard Rock,54.5,under,-155,110,0.6078,0.5607,0.0840,0,0.4758,-0.1320,-0.0849,ev,multiplicative,live,202609222DD46A1C,2026-09-15T18:07:45.828Z
2026,2,13466,Dawson Knox,BUF,TE,vs DET,recYds,Hard Rock,17.5,under,-185,130,0.6491,0.5989,0.0839,0,0.5170,-0.1321,-0.0819,ev,multiplicative,live,202609189BE34D3B,2026-09-15T18:07:45.828Z
2026,2,12483,Josh Allen,BUF,QB,vs DET,passYds,Caesars,269.5,over,123,,0.4484,0.4484,,1,0.3162,-0.1322,-0.1322,ev,none,live,202609189BE34D3B,2026-09-15T18:07:45.828Z
2026,2,10729,Jared Goff,DET,QB,at BUF,passTD,BetRivers,0.5,over,-1000,,0.9091,0.9091,,1,0.7769,-0.1322,-0.1322,ev,none,live,202609189BE34D3B,2026-09-15T18:07:45.828Z
2026,2,12483,Josh Allen,BUF,QB,vs DET,passTD,theScore,1.5,over,-170,130,0.6296,0.5915,0.0644,0,0.4974,-0.1322,-0.0941,ev,multiplicative,live,202609189BE34D3B,2026-09-15T18:07:45.828Z
2026,2,10729,Jared Goff,DET,QB,at BUF,passTD,Hard Rock,1.5,over,-135,100,0.5745,0.5347,0.0745,0,0.4422,-0.1323,-0.0925,ev,multiplicative,live,202609189BE34D3B,2026-09-15T18:07:45.828Z
2026,2,15332,Amon-Ra St. Brown,DET,WR,at BUF,receptions,Hard Rock,4.5,over,-900,,0.9000,0.9000,,1,0.7677,-0.1323,-0.1323,ev,none,live,202609189BE34D3B,2026-09-15T18:07:45.828Z
2026,2,15332,Amon-Ra St. Brown,DET,WR,at BUF,receptions,theScore,4.5,over,-900,,0.9000,0.9000,,1,0.7677,-0.1323,-0.1323,ev,none,live,202609189BE34D3B,2026-09-15T18:07:45.828Z
2026,2,18574,Jaxson Dart,NYG,QB,at LAR,rushYds,Hard Rock,39.5,over,155,-220,0.3922,0.3632,0.0797,0,0.2598,-0.1323,-0.1034,ev,multiplicative,live,202609222DD46A1C,2026-09-15T18:07:45.828Z
2026,2,12483,Josh Allen,BUF,QB,vs DET,rushYds,Hard Rock,64.5,over,650,-1800,0.1333,0.1234,0.0807,0,0.0006,-0.1327,-0.1227,ev,multiplicative,live,202609189BE34D3B,2026-09-15T18:07:45.828Z
2026,2,17033,Sam LaPorta,DET,TE,at BUF,recYds,Hard Rock,96.5,over,650,-1800,0.1333,0.1234,0.0807,0,0.0006,-0.1327,-0.1228,ev,multiplicative,live,202609189BE34D3B,2026-09-15T18:07:45.828Z
2026,2,15447,Joshua Palmer,BUF,WR,vs DET,recYds,Hard Rock,49.5,over,650,-2200,0.1333,0.1223,0.0899,0,0.0006,-0.1328,-0.1218,ev,multiplicative,live,202609189BE34D3B,2026-09-15T18:07:45.828Z
2026,2,10729,Jared Goff,DET,QB,at BUF,passYds,Caesars,249.5,over,-176,,0.6377,0.6377,,1,0.5048,-0.1329,-0.1329,ev,none,live,202609189BE34D3B,2026-09-15T18:07:45.828Z
2026,2,12483,Josh Allen,BUF,QB,vs DET,rushYds,Hard Rock,65.5,over,650,-2000,0.1333,0.1228,0.0857,0,0.0005,-0.1329,-0.1223,ev,multiplicative,live,202609189BE34D3B,2026-09-15T18:07:45.828Z
2026,2,12483,Josh Allen,BUF,QB,vs DET,passYds,Caesars,229.5,over,-190,,0.6552,0.6552,,1,0.5219,-0.1333,-0.1333,ev,none,live,202609189BE34D3B,2026-09-15T18:07:45.828Z
2026,2,15332,Amon-Ra St. Brown,DET,WR,at BUF,receptions,BetRivers,4.5,over,-910,,0.9010,0.9010,,1,0.7677,-0.1333,-0.1333,ev,none,live,202609189BE34D3B,2026-09-15T18:07:45.828Z
2026,2,10729,Jared Goff,DET,QB,at BUF,passYds,Hard Rock,268.5,over,-115,-115,0.5349,0.5000,0.0698,0,0.4016,-0.1333,-0.0984,ev,multiplicative,live,202609189BE34D3B,2026-09-15T18:07:45.828Z
2026,2,12483,Josh Allen,BUF,QB,vs DET,rushAtt,Hard Rock,14.5,over,650,,0.1333,0.1333,,1,0.0000,-0.1333,-0.1333,ev,none,live,202609189BE34D3B,2026-09-15T18:07:45.828Z
2026,2,12477,DJ Moore,BUF,WR,vs DET,recYds,Hard Rock,64.5,over,100,-140,0.5000,0.4615,0.0833,0,0.3665,-0.1335,-0.0951,ev,multiplicative,live,202609189BE34D3B,2026-09-15T18:07:45.828Z
2026,2,15849,Jameson Williams,DET,WR,at BUF,recYds,theScore,109.5,over,500,,0.1667,0.1667,,1,0.0332,-0.1335,-0.1335,ev,none,live,202609189BE34D3B,2026-09-15T18:07:45.828Z
2026,2,16808,Jahmyr Gibbs,DET,RB,at BUF,recYds,Hard Rock,54.5,over,450,-850,0.1818,0.1689,0.0766,0,0.0480,-0.1338,-0.1208,ev,multiplicative,live,202609189BE34D3B,2026-09-15T18:07:45.828Z
2026,2,18574,Jaxson Dart,NYG,QB,at LAR,passTD,Hard Rock,1.5,under,-260,180,0.7222,0.6691,0.0794,0,0.5884,-0.1338,-0.0807,ev,multiplicative,live,202609222DD46A1C,2026-09-15T18:07:45.828Z
2026,2,16808,Jahmyr Gibbs,DET,RB,at BUF,recYds,Hard Rock,14.5,over,-525,325,0.8400,0.7812,0.0753,0,0.7061,-0.1339,-0.0751,ev,multiplicative,live,202609189BE34D3B,2026-09-15T18:07:45.828Z
2026,2,12483,Josh Allen,BUF,QB,vs DET,passYds,Caesars,259.5,over,100,,0.5000,0.5000,,1,0.3659,-0.1341,-0.1341,ev,none,live,202609189BE34D3B,2026-09-15T18:07:45.828Z
2026,2,10729,Jared Goff,DET,QB,at BUF,passTD,DraftKings,1.5,over,-136,107,0.5763,0.5440,0.0594,0,0.4422,-0.1341,-0.1018,ev,multiplicative,live,202609189BE34D3B,2026-09-15T18:07:45.828Z
2026,2,10729,Jared Goff,DET,QB,at BUF,completions,Caesars,24.5,over,103,-136,0.4926,0.4609,0.0689,0,0.3583,-0.1343,-0.1025,ev,multiplicative,live,202609189BE34D3B,2026-09-15T18:07:45.828Z
2026,2,17033,Sam LaPorta,DET,TE,at BUF,recYds,FanDuel,89.5,over,629,,0.1372,0.1372,,1,0.0027,-0.1344,-0.1344,ev,none,live,202609189BE34D3B,2026-09-15T18:07:45.828Z
2026,2,15849,Jameson Williams,DET,WR,at BUF,recYds,Hard Rock,88.5,over,250,-375,0.2857,0.2657,0.0752,0,0.1508,-0.1349,-0.1150,ev,multiplicative,live,202609189BE34D3B,2026-09-15T18:07:45.828Z
2026,2,17732,Keon Coleman,BUF,WR,vs DET,receptions,Caesars,1.5,under,-230,170,0.6970,0.6530,0.0673,0,0.5618,-0.1351,-0.0912,ev,multiplicative,live,202609189BE34D3B,2026-09-15T18:07:45.828Z
2026,2,15447,Joshua Palmer,BUF,WR,vs DET,recYds,FanDuel,49.5,over,637,,0.1357,0.1357,,1,0.0006,-0.1351,-0.1351,ev,none,live,202609189BE34D3B,2026-09-15T18:07:45.828Z
2026,2,17732,Keon Coleman,BUF,WR,vs DET,receptions,Hard Rock,1.5,under,-230,165,0.6970,0.6487,0.0743,0,0.5618,-0.1351,-0.0869,ev,multiplicative,live,202609189BE34D3B,2026-09-15T18:07:45.828Z
2026,2,17033,Sam LaPorta,DET,TE,at BUF,recYds,Caesars,89.5,over,625,,0.1379,0.1379,,1,0.0027,-0.1352,-0.1352,ev,none,live,202609189BE34D3B,2026-09-15T18:07:45.828Z
2026,2,16808,Jahmyr Gibbs,DET,RB,at BUF,recYds,FanDuel,59.5,over,518,,0.1618,0.1618,,1,0.0263,-0.1355,-0.1355,ev,none,live,202609189BE34D3B,2026-09-15T18:07:45.828Z
2026,2,12483,Josh Allen,BUF,QB,vs DET,passYds,FanDuel,224.5,over,-213,,0.6805,0.6805,,1,0.5448,-0.1357,-0.1357,ev,none,live,202609189BE34D3B,2026-09-15T18:07:45.828Z
2026,2,15849,Jameson Williams,DET,WR,at BUF,recYds,theScore,89.5,over,260,,0.2778,0.2778,,1,0.1420,-0.1358,-0.1358,ev,none,live,202609189BE34D3B,2026-09-15T18:07:45.828Z
2026,2,18574,Jaxson Dart,NYG,QB,at LAR,rushYds,Hard Rock,40.5,over,165,-230,0.3774,0.3513,0.0743,0,0.2414,-0.1359,-0.1098,ev,multiplicative,live,202609222DD46A1C,2026-09-15T18:07:45.828Z
2026,2,12477,DJ Moore,BUF,WR,vs DET,recYds,DraftKings,109.5,over,600,,0.1429,0.1429,,1,0.0069,-0.1360,-0.1360,ev,none,live,202609189BE34D3B,2026-09-15T18:07:45.828Z
2026,2,18514,Cam Skattebo,NYG,RB,at LAR,rushYds,Hard Rock,59.5,under,-195,140,0.6610,0.6134,0.0777,0,0.5250,-0.1360,-0.0884,ev,multiplicative,live,202609222DD46A1C,2026-09-15T18:07:45.828Z
2026,2,15909,Kenneth Walker III,KC,RB,vs IND,anytimeTD,theScore,0.5,over,-170,,0.6296,0.6296,,1,0.4934,-0.1362,-0.1362,ev,none,live,202609217572D919,2026-09-15T18:07:45.828Z
2026,2,12483,Josh Allen,BUF,QB,vs DET,passTD,Caesars,1.5,over,-173,140,0.6337,0.6033,0.0504,0,0.4974,-0.1363,-0.1059,ev,multiplicative,live,202609189BE34D3B,2026-09-15T18:07:45.828Z
2026,2,17732,Keon Coleman,BUF,WR,vs DET,recYds,Hard Rock,36.5,under,-800,425,0.8889,0.8235,0.0794,0,0.7526,-0.1363,-0.0709,ev,multiplicative,live,202609189BE34D3B,2026-09-15T18:07:45.828Z
2026,2,16697,Dalton Kincaid,BUF,TE,vs DET,recYds,DraftKings,99.5,over,535,,0.1575,0.1575,,1,0.0210,-0.1365,-0.1365,ev,none,live,202609189BE34D3B,2026-09-15T18:07:45.828Z
2026,2,12483,Josh Allen,BUF,QB,vs DET,rushYds,Hard Rock,30.5,over,-115,-115,0.5349,0.5000,0.0698,0,0.3984,-0.1365,-0.1016,ev,multiplicative,live,202609189BE34D3B,2026-09-15T18:07:45.828Z
2026,2,13466,Dawson Knox,BUF,TE,vs DET,recYds,Hard Rock,39.5,over,550,-1200,0.1538,0.1429,0.0769,0,0.0167,-0.1371,-0.1261,ev,multiplicative,live,202609189BE34D3B,2026-09-15T18:07:45.828Z
2026,2,15332,Amon-Ra St. Brown,DET,WR,at BUF,recYds,theScore,119.5,over,325,,0.2353,0.2353,,1,0.0979,-0.1374,-0.1374,ev,none,live,202609189BE34D3B,2026-09-15T18:07:45.828Z
2026,2,15332,Amon-Ra St. Brown,DET,WR,at BUF,receptions,Caesars,5.5,over,-345,,0.7753,0.7753,,1,0.6377,-0.1375,-0.1375,ev,none,live,202609189BE34D3B,2026-09-15T18:07:45.828Z
2026,2,15849,Jameson Williams,DET,WR,at BUF,recYds,Hard Rock,99.5,over,375,-600,0.2105,0.1972,0.0677,0,0.0730,-0.1375,-0.1242,ev,multiplicative,live,202609189BE34D3B,2026-09-15T18:07:45.828Z
2026,2,12483,Josh Allen,BUF,QB,vs DET,passYds,DraftKings,239.5,over,-156,,0.6094,0.6094,,1,0.4716,-0.1378,-0.1378,ev,none,live,202609189BE34D3B,2026-09-15T18:07:45.828Z
2026,2,12483,Josh Allen,BUF,QB,vs DET,passYds,BetRivers,253.5,over,-115,-115,0.5349,0.5000,0.0698,0,0.3970,-0.1379,-0.1030,ev,multiplicative,live,202609189BE34D3B,2026-09-15T18:07:45.828Z
2026,2,10729,Jared Goff,DET,QB,at BUF,passYds,BetRivers,249.5,over,-180,,0.6429,0.6429,,1,0.5048,-0.1381,-0.1381,ev,none,live,202609189BE34D3B,2026-09-15T18:07:45.828Z
2026,2,16697,Dalton Kincaid,BUF,TE,vs DET,recYds,BetRivers,89.5,over,420,,0.1923,0.1923,,1,0.0542,-0.1381,-0.1381,ev,none,live,202609189BE34D3B,2026-09-15T18:07:45.828Z
2026,2,16697,Dalton Kincaid,BUF,TE,vs DET,recYds,Hard Rock,80.5,over,300,-475,0.2500,0.2323,0.0761,0,0.1113,-0.1387,-0.1210,ev,multiplicative,live,202609189BE34D3B,2026-09-15T18:07:45.828Z
2026,2,10729,Jared Goff,DET,QB,at BUF,passYds,Hard Rock,278.5,over,105,-145,0.4878,0.4518,0.0796,0,0.3490,-0.1388,-0.1028,ev,multiplicative,live,202609189BE34D3B,2026-09-15T18:07:45.828Z
2026,2,13466,Dawson Knox,BUF,TE,vs DET,recYds,Hard Rock,32.5,over,375,-650,0.2105,0.1954,0.0772,0,0.0717,-0.1389,-0.1238,ev,multiplicative,live,202609189BE34D3B,2026-09-15T18:07:45.828Z
2026,2,12477,DJ Moore,BUF,WR,vs DET,recYds,Hard Rock,65.5,over,105,-145,0.4878,0.4518,0.0796,0,0.3489,-0.1389,-0.1030,ev,multiplicative,live,202609189BE34D3B,2026-09-15T18:07:45.828Z
2026,2,12483,Josh Allen,BUF,QB,vs DET,passTD,BetRivers,1.5,over,-175,130,0.6364,0.5941,0.0711,0,0.4974,-0.1390,-0.0967,ev,multiplicative,live,202609189BE34D3B,2026-09-15T18:07:45.828Z
2026,2,10729,Jared Goff,DET,QB,at BUF,passYds,FanDuel,174.5,over,-1803,,0.9475,0.9475,,1,0.8082,-0.1392,-0.1392,ev,none,live,202609189BE34D3B,2026-09-15T18:07:45.828Z
2026,2,10729,Jared Goff,DET,QB,at BUF,completions,DraftKings,24.5,over,101,-127,0.4975,0.4707,0.0570,0,0.3583,-0.1392,-0.1123,ev,multiplicative,live,202609189BE34D3B,2026-09-15T18:07:45.828Z
2026,2,10729,Jared Goff,DET,QB,at BUF,passYds,theScore,174.5,over,-1800,,0.9474,0.9474,,1,0.8082,-0.1392,-0.1392,ev,none,live,202609189BE34D3B,2026-09-15T18:07:45.828Z
2026,2,16697,Dalton Kincaid,BUF,TE,vs DET,recYds,FanDuel,79.5,over,286,,0.2591,0.2591,,1,0.1197,-0.1394,-0.1394,ev,none,live,202609189BE34D3B,2026-09-15T18:07:45.828Z
2026,2,10729,Jared Goff,DET,QB,at BUF,passTD,BetRivers,1.5,over,-139,106,0.5816,0.5451,0.0670,0,0.4422,-0.1394,-0.1029,ev,multiplicative,live,202609189BE34D3B,2026-09-15T18:07:45.828Z
2026,2,18548,Luther Burden III,CHI,WR,vs MIN,anytimeTD,DraftKings,0.5,over,190,,0.3448,0.3448,,1,0.2055,-0.1394,-0.1394,ev,none,live,20260920AEBD0307,2026-09-15T18:07:45.828Z
2026,2,10729,Jared Goff,DET,QB,at BUF,passYds,Caesars,309.5,over,189,,0.3460,0.3460,,1,0.2065,-0.1395,-0.1395,ev,none,live,202609189BE34D3B,2026-09-15T18:07:45.828Z
2026,2,17732,Keon Coleman,BUF,WR,vs DET,recYds,Hard Rock,21.5,under,-275,190,0.7333,0.6802,0.0782,0,0.5939,-0.1395,-0.0863,ev,multiplicative,live,202609189BE34D3B,2026-09-15T18:07:45.828Z
2026,2,18514,Cam Skattebo,NYG,RB,at LAR,rushYds,Hard Rock,94.5,under,-1200,550,0.9231,0.8571,0.0769,0,0.7836,-0.1395,-0.0735,ev,multiplicative,live,202609222DD46A1C,2026-09-15T18:07:45.828Z
2026,2,17732,Keon Coleman,BUF,WR,vs DET,receptions,FanDuel,1.5,under,-235,172,0.7015,0.6561,0.0691,0,0.5618,-0.1396,-0.0943,ev,multiplicative,live,202609189BE34D3B,2026-09-15T18:07:45.828Z
2026,2,15849,Jameson Williams,DET,WR,at BUF,recYds,Hard Rock,93.5,over,300,-475,0.2500,0.2323,0.0761,0,0.1104,-0.1396,-0.1219,ev,multiplicative,live,202609189BE34D3B,2026-09-15T18:07:45.828Z
2026,2,12483,Josh Allen,BUF,QB,vs DET,passTD,Caesars,2.5,over,167,,0.3745,0.3745,,1,0.2349,-0.1397,-0.1397,ev,none,live,202609189BE34D3B,2026-09-15T18:07:45.828Z
2026,2,16808,Jahmyr Gibbs,DET,RB,at BUF,recYds,BetRivers,49.5,over,350,,0.2222,0.2222,,1,0.0822,-0.1400,-0.1400,ev,none,live,202609189BE34D3B,2026-09-15T18:07:45.828Z
2026,2,12483,Josh Allen,BUF,QB,vs DET,passYds,Hard Rock,228.5,over,-200,145,0.6667,0.6203,0.0748,0,0.5265,-0.1402,-0.0938,ev,multiplicative,live,202609189BE34D3B,2026-09-15T18:07:45.828Z
2026,2,13466,Dawson Knox,BUF,TE,vs DET,recYds,Hard Rock,37.5,over,500,-1000,0.1667,0.1549,0.0758,0,0.0264,-0.1403,-0.1286,ev,multiplicative,live,202609189BE34D3B,2026-09-15T18:07:45.828Z
2026,2,16808,Jahmyr Gibbs,DET,RB,at BUF,recYds,theScore,59.5,over,500,,0.1667,0.1667,,1,0.0263,-0.1403,-0.1403,ev,none,live,202609189BE34D3B,2026-09-15T18:07:45.828Z
2026,2,16808,Jahmyr Gibbs,DET,RB,at BUF,recYds,BetRivers,29.5,over,-110,-120,0.5238,0.4899,0.0693,0,0.3834,-0.1404,-0.1065,ev,multiplicative,live,202609189BE34D3B,2026-09-15T18:07:45.828Z
2026,2,15849,Jameson Williams,DET,WR,at BUF,recYds,Caesars,109.5,over,475,,0.1739,0.1739,,1,0.0332,-0.1407,-0.1407,ev,none,live,202609189BE34D3B,2026-09-15T18:07:45.828Z
2026,2,18642,Isaac TeSlaa,DET,WR,at BUF,recYds,Hard Rock,50.5,over,600,-1400,0.1429,0.1327,0.0762,0,0.0021,-0.1408,-0.1306,ev,multiplicative,live,202609189BE34D3B,2026-09-15T18:07:45.828Z
2026,2,16697,Dalton Kincaid,BUF,TE,vs DET,recYds,Hard Rock,90.5,over,425,-800,0.1905,0.1765,0.0794,0,0.0497,-0.1408,-0.1268,ev,multiplicative,live,202609189BE34D3B,2026-09-15T18:07:45.828Z
2026,2,17704,Malik Nabers,NYG,WR,at LAR,receptions,Hard Rock,3.5,over,-550,,0.8462,0.8462,,1,0.7050,-0.1411,-0.1411,ev,none,live,202609222DD46A1C,2026-09-15T18:07:45.828Z
2026,2,12483,Josh Allen,BUF,QB,vs DET,passYds,BetRivers,249.5,over,-127,,0.5595,0.5595,,1,0.4180,-0.1414,-0.1414,ev,none,live,202609189BE34D3B,2026-09-15T18:07:45.828Z
2026,2,10729,Jared Goff,DET,QB,at BUF,int,Hard Rock,0.5,over,-115,-115,0.5349,0.5000,0.0698,0,0.3935,-0.1414,-0.1065,ev,multiplicative,live,202609189BE34D3B,2026-09-15T18:07:45.828Z
2026,2,15447,Joshua Palmer,BUF,WR,vs DET,receptions,DraftKings,1.5,over,152,-196,0.3968,0.3747,0.0590,0,0.2551,-0.1417,-0.1196,ev,multiplicative,live,202609189BE34D3B,2026-09-15T18:07:45.828Z
2026,2,10729,Jared Goff,DET,QB,at BUF,completions,theScore,24.5,over,100,-130,0.5000,0.4694,0.0652,0,0.3583,-0.1417,-0.1110,ev,multiplicative,live,202609189BE34D3B,2026-09-15T18:07:45.828Z
2026,2,10729,Jared Goff,DET,QB,at BUF,completions,Hard Rock,24.5,over,100,-130,0.5000,0.4694,0.0652,0,0.3583,-0.1417,-0.1110,ev,multiplicative,live,202609189BE34D3B,2026-09-15T18:07:45.828Z
2026,2,10729,Jared Goff,DET,QB,at BUF,passYds,FanDuel,270.5,over,-114,-114,0.5327,0.5000,0.0654,0,0.3909,-0.1418,-0.1091,ev,multiplicative,live,202609189BE34D3B,2026-09-15T18:07:45.828Z
2026,2,10729,Jared Goff,DET,QB,at BUF,passYds,DraftKings,239.5,over,-225,,0.6923,0.6923,,1,0.5504,-0.1419,-0.1419,ev,none,live,202609189BE34D3B,2026-09-15T18:07:45.828Z
2026,2,16919,Zay Flowers,BAL,WR,vs NO,anytimeTD,BetMGM,0.5,over,115,,0.4651,0.4651,,1,0.3229,-0.1422,-0.1422,ev,none,live,20260920941629C7,2026-09-15T18:07:45.828Z
2026,2,15447,Joshua Palmer,BUF,WR,vs DET,recYds,theScore,49.5,over,600,,0.1429,0.1429,,1,0.0006,-0.1423,-0.1423,ev,none,live,202609189BE34D3B,2026-09-15T18:07:45.828Z
2026,2,18574,Jaxson Dart,NYG,QB,at LAR,rushYds,Hard Rock,60.5,over,475,-1000,0.1739,0.1606,0.0830,0,0.0316,-0.1423,-0.1290,ev,multiplicative,live,202609222DD46A1C,2026-09-15T18:07:45.828Z
2026,2,10729,Jared Goff,DET,QB,at BUF,passYds,Hard Rock,274.5,over,-105,-135,0.5122,0.4713,0.0867,0,0.3697,-0.1424,-0.1016,ev,multiplicative,live,202609189BE34D3B,2026-09-15T18:07:45.828Z
2026,2,15332,Amon-Ra St. Brown,DET,WR,at BUF,receptions,DraftKings,5.5,over,-355,,0.7802,0.7802,,1,0.6377,-0.1425,-0.1425,ev,none,live,202609189BE34D3B,2026-09-15T18:07:45.828Z
2026,2,12483,Josh Allen,BUF,QB,vs DET,passYds,Caesars,219.5,over,-245,,0.7101,0.7101,,1,0.5677,-0.1425,-0.1425,ev,none,live,202609189BE34D3B,2026-09-15T18:07:45.828Z
2026,2,16808,Jahmyr Gibbs,DET,RB,at BUF,rushYds,Hard Rock,64.5,under,240,-375,0.2941,0.2714,0.0836,0,0.1516,-0.1425,-0.1198,ev,multiplicative,live,202609189BE34D3B,2026-09-15T18:07:45.828Z
2026,2,18642,Isaac TeSlaa,DET,WR,at BUF,recYds,DraftKings,49.5,over,588,,0.1453,0.1453,,1,0.0028,-0.1426,-0.1426,ev,none,live,202609189BE34D3B,2026-09-15T18:07:45.828Z
2026,2,17732,Keon Coleman,BUF,WR,vs DET,recYds,Hard Rock,31.5,under,-550,325,0.8462,0.7824,0.0814,0,0.7035,-0.1427,-0.0790,ev,multiplicative,live,202609189BE34D3B,2026-09-15T18:07:45.828Z
2026,2,12483,Josh Allen,BUF,QB,vs DET,rushYds,BetRivers,30.5,over,-118,-113,0.5413,0.5050,0.0718,0,0.3984,-0.1429,-0.1067,ev,multiplicative,live,202609189BE34D3B,2026-09-15T18:07:45.828Z
2026,2,10729,Jared Goff,DET,QB,at BUF,passYds,Caesars,269.5,over,-117,,0.5392,0.5392,,1,0.3962,-0.1429,-0.1429,ev,none,live,202609189BE34D3B,2026-09-15T18:07:45.828Z
2026,2,10729,Jared Goff,DET,QB,at BUF,passAtt,DraftKings,43.5,over,459,,0.1789,0.1789,,1,0.0354,-0.1435,-0.1435,ev,none,live,202609189BE34D3B,2026-09-15T18:07:45.828Z
2026,2,16697,Dalton Kincaid,BUF,TE,vs DET,recYds,BetRivers,79.5,over,280,,0.2632,0.2632,,1,0.1197,-0.1435,-0.1435,ev,none,live,202609189BE34D3B,2026-09-15T18:07:45.828Z
2026,2,10729,Jared Goff,DET,QB,at BUF,passYds,Caesars,219.5,over,-360,,0.7826,0.7826,,1,0.6390,-0.1436,-0.1436,ev,none,live,202609189BE34D3B,2026-09-15T18:07:45.828Z
2026,2,15849,Jameson Williams,DET,WR,at BUF,recYds,Hard Rock,98.5,over,350,-575,0.2222,0.2069,0.0741,0,0.0785,-0.1438,-0.1284,ev,multiplicative,live,202609189BE34D3B,2026-09-15T18:07:45.828Z
2026,2,10729,Jared Goff,DET,QB,at BUF,passYds,Hard Rock,258.5,over,-150,110,0.6000,0.5575,0.0762,0,0.4561,-0.1439,-0.1015,ev,multiplicative,live,202609189BE34D3B,2026-09-15T18:07:45.828Z
2026,2,17732,Keon Coleman,BUF,WR,vs DET,receptions,theScore,1.5,under,-240,175,0.7059,0.6600,0.0695,0,0.5618,-0.1440,-0.0982,ev,multiplicative,live,202609189BE34D3B,2026-09-15T18:07:45.828Z
2026,2,12483,Josh Allen,BUF,QB,vs DET,passYds,Hard Rock,149.5,over,-5000,1200,0.9804,0.9272,0.0573,0,0.8362,-0.1441,-0.0910,ev,multiplicative,live,202609189BE34D3B,2026-09-15T18:07:45.828Z
2026,2,15849,Jameson Williams,DET,WR,at BUF,recYds,theScore,99.5,over,360,,0.2174,0.2174,,1,0.0730,-0.1444,-0.1444,ev,none,live,202609189BE34D3B,2026-09-15T18:07:45.828Z
2026,2,12483,Josh Allen,BUF,QB,vs DET,passYds,Hard Rock,148.5,over,-6000,1200,0.9836,0.9275,0.0605,0,0.8391,-0.1445,-0.0884,ev,multiplicative,live,202609189BE34D3B,2026-09-15T18:07:45.828Z
2026,2,18642,Isaac TeSlaa,DET,WR,at BUF,recYds,FanDuel,49.5,over,578,,0.1475,0.1475,,1,0.0028,-0.1447,-0.1447,ev,none,live,202609189BE34D3B,2026-09-15T18:07:45.828Z
2026,2,12483,Josh Allen,BUF,QB,vs DET,rushYds,FanDuel,59.5,over,578,,0.1475,0.1475,,1,0.0027,-0.1448,-0.1448,ev,none,live,202609189BE34D3B,2026-09-15T18:07:45.828Z
2026,2,15447,Joshua Palmer,BUF,WR,vs DET,receptions,Caesars,1.5,over,150,-200,0.4000,0.3750,0.0667,0,0.2551,-0.1449,-0.1199,ev,multiplicative,live,202609189BE34D3B,2026-09-15T18:07:45.828Z
2026,2,15447,Joshua Palmer,BUF,WR,vs DET,receptions,Hard Rock,1.5,over,150,-210,0.4000,0.3713,0.0774,0,0.2551,-0.1449,-0.1161,ev,multiplicative,live,202609189BE34D3B,2026-09-15T18:07:45.828Z
2026,2,15447,Joshua Palmer,BUF,WR,vs DET,receptions,theScore,1.5,over,150,-200,0.4000,0.3750,0.0667,0,0.2551,-0.1449,-0.1199,ev,multiplicative,live,202609189BE34D3B,2026-09-15T18:07:45.828Z
2026,2,10819,Derrick Henry,BAL,RB,vs NO,anytimeTD,BetMGM,0.5,over,-210,,0.6774,0.6774,,1,0.5323,-0.1451,-0.1451,ev,none,live,20260920941629C7,2026-09-15T18:07:45.828Z
2026,2,12483,Josh Allen,BUF,QB,vs DET,passYds,FanDuel,199.5,over,-403,,0.8012,0.8012,,1,0.6560,-0.1452,-0.1452,ev,none,live,202609189BE34D3B,2026-09-15T18:07:45.828Z
2026,2,10729,Jared Goff,DET,QB,at BUF,passYds,DraftKings,179.5,over,-1500,,0.9375,0.9375,,1,0.7922,-0.1453,-0.1453,ev,none,live,202609189BE34D3B,2026-09-15T18:07:45.828Z
2026,2,12483,Josh Allen,BUF,QB,vs DET,passYds,FanDuel,174.5,over,-903,,0.9003,0.9003,,1,0.7550,-0.1453,-0.1453,ev,none,live,202609189BE34D3B,2026-09-15T18:07:45.828Z
2026,2,18642,Isaac TeSlaa,DET,WR,at BUF,recYds,Caesars,49.5,over,575,,0.1481,0.1481,,1,0.0028,-0.1454,-0.1454,ev,none,live,202609189BE34D3B,2026-09-15T18:07:45.828Z
2026,2,18642,Isaac TeSlaa,DET,WR,at BUF,recYds,Hard Rock,49.5,over,575,-1300,0.1481,0.1376,0.0767,0,0.0028,-0.1454,-0.1348,ev,multiplicative,live,202609189BE34D3B,2026-09-15T18:07:45.828Z
2026,2,18548,Luther Burden III,CHI,WR,vs MIN,anytimeTD,theScore,0.5,over,185,,0.3509,0.3509,,1,0.2055,-0.1454,-0.1454,ev,none,live,20260920AEBD0307,2026-09-15T18:07:45.828Z
2026,2,16808,Jahmyr Gibbs,DET,RB,at BUF,recYds,Hard Rock,24.5,over,-175,125,0.6364,0.5888,0.0808,0,0.4908,-0.1455,-0.0980,ev,multiplicative,live,202609189BE34D3B,2026-09-15T18:07:45.828Z
2026,2,12483,Josh Allen,BUF,QB,vs DET,passTD,Hard Rock,1.5,over,-180,130,0.6429,0.5965,0.0776,0,0.4974,-0.1455,-0.0992,ev,multiplicative,live,202609189BE34D3B,2026-09-15T18:07:45.828Z
2026,2,15849,Jameson Williams,DET,WR,at BUF,recYds,Hard Rock,108.5,over,450,-900,0.1818,0.1681,0.0818,0,0.0361,-0.1457,-0.1320,ev,multiplicative,live,202609189BE34D3B,2026-09-15T18:07:45.828Z
2026,2,15849,Jameson Williams,DET,WR,at BUF,recYds,Hard Rock,103.5,over,400,-750,0.2000,0.1848,0.0824,0,0.0541,-0.1459,-0.1307,ev,multiplicative,live,202609189BE34D3B,2026-09-15T18:07:45.828Z
2026,2,10729,Jared Goff,DET,QB,at BUF,passYds,Caesars,289.5,over,127,,0.4405,0.4405,,1,0.2943,-0.1462,-0.1462,ev,none,live,202609189BE34D3B,2026-09-15T18:07:45.828Z
2026,2,10729,Jared Goff,DET,QB,at BUF,passYds,Caesars,259.5,over,-148,,0.5968,0.5968,,1,0.4506,-0.1462,-0.1462,ev,none,live,202609189BE34D3B,2026-09-15T18:07:45.828Z
2026,2,10729,Jared Goff,DET,QB,at BUF,passYds,Caesars,279.5,over,104,,0.4902,0.4902,,1,0.3439,-0.1463,-0.1463,ev,none,live,202609189BE34D3B,2026-09-15T18:07:45.828Z
2026,2,16697,Dalton Kincaid,BUF,TE,vs DET,recYds,Hard Rock,85.5,over,350,-600,0.2222,0.2059,0.0794,0,0.0758,-0.1464,-0.1301,ev,multiplicative,live,202609189BE34D3B,2026-09-15T18:07:45.828Z
2026,2,10729,Jared Goff,DET,QB,at BUF,passYds,Caesars,239.5,over,-230,,0.6970,0.6970,,1,0.5504,-0.1466,-0.1466,ev,none,live,202609189BE34D3B,2026-09-15T18:07:45.828Z
2026,2,16808,Jahmyr Gibbs,DET,RB,at BUF,recYds,FanDuel,24.5,over,-176,,0.6377,0.6377,,1,0.4908,-0.1468,-0.1468,ev,none,live,202609189BE34D3B,2026-09-15T18:07:45.828Z
2026,2,17704,Malik Nabers,NYG,WR,at LAR,receptions,Hard Rock,2.5,over,-2000,,0.9524,0.9524,,1,0.8056,-0.1468,-0.1468,ev,none,live,202609222DD46A1C,2026-09-15T18:07:45.828Z
2026,2,10729,Jared Goff,DET,QB,at BUF,passYds,Caesars,299.5,over,153,,0.3953,0.3953,,1,0.2484,-0.1469,-0.1469,ev,none,live,202609189BE34D3B,2026-09-15T18:07:45.828Z
2026,2,12483,Josh Allen,BUF,QB,vs DET,passYds,DraftKings,229.5,over,-202,,0.6689,0.6689,,1,0.5219,-0.1470,-0.1470,ev,none,live,202609189BE34D3B,2026-09-15T18:07:45.828Z
2026,2,16697,Dalton Kincaid,BUF,TE,vs DET,recYds,theScore,79.5,over,275,,0.2667,0.2667,,1,0.1197,-0.1470,-0.1470,ev,none,live,202609189BE34D3B,2026-09-15T18:07:45.828Z
2026,2,16697,Dalton Kincaid,BUF,TE,vs DET,recYds,Hard Rock,79.5,over,275,-450,0.2667,0.2458,0.0848,0,0.1197,-0.1470,-0.1262,ev,multiplicative,live,202609189BE34D3B,2026-09-15T18:07:45.828Z
2026,2,10729,Jared Goff,DET,QB,at BUF,passYds,FanDuel,274.5,over,-107,,0.5169,0.5169,,1,0.3697,-0.1472,-0.1472,ev,none,live,202609189BE34D3B,2026-09-15T18:07:45.828Z
2026,2,16697,Dalton Kincaid,BUF,TE,vs DET,recYds,FanDuel,89.5,over,396,,0.2016,0.2016,,1,0.0542,-0.1474,-0.1474,ev,none,live,202609189BE34D3B,2026-09-15T18:07:45.828Z
2026,2,12483,Josh Allen,BUF,QB,vs DET,passYds,Hard Rock,224.5,over,-225,160,0.6923,0.6429,0.0769,0,0.5448,-0.1475,-0.0980,ev,multiplicative,live,202609189BE34D3B,2026-09-15T18:07:45.828Z
2026,2,12483,Josh Allen,BUF,QB,vs DET,passYds,theScore,224.5,over,-225,,0.6923,0.6923,,1,0.5448,-0.1475,-0.1475,ev,none,live,202609189BE34D3B,2026-09-15T18:07:45.828Z
2026,2,10729,Jared Goff,DET,QB,at BUF,int,Caesars,0.5,over,-118,-110,0.5413,0.5082,0.0651,0,0.3935,-0.1478,-0.1147,ev,multiplicative,live,202609189BE34D3B,2026-09-15T18:07:45.828Z
2026,2,10729,Jared Goff,DET,QB,at BUF,int,DraftKings,0.5,over,-118,-108,0.5413,0.5104,0.0605,0,0.3935,-0.1478,-0.1169,ev,multiplicative,live,202609189BE34D3B,2026-09-15T18:07:45.828Z
2026,2,16808,Jahmyr Gibbs,DET,RB,at BUF,recYds,theScore,19.5,over,-300,,0.7500,0.7500,,1,0.6022,-0.1478,-0.1478,ev,none,live,202609189BE34D3B,2026-09-15T18:07:45.828Z
2026,2,18514,Cam Skattebo,NYG,RB,at LAR,rushYds,Hard Rock,89.5,under,-900,450,0.9000,0.8319,0.0818,0,0.7522,-0.1478,-0.0798,ev,multiplicative,live,202609222DD46A1C,2026-09-15T18:07:45.828Z
2026,2,15447,Joshua Palmer,BUF,WR,vs DET,receptions,FanDuel,1.5,over,148,-200,0.4032,0.3769,0.0699,0,0.2551,-0.1481,-0.1218,ev,multiplicative,live,202609189BE34D3B,2026-09-15T18:07:45.828Z
2026,2,16808,Jahmyr Gibbs,DET,RB,at BUF,recYds,DraftKings,49.5,over,334,,0.2304,0.2304,,1,0.0822,-0.1482,-0.1482,ev,none,live,202609189BE34D3B,2026-09-15T18:07:45.828Z
2026,2,10729,Jared Goff,DET,QB,at BUF,passYds,Caesars,229.5,over,-290,,0.7436,0.7436,,1,0.5953,-0.1483,-0.1483,ev,none,live,202609189BE34D3B,2026-09-15T18:07:45.828Z
2026,2,18514,Cam Skattebo,NYG,RB,at LAR,rushYds,Hard Rock,64.5,under,-250,175,0.7143,0.6627,0.0779,0,0.5658,-0.1484,-0.0968,ev,multiplicative,live,202609222DD46A1C,2026-09-15T18:07:45.828Z
2026,2,12477,DJ Moore,BUF,WR,vs DET,recYds,DraftKings,69.5,over,132,,0.4310,0.4310,,1,0.2820,-0.1490,-0.1490,ev,none,live,202609189BE34D3B,2026-09-15T18:07:45.828Z
2026,2,11732,Alvin Kamara,NO,RB,at BAL,anytimeTD,Caesars,0.5,over,325,,0.2353,0.2353,,1,0.0861,-0.1492,-0.1492,ev,none,live,20260920941629C7,2026-09-15T18:07:45.828Z
2026,2,10729,Jared Goff,DET,QB,at BUF,passYds,Hard Rock,168.5,over,-4000,1000,0.9756,0.9148,0.0665,0,0.8264,-0.1492,-0.0884,ev,multiplicative,live,202609189BE34D3B,2026-09-15T18:07:45.828Z
2026,2,16808,Jahmyr Gibbs,DET,RB,at BUF,recYds,Caesars,29.5,over,-114,-114,0.5327,0.5000,0.0654,0,0.3834,-0.1493,-0.1166,ev,multiplicative,live,202609189BE34D3B,2026-09-15T18:07:45.828Z
2026,2,16808,Jahmyr Gibbs,DET,RB,at BUF,recYds,FanDuel,29.5,over,-114,-114,0.5327,0.5000,0.0654,0,0.3834,-0.1493,-0.1166,ev,multiplicative,live,202609189BE34D3B,2026-09-15T18:07:45.828Z
2026,2,16808,Jahmyr Gibbs,DET,RB,at BUF,recYds,DraftKings,24.5,over,-178,,0.6403,0.6403,,1,0.4908,-0.1495,-0.1495,ev,none,live,202609189BE34D3B,2026-09-15T18:07:45.828Z
2026,2,18574,Jaxson Dart,NYG,QB,at LAR,rushYds,Hard Rock,50.5,over,300,-475,0.2500,0.2323,0.0761,0,0.1003,-0.1497,-0.1320,ev,multiplicative,live,202609222DD46A1C,2026-09-15T18:07:45.828Z
2026,2,17732,Keon Coleman,BUF,WR,vs DET,recYds,Hard Rock,26.5,under,-400,260,0.8000,0.7423,0.0778,0,0.6502,-0.1498,-0.0920,ev,multiplicative,live,202609189BE34D3B,2026-09-15T18:07:45.828Z
2026,2,17732,Keon Coleman,BUF,WR,vs DET,recYds,Hard Rock,24.5,under,-350,230,0.7778,0.7196,0.0808,0,0.6280,-0.1498,-0.0916,ev,multiplicative,live,202609189BE34D3B,2026-09-15T18:07:45.828Z
2026,2,12483,Josh Allen,BUF,QB,vs DET,passYds,Hard Rock,218.5,over,-260,185,0.7222,0.6730,0.0731,0,0.5722,-0.1500,-0.1008,ev,multiplicative,live,202609189BE34D3B,2026-09-15T18:07:45.828Z
2026,2,17033,Sam LaPorta,DET,TE,at BUF,recYds,DraftKings,59.5,over,187,,0.3484,0.3484,,1,0.1982,-0.1502,-0.1502,ev,none,live,202609189BE34D3B,2026-09-15T18:07:45.828Z
2026,2,10729,Jared Goff,DET,QB,at BUF,passYds,Hard Rock,249.5,over,-190,135,0.6552,0.6062,0.0807,0,0.5048,-0.1504,-0.1014,ev,multiplicative,live,202609189BE34D3B,2026-09-15T18:07:45.828Z
2026,2,15447,Joshua Palmer,BUF,WR,vs DET,recYds,Hard Rock,43.5,over,550,-1200,0.1538,0.1429,0.0769,0,0.0029,-0.1509,-0.1399,ev,multiplicative,live,202609189BE34D3B,2026-09-15T18:07:45.828Z
2026,2,15447,Joshua Palmer,BUF,WR,vs DET,recYds,FanDuel,13.5,over,-114,-114,0.5327,0.5000,0.0654,0,0.3816,-0.1511,-0.1184,ev,multiplicative,live,202609189BE34D3B,2026-09-15T18:07:45.828Z
2026,2,12483,Josh Allen,BUF,QB,vs DET,rushYds,theScore,59.5,over,550,,0.1538,0.1538,,1,0.0027,-0.1511,-0.1511,ev,none,live,202609189BE34D3B,2026-09-15T18:07:45.828Z
2026,2,18642,Isaac TeSlaa,DET,WR,at BUF,recYds,theScore,49.5,over,550,,0.1538,0.1538,,1,0.0028,-0.1511,-0.1511,ev,none,live,202609189BE34D3B,2026-09-15T18:07:45.828Z
2026,2,13466,Dawson Knox,BUF,TE,vs DET,recYds,BetRivers,29.5,over,270,,0.2703,0.2703,,1,0.1191,-0.1512,-0.1512,ev,none,live,202609189BE34D3B,2026-09-15T18:07:45.828Z
2026,2,12483,Josh Allen,BUF,QB,vs DET,rushYds,Caesars,30.5,over,-122,-108,0.5495,0.5142,0.0688,0,0.3984,-0.1512,-0.1158,ev,multiplicative,live,202609189BE34D3B,2026-09-15T18:07:45.828Z
2026,2,16808,Jahmyr Gibbs,DET,RB,at BUF,recYds,BetRivers,39.5,over,185,,0.3509,0.3509,,1,0.1995,-0.1514,-0.1514,ev,none,live,202609189BE34D3B,2026-09-15T18:07:45.828Z
2026,2,10729,Jared Goff,DET,QB,at BUF,passYds,DraftKings,229.5,over,-295,,0.7468,0.7468,,1,0.5953,-0.1515,-0.1515,ev,none,live,202609189BE34D3B,2026-09-15T18:07:45.828Z
2026,2,16808,Jahmyr Gibbs,DET,RB,at BUF,recYds,Hard Rock,29.5,over,-115,-115,0.5349,0.5000,0.0698,0,0.3834,-0.1515,-0.1166,ev,multiplicative,live,202609189BE34D3B,2026-09-15T18:07:45.828Z
2026,2,16697,Dalton Kincaid,BUF,TE,vs DET,recYds,Caesars,69.5,over,164,,0.3788,0.3788,,1,0.2272,-0.1516,-0.1516,ev,none,live,202609189BE34D3B,2026-09-15T18:07:45.828Z
2026,2,10729,Jared Goff,DET,QB,at BUF,passYds,Hard Rock,248.5,over,-195,140,0.6610,0.6134,0.0777,0,0.5094,-0.1516,-0.1040,ev,multiplicative,live,202609189BE34D3B,2026-09-15T18:07:45.828Z
2026,2,18574,Jaxson Dart,NYG,QB,at LAR,rushYds,Hard Rock,45.5,over,220,-325,0.3125,0.2901,0.0772,0,0.1609,-0.1516,-0.1292,ev,multiplicative,live,202609222DD46A1C,2026-09-15T18:07:45.828Z
2026,2,15332,Amon-Ra St. Brown,DET,WR,at BUF,receptions,Hard Rock,5.5,over,-375,,0.7895,0.7895,,1,0.6377,-0.1517,-0.1517,ev,none,live,202609189BE34D3B,2026-09-15T18:07:45.828Z
2026,2,12483,Josh Allen,BUF,QB,vs DET,rushYds,Hard Rock,60.5,over,550,-1200,0.1538,0.1429,0.0769,0,0.0021,-0.1518,-0.1408,ev,multiplicative,live,202609189BE34D3B,2026-09-15T18:07:45.828Z
2026,2,13466,Dawson Knox,BUF,TE,vs DET,receptions,Caesars,1.5,under,-157,120,0.6109,0.5734,0.0654,0,0.4590,-0.1519,-0.1143,ev,multiplicative,live,202609189BE34D3B,2026-09-15T18:07:45.828Z
2026,2,10729,Jared Goff,DET,QB,at BUF,int,BetRivers,0.5,over,-120,-110,0.5455,0.5101,0.0693,0,0.3935,-0.1520,-0.1167,ev,multiplicative,live,202609189BE34D3B,2026-09-15T18:07:45.828Z
2026,2,17033,Sam LaPorta,DET,TE,at BUF,recYds,Hard Rock,91.5,over,550,-1200,0.1538,0.1429,0.0769,0,0.0018,-0.1520,-0.1410,ev,multiplicative,live,202609189BE34D3B,2026-09-15T18:07:45.828Z
2026,2,10729,Jared Goff,DET,QB,at BUF,int,theScore,0.5,over,-120,-110,0.5455,0.5101,0.0693,0,0.3935,-0.1520,-0.1167,ev,multiplicative,live,202609189BE34D3B,2026-09-15T18:07:45.828Z
2026,2,18574,Jaxson Dart,NYG,QB,at LAR,rushYds,Hard Rock,55.5,over,375,-650,0.2105,0.1954,0.0772,0,0.0584,-0.1522,-0.1371,ev,multiplicative,live,202609222DD46A1C,2026-09-15T18:07:45.828Z
2026,2,10729,Jared Goff,DET,QB,at BUF,passYds,DraftKings,189.5,over,-1020,,0.9107,0.9107,,1,0.7579,-0.1528,-0.1528,ev,none,live,202609189BE34D3B,2026-09-15T18:07:45.828Z
2026,2,15332,Amon-Ra St. Brown,DET,WR,at BUF,recYds,Caesars,129.5,over,380,,0.2083,0.2083,,1,0.0555,-0.1528,-0.1528,ev,none,live,202609189BE34D3B,2026-09-15T18:07:45.828Z
2026,2,5971,Matthew Stafford,LAR,QB,vs NYG,passTD,FanDuel,1.5,over,-205,152,0.6721,0.6288,0.0690,0,0.5191,-0.1531,-0.1097,ev,multiplicative,live,202609222DD46A1C,2026-09-15T18:07:45.828Z
2026,2,16808,Jahmyr Gibbs,DET,RB,at BUF,recYds,Hard Rock,49.5,over,325,-550,0.2353,0.2176,0.0814,0,0.0822,-0.1531,-0.1354,ev,multiplicative,live,202609189BE34D3B,2026-09-15T18:07:45.828Z
2026,2,15447,Joshua Palmer,BUF,WR,vs DET,recYds,BetRivers,13.5,over,-115,-115,0.5349,0.5000,0.0698,0,0.3816,-0.1533,-0.1184,ev,multiplicative,live,202609189BE34D3B,2026-09-15T18:07:45.828Z
2026,2,15447,Joshua Palmer,BUF,WR,vs DET,recYds,Hard Rock,13.5,over,-115,-115,0.5349,0.5000,0.0698,0,0.3816,-0.1533,-0.1184,ev,multiplicative,live,202609189BE34D3B,2026-09-15T18:07:45.828Z
2026,2,13466,Dawson Knox,BUF,TE,vs DET,receptions,DraftKings,1.5,under,-158,124,0.6124,0.5784,0.0588,0,0.4590,-0.1534,-0.1194,ev,multiplicative,live,202609189BE34D3B,2026-09-15T18:07:45.828Z
2026,2,16697,Dalton Kincaid,BUF,TE,vs DET,recYds,DraftKings,79.5,over,266,,0.2732,0.2732,,1,0.1197,-0.1536,-0.1536,ev,none,live,202609189BE34D3B,2026-09-15T18:07:45.828Z
2026,2,15807,Kyren Williams,LAR,RB,vs NYG,rushYds,Hard Rock,42.5,under,260,-425,0.2778,0.2555,0.0873,0,0.1241,-0.1537,-0.1314,ev,multiplicative,live,202609222DD46A1C,2026-09-15T18:07:45.828Z
2026,2,10729,Jared Goff,DET,QB,at BUF,completions,BetRivers,24.5,over,-105,,0.5122,0.5122,,1,0.3583,-0.1538,-0.1538,ev,none,live,202609189BE34D3B,2026-09-15T18:07:45.828Z
2026,2,12477,DJ Moore,BUF,WR,vs DET,recYds,Hard Rock,110.5,over,525,-1100,0.1600,0.1486,0.0767,0,0.0060,-0.1540,-0.1426,ev,multiplicative,live,202609189BE34D3B,2026-09-15T18:07:45.828Z
2026,2,10729,Jared Goff,DET,QB,at BUF,passYds,theScore,274.5,over,-110,-120,0.5238,0.4899,0.0693,0,0.3697,-0.1541,-0.1201,ev,multiplicative,live,202609189BE34D3B,2026-09-15T18:07:45.828Z
2026,2,12483,Josh Allen,BUF,QB,vs DET,passYds,theScore,174.5,over,-1000,,0.9091,0.9091,,1,0.7550,-0.1541,-0.1541,ev,none,live,202609189BE34D3B,2026-09-15T18:07:45.828Z
2026,2,10729,Jared Goff,DET,QB,at BUF,passYds,Caesars,199.5,over,-700,,0.8750,0.8750,,1,0.7207,-0.1543,-0.1543,ev,none,live,202609189BE34D3B,2026-09-15T18:07:45.828Z
2026,2,10729,Jared Goff,DET,QB,at BUF,passYds,FanDuel,199.5,over,-703,,0.8755,0.8755,,1,0.7207,-0.1548,-0.1548,ev,none,live,202609189BE34D3B,2026-09-15T18:07:45.828Z
2026,2,12477,DJ Moore,BUF,WR,vs DET,recYds,FanDuel,109.5,over,517,,0.1621,0.1621,,1,0.0069,-0.1552,-0.1552,ev,none,live,202609189BE34D3B,2026-09-15T18:07:45.828Z
2026,2,12483,Josh Allen,BUF,QB,vs DET,passTD,DraftKings,1.5,over,-188,146,0.6528,0.6162,0.0593,0,0.4974,-0.1554,-0.1189,ev,multiplicative,live,202609189BE34D3B,2026-09-15T18:07:45.828Z
2026,2,16808,Jahmyr Gibbs,DET,RB,at BUF,recYds,Caesars,59.5,over,450,,0.1818,0.1818,,1,0.0263,-0.1555,-0.1555,ev,none,live,202609189BE34D3B,2026-09-15T18:07:45.828Z
2026,2,18548,Luther Burden III,CHI,WR,vs MIN,anytimeTD,Caesars,0.5,over,177,,0.3610,0.3610,,1,0.2055,-0.1555,-0.1555,ev,none,live,20260920AEBD0307,2026-09-15T18:07:45.828Z
2026,2,15332,Amon-Ra St. Brown,DET,WR,at BUF,receptions,FanDuel,5.5,over,-384,,0.7934,0.7934,,1,0.6377,-0.1557,-0.1557,ev,none,live,202609189BE34D3B,2026-09-15T18:07:45.828Z
2026,2,18574,Jaxson Dart,NYG,QB,at LAR,rushYds,Hard Rock,49.5,over,275,-425,0.2667,0.2478,0.0762,0,0.1109,-0.1558,-0.1369,ev,multiplicative,live,202609222DD46A1C,2026-09-15T18:07:45.828Z
2026,2,13466,Dawson Knox,BUF,TE,vs DET,recYds,DraftKings,39.5,over,479,,0.1727,0.1727,,1,0.0167,-0.1560,-0.1560,ev,none,live,202609189BE34D3B,2026-09-15T18:07:45.828Z
2026,2,15332,Amon-Ra St. Brown,DET,WR,at BUF,receptions,BetRivers,5.5,over,-385,,0.7938,0.7938,,1,0.6377,-0.1561,-0.1561,ev,none,live,202609189BE34D3B,2026-09-15T18:07:45.828Z
2026,2,12483,Josh Allen,BUF,QB,vs DET,passYds,DraftKings,219.5,over,-262,,0.7238,0.7238,,1,0.5677,-0.1561,-0.1561,ev,none,live,202609189BE34D3B,2026-09-15T18:07:45.828Z
2026,2,15332,Amon-Ra St. Brown,DET,WR,at BUF,recYds,Caesars,99.5,over,150,,0.4000,0.4000,,1,0.2438,-0.1562,-0.1562,ev,none,live,202609189BE34D3B,2026-09-15T18:07:45.828Z
2026,2,10729,Jared Goff,DET,QB,at BUF,passYds,FanDuel,249.5,over,-195,,0.6610,0.6610,,1,0.5048,-0.1562,-0.1562,ev,none,live,202609189BE34D3B,2026-09-15T18:07:45.828Z
2026,2,16697,Dalton Kincaid,BUF,TE,vs DET,recYds,theScore,89.5,over,375,,0.2105,0.2105,,1,0.0542,-0.1563,-0.1563,ev,none,live,202609189BE34D3B,2026-09-15T18:07:45.828Z
2026,2,13466,Dawson Knox,BUF,TE,vs DET,receptions,theScore,1.5,under,-160,125,0.6154,0.5806,0.0598,0,0.4590,-0.1564,-0.1216,ev,multiplicative,live,202609189BE34D3B,2026-09-15T18:07:45.828Z
2026,2,13466,Dawson Knox,BUF,TE,vs DET,receptions,Hard Rock,1.5,under,-160,120,0.6154,0.5752,0.0699,0,0.4590,-0.1564,-0.1161,ev,multiplicative,live,202609189BE34D3B,2026-09-15T18:07:45.828Z
2026,2,12477,DJ Moore,BUF,WR,vs DET,recYds,FanDuel,69.5,over,128,,0.4386,0.4386,,1,0.2820,-0.1566,-0.1566,ev,none,live,202609189BE34D3B,2026-09-15T18:07:45.828Z
2026,2,12477,DJ Moore,BUF,WR,vs DET,recYds,BetRivers,69.5,over,128,,0.4386,0.4386,,1,0.2820,-0.1566,-0.1566,ev,none,live,202609189BE34D3B,2026-09-15T18:07:45.828Z
2026,2,18514,Cam Skattebo,NYG,RB,at LAR,rushYds,Hard Rock,84.5,under,-700,375,0.8750,0.8061,0.0855,0,0.7184,-0.1566,-0.0876,ev,multiplicative,live,202609222DD46A1C,2026-09-15T18:07:45.828Z
2026,2,12483,Josh Allen,BUF,QB,vs DET,rushYds,DraftKings,59.5,over,527,,0.1595,0.1595,,1,0.0027,-0.1568,-0.1568,ev,none,live,202609189BE34D3B,2026-09-15T18:07:45.828Z
2026,2,18642,Isaac TeSlaa,DET,WR,at BUF,recYds,BetRivers,29.5,over,220,,0.3125,0.3125,,1,0.1554,-0.1571,-0.1571,ev,none,live,202609189BE34D3B,2026-09-15T18:07:45.828Z
2026,2,17784,Bucky Irving,TB,RB,vs CLE,anytimeTD,BetMGM,0.5,over,-135,,0.5745,0.5745,,1,0.4173,-0.1572,-0.1572,ev,none,live,20260920ABAE4147,2026-09-15T18:07:45.828Z
2026,2,18514,Cam Skattebo,NYG,RB,at LAR,rushYds,Hard Rock,79.5,under,-525,325,0.8400,0.7812,0.0753,0,0.6826,-0.1574,-0.0985,ev,multiplicative,live,202609222DD46A1C,2026-09-15T18:07:45.828Z
2026,2,15447,Joshua Palmer,BUF,WR,vs DET,recYds,Caesars,13.5,over,-117,-113,0.5392,0.5040,0.0697,0,0.3816,-0.1576,-0.1224,ev,multiplicative,live,202609189BE34D3B,2026-09-15T18:07:45.828Z
2026,2,16697,Dalton Kincaid,BUF,TE,vs DET,recYds,DraftKings,89.5,over,372,,0.2119,0.2119,,1,0.0542,-0.1576,-0.1576,ev,none,live,202609189BE34D3B,2026-09-15T18:07:45.828Z
2026,2,15876,James Cook,BUF,RB,vs DET,rushAtt,Hard Rock,23.5,over,450,,0.1818,0.1818,,1,0.0242,-0.1576,-0.1576,ev,none,live,202609189BE34D3B,2026-09-15T18:07:45.828Z
2026,2,10729,Jared Goff,DET,QB,at BUF,passYds,Caesars,209.5,over,-520,,0.8387,0.8387,,1,0.6809,-0.1578,-0.1578,ev,none,live,202609189BE34D3B,2026-09-15T18:07:45.828Z
2026,2,5971,Matthew Stafford,LAR,QB,vs NYG,passTD,Hard Rock,1.5,over,-210,150,0.6774,0.6287,0.0774,0,0.5191,-0.1583,-0.1097,ev,multiplicative,live,202609222DD46A1C,2026-09-15T18:07:45.828Z
2026,2,12483,Josh Allen,BUF,QB,vs DET,passYds,Hard Rock,158.5,over,-3000,850,0.9677,0.9019,0.0730,0,0.8093,-0.1585,-0.0926,ev,multiplicative,live,202609189BE34D3B,2026-09-15T18:07:45.828Z
2026,2,18514,Cam Skattebo,NYG,RB,at LAR,rushYds,Hard Rock,69.5,under,-325,220,0.7647,0.7099,0.0772,0,0.6060,-0.1587,-0.1039,ev,multiplicative,live,202609222DD46A1C,2026-09-15T18:07:45.828Z
2026,2,10729,Jared Goff,DET,QB,at BUF,passYds,DraftKings,199.5,over,-730,,0.8795,0.8795,,1,0.7207,-0.1588,-0.1588,ev,none,live,202609189BE34D3B,2026-09-15T18:07:45.828Z
2026,2,16808,Jahmyr Gibbs,DET,RB,at BUF,recYds,DraftKings,30.5,over,-109,-115,0.5215,0.4937,0.0564,0,0.3627,-0.1588,-0.1310,ev,multiplicative,live,202609189BE34D3B,2026-09-15T18:07:45.828Z
2026,2,10729,Jared Goff,DET,QB,at BUF,passYds,DraftKings,219.5,over,-395,,0.7980,0.7980,,1,0.6390,-0.1590,-0.1590,ev,none,live,202609189BE34D3B,2026-09-15T18:07:45.828Z
2026,2,18642,Isaac TeSlaa,DET,WR,at BUF,recYds,FanDuel,29.5,over,218,,0.3145,0.3145,,1,0.1554,-0.1591,-0.1591,ev,none,live,202609189BE34D3B,2026-09-15T18:07:45.828Z
2026,2,10729,Jared Goff,DET,QB,at BUF,passYds,Hard Rock,238.5,over,-250,175,0.7143,0.6627,0.0779,0,0.5549,-0.1594,-0.1077,ev,multiplicative,live,202609189BE34D3B,2026-09-15T18:07:45.828Z
2026,2,10729,Jared Goff,DET,QB,at BUF,passYds,Hard Rock,174.5,over,-3000,800,0.9677,0.8970,0.0789,0,0.8082,-0.1595,-0.0888,ev,multiplicative,live,202609189BE34D3B,2026-09-15T18:07:45.828Z
2026,2,12477,DJ Moore,BUF,WR,vs DET,recYds,Caesars,109.5,over,500,,0.1667,0.1667,,1,0.0069,-0.1598,-0.1598,ev,none,live,202609189BE34D3B,2026-09-15T18:07:45.828Z
2026,2,12477,DJ Moore,BUF,WR,vs DET,recYds,theScore,109.5,over,500,,0.1667,0.1667,,1,0.0069,-0.1598,-0.1598,ev,none,live,202609189BE34D3B,2026-09-15T18:07:45.828Z
2026,2,13466,Dawson Knox,BUF,TE,vs DET,recYds,DraftKings,13.5,under,-112,-112,0.5283,0.5000,0.0566,0,0.3683,-0.1600,-0.1317,ev,multiplicative,live,202609189BE34D3B,2026-09-15T18:07:45.828Z
2026,2,10729,Jared Goff,DET,QB,at BUF,passYds,DraftKings,209.5,over,-529,,0.8410,0.8410,,1,0.6809,-0.1601,-0.1601,ev,none,live,202609189BE34D3B,2026-09-15T18:07:45.828Z
2026,2,16808,Jahmyr Gibbs,DET,RB,at BUF,recYds,Hard Rock,34.5,over,125,-175,0.4444,0.4112,0.0808,0,0.2843,-0.1601,-0.1269,ev,multiplicative,live,202609189BE34D3B,2026-09-15T18:07:45.828Z
2026,2,17033,Sam LaPorta,DET,TE,at BUF,recYds,Hard Rock,56.5,over,140,-200,0.4167,0.3846,0.0833,0,0.2562,-0.1605,-0.1284,ev,multiplicative,live,202609189BE34D3B,2026-09-15T18:07:45.828Z
2026,2,12483,Josh Allen,BUF,QB,vs DET,passYds,Hard Rock,208.5,over,-350,230,0.7778,0.7196,0.0808,0,0.6170,-0.1608,-0.1027,ev,multiplicative,live,202609189BE34D3B,2026-09-15T18:07:45.828Z
2026,2,15332,Amon-Ra St. Brown,DET,WR,at BUF,receptions,Caesars,6.5,over,-190,,0.6552,0.6552,,1,0.4940,-0.1612,-0.1612,ev,none,live,202609189BE34D3B,2026-09-15T18:07:45.828Z
2026,2,15242,Chuba Hubbard,CAR,RB,at ATL,anytimeTD,Caesars,0.5,over,-113,,0.5305,0.5305,,1,0.3687,-0.1618,-0.1618,ev,none,live,20260920E9718F0E,2026-09-15T18:07:45.828Z
2026,2,15909,Kenneth Walker III,KC,RB,vs IND,anytimeTD,Caesars,0.5,over,-190,,0.6552,0.6552,,1,0.4934,-0.1618,-0.1618,ev,none,live,202609217572D919,2026-09-15T18:07:45.828Z
2026,2,15909,Kenneth Walker III,KC,RB,vs IND,anytimeTD,DraftKings,0.5,over,-190,,0.6552,0.6552,,1,0.4934,-0.1618,-0.1618,ev,none,live,202609217572D919,2026-09-15T18:07:45.828Z
2026,2,10729,Jared Goff,DET,QB,at BUF,passYds,FanDuel,224.5,over,-353,,0.7792,0.7792,,1,0.6173,-0.1619,-0.1619,ev,none,live,202609189BE34D3B,2026-09-15T18:07:45.828Z
2026,2,16808,Jahmyr Gibbs,DET,RB,at BUF,recYds,theScore,29.5,over,-120,-110,0.5455,0.5101,0.0693,0,0.3834,-0.1620,-0.1267,ev,multiplicative,live,202609189BE34D3B,2026-09-15T18:07:45.828Z
2026,2,16808,Jahmyr Gibbs,DET,RB,at BUF,recYds,Hard Rock,44.5,over,240,-375,0.2941,0.2714,0.0836,0,0.1320,-0.1621,-0.1394,ev,multiplicative,live,202609189BE34D3B,2026-09-15T18:07:45.828Z
2026,2,13466,Dawson Knox,BUF,TE,vs DET,recYds,BetRivers,13.5,under,-113,-118,0.5305,0.4950,0.0718,0,0.3683,-0.1622,-0.1267,ev,multiplicative,live,202609189BE34D3B,2026-09-15T18:07:45.828Z
2026,2,12483,Josh Allen,BUF,QB,vs DET,passYds,Caesars,199.5,over,-450,,0.8182,0.8182,,1,0.6560,-0.1622,-0.1622,ev,none,live,202609189BE34D3B,2026-09-15T18:07:45.828Z
2026,2,12483,Josh Allen,BUF,QB,vs DET,passYds,theScore,199.5,over,-450,,0.8182,0.8182,,1,0.6560,-0.1622,-0.1622,ev,none,live,202609189BE34D3B,2026-09-15T18:07:45.828Z
2026,2,15332,Amon-Ra St. Brown,DET,WR,at BUF,receptions,DraftKings,6.5,over,-191,,0.6564,0.6564,,1,0.4940,-0.1623,-0.1623,ev,none,live,202609189BE34D3B,2026-09-15T18:07:45.828Z
2026,2,12483,Josh Allen,BUF,QB,vs DET,passYds,DraftKings,169.5,over,-1440,,0.9351,0.9351,,1,0.7728,-0.1623,-0.1623,ev,none,live,202609189BE34D3B,2026-09-15T18:07:45.828Z
2026,2,15332,Amon-Ra St. Brown,DET,WR,at BUF,receptions,theScore,5.5,over,-400,,0.8000,0.8000,,1,0.6377,-0.1623,-0.1623,ev,none,live,202609189BE34D3B,2026-09-15T18:07:45.828Z
2026,2,11763,Aaron Jones,MIN,RB,at CHI,anytimeTD,Caesars,0.5,over,112,,0.4717,0.4717,,1,0.3093,-0.1624,-0.1624,ev,none,live,20260920AEBD0307,2026-09-15T18:07:45.828Z
2026,2,12477,DJ Moore,BUF,WR,vs DET,recYds,theScore,69.5,over,125,,0.4444,0.4444,,1,0.2820,-0.1624,-0.1624,ev,none,live,202609189BE34D3B,2026-09-15T18:07:45.828Z
2026,2,12483,Josh Allen,BUF,QB,vs DET,rushYds,theScore,34.5,over,130,,0.4348,0.4348,,1,0.2723,-0.1624,-0.1624,ev,none,live,202609189BE34D3B,2026-09-15T18:07:45.828Z
2026,2,17033,Sam LaPorta,DET,TE,at BUF,recYds,DraftKings,79.5,over,458,,0.1792,0.1792,,1,0.0164,-0.1628,-0.1628,ev,none,live,202609189BE34D3B,2026-09-15T18:07:45.828Z
2026,2,16808,Jahmyr Gibbs,DET,RB,at BUF,recYds,FanDuel,39.5,over,176,,0.3623,0.3623,,1,0.1995,-0.1629,-0.1629,ev,none,live,202609189BE34D3B,2026-09-15T18:07:45.828Z
2026,2,16808,Jahmyr Gibbs,DET,RB,at BUF,recYds,DraftKings,39.5,over,176,,0.3623,0.3623,,1,0.1995,-0.1629,-0.1629,ev,none,live,202609189BE34D3B,2026-09-15T18:07:45.828Z
2026,2,16808,Jahmyr Gibbs,DET,RB,at BUF,recYds,FanDuel,49.5,over,308,,0.2451,0.2451,,1,0.0822,-0.1629,-0.1629,ev,none,live,202609189BE34D3B,2026-09-15T18:07:45.828Z
2026,2,16697,Dalton Kincaid,BUF,TE,vs DET,recYds,Caesars,89.5,over,360,,0.2174,0.2174,,1,0.0542,-0.1632,-0.1632,ev,none,live,202609189BE34D3B,2026-09-15T18:07:45.828Z
2026,2,11732,Alvin Kamara,NO,RB,at BAL,anytimeTD,BetMGM,0.5,over,300,,0.2500,0.2500,,1,0.0861,-0.1639,-0.1639,ev,none,live,20260920941629C7,2026-09-15T18:07:45.828Z
2026,2,12483,Josh Allen,BUF,QB,vs DET,rushYds,Caesars,59.5,over,500,,0.1667,0.1667,,1,0.0027,-0.1640,-0.1640,ev,none,live,202609189BE34D3B,2026-09-15T18:07:45.828Z
2026,2,17690,Blake Corum,LAR,RB,vs NYG,rushYds,Hard Rock,18.5,under,450,-900,0.1818,0.1681,0.0818,0,0.0178,-0.1640,-0.1503,ev,multiplicative,live,202609222DD46A1C,2026-09-15T18:07:45.828Z
2026,2,16808,Jahmyr Gibbs,DET,RB,at BUF,recYds,theScore,39.5,over,175,,0.3636,0.3636,,1,0.1995,-0.1642,-0.1642,ev,none,live,202609189BE34D3B,2026-09-15T18:07:45.828Z
2026,2,16808,Jahmyr Gibbs,DET,RB,at BUF,recYds,Hard Rock,39.5,over,175,-250,0.3636,0.3373,0.0779,0,0.1995,-0.1642,-0.1379,ev,multiplicative,live,202609189BE34D3B,2026-09-15T18:07:45.828Z
2026,2,18514,Cam Skattebo,NYG,RB,at LAR,rushYds,Hard Rock,74.5,under,-425,260,0.8095,0.7445,0.0873,0,0.6450,-0.1645,-0.0995,ev,multiplicative,live,202609222DD46A1C,2026-09-15T18:07:45.828Z
2026,2,15447,Joshua Palmer,BUF,WR,vs DET,receptions,FanDuel,0.5,over,-321,,0.7625,0.7625,,1,0.5978,-0.1646,-0.1646,ev,none,live,202609189BE34D3B,2026-09-15T18:07:45.828Z
2026,2,10729,Jared Goff,DET,QB,at BUF,completions,DraftKings,23.5,over,-135,,0.5745,0.5745,,1,0.4098,-0.1646,-0.1646,ev,none,live,202609189BE34D3B,2026-09-15T18:07:45.828Z
2026,2,10819,Derrick Henry,BAL,RB,vs NO,anytimeTD,DraftKings,0.5,over,-230,,0.6970,0.6970,,1,0.5323,-0.1646,-0.1646,ev,none,live,20260920941629C7,2026-09-15T18:07:45.828Z
2026,2,10729,Jared Goff,DET,QB,at BUF,passAtt,theScore,34.5,over,-145,,0.5918,0.5918,,1,0.4270,-0.1648,-0.1648,ev,none,live,202609189BE34D3B,2026-09-15T18:07:45.828Z
2026,2,13466,Dawson Knox,BUF,TE,vs DET,receptions,FanDuel,1.5,under,-166,124,0.6241,0.5830,0.0705,0,0.4590,-0.1650,-0.1239,ev,multiplicative,live,202609189BE34D3B,2026-09-15T18:07:45.828Z
2026,2,15447,Joshua Palmer,BUF,WR,vs DET,receptions,BetRivers,1.5,over,138,,0.4202,0.4202,,1,0.2551,-0.1650,-0.1650,ev,none,live,202609189BE34D3B,2026-09-15T18:07:45.828Z
2026,2,10729,Jared Goff,DET,QB,at BUF,passYds,Hard Rock,228.5,over,-325,220,0.7647,0.7099,0.0772,0,0.5997,-0.1650,-0.1102,ev,multiplicative,live,202609189BE34D3B,2026-09-15T18:07:45.828Z
2026,2,13466,Dawson Knox,BUF,TE,vs DET,recYds,Caesars,39.5,over,450,,0.1818,0.1818,,1,0.0167,-0.1651,-0.1651,ev,none,live,202609189BE34D3B,2026-09-15T18:07:45.828Z
2026,2,15332,Amon-Ra St. Brown,DET,WR,at BUF,recYds,Caesars,119.5,over,280,,0.2632,0.2632,,1,0.0979,-0.1653,-0.1653,ev,none,live,202609189BE34D3B,2026-09-15T18:07:45.828Z
2026,2,17033,Sam LaPorta,DET,TE,at BUF,recYds,BetRivers,59.5,over,175,,0.3636,0.3636,,1,0.1982,-0.1654,-0.1654,ev,none,live,202609189BE34D3B,2026-09-15T18:07:45.828Z
2026,2,17033,Sam LaPorta,DET,TE,at BUF,recYds,theScore,59.5,over,175,,0.3636,0.3636,,1,0.1982,-0.1654,-0.1654,ev,none,live,202609189BE34D3B,2026-09-15T18:07:45.828Z
2026,2,15447,Joshua Palmer,BUF,WR,vs DET,recYds,FanDuel,14.5,over,-107,,0.5169,0.5169,,1,0.3508,-0.1661,-0.1661,ev,none,live,202609189BE34D3B,2026-09-15T18:07:45.828Z
2026,2,10729,Jared Goff,DET,QB,at BUF,passYds,Hard Rock,178.5,over,-2500,750,0.9615,0.8910,0.0792,0,0.7955,-0.1661,-0.0955,ev,multiplicative,live,202609189BE34D3B,2026-09-15T18:07:45.828Z
2026,2,12483,Josh Allen,BUF,QB,vs DET,passYds,DraftKings,209.5,over,-352,,0.7788,0.7788,,1,0.6125,-0.1662,-0.1662,ev,none,live,202609189BE34D3B,2026-09-15T18:07:45.828Z
2026,2,18642,Isaac TeSlaa,DET,WR,at BUF,recYds,Hard Rock,45.5,over,475,-1000,0.1739,0.1606,0.0830,0,0.0077,-0.1662,-0.1529,ev,multiplicative,live,202609189BE34D3B,2026-09-15T18:07:45.828Z
2026,2,15242,Chuba Hubbard,CAR,RB,at ATL,anytimeTD,theScore,0.5,over,-115,,0.5349,0.5349,,1,0.3687,-0.1662,-0.1662,ev,none,live,20260920E9718F0E,2026-09-15T18:07:45.828Z
2026,2,16963,Rashee Rice,KC,WR,vs IND,anytimeTD,theScore,0.5,over,120,,0.4545,0.4545,,1,0.2882,-0.1663,-0.1663,ev,none,live,202609217572D919,2026-09-15T18:07:45.828Z
2026,2,15447,Joshua Palmer,BUF,WR,vs DET,receptions,theScore,0.5,over,-325,,0.7647,0.7647,,1,0.5978,-0.1669,-0.1669,ev,none,live,202609189BE34D3B,2026-09-15T18:07:45.828Z
2026,2,15332,Amon-Ra St. Brown,DET,WR,at BUF,receptions,BetRivers,6.5,over,-195,,0.6610,0.6610,,1,0.4940,-0.1670,-0.1670,ev,none,live,202609189BE34D3B,2026-09-15T18:07:45.828Z
2026,2,15332,Amon-Ra St. Brown,DET,WR,at BUF,receptions,Hard Rock,6.5,over,-195,,0.6610,0.6610,,1,0.4940,-0.1670,-0.1670,ev,none,live,202609189BE34D3B,2026-09-15T18:07:45.828Z
2026,2,18642,Isaac TeSlaa,DET,WR,at BUF,recYds,theScore,29.5,over,210,,0.3226,0.3226,,1,0.1554,-0.1672,-0.1672,ev,none,live,202609189BE34D3B,2026-09-15T18:07:45.828Z
2026,2,12483,Josh Allen,BUF,QB,vs DET,passYds,Caesars,209.5,over,-355,,0.7802,0.7802,,1,0.6125,-0.1677,-0.1677,ev,none,live,202609189BE34D3B,2026-09-15T18:07:45.828Z
2026,2,15332,Amon-Ra St. Brown,DET,WR,at BUF,recYds,Caesars,109.5,over,205,,0.3279,0.3279,,1,0.1601,-0.1678,-0.1678,ev,none,live,202609189BE34D3B,2026-09-15T18:07:45.828Z
2026,2,16808,Jahmyr Gibbs,DET,RB,at BUF,recYds,theScore,49.5,over,300,,0.2500,0.2500,,1,0.0822,-0.1678,-0.1678,ev,none,live,202609189BE34D3B,2026-09-15T18:07:45.828Z
2026,2,15332,Amon-Ra St. Brown,DET,WR,at BUF,receptions,FanDuel,6.5,over,-196,,0.6622,0.6622,,1,0.4940,-0.1681,-0.1681,ev,none,live,202609189BE34D3B,2026-09-15T18:07:45.828Z
2026,2,17033,Sam LaPorta,DET,TE,at BUF,recYds,FanDuel,59.5,over,173,,0.3663,0.3663,,1,0.1982,-0.1681,-0.1681,ev,none,live,202609189BE34D3B,2026-09-15T18:07:45.828Z
2026,2,10729,Jared Goff,DET,QB,at BUF,passYds,theScore,199.5,over,-800,,0.8889,0.8889,,1,0.7207,-0.1682,-0.1682,ev,none,live,202609189BE34D3B,2026-09-15T18:07:45.828Z
2026,2,12477,DJ Moore,BUF,WR,vs DET,recYds,Hard Rock,70.5,over,130,-180,0.4348,0.4035,0.0776,0,0.2663,-0.1685,-0.1372,ev,multiplicative,live,202609189BE34D3B,2026-09-15T18:07:45.828Z
2026,2,15306,Javonte Williams,DAL,RB,vs WAS,anytimeTD,theScore,0.5,over,-175,,0.6364,0.6364,,1,0.4674,-0.1690,-0.1690,ev,none,live,2026092061BDEC96,2026-09-15T18:07:45.828Z
2026,2,10819,Derrick Henry,BAL,RB,vs NO,anytimeTD,Caesars,0.5,over,-235,,0.7015,0.7015,,1,0.5323,-0.1692,-0.1692,ev,none,live,20260920941629C7,2026-09-15T18:07:45.828Z
2026,2,12477,DJ Moore,BUF,WR,vs DET,recYds,DraftKings,99.5,over,419,,0.1927,0.1927,,1,0.0232,-0.1694,-0.1694,ev,none,live,202609189BE34D3B,2026-09-15T18:07:45.828Z
2026,2,12483,Josh Allen,BUF,QB,vs DET,passYds,Hard Rock,199.5,over,-475,275,0.8261,0.7560,0.0928,0,0.6560,-0.1701,-0.1000,ev,multiplicative,live,202609189BE34D3B,2026-09-15T18:07:45.828Z
2026,2,19607,Kaelon Black,SF,RB,vs MIA,anytimeTD,Caesars,0.5,over,137,,0.4219,0.4219,,1,0.2517,-0.1702,-0.1702,ev,none,live,202609202FE0218E,2026-09-15T18:07:45.828Z
2026,2,10729,Jared Goff,DET,QB,at BUF,passAtt,DraftKings,33.5,over,-202,,0.6689,0.6689,,1,0.4986,-0.1703,-0.1703,ev,none,live,202609189BE34D3B,2026-09-15T18:07:45.828Z
2026,2,12477,DJ Moore,BUF,WR,vs DET,recYds,Hard Rock,105.5,over,450,-850,0.1818,0.1689,0.0766,0,0.0115,-0.1703,-0.1574,ev,multiplicative,live,202609189BE34D3B,2026-09-15T18:07:45.828Z
2026,2,15849,Jameson Williams,DET,WR,at BUF,recYds,Caesars,89.5,over,220,,0.3125,0.3125,,1,0.1420,-0.1705,-0.1705,ev,none,live,202609189BE34D3B,2026-09-15T18:07:45.828Z
2026,2,12483,Josh Allen,BUF,QB,vs DET,passYds,DraftKings,179.5,over,-980,,0.9074,0.9074,,1,0.7365,-0.1709,-0.1709,ev,none,live,202609189BE34D3B,2026-09-15T18:07:45.828Z
2026,2,12483,Josh Allen,BUF,QB,vs DET,passYds,Hard Rock,168.5,over,-1800,600,0.9474,0.8690,0.0902,0,0.7763,-0.1711,-0.0927,ev,multiplicative,live,202609189BE34D3B,2026-09-15T18:07:45.828Z
2026,2,12483,Josh Allen,BUF,QB,vs DET,passYds,DraftKings,199.5,over,-479,,0.8273,0.8273,,1,0.6560,-0.1713,-0.1713,ev,none,live,202609189BE34D3B,2026-09-15T18:07:45.828Z
2026,2,18520,Kyle Monangai,CHI,RB,vs MIN,anytimeTD,theScore,0.5,over,145,,0.4082,0.4082,,1,0.2366,-0.1715,-0.1715,ev,none,live,20260920AEBD0307,2026-09-15T18:07:45.828Z
2026,2,12561,Lamar Jackson,BAL,QB,vs NO,anytimeTD,BetMGM,0.5,over,165,,0.3774,0.3774,,1,0.2055,-0.1719,-0.1719,ev,none,live,20260920941629C7,2026-09-15T18:07:45.828Z
2026,2,10729,Jared Goff,DET,QB,at BUF,passYds,Hard Rock,188.5,over,-1400,575,0.9333,0.8630,0.0815,0,0.7614,-0.1719,-0.1016,ev,multiplicative,live,202609189BE34D3B,2026-09-15T18:07:45.828Z
2026,2,12561,Lamar Jackson,BAL,QB,vs NO,anytimeTD,theScore,0.5,over,165,,0.3774,0.3774,,1,0.2055,-0.1719,-0.1719,ev,none,live,20260920941629C7,2026-09-15T18:07:45.828Z
2026,2,10729,Jared Goff,DET,QB,at BUF,passYds,BetRivers,224.5,over,-375,,0.7895,0.7895,,1,0.6173,-0.1721,-0.1721,ev,none,live,202609189BE34D3B,2026-09-15T18:07:45.828Z
2026,2,10729,Jared Goff,DET,QB,at BUF,passYds,Hard Rock,224.5,over,-375,240,0.7895,0.7286,0.0836,0,0.6173,-0.1721,-0.1112,ev,multiplicative,live,202609189BE34D3B,2026-09-15T18:07:45.828Z
2026,2,10729,Jared Goff,DET,QB,at BUF,passYds,theScore,224.5,over,-375,,0.7895,0.7895,,1,0.6173,-0.1721,-0.1721,ev,none,live,202609189BE34D3B,2026-09-15T18:07:45.828Z
2026,2,10729,Jared Goff,DET,QB,at BUF,passYds,Hard Rock,208.5,over,-600,350,0.8571,0.7941,0.0794,0,0.6850,-0.1721,-0.1091,ev,multiplicative,live,202609189BE34D3B,2026-09-15T18:07:45.828Z
2026,2,17033,Sam LaPorta,DET,TE,at BUF,recYds,BetRivers,79.5,over,430,,0.1887,0.1887,,1,0.0164,-0.1723,-0.1723,ev,none,live,202609189BE34D3B,2026-09-15T18:07:45.828Z
2026,2,18642,Isaac TeSlaa,DET,WR,at BUF,recYds,Hard Rock,30.5,over,225,-350,0.3077,0.2835,0.0855,0,0.1353,-0.1724,-0.1481,ev,multiplicative,live,202609189BE34D3B,2026-09-15T18:07:45.828Z
2026,2,18642,Isaac TeSlaa,DET,WR,at BUF,recYds,Caesars,29.5,over,205,,0.3279,0.3279,,1,0.1554,-0.1725,-0.1725,ev,none,live,202609189BE34D3B,2026-09-15T18:07:45.828Z
2026,2,15332,Amon-Ra St. Brown,DET,WR,at BUF,receptions,theScore,6.5,over,-200,,0.6667,0.6667,,1,0.4940,-0.1726,-0.1726,ev,none,live,202609189BE34D3B,2026-09-15T18:07:45.828Z
2026,2,10729,Jared Goff,DET,QB,at BUF,passYds,theScore,249.5,over,-210,,0.6774,0.6774,,1,0.5048,-0.1726,-0.1726,ev,none,live,202609189BE34D3B,2026-09-15T18:07:45.828Z
2026,2,15447,Joshua Palmer,BUF,WR,vs DET,recYds,theScore,14.5,over,-110,-120,0.5238,0.4899,0.0693,0,0.3508,-0.1730,-0.1390,ev,multiplicative,live,202609189BE34D3B,2026-09-15T18:07:45.828Z
2026,2,12483,Josh Allen,BUF,QB,vs DET,passYds,Hard Rock,198.5,over,-500,300,0.8333,0.7692,0.0833,0,0.6602,-0.1731,-0.1090,ev,multiplicative,live,202609189BE34D3B,2026-09-15T18:07:45.828Z
2026,2,12483,Josh Allen,BUF,QB,vs DET,passYds,Hard Rock,188.5,over,-700,375,0.8750,0.8061,0.0855,0,0.7014,-0.1736,-0.1046,ev,multiplicative,live,202609189BE34D3B,2026-09-15T18:07:45.828Z
2026,2,12483,Josh Allen,BUF,QB,vs DET,passYds,Hard Rock,174.5,over,-1300,550,0.9286,0.8579,0.0824,0,0.7550,-0.1736,-0.1029,ev,multiplicative,live,202609189BE34D3B,2026-09-15T18:07:45.828Z
2026,2,19607,Kaelon Black,SF,RB,vs MIA,anytimeTD,theScore,0.5,over,135,,0.4255,0.4255,,1,0.2517,-0.1738,-0.1738,ev,none,live,202609202FE0218E,2026-09-15T18:07:45.828Z
2026,2,15849,Jameson Williams,DET,WR,at BUF,recYds,Caesars,99.5,over,305,,0.2469,0.2469,,1,0.0730,-0.1739,-0.1739,ev,none,live,202609189BE34D3B,2026-09-15T18:07:45.828Z
2026,2,10729,Jared Goff,DET,QB,at BUF,passYds,Hard Rock,199.5,over,-850,450,0.8947,0.8311,0.0766,0,0.7207,-0.1740,-0.1104,ev,multiplicative,live,202609189BE34D3B,2026-09-15T18:07:45.828Z
2026,2,12483,Josh Allen,BUF,QB,vs DET,passYds,DraftKings,189.5,over,-680,,0.8718,0.8718,,1,0.6974,-0.1744,-0.1744,ev,none,live,202609189BE34D3B,2026-09-15T18:07:45.828Z
2026,2,10729,Jared Goff,DET,QB,at BUF,passAtt,DraftKings,41.5,over,302,,0.2488,0.2488,,1,0.0740,-0.1747,-0.1747,ev,none,live,202609189BE34D3B,2026-09-15T18:07:45.828Z
2026,2,10729,Jared Goff,DET,QB,at BUF,passYds,Hard Rock,218.5,over,-450,275,0.8182,0.7542,0.0848,0,0.6433,-0.1749,-0.1109,ev,multiplicative,live,202609189BE34D3B,2026-09-15T18:07:45.828Z
2026,2,10729,Jared Goff,DET,QB,at BUF,passAtt,DraftKings,27.5,over,-1340,,0.9306,0.9306,,1,0.7555,-0.1751,-0.1751,ev,none,live,202609189BE34D3B,2026-09-15T18:07:45.828Z
2026,2,15447,Joshua Palmer,BUF,WR,vs DET,recYds,DraftKings,14.5,over,-111,-113,0.5261,0.4979,0.0566,0,0.3508,-0.1752,-0.1471,ev,multiplicative,live,202609189BE34D3B,2026-09-15T18:07:45.828Z
2026,2,10729,Jared Goff,DET,QB,at BUF,passYds,Hard Rock,198.5,over,-900,450,0.9000,0.8319,0.0818,0,0.7245,-0.1755,-0.1074,ev,multiplicative,live,202609189BE34D3B,2026-09-15T18:07:45.828Z
2026,2,12483,Josh Allen,BUF,QB,vs DET,passYds,Hard Rock,178.5,over,-1100,500,0.9167,0.8462,0.0833,0,0.7402,-0.1764,-0.1059,ev,multiplicative,live,202609189BE34D3B,2026-09-15T18:07:45.828Z
2026,2,15242,Chuba Hubbard,CAR,RB,at ATL,anytimeTD,DraftKings,0.5,over,-120,,0.5455,0.5455,,1,0.3687,-0.1767,-0.1767,ev,none,live,20260920E9718F0E,2026-09-15T18:07:45.828Z
2026,2,16963,Rashee Rice,KC,WR,vs IND,anytimeTD,DraftKings,0.5,over,115,,0.4651,0.4651,,1,0.2882,-0.1769,-0.1769,ev,none,live,202609217572D919,2026-09-15T18:07:45.828Z
2026,2,17033,Sam LaPorta,DET,TE,at BUF,recYds,Hard Rock,86.5,over,450,-900,0.1818,0.1681,0.0818,0,0.0049,-0.1769,-0.1632,ev,multiplicative,live,202609189BE34D3B,2026-09-15T18:07:45.828Z
2026,2,15876,James Cook,BUF,RB,vs DET,rushAtt,DraftKings,15.5,over,-264,,0.7253,0.7253,,1,0.5469,-0.1784,-0.1784,ev,none,live,202609189BE34D3B,2026-09-15T18:07:45.828Z
2026,2,11763,Aaron Jones,MIN,RB,at CHI,anytimeTD,BetMGM,0.5,over,105,,0.4878,0.4878,,1,0.3093,-0.1785,-0.1785,ev,none,live,20260920AEBD0307,2026-09-15T18:07:45.828Z
2026,2,8783,Travis Kelce,KC,TE,vs IND,anytimeTD,DraftKings,0.5,over,155,,0.3922,0.3922,,1,0.2134,-0.1788,-0.1788,ev,none,live,202609217572D919,2026-09-15T18:07:45.828Z
2026,2,8783,Travis Kelce,KC,TE,vs IND,anytimeTD,theScore,0.5,over,155,,0.3922,0.3922,,1,0.2134,-0.1788,-0.1788,ev,none,live,202609217572D919,2026-09-15T18:07:45.828Z
2026,2,16697,Dalton Kincaid,BUF,TE,vs DET,recYds,Caesars,79.5,over,235,,0.2985,0.2985,,1,0.1197,-0.1789,-0.1789,ev,none,live,202609189BE34D3B,2026-09-15T18:07:45.828Z
2026,2,12561,Lamar Jackson,BAL,QB,vs NO,anytimeTD,DraftKings,0.5,over,160,,0.3846,0.3846,,1,0.2055,-0.1791,-0.1791,ev,none,live,20260920941629C7,2026-09-15T18:07:45.828Z
2026,2,13466,Dawson Knox,BUF,TE,vs DET,recYds,Caesars,29.5,over,235,,0.2985,0.2985,,1,0.1191,-0.1794,-0.1794,ev,none,live,202609189BE34D3B,2026-09-15T18:07:45.828Z
2026,2,17033,Sam LaPorta,DET,TE,at BUF,recYds,FanDuel,79.5,over,409,,0.1965,0.1965,,1,0.0164,-0.1800,-0.1800,ev,none,live,202609189BE34D3B,2026-09-15T18:07:45.828Z
2026,2,18520,Kyle Monangai,CHI,RB,vs MIN,anytimeTD,DraftKings,0.5,over,140,,0.4167,0.4167,,1,0.2366,-0.1800,-0.1800,ev,none,live,20260920AEBD0307,2026-09-15T18:07:45.828Z
2026,2,10729,Jared Goff,DET,QB,at BUF,completions,theScore,14.5,over,-8000,,0.9877,0.9877,,1,0.8069,-0.1808,-0.1808,ev,none,live,202609189BE34D3B,2026-09-15T18:07:45.828Z
2026,2,12483,Josh Allen,BUF,QB,vs DET,passYds,BetRivers,224.5,over,-265,,0.7260,0.7260,,1,0.5448,-0.1812,-0.1812,ev,none,live,202609189BE34D3B,2026-09-15T18:07:45.828Z
2026,2,18642,Isaac TeSlaa,DET,WR,at BUF,recYds,Hard Rock,39.5,over,375,-650,0.2105,0.1954,0.0772,0,0.0291,-0.1814,-0.1663,ev,multiplicative,live,202609189BE34D3B,2026-09-15T18:07:45.828Z
2026,2,15876,James Cook,BUF,RB,vs DET,rushAtt,DraftKings,23.5,over,386,,0.2058,0.2058,,1,0.0242,-0.1816,-0.1816,ev,none,live,202609189BE34D3B,2026-09-15T18:07:45.828Z
2026,2,12477,DJ Moore,BUF,WR,vs DET,recYds,FanDuel,99.5,over,388,,0.2049,0.2049,,1,0.0232,-0.1817,-0.1817,ev,none,live,202609189BE34D3B,2026-09-15T18:07:45.828Z
2026,2,18478,Tre Harris,LAC,WR,vs LV,anytimeTD,BetMGM,0.5,over,220,,0.3125,0.3125,,1,0.1306,-0.1819,-0.1819,ev,none,live,2026092038FE57CE,2026-09-15T18:07:45.828Z
2026,2,18478,Tre Harris,LAC,WR,vs LV,anytimeTD,Caesars,0.5,over,220,,0.3125,0.3125,,1,0.1306,-0.1819,-0.1819,ev,none,live,2026092038FE57CE,2026-09-15T18:07:45.828Z
2026,2,17033,Sam LaPorta,DET,TE,at BUF,recYds,DraftKings,69.5,over,300,,0.2500,0.2500,,1,0.0680,-0.1820,-0.1820,ev,none,live,202609189BE34D3B,2026-09-15T18:07:45.828Z
2026,2,15447,Joshua Palmer,BUF,WR,vs DET,recYds,Hard Rock,39.5,over,425,-900,0.1905,0.1747,0.0905,0,0.0076,-0.1829,-0.1671,ev,multiplicative,live,202609189BE34D3B,2026-09-15T18:07:45.828Z
2026,2,12483,Josh Allen,BUF,QB,vs DET,completions,DraftKings,17.5,over,-394,,0.7976,0.7976,,1,0.6146,-0.1830,-0.1830,ev,none,live,202609189BE34D3B,2026-09-15T18:07:45.828Z
2026,2,19607,Kaelon Black,SF,RB,vs MIA,anytimeTD,DraftKings,0.5,over,130,,0.4348,0.4348,,1,0.2517,-0.1830,-0.1830,ev,none,live,202609202FE0218E,2026-09-15T18:07:45.828Z
2026,2,12483,Josh Allen,BUF,QB,vs DET,rushYds,Hard Rock,55.5,over,425,-800,0.1905,0.1765,0.0794,0,0.0075,-0.1830,-0.1690,ev,multiplicative,live,202609189BE34D3B,2026-09-15T18:07:45.828Z
2026,2,15447,Joshua Palmer,BUF,WR,vs DET,recYds,DraftKings,39.5,over,424,,0.1908,0.1908,,1,0.0076,-0.1833,-0.1833,ev,none,live,202609189BE34D3B,2026-09-15T18:07:45.828Z
2026,2,18520,Kyle Monangai,CHI,RB,vs MIN,anytimeTD,Caesars,0.5,over,138,,0.4202,0.4202,,1,0.2366,-0.1835,-0.1835,ev,none,live,20260920AEBD0307,2026-09-15T18:07:45.828Z
2026,2,16963,Rashee Rice,KC,WR,vs IND,anytimeTD,Caesars,0.5,over,112,,0.4717,0.4717,,1,0.2882,-0.1835,-0.1835,ev,none,live,202609217572D919,2026-09-15T18:07:45.828Z
2026,2,18642,Isaac TeSlaa,DET,WR,at BUF,recYds,BetRivers,39.5,over,370,,0.2128,0.2128,,1,0.0291,-0.1837,-0.1837,ev,none,live,202609189BE34D3B,2026-09-15T18:07:45.828Z
2026,2,15807,Kyren Williams,LAR,RB,vs NYG,rushYds,Hard Rock,47.5,under,195,-275,0.3390,0.3161,0.0723,0,0.1547,-0.1843,-0.1614,ev,multiplicative,live,202609222DD46A1C,2026-09-15T18:07:45.828Z
2026,2,18642,Isaac TeSlaa,DET,WR,at BUF,recYds,FanDuel,39.5,over,368,,0.2137,0.2137,,1,0.0291,-0.1846,-0.1846,ev,none,live,202609189BE34D3B,2026-09-15T18:07:45.828Z
2026,2,10729,Jared Goff,DET,QB,at BUF,passAtt,DraftKings,31.5,over,-345,,0.7753,0.7753,,1,0.5906,-0.1847,-0.1847,ev,none,live,202609189BE34D3B,2026-09-15T18:07:45.828Z
2026,2,12477,DJ Moore,BUF,WR,vs DET,recYds,BetRivers,99.5,over,380,,0.2083,0.2083,,1,0.0232,-0.1851,-0.1851,ev,none,live,202609189BE34D3B,2026-09-15T18:07:45.828Z
2026,2,12477,DJ Moore,BUF,WR,vs DET,recYds,Caesars,69.5,over,114,,0.4673,0.4673,,1,0.2820,-0.1853,-0.1853,ev,none,live,202609189BE34D3B,2026-09-15T18:07:45.828Z
2026,2,12483,Josh Allen,BUF,QB,vs DET,completions,theScore,17.5,over,-400,,0.8000,0.8000,,1,0.6146,-0.1854,-0.1854,ev,none,live,202609189BE34D3B,2026-09-15T18:07:45.828Z
2026,2,10729,Jared Goff,DET,QB,at BUF,completions,theScore,22.5,over,-185,,0.6491,0.6491,,1,0.4629,-0.1862,-0.1862,ev,none,live,202609189BE34D3B,2026-09-15T18:07:45.828Z
2026,2,12561,Lamar Jackson,BAL,QB,vs NO,anytimeTD,Caesars,0.5,over,155,,0.3922,0.3922,,1,0.2055,-0.1867,-0.1867,ev,none,live,20260920941629C7,2026-09-15T18:07:45.828Z
2026,2,16033,Isaiah Likely,NYG,TE,at LAR,receptions,FanDuel,5.5,over,116,,0.4630,0.4630,,1,0.2762,-0.1868,-0.1868,ev,none,live,202609222DD46A1C,2026-09-15T18:07:45.828Z
2026,2,18642,Isaac TeSlaa,DET,WR,at BUF,recYds,Hard Rock,40.5,over,375,-700,0.2105,0.1939,0.0855,0,0.0237,-0.1868,-0.1702,ev,multiplicative,live,202609189BE34D3B,2026-09-15T18:07:45.828Z
2026,2,12477,DJ Moore,BUF,WR,vs DET,recYds,Hard Rock,99.5,over,375,-600,0.2105,0.1972,0.0677,0,0.0232,-0.1873,-0.1739,ev,multiplicative,live,202609189BE34D3B,2026-09-15T18:07:45.828Z
2026,2,12477,DJ Moore,BUF,WR,vs DET,recYds,theScore,99.5,over,375,,0.2105,0.2105,,1,0.0232,-0.1873,-0.1873,ev,none,live,202609189BE34D3B,2026-09-15T18:07:45.828Z
2026,2,10729,Jared Goff,DET,QB,at BUF,passAtt,DraftKings,29.5,over,-640,,0.8649,0.8649,,1,0.6774,-0.1875,-0.1875,ev,none,live,202609189BE34D3B,2026-09-15T18:07:45.828Z
2026,2,15306,Javonte Williams,DAL,RB,vs WAS,anytimeTD,Caesars,0.5,over,-190,,0.6552,0.6552,,1,0.4674,-0.1878,-0.1878,ev,none,live,2026092061BDEC96,2026-09-15T18:07:45.828Z
2026,2,15385,Travis Etienne Jr.,NO,RB,at BAL,anytimeTD,BetMGM,0.5,over,120,,0.4545,0.4545,,1,0.2666,-0.1880,-0.1880,ev,none,live,20260920941629C7,2026-09-15T18:07:45.828Z
2026,2,15385,Travis Etienne Jr.,NO,RB,at BAL,anytimeTD,theScore,0.5,over,120,,0.4545,0.4545,,1,0.2666,-0.1880,-0.1880,ev,none,live,20260920941629C7,2026-09-15T18:07:45.828Z
2026,2,18642,Isaac TeSlaa,DET,WR,at BUF,recYds,Hard Rock,35.5,over,300,-475,0.2500,0.2323,0.0761,0,0.0616,-0.1884,-0.1708,ev,multiplicative,live,202609189BE34D3B,2026-09-15T18:07:45.828Z
2026,2,18642,Isaac TeSlaa,DET,WR,at BUF,recYds,DraftKings,39.5,over,358,,0.2183,0.2183,,1,0.0291,-0.1892,-0.1892,ev,none,live,202609189BE34D3B,2026-09-15T18:07:45.828Z
2026,2,10729,Jared Goff,DET,QB,at BUF,passAtt,theScore,29.5,over,-650,,0.8667,0.8667,,1,0.6774,-0.1893,-0.1893,ev,none,live,202609189BE34D3B,2026-09-15T18:07:45.828Z
2026,2,12477,DJ Moore,BUF,WR,vs DET,recYds,DraftKings,79.5,over,197,,0.3367,0.3367,,1,0.1473,-0.1894,-0.1894,ev,none,live,202609189BE34D3B,2026-09-15T18:07:45.828Z
2026,2,15447,Joshua Palmer,BUF,WR,vs DET,recYds,FanDuel,39.5,over,407,,0.1972,0.1972,,1,0.0076,-0.1897,-0.1897,ev,none,live,202609189BE34D3B,2026-09-15T18:07:45.828Z
2026,2,12477,DJ Moore,BUF,WR,vs DET,recYds,Hard Rock,100.5,over,375,-700,0.2105,0.1939,0.0855,0,0.0208,-0.1898,-0.1732,ev,multiplicative,live,202609189BE34D3B,2026-09-15T18:07:45.828Z
2026,2,15447,Joshua Palmer,BUF,WR,vs DET,recYds,Hard Rock,38.5,over,400,-800,0.2000,0.1837,0.0889,0,0.0094,-0.1906,-0.1742,ev,multiplicative,live,202609189BE34D3B,2026-09-15T18:07:45.828Z
2026,2,13466,Dawson Knox,BUF,TE,vs DET,recYds,theScore,12.5,under,-110,-120,0.5238,0.4899,0.0693,0,0.3332,-0.1906,-0.1567,ev,multiplicative,live,202609189BE34D3B,2026-09-15T18:07:45.828Z
2026,2,12477,DJ Moore,BUF,WR,vs DET,recYds,DraftKings,89.5,over,291,,0.2558,0.2558,,1,0.0643,-0.1914,-0.1914,ev,none,live,202609189BE34D3B,2026-09-15T18:07:45.828Z
2026,2,8783,Travis Kelce,KC,TE,vs IND,anytimeTD,Caesars,0.5,over,147,,0.4049,0.4049,,1,0.2134,-0.1915,-0.1915,ev,none,live,202609217572D919,2026-09-15T18:07:45.828Z
2026,2,15447,Joshua Palmer,BUF,WR,vs DET,recYds,Caesars,39.5,over,400,,0.2000,0.2000,,1,0.0076,-0.1924,-0.1924,ev,none,live,202609189BE34D3B,2026-09-15T18:07:45.828Z
2026,2,16808,Jahmyr Gibbs,DET,RB,at BUF,rushYds,Hard Rock,79.5,under,130,-180,0.4348,0.4035,0.0776,0,0.2421,-0.1927,-0.1614,ev,multiplicative,live,202609189BE34D3B,2026-09-15T18:07:45.828Z
2026,2,18642,Isaac TeSlaa,DET,WR,at BUF,recYds,Caesars,39.5,over,350,,0.2222,0.2222,,1,0.0291,-0.1931,-0.1931,ev,none,live,202609189BE34D3B,2026-09-15T18:07:45.828Z
2026,2,18642,Isaac TeSlaa,DET,WR,at BUF,recYds,theScore,39.5,over,350,,0.2222,0.2222,,1,0.0291,-0.1931,-0.1931,ev,none,live,202609189BE34D3B,2026-09-15T18:07:45.828Z
2026,2,15810,Breece Hall,NYJ,RB,vs GB,anytimeTD,theScore,0.5,over,-125,,0.5556,0.5556,,1,0.3624,-0.1932,-0.1932,ev,none,live,202609207339899F,2026-09-15T18:07:45.828Z
2026,2,15306,Javonte Williams,DAL,RB,vs WAS,anytimeTD,DraftKings,0.5,over,-195,,0.6610,0.6610,,1,0.4674,-0.1936,-0.1936,ev,none,live,2026092061BDEC96,2026-09-15T18:07:45.828Z
2026,2,16808,Jahmyr Gibbs,DET,RB,at BUF,rushYds,DraftKings,91.5,under,-111,-113,0.5261,0.4979,0.0566,0,0.3315,-0.1945,-0.1664,ev,multiplicative,live,202609189BE34D3B,2026-09-15T18:07:45.828Z
2026,2,10729,Jared Goff,DET,QB,at BUF,passAtt,theScore,39.5,over,200,,0.3333,0.3333,,1,0.1388,-0.1945,-0.1945,ev,none,live,202609189BE34D3B,2026-09-15T18:07:45.828Z
2026,2,15876,James Cook,BUF,RB,vs DET,rushAtt,BetRivers,17.5,over,-113,,0.5305,0.5305,,1,0.3358,-0.1947,-0.1947,ev,none,live,202609189BE34D3B,2026-09-15T18:07:45.828Z
2026,2,12477,DJ Moore,BUF,WR,vs DET,recYds,FanDuel,79.5,over,192,,0.3425,0.3425,,1,0.1473,-0.1952,-0.1952,ev,none,live,202609189BE34D3B,2026-09-15T18:07:45.828Z
2026,2,12483,Josh Allen,BUF,QB,vs DET,rushYds,FanDuel,49.5,over,348,,0.2232,0.2232,,1,0.0280,-0.1952,-0.1952,ev,none,live,202609189BE34D3B,2026-09-15T18:07:45.828Z
2026,2,15876,James Cook,BUF,RB,vs DET,rushAtt,theScore,16.5,over,-170,,0.6296,0.6296,,1,0.4343,-0.1953,-0.1953,ev,none,live,202609189BE34D3B,2026-09-15T18:07:45.828Z
2026,2,15807,Kyren Williams,LAR,RB,vs NYG,rushYds,Hard Rock,49.5,under,175,-250,0.3636,0.3373,0.0779,0,0.1682,-0.1954,-0.1692,ev,multiplicative,live,202609222DD46A1C,2026-09-15T18:07:45.828Z
2026,2,10729,Jared Goff,DET,QB,at BUF,passAtt,DraftKings,35.5,over,-124,-102,0.5536,0.5230,0.0585,0,0.3578,-0.1958,-0.1651,ev,multiplicative,live,202609189BE34D3B,2026-09-15T18:07:45.828Z
2026,2,17033,Sam LaPorta,DET,TE,at BUF,recYds,Caesars,79.5,over,370,,0.2128,0.2128,,1,0.0164,-0.1963,-0.1963,ev,none,live,202609189BE34D3B,2026-09-15T18:07:45.828Z
2026,2,15876,James Cook,BUF,RB,vs DET,rushAtt,BetRivers,19.5,over,170,,0.3704,0.3704,,1,0.1734,-0.1969,-0.1969,ev,none,live,202609189BE34D3B,2026-09-15T18:07:45.828Z
2026,2,15810,Breece Hall,NYJ,RB,vs GB,anytimeTD,Caesars,0.5,over,-127,,0.5595,0.5595,,1,0.3624,-0.1971,-0.1971,ev,none,live,202609207339899F,2026-09-15T18:07:45.828Z
2026,2,12477,DJ Moore,BUF,WR,vs DET,recYds,Hard Rock,75.5,over,155,-220,0.3922,0.3632,0.0797,0,0.1950,-0.1972,-0.1683,ev,multiplicative,live,202609189BE34D3B,2026-09-15T18:07:45.828Z
2026,2,10729,Jared Goff,DET,QB,at BUF,passAtt,theScore,35.5,over,-125,-105,0.5556,0.5203,0.0678,0,0.3578,-0.1977,-0.1625,ev,multiplicative,live,202609189BE34D3B,2026-09-15T18:07:45.828Z
2026,2,10729,Jared Goff,DET,QB,at BUF,passAtt,Hard Rock,35.5,over,-125,-105,0.5556,0.5203,0.0678,0,0.3578,-0.1977,-0.1625,ev,multiplicative,live,202609189BE34D3B,2026-09-15T18:07:45.828Z
2026,2,17033,Sam LaPorta,DET,TE,at BUF,recYds,BetRivers,69.5,over,275,,0.2667,0.2667,,1,0.0680,-0.1987,-0.1987,ev,none,live,202609189BE34D3B,2026-09-15T18:07:45.828Z
2026,2,17033,Sam LaPorta,DET,TE,at BUF,recYds,Hard Rock,81.5,over,375,-700,0.2105,0.1939,0.0855,0,0.0118,-0.1987,-0.1821,ev,multiplicative,live,202609189BE34D3B,2026-09-15T18:07:45.828Z
2026,2,10729,Jared Goff,DET,QB,at BUF,passAtt,DraftKings,39.5,over,196,,0.3378,0.3378,,1,0.1388,-0.1990,-0.1990,ev,none,live,202609189BE34D3B,2026-09-15T18:07:45.828Z
2026,2,12483,Josh Allen,BUF,QB,vs DET,completions,theScore,14.5,over,-1800,,0.9474,0.9474,,1,0.7484,-0.1990,-0.1990,ev,none,live,202609189BE34D3B,2026-09-15T18:07:45.828Z
2026,2,13466,Dawson Knox,BUF,TE,vs DET,recYds,Caesars,12.5,under,-114,-114,0.5327,0.5000,0.0654,0,0.3332,-0.1995,-0.1668,ev,multiplicative,live,202609189BE34D3B,2026-09-15T18:07:45.828Z
2026,2,13466,Dawson Knox,BUF,TE,vs DET,recYds,FanDuel,12.5,under,-114,-114,0.5327,0.5000,0.0654,0,0.3332,-0.1995,-0.1668,ev,multiplicative,live,202609189BE34D3B,2026-09-15T18:07:45.828Z
2026,2,12477,DJ Moore,BUF,WR,vs DET,recYds,Hard Rock,95.5,over,325,-525,0.2353,0.2188,0.0753,0,0.0357,-0.1996,-0.1831,ev,multiplicative,live,202609189BE34D3B,2026-09-15T18:07:45.828Z
2026,2,16808,Jahmyr Gibbs,DET,RB,at BUF,rushYds,theScore,94.5,under,-125,-105,0.5556,0.5203,0.0678,0,0.3558,-0.1997,-0.1645,ev,multiplicative,live,202609189BE34D3B,2026-09-15T18:07:45.828Z
2026,2,13466,Dawson Knox,BUF,TE,vs DET,recYds,Hard Rock,12.5,under,-115,-115,0.5349,0.5000,0.0698,0,0.3332,-0.2017,-0.1668,ev,multiplicative,live,202609189BE34D3B,2026-09-15T18:07:45.828Z
2026,2,17033,Sam LaPorta,DET,TE,at BUF,recYds,Caesars,59.5,over,150,,0.4000,0.4000,,1,0.1982,-0.2018,-0.2018,ev,none,live,202609189BE34D3B,2026-09-15T18:07:45.828Z
2026,2,15447,Joshua Palmer,BUF,WR,vs DET,recYds,BetRivers,19.5,over,140,,0.4167,0.4167,,1,0.2141,-0.2026,-0.2026,ev,none,live,202609189BE34D3B,2026-09-15T18:07:45.828Z
2026,2,15810,Breece Hall,NYJ,RB,vs GB,anytimeTD,DraftKings,0.5,over,-130,,0.5652,0.5652,,1,0.3624,-0.2028,-0.2028,ev,none,live,202609207339899F,2026-09-15T18:07:45.828Z
2026,2,17033,Sam LaPorta,DET,TE,at BUF,recYds,FanDuel,69.5,over,269,,0.2710,0.2710,,1,0.0680,-0.2030,-0.2030,ev,none,live,202609189BE34D3B,2026-09-15T18:07:45.828Z
2026,2,15447,Joshua Palmer,BUF,WR,vs DET,recYds,theScore,39.5,over,375,,0.2105,0.2105,,1,0.0076,-0.2030,-0.2030,ev,none,live,202609189BE34D3B,2026-09-15T18:07:45.828Z
2026,2,16808,Jahmyr Gibbs,DET,RB,at BUF,recYds,Caesars,49.5,over,250,,0.2857,0.2857,,1,0.0822,-0.2035,-0.2035,ev,none,live,202609189BE34D3B,2026-09-15T18:07:45.828Z
2026,2,12477,DJ Moore,BUF,WR,vs DET,recYds,BetRivers,79.5,over,185,,0.3509,0.3509,,1,0.1473,-0.2036,-0.2036,ev,none,live,202609189BE34D3B,2026-09-15T18:07:45.828Z
2026,2,12477,DJ Moore,BUF,WR,vs DET,recYds,theScore,79.5,over,185,,0.3509,0.3509,,1,0.1473,-0.2036,-0.2036,ev,none,live,202609189BE34D3B,2026-09-15T18:07:45.828Z
2026,2,10729,Jared Goff,DET,QB,at BUF,passAtt,Caesars,36.5,over,101,-134,0.4975,0.4649,0.0702,0,0.2930,-0.2045,-0.1719,ev,multiplicative,live,202609189BE34D3B,2026-09-15T18:07:45.828Z
2026,2,15807,Kyren Williams,LAR,RB,vs NYG,rushYds,Hard Rock,112.5,under,-1800,650,0.9474,0.8766,0.0807,0,0.7425,-0.2049,-0.1342,ev,multiplicative,live,202609222DD46A1C,2026-09-15T18:07:45.828Z
2026,2,15447,Joshua Palmer,BUF,WR,vs DET,recYds,Hard Rock,18.5,over,125,-180,0.4444,0.4088,0.0873,0,0.2387,-0.2057,-0.1701,ev,multiplicative,live,202609189BE34D3B,2026-09-15T18:07:45.828Z
2026,2,17033,Sam LaPorta,DET,TE,at BUF,recYds,Hard Rock,79.5,over,350,-600,0.2222,0.2059,0.0794,0,0.0164,-0.2058,-0.1895,ev,multiplicative,live,202609189BE34D3B,2026-09-15T18:07:45.828Z
2026,2,18445,Omarion Hampton,LAC,RB,vs LV,anytimeTD,theScore,0.5,over,-135,,0.5745,0.5745,,1,0.3687,-0.2058,-0.2058,ev,none,live,2026092038FE57CE,2026-09-15T18:07:45.828Z
2026,2,17033,Sam LaPorta,DET,TE,at BUF,recYds,Hard Rock,61.5,over,170,-250,0.3704,0.3415,0.0847,0,0.1644,-0.2060,-0.1771,ev,multiplicative,live,202609189BE34D3B,2026-09-15T18:07:45.828Z
2026,2,12483,Josh Allen,BUF,QB,vs DET,passYds,BetRivers,199.5,over,-625,,0.8621,0.8621,,1,0.6560,-0.2061,-0.2061,ev,none,live,202609189BE34D3B,2026-09-15T18:07:45.828Z
2026,2,12483,Josh Allen,BUF,QB,vs DET,rushYds,theScore,49.5,over,325,,0.2353,0.2353,,1,0.0280,-0.2073,-0.2073,ev,none,live,202609189BE34D3B,2026-09-15T18:07:45.828Z
2026,2,12477,DJ Moore,BUF,WR,vs DET,recYds,FanDuel,89.5,over,268,,0.2717,0.2717,,1,0.0643,-0.2074,-0.2074,ev,none,live,202609189BE34D3B,2026-09-15T18:07:45.828Z
2026,2,15385,Travis Etienne Jr.,NO,RB,at BAL,anytimeTD,Caesars,0.5,over,111,,0.4739,0.4739,,1,0.2666,-0.2074,-0.2074,ev,none,live,20260920941629C7,2026-09-15T18:07:45.828Z
2026,2,12477,DJ Moore,BUF,WR,vs DET,recYds,Hard Rock,90.5,over,275,-425,0.2667,0.2478,0.0762,0,0.0586,-0.2081,-0.1892,ev,multiplicative,live,202609189BE34D3B,2026-09-15T18:07:45.828Z
2026,2,10729,Jared Goff,DET,QB,at BUF,passAtt,DraftKings,37.5,over,126,,0.4425,0.4425,,1,0.2342,-0.2082,-0.2082,ev,none,live,202609189BE34D3B,2026-09-15T18:07:45.828Z
2026,2,12483,Josh Allen,BUF,QB,vs DET,rushYds,FanDuel,39.5,over,180,,0.3571,0.3571,,1,0.1490,-0.2082,-0.2082,ev,none,live,202609189BE34D3B,2026-09-15T18:07:45.828Z
2026,2,12477,DJ Moore,BUF,WR,vs DET,recYds,Hard Rock,80.5,over,190,-275,0.3448,0.3198,0.0782,0,0.1367,-0.2082,-0.1832,ev,multiplicative,live,202609189BE34D3B,2026-09-15T18:07:45.828Z
2026,2,15372,Rhamondre Stevenson,NE,RB,vs PIT,anytimeTD,theScore,0.5,over,-140,,0.5833,0.5833,,1,0.3750,-0.2083,-0.2083,ev,none,live,202609208CF5F830,2026-09-15T18:07:45.828Z
2026,2,15447,Joshua Palmer,BUF,WR,vs DET,recYds,Hard Rock,33.5,over,325,-550,0.2353,0.2176,0.0814,0,0.0263,-0.2090,-0.1913,ev,multiplicative,live,202609189BE34D3B,2026-09-15T18:07:45.828Z
2026,2,16808,Jahmyr Gibbs,DET,RB,at BUF,rushYds,FanDuel,90.5,under,-114,-114,0.5327,0.5000,0.0654,0,0.3236,-0.2091,-0.1764,ev,multiplicative,live,202609189BE34D3B,2026-09-15T18:07:45.828Z
2026,2,12477,DJ Moore,BUF,WR,vs DET,recYds,Caesars,99.5,over,330,,0.2326,0.2326,,1,0.0232,-0.2093,-0.2093,ev,none,live,202609189BE34D3B,2026-09-15T18:07:45.828Z
2026,2,12477,DJ Moore,BUF,WR,vs DET,recYds,BetRivers,89.5,over,265,,0.2740,0.2740,,1,0.0643,-0.2097,-0.2097,ev,none,live,202609189BE34D3B,2026-09-15T18:07:45.828Z
2026,2,16808,Jahmyr Gibbs,DET,RB,at BUF,rushYds,BetRivers,91.5,under,-118,-113,0.5413,0.5050,0.0718,0,0.3315,-0.2097,-0.1735,ev,multiplicative,live,202609189BE34D3B,2026-09-15T18:07:45.828Z
2026,2,17033,Sam LaPorta,DET,TE,at BUF,recYds,theScore,69.5,over,260,,0.2778,0.2778,,1,0.0680,-0.2098,-0.2098,ev,none,live,202609189BE34D3B,2026-09-15T18:07:45.828Z
2026,2,12477,DJ Moore,BUF,WR,vs DET,recYds,Hard Rock,79.5,over,180,-260,0.3571,0.3309,0.0794,0,0.1473,-0.2099,-0.1836,ev,multiplicative,live,202609189BE34D3B,2026-09-15T18:07:45.828Z
2026,2,13466,Dawson Knox,BUF,TE,vs DET,recYds,Hard Rock,2.5,under,240,-375,0.2941,0.2714,0.0836,0,0.0840,-0.2101,-0.1874,ev,multiplicative,live,202609189BE34D3B,2026-09-15T18:07:45.828Z
2026,2,12483,Josh Allen,BUF,QB,vs DET,rushYds,Hard Rock,35.5,over,120,-175,0.4545,0.4167,0.0909,0,0.2442,-0.2103,-0.1724,ev,multiplicative,live,202609189BE34D3B,2026-09-15T18:07:45.828Z
2026,2,15447,Joshua Palmer,BUF,WR,vs DET,recYds,FanDuel,19.5,over,135,,0.4255,0.4255,,1,0.2141,-0.2115,-0.2115,ev,none,live,202609189BE34D3B,2026-09-15T18:07:45.828Z
2026,2,12483,Josh Allen,BUF,QB,vs DET,completions,DraftKings,15.5,over,-1140,,0.9194,0.9194,,1,0.7066,-0.2128,-0.2128,ev,none,live,202609189BE34D3B,2026-09-15T18:07:45.828Z
2026,2,12477,DJ Moore,BUF,WR,vs DET,recYds,theScore,89.5,over,260,,0.2778,0.2778,,1,0.0643,-0.2135,-0.2135,ev,none,live,202609189BE34D3B,2026-09-15T18:07:45.828Z
2026,2,12483,Josh Allen,BUF,QB,vs DET,rushYds,theScore,39.5,over,175,,0.3636,0.3636,,1,0.1490,-0.2147,-0.2147,ev,none,live,202609189BE34D3B,2026-09-15T18:07:45.828Z
2026,2,16808,Jahmyr Gibbs,DET,RB,at BUF,rushYds,Caesars,90.5,under,-117,-113,0.5392,0.5040,0.0697,0,0.3236,-0.2156,-0.1804,ev,multiplicative,live,202609189BE34D3B,2026-09-15T18:07:45.828Z
2026,2,12483,Josh Allen,BUF,QB,vs DET,rushYds,theScore,44.5,over,250,,0.2857,0.2857,,1,0.0700,-0.2157,-0.2157,ev,none,live,202609189BE34D3B,2026-09-15T18:07:45.828Z
2026,2,12477,DJ Moore,BUF,WR,vs DET,recYds,Hard Rock,85.5,over,225,-350,0.3077,0.2835,0.0855,0,0.0916,-0.2161,-0.1919,ev,multiplicative,live,202609189BE34D3B,2026-09-15T18:07:45.828Z
2026,2,18445,Omarion Hampton,LAC,RB,vs LV,anytimeTD,Caesars,0.5,over,-141,,0.5851,0.5851,,1,0.3687,-0.2163,-0.2163,ev,none,live,2026092038FE57CE,2026-09-15T18:07:45.828Z
2026,2,15372,Rhamondre Stevenson,NE,RB,vs PIT,anytimeTD,DraftKings,0.5,over,-145,,0.5918,0.5918,,1,0.3750,-0.2168,-0.2168,ev,none,live,202609208CF5F830,2026-09-15T18:07:45.828Z
2026,2,17033,Sam LaPorta,DET,TE,at BUF,recYds,Hard Rock,64.5,over,195,-275,0.3390,0.3161,0.0723,0,0.1211,-0.2179,-0.1950,ev,multiplicative,live,202609189BE34D3B,2026-09-15T18:07:45.828Z
2026,2,10729,Jared Goff,DET,QB,at BUF,completions,DraftKings,21.5,over,-274,,0.7326,0.7326,,1,0.5147,-0.2180,-0.2180,ev,none,live,202609189BE34D3B,2026-09-15T18:07:45.828Z
2026,2,15807,Kyren Williams,LAR,RB,vs NYG,rushYds,Hard Rock,52.5,under,145,-210,0.4082,0.3760,0.0856,0,0.1899,-0.2183,-0.1861,ev,multiplicative,live,202609222DD46A1C,2026-09-15T18:07:45.828Z
2026,2,17690,Blake Corum,LAR,RB,vs NYG,rushYds,Hard Rock,23.5,under,300,-500,0.2500,0.2308,0.0833,0,0.0314,-0.2186,-0.1994,ev,multiplicative,live,202609222DD46A1C,2026-09-15T18:07:45.828Z
2026,2,15876,James Cook,BUF,RB,vs DET,rushAtt,theScore,19.5,over,155,-155,0.3922,0.3922,0.0000,0,0.1734,-0.2187,-0.2187,ev,multiplicative,live,202609189BE34D3B,2026-09-15T18:07:45.828Z
2026,2,15807,Kyren Williams,LAR,RB,vs NYG,rushYds,Hard Rock,107.5,under,-1200,550,0.9231,0.8571,0.0769,0,0.7039,-0.2192,-0.1533,ev,multiplicative,live,202609222DD46A1C,2026-09-15T18:07:45.828Z
2026,2,12483,Josh Allen,BUF,QB,vs DET,rushYds,DraftKings,49.5,over,303,,0.2481,0.2481,,1,0.0280,-0.2201,-0.2201,ev,none,live,202609189BE34D3B,2026-09-15T18:07:45.828Z
2026,2,15447,Joshua Palmer,BUF,WR,vs DET,recYds,BetRivers,29.5,over,265,,0.2740,0.2740,,1,0.0536,-0.2204,-0.2204,ev,none,live,202609189BE34D3B,2026-09-15T18:07:45.828Z
2026,2,15447,Joshua Palmer,BUF,WR,vs DET,recYds,theScore,19.5,over,130,,0.4348,0.4348,,1,0.2141,-0.2207,-0.2207,ev,none,live,202609189BE34D3B,2026-09-15T18:07:45.828Z
2026,2,15385,Travis Etienne Jr.,NO,RB,at BAL,anytimeTD,DraftKings,0.5,over,105,,0.4878,0.4878,,1,0.2666,-0.2213,-0.2213,ev,none,live,20260920941629C7,2026-09-15T18:07:45.828Z
2026,2,12483,Josh Allen,BUF,QB,vs DET,rushAtt,theScore,9.5,over,350,,0.2222,0.2222,,1,0.0004,-0.2218,-0.2218,ev,none,live,202609189BE34D3B,2026-09-15T18:07:45.828Z
2026,2,12483,Josh Allen,BUF,QB,vs DET,rushYds,Hard Rock,49.5,over,300,-500,0.2500,0.2308,0.0833,0,0.0280,-0.2220,-0.2028,ev,multiplicative,live,202609189BE34D3B,2026-09-15T18:07:45.828Z
2026,2,18445,Omarion Hampton,LAC,RB,vs LV,anytimeTD,DraftKings,0.5,over,-145,,0.5918,0.5918,,1,0.3687,-0.2231,-0.2231,ev,none,live,2026092038FE57CE,2026-09-15T18:07:45.828Z
2026,2,17033,Sam LaPorta,DET,TE,at BUF,recYds,Hard Rock,76.5,over,300,-525,0.2500,0.2294,0.0900,0,0.0261,-0.2239,-0.2032,ev,multiplicative,live,202609189BE34D3B,2026-09-15T18:07:45.828Z
2026,2,16808,Jahmyr Gibbs,DET,RB,at BUF,recYds,Caesars,39.5,over,136,,0.4237,0.4237,,1,0.1995,-0.2243,-0.2243,ev,none,live,202609189BE34D3B,2026-09-15T18:07:45.828Z
2026,2,16808,Jahmyr Gibbs,DET,RB,at BUF,rushYds,Hard Rock,99.5,under,-165,115,0.6226,0.5724,0.0878,0,0.3975,-0.2251,-0.1749,ev,multiplicative,live,202609189BE34D3B,2026-09-15T18:07:45.828Z
2026,2,17033,Sam LaPorta,DET,TE,at BUF,recYds,Hard Rock,71.5,over,260,-400,0.2778,0.2577,0.0778,0,0.0527,-0.2251,-0.2051,ev,multiplicative,live,202609189BE34D3B,2026-09-15T18:07:45.828Z
2026,2,13466,Dawson Knox,BUF,TE,vs DET,recYds,Hard Rock,7.5,under,145,-210,0.4082,0.3760,0.0856,0,0.1828,-0.2253,-0.1932,ev,multiplicative,live,202609189BE34D3B,2026-09-15T18:07:45.828Z
2026,2,17033,Sam LaPorta,DET,TE,at BUF,recYds,Hard Rock,66.5,over,210,-325,0.3226,0.2967,0.0873,0,0.0971,-0.2255,-0.1996,ev,multiplicative,live,202609189BE34D3B,2026-09-15T18:07:45.828Z
2026,2,15447,Joshua Palmer,BUF,WR,vs DET,recYds,Hard Rock,23.5,over,180,-260,0.3571,0.3309,0.0794,0,0.1314,-0.2257,-0.1995,ev,multiplicative,live,202609189BE34D3B,2026-09-15T18:07:45.828Z
2026,2,12483,Josh Allen,BUF,QB,vs DET,rushAtt,DraftKings,9.5,over,342,,0.2262,0.2262,,1,0.0004,-0.2259,-0.2259,ev,none,live,202609189BE34D3B,2026-09-15T18:07:45.828Z
2026,2,12483,Josh Allen,BUF,QB,vs DET,rushYds,Hard Rock,50.5,over,300,-550,0.2500,0.2281,0.0962,0,0.0228,-0.2272,-0.2052,ev,multiplicative,live,202609189BE34D3B,2026-09-15T18:07:45.828Z
2026,2,12483,Josh Allen,BUF,QB,vs DET,rushYds,DraftKings,39.5,over,165,,0.3774,0.3774,,1,0.1490,-0.2284,-0.2284,ev,none,live,202609189BE34D3B,2026-09-15T18:07:45.828Z
2026,2,12483,Josh Allen,BUF,QB,vs DET,rushYds,Hard Rock,39.5,over,165,-230,0.3774,0.3513,0.0743,0,0.1490,-0.2284,-0.2023,ev,multiplicative,live,202609189BE34D3B,2026-09-15T18:07:45.828Z
2026,2,15447,Joshua Palmer,BUF,WR,vs DET,recYds,FanDuel,24.5,over,191,,0.3436,0.3436,,1,0.1148,-0.2289,-0.2289,ev,none,live,202609189BE34D3B,2026-09-15T18:07:45.828Z
2026,2,16666,Michael Mayer,LV,TE,at LAC,anytimeTD,Caesars,0.5,over,260,,0.2778,0.2778,,1,0.0488,-0.2290,-0.2290,ev,none,live,2026092038FE57CE,2026-09-15T18:07:45.828Z
2026,2,15876,James Cook,BUF,RB,vs DET,rushAtt,Caesars,17.5,over,-130,102,0.5652,0.5331,0.0603,0,0.3358,-0.2294,-0.1972,ev,multiplicative,live,202609189BE34D3B,2026-09-15T18:07:45.828Z
2026,2,15876,James Cook,BUF,RB,vs DET,rushAtt,Hard Rock,17.5,over,-130,100,0.5652,0.5306,0.0652,0,0.3358,-0.2294,-0.1948,ev,multiplicative,live,202609189BE34D3B,2026-09-15T18:07:45.828Z
2026,2,15447,Joshua Palmer,BUF,WR,vs DET,recYds,Hard Rock,24.5,over,190,-275,0.3448,0.3198,0.0782,0,0.1148,-0.2301,-0.2051,ev,multiplicative,live,202609189BE34D3B,2026-09-15T18:07:45.828Z
2026,2,15447,Joshua Palmer,BUF,WR,vs DET,recYds,FanDuel,29.5,over,252,,0.2841,0.2841,,1,0.0536,-0.2305,-0.2305,ev,none,live,202609189BE34D3B,2026-09-15T18:07:45.828Z
2026,2,17033,Sam LaPorta,DET,TE,at BUF,recYds,Caesars,69.5,over,235,,0.2985,0.2985,,1,0.0680,-0.2305,-0.2305,ev,none,live,202609189BE34D3B,2026-09-15T18:07:45.828Z
2026,2,15447,Joshua Palmer,BUF,WR,vs DET,recYds,Hard Rock,28.5,over,240,-375,0.2941,0.2714,0.0836,0,0.0631,-0.2310,-0.2083,ev,multiplicative,live,202609189BE34D3B,2026-09-15T18:07:45.828Z
2026,2,15447,Joshua Palmer,BUF,WR,vs DET,recYds,DraftKings,24.5,over,189,,0.3460,0.3460,,1,0.1148,-0.2313,-0.2313,ev,none,live,202609189BE34D3B,2026-09-15T18:07:45.828Z
2026,2,18445,Omarion Hampton,LAC,RB,vs LV,anytimeTD,BetMGM,0.5,over,-150,,0.6000,0.6000,,1,0.3687,-0.2313,-0.2313,ev,none,live,2026092038FE57CE,2026-09-15T18:07:45.828Z
2026,2,14394,D'Andre Swift,CHI,RB,vs MIN,anytimeTD,theScore,0.5,over,-135,,0.5745,0.5745,,1,0.3430,-0.2315,-0.2315,ev,none,live,20260920AEBD0307,2026-09-15T18:07:45.828Z
2026,2,17690,Blake Corum,LAR,RB,vs NYG,rushYds,Hard Rock,24.5,under,275,-450,0.2667,0.2458,0.0848,0,0.0349,-0.2318,-0.2109,ev,multiplicative,live,202609222DD46A1C,2026-09-15T18:07:45.828Z
2026,2,15447,Joshua Palmer,BUF,WR,vs DET,recYds,theScore,29.5,over,250,,0.2857,0.2857,,1,0.0536,-0.2321,-0.2321,ev,none,live,202609189BE34D3B,2026-09-15T18:07:45.828Z
2026,2,12483,Josh Allen,BUF,QB,vs DET,rushYds,Hard Rock,40.5,over,175,-250,0.3636,0.3373,0.0779,0,0.1297,-0.2340,-0.2077,ev,multiplicative,live,202609189BE34D3B,2026-09-15T18:07:45.828Z
2026,2,12483,Josh Allen,BUF,QB,vs DET,rushYds,Hard Rock,45.5,over,240,-375,0.2941,0.2714,0.0836,0,0.0590,-0.2351,-0.2124,ev,multiplicative,live,202609189BE34D3B,2026-09-15T18:07:45.828Z
2026,2,12483,Josh Allen,BUF,QB,vs DET,rushYds,BetRivers,49.5,over,280,,0.2632,0.2632,,1,0.0280,-0.2352,-0.2352,ev,none,live,202609189BE34D3B,2026-09-15T18:07:45.828Z
2026,2,12483,Josh Allen,BUF,QB,vs DET,rushAtt,Hard Rock,11.5,over,325,,0.2353,0.2353,,1,0.0000,-0.2353,-0.2353,ev,none,live,202609189BE34D3B,2026-09-15T18:07:45.828Z
2026,2,16666,Michael Mayer,LV,TE,at LAC,anytimeTD,BetMGM,0.5,over,250,,0.2857,0.2857,,1,0.0488,-0.2369,-0.2369,ev,none,live,2026092038FE57CE,2026-09-15T18:07:45.828Z
2026,2,15807,Kyren Williams,LAR,RB,vs NYG,rushYds,Hard Rock,102.5,under,-900,450,0.9000,0.8319,0.0818,0,0.6628,-0.2372,-0.1691,ev,multiplicative,live,202609222DD46A1C,2026-09-15T18:07:45.828Z
2026,2,12477,DJ Moore,BUF,WR,vs DET,recYds,Caesars,79.5,over,159,,0.3861,0.3861,,1,0.1473,-0.2388,-0.2388,ev,none,live,202609189BE34D3B,2026-09-15T18:07:45.828Z
2026,2,15876,James Cook,BUF,RB,vs DET,rushAtt,Hard Rock,20.5,over,180,,0.3571,0.3571,,1,0.1152,-0.2419,-0.2419,ev,none,live,202609189BE34D3B,2026-09-15T18:07:45.828Z
2026,2,15876,James Cook,BUF,RB,vs DET,rushAtt,DraftKings,21.5,over,218,,0.3145,0.3145,,1,0.0725,-0.2420,-0.2420,ev,none,live,202609189BE34D3B,2026-09-15T18:07:45.828Z
2026,2,12483,Josh Allen,BUF,QB,vs DET,rushYds,BetRivers,39.5,over,155,,0.3922,0.3922,,1,0.1490,-0.2432,-0.2432,ev,none,live,202609189BE34D3B,2026-09-15T18:07:45.828Z
2026,2,12477,DJ Moore,BUF,WR,vs DET,recYds,Caesars,89.5,over,225,,0.3077,0.3077,,1,0.0643,-0.2434,-0.2434,ev,none,live,202609189BE34D3B,2026-09-15T18:07:45.828Z
2026,2,15807,Kyren Williams,LAR,RB,vs NYG,rushYds,Hard Rock,99.5,under,-750,400,0.8824,0.8152,0.0824,0,0.6372,-0.2452,-0.1780,ev,multiplicative,live,202609222DD46A1C,2026-09-15T18:07:45.828Z
2026,2,14394,D'Andre Swift,CHI,RB,vs MIN,anytimeTD,Caesars,0.5,over,-143,,0.5885,0.5885,,1,0.3430,-0.2455,-0.2455,ev,none,live,20260920AEBD0307,2026-09-15T18:07:45.828Z
2026,2,10729,Jared Goff,DET,QB,at BUF,completions,theScore,17.5,over,-1600,,0.9412,0.9412,,1,0.6953,-0.2459,-0.2459,ev,none,live,202609189BE34D3B,2026-09-15T18:07:45.828Z
2026,2,15807,Kyren Williams,LAR,RB,vs NYG,rushYds,Hard Rock,57.5,under,110,-155,0.4762,0.4393,0.0840,0,0.2296,-0.2466,-0.2097,ev,multiplicative,live,202609222DD46A1C,2026-09-15T18:07:45.828Z
2026,2,10729,Jared Goff,DET,QB,at BUF,completions,DraftKings,17.5,over,-1660,,0.9432,0.9432,,1,0.6953,-0.2479,-0.2479,ev,none,live,202609189BE34D3B,2026-09-15T18:07:45.828Z
2026,2,14394,D'Andre Swift,CHI,RB,vs MIN,anytimeTD,DraftKings,0.5,over,-145,,0.5918,0.5918,,1,0.3430,-0.2489,-0.2489,ev,none,live,20260920AEBD0307,2026-09-15T18:07:45.828Z
2026,2,10729,Jared Goff,DET,QB,at BUF,completions,theScore,19.5,over,-600,,0.8571,0.8571,,1,0.6079,-0.2493,-0.2493,ev,none,live,202609189BE34D3B,2026-09-15T18:07:45.828Z
2026,2,15447,Joshua Palmer,BUF,WR,vs DET,recYds,Caesars,19.5,over,115,,0.4651,0.4651,,1,0.2141,-0.2510,-0.2510,ev,none,live,202609189BE34D3B,2026-09-15T18:07:45.828Z
2026,2,10729,Jared Goff,DET,QB,at BUF,completions,DraftKings,19.5,over,-610,,0.8592,0.8592,,1,0.6079,-0.2513,-0.2513,ev,none,live,202609189BE34D3B,2026-09-15T18:07:45.828Z
2026,2,15876,James Cook,BUF,RB,vs DET,rushAtt,DraftKings,17.5,over,-143,,0.5885,0.5885,,1,0.3358,-0.2526,-0.2526,ev,none,live,202609189BE34D3B,2026-09-15T18:07:45.828Z
2026,2,15807,Kyren Williams,LAR,RB,vs NYG,rushYds,Hard Rock,97.5,under,-700,375,0.8750,0.8061,0.0855,0,0.6197,-0.2553,-0.1863,ev,multiplicative,live,202609222DD46A1C,2026-09-15T18:07:45.828Z
2026,2,12483,Josh Allen,BUF,QB,vs DET,rushYds,Caesars,49.5,over,250,,0.2857,0.2857,,1,0.0280,-0.2577,-0.2577,ev,none,live,202609189BE34D3B,2026-09-15T18:07:45.828Z
2026,2,15807,Kyren Williams,LAR,RB,vs NYG,rushYds,FanDuel,62.5,under,-114,-114,0.5327,0.5000,0.0654,0,0.2736,-0.2592,-0.2264,ev,multiplicative,live,202609222DD46A1C,2026-09-15T18:07:45.828Z
2026,2,15876,James Cook,BUF,RB,vs DET,rushAtt,DraftKings,18.5,over,-103,-123,0.5074,0.4791,0.0590,0,0.2475,-0.2598,-0.2316,ev,multiplicative,live,202609189BE34D3B,2026-09-15T18:07:45.828Z
2026,2,15807,Kyren Williams,LAR,RB,vs NYG,rushYds,Hard Rock,62.5,under,-115,-115,0.5349,0.5000,0.0698,0,0.2736,-0.2613,-0.2264,ev,multiplicative,live,202609222DD46A1C,2026-09-15T18:07:45.828Z
2026,2,15807,Kyren Williams,LAR,RB,vs NYG,rushYds,Hard Rock,92.5,under,-525,325,0.8400,0.7812,0.0753,0,0.5751,-0.2649,-0.2061,ev,multiplicative,live,202609222DD46A1C,2026-09-15T18:07:45.828Z
2026,2,12483,Josh Allen,BUF,QB,vs DET,rushYds,Caesars,39.5,over,140,,0.4167,0.4167,,1,0.1490,-0.2677,-0.2677,ev,none,live,202609189BE34D3B,2026-09-15T18:07:45.828Z
2026,2,12483,Josh Allen,BUF,QB,vs DET,rushAtt,theScore,6.5,over,-140,110,0.5833,0.5506,0.0595,0,0.3150,-0.2684,-0.2356,ev,multiplicative,live,202609189BE34D3B,2026-09-15T18:07:45.828Z
2026,2,15447,Joshua Palmer,BUF,WR,vs DET,recYds,Caesars,29.5,over,210,,0.3226,0.3226,,1,0.0536,-0.2690,-0.2690,ev,none,live,202609189BE34D3B,2026-09-15T18:07:45.828Z
2026,2,15876,James Cook,BUF,RB,vs DET,rushAtt,DraftKings,19.5,over,126,,0.4425,0.4425,,1,0.1734,-0.2690,-0.2690,ev,none,live,202609189BE34D3B,2026-09-15T18:07:45.828Z
2026,2,17690,Blake Corum,LAR,RB,vs NYG,rushYds,Hard Rock,28.5,under,210,-325,0.3226,0.2967,0.0873,0,0.0525,-0.2701,-0.2442,ev,multiplicative,live,202609222DD46A1C,2026-09-15T18:07:45.828Z
2026,2,15807,Kyren Williams,LAR,RB,vs NYG,rushYds,Hard Rock,87.5,under,-400,260,0.8000,0.7423,0.0778,0,0.5295,-0.2705,-0.2127,ev,multiplicative,live,202609222DD46A1C,2026-09-15T18:07:45.828Z
2026,2,15807,Kyren Williams,LAR,RB,vs NYG,rushYds,Hard Rock,64.5,under,-130,-105,0.5652,0.5246,0.0774,0,0.2922,-0.2730,-0.2324,ev,multiplicative,live,202609222DD46A1C,2026-09-15T18:07:45.828Z
2026,2,17690,Blake Corum,LAR,RB,vs NYG,rushYds,Hard Rock,63.5,under,-350,225,0.7778,0.7165,0.0855,0,0.5046,-0.2732,-0.2119,ev,multiplicative,live,202609222DD46A1C,2026-09-15T18:07:45.828Z
2026,2,12483,Josh Allen,BUF,QB,vs DET,rushAtt,DraftKings,6.5,over,-145,113,0.5918,0.5576,0.0613,0,0.3150,-0.2769,-0.2427,ev,multiplicative,live,202609189BE34D3B,2026-09-15T18:07:45.828Z
2026,2,15807,Kyren Williams,LAR,RB,vs NYG,rushYds,Hard Rock,67.5,under,-150,110,0.6000,0.5575,0.0762,0,0.3213,-0.2787,-0.2362,ev,multiplicative,live,202609222DD46A1C,2026-09-15T18:07:45.828Z
2026,2,17690,Blake Corum,LAR,RB,vs NYG,rushYds,Hard Rock,64.5,under,-375,240,0.7895,0.7286,0.0836,0,0.5083,-0.2811,-0.2202,ev,multiplicative,live,202609222DD46A1C,2026-09-15T18:07:45.828Z
2026,2,12483,Josh Allen,BUF,QB,vs DET,rushAtt,BetRivers,9.5,over,255,,0.2817,0.2817,,1,0.0004,-0.2813,-0.2813,ev,none,live,202609189BE34D3B,2026-09-15T18:07:45.828Z
2026,2,15807,Kyren Williams,LAR,RB,vs NYG,rushYds,Hard Rock,82.5,under,-325,210,0.7647,0.7033,0.0873,0,0.4803,-0.2844,-0.2230,ev,multiplicative,live,202609222DD46A1C,2026-09-15T18:07:45.828Z
2026,2,15807,Kyren Williams,LAR,RB,vs NYG,rushYds,Hard Rock,79.5,under,-275,185,0.7333,0.6764,0.0842,0,0.4474,-0.2860,-0.2290,ev,multiplicative,live,202609222DD46A1C,2026-09-15T18:07:45.828Z
2026,2,15807,Kyren Williams,LAR,RB,vs NYG,rushYds,Hard Rock,72.5,under,-195,135,0.6610,0.6084,0.0865,0,0.3723,-0.2887,-0.2361,ev,multiplicative,live,202609222DD46A1C,2026-09-15T18:07:45.828Z
2026,2,15807,Kyren Williams,LAR,RB,vs NYG,rushYds,Hard Rock,77.5,under,-250,170,0.7143,0.6585,0.0847,0,0.4256,-0.2887,-0.2329,ev,multiplicative,live,202609222DD46A1C,2026-09-15T18:07:45.828Z
2026,2,17690,Blake Corum,LAR,RB,vs NYG,rushYds,Hard Rock,58.5,under,-260,180,0.7222,0.6691,0.0794,0,0.4282,-0.2940,-0.2409,ev,multiplicative,live,202609222DD46A1C,2026-09-15T18:07:45.828Z
2026,2,17690,Blake Corum,LAR,RB,vs NYG,rushYds,Hard Rock,68.5,under,-450,275,0.8182,0.7542,0.0848,0,0.5233,-0.2949,-0.2309,ev,multiplicative,live,202609222DD46A1C,2026-09-15T18:07:45.828Z
2026,2,12483,Josh Allen,BUF,QB,vs DET,rushAtt,Caesars,6.5,over,-159,121,0.6139,0.5757,0.0664,0,0.3150,-0.2989,-0.2607,ev,multiplicative,live,202609189BE34D3B,2026-09-15T18:07:45.828Z
2026,2,17690,Blake Corum,LAR,RB,vs NYG,rushYds,Hard Rock,33.5,under,155,-220,0.3922,0.3632,0.0797,0,0.0836,-0.3085,-0.2796,ev,multiplicative,live,202609222DD46A1C,2026-09-15T18:07:45.828Z
2026,2,17690,Blake Corum,LAR,RB,vs NYG,rushYds,Hard Rock,73.5,under,-600,350,0.8571,0.7941,0.0794,0,0.5420,-0.3152,-0.2521,ev,multiplicative,live,202609222DD46A1C,2026-09-15T18:07:45.828Z
2026,2,17690,Blake Corum,LAR,RB,vs NYG,rushYds,Hard Rock,78.5,under,-800,425,0.8889,0.8235,0.0794,0,0.5605,-0.3283,-0.2630,ev,multiplicative,live,202609222DD46A1C,2026-09-15T18:07:45.828Z
2026,2,17690,Blake Corum,LAR,RB,vs NYG,rushYds,Hard Rock,53.5,under,-200,145,0.6667,0.6203,0.0748,0,0.3369,-0.3298,-0.2834,ev,multiplicative,live,202609222DD46A1C,2026-09-15T18:07:45.828Z
2026,2,17690,Blake Corum,LAR,RB,vs NYG,rushYds,Hard Rock,79.5,under,-850,425,0.8947,0.8245,0.0852,0,0.5642,-0.3305,-0.2602,ev,multiplicative,live,202609222DD46A1C,2026-09-15T18:07:45.828Z
2026,2,17690,Blake Corum,LAR,RB,vs NYG,rushYds,Hard Rock,99.5,under,-3000,900,0.9677,0.9063,0.0677,0,0.6366,-0.3311,-0.2697,ev,multiplicative,live,202609222DD46A1C,2026-09-15T18:07:45.828Z
2026,2,17690,Blake Corum,LAR,RB,vs NYG,rushYds,Hard Rock,83.5,under,-1100,500,0.9167,0.8462,0.0833,0,0.5790,-0.3377,-0.2672,ev,multiplicative,live,202609222DD46A1C,2026-09-15T18:07:45.828Z
2026,2,17690,Blake Corum,LAR,RB,vs NYG,rushYds,Hard Rock,38.5,under,115,-160,0.4651,0.4305,0.0805,0,0.1269,-0.3382,-0.3036,ev,multiplicative,live,202609222DD46A1C,2026-09-15T18:07:45.828Z
2026,2,17690,Blake Corum,LAR,RB,vs NYG,rushYds,Hard Rock,88.5,under,-1500,600,0.9375,0.8678,0.0804,0,0.5972,-0.3403,-0.2705,ev,multiplicative,live,202609222DD46A1C,2026-09-15T18:07:45.828Z
2026,2,17690,Blake Corum,LAR,RB,vs NYG,rushYds,Hard Rock,93.5,under,-2200,700,0.9565,0.8844,0.0815,0,0.6153,-0.3412,-0.2691,ev,multiplicative,live,202609222DD46A1C,2026-09-15T18:07:45.828Z
2026,2,17690,Blake Corum,LAR,RB,vs NYG,rushYds,FanDuel,43.5,under,-114,-114,0.5327,0.5000,0.0654,0,0.1838,-0.3489,-0.3162,ev,multiplicative,live,202609222DD46A1C,2026-09-15T18:07:45.828Z
2026,2,17690,Blake Corum,LAR,RB,vs NYG,rushYds,Hard Rock,39.5,under,105,-150,0.4878,0.4484,0.0878,0,0.1372,-0.3506,-0.3113,ev,multiplicative,live,202609222DD46A1C,2026-09-15T18:07:45.828Z
2026,2,17690,Blake Corum,LAR,RB,vs NYG,rushYds,Hard Rock,43.5,under,-115,-115,0.5349,0.5000,0.0698,0,0.1838,-0.3511,-0.3162,ev,multiplicative,live,202609222DD46A1C,2026-09-15T18:07:45.828Z
2026,2,17690,Blake Corum,LAR,RB,vs NYG,rushYds,Hard Rock,49.5,under,-165,120,0.6226,0.5780,0.0772,0,0.2699,-0.3527,-0.3081,ev,multiplicative,live,202609222DD46A1C,2026-09-15T18:07:45.828Z
2026,2,17690,Blake Corum,LAR,RB,vs NYG,rushYds,Hard Rock,48.5,under,-155,110,0.6078,0.5607,0.0840,0,0.2543,-0.3536,-0.3064,ev,multiplicative,live,202609222DD46A1C,2026-09-15T18:07:45.828Z
2026,2,12483,Josh Allen,BUF,QB,vs DET,rushAtt,DraftKings,7.5,over,120,,0.4545,0.4545,,1,0.0742,-0.3804,-0.3804,ev,none,live,202609189BE34D3B,2026-09-15T18:07:45.828Z
2026,2,12483,Josh Allen,BUF,QB,vs DET,rushAtt,BetRivers,7.5,over,100,,0.5000,0.5000,,1,0.0742,-0.4258,-0.4258,ev,none,live,202609189BE34D3B,2026-09-15T18:07:45.828Z
2026,2,12483,Josh Allen,BUF,QB,vs DET,rushAtt,Hard Rock,8.5,over,130,,0.4348,0.4348,,1,0.0080,-0.4268,-0.4268,ev,none,live,202609189BE34D3B,2026-09-15T18:07:45.828Z
2026,2,12483,Josh Allen,BUF,QB,vs DET,rushAtt,Hard Rock,7.5,over,-105,-125,0.5122,0.4797,0.0678,0,0.0742,-0.4380,-0.4055,ev,multiplicative,live,202609189BE34D3B,2026-09-15T18:07:45.828Z
