Season,Week,PlayerID,Name,Team,Pos,Opp,Stat,Book,Line,Side,Proj,Odds,OppositeOdds,ImpliedProb,FairProb,Hold,OneSided,OurProb,Edge,ModelEdge,EdgeBasis,DevigMethod,LineSource,FixtureID,CapturedAt
2026,3,17795,MarShawn Lloyd,GB,RB,vs ATL,rushYds,BetRivers,49.5,over,45.05,380,,0.2083,0.2083,,1,0.4432,0.2349,0.2349,ev,none,live,202609250580A50A,2026-09-22T17:47:03.773Z
2026,3,17795,MarShawn Lloyd,GB,RB,vs ATL,rushYds,DraftKings,49.5,over,45.05,347,,0.2237,0.2237,,1,0.4432,0.2195,0.2195,ev,none,live,202609250580A50A,2026-09-22T17:47:03.773Z
2026,3,16741,Chris Brooks,GB,RB,vs ATL,rushYds,BetRivers,29.5,over,28.67,310,,0.2439,0.2439,,1,0.4589,0.2150,0.2150,ev,none,live,202609250580A50A,2026-09-22T17:47:03.773Z
2026,3,17795,MarShawn Lloyd,GB,RB,vs ATL,recYds,DraftKings,14.5,over,12.1,360,,0.2174,0.2174,,1,0.4323,0.2150,0.2150,ev,none,live,202609250580A50A,2026-09-22T17:47:03.773Z
2026,3,12561,Lamar Jackson,BAL,QB,at DAL,rushYds,FanDuel,49.5,over,52.86,204,,0.3289,0.3289,,1,0.5419,0.2129,0.2129,ev,none,live,202609270726D5A2,2026-09-22T17:47:03.773Z
2026,3,16741,Chris Brooks,GB,RB,vs ATL,rushYds,DraftKings,19.5,over,28.67,124,,0.4464,0.4464,,1,0.6573,0.2108,0.2108,ev,none,live,202609250580A50A,2026-09-22T17:47:03.773Z
2026,3,12561,Lamar Jackson,BAL,QB,at DAL,rushYds,theScore,49.5,over,52.86,200,,0.3333,0.3333,,1,0.5419,0.2086,0.2086,ev,none,live,202609270726D5A2,2026-09-22T17:47:03.773Z
2026,3,12561,Lamar Jackson,BAL,QB,at DAL,rushYds,Hard Rock,49.5,over,52.86,195,-275,0.3390,0.3161,0.0723,0,0.5419,0.2029,0.2258,ev,multiplicative,live,202609270726D5A2,2026-09-22T17:47:03.773Z
2026,3,12561,Lamar Jackson,BAL,QB,at DAL,rushAtt,Hard Rock,5.5,over,8.65,-130,100,0.5652,0.5306,0.0652,0,0.7658,0.2006,0.2352,ev,multiplicative,live,202609270726D5A2,2026-09-22T17:47:03.773Z
2026,3,16741,Chris Brooks,GB,RB,vs ATL,rushYds,DraftKings,29.5,over,28.67,285,,0.2597,0.2597,,1,0.4589,0.1991,0.1991,ev,none,live,202609250580A50A,2026-09-22T17:47:03.773Z
2026,3,16741,Chris Brooks,GB,RB,vs ATL,rushYds,BetRivers,19.5,over,28.67,117,,0.4608,0.4608,,1,0.6573,0.1964,0.1964,ev,none,live,202609250580A50A,2026-09-22T17:47:03.773Z
2026,3,12561,Lamar Jackson,BAL,QB,at DAL,rushAtt,DraftKings,9.5,over,8.65,556,,0.1524,0.1524,,1,0.3473,0.1948,0.1948,ev,none,live,202609270726D5A2,2026-09-22T17:47:03.773Z
2026,3,17795,MarShawn Lloyd,GB,RB,vs ATL,rushYds,Hard Rock,49.5,over,45.05,300,-500,0.2500,0.2308,0.0833,0,0.4432,0.1932,0.2125,ev,multiplicative,live,202609250580A50A,2026-09-22T17:47:03.773Z
2026,3,14371,Jordan Love,GB,QB,vs ATL,completions,theScore,22.5,over,21.3,325,,0.2353,0.2353,,1,0.4275,0.1922,0.1922,ev,none,live,202609250580A50A,2026-09-22T17:47:03.773Z
2026,3,12561,Lamar Jackson,BAL,QB,at DAL,rushYds,BetRivers,49.5,over,52.86,185,,0.3509,0.3509,,1,0.5419,0.1910,0.1910,ev,none,live,202609270726D5A2,2026-09-22T17:47:03.773Z
2026,3,15947,Jake Ferguson,DAL,TE,vs BAL,recYds,DraftKings,24.5,over,34.7,-130,,0.5652,0.5652,,1,0.7558,0.1906,0.1906,ev,none,live,202609270726D5A2,2026-09-22T17:47:03.773Z
2026,3,17795,MarShawn Lloyd,GB,RB,vs ATL,rushYds,DraftKings,29.5,over,45.05,-101,,0.5025,0.5025,,1,0.6930,0.1905,0.1905,ev,none,live,202609250580A50A,2026-09-22T17:47:03.773Z
2026,3,17795,MarShawn Lloyd,GB,RB,vs ATL,rushYds,theScore,34.5,over,45.05,125,,0.4444,0.4444,,1,0.6339,0.1894,0.1894,ev,none,live,202609250580A50A,2026-09-22T17:47:03.773Z
2026,3,14371,Jordan Love,GB,QB,vs ATL,completions,DraftKings,23.5,over,21.3,453,,0.1808,0.1808,,1,0.3688,0.1880,0.1880,ev,none,live,202609250580A50A,2026-09-22T17:47:03.773Z
2026,3,17795,MarShawn Lloyd,GB,RB,vs ATL,rushYds,theScore,44.5,over,45.05,210,,0.3226,0.3226,,1,0.5071,0.1845,0.1845,ev,none,live,202609250580A50A,2026-09-22T17:47:03.773Z
2026,3,12561,Lamar Jackson,BAL,QB,at DAL,rushYds,FanDuel,39.5,over,52.86,109,,0.4785,0.4785,,1,0.6622,0.1837,0.1837,ev,none,live,202609270726D5A2,2026-09-22T17:47:03.773Z
2026,3,17795,MarShawn Lloyd,GB,RB,vs ATL,rushYds,Hard Rock,53.5,over,45.05,375,-650,0.2105,0.1954,0.0772,0,0.3931,0.1826,0.1977,ev,multiplicative,live,202609250580A50A,2026-09-22T17:47:03.773Z
2026,3,16741,Chris Brooks,GB,RB,vs ATL,rushYds,FanDuel,19.5,over,28.67,110,,0.4762,0.4762,,1,0.6573,0.1811,0.1811,ev,none,live,202609250580A50A,2026-09-22T17:47:03.773Z
2026,3,14371,Jordan Love,GB,QB,vs ATL,completions,DraftKings,21.5,over,21.3,225,,0.3077,0.3077,,1,0.4879,0.1802,0.1802,ev,none,live,202609250580A50A,2026-09-22T17:47:03.773Z
2026,3,14371,Jordan Love,GB,QB,vs ATL,completions,theScore,24.5,over,21.3,650,,0.1333,0.1333,,1,0.3131,0.1797,0.1797,ev,none,live,202609250580A50A,2026-09-22T17:47:03.773Z
2026,3,12561,Lamar Jackson,BAL,QB,at DAL,rushYds,DraftKings,49.5,over,52.86,174,,0.3650,0.3650,,1,0.5419,0.1769,0.1769,ev,none,live,202609270726D5A2,2026-09-22T17:47:03.773Z
2026,3,17795,MarShawn Lloyd,GB,RB,vs ATL,rushYds,Caesars,49.5,over,45.05,275,,0.2667,0.2667,,1,0.4432,0.1766,0.1766,ev,none,live,202609250580A50A,2026-09-22T17:47:03.773Z
2026,3,17795,MarShawn Lloyd,GB,RB,vs ATL,rushYds,DraftKings,59.5,over,45.05,581,,0.1468,0.1468,,1,0.3214,0.1746,0.1746,ev,none,live,202609250580A50A,2026-09-22T17:47:03.773Z
2026,3,12561,Lamar Jackson,BAL,QB,at DAL,rushYds,BetRivers,39.5,over,52.86,105,,0.4878,0.4878,,1,0.6622,0.1743,0.1743,ev,none,live,202609270726D5A2,2026-09-22T17:47:03.773Z
2026,3,12561,Lamar Jackson,BAL,QB,at DAL,rushYds,theScore,39.5,over,52.86,105,,0.4878,0.4878,,1,0.6622,0.1743,0.1743,ev,none,live,202609270726D5A2,2026-09-22T17:47:03.773Z
2026,3,17795,MarShawn Lloyd,GB,RB,vs ATL,rushYds,FanDuel,29.5,over,45.05,-108,,0.5192,0.5192,,1,0.6930,0.1737,0.1737,ev,none,live,202609250580A50A,2026-09-22T17:47:03.773Z
2026,3,17795,MarShawn Lloyd,GB,RB,vs ATL,rushYds,FanDuel,49.5,over,45.05,268,,0.2717,0.2717,,1,0.4432,0.1715,0.1715,ev,none,live,202609250580A50A,2026-09-22T17:47:03.773Z
2026,3,16741,Chris Brooks,GB,RB,vs ATL,rushYds,theScore,19.5,over,28.67,105,,0.4878,0.4878,,1,0.6573,0.1695,0.1695,ev,none,live,202609250580A50A,2026-09-22T17:47:03.773Z
2026,3,17795,MarShawn Lloyd,GB,RB,vs ATL,recYds,Hard Rock,15.5,over,12.1,325,-525,0.2353,0.2188,0.0753,0,0.4046,0.1693,0.1858,ev,multiplicative,live,202609250580A50A,2026-09-22T17:47:03.773Z
2026,3,17795,MarShawn Lloyd,GB,RB,vs ATL,rushYds,theScore,29.5,over,45.05,-110,-120,0.5238,0.4899,0.0693,0,0.6930,0.1691,0.2031,ev,multiplicative,live,202609250580A50A,2026-09-22T17:47:03.773Z
2026,3,12561,Lamar Jackson,BAL,QB,at DAL,rushYds,Caesars,49.5,over,52.86,168,,0.3731,0.3731,,1,0.5419,0.1688,0.1688,ev,none,live,202609270726D5A2,2026-09-22T17:47:03.773Z
2026,3,15306,Javonte Williams,DAL,RB,vs BAL,rushAtt,DraftKings,13.5,over,17.31,-134,,0.5726,0.5726,,1,0.7413,0.1686,0.1686,ev,none,live,202609270726D5A2,2026-09-22T17:47:03.773Z
2026,3,17795,MarShawn Lloyd,GB,RB,vs ATL,recYds,FanDuel,14.5,over,12.1,276,,0.2660,0.2660,,1,0.4323,0.1664,0.1664,ev,none,live,202609250580A50A,2026-09-22T17:47:03.773Z
2026,3,17795,MarShawn Lloyd,GB,RB,vs ATL,rushYds,theScore,49.5,over,45.05,260,,0.2778,0.2778,,1,0.4432,0.1654,0.1654,ev,none,live,202609250580A50A,2026-09-22T17:47:03.773Z
2026,3,12561,Lamar Jackson,BAL,QB,at DAL,rushYds,FanDuel,59.5,over,52.86,359,,0.2179,0.2179,,1,0.3818,0.1639,0.1639,ev,none,live,202609270726D5A2,2026-09-22T17:47:03.773Z
2026,3,14371,Jordan Love,GB,QB,vs ATL,rushYds,Hard Rock,13.5,over,14.63,160,-230,0.3846,0.3556,0.0816,0,0.5483,0.1637,0.1927,ev,multiplicative,live,202609250580A50A,2026-09-22T17:47:03.773Z
2026,3,12561,Lamar Jackson,BAL,QB,at DAL,rushYds,FanDuel,36.5,over,52.86,-114,-114,0.5327,0.5000,0.0654,0,0.6958,0.1631,0.1958,ev,multiplicative,live,202609270726D5A2,2026-09-22T17:47:03.773Z
2026,3,12561,Lamar Jackson,BAL,QB,at DAL,rushYds,Hard Rock,39.5,over,52.86,100,-140,0.5000,0.4615,0.0833,0,0.6622,0.1622,0.2006,ev,multiplicative,live,202609270726D5A2,2026-09-22T17:47:03.773Z
2026,3,14371,Jordan Love,GB,QB,vs ATL,rushYds,FanDuel,14.5,over,14.63,191,,0.3436,0.3436,,1,0.5056,0.1619,0.1619,ev,none,live,202609250580A50A,2026-09-22T17:47:03.773Z
2026,3,18445,Omarion Hampton,LAC,RB,at BUF,receptions,BetRivers,1.5,over,2.28,-143,,0.5885,0.5885,,1,0.7500,0.1615,0.1615,ev,none,live,2026092763BB8AC8,2026-09-22T17:47:03.773Z
2026,3,17700,Michael Penix Jr.,ATL,QB,at GB,rushYds,FanDuel,9.5,over,8.86,227,,0.3058,0.3058,,1,0.4671,0.1613,0.1613,ev,none,live,202609250580A50A,2026-09-22T17:47:03.773Z
2026,3,12561,Lamar Jackson,BAL,QB,at DAL,rushYds,theScore,59.5,over,52.86,350,,0.2222,0.2222,,1,0.3818,0.1596,0.1596,ev,none,live,202609270726D5A2,2026-09-22T17:47:03.773Z
2026,3,15947,Jake Ferguson,DAL,TE,vs BAL,recYds,BetRivers,27.5,over,34.7,-112,-120,0.5283,0.4920,0.0738,0,0.6876,0.1593,0.1956,ev,multiplicative,live,202609270726D5A2,2026-09-22T17:47:03.773Z
2026,3,14371,Jordan Love,GB,QB,vs ATL,completions,DraftKings,25.5,over,21.3,880,,0.1020,0.1020,,1,0.2613,0.1592,0.1592,ev,none,live,202609250580A50A,2026-09-22T17:47:03.773Z
2026,3,17700,Michael Penix Jr.,ATL,QB,at GB,rushYds,Hard Rock,8.5,over,8.86,175,-250,0.3636,0.3373,0.0779,0,0.5221,0.1584,0.1847,ev,multiplicative,live,202609250580A50A,2026-09-22T17:47:03.773Z
2026,3,18445,Omarion Hampton,LAC,RB,at BUF,receptions,Hard Rock,1.5,over,2.28,-145,115,0.5918,0.5599,0.0570,0,0.7500,0.1582,0.1901,ev,multiplicative,live,2026092763BB8AC8,2026-09-22T17:47:03.773Z
2026,3,17795,MarShawn Lloyd,GB,RB,vs ATL,rushYds,Caesars,29.5,over,45.05,-115,,0.5349,0.5349,,1,0.6930,0.1581,0.1581,ev,none,live,202609250580A50A,2026-09-22T17:47:03.773Z
2026,3,16741,Chris Brooks,GB,RB,vs ATL,rushYds,DraftKings,14.5,over,28.67,-136,,0.5763,0.5763,,1,0.7343,0.1580,0.1580,ev,none,live,202609250580A50A,2026-09-22T17:47:03.773Z
2026,3,17795,MarShawn Lloyd,GB,RB,vs ATL,rushYds,BetRivers,30.5,over,45.05,-110,-121,0.5238,0.4889,0.0713,0,0.6815,0.1577,0.1925,ev,multiplicative,live,202609250580A50A,2026-09-22T17:47:03.773Z
2026,3,12561,Lamar Jackson,BAL,QB,at DAL,passYds,BetRivers,274.5,over,259.92,275,,0.2667,0.2667,,1,0.4241,0.1574,0.1574,ev,none,live,202609270726D5A2,2026-09-22T17:47:03.773Z
2026,3,17700,Michael Penix Jr.,ATL,QB,at GB,passYds,Hard Rock,116.5,under,199.74,1100,-4000,0.0833,0.0787,0.0589,0,0.2399,0.1566,0.1612,ev,multiplicative,live,202609250580A50A,2026-09-22T17:47:03.773Z
2026,3,11008,Dak Prescott,DAL,QB,vs BAL,completions,DraftKings,25.5,under,22.43,-108,-118,0.5192,0.4896,0.0605,0,0.6751,0.1559,0.1855,ev,multiplicative,live,202609270726D5A2,2026-09-22T17:47:03.773Z
2026,3,17700,Michael Penix Jr.,ATL,QB,at GB,rushYds,DraftKings,9.5,over,8.86,221,,0.3115,0.3115,,1,0.4671,0.1556,0.1556,ev,none,live,202609250580A50A,2026-09-22T17:47:03.773Z
2026,3,17700,Michael Penix Jr.,ATL,QB,at GB,passYds,Hard Rock,106.5,under,199.74,1600,-8000,0.0588,0.0562,0.0465,0,0.2143,0.1555,0.1581,ev,multiplicative,live,202609250580A50A,2026-09-22T17:47:03.773Z
2026,3,15853,George Pickens,DAL,WR,vs BAL,recYds,DraftKings,59.5,over,75.47,-111,-113,0.5261,0.4979,0.0566,0,0.6813,0.1552,0.1834,ev,multiplicative,live,202609270726D5A2,2026-09-22T17:47:03.773Z
2026,3,12561,Lamar Jackson,BAL,QB,at DAL,rushYds,BetRivers,36.5,over,52.86,-118,-113,0.5413,0.5050,0.0718,0,0.6958,0.1545,0.1908,ev,multiplicative,live,202609270726D5A2,2026-09-22T17:47:03.773Z
2026,3,16741,Chris Brooks,GB,RB,vs ATL,rushYds,theScore,15.5,over,28.67,-130,100,0.5652,0.5306,0.0652,0,0.7196,0.1544,0.1890,ev,multiplicative,live,202609250580A50A,2026-09-22T17:47:03.773Z
2026,3,15947,Jake Ferguson,DAL,TE,vs BAL,recYds,DraftKings,14.5,over,34.7,-318,,0.7608,0.7608,,1,0.9150,0.1542,0.1542,ev,none,live,202609270726D5A2,2026-09-22T17:47:03.773Z
2026,3,18445,Omarion Hampton,LAC,RB,at BUF,receptions,Caesars,1.5,over,2.28,-148,112,0.5968,0.5585,0.0685,0,0.7500,0.1532,0.1915,ev,multiplicative,live,2026092763BB8AC8,2026-09-22T17:47:03.773Z
2026,3,18445,Omarion Hampton,LAC,RB,at BUF,receptions,FanDuel,1.5,over,2.28,-148,112,0.5968,0.5585,0.0685,0,0.7500,0.1532,0.1915,ev,multiplicative,live,2026092763BB8AC8,2026-09-22T17:47:03.773Z
2026,3,18515,Kaleb Johnson,GB,RB,vs ATL,rushYds,Hard Rock,42.5,under,21.07,-170,125,0.6296,0.5862,0.0741,0,0.7828,0.1532,0.1966,ev,multiplicative,live,202609250580A50A,2026-09-22T17:47:03.773Z
2026,3,15853,George Pickens,DAL,WR,vs BAL,recYds,Caesars,59.5,over,75.47,-112,-117,0.5283,0.4949,0.0675,0,0.6813,0.1529,0.1863,ev,multiplicative,live,202609270726D5A2,2026-09-22T17:47:03.773Z
2026,3,15853,George Pickens,DAL,WR,vs BAL,recYds,DraftKings,49.5,over,75.47,-167,,0.6255,0.6255,,1,0.7782,0.1528,0.1528,ev,none,live,202609270726D5A2,2026-09-22T17:47:03.773Z
2026,3,15306,Javonte Williams,DAL,RB,vs BAL,rushAtt,Caesars,13.5,over,17.31,-143,109,0.5885,0.5516,0.0669,0,0.7413,0.1528,0.1897,ev,multiplicative,live,202609270726D5A2,2026-09-22T17:47:03.773Z
2026,3,17700,Michael Penix Jr.,ATL,QB,at GB,passAtt,BetMGM,31.5,under,29.07,-110,-120,0.5238,0.4899,0.0693,0,0.6765,0.1527,0.1866,ev,multiplicative,live,202609250580A50A,2026-09-22T17:47:03.773Z
2026,3,15947,Jake Ferguson,DAL,TE,vs BAL,recYds,BetRivers,29.5,over,34.7,106,,0.4854,0.4854,,1,0.6380,0.1526,0.1526,ev,none,live,202609270726D5A2,2026-09-22T17:47:03.773Z
2026,3,16741,Chris Brooks,GB,RB,vs ATL,rushYds,Caesars,19.5,over,28.67,-102,,0.5050,0.5050,,1,0.6573,0.1523,0.1523,ev,none,live,202609250580A50A,2026-09-22T17:47:03.773Z
2026,3,12561,Lamar Jackson,BAL,QB,at DAL,rushYds,DraftKings,39.5,over,52.86,-104,,0.5098,0.5098,,1,0.6622,0.1523,0.1523,ev,none,live,202609270726D5A2,2026-09-22T17:47:03.773Z
2026,3,15947,Jake Ferguson,DAL,TE,vs BAL,recYds,BetRivers,19.5,over,34.7,-230,,0.6970,0.6970,,1,0.8491,0.1521,0.1521,ev,none,live,202609270726D5A2,2026-09-22T17:47:03.773Z
2026,3,12483,Josh Allen,BUF,QB,vs LAC,int,BetRivers,1.5,over,1.12,540,,0.1563,0.1563,,1,0.3083,0.1520,0.1520,ev,none,live,2026092763BB8AC8,2026-09-22T17:47:03.773Z
2026,3,12561,Lamar Jackson,BAL,QB,at DAL,rushYds,DraftKings,38.5,over,52.86,-109,-115,0.5215,0.4937,0.0564,0,0.6735,0.1520,0.1798,ev,multiplicative,live,202609270726D5A2,2026-09-22T17:47:03.773Z
2026,3,17795,MarShawn Lloyd,GB,RB,vs ATL,receptions,DraftKings,3.5,over,1.71,1700,,0.0556,0.0556,,1,0.2073,0.1518,0.1518,ev,none,live,202609250580A50A,2026-09-22T17:47:03.773Z
2026,3,17795,MarShawn Lloyd,GB,RB,vs ATL,rushYds,Hard Rock,58.5,over,45.05,450,-900,0.1818,0.1681,0.0818,0,0.3330,0.1512,0.1650,ev,multiplicative,live,202609250580A50A,2026-09-22T17:47:03.773Z
2026,3,15853,George Pickens,DAL,WR,vs BAL,recYds,BetRivers,59.5,over,75.47,-113,-117,0.5305,0.4960,0.0697,0,0.6813,0.1507,0.1853,ev,multiplicative,live,202609270726D5A2,2026-09-22T17:47:03.773Z
2026,3,15853,George Pickens,DAL,WR,vs BAL,recYds,Hard Rock,64.5,over,75.47,110,-145,0.4762,0.4459,0.0680,0,0.6269,0.1507,0.1810,ev,multiplicative,live,202609270726D5A2,2026-09-22T17:47:03.773Z
2026,3,17700,Michael Penix Jr.,ATL,QB,at GB,passYds,Hard Rock,124.5,under,199.74,800,-2500,0.1111,0.1036,0.0726,0,0.2615,0.1504,0.1579,ev,multiplicative,live,202609250580A50A,2026-09-22T17:47:03.773Z
2026,3,12561,Lamar Jackson,BAL,QB,at DAL,rushYds,Hard Rock,36.5,over,52.86,-120,-110,0.5455,0.5101,0.0693,0,0.6958,0.1503,0.1857,ev,multiplicative,live,202609270726D5A2,2026-09-22T17:47:03.773Z
2026,3,12561,Lamar Jackson,BAL,QB,at DAL,rushYds,theScore,36.5,over,52.86,-120,-110,0.5455,0.5101,0.0693,0,0.6958,0.1503,0.1857,ev,multiplicative,live,202609270726D5A2,2026-09-22T17:47:03.773Z
2026,3,12561,Lamar Jackson,BAL,QB,at DAL,rushYds,Caesars,37.5,over,52.86,-115,-113,0.5349,0.5020,0.0654,0,0.6847,0.1498,0.1827,ev,multiplicative,live,202609270726D5A2,2026-09-22T17:47:03.773Z
2026,3,15853,George Pickens,DAL,WR,vs BAL,recYds,BetRivers,69.5,over,75.47,138,,0.4202,0.4202,,1,0.5699,0.1497,0.1497,ev,none,live,202609270726D5A2,2026-09-22T17:47:03.773Z
2026,3,17700,Michael Penix Jr.,ATL,QB,at GB,passYds,Hard Rock,126.5,under,199.74,750,-2500,0.1176,0.1090,0.0792,0,0.2671,0.1494,0.1581,ev,multiplicative,live,202609250580A50A,2026-09-22T17:47:03.773Z
2026,3,15853,George Pickens,DAL,WR,vs BAL,recYds,FanDuel,59.5,over,75.47,-114,-114,0.5327,0.5000,0.0654,0,0.6813,0.1485,0.1813,ev,multiplicative,live,202609270726D5A2,2026-09-22T17:47:03.773Z
2026,3,17795,MarShawn Lloyd,GB,RB,vs ATL,receptions,Hard Rock,3.5,over,1.71,1600,-8000,0.0588,0.0562,0.0465,0,0.2073,0.1485,0.1511,ev,multiplicative,live,202609250580A50A,2026-09-22T17:47:03.773Z
2026,3,16739,Bijan Robinson,ATL,RB,at GB,rushAtt,DraftKings,15.5,over,18.91,-232,,0.6988,0.6988,,1,0.8467,0.1479,0.1479,ev,none,live,202609250580A50A,2026-09-22T17:47:03.773Z
2026,3,15947,Jake Ferguson,DAL,TE,vs BAL,recYds,Hard Rock,24.5,over,34.7,-155,115,0.6078,0.5665,0.0730,0,0.7558,0.1479,0.1893,ev,multiplicative,live,202609270726D5A2,2026-09-22T17:47:03.773Z
2026,3,16741,Chris Brooks,GB,RB,vs ATL,rushYds,FanDuel,14.5,over,28.67,-142,,0.5868,0.5868,,1,0.7343,0.1475,0.1475,ev,none,live,202609250580A50A,2026-09-22T17:47:03.773Z
2026,3,17795,MarShawn Lloyd,GB,RB,vs ATL,rushYds,BetRivers,29.5,over,45.05,-120,,0.5455,0.5455,,1,0.6930,0.1475,0.1475,ev,none,live,202609250580A50A,2026-09-22T17:47:03.773Z
2026,3,12561,Lamar Jackson,BAL,QB,at DAL,rushAtt,DraftKings,5.5,over,8.65,-162,,0.6183,0.6183,,1,0.7658,0.1475,0.1475,ev,none,live,202609270726D5A2,2026-09-22T17:47:03.773Z
2026,3,15947,Jake Ferguson,DAL,TE,vs BAL,recYds,Hard Rock,22.5,over,34.7,-185,130,0.6491,0.5989,0.0839,0,0.7964,0.1472,0.1975,ev,multiplicative,live,202609270726D5A2,2026-09-22T17:47:03.773Z
2026,3,15853,George Pickens,DAL,WR,vs BAL,recYds,Hard Rock,59.5,over,75.47,-115,-115,0.5349,0.5000,0.0698,0,0.6813,0.1464,0.1813,ev,multiplicative,live,202609270726D5A2,2026-09-22T17:47:03.773Z
2026,3,17795,MarShawn Lloyd,GB,RB,vs ATL,rushYds,DraftKings,24.5,over,45.05,-151,,0.6016,0.6016,,1,0.7474,0.1458,0.1458,ev,none,live,202609250580A50A,2026-09-22T17:47:03.773Z
2026,3,15306,Javonte Williams,DAL,RB,vs BAL,receptions,DraftKings,3.5,under,2.63,-147,116,0.5951,0.5625,0.0581,0,0.7405,0.1453,0.1780,ev,multiplicative,live,202609270726D5A2,2026-09-22T17:47:03.773Z
2026,3,12561,Lamar Jackson,BAL,QB,at DAL,rushYds,Caesars,39.5,over,52.86,-107,,0.5169,0.5169,,1,0.6622,0.1452,0.1452,ev,none,live,202609270726D5A2,2026-09-22T17:47:03.773Z
2026,3,11008,Dak Prescott,DAL,QB,vs BAL,completions,Caesars,25.5,under,22.43,-113,-117,0.5305,0.4960,0.0697,0,0.6751,0.1446,0.1792,ev,multiplicative,live,202609270726D5A2,2026-09-22T17:47:03.773Z
2026,3,15853,George Pickens,DAL,WR,vs BAL,recYds,Caesars,49.5,over,75.47,-173,,0.6337,0.6337,,1,0.7782,0.1445,0.1445,ev,none,live,202609270726D5A2,2026-09-22T17:47:03.773Z
2026,3,12561,Lamar Jackson,BAL,QB,at DAL,rushYds,theScore,34.5,over,52.86,-135,,0.5745,0.5745,,1,0.7173,0.1429,0.1429,ev,none,live,202609270726D5A2,2026-09-22T17:47:03.773Z
2026,3,15853,George Pickens,DAL,WR,vs BAL,recYds,FanDuel,69.5,over,75.47,134,,0.4274,0.4274,,1,0.5699,0.1426,0.1426,ev,none,live,202609270726D5A2,2026-09-22T17:47:03.773Z
2026,3,15947,Jake Ferguson,DAL,TE,vs BAL,recYds,Hard Rock,27.5,over,34.7,-120,-110,0.5455,0.5101,0.0693,0,0.6876,0.1421,0.1775,ev,multiplicative,live,202609270726D5A2,2026-09-22T17:47:03.773Z
2026,3,12483,Josh Allen,BUF,QB,vs LAC,passTD,DraftKings,1.5,under,1.41,124,-159,0.4464,0.4210,0.0603,0,0.5884,0.1420,0.1674,ev,multiplicative,live,2026092763BB8AC8,2026-09-22T17:47:03.773Z
2026,3,17700,Michael Penix Jr.,ATL,QB,at GB,passYds,Hard Rock,136.5,under,199.74,550,-1300,0.1538,0.1421,0.0824,0,0.2957,0.1419,0.1536,ev,multiplicative,live,202609250580A50A,2026-09-22T17:47:03.773Z
2026,3,12561,Lamar Jackson,BAL,QB,at DAL,passYds,BetRivers,249.5,over,259.92,148,,0.4032,0.4032,,1,0.5450,0.1418,0.1418,ev,none,live,202609270726D5A2,2026-09-22T17:47:03.773Z
2026,3,17700,Michael Penix Jr.,ATL,QB,at GB,passAtt,theScore,31.5,under,29.07,-115,-115,0.5349,0.5000,0.0698,0,0.6765,0.1416,0.1765,ev,multiplicative,live,202609250580A50A,2026-09-22T17:47:03.773Z
2026,3,17700,Michael Penix Jr.,ATL,QB,at GB,passAtt,Hard Rock,31.5,under,29.07,-115,-115,0.5349,0.5000,0.0698,0,0.6765,0.1416,0.1765,ev,multiplicative,live,202609250580A50A,2026-09-22T17:47:03.773Z
2026,3,14371,Jordan Love,GB,QB,vs ATL,int,BetRivers,1.5,over,1.15,460,,0.1786,0.1786,,1,0.3192,0.1407,0.1407,ev,none,live,202609250580A50A,2026-09-22T17:47:03.773Z
2026,3,15306,Javonte Williams,DAL,RB,vs BAL,receptions,Hard Rock,3.5,under,2.63,-150,115,0.6000,0.5633,0.0651,0,0.7405,0.1405,0.1772,ev,multiplicative,live,202609270726D5A2,2026-09-22T17:47:03.773Z
2026,3,11008,Dak Prescott,DAL,QB,vs BAL,completions,Hard Rock,25.5,under,22.43,-115,-115,0.5349,0.5000,0.0698,0,0.6751,0.1402,0.1751,ev,multiplicative,live,202609270726D5A2,2026-09-22T17:47:03.773Z
2026,3,15853,George Pickens,DAL,WR,vs BAL,recYds,Hard Rock,54.5,over,75.47,-145,105,0.5918,0.5482,0.0796,0,0.7320,0.1401,0.1838,ev,multiplicative,live,202609270726D5A2,2026-09-22T17:47:03.773Z
2026,3,17795,MarShawn Lloyd,GB,RB,vs ATL,rushYds,Caesars,59.5,over,45.05,450,,0.1818,0.1818,,1,0.3214,0.1396,0.1396,ev,none,live,202609250580A50A,2026-09-22T17:47:03.773Z
2026,3,15853,George Pickens,DAL,WR,vs BAL,recYds,DraftKings,69.5,over,75.47,132,,0.4310,0.4310,,1,0.5699,0.1389,0.1389,ev,none,live,202609270726D5A2,2026-09-22T17:47:03.773Z
2026,3,17795,MarShawn Lloyd,GB,RB,vs ATL,rushYds,FanDuel,24.5,over,45.05,-156,,0.6094,0.6094,,1,0.7474,0.1380,0.1380,ev,none,live,202609250580A50A,2026-09-22T17:47:03.773Z
2026,3,14371,Jordan Love,GB,QB,vs ATL,rushYds,DraftKings,14.5,over,14.63,172,,0.3676,0.3676,,1,0.5056,0.1379,0.1379,ev,none,live,202609250580A50A,2026-09-22T17:47:03.773Z
2026,3,12561,Lamar Jackson,BAL,QB,at DAL,rushYds,BetRivers,59.5,over,52.86,310,,0.2439,0.2439,,1,0.3818,0.1379,0.1379,ev,none,live,202609270726D5A2,2026-09-22T17:47:03.773Z
2026,3,17700,Michael Penix Jr.,ATL,QB,at GB,completions,BetMGM,19.5,under,16.68,-120,-110,0.5455,0.5101,0.0693,0,0.6832,0.1378,0.1731,ev,multiplicative,live,202609250580A50A,2026-09-22T17:47:03.773Z
2026,3,11008,Dak Prescott,DAL,QB,vs BAL,rushYds,Caesars,12.5,under,9.5,-109,-120,0.5215,0.4888,0.0670,0,0.6590,0.1374,0.1702,ev,multiplicative,live,202609270726D5A2,2026-09-22T17:47:03.773Z
2026,3,14371,Jordan Love,GB,QB,vs ATL,int,theScore,1.5,over,1.15,450,,0.1818,0.1818,,1,0.3192,0.1374,0.1374,ev,none,live,202609250580A50A,2026-09-22T17:47:03.773Z
2026,3,17700,Michael Penix Jr.,ATL,QB,at GB,passAtt,DraftKings,31.5,under,29.07,-117,-109,0.5392,0.5083,0.0607,0,0.6765,0.1373,0.1681,ev,multiplicative,live,202609250580A50A,2026-09-22T17:47:03.773Z
2026,3,15306,Javonte Williams,DAL,RB,vs BAL,receptions,Caesars,3.5,under,2.63,-152,116,0.6032,0.5658,0.0661,0,0.7405,0.1373,0.1747,ev,multiplicative,live,202609270726D5A2,2026-09-22T17:47:03.773Z
2026,3,12561,Lamar Jackson,BAL,QB,at DAL,rushYds,Hard Rock,61.5,over,52.86,375,-700,0.2105,0.1939,0.0855,0,0.3478,0.1372,0.1538,ev,multiplicative,live,202609270726D5A2,2026-09-22T17:47:03.773Z
2026,3,15947,Jake Ferguson,DAL,TE,vs BAL,recYds,FanDuel,24.5,over,34.7,-163,,0.6198,0.6198,,1,0.7558,0.1360,0.1360,ev,none,live,202609270726D5A2,2026-09-22T17:47:03.773Z
2026,3,15853,George Pickens,DAL,WR,vs BAL,recYds,theScore,59.5,over,75.47,-120,-110,0.5455,0.5101,0.0693,0,0.6813,0.1358,0.1711,ev,multiplicative,live,202609270726D5A2,2026-09-22T17:47:03.773Z
2026,3,15853,George Pickens,DAL,WR,vs BAL,recYds,Hard Rock,49.5,over,75.47,-180,130,0.6429,0.5965,0.0776,0,0.7782,0.1354,0.1817,ev,multiplicative,live,202609270726D5A2,2026-09-22T17:47:03.773Z
2026,3,15306,Javonte Williams,DAL,RB,vs BAL,rushYds,Hard Rock,74.5,under,63.83,-240,170,0.7059,0.6559,0.0763,0,0.8412,0.1354,0.1854,ev,multiplicative,live,202609270726D5A2,2026-09-22T17:47:03.773Z
2026,3,17700,Michael Penix Jr.,ATL,QB,at GB,passYds,Hard Rock,146.5,under,199.74,425,-800,0.1905,0.1765,0.0794,0,0.3257,0.1352,0.1492,ev,multiplicative,live,202609250580A50A,2026-09-22T17:47:03.773Z
2026,3,11008,Dak Prescott,DAL,QB,vs BAL,rushYds,theScore,12.5,under,9.5,-110,-120,0.5238,0.4899,0.0693,0,0.6590,0.1351,0.1691,ev,multiplicative,live,202609270726D5A2,2026-09-22T17:47:03.773Z
2026,3,15853,George Pickens,DAL,WR,vs BAL,recYds,Hard Rock,69.5,over,75.47,130,-180,0.4348,0.4035,0.0776,0,0.5699,0.1351,0.1665,ev,multiplicative,live,202609270726D5A2,2026-09-22T17:47:03.773Z
2026,3,15853,George Pickens,DAL,WR,vs BAL,recYds,theScore,69.5,over,75.47,130,,0.4348,0.4348,,1,0.5699,0.1351,0.1351,ev,none,live,202609270726D5A2,2026-09-22T17:47:03.773Z
2026,3,11008,Dak Prescott,DAL,QB,vs BAL,rushYds,Hard Rock,12.5,under,9.5,-110,-120,0.5238,0.4899,0.0693,0,0.6590,0.1351,0.1691,ev,multiplicative,live,202609270726D5A2,2026-09-22T17:47:03.773Z
2026,3,12561,Lamar Jackson,BAL,QB,at DAL,rushYds,Caesars,59.5,over,52.86,305,,0.2469,0.2469,,1,0.3818,0.1349,0.1349,ev,none,live,202609270726D5A2,2026-09-22T17:47:03.773Z
2026,3,17700,Michael Penix Jr.,ATL,QB,at GB,passYds,Hard Rock,149.5,under,199.74,400,-700,0.2000,0.1860,0.0750,0,0.3349,0.1349,0.1488,ev,multiplicative,live,202609250580A50A,2026-09-22T17:47:03.773Z
2026,3,15306,Javonte Williams,DAL,RB,vs BAL,receptions,FanDuel,3.5,under,2.63,-154,116,0.6063,0.5670,0.0693,0,0.7405,0.1342,0.1735,ev,multiplicative,live,202609270726D5A2,2026-09-22T17:47:03.773Z
2026,3,12483,Josh Allen,BUF,QB,vs LAC,passTD,Caesars,1.5,under,1.41,120,-145,0.4545,0.4344,0.0464,0,0.5884,0.1338,0.1540,ev,multiplicative,live,2026092763BB8AC8,2026-09-22T17:47:03.773Z
2026,3,15853,George Pickens,DAL,WR,vs BAL,recYds,BetRivers,49.5,over,75.47,-182,,0.6454,0.6454,,1,0.7782,0.1328,0.1328,ev,none,live,202609270726D5A2,2026-09-22T17:47:03.773Z
2026,3,12561,Lamar Jackson,BAL,QB,at DAL,rushYds,DraftKings,59.5,over,52.86,301,,0.2494,0.2494,,1,0.3818,0.1324,0.1324,ev,none,live,202609270726D5A2,2026-09-22T17:47:03.773Z
2026,3,15947,Jake Ferguson,DAL,TE,vs BAL,recYds,FanDuel,19.5,over,34.7,-253,,0.7167,0.7167,,1,0.8491,0.1324,0.1324,ev,none,live,202609270726D5A2,2026-09-22T17:47:03.773Z
2026,3,16741,Chris Brooks,GB,RB,vs ATL,rushYds,FanDuel,29.5,over,28.67,206,,0.3268,0.3268,,1,0.4589,0.1321,0.1321,ev,none,live,202609250580A50A,2026-09-22T17:47:03.773Z
2026,3,17795,MarShawn Lloyd,GB,RB,vs ATL,rushYds,theScore,24.5,over,45.05,-160,,0.6154,0.6154,,1,0.7474,0.1320,0.1320,ev,none,live,202609250580A50A,2026-09-22T17:47:03.773Z
2026,3,16739,Bijan Robinson,ATL,RB,at GB,rushAtt,BetRivers,14.5,over,18.91,-345,,0.7753,0.7753,,1,0.9069,0.1316,0.1316,ev,none,live,202609250580A50A,2026-09-22T17:47:03.773Z
2026,3,17700,Michael Penix Jr.,ATL,QB,at GB,passAtt,Caesars,31.5,under,29.07,-120,-112,0.5455,0.5080,0.0738,0,0.6765,0.1310,0.1685,ev,multiplicative,live,202609250580A50A,2026-09-22T17:47:03.773Z
2026,3,15947,Jake Ferguson,DAL,TE,vs BAL,recYds,Caesars,28.5,over,34.7,-114,-115,0.5327,0.4990,0.0676,0,0.6632,0.1305,0.1642,ev,multiplicative,live,202609270726D5A2,2026-09-22T17:47:03.773Z
2026,3,15947,Jake Ferguson,DAL,TE,vs BAL,recYds,FanDuel,28.5,over,34.7,-114,-114,0.5327,0.5000,0.0654,0,0.6632,0.1305,0.1632,ev,multiplicative,live,202609270726D5A2,2026-09-22T17:47:03.773Z
2026,3,15853,George Pickens,DAL,WR,vs BAL,recYds,DraftKings,39.5,over,75.47,-264,,0.7253,0.7253,,1,0.8557,0.1304,0.1304,ev,none,live,202609270726D5A2,2026-09-22T17:47:03.773Z
2026,3,15853,George Pickens,DAL,WR,vs BAL,recYds,BetRivers,79.5,over,75.47,205,,0.3279,0.3279,,1,0.4577,0.1299,0.1299,ev,none,live,202609270726D5A2,2026-09-22T17:47:03.773Z
2026,3,18445,Omarion Hampton,LAC,RB,at BUF,receptions,BetRivers,2.5,over,2.28,205,,0.3279,0.3279,,1,0.4575,0.1296,0.1296,ev,none,live,2026092763BB8AC8,2026-09-22T17:47:03.773Z
2026,3,16739,Bijan Robinson,ATL,RB,at GB,rushAtt,theScore,14.5,over,18.91,-350,,0.7778,0.7778,,1,0.9069,0.1291,0.1291,ev,none,live,202609250580A50A,2026-09-22T17:47:03.773Z
2026,3,16739,Bijan Robinson,ATL,RB,at GB,rushAtt,Hard Rock,14.5,over,18.91,-350,,0.7778,0.7778,,1,0.9069,0.1291,0.1291,ev,none,live,202609250580A50A,2026-09-22T17:47:03.773Z
2026,3,17795,MarShawn Lloyd,GB,RB,vs ATL,rushYds,Hard Rock,63.5,over,45.05,575,-1300,0.1481,0.1376,0.0767,0,0.2769,0.1288,0.1393,ev,multiplicative,live,202609250580A50A,2026-09-22T17:47:03.773Z
2026,3,15947,Jake Ferguson,DAL,TE,vs BAL,recYds,Hard Rock,17.5,over,34.7,-300,200,0.7500,0.6923,0.0833,0,0.8787,0.1287,0.1863,ev,multiplicative,live,202609270726D5A2,2026-09-22T17:47:03.773Z
2026,3,16739,Bijan Robinson,ATL,RB,at GB,rushAtt,theScore,16.5,over,18.91,-175,135,0.6364,0.5993,0.0619,0,0.7650,0.1286,0.1657,ev,multiplicative,live,202609250580A50A,2026-09-22T17:47:03.773Z
2026,3,16739,Bijan Robinson,ATL,RB,at GB,recYds,Hard Rock,35.5,under,32.4,120,-170,0.4545,0.4193,0.0842,0,0.5826,0.1280,0.1633,ev,multiplicative,live,202609250580A50A,2026-09-22T17:47:03.773Z
2026,3,15306,Javonte Williams,DAL,RB,vs BAL,receptions,Hard Rock,4.5,under,2.63,-375,250,0.7895,0.7343,0.0752,0,0.9171,0.1277,0.1829,ev,multiplicative,live,202609270726D5A2,2026-09-22T17:47:03.773Z
2026,3,18515,Kaleb Johnson,GB,RB,vs ATL,rushYds,Hard Rock,47.5,under,21.07,-240,165,0.7059,0.6516,0.0832,0,0.8325,0.1266,0.1809,ev,multiplicative,live,202609250580A50A,2026-09-22T17:47:03.773Z
2026,3,11008,Dak Prescott,DAL,QB,vs BAL,rushYds,Hard Rock,27.5,under,9.5,-650,375,0.8667,0.8046,0.0772,0,0.9930,0.1263,0.1884,ev,multiplicative,live,202609270726D5A2,2026-09-22T17:47:03.773Z
2026,3,11008,Dak Prescott,DAL,QB,vs BAL,rushYds,FanDuel,12.5,under,9.5,-114,-114,0.5327,0.5000,0.0654,0,0.6590,0.1262,0.1590,ev,multiplicative,live,202609270726D5A2,2026-09-22T17:47:03.773Z
2026,3,11008,Dak Prescott,DAL,QB,vs BAL,rushYds,BetRivers,12.5,under,9.5,-114,-117,0.5327,0.4970,0.0719,0,0.6590,0.1262,0.1620,ev,multiplicative,live,202609270726D5A2,2026-09-22T17:47:03.773Z
2026,3,16899,Quentin Johnston,LAC,WR,at BUF,recYds,DraftKings,24.5,over,42.06,-223,,0.6904,0.6904,,1,0.8165,0.1261,0.1261,ev,none,live,2026092763BB8AC8,2026-09-22T17:47:03.773Z
2026,3,15853,George Pickens,DAL,WR,vs BAL,recYds,FanDuel,79.5,over,75.47,201,,0.3322,0.3322,,1,0.4577,0.1255,0.1255,ev,none,live,202609270726D5A2,2026-09-22T17:47:03.773Z
2026,3,16741,Chris Brooks,GB,RB,vs ATL,rushYds,theScore,29.5,over,28.67,200,,0.3333,0.3333,,1,0.4589,0.1255,0.1255,ev,none,live,202609250580A50A,2026-09-22T17:47:03.773Z
2026,3,12483,Josh Allen,BUF,QB,vs LAC,passTD,BetRivers,1.5,under,1.41,116,-152,0.4630,0.4342,0.0661,0,0.5884,0.1254,0.1541,ev,multiplicative,live,2026092763BB8AC8,2026-09-22T17:47:03.773Z
2026,3,17795,MarShawn Lloyd,GB,RB,vs ATL,rushYds,Hard Rock,24.5,over,45.05,-165,120,0.6226,0.5780,0.0772,0,0.7474,0.1248,0.1694,ev,multiplicative,live,202609250580A50A,2026-09-22T17:47:03.773Z
2026,3,15853,George Pickens,DAL,WR,vs BAL,recYds,theScore,79.5,over,75.47,200,,0.3333,0.3333,,1,0.4577,0.1244,0.1244,ev,none,live,202609270726D5A2,2026-09-22T17:47:03.773Z
2026,3,18445,Omarion Hampton,LAC,RB,at BUF,receptions,Caesars,2.5,over,2.28,200,,0.3333,0.3333,,1,0.4575,0.1242,0.1242,ev,none,live,2026092763BB8AC8,2026-09-22T17:47:03.773Z
2026,3,16739,Bijan Robinson,ATL,RB,at GB,receptions,BetMGM,5.5,under,4.13,-160,120,0.6154,0.5752,0.0699,0,0.7395,0.1241,0.1643,ev,multiplicative,live,202609250580A50A,2026-09-22T17:47:03.773Z
2026,3,18478,Tre Harris,LAC,WR,at BUF,receptions,Hard Rock,0.5,under,2.74,1200,-5000,0.0769,0.0728,0.0573,0,0.2006,0.1237,0.1279,ev,multiplicative,live,2026092763BB8AC8,2026-09-22T17:47:03.773Z
2026,3,17795,MarShawn Lloyd,GB,RB,vs ATL,rushYds,Hard Rock,64.5,over,45.05,600,-1400,0.1429,0.1327,0.0762,0,0.2663,0.1234,0.1335,ev,multiplicative,live,202609250580A50A,2026-09-22T17:47:03.773Z
2026,3,12483,Josh Allen,BUF,QB,vs LAC,passTD,theScore,1.5,under,1.41,115,-140,0.4651,0.4436,0.0484,0,0.5884,0.1233,0.1448,ev,multiplicative,live,2026092763BB8AC8,2026-09-22T17:47:03.773Z
2026,3,12483,Josh Allen,BUF,QB,vs LAC,passTD,Hard Rock,1.5,under,1.41,115,-150,0.4651,0.4367,0.0651,0,0.5884,0.1233,0.1517,ev,multiplicative,live,2026092763BB8AC8,2026-09-22T17:47:03.773Z
2026,3,15947,Jake Ferguson,DAL,TE,vs BAL,receptions,DraftKings,2.5,over,3.73,-284,,0.7396,0.7396,,1,0.8625,0.1229,0.1229,ev,none,live,202609270726D5A2,2026-09-22T17:47:03.773Z
2026,3,15853,George Pickens,DAL,WR,vs BAL,recYds,Hard Rock,44.5,over,75.47,-230,165,0.6970,0.6487,0.0743,0,0.8196,0.1226,0.1708,ev,multiplicative,live,202609270726D5A2,2026-09-22T17:47:03.773Z
2026,3,17700,Michael Penix Jr.,ATL,QB,at GB,passYds,Hard Rock,156.5,under,199.74,325,-525,0.2353,0.2188,0.0753,0,0.3568,0.1215,0.1380,ev,multiplicative,live,202609250580A50A,2026-09-22T17:47:03.773Z
2026,3,16741,Chris Brooks,GB,RB,vs ATL,rushYds,Caesars,29.5,over,28.67,196,,0.3378,0.3378,,1,0.4589,0.1210,0.1210,ev,none,live,202609250580A50A,2026-09-22T17:47:03.773Z
2026,3,17700,Michael Penix Jr.,ATL,QB,at GB,completions,Hard Rock,18.5,under,16.68,100,-130,0.5000,0.4694,0.0652,0,0.6208,0.1208,0.1514,ev,multiplicative,live,202609250580A50A,2026-09-22T17:47:03.773Z
2026,3,17795,MarShawn Lloyd,GB,RB,vs ATL,rushYds,FanDuel,59.5,over,45.05,398,,0.2008,0.2008,,1,0.3214,0.1206,0.1206,ev,none,live,202609250580A50A,2026-09-22T17:47:03.773Z
2026,3,16739,Bijan Robinson,ATL,RB,at GB,rushAtt,DraftKings,13.5,over,18.91,-478,,0.8270,0.8270,,1,0.9476,0.1206,0.1206,ev,none,live,202609250580A50A,2026-09-22T17:47:03.773Z
2026,3,17795,MarShawn Lloyd,GB,RB,vs ATL,rushYds,DraftKings,69.5,over,45.05,940,,0.0962,0.0962,,1,0.2164,0.1202,0.1202,ev,none,live,202609250580A50A,2026-09-22T17:47:03.773Z
2026,3,17700,Michael Penix Jr.,ATL,QB,at GB,completions,DraftKings,19.5,under,16.68,-129,101,0.5633,0.5310,0.0608,0,0.6832,0.1199,0.1522,ev,multiplicative,live,202609250580A50A,2026-09-22T17:47:03.773Z
2026,3,18500,Matthew Golden,GB,WR,vs ATL,receptions,BetRivers,7.5,over,4,1100,,0.0833,0.0833,,1,0.2029,0.1196,0.1196,ev,none,live,202609250580A50A,2026-09-22T17:47:03.773Z
2026,3,16899,Quentin Johnston,LAC,WR,at BUF,recYds,Hard Rock,24.5,over,42.06,-230,160,0.6970,0.6444,0.0816,0,0.8165,0.1195,0.1721,ev,multiplicative,live,2026092763BB8AC8,2026-09-22T17:47:03.773Z
2026,3,16899,Quentin Johnston,LAC,WR,at BUF,recYds,Caesars,29.5,over,42.06,-164,,0.6212,0.6212,,1,0.7406,0.1194,0.1194,ev,none,live,2026092763BB8AC8,2026-09-22T17:47:03.773Z
2026,3,15853,George Pickens,DAL,WR,vs BAL,recYds,Hard Rock,74.5,over,75.47,155,-220,0.3922,0.3632,0.0797,0,0.5114,0.1193,0.1482,ev,multiplicative,live,202609270726D5A2,2026-09-22T17:47:03.773Z
2026,3,18445,Omarion Hampton,LAC,RB,at BUF,receptions,FanDuel,2.5,over,2.28,195,,0.3390,0.3390,,1,0.4575,0.1185,0.1185,ev,none,live,2026092763BB8AC8,2026-09-22T17:47:03.773Z
2026,3,16899,Quentin Johnston,LAC,WR,at BUF,recYds,BetRivers,29.5,over,42.06,-165,,0.6226,0.6226,,1,0.7406,0.1180,0.1180,ev,none,live,2026092763BB8AC8,2026-09-22T17:47:03.773Z
2026,3,17700,Michael Penix Jr.,ATL,QB,at GB,completions,theScore,19.5,under,16.68,-130,100,0.5652,0.5306,0.0652,0,0.6832,0.1180,0.1526,ev,multiplicative,live,202609250580A50A,2026-09-22T17:47:03.773Z
2026,3,16739,Bijan Robinson,ATL,RB,at GB,rushYds,FanDuel,69.5,over,87.97,-164,,0.6212,0.6212,,1,0.7391,0.1179,0.1179,ev,none,live,202609250580A50A,2026-09-22T17:47:03.773Z
2026,3,17795,MarShawn Lloyd,GB,RB,vs ATL,recYds,Caesars,19.5,over,12.1,450,,0.1818,0.1818,,1,0.2997,0.1178,0.1178,ev,none,live,202609250580A50A,2026-09-22T17:47:03.773Z
2026,3,11008,Dak Prescott,DAL,QB,vs BAL,passAtt,DraftKings,37.5,under,35.07,-122,-104,0.5495,0.5188,0.0594,0,0.6673,0.1177,0.1485,ev,multiplicative,live,202609270726D5A2,2026-09-22T17:47:03.773Z
2026,3,15853,George Pickens,DAL,WR,vs BAL,recYds,Caesars,69.5,over,75.47,121,,0.4525,0.4525,,1,0.5699,0.1174,0.1174,ev,none,live,202609270726D5A2,2026-09-22T17:47:03.773Z
2026,3,12561,Lamar Jackson,BAL,QB,at DAL,rushYds,Hard Rock,64.5,over,52.86,450,-800,0.1818,0.1698,0.0707,0,0.2990,0.1172,0.1292,ev,multiplicative,live,202609270726D5A2,2026-09-22T17:47:03.773Z
2026,3,18445,Omarion Hampton,LAC,RB,at BUF,receptions,Caesars,3.5,over,2.28,525,,0.1600,0.1600,,1,0.2769,0.1169,0.1169,ev,none,live,2026092763BB8AC8,2026-09-22T17:47:03.773Z
2026,3,18445,Omarion Hampton,LAC,RB,at BUF,receptions,BetRivers,3.5,over,2.28,525,,0.1600,0.1600,,1,0.2769,0.1169,0.1169,ev,none,live,2026092763BB8AC8,2026-09-22T17:47:03.773Z
2026,3,18515,Kaleb Johnson,GB,RB,vs ATL,rushYds,Hard Rock,49.5,under,21.07,-275,185,0.7333,0.6764,0.0842,0,0.8502,0.1168,0.1738,ev,multiplicative,live,202609250580A50A,2026-09-22T17:47:03.773Z
2026,3,15947,Jake Ferguson,DAL,TE,vs BAL,recYds,FanDuel,29.5,over,34.7,-109,,0.5215,0.5215,,1,0.6380,0.1165,0.1165,ev,none,live,202609270726D5A2,2026-09-22T17:47:03.773Z
2026,3,18500,Matthew Golden,GB,WR,vs ATL,receptions,BetRivers,6.5,over,4,525,,0.1600,0.1600,,1,0.2763,0.1163,0.1163,ev,none,live,202609250580A50A,2026-09-22T17:47:03.773Z
2026,3,15853,George Pickens,DAL,WR,vs BAL,recYds,FanDuel,49.5,over,75.47,-196,,0.6622,0.6622,,1,0.7782,0.1161,0.1161,ev,none,live,202609270726D5A2,2026-09-22T17:47:03.773Z
2026,3,12483,Josh Allen,BUF,QB,vs LAC,rushAtt,DraftKings,7.5,under,7.02,-103,-124,0.5074,0.4782,0.0610,0,0.6234,0.1160,0.1451,ev,multiplicative,live,2026092763BB8AC8,2026-09-22T17:47:03.773Z
2026,3,16899,Quentin Johnston,LAC,WR,at BUF,recYds,Hard Rock,30.5,over,42.06,-155,110,0.6078,0.5607,0.0840,0,0.7237,0.1158,0.1630,ev,multiplicative,live,2026092763BB8AC8,2026-09-22T17:47:03.773Z
2026,3,15947,Jake Ferguson,DAL,TE,vs BAL,recYds,Caesars,19.5,over,34.7,-275,,0.7333,0.7333,,1,0.8491,0.1157,0.1157,ev,none,live,202609270726D5A2,2026-09-22T17:47:03.773Z
2026,3,15947,Jake Ferguson,DAL,TE,vs BAL,receptions,BetRivers,2.5,over,3.73,-295,,0.7468,0.7468,,1,0.8625,0.1157,0.1157,ev,none,live,202609270726D5A2,2026-09-22T17:47:03.773Z
2026,3,15306,Javonte Williams,DAL,RB,vs BAL,recYds,Hard Rock,41.5,under,15.36,-750,400,0.8824,0.8152,0.0824,0,0.9980,0.1157,0.1828,ev,multiplicative,live,202609270726D5A2,2026-09-22T17:47:03.773Z
2026,3,15947,Jake Ferguson,DAL,TE,vs BAL,recYds,theScore,19.5,over,34.7,-275,,0.7333,0.7333,,1,0.8491,0.1157,0.1157,ev,none,live,202609270726D5A2,2026-09-22T17:47:03.773Z
2026,3,14371,Jordan Love,GB,QB,vs ATL,completions,DraftKings,19.5,over,21.3,111,,0.4739,0.4739,,1,0.5889,0.1150,0.1150,ev,none,live,202609250580A50A,2026-09-22T17:47:03.773Z
2026,3,16899,Quentin Johnston,LAC,WR,at BUF,recYds,Hard Rock,25.5,over,42.06,-220,150,0.6875,0.6322,0.0875,0,0.8025,0.1150,0.1703,ev,multiplicative,live,2026092763BB8AC8,2026-09-22T17:47:03.773Z
2026,3,17795,MarShawn Lloyd,GB,RB,vs ATL,rushYds,Hard Rock,23.5,over,45.05,-180,130,0.6429,0.5965,0.0776,0,0.7577,0.1148,0.1611,ev,multiplicative,live,202609250580A50A,2026-09-22T17:47:03.773Z
2026,3,14371,Jordan Love,GB,QB,vs ATL,completions,DraftKings,27.5,over,21.3,1620,,0.0581,0.0581,,1,0.1726,0.1145,0.1145,ev,none,live,202609250580A50A,2026-09-22T17:47:03.773Z
2026,3,15306,Javonte Williams,DAL,RB,vs BAL,recYds,Hard Rock,21.5,under,15.36,-175,125,0.6364,0.5888,0.0808,0,0.7507,0.1143,0.1619,ev,multiplicative,live,202609270726D5A2,2026-09-22T17:47:03.773Z
2026,3,15947,Jake Ferguson,DAL,TE,vs BAL,recYds,Caesars,29.5,over,34.7,-110,,0.5238,0.5238,,1,0.6380,0.1142,0.1142,ev,none,live,202609270726D5A2,2026-09-22T17:47:03.773Z
2026,3,15853,George Pickens,DAL,WR,vs BAL,recYds,DraftKings,79.5,over,75.47,191,,0.3436,0.3436,,1,0.4577,0.1141,0.1141,ev,none,live,202609270726D5A2,2026-09-22T17:47:03.773Z
2026,3,16899,Quentin Johnston,LAC,WR,at BUF,recYds,FanDuel,29.5,over,42.06,-168,,0.6269,0.6269,,1,0.7406,0.1137,0.1137,ev,none,live,2026092763BB8AC8,2026-09-22T17:47:03.773Z
2026,3,16899,Quentin Johnston,LAC,WR,at BUF,recYds,FanDuel,24.5,over,42.06,-237,,0.7033,0.7033,,1,0.8165,0.1132,0.1132,ev,none,live,2026092763BB8AC8,2026-09-22T17:47:03.773Z
2026,3,14446,Justin Herbert,LAC,QB,at BUF,rushYds,Hard Rock,34.5,under,22.63,-500,300,0.8333,0.7692,0.0833,0,0.9464,0.1131,0.1772,ev,multiplicative,live,2026092763BB8AC8,2026-09-22T17:47:03.773Z
2026,3,14371,Jordan Love,GB,QB,vs ATL,completions,theScore,19.5,over,21.3,110,,0.4762,0.4762,,1,0.5889,0.1128,0.1128,ev,none,live,202609250580A50A,2026-09-22T17:47:03.773Z
2026,3,12483,Josh Allen,BUF,QB,vs LAC,passTD,FanDuel,1.5,under,1.41,110,-146,0.4762,0.4452,0.0697,0,0.5884,0.1122,0.1432,ev,multiplicative,live,2026092763BB8AC8,2026-09-22T17:47:03.773Z
2026,3,15947,Jake Ferguson,DAL,TE,vs BAL,receptions,FanDuel,2.5,over,3.73,-301,,0.7506,0.7506,,1,0.8625,0.1119,0.1119,ev,none,live,202609270726D5A2,2026-09-22T17:47:03.773Z
2026,3,12561,Lamar Jackson,BAL,QB,at DAL,rushYds,Hard Rock,31.5,over,52.86,-175,125,0.6364,0.5888,0.0808,0,0.7482,0.1118,0.1594,ev,multiplicative,live,202609270726D5A2,2026-09-22T17:47:03.773Z
2026,3,11008,Dak Prescott,DAL,QB,vs BAL,passAtt,Hard Rock,37.5,under,35.07,-125,-105,0.5556,0.5203,0.0678,0,0.6673,0.1117,0.1470,ev,multiplicative,live,202609270726D5A2,2026-09-22T17:47:03.773Z
2026,3,17795,MarShawn Lloyd,GB,RB,vs ATL,rushYds,theScore,59.5,over,45.05,375,,0.2105,0.2105,,1,0.3214,0.1109,0.1109,ev,none,live,202609250580A50A,2026-09-22T17:47:03.773Z
2026,3,15306,Javonte Williams,DAL,RB,vs BAL,rushYds,Hard Rock,99.5,under,63.83,-800,425,0.8889,0.8235,0.0794,0,0.9996,0.1107,0.1761,ev,multiplicative,live,202609270726D5A2,2026-09-22T17:47:03.773Z
2026,3,17700,Michael Penix Jr.,ATL,QB,at GB,completions,Caesars,19.5,under,16.68,-134,101,0.5726,0.5351,0.0702,0,0.6832,0.1106,0.1481,ev,multiplicative,live,202609250580A50A,2026-09-22T17:47:03.773Z
2026,3,16739,Bijan Robinson,ATL,RB,at GB,rushAtt,DraftKings,17.5,over,18.91,-124,-103,0.5536,0.5218,0.0610,0,0.6637,0.1102,0.1420,ev,multiplicative,live,202609250580A50A,2026-09-22T17:47:03.773Z
2026,3,16739,Bijan Robinson,ATL,RB,at GB,rushAtt,BetRivers,17.5,over,18.91,-124,,0.5536,0.5536,,1,0.6637,0.1102,0.1102,ev,none,live,202609250580A50A,2026-09-22T17:47:03.773Z
2026,3,17795,MarShawn Lloyd,GB,RB,vs ATL,recYds,FanDuel,19.5,over,12.1,426,,0.1901,0.1901,,1,0.2997,0.1095,0.1095,ev,none,live,202609250580A50A,2026-09-22T17:47:03.773Z
2026,3,18515,Kaleb Johnson,GB,RB,vs ATL,rushYds,Hard Rock,52.5,under,21.07,-325,220,0.7647,0.7099,0.0772,0,0.8742,0.1095,0.1643,ev,multiplicative,live,202609250580A50A,2026-09-22T17:47:03.773Z
2026,3,16739,Bijan Robinson,ATL,RB,at GB,rushYds,DraftKings,69.5,over,87.97,-170,,0.6296,0.6296,,1,0.7391,0.1094,0.1094,ev,none,live,202609250580A50A,2026-09-22T17:47:03.773Z
2026,3,16739,Bijan Robinson,ATL,RB,at GB,rushYds,theScore,69.5,over,87.97,-170,,0.6296,0.6296,,1,0.7391,0.1094,0.1094,ev,none,live,202609250580A50A,2026-09-22T17:47:03.773Z
2026,3,11008,Dak Prescott,DAL,QB,vs BAL,passTD,DraftKings,1.5,under,1.57,135,-171,0.4255,0.4028,0.0565,0,0.5347,0.1091,0.1319,ev,multiplicative,live,202609270726D5A2,2026-09-22T17:47:03.773Z
2026,3,17795,MarShawn Lloyd,GB,RB,vs ATL,recYds,Hard Rock,20.5,over,12.1,500,-1000,0.1667,0.1549,0.0758,0,0.2755,0.1088,0.1205,ev,multiplicative,live,202609250580A50A,2026-09-22T17:47:03.773Z
2026,3,16739,Bijan Robinson,ATL,RB,at GB,rushAtt,Hard Rock,17.5,over,18.91,-125,-105,0.5556,0.5203,0.0678,0,0.6637,0.1082,0.1434,ev,multiplicative,live,202609250580A50A,2026-09-22T17:47:03.773Z
2026,3,16899,Quentin Johnston,LAC,WR,at BUF,recYds,DraftKings,35.5,over,42.06,-110,-114,0.5238,0.4958,0.0565,0,0.6319,0.1081,0.1361,ev,multiplicative,live,2026092763BB8AC8,2026-09-22T17:47:03.773Z
2026,3,14446,Justin Herbert,LAC,QB,at BUF,rushYds,DraftKings,14.5,over,22.63,-174,,0.6350,0.6350,,1,0.7428,0.1078,0.1078,ev,none,live,2026092763BB8AC8,2026-09-22T17:47:03.773Z
2026,3,11008,Dak Prescott,DAL,QB,vs BAL,passAtt,Caesars,37.5,under,35.07,-127,-105,0.5595,0.5221,0.0717,0,0.6673,0.1078,0.1452,ev,multiplicative,live,202609270726D5A2,2026-09-22T17:47:03.773Z
2026,3,15850,Jahan Dotson,ATL,WR,at GB,recYds,Hard Rock,49.5,under,17.4,-800,425,0.8889,0.8235,0.0794,0,0.9967,0.1078,0.1731,ev,multiplicative,live,202609250580A50A,2026-09-22T17:47:03.773Z
2026,3,14411,CeeDee Lamb,DAL,WR,vs BAL,receptions,Hard Rock,5.5,under,5.87,200,-300,0.3333,0.3077,0.0833,0,0.4410,0.1076,0.1333,ev,multiplicative,live,202609270726D5A2,2026-09-22T17:47:03.773Z
2026,3,16739,Bijan Robinson,ATL,RB,at GB,rushYds,FanDuel,59.5,over,87.97,-272,,0.7312,0.7312,,1,0.8382,0.1071,0.1071,ev,none,live,202609250580A50A,2026-09-22T17:47:03.773Z
2026,3,15853,George Pickens,DAL,WR,vs BAL,recYds,Hard Rock,79.5,over,75.47,185,-275,0.3509,0.3236,0.0842,0,0.4577,0.1069,0.1341,ev,multiplicative,live,202609270726D5A2,2026-09-22T17:47:03.773Z
2026,3,17724,Ladd McConkey,LAC,WR,at BUF,receptions,DraftKings,6.5,over,4.77,406,,0.1976,0.1976,,1,0.3044,0.1068,0.1068,ev,none,live,2026092763BB8AC8,2026-09-22T17:47:03.773Z
2026,3,12561,Lamar Jackson,BAL,QB,at DAL,rushYds,BetRivers,29.5,over,52.86,-195,,0.6610,0.6610,,1,0.7678,0.1067,0.1067,ev,none,live,202609270726D5A2,2026-09-22T17:47:03.773Z
2026,3,15947,Jake Ferguson,DAL,TE,vs BAL,receptions,Caesars,2.5,over,3.73,-310,,0.7561,0.7561,,1,0.8625,0.1064,0.1064,ev,none,live,202609270726D5A2,2026-09-22T17:47:03.773Z
2026,3,15306,Javonte Williams,DAL,RB,vs BAL,rushAtt,DraftKings,11.5,over,17.31,-273,,0.7319,0.7319,,1,0.8382,0.1063,0.1063,ev,none,live,202609270726D5A2,2026-09-22T17:47:03.773Z
2026,3,15947,Jake Ferguson,DAL,TE,vs BAL,recYds,FanDuel,14.5,over,34.7,-423,,0.8088,0.8088,,1,0.9150,0.1062,0.1062,ev,none,live,202609270726D5A2,2026-09-22T17:47:03.773Z
2026,3,16739,Bijan Robinson,ATL,RB,at GB,recYds,Hard Rock,70.5,under,32.4,-800,425,0.8889,0.8235,0.0794,0,0.9948,0.1059,0.1713,ev,multiplicative,live,202609250580A50A,2026-09-22T17:47:03.773Z
2026,3,16739,Bijan Robinson,ATL,RB,at GB,rushYds,FanDuel,79.5,over,87.97,-104,,0.5098,0.5098,,1,0.6155,0.1057,0.1057,ev,none,live,202609250580A50A,2026-09-22T17:47:03.773Z
2026,3,15853,George Pickens,DAL,WR,vs BAL,recYds,Hard Rock,39.5,over,75.47,-300,210,0.7500,0.6992,0.0726,0,0.8557,0.1057,0.1565,ev,multiplicative,live,202609270726D5A2,2026-09-22T17:47:03.773Z
2026,3,16739,Bijan Robinson,ATL,RB,at GB,rushYds,Caesars,69.5,over,87.97,-173,,0.6337,0.6337,,1,0.7391,0.1054,0.1054,ev,none,live,202609250580A50A,2026-09-22T17:47:03.773Z
2026,3,16739,Bijan Robinson,ATL,RB,at GB,rushYds,theScore,74.5,over,87.97,-135,,0.5745,0.5745,,1,0.6798,0.1053,0.1053,ev,none,live,202609250580A50A,2026-09-22T17:47:03.773Z
2026,3,16739,Bijan Robinson,ATL,RB,at GB,rushYds,Hard Rock,63.5,over,87.97,-230,165,0.6970,0.6487,0.0743,0,0.8019,0.1050,0.1532,ev,multiplicative,live,202609250580A50A,2026-09-22T17:47:03.773Z
2026,3,18445,Omarion Hampton,LAC,RB,at BUF,receptions,Hard Rock,0.5,over,2.28,-500,300,0.8333,0.7692,0.0833,0,0.9381,0.1048,0.1689,ev,multiplicative,live,2026092763BB8AC8,2026-09-22T17:47:03.773Z
2026,3,15947,Jake Ferguson,DAL,TE,vs BAL,recYds,Hard Rock,32.5,over,34.7,120,-165,0.4545,0.4220,0.0772,0,0.5594,0.1048,0.1374,ev,multiplicative,live,202609270726D5A2,2026-09-22T17:47:03.773Z
2026,3,10819,Derrick Henry,BAL,RB,at DAL,rushYds,theScore,74.5,over,97.69,-175,,0.6364,0.6364,,1,0.7411,0.1048,0.1048,ev,none,live,202609270726D5A2,2026-09-22T17:47:03.773Z
2026,3,16739,Bijan Robinson,ATL,RB,at GB,rushYds,Hard Rock,64.5,over,87.97,-220,155,0.6875,0.6368,0.0797,0,0.7921,0.1046,0.1554,ev,multiplicative,live,202609250580A50A,2026-09-22T17:47:03.773Z
2026,3,12561,Lamar Jackson,BAL,QB,at DAL,rushYds,Caesars,29.5,over,52.86,-197,,0.6633,0.6633,,1,0.7678,0.1045,0.1045,ev,none,live,202609270726D5A2,2026-09-22T17:47:03.773Z
2026,3,17724,Ladd McConkey,LAC,WR,at BUF,receptions,Caesars,6.5,over,4.77,400,,0.2000,0.2000,,1,0.3044,0.1044,0.1044,ev,none,live,2026092763BB8AC8,2026-09-22T17:47:03.773Z
2026,3,16739,Bijan Robinson,ATL,RB,at GB,rushAtt,Caesars,17.5,over,18.91,-127,-104,0.5595,0.5232,0.0693,0,0.6637,0.1043,0.1405,ev,multiplicative,live,202609250580A50A,2026-09-22T17:47:03.773Z
2026,3,12561,Lamar Jackson,BAL,QB,at DAL,rushAtt,Hard Rock,3.5,over,8.65,-350,,0.7778,0.7778,,1,0.8821,0.1043,0.1043,ev,none,live,202609270726D5A2,2026-09-22T17:47:03.773Z
2026,3,16899,Quentin Johnston,LAC,WR,at BUF,recYds,theScore,29.5,over,42.06,-175,,0.6364,0.6364,,1,0.7406,0.1042,0.1042,ev,none,live,2026092763BB8AC8,2026-09-22T17:47:03.773Z
2026,3,12483,Josh Allen,BUF,QB,vs LAC,rushAtt,Caesars,7.5,under,7.02,-108,-122,0.5192,0.4858,0.0688,0,0.6234,0.1041,0.1375,ev,multiplicative,live,2026092763BB8AC8,2026-09-22T17:47:03.773Z
2026,3,15853,George Pickens,DAL,WR,vs BAL,recYds,FanDuel,89.5,over,75.47,296,,0.2525,0.2525,,1,0.3559,0.1033,0.1033,ev,none,live,202609270726D5A2,2026-09-22T17:47:03.773Z
2026,3,16739,Bijan Robinson,ATL,RB,at GB,rushYds,theScore,79.5,over,87.97,-105,-125,0.5122,0.4797,0.0678,0,0.6155,0.1033,0.1358,ev,multiplicative,live,202609250580A50A,2026-09-22T17:47:03.773Z
2026,3,15850,Jahan Dotson,ATL,WR,at GB,recYds,Hard Rock,24.5,under,17.4,-165,120,0.6226,0.5780,0.0772,0,0.7258,0.1031,0.1478,ev,multiplicative,live,202609250580A50A,2026-09-22T17:47:03.773Z
2026,3,15947,Jake Ferguson,DAL,TE,vs BAL,recYds,theScore,29.5,over,34.7,-115,-115,0.5349,0.5000,0.0698,0,0.6380,0.1031,0.1380,ev,multiplicative,live,202609270726D5A2,2026-09-22T17:47:03.773Z
2026,3,16899,Quentin Johnston,LAC,WR,at BUF,recYds,FanDuel,19.5,over,42.06,-342,,0.7738,0.7738,,1,0.8768,0.1030,0.1030,ev,none,live,2026092763BB8AC8,2026-09-22T17:47:03.773Z
2026,3,16739,Bijan Robinson,ATL,RB,at GB,rushYds,BetRivers,69.5,over,87.97,-175,,0.6364,0.6364,,1,0.7391,0.1027,0.1027,ev,none,live,202609250580A50A,2026-09-22T17:47:03.773Z
2026,3,15853,George Pickens,DAL,WR,vs BAL,recYds,BetRivers,89.5,over,75.47,295,,0.2532,0.2532,,1,0.3559,0.1027,0.1027,ev,none,live,202609270726D5A2,2026-09-22T17:47:03.773Z
2026,3,18445,Omarion Hampton,LAC,RB,at BUF,rushYds,BetRivers,79.5,over,69.88,230,,0.3030,0.3030,,1,0.4054,0.1024,0.1024,ev,none,live,2026092763BB8AC8,2026-09-22T17:47:03.773Z
2026,3,10819,Derrick Henry,BAL,RB,at DAL,rushYds,theScore,79.5,over,97.69,-145,,0.5918,0.5918,,1,0.6941,0.1022,0.1022,ev,none,live,202609270726D5A2,2026-09-22T17:47:03.773Z
2026,3,15907,Brian Robinson Jr.,ATL,RB,at GB,rushYds,BetRivers,39.5,over,22,400,,0.2000,0.2000,,1,0.3021,0.1021,0.1021,ev,none,live,202609250580A50A,2026-09-22T17:47:03.773Z
2026,3,16899,Quentin Johnston,LAC,WR,at BUF,recYds,BetRivers,19.5,over,42.06,-345,,0.7753,0.7753,,1,0.8768,0.1015,0.1015,ev,none,live,2026092763BB8AC8,2026-09-22T17:47:03.773Z
2026,3,16899,Quentin Johnston,LAC,WR,at BUF,recYds,Hard Rock,20.5,over,42.06,-325,210,0.7647,0.7033,0.0873,0,0.8660,0.1013,0.1627,ev,multiplicative,live,2026092763BB8AC8,2026-09-22T17:47:03.773Z
2026,3,16739,Bijan Robinson,ATL,RB,at GB,rushYds,Hard Rock,68.5,over,87.97,-185,130,0.6491,0.5989,0.0839,0,0.7502,0.1011,0.1513,ev,multiplicative,live,202609250580A50A,2026-09-22T17:47:03.773Z
2026,3,17795,MarShawn Lloyd,GB,RB,vs ATL,rushYds,Hard Rock,68.5,over,45.05,700,-2000,0.1250,0.1160,0.0774,0,0.2259,0.1009,0.1099,ev,multiplicative,live,202609250580A50A,2026-09-22T17:47:03.773Z
2026,3,17700,Michael Penix Jr.,ATL,QB,at GB,rushYds,Caesars,9.5,over,8.86,173,,0.3663,0.3663,,1,0.4671,0.1008,0.1008,ev,none,live,202609250580A50A,2026-09-22T17:47:03.773Z
2026,3,15853,George Pickens,DAL,WR,vs BAL,recYds,theScore,49.5,over,75.47,-210,,0.6774,0.6774,,1,0.7782,0.1008,0.1008,ev,none,live,202609270726D5A2,2026-09-22T17:47:03.773Z
2026,3,18445,Omarion Hampton,LAC,RB,at BUF,receptions,FanDuel,3.5,over,2.28,467,,0.1764,0.1764,,1,0.2769,0.1006,0.1006,ev,none,live,2026092763BB8AC8,2026-09-22T17:47:03.773Z
2026,3,16739,Bijan Robinson,ATL,RB,at GB,rushYds,Hard Rock,73.5,over,87.97,-145,105,0.5918,0.5482,0.0796,0,0.6921,0.1003,0.1439,ev,multiplicative,live,202609250580A50A,2026-09-22T17:47:03.773Z
2026,3,12561,Lamar Jackson,BAL,QB,at DAL,rushYds,FanDuel,29.5,over,52.86,-201,,0.6678,0.6678,,1,0.7678,0.1000,0.1000,ev,none,live,202609270726D5A2,2026-09-22T17:47:03.773Z
2026,3,10819,Derrick Henry,BAL,RB,at DAL,rushYds,DraftKings,69.5,over,97.69,-217,,0.6845,0.6845,,1,0.7842,0.0996,0.0996,ev,none,live,202609270726D5A2,2026-09-22T17:47:03.773Z
2026,3,12483,Josh Allen,BUF,QB,vs LAC,rushAtt,Hard Rock,7.5,under,7.02,-110,-120,0.5238,0.4899,0.0693,0,0.6234,0.0996,0.1335,ev,multiplicative,live,2026092763BB8AC8,2026-09-22T17:47:03.773Z
2026,3,14446,Justin Herbert,LAC,QB,at BUF,rushYds,DraftKings,9.5,over,22.63,-307,,0.7543,0.7543,,1,0.8538,0.0995,0.0995,ev,none,live,2026092763BB8AC8,2026-09-22T17:47:03.773Z
2026,3,12483,Josh Allen,BUF,QB,vs LAC,passYds,BetRivers,274.5,over,256.07,230,,0.3030,0.3030,,1,0.4023,0.0993,0.0993,ev,none,live,2026092763BB8AC8,2026-09-22T17:47:03.773Z
2026,3,16899,Quentin Johnston,LAC,WR,at BUF,recYds,FanDuel,35.5,over,42.06,-114,-114,0.5327,0.5000,0.0654,0,0.6319,0.0992,0.1319,ev,multiplicative,live,2026092763BB8AC8,2026-09-22T17:47:03.773Z
2026,3,16899,Quentin Johnston,LAC,WR,at BUF,recYds,Caesars,35.5,over,42.06,-114,-114,0.5327,0.5000,0.0654,0,0.6319,0.0992,0.1319,ev,multiplicative,live,2026092763BB8AC8,2026-09-22T17:47:03.773Z
2026,3,14371,Jordan Love,GB,QB,vs ATL,completions,BetRivers,19.5,over,21.3,104,,0.4902,0.4902,,1,0.5889,0.0987,0.0987,ev,none,live,202609250580A50A,2026-09-22T17:47:03.773Z
2026,3,16739,Bijan Robinson,ATL,RB,at GB,rushYds,BetRivers,79.5,over,87.97,-107,,0.5169,0.5169,,1,0.6155,0.0986,0.0986,ev,none,live,202609250580A50A,2026-09-22T17:47:03.773Z
2026,3,16741,Chris Brooks,GB,RB,vs ATL,rushYds,Hard Rock,11.5,over,28.67,-210,145,0.6774,0.6240,0.0856,0,0.7759,0.0985,0.1519,ev,multiplicative,live,202609250580A50A,2026-09-22T17:47:03.773Z
2026,3,16739,Bijan Robinson,ATL,RB,at GB,rushYds,DraftKings,78.5,over,87.97,-113,-111,0.5305,0.5021,0.0566,0,0.6287,0.0982,0.1266,ev,multiplicative,live,202609250580A50A,2026-09-22T17:47:03.773Z
2026,3,15947,Jake Ferguson,DAL,TE,vs BAL,receptions,Hard Rock,2.5,over,3.73,-325,210,0.7647,0.7033,0.0873,0,0.8625,0.0978,0.1592,ev,multiplicative,live,202609270726D5A2,2026-09-22T17:47:03.773Z
2026,3,18500,Matthew Golden,GB,WR,vs ATL,receptions,Caesars,7.5,over,4,850,,0.1053,0.1053,,1,0.2029,0.0977,0.0977,ev,none,live,202609250580A50A,2026-09-22T17:47:03.773Z
2026,3,16741,Chris Brooks,GB,RB,vs ATL,rushYds,FanDuel,9.5,over,28.67,-238,,0.7041,0.7041,,1,0.8014,0.0973,0.0973,ev,none,live,202609250580A50A,2026-09-22T17:47:03.773Z
2026,3,16739,Bijan Robinson,ATL,RB,at GB,rushYds,DraftKings,59.5,over,87.97,-286,,0.7409,0.7409,,1,0.8382,0.0973,0.0973,ev,none,live,202609250580A50A,2026-09-22T17:47:03.773Z
2026,3,17724,Ladd McConkey,LAC,WR,at BUF,receptions,DraftKings,7.5,over,4.77,790,,0.1124,0.1124,,1,0.2097,0.0973,0.0973,ev,none,live,2026092763BB8AC8,2026-09-22T17:47:03.773Z
2026,3,10819,Derrick Henry,BAL,RB,at DAL,rushYds,DraftKings,79.5,over,97.69,-148,,0.5968,0.5968,,1,0.6941,0.0973,0.0973,ev,none,live,202609270726D5A2,2026-09-22T17:47:03.773Z
2026,3,16899,Quentin Johnston,LAC,WR,at BUF,recYds,BetRivers,35.5,over,42.06,-115,-115,0.5349,0.5000,0.0698,0,0.6319,0.0971,0.1319,ev,multiplicative,live,2026092763BB8AC8,2026-09-22T17:47:03.773Z
2026,3,16899,Quentin Johnston,LAC,WR,at BUF,recYds,Hard Rock,35.5,over,42.06,-115,-115,0.5349,0.5000,0.0698,0,0.6319,0.0971,0.1319,ev,multiplicative,live,2026092763BB8AC8,2026-09-22T17:47:03.773Z
2026,3,17700,Michael Penix Jr.,ATL,QB,at GB,int,DraftKings,0.5,under,0.5,-104,-123,0.5098,0.4803,0.0614,0,0.6065,0.0967,0.1262,ev,multiplicative,live,202609250580A50A,2026-09-22T17:47:03.773Z
2026,3,16739,Bijan Robinson,ATL,RB,at GB,recYds,Hard Rock,30.5,under,32.4,170,-250,0.3704,0.3415,0.0847,0,0.4671,0.0967,0.1257,ev,multiplicative,live,202609250580A50A,2026-09-22T17:47:03.773Z
2026,3,10819,Derrick Henry,BAL,RB,at DAL,rushYds,theScore,69.5,over,97.69,-220,,0.6875,0.6875,,1,0.7842,0.0967,0.0967,ev,none,live,202609270726D5A2,2026-09-22T17:47:03.773Z
2026,3,16739,Bijan Robinson,ATL,RB,at GB,rushYds,Hard Rock,58.5,over,87.97,-300,210,0.7500,0.6992,0.0726,0,0.8466,0.0966,0.1474,ev,multiplicative,live,202609250580A50A,2026-09-22T17:47:03.773Z
2026,3,16899,Quentin Johnston,LAC,WR,at BUF,recYds,Caesars,19.5,over,42.06,-355,,0.7802,0.7802,,1,0.8768,0.0965,0.0965,ev,none,live,2026092763BB8AC8,2026-09-22T17:47:03.773Z
2026,3,18445,Omarion Hampton,LAC,RB,at BUF,rushYds,BetRivers,69.5,over,69.88,145,,0.4082,0.4082,,1,0.5045,0.0964,0.0964,ev,none,live,2026092763BB8AC8,2026-09-22T17:47:03.773Z
2026,3,16739,Bijan Robinson,ATL,RB,at GB,rushYds,DraftKings,79.5,over,87.97,-108,,0.5192,0.5192,,1,0.6155,0.0963,0.0963,ev,none,live,202609250580A50A,2026-09-22T17:47:03.773Z
2026,3,11008,Dak Prescott,DAL,QB,vs BAL,passTD,Caesars,1.5,under,1.57,128,-157,0.4386,0.4179,0.0495,0,0.5347,0.0961,0.1168,ev,multiplicative,live,202609270726D5A2,2026-09-22T17:47:03.773Z
2026,3,16739,Bijan Robinson,ATL,RB,at GB,rushYds,FanDuel,78.5,over,87.97,-114,-114,0.5327,0.5000,0.0654,0,0.6287,0.0960,0.1287,ev,multiplicative,live,202609250580A50A,2026-09-22T17:47:03.773Z
2026,3,16739,Bijan Robinson,ATL,RB,at GB,rushYds,BetRivers,78.5,over,87.97,-114,-117,0.5327,0.4970,0.0719,0,0.6287,0.0960,0.1317,ev,multiplicative,live,202609250580A50A,2026-09-22T17:47:03.773Z
2026,3,16741,Chris Brooks,GB,RB,vs ATL,rushYds,Hard Rock,31.5,over,28.67,275,-450,0.2667,0.2458,0.0848,0,0.3624,0.0957,0.1165,ev,multiplicative,live,202609250580A50A,2026-09-22T17:47:03.773Z
2026,3,18445,Omarion Hampton,LAC,RB,at BUF,rushYds,BetRivers,89.5,over,69.88,360,,0.2174,0.2174,,1,0.3127,0.0953,0.0953,ev,none,live,2026092763BB8AC8,2026-09-22T17:47:03.773Z
2026,3,17700,Michael Penix Jr.,ATL,QB,at GB,passYds,Hard Rock,166.5,under,199.74,240,-375,0.2941,0.2714,0.0836,0,0.3889,0.0948,0.1175,ev,multiplicative,live,202609250580A50A,2026-09-22T17:47:03.773Z
2026,3,12561,Lamar Jackson,BAL,QB,at DAL,rushYds,Hard Rock,66.5,over,52.86,475,-950,0.1739,0.1612,0.0787,0,0.2683,0.0944,0.1071,ev,multiplicative,live,202609270726D5A2,2026-09-22T17:47:03.773Z
2026,3,17700,Michael Penix Jr.,ATL,QB,at GB,int,theScore,0.5,under,0.5,-105,-125,0.5122,0.4797,0.0678,0,0.6065,0.0943,0.1268,ev,multiplicative,live,202609250580A50A,2026-09-22T17:47:03.773Z
2026,3,18500,Matthew Golden,GB,WR,vs ATL,receptions,DraftKings,7.5,over,4,820,,0.1087,0.1087,,1,0.2029,0.0942,0.0942,ev,none,live,202609250580A50A,2026-09-22T17:47:03.773Z
2026,3,14446,Justin Herbert,LAC,QB,at BUF,rushYds,Hard Rock,39.5,under,22.63,-850,425,0.8947,0.8245,0.0852,0,0.9890,0.0942,0.1645,ev,multiplicative,live,2026092763BB8AC8,2026-09-22T17:47:03.773Z
2026,3,12561,Lamar Jackson,BAL,QB,at DAL,passYds,FanDuel,274.5,over,259.92,203,,0.3300,0.3300,,1,0.4241,0.0941,0.0941,ev,none,live,202609270726D5A2,2026-09-22T17:47:03.773Z
2026,3,15868,Drake London,ATL,WR,at GB,recYds,Hard Rock,93.5,under,61.67,-425,260,0.8095,0.7445,0.0873,0,0.9035,0.0940,0.1590,ev,multiplicative,live,202609250580A50A,2026-09-22T17:47:03.773Z
2026,3,15868,Drake London,ATL,WR,at GB,recYds,Hard Rock,98.5,under,61.67,-525,325,0.8400,0.7812,0.0753,0,0.9340,0.0940,0.1528,ev,multiplicative,live,202609250580A50A,2026-09-22T17:47:03.773Z
2026,3,16739,Bijan Robinson,ATL,RB,at GB,rushYds,BetMGM,78.5,over,87.97,-115,-115,0.5349,0.5000,0.0698,0,0.6287,0.0938,0.1287,ev,multiplicative,live,202609250580A50A,2026-09-22T17:47:03.773Z
2026,3,16739,Bijan Robinson,ATL,RB,at GB,rushYds,Caesars,78.5,over,87.97,-115,-113,0.5349,0.5020,0.0654,0,0.6287,0.0938,0.1266,ev,multiplicative,live,202609250580A50A,2026-09-22T17:47:03.773Z
2026,3,15853,George Pickens,DAL,WR,vs BAL,recYds,Caesars,39.5,over,75.47,-320,,0.7619,0.7619,,1,0.8557,0.0938,0.0938,ev,none,live,202609270726D5A2,2026-09-22T17:47:03.773Z
2026,3,16739,Bijan Robinson,ATL,RB,at GB,rushYds,Hard Rock,78.5,over,87.97,-115,-115,0.5349,0.5000,0.0698,0,0.6287,0.0938,0.1287,ev,multiplicative,live,202609250580A50A,2026-09-22T17:47:03.773Z
2026,3,16899,Quentin Johnston,LAC,WR,at BUF,receptions,Caesars,5.5,over,2.74,675,,0.1290,0.1290,,1,0.2227,0.0937,0.0937,ev,none,live,2026092763BB8AC8,2026-09-22T17:47:03.773Z
2026,3,17724,Ladd McConkey,LAC,WR,at BUF,recYds,BetRivers,59.5,over,64.26,120,,0.4545,0.4545,,1,0.5482,0.0937,0.0937,ev,none,live,2026092763BB8AC8,2026-09-22T17:47:03.773Z
2026,3,12561,Lamar Jackson,BAL,QB,at DAL,rushYds,DraftKings,29.5,over,52.86,-207,,0.6743,0.6743,,1,0.7678,0.0935,0.0935,ev,none,live,202609270726D5A2,2026-09-22T17:47:03.773Z
2026,3,15853,George Pickens,DAL,WR,vs BAL,recYds,Hard Rock,84.5,over,75.47,220,-325,0.3125,0.2901,0.0772,0,0.4060,0.0935,0.1159,ev,multiplicative,live,202609270726D5A2,2026-09-22T17:47:03.773Z
2026,3,17795,MarShawn Lloyd,GB,RB,vs ATL,rushYds,FanDuel,19.5,over,45.05,-237,,0.7033,0.7033,,1,0.7963,0.0930,0.0930,ev,none,live,202609250580A50A,2026-09-22T17:47:03.773Z
2026,3,18445,Omarion Hampton,LAC,RB,at BUF,rushYds,FanDuel,69.5,over,69.88,143,,0.4115,0.4115,,1,0.5045,0.0930,0.0930,ev,none,live,2026092763BB8AC8,2026-09-22T17:47:03.773Z
2026,3,15868,Drake London,ATL,WR,at GB,recYds,Hard Rock,99.5,under,61.67,-550,325,0.8462,0.7824,0.0814,0,0.9391,0.0930,0.1567,ev,multiplicative,live,202609250580A50A,2026-09-22T17:47:03.773Z
2026,3,16739,Bijan Robinson,ATL,RB,at GB,receptions,DraftKings,4.5,under,4.13,110,-140,0.4762,0.4494,0.0595,0,0.5688,0.0926,0.1194,ev,multiplicative,live,202609250580A50A,2026-09-22T17:47:03.773Z
2026,3,12561,Lamar Jackson,BAL,QB,at DAL,passYds,BetRivers,230.5,over,259.92,-114,-117,0.5327,0.4970,0.0719,0,0.6253,0.0926,0.1283,ev,multiplicative,live,202609270726D5A2,2026-09-22T17:47:03.773Z
2026,3,14411,CeeDee Lamb,DAL,WR,vs BAL,receptions,FanDuel,6.5,under,5.87,116,-154,0.4630,0.4330,0.0693,0,0.5554,0.0924,0.1224,ev,multiplicative,live,202609270726D5A2,2026-09-22T17:47:03.773Z
2026,3,12561,Lamar Jackson,BAL,QB,at DAL,rushYds,Caesars,69.5,over,52.86,650,,0.1333,0.1333,,1,0.2255,0.0922,0.0922,ev,none,live,202609270726D5A2,2026-09-22T17:47:03.773Z
2026,3,15850,Jahan Dotson,ATL,WR,at GB,receptions,DraftKings,1.5,under,1.43,134,-172,0.4274,0.4033,0.0597,0,0.5194,0.0921,0.1161,ev,multiplicative,live,202609250580A50A,2026-09-22T17:47:03.773Z
2026,3,17724,Ladd McConkey,LAC,WR,at BUF,receptions,Caesars,7.5,over,4.77,750,,0.1176,0.1176,,1,0.2097,0.0920,0.0920,ev,none,live,2026092763BB8AC8,2026-09-22T17:47:03.773Z
2026,3,12483,Josh Allen,BUF,QB,vs LAC,rushYds,Hard Rock,48.5,under,32.45,-350,230,0.7778,0.7196,0.0808,0,0.8698,0.0920,0.1501,ev,multiplicative,live,2026092763BB8AC8,2026-09-22T17:47:03.773Z
2026,3,17724,Ladd McConkey,LAC,WR,at BUF,receptions,DraftKings,5.5,over,4.77,210,,0.3226,0.3226,,1,0.4145,0.0919,0.0919,ev,none,live,2026092763BB8AC8,2026-09-22T17:47:03.773Z
2026,3,17724,Ladd McConkey,LAC,WR,at BUF,receptions,BetRivers,6.5,over,4.77,370,,0.2128,0.2128,,1,0.3044,0.0916,0.0916,ev,none,live,2026092763BB8AC8,2026-09-22T17:47:03.773Z
2026,3,12561,Lamar Jackson,BAL,QB,at DAL,passYds,Hard Rock,268.5,over,259.92,175,-250,0.3636,0.3373,0.0779,0,0.4552,0.0915,0.1178,ev,multiplicative,live,202609270726D5A2,2026-09-22T17:47:03.773Z
2026,3,15853,George Pickens,DAL,WR,vs BAL,recYds,Caesars,79.5,over,75.47,173,,0.3663,0.3663,,1,0.4577,0.0914,0.0914,ev,none,live,202609270726D5A2,2026-09-22T17:47:03.773Z
2026,3,12483,Josh Allen,BUF,QB,vs LAC,passYds,BetRivers,299.5,over,256.07,430,,0.1887,0.1887,,1,0.2800,0.0913,0.0913,ev,none,live,2026092763BB8AC8,2026-09-22T17:47:03.773Z
2026,3,17724,Ladd McConkey,LAC,WR,at BUF,receptions,FanDuel,6.5,over,4.77,369,,0.2132,0.2132,,1,0.3044,0.0912,0.0912,ev,none,live,2026092763BB8AC8,2026-09-22T17:47:03.773Z
2026,3,16899,Quentin Johnston,LAC,WR,at BUF,receptions,DraftKings,5.5,over,2.74,660,,0.1316,0.1316,,1,0.2227,0.0912,0.0912,ev,none,live,2026092763BB8AC8,2026-09-22T17:47:03.773Z
2026,3,12561,Lamar Jackson,BAL,QB,at DAL,passYds,Hard Rock,278.5,over,259.92,220,-325,0.3125,0.2901,0.0772,0,0.4037,0.0912,0.1135,ev,multiplicative,live,202609270726D5A2,2026-09-22T17:47:03.773Z
2026,3,18445,Omarion Hampton,LAC,RB,at BUF,rushYds,FanDuel,59.5,over,69.88,-113,,0.5305,0.5305,,1,0.6216,0.0911,0.0911,ev,none,live,2026092763BB8AC8,2026-09-22T17:47:03.773Z
2026,3,12561,Lamar Jackson,BAL,QB,at DAL,passYds,Hard Rock,274.5,over,259.92,200,-300,0.3333,0.3077,0.0833,0,0.4241,0.0908,0.1164,ev,multiplicative,live,202609270726D5A2,2026-09-22T17:47:03.773Z
2026,3,12561,Lamar Jackson,BAL,QB,at DAL,passYds,theScore,274.5,over,259.92,200,,0.3333,0.3333,,1,0.4241,0.0908,0.0908,ev,none,live,202609270726D5A2,2026-09-22T17:47:03.773Z
2026,3,18445,Omarion Hampton,LAC,RB,at BUF,rushYds,theScore,74.5,over,69.88,175,,0.3636,0.3636,,1,0.4542,0.0906,0.0906,ev,none,live,2026092763BB8AC8,2026-09-22T17:47:03.773Z
2026,3,12561,Lamar Jackson,BAL,QB,at DAL,rushYds,theScore,29.5,over,52.86,-210,,0.6774,0.6774,,1,0.7678,0.0903,0.0903,ev,none,live,202609270726D5A2,2026-09-22T17:47:03.773Z
2026,3,14411,CeeDee Lamb,DAL,WR,vs BAL,receptions,Hard Rock,6.5,under,5.87,115,-145,0.4651,0.4401,0.0570,0,0.5554,0.0903,0.1153,ev,multiplicative,live,202609270726D5A2,2026-09-22T17:47:03.773Z
2026,3,18445,Omarion Hampton,LAC,RB,at BUF,rushYds,FanDuel,79.5,over,69.88,217,,0.3155,0.3155,,1,0.4054,0.0900,0.0900,ev,none,live,2026092763BB8AC8,2026-09-22T17:47:03.773Z
2026,3,12483,Josh Allen,BUF,QB,vs LAC,rushYds,Hard Rock,53.5,under,32.45,-525,325,0.8400,0.7812,0.0753,0,0.9300,0.0900,0.1488,ev,multiplicative,live,2026092763BB8AC8,2026-09-22T17:47:03.773Z
2026,3,15868,Drake London,ATL,WR,at GB,recYds,Hard Rock,103.5,under,61.67,-650,375,0.8667,0.8046,0.0772,0,0.9565,0.0898,0.1519,ev,multiplicative,live,202609250580A50A,2026-09-22T17:47:03.773Z
2026,3,17700,Michael Penix Jr.,ATL,QB,at GB,int,Caesars,0.5,under,0.5,-107,-122,0.5169,0.4847,0.0665,0,0.6065,0.0896,0.1218,ev,multiplicative,live,202609250580A50A,2026-09-22T17:47:03.773Z
2026,3,12561,Lamar Jackson,BAL,QB,at DAL,passYds,Hard Rock,258.5,over,259.92,140,-195,0.4167,0.3866,0.0777,0,0.5062,0.0895,0.1195,ev,multiplicative,live,202609270726D5A2,2026-09-22T17:47:03.773Z
2026,3,16899,Quentin Johnston,LAC,WR,at BUF,receptions,BetRivers,5.5,over,2.74,650,,0.1333,0.1333,,1,0.2227,0.0894,0.0894,ev,none,live,2026092763BB8AC8,2026-09-22T17:47:03.773Z
2026,3,15853,George Pickens,DAL,WR,vs BAL,recYds,theScore,89.5,over,75.47,275,,0.2667,0.2667,,1,0.3559,0.0892,0.0892,ev,none,live,202609270726D5A2,2026-09-22T17:47:03.773Z
2026,3,14371,Jordan Love,GB,QB,vs ATL,completions,Hard Rock,19.5,over,21.3,100,-130,0.5000,0.4694,0.0652,0,0.5889,0.0889,0.1196,ev,multiplicative,live,202609250580A50A,2026-09-22T17:47:03.773Z
2026,3,16899,Quentin Johnston,LAC,WR,at BUF,recYds,theScore,36.5,over,42.06,-110,-120,0.5238,0.4899,0.0693,0,0.6124,0.0886,0.1225,ev,multiplicative,live,2026092763BB8AC8,2026-09-22T17:47:03.773Z
2026,3,15946,Christian Watson,GB,WR,vs ATL,receptions,Hard Rock,3.5,under,3.95,195,-275,0.3390,0.3161,0.0723,0,0.4275,0.0885,0.1113,ev,multiplicative,live,202609250580A50A,2026-09-22T17:47:03.773Z
2026,3,16739,Bijan Robinson,ATL,RB,at GB,rushYds,theScore,59.5,over,87.97,-300,,0.7500,0.7500,,1,0.8382,0.0882,0.0882,ev,none,live,202609250580A50A,2026-09-22T17:47:03.773Z
2026,3,14411,CeeDee Lamb,DAL,WR,vs BAL,receptions,DraftKings,6.5,under,5.87,114,-146,0.4673,0.4405,0.0608,0,0.5554,0.0881,0.1149,ev,multiplicative,live,202609270726D5A2,2026-09-22T17:47:03.773Z
2026,3,16739,Bijan Robinson,ATL,RB,at GB,recYds,Hard Rock,25.5,under,32.4,240,-375,0.2941,0.2714,0.0836,0,0.3822,0.0881,0.1108,ev,multiplicative,live,202609250580A50A,2026-09-22T17:47:03.773Z
2026,3,15947,Jake Ferguson,DAL,TE,vs BAL,recYds,Hard Rock,12.5,over,34.7,-550,325,0.8462,0.7824,0.0814,0,0.9342,0.0881,0.1518,ev,multiplicative,live,202609270726D5A2,2026-09-22T17:47:03.773Z
2026,3,18500,Matthew Golden,GB,WR,vs ATL,receptions,DraftKings,6.5,over,4,431,,0.1883,0.1883,,1,0.2763,0.0880,0.0880,ev,none,live,202609250580A50A,2026-09-22T17:47:03.773Z
2026,3,16739,Bijan Robinson,ATL,RB,at GB,recYds,Hard Rock,24.5,under,32.4,260,-425,0.2778,0.2555,0.0873,0,0.3658,0.0880,0.1103,ev,multiplicative,live,202609250580A50A,2026-09-22T17:47:03.773Z
2026,3,10819,Derrick Henry,BAL,RB,at DAL,rushYds,theScore,84.5,over,97.69,-125,-105,0.5556,0.5203,0.0678,0,0.6435,0.0880,0.1232,ev,multiplicative,live,202609270726D5A2,2026-09-22T17:47:03.773Z
2026,3,18445,Omarion Hampton,LAC,RB,at BUF,rushYds,theScore,69.5,over,69.88,140,,0.4167,0.4167,,1,0.5045,0.0879,0.0879,ev,none,live,2026092763BB8AC8,2026-09-22T17:47:03.773Z
2026,3,15946,Christian Watson,GB,WR,vs ATL,receptions,Hard Rock,2.5,under,3.95,425,-850,0.1905,0.1755,0.0852,0,0.2779,0.0874,0.1024,ev,multiplicative,live,202609250580A50A,2026-09-22T17:47:03.773Z
2026,3,16899,Quentin Johnston,LAC,WR,at BUF,recYds,theScore,19.5,over,42.06,-375,,0.7895,0.7895,,1,0.8768,0.0873,0.0873,ev,none,live,2026092763BB8AC8,2026-09-22T17:47:03.773Z
2026,3,16899,Quentin Johnston,LAC,WR,at BUF,recYds,DraftKings,39.5,over,42.06,115,,0.4651,0.4651,,1,0.5523,0.0872,0.0872,ev,none,live,2026092763BB8AC8,2026-09-22T17:47:03.773Z
2026,3,15853,George Pickens,DAL,WR,vs BAL,recYds,DraftKings,89.5,over,75.47,272,,0.2688,0.2688,,1,0.3559,0.0871,0.0871,ev,none,live,202609270726D5A2,2026-09-22T17:47:03.773Z
2026,3,12561,Lamar Jackson,BAL,QB,at DAL,passYds,Hard Rock,288.5,over,259.92,275,-425,0.2667,0.2478,0.0762,0,0.3538,0.0871,0.1060,ev,multiplicative,live,202609270726D5A2,2026-09-22T17:47:03.773Z
2026,3,18478,Tre Harris,LAC,WR,at BUF,recYds,Hard Rock,63.5,under,34.63,-600,350,0.8571,0.7941,0.0794,0,0.9440,0.0869,0.1499,ev,multiplicative,live,2026092763BB8AC8,2026-09-22T17:47:03.773Z
2026,3,18445,Omarion Hampton,LAC,RB,at BUF,rushYds,BetRivers,59.5,over,69.88,-115,-113,0.5349,0.5020,0.0654,0,0.6216,0.0868,0.1196,ev,multiplicative,live,2026092763BB8AC8,2026-09-22T17:47:03.773Z
2026,3,15265,Kyle Pitts,ATL,TE,at GB,recYds,Hard Rock,25.5,over,40.08,-220,155,0.6875,0.6368,0.0797,0,0.7738,0.0863,0.1370,ev,multiplicative,live,202609250580A50A,2026-09-22T17:47:03.773Z
2026,3,15853,George Pickens,DAL,WR,vs BAL,recYds,FanDuel,39.5,over,75.47,-334,,0.7696,0.7696,,1,0.8557,0.0861,0.0861,ev,none,live,202609270726D5A2,2026-09-22T17:47:03.773Z
2026,3,15265,Kyle Pitts,ATL,TE,at GB,recYds,Caesars,29.5,over,40.08,-164,,0.6212,0.6212,,1,0.7072,0.0860,0.0860,ev,none,live,202609250580A50A,2026-09-22T17:47:03.773Z
2026,3,15868,Drake London,ATL,WR,at GB,recYds,Hard Rock,88.5,under,61.67,-350,225,0.7778,0.7165,0.0855,0,0.8638,0.0860,0.1472,ev,multiplicative,live,202609250580A50A,2026-09-22T17:47:03.773Z
2026,3,18500,Matthew Golden,GB,WR,vs ATL,receptions,Caesars,6.5,over,4,425,,0.1905,0.1905,,1,0.2763,0.0859,0.0859,ev,none,live,202609250580A50A,2026-09-22T17:47:03.773Z
2026,3,10819,Derrick Henry,BAL,RB,at DAL,rushYds,DraftKings,87.5,over,97.69,-111,-112,0.5261,0.4989,0.0544,0,0.6119,0.0858,0.1129,ev,multiplicative,live,202609270726D5A2,2026-09-22T17:47:03.773Z
2026,3,18478,Tre Harris,LAC,WR,at BUF,receptions,Hard Rock,1.5,under,2.74,325,-550,0.2353,0.2176,0.0814,0,0.3211,0.0858,0.1035,ev,multiplicative,live,2026092763BB8AC8,2026-09-22T17:47:03.773Z
2026,3,15853,George Pickens,DAL,WR,vs BAL,recYds,BetRivers,39.5,over,75.47,-335,,0.7701,0.7701,,1,0.8557,0.0856,0.0856,ev,none,live,202609270726D5A2,2026-09-22T17:47:03.773Z
2026,3,16739,Bijan Robinson,ATL,RB,at GB,rushYds,BetRivers,59.5,over,87.97,-305,,0.7531,0.7531,,1,0.8382,0.0852,0.0852,ev,none,live,202609250580A50A,2026-09-22T17:47:03.773Z
2026,3,18500,Matthew Golden,GB,WR,vs ATL,receptions,FanDuel,7.5,over,4,748,,0.1179,0.1179,,1,0.2029,0.0850,0.0850,ev,none,live,202609250580A50A,2026-09-22T17:47:03.773Z
2026,3,17724,Ladd McConkey,LAC,WR,at BUF,recYds,BetRivers,52.5,over,64.26,-114,-117,0.5327,0.4970,0.0719,0,0.6177,0.0849,0.1207,ev,multiplicative,live,2026092763BB8AC8,2026-09-22T17:47:03.773Z
2026,3,10819,Derrick Henry,BAL,RB,at DAL,rushYds,DraftKings,59.5,over,97.69,-338,,0.7717,0.7717,,1,0.8566,0.0849,0.0849,ev,none,live,202609270726D5A2,2026-09-22T17:47:03.773Z
2026,3,18478,Tre Harris,LAC,WR,at BUF,recYds,Hard Rock,3.5,under,34.63,900,-4000,0.1000,0.0930,0.0756,0,0.1849,0.0849,0.0919,ev,multiplicative,live,2026092763BB8AC8,2026-09-22T17:47:03.773Z
2026,3,15265,Kyle Pitts,ATL,TE,at GB,recYds,DraftKings,24.5,over,40.08,-238,,0.7041,0.7041,,1,0.7890,0.0848,0.0848,ev,none,live,202609250580A50A,2026-09-22T17:47:03.773Z
2026,3,17724,Ladd McConkey,LAC,WR,at BUF,receptions,BetRivers,7.5,over,4.77,700,,0.1250,0.1250,,1,0.2097,0.0847,0.0847,ev,none,live,2026092763BB8AC8,2026-09-22T17:47:03.773Z
2026,3,15850,Jahan Dotson,ATL,WR,at GB,receptions,theScore,1.5,under,1.43,130,-170,0.4348,0.4085,0.0644,0,0.5194,0.0846,0.1109,ev,multiplicative,live,202609250580A50A,2026-09-22T17:47:03.773Z
2026,3,16739,Bijan Robinson,ATL,RB,at GB,rushYds,Hard Rock,53.5,over,87.97,-400,260,0.8000,0.7423,0.0778,0,0.8840,0.0840,0.1418,ev,multiplicative,live,202609250580A50A,2026-09-22T17:47:03.773Z
2026,3,12483,Josh Allen,BUF,QB,vs LAC,rushYds,Hard Rock,49.5,under,32.45,-400,250,0.8000,0.7368,0.0857,0,0.8840,0.0840,0.1472,ev,multiplicative,live,2026092763BB8AC8,2026-09-22T17:47:03.773Z
2026,3,12561,Lamar Jackson,BAL,QB,at DAL,passYds,Hard Rock,298.5,over,259.92,350,-575,0.2222,0.2069,0.0741,0,0.3063,0.0840,0.0994,ev,multiplicative,live,202609270726D5A2,2026-09-22T17:47:03.773Z
2026,3,12483,Josh Allen,BUF,QB,vs LAC,rushYds,Hard Rock,58.5,under,32.45,-750,425,0.8824,0.8225,0.0728,0,0.9661,0.0838,0.1437,ev,multiplicative,live,2026092763BB8AC8,2026-09-22T17:47:03.773Z
2026,3,14446,Justin Herbert,LAC,QB,at BUF,rushYds,Caesars,9.5,over,22.63,-335,,0.7701,0.7701,,1,0.8538,0.0837,0.0837,ev,none,live,2026092763BB8AC8,2026-09-22T17:47:03.773Z
2026,3,15868,Drake London,ATL,WR,at GB,recYds,Hard Rock,108.5,under,61.67,-800,425,0.8889,0.8235,0.0794,0,0.9723,0.0834,0.1488,ev,multiplicative,live,202609250580A50A,2026-09-22T17:47:03.773Z
2026,3,18478,Tre Harris,LAC,WR,at BUF,recYds,Hard Rock,64.5,under,34.63,-650,375,0.8667,0.8046,0.0772,0,0.9500,0.0833,0.1454,ev,multiplicative,live,2026092763BB8AC8,2026-09-22T17:47:03.773Z
2026,3,15306,Javonte Williams,DAL,RB,vs BAL,rushYds,Hard Rock,104.5,under,63.83,-1100,500,0.9167,0.8462,0.0833,0,0.9999,0.0833,0.1538,ev,multiplicative,live,202609270726D5A2,2026-09-22T17:47:03.773Z
2026,3,16899,Quentin Johnston,LAC,WR,at BUF,recYds,DraftKings,14.5,over,42.06,-519,,0.8384,0.8384,,1,0.9216,0.0831,0.0831,ev,none,live,2026092763BB8AC8,2026-09-22T17:47:03.773Z
2026,3,15265,Kyle Pitts,ATL,TE,at GB,recYds,Hard Rock,24.5,over,40.08,-240,165,0.7059,0.6516,0.0832,0,0.7890,0.0831,0.1373,ev,multiplicative,live,202609250580A50A,2026-09-22T17:47:03.773Z
2026,3,16899,Quentin Johnston,LAC,WR,at BUF,recYds,DraftKings,49.5,over,42.06,197,,0.3367,0.3367,,1,0.4197,0.0830,0.0830,ev,none,live,2026092763BB8AC8,2026-09-22T17:47:03.773Z
2026,3,15306,Javonte Williams,DAL,RB,vs BAL,recYds,Hard Rock,46.5,under,15.36,-1100,525,0.9167,0.8514,0.0767,0,0.9997,0.0830,0.1483,ev,multiplicative,live,202609270726D5A2,2026-09-22T17:47:03.773Z
2026,3,17795,MarShawn Lloyd,GB,RB,vs ATL,rushYds,DraftKings,19.5,over,45.05,-249,,0.7135,0.7135,,1,0.7963,0.0828,0.0828,ev,none,live,202609250580A50A,2026-09-22T17:47:03.773Z
2026,3,18445,Omarion Hampton,LAC,RB,at BUF,rushYds,theScore,79.5,over,69.88,210,,0.3226,0.3226,,1,0.4054,0.0828,0.0828,ev,none,live,2026092763BB8AC8,2026-09-22T17:47:03.773Z
2026,3,17700,Michael Penix Jr.,ATL,QB,at GB,int,Hard Rock,0.5,under,0.5,-110,-120,0.5238,0.4899,0.0693,0,0.6065,0.0827,0.1167,ev,multiplicative,live,202609250580A50A,2026-09-22T17:47:03.773Z
2026,3,15850,Jahan Dotson,ATL,WR,at GB,recYds,Hard Rock,54.5,under,17.4,-1100,525,0.9167,0.8514,0.0767,0,0.9991,0.0825,0.1477,ev,multiplicative,live,202609250580A50A,2026-09-22T17:47:03.773Z
2026,3,17724,Ladd McConkey,LAC,WR,at BUF,receptions,Hard Rock,6.5,over,4.77,350,-600,0.2222,0.2059,0.0794,0,0.3044,0.0822,0.0985,ev,multiplicative,live,2026092763BB8AC8,2026-09-22T17:47:03.773Z
2026,3,12561,Lamar Jackson,BAL,QB,at DAL,passYds,FanDuel,249.5,over,259.92,116,,0.4630,0.4630,,1,0.5450,0.0821,0.0821,ev,none,live,202609270726D5A2,2026-09-22T17:47:03.773Z
2026,3,17795,MarShawn Lloyd,GB,RB,vs ATL,rushYds,theScore,19.5,over,45.05,-250,,0.7143,0.7143,,1,0.7963,0.0820,0.0820,ev,none,live,202609250580A50A,2026-09-22T17:47:03.773Z
2026,3,18515,Kaleb Johnson,GB,RB,vs ATL,rushYds,Hard Rock,57.5,under,21.07,-475,300,0.8261,0.7677,0.0761,0,0.9081,0.0820,0.1404,ev,multiplicative,live,202609250580A50A,2026-09-22T17:47:03.773Z
2026,3,15265,Kyle Pitts,ATL,TE,at GB,recYds,Hard Rock,30.5,over,40.08,-155,110,0.6078,0.5607,0.0840,0,0.6892,0.0814,0.1285,ev,multiplicative,live,202609250580A50A,2026-09-22T17:47:03.773Z
2026,3,10819,Derrick Henry,BAL,RB,at DAL,rushYds,Caesars,59.5,over,97.69,-345,,0.7753,0.7753,,1,0.8566,0.0813,0.0813,ev,none,live,202609270726D5A2,2026-09-22T17:47:03.773Z
2026,3,17724,Ladd McConkey,LAC,WR,at BUF,receptions,Caesars,5.5,over,4.77,200,,0.3333,0.3333,,1,0.4145,0.0812,0.0812,ev,none,live,2026092763BB8AC8,2026-09-22T17:47:03.773Z
2026,3,17724,Ladd McConkey,LAC,WR,at BUF,recYds,BetRivers,49.5,over,64.26,-130,,0.5652,0.5652,,1,0.6464,0.0812,0.0812,ev,none,live,2026092763BB8AC8,2026-09-22T17:47:03.773Z
2026,3,16739,Bijan Robinson,ATL,RB,at GB,receptions,Hard Rock,4.5,under,4.13,105,-135,0.4878,0.4592,0.0623,0,0.5688,0.0810,0.1096,ev,multiplicative,live,202609250580A50A,2026-09-22T17:47:03.773Z
2026,3,15868,Drake London,ATL,WR,at GB,recYds,Hard Rock,83.5,under,61.67,-275,190,0.7333,0.6802,0.0782,0,0.8140,0.0807,0.1339,ev,multiplicative,live,202609250580A50A,2026-09-22T17:47:03.773Z
2026,3,16739,Bijan Robinson,ATL,RB,at GB,rushYds,Caesars,79.5,over,87.97,-115,,0.5349,0.5349,,1,0.6155,0.0806,0.0806,ev,none,live,202609250580A50A,2026-09-22T17:47:03.773Z
2026,3,17795,MarShawn Lloyd,GB,RB,vs ATL,recYds,DraftKings,24.5,over,12.1,820,,0.1087,0.1087,,1,0.1893,0.0806,0.0806,ev,none,live,202609250580A50A,2026-09-22T17:47:03.773Z
2026,3,12483,Josh Allen,BUF,QB,vs LAC,passYds,BetRivers,249.5,over,256.07,123,,0.4484,0.4484,,1,0.5291,0.0806,0.0806,ev,none,live,2026092763BB8AC8,2026-09-22T17:47:03.773Z
2026,3,10819,Derrick Henry,BAL,RB,at DAL,rushYds,DraftKings,89.5,over,97.69,-104,,0.5098,0.5098,,1,0.5904,0.0806,0.0806,ev,none,live,202609270726D5A2,2026-09-22T17:47:03.773Z
2026,3,16739,Bijan Robinson,ATL,RB,at GB,rushYds,Hard Rock,79.5,over,87.97,-115,-120,0.5349,0.4951,0.0803,0,0.6155,0.0806,0.1204,ev,multiplicative,live,202609250580A50A,2026-09-22T17:47:03.773Z
2026,3,14411,CeeDee Lamb,DAL,WR,vs BAL,receptions,Hard Rock,4.5,under,5.87,375,-700,0.2105,0.1939,0.0855,0,0.2911,0.0806,0.0972,ev,multiplicative,live,202609270726D5A2,2026-09-22T17:47:03.773Z
2026,3,12477,DJ Moore,BUF,WR,vs LAC,recYds,DraftKings,24.5,over,52.56,-447,,0.8172,0.8172,,1,0.8975,0.0804,0.0804,ev,none,live,2026092763BB8AC8,2026-09-22T17:47:03.773Z
2026,3,16739,Bijan Robinson,ATL,RB,at GB,recYds,Hard Rock,20.5,under,32.4,350,-650,0.2222,0.2041,0.0889,0,0.3026,0.0804,0.0986,ev,multiplicative,live,202609250580A50A,2026-09-22T17:47:03.773Z
2026,3,16899,Quentin Johnston,LAC,WR,at BUF,recYds,Hard Rock,15.5,over,42.06,-500,300,0.8333,0.7692,0.0833,0,0.9138,0.0804,0.1445,ev,multiplicative,live,2026092763BB8AC8,2026-09-22T17:47:03.773Z
2026,3,11008,Dak Prescott,DAL,QB,vs BAL,passTD,Hard Rock,1.5,under,1.57,120,-160,0.4545,0.4248,0.0699,0,0.5347,0.0801,0.1098,ev,multiplicative,live,202609270726D5A2,2026-09-22T17:47:03.773Z
2026,3,17724,Ladd McConkey,LAC,WR,at BUF,recYds,Hard Rock,64.5,over,64.26,140,-195,0.4167,0.3866,0.0777,0,0.4967,0.0800,0.1100,ev,multiplicative,live,2026092763BB8AC8,2026-09-22T17:47:03.773Z
2026,3,16899,Quentin Johnston,LAC,WR,at BUF,receptions,DraftKings,6.5,over,2.74,1340,,0.0694,0.0694,,1,0.1493,0.0799,0.0799,ev,none,live,2026092763BB8AC8,2026-09-22T17:47:03.773Z
2026,3,12561,Lamar Jackson,BAL,QB,at DAL,passYds,Hard Rock,249.5,over,259.92,115,-160,0.4651,0.4305,0.0805,0,0.5450,0.0799,0.1146,ev,multiplicative,live,202609270726D5A2,2026-09-22T17:47:03.773Z
2026,3,12561,Lamar Jackson,BAL,QB,at DAL,passYds,theScore,249.5,over,259.92,115,,0.4651,0.4651,,1,0.5450,0.0799,0.0799,ev,none,live,202609270726D5A2,2026-09-22T17:47:03.773Z
2026,3,12483,Josh Allen,BUF,QB,vs LAC,passYds,Hard Rock,274.5,over,256.07,210,-300,0.3226,0.3008,0.0726,0,0.4023,0.0797,0.1016,ev,multiplicative,live,2026092763BB8AC8,2026-09-22T17:47:03.773Z
2026,3,18500,Matthew Golden,GB,WR,vs ATL,receptions,FanDuel,6.5,over,4,408,,0.1969,0.1969,,1,0.2763,0.0795,0.0795,ev,none,live,202609250580A50A,2026-09-22T17:47:03.773Z
2026,3,18478,Tre Harris,LAC,WR,at BUF,recYds,Hard Rock,58.5,under,34.63,-475,300,0.8261,0.7677,0.0761,0,0.9056,0.0795,0.1379,ev,multiplicative,live,2026092763BB8AC8,2026-09-22T17:47:03.773Z
2026,3,12561,Lamar Jackson,BAL,QB,at DAL,passYds,Hard Rock,299.5,over,259.92,350,-600,0.2222,0.2059,0.0794,0,0.3017,0.0795,0.0958,ev,multiplicative,live,202609270726D5A2,2026-09-22T17:47:03.773Z
2026,3,18500,Matthew Golden,GB,WR,vs ATL,receptions,DraftKings,8.5,over,4,1480,,0.0633,0.0633,,1,0.1426,0.0793,0.0793,ev,none,live,202609250580A50A,2026-09-22T17:47:03.773Z
2026,3,16741,Chris Brooks,GB,RB,vs ATL,rushYds,DraftKings,9.5,over,28.67,-260,,0.7222,0.7222,,1,0.8014,0.0792,0.0792,ev,none,live,202609250580A50A,2026-09-22T17:47:03.773Z
2026,3,15850,Jahan Dotson,ATL,WR,at GB,receptions,Hard Rock,0.5,under,1.43,450,-900,0.1818,0.1681,0.0818,0,0.2611,0.0792,0.0930,ev,multiplicative,live,202609250580A50A,2026-09-22T17:47:03.773Z
2026,3,14371,Jordan Love,GB,QB,vs ATL,passTD,DraftKings,1.5,under,1.48,106,-136,0.4854,0.4572,0.0617,0,0.5645,0.0791,0.1073,ev,multiplicative,live,202609250580A50A,2026-09-22T17:47:03.773Z
2026,3,18500,Matthew Golden,GB,WR,vs ATL,receptions,BetRivers,5.5,over,4,255,,0.2817,0.2817,,1,0.3608,0.0791,0.0791,ev,none,live,202609250580A50A,2026-09-22T17:47:03.773Z
2026,3,15306,Javonte Williams,DAL,RB,vs BAL,receptions,Hard Rock,2.5,under,2.63,155,-225,0.3922,0.3616,0.0845,0,0.4711,0.0790,0.1095,ev,multiplicative,live,202609270726D5A2,2026-09-22T17:47:03.773Z
2026,3,10819,Derrick Henry,BAL,RB,at DAL,rushYds,theScore,59.5,over,97.69,-350,,0.7778,0.7778,,1,0.8566,0.0789,0.0789,ev,none,live,202609270726D5A2,2026-09-22T17:47:03.773Z
2026,3,15265,Kyle Pitts,ATL,TE,at GB,recYds,Hard Rock,20.5,over,40.08,-325,220,0.7647,0.7099,0.0772,0,0.8435,0.0788,0.1336,ev,multiplicative,live,202609250580A50A,2026-09-22T17:47:03.773Z
2026,3,17724,Ladd McConkey,LAC,WR,at BUF,recYds,FanDuel,59.5,over,64.26,113,,0.4695,0.4695,,1,0.5482,0.0787,0.0787,ev,none,live,2026092763BB8AC8,2026-09-22T17:47:03.773Z
2026,3,12561,Lamar Jackson,BAL,QB,at DAL,passYds,FanDuel,299.5,over,259.92,348,,0.2232,0.2232,,1,0.3017,0.0785,0.0785,ev,none,live,202609270726D5A2,2026-09-22T17:47:03.773Z
2026,3,10819,Derrick Henry,BAL,RB,at DAL,rushYds,Caesars,69.5,over,97.69,-240,,0.7059,0.7059,,1,0.7842,0.0783,0.0783,ev,none,live,202609270726D5A2,2026-09-22T17:47:03.773Z
2026,3,16899,Quentin Johnston,LAC,WR,at BUF,recYds,DraftKings,59.5,over,42.06,318,,0.2392,0.2392,,1,0.3174,0.0782,0.0782,ev,none,live,2026092763BB8AC8,2026-09-22T17:47:03.773Z
2026,3,12561,Lamar Jackson,BAL,QB,at DAL,rushYds,FanDuel,69.5,over,52.86,579,,0.1473,0.1473,,1,0.2255,0.0782,0.0782,ev,none,live,202609270726D5A2,2026-09-22T17:47:03.773Z
2026,3,10819,Derrick Henry,BAL,RB,at DAL,rushYds,theScore,89.5,over,97.69,-105,,0.5122,0.5122,,1,0.5904,0.0782,0.0782,ev,none,live,202609270726D5A2,2026-09-22T17:47:03.773Z
2026,3,15853,George Pickens,DAL,WR,vs BAL,recYds,Hard Rock,89.5,over,75.47,260,-400,0.2778,0.2577,0.0778,0,0.3559,0.0781,0.0981,ev,multiplicative,live,202609270726D5A2,2026-09-22T17:47:03.773Z
2026,3,18500,Matthew Golden,GB,WR,vs ATL,receptions,Hard Rock,7.5,over,4,700,-2200,0.1250,0.1156,0.0815,0,0.2029,0.0779,0.0873,ev,multiplicative,live,202609250580A50A,2026-09-22T17:47:03.773Z
2026,3,15853,George Pickens,DAL,WR,vs BAL,recYds,theScore,39.5,over,75.47,-350,,0.7778,0.7778,,1,0.8557,0.0779,0.0779,ev,none,live,202609270726D5A2,2026-09-22T17:47:03.773Z
2026,3,16739,Bijan Robinson,ATL,RB,at GB,rushYds,FanDuel,49.5,over,87.97,-492,,0.8311,0.8311,,1,0.9089,0.0778,0.0778,ev,none,live,202609250580A50A,2026-09-22T17:47:03.773Z
2026,3,14446,Justin Herbert,LAC,QB,at BUF,rushYds,DraftKings,19.5,over,22.63,-109,-115,0.5215,0.4937,0.0564,0,0.5991,0.0776,0.1054,ev,multiplicative,live,2026092763BB8AC8,2026-09-22T17:47:03.773Z
2026,3,16739,Bijan Robinson,ATL,RB,at GB,recYds,Hard Rock,15.5,under,32.4,550,-1300,0.1538,0.1421,0.0824,0,0.2315,0.0776,0.0893,ev,multiplicative,live,202609250580A50A,2026-09-22T17:47:03.773Z
2026,3,12477,DJ Moore,BUF,WR,vs LAC,recYds,FanDuel,29.5,over,52.56,-342,,0.7738,0.7738,,1,0.8512,0.0775,0.0775,ev,none,live,2026092763BB8AC8,2026-09-22T17:47:03.773Z
2026,3,12483,Josh Allen,BUF,QB,vs LAC,passYds,DraftKings,279.5,over,256.07,234,,0.2994,0.2994,,1,0.3766,0.0772,0.0772,ev,none,live,2026092763BB8AC8,2026-09-22T17:47:03.773Z
2026,3,12561,Lamar Jackson,BAL,QB,at DAL,passYds,BetRivers,224.5,over,259.92,-134,,0.5726,0.5726,,1,0.6497,0.0771,0.0771,ev,none,live,202609270726D5A2,2026-09-22T17:47:03.773Z
2026,3,15853,George Pickens,DAL,WR,vs BAL,recYds,Hard Rock,34.5,over,75.47,-425,260,0.8095,0.7445,0.0873,0,0.8866,0.0771,0.1421,ev,multiplicative,live,202609270726D5A2,2026-09-22T17:47:03.773Z
2026,3,14371,Jordan Love,GB,QB,vs ATL,passTD,Caesars,1.5,under,1.48,105,-129,0.4878,0.4641,0.0511,0,0.5645,0.0767,0.1005,ev,multiplicative,live,202609250580A50A,2026-09-22T17:47:03.773Z
2026,3,14371,Jordan Love,GB,QB,vs ATL,passTD,BetMGM,1.5,under,1.48,105,-140,0.4878,0.4554,0.0711,0,0.5645,0.0767,0.1091,ev,multiplicative,live,202609250580A50A,2026-09-22T17:47:03.773Z
2026,3,17724,Ladd McConkey,LAC,WR,at BUF,recYds,DraftKings,59.5,over,64.26,112,,0.4717,0.4717,,1,0.5482,0.0765,0.0765,ev,none,live,2026092763BB8AC8,2026-09-22T17:47:03.773Z
2026,3,12561,Lamar Jackson,BAL,QB,at DAL,passYds,DraftKings,289.5,over,259.92,267,,0.2725,0.2725,,1,0.3489,0.0764,0.0764,ev,none,live,202609270726D5A2,2026-09-22T17:47:03.773Z
2026,3,15946,Christian Watson,GB,WR,vs ATL,receptions,Hard Rock,1.5,under,3.95,1100,-5000,0.0833,0.0783,0.0637,0,0.1598,0.0764,0.0814,ev,multiplicative,live,202609250580A50A,2026-09-22T17:47:03.773Z
2026,3,18500,Matthew Golden,GB,WR,vs ATL,receptions,Hard Rock,6.5,over,4,400,-700,0.2000,0.1860,0.0750,0,0.2763,0.0763,0.0903,ev,multiplicative,live,202609250580A50A,2026-09-22T17:47:03.773Z
2026,3,18500,Matthew Golden,GB,WR,vs ATL,receptions,theScore,6.5,over,4,400,,0.2000,0.2000,,1,0.2763,0.0763,0.0763,ev,none,live,202609250580A50A,2026-09-22T17:47:03.773Z
2026,3,16739,Bijan Robinson,ATL,RB,at GB,receptions,Caesars,4.5,under,4.13,103,-134,0.4926,0.4624,0.0653,0,0.5688,0.0762,0.1064,ev,multiplicative,live,202609250580A50A,2026-09-22T17:47:03.773Z
2026,3,17700,Michael Penix Jr.,ATL,QB,at GB,passYds,Hard Rock,174.5,under,199.74,195,-300,0.3390,0.3113,0.0890,0,0.4152,0.0762,0.1039,ev,multiplicative,live,202609250580A50A,2026-09-22T17:47:03.773Z
2026,3,18445,Omarion Hampton,LAC,RB,at BUF,rushYds,theScore,59.5,over,69.88,-120,-110,0.5455,0.5101,0.0693,0,0.6216,0.0762,0.1115,ev,multiplicative,live,2026092763BB8AC8,2026-09-22T17:47:03.773Z
2026,3,16899,Quentin Johnston,LAC,WR,at BUF,recYds,BetRivers,39.5,over,42.06,110,,0.4762,0.4762,,1,0.5523,0.0761,0.0761,ev,none,live,2026092763BB8AC8,2026-09-22T17:47:03.773Z
2026,3,11008,Dak Prescott,DAL,QB,vs BAL,rushYds,Hard Rock,32.5,under,9.5,-1200,525,0.9231,0.8523,0.0831,0,0.9992,0.0761,0.1469,ev,multiplicative,live,202609270726D5A2,2026-09-22T17:47:03.773Z
2026,3,12477,DJ Moore,BUF,WR,vs LAC,recYds,BetRivers,29.5,over,52.56,-345,,0.7753,0.7753,,1,0.8512,0.0760,0.0760,ev,none,live,2026092763BB8AC8,2026-09-22T17:47:03.773Z
2026,3,12561,Lamar Jackson,BAL,QB,at DAL,passYds,DraftKings,279.5,over,259.92,210,,0.3226,0.3226,,1,0.3986,0.0760,0.0760,ev,none,live,202609270726D5A2,2026-09-22T17:47:03.773Z
2026,3,16739,Bijan Robinson,ATL,RB,at GB,rushYds,FanDuel,89.5,over,87.97,146,,0.4065,0.4065,,1,0.4824,0.0759,0.0759,ev,none,live,202609250580A50A,2026-09-22T17:47:03.773Z
2026,3,18500,Matthew Golden,GB,WR,vs ATL,receptions,Hard Rock,8.5,over,4,1400,-7000,0.0667,0.0633,0.0526,0,0.1426,0.0759,0.0793,ev,multiplicative,live,202609250580A50A,2026-09-22T17:47:03.773Z
2026,3,12477,DJ Moore,BUF,WR,vs LAC,recYds,DraftKings,39.5,over,52.56,-183,,0.6466,0.6466,,1,0.7224,0.0758,0.0758,ev,none,live,2026092763BB8AC8,2026-09-22T17:47:03.773Z
2026,3,17724,Ladd McConkey,LAC,WR,at BUF,receptions,BetRivers,5.5,over,4.77,195,,0.3390,0.3390,,1,0.4145,0.0755,0.0755,ev,none,live,2026092763BB8AC8,2026-09-22T17:47:03.773Z
2026,3,12483,Josh Allen,BUF,QB,vs LAC,completions,BetRivers,24.5,over,20.77,380,,0.2083,0.2083,,1,0.2837,0.0754,0.0754,ev,none,live,2026092763BB8AC8,2026-09-22T17:47:03.773Z
2026,3,17795,MarShawn Lloyd,GB,RB,vs ATL,rushYds,Hard Rock,73.5,over,45.05,850,-3000,0.1053,0.0981,0.0730,0,0.1806,0.0754,0.0825,ev,multiplicative,live,202609250580A50A,2026-09-22T17:47:03.773Z
2026,3,17724,Ladd McConkey,LAC,WR,at BUF,recYds,FanDuel,53.5,over,64.26,-114,-114,0.5327,0.5000,0.0654,0,0.6079,0.0752,0.1079,ev,multiplicative,live,2026092763BB8AC8,2026-09-22T17:47:03.773Z
2026,3,15850,Jahan Dotson,ATL,WR,at GB,receptions,BetMGM,1.5,under,1.43,125,-165,0.4444,0.4165,0.0671,0,0.5194,0.0750,0.1029,ev,multiplicative,live,202609250580A50A,2026-09-22T17:47:03.773Z
2026,3,12483,Josh Allen,BUF,QB,vs LAC,passYds,DraftKings,289.5,over,256.07,297,,0.2519,0.2519,,1,0.3268,0.0750,0.0750,ev,none,live,2026092763BB8AC8,2026-09-22T17:47:03.773Z
2026,3,16899,Quentin Johnston,LAC,WR,at BUF,recYds,FanDuel,14.5,over,42.06,-552,,0.8466,0.8466,,1,0.9216,0.0750,0.0750,ev,none,live,2026092763BB8AC8,2026-09-22T17:47:03.773Z
2026,3,16739,Bijan Robinson,ATL,RB,at GB,recYds,Hard Rock,75.5,under,32.4,-1200,525,0.9231,0.8523,0.0831,0,0.9981,0.0750,0.1459,ev,multiplicative,live,202609250580A50A,2026-09-22T17:47:03.773Z
2026,3,15850,Jahan Dotson,ATL,WR,at GB,receptions,Hard Rock,1.5,under,1.43,125,-165,0.4444,0.4165,0.0671,0,0.5194,0.0750,0.1029,ev,multiplicative,live,202609250580A50A,2026-09-22T17:47:03.773Z
2026,3,12483,Josh Allen,BUF,QB,vs LAC,rushYds,Hard Rock,43.5,under,32.45,-240,170,0.7059,0.6559,0.0763,0,0.7808,0.0749,0.1249,ev,multiplicative,live,2026092763BB8AC8,2026-09-22T17:47:03.773Z
2026,3,16739,Bijan Robinson,ATL,RB,at GB,receptions,Hard Rock,3.5,under,4.13,210,-325,0.3226,0.2967,0.0873,0,0.3972,0.0746,0.1005,ev,multiplicative,live,202609250580A50A,2026-09-22T17:47:03.773Z
2026,3,14446,Justin Herbert,LAC,QB,at BUF,rushYds,Hard Rock,29.5,under,22.63,-300,210,0.7500,0.6992,0.0726,0,0.8244,0.0744,0.1252,ev,multiplicative,live,2026092763BB8AC8,2026-09-22T17:47:03.773Z
2026,3,17724,Ladd McConkey,LAC,WR,at BUF,receptions,FanDuel,7.5,over,4.77,639,,0.1353,0.1353,,1,0.2097,0.0743,0.0743,ev,none,live,2026092763BB8AC8,2026-09-22T17:47:03.773Z
2026,3,16739,Bijan Robinson,ATL,RB,at GB,rushYds,theScore,89.5,over,87.97,145,,0.4082,0.4082,,1,0.4824,0.0742,0.0742,ev,none,live,202609250580A50A,2026-09-22T17:47:03.773Z
2026,3,18478,Tre Harris,LAC,WR,at BUF,recYds,Hard Rock,68.5,under,34.63,-850,425,0.8947,0.8245,0.0852,0,0.9689,0.0742,0.1444,ev,multiplicative,live,2026092763BB8AC8,2026-09-22T17:47:03.773Z
2026,3,12561,Lamar Jackson,BAL,QB,at DAL,passYds,DraftKings,269.5,over,259.92,166,,0.3759,0.3759,,1,0.4500,0.0740,0.0740,ev,none,live,202609270726D5A2,2026-09-22T17:47:03.773Z
2026,3,12483,Josh Allen,BUF,QB,vs LAC,passYds,DraftKings,269.5,over,256.07,182,,0.3546,0.3546,,1,0.4285,0.0739,0.0739,ev,none,live,2026092763BB8AC8,2026-09-22T17:47:03.773Z
2026,3,15868,Drake London,ATL,WR,at GB,recYds,Hard Rock,113.5,under,61.67,-1000,500,0.9091,0.8451,0.0758,0,0.9830,0.0739,0.1379,ev,multiplicative,live,202609250580A50A,2026-09-22T17:47:03.773Z
2026,3,16739,Bijan Robinson,ATL,RB,at GB,rushYds,Hard Rock,83.5,over,87.97,105,-145,0.4878,0.4518,0.0796,0,0.5616,0.0738,0.1098,ev,multiplicative,live,202609250580A50A,2026-09-22T17:47:03.773Z
2026,3,15306,Javonte Williams,DAL,RB,vs BAL,rushAtt,Hard Rock,11.5,over,17.31,-325,,0.7647,0.7647,,1,0.8382,0.0735,0.0735,ev,none,live,202609270726D5A2,2026-09-22T17:47:03.773Z
2026,3,12561,Lamar Jackson,BAL,QB,at DAL,passYds,DraftKings,299.5,over,259.92,338,,0.2283,0.2283,,1,0.3017,0.0734,0.0734,ev,none,live,202609270726D5A2,2026-09-22T17:47:03.773Z
2026,3,17724,Ladd McConkey,LAC,WR,at BUF,receptions,FanDuel,5.5,over,4.77,193,,0.3413,0.3413,,1,0.4145,0.0732,0.0732,ev,none,live,2026092763BB8AC8,2026-09-22T17:47:03.773Z
2026,3,12561,Lamar Jackson,BAL,QB,at DAL,passYds,Hard Rock,248.5,over,259.92,110,-150,0.4762,0.4425,0.0762,0,0.5493,0.0732,0.1069,ev,multiplicative,live,202609270726D5A2,2026-09-22T17:47:03.773Z
2026,3,12561,Lamar Jackson,BAL,QB,at DAL,rushYds,Hard Rock,26.5,over,52.86,-260,185,0.7222,0.6730,0.0731,0,0.7954,0.0732,0.1224,ev,multiplicative,live,202609270726D5A2,2026-09-22T17:47:03.773Z
2026,3,17724,Ladd McConkey,LAC,WR,at BUF,recYds,Hard Rock,53.5,over,64.26,-115,-115,0.5349,0.5000,0.0698,0,0.6079,0.0730,0.1079,ev,multiplicative,live,2026092763BB8AC8,2026-09-22T17:47:03.773Z
2026,3,15853,George Pickens,DAL,WR,vs BAL,recYds,BetRivers,99.5,over,75.47,425,,0.1905,0.1905,,1,0.2634,0.0729,0.0729,ev,none,live,202609270726D5A2,2026-09-22T17:47:03.773Z
2026,3,17724,Ladd McConkey,LAC,WR,at BUF,recYds,Hard Rock,63.5,over,64.26,130,-185,0.4348,0.4011,0.0839,0,0.5077,0.0729,0.1066,ev,multiplicative,live,2026092763BB8AC8,2026-09-22T17:47:03.773Z
2026,3,16739,Bijan Robinson,ATL,RB,at GB,receptions,Hard Rock,5.5,under,4.13,-200,140,0.6667,0.6154,0.0833,0,0.7395,0.0728,0.1241,ev,multiplicative,live,202609250580A50A,2026-09-22T17:47:03.773Z
2026,3,18478,Tre Harris,LAC,WR,at BUF,recYds,Hard Rock,53.5,under,34.63,-350,230,0.7778,0.7196,0.0808,0,0.8506,0.0728,0.1310,ev,multiplicative,live,2026092763BB8AC8,2026-09-22T17:47:03.773Z
2026,3,15853,George Pickens,DAL,WR,vs BAL,recYds,DraftKings,24.5,over,75.47,-620,,0.8611,0.8611,,1,0.9337,0.0726,0.0726,ev,none,live,202609270726D5A2,2026-09-22T17:47:03.773Z
2026,3,12477,DJ Moore,BUF,WR,vs LAC,recYds,BetRivers,39.5,over,52.56,-186,,0.6503,0.6503,,1,0.7224,0.0721,0.0721,ev,none,live,2026092763BB8AC8,2026-09-22T17:47:03.773Z
2026,3,18445,Omarion Hampton,LAC,RB,at BUF,rushYds,FanDuel,49.5,over,69.88,-191,,0.6564,0.6564,,1,0.7285,0.0721,0.0721,ev,none,live,2026092763BB8AC8,2026-09-22T17:47:03.773Z
2026,3,12483,Josh Allen,BUF,QB,vs LAC,passYds,DraftKings,299.5,over,256.07,381,,0.2079,0.2079,,1,0.2800,0.0721,0.0721,ev,none,live,2026092763BB8AC8,2026-09-22T17:47:03.773Z
2026,3,16741,Chris Brooks,GB,RB,vs ATL,recYds,Hard Rock,2.5,over,9.58,-230,160,0.6970,0.6444,0.0816,0,0.7691,0.0721,0.1247,ev,multiplicative,live,202609250580A50A,2026-09-22T17:47:03.773Z
2026,3,17724,Ladd McConkey,LAC,WR,at BUF,recYds,DraftKings,54.5,over,64.26,-111,-113,0.5261,0.4979,0.0566,0,0.5981,0.0720,0.1002,ev,multiplicative,live,2026092763BB8AC8,2026-09-22T17:47:03.773Z
2026,3,17700,Michael Penix Jr.,ATL,QB,at GB,int,BetMGM,0.5,under,0.5,-115,-115,0.5349,0.5000,0.0698,0,0.6065,0.0716,0.1065,ev,multiplicative,live,202609250580A50A,2026-09-22T17:47:03.773Z
2026,3,12561,Lamar Jackson,BAL,QB,at DAL,rushYds,theScore,69.5,over,52.86,550,,0.1538,0.1538,,1,0.2255,0.0716,0.0716,ev,none,live,202609270726D5A2,2026-09-22T17:47:03.773Z
2026,3,16899,Quentin Johnston,LAC,WR,at BUF,recYds,FanDuel,39.5,over,42.06,108,,0.4808,0.4808,,1,0.5523,0.0715,0.0715,ev,none,live,2026092763BB8AC8,2026-09-22T17:47:03.773Z
2026,3,14371,Jordan Love,GB,QB,vs ATL,completions,theScore,18.5,over,21.3,-130,100,0.5652,0.5306,0.0652,0,0.6367,0.0715,0.1061,ev,multiplicative,live,202609250580A50A,2026-09-22T17:47:03.773Z
2026,3,15265,Kyle Pitts,ATL,TE,at GB,recYds,FanDuel,24.5,over,40.08,-254,,0.7175,0.7175,,1,0.7890,0.0714,0.0714,ev,none,live,202609250580A50A,2026-09-22T17:47:03.773Z
2026,3,10819,Derrick Henry,BAL,RB,at DAL,rushYds,Hard Rock,79.5,over,97.69,-165,120,0.6226,0.5780,0.0772,0,0.6941,0.0714,0.1160,ev,multiplicative,live,202609270726D5A2,2026-09-22T17:47:03.773Z
2026,3,12561,Lamar Jackson,BAL,QB,at DAL,rushAtt,BetRivers,4.5,over,8.65,-315,,0.7590,0.7590,,1,0.8303,0.0713,0.0713,ev,none,live,202609270726D5A2,2026-09-22T17:47:03.773Z
2026,3,12561,Lamar Jackson,BAL,QB,at DAL,passYds,Hard Rock,308.5,over,259.92,425,-800,0.1905,0.1765,0.0794,0,0.2618,0.0713,0.0854,ev,multiplicative,live,202609270726D5A2,2026-09-22T17:47:03.773Z
2026,3,12477,DJ Moore,BUF,WR,vs LAC,recYds,Caesars,29.5,over,52.56,-355,,0.7802,0.7802,,1,0.8512,0.0710,0.0710,ev,none,live,2026092763BB8AC8,2026-09-22T17:47:03.773Z
2026,3,17700,Michael Penix Jr.,ATL,QB,at GB,passYds,Hard Rock,176.5,under,199.74,185,-275,0.3509,0.3236,0.0842,0,0.4218,0.0709,0.0982,ev,multiplicative,live,202609250580A50A,2026-09-22T17:47:03.773Z
2026,3,16739,Bijan Robinson,ATL,RB,at GB,recYds,Hard Rock,10.5,under,32.4,900,-4000,0.1000,0.0930,0.0756,0,0.1708,0.0708,0.0778,ev,multiplicative,live,202609250580A50A,2026-09-22T17:47:03.773Z
2026,3,17724,Ladd McConkey,LAC,WR,at BUF,recYds,BetRivers,69.5,over,64.26,180,,0.3571,0.3571,,1,0.4278,0.0707,0.0707,ev,none,live,2026092763BB8AC8,2026-09-22T17:47:03.773Z
2026,3,17724,Ladd McConkey,LAC,WR,at BUF,recYds,Hard Rock,58.5,over,64.26,105,-145,0.4878,0.4518,0.0796,0,0.5583,0.0705,0.1065,ev,multiplicative,live,2026092763BB8AC8,2026-09-22T17:47:03.773Z
2026,3,10819,Derrick Henry,BAL,RB,at DAL,rushYds,Hard Rock,83.5,over,97.69,-140,105,0.5833,0.5446,0.0711,0,0.6539,0.0705,0.1093,ev,multiplicative,live,202609270726D5A2,2026-09-22T17:47:03.773Z
2026,3,17795,MarShawn Lloyd,GB,RB,vs ATL,rushYds,DraftKings,79.5,over,45.05,1460,,0.0641,0.0641,,1,0.1345,0.0704,0.0704,ev,none,live,202609250580A50A,2026-09-22T17:47:03.773Z
2026,3,12483,Josh Allen,BUF,QB,vs LAC,passYds,Hard Rock,258.5,over,256.07,140,-195,0.4167,0.3866,0.0777,0,0.4870,0.0703,0.1004,ev,multiplicative,live,2026092763BB8AC8,2026-09-22T17:47:03.773Z
2026,3,15853,George Pickens,DAL,WR,vs BAL,recYds,Caesars,89.5,over,75.47,250,,0.2857,0.2857,,1,0.3559,0.0702,0.0702,ev,none,live,202609270726D5A2,2026-09-22T17:47:03.773Z
2026,3,15907,Brian Robinson Jr.,ATL,RB,at GB,rushYds,DraftKings,39.5,over,22,331,,0.2320,0.2320,,1,0.3021,0.0701,0.0701,ev,none,live,202609250580A50A,2026-09-22T17:47:03.773Z
2026,3,15868,Drake London,ATL,WR,at GB,recYds,Hard Rock,79.5,under,61.67,-230,165,0.6970,0.6487,0.0743,0,0.7671,0.0701,0.1183,ev,multiplicative,live,202609250580A50A,2026-09-22T17:47:03.773Z
2026,3,12483,Josh Allen,BUF,QB,vs LAC,passYds,Hard Rock,268.5,over,256.07,175,-250,0.3636,0.3373,0.0779,0,0.4338,0.0701,0.0964,ev,multiplicative,live,2026092763BB8AC8,2026-09-22T17:47:03.773Z
2026,3,17724,Ladd McConkey,LAC,WR,at BUF,receptions,Hard Rock,5.5,over,4.77,190,-275,0.3448,0.3198,0.0782,0,0.4145,0.0697,0.0947,ev,multiplicative,live,2026092763BB8AC8,2026-09-22T17:47:03.773Z
2026,3,14371,Jordan Love,GB,QB,vs ATL,completions,DraftKings,18.5,over,21.3,-131,103,0.5671,0.5351,0.0597,0,0.6367,0.0696,0.1016,ev,multiplicative,live,202609250580A50A,2026-09-22T17:47:03.773Z
2026,3,14371,Jordan Love,GB,QB,vs ATL,passTD,BetRivers,1.5,under,1.48,102,-134,0.4950,0.4637,0.0677,0,0.5645,0.0695,0.1009,ev,multiplicative,live,202609250580A50A,2026-09-22T17:47:03.773Z
2026,3,12483,Josh Allen,BUF,QB,vs LAC,passYds,Hard Rock,278.5,over,256.07,220,-325,0.3125,0.2901,0.0772,0,0.3817,0.0692,0.0916,ev,multiplicative,live,2026092763BB8AC8,2026-09-22T17:47:03.773Z
2026,3,17724,Ladd McConkey,LAC,WR,at BUF,receptions,DraftKings,8.5,over,4.77,1420,,0.0658,0.0658,,1,0.1349,0.0691,0.0691,ev,none,live,2026092763BB8AC8,2026-09-22T17:47:03.773Z
2026,3,18500,Matthew Golden,GB,WR,vs ATL,receptions,FanDuel,8.5,over,4,1258,,0.0736,0.0736,,1,0.1426,0.0690,0.0690,ev,none,live,202609250580A50A,2026-09-22T17:47:03.773Z
2026,3,15850,Jahan Dotson,ATL,WR,at GB,receptions,FanDuel,1.5,under,1.43,122,-162,0.4505,0.4215,0.0688,0,0.5194,0.0690,0.0979,ev,multiplicative,live,202609250580A50A,2026-09-22T17:47:03.773Z
2026,3,17795,MarShawn Lloyd,GB,RB,vs ATL,rushYds,FanDuel,69.5,over,45.05,578,,0.1475,0.1475,,1,0.2164,0.0689,0.0689,ev,none,live,202609250580A50A,2026-09-22T17:47:03.773Z
2026,3,16739,Bijan Robinson,ATL,RB,at GB,rushYds,Hard Rock,49.5,over,87.97,-525,325,0.8400,0.7812,0.0753,0,0.9089,0.0689,0.1277,ev,multiplicative,live,202609250580A50A,2026-09-22T17:47:03.773Z
2026,3,16739,Bijan Robinson,ATL,RB,at GB,rushYds,theScore,49.5,over,87.97,-525,,0.8400,0.8400,,1,0.9089,0.0689,0.0689,ev,none,live,202609250580A50A,2026-09-22T17:47:03.773Z
2026,3,15907,Brian Robinson Jr.,ATL,RB,at GB,rushYds,DraftKings,49.5,over,22,620,,0.1389,0.1389,,1,0.2077,0.0688,0.0688,ev,none,live,202609250580A50A,2026-09-22T17:47:03.773Z
2026,3,16739,Bijan Robinson,ATL,RB,at GB,receptions,theScore,4.5,under,4.13,100,-130,0.5000,0.4694,0.0652,0,0.5688,0.0688,0.0994,ev,multiplicative,live,202609250580A50A,2026-09-22T17:47:03.773Z
2026,3,17724,Ladd McConkey,LAC,WR,at BUF,recYds,Caesars,53.5,over,64.26,-117,-113,0.5392,0.5040,0.0697,0,0.6079,0.0687,0.1039,ev,multiplicative,live,2026092763BB8AC8,2026-09-22T17:47:03.773Z
2026,3,15947,Jake Ferguson,DAL,TE,vs BAL,receptions,DraftKings,1.5,over,3.73,-980,,0.9074,0.9074,,1,0.9761,0.0687,0.0687,ev,none,live,202609270726D5A2,2026-09-22T17:47:03.773Z
2026,3,15876,James Cook,BUF,RB,vs LAC,rushYds,Hard Rock,111.5,under,76.14,-400,250,0.8000,0.7368,0.0857,0,0.8687,0.0687,0.1319,ev,multiplicative,live,2026092763BB8AC8,2026-09-22T17:47:03.773Z
2026,3,14446,Justin Herbert,LAC,QB,at BUF,rushYds,BetRivers,19.5,over,22.63,-113,-117,0.5305,0.4960,0.0697,0,0.5991,0.0686,0.1031,ev,multiplicative,live,2026092763BB8AC8,2026-09-22T17:47:03.773Z
2026,3,12561,Lamar Jackson,BAL,QB,at DAL,passYds,DraftKings,309.5,over,259.92,429,,0.1890,0.1890,,1,0.2576,0.0685,0.0685,ev,none,live,202609270726D5A2,2026-09-22T17:47:03.773Z
2026,3,16739,Bijan Robinson,ATL,RB,at GB,rushYds,Hard Rock,48.5,over,87.97,-550,325,0.8462,0.7824,0.0814,0,0.9145,0.0683,0.1320,ev,multiplicative,live,202609250580A50A,2026-09-22T17:47:03.773Z
2026,3,15265,Kyle Pitts,ATL,TE,at GB,recYds,BetRivers,29.5,over,40.08,-177,,0.6390,0.6390,,1,0.7072,0.0682,0.0682,ev,none,live,202609250580A50A,2026-09-22T17:47:03.773Z
2026,3,16739,Bijan Robinson,ATL,RB,at GB,receptions,Hard Rock,2.5,under,4.13,450,-900,0.1818,0.1681,0.0818,0,0.2500,0.0682,0.0819,ev,multiplicative,live,202609250580A50A,2026-09-22T17:47:03.773Z
2026,3,12483,Josh Allen,BUF,QB,vs LAC,passYds,DraftKings,309.5,over,256.07,493,,0.1686,0.1686,,1,0.2367,0.0680,0.0680,ev,none,live,2026092763BB8AC8,2026-09-22T17:47:03.773Z
2026,3,18515,Kaleb Johnson,GB,RB,vs ATL,rushYds,Hard Rock,62.5,under,21.07,-650,375,0.8667,0.8046,0.0772,0,0.9346,0.0680,0.1301,ev,multiplicative,live,202609250580A50A,2026-09-22T17:47:03.773Z
2026,3,16899,Quentin Johnston,LAC,WR,at BUF,receptions,FanDuel,5.5,over,2.74,546,,0.1548,0.1548,,1,0.2227,0.0679,0.0679,ev,none,live,2026092763BB8AC8,2026-09-22T17:47:03.773Z
2026,3,15265,Kyle Pitts,ATL,TE,at GB,recYds,BetMGM,34.5,over,40.08,-120,-110,0.5455,0.5101,0.0693,0,0.6131,0.0677,0.1030,ev,multiplicative,live,202609250580A50A,2026-09-22T17:47:03.773Z
2026,3,12561,Lamar Jackson,BAL,QB,at DAL,passYds,FanDuel,236.5,over,259.92,-114,-114,0.5327,0.5000,0.0654,0,0.6004,0.0677,0.1004,ev,multiplicative,live,202609270726D5A2,2026-09-22T17:47:03.773Z
2026,3,15876,James Cook,BUF,RB,vs LAC,rushYds,Hard Rock,121.5,under,76.14,-600,375,0.8571,0.8028,0.0677,0,0.9246,0.0675,0.1218,ev,multiplicative,live,2026092763BB8AC8,2026-09-22T17:47:03.773Z
2026,3,11008,Dak Prescott,DAL,QB,vs BAL,passTD,BetRivers,1.5,under,1.57,114,-150,0.4673,0.4378,0.0673,0,0.5347,0.0674,0.0968,ev,multiplicative,live,202609270726D5A2,2026-09-22T17:47:03.773Z
2026,3,10819,Derrick Henry,BAL,RB,at DAL,rushYds,Hard Rock,78.5,over,97.69,-175,125,0.6364,0.5888,0.0808,0,0.7038,0.0674,0.1150,ev,multiplicative,live,202609270726D5A2,2026-09-22T17:47:03.773Z
2026,3,15907,Brian Robinson Jr.,ATL,RB,at GB,rushYds,BetRivers,29.5,over,22,190,,0.3448,0.3448,,1,0.4121,0.0673,0.0673,ev,none,live,202609250580A50A,2026-09-22T17:47:03.773Z
2026,3,12477,DJ Moore,BUF,WR,vs LAC,recYds,Caesars,39.5,over,52.56,-190,,0.6552,0.6552,,1,0.7224,0.0672,0.0672,ev,none,live,2026092763BB8AC8,2026-09-22T17:47:03.773Z
2026,3,15876,James Cook,BUF,RB,vs LAC,rushYds,Hard Rock,106.5,under,76.14,-325,220,0.7647,0.7099,0.0772,0,0.8319,0.0672,0.1220,ev,multiplicative,live,2026092763BB8AC8,2026-09-22T17:47:03.773Z
2026,3,18445,Omarion Hampton,LAC,RB,at BUF,rushYds,FanDuel,89.5,over,69.88,307,,0.2457,0.2457,,1,0.3127,0.0670,0.0670,ev,none,live,2026092763BB8AC8,2026-09-22T17:47:03.773Z
2026,3,12561,Lamar Jackson,BAL,QB,at DAL,passYds,DraftKings,259.5,over,259.92,130,,0.4348,0.4348,,1,0.5018,0.0670,0.0670,ev,none,live,202609270726D5A2,2026-09-22T17:47:03.773Z
2026,3,15265,Kyle Pitts,ATL,TE,at GB,recYds,FanDuel,29.5,over,40.08,-178,,0.6403,0.6403,,1,0.7072,0.0669,0.0669,ev,none,live,202609250580A50A,2026-09-22T17:47:03.773Z
2026,3,15876,James Cook,BUF,RB,vs LAC,rushYds,Hard Rock,101.5,under,76.14,-260,185,0.7222,0.6730,0.0731,0,0.7891,0.0669,0.1161,ev,multiplicative,live,2026092763BB8AC8,2026-09-22T17:47:03.773Z
2026,3,17724,Ladd McConkey,LAC,WR,at BUF,receptions,Hard Rock,7.5,over,4.77,600,-1600,0.1429,0.1318,0.0840,0,0.2097,0.0668,0.0779,ev,multiplicative,live,2026092763BB8AC8,2026-09-22T17:47:03.773Z
2026,3,15306,Javonte Williams,DAL,RB,vs BAL,rushYds,Hard Rock,109.5,under,63.83,-1400,600,0.9333,0.8673,0.0762,0,1.0000,0.0667,0.1327,ev,multiplicative,live,202609270726D5A2,2026-09-22T17:47:03.773Z
2026,3,12561,Lamar Jackson,BAL,QB,at DAL,passYds,Caesars,249.5,over,259.92,109,,0.4785,0.4785,,1,0.5450,0.0666,0.0666,ev,none,live,202609270726D5A2,2026-09-22T17:47:03.773Z
2026,3,15306,Javonte Williams,DAL,RB,vs BAL,receptions,Hard Rock,5.5,under,2.63,-1100,500,0.9167,0.8462,0.0833,0,0.9833,0.0666,0.1371,ev,multiplicative,live,202609270726D5A2,2026-09-22T17:47:03.773Z
2026,3,15306,Javonte Williams,DAL,RB,vs BAL,recYds,Hard Rock,49.5,under,15.36,-1400,600,0.9333,0.8673,0.0762,0,0.9999,0.0666,0.1327,ev,multiplicative,live,202609270726D5A2,2026-09-22T17:47:03.773Z
2026,3,12477,DJ Moore,BUF,WR,vs LAC,recYds,FanDuel,24.5,over,52.56,-492,,0.8311,0.8311,,1,0.8975,0.0665,0.0665,ev,none,live,2026092763BB8AC8,2026-09-22T17:47:03.773Z
2026,3,16739,Bijan Robinson,ATL,RB,at GB,receptions,Hard Rock,6.5,under,4.13,-400,260,0.8000,0.7423,0.0778,0,0.8665,0.0665,0.1243,ev,multiplicative,live,202609250580A50A,2026-09-22T17:47:03.773Z
2026,3,14446,Justin Herbert,LAC,QB,at BUF,rushYds,FanDuel,19.5,over,22.63,-114,-114,0.5327,0.5000,0.0654,0,0.5991,0.0664,0.0991,ev,multiplicative,live,2026092763BB8AC8,2026-09-22T17:47:03.773Z
2026,3,16899,Quentin Johnston,LAC,WR,at BUF,receptions,DraftKings,4.5,over,2.74,305,,0.2469,0.2469,,1,0.3133,0.0664,0.0664,ev,none,live,2026092763BB8AC8,2026-09-22T17:47:03.773Z
2026,3,16899,Quentin Johnston,LAC,WR,at BUF,receptions,Caesars,4.5,over,2.74,305,,0.2469,0.2469,,1,0.3133,0.0664,0.0664,ev,none,live,2026092763BB8AC8,2026-09-22T17:47:03.773Z
2026,3,16741,Chris Brooks,GB,RB,vs ATL,recYds,DraftKings,7.5,over,9.58,-108,-116,0.5192,0.4916,0.0563,0,0.5856,0.0663,0.0940,ev,multiplicative,live,202609250580A50A,2026-09-22T17:47:03.773Z
2026,3,10819,Derrick Henry,BAL,RB,at DAL,rushYds,Hard Rock,88.5,over,97.69,-115,-115,0.5349,0.5000,0.0698,0,0.6012,0.0663,0.1012,ev,multiplicative,live,202609270726D5A2,2026-09-22T17:47:03.773Z
2026,3,15876,James Cook,BUF,RB,vs LAC,rushYds,Hard Rock,116.5,under,76.14,-500,300,0.8333,0.7692,0.0833,0,0.8995,0.0662,0.1303,ev,multiplicative,live,2026092763BB8AC8,2026-09-22T17:47:03.773Z
2026,3,16899,Quentin Johnston,LAC,WR,at BUF,receptions,Hard Rock,6.5,over,2.74,1100,-5000,0.0833,0.0783,0.0637,0,0.1493,0.0660,0.0710,ev,multiplicative,live,2026092763BB8AC8,2026-09-22T17:47:03.773Z
2026,3,15853,George Pickens,DAL,WR,vs BAL,recYds,FanDuel,99.5,over,75.47,406,,0.1976,0.1976,,1,0.2634,0.0658,0.0658,ev,none,live,202609270726D5A2,2026-09-22T17:47:03.773Z
2026,3,18478,Tre Harris,LAC,WR,at BUF,recYds,Hard Rock,8.5,under,34.63,525,-1100,0.1600,0.1486,0.0767,0,0.2258,0.0658,0.0772,ev,multiplicative,live,2026092763BB8AC8,2026-09-22T17:47:03.773Z
2026,3,16739,Bijan Robinson,ATL,RB,at GB,rushYds,BetRivers,89.5,over,87.97,140,,0.4167,0.4167,,1,0.4824,0.0657,0.0657,ev,none,live,202609250580A50A,2026-09-22T17:47:03.773Z
2026,3,15850,Jahan Dotson,ATL,WR,at GB,receptions,Caesars,2.5,under,1.43,-240,176,0.7059,0.6608,0.0682,0,0.7716,0.0657,0.1108,ev,multiplicative,live,202609250580A50A,2026-09-22T17:47:03.773Z
2026,3,16739,Bijan Robinson,ATL,RB,at GB,rushYds,DraftKings,89.5,over,87.97,140,,0.4167,0.4167,,1,0.4824,0.0657,0.0657,ev,none,live,202609250580A50A,2026-09-22T17:47:03.773Z
2026,3,15850,Jahan Dotson,ATL,WR,at GB,receptions,Hard Rock,2.5,under,1.43,-240,170,0.7059,0.6559,0.0763,0,0.7716,0.0657,0.1157,ev,multiplicative,live,202609250580A50A,2026-09-22T17:47:03.773Z
2026,3,12483,Josh Allen,BUF,QB,vs LAC,passYds,FanDuel,274.5,over,256.07,197,,0.3367,0.3367,,1,0.4023,0.0656,0.0656,ev,none,live,2026092763BB8AC8,2026-09-22T17:47:03.773Z
2026,3,14446,Justin Herbert,LAC,QB,at BUF,rushYds,Hard Rock,14.5,over,22.63,-210,145,0.6774,0.6240,0.0856,0,0.7428,0.0654,0.1188,ev,multiplicative,live,2026092763BB8AC8,2026-09-22T17:47:03.773Z
2026,3,18445,Omarion Hampton,LAC,RB,at BUF,receptions,Hard Rock,2.5,over,2.28,155,-225,0.3922,0.3616,0.0845,0,0.4575,0.0653,0.0959,ev,multiplicative,live,2026092763BB8AC8,2026-09-22T17:47:03.773Z
2026,3,12483,Josh Allen,BUF,QB,vs LAC,passYds,DraftKings,259.5,over,256.07,140,,0.4167,0.4167,,1,0.4816,0.0650,0.0650,ev,none,live,2026092763BB8AC8,2026-09-22T17:47:03.773Z
2026,3,12483,Josh Allen,BUF,QB,vs LAC,passYds,Hard Rock,288.5,over,256.07,275,-450,0.2667,0.2458,0.0848,0,0.3317,0.0650,0.0859,ev,multiplicative,live,2026092763BB8AC8,2026-09-22T17:47:03.773Z
2026,3,14446,Justin Herbert,LAC,QB,at BUF,int,BetRivers,0.5,under,0.55,-105,-125,0.5122,0.4797,0.0678,0,0.5769,0.0648,0.0973,ev,multiplicative,live,2026092763BB8AC8,2026-09-22T17:47:03.773Z
2026,3,14371,Jordan Love,GB,QB,vs ATL,passTD,Hard Rock,1.5,under,1.48,100,-130,0.5000,0.4694,0.0652,0,0.5645,0.0645,0.0952,ev,multiplicative,live,202609250580A50A,2026-09-22T17:47:03.773Z
2026,3,14371,Jordan Love,GB,QB,vs ATL,passTD,theScore,1.5,under,1.48,100,-130,0.5000,0.4694,0.0652,0,0.5645,0.0645,0.0952,ev,multiplicative,live,202609250580A50A,2026-09-22T17:47:03.773Z
2026,3,16899,Quentin Johnston,LAC,WR,at BUF,recYds,Hard Rock,39.5,over,42.06,105,-145,0.4878,0.4518,0.0796,0,0.5523,0.0645,0.1005,ev,multiplicative,live,2026092763BB8AC8,2026-09-22T17:47:03.773Z
2026,3,16899,Quentin Johnston,LAC,WR,at BUF,recYds,theScore,39.5,over,42.06,105,,0.4878,0.4878,,1,0.5523,0.0645,0.0645,ev,none,live,2026092763BB8AC8,2026-09-22T17:47:03.773Z
2026,3,10819,Derrick Henry,BAL,RB,at DAL,rushYds,Caesars,79.5,over,97.69,-170,,0.6296,0.6296,,1,0.6941,0.0644,0.0644,ev,none,live,202609270726D5A2,2026-09-22T17:47:03.773Z
2026,3,15306,Javonte Williams,DAL,RB,vs BAL,receptions,Hard Rock,1.5,under,2.63,400,-700,0.2000,0.1860,0.0750,0,0.2644,0.0644,0.0783,ev,multiplicative,live,202609270726D5A2,2026-09-22T17:47:03.773Z
2026,3,17724,Ladd McConkey,LAC,WR,at BUF,recYds,FanDuel,69.5,over,64.26,175,,0.3636,0.3636,,1,0.4278,0.0642,0.0642,ev,none,live,2026092763BB8AC8,2026-09-22T17:47:03.773Z
2026,3,14446,Justin Herbert,LAC,QB,at BUF,rushYds,Caesars,19.5,over,22.63,-115,-114,0.5349,0.5010,0.0676,0,0.5991,0.0642,0.0981,ev,multiplicative,live,2026092763BB8AC8,2026-09-22T17:47:03.773Z
2026,3,17724,Ladd McConkey,LAC,WR,at BUF,recYds,DraftKings,69.5,over,64.26,175,,0.3636,0.3636,,1,0.4278,0.0642,0.0642,ev,none,live,2026092763BB8AC8,2026-09-22T17:47:03.773Z
2026,3,14446,Justin Herbert,LAC,QB,at BUF,rushYds,Hard Rock,19.5,over,22.63,-115,-115,0.5349,0.5000,0.0698,0,0.5991,0.0642,0.0991,ev,multiplicative,live,2026092763BB8AC8,2026-09-22T17:47:03.773Z
2026,3,14371,Jordan Love,GB,QB,vs ATL,completions,Caesars,18.5,over,21.3,-134,101,0.5726,0.5351,0.0702,0,0.6367,0.0641,0.1016,ev,multiplicative,live,202609250580A50A,2026-09-22T17:47:03.773Z
2026,3,17724,Ladd McConkey,LAC,WR,at BUF,recYds,Hard Rock,68.5,over,64.26,165,-230,0.3774,0.3513,0.0743,0,0.4415,0.0641,0.0902,ev,multiplicative,live,2026092763BB8AC8,2026-09-22T17:47:03.773Z
2026,3,12561,Lamar Jackson,BAL,QB,at DAL,passYds,theScore,239.5,over,259.92,-110,-120,0.5238,0.4899,0.0693,0,0.5877,0.0639,0.0979,ev,multiplicative,live,202609270726D5A2,2026-09-22T17:47:03.773Z
2026,3,16739,Bijan Robinson,ATL,RB,at GB,receptions,FanDuel,4.5,under,4.13,-102,-130,0.5050,0.4718,0.0702,0,0.5688,0.0638,0.0970,ev,multiplicative,live,202609250580A50A,2026-09-22T17:47:03.773Z
2026,3,18500,Matthew Golden,GB,WR,vs ATL,receptions,Hard Rock,9.5,over,4,3000,,0.0323,0.0323,,1,0.0957,0.0635,0.0635,ev,none,live,202609250580A50A,2026-09-22T17:47:03.773Z
2026,3,14446,Justin Herbert,LAC,QB,at BUF,rushYds,FanDuel,14.5,over,22.63,-212,,0.6795,0.6795,,1,0.7428,0.0633,0.0633,ev,none,live,2026092763BB8AC8,2026-09-22T17:47:03.773Z
2026,3,16899,Quentin Johnston,LAC,WR,at BUF,receptions,BetRivers,4.5,over,2.74,300,,0.2500,0.2500,,1,0.3133,0.0633,0.0633,ev,none,live,2026092763BB8AC8,2026-09-22T17:47:03.773Z
2026,3,17724,Ladd McConkey,LAC,WR,at BUF,recYds,DraftKings,49.5,over,64.26,-140,,0.5833,0.5833,,1,0.6464,0.0631,0.0631,ev,none,live,2026092763BB8AC8,2026-09-22T17:47:03.773Z
2026,3,17724,Ladd McConkey,LAC,WR,at BUF,recYds,Hard Rock,49.5,over,64.26,-140,100,0.5833,0.5385,0.0833,0,0.6464,0.0631,0.1080,ev,multiplicative,live,2026092763BB8AC8,2026-09-22T17:47:03.773Z
2026,3,15265,Kyle Pitts,ATL,TE,at GB,recYds,DraftKings,35.5,over,40.08,-113,-109,0.5305,0.5043,0.0520,0,0.5933,0.0628,0.0890,ev,multiplicative,live,202609250580A50A,2026-09-22T17:47:03.773Z
2026,3,18445,Omarion Hampton,LAC,RB,at BUF,receptions,FanDuel,0.5,over,2.28,-703,,0.8755,0.8755,,1,0.9381,0.0627,0.0627,ev,none,live,2026092763BB8AC8,2026-09-22T17:47:03.773Z
2026,3,16899,Quentin Johnston,LAC,WR,at BUF,receptions,Hard Rock,5.5,over,2.74,525,-1200,0.1600,0.1477,0.0831,0,0.2227,0.0627,0.0750,ev,multiplicative,live,2026092763BB8AC8,2026-09-22T17:47:03.773Z
2026,3,18445,Omarion Hampton,LAC,RB,at BUF,rushYds,theScore,89.5,over,69.88,300,,0.2500,0.2500,,1,0.3127,0.0627,0.0627,ev,none,live,2026092763BB8AC8,2026-09-22T17:47:03.773Z
2026,3,10819,Derrick Henry,BAL,RB,at DAL,rushYds,Hard Rock,73.5,over,97.69,-220,150,0.6875,0.6322,0.0875,0,0.7501,0.0626,0.1179,ev,multiplicative,live,202609270726D5A2,2026-09-22T17:47:03.773Z
2026,3,12477,DJ Moore,BUF,WR,vs LAC,recYds,FanDuel,39.5,over,52.56,-194,,0.6599,0.6599,,1,0.7224,0.0625,0.0625,ev,none,live,2026092763BB8AC8,2026-09-22T17:47:03.773Z
2026,3,17795,MarShawn Lloyd,GB,RB,vs ATL,rushYds,theScore,69.5,over,45.05,550,,0.1538,0.1538,,1,0.2164,0.0625,0.0625,ev,none,live,202609250580A50A,2026-09-22T17:47:03.773Z
2026,3,15876,James Cook,BUF,RB,vs LAC,rushYds,Hard Rock,126.5,under,76.14,-750,425,0.8824,0.8225,0.0728,0,0.9447,0.0623,0.1222,ev,multiplicative,live,2026092763BB8AC8,2026-09-22T17:47:03.773Z
2026,3,12483,Josh Allen,BUF,QB,vs LAC,passYds,Hard Rock,298.5,over,256.07,350,-600,0.2222,0.2059,0.0794,0,0.2845,0.0623,0.0787,ev,multiplicative,live,2026092763BB8AC8,2026-09-22T17:47:03.773Z
2026,3,12483,Josh Allen,BUF,QB,vs LAC,passYds,DraftKings,319.5,over,256.07,640,,0.1351,0.1351,,1,0.1973,0.0622,0.0622,ev,none,live,2026092763BB8AC8,2026-09-22T17:47:03.773Z
2026,3,12483,Josh Allen,BUF,QB,vs LAC,rushYds,Hard Rock,63.5,under,32.45,-1200,525,0.9231,0.8523,0.0831,0,0.9853,0.0622,0.1330,ev,multiplicative,live,2026092763BB8AC8,2026-09-22T17:47:03.773Z
2026,3,12561,Lamar Jackson,BAL,QB,at DAL,rushYds,DraftKings,69.5,over,52.86,512,,0.1634,0.1634,,1,0.2255,0.0621,0.0621,ev,none,live,202609270726D5A2,2026-09-22T17:47:03.773Z
2026,3,15868,Drake London,ATL,WR,at GB,recYds,Hard Rock,78.5,under,61.67,-225,155,0.6923,0.6384,0.0845,0,0.7544,0.0621,0.1160,ev,multiplicative,live,202609250580A50A,2026-09-22T17:47:03.773Z
2026,3,16739,Bijan Robinson,ATL,RB,at GB,rushYds,DraftKings,49.5,over,87.97,-553,,0.8469,0.8469,,1,0.9089,0.0620,0.0620,ev,none,live,202609250580A50A,2026-09-22T17:47:03.773Z
2026,3,16741,Chris Brooks,GB,RB,vs ATL,recYds,Caesars,7.5,over,9.58,-110,-118,0.5238,0.4918,0.0651,0,0.5856,0.0618,0.0938,ev,multiplicative,live,202609250580A50A,2026-09-22T17:47:03.773Z
2026,3,15947,Jake Ferguson,DAL,TE,vs BAL,recYds,Caesars,9.5,over,34.7,-850,,0.8947,0.8947,,1,0.9565,0.0618,0.0618,ev,none,live,202609270726D5A2,2026-09-22T17:47:03.773Z
2026,3,12561,Lamar Jackson,BAL,QB,at DAL,passYds,DraftKings,319.5,over,259.92,544,,0.1553,0.1553,,1,0.2171,0.0618,0.0618,ev,none,live,202609270726D5A2,2026-09-22T17:47:03.773Z
2026,3,16741,Chris Brooks,GB,RB,vs ATL,recYds,Hard Rock,7.5,over,9.58,-110,-120,0.5238,0.4899,0.0693,0,0.5856,0.0618,0.0957,ev,multiplicative,live,202609250580A50A,2026-09-22T17:47:03.773Z
2026,3,18445,Omarion Hampton,LAC,RB,at BUF,rushYds,theScore,49.5,over,69.88,-200,,0.6667,0.6667,,1,0.7285,0.0618,0.0618,ev,none,live,2026092763BB8AC8,2026-09-22T17:47:03.773Z
2026,3,12477,DJ Moore,BUF,WR,vs LAC,recYds,Hard Rock,29.5,over,52.56,-375,250,0.7895,0.7343,0.0752,0,0.8512,0.0618,0.1170,ev,multiplicative,live,2026092763BB8AC8,2026-09-22T17:47:03.773Z
2026,3,12477,DJ Moore,BUF,WR,vs LAC,recYds,theScore,29.5,over,52.56,-375,,0.7895,0.7895,,1,0.8512,0.0618,0.0618,ev,none,live,2026092763BB8AC8,2026-09-22T17:47:03.773Z
2026,3,16899,Quentin Johnston,LAC,WR,at BUF,recYds,DraftKings,69.5,over,42.06,503,,0.1658,0.1658,,1,0.2275,0.0616,0.0616,ev,none,live,2026092763BB8AC8,2026-09-22T17:47:03.773Z
2026,3,15947,Jake Ferguson,DAL,TE,vs BAL,recYds,FanDuel,9.5,over,34.7,-852,,0.8950,0.8950,,1,0.9565,0.0616,0.0616,ev,none,live,202609270726D5A2,2026-09-22T17:47:03.773Z
2026,3,17724,Ladd McConkey,LAC,WR,at BUF,recYds,FanDuel,49.5,over,64.26,-141,,0.5851,0.5851,,1,0.6464,0.0614,0.0614,ev,none,live,2026092763BB8AC8,2026-09-22T17:47:03.773Z
2026,3,15907,Brian Robinson Jr.,ATL,RB,at GB,rushYds,Hard Rock,42.5,over,22,375,-650,0.2105,0.1954,0.0772,0,0.2718,0.0613,0.0764,ev,multiplicative,live,202609250580A50A,2026-09-22T17:47:03.773Z
2026,3,16739,Bijan Robinson,ATL,RB,at GB,receptions,Hard Rock,1.5,under,4.13,1200,-5000,0.0769,0.0728,0.0573,0,0.1382,0.0613,0.0655,ev,multiplicative,live,202609250580A50A,2026-09-22T17:47:03.773Z
2026,3,18515,Kaleb Johnson,GB,RB,vs ATL,rushYds,Hard Rock,64.5,under,21.07,-750,400,0.8824,0.8152,0.0824,0,0.9434,0.0611,0.1282,ev,multiplicative,live,202609250580A50A,2026-09-22T17:47:03.773Z
2026,3,14446,Justin Herbert,LAC,QB,at BUF,rushYds,Hard Rock,44.5,under,22.63,-1500,600,0.9375,0.8678,0.0804,0,0.9985,0.0610,0.1307,ev,multiplicative,live,2026092763BB8AC8,2026-09-22T17:47:03.773Z
2026,3,12561,Lamar Jackson,BAL,QB,at DAL,passYds,Hard Rock,318.5,over,259.92,525,-1100,0.1600,0.1486,0.0767,0,0.2209,0.0609,0.0723,ev,multiplicative,live,202609270726D5A2,2026-09-22T17:47:03.773Z
2026,3,18445,Omarion Hampton,LAC,RB,at BUF,receptions,BetRivers,0.5,over,2.28,-715,,0.8773,0.8773,,1,0.9381,0.0608,0.0608,ev,none,live,2026092763BB8AC8,2026-09-22T17:47:03.773Z
2026,3,10819,Derrick Henry,BAL,RB,at DAL,rushYds,BetRivers,99.5,over,97.69,138,,0.4202,0.4202,,1,0.4809,0.0608,0.0608,ev,none,live,202609270726D5A2,2026-09-22T17:47:03.773Z
2026,3,18478,Tre Harris,LAC,WR,at BUF,recYds,Hard Rock,73.5,under,34.63,-1200,525,0.9231,0.8523,0.0831,0,0.9838,0.0608,0.1316,ev,multiplicative,live,2026092763BB8AC8,2026-09-22T17:47:03.773Z
2026,3,15265,Kyle Pitts,ATL,TE,at GB,recYds,FanDuel,35.5,over,40.08,-114,-114,0.5327,0.5000,0.0654,0,0.5933,0.0606,0.0933,ev,multiplicative,live,202609250580A50A,2026-09-22T17:47:03.773Z
2026,3,15306,Javonte Williams,DAL,RB,vs BAL,recYds,BetRivers,17.5,under,15.36,-114,-117,0.5327,0.4970,0.0719,0,0.5932,0.0605,0.0962,ev,multiplicative,live,202609270726D5A2,2026-09-22T17:47:03.773Z
2026,3,18478,Tre Harris,LAC,WR,at BUF,recYds,Hard Rock,49.5,under,34.63,-275,195,0.7333,0.6839,0.0723,0,0.7935,0.0602,0.1097,ev,multiplicative,live,2026092763BB8AC8,2026-09-22T17:47:03.773Z
2026,3,11008,Dak Prescott,DAL,QB,vs BAL,passYds,Hard Rock,174.5,under,260.17,850,-3000,0.1053,0.0981,0.0730,0,0.1651,0.0599,0.0670,ev,multiplicative,live,202609270726D5A2,2026-09-22T17:47:03.773Z
2026,3,10819,Derrick Henry,BAL,RB,at DAL,rushYds,BetRivers,89.5,over,97.69,-113,-117,0.5305,0.4960,0.0697,0,0.5904,0.0598,0.0944,ev,multiplicative,live,202609270726D5A2,2026-09-22T17:47:03.773Z
2026,3,16649,Tucker Kraft,GB,TE,vs ATL,recYds,Caesars,29.5,over,49.04,-280,,0.7368,0.7368,,1,0.7966,0.0597,0.0597,ev,none,live,202609250580A50A,2026-09-22T17:47:03.773Z
2026,3,14371,Jordan Love,GB,QB,vs ATL,passTD,FanDuel,1.5,under,1.48,-102,-130,0.5050,0.4718,0.0702,0,0.5645,0.0596,0.0927,ev,multiplicative,live,202609250580A50A,2026-09-22T17:47:03.773Z
2026,3,12561,Lamar Jackson,BAL,QB,at DAL,passYds,Caesars,279.5,over,259.92,195,,0.3390,0.3390,,1,0.3986,0.0596,0.0596,ev,none,live,202609270726D5A2,2026-09-22T17:47:03.773Z
2026,3,10819,Derrick Henry,BAL,RB,at DAL,rushYds,DraftKings,49.5,over,97.69,-571,,0.8510,0.8510,,1,0.9106,0.0596,0.0596,ev,none,live,202609270726D5A2,2026-09-22T17:47:03.773Z
2026,3,15907,Brian Robinson Jr.,ATL,RB,at GB,rushYds,Hard Rock,49.5,over,22,575,-1300,0.1481,0.1376,0.0767,0,0.2077,0.0595,0.0701,ev,multiplicative,live,202609250580A50A,2026-09-22T17:47:03.773Z
2026,3,15947,Jake Ferguson,DAL,TE,vs BAL,receptions,FanDuel,1.5,over,3.73,-1101,,0.9167,0.9167,,1,0.9761,0.0594,0.0594,ev,none,live,202609270726D5A2,2026-09-22T17:47:03.773Z
2026,3,12477,DJ Moore,BUF,WR,vs LAC,recYds,Hard Rock,34.5,over,52.56,-275,190,0.7333,0.6802,0.0782,0,0.7927,0.0594,0.1125,ev,multiplicative,live,2026092763BB8AC8,2026-09-22T17:47:03.773Z
2026,3,16739,Bijan Robinson,ATL,RB,at GB,rushAtt,DraftKings,11.5,over,18.91,-1280,,0.9275,0.9275,,1,0.9868,0.0593,0.0593,ev,none,live,202609250580A50A,2026-09-22T17:47:03.773Z
2026,3,15853,George Pickens,DAL,WR,vs BAL,receptions,DraftKings,7.5,over,4.89,441,,0.1848,0.1848,,1,0.2441,0.0593,0.0593,ev,none,live,202609270726D5A2,2026-09-22T17:47:03.773Z
2026,3,12561,Lamar Jackson,BAL,QB,at DAL,passYds,Caesars,259.5,over,259.92,126,,0.4425,0.4425,,1,0.5018,0.0593,0.0593,ev,none,live,202609270726D5A2,2026-09-22T17:47:03.773Z
2026,3,12561,Lamar Jackson,BAL,QB,at DAL,passYds,Caesars,238.5,over,259.92,-114,-114,0.5327,0.5000,0.0654,0,0.5920,0.0592,0.0920,ev,multiplicative,live,202609270726D5A2,2026-09-22T17:47:03.773Z
2026,3,15853,George Pickens,DAL,WR,vs BAL,receptions,DraftKings,8.5,over,4.89,810,,0.1099,0.1099,,1,0.1689,0.0590,0.0590,ev,none,live,202609270726D5A2,2026-09-22T17:47:03.773Z
2026,3,10819,Derrick Henry,BAL,RB,at DAL,rushYds,Hard Rock,68.5,over,97.69,-275,185,0.7333,0.6764,0.0842,0,0.7922,0.0589,0.1159,ev,multiplicative,live,202609270726D5A2,2026-09-22T17:47:03.773Z
2026,3,12483,Josh Allen,BUF,QB,vs LAC,rushYds,DraftKings,35.5,under,32.45,-111,-113,0.5261,0.4979,0.0566,0,0.5847,0.0586,0.0868,ev,multiplicative,live,2026092763BB8AC8,2026-09-22T17:47:03.773Z
2026,3,15850,Jahan Dotson,ATL,WR,at GB,recYds,Hard Rock,59.5,under,17.4,-1600,600,0.9412,0.8682,0.0840,0,0.9998,0.0586,0.1316,ev,multiplicative,live,202609250580A50A,2026-09-22T17:47:03.773Z
2026,3,11008,Dak Prescott,DAL,QB,vs BAL,passTD,theScore,1.5,under,1.57,110,-140,0.4762,0.4494,0.0595,0,0.5347,0.0585,0.0852,ev,multiplicative,live,202609270726D5A2,2026-09-22T17:47:03.773Z
2026,3,15907,Brian Robinson Jr.,ATL,RB,at GB,rushYds,Hard Rock,47.5,over,22,500,-1100,0.1667,0.1538,0.0833,0,0.2250,0.0584,0.0712,ev,multiplicative,live,202609250580A50A,2026-09-22T17:47:03.773Z
2026,3,15265,Kyle Pitts,ATL,TE,at GB,recYds,Hard Rock,35.5,over,40.08,-115,-115,0.5349,0.5000,0.0698,0,0.5933,0.0584,0.0933,ev,multiplicative,live,202609250580A50A,2026-09-22T17:47:03.773Z
2026,3,11008,Dak Prescott,DAL,QB,vs BAL,passYds,Hard Rock,155.5,under,260.17,1600,-8000,0.0588,0.0562,0.0465,0,0.1171,0.0583,0.0609,ev,multiplicative,live,202609270726D5A2,2026-09-22T17:47:03.773Z
2026,3,16899,Quentin Johnston,LAC,WR,at BUF,receptions,FanDuel,6.5,over,2.74,996,,0.0912,0.0912,,1,0.1493,0.0581,0.0581,ev,none,live,2026092763BB8AC8,2026-09-22T17:47:03.773Z
2026,3,15265,Kyle Pitts,ATL,TE,at GB,recYds,theScore,29.5,over,40.08,-185,,0.6491,0.6491,,1,0.7072,0.0581,0.0581,ev,none,live,202609250580A50A,2026-09-22T17:47:03.773Z
2026,3,16739,Bijan Robinson,ATL,RB,at GB,recYds,Hard Rock,79.5,under,32.4,-1600,600,0.9412,0.8682,0.0840,0,0.9992,0.0581,0.1310,ev,multiplicative,live,202609250580A50A,2026-09-22T17:47:03.773Z
2026,3,15853,George Pickens,DAL,WR,vs BAL,recYds,Hard Rock,94.5,over,75.47,300,-500,0.2500,0.2308,0.0833,0,0.3081,0.0581,0.0773,ev,multiplicative,live,202609270726D5A2,2026-09-22T17:47:03.773Z
2026,3,17724,Ladd McConkey,LAC,WR,at BUF,recYds,Caesars,59.5,over,64.26,104,,0.4902,0.4902,,1,0.5482,0.0580,0.0580,ev,none,live,2026092763BB8AC8,2026-09-22T17:47:03.773Z
2026,3,10819,Derrick Henry,BAL,RB,at DAL,rushYds,Hard Rock,64.5,over,97.69,-325,220,0.7647,0.7099,0.0772,0,0.8227,0.0580,0.1128,ev,multiplicative,live,202609270726D5A2,2026-09-22T17:47:03.773Z
2026,3,17724,Ladd McConkey,LAC,WR,at BUF,recYds,Caesars,49.5,over,64.26,-143,,0.5885,0.5885,,1,0.6464,0.0579,0.0579,ev,none,live,2026092763BB8AC8,2026-09-22T17:47:03.773Z
2026,3,15853,George Pickens,DAL,WR,vs BAL,receptions,BetRivers,8.5,over,4.89,800,,0.1111,0.1111,,1,0.1689,0.0578,0.0578,ev,none,live,202609270726D5A2,2026-09-22T17:47:03.773Z
2026,3,12561,Lamar Jackson,BAL,QB,at DAL,passYds,Caesars,269.5,over,259.92,155,,0.3922,0.3922,,1,0.4500,0.0578,0.0578,ev,none,live,202609270726D5A2,2026-09-22T17:47:03.773Z
2026,3,15853,George Pickens,DAL,WR,vs BAL,receptions,Caesars,8.5,over,4.89,800,,0.1111,0.1111,,1,0.1689,0.0578,0.0578,ev,none,live,202609270726D5A2,2026-09-22T17:47:03.773Z
2026,3,12483,Josh Allen,BUF,QB,vs LAC,passYds,Hard Rock,299.5,over,256.07,350,-600,0.2222,0.2059,0.0794,0,0.2800,0.0578,0.0741,ev,multiplicative,live,2026092763BB8AC8,2026-09-22T17:47:03.773Z
2026,3,11008,Dak Prescott,DAL,QB,vs BAL,passYds,Hard Rock,165.5,under,260.17,1100,-5000,0.0833,0.0783,0.0637,0,0.1410,0.0577,0.0626,ev,multiplicative,live,202609270726D5A2,2026-09-22T17:47:03.773Z
2026,3,15907,Brian Robinson Jr.,ATL,RB,at GB,rushYds,FanDuel,39.5,over,22,309,,0.2445,0.2445,,1,0.3021,0.0576,0.0576,ev,none,live,202609250580A50A,2026-09-22T17:47:03.773Z
2026,3,10819,Derrick Henry,BAL,RB,at DAL,rushYds,Caesars,89.5,over,97.69,-114,-114,0.5327,0.5000,0.0654,0,0.5904,0.0576,0.0904,ev,multiplicative,live,202609270726D5A2,2026-09-22T17:47:03.773Z
2026,3,16899,Quentin Johnston,LAC,WR,at BUF,recYds,FanDuel,49.5,over,42.06,176,,0.3623,0.3623,,1,0.4197,0.0574,0.0574,ev,none,live,2026092763BB8AC8,2026-09-22T17:47:03.773Z
2026,3,16741,Chris Brooks,GB,RB,vs ATL,recYds,BetRivers,7.5,over,9.58,-112,-118,0.5283,0.4939,0.0696,0,0.5856,0.0573,0.0916,ev,multiplicative,live,202609250580A50A,2026-09-22T17:47:03.773Z
2026,3,18500,Matthew Golden,GB,WR,vs ATL,receptions,DraftKings,9.5,over,4,2500,,0.0385,0.0385,,1,0.0957,0.0573,0.0573,ev,none,live,202609250580A50A,2026-09-22T17:47:03.773Z
2026,3,15265,Kyle Pitts,ATL,TE,at GB,recYds,Hard Rock,15.5,over,40.08,-525,325,0.8400,0.7812,0.0753,0,0.8973,0.0573,0.1162,ev,multiplicative,live,202609250580A50A,2026-09-22T17:47:03.773Z
2026,3,12483,Josh Allen,BUF,QB,vs LAC,passYds,Hard Rock,248.5,over,256.07,110,-150,0.4762,0.4425,0.0762,0,0.5335,0.0573,0.0910,ev,multiplicative,live,2026092763BB8AC8,2026-09-22T17:47:03.773Z
2026,3,11008,Dak Prescott,DAL,QB,vs BAL,passYds,Hard Rock,195.5,under,260.17,475,-950,0.1739,0.1612,0.0787,0,0.2312,0.0573,0.0700,ev,multiplicative,live,202609270726D5A2,2026-09-22T17:47:03.773Z
2026,3,12561,Lamar Jackson,BAL,QB,at DAL,passYds,Hard Rock,238.5,over,259.92,-115,-115,0.5349,0.5000,0.0698,0,0.5920,0.0571,0.0920,ev,multiplicative,live,202609270726D5A2,2026-09-22T17:47:03.773Z
2026,3,11008,Dak Prescott,DAL,QB,vs BAL,passYds,Hard Rock,175.5,under,260.17,800,-3000,0.1111,0.1030,0.0789,0,0.1680,0.0569,0.0650,ev,multiplicative,live,202609270726D5A2,2026-09-22T17:47:03.773Z
2026,3,11008,Dak Prescott,DAL,QB,vs BAL,passYds,Hard Rock,205.5,under,260.17,375,-650,0.2105,0.1954,0.0772,0,0.2672,0.0567,0.0718,ev,multiplicative,live,202609270726D5A2,2026-09-22T17:47:03.773Z
2026,3,15907,Brian Robinson Jr.,ATL,RB,at GB,rushYds,Hard Rock,37.5,over,22,275,-425,0.2667,0.2478,0.0762,0,0.3231,0.0564,0.0753,ev,multiplicative,live,202609250580A50A,2026-09-22T17:47:03.773Z
2026,3,12561,Lamar Jackson,BAL,QB,at DAL,rushYds,Hard Rock,71.5,over,52.86,600,-1400,0.1429,0.1327,0.0762,0,0.1992,0.0564,0.0665,ev,multiplicative,live,202609270726D5A2,2026-09-22T17:47:03.773Z
2026,3,12483,Josh Allen,BUF,QB,vs LAC,passYds,FanDuel,299.5,over,256.07,347,,0.2237,0.2237,,1,0.2800,0.0563,0.0563,ev,none,live,2026092763BB8AC8,2026-09-22T17:47:03.773Z
2026,3,12477,DJ Moore,BUF,WR,vs LAC,receptions,BetRivers,6.5,over,3.37,650,,0.1333,0.1333,,1,0.1895,0.0562,0.0562,ev,none,live,2026092763BB8AC8,2026-09-22T17:47:03.773Z
2026,3,16899,Quentin Johnston,LAC,WR,at BUF,recYds,BetRivers,49.5,over,42.06,175,,0.3636,0.3636,,1,0.4197,0.0561,0.0561,ev,none,live,2026092763BB8AC8,2026-09-22T17:47:03.773Z
2026,3,15876,James Cook,BUF,RB,vs LAC,rushYds,Hard Rock,99.5,under,76.14,-250,165,0.7143,0.6543,0.0916,0,0.7704,0.0561,0.1161,ev,multiplicative,live,2026092763BB8AC8,2026-09-22T17:47:03.773Z
2026,3,16899,Quentin Johnston,LAC,WR,at BUF,recYds,theScore,49.5,over,42.06,175,,0.3636,0.3636,,1,0.4197,0.0561,0.0561,ev,none,live,2026092763BB8AC8,2026-09-22T17:47:03.773Z
2026,3,15876,James Cook,BUF,RB,vs LAC,rushYds,DraftKings,82.5,under,76.14,-110,-112,0.5238,0.4979,0.0521,0,0.5798,0.0560,0.0820,ev,multiplicative,live,2026092763BB8AC8,2026-09-22T17:47:03.773Z
2026,3,17795,MarShawn Lloyd,GB,RB,vs ATL,recYds,Hard Rock,24.5,over,12.1,650,-1800,0.1333,0.1234,0.0807,0,0.1893,0.0560,0.0659,ev,multiplicative,live,202609250580A50A,2026-09-22T17:47:03.773Z
2026,3,17724,Ladd McConkey,LAC,WR,at BUF,recYds,Hard Rock,48.5,over,64.26,-150,105,0.6000,0.5516,0.0878,0,0.6558,0.0558,0.1043,ev,multiplicative,live,2026092763BB8AC8,2026-09-22T17:47:03.773Z
2026,3,11008,Dak Prescott,DAL,QB,vs BAL,passYds,Hard Rock,215.5,under,260.17,300,-475,0.2500,0.2323,0.0761,0,0.3058,0.0558,0.0735,ev,multiplicative,live,202609270726D5A2,2026-09-22T17:47:03.773Z
2026,3,16649,Tucker Kraft,GB,TE,vs ATL,recYds,DraftKings,24.5,over,49.04,-389,,0.7955,0.7955,,1,0.8512,0.0557,0.0557,ev,none,live,202609250580A50A,2026-09-22T17:47:03.773Z
2026,3,16899,Quentin Johnston,LAC,WR,at BUF,recYds,Hard Rock,40.5,over,42.06,110,-155,0.4762,0.4393,0.0840,0,0.5319,0.0557,0.0927,ev,multiplicative,live,2026092763BB8AC8,2026-09-22T17:47:03.773Z
2026,3,16899,Quentin Johnston,LAC,WR,at BUF,receptions,Hard Rock,7.5,over,2.74,2500,,0.0385,0.0385,,1,0.0941,0.0557,0.0557,ev,none,live,2026092763BB8AC8,2026-09-22T17:47:03.773Z
2026,3,17795,MarShawn Lloyd,GB,RB,vs ATL,rushYds,FanDuel,14.5,over,45.05,-362,,0.7835,0.7835,,1,0.8391,0.0555,0.0555,ev,none,live,202609250580A50A,2026-09-22T17:47:03.773Z
2026,3,15265,Kyle Pitts,ATL,TE,at GB,recYds,BetRivers,19.5,over,40.08,-400,,0.8000,0.8000,,1,0.8555,0.0555,0.0555,ev,none,live,202609250580A50A,2026-09-22T17:47:03.773Z
2026,3,15265,Kyle Pitts,ATL,TE,at GB,recYds,Caesars,19.5,over,40.08,-400,,0.8000,0.8000,,1,0.8555,0.0555,0.0555,ev,none,live,202609250580A50A,2026-09-22T17:47:03.773Z
2026,3,17795,MarShawn Lloyd,GB,RB,vs ATL,rushYds,Hard Rock,18.5,over,45.05,-300,200,0.7500,0.6923,0.0833,0,0.8054,0.0554,0.1131,ev,multiplicative,live,202609250580A50A,2026-09-22T17:47:03.773Z
2026,3,10819,Derrick Henry,BAL,RB,at DAL,rushYds,theScore,99.5,over,97.69,135,,0.4255,0.4255,,1,0.4809,0.0554,0.0554,ev,none,live,202609270726D5A2,2026-09-22T17:47:03.773Z
2026,3,15853,George Pickens,DAL,WR,vs BAL,recYds,Hard Rock,29.5,over,75.47,-600,350,0.8571,0.7941,0.0794,0,0.9125,0.0554,0.1184,ev,multiplicative,live,202609270726D5A2,2026-09-22T17:47:03.773Z
2026,3,12561,Lamar Jackson,BAL,QB,at DAL,passYds,Hard Rock,324.5,over,259.92,600,-1500,0.1429,0.1322,0.0804,0,0.1983,0.0554,0.0661,ev,multiplicative,live,202609270726D5A2,2026-09-22T17:47:03.773Z
2026,3,15265,Kyle Pitts,ATL,TE,at GB,recYds,DraftKings,14.5,over,40.08,-571,,0.8510,0.8510,,1,0.9063,0.0553,0.0553,ev,none,live,202609250580A50A,2026-09-22T17:47:03.773Z
2026,3,11008,Dak Prescott,DAL,QB,vs BAL,passYds,Hard Rock,185.5,under,260.17,600,-1600,0.1429,0.1318,0.0840,0,0.1981,0.0552,0.0663,ev,multiplicative,live,202609270726D5A2,2026-09-22T17:47:03.773Z
2026,3,16739,Bijan Robinson,ATL,RB,at GB,rushYds,FanDuel,99.5,over,87.97,218,,0.3145,0.3145,,1,0.3695,0.0551,0.0551,ev,none,live,202609250580A50A,2026-09-22T17:47:03.773Z
2026,3,12483,Josh Allen,BUF,QB,vs LAC,passYds,FanDuel,249.5,over,256.07,111,,0.4739,0.4739,,1,0.5291,0.0551,0.0551,ev,none,live,2026092763BB8AC8,2026-09-22T17:47:03.773Z
2026,3,15306,Javonte Williams,DAL,RB,vs BAL,receptions,Hard Rock,0.5,under,2.63,1500,-7000,0.0625,0.0596,0.0484,0,0.1175,0.0550,0.0579,ev,multiplicative,live,202609270726D5A2,2026-09-22T17:47:03.773Z
2026,3,10819,Derrick Henry,BAL,RB,at DAL,rushYds,BetRivers,109.5,over,97.69,210,,0.3226,0.3226,,1,0.3775,0.0549,0.0549,ev,none,live,202609270726D5A2,2026-09-22T17:47:03.773Z
2026,3,12561,Lamar Jackson,BAL,QB,at DAL,rushYds,DraftKings,24.5,over,52.86,-313,,0.7579,0.7579,,1,0.8127,0.0549,0.0549,ev,none,live,202609270726D5A2,2026-09-22T17:47:03.773Z
2026,3,11008,Dak Prescott,DAL,QB,vs BAL,passYds,Hard Rock,199.5,under,260.17,425,-800,0.1905,0.1765,0.0794,0,0.2453,0.0548,0.0688,ev,multiplicative,live,202609270726D5A2,2026-09-22T17:47:03.773Z
2026,3,12483,Josh Allen,BUF,QB,vs LAC,passYds,DraftKings,329.5,over,256.07,830,,0.1075,0.1075,,1,0.1622,0.0547,0.0547,ev,none,live,2026092763BB8AC8,2026-09-22T17:47:03.773Z
2026,3,15265,Kyle Pitts,ATL,TE,at GB,recYds,Hard Rock,65.5,under,40.08,-600,350,0.8571,0.7941,0.0794,0,0.9118,0.0547,0.1177,ev,multiplicative,live,202609250580A50A,2026-09-22T17:47:03.773Z
2026,3,15853,George Pickens,DAL,WR,vs BAL,recYds,DraftKings,99.5,over,75.47,379,,0.2088,0.2088,,1,0.2634,0.0546,0.0546,ev,none,live,202609270726D5A2,2026-09-22T17:47:03.773Z
2026,3,12477,DJ Moore,BUF,WR,vs LAC,receptions,DraftKings,6.5,over,3.37,640,,0.1351,0.1351,,1,0.1895,0.0544,0.0544,ev,none,live,2026092763BB8AC8,2026-09-22T17:47:03.773Z
2026,3,12483,Josh Allen,BUF,QB,vs LAC,rushYds,Hard Rock,64.5,under,32.45,-1400,575,0.9333,0.8630,0.0815,0,0.9877,0.0544,0.1247,ev,multiplicative,live,2026092763BB8AC8,2026-09-22T17:47:03.773Z
2026,3,15265,Kyle Pitts,ATL,TE,at GB,recYds,FanDuel,19.5,over,40.08,-404,,0.8016,0.8016,,1,0.8555,0.0539,0.0539,ev,none,live,202609250580A50A,2026-09-22T17:47:03.773Z
2026,3,11008,Dak Prescott,DAL,QB,vs BAL,passTD,FanDuel,1.5,under,1.57,108,-144,0.4808,0.4489,0.0709,0,0.5347,0.0539,0.0858,ev,multiplicative,live,202609270726D5A2,2026-09-22T17:47:03.773Z
2026,3,12561,Lamar Jackson,BAL,QB,at DAL,passYds,DraftKings,329.5,over,259.92,690,,0.1266,0.1266,,1,0.1805,0.0539,0.0539,ev,none,live,202609270726D5A2,2026-09-22T17:47:03.773Z
2026,3,15907,Brian Robinson Jr.,ATL,RB,at GB,rushYds,Caesars,49.5,over,22,550,,0.1538,0.1538,,1,0.2077,0.0538,0.0538,ev,none,live,202609250580A50A,2026-09-22T17:47:03.773Z
2026,3,15907,Brian Robinson Jr.,ATL,RB,at GB,rushYds,theScore,49.5,over,22,550,,0.1538,0.1538,,1,0.2077,0.0538,0.0538,ev,none,live,202609250580A50A,2026-09-22T17:47:03.773Z
2026,3,18500,Matthew Golden,GB,WR,vs ATL,receptions,Hard Rock,1.5,under,4,800,-3000,0.1111,0.1030,0.0789,0,0.1649,0.0537,0.0619,ev,multiplicative,live,202609250580A50A,2026-09-22T17:47:03.773Z
2026,3,15907,Brian Robinson Jr.,ATL,RB,at GB,rushYds,FanDuel,49.5,over,22,549,,0.1541,0.1541,,1,0.2077,0.0536,0.0536,ev,none,live,202609250580A50A,2026-09-22T17:47:03.773Z
2026,3,15265,Kyle Pitts,ATL,TE,at GB,recYds,Hard Rock,75.5,under,40.08,-1100,525,0.9167,0.8514,0.0767,0,0.9702,0.0536,0.1188,ev,multiplicative,live,202609250580A50A,2026-09-22T17:47:03.773Z
2026,3,14446,Justin Herbert,LAC,QB,at BUF,rushYds,theScore,19.5,over,22.63,-120,-110,0.5455,0.5101,0.0693,0,0.5991,0.0536,0.0890,ev,multiplicative,live,2026092763BB8AC8,2026-09-22T17:47:03.773Z
2026,3,17795,MarShawn Lloyd,GB,RB,vs ATL,recYds,FanDuel,24.5,over,12.1,636,,0.1359,0.1359,,1,0.1893,0.0535,0.0535,ev,none,live,202609250580A50A,2026-09-22T17:47:03.773Z
2026,3,16739,Bijan Robinson,ATL,RB,at GB,rushAtt,theScore,11.5,over,18.91,-1400,,0.9333,0.9333,,1,0.9868,0.0535,0.0535,ev,none,live,202609250580A50A,2026-09-22T17:47:03.773Z
2026,3,10819,Derrick Henry,BAL,RB,at DAL,rushYds,theScore,49.5,over,97.69,-600,,0.8571,0.8571,,1,0.9106,0.0534,0.0534,ev,none,live,202609270726D5A2,2026-09-22T17:47:03.773Z
2026,3,18500,Matthew Golden,GB,WR,vs ATL,receptions,theScore,5.5,over,4,225,,0.3077,0.3077,,1,0.3608,0.0531,0.0531,ev,none,live,202609250580A50A,2026-09-22T17:47:03.773Z
2026,3,17700,Michael Penix Jr.,ATL,QB,at GB,int,BetRivers,0.5,under,0.5,-124,-107,0.5536,0.5171,0.0705,0,0.6065,0.0530,0.0894,ev,multiplicative,live,202609250580A50A,2026-09-22T17:47:03.773Z
2026,3,15947,Jake Ferguson,DAL,TE,vs BAL,receptions,Caesars,1.5,over,3.73,-1200,,0.9231,0.9231,,1,0.9761,0.0530,0.0530,ev,none,live,202609270726D5A2,2026-09-22T17:47:03.773Z
2026,3,15876,James Cook,BUF,RB,vs LAC,rushYds,Hard Rock,96.5,under,76.14,-220,155,0.6875,0.6368,0.0797,0,0.7405,0.0530,0.1038,ev,multiplicative,live,2026092763BB8AC8,2026-09-22T17:47:03.773Z
2026,3,15947,Jake Ferguson,DAL,TE,vs BAL,receptions,Hard Rock,1.5,over,3.73,-1200,550,0.9231,0.8571,0.0769,0,0.9761,0.0530,0.1190,ev,multiplicative,live,202609270726D5A2,2026-09-22T17:47:03.773Z
2026,3,14411,CeeDee Lamb,DAL,WR,vs BAL,receptions,Hard Rock,3.5,under,5.87,750,-2500,0.1176,0.1090,0.0792,0,0.1707,0.0530,0.0617,ev,multiplicative,live,202609270726D5A2,2026-09-22T17:47:03.773Z
2026,3,16741,Chris Brooks,GB,RB,vs ATL,recYds,FanDuel,7.5,over,9.58,-114,-114,0.5327,0.5000,0.0654,0,0.5856,0.0529,0.0856,ev,multiplicative,live,202609250580A50A,2026-09-22T17:47:03.773Z
2026,3,15853,George Pickens,DAL,WR,vs BAL,recYds,Caesars,99.5,over,75.47,375,,0.2105,0.2105,,1,0.2634,0.0529,0.0529,ev,none,live,202609270726D5A2,2026-09-22T17:47:03.773Z
2026,3,12483,Josh Allen,BUF,QB,vs LAC,passYds,theScore,249.5,over,256.07,110,,0.4762,0.4762,,1,0.5291,0.0529,0.0529,ev,none,live,2026092763BB8AC8,2026-09-22T17:47:03.773Z
2026,3,12483,Josh Allen,BUF,QB,vs LAC,passYds,Hard Rock,249.5,over,256.07,110,-155,0.4762,0.4393,0.0840,0,0.5291,0.0529,0.0898,ev,multiplicative,live,2026092763BB8AC8,2026-09-22T17:47:03.773Z
2026,3,15853,George Pickens,DAL,WR,vs BAL,recYds,Hard Rock,99.5,over,75.47,375,-650,0.2105,0.1954,0.0772,0,0.2634,0.0529,0.0680,ev,multiplicative,live,202609270726D5A2,2026-09-22T17:47:03.773Z
2026,3,15853,George Pickens,DAL,WR,vs BAL,recYds,theScore,99.5,over,75.47,375,,0.2105,0.2105,,1,0.2634,0.0529,0.0529,ev,none,live,202609270726D5A2,2026-09-22T17:47:03.773Z
2026,3,15306,Javonte Williams,DAL,RB,vs BAL,recYds,Hard Rock,51.5,under,15.36,-1800,650,0.9474,0.8766,0.0807,0,1.0000,0.0526,0.1233,ev,multiplicative,live,202609270726D5A2,2026-09-22T17:47:03.773Z
2026,3,16899,Quentin Johnston,LAC,WR,at BUF,receptions,DraftKings,7.5,over,2.74,2300,,0.0417,0.0417,,1,0.0941,0.0525,0.0525,ev,none,live,2026092763BB8AC8,2026-09-22T17:47:03.773Z
2026,3,15907,Brian Robinson Jr.,ATL,RB,at GB,rushYds,theScore,44.5,over,22,400,,0.2000,0.2000,,1,0.2525,0.0525,0.0525,ev,none,live,202609250580A50A,2026-09-22T17:47:03.773Z
2026,3,12561,Lamar Jackson,BAL,QB,at DAL,passYds,DraftKings,249.5,over,259.92,103,,0.4926,0.4926,,1,0.5450,0.0524,0.0524,ev,none,live,202609270726D5A2,2026-09-22T17:47:03.773Z
2026,3,15265,Kyle Pitts,ATL,TE,at GB,recYds,Hard Rock,70.5,under,40.08,-850,425,0.8947,0.8245,0.0852,0,0.9472,0.0524,0.1227,ev,multiplicative,live,202609250580A50A,2026-09-22T17:47:03.773Z
2026,3,15907,Brian Robinson Jr.,ATL,RB,at GB,rushYds,Hard Rock,39.5,over,22,300,-525,0.2500,0.2294,0.0900,0,0.3021,0.0521,0.0727,ev,multiplicative,live,202609250580A50A,2026-09-22T17:47:03.773Z
2026,3,15907,Brian Robinson Jr.,ATL,RB,at GB,rushYds,theScore,39.5,over,22,300,,0.2500,0.2500,,1,0.3021,0.0521,0.0521,ev,none,live,202609250580A50A,2026-09-22T17:47:03.773Z
2026,3,10819,Derrick Henry,BAL,RB,at DAL,rushYds,Hard Rock,63.5,over,97.69,-350,230,0.7778,0.7196,0.0808,0,0.8299,0.0521,0.1103,ev,multiplicative,live,202609270726D5A2,2026-09-22T17:47:03.773Z
2026,3,16739,Bijan Robinson,ATL,RB,at GB,recYds,Hard Rock,80.5,under,32.4,-1800,650,0.9474,0.8766,0.0807,0,0.9994,0.0520,0.1228,ev,multiplicative,live,202609250580A50A,2026-09-22T17:47:03.773Z
2026,3,16899,Quentin Johnston,LAC,WR,at BUF,recYds,Hard Rock,50.5,over,42.06,180,-260,0.3571,0.3309,0.0794,0,0.4091,0.0520,0.0782,ev,multiplicative,live,2026092763BB8AC8,2026-09-22T17:47:03.773Z
2026,3,15306,Javonte Williams,DAL,RB,vs BAL,recYds,Caesars,17.5,under,15.36,-118,-112,0.5413,0.5061,0.0696,0,0.5932,0.0519,0.0872,ev,multiplicative,live,202609270726D5A2,2026-09-22T17:47:03.773Z
2026,3,10819,Derrick Henry,BAL,RB,at DAL,rushYds,DraftKings,99.5,over,97.69,133,,0.4292,0.4292,,1,0.4809,0.0517,0.0517,ev,none,live,202609270726D5A2,2026-09-22T17:47:03.773Z
2026,3,12477,DJ Moore,BUF,WR,vs LAC,receptions,DraftKings,3.5,under,3.37,116,-149,0.4630,0.4362,0.0614,0,0.5146,0.0516,0.0784,ev,multiplicative,live,2026092763BB8AC8,2026-09-22T17:47:03.773Z
2026,3,12477,DJ Moore,BUF,WR,vs LAC,receptions,Caesars,6.5,over,3.37,625,,0.1379,0.1379,,1,0.1895,0.0516,0.0516,ev,none,live,2026092763BB8AC8,2026-09-22T17:47:03.773Z
2026,3,17724,Ladd McConkey,LAC,WR,at BUF,receptions,Hard Rock,8.5,over,4.77,1100,-5000,0.0833,0.0783,0.0637,0,0.1349,0.0516,0.0566,ev,multiplicative,live,2026092763BB8AC8,2026-09-22T17:47:03.773Z
2026,3,17724,Ladd McConkey,LAC,WR,at BUF,receptions,FanDuel,8.5,over,4.77,1099,,0.0834,0.0834,,1,0.1349,0.0515,0.0515,ev,none,live,2026092763BB8AC8,2026-09-22T17:47:03.773Z
2026,3,12483,Josh Allen,BUF,QB,vs LAC,passYds,theScore,274.5,over,256.07,185,,0.3509,0.3509,,1,0.4023,0.0514,0.0514,ev,none,live,2026092763BB8AC8,2026-09-22T17:47:03.773Z
2026,3,15850,Jahan Dotson,ATL,WR,at GB,recYds,DraftKings,19.5,under,17.4,-108,-116,0.5192,0.4916,0.0563,0,0.5704,0.0512,0.0789,ev,multiplicative,live,202609250580A50A,2026-09-22T17:47:03.773Z
2026,3,17795,MarShawn Lloyd,GB,RB,vs ATL,rushYds,Hard Rock,79.5,over,45.05,1100,-5000,0.0833,0.0783,0.0637,0,0.1345,0.0512,0.0561,ev,multiplicative,live,202609250580A50A,2026-09-22T17:47:03.773Z
2026,3,15876,James Cook,BUF,RB,vs LAC,rushYds,Hard Rock,131.5,under,76.14,-1000,475,0.9091,0.8394,0.0830,0,0.9603,0.0512,0.1209,ev,multiplicative,live,2026092763BB8AC8,2026-09-22T17:47:03.773Z
2026,3,16741,Chris Brooks,GB,RB,vs ATL,recYds,theScore,6.5,over,9.58,-135,105,0.5745,0.5408,0.0623,0,0.6256,0.0511,0.0848,ev,multiplicative,live,202609250580A50A,2026-09-22T17:47:03.773Z
2026,3,16739,Bijan Robinson,ATL,RB,at GB,rushYds,Caesars,59.5,over,87.97,-370,,0.7872,0.7872,,1,0.8382,0.0510,0.0510,ev,none,live,202609250580A50A,2026-09-22T17:47:03.773Z
2026,3,18478,Tre Harris,LAC,WR,at BUF,recYds,Hard Rock,78.5,under,34.63,-1600,650,0.9412,0.8759,0.0745,0,0.9921,0.0510,0.1162,ev,multiplicative,live,2026092763BB8AC8,2026-09-22T17:47:03.773Z
2026,3,16899,Quentin Johnston,LAC,WR,at BUF,recYds,BetRivers,59.5,over,42.06,275,,0.2667,0.2667,,1,0.3174,0.0508,0.0508,ev,none,live,2026092763BB8AC8,2026-09-22T17:47:03.773Z
2026,3,12561,Lamar Jackson,BAL,QB,at DAL,passYds,FanDuel,324.5,over,259.92,578,,0.1475,0.1475,,1,0.1983,0.0508,0.0508,ev,none,live,202609270726D5A2,2026-09-22T17:47:03.773Z
2026,3,12561,Lamar Jackson,BAL,QB,at DAL,passYds,Hard Rock,328.5,over,259.92,650,-1800,0.1333,0.1234,0.0807,0,0.1840,0.0507,0.0606,ev,multiplicative,live,202609270726D5A2,2026-09-22T17:47:03.773Z
2026,3,17795,MarShawn Lloyd,GB,RB,vs ATL,rushYds,Hard Rock,78.5,over,45.05,1000,-4000,0.0909,0.0852,0.0665,0,0.1416,0.0506,0.0563,ev,multiplicative,live,202609250580A50A,2026-09-22T17:47:03.773Z
2026,3,15947,Jake Ferguson,DAL,TE,vs BAL,recYds,BetRivers,39.5,over,34.7,210,,0.3226,0.3226,,1,0.3731,0.0505,0.0505,ev,none,live,202609270726D5A2,2026-09-22T17:47:03.773Z
2026,3,15947,Jake Ferguson,DAL,TE,vs BAL,receptions,DraftKings,3.5,over,3.73,-113,-113,0.5305,0.5000,0.0610,0,0.5809,0.0504,0.0809,ev,multiplicative,live,202609270726D5A2,2026-09-22T17:47:03.773Z
2026,3,15947,Jake Ferguson,DAL,TE,vs BAL,receptions,BetRivers,3.5,over,3.73,-113,,0.5305,0.5305,,1,0.5809,0.0504,0.0504,ev,none,live,202609270726D5A2,2026-09-22T17:47:03.773Z
2026,3,12561,Lamar Jackson,BAL,QB,at DAL,passYds,Caesars,289.5,over,259.92,235,,0.2985,0.2985,,1,0.3489,0.0504,0.0504,ev,none,live,202609270726D5A2,2026-09-22T17:47:03.773Z
2026,3,12483,Josh Allen,BUF,QB,vs LAC,passYds,Hard Rock,308.5,over,256.07,425,-800,0.1905,0.1765,0.0794,0,0.2408,0.0504,0.0644,ev,multiplicative,live,2026092763BB8AC8,2026-09-22T17:47:03.773Z
2026,3,15876,James Cook,BUF,RB,vs LAC,rushYds,Hard Rock,91.5,under,76.14,-175,125,0.6364,0.5888,0.0808,0,0.6867,0.0504,0.0980,ev,multiplicative,live,2026092763BB8AC8,2026-09-22T17:47:03.773Z
2026,3,12561,Lamar Jackson,BAL,QB,at DAL,rushYds,FanDuel,24.5,over,52.86,-321,,0.7625,0.7625,,1,0.8127,0.0503,0.0503,ev,none,live,202609270726D5A2,2026-09-22T17:47:03.773Z
2026,3,15947,Jake Ferguson,DAL,TE,vs BAL,receptions,BetRivers,1.5,over,3.73,-1250,,0.9259,0.9259,,1,0.9761,0.0502,0.0502,ev,none,live,202609270726D5A2,2026-09-22T17:47:03.773Z
2026,3,18515,Kaleb Johnson,GB,RB,vs ATL,rushYds,Hard Rock,67.5,under,21.07,-950,475,0.9048,0.8388,0.0787,0,0.9548,0.0501,0.1161,ev,multiplicative,live,202609250580A50A,2026-09-22T17:47:03.773Z
2026,3,15907,Brian Robinson Jr.,ATL,RB,at GB,rushYds,Hard Rock,52.5,over,22,650,-1800,0.1333,0.1234,0.0807,0,0.1831,0.0498,0.0598,ev,multiplicative,live,202609250580A50A,2026-09-22T17:47:03.773Z
2026,3,12477,DJ Moore,BUF,WR,vs LAC,recYds,FanDuel,19.5,over,52.56,-752,,0.8826,0.8826,,1,0.9324,0.0497,0.0497,ev,none,live,2026092763BB8AC8,2026-09-22T17:47:03.773Z
2026,3,16739,Bijan Robinson,ATL,RB,at GB,rushYds,Hard Rock,43.5,over,87.97,-800,425,0.8889,0.8235,0.0794,0,0.9385,0.0496,0.1150,ev,multiplicative,live,202609250580A50A,2026-09-22T17:47:03.773Z
2026,3,16739,Bijan Robinson,ATL,RB,at GB,rushYds,Hard Rock,88.5,over,87.97,125,-170,0.4444,0.4138,0.0741,0,0.4939,0.0494,0.0801,ev,multiplicative,live,202609250580A50A,2026-09-22T17:47:03.773Z
2026,3,16899,Quentin Johnston,LAC,WR,at BUF,recYds,Hard Rock,49.5,over,42.06,170,-250,0.3704,0.3415,0.0847,0,0.4197,0.0494,0.0783,ev,multiplicative,live,2026092763BB8AC8,2026-09-22T17:47:03.773Z
2026,3,18500,Matthew Golden,GB,WR,vs ATL,receptions,DraftKings,5.5,over,4,221,,0.3115,0.3115,,1,0.3608,0.0493,0.0493,ev,none,live,202609250580A50A,2026-09-22T17:47:03.773Z
2026,3,15868,Drake London,ATL,WR,at GB,receptions,DraftKings,5.5,under,4.64,-129,101,0.5633,0.5310,0.0608,0,0.6125,0.0491,0.0814,ev,multiplicative,live,202609250580A50A,2026-09-22T17:47:03.773Z
2026,3,15876,James Cook,BUF,RB,vs LAC,rushYds,theScore,84.5,under,76.14,-125,-105,0.5556,0.5203,0.0678,0,0.6044,0.0489,0.0841,ev,multiplicative,live,2026092763BB8AC8,2026-09-22T17:47:03.773Z
2026,3,18500,Matthew Golden,GB,WR,vs ATL,receptions,Caesars,5.5,over,4,220,,0.3125,0.3125,,1,0.3608,0.0483,0.0483,ev,none,live,202609250580A50A,2026-09-22T17:47:03.773Z
2026,3,12483,Josh Allen,BUF,QB,vs LAC,passYds,DraftKings,249.5,over,256.07,108,,0.4808,0.4808,,1,0.5291,0.0483,0.0483,ev,none,live,2026092763BB8AC8,2026-09-22T17:47:03.773Z
2026,3,12477,DJ Moore,BUF,WR,vs LAC,receptions,DraftKings,7.5,over,3.37,1240,,0.0746,0.0746,,1,0.1229,0.0483,0.0483,ev,none,live,2026092763BB8AC8,2026-09-22T17:47:03.773Z
2026,3,15853,George Pickens,DAL,WR,vs BAL,receptions,BetRivers,7.5,over,4.89,410,,0.1961,0.1961,,1,0.2441,0.0481,0.0481,ev,none,live,202609270726D5A2,2026-09-22T17:47:03.773Z
2026,3,12561,Lamar Jackson,BAL,QB,at DAL,rushYds,Hard Rock,24.5,over,52.86,-325,220,0.7647,0.7099,0.0772,0,0.8127,0.0480,0.1028,ev,multiplicative,live,202609270726D5A2,2026-09-22T17:47:03.773Z
2026,3,15853,George Pickens,DAL,WR,vs BAL,recYds,FanDuel,109.5,over,75.47,629,,0.1372,0.1372,,1,0.1851,0.0479,0.0479,ev,none,live,202609270726D5A2,2026-09-22T17:47:03.773Z
2026,3,15907,Brian Robinson Jr.,ATL,RB,at GB,rushYds,theScore,34.5,over,22,225,,0.3077,0.3077,,1,0.3556,0.0479,0.0479,ev,none,live,202609250580A50A,2026-09-22T17:47:03.773Z
2026,3,15265,Kyle Pitts,ATL,TE,at GB,recYds,Caesars,35.5,over,40.08,-120,-112,0.5455,0.5080,0.0738,0,0.5933,0.0478,0.0853,ev,multiplicative,live,202609250580A50A,2026-09-22T17:47:03.773Z
2026,3,15265,Kyle Pitts,ATL,TE,at GB,recYds,theScore,35.5,over,40.08,-120,-110,0.5455,0.5101,0.0693,0,0.5933,0.0478,0.0832,ev,multiplicative,live,202609250580A50A,2026-09-22T17:47:03.773Z
2026,3,15947,Jake Ferguson,DAL,TE,vs BAL,recYds,Hard Rock,37.5,over,34.7,165,-240,0.3774,0.3484,0.0832,0,0.4251,0.0477,0.0767,ev,multiplicative,live,202609270726D5A2,2026-09-22T17:47:03.773Z
2026,3,15947,Jake Ferguson,DAL,TE,vs BAL,recYds,theScore,9.5,over,34.7,-1000,,0.9091,0.9091,,1,0.9565,0.0474,0.0474,ev,none,live,202609270726D5A2,2026-09-22T17:47:03.773Z
2026,3,15947,Jake Ferguson,DAL,TE,vs BAL,recYds,DraftKings,39.5,over,34.7,207,,0.3257,0.3257,,1,0.3731,0.0473,0.0473,ev,none,live,202609270726D5A2,2026-09-22T17:47:03.773Z
2026,3,15306,Javonte Williams,DAL,RB,vs BAL,rushYds,Hard Rock,69.5,under,63.83,-190,135,0.6552,0.6062,0.0807,0,0.7023,0.0472,0.0961,ev,multiplicative,live,202609270726D5A2,2026-09-22T17:47:03.773Z
2026,3,15907,Brian Robinson Jr.,ATL,RB,at GB,rushYds,DraftKings,59.5,over,22,1060,,0.0862,0.0862,,1,0.1333,0.0471,0.0471,ev,none,live,202609250580A50A,2026-09-22T17:47:03.773Z
2026,3,17700,Michael Penix Jr.,ATL,QB,at GB,passYds,Hard Rock,186.5,under,199.74,145,-200,0.4082,0.3797,0.0748,0,0.4553,0.0471,0.0755,ev,multiplicative,live,202609250580A50A,2026-09-22T17:47:03.773Z
2026,3,16739,Bijan Robinson,ATL,RB,at GB,rushYds,theScore,99.5,over,87.97,210,,0.3226,0.3226,,1,0.3695,0.0470,0.0470,ev,none,live,202609250580A50A,2026-09-22T17:47:03.773Z
2026,3,10819,Derrick Henry,BAL,RB,at DAL,rushYds,Hard Rock,98.5,over,97.69,125,-170,0.4444,0.4138,0.0741,0,0.4915,0.0470,0.0777,ev,multiplicative,live,202609270726D5A2,2026-09-22T17:47:03.773Z
2026,3,12483,Josh Allen,BUF,QB,vs LAC,passYds,Caesars,259.5,over,256.07,130,,0.4348,0.4348,,1,0.4816,0.0469,0.0469,ev,none,live,2026092763BB8AC8,2026-09-22T17:47:03.773Z
2026,3,10819,Derrick Henry,BAL,RB,at DAL,rushYds,BetRivers,119.5,over,97.69,325,,0.2353,0.2353,,1,0.2822,0.0469,0.0469,ev,none,live,202609270726D5A2,2026-09-22T17:47:03.773Z
2026,3,16739,Bijan Robinson,ATL,RB,at GB,rushYds,BetRivers,49.5,over,87.97,-625,,0.8621,0.8621,,1,0.9089,0.0468,0.0468,ev,none,live,202609250580A50A,2026-09-22T17:47:03.773Z
2026,3,12483,Josh Allen,BUF,QB,vs LAC,passYds,BetRivers,237.5,over,256.07,-115,-115,0.5349,0.5000,0.0698,0,0.5816,0.0468,0.0816,ev,multiplicative,live,2026092763BB8AC8,2026-09-22T17:47:03.773Z
2026,3,12483,Josh Allen,BUF,QB,vs LAC,passYds,DraftKings,339.5,over,256.07,1080,,0.0847,0.0847,,1,0.1314,0.0467,0.0467,ev,none,live,2026092763BB8AC8,2026-09-22T17:47:03.773Z
2026,3,17724,Ladd McConkey,LAC,WR,at BUF,receptions,DraftKings,4.5,over,4.77,103,-132,0.4926,0.4640,0.0616,0,0.5392,0.0466,0.0752,ev,multiplicative,live,2026092763BB8AC8,2026-09-22T17:47:03.773Z
2026,3,15850,Jahan Dotson,ATL,WR,at GB,recYds,theScore,19.5,under,17.4,-110,-120,0.5238,0.4899,0.0693,0,0.5704,0.0466,0.0806,ev,multiplicative,live,202609250580A50A,2026-09-22T17:47:03.773Z
2026,3,16899,Quentin Johnston,LAC,WR,at BUF,receptions,Hard Rock,4.5,over,2.74,275,-425,0.2667,0.2478,0.0762,0,0.3133,0.0466,0.0655,ev,multiplicative,live,2026092763BB8AC8,2026-09-22T17:47:03.773Z
2026,3,10819,Derrick Henry,BAL,RB,at DAL,rushYds,Hard Rock,93.5,over,97.69,100,-145,0.5000,0.4579,0.0918,0,0.5465,0.0465,0.0886,ev,multiplicative,live,202609270726D5A2,2026-09-22T17:47:03.773Z
2026,3,18500,Matthew Golden,GB,WR,vs ATL,receptions,FanDuel,5.5,over,4,218,,0.3145,0.3145,,1,0.3608,0.0464,0.0464,ev,none,live,202609250580A50A,2026-09-22T17:47:03.773Z
2026,3,12561,Lamar Jackson,BAL,QB,at DAL,passYds,Caesars,239.5,over,259.92,-118,,0.5413,0.5413,,1,0.5877,0.0464,0.0464,ev,none,live,202609270726D5A2,2026-09-22T17:47:03.773Z
2026,3,15946,Christian Watson,GB,WR,vs ATL,receptions,Caesars,4.5,under,3.95,-105,-124,0.5122,0.4806,0.0658,0,0.5585,0.0463,0.0779,ev,multiplicative,live,202609250580A50A,2026-09-22T17:47:03.773Z
2026,3,15946,Christian Watson,GB,WR,vs ATL,receptions,DraftKings,4.5,under,3.95,-105,-122,0.5122,0.4824,0.0617,0,0.5585,0.0463,0.0761,ev,multiplicative,live,202609250580A50A,2026-09-22T17:47:03.773Z
2026,3,15946,Christian Watson,GB,WR,vs ATL,receptions,theScore,4.5,under,3.95,-105,-125,0.5122,0.4797,0.0678,0,0.5585,0.0463,0.0788,ev,multiplicative,live,202609250580A50A,2026-09-22T17:47:03.773Z
2026,3,15946,Christian Watson,GB,WR,vs ATL,receptions,Hard Rock,4.5,under,3.95,-105,-125,0.5122,0.4797,0.0678,0,0.5585,0.0463,0.0788,ev,multiplicative,live,202609250580A50A,2026-09-22T17:47:03.773Z
2026,3,17724,Ladd McConkey,LAC,WR,at BUF,recYds,Hard Rock,43.5,over,64.26,-190,135,0.6552,0.6062,0.0807,0,0.7014,0.0462,0.0951,ev,multiplicative,live,2026092763BB8AC8,2026-09-22T17:47:03.773Z
2026,3,12561,Lamar Jackson,BAL,QB,at DAL,passYds,DraftKings,339.5,over,259.92,880,,0.1020,0.1020,,1,0.1481,0.0460,0.0460,ev,none,live,202609270726D5A2,2026-09-22T17:47:03.773Z
2026,3,16899,Quentin Johnston,LAC,WR,at BUF,recYds,Hard Rock,45.5,over,42.06,140,-200,0.4167,0.3846,0.0833,0,0.4627,0.0460,0.0781,ev,multiplicative,live,2026092763BB8AC8,2026-09-22T17:47:03.773Z
2026,3,18445,Omarion Hampton,LAC,RB,at BUF,rushYds,BetRivers,49.5,over,69.88,-215,,0.6825,0.6825,,1,0.7285,0.0459,0.0459,ev,none,live,2026092763BB8AC8,2026-09-22T17:47:03.773Z
2026,3,15265,Kyle Pitts,ATL,TE,at GB,recYds,Hard Rock,64.5,under,40.08,-600,350,0.8571,0.7941,0.0794,0,0.9030,0.0459,0.1089,ev,multiplicative,live,202609250580A50A,2026-09-22T17:47:03.773Z
2026,3,18478,Tre Harris,LAC,WR,at BUF,recYds,Hard Rock,79.5,under,34.63,-1800,650,0.9474,0.8766,0.0807,0,0.9933,0.0459,0.1166,ev,multiplicative,live,2026092763BB8AC8,2026-09-22T17:47:03.773Z
2026,3,15853,George Pickens,DAL,WR,vs BAL,recYds,Caesars,29.5,over,75.47,-650,,0.8667,0.8667,,1,0.9125,0.0458,0.0458,ev,none,live,202609270726D5A2,2026-09-22T17:47:03.773Z
2026,3,14371,Jordan Love,GB,QB,vs ATL,passYds,Hard Rock,124.5,under,232.97,1600,-8000,0.0588,0.0562,0.0465,0,0.1046,0.0458,0.0484,ev,multiplicative,live,202609250580A50A,2026-09-22T17:47:03.773Z
2026,3,16899,Quentin Johnston,LAC,WR,at BUF,recYds,FanDuel,59.5,over,42.06,268,,0.2717,0.2717,,1,0.3174,0.0457,0.0457,ev,none,live,2026092763BB8AC8,2026-09-22T17:47:03.773Z
2026,3,17795,MarShawn Lloyd,GB,RB,vs ATL,recYds,Hard Rock,25.5,over,12.1,700,-2200,0.1250,0.1156,0.0815,0,0.1707,0.0457,0.0551,ev,multiplicative,live,202609250580A50A,2026-09-22T17:47:03.773Z
2026,3,12477,DJ Moore,BUF,WR,vs LAC,recYds,Hard Rock,24.5,over,52.56,-575,350,0.8519,0.7931,0.0741,0,0.8975,0.0457,0.1044,ev,multiplicative,live,2026092763BB8AC8,2026-09-22T17:47:03.773Z
2026,3,12561,Lamar Jackson,BAL,QB,at DAL,passYds,Caesars,299.5,over,259.92,290,,0.2564,0.2564,,1,0.3017,0.0453,0.0453,ev,none,live,202609270726D5A2,2026-09-22T17:47:03.773Z
2026,3,16739,Bijan Robinson,ATL,RB,at GB,rushYds,theScore,44.5,over,87.97,-800,,0.8889,0.8889,,1,0.9342,0.0453,0.0453,ev,none,live,202609250580A50A,2026-09-22T17:47:03.773Z
2026,3,12477,DJ Moore,BUF,WR,vs LAC,recYds,theScore,39.5,over,52.56,-210,,0.6774,0.6774,,1,0.7224,0.0450,0.0450,ev,none,live,2026092763BB8AC8,2026-09-22T17:47:03.773Z
2026,3,12477,DJ Moore,BUF,WR,vs LAC,recYds,Hard Rock,39.5,over,52.56,-210,145,0.6774,0.6240,0.0856,0,0.7224,0.0450,0.0984,ev,multiplicative,live,2026092763BB8AC8,2026-09-22T17:47:03.773Z
2026,3,16739,Bijan Robinson,ATL,RB,at GB,rushYds,DraftKings,99.5,over,87.97,208,,0.3247,0.3247,,1,0.3695,0.0449,0.0449,ev,none,live,202609250580A50A,2026-09-22T17:47:03.773Z
2026,3,16899,Quentin Johnston,LAC,WR,at BUF,recYds,Caesars,39.5,over,42.06,-103,,0.5074,0.5074,,1,0.5523,0.0449,0.0449,ev,none,live,2026092763BB8AC8,2026-09-22T17:47:03.773Z
2026,3,12477,DJ Moore,BUF,WR,vs LAC,receptions,BetRivers,5.5,over,3.37,335,,0.2299,0.2299,,1,0.2747,0.0448,0.0448,ev,none,live,2026092763BB8AC8,2026-09-22T17:47:03.773Z
2026,3,12561,Lamar Jackson,BAL,QB,at DAL,passYds,Caesars,309.5,over,259.92,370,,0.2128,0.2128,,1,0.2576,0.0448,0.0448,ev,none,live,202609270726D5A2,2026-09-22T17:47:03.773Z
2026,3,15853,George Pickens,DAL,WR,vs BAL,receptions,DraftKings,9.5,over,4.89,1420,,0.0658,0.0658,,1,0.1104,0.0447,0.0447,ev,none,live,202609270726D5A2,2026-09-22T17:47:03.773Z
2026,3,16899,Quentin Johnston,LAC,WR,at BUF,recYds,Hard Rock,55.5,over,42.06,220,-325,0.3125,0.2901,0.0772,0,0.3572,0.0447,0.0671,ev,multiplicative,live,2026092763BB8AC8,2026-09-22T17:47:03.773Z
2026,3,12483,Josh Allen,BUF,QB,vs LAC,passYds,theScore,299.5,over,256.07,325,,0.2353,0.2353,,1,0.2800,0.0447,0.0447,ev,none,live,2026092763BB8AC8,2026-09-22T17:47:03.773Z
2026,3,12483,Josh Allen,BUF,QB,vs LAC,passYds,FanDuel,238.5,over,256.07,-114,-114,0.5327,0.5000,0.0654,0,0.5773,0.0446,0.0773,ev,multiplicative,live,2026092763BB8AC8,2026-09-22T17:47:03.773Z
2026,3,15265,Kyle Pitts,ATL,TE,at GB,recYds,Hard Rock,79.5,under,40.08,-1500,600,0.9375,0.8678,0.0804,0,0.9820,0.0445,0.1142,ev,multiplicative,live,202609250580A50A,2026-09-22T17:47:03.773Z
2026,3,15850,Jahan Dotson,ATL,WR,at GB,recYds,BetMGM,19.5,under,17.4,-111,-120,0.5261,0.4910,0.0715,0,0.5704,0.0444,0.0795,ev,multiplicative,live,202609250580A50A,2026-09-22T17:47:03.773Z
2026,3,14371,Jordan Love,GB,QB,vs ATL,passYds,Hard Rock,127.5,under,232.97,1400,-6000,0.0667,0.0635,0.0503,0,0.1110,0.0444,0.0476,ev,multiplicative,live,202609250580A50A,2026-09-22T17:47:03.773Z
2026,3,17724,Ladd McConkey,LAC,WR,at BUF,receptions,Caesars,4.5,over,4.77,102,-134,0.4950,0.4637,0.0677,0,0.5392,0.0442,0.0755,ev,multiplicative,live,2026092763BB8AC8,2026-09-22T17:47:03.773Z
2026,3,14371,Jordan Love,GB,QB,vs ATL,rushYds,Hard Rock,28.5,under,14.63,-1600,600,0.9412,0.8682,0.0840,0,0.9854,0.0442,0.1172,ev,multiplicative,live,202609250580A50A,2026-09-22T17:47:03.773Z
2026,3,15853,George Pickens,DAL,WR,vs BAL,receptions,Caesars,7.5,over,4.89,400,,0.2000,0.2000,,1,0.2441,0.0441,0.0441,ev,none,live,202609270726D5A2,2026-09-22T17:47:03.773Z
2026,3,18478,Tre Harris,LAC,WR,at BUF,recYds,Hard Rock,48.5,under,34.63,-275,185,0.7333,0.6764,0.0842,0,0.7775,0.0441,0.1011,ev,multiplicative,live,2026092763BB8AC8,2026-09-22T17:47:03.773Z
2026,3,18500,Matthew Golden,GB,WR,vs ATL,receptions,Hard Rock,2.5,under,4,325,-550,0.2353,0.2176,0.0814,0,0.2793,0.0440,0.0618,ev,multiplicative,live,202609250580A50A,2026-09-22T17:47:03.773Z
2026,3,12483,Josh Allen,BUF,QB,vs LAC,passYds,Caesars,269.5,over,256.07,160,,0.3846,0.3846,,1,0.4285,0.0439,0.0439,ev,none,live,2026092763BB8AC8,2026-09-22T17:47:03.773Z
2026,3,10819,Derrick Henry,BAL,RB,at DAL,rushYds,BetRivers,79.5,over,97.69,-186,,0.6503,0.6503,,1,0.6941,0.0437,0.0437,ev,none,live,202609270726D5A2,2026-09-22T17:47:03.773Z
2026,3,12477,DJ Moore,BUF,WR,vs LAC,recYds,Caesars,19.5,over,52.56,-800,,0.8889,0.8889,,1,0.9324,0.0435,0.0435,ev,none,live,2026092763BB8AC8,2026-09-22T17:47:03.773Z
2026,3,12477,DJ Moore,BUF,WR,vs LAC,recYds,theScore,19.5,over,52.56,-800,,0.8889,0.8889,,1,0.9324,0.0435,0.0435,ev,none,live,2026092763BB8AC8,2026-09-22T17:47:03.773Z
2026,3,17700,Michael Penix Jr.,ATL,QB,at GB,rushYds,FanDuel,14.5,over,8.86,426,,0.1901,0.1901,,1,0.2335,0.0434,0.0434,ev,none,live,202609250580A50A,2026-09-22T17:47:03.773Z
2026,3,18445,Omarion Hampton,LAC,RB,at BUF,rushYds,FanDuel,39.5,over,69.88,-343,,0.7743,0.7743,,1,0.8177,0.0434,0.0434,ev,none,live,2026092763BB8AC8,2026-09-22T17:47:03.773Z
2026,3,17724,Ladd McConkey,LAC,WR,at BUF,recYds,BetRivers,39.5,over,64.26,-225,,0.6923,0.6923,,1,0.7357,0.0434,0.0434,ev,none,live,2026092763BB8AC8,2026-09-22T17:47:03.773Z
2026,3,16649,Tucker Kraft,GB,TE,vs ATL,recYds,DraftKings,39.5,over,49.04,-159,,0.6139,0.6139,,1,0.6572,0.0433,0.0433,ev,none,live,202609250580A50A,2026-09-22T17:47:03.773Z
2026,3,15265,Kyle Pitts,ATL,TE,at GB,recYds,Hard Rock,80.5,under,40.08,-1600,600,0.9412,0.8682,0.0840,0,0.9842,0.0430,0.1160,ev,multiplicative,live,202609250580A50A,2026-09-22T17:47:03.773Z
2026,3,16899,Quentin Johnston,LAC,WR,at BUF,recYds,DraftKings,79.5,over,42.06,800,,0.1111,0.1111,,1,0.1540,0.0429,0.0429,ev,none,live,2026092763BB8AC8,2026-09-22T17:47:03.773Z
2026,3,16899,Quentin Johnston,LAC,WR,at BUF,recYds,Caesars,79.5,over,42.06,800,,0.1111,0.1111,,1,0.1540,0.0429,0.0429,ev,none,live,2026092763BB8AC8,2026-09-22T17:47:03.773Z
2026,3,15868,Drake London,ATL,WR,at GB,recYds,Hard Rock,73.5,under,61.67,-180,130,0.6429,0.5965,0.0776,0,0.6858,0.0429,0.0892,ev,multiplicative,live,202609250580A50A,2026-09-22T17:47:03.773Z
2026,3,16739,Bijan Robinson,ATL,RB,at GB,receptions,Hard Rock,7.5,under,4.13,-900,450,0.9000,0.8319,0.0818,0,0.9428,0.0428,0.1108,ev,multiplicative,live,202609250580A50A,2026-09-22T17:47:03.773Z
2026,3,16899,Quentin Johnston,LAC,WR,at BUF,recYds,Hard Rock,10.5,over,42.06,-950,475,0.9048,0.8388,0.0787,0,0.9475,0.0428,0.1087,ev,multiplicative,live,2026092763BB8AC8,2026-09-22T17:47:03.773Z
2026,3,15265,Kyle Pitts,ATL,TE,at GB,recYds,BetRivers,36.5,over,40.08,-113,-118,0.5305,0.4950,0.0718,0,0.5732,0.0427,0.0782,ev,multiplicative,live,202609250580A50A,2026-09-22T17:47:03.773Z
2026,3,15850,Jahan Dotson,ATL,WR,at GB,receptions,Hard Rock,3.5,under,1.43,-750,400,0.8824,0.8152,0.0824,0,0.9250,0.0426,0.1098,ev,multiplicative,live,202609250580A50A,2026-09-22T17:47:03.773Z
2026,3,18445,Omarion Hampton,LAC,RB,at BUF,receptions,FanDuel,4.5,over,2.28,917,,0.0983,0.0983,,1,0.1407,0.0424,0.0424,ev,none,live,2026092763BB8AC8,2026-09-22T17:47:03.773Z
2026,3,12561,Lamar Jackson,BAL,QB,at DAL,passYds,DraftKings,243.5,over,259.92,-112,-112,0.5283,0.5000,0.0566,0,0.5708,0.0424,0.0708,ev,multiplicative,live,202609270726D5A2,2026-09-22T17:47:03.773Z
2026,3,15853,George Pickens,DAL,WR,vs BAL,recYds,BetRivers,29.5,over,75.47,-670,,0.8701,0.8701,,1,0.9125,0.0424,0.0424,ev,none,live,202609270726D5A2,2026-09-22T17:47:03.773Z
2026,3,18500,Matthew Golden,GB,WR,vs ATL,recYds,Hard Rock,7.5,under,52.68,1400,-7000,0.0667,0.0633,0.0526,0,0.1091,0.0424,0.0458,ev,multiplicative,live,202609250580A50A,2026-09-22T17:47:03.773Z
2026,3,12483,Josh Allen,BUF,QB,vs LAC,passYds,Hard Rock,238.5,over,256.07,-115,-115,0.5349,0.5000,0.0698,0,0.5773,0.0424,0.0773,ev,multiplicative,live,2026092763BB8AC8,2026-09-22T17:47:03.773Z
2026,3,18445,Omarion Hampton,LAC,RB,at BUF,rushYds,theScore,44.5,over,69.88,-275,,0.7333,0.7333,,1,0.7756,0.0423,0.0423,ev,none,live,2026092763BB8AC8,2026-09-22T17:47:03.773Z
2026,3,10819,Derrick Henry,BAL,RB,at DAL,rushYds,theScore,44.5,over,97.69,-800,,0.8889,0.8889,,1,0.9311,0.0422,0.0422,ev,none,live,202609270726D5A2,2026-09-22T17:47:03.773Z
2026,3,12477,DJ Moore,BUF,WR,vs LAC,recYds,DraftKings,14.5,over,52.56,-1080,,0.9153,0.9153,,1,0.9572,0.0420,0.0420,ev,none,live,2026092763BB8AC8,2026-09-22T17:47:03.773Z
2026,3,12483,Josh Allen,BUF,QB,vs LAC,passYds,Caesars,299.5,over,256.07,320,,0.2381,0.2381,,1,0.2800,0.0419,0.0419,ev,none,live,2026092763BB8AC8,2026-09-22T17:47:03.773Z
2026,3,12483,Josh Allen,BUF,QB,vs LAC,rushYds,Hard Rock,68.5,under,32.45,-2000,700,0.9524,0.8840,0.0774,0,0.9943,0.0419,0.1103,ev,multiplicative,live,2026092763BB8AC8,2026-09-22T17:47:03.773Z
2026,3,16739,Bijan Robinson,ATL,RB,at GB,rushYds,BetRivers,99.5,over,87.97,205,,0.3279,0.3279,,1,0.3695,0.0417,0.0417,ev,none,live,202609250580A50A,2026-09-22T17:47:03.773Z
2026,3,12483,Josh Allen,BUF,QB,vs LAC,passYds,FanDuel,324.5,over,256.07,627,,0.1376,0.1376,,1,0.1792,0.0417,0.0417,ev,none,live,2026092763BB8AC8,2026-09-22T17:47:03.773Z
2026,3,15853,George Pickens,DAL,WR,vs BAL,recYds,FanDuel,29.5,over,75.47,-674,,0.8708,0.8708,,1,0.9125,0.0417,0.0417,ev,none,live,202609270726D5A2,2026-09-22T17:47:03.773Z
2026,3,15947,Jake Ferguson,DAL,TE,vs BAL,receptions,Caesars,3.5,over,3.73,-117,-112,0.5392,0.5051,0.0675,0,0.5809,0.0417,0.0758,ev,multiplicative,live,202609270726D5A2,2026-09-22T17:47:03.773Z
2026,3,12477,DJ Moore,BUF,WR,vs LAC,receptions,FanDuel,6.5,over,3.37,576,,0.1479,0.1479,,1,0.1895,0.0416,0.0416,ev,none,live,2026092763BB8AC8,2026-09-22T17:47:03.773Z
2026,3,18445,Omarion Hampton,LAC,RB,at BUF,receptions,Hard Rock,3.5,over,2.28,325,-575,0.2353,0.2164,0.0871,0,0.2769,0.0416,0.0605,ev,multiplicative,live,2026092763BB8AC8,2026-09-22T17:47:03.773Z
2026,3,16649,Tucker Kraft,GB,TE,vs ATL,recYds,BetMGM,44.5,over,49.04,-115,-115,0.5349,0.5000,0.0698,0,0.5764,0.0415,0.0764,ev,multiplicative,live,202609250580A50A,2026-09-22T17:47:03.773Z
2026,3,15907,Brian Robinson Jr.,ATL,RB,at GB,rushYds,Hard Rock,57.5,over,22,850,-3000,0.1053,0.0981,0.0730,0,0.1465,0.0412,0.0484,ev,multiplicative,live,202609250580A50A,2026-09-22T17:47:03.773Z
2026,3,12483,Josh Allen,BUF,QB,vs LAC,passYds,Caesars,289.5,over,256.07,250,,0.2857,0.2857,,1,0.3268,0.0411,0.0411,ev,none,live,2026092763BB8AC8,2026-09-22T17:47:03.773Z
2026,3,12483,Josh Allen,BUF,QB,vs LAC,passYds,Hard Rock,318.5,over,256.07,525,-1200,0.1600,0.1477,0.0831,0,0.2011,0.0411,0.0533,ev,multiplicative,live,2026092763BB8AC8,2026-09-22T17:47:03.773Z
2026,3,16899,Quentin Johnston,LAC,WR,at BUF,recYds,Hard Rock,60.5,over,42.06,275,-425,0.2667,0.2478,0.0762,0,0.3078,0.0411,0.0600,ev,multiplicative,live,2026092763BB8AC8,2026-09-22T17:47:03.773Z
2026,3,12483,Josh Allen,BUF,QB,vs LAC,passYds,Caesars,279.5,over,256.07,198,,0.3356,0.3356,,1,0.3766,0.0410,0.0410,ev,none,live,2026092763BB8AC8,2026-09-22T17:47:03.773Z
2026,3,17724,Ladd McConkey,LAC,WR,at BUF,recYds,Hard Rock,73.5,over,64.26,200,-300,0.3333,0.3077,0.0833,0,0.3742,0.0409,0.0665,ev,multiplicative,live,2026092763BB8AC8,2026-09-22T17:47:03.773Z
2026,3,18445,Omarion Hampton,LAC,RB,at BUF,rushYds,FanDuel,99.5,over,69.88,427,,0.1898,0.1898,,1,0.2306,0.0408,0.0408,ev,none,live,2026092763BB8AC8,2026-09-22T17:47:03.773Z
2026,3,16649,Tucker Kraft,GB,TE,vs ATL,recYds,Hard Rock,79.5,under,49.04,-600,350,0.8571,0.7941,0.0794,0,0.8979,0.0408,0.1038,ev,multiplicative,live,202609250580A50A,2026-09-22T17:47:03.773Z
2026,3,16649,Tucker Kraft,GB,TE,vs ATL,recYds,Hard Rock,86.5,under,49.04,-900,450,0.9000,0.8319,0.0818,0,0.9408,0.0408,0.1089,ev,multiplicative,live,202609250580A50A,2026-09-22T17:47:03.773Z
2026,3,11008,Dak Prescott,DAL,QB,vs BAL,rushAtt,Hard Rock,1.5,over,2.62,-500,,0.8333,0.8333,,1,0.8738,0.0405,0.0405,ev,none,live,202609270726D5A2,2026-09-22T17:47:03.773Z
2026,3,18445,Omarion Hampton,LAC,RB,at BUF,recYds,BetRivers,10.5,over,12.02,-110,-121,0.5238,0.4889,0.0713,0,0.5642,0.0404,0.0753,ev,multiplicative,live,2026092763BB8AC8,2026-09-22T17:47:03.773Z
2026,3,12561,Lamar Jackson,BAL,QB,at DAL,passYds,FanDuel,224.5,over,259.92,-156,,0.6094,0.6094,,1,0.6497,0.0404,0.0404,ev,none,live,202609270726D5A2,2026-09-22T17:47:03.773Z
2026,3,12483,Josh Allen,BUF,QB,vs LAC,rushYds,Hard Rock,39.5,under,32.45,-185,130,0.6491,0.5989,0.0839,0,0.6895,0.0403,0.0906,ev,multiplicative,live,2026092763BB8AC8,2026-09-22T17:47:03.773Z
2026,3,15265,Kyle Pitts,ATL,TE,at GB,recYds,DraftKings,39.5,over,40.08,112,,0.4717,0.4717,,1,0.5119,0.0402,0.0402,ev,none,live,202609250580A50A,2026-09-22T17:47:03.773Z
2026,3,12483,Josh Allen,BUF,QB,vs LAC,passYds,Caesars,239.5,over,256.07,-114,-114,0.5327,0.5000,0.0654,0,0.5730,0.0402,0.0730,ev,multiplicative,live,2026092763BB8AC8,2026-09-22T17:47:03.773Z
2026,3,16741,Chris Brooks,GB,RB,vs ATL,recYds,BetMGM,7.5,over,9.58,-120,-110,0.5455,0.5101,0.0693,0,0.5856,0.0401,0.0755,ev,multiplicative,live,202609250580A50A,2026-09-22T17:47:03.773Z
2026,3,16899,Quentin Johnston,LAC,WR,at BUF,receptions,FanDuel,4.5,over,2.74,266,,0.2732,0.2732,,1,0.3133,0.0401,0.0401,ev,none,live,2026092763BB8AC8,2026-09-22T17:47:03.773Z
2026,3,12561,Lamar Jackson,BAL,QB,at DAL,passYds,Hard Rock,338.5,over,259.92,800,-2500,0.1111,0.1036,0.0726,0,0.1511,0.0400,0.0476,ev,multiplicative,live,202609270726D5A2,2026-09-22T17:47:03.773Z
2026,3,15850,Jahan Dotson,ATL,WR,at GB,recYds,Caesars,19.5,under,17.4,-113,-117,0.5305,0.4960,0.0697,0,0.5704,0.0399,0.0745,ev,multiplicative,live,202609250580A50A,2026-09-22T17:47:03.773Z
2026,3,16899,Quentin Johnston,LAC,WR,at BUF,recYds,theScore,59.5,over,42.06,260,,0.2778,0.2778,,1,0.3174,0.0397,0.0397,ev,none,live,2026092763BB8AC8,2026-09-22T17:47:03.773Z
2026,3,14371,Jordan Love,GB,QB,vs ATL,rushYds,Hard Rock,24.5,under,14.63,-900,450,0.9000,0.8319,0.0818,0,0.9396,0.0396,0.1077,ev,multiplicative,live,202609250580A50A,2026-09-22T17:47:03.773Z
2026,3,12477,DJ Moore,BUF,WR,vs LAC,receptions,Hard Rock,7.5,over,3.37,1100,-4000,0.0833,0.0787,0.0589,0,0.1229,0.0396,0.0442,ev,multiplicative,live,2026092763BB8AC8,2026-09-22T17:47:03.773Z
2026,3,11008,Dak Prescott,DAL,QB,vs BAL,passYds,Hard Rock,224.5,under,260.17,230,-350,0.3030,0.2804,0.0808,0,0.3426,0.0396,0.0622,ev,multiplicative,live,202609270726D5A2,2026-09-22T17:47:03.773Z
2026,3,16739,Bijan Robinson,ATL,RB,at GB,rushAtt,Hard Rock,11.5,over,18.91,-1800,,0.9474,0.9474,,1,0.9868,0.0395,0.0395,ev,none,live,202609250580A50A,2026-09-22T17:47:03.773Z
2026,3,16741,Chris Brooks,GB,RB,vs ATL,rushYds,Hard Rock,46.5,under,28.67,-1800,650,0.9474,0.8766,0.0807,0,0.9868,0.0394,0.1101,ev,multiplicative,live,202609250580A50A,2026-09-22T17:47:03.773Z
2026,3,15946,Christian Watson,GB,WR,vs ATL,receptions,FanDuel,4.5,under,3.95,-108,-122,0.5192,0.4858,0.0688,0,0.5585,0.0393,0.0727,ev,multiplicative,live,202609250580A50A,2026-09-22T17:47:03.773Z
2026,3,12477,DJ Moore,BUF,WR,vs LAC,recYds,BetRivers,19.5,over,52.56,-835,,0.8930,0.8930,,1,0.9324,0.0393,0.0393,ev,none,live,2026092763BB8AC8,2026-09-22T17:47:03.773Z
2026,3,15306,Javonte Williams,DAL,RB,vs BAL,rushAtt,DraftKings,9.5,over,17.31,-660,,0.8684,0.8684,,1,0.9077,0.0393,0.0393,ev,none,live,202609270726D5A2,2026-09-22T17:47:03.773Z
2026,3,17724,Ladd McConkey,LAC,WR,at BUF,receptions,FanDuel,4.5,over,4.77,100,-132,0.5000,0.4677,0.0690,0,0.5392,0.0392,0.0715,ev,multiplicative,live,2026092763BB8AC8,2026-09-22T17:47:03.773Z
2026,3,17724,Ladd McConkey,LAC,WR,at BUF,receptions,DraftKings,9.5,over,4.77,2300,,0.0417,0.0417,,1,0.0809,0.0392,0.0392,ev,none,live,2026092763BB8AC8,2026-09-22T17:47:03.773Z
2026,3,17724,Ladd McConkey,LAC,WR,at BUF,receptions,BetRivers,4.5,over,4.77,100,,0.5000,0.5000,,1,0.5392,0.0392,0.0392,ev,none,live,2026092763BB8AC8,2026-09-22T17:47:03.773Z
2026,3,17724,Ladd McConkey,LAC,WR,at BUF,receptions,Hard Rock,4.5,over,4.77,100,-130,0.5000,0.4694,0.0652,0,0.5392,0.0392,0.0698,ev,multiplicative,live,2026092763BB8AC8,2026-09-22T17:47:03.773Z
2026,3,11008,Dak Prescott,DAL,QB,vs BAL,passYds,Hard Rock,225.5,under,260.17,225,-350,0.3077,0.2835,0.0855,0,0.3468,0.0391,0.0633,ev,multiplicative,live,202609270726D5A2,2026-09-22T17:47:03.773Z
2026,3,17795,MarShawn Lloyd,GB,RB,vs ATL,rushYds,theScore,74.5,over,45.05,650,,0.1333,0.1333,,1,0.1723,0.0390,0.0390,ev,none,live,202609250580A50A,2026-09-22T17:47:03.773Z
2026,3,15853,George Pickens,DAL,WR,vs BAL,receptions,Hard Rock,9.5,over,4.89,1300,-5000,0.0714,0.0679,0.0518,0,0.1104,0.0390,0.0425,ev,multiplicative,live,202609270726D5A2,2026-09-22T17:47:03.773Z
2026,3,15907,Brian Robinson Jr.,ATL,RB,at GB,rushYds,Caesars,39.5,over,22,280,,0.2632,0.2632,,1,0.3021,0.0389,0.0389,ev,none,live,202609250580A50A,2026-09-22T17:47:03.773Z
2026,3,16649,Tucker Kraft,GB,TE,vs ATL,recYds,Caesars,39.5,over,49.04,-162,,0.6183,0.6183,,1,0.6572,0.0389,0.0389,ev,none,live,202609250580A50A,2026-09-22T17:47:03.773Z
2026,3,14446,Justin Herbert,LAC,QB,at BUF,rushYds,FanDuel,9.5,over,22.63,-441,,0.8152,0.8152,,1,0.8538,0.0387,0.0387,ev,none,live,2026092763BB8AC8,2026-09-22T17:47:03.773Z
2026,3,15853,George Pickens,DAL,WR,vs BAL,receptions,DraftKings,6.5,over,4.89,238,,0.2959,0.2959,,1,0.3345,0.0386,0.0386,ev,none,live,202609270726D5A2,2026-09-22T17:47:03.773Z
2026,3,16649,Tucker Kraft,GB,TE,vs ATL,recYds,Hard Rock,91.5,under,49.04,-1200,550,0.9231,0.8571,0.0769,0,0.9616,0.0386,0.1045,ev,multiplicative,live,202609250580A50A,2026-09-22T17:47:03.773Z
2026,3,15306,Javonte Williams,DAL,RB,vs BAL,recYds,Hard Rock,56.5,under,15.36,-2500,800,0.9615,0.8964,0.0726,0,1.0000,0.0385,0.1036,ev,multiplicative,live,202609270726D5A2,2026-09-22T17:47:03.773Z
2026,3,16899,Quentin Johnston,LAC,WR,at BUF,receptions,FanDuel,7.5,over,2.74,1696,,0.0557,0.0557,,1,0.0941,0.0384,0.0384,ev,none,live,2026092763BB8AC8,2026-09-22T17:47:03.773Z
2026,3,15850,Jahan Dotson,ATL,WR,at GB,recYds,Hard Rock,64.5,under,17.4,-2500,750,0.9615,0.8910,0.0792,0,1.0000,0.0384,0.1090,ev,multiplicative,live,202609250580A50A,2026-09-22T17:47:03.773Z
2026,3,16649,Tucker Kraft,GB,TE,vs ATL,recYds,Hard Rock,31.5,over,49.04,-275,195,0.7333,0.6839,0.0723,0,0.7717,0.0384,0.0878,ev,multiplicative,live,202609250580A50A,2026-09-22T17:47:03.773Z
2026,3,11008,Dak Prescott,DAL,QB,vs BAL,rushYds,Hard Rock,37.5,under,9.5,-2500,750,0.9615,0.8910,0.0792,0,0.9999,0.0384,0.1089,ev,multiplicative,live,202609270726D5A2,2026-09-22T17:47:03.773Z
2026,3,12483,Josh Allen,BUF,QB,vs LAC,passYds,DraftKings,349.5,over,256.07,1400,,0.0667,0.0667,,1,0.1050,0.0383,0.0383,ev,none,live,2026092763BB8AC8,2026-09-22T17:47:03.773Z
2026,3,17724,Ladd McConkey,LAC,WR,at BUF,receptions,Hard Rock,9.5,over,4.77,2250,,0.0426,0.0426,,1,0.0809,0.0383,0.0383,ev,none,live,2026092763BB8AC8,2026-09-22T17:47:03.773Z
2026,3,16741,Chris Brooks,GB,RB,vs ATL,recYds,FanDuel,9.5,over,9.58,115,,0.4651,0.4651,,1,0.5033,0.0382,0.0382,ev,none,live,202609250580A50A,2026-09-22T17:47:03.773Z
2026,3,15907,Brian Robinson Jr.,ATL,RB,at GB,rushYds,Hard Rock,62.5,over,22,1200,-5000,0.0769,0.0728,0.0573,0,0.1151,0.0382,0.0424,ev,multiplicative,live,202609250580A50A,2026-09-22T17:47:03.773Z
2026,3,18500,Matthew Golden,GB,WR,vs ATL,receptions,Hard Rock,5.5,over,4,210,-325,0.3226,0.2967,0.0873,0,0.3608,0.0382,0.0641,ev,multiplicative,live,202609250580A50A,2026-09-22T17:47:03.773Z
2026,3,12483,Josh Allen,BUF,QB,vs LAC,passYds,theScore,239.5,over,256.07,-115,-115,0.5349,0.5000,0.0698,0,0.5730,0.0381,0.0730,ev,multiplicative,live,2026092763BB8AC8,2026-09-22T17:47:03.773Z
2026,3,16741,Chris Brooks,GB,RB,vs ATL,recYds,Hard Rock,24.5,under,9.58,-850,450,0.8947,0.8311,0.0766,0,0.9326,0.0378,0.1015,ev,multiplicative,live,202609250580A50A,2026-09-22T17:47:03.773Z
2026,3,15850,Jahan Dotson,ATL,WR,at GB,recYds,FanDuel,19.5,under,17.4,-114,-114,0.5327,0.5000,0.0654,0,0.5704,0.0377,0.0704,ev,multiplicative,live,202609250580A50A,2026-09-22T17:47:03.773Z
2026,3,12561,Lamar Jackson,BAL,QB,at DAL,passYds,Caesars,329.5,over,259.92,600,,0.1429,0.1429,,1,0.1805,0.0377,0.0377,ev,none,live,202609270726D5A2,2026-09-22T17:47:03.773Z
2026,3,12483,Josh Allen,BUF,QB,vs LAC,passYds,Caesars,319.5,over,256.07,525,,0.1600,0.1600,,1,0.1973,0.0373,0.0373,ev,none,live,2026092763BB8AC8,2026-09-22T17:47:03.773Z
2026,3,15265,Kyle Pitts,ATL,TE,at GB,recYds,theScore,19.5,over,40.08,-450,,0.8182,0.8182,,1,0.8555,0.0373,0.0373,ev,none,live,202609250580A50A,2026-09-22T17:47:03.773Z
2026,3,12483,Josh Allen,BUF,QB,vs LAC,passYds,Hard Rock,138.5,under,256.07,1600,-8000,0.0588,0.0562,0.0465,0,0.0960,0.0371,0.0397,ev,multiplicative,live,2026092763BB8AC8,2026-09-22T17:47:03.773Z
2026,3,16899,Quentin Johnston,LAC,WR,at BUF,recYds,Caesars,69.5,over,42.06,425,,0.1905,0.1905,,1,0.2275,0.0370,0.0370,ev,none,live,2026092763BB8AC8,2026-09-22T17:47:03.773Z
2026,3,16649,Tucker Kraft,GB,TE,vs ATL,recYds,Hard Rock,81.5,under,49.04,-700,375,0.8750,0.8061,0.0855,0,0.9120,0.0370,0.1059,ev,multiplicative,live,202609250580A50A,2026-09-22T17:47:03.773Z
2026,3,15876,James Cook,BUF,RB,vs LAC,rushYds,Caesars,81.5,under,76.14,-113,-115,0.5305,0.4980,0.0654,0,0.5674,0.0369,0.0695,ev,multiplicative,live,2026092763BB8AC8,2026-09-22T17:47:03.773Z
2026,3,15853,George Pickens,DAL,WR,vs BAL,recYds,Caesars,109.5,over,75.47,575,,0.1481,0.1481,,1,0.1851,0.0369,0.0369,ev,none,live,202609270726D5A2,2026-09-22T17:47:03.773Z
2026,3,15876,James Cook,BUF,RB,vs LAC,rushYds,Hard Rock,86.5,under,76.14,-145,105,0.5918,0.5482,0.0796,0,0.6286,0.0368,0.0804,ev,multiplicative,live,2026092763BB8AC8,2026-09-22T17:47:03.773Z
2026,3,10819,Derrick Henry,BAL,RB,at DAL,rushYds,Hard Rock,58.5,over,97.69,-475,275,0.8261,0.7560,0.0928,0,0.8628,0.0368,0.1069,ev,multiplicative,live,202609270726D5A2,2026-09-22T17:47:03.773Z
2026,3,16741,Chris Brooks,GB,RB,vs ATL,rushYds,Caesars,9.5,over,28.67,-325,,0.7647,0.7647,,1,0.8014,0.0367,0.0367,ev,none,live,202609250580A50A,2026-09-22T17:47:03.773Z
2026,3,12483,Josh Allen,BUF,QB,vs LAC,passYds,Caesars,309.5,over,256.07,400,,0.2000,0.2000,,1,0.2367,0.0367,0.0367,ev,none,live,2026092763BB8AC8,2026-09-22T17:47:03.773Z
2026,3,12561,Lamar Jackson,BAL,QB,at DAL,passYds,DraftKings,349.5,over,259.92,1100,,0.0833,0.0833,,1,0.1198,0.0365,0.0365,ev,none,live,202609270726D5A2,2026-09-22T17:47:03.773Z
2026,3,10819,Derrick Henry,BAL,RB,at DAL,rushYds,Hard Rock,99.5,over,97.69,125,-180,0.4444,0.4088,0.0873,0,0.4809,0.0365,0.0722,ev,multiplicative,live,202609270726D5A2,2026-09-22T17:47:03.773Z
2026,3,12483,Josh Allen,BUF,QB,vs LAC,passYds,Hard Rock,324.5,over,256.07,600,-1500,0.1429,0.1322,0.0804,0,0.1792,0.0364,0.0470,ev,multiplicative,live,2026092763BB8AC8,2026-09-22T17:47:03.773Z
2026,3,12483,Josh Allen,BUF,QB,vs LAC,passYds,theScore,324.5,over,256.07,600,,0.1429,0.1429,,1,0.1792,0.0364,0.0364,ev,none,live,2026092763BB8AC8,2026-09-22T17:47:03.773Z
2026,3,17700,Michael Penix Jr.,ATL,QB,at GB,rushYds,DraftKings,14.5,over,8.86,407,,0.1972,0.1972,,1,0.2335,0.0363,0.0363,ev,none,live,202609250580A50A,2026-09-22T17:47:03.773Z
2026,3,18515,Kaleb Johnson,GB,RB,vs ATL,rushYds,Hard Rock,72.5,under,21.07,-1400,600,0.9333,0.8673,0.0762,0,0.9697,0.0363,0.1024,ev,multiplicative,live,202609250580A50A,2026-09-22T17:47:03.773Z
2026,3,12561,Lamar Jackson,BAL,QB,at DAL,passYds,DraftKings,239.5,over,259.92,-123,,0.5516,0.5516,,1,0.5877,0.0362,0.0362,ev,none,live,202609270726D5A2,2026-09-22T17:47:03.773Z
2026,3,14371,Jordan Love,GB,QB,vs ATL,passYds,Hard Rock,147.5,under,232.97,700,-2200,0.1250,0.1156,0.0815,0,0.1612,0.0362,0.0456,ev,multiplicative,live,202609250580A50A,2026-09-22T17:47:03.773Z
2026,3,16899,Quentin Johnston,LAC,WR,at BUF,recYds,FanDuel,9.5,over,42.06,-1101,,0.9167,0.9167,,1,0.9528,0.0361,0.0361,ev,none,live,2026092763BB8AC8,2026-09-22T17:47:03.773Z
2026,3,18478,Tre Harris,LAC,WR,at BUF,recYds,Hard Rock,13.5,under,34.63,325,-550,0.2353,0.2176,0.0814,0,0.2713,0.0360,0.0538,ev,multiplicative,live,2026092763BB8AC8,2026-09-22T17:47:03.773Z
2026,3,15853,George Pickens,DAL,WR,vs BAL,receptions,Hard Rock,10.5,over,4.89,3000,,0.0323,0.0323,,1,0.0681,0.0359,0.0359,ev,none,live,202609270726D5A2,2026-09-22T17:47:03.773Z
2026,3,12561,Lamar Jackson,BAL,QB,at DAL,completions,DraftKings,23.5,over,18.74,444,,0.1838,0.1838,,1,0.2196,0.0358,0.0358,ev,none,live,202609270726D5A2,2026-09-22T17:47:03.773Z
2026,3,15265,Kyle Pitts,ATL,TE,at GB,recYds,FanDuel,39.5,over,40.08,110,,0.4762,0.4762,,1,0.5119,0.0357,0.0357,ev,none,live,202609250580A50A,2026-09-22T17:47:03.773Z
2026,3,15265,Kyle Pitts,ATL,TE,at GB,recYds,Hard Rock,39.5,over,40.08,110,-155,0.4762,0.4393,0.0840,0,0.5119,0.0357,0.0726,ev,multiplicative,live,202609250580A50A,2026-09-22T17:47:03.773Z
2026,3,12477,DJ Moore,BUF,WR,vs LAC,receptions,Hard Rock,6.5,over,3.37,550,-1300,0.1538,0.1421,0.0824,0,0.1895,0.0357,0.0474,ev,multiplicative,live,2026092763BB8AC8,2026-09-22T17:47:03.773Z
2026,3,14446,Justin Herbert,LAC,QB,at BUF,rushYds,Hard Rock,9.5,over,22.63,-450,275,0.8182,0.7542,0.0848,0,0.8538,0.0357,0.0996,ev,multiplicative,live,2026092763BB8AC8,2026-09-22T17:47:03.773Z
2026,3,15850,Jahan Dotson,ATL,WR,at GB,recYds,BetRivers,19.5,under,17.4,-115,-113,0.5349,0.5020,0.0654,0,0.5704,0.0356,0.0684,ev,multiplicative,live,202609250580A50A,2026-09-22T17:47:03.773Z
2026,3,15850,Jahan Dotson,ATL,WR,at GB,recYds,Hard Rock,19.5,under,17.4,-115,-115,0.5349,0.5000,0.0698,0,0.5704,0.0356,0.0704,ev,multiplicative,live,202609250580A50A,2026-09-22T17:47:03.773Z
2026,3,15265,Kyle Pitts,ATL,TE,at GB,recYds,Hard Rock,85.5,under,40.08,-2200,750,0.9565,0.8905,0.0742,0,0.9922,0.0356,0.1017,ev,multiplicative,live,202609250580A50A,2026-09-22T17:47:03.773Z
2026,3,15868,Drake London,ATL,WR,at GB,receptions,Hard Rock,4.5,under,4.64,130,-185,0.4348,0.4011,0.0839,0,0.4704,0.0356,0.0692,ev,multiplicative,live,202609250580A50A,2026-09-22T17:47:03.773Z
2026,3,15265,Kyle Pitts,ATL,TE,at GB,recYds,FanDuel,14.5,over,40.08,-674,,0.8708,0.8708,,1,0.9063,0.0355,0.0355,ev,none,live,202609250580A50A,2026-09-22T17:47:03.773Z
2026,3,15853,George Pickens,DAL,WR,vs BAL,receptions,Hard Rock,8.5,over,4.89,650,-1800,0.1333,0.1234,0.0807,0,0.1689,0.0355,0.0455,ev,multiplicative,live,202609270726D5A2,2026-09-22T17:47:03.773Z
2026,3,15947,Jake Ferguson,DAL,TE,vs BAL,receptions,FanDuel,3.5,over,3.73,-120,-108,0.5455,0.5123,0.0647,0,0.5809,0.0354,0.0686,ev,multiplicative,live,202609270726D5A2,2026-09-22T17:47:03.773Z
2026,3,10819,Derrick Henry,BAL,RB,at DAL,rushYds,FanDuel,79.5,over,97.69,-193,,0.6587,0.6587,,1,0.6941,0.0354,0.0354,ev,none,live,202609270726D5A2,2026-09-22T17:47:03.773Z
2026,3,15947,Jake Ferguson,DAL,TE,vs BAL,receptions,Hard Rock,3.5,over,3.73,-120,-110,0.5455,0.5101,0.0693,0,0.5809,0.0354,0.0707,ev,multiplicative,live,202609270726D5A2,2026-09-22T17:47:03.773Z
2026,3,16899,Quentin Johnston,LAC,WR,at BUF,recYds,Hard Rock,64.5,over,42.06,325,-525,0.2353,0.2188,0.0753,0,0.2706,0.0353,0.0518,ev,multiplicative,live,2026092763BB8AC8,2026-09-22T17:47:03.773Z
2026,3,16899,Quentin Johnston,LAC,WR,at BUF,recYds,BetRivers,69.5,over,42.06,420,,0.1923,0.1923,,1,0.2275,0.0352,0.0352,ev,none,live,2026092763BB8AC8,2026-09-22T17:47:03.773Z
2026,3,12561,Lamar Jackson,BAL,QB,at DAL,passYds,Caesars,319.5,over,259.92,450,,0.1818,0.1818,,1,0.2171,0.0352,0.0352,ev,none,live,202609270726D5A2,2026-09-22T17:47:03.773Z
2026,3,15265,Kyle Pitts,ATL,TE,at GB,recYds,Hard Rock,60.5,under,40.08,-475,300,0.8261,0.7677,0.0761,0,0.8613,0.0352,0.0936,ev,multiplicative,live,202609250580A50A,2026-09-22T17:47:03.773Z
2026,3,16741,Chris Brooks,GB,RB,vs ATL,recYds,Hard Rock,27.5,under,9.58,-1300,575,0.9286,0.8624,0.0767,0,0.9638,0.0352,0.1013,ev,multiplicative,live,202609250580A50A,2026-09-22T17:47:03.773Z
2026,3,12561,Lamar Jackson,BAL,QB,at DAL,rushYds,theScore,24.5,over,52.86,-350,,0.7778,0.7778,,1,0.8127,0.0350,0.0350,ev,none,live,202609270726D5A2,2026-09-22T17:47:03.773Z
2026,3,17795,MarShawn Lloyd,GB,RB,vs ATL,rushYds,Hard Rock,3.5,under,45.05,1750,-8000,0.0541,0.0519,0.0417,0,0.0889,0.0349,0.0370,ev,multiplicative,live,202609250580A50A,2026-09-22T17:47:03.773Z
2026,3,18478,Tre Harris,LAC,WR,at BUF,recYds,Hard Rock,83.5,under,34.63,-2500,750,0.9615,0.8910,0.0792,0,0.9964,0.0349,0.1055,ev,multiplicative,live,2026092763BB8AC8,2026-09-22T17:47:03.773Z
2026,3,15876,James Cook,BUF,RB,vs LAC,rushYds,FanDuel,81.5,under,76.14,-114,-114,0.5327,0.5000,0.0654,0,0.5674,0.0347,0.0674,ev,multiplicative,live,2026092763BB8AC8,2026-09-22T17:47:03.773Z
2026,3,15876,James Cook,BUF,RB,vs LAC,rushYds,BetRivers,81.5,under,76.14,-114,-115,0.5327,0.4990,0.0676,0,0.5674,0.0347,0.0684,ev,multiplicative,live,2026092763BB8AC8,2026-09-22T17:47:03.773Z
2026,3,15907,Brian Robinson Jr.,ATL,RB,at GB,rushYds,theScore,29.5,over,22,165,,0.3774,0.3774,,1,0.4121,0.0347,0.0347,ev,none,live,202609250580A50A,2026-09-22T17:47:03.773Z
2026,3,12483,Josh Allen,BUF,QB,vs LAC,rushYds,Hard Rock,38.5,under,32.45,-170,125,0.6296,0.5862,0.0741,0,0.6643,0.0347,0.0781,ev,multiplicative,live,2026092763BB8AC8,2026-09-22T17:47:03.773Z
2026,3,14371,Jordan Love,GB,QB,vs ATL,passYds,Hard Rock,137.5,under,232.97,900,-4000,0.1000,0.0930,0.0756,0,0.1345,0.0345,0.0415,ev,multiplicative,live,202609250580A50A,2026-09-22T17:47:03.773Z
2026,3,12477,DJ Moore,BUF,WR,vs LAC,recYds,Hard Rock,44.5,over,52.56,-155,110,0.6078,0.5607,0.0840,0,0.6421,0.0343,0.0814,ev,multiplicative,live,2026092763BB8AC8,2026-09-22T17:47:03.773Z
2026,3,15947,Jake Ferguson,DAL,TE,vs BAL,recYds,Hard Rock,7.5,over,34.7,-1400,575,0.9333,0.8630,0.0815,0,0.9677,0.0343,0.1047,ev,multiplicative,live,202609270726D5A2,2026-09-22T17:47:03.773Z
2026,3,12561,Lamar Jackson,BAL,QB,at DAL,passYds,theScore,224.5,over,259.92,-160,,0.6154,0.6154,,1,0.6497,0.0343,0.0343,ev,none,live,202609270726D5A2,2026-09-22T17:47:03.773Z
2026,3,16739,Bijan Robinson,ATL,RB,at GB,rushAtt,BetRivers,19.5,over,18.91,145,,0.4082,0.4082,,1,0.4423,0.0341,0.0341,ev,none,live,202609250580A50A,2026-09-22T17:47:03.773Z
2026,3,16739,Bijan Robinson,ATL,RB,at GB,rushYds,Caesars,49.5,over,87.97,-700,,0.8750,0.8750,,1,0.9089,0.0339,0.0339,ev,none,live,202609250580A50A,2026-09-22T17:47:03.773Z
2026,3,12561,Lamar Jackson,BAL,QB,at DAL,completions,DraftKings,25.5,over,18.74,880,,0.1020,0.1020,,1,0.1360,0.0339,0.0339,ev,none,live,202609270726D5A2,2026-09-22T17:47:03.773Z
2026,3,12477,DJ Moore,BUF,WR,vs LAC,receptions,Caesars,3.5,under,3.37,108,-141,0.4808,0.4511,0.0658,0,0.5146,0.0338,0.0635,ev,multiplicative,live,2026092763BB8AC8,2026-09-22T17:47:03.773Z
2026,3,16649,Tucker Kraft,GB,TE,vs ATL,recYds,Hard Rock,76.5,under,49.04,-525,325,0.8400,0.7812,0.0753,0,0.8738,0.0338,0.0927,ev,multiplicative,live,202609250580A50A,2026-09-22T17:47:03.773Z
2026,3,16741,Chris Brooks,GB,RB,vs ATL,rushYds,Hard Rock,49.5,under,28.67,-2500,750,0.9615,0.8910,0.0792,0,0.9952,0.0337,0.1042,ev,multiplicative,live,202609250580A50A,2026-09-22T17:47:03.773Z
2026,3,15853,George Pickens,DAL,WR,vs BAL,recYds,Hard Rock,24.5,over,75.47,-900,450,0.9000,0.8319,0.0818,0,0.9337,0.0337,0.1018,ev,multiplicative,live,202609270726D5A2,2026-09-22T17:47:03.773Z
2026,3,14371,Jordan Love,GB,QB,vs ATL,passYds,Hard Rock,149.5,under,232.97,650,-1800,0.1333,0.1234,0.0807,0,0.1669,0.0336,0.0436,ev,multiplicative,live,202609250580A50A,2026-09-22T17:47:03.773Z
2026,3,15853,George Pickens,DAL,WR,vs BAL,receptions,Hard Rock,7.5,over,4.89,375,-650,0.2105,0.1954,0.0772,0,0.2441,0.0336,0.0487,ev,multiplicative,live,202609270726D5A2,2026-09-22T17:47:03.773Z
2026,3,16649,Tucker Kraft,GB,TE,vs ATL,recYds,FanDuel,29.5,over,49.04,-322,,0.7630,0.7630,,1,0.7966,0.0335,0.0335,ev,none,live,202609250580A50A,2026-09-22T17:47:03.773Z
2026,3,12483,Josh Allen,BUF,QB,vs LAC,passYds,Caesars,349.5,over,256.07,1300,,0.0714,0.0714,,1,0.1050,0.0335,0.0335,ev,none,live,2026092763BB8AC8,2026-09-22T17:47:03.773Z
2026,3,10819,Derrick Henry,BAL,RB,at DAL,rushYds,FanDuel,69.5,over,97.69,-301,,0.7506,0.7506,,1,0.7842,0.0335,0.0335,ev,none,live,202609270726D5A2,2026-09-22T17:47:03.773Z
2026,3,12561,Lamar Jackson,BAL,QB,at DAL,passYds,Hard Rock,228.5,over,259.92,-150,110,0.6000,0.5575,0.0762,0,0.6335,0.0335,0.0760,ev,multiplicative,live,202609270726D5A2,2026-09-22T17:47:03.773Z
2026,3,17795,MarShawn Lloyd,GB,RB,vs ATL,rushYds,DraftKings,89.5,over,45.05,2200,,0.0435,0.0435,,1,0.0769,0.0334,0.0334,ev,none,live,202609250580A50A,2026-09-22T17:47:03.773Z
2026,3,15853,George Pickens,DAL,WR,vs BAL,receptions,FanDuel,8.5,over,4.89,638,,0.1355,0.1355,,1,0.1689,0.0334,0.0334,ev,none,live,202609270726D5A2,2026-09-22T17:47:03.773Z
2026,3,17724,Ladd McConkey,LAC,WR,at BUF,recYds,DraftKings,39.5,over,64.26,-236,,0.7024,0.7024,,1,0.7357,0.0333,0.0333,ev,none,live,2026092763BB8AC8,2026-09-22T17:47:03.773Z
2026,3,12483,Josh Allen,BUF,QB,vs LAC,passYds,Caesars,329.5,over,256.07,675,,0.1290,0.1290,,1,0.1622,0.0332,0.0332,ev,none,live,2026092763BB8AC8,2026-09-22T17:47:03.773Z
2026,3,15907,Brian Robinson Jr.,ATL,RB,at GB,rushYds,Hard Rock,32.5,over,22,190,-275,0.3448,0.3198,0.0782,0,0.3779,0.0331,0.0581,ev,multiplicative,live,202609250580A50A,2026-09-22T17:47:03.773Z
2026,3,10819,Derrick Henry,BAL,RB,at DAL,rushYds,FanDuel,89.5,over,97.69,-126,,0.5575,0.5575,,1,0.5904,0.0328,0.0328,ev,none,live,202609270726D5A2,2026-09-22T17:47:03.773Z
2026,3,11008,Dak Prescott,DAL,QB,vs BAL,int,BetRivers,0.5,under,0.59,-109,-121,0.5215,0.4878,0.0690,0,0.5543,0.0328,0.0665,ev,multiplicative,live,202609270726D5A2,2026-09-22T17:47:03.773Z
2026,3,14446,Justin Herbert,LAC,QB,at BUF,passYds,Hard Rock,121.5,under,223.25,1400,-6000,0.0667,0.0635,0.0503,0,0.0993,0.0327,0.0358,ev,multiplicative,live,2026092763BB8AC8,2026-09-22T17:47:03.773Z
2026,3,12561,Lamar Jackson,BAL,QB,at DAL,passYds,Caesars,229.5,over,259.92,-148,,0.5968,0.5968,,1,0.6294,0.0326,0.0326,ev,none,live,202609270726D5A2,2026-09-22T17:47:03.773Z
2026,3,15907,Brian Robinson Jr.,ATL,RB,at GB,rushYds,Hard Rock,64.5,over,22,1300,-6000,0.0714,0.0677,0.0550,0,0.1040,0.0326,0.0363,ev,multiplicative,live,202609250580A50A,2026-09-22T17:47:03.773Z
2026,3,15946,Christian Watson,GB,WR,vs ATL,receptions,BetMGM,4.5,under,3.95,-111,-120,0.5261,0.4910,0.0715,0,0.5585,0.0325,0.0676,ev,multiplicative,live,202609250580A50A,2026-09-22T17:47:03.773Z
2026,3,15853,George Pickens,DAL,WR,vs BAL,recYds,DraftKings,14.5,over,75.47,-1360,,0.9315,0.9315,,1,0.9640,0.0325,0.0325,ev,none,live,202609270726D5A2,2026-09-22T17:47:03.773Z
2026,3,15876,James Cook,BUF,RB,vs LAC,rushYds,Hard Rock,81.5,under,76.14,-115,-115,0.5349,0.5000,0.0698,0,0.5674,0.0325,0.0674,ev,multiplicative,live,2026092763BB8AC8,2026-09-22T17:47:03.773Z
2026,3,16649,Tucker Kraft,GB,TE,vs ATL,receptions,BetRivers,5.5,over,3.83,335,,0.2299,0.2299,,1,0.2623,0.0324,0.0324,ev,none,live,202609250580A50A,2026-09-22T17:47:03.773Z
2026,3,15907,Brian Robinson Jr.,ATL,RB,at GB,rushYds,FanDuel,14.5,over,22,-251,,0.7151,0.7151,,1,0.7475,0.0324,0.0324,ev,none,live,202609250580A50A,2026-09-22T17:47:03.773Z
2026,3,15907,Brian Robinson Jr.,ATL,RB,at GB,rushYds,FanDuel,9.5,over,22,-504,,0.8344,0.8344,,1,0.8667,0.0322,0.0322,ev,none,live,202609250580A50A,2026-09-22T17:47:03.773Z
2026,3,15853,George Pickens,DAL,WR,vs BAL,recYds,Caesars,119.5,over,75.47,1000,,0.0909,0.0909,,1,0.1231,0.0322,0.0322,ev,none,live,202609270726D5A2,2026-09-22T17:47:03.773Z
2026,3,12483,Josh Allen,BUF,QB,vs LAC,passYds,Hard Rock,328.5,over,256.07,650,-1800,0.1333,0.1234,0.0807,0,0.1655,0.0322,0.0421,ev,multiplicative,live,2026092763BB8AC8,2026-09-22T17:47:03.773Z
2026,3,11008,Dak Prescott,DAL,QB,vs BAL,rushYds,Hard Rock,39.5,under,9.5,-3000,800,0.9677,0.8970,0.0789,0,1.0000,0.0322,0.1030,ev,multiplicative,live,202609270726D5A2,2026-09-22T17:47:03.773Z
2026,3,15946,Christian Watson,GB,WR,vs ATL,receptions,DraftKings,7.5,over,3.95,620,,0.1389,0.1389,,1,0.1710,0.0321,0.0321,ev,none,live,202609250580A50A,2026-09-22T17:47:03.773Z
2026,3,16739,Bijan Robinson,ATL,RB,at GB,recYds,Hard Rock,85.5,under,32.4,-3000,800,0.9677,0.8970,0.0789,0,0.9998,0.0321,0.1028,ev,multiplicative,live,202609250580A50A,2026-09-22T17:47:03.773Z
2026,3,14446,Justin Herbert,LAC,QB,at BUF,rushYds,Hard Rock,49.5,under,22.63,-3000,800,0.9677,0.8970,0.0789,0,0.9999,0.0321,0.1029,ev,multiplicative,live,2026092763BB8AC8,2026-09-22T17:47:03.773Z
2026,3,12477,DJ Moore,BUF,WR,vs LAC,receptions,Hard Rock,8.5,over,3.37,2250,,0.0426,0.0426,,1,0.0747,0.0321,0.0321,ev,none,live,2026092763BB8AC8,2026-09-22T17:47:03.773Z
2026,3,12477,DJ Moore,BUF,WR,vs LAC,receptions,DraftKings,5.5,over,3.37,312,,0.2427,0.2427,,1,0.2747,0.0320,0.0320,ev,none,live,2026092763BB8AC8,2026-09-22T17:47:03.773Z
2026,3,15907,Brian Robinson Jr.,ATL,RB,at GB,rushYds,FanDuel,29.5,over,22,163,,0.3802,0.3802,,1,0.4121,0.0319,0.0319,ev,none,live,202609250580A50A,2026-09-22T17:47:03.773Z
2026,3,15853,George Pickens,DAL,WR,vs BAL,recYds,Hard Rock,104.5,over,75.47,425,-750,0.1905,0.1775,0.0728,0,0.2223,0.0318,0.0447,ev,multiplicative,live,202609270726D5A2,2026-09-22T17:47:03.773Z
2026,3,16899,Quentin Johnston,LAC,WR,at BUF,recYds,Caesars,59.5,over,42.06,250,,0.2857,0.2857,,1,0.3174,0.0317,0.0317,ev,none,live,2026092763BB8AC8,2026-09-22T17:47:03.773Z
2026,3,17795,MarShawn Lloyd,GB,RB,vs ATL,rushYds,Caesars,19.5,over,45.05,-325,,0.7647,0.7647,,1,0.7963,0.0316,0.0316,ev,none,live,202609250580A50A,2026-09-22T17:47:03.773Z
2026,3,12483,Josh Allen,BUF,QB,vs LAC,passYds,DraftKings,242.5,over,256.07,-112,-112,0.5283,0.5000,0.0566,0,0.5599,0.0316,0.0599,ev,multiplicative,live,2026092763BB8AC8,2026-09-22T17:47:03.773Z
2026,3,12483,Josh Allen,BUF,QB,vs LAC,passYds,Caesars,249.5,over,256.07,101,,0.4975,0.4975,,1,0.5291,0.0316,0.0316,ev,none,live,2026092763BB8AC8,2026-09-22T17:47:03.773Z
2026,3,12477,DJ Moore,BUF,WR,vs LAC,recYds,BetRivers,48.5,over,52.56,-118,-113,0.5413,0.5050,0.0718,0,0.5728,0.0315,0.0677,ev,multiplicative,live,2026092763BB8AC8,2026-09-22T17:47:03.773Z
2026,3,12561,Lamar Jackson,BAL,QB,at DAL,rushAtt,DraftKings,11.5,over,8.65,1500,,0.0625,0.0625,,1,0.0940,0.0315,0.0315,ev,none,live,202609270726D5A2,2026-09-22T17:47:03.773Z
2026,3,12561,Lamar Jackson,BAL,QB,at DAL,passYds,Hard Rock,348.5,over,259.92,1000,-4000,0.0909,0.0852,0.0665,0,0.1224,0.0315,0.0372,ev,multiplicative,live,202609270726D5A2,2026-09-22T17:47:03.773Z
2026,3,12483,Josh Allen,BUF,QB,vs LAC,passYds,Caesars,339.5,over,256.07,900,,0.1000,0.1000,,1,0.1314,0.0314,0.0314,ev,none,live,2026092763BB8AC8,2026-09-22T17:47:03.773Z
2026,3,15907,Brian Robinson Jr.,ATL,RB,at GB,rushYds,FanDuel,59.5,over,22,879,,0.1021,0.1021,,1,0.1333,0.0312,0.0312,ev,none,live,202609250580A50A,2026-09-22T17:47:03.773Z
2026,3,15265,Kyle Pitts,ATL,TE,at GB,recYds,BetRivers,39.5,over,40.08,108,,0.4808,0.4808,,1,0.5119,0.0312,0.0312,ev,none,live,202609250580A50A,2026-09-22T17:47:03.773Z
2026,3,12477,DJ Moore,BUF,WR,vs LAC,recYds,BetRivers,49.5,over,52.56,-110,,0.5238,0.5238,,1,0.5550,0.0312,0.0312,ev,none,live,2026092763BB8AC8,2026-09-22T17:47:03.773Z
2026,3,10819,Derrick Henry,BAL,RB,at DAL,rushYds,DraftKings,39.5,over,97.69,-1100,,0.9167,0.9167,,1,0.9477,0.0311,0.0311,ev,none,live,202609270726D5A2,2026-09-22T17:47:03.773Z
2026,3,14371,Jordan Love,GB,QB,vs ATL,passYds,Hard Rock,157.5,under,232.97,525,-1100,0.1600,0.1486,0.0767,0,0.1911,0.0311,0.0425,ev,multiplicative,live,202609250580A50A,2026-09-22T17:47:03.773Z
2026,3,12561,Lamar Jackson,BAL,QB,at DAL,passYds,Hard Rock,358.5,over,259.92,1400,-6000,0.0667,0.0635,0.0503,0,0.0978,0.0311,0.0343,ev,multiplicative,live,202609270726D5A2,2026-09-22T17:47:03.773Z
2026,3,17700,Michael Penix Jr.,ATL,QB,at GB,rushYds,Hard Rock,24.5,under,8.86,-1800,650,0.9474,0.8766,0.0807,0,0.9782,0.0308,0.1015,ev,multiplicative,live,202609250580A50A,2026-09-22T17:47:03.773Z
2026,3,10819,Derrick Henry,BAL,RB,at DAL,rushYds,Hard Rock,103.5,over,97.69,145,-200,0.4082,0.3797,0.0748,0,0.4390,0.0308,0.0592,ev,multiplicative,live,202609270726D5A2,2026-09-22T17:47:03.773Z
2026,3,16649,Tucker Kraft,GB,TE,vs ATL,recYds,Hard Rock,26.5,over,49.04,-400,260,0.8000,0.7423,0.0778,0,0.8307,0.0307,0.0884,ev,multiplicative,live,202609250580A50A,2026-09-22T17:47:03.773Z
2026,3,18445,Omarion Hampton,LAC,RB,at BUF,rushYds,theScore,99.5,over,69.88,400,,0.2000,0.2000,,1,0.2306,0.0306,0.0306,ev,none,live,2026092763BB8AC8,2026-09-22T17:47:03.773Z
2026,3,15853,George Pickens,DAL,WR,vs BAL,receptions,FanDuel,7.5,over,4.89,368,,0.2137,0.2137,,1,0.2441,0.0305,0.0305,ev,none,live,202609270726D5A2,2026-09-22T17:47:03.773Z
2026,3,16739,Bijan Robinson,ATL,RB,at GB,rushYds,Hard Rock,39.5,over,87.97,-1200,550,0.9231,0.8571,0.0769,0,0.9536,0.0305,0.0965,ev,multiplicative,live,202609250580A50A,2026-09-22T17:47:03.773Z
2026,3,16739,Bijan Robinson,ATL,RB,at GB,rushYds,FanDuel,39.5,over,87.97,-1202,,0.9232,0.9232,,1,0.9536,0.0304,0.0304,ev,none,live,202609250580A50A,2026-09-22T17:47:03.773Z
2026,3,12561,Lamar Jackson,BAL,QB,at DAL,passYds,Caesars,339.5,over,259.92,750,,0.1176,0.1176,,1,0.1481,0.0304,0.0304,ev,none,live,202609270726D5A2,2026-09-22T17:47:03.773Z
2026,3,14371,Jordan Love,GB,QB,vs ATL,passAtt,theScore,31.5,over,32.45,-105,-125,0.5122,0.4797,0.0678,0,0.5426,0.0304,0.0629,ev,multiplicative,live,202609250580A50A,2026-09-22T17:47:03.773Z
2026,3,12483,Josh Allen,BUF,QB,vs LAC,rushYds,Hard Rock,73.5,under,32.45,-3000,850,0.9677,0.9019,0.0730,0,0.9980,0.0303,0.0961,ev,multiplicative,live,2026092763BB8AC8,2026-09-22T17:47:03.773Z
2026,3,16741,Chris Brooks,GB,RB,vs ATL,rushYds,Hard Rock,51.5,under,28.67,-3000,800,0.9677,0.8970,0.0789,0,0.9978,0.0300,0.1007,ev,multiplicative,live,202609250580A50A,2026-09-22T17:47:03.773Z
2026,3,15907,Brian Robinson Jr.,ATL,RB,at GB,rushYds,Hard Rock,67.5,over,22,1600,-8000,0.0588,0.0562,0.0465,0,0.0889,0.0300,0.0327,ev,multiplicative,live,202609250580A50A,2026-09-22T17:47:03.773Z
2026,3,16739,Bijan Robinson,ATL,RB,at GB,rushAtt,theScore,9.5,over,18.91,-3000,,0.9677,0.9677,,1,0.9976,0.0299,0.0299,ev,none,live,202609250580A50A,2026-09-22T17:47:03.773Z
2026,3,17724,Ladd McConkey,LAC,WR,at BUF,recYds,Hard Rock,39.5,over,64.26,-240,165,0.7059,0.6516,0.0832,0,0.7357,0.0298,0.0841,ev,multiplicative,live,2026092763BB8AC8,2026-09-22T17:47:03.773Z
2026,3,15946,Christian Watson,GB,WR,vs ATL,receptions,DraftKings,8.5,over,3.95,1120,,0.0820,0.0820,,1,0.1116,0.0297,0.0297,ev,none,live,202609250580A50A,2026-09-22T17:47:03.773Z
2026,3,16899,Quentin Johnston,LAC,WR,at BUF,recYds,Caesars,9.5,over,42.06,-1200,,0.9231,0.9231,,1,0.9528,0.0297,0.0297,ev,none,live,2026092763BB8AC8,2026-09-22T17:47:03.773Z
2026,3,17724,Ladd McConkey,LAC,WR,at BUF,recYds,Hard Rock,38.5,over,64.26,-250,180,0.7143,0.6667,0.0714,0,0.7440,0.0297,0.0773,ev,multiplicative,live,2026092763BB8AC8,2026-09-22T17:47:03.773Z
2026,3,16899,Quentin Johnston,LAC,WR,at BUF,recYds,theScore,9.5,over,42.06,-1200,,0.9231,0.9231,,1,0.9528,0.0297,0.0297,ev,none,live,2026092763BB8AC8,2026-09-22T17:47:03.773Z
2026,3,16649,Tucker Kraft,GB,TE,vs ATL,receptions,BetRivers,6.5,over,3.83,700,,0.1250,0.1250,,1,0.1545,0.0295,0.0295,ev,none,live,202609250580A50A,2026-09-22T17:47:03.773Z
2026,3,14371,Jordan Love,GB,QB,vs ATL,rushYds,Hard Rock,23.5,under,14.63,-800,425,0.8889,0.8235,0.0794,0,0.9184,0.0295,0.0949,ev,multiplicative,live,202609250580A50A,2026-09-22T17:47:03.773Z
2026,3,15947,Jake Ferguson,DAL,TE,vs BAL,recYds,FanDuel,39.5,over,34.7,191,,0.3436,0.3436,,1,0.3731,0.0294,0.0294,ev,none,live,202609270726D5A2,2026-09-22T17:47:03.773Z
2026,3,17700,Michael Penix Jr.,ATL,QB,at GB,rushYds,Hard Rock,23.5,under,8.86,-1600,600,0.9412,0.8682,0.0840,0,0.9705,0.0293,0.1023,ev,multiplicative,live,202609250580A50A,2026-09-22T17:47:03.773Z
2026,3,12477,DJ Moore,BUF,WR,vs LAC,receptions,DraftKings,8.5,over,3.37,2100,,0.0455,0.0455,,1,0.0747,0.0292,0.0292,ev,none,live,2026092763BB8AC8,2026-09-22T17:47:03.773Z
2026,3,12477,DJ Moore,BUF,WR,vs LAC,receptions,FanDuel,3.5,under,3.37,106,-140,0.4854,0.4542,0.0688,0,0.5146,0.0291,0.0604,ev,multiplicative,live,2026092763BB8AC8,2026-09-22T17:47:03.773Z
2026,3,12561,Lamar Jackson,BAL,QB,at DAL,passYds,DraftKings,359.5,over,259.92,1400,,0.0667,0.0667,,1,0.0956,0.0289,0.0289,ev,none,live,202609270726D5A2,2026-09-22T17:47:03.773Z
2026,3,12561,Lamar Jackson,BAL,QB,at DAL,passYds,Caesars,349.5,over,259.92,1000,,0.0909,0.0909,,1,0.1198,0.0289,0.0289,ev,none,live,202609270726D5A2,2026-09-22T17:47:03.773Z
2026,3,12561,Lamar Jackson,BAL,QB,at DAL,passYds,Caesars,359.5,over,259.92,1400,,0.0667,0.0667,,1,0.0956,0.0289,0.0289,ev,none,live,202609270726D5A2,2026-09-22T17:47:03.773Z
2026,3,12483,Josh Allen,BUF,QB,vs LAC,passYds,DraftKings,359.5,over,256.07,1760,,0.0538,0.0538,,1,0.0826,0.0288,0.0288,ev,none,live,2026092763BB8AC8,2026-09-22T17:47:03.773Z
2026,3,15946,Christian Watson,GB,WR,vs ATL,recYds,BetMGM,62.5,over,69.75,-115,-115,0.5349,0.5000,0.0698,0,0.5635,0.0287,0.0635,ev,multiplicative,live,202609250580A50A,2026-09-22T17:47:03.773Z
2026,3,16649,Tucker Kraft,GB,TE,vs ATL,recYds,Hard Rock,96.5,under,49.04,-1800,650,0.9474,0.8766,0.0807,0,0.9761,0.0287,0.0994,ev,multiplicative,live,202609250580A50A,2026-09-22T17:47:03.773Z
2026,3,16649,Tucker Kraft,GB,TE,vs ATL,recYds,Caesars,19.5,over,49.04,-650,,0.8667,0.8667,,1,0.8951,0.0284,0.0284,ev,none,live,202609250580A50A,2026-09-22T17:47:03.773Z
2026,3,12477,DJ Moore,BUF,WR,vs LAC,receptions,FanDuel,5.5,over,3.37,306,,0.2463,0.2463,,1,0.2747,0.0284,0.0284,ev,none,live,2026092763BB8AC8,2026-09-22T17:47:03.773Z
2026,3,16739,Bijan Robinson,ATL,RB,at GB,rushYds,Hard Rock,93.5,over,87.97,145,-210,0.4082,0.3760,0.0856,0,0.4365,0.0284,0.0606,ev,multiplicative,live,202609250580A50A,2026-09-22T17:47:03.773Z
2026,3,16739,Bijan Robinson,ATL,RB,at GB,rushYds,Hard Rock,38.5,over,87.97,-1300,575,0.9286,0.8624,0.0767,0,0.9569,0.0283,0.0945,ev,multiplicative,live,202609250580A50A,2026-09-22T17:47:03.773Z
2026,3,15946,Christian Watson,GB,WR,vs ATL,receptions,Caesars,7.5,over,3.95,600,,0.1429,0.1429,,1,0.1710,0.0282,0.0282,ev,none,live,202609250580A50A,2026-09-22T17:47:03.773Z
2026,3,16741,Chris Brooks,GB,RB,vs ATL,rushYds,Hard Rock,41.5,under,28.67,-1100,500,0.9167,0.8462,0.0833,0,0.9448,0.0282,0.0987,ev,multiplicative,live,202609250580A50A,2026-09-22T17:47:03.773Z
2026,3,18445,Omarion Hampton,LAC,RB,at BUF,rushYds,theScore,39.5,over,69.88,-375,,0.7895,0.7895,,1,0.8177,0.0282,0.0282,ev,none,live,2026092763BB8AC8,2026-09-22T17:47:03.773Z
2026,3,15947,Jake Ferguson,DAL,TE,vs BAL,recYds,Hard Rock,39.5,over,34.7,190,-275,0.3448,0.3198,0.0782,0,0.3731,0.0282,0.0532,ev,multiplicative,live,202609270726D5A2,2026-09-22T17:47:03.773Z
2026,3,15907,Brian Robinson Jr.,ATL,RB,at GB,rushYds,theScore,59.5,over,22,850,,0.1053,0.1053,,1,0.1333,0.0281,0.0281,ev,none,live,202609250580A50A,2026-09-22T17:47:03.773Z
2026,3,17724,Ladd McConkey,LAC,WR,at BUF,recYds,Caesars,69.5,over,64.26,150,,0.4000,0.4000,,1,0.4278,0.0278,0.0278,ev,none,live,2026092763BB8AC8,2026-09-22T17:47:03.773Z
2026,3,12477,DJ Moore,BUF,WR,vs LAC,receptions,Caesars,5.5,over,3.37,305,,0.2469,0.2469,,1,0.2747,0.0278,0.0278,ev,none,live,2026092763BB8AC8,2026-09-22T17:47:03.773Z
2026,3,15306,Javonte Williams,DAL,RB,vs BAL,rushYds,DraftKings,59.5,over,63.83,-111,-113,0.5261,0.4979,0.0566,0,0.5537,0.0277,0.0558,ev,multiplicative,live,202609270726D5A2,2026-09-22T17:47:03.773Z
2026,3,16899,Quentin Johnston,LAC,WR,at BUF,recYds,Caesars,49.5,over,42.06,155,,0.3922,0.3922,,1,0.4197,0.0276,0.0276,ev,none,live,2026092763BB8AC8,2026-09-22T17:47:03.773Z
2026,3,12477,DJ Moore,BUF,WR,vs LAC,recYds,Hard Rock,19.5,over,52.56,-950,475,0.9048,0.8388,0.0787,0,0.9324,0.0276,0.0936,ev,multiplicative,live,2026092763BB8AC8,2026-09-22T17:47:03.773Z
2026,3,12483,Josh Allen,BUF,QB,vs LAC,passYds,Hard Rock,149.5,under,256.07,1000,-4000,0.0909,0.0852,0.0665,0,0.1184,0.0275,0.0332,ev,multiplicative,live,2026092763BB8AC8,2026-09-22T17:47:03.773Z
2026,3,15868,Drake London,ATL,WR,at GB,receptions,Caesars,5.5,under,4.64,-141,109,0.5851,0.5501,0.0635,0,0.6125,0.0274,0.0624,ev,multiplicative,live,202609250580A50A,2026-09-22T17:47:03.773Z
2026,3,12561,Lamar Jackson,BAL,QB,at DAL,rushYds,Hard Rock,21.5,over,52.86,-425,275,0.8095,0.7522,0.0762,0,0.8369,0.0274,0.0847,ev,multiplicative,live,202609270726D5A2,2026-09-22T17:47:03.773Z
2026,3,17724,Ladd McConkey,LAC,WR,at BUF,recYds,FanDuel,39.5,over,64.26,-243,,0.7085,0.7085,,1,0.7357,0.0273,0.0273,ev,none,live,2026092763BB8AC8,2026-09-22T17:47:03.773Z
2026,3,16741,Chris Brooks,GB,RB,vs ATL,recYds,Hard Rock,22.5,under,9.58,-700,375,0.8750,0.8061,0.0855,0,0.9023,0.0273,0.0963,ev,multiplicative,live,202609250580A50A,2026-09-22T17:47:03.773Z
2026,3,15265,Kyle Pitts,ATL,TE,at GB,recYds,Hard Rock,10.5,over,40.08,-1000,475,0.9091,0.8394,0.0830,0,0.9363,0.0272,0.0969,ev,multiplicative,live,202609250580A50A,2026-09-22T17:47:03.773Z
2026,3,16741,Chris Brooks,GB,RB,vs ATL,recYds,theScore,9.5,over,9.58,110,,0.4762,0.4762,,1,0.5033,0.0271,0.0271,ev,none,live,202609250580A50A,2026-09-22T17:47:03.773Z
2026,3,11008,Dak Prescott,DAL,QB,vs BAL,passYds,DraftKings,270.5,under,260.17,-113,-111,0.5305,0.5021,0.0566,0,0.5576,0.0270,0.0554,ev,multiplicative,live,202609270726D5A2,2026-09-22T17:47:03.773Z
2026,3,15853,George Pickens,DAL,WR,vs BAL,receptions,Caesars,6.5,over,4.89,225,,0.3077,0.3077,,1,0.3345,0.0268,0.0268,ev,none,live,202609270726D5A2,2026-09-22T17:47:03.773Z
2026,3,12477,DJ Moore,BUF,WR,vs LAC,receptions,Hard Rock,3.5,under,3.37,105,-140,0.4878,0.4554,0.0711,0,0.5146,0.0268,0.0592,ev,multiplicative,live,2026092763BB8AC8,2026-09-22T17:47:03.773Z
2026,3,16649,Tucker Kraft,GB,TE,vs ATL,recYds,DraftKings,14.5,over,49.04,-920,,0.9020,0.9020,,1,0.9287,0.0267,0.0267,ev,none,live,202609250580A50A,2026-09-22T17:47:03.773Z
2026,3,16899,Quentin Johnston,LAC,WR,at BUF,recYds,FanDuel,69.5,over,42.06,398,,0.2008,0.2008,,1,0.2275,0.0267,0.0267,ev,none,live,2026092763BB8AC8,2026-09-22T17:47:03.773Z
2026,3,14411,CeeDee Lamb,DAL,WR,vs BAL,receptions,BetRivers,11.5,over,5.87,1150,,0.0800,0.0800,,1,0.1066,0.0266,0.0266,ev,none,live,202609270726D5A2,2026-09-22T17:47:03.773Z
2026,3,17700,Michael Penix Jr.,ATL,QB,at GB,rushYds,Hard Rock,28.5,under,8.86,-3000,850,0.9677,0.9019,0.0730,0,0.9943,0.0266,0.0924,ev,multiplicative,live,202609250580A50A,2026-09-22T17:47:03.773Z
2026,3,16649,Tucker Kraft,GB,TE,vs ATL,recYds,BetRivers,29.5,over,49.04,-335,,0.7701,0.7701,,1,0.7966,0.0265,0.0265,ev,none,live,202609250580A50A,2026-09-22T17:47:03.773Z
2026,3,15853,George Pickens,DAL,WR,vs BAL,receptions,DraftKings,10.5,over,4.89,2300,,0.0417,0.0417,,1,0.0681,0.0265,0.0265,ev,none,live,202609270726D5A2,2026-09-22T17:47:03.773Z
2026,3,16899,Quentin Johnston,LAC,WR,at BUF,recYds,Hard Rock,65.5,over,42.06,325,-575,0.2353,0.2164,0.0871,0,0.2616,0.0264,0.0452,ev,multiplicative,live,2026092763BB8AC8,2026-09-22T17:47:03.773Z
2026,3,18445,Omarion Hampton,LAC,RB,at BUF,rushYds,FanDuel,109.5,over,69.88,636,,0.1359,0.1359,,1,0.1621,0.0263,0.0263,ev,none,live,2026092763BB8AC8,2026-09-22T17:47:03.773Z
2026,3,15853,George Pickens,DAL,WR,vs BAL,recYds,DraftKings,109.5,over,75.47,530,,0.1587,0.1587,,1,0.1851,0.0263,0.0263,ev,none,live,202609270726D5A2,2026-09-22T17:47:03.773Z
2026,3,16739,Bijan Robinson,ATL,RB,at GB,rushYds,DraftKings,39.5,over,87.97,-1280,,0.9275,0.9275,,1,0.9536,0.0261,0.0261,ev,none,live,202609250580A50A,2026-09-22T17:47:03.773Z
2026,3,16649,Tucker Kraft,GB,TE,vs ATL,recYds,FanDuel,24.5,over,49.04,-472,,0.8252,0.8252,,1,0.8512,0.0260,0.0260,ev,none,live,202609250580A50A,2026-09-22T17:47:03.773Z
2026,3,15265,Kyle Pitts,ATL,TE,at GB,recYds,Hard Rock,40.5,over,40.08,115,-160,0.4651,0.4305,0.0805,0,0.4911,0.0260,0.0606,ev,multiplicative,live,202609250580A50A,2026-09-22T17:47:03.773Z
2026,3,11008,Dak Prescott,DAL,QB,vs BAL,passYds,Hard Rock,235.5,under,260.17,175,-250,0.3636,0.3373,0.0779,0,0.3896,0.0260,0.0522,ev,multiplicative,live,202609270726D5A2,2026-09-22T17:47:03.773Z
2026,3,14446,Justin Herbert,LAC,QB,at BUF,passYds,Hard Rock,141.5,under,223.25,700,-2000,0.1250,0.1160,0.0774,0,0.1509,0.0259,0.0348,ev,multiplicative,live,2026092763BB8AC8,2026-09-22T17:47:03.773Z
2026,3,16649,Tucker Kraft,GB,TE,vs ATL,recYds,Hard Rock,99.5,under,49.04,-2200,700,0.9565,0.8844,0.0815,0,0.9823,0.0258,0.0979,ev,multiplicative,live,202609250580A50A,2026-09-22T17:47:03.773Z
2026,3,14371,Jordan Love,GB,QB,vs ATL,passAtt,Caesars,31.5,over,32.45,-107,-124,0.5169,0.4829,0.0705,0,0.5426,0.0257,0.0597,ev,multiplicative,live,202609250580A50A,2026-09-22T17:47:03.773Z
2026,3,16739,Bijan Robinson,ATL,RB,at GB,rushAtt,DraftKings,19.5,over,18.91,140,,0.4167,0.4167,,1,0.4423,0.0256,0.0256,ev,none,live,202609250580A50A,2026-09-22T17:47:03.773Z
2026,3,17724,Ladd McConkey,LAC,WR,at BUF,recYds,Caesars,39.5,over,64.26,-245,,0.7101,0.7101,,1,0.7357,0.0256,0.0256,ev,none,live,2026092763BB8AC8,2026-09-22T17:47:03.773Z
2026,3,18500,Matthew Golden,GB,WR,vs ATL,recYds,Hard Rock,12.5,under,52.68,800,-3000,0.1111,0.1030,0.0789,0,0.1368,0.0256,0.0338,ev,multiplicative,live,202609250580A50A,2026-09-22T17:47:03.773Z
2026,3,12483,Josh Allen,BUF,QB,vs LAC,passYds,DraftKings,239.5,over,256.07,-121,,0.5475,0.5475,,1,0.5730,0.0254,0.0254,ev,none,live,2026092763BB8AC8,2026-09-22T17:47:03.773Z
2026,3,16649,Tucker Kraft,GB,TE,vs ATL,recYds,Hard Rock,71.5,under,49.04,-400,260,0.8000,0.7423,0.0778,0,0.8254,0.0254,0.0832,ev,multiplicative,live,202609250580A50A,2026-09-22T17:47:03.773Z
2026,3,17724,Ladd McConkey,LAC,WR,at BUF,receptions,FanDuel,9.5,over,4.77,1699,,0.0556,0.0556,,1,0.0809,0.0253,0.0253,ev,none,live,2026092763BB8AC8,2026-09-22T17:47:03.773Z
2026,3,16649,Tucker Kraft,GB,TE,vs ATL,recYds,Hard Rock,36.5,over,49.04,-210,145,0.6774,0.6240,0.0856,0,0.7027,0.0253,0.0787,ev,multiplicative,live,202609250580A50A,2026-09-22T17:47:03.773Z
2026,3,12483,Josh Allen,BUF,QB,vs LAC,passYds,Hard Rock,148.5,under,256.07,1000,-4000,0.0909,0.0852,0.0665,0,0.1163,0.0253,0.0310,ev,multiplicative,live,2026092763BB8AC8,2026-09-22T17:47:03.773Z
2026,3,16649,Tucker Kraft,GB,TE,vs ATL,recYds,Hard Rock,24.5,over,49.04,-475,300,0.8261,0.7677,0.0761,0,0.8512,0.0251,0.0835,ev,multiplicative,live,202609250580A50A,2026-09-22T17:47:03.773Z
2026,3,16739,Bijan Robinson,ATL,RB,at GB,rushYds,theScore,39.5,over,87.97,-1300,,0.9286,0.9286,,1,0.9536,0.0250,0.0250,ev,none,live,202609250580A50A,2026-09-22T17:47:03.773Z
2026,3,12477,DJ Moore,BUF,WR,vs LAC,receptions,Hard Rock,5.5,over,3.37,300,-475,0.2500,0.2323,0.0761,0,0.2747,0.0247,0.0424,ev,multiplicative,live,2026092763BB8AC8,2026-09-22T17:47:03.773Z
2026,3,15907,Brian Robinson Jr.,ATL,RB,at GB,rushYds,BetRivers,19.5,over,22,-129,,0.5633,0.5633,,1,0.5879,0.0246,0.0246,ev,none,live,202609250580A50A,2026-09-22T17:47:03.773Z
2026,3,10819,Derrick Henry,BAL,RB,at DAL,rushYds,Caesars,39.5,over,97.69,-1200,,0.9231,0.9231,,1,0.9477,0.0246,0.0246,ev,none,live,202609270726D5A2,2026-09-22T17:47:03.773Z
2026,3,10819,Derrick Henry,BAL,RB,at DAL,rushYds,theScore,39.5,over,97.69,-1200,,0.9231,0.9231,,1,0.9477,0.0246,0.0246,ev,none,live,202609270726D5A2,2026-09-22T17:47:03.773Z
2026,3,12477,DJ Moore,BUF,WR,vs LAC,recYds,Caesars,49.5,over,52.56,-113,-115,0.5305,0.4980,0.0654,0,0.5550,0.0245,0.0570,ev,multiplicative,live,2026092763BB8AC8,2026-09-22T17:47:03.773Z
2026,3,12477,DJ Moore,BUF,WR,vs LAC,recYds,DraftKings,49.5,over,52.56,-113,-111,0.5305,0.5021,0.0566,0,0.5550,0.0245,0.0529,ev,multiplicative,live,2026092763BB8AC8,2026-09-22T17:47:03.773Z
2026,3,12477,DJ Moore,BUF,WR,vs LAC,receptions,FanDuel,7.5,over,3.37,916,,0.0984,0.0984,,1,0.1229,0.0245,0.0245,ev,none,live,2026092763BB8AC8,2026-09-22T17:47:03.773Z
2026,3,10819,Derrick Henry,BAL,RB,at DAL,rushYds,Hard Rock,53.5,over,97.69,-650,350,0.8667,0.7959,0.0889,0,0.8911,0.0245,0.0952,ev,multiplicative,live,202609270726D5A2,2026-09-22T17:47:03.773Z
2026,3,12561,Lamar Jackson,BAL,QB,at DAL,rushYds,Hard Rock,76.5,over,52.86,750,-2200,0.1176,0.1095,0.0742,0,0.1421,0.0245,0.0326,ev,multiplicative,live,202609270726D5A2,2026-09-22T17:47:03.773Z
2026,3,15850,Jahan Dotson,ATL,WR,at GB,recYds,Hard Rock,69.5,under,17.4,-4000,900,0.9756,0.9070,0.0756,0,1.0000,0.0244,0.0930,ev,multiplicative,live,202609250580A50A,2026-09-22T17:47:03.773Z
2026,3,15306,Javonte Williams,DAL,RB,vs BAL,recYds,Hard Rock,61.5,under,15.36,-4000,1000,0.9756,0.9148,0.0665,0,1.0000,0.0244,0.0852,ev,multiplicative,live,202609270726D5A2,2026-09-22T17:47:03.773Z
2026,3,10819,Derrick Henry,BAL,RB,at DAL,rushYds,FanDuel,99.5,over,97.69,119,,0.4566,0.4566,,1,0.4809,0.0243,0.0243,ev,none,live,202609270726D5A2,2026-09-22T17:47:03.773Z
2026,3,16739,Bijan Robinson,ATL,RB,at GB,recYds,Hard Rock,90.5,under,32.4,-4000,1000,0.9756,0.9148,0.0665,0,1.0000,0.0243,0.0852,ev,multiplicative,live,202609250580A50A,2026-09-22T17:47:03.773Z
2026,3,12561,Lamar Jackson,BAL,QB,at DAL,passYds,Caesars,219.5,over,259.92,-182,,0.6454,0.6454,,1,0.6696,0.0242,0.0242,ev,none,live,202609270726D5A2,2026-09-22T17:47:03.773Z
2026,3,14371,Jordan Love,GB,QB,vs ATL,passYds,Hard Rock,167.5,under,232.97,400,-700,0.2000,0.1860,0.0750,0,0.2242,0.0242,0.0382,ev,multiplicative,live,202609250580A50A,2026-09-22T17:47:03.773Z
2026,3,10819,Derrick Henry,BAL,RB,at DAL,rushYds,DraftKings,109.5,over,97.69,183,,0.3534,0.3534,,1,0.3775,0.0241,0.0241,ev,none,live,202609270726D5A2,2026-09-22T17:47:03.773Z
2026,3,16741,Chris Brooks,GB,RB,vs ATL,rushYds,Hard Rock,56.5,under,28.67,-4000,1000,0.9756,0.9148,0.0665,0,0.9997,0.0241,0.0850,ev,multiplicative,live,202609250580A50A,2026-09-22T17:47:03.773Z
2026,3,15265,Kyle Pitts,ATL,TE,at GB,recYds,theScore,39.5,over,40.08,105,,0.4878,0.4878,,1,0.5119,0.0241,0.0241,ev,none,live,202609250580A50A,2026-09-22T17:47:03.773Z
2026,3,15947,Jake Ferguson,DAL,TE,vs BAL,receptions,BetRivers,4.5,over,3.73,200,,0.3333,0.3333,,1,0.3573,0.0239,0.0239,ev,none,live,202609270726D5A2,2026-09-22T17:47:03.773Z
2026,3,10819,Derrick Henry,BAL,RB,at DAL,rushYds,Hard Rock,108.5,over,97.69,175,-240,0.3636,0.3400,0.0695,0,0.3876,0.0239,0.0476,ev,multiplicative,live,202609270726D5A2,2026-09-22T17:47:03.773Z
2026,3,15946,Christian Watson,GB,WR,vs ATL,recYds,Hard Rock,18.5,under,69.75,850,-3000,0.1053,0.0981,0.0730,0,0.1291,0.0238,0.0310,ev,multiplicative,live,202609250580A50A,2026-09-22T17:47:03.773Z
2026,3,17724,Ladd McConkey,LAC,WR,at BUF,recYds,DraftKings,79.5,over,64.26,264,,0.2747,0.2747,,1,0.2984,0.0237,0.0237,ev,none,live,2026092763BB8AC8,2026-09-22T17:47:03.773Z
2026,3,18515,Kaleb Johnson,GB,RB,vs ATL,rushYds,Hard Rock,77.5,under,21.07,-2200,700,0.9565,0.8844,0.0815,0,0.9802,0.0237,0.0958,ev,multiplicative,live,202609250580A50A,2026-09-22T17:47:03.773Z
2026,3,16899,Quentin Johnston,LAC,WR,at BUF,recYds,DraftKings,89.5,over,42.06,1240,,0.0746,0.0746,,1,0.0982,0.0236,0.0236,ev,none,live,2026092763BB8AC8,2026-09-22T17:47:03.773Z
2026,3,15853,George Pickens,DAL,WR,vs BAL,recYds,theScore,29.5,over,75.47,-800,,0.8889,0.8889,,1,0.9125,0.0236,0.0236,ev,none,live,202609270726D5A2,2026-09-22T17:47:03.773Z
2026,3,17795,MarShawn Lloyd,GB,RB,vs ATL,rushYds,DraftKings,14.5,over,45.05,-443,,0.8158,0.8158,,1,0.8391,0.0232,0.0232,ev,none,live,202609250580A50A,2026-09-22T17:47:03.773Z
2026,3,14446,Justin Herbert,LAC,QB,at BUF,passYds,Hard Rock,131.5,under,223.25,900,-4000,0.1000,0.0930,0.0756,0,0.1232,0.0232,0.0302,ev,multiplicative,live,2026092763BB8AC8,2026-09-22T17:47:03.773Z
2026,3,12483,Josh Allen,BUF,QB,vs LAC,passYds,Hard Rock,338.5,over,256.07,800,-3000,0.1111,0.1030,0.0789,0,0.1343,0.0232,0.0313,ev,multiplicative,live,2026092763BB8AC8,2026-09-22T17:47:03.773Z
2026,3,15868,Drake London,ATL,WR,at GB,recYds,BetRivers,65.5,under,61.67,-117,-114,0.5392,0.5030,0.0719,0,0.5622,0.0231,0.0592,ev,multiplicative,live,202609250580A50A,2026-09-22T17:47:03.773Z
2026,3,17795,MarShawn Lloyd,GB,RB,vs ATL,rushYds,FanDuel,79.5,over,45.05,798,,0.1114,0.1114,,1,0.1345,0.0231,0.0231,ev,none,live,202609250580A50A,2026-09-22T17:47:03.773Z
2026,3,15946,Christian Watson,GB,WR,vs ATL,receptions,FanDuel,7.5,over,3.95,576,,0.1479,0.1479,,1,0.1710,0.0231,0.0231,ev,none,live,202609250580A50A,2026-09-22T17:47:03.773Z
2026,3,10819,Derrick Henry,BAL,RB,at DAL,rushYds,FanDuel,59.5,over,97.69,-501,,0.8336,0.8336,,1,0.8566,0.0230,0.0230,ev,none,live,202609270726D5A2,2026-09-22T17:47:03.773Z
2026,3,12561,Lamar Jackson,BAL,QB,at DAL,passYds,Hard Rock,368.5,over,259.92,1750,-9000,0.0541,0.0518,0.0431,0,0.0770,0.0230,0.0252,ev,multiplicative,live,202609270726D5A2,2026-09-22T17:47:03.773Z
2026,3,14371,Jordan Love,GB,QB,vs ATL,rushYds,Hard Rock,33.5,under,14.63,-4000,900,0.9756,0.9070,0.0756,0,0.9985,0.0229,0.0915,ev,multiplicative,live,202609250580A50A,2026-09-22T17:47:03.773Z
2026,3,14446,Justin Herbert,LAC,QB,at BUF,passYds,Hard Rock,124.5,under,223.25,1100,-5000,0.0833,0.0783,0.0637,0,0.1061,0.0228,0.0278,ev,multiplicative,live,2026092763BB8AC8,2026-09-22T17:47:03.773Z
2026,3,15306,Javonte Williams,DAL,RB,vs BAL,rushAtt,BetRivers,9.5,over,17.31,-770,,0.8851,0.8851,,1,0.9077,0.0227,0.0227,ev,none,live,202609270726D5A2,2026-09-22T17:47:03.773Z
2026,3,14371,Jordan Love,GB,QB,vs ATL,completions,DraftKings,17.5,over,21.3,-194,,0.6599,0.6599,,1,0.6825,0.0226,0.0226,ev,none,live,202609250580A50A,2026-09-22T17:47:03.773Z
2026,3,14446,Justin Herbert,LAC,QB,at BUF,passYds,Hard Rock,151.5,under,223.25,525,-1100,0.1600,0.1486,0.0767,0,0.1824,0.0224,0.0337,ev,multiplicative,live,2026092763BB8AC8,2026-09-22T17:47:03.773Z
2026,3,12477,DJ Moore,BUF,WR,vs LAC,recYds,FanDuel,49.5,over,52.56,-114,-114,0.5327,0.5000,0.0654,0,0.5550,0.0223,0.0550,ev,multiplicative,live,2026092763BB8AC8,2026-09-22T17:47:03.773Z
2026,3,12483,Josh Allen,BUF,QB,vs LAC,passYds,DraftKings,369.5,over,256.07,2300,,0.0417,0.0417,,1,0.0640,0.0223,0.0223,ev,none,live,2026092763BB8AC8,2026-09-22T17:47:03.773Z
2026,3,15306,Javonte Williams,DAL,RB,vs BAL,receptions,Hard Rock,6.5,under,2.63,-4000,1000,0.9756,0.9148,0.0665,0,0.9979,0.0223,0.0832,ev,multiplicative,live,202609270726D5A2,2026-09-22T17:47:03.773Z
2026,3,15907,Brian Robinson Jr.,ATL,RB,at GB,rushYds,DraftKings,69.5,over,22,1640,,0.0575,0.0575,,1,0.0797,0.0222,0.0222,ev,none,live,202609250580A50A,2026-09-22T17:47:03.773Z
2026,3,16649,Tucker Kraft,GB,TE,vs ATL,recYds,FanDuel,39.5,over,49.04,-174,,0.6350,0.6350,,1,0.6572,0.0222,0.0222,ev,none,live,202609250580A50A,2026-09-22T17:47:03.773Z
2026,3,15947,Jake Ferguson,DAL,TE,vs BAL,recYds,theScore,39.5,over,34.7,185,,0.3509,0.3509,,1,0.3731,0.0222,0.0222,ev,none,live,202609270726D5A2,2026-09-22T17:47:03.773Z
2026,3,15853,George Pickens,DAL,WR,vs BAL,receptions,BetRivers,6.5,over,4.89,220,,0.3125,0.3125,,1,0.3345,0.0220,0.0220,ev,none,live,202609270726D5A2,2026-09-22T17:47:03.773Z
2026,3,18515,Kaleb Johnson,GB,RB,vs ATL,rushYds,Hard Rock,79.5,under,21.07,-2500,800,0.9615,0.8964,0.0726,0,0.9835,0.0219,0.0871,ev,multiplicative,live,202609250580A50A,2026-09-22T17:47:03.773Z
2026,3,14446,Justin Herbert,LAC,QB,at BUF,passYds,Hard Rock,149.5,under,223.25,550,-1200,0.1538,0.1429,0.0769,0,0.1757,0.0219,0.0329,ev,multiplicative,live,2026092763BB8AC8,2026-09-22T17:47:03.773Z
2026,3,12483,Josh Allen,BUF,QB,vs LAC,passYds,Hard Rock,158.5,under,256.07,750,-2200,0.1176,0.1095,0.0742,0,0.1394,0.0218,0.0299,ev,multiplicative,live,2026092763BB8AC8,2026-09-22T17:47:03.773Z
2026,3,14371,Jordan Love,GB,QB,vs ATL,passAtt,BetMGM,30.5,over,32.45,-130,-105,0.5652,0.5246,0.0774,0,0.5869,0.0217,0.0623,ev,multiplicative,live,202609250580A50A,2026-09-22T17:47:03.773Z
2026,3,18478,Tre Harris,LAC,WR,at BUF,receptions,DraftKings,2.5,under,2.74,126,-161,0.4425,0.4177,0.0593,0,0.4642,0.0217,0.0465,ev,multiplicative,live,2026092763BB8AC8,2026-09-22T17:47:03.773Z
2026,3,12477,DJ Moore,BUF,WR,vs LAC,recYds,FanDuel,14.5,over,52.56,-1452,,0.9356,0.9356,,1,0.9572,0.0217,0.0217,ev,none,live,2026092763BB8AC8,2026-09-22T17:47:03.773Z
2026,3,15306,Javonte Williams,DAL,RB,vs BAL,recYds,DraftKings,16.5,under,15.36,-112,-112,0.5283,0.5000,0.0566,0,0.5500,0.0217,0.0500,ev,multiplicative,live,202609270726D5A2,2026-09-22T17:47:03.773Z
2026,3,10819,Derrick Henry,BAL,RB,at DAL,rushYds,Caesars,49.5,over,97.69,-800,,0.8889,0.8889,,1,0.9106,0.0217,0.0217,ev,none,live,202609270726D5A2,2026-09-22T17:47:03.773Z
2026,3,16649,Tucker Kraft,GB,TE,vs ATL,recYds,Hard Rock,21.5,over,49.04,-600,350,0.8571,0.7941,0.0794,0,0.8788,0.0217,0.0847,ev,multiplicative,live,202609250580A50A,2026-09-22T17:47:03.773Z
2026,3,12561,Lamar Jackson,BAL,QB,at DAL,passYds,FanDuel,349.5,over,259.92,918,,0.0982,0.0982,,1,0.1198,0.0216,0.0216,ev,none,live,202609270726D5A2,2026-09-22T17:47:03.773Z
2026,3,16739,Bijan Robinson,ATL,RB,at GB,rushYds,Caesars,89.5,over,87.97,117,,0.4608,0.4608,,1,0.4824,0.0215,0.0215,ev,none,live,202609250580A50A,2026-09-22T17:47:03.773Z
2026,3,16741,Chris Brooks,GB,RB,vs ATL,recYds,Hard Rock,32.5,under,9.58,-3000,850,0.9677,0.9019,0.0730,0,0.9892,0.0215,0.0873,ev,multiplicative,live,202609250580A50A,2026-09-22T17:47:03.773Z
2026,3,12561,Lamar Jackson,BAL,QB,at DAL,passYds,DraftKings,369.5,over,259.92,1760,,0.0538,0.0538,,1,0.0751,0.0214,0.0214,ev,none,live,202609270726D5A2,2026-09-22T17:47:03.773Z
2026,3,16739,Bijan Robinson,ATL,RB,at GB,rushYds,FanDuel,109.5,over,87.97,307,,0.2457,0.2457,,1,0.2670,0.0213,0.0213,ev,none,live,202609250580A50A,2026-09-22T17:47:03.773Z
2026,3,12561,Lamar Jackson,BAL,QB,at DAL,passYds,Hard Rock,378.5,over,259.92,2500,,0.0385,0.0385,,1,0.0598,0.0213,0.0213,ev,none,live,202609270726D5A2,2026-09-22T17:47:03.773Z
2026,3,15947,Jake Ferguson,DAL,TE,vs BAL,recYds,Hard Rock,64.5,under,34.7,-2200,750,0.9565,0.8905,0.0742,0,0.9778,0.0213,0.0873,ev,multiplicative,live,202609270726D5A2,2026-09-22T17:47:03.773Z
2026,3,12561,Lamar Jackson,BAL,QB,at DAL,rushYds,DraftKings,19.5,over,52.86,-491,,0.8308,0.8308,,1,0.8519,0.0211,0.0211,ev,none,live,202609270726D5A2,2026-09-22T17:47:03.773Z
2026,3,17795,MarShawn Lloyd,GB,RB,vs ATL,rushYds,BetRivers,19.5,over,45.05,-345,,0.7753,0.7753,,1,0.7963,0.0210,0.0210,ev,none,live,202609250580A50A,2026-09-22T17:47:03.773Z
2026,3,15306,Javonte Williams,DAL,RB,vs BAL,rushYds,FanDuel,59.5,over,63.83,-114,-114,0.5327,0.5000,0.0654,0,0.5537,0.0210,0.0537,ev,multiplicative,live,202609270726D5A2,2026-09-22T17:47:03.773Z
2026,3,16649,Tucker Kraft,GB,TE,vs ATL,recYds,BetRivers,39.5,over,49.04,-175,,0.6364,0.6364,,1,0.6572,0.0209,0.0209,ev,none,live,202609250580A50A,2026-09-22T17:47:03.773Z
2026,3,16649,Tucker Kraft,GB,TE,vs ATL,recYds,Hard Rock,39.5,over,49.04,-175,125,0.6364,0.5888,0.0808,0,0.6572,0.0209,0.0685,ev,multiplicative,live,202609250580A50A,2026-09-22T17:47:03.773Z
2026,3,16739,Bijan Robinson,ATL,RB,at GB,rushYds,theScore,34.5,over,87.97,-1800,,0.9474,0.9474,,1,0.9681,0.0208,0.0208,ev,none,live,202609250580A50A,2026-09-22T17:47:03.773Z
2026,3,15946,Christian Watson,GB,WR,vs ATL,receptions,BetRivers,8.5,over,3.95,1000,,0.0909,0.0909,,1,0.1116,0.0207,0.0207,ev,none,live,202609250580A50A,2026-09-22T17:47:03.773Z
2026,3,17724,Ladd McConkey,LAC,WR,at BUF,recYds,BetRivers,79.5,over,64.26,260,,0.2778,0.2778,,1,0.2984,0.0206,0.0206,ev,none,live,2026092763BB8AC8,2026-09-22T17:47:03.773Z
2026,3,15868,Drake London,ATL,WR,at GB,receptions,Hard Rock,5.5,under,4.64,-145,115,0.5918,0.5599,0.0570,0,0.6125,0.0206,0.0525,ev,multiplicative,live,202609250580A50A,2026-09-22T17:47:03.773Z
2026,3,12477,DJ Moore,BUF,WR,vs LAC,recYds,Hard Rock,49.5,over,52.56,-115,-115,0.5349,0.5000,0.0698,0,0.5550,0.0201,0.0550,ev,multiplicative,live,2026092763BB8AC8,2026-09-22T17:47:03.773Z
2026,3,12561,Lamar Jackson,BAL,QB,at DAL,passYds,Hard Rock,224.5,over,259.92,-170,120,0.6296,0.5807,0.0842,0,0.6497,0.0201,0.0690,ev,multiplicative,live,202609270726D5A2,2026-09-22T17:47:03.773Z
2026,3,10819,Derrick Henry,BAL,RB,at DAL,rushYds,theScore,34.5,over,97.69,-1600,,0.9412,0.9412,,1,0.9610,0.0198,0.0198,ev,none,live,202609270726D5A2,2026-09-22T17:47:03.773Z
2026,3,16649,Tucker Kraft,GB,TE,vs ATL,recYds,FanDuel,19.5,over,49.04,-702,,0.8753,0.8753,,1,0.8951,0.0197,0.0197,ev,none,live,202609250580A50A,2026-09-22T17:47:03.773Z
2026,3,15907,Brian Robinson Jr.,ATL,RB,at GB,rushYds,Hard Rock,72.5,over,22,2000,,0.0476,0.0476,,1,0.0673,0.0197,0.0197,ev,none,live,202609250580A50A,2026-09-22T17:47:03.773Z
2026,3,18478,Tre Harris,LAC,WR,at BUF,receptions,Hard Rock,2.5,under,2.74,125,-165,0.4444,0.4165,0.0671,0,0.4642,0.0197,0.0477,ev,multiplicative,live,2026092763BB8AC8,2026-09-22T17:47:03.773Z
2026,3,14411,CeeDee Lamb,DAL,WR,vs BAL,receptions,BetRivers,10.5,over,5.87,650,,0.1333,0.1333,,1,0.1529,0.0196,0.0196,ev,none,live,202609270726D5A2,2026-09-22T17:47:03.773Z
2026,3,14446,Justin Herbert,LAC,QB,at BUF,rushYds,Hard Rock,54.5,under,22.63,-5000,1200,0.9804,0.9272,0.0573,0,1.0000,0.0196,0.0727,ev,multiplicative,live,2026092763BB8AC8,2026-09-22T17:47:03.773Z
2026,3,11008,Dak Prescott,DAL,QB,vs BAL,rushYds,Hard Rock,42.5,under,9.5,-5000,1100,0.9804,0.9217,0.0637,0,1.0000,0.0196,0.0783,ev,multiplicative,live,202609270726D5A2,2026-09-22T17:47:03.773Z
2026,3,15306,Javonte Williams,DAL,RB,vs BAL,recYds,Hard Rock,64.5,under,15.36,-5000,1200,0.9804,0.9272,0.0573,0,1.0000,0.0196,0.0728,ev,multiplicative,live,202609270726D5A2,2026-09-22T17:47:03.773Z
2026,3,15853,George Pickens,DAL,WR,vs BAL,receptions,FanDuel,9.5,over,4.89,998,,0.0911,0.0911,,1,0.1104,0.0194,0.0194,ev,none,live,202609270726D5A2,2026-09-22T17:47:03.773Z
2026,3,16899,Quentin Johnston,LAC,WR,at BUF,recYds,Hard Rock,70.5,over,42.06,400,-750,0.2000,0.1848,0.0824,0,0.2193,0.0193,0.0346,ev,multiplicative,live,2026092763BB8AC8,2026-09-22T17:47:03.773Z
2026,3,12561,Lamar Jackson,BAL,QB,at DAL,completions,DraftKings,27.5,over,18.74,1620,,0.0581,0.0581,,1,0.0773,0.0191,0.0191,ev,none,live,202609270726D5A2,2026-09-22T17:47:03.773Z
2026,3,12477,DJ Moore,BUF,WR,vs LAC,receptions,FanDuel,8.5,over,3.37,1696,,0.0557,0.0557,,1,0.0747,0.0190,0.0190,ev,none,live,2026092763BB8AC8,2026-09-22T17:47:03.773Z
2026,3,12483,Josh Allen,BUF,QB,vs LAC,rushYds,Hard Rock,78.5,under,32.45,-5000,1200,0.9804,0.9272,0.0573,0,0.9994,0.0190,0.0721,ev,multiplicative,live,2026092763BB8AC8,2026-09-22T17:47:03.773Z
2026,3,17700,Michael Penix Jr.,ATL,QB,at GB,rushYds,Hard Rock,33.5,under,8.86,-5000,1200,0.9804,0.9272,0.0573,0,0.9993,0.0189,0.0720,ev,multiplicative,live,202609250580A50A,2026-09-22T17:47:03.773Z
2026,3,14371,Jordan Love,GB,QB,vs ATL,passAtt,Hard Rock,31.5,over,32.45,-110,-120,0.5238,0.4899,0.0693,0,0.5426,0.0188,0.0527,ev,multiplicative,live,202609250580A50A,2026-09-22T17:47:03.773Z
2026,3,16649,Tucker Kraft,GB,TE,vs ATL,recYds,theScore,29.5,over,49.04,-350,,0.7778,0.7778,,1,0.7966,0.0188,0.0188,ev,none,live,202609250580A50A,2026-09-22T17:47:03.773Z
2026,3,15947,Jake Ferguson,DAL,TE,vs BAL,recYds,Hard Rock,67.5,under,34.7,-3000,900,0.9677,0.9063,0.0677,0,0.9865,0.0188,0.0802,ev,multiplicative,live,202609270726D5A2,2026-09-22T17:47:03.773Z
2026,3,15306,Javonte Williams,DAL,RB,vs BAL,rushYds,Hard Rock,59.5,over,63.83,-115,-115,0.5349,0.5000,0.0698,0,0.5537,0.0188,0.0537,ev,multiplicative,live,202609270726D5A2,2026-09-22T17:47:03.773Z
2026,3,16739,Bijan Robinson,ATL,RB,at GB,rushYds,Hard Rock,99.5,over,87.97,185,-260,0.3509,0.3270,0.0731,0,0.3695,0.0187,0.0426,ev,multiplicative,live,202609250580A50A,2026-09-22T17:47:03.773Z
2026,3,12561,Lamar Jackson,BAL,QB,at DAL,rushYds,BetRivers,19.5,over,52.86,-500,,0.8333,0.8333,,1,0.8519,0.0186,0.0186,ev,none,live,202609270726D5A2,2026-09-22T17:47:03.773Z
2026,3,15876,James Cook,BUF,RB,vs LAC,rushYds,Hard Rock,79.5,under,76.14,-110,-130,0.5238,0.4810,0.0890,0,0.5424,0.0186,0.0614,ev,multiplicative,live,2026092763BB8AC8,2026-09-22T17:47:03.773Z
2026,3,11008,Dak Prescott,DAL,QB,vs BAL,rushYds,Hard Rock,2.5,over,9.5,-700,375,0.8750,0.8061,0.0855,0,0.8936,0.0186,0.0875,ev,multiplicative,live,202609270726D5A2,2026-09-22T17:47:03.773Z
2026,3,15907,Brian Robinson Jr.,ATL,RB,at GB,rushYds,DraftKings,29.5,over,22,154,,0.3937,0.3937,,1,0.4121,0.0184,0.0184,ev,none,live,202609250580A50A,2026-09-22T17:47:03.773Z
2026,3,15868,Drake London,ATL,WR,at GB,recYds,Hard Rock,68.5,under,61.67,-145,105,0.5918,0.5482,0.0796,0,0.6100,0.0182,0.0618,ev,multiplicative,live,202609250580A50A,2026-09-22T17:47:03.773Z
2026,3,14411,CeeDee Lamb,DAL,WR,vs BAL,receptions,Caesars,7.5,under,5.87,-165,125,0.6226,0.5835,0.0671,0,0.6408,0.0181,0.0573,ev,multiplicative,live,202609270726D5A2,2026-09-22T17:47:03.773Z
2026,3,16739,Bijan Robinson,ATL,RB,at GB,receptions,Hard Rock,8.5,under,4.13,-2500,750,0.9615,0.8910,0.0792,0,0.9797,0.0181,0.0887,ev,multiplicative,live,202609250580A50A,2026-09-22T17:47:03.773Z
2026,3,16741,Chris Brooks,GB,RB,vs ATL,rushYds,Hard Rock,6.5,over,28.67,-450,275,0.8182,0.7542,0.0848,0,0.8363,0.0181,0.0821,ev,multiplicative,live,202609250580A50A,2026-09-22T17:47:03.773Z
2026,3,14411,CeeDee Lamb,DAL,WR,vs BAL,receptions,Hard Rock,7.5,under,5.87,-165,120,0.6226,0.5780,0.0772,0,0.6408,0.0181,0.0627,ev,multiplicative,live,202609270726D5A2,2026-09-22T17:47:03.773Z
2026,3,12483,Josh Allen,BUF,QB,vs LAC,passYds,Hard Rock,358.5,over,256.07,1400,-6000,0.0667,0.0635,0.0503,0,0.0846,0.0180,0.0212,ev,multiplicative,live,2026092763BB8AC8,2026-09-22T17:47:03.773Z
2026,3,12561,Lamar Jackson,BAL,QB,at DAL,passYds,Hard Rock,128.5,under,259.92,1600,-8000,0.0588,0.0562,0.0465,0,0.0768,0.0180,0.0206,ev,multiplicative,live,202609270726D5A2,2026-09-22T17:47:03.773Z
2026,3,15868,Drake London,ATL,WR,at GB,recYds,DraftKings,64.5,under,61.67,-112,-112,0.5283,0.5000,0.0566,0,0.5461,0.0178,0.0461,ev,multiplicative,live,202609250580A50A,2026-09-22T17:47:03.773Z
2026,3,15946,Christian Watson,GB,WR,vs ATL,receptions,DraftKings,9.5,over,3.95,1860,,0.0510,0.0510,,1,0.0687,0.0177,0.0177,ev,none,live,202609250580A50A,2026-09-22T17:47:03.773Z
2026,3,18478,Tre Harris,LAC,WR,at BUF,receptions,FanDuel,2.5,under,2.74,124,-166,0.4464,0.4170,0.0705,0,0.4642,0.0177,0.0471,ev,multiplicative,live,2026092763BB8AC8,2026-09-22T17:47:03.773Z
2026,3,16649,Tucker Kraft,GB,TE,vs ATL,recYds,Hard Rock,41.5,over,49.04,-155,110,0.6078,0.5607,0.0840,0,0.6255,0.0177,0.0648,ev,multiplicative,live,202609250580A50A,2026-09-22T17:47:03.773Z
2026,3,14446,Justin Herbert,LAC,QB,at BUF,passYds,Hard Rock,161.5,under,223.25,400,-700,0.2000,0.1860,0.0750,0,0.2177,0.0177,0.0316,ev,multiplicative,live,2026092763BB8AC8,2026-09-22T17:47:03.773Z
2026,3,16739,Bijan Robinson,ATL,RB,at GB,rushYds,DraftKings,109.5,over,87.97,301,,0.2494,0.2494,,1,0.2670,0.0176,0.0176,ev,none,live,202609250580A50A,2026-09-22T17:47:03.773Z
2026,3,14371,Jordan Love,GB,QB,vs ATL,passAtt,DraftKings,33.5,over,32.45,146,,0.4065,0.4065,,1,0.4239,0.0174,0.0174,ev,none,live,202609250580A50A,2026-09-22T17:47:03.773Z
2026,3,14411,CeeDee Lamb,DAL,WR,vs BAL,receptions,DraftKings,11.5,over,5.87,1020,,0.0893,0.0893,,1,0.1066,0.0173,0.0173,ev,none,live,202609270726D5A2,2026-09-22T17:47:03.773Z
2026,3,14371,Jordan Love,GB,QB,vs ATL,passYds,BetRivers,274.5,over,232.97,285,,0.2597,0.2597,,1,0.2769,0.0172,0.0172,ev,none,live,202609250580A50A,2026-09-22T17:47:03.773Z
2026,3,17700,Michael Penix Jr.,ATL,QB,at GB,passYds,theScore,204.5,under,199.74,-105,-125,0.5122,0.4797,0.0678,0,0.5294,0.0172,0.0497,ev,multiplicative,live,202609250580A50A,2026-09-22T17:47:03.773Z
2026,3,15946,Christian Watson,GB,WR,vs ATL,receptions,theScore,7.5,over,3.95,550,,0.1538,0.1538,,1,0.1710,0.0172,0.0172,ev,none,live,202609250580A50A,2026-09-22T17:47:03.773Z
2026,3,15947,Jake Ferguson,DAL,TE,vs BAL,recYds,Hard Rock,62.5,under,34.7,-2000,700,0.9524,0.8840,0.0774,0,0.9696,0.0172,0.0856,ev,multiplicative,live,202609270726D5A2,2026-09-22T17:47:03.773Z
2026,3,11008,Dak Prescott,DAL,QB,vs BAL,passYds,Hard Rock,245.5,under,260.17,140,-195,0.4167,0.3866,0.0777,0,0.4338,0.0171,0.0472,ev,multiplicative,live,202609270726D5A2,2026-09-22T17:47:03.773Z
2026,3,11008,Dak Prescott,DAL,QB,vs BAL,rushAtt,Hard Rock,0.5,over,2.62,-3000,,0.9677,0.9677,,1,0.9849,0.0171,0.0171,ev,none,live,202609270726D5A2,2026-09-22T17:47:03.773Z
2026,3,16739,Bijan Robinson,ATL,RB,at GB,rushYds,BetRivers,109.5,over,87.97,300,,0.2500,0.2500,,1,0.2670,0.0170,0.0170,ev,none,live,202609250580A50A,2026-09-22T17:47:03.773Z
2026,3,12561,Lamar Jackson,BAL,QB,at DAL,passTD,BetRivers,3.5,over,1.77,1050,,0.0870,0.0870,,1,0.1039,0.0170,0.0170,ev,none,live,202609270726D5A2,2026-09-22T17:47:03.773Z
2026,3,16739,Bijan Robinson,ATL,RB,at GB,rushYds,Hard Rock,98.5,over,87.97,175,-250,0.3636,0.3373,0.0779,0,0.3805,0.0169,0.0431,ev,multiplicative,live,202609250580A50A,2026-09-22T17:47:03.773Z
2026,3,16899,Quentin Johnston,LAC,WR,at BUF,recYds,theScore,69.5,over,42.06,375,,0.2105,0.2105,,1,0.2275,0.0169,0.0169,ev,none,live,2026092763BB8AC8,2026-09-22T17:47:03.773Z
2026,3,12483,Josh Allen,BUF,QB,vs LAC,rushAtt,Hard Rock,3.5,over,7.02,-650,,0.8667,0.8667,,1,0.8836,0.0169,0.0169,ev,none,live,2026092763BB8AC8,2026-09-22T17:47:03.773Z
2026,3,15853,George Pickens,DAL,WR,vs BAL,recYds,FanDuel,24.5,over,75.47,-1104,,0.9169,0.9169,,1,0.9337,0.0168,0.0168,ev,none,live,202609270726D5A2,2026-09-22T17:47:03.773Z
2026,3,17795,MarShawn Lloyd,GB,RB,vs ATL,rushYds,theScore,79.5,over,45.05,750,,0.1176,0.1176,,1,0.1345,0.0168,0.0168,ev,none,live,202609250580A50A,2026-09-22T17:47:03.773Z
2026,3,16739,Bijan Robinson,ATL,RB,at GB,rushAtt,theScore,19.5,over,18.91,135,,0.4255,0.4255,,1,0.4423,0.0167,0.0167,ev,none,live,202609250580A50A,2026-09-22T17:47:03.773Z
2026,3,15876,James Cook,BUF,RB,vs LAC,rushYds,Hard Rock,76.5,under,76.14,105,-145,0.4878,0.4518,0.0796,0,0.5045,0.0167,0.0527,ev,multiplicative,live,2026092763BB8AC8,2026-09-22T17:47:03.773Z
2026,3,16649,Tucker Kraft,GB,TE,vs ATL,recYds,Hard Rock,66.5,under,49.04,-300,210,0.7500,0.6992,0.0726,0,0.7666,0.0166,0.0674,ev,multiplicative,live,202609250580A50A,2026-09-22T17:47:03.773Z
2026,3,14371,Jordan Love,GB,QB,vs ATL,passAtt,DraftKings,31.5,over,32.45,-111,-115,0.5261,0.4958,0.0610,0,0.5426,0.0165,0.0468,ev,multiplicative,live,202609250580A50A,2026-09-22T17:47:03.773Z
2026,3,12483,Josh Allen,BUF,QB,vs LAC,passYds,Hard Rock,348.5,over,256.07,1000,-4000,0.0909,0.0852,0.0665,0,0.1074,0.0165,0.0222,ev,multiplicative,live,2026092763BB8AC8,2026-09-22T17:47:03.773Z
2026,3,16741,Chris Brooks,GB,RB,vs ATL,rushYds,Hard Rock,61.5,under,28.67,-6000,1400,0.9836,0.9365,0.0503,0,1.0000,0.0164,0.0635,ev,multiplicative,live,202609250580A50A,2026-09-22T17:47:03.773Z
2026,3,17724,Ladd McConkey,LAC,WR,at BUF,recYds,Hard Rock,78.5,over,64.26,240,-375,0.2941,0.2714,0.0836,0,0.3105,0.0164,0.0391,ev,multiplicative,live,2026092763BB8AC8,2026-09-22T17:47:03.773Z
2026,3,15265,Kyle Pitts,ATL,TE,at GB,recYds,Hard Rock,55.5,under,40.08,-350,230,0.7778,0.7196,0.0808,0,0.7940,0.0162,0.0743,ev,multiplicative,live,202609250580A50A,2026-09-22T17:47:03.773Z
2026,3,12483,Josh Allen,BUF,QB,vs LAC,rushYds,Hard Rock,79.5,under,32.45,-6000,1300,0.9836,0.9323,0.0550,0,0.9995,0.0159,0.0672,ev,multiplicative,live,2026092763BB8AC8,2026-09-22T17:47:03.773Z
2026,3,14371,Jordan Love,GB,QB,vs ATL,completions,theScore,17.5,over,21.3,-200,,0.6667,0.6667,,1,0.6825,0.0158,0.0158,ev,none,live,202609250580A50A,2026-09-22T17:47:03.773Z
2026,3,10819,Derrick Henry,BAL,RB,at DAL,rushYds,Hard Rock,49.5,over,97.69,-850,450,0.8947,0.8311,0.0766,0,0.9106,0.0158,0.0795,ev,multiplicative,live,202609270726D5A2,2026-09-22T17:47:03.773Z
2026,3,15265,Kyle Pitts,ATL,TE,at GB,recYds,Hard Rock,99.5,under,40.08,-6000,1300,0.9836,0.9323,0.0550,0,0.9992,0.0156,0.0669,ev,multiplicative,live,202609250580A50A,2026-09-22T17:47:03.773Z
2026,3,12561,Lamar Jackson,BAL,QB,at DAL,passYds,DraftKings,229.5,over,259.92,-159,,0.6139,0.6139,,1,0.6294,0.0155,0.0155,ev,none,live,202609270726D5A2,2026-09-22T17:47:03.773Z
2026,3,17724,Ladd McConkey,LAC,WR,at BUF,recYds,Hard Rock,8.5,under,64.26,1500,-6000,0.0625,0.0597,0.0461,0,0.0779,0.0154,0.0182,ev,multiplicative,live,2026092763BB8AC8,2026-09-22T17:47:03.773Z
2026,3,15306,Javonte Williams,DAL,RB,vs BAL,recYds,Hard Rock,16.5,under,15.36,-115,-115,0.5349,0.5000,0.0698,0,0.5500,0.0151,0.0500,ev,multiplicative,live,202609270726D5A2,2026-09-22T17:47:03.773Z
2026,3,18500,Matthew Golden,GB,WR,vs ATL,recYds,Hard Rock,17.5,under,52.68,550,-1300,0.1538,0.1421,0.0824,0,0.1688,0.0150,0.0267,ev,multiplicative,live,202609250580A50A,2026-09-22T17:47:03.773Z
2026,3,15947,Jake Ferguson,DAL,TE,vs BAL,recYds,Hard Rock,57.5,under,34.7,-1200,525,0.9231,0.8523,0.0831,0,0.9380,0.0149,0.0857,ev,multiplicative,live,202609270726D5A2,2026-09-22T17:47:03.773Z
2026,3,12561,Lamar Jackson,BAL,QB,at DAL,passYds,DraftKings,379.5,over,259.92,2200,,0.0435,0.0435,,1,0.0582,0.0148,0.0148,ev,none,live,202609270726D5A2,2026-09-22T17:47:03.773Z
2026,3,15946,Christian Watson,GB,WR,vs ATL,receptions,Hard Rock,9.5,over,3.95,1750,,0.0541,0.0541,,1,0.0687,0.0147,0.0147,ev,none,live,202609250580A50A,2026-09-22T17:47:03.773Z
2026,3,15946,Christian Watson,GB,WR,vs ATL,recYds,Hard Rock,28.5,under,69.75,500,-1000,0.1667,0.1549,0.0758,0,0.1814,0.0147,0.0264,ev,multiplicative,live,202609250580A50A,2026-09-22T17:47:03.773Z
2026,3,16649,Tucker Kraft,GB,TE,vs ATL,recYds,Caesars,46.5,over,49.04,-112,-117,0.5283,0.4949,0.0675,0,0.5429,0.0146,0.0480,ev,multiplicative,live,202609250580A50A,2026-09-22T17:47:03.773Z
2026,3,16649,Tucker Kraft,GB,TE,vs ATL,recYds,DraftKings,46.5,over,49.04,-112,-111,0.5283,0.5011,0.0544,0,0.5429,0.0146,0.0419,ev,multiplicative,live,202609250580A50A,2026-09-22T17:47:03.773Z
2026,3,17700,Michael Penix Jr.,ATL,QB,at GB,passTD,BetRivers,2.5,over,1.15,950,,0.0952,0.0952,,1,0.1099,0.0146,0.0146,ev,none,live,202609250580A50A,2026-09-22T17:47:03.773Z
2026,3,16649,Tucker Kraft,GB,TE,vs ATL,receptions,BetRivers,4.5,over,3.83,160,,0.3846,0.3846,,1,0.3992,0.0146,0.0146,ev,none,live,202609250580A50A,2026-09-22T17:47:03.773Z
2026,3,15306,Javonte Williams,DAL,RB,vs BAL,rushYds,Caesars,59.5,over,63.83,-117,-113,0.5392,0.5040,0.0697,0,0.5537,0.0146,0.0497,ev,multiplicative,live,202609270726D5A2,2026-09-22T17:47:03.773Z
2026,3,18500,Matthew Golden,GB,WR,vs ATL,receptions,Hard Rock,3.5,under,4,145,-200,0.4082,0.3797,0.0748,0,0.4227,0.0146,0.0430,ev,multiplicative,live,202609250580A50A,2026-09-22T17:47:03.773Z
2026,3,14411,CeeDee Lamb,DAL,WR,vs BAL,receptions,DraftKings,12.5,over,5.87,1660,,0.0568,0.0568,,1,0.0713,0.0145,0.0145,ev,none,live,202609270726D5A2,2026-09-22T17:47:03.773Z
2026,3,18445,Omarion Hampton,LAC,RB,at BUF,rushYds,theScore,34.5,over,69.88,-525,,0.8400,0.8400,,1,0.8545,0.0145,0.0145,ev,none,live,2026092763BB8AC8,2026-09-22T17:47:03.773Z
2026,3,12483,Josh Allen,BUF,QB,vs LAC,passYds,DraftKings,379.5,over,256.07,2800,,0.0345,0.0345,,1,0.0488,0.0143,0.0143,ev,none,live,2026092763BB8AC8,2026-09-22T17:47:03.773Z
2026,3,12483,Josh Allen,BUF,QB,vs LAC,passYds,FanDuel,224.5,over,256.07,-165,,0.6226,0.6226,,1,0.6370,0.0143,0.0143,ev,none,live,2026092763BB8AC8,2026-09-22T17:47:03.773Z
2026,3,12483,Josh Allen,BUF,QB,vs LAC,passYds,BetRivers,224.5,over,256.07,-165,,0.6226,0.6226,,1,0.6370,0.0143,0.0143,ev,none,live,2026092763BB8AC8,2026-09-22T17:47:03.773Z
2026,3,15947,Jake Ferguson,DAL,TE,vs BAL,recYds,Hard Rock,72.5,under,34.7,-5000,1200,0.9804,0.9272,0.0573,0,0.9946,0.0142,0.0674,ev,multiplicative,live,202609270726D5A2,2026-09-22T17:47:03.773Z
2026,3,14411,CeeDee Lamb,DAL,WR,vs BAL,receptions,DraftKings,10.5,over,5.87,620,,0.1389,0.1389,,1,0.1529,0.0141,0.0141,ev,none,live,202609270726D5A2,2026-09-22T17:47:03.773Z
2026,3,10819,Derrick Henry,BAL,RB,at DAL,rushYds,BetRivers,69.5,over,97.69,-335,,0.7701,0.7701,,1,0.7842,0.0141,0.0141,ev,none,live,202609270726D5A2,2026-09-22T17:47:03.773Z
2026,3,15850,Jahan Dotson,ATL,WR,at GB,recYds,Hard Rock,79.5,under,17.4,-7000,1400,0.9859,0.9367,0.0526,0,1.0000,0.0141,0.0633,ev,multiplicative,live,202609250580A50A,2026-09-22T17:47:03.773Z
2026,3,15306,Javonte Williams,DAL,RB,vs BAL,recYds,Hard Rock,66.5,under,15.36,-7000,1500,0.9859,0.9404,0.0484,0,1.0000,0.0141,0.0596,ev,multiplicative,live,202609270726D5A2,2026-09-22T17:47:03.773Z
2026,3,14371,Jordan Love,GB,QB,vs ATL,rushYds,Hard Rock,38.5,under,14.63,-7000,1400,0.9859,0.9367,0.0526,0,0.9999,0.0140,0.0632,ev,multiplicative,live,202609250580A50A,2026-09-22T17:47:03.773Z
2026,3,14371,Jordan Love,GB,QB,vs ATL,rushYds,Hard Rock,39.5,under,14.63,-7000,1600,0.9859,0.9437,0.0447,0,1.0000,0.0140,0.0563,ev,multiplicative,live,202609250580A50A,2026-09-22T17:47:03.773Z
2026,3,15907,Brian Robinson Jr.,ATL,RB,at GB,rushYds,BetRivers,20.5,over,22,-117,-114,0.5392,0.5030,0.0719,0,0.5530,0.0139,0.0500,ev,multiplicative,live,202609250580A50A,2026-09-22T17:47:03.773Z
2026,3,14371,Jordan Love,GB,QB,vs ATL,passYds,Hard Rock,174.5,under,232.97,325,-575,0.2353,0.2164,0.0871,0,0.2492,0.0139,0.0328,ev,multiplicative,live,202609250580A50A,2026-09-22T17:47:03.773Z
2026,3,18478,Tre Harris,LAC,WR,at BUF,recYds,Hard Rock,99.5,under,34.63,-7000,1500,0.9859,0.9404,0.0484,0,0.9998,0.0139,0.0594,ev,multiplicative,live,2026092763BB8AC8,2026-09-22T17:47:03.773Z
2026,3,16741,Chris Brooks,GB,RB,vs ATL,recYds,Hard Rock,37.5,under,9.58,-6000,1300,0.9836,0.9323,0.0550,0,0.9974,0.0138,0.0651,ev,multiplicative,live,202609250580A50A,2026-09-22T17:47:03.773Z
2026,3,12561,Lamar Jackson,BAL,QB,at DAL,passYds,Hard Rock,388.5,over,259.92,3000,,0.0323,0.0323,,1,0.0457,0.0135,0.0135,ev,none,live,202609270726D5A2,2026-09-22T17:47:03.773Z
2026,3,15946,Christian Watson,GB,WR,vs ATL,receptions,FanDuel,8.5,over,3.95,916,,0.0984,0.0984,,1,0.1116,0.0132,0.0132,ev,none,live,202609250580A50A,2026-09-22T17:47:03.773Z
2026,3,15853,George Pickens,DAL,WR,vs BAL,recYds,Caesars,19.5,over,75.47,-1500,,0.9375,0.9375,,1,0.9507,0.0132,0.0132,ev,none,live,202609270726D5A2,2026-09-22T17:47:03.773Z
2026,3,14446,Justin Herbert,LAC,QB,at BUF,completions,BetRivers,24.5,over,20.22,320,,0.2381,0.2381,,1,0.2510,0.0129,0.0129,ev,none,live,2026092763BB8AC8,2026-09-22T17:47:03.773Z
2026,3,17700,Michael Penix Jr.,ATL,QB,at GB,passYds,Hard Rock,196.5,under,199.74,110,-150,0.4762,0.4425,0.0762,0,0.4890,0.0128,0.0466,ev,multiplicative,live,202609250580A50A,2026-09-22T17:47:03.773Z
2026,3,15946,Christian Watson,GB,WR,vs ATL,receptions,DraftKings,6.5,over,3.95,326,,0.2347,0.2347,,1,0.2475,0.0127,0.0127,ev,none,live,202609250580A50A,2026-09-22T17:47:03.773Z
2026,3,16741,Chris Brooks,GB,RB,vs ATL,recYds,Hard Rock,39.5,under,9.58,-7000,1600,0.9859,0.9437,0.0447,0,0.9986,0.0127,0.0549,ev,multiplicative,live,202609250580A50A,2026-09-22T17:47:03.773Z
2026,3,17724,Ladd McConkey,LAC,WR,at BUF,recYds,Hard Rock,79.5,over,64.26,250,-375,0.2857,0.2657,0.0752,0,0.2984,0.0127,0.0327,ev,multiplicative,live,2026092763BB8AC8,2026-09-22T17:47:03.773Z
2026,3,12477,DJ Moore,BUF,WR,vs LAC,recYds,theScore,9.5,over,52.56,-2500,,0.9615,0.9615,,1,0.9741,0.0126,0.0126,ev,none,live,2026092763BB8AC8,2026-09-22T17:47:03.773Z
2026,3,15947,Jake Ferguson,DAL,TE,vs BAL,receptions,DraftKings,4.5,over,3.73,190,,0.3448,0.3448,,1,0.3573,0.0125,0.0125,ev,none,live,202609270726D5A2,2026-09-22T17:47:03.773Z
2026,3,15853,George Pickens,DAL,WR,vs BAL,receptions,FanDuel,10.5,over,4.89,1697,,0.0556,0.0556,,1,0.0681,0.0125,0.0125,ev,none,live,202609270726D5A2,2026-09-22T17:47:03.773Z
2026,3,15868,Drake London,ATL,WR,at GB,receptions,theScore,5.5,under,4.64,-150,115,0.6000,0.5633,0.0651,0,0.6125,0.0125,0.0491,ev,multiplicative,live,202609250580A50A,2026-09-22T17:47:03.773Z
2026,3,12561,Lamar Jackson,BAL,QB,at DAL,passYds,Hard Rock,218.5,over,259.92,-195,140,0.6610,0.6134,0.0777,0,0.6735,0.0125,0.0602,ev,multiplicative,live,202609270726D5A2,2026-09-22T17:47:03.773Z
2026,3,12561,Lamar Jackson,BAL,QB,at DAL,completions,DraftKings,21.5,over,18.74,218,,0.3145,0.3145,,1,0.3269,0.0124,0.0124,ev,none,live,202609270726D5A2,2026-09-22T17:47:03.773Z
2026,3,17795,MarShawn Lloyd,GB,RB,vs ATL,recYds,Hard Rock,30.5,over,12.1,1100,-5000,0.0833,0.0783,0.0637,0,0.0957,0.0124,0.0174,ev,multiplicative,live,202609250580A50A,2026-09-22T17:47:03.773Z
2026,3,12483,Josh Allen,BUF,QB,vs LAC,passYds,Hard Rock,228.5,over,256.07,-155,110,0.6078,0.5607,0.0840,0,0.6202,0.0124,0.0595,ev,multiplicative,live,2026092763BB8AC8,2026-09-22T17:47:03.773Z
2026,3,17700,Michael Penix Jr.,ATL,QB,at GB,rushYds,Hard Rock,38.5,under,8.86,-8000,1600,0.9877,0.9438,0.0465,0,0.9999,0.0123,0.0561,ev,multiplicative,live,202609250580A50A,2026-09-22T17:47:03.773Z
2026,3,17700,Michael Penix Jr.,ATL,QB,at GB,rushYds,Hard Rock,39.5,under,8.86,-8000,1750,0.9877,0.9481,0.0417,0,1.0000,0.0123,0.0519,ev,multiplicative,live,202609250580A50A,2026-09-22T17:47:03.773Z
2026,3,16739,Bijan Robinson,ATL,RB,at GB,recYds,Hard Rock,99.5,under,32.4,-8000,1600,0.9877,0.9438,0.0465,0,1.0000,0.0123,0.0562,ev,multiplicative,live,202609250580A50A,2026-09-22T17:47:03.773Z
2026,3,16741,Chris Brooks,GB,RB,vs ATL,rushYds,Hard Rock,64.5,under,28.67,-8000,1600,0.9877,0.9438,0.0465,0,1.0000,0.0123,0.0562,ev,multiplicative,live,202609250580A50A,2026-09-22T17:47:03.773Z
2026,3,11008,Dak Prescott,DAL,QB,vs BAL,rushYds,Hard Rock,47.5,under,9.5,-8000,1600,0.9877,0.9438,0.0465,0,1.0000,0.0123,0.0562,ev,multiplicative,live,202609270726D5A2,2026-09-22T17:47:03.773Z
2026,3,15946,Christian Watson,GB,WR,vs ATL,receptions,theScore,6.5,over,3.95,325,,0.2353,0.2353,,1,0.2475,0.0122,0.0122,ev,none,live,202609250580A50A,2026-09-22T17:47:03.773Z
2026,3,12483,Josh Allen,BUF,QB,vs LAC,rushYds,Hard Rock,83.5,under,32.45,-8000,1600,0.9877,0.9438,0.0465,0,0.9998,0.0122,0.0560,ev,multiplicative,live,2026092763BB8AC8,2026-09-22T17:47:03.773Z
2026,3,15907,Brian Robinson Jr.,ATL,RB,at GB,rushYds,Hard Rock,79.5,over,22,3000,,0.0323,0.0323,,1,0.0443,0.0120,0.0120,ev,none,live,202609250580A50A,2026-09-22T17:47:03.773Z
2026,3,15265,Kyle Pitts,ATL,TE,at GB,recYds,Caesars,39.5,over,40.08,100,,0.5000,0.5000,,1,0.5119,0.0119,0.0119,ev,none,live,202609250580A50A,2026-09-22T17:47:03.773Z
2026,3,18515,Kaleb Johnson,GB,RB,vs ATL,rushYds,Hard Rock,87.5,under,21.07,-5000,1200,0.9804,0.9272,0.0573,0,0.9923,0.0119,0.0651,ev,multiplicative,live,202609250580A50A,2026-09-22T17:47:03.773Z
2026,3,18515,Kaleb Johnson,GB,RB,vs ATL,rushYds,Hard Rock,82.5,under,21.07,-4000,900,0.9756,0.9070,0.0756,0,0.9875,0.0119,0.0805,ev,multiplicative,live,202609250580A50A,2026-09-22T17:47:03.773Z
2026,3,15853,George Pickens,DAL,WR,vs BAL,receptions,Hard Rock,6.5,over,4.89,210,-300,0.3226,0.3008,0.0726,0,0.3345,0.0119,0.0337,ev,multiplicative,live,202609270726D5A2,2026-09-22T17:47:03.773Z
2026,3,12483,Josh Allen,BUF,QB,vs LAC,passYds,Hard Rock,168.5,under,256.07,550,-1300,0.1538,0.1421,0.0824,0,0.1655,0.0117,0.0234,ev,multiplicative,live,2026092763BB8AC8,2026-09-22T17:47:03.773Z
2026,3,12483,Josh Allen,BUF,QB,vs LAC,passYds,Hard Rock,378.5,over,256.07,2500,,0.0385,0.0385,,1,0.0502,0.0117,0.0117,ev,none,live,2026092763BB8AC8,2026-09-22T17:47:03.773Z
2026,3,15306,Javonte Williams,DAL,RB,vs BAL,rushYds,DraftKings,49.5,over,63.83,-195,,0.6610,0.6610,,1,0.6726,0.0116,0.0116,ev,none,live,202609270726D5A2,2026-09-22T17:47:03.773Z
2026,3,12561,Lamar Jackson,BAL,QB,at DAL,rushYds,FanDuel,79.5,over,52.86,879,,0.1021,0.1021,,1,0.1138,0.0116,0.0116,ev,none,live,202609270726D5A2,2026-09-22T17:47:03.773Z
2026,3,15946,Christian Watson,GB,WR,vs ATL,receptions,Hard Rock,8.5,over,3.95,900,-4000,0.1000,0.0930,0.0756,0,0.1116,0.0116,0.0187,ev,multiplicative,live,202609250580A50A,2026-09-22T17:47:03.773Z
2026,3,12483,Josh Allen,BUF,QB,vs LAC,passYds,Hard Rock,368.5,over,256.07,1750,-9000,0.0541,0.0518,0.0431,0,0.0657,0.0116,0.0139,ev,multiplicative,live,2026092763BB8AC8,2026-09-22T17:47:03.773Z
2026,3,10819,Derrick Henry,BAL,RB,at DAL,rushYds,Caesars,99.5,over,97.69,113,,0.4695,0.4695,,1,0.4809,0.0114,0.0114,ev,none,live,202609270726D5A2,2026-09-22T17:47:03.773Z
2026,3,15907,Brian Robinson Jr.,ATL,RB,at GB,rushYds,Hard Rock,12.5,over,22,-375,250,0.7895,0.7343,0.0752,0,0.8007,0.0113,0.0665,ev,multiplicative,live,202609250580A50A,2026-09-22T17:47:03.773Z
2026,3,17724,Ladd McConkey,LAC,WR,at BUF,receptions,Hard Rock,1.5,under,4.77,850,-3000,0.1053,0.0981,0.0730,0,0.1166,0.0113,0.0185,ev,multiplicative,live,2026092763BB8AC8,2026-09-22T17:47:03.773Z
2026,3,14446,Justin Herbert,LAC,QB,at BUF,passTD,BetRivers,2.5,over,1.37,575,,0.1481,0.1481,,1,0.1593,0.0112,0.0112,ev,none,live,2026092763BB8AC8,2026-09-22T17:47:03.773Z
2026,3,16741,Chris Brooks,GB,RB,vs ATL,rushYds,Hard Rock,39.5,under,28.67,-900,450,0.9000,0.8319,0.0818,0,0.9111,0.0111,0.0792,ev,multiplicative,live,202609250580A50A,2026-09-22T17:47:03.773Z
2026,3,15853,George Pickens,DAL,WR,vs BAL,recYds,Hard Rock,109.5,over,75.47,475,-1000,0.1739,0.1606,0.0830,0,0.1851,0.0111,0.0245,ev,multiplicative,live,202609270726D5A2,2026-09-22T17:47:03.773Z
2026,3,15946,Christian Watson,GB,WR,vs ATL,receptions,BetRivers,7.5,over,3.95,525,,0.1600,0.1600,,1,0.1710,0.0110,0.0110,ev,none,live,202609250580A50A,2026-09-22T17:47:03.773Z
2026,3,16741,Chris Brooks,GB,RB,vs ATL,rushYds,Hard Rock,66.5,under,28.67,-9000,1750,0.9890,0.9482,0.0431,0,1.0000,0.0110,0.0518,ev,multiplicative,live,202609250580A50A,2026-09-22T17:47:03.773Z
2026,3,16739,Bijan Robinson,ATL,RB,at GB,rushYds,theScore,29.5,over,87.97,-3000,,0.9677,0.9677,,1,0.9787,0.0110,0.0110,ev,none,live,202609250580A50A,2026-09-22T17:47:03.773Z
2026,3,15946,Christian Watson,GB,WR,vs ATL,receptions,Hard Rock,7.5,over,3.95,525,-1100,0.1600,0.1486,0.0767,0,0.1710,0.0110,0.0224,ev,multiplicative,live,202609250580A50A,2026-09-22T17:47:03.773Z
2026,3,14446,Justin Herbert,LAC,QB,at BUF,rushYds,Hard Rock,59.5,under,22.63,-9000,1750,0.9890,0.9482,0.0431,0,1.0000,0.0110,0.0518,ev,multiplicative,live,2026092763BB8AC8,2026-09-22T17:47:03.773Z
2026,3,17795,MarShawn Lloyd,GB,RB,vs ATL,rushYds,DraftKings,99.5,over,45.05,3300,,0.0294,0.0294,,1,0.0403,0.0109,0.0109,ev,none,live,202609250580A50A,2026-09-22T17:47:03.773Z
2026,3,15946,Christian Watson,GB,WR,vs ATL,recYds,Hard Rock,24.5,under,69.75,575,-1400,0.1481,0.1370,0.0815,0,0.1590,0.0109,0.0221,ev,multiplicative,live,202609250580A50A,2026-09-22T17:47:03.773Z
2026,3,15946,Christian Watson,GB,WR,vs ATL,recYds,Hard Rock,23.5,under,69.75,600,-1600,0.1429,0.1318,0.0840,0,0.1538,0.0109,0.0220,ev,multiplicative,live,202609250580A50A,2026-09-22T17:47:03.773Z
2026,3,16741,Chris Brooks,GB,RB,vs ATL,recYds,Caesars,9.5,over,9.58,103,,0.4926,0.4926,,1,0.5033,0.0107,0.0107,ev,none,live,202609250580A50A,2026-09-22T17:47:03.773Z
2026,3,16739,Bijan Robinson,ATL,RB,at GB,receptions,Hard Rock,9.5,under,4.13,-6000,1400,0.9836,0.9365,0.0503,0,0.9941,0.0104,0.0575,ev,multiplicative,live,202609250580A50A,2026-09-22T17:47:03.773Z
2026,3,14371,Jordan Love,GB,QB,vs ATL,passYds,Hard Rock,177.5,under,232.97,300,-500,0.2500,0.2308,0.0833,0,0.2604,0.0104,0.0296,ev,multiplicative,live,202609250580A50A,2026-09-22T17:47:03.773Z
2026,3,15947,Jake Ferguson,DAL,TE,vs BAL,recYds,Hard Rock,77.5,under,34.7,-8000,1600,0.9877,0.9438,0.0465,0,0.9981,0.0104,0.0543,ev,multiplicative,live,202609270726D5A2,2026-09-22T17:47:03.773Z
2026,3,12561,Lamar Jackson,BAL,QB,at DAL,passYds,Hard Rock,138.5,under,259.92,1100,-5000,0.0833,0.0783,0.0637,0,0.0937,0.0104,0.0154,ev,multiplicative,live,202609270726D5A2,2026-09-22T17:47:03.773Z
2026,3,16649,Tucker Kraft,GB,TE,vs ATL,recYds,FanDuel,46.5,over,49.04,-114,-114,0.5327,0.5000,0.0654,0,0.5429,0.0102,0.0429,ev,multiplicative,live,202609250580A50A,2026-09-22T17:47:03.773Z
2026,3,17724,Ladd McConkey,LAC,WR,at BUF,recYds,FanDuel,79.5,over,64.26,247,,0.2882,0.2882,,1,0.2984,0.0102,0.0102,ev,none,live,2026092763BB8AC8,2026-09-22T17:47:03.773Z
2026,3,10819,Derrick Henry,BAL,RB,at DAL,rushYds,Hard Rock,48.5,over,97.69,-950,475,0.9048,0.8388,0.0787,0,0.9150,0.0102,0.0762,ev,multiplicative,live,202609270726D5A2,2026-09-22T17:47:03.773Z
2026,3,17700,Michael Penix Jr.,ATL,QB,at GB,passTD,DraftKings,2.5,over,1.15,900,,0.1000,0.1000,,1,0.1099,0.0099,0.0099,ev,none,live,202609250580A50A,2026-09-22T17:47:03.773Z
2026,3,18478,Tre Harris,LAC,WR,at BUF,recYds,Hard Rock,43.5,under,34.63,-210,145,0.6774,0.6240,0.0856,0,0.6874,0.0099,0.0633,ev,multiplicative,live,2026092763BB8AC8,2026-09-22T17:47:03.773Z
2026,3,12477,DJ Moore,BUF,WR,vs LAC,recYds,Hard Rock,14.5,over,52.56,-1800,650,0.9474,0.8766,0.0807,0,0.9572,0.0099,0.0806,ev,multiplicative,live,2026092763BB8AC8,2026-09-22T17:47:03.773Z
2026,3,10819,Derrick Henry,BAL,RB,at DAL,rushYds,theScore,29.5,over,97.69,-2500,,0.9615,0.9615,,1,0.9714,0.0099,0.0099,ev,none,live,202609270726D5A2,2026-09-22T17:47:03.773Z
2026,3,15947,Jake Ferguson,DAL,TE,vs BAL,receptions,BetRivers,5.5,over,3.73,425,,0.1905,0.1905,,1,0.2002,0.0098,0.0098,ev,none,live,202609270726D5A2,2026-09-22T17:47:03.773Z
2026,3,12483,Josh Allen,BUF,QB,vs LAC,passYds,Caesars,229.5,over,256.07,-154,,0.6063,0.6063,,1,0.6160,0.0097,0.0097,ev,none,live,2026092763BB8AC8,2026-09-22T17:47:03.773Z
2026,3,15947,Jake Ferguson,DAL,TE,vs BAL,recYds,Hard Rock,79.5,under,34.7,-9000,1750,0.9890,0.9482,0.0431,0,0.9987,0.0097,0.0506,ev,multiplicative,live,202609270726D5A2,2026-09-22T17:47:03.773Z
2026,3,15946,Christian Watson,GB,WR,vs ATL,recYds,theScore,79.5,over,69.75,150,,0.4000,0.4000,,1,0.4095,0.0095,0.0095,ev,none,live,202609250580A50A,2026-09-22T17:47:03.773Z
2026,3,12477,DJ Moore,BUF,WR,vs LAC,recYds,theScore,49.5,over,52.56,-120,-110,0.5455,0.5101,0.0693,0,0.5550,0.0095,0.0449,ev,multiplicative,live,2026092763BB8AC8,2026-09-22T17:47:03.773Z
2026,3,15853,George Pickens,DAL,WR,vs BAL,recYds,Hard Rock,19.5,over,75.47,-1600,650,0.9412,0.8759,0.0745,0,0.9507,0.0095,0.0748,ev,multiplicative,live,202609270726D5A2,2026-09-22T17:47:03.773Z
2026,3,12561,Lamar Jackson,BAL,QB,at DAL,passYds,FanDuel,199.5,over,259.92,-277,,0.7347,0.7347,,1,0.7441,0.0094,0.0094,ev,none,live,202609270726D5A2,2026-09-22T17:47:03.773Z
2026,3,16739,Bijan Robinson,ATL,RB,at GB,rushYds,Hard Rock,33.5,over,87.97,-2500,750,0.9615,0.8910,0.0792,0,0.9705,0.0090,0.0796,ev,multiplicative,live,202609250580A50A,2026-09-22T17:47:03.773Z
2026,3,12561,Lamar Jackson,BAL,QB,at DAL,passYds,DraftKings,389.5,over,259.92,2700,,0.0357,0.0357,,1,0.0445,0.0088,0.0088,ev,none,live,202609270726D5A2,2026-09-22T17:47:03.773Z
2026,3,15265,Kyle Pitts,ATL,TE,at GB,receptions,Hard Rock,2.5,over,3.52,-300,200,0.7500,0.6923,0.0833,0,0.7587,0.0087,0.0664,ev,multiplicative,live,202609250580A50A,2026-09-22T17:47:03.773Z
2026,3,18478,Tre Harris,LAC,WR,at BUF,recYds,Hard Rock,18.5,under,34.63,220,-350,0.3125,0.2866,0.0903,0,0.3211,0.0086,0.0344,ev,multiplicative,live,2026092763BB8AC8,2026-09-22T17:47:03.773Z
2026,3,10819,Derrick Henry,BAL,RB,at DAL,rushYds,DraftKings,29.5,over,97.69,-2600,,0.9630,0.9630,,1,0.9714,0.0085,0.0085,ev,none,live,202609270726D5A2,2026-09-22T17:47:03.773Z
2026,3,12561,Lamar Jackson,BAL,QB,at DAL,rushYds,Hard Rock,79.5,over,52.86,850,-3000,0.1053,0.0981,0.0730,0,0.1138,0.0085,0.0157,ev,multiplicative,live,202609270726D5A2,2026-09-22T17:47:03.773Z
2026,3,18500,Matthew Golden,GB,WR,vs ATL,receptions,BetRivers,4.5,over,4,125,,0.4444,0.4444,,1,0.4527,0.0083,0.0083,ev,none,live,202609250580A50A,2026-09-22T17:47:03.773Z
2026,3,15306,Javonte Williams,DAL,RB,vs BAL,rushYds,theScore,59.5,over,63.83,-120,-110,0.5455,0.5101,0.0693,0,0.5537,0.0083,0.0436,ev,multiplicative,live,202609270726D5A2,2026-09-22T17:47:03.773Z
2026,3,16649,Tucker Kraft,GB,TE,vs ATL,recYds,theScore,39.5,over,49.04,-185,,0.6491,0.6491,,1,0.6572,0.0081,0.0081,ev,none,live,202609250580A50A,2026-09-22T17:47:03.773Z
2026,3,17700,Michael Penix Jr.,ATL,QB,at GB,rushYds,Hard Rock,13.5,over,8.86,275,-450,0.2667,0.2458,0.0848,0,0.2748,0.0081,0.0290,ev,multiplicative,live,202609250580A50A,2026-09-22T17:47:03.773Z
2026,3,16649,Tucker Kraft,GB,TE,vs ATL,recYds,BetRivers,46.5,over,49.04,-115,-115,0.5349,0.5000,0.0698,0,0.5429,0.0080,0.0429,ev,multiplicative,live,202609250580A50A,2026-09-22T17:47:03.773Z
2026,3,17795,MarShawn Lloyd,GB,RB,vs ATL,rushYds,Hard Rock,99.5,over,45.05,3000,,0.0323,0.0323,,1,0.0403,0.0080,0.0080,ev,none,live,202609250580A50A,2026-09-22T17:47:03.773Z
2026,3,15850,Jahan Dotson,ATL,WR,at GB,receptions,Hard Rock,4.5,under,1.43,-4000,900,0.9756,0.9070,0.0756,0,0.9836,0.0080,0.0766,ev,multiplicative,live,202609250580A50A,2026-09-22T17:47:03.773Z
2026,3,16649,Tucker Kraft,GB,TE,vs ATL,recYds,Hard Rock,46.5,over,49.04,-115,-115,0.5349,0.5000,0.0698,0,0.5429,0.0080,0.0429,ev,multiplicative,live,202609250580A50A,2026-09-22T17:47:03.773Z
2026,3,12561,Lamar Jackson,BAL,QB,at DAL,passYds,Hard Rock,148.5,under,259.92,850,-3000,0.1053,0.0981,0.0730,0,0.1132,0.0079,0.0151,ev,multiplicative,live,202609270726D5A2,2026-09-22T17:47:03.773Z
2026,3,12477,DJ Moore,BUF,WR,vs LAC,recYds,BetRivers,59.5,over,52.56,140,,0.4167,0.4167,,1,0.4244,0.0078,0.0078,ev,none,live,2026092763BB8AC8,2026-09-22T17:47:03.773Z
2026,3,14411,CeeDee Lamb,DAL,WR,vs BAL,recYds,Hard Rock,115.5,under,81.88,-350,240,0.7778,0.7256,0.0719,0,0.7854,0.0077,0.0598,ev,multiplicative,live,202609270726D5A2,2026-09-22T17:47:03.773Z
2026,3,15946,Christian Watson,GB,WR,vs ATL,recYds,theScore,67.5,over,69.75,-105,-125,0.5122,0.4797,0.0678,0,0.5198,0.0076,0.0401,ev,multiplicative,live,202609250580A50A,2026-09-22T17:47:03.773Z
2026,3,14411,CeeDee Lamb,DAL,WR,vs BAL,recYds,Hard Rock,135.5,under,81.88,-800,425,0.8889,0.8235,0.0794,0,0.8963,0.0075,0.0728,ev,multiplicative,live,202609270726D5A2,2026-09-22T17:47:03.773Z
2026,3,14411,CeeDee Lamb,DAL,WR,vs BAL,recYds,Hard Rock,125.5,under,81.88,-525,325,0.8400,0.7812,0.0753,0,0.8475,0.0075,0.0663,ev,multiplicative,live,202609270726D5A2,2026-09-22T17:47:03.773Z
2026,3,16899,Quentin Johnston,LAC,WR,at BUF,recYds,DraftKings,99.5,over,42.06,1840,,0.0515,0.0515,,1,0.0589,0.0074,0.0074,ev,none,live,2026092763BB8AC8,2026-09-22T17:47:03.773Z
2026,3,12483,Josh Allen,BUF,QB,vs LAC,passYds,Hard Rock,224.5,over,256.07,-170,120,0.6296,0.5807,0.0842,0,0.6370,0.0074,0.0562,ev,multiplicative,live,2026092763BB8AC8,2026-09-22T17:47:03.773Z
2026,3,18445,Omarion Hampton,LAC,RB,at BUF,receptions,Hard Rock,4.5,over,2.28,650,-1800,0.1333,0.1234,0.0807,0,0.1407,0.0074,0.0173,ev,multiplicative,live,2026092763BB8AC8,2026-09-22T17:47:03.773Z
2026,3,12483,Josh Allen,BUF,QB,vs LAC,passYds,theScore,224.5,over,256.07,-170,,0.6296,0.6296,,1,0.6370,0.0074,0.0074,ev,none,live,2026092763BB8AC8,2026-09-22T17:47:03.773Z
2026,3,17700,Michael Penix Jr.,ATL,QB,at GB,passYds,DraftKings,205.5,under,199.74,-112,-112,0.5283,0.5000,0.0566,0,0.5356,0.0073,0.0356,ev,multiplicative,live,202609250580A50A,2026-09-22T17:47:03.773Z
2026,3,12483,Josh Allen,BUF,QB,vs LAC,passYds,DraftKings,389.5,over,256.07,3300,,0.0294,0.0294,,1,0.0367,0.0073,0.0073,ev,none,live,2026092763BB8AC8,2026-09-22T17:47:03.773Z
2026,3,14411,CeeDee Lamb,DAL,WR,vs BAL,receptions,DraftKings,13.5,over,5.87,2500,,0.0385,0.0385,,1,0.0458,0.0073,0.0073,ev,none,live,202609270726D5A2,2026-09-22T17:47:03.773Z
2026,3,11008,Dak Prescott,DAL,QB,vs BAL,passYds,BetRivers,268.5,under,260.17,-117,-114,0.5392,0.5030,0.0719,0,0.5465,0.0073,0.0435,ev,multiplicative,live,202609270726D5A2,2026-09-22T17:47:03.773Z
2026,3,16899,Quentin Johnston,LAC,WR,at BUF,recYds,Hard Rock,75.5,over,42.06,475,-1000,0.1739,0.1606,0.0830,0,0.1813,0.0073,0.0207,ev,multiplicative,live,2026092763BB8AC8,2026-09-22T17:47:03.773Z
2026,3,11008,Dak Prescott,DAL,QB,vs BAL,passYds,Hard Rock,249.5,under,260.17,125,-175,0.4444,0.4112,0.0808,0,0.4517,0.0073,0.0405,ev,multiplicative,live,202609270726D5A2,2026-09-22T17:47:03.773Z
2026,3,15946,Christian Watson,GB,WR,vs ATL,recYds,BetRivers,69.5,over,69.75,102,,0.4950,0.4950,,1,0.5022,0.0072,0.0072,ev,none,live,202609250580A50A,2026-09-22T17:47:03.773Z
2026,3,15946,Christian Watson,GB,WR,vs ATL,receptions,FanDuel,6.5,over,3.95,316,,0.2404,0.2404,,1,0.2475,0.0071,0.0071,ev,none,live,202609250580A50A,2026-09-22T17:47:03.773Z
2026,3,16649,Tucker Kraft,GB,TE,vs ATL,recYds,Hard Rock,64.5,under,49.04,-275,195,0.7333,0.6839,0.0723,0,0.7404,0.0070,0.0565,ev,multiplicative,live,202609250580A50A,2026-09-22T17:47:03.773Z
2026,3,14371,Jordan Love,GB,QB,vs ATL,passYds,BetRivers,249.5,over,232.97,150,,0.4000,0.4000,,1,0.4069,0.0069,0.0069,ev,none,live,202609250580A50A,2026-09-22T17:47:03.773Z
2026,3,14411,CeeDee Lamb,DAL,WR,vs BAL,recYds,Hard Rock,130.5,under,81.88,-650,375,0.8667,0.8046,0.0772,0,0.8736,0.0069,0.0690,ev,multiplicative,live,202609270726D5A2,2026-09-22T17:47:03.773Z
2026,3,15265,Kyle Pitts,ATL,TE,at GB,recYds,FanDuel,9.5,over,40.08,-1453,,0.9356,0.9356,,1,0.9425,0.0068,0.0068,ev,none,live,202609250580A50A,2026-09-22T17:47:03.773Z
2026,3,17700,Michael Penix Jr.,ATL,QB,at GB,passYds,Hard Rock,206.5,under,199.74,-115,-115,0.5349,0.5000,0.0698,0,0.5417,0.0068,0.0417,ev,multiplicative,live,202609250580A50A,2026-09-22T17:47:03.773Z
2026,3,17700,Michael Penix Jr.,ATL,QB,at GB,passTD,BetRivers,1.5,over,1.15,220,,0.3125,0.3125,,1,0.3192,0.0067,0.0067,ev,none,live,202609250580A50A,2026-09-22T17:47:03.773Z
2026,3,12561,Lamar Jackson,BAL,QB,at DAL,passTD,DraftKings,1.5,under,1.77,115,-147,0.4651,0.4387,0.0603,0,0.4718,0.0067,0.0331,ev,multiplicative,live,202609270726D5A2,2026-09-22T17:47:03.773Z
2026,3,15306,Javonte Williams,DAL,RB,vs BAL,rushYds,Hard Rock,54.5,over,63.83,-155,110,0.6078,0.5607,0.0840,0,0.6145,0.0067,0.0538,ev,multiplicative,live,202609270726D5A2,2026-09-22T17:47:03.773Z
2026,3,12483,Josh Allen,BUF,QB,vs LAC,passYds,FanDuel,349.5,over,256.07,917,,0.0983,0.0983,,1,0.1050,0.0066,0.0066,ev,none,live,2026092763BB8AC8,2026-09-22T17:47:03.773Z
2026,3,14446,Justin Herbert,LAC,QB,at BUF,passYds,Hard Rock,171.5,under,223.25,300,-500,0.2500,0.2308,0.0833,0,0.2566,0.0066,0.0259,ev,multiplicative,live,2026092763BB8AC8,2026-09-22T17:47:03.773Z
2026,3,12561,Lamar Jackson,BAL,QB,at DAL,rushYds,Hard Rock,6.5,under,52.86,1400,-7000,0.0667,0.0633,0.0526,0,0.0733,0.0066,0.0100,ev,multiplicative,live,202609270726D5A2,2026-09-22T17:47:03.773Z
2026,3,16899,Quentin Johnston,LAC,WR,at BUF,recYds,FanDuel,79.5,over,42.06,578,,0.1475,0.1475,,1,0.1540,0.0065,0.0065,ev,none,live,2026092763BB8AC8,2026-09-22T17:47:03.773Z
2026,3,12561,Lamar Jackson,BAL,QB,at DAL,passYds,Caesars,209.5,over,259.92,-235,,0.7015,0.7015,,1,0.7080,0.0065,0.0065,ev,none,live,202609270726D5A2,2026-09-22T17:47:03.773Z
2026,3,12561,Lamar Jackson,BAL,QB,at DAL,completions,BetRivers,19.5,over,18.74,125,,0.4444,0.4444,,1,0.4508,0.0064,0.0064,ev,none,live,202609270726D5A2,2026-09-22T17:47:03.773Z
2026,3,15946,Christian Watson,GB,WR,vs ATL,recYds,BetRivers,79.5,over,69.75,148,,0.4032,0.4032,,1,0.4095,0.0062,0.0062,ev,none,live,202609250580A50A,2026-09-22T17:47:03.773Z
2026,3,15868,Drake London,ATL,WR,at GB,receptions,FanDuel,5.5,under,4.64,-154,116,0.6063,0.5670,0.0693,0,0.6125,0.0062,0.0454,ev,multiplicative,live,202609250580A50A,2026-09-22T17:47:03.773Z
2026,3,12561,Lamar Jackson,BAL,QB,at DAL,rushYds,DraftKings,79.5,over,52.86,830,,0.1075,0.1075,,1,0.1138,0.0062,0.0062,ev,none,live,202609270726D5A2,2026-09-22T17:47:03.773Z
2026,3,15306,Javonte Williams,DAL,RB,vs BAL,rushYds,BetRivers,59.5,over,63.83,-121,,0.5475,0.5475,,1,0.5537,0.0062,0.0062,ev,none,live,202609270726D5A2,2026-09-22T17:47:03.773Z
2026,3,16649,Tucker Kraft,GB,TE,vs ATL,recYds,theScore,19.5,over,49.04,-800,,0.8889,0.8889,,1,0.8951,0.0062,0.0062,ev,none,live,202609250580A50A,2026-09-22T17:47:03.773Z
2026,3,15946,Christian Watson,GB,WR,vs ATL,receptions,FanDuel,9.5,over,3.95,1496,,0.0627,0.0627,,1,0.0687,0.0061,0.0061,ev,none,live,202609250580A50A,2026-09-22T17:47:03.773Z
2026,3,15868,Drake London,ATL,WR,at GB,recYds,Caesars,63.5,under,61.67,-110,-122,0.5238,0.4880,0.0734,0,0.5298,0.0060,0.0418,ev,multiplicative,live,202609250580A50A,2026-09-22T17:47:03.773Z
2026,3,17795,MarShawn Lloyd,GB,RB,vs ATL,recYds,FanDuel,29.5,over,12.1,876,,0.1025,0.1025,,1,0.1083,0.0059,0.0059,ev,none,live,202609250580A50A,2026-09-22T17:47:03.773Z
2026,3,15306,Javonte Williams,DAL,RB,vs BAL,rushYds,Caesars,49.5,over,63.83,-200,,0.6667,0.6667,,1,0.6726,0.0059,0.0059,ev,none,live,202609270726D5A2,2026-09-22T17:47:03.773Z
2026,3,15306,Javonte Williams,DAL,RB,vs BAL,rushYds,Hard Rock,49.5,over,63.83,-200,145,0.6667,0.6203,0.0748,0,0.6726,0.0059,0.0523,ev,multiplicative,live,202609270726D5A2,2026-09-22T17:47:03.773Z
2026,3,15907,Brian Robinson Jr.,ATL,RB,at GB,rushYds,DraftKings,79.5,over,22,2500,,0.0385,0.0385,,1,0.0443,0.0058,0.0058,ev,none,live,202609250580A50A,2026-09-22T17:47:03.773Z
2026,3,16899,Quentin Johnston,LAC,WR,at BUF,recYds,Hard Rock,79.5,over,42.06,575,-1300,0.1481,0.1376,0.0767,0,0.1540,0.0058,0.0164,ev,multiplicative,live,2026092763BB8AC8,2026-09-22T17:47:03.773Z
2026,3,16739,Bijan Robinson,ATL,RB,at GB,rushYds,theScore,24.5,over,87.97,-5000,,0.9804,0.9804,,1,0.9861,0.0057,0.0057,ev,none,live,202609250580A50A,2026-09-22T17:47:03.773Z
2026,3,14411,CeeDee Lamb,DAL,WR,vs BAL,recYds,DraftKings,85.5,under,81.88,-112,-112,0.5283,0.5000,0.0566,0,0.5339,0.0056,0.0339,ev,multiplicative,live,202609270726D5A2,2026-09-22T17:47:03.773Z
2026,3,12561,Lamar Jackson,BAL,QB,at DAL,rushAtt,DraftKings,3.5,over,8.65,-710,,0.8765,0.8765,,1,0.8821,0.0056,0.0056,ev,none,live,202609270726D5A2,2026-09-22T17:47:03.773Z
2026,3,12561,Lamar Jackson,BAL,QB,at DAL,rushYds,FanDuel,19.5,over,52.86,-551,,0.8464,0.8464,,1,0.8519,0.0055,0.0055,ev,none,live,202609270726D5A2,2026-09-22T17:47:03.773Z
2026,3,12483,Josh Allen,BUF,QB,vs LAC,passYds,Hard Rock,388.5,over,256.07,3000,,0.0323,0.0323,,1,0.0378,0.0055,0.0055,ev,none,live,2026092763BB8AC8,2026-09-22T17:47:03.773Z
2026,3,18500,Matthew Golden,GB,WR,vs ATL,recYds,Hard Rock,22.5,under,52.68,400,-750,0.2000,0.1848,0.0824,0,0.2054,0.0054,0.0206,ev,multiplicative,live,202609250580A50A,2026-09-22T17:47:03.773Z
2026,3,17724,Ladd McConkey,LAC,WR,at BUF,recYds,Hard Rock,33.5,over,64.26,-350,230,0.7778,0.7196,0.0808,0,0.7832,0.0054,0.0635,ev,multiplicative,live,2026092763BB8AC8,2026-09-22T17:47:03.773Z
2026,3,15946,Christian Watson,GB,WR,vs ATL,receptions,DraftKings,10.5,over,3.95,2800,,0.0345,0.0345,,1,0.0398,0.0053,0.0053,ev,none,live,202609250580A50A,2026-09-22T17:47:03.773Z
2026,3,15947,Jake Ferguson,DAL,TE,vs BAL,recYds,Hard Rock,2.5,over,34.7,-5000,1200,0.9804,0.9272,0.0573,0,0.9856,0.0052,0.0584,ev,multiplicative,live,202609270726D5A2,2026-09-22T17:47:03.773Z
2026,3,15265,Kyle Pitts,ATL,TE,at GB,receptions,DraftKings,2.5,over,3.52,-306,,0.7537,0.7537,,1,0.7587,0.0050,0.0050,ev,none,live,202609250580A50A,2026-09-22T17:47:03.773Z
2026,3,15265,Kyle Pitts,ATL,TE,at GB,recYds,Caesars,9.5,over,40.08,-1500,,0.9375,0.9375,,1,0.9425,0.0050,0.0050,ev,none,live,202609250580A50A,2026-09-22T17:47:03.773Z
2026,3,10819,Derrick Henry,BAL,RB,at DAL,rushYds,Hard Rock,113.5,over,97.69,200,-300,0.3333,0.3077,0.0833,0,0.3380,0.0047,0.0303,ev,multiplicative,live,202609270726D5A2,2026-09-22T17:47:03.773Z
2026,3,15868,Drake London,ATL,WR,at GB,receptions,BetMGM,5.5,under,4.64,-155,115,0.6078,0.5665,0.0730,0,0.6125,0.0046,0.0460,ev,multiplicative,live,202609250580A50A,2026-09-22T17:47:03.773Z
2026,3,14371,Jordan Love,GB,QB,vs ATL,passYds,DraftKings,269.5,over,232.97,237,,0.2967,0.2967,,1,0.3013,0.0046,0.0046,ev,none,live,202609250580A50A,2026-09-22T17:47:03.773Z
2026,3,15907,Brian Robinson Jr.,ATL,RB,at GB,rushYds,theScore,19.5,over,22,-140,,0.5833,0.5833,,1,0.5879,0.0046,0.0046,ev,none,live,202609250580A50A,2026-09-22T17:47:03.773Z
2026,3,15853,George Pickens,DAL,WR,vs BAL,receptions,FanDuel,6.5,over,4.89,203,,0.3300,0.3300,,1,0.3345,0.0045,0.0045,ev,none,live,202609270726D5A2,2026-09-22T17:47:03.773Z
2026,3,12477,DJ Moore,BUF,WR,vs LAC,recYds,FanDuel,59.5,over,52.56,138,,0.4202,0.4202,,1,0.4244,0.0043,0.0043,ev,none,live,2026092763BB8AC8,2026-09-22T17:47:03.773Z
2026,3,16739,Bijan Robinson,ATL,RB,at GB,rushYds,Hard Rock,103.5,over,87.97,210,-300,0.3226,0.3008,0.0726,0,0.3269,0.0043,0.0261,ev,multiplicative,live,202609250580A50A,2026-09-22T17:47:03.773Z
2026,3,17724,Ladd McConkey,LAC,WR,at BUF,recYds,BetRivers,29.5,over,64.26,-420,,0.8077,0.8077,,1,0.8118,0.0042,0.0042,ev,none,live,2026092763BB8AC8,2026-09-22T17:47:03.773Z
2026,3,17700,Michael Penix Jr.,ATL,QB,at GB,rushYds,Hard Rock,18.5,under,8.86,-800,425,0.8889,0.8235,0.0794,0,0.8931,0.0042,0.0696,ev,multiplicative,live,202609250580A50A,2026-09-22T17:47:03.773Z
2026,3,15850,Jahan Dotson,ATL,WR,at GB,recYds,Hard Rock,4.5,under,17.4,325,-575,0.2353,0.2164,0.0871,0,0.2395,0.0042,0.0230,ev,multiplicative,live,202609250580A50A,2026-09-22T17:47:03.773Z
2026,3,12483,Josh Allen,BUF,QB,vs LAC,passYds,Hard Rock,178.5,under,256.07,425,-800,0.1905,0.1765,0.0794,0,0.1946,0.0042,0.0182,ev,multiplicative,live,2026092763BB8AC8,2026-09-22T17:47:03.773Z
2026,3,12561,Lamar Jackson,BAL,QB,at DAL,passYds,Hard Rock,149.5,under,259.92,800,-3000,0.1111,0.1030,0.0789,0,0.1153,0.0042,0.0123,ev,multiplicative,live,202609270726D5A2,2026-09-22T17:47:03.773Z
2026,3,12561,Lamar Jackson,BAL,QB,at DAL,passYds,DraftKings,399.5,over,259.92,3300,,0.0294,0.0294,,1,0.0335,0.0040,0.0040,ev,none,live,202609270726D5A2,2026-09-22T17:47:03.773Z
2026,3,12561,Lamar Jackson,BAL,QB,at DAL,passTD,theScore,3.5,over,1.77,900,,0.1000,0.1000,,1,0.1039,0.0039,0.0039,ev,none,live,202609270726D5A2,2026-09-22T17:47:03.773Z
2026,3,15306,Javonte Williams,DAL,RB,vs BAL,rushYds,FanDuel,49.5,over,63.83,-202,,0.6689,0.6689,,1,0.6726,0.0037,0.0037,ev,none,live,202609270726D5A2,2026-09-22T17:47:03.773Z
2026,3,12561,Lamar Jackson,BAL,QB,at DAL,passYds,FanDuel,374.5,over,259.92,1498,,0.0626,0.0626,,1,0.0663,0.0037,0.0037,ev,none,live,202609270726D5A2,2026-09-22T17:47:03.773Z
2026,3,14371,Jordan Love,GB,QB,vs ATL,passYds,FanDuel,249.5,over,232.97,148,,0.4032,0.4032,,1,0.4069,0.0036,0.0036,ev,none,live,202609250580A50A,2026-09-22T17:47:03.773Z
2026,3,14371,Jordan Love,GB,QB,vs ATL,passYds,DraftKings,279.5,over,232.97,300,,0.2500,0.2500,,1,0.2536,0.0036,0.0036,ev,none,live,202609250580A50A,2026-09-22T17:47:03.773Z
2026,3,12483,Josh Allen,BUF,QB,vs LAC,passYds,DraftKings,229.5,over,256.07,-158,,0.6124,0.6124,,1,0.6160,0.0036,0.0036,ev,none,live,2026092763BB8AC8,2026-09-22T17:47:03.773Z
2026,3,16739,Bijan Robinson,ATL,RB,at GB,rushYds,theScore,19.5,over,87.97,-8000,,0.9877,0.9877,,1,0.9912,0.0036,0.0036,ev,none,live,202609250580A50A,2026-09-22T17:47:03.773Z
2026,3,15853,George Pickens,DAL,WR,vs BAL,recYds,theScore,19.5,over,75.47,-1800,,0.9474,0.9474,,1,0.9507,0.0033,0.0033,ev,none,live,202609270726D5A2,2026-09-22T17:47:03.773Z
2026,3,16649,Tucker Kraft,GB,TE,vs ATL,receptions,FanDuel,5.5,over,3.83,286,,0.2591,0.2591,,1,0.2623,0.0032,0.0032,ev,none,live,202609250580A50A,2026-09-22T17:47:03.773Z
2026,3,12561,Lamar Jackson,BAL,QB,at DAL,passYds,BetRivers,199.5,over,259.92,-286,,0.7409,0.7409,,1,0.7441,0.0032,0.0032,ev,none,live,202609270726D5A2,2026-09-22T17:47:03.773Z
2026,3,14371,Jordan Love,GB,QB,vs ATL,passAtt,theScore,34.5,over,32.45,185,,0.3509,0.3509,,1,0.3539,0.0031,0.0031,ev,none,live,202609250580A50A,2026-09-22T17:47:03.773Z
2026,3,15946,Christian Watson,GB,WR,vs ATL,recYds,FanDuel,79.5,over,69.75,146,,0.4065,0.4065,,1,0.4095,0.0030,0.0030,ev,none,live,202609250580A50A,2026-09-22T17:47:03.773Z
2026,3,14371,Jordan Love,GB,QB,vs ATL,passYds,DraftKings,259.5,over,232.97,186,,0.3497,0.3497,,1,0.3527,0.0030,0.0030,ev,none,live,202609250580A50A,2026-09-22T17:47:03.773Z
2026,3,17700,Michael Penix Jr.,ATL,QB,at GB,passYds,Caesars,205.5,under,199.74,-114,-115,0.5327,0.4990,0.0676,0,0.5356,0.0029,0.0366,ev,multiplicative,live,202609250580A50A,2026-09-22T17:47:03.773Z
2026,3,17700,Michael Penix Jr.,ATL,QB,at GB,passYds,FanDuel,205.5,under,199.74,-114,-114,0.5327,0.5000,0.0654,0,0.5356,0.0029,0.0356,ev,multiplicative,live,202609250580A50A,2026-09-22T17:47:03.773Z
2026,3,14446,Justin Herbert,LAC,QB,at BUF,passTD,Hard Rock,3.5,over,1.37,2000,,0.0476,0.0476,,1,0.0504,0.0028,0.0028,ev,none,live,2026092763BB8AC8,2026-09-22T17:47:03.773Z
2026,3,15907,Brian Robinson Jr.,ATL,RB,at GB,rushYds,FanDuel,69.5,over,22,1199,,0.0770,0.0770,,1,0.0797,0.0027,0.0027,ev,none,live,202609250580A50A,2026-09-22T17:47:03.773Z
2026,3,15947,Jake Ferguson,DAL,TE,vs BAL,receptions,Caesars,4.5,over,3.73,182,,0.3546,0.3546,,1,0.3573,0.0027,0.0027,ev,none,live,202609270726D5A2,2026-09-22T17:47:03.773Z
2026,3,14411,CeeDee Lamb,DAL,WR,vs BAL,receptions,BetRivers,9.5,over,5.87,380,,0.2083,0.2083,,1,0.2111,0.0027,0.0027,ev,none,live,202609270726D5A2,2026-09-22T17:47:03.773Z
2026,3,15947,Jake Ferguson,DAL,TE,vs BAL,recYds,Hard Rock,52.5,under,34.7,-750,400,0.8824,0.8152,0.0824,0,0.8850,0.0027,0.0698,ev,multiplicative,live,202609270726D5A2,2026-09-22T17:47:03.773Z
2026,3,17700,Michael Penix Jr.,ATL,QB,at GB,passYds,BetRivers,206.5,under,199.74,-117,-114,0.5392,0.5030,0.0719,0,0.5417,0.0026,0.0387,ev,multiplicative,live,202609250580A50A,2026-09-22T17:47:03.773Z
2026,3,15265,Kyle Pitts,ATL,TE,at GB,receptions,Caesars,2.5,over,3.52,-310,,0.7561,0.7561,,1,0.7587,0.0026,0.0026,ev,none,live,202609250580A50A,2026-09-22T17:47:03.773Z
2026,3,14446,Justin Herbert,LAC,QB,at BUF,passTD,DraftKings,2.5,over,1.37,538,,0.1567,0.1567,,1,0.1593,0.0026,0.0026,ev,none,live,2026092763BB8AC8,2026-09-22T17:47:03.773Z
2026,3,15853,George Pickens,DAL,WR,vs BAL,recYds,DraftKings,119.5,over,75.47,730,,0.1205,0.1205,,1,0.1231,0.0026,0.0026,ev,none,live,202609270726D5A2,2026-09-22T17:47:03.773Z
2026,3,12477,DJ Moore,BUF,WR,vs LAC,recYds,Hard Rock,54.5,over,52.56,110,-150,0.4762,0.4425,0.0762,0,0.4788,0.0026,0.0363,ev,multiplicative,live,2026092763BB8AC8,2026-09-22T17:47:03.773Z
2026,3,12561,Lamar Jackson,BAL,QB,at DAL,passAtt,Hard Rock,29.5,under,28.71,-125,-105,0.5556,0.5203,0.0678,0,0.5582,0.0026,0.0379,ev,multiplicative,live,202609270726D5A2,2026-09-22T17:47:03.773Z
2026,3,11008,Dak Prescott,DAL,QB,vs BAL,passYds,Hard Rock,255.5,under,260.17,110,-150,0.4762,0.4425,0.0762,0,0.4788,0.0026,0.0364,ev,multiplicative,live,202609270726D5A2,2026-09-22T17:47:03.773Z
2026,3,15946,Christian Watson,GB,WR,vs ATL,recYds,BetRivers,65.5,over,69.75,-115,-114,0.5349,0.5010,0.0676,0,0.5374,0.0025,0.0363,ev,multiplicative,live,202609250580A50A,2026-09-22T17:47:03.773Z
2026,3,15265,Kyle Pitts,ATL,TE,at GB,receptions,DraftKings,1.5,over,3.52,-1080,,0.9153,0.9153,,1,0.9178,0.0025,0.0025,ev,none,live,202609250580A50A,2026-09-22T17:47:03.773Z
2026,3,15946,Christian Watson,GB,WR,vs ATL,recYds,Caesars,65.5,over,69.75,-115,-114,0.5349,0.5010,0.0676,0,0.5374,0.0025,0.0363,ev,multiplicative,live,202609250580A50A,2026-09-22T17:47:03.773Z
2026,3,18445,Omarion Hampton,LAC,RB,at BUF,recYds,FanDuel,9.5,over,12.02,-152,,0.6032,0.6032,,1,0.6057,0.0025,0.0025,ev,none,live,2026092763BB8AC8,2026-09-22T17:47:03.773Z
2026,3,12477,DJ Moore,BUF,WR,vs LAC,recYds,DraftKings,59.5,over,52.56,137,,0.4219,0.4219,,1,0.4244,0.0025,0.0025,ev,none,live,2026092763BB8AC8,2026-09-22T17:47:03.773Z
2026,3,17700,Michael Penix Jr.,ATL,QB,at GB,passYds,Hard Rock,216.5,under,199.74,-150,110,0.6000,0.5575,0.0762,0,0.6025,0.0025,0.0450,ev,multiplicative,live,202609250580A50A,2026-09-22T17:47:03.773Z
2026,3,14371,Jordan Love,GB,QB,vs ATL,passYds,DraftKings,289.5,over,232.97,381,,0.2079,0.2079,,1,0.2102,0.0023,0.0023,ev,none,live,202609250580A50A,2026-09-22T17:47:03.773Z
2026,3,12561,Lamar Jackson,BAL,QB,at DAL,passTD,Caesars,1.5,under,1.77,113,-139,0.4695,0.4467,0.0511,0,0.4718,0.0023,0.0252,ev,multiplicative,live,202609270726D5A2,2026-09-22T17:47:03.773Z
2026,3,14446,Justin Herbert,LAC,QB,at BUF,passYds,Hard Rock,174.5,under,223.25,275,-450,0.2667,0.2458,0.0848,0,0.2690,0.0023,0.0232,ev,multiplicative,live,2026092763BB8AC8,2026-09-22T17:47:03.773Z
2026,3,15946,Christian Watson,GB,WR,vs ATL,recYds,DraftKings,69.5,over,69.75,100,,0.5000,0.5000,,1,0.5022,0.0022,0.0022,ev,none,live,202609250580A50A,2026-09-22T17:47:03.773Z
2026,3,15306,Javonte Williams,DAL,RB,vs BAL,rushYds,BetRivers,60.5,over,63.83,-117,-114,0.5392,0.5030,0.0719,0,0.5414,0.0022,0.0384,ev,multiplicative,live,202609270726D5A2,2026-09-22T17:47:03.773Z
2026,3,15946,Christian Watson,GB,WR,vs ATL,recYds,theScore,69.5,over,69.75,100,,0.5000,0.5000,,1,0.5022,0.0022,0.0022,ev,none,live,202609250580A50A,2026-09-22T17:47:03.773Z
2026,3,16899,Quentin Johnston,LAC,WR,at BUF,recYds,Hard Rock,5.5,over,42.06,-3000,800,0.9677,0.8970,0.0789,0,0.9698,0.0021,0.0728,ev,multiplicative,live,2026092763BB8AC8,2026-09-22T17:47:03.773Z
2026,3,14371,Jordan Love,GB,QB,vs ATL,passYds,DraftKings,249.5,over,232.97,147,,0.4049,0.4049,,1,0.4069,0.0020,0.0020,ev,none,live,202609250580A50A,2026-09-22T17:47:03.773Z
2026,3,14371,Jordan Love,GB,QB,vs ATL,passYds,DraftKings,299.5,over,232.97,490,,0.1695,0.1695,,1,0.1715,0.0020,0.0020,ev,none,live,202609250580A50A,2026-09-22T17:47:03.773Z
2026,3,15850,Jahan Dotson,ATL,WR,at GB,recYds,Hard Rock,14.5,under,17.4,130,-175,0.4348,0.4059,0.0711,0,0.4368,0.0020,0.0309,ev,multiplicative,live,202609250580A50A,2026-09-22T17:47:03.773Z
2026,3,14446,Justin Herbert,LAC,QB,at BUF,passTD,DraftKings,3.5,over,1.37,1960,,0.0485,0.0485,,1,0.0504,0.0019,0.0019,ev,none,live,2026092763BB8AC8,2026-09-22T17:47:03.773Z
2026,3,15868,Drake London,ATL,WR,at GB,recYds,Caesars,49.5,over,61.67,-197,,0.6633,0.6633,,1,0.6651,0.0018,0.0018,ev,none,live,202609250580A50A,2026-09-22T17:47:03.773Z
2026,3,12561,Lamar Jackson,BAL,QB,at DAL,passTD,FanDuel,3.5,over,1.77,879,,0.1021,0.1021,,1,0.1039,0.0018,0.0018,ev,none,live,202609270726D5A2,2026-09-22T17:47:03.773Z
2026,3,10819,Derrick Henry,BAL,RB,at DAL,rushYds,FanDuel,109.5,over,97.69,166,,0.3759,0.3759,,1,0.3775,0.0015,0.0015,ev,none,live,202609270726D5A2,2026-09-22T17:47:03.773Z
2026,3,16649,Tucker Kraft,GB,TE,vs ATL,receptions,FanDuel,2.5,over,3.83,-384,,0.7934,0.7934,,1,0.7947,0.0014,0.0014,ev,none,live,202609250580A50A,2026-09-22T17:47:03.773Z
2026,3,10819,Derrick Henry,BAL,RB,at DAL,rushYds,FanDuel,49.5,over,97.69,-1001,,0.9092,0.9092,,1,0.9106,0.0014,0.0014,ev,none,live,202609270726D5A2,2026-09-22T17:47:03.773Z
2026,3,15946,Christian Watson,GB,WR,vs ATL,recYds,Hard Rock,33.5,under,69.75,375,-700,0.2105,0.1939,0.0855,0,0.2119,0.0014,0.0180,ev,multiplicative,live,202609250580A50A,2026-09-22T17:47:03.773Z
2026,3,15947,Jake Ferguson,DAL,TE,vs BAL,recYds,Caesars,39.5,over,34.7,169,,0.3717,0.3717,,1,0.3731,0.0013,0.0013,ev,none,live,202609270726D5A2,2026-09-22T17:47:03.773Z
2026,3,14371,Jordan Love,GB,QB,vs ATL,passYds,Hard Rock,247.5,over,232.97,140,-195,0.4167,0.3866,0.0777,0,0.4180,0.0013,0.0313,ev,multiplicative,live,202609250580A50A,2026-09-22T17:47:03.773Z
2026,3,15265,Kyle Pitts,ATL,TE,at GB,recYds,theScore,9.5,over,40.08,-1600,,0.9412,0.9412,,1,0.9425,0.0013,0.0013,ev,none,live,202609250580A50A,2026-09-22T17:47:03.773Z
2026,3,14411,CeeDee Lamb,DAL,WR,vs BAL,receptions,Hard Rock,11.5,over,5.87,850,-3000,0.1053,0.0981,0.0730,0,0.1066,0.0013,0.0085,ev,multiplicative,live,202609270726D5A2,2026-09-22T17:47:03.773Z
2026,3,16739,Bijan Robinson,ATL,RB,at GB,rushYds,Caesars,39.5,over,87.97,-2000,,0.9524,0.9524,,1,0.9536,0.0012,0.0012,ev,none,live,202609250580A50A,2026-09-22T17:47:03.773Z
2026,3,15868,Drake London,ATL,WR,at GB,recYds,Caesars,39.5,over,61.67,-355,,0.7802,0.7802,,1,0.7814,0.0011,0.0011,ev,none,live,202609250580A50A,2026-09-22T17:47:03.773Z
2026,3,15265,Kyle Pitts,ATL,TE,at GB,receptions,Hard Rock,1.5,over,3.52,-1100,525,0.9167,0.8514,0.0767,0,0.9178,0.0011,0.0664,ev,multiplicative,live,202609250580A50A,2026-09-22T17:47:03.773Z
2026,3,12477,DJ Moore,BUF,WR,vs LAC,recYds,Hard Rock,64.5,over,52.56,170,-240,0.3704,0.3441,0.0763,0,0.3715,0.0011,0.0274,ev,multiplicative,live,2026092763BB8AC8,2026-09-22T17:47:03.773Z
2026,3,14411,CeeDee Lamb,DAL,WR,vs BAL,receptions,FanDuel,11.5,over,5.87,846,,0.1057,0.1057,,1,0.1066,0.0009,0.0009,ev,none,live,202609270726D5A2,2026-09-22T17:47:03.773Z
2026,3,12561,Lamar Jackson,BAL,QB,at DAL,passTD,DraftKings,3.5,over,1.77,870,,0.1031,0.1031,,1,0.1039,0.0008,0.0008,ev,none,live,202609270726D5A2,2026-09-22T17:47:03.773Z
2026,3,12483,Josh Allen,BUF,QB,vs LAC,passYds,Hard Rock,174.5,under,256.07,450,-950,0.1818,0.1673,0.0866,0,0.1826,0.0008,0.0153,ev,multiplicative,live,2026092763BB8AC8,2026-09-22T17:47:03.773Z
2026,3,16649,Tucker Kraft,GB,TE,vs ATL,receptions,Caesars,6.5,over,3.83,550,,0.1538,0.1538,,1,0.1545,0.0006,0.0006,ev,none,live,202609250580A50A,2026-09-22T17:47:03.773Z
2026,3,15946,Christian Watson,GB,WR,vs ATL,receptions,Caesars,6.5,over,3.95,305,,0.2469,0.2469,,1,0.2475,0.0005,0.0005,ev,none,live,202609250580A50A,2026-09-22T17:47:03.773Z
2026,3,15907,Brian Robinson Jr.,ATL,RB,at GB,rushYds,Hard Rock,27.5,over,22,130,-180,0.4348,0.4035,0.0776,0,0.4353,0.0005,0.0318,ev,multiplicative,live,202609250580A50A,2026-09-22T17:47:03.773Z
2026,3,17795,MarShawn Lloyd,GB,RB,vs ATL,rushYds,FanDuel,9.5,over,45.05,-701,,0.8752,0.8752,,1,0.8755,0.0003,0.0003,ev,none,live,202609250580A50A,2026-09-22T17:47:03.773Z
2026,3,15853,George Pickens,DAL,WR,vs BAL,recYds,FanDuel,124.5,over,75.47,919,,0.0981,0.0981,,1,0.0983,0.0002,0.0002,ev,none,live,202609270726D5A2,2026-09-22T17:47:03.773Z
2026,3,16899,Quentin Johnston,LAC,WR,at BUF,receptions,Caesars,3.5,over,2.74,140,-190,0.4167,0.3887,0.0718,0,0.4168,0.0001,0.0281,ev,multiplicative,live,2026092763BB8AC8,2026-09-22T17:47:03.773Z
2026,3,16899,Quentin Johnston,LAC,WR,at BUF,recYds,theScore,79.5,over,42.06,550,,0.1538,0.1538,,1,0.1540,0.0001,0.0001,ev,none,live,2026092763BB8AC8,2026-09-22T17:47:03.773Z
2026,3,16739,Bijan Robinson,ATL,RB,at GB,rushYds,Hard Rock,28.5,over,87.97,-5000,1100,0.9804,0.9217,0.0637,0,0.9804,0.0000,0.0588,ev,multiplicative,live,202609250580A50A,2026-09-22T17:47:03.773Z
2026,3,15306,Javonte Williams,DAL,RB,vs BAL,rushYds,Hard Rock,19.5,under,63.83,1100,-5000,0.0833,0.0783,0.0637,0,0.0833,0.0000,0.0050,ev,multiplicative,live,202609270726D5A2,2026-09-22T17:47:03.773Z
2026,3,14371,Jordan Love,GB,QB,vs ATL,passYds,FanDuel,274.5,over,232.97,261,,0.2770,0.2770,,1,0.2769,-0.0001,-0.0001,ev,none,live,202609250580A50A,2026-09-22T17:47:03.773Z
2026,3,14411,CeeDee Lamb,DAL,WR,vs BAL,recYds,Hard Rock,120.5,under,81.88,-450,275,0.8182,0.7542,0.0848,0,0.8181,-0.0001,0.0639,ev,multiplicative,live,202609270726D5A2,2026-09-22T17:47:03.773Z
2026,3,16899,Quentin Johnston,LAC,WR,at BUF,receptions,Hard Rock,2.5,under,2.74,135,-185,0.4255,0.3960,0.0747,0,0.4253,-0.0002,0.0294,ev,multiplicative,live,2026092763BB8AC8,2026-09-22T17:47:03.773Z
2026,3,16649,Tucker Kraft,GB,TE,vs ATL,recYds,DraftKings,49.5,over,49.04,103,,0.4926,0.4926,,1,0.4924,-0.0003,-0.0003,ev,none,live,202609250580A50A,2026-09-22T17:47:03.773Z
2026,3,16649,Tucker Kraft,GB,TE,vs ATL,receptions,FanDuel,6.5,over,3.83,546,,0.1548,0.1548,,1,0.1545,-0.0003,-0.0003,ev,none,live,202609250580A50A,2026-09-22T17:47:03.773Z
2026,3,16649,Tucker Kraft,GB,TE,vs ATL,recYds,Hard Rock,16.5,over,49.04,-1100,500,0.9167,0.8462,0.0833,0,0.9164,-0.0003,0.0702,ev,multiplicative,live,202609250580A50A,2026-09-22T17:47:03.773Z
2026,3,14371,Jordan Love,GB,QB,vs ATL,passYds,Hard Rock,257.5,over,232.97,175,-250,0.3636,0.3373,0.0779,0,0.3633,-0.0003,0.0260,ev,multiplicative,live,202609250580A50A,2026-09-22T17:47:03.773Z
2026,3,14411,CeeDee Lamb,DAL,WR,vs BAL,recYds,Hard Rock,110.5,under,81.88,-300,200,0.7500,0.6923,0.0833,0,0.7496,-0.0004,0.0572,ev,multiplicative,live,202609270726D5A2,2026-09-22T17:47:03.773Z
2026,3,16899,Quentin Johnston,LAC,WR,at BUF,recYds,Hard Rock,80.5,over,42.06,575,-1400,0.1481,0.1370,0.0815,0,0.1476,-0.0005,0.0106,ev,multiplicative,live,2026092763BB8AC8,2026-09-22T17:47:03.773Z
2026,3,16649,Tucker Kraft,GB,TE,vs ATL,receptions,Caesars,1.5,over,3.83,-1250,,0.9259,0.9259,,1,0.9253,-0.0006,-0.0006,ev,none,live,202609250580A50A,2026-09-22T17:47:03.773Z
2026,3,14371,Jordan Love,GB,QB,vs ATL,passYds,Hard Rock,274.5,over,232.97,260,-400,0.2778,0.2577,0.0778,0,0.2769,-0.0008,0.0192,ev,multiplicative,live,202609250580A50A,2026-09-22T17:47:03.773Z
2026,3,17700,Michael Penix Jr.,ATL,QB,at GB,passYds,Hard Rock,199.5,under,199.74,100,-140,0.5000,0.4615,0.0833,0,0.4992,-0.0008,0.0376,ev,multiplicative,live,202609250580A50A,2026-09-22T17:47:03.773Z
2026,3,16649,Tucker Kraft,GB,TE,vs ATL,receptions,Caesars,5.5,over,3.83,280,,0.2632,0.2632,,1,0.2623,-0.0009,-0.0009,ev,none,live,202609250580A50A,2026-09-22T17:47:03.773Z
2026,3,12561,Lamar Jackson,BAL,QB,at DAL,passYds,DraftKings,409.5,over,259.92,3800,,0.0256,0.0256,,1,0.0248,-0.0009,-0.0009,ev,none,live,202609270726D5A2,2026-09-22T17:47:03.773Z
2026,3,18500,Matthew Golden,GB,WR,vs ATL,recYds,Hard Rock,24.5,under,52.68,350,-650,0.2222,0.2041,0.0889,0,0.2213,-0.0010,0.0172,ev,multiplicative,live,202609250580A50A,2026-09-22T17:47:03.773Z
2026,3,14411,CeeDee Lamb,DAL,WR,vs BAL,recYds,Hard Rock,85.5,under,81.88,-115,-115,0.5349,0.5000,0.0698,0,0.5339,-0.0010,0.0339,ev,multiplicative,live,202609270726D5A2,2026-09-22T17:47:03.773Z
2026,3,10819,Derrick Henry,BAL,RB,at DAL,rushYds,theScore,24.5,over,97.69,-5000,,0.9804,0.9804,,1,0.9794,-0.0010,-0.0010,ev,none,live,202609270726D5A2,2026-09-22T17:47:03.773Z
2026,3,15946,Christian Watson,GB,WR,vs ATL,recYds,BetRivers,89.5,over,69.75,210,,0.3226,0.3226,,1,0.3214,-0.0011,-0.0011,ev,none,live,202609250580A50A,2026-09-22T17:47:03.773Z
2026,3,12483,Josh Allen,BUF,QB,vs LAC,passYds,Caesars,219.5,over,256.07,-193,,0.6587,0.6587,,1,0.6576,-0.0011,-0.0011,ev,none,live,2026092763BB8AC8,2026-09-22T17:47:03.773Z
2026,3,15946,Christian Watson,GB,WR,vs ATL,recYds,theScore,89.5,over,69.75,210,,0.3226,0.3226,,1,0.3214,-0.0011,-0.0011,ev,none,live,202609250580A50A,2026-09-22T17:47:03.773Z
2026,3,12477,DJ Moore,BUF,WR,vs LAC,recYds,Hard Rock,59.5,over,52.56,135,-190,0.4255,0.3938,0.0807,0,0.4244,-0.0011,0.0307,ev,multiplicative,live,2026092763BB8AC8,2026-09-22T17:47:03.773Z
2026,3,12477,DJ Moore,BUF,WR,vs LAC,recYds,theScore,59.5,over,52.56,135,,0.4255,0.4255,,1,0.4244,-0.0011,-0.0011,ev,none,live,2026092763BB8AC8,2026-09-22T17:47:03.773Z
2026,3,16649,Tucker Kraft,GB,TE,vs ATL,receptions,Caesars,2.5,over,3.83,-390,,0.7959,0.7959,,1,0.7947,-0.0012,-0.0012,ev,none,live,202609250580A50A,2026-09-22T17:47:03.773Z
2026,3,12483,Josh Allen,BUF,QB,vs LAC,rushYds,Caesars,33.5,under,32.45,-113,-117,0.5305,0.4960,0.0697,0,0.5293,-0.0012,0.0334,ev,multiplicative,live,2026092763BB8AC8,2026-09-22T17:47:03.773Z
2026,3,14371,Jordan Love,GB,QB,vs ATL,passYds,Hard Rock,267.5,over,232.97,220,-325,0.3125,0.2901,0.0772,0,0.3113,-0.0012,0.0212,ev,multiplicative,live,202609250580A50A,2026-09-22T17:47:03.773Z
2026,3,15306,Javonte Williams,DAL,RB,vs BAL,rushYds,Hard Rock,64.5,over,63.83,110,-150,0.4762,0.4425,0.0762,0,0.4750,-0.0012,0.0325,ev,multiplicative,live,202609270726D5A2,2026-09-22T17:47:03.773Z
2026,3,12561,Lamar Jackson,BAL,QB,at DAL,passAtt,DraftKings,29.5,under,28.71,-127,100,0.5595,0.5281,0.0595,0,0.5582,-0.0013,0.0301,ev,multiplicative,live,202609270726D5A2,2026-09-22T17:47:03.773Z
2026,3,14371,Jordan Love,GB,QB,vs ATL,passYds,Hard Rock,249.5,over,232.97,145,-210,0.4082,0.3760,0.0856,0,0.4069,-0.0013,0.0309,ev,multiplicative,live,202609250580A50A,2026-09-22T17:47:03.773Z
2026,3,15306,Javonte Williams,DAL,RB,vs BAL,recYds,theScore,14.5,under,15.36,110,-140,0.4762,0.4494,0.0595,0,0.4749,-0.0013,0.0254,ev,multiplicative,live,202609270726D5A2,2026-09-22T17:47:03.773Z
2026,3,12561,Lamar Jackson,BAL,QB,at DAL,passTD,Hard Rock,3.5,over,1.77,850,,0.1053,0.1053,,1,0.1039,-0.0013,-0.0013,ev,none,live,202609270726D5A2,2026-09-22T17:47:03.773Z
2026,3,16739,Bijan Robinson,ATL,RB,at GB,rushYds,Hard Rock,24.5,over,87.97,-8000,1600,0.9877,0.9438,0.0465,0,0.9861,-0.0015,0.0423,ev,multiplicative,live,202609250580A50A,2026-09-22T17:47:03.773Z
2026,3,15853,George Pickens,DAL,WR,vs BAL,receptions,Hard Rock,1.5,under,4.89,1750,-8000,0.0541,0.0519,0.0417,0,0.0524,-0.0016,0.0005,ev,multiplicative,live,202609270726D5A2,2026-09-22T17:47:03.773Z
2026,3,12477,DJ Moore,BUF,WR,vs LAC,recYds,Hard Rock,69.5,over,52.56,210,-300,0.3226,0.3008,0.0726,0,0.3209,-0.0017,0.0201,ev,multiplicative,live,2026092763BB8AC8,2026-09-22T17:47:03.773Z
2026,3,15946,Christian Watson,GB,WR,vs ATL,recYds,DraftKings,66.5,over,69.75,-113,-111,0.5305,0.5021,0.0566,0,0.5286,-0.0019,0.0265,ev,multiplicative,live,202609250580A50A,2026-09-22T17:47:03.773Z
2026,3,14411,CeeDee Lamb,DAL,WR,vs BAL,receptions,FanDuel,10.5,over,5.87,546,,0.1548,0.1548,,1,0.1529,-0.0019,-0.0019,ev,none,live,202609270726D5A2,2026-09-22T17:47:03.773Z
2026,3,14371,Jordan Love,GB,QB,vs ATL,passYds,Hard Rock,237.5,over,232.97,110,-150,0.4762,0.4425,0.0762,0,0.4743,-0.0019,0.0318,ev,multiplicative,live,202609250580A50A,2026-09-22T17:47:03.773Z
2026,3,15946,Christian Watson,GB,WR,vs ATL,recYds,DraftKings,79.5,over,69.75,143,,0.4115,0.4115,,1,0.4095,-0.0020,-0.0020,ev,none,live,202609250580A50A,2026-09-22T17:47:03.773Z
2026,3,12477,DJ Moore,BUF,WR,vs LAC,receptions,BetRivers,4.5,over,3.37,165,,0.3774,0.3774,,1,0.3754,-0.0020,-0.0020,ev,none,live,2026092763BB8AC8,2026-09-22T17:47:03.773Z
2026,3,18445,Omarion Hampton,LAC,RB,at BUF,rushYds,BetRivers,39.5,over,69.88,-455,,0.8198,0.8198,,1,0.8177,-0.0021,-0.0021,ev,none,live,2026092763BB8AC8,2026-09-22T17:47:03.773Z
2026,3,14371,Jordan Love,GB,QB,vs ATL,passYds,DraftKings,239.5,over,232.97,115,,0.4651,0.4651,,1,0.4629,-0.0022,-0.0022,ev,none,live,202609250580A50A,2026-09-22T17:47:03.773Z
2026,3,15947,Jake Ferguson,DAL,TE,vs BAL,receptions,DraftKings,5.5,over,3.73,394,,0.2024,0.2024,,1,0.2002,-0.0022,-0.0022,ev,none,live,202609270726D5A2,2026-09-22T17:47:03.773Z
2026,3,12561,Lamar Jackson,BAL,QB,at DAL,rushAtt,Hard Rock,1.5,over,8.65,-2000,,0.9524,0.9524,,1,0.9501,-0.0023,-0.0023,ev,none,live,202609270726D5A2,2026-09-22T17:47:03.773Z
2026,3,16741,Chris Brooks,GB,RB,vs ATL,recYds,DraftKings,14.5,over,9.58,219,,0.3135,0.3135,,1,0.3110,-0.0025,-0.0025,ev,none,live,202609250580A50A,2026-09-22T17:47:03.773Z
2026,3,14446,Justin Herbert,LAC,QB,at BUF,passTD,FanDuel,2.5,over,1.37,518,,0.1618,0.1618,,1,0.1593,-0.0025,-0.0025,ev,none,live,2026092763BB8AC8,2026-09-22T17:47:03.773Z
2026,3,12561,Lamar Jackson,BAL,QB,at DAL,passYds,DraftKings,219.5,over,259.92,-205,,0.6721,0.6721,,1,0.6696,-0.0025,-0.0025,ev,none,live,202609270726D5A2,2026-09-22T17:47:03.773Z
2026,3,15946,Christian Watson,GB,WR,vs ATL,receptions,Hard Rock,6.5,over,3.95,300,-475,0.2500,0.2323,0.0761,0,0.2475,-0.0025,0.0151,ev,multiplicative,live,202609250580A50A,2026-09-22T17:47:03.773Z
2026,3,14411,CeeDee Lamb,DAL,WR,vs BAL,recYds,Hard Rock,80.5,under,81.88,105,-140,0.4878,0.4554,0.0711,0,0.4853,-0.0025,0.0299,ev,multiplicative,live,202609270726D5A2,2026-09-22T17:47:03.773Z
2026,3,16899,Quentin Johnston,LAC,WR,at BUF,recYds,DraftKings,109.5,over,42.06,2700,,0.0357,0.0357,,1,0.0331,-0.0026,-0.0026,ev,none,live,2026092763BB8AC8,2026-09-22T17:47:03.773Z
2026,3,16649,Tucker Kraft,GB,TE,vs ATL,recYds,BetRivers,49.5,over,49.04,102,,0.4950,0.4950,,1,0.4924,-0.0027,-0.0027,ev,none,live,202609250580A50A,2026-09-22T17:47:03.773Z
2026,3,10819,Derrick Henry,BAL,RB,at DAL,rushYds,DraftKings,119.5,over,97.69,251,,0.2849,0.2849,,1,0.2822,-0.0027,-0.0027,ev,none,live,202609270726D5A2,2026-09-22T17:47:03.773Z
2026,3,12561,Lamar Jackson,BAL,QB,at DAL,passYds,Caesars,199.5,over,259.92,-295,,0.7468,0.7468,,1,0.7441,-0.0027,-0.0027,ev,none,live,202609270726D5A2,2026-09-22T17:47:03.773Z
2026,3,11008,Dak Prescott,DAL,QB,vs BAL,rushYds,Hard Rock,7.5,under,9.5,175,-250,0.3636,0.3373,0.0779,0,0.3609,-0.0027,0.0236,ev,multiplicative,live,202609270726D5A2,2026-09-22T17:47:03.773Z
2026,3,12561,Lamar Jackson,BAL,QB,at DAL,rushYds,Hard Rock,81.5,over,52.86,900,-4000,0.1000,0.0930,0.0756,0,0.0973,-0.0027,0.0043,ev,multiplicative,live,202609270726D5A2,2026-09-22T17:47:03.773Z
2026,3,10819,Derrick Henry,BAL,RB,at DAL,rushYds,Hard Rock,43.5,over,97.69,-1500,600,0.9375,0.8678,0.0804,0,0.9347,-0.0028,0.0669,ev,multiplicative,live,202609270726D5A2,2026-09-22T17:47:03.773Z
2026,3,14371,Jordan Love,GB,QB,vs ATL,passYds,FanDuel,226.5,over,232.97,-114,-114,0.5327,0.5000,0.0654,0,0.5299,-0.0029,0.0299,ev,multiplicative,live,202609250580A50A,2026-09-22T17:47:03.773Z
2026,3,14446,Justin Herbert,LAC,QB,at BUF,passYds,DraftKings,229.5,over,223.25,115,,0.4651,0.4651,,1,0.4622,-0.0029,-0.0029,ev,none,live,2026092763BB8AC8,2026-09-22T17:47:03.773Z
2026,3,11008,Dak Prescott,DAL,QB,vs BAL,passYds,Caesars,265.5,under,260.17,-114,-115,0.5327,0.4990,0.0676,0,0.5298,-0.0029,0.0308,ev,multiplicative,live,202609270726D5A2,2026-09-22T17:47:03.773Z
2026,3,10819,Derrick Henry,BAL,RB,at DAL,rushYds,Hard Rock,118.5,over,97.69,240,-350,0.2941,0.2744,0.0719,0,0.2912,-0.0030,0.0168,ev,multiplicative,live,202609270726D5A2,2026-09-22T17:47:03.773Z
2026,3,14371,Jordan Love,GB,QB,vs ATL,passYds,DraftKings,309.5,over,232.97,610,,0.1408,0.1408,,1,0.1377,-0.0032,-0.0032,ev,none,live,202609250580A50A,2026-09-22T17:47:03.773Z
2026,3,17724,Ladd McConkey,LAC,WR,at BUF,receptions,DraftKings,3.5,over,4.77,-214,,0.6815,0.6815,,1,0.6783,-0.0032,-0.0032,ev,none,live,2026092763BB8AC8,2026-09-22T17:47:03.773Z
2026,3,16649,Tucker Kraft,GB,TE,vs ATL,receptions,DraftKings,6.5,over,3.83,534,,0.1577,0.1577,,1,0.1545,-0.0033,-0.0033,ev,none,live,202609250580A50A,2026-09-22T17:47:03.773Z
2026,3,18445,Omarion Hampton,LAC,RB,at BUF,rushYds,FanDuel,29.5,over,69.88,-803,,0.8893,0.8893,,1,0.8859,-0.0033,-0.0033,ev,none,live,2026092763BB8AC8,2026-09-22T17:47:03.773Z
2026,3,16899,Quentin Johnston,LAC,WR,at BUF,receptions,BetRivers,3.5,over,2.74,138,,0.4202,0.4202,,1,0.4168,-0.0034,-0.0034,ev,none,live,2026092763BB8AC8,2026-09-22T17:47:03.773Z
2026,3,15907,Brian Robinson Jr.,ATL,RB,at GB,rushYds,Hard Rock,7.5,over,22,-950,475,0.9048,0.8388,0.0787,0,0.9012,-0.0035,0.0625,ev,multiplicative,live,202609250580A50A,2026-09-22T17:47:03.773Z
2026,3,16739,Bijan Robinson,ATL,RB,at GB,rushYds,Caesars,99.5,over,87.97,168,,0.3731,0.3731,,1,0.3695,-0.0036,-0.0036,ev,none,live,202609250580A50A,2026-09-22T17:47:03.773Z
2026,3,14411,CeeDee Lamb,DAL,WR,vs BAL,recYds,Hard Rock,105.5,under,81.88,-250,170,0.7143,0.6585,0.0847,0,0.7107,-0.0036,0.0522,ev,multiplicative,live,202609270726D5A2,2026-09-22T17:47:03.773Z
2026,3,15947,Jake Ferguson,DAL,TE,vs BAL,recYds,Hard Rock,42.5,over,34.7,230,-350,0.3030,0.2804,0.0808,0,0.2994,-0.0036,0.0190,ev,multiplicative,live,202609270726D5A2,2026-09-22T17:47:03.773Z
2026,3,17700,Michael Penix Jr.,ATL,QB,at GB,passTD,DraftKings,3.5,over,1.15,2900,,0.0333,0.0333,,1,0.0296,-0.0037,-0.0037,ev,none,live,202609250580A50A,2026-09-22T17:47:03.773Z
2026,3,15947,Jake Ferguson,DAL,TE,vs BAL,receptions,FanDuel,4.5,over,3.73,177,,0.3610,0.3610,,1,0.3573,-0.0037,-0.0037,ev,none,live,202609270726D5A2,2026-09-22T17:47:03.773Z
2026,3,14371,Jordan Love,GB,QB,vs ATL,passYds,Hard Rock,187.5,under,232.97,230,-350,0.3030,0.2804,0.0808,0,0.2993,-0.0037,0.0189,ev,multiplicative,live,202609250580A50A,2026-09-22T17:47:03.773Z
2026,3,18500,Matthew Golden,GB,WR,vs ATL,recYds,Hard Rock,27.5,under,52.68,300,-500,0.2500,0.2308,0.0833,0,0.2463,-0.0037,0.0155,ev,multiplicative,live,202609250580A50A,2026-09-22T17:47:03.773Z
2026,3,14371,Jordan Love,GB,QB,vs ATL,passYds,Hard Rock,287.5,over,232.97,350,-600,0.2222,0.2059,0.0794,0,0.2185,-0.0037,0.0126,ev,multiplicative,live,202609250580A50A,2026-09-22T17:47:03.773Z
2026,3,14446,Justin Herbert,LAC,QB,at BUF,passYds,DraftKings,259.5,over,223.25,239,,0.2950,0.2950,,1,0.2912,-0.0038,-0.0038,ev,none,live,2026092763BB8AC8,2026-09-22T17:47:03.773Z
2026,3,14371,Jordan Love,GB,QB,vs ATL,passYds,Hard Rock,277.5,over,232.97,275,-450,0.2667,0.2458,0.0848,0,0.2628,-0.0039,0.0170,ev,multiplicative,live,202609250580A50A,2026-09-22T17:47:03.773Z
2026,3,17724,Ladd McConkey,LAC,WR,at BUF,recYds,FanDuel,29.5,over,64.26,-443,,0.8158,0.8158,,1,0.8118,-0.0040,-0.0040,ev,none,live,2026092763BB8AC8,2026-09-22T17:47:03.773Z
2026,3,14411,CeeDee Lamb,DAL,WR,vs BAL,recYds,Hard Rock,95.5,under,81.88,-170,125,0.6296,0.5862,0.0741,0,0.6256,-0.0040,0.0394,ev,multiplicative,live,202609270726D5A2,2026-09-22T17:47:03.773Z
2026,3,15946,Christian Watson,GB,WR,vs ATL,recYds,FanDuel,66.5,over,69.75,-114,-114,0.5327,0.5000,0.0654,0,0.5286,-0.0041,0.0286,ev,multiplicative,live,202609250580A50A,2026-09-22T17:47:03.773Z
2026,3,14446,Justin Herbert,LAC,QB,at BUF,passYds,Hard Rock,181.5,under,223.25,230,-350,0.3030,0.2804,0.0808,0,0.2989,-0.0041,0.0186,ev,multiplicative,live,2026092763BB8AC8,2026-09-22T17:47:03.773Z
2026,3,14411,CeeDee Lamb,DAL,WR,vs BAL,recYds,Hard Rock,24.5,under,81.88,1400,-6000,0.0667,0.0635,0.0503,0,0.0625,-0.0041,-0.0010,ev,multiplicative,live,202609270726D5A2,2026-09-22T17:47:03.773Z
2026,3,12561,Lamar Jackson,BAL,QB,at DAL,passTD,DraftKings,4.5,over,1.77,2500,,0.0385,0.0385,,1,0.0343,-0.0042,-0.0042,ev,none,live,202609270726D5A2,2026-09-22T17:47:03.773Z
2026,3,11008,Dak Prescott,DAL,QB,vs BAL,rushAtt,DraftKings,1.5,over,2.62,-720,,0.8780,0.8780,,1,0.8738,-0.0042,-0.0042,ev,none,live,202609270726D5A2,2026-09-22T17:47:03.773Z
2026,3,15876,James Cook,BUF,RB,vs LAC,rushYds,theScore,24.5,over,76.14,-6000,,0.9836,0.9836,,1,0.9793,-0.0043,-0.0043,ev,none,live,2026092763BB8AC8,2026-09-22T17:47:03.773Z
2026,3,15265,Kyle Pitts,ATL,TE,at GB,receptions,FanDuel,2.5,over,3.52,-322,,0.7630,0.7630,,1,0.7587,-0.0044,-0.0044,ev,none,live,202609250580A50A,2026-09-22T17:47:03.773Z
2026,3,16649,Tucker Kraft,GB,TE,vs ATL,receptions,theScore,5.5,over,3.83,275,,0.2667,0.2667,,1,0.2623,-0.0044,-0.0044,ev,none,live,202609250580A50A,2026-09-22T17:47:03.773Z
2026,3,12477,DJ Moore,BUF,WR,vs LAC,recYds,Hard Rock,74.5,over,52.56,260,-400,0.2778,0.2577,0.0778,0,0.2734,-0.0044,0.0157,ev,multiplicative,live,2026092763BB8AC8,2026-09-22T17:47:03.773Z
2026,3,16649,Tucker Kraft,GB,TE,vs ATL,recYds,FanDuel,14.5,over,49.04,-1402,,0.9334,0.9334,,1,0.9287,-0.0047,-0.0047,ev,none,live,202609250580A50A,2026-09-22T17:47:03.773Z
2026,3,15946,Christian Watson,GB,WR,vs ATL,recYds,Hard Rock,38.5,under,69.75,300,-475,0.2500,0.2323,0.0761,0,0.2453,-0.0047,0.0129,ev,multiplicative,live,202609250580A50A,2026-09-22T17:47:03.773Z
2026,3,15868,Drake London,ATL,WR,at GB,recYds,Caesars,29.5,over,61.67,-700,,0.8750,0.8750,,1,0.8702,-0.0048,-0.0048,ev,none,live,202609250580A50A,2026-09-22T17:47:03.773Z
2026,3,14371,Jordan Love,GB,QB,vs ATL,passYds,DraftKings,319.5,over,232.97,780,,0.1136,0.1136,,1,0.1087,-0.0049,-0.0049,ev,none,live,202609250580A50A,2026-09-22T17:47:03.773Z
2026,3,14411,CeeDee Lamb,DAL,WR,vs BAL,receptions,DraftKings,9.5,over,5.87,363,,0.2160,0.2160,,1,0.2111,-0.0049,-0.0049,ev,none,live,202609270726D5A2,2026-09-22T17:47:03.773Z
2026,3,15907,Brian Robinson Jr.,ATL,RB,at GB,rushYds,DraftKings,89.5,over,22,3500,,0.0278,0.0278,,1,0.0228,-0.0050,-0.0050,ev,none,live,202609250580A50A,2026-09-22T17:47:03.773Z
2026,3,17795,MarShawn Lloyd,GB,RB,vs ATL,rushYds,Hard Rock,13.5,over,45.05,-575,350,0.8519,0.7931,0.0741,0,0.8469,-0.0050,0.0538,ev,multiplicative,live,202609250580A50A,2026-09-22T17:47:03.773Z
2026,3,15868,Drake London,ATL,WR,at GB,recYds,Hard Rock,63.5,under,61.67,-115,-115,0.5349,0.5000,0.0698,0,0.5298,-0.0050,0.0298,ev,multiplicative,live,202609250580A50A,2026-09-22T17:47:03.773Z
2026,3,12483,Josh Allen,BUF,QB,vs LAC,passYds,Hard Rock,218.5,over,256.07,-200,145,0.6667,0.6203,0.0748,0,0.6617,-0.0050,0.0414,ev,multiplicative,live,2026092763BB8AC8,2026-09-22T17:47:03.773Z
2026,3,15265,Kyle Pitts,ATL,TE,at GB,recYds,Hard Rock,5.5,over,40.08,-3000,800,0.9677,0.8970,0.0789,0,0.9626,-0.0051,0.0656,ev,multiplicative,live,202609250580A50A,2026-09-22T17:47:03.773Z
2026,3,11008,Dak Prescott,DAL,QB,vs BAL,passYds,Hard Rock,265.5,under,260.17,-115,-115,0.5349,0.5000,0.0698,0,0.5298,-0.0051,0.0298,ev,multiplicative,live,202609270726D5A2,2026-09-22T17:47:03.773Z
2026,3,12483,Josh Allen,BUF,QB,vs LAC,completions,BetRivers,20.5,over,20.77,-108,,0.5192,0.5192,,1,0.5141,-0.0052,-0.0052,ev,none,live,2026092763BB8AC8,2026-09-22T17:47:03.773Z
2026,3,12561,Lamar Jackson,BAL,QB,at DAL,rushYds,Caesars,19.5,over,52.86,-600,,0.8571,0.8571,,1,0.8519,-0.0052,-0.0052,ev,none,live,202609270726D5A2,2026-09-22T17:47:03.773Z
2026,3,12561,Lamar Jackson,BAL,QB,at DAL,rushYds,theScore,19.5,over,52.86,-600,,0.8571,0.8571,,1,0.8519,-0.0052,-0.0052,ev,none,live,202609270726D5A2,2026-09-22T17:47:03.773Z
2026,3,15265,Kyle Pitts,ATL,TE,at GB,receptions,Caesars,1.5,over,3.52,-1200,,0.9231,0.9231,,1,0.9178,-0.0053,-0.0053,ev,none,live,202609250580A50A,2026-09-22T17:47:03.773Z
2026,3,16649,Tucker Kraft,GB,TE,vs ATL,receptions,BetRivers,2.5,over,3.83,-400,,0.8000,0.8000,,1,0.7947,-0.0053,-0.0053,ev,none,live,202609250580A50A,2026-09-22T17:47:03.773Z
2026,3,15868,Drake London,ATL,WR,at GB,receptions,Hard Rock,3.5,under,4.64,260,-400,0.2778,0.2577,0.0778,0,0.2724,-0.0053,0.0147,ev,multiplicative,live,202609250580A50A,2026-09-22T17:47:03.773Z
2026,3,16649,Tucker Kraft,GB,TE,vs ATL,receptions,Hard Rock,2.5,over,3.83,-400,260,0.8000,0.7423,0.0778,0,0.7947,-0.0053,0.0525,ev,multiplicative,live,202609250580A50A,2026-09-22T17:47:03.773Z
2026,3,16649,Tucker Kraft,GB,TE,vs ATL,receptions,theScore,2.5,over,3.83,-400,,0.8000,0.8000,,1,0.7947,-0.0053,-0.0053,ev,none,live,202609250580A50A,2026-09-22T17:47:03.773Z
2026,3,12561,Lamar Jackson,BAL,QB,at DAL,passTD,theScore,2.5,over,1.77,275,,0.2667,0.2667,,1,0.2614,-0.0053,-0.0053,ev,none,live,202609270726D5A2,2026-09-22T17:47:03.773Z
2026,3,15265,Kyle Pitts,ATL,TE,at GB,receptions,FanDuel,1.5,over,3.52,-1202,,0.9232,0.9232,,1,0.9178,-0.0054,-0.0054,ev,none,live,202609250580A50A,2026-09-22T17:47:03.773Z
2026,3,16739,Bijan Robinson,ATL,RB,at GB,rushYds,DraftKings,119.5,over,87.97,436,,0.1866,0.1866,,1,0.1812,-0.0054,-0.0054,ev,none,live,202609250580A50A,2026-09-22T17:47:03.773Z
2026,3,17700,Michael Penix Jr.,ATL,QB,at GB,passYds,BetMGM,204.5,under,199.74,-115,-115,0.5349,0.5000,0.0698,0,0.5294,-0.0055,0.0294,ev,multiplicative,live,202609250580A50A,2026-09-22T17:47:03.773Z
2026,3,15876,James Cook,BUF,RB,vs LAC,rushYds,DraftKings,39.5,over,76.14,-1360,,0.9315,0.9315,,1,0.9260,-0.0055,-0.0055,ev,none,live,2026092763BB8AC8,2026-09-22T17:47:03.773Z
2026,3,14446,Justin Herbert,LAC,QB,at BUF,passYds,DraftKings,239.5,over,223.25,145,,0.4082,0.4082,,1,0.4026,-0.0055,-0.0055,ev,none,live,2026092763BB8AC8,2026-09-22T17:47:03.773Z
2026,3,15265,Kyle Pitts,ATL,TE,at GB,receptions,theScore,3.5,under,3.52,100,-130,0.5000,0.4694,0.0652,0,0.4945,-0.0055,0.0251,ev,multiplicative,live,202609250580A50A,2026-09-22T17:47:03.773Z
2026,3,12483,Josh Allen,BUF,QB,vs LAC,rushYds,Hard Rock,33.5,under,32.45,-115,-115,0.5349,0.5000,0.0698,0,0.5293,-0.0055,0.0293,ev,multiplicative,live,2026092763BB8AC8,2026-09-22T17:47:03.773Z
2026,3,14446,Justin Herbert,LAC,QB,at BUF,passYds,DraftKings,249.5,over,223.25,185,,0.3509,0.3509,,1,0.3452,-0.0056,-0.0056,ev,none,live,2026092763BB8AC8,2026-09-22T17:47:03.773Z
2026,3,15907,Brian Robinson Jr.,ATL,RB,at GB,rushYds,theScore,24.5,over,22,110,,0.4762,0.4762,,1,0.4705,-0.0057,-0.0057,ev,none,live,202609250580A50A,2026-09-22T17:47:03.773Z
2026,3,17795,MarShawn Lloyd,GB,RB,vs ATL,recYds,Hard Rock,35.5,over,12.1,1750,-9000,0.0541,0.0518,0.0431,0,0.0483,-0.0057,-0.0035,ev,multiplicative,live,202609250580A50A,2026-09-22T17:47:03.773Z
2026,3,18478,Tre Harris,LAC,WR,at BUF,recYds,theScore,39.5,over,34.63,150,,0.4000,0.4000,,1,0.3943,-0.0057,-0.0057,ev,none,live,2026092763BB8AC8,2026-09-22T17:47:03.773Z
2026,3,17700,Michael Penix Jr.,ATL,QB,at GB,passYds,Hard Rock,224.5,under,199.74,-190,135,0.6552,0.6062,0.0807,0,0.6494,-0.0058,0.0432,ev,multiplicative,live,202609250580A50A,2026-09-22T17:47:03.773Z
2026,3,17700,Michael Penix Jr.,ATL,QB,at GB,passYds,Hard Rock,226.5,under,199.74,-200,140,0.6667,0.6154,0.0833,0,0.6608,-0.0058,0.0454,ev,multiplicative,live,202609250580A50A,2026-09-22T17:47:03.773Z
2026,3,14411,CeeDee Lamb,DAL,WR,vs BAL,receptions,FanDuel,12.5,over,5.87,1196,,0.0772,0.0772,,1,0.0713,-0.0059,-0.0059,ev,none,live,202609270726D5A2,2026-09-22T17:47:03.773Z
2026,3,15947,Jake Ferguson,DAL,TE,vs BAL,receptions,BetRivers,6.5,over,3.73,900,,0.1000,0.1000,,1,0.0941,-0.0059,-0.0059,ev,none,live,202609270726D5A2,2026-09-22T17:47:03.773Z
2026,3,12561,Lamar Jackson,BAL,QB,at DAL,passYds,theScore,199.5,over,259.92,-300,,0.7500,0.7500,,1,0.7441,-0.0059,-0.0059,ev,none,live,202609270726D5A2,2026-09-22T17:47:03.773Z
2026,3,15265,Kyle Pitts,ATL,TE,at GB,receptions,theScore,2.5,over,3.52,-325,,0.7647,0.7647,,1,0.7587,-0.0060,-0.0060,ev,none,live,202609250580A50A,2026-09-22T17:47:03.773Z
2026,3,14411,CeeDee Lamb,DAL,WR,vs BAL,recYds,Hard Rock,99.5,under,81.88,-200,140,0.6667,0.6154,0.0833,0,0.6607,-0.0060,0.0453,ev,multiplicative,live,202609270726D5A2,2026-09-22T17:47:03.773Z
2026,3,14446,Justin Herbert,LAC,QB,at BUF,passYds,DraftKings,269.5,over,223.25,304,,0.2475,0.2475,,1,0.2415,-0.0061,-0.0061,ev,none,live,2026092763BB8AC8,2026-09-22T17:47:03.773Z
2026,3,15907,Brian Robinson Jr.,ATL,RB,at GB,rushYds,DraftKings,14.5,over,22,-306,,0.7537,0.7537,,1,0.7475,-0.0062,-0.0062,ev,none,live,202609250580A50A,2026-09-22T17:47:03.773Z
2026,3,17724,Ladd McConkey,LAC,WR,at BUF,recYds,Caesars,29.5,over,64.26,-450,,0.8182,0.8182,,1,0.8118,-0.0063,-0.0063,ev,none,live,2026092763BB8AC8,2026-09-22T17:47:03.773Z
2026,3,14411,CeeDee Lamb,DAL,WR,vs BAL,receptions,Caesars,9.5,over,5.87,360,,0.2174,0.2174,,1,0.2111,-0.0063,-0.0063,ev,none,live,202609270726D5A2,2026-09-22T17:47:03.773Z
2026,3,14371,Jordan Love,GB,QB,vs ATL,rushYds,Hard Rock,18.5,over,14.63,260,-425,0.2778,0.2555,0.0873,0,0.2714,-0.0063,0.0160,ev,multiplicative,live,202609250580A50A,2026-09-22T17:47:03.773Z
2026,3,12477,DJ Moore,BUF,WR,vs LAC,recYds,Hard Rock,9.5,over,52.56,-5000,1100,0.9804,0.9217,0.0637,0,0.9741,-0.0063,0.0525,ev,multiplicative,live,2026092763BB8AC8,2026-09-22T17:47:03.773Z
2026,3,14446,Justin Herbert,LAC,QB,at BUF,rushYds,Hard Rock,4.5,over,22.63,-1400,575,0.9333,0.8630,0.0815,0,0.9270,-0.0063,0.0640,ev,multiplicative,live,2026092763BB8AC8,2026-09-22T17:47:03.773Z
2026,3,12483,Josh Allen,BUF,QB,vs LAC,rushAtt,Hard Rock,1.5,over,7.02,-4000,,0.9756,0.9756,,1,0.9693,-0.0063,-0.0063,ev,none,live,2026092763BB8AC8,2026-09-22T17:47:03.773Z
2026,3,16899,Quentin Johnston,LAC,WR,at BUF,recYds,Hard Rock,85.5,over,42.06,700,-2000,0.1250,0.1160,0.0774,0,0.1184,-0.0066,0.0024,ev,multiplicative,live,2026092763BB8AC8,2026-09-22T17:47:03.773Z
2026,3,15306,Javonte Williams,DAL,RB,vs BAL,rushYds,Hard Rock,44.5,over,63.83,-275,190,0.7333,0.6802,0.0782,0,0.7268,-0.0066,0.0466,ev,multiplicative,live,202609270726D5A2,2026-09-22T17:47:03.773Z
2026,3,15306,Javonte Williams,DAL,RB,vs BAL,rushYds,theScore,44.5,over,63.83,-275,,0.7333,0.7333,,1,0.7268,-0.0066,-0.0066,ev,none,live,202609270726D5A2,2026-09-22T17:47:03.773Z
2026,3,16649,Tucker Kraft,GB,TE,vs ATL,receptions,DraftKings,7.5,over,3.83,1040,,0.0877,0.0877,,1,0.0810,-0.0067,-0.0067,ev,none,live,202609250580A50A,2026-09-22T17:47:03.773Z
2026,3,17700,Michael Penix Jr.,ATL,QB,at GB,passYds,Hard Rock,236.5,under,199.74,-260,180,0.7222,0.6691,0.0794,0,0.7156,-0.0067,0.0464,ev,multiplicative,live,202609250580A50A,2026-09-22T17:47:03.773Z
2026,3,15850,Jahan Dotson,ATL,WR,at GB,recYds,Hard Rock,9.5,under,17.4,195,-300,0.3390,0.3113,0.0890,0,0.3323,-0.0067,0.0210,ev,multiplicative,live,202609250580A50A,2026-09-22T17:47:03.773Z
2026,3,12477,DJ Moore,BUF,WR,vs LAC,recYds,BetRivers,69.5,over,52.56,205,,0.3279,0.3279,,1,0.3209,-0.0070,-0.0070,ev,none,live,2026092763BB8AC8,2026-09-22T17:47:03.773Z
2026,3,12477,DJ Moore,BUF,WR,vs LAC,recYds,DraftKings,69.5,over,52.56,205,,0.3279,0.3279,,1,0.3209,-0.0070,-0.0070,ev,none,live,2026092763BB8AC8,2026-09-22T17:47:03.773Z
2026,3,14411,CeeDee Lamb,DAL,WR,vs BAL,receptions,Hard Rock,10.5,over,5.87,525,-1200,0.1600,0.1477,0.0831,0,0.1529,-0.0071,0.0052,ev,multiplicative,live,202609270726D5A2,2026-09-22T17:47:03.773Z
2026,3,15907,Brian Robinson Jr.,ATL,RB,at GB,rushYds,FanDuel,19.5,over,22,-147,,0.5951,0.5951,,1,0.5879,-0.0072,-0.0072,ev,none,live,202609250580A50A,2026-09-22T17:47:03.773Z
2026,3,17724,Ladd McConkey,LAC,WR,at BUF,receptions,Caesars,3.5,over,4.77,-218,,0.6855,0.6855,,1,0.6783,-0.0072,-0.0072,ev,none,live,2026092763BB8AC8,2026-09-22T17:47:03.773Z
2026,3,15946,Christian Watson,GB,WR,vs ATL,recYds,BetRivers,59.5,over,69.75,-148,,0.5968,0.5968,,1,0.5895,-0.0073,-0.0073,ev,none,live,202609250580A50A,2026-09-22T17:47:03.773Z
2026,3,15946,Christian Watson,GB,WR,vs ATL,recYds,DraftKings,59.5,over,69.75,-148,,0.5968,0.5968,,1,0.5895,-0.0073,-0.0073,ev,none,live,202609250580A50A,2026-09-22T17:47:03.773Z
2026,3,16899,Quentin Johnston,LAC,WR,at BUF,recYds,FanDuel,89.5,over,42.06,848,,0.1055,0.1055,,1,0.0982,-0.0073,-0.0073,ev,none,live,2026092763BB8AC8,2026-09-22T17:47:03.773Z
2026,3,16741,Chris Brooks,GB,RB,vs ATL,recYds,Hard Rock,12.5,over,9.58,155,-225,0.3922,0.3616,0.0845,0,0.3849,-0.0073,0.0233,ev,multiplicative,live,202609250580A50A,2026-09-22T17:47:03.773Z
2026,3,14446,Justin Herbert,LAC,QB,at BUF,passTD,theScore,2.5,over,1.37,500,,0.1667,0.1667,,1,0.1593,-0.0074,-0.0074,ev,none,live,2026092763BB8AC8,2026-09-22T17:47:03.773Z
2026,3,16739,Bijan Robinson,ATL,RB,at GB,rushYds,BetRivers,119.5,over,87.97,430,,0.1887,0.1887,,1,0.1812,-0.0075,-0.0075,ev,none,live,202609250580A50A,2026-09-22T17:47:03.773Z
2026,3,15946,Christian Watson,GB,WR,vs ATL,recYds,BetRivers,99.5,over,69.75,300,,0.2500,0.2500,,1,0.2425,-0.0075,-0.0075,ev,none,live,202609250580A50A,2026-09-22T17:47:03.773Z
2026,3,15946,Christian Watson,GB,WR,vs ATL,recYds,theScore,99.5,over,69.75,300,,0.2500,0.2500,,1,0.2425,-0.0075,-0.0075,ev,none,live,202609250580A50A,2026-09-22T17:47:03.773Z
2026,3,15876,James Cook,BUF,RB,vs LAC,rushYds,Hard Rock,71.5,under,76.14,130,-185,0.4348,0.4011,0.0839,0,0.4273,-0.0075,0.0262,ev,multiplicative,live,2026092763BB8AC8,2026-09-22T17:47:03.773Z
2026,3,12561,Lamar Jackson,BAL,QB,at DAL,passYds,Hard Rock,158.5,under,259.92,600,-1600,0.1429,0.1318,0.0840,0,0.1354,-0.0075,0.0036,ev,multiplicative,live,202609270726D5A2,2026-09-22T17:47:03.773Z
2026,3,16649,Tucker Kraft,GB,TE,vs ATL,receptions,BetRivers,3.5,over,3.83,-143,,0.5885,0.5885,,1,0.5809,-0.0076,-0.0076,ev,none,live,202609250580A50A,2026-09-22T17:47:03.773Z
2026,3,15946,Christian Watson,GB,WR,vs ATL,recYds,FanDuel,69.5,over,69.75,-104,,0.5098,0.5098,,1,0.5022,-0.0076,-0.0076,ev,none,live,202609250580A50A,2026-09-22T17:47:03.773Z
2026,3,16649,Tucker Kraft,GB,TE,vs ATL,recYds,FanDuel,49.5,over,49.04,100,,0.5000,0.5000,,1,0.4924,-0.0076,-0.0076,ev,none,live,202609250580A50A,2026-09-22T17:47:03.773Z
2026,3,16649,Tucker Kraft,GB,TE,vs ATL,recYds,Hard Rock,49.5,over,49.04,100,-135,0.5000,0.4653,0.0745,0,0.4924,-0.0076,0.0270,ev,multiplicative,live,202609250580A50A,2026-09-22T17:47:03.773Z
2026,3,17700,Michael Penix Jr.,ATL,QB,at GB,passYds,Hard Rock,256.5,under,199.74,-450,275,0.8182,0.7542,0.0848,0,0.8105,-0.0077,0.0563,ev,multiplicative,live,202609250580A50A,2026-09-22T17:47:03.773Z
2026,3,15306,Javonte Williams,DAL,RB,vs BAL,rushAtt,DraftKings,7.5,over,17.31,-2400,,0.9600,0.9600,,1,0.9522,-0.0078,-0.0078,ev,none,live,202609270726D5A2,2026-09-22T17:47:03.773Z
2026,3,17700,Michael Penix Jr.,ATL,QB,at GB,passTD,theScore,2.5,over,1.15,750,,0.1176,0.1176,,1,0.1099,-0.0078,-0.0078,ev,none,live,202609250580A50A,2026-09-22T17:47:03.773Z
2026,3,15907,Brian Robinson Jr.,ATL,RB,at GB,rushYds,FanDuel,24.5,over,22,109,,0.4785,0.4785,,1,0.4705,-0.0080,-0.0080,ev,none,live,202609250580A50A,2026-09-22T17:47:03.773Z
2026,3,15946,Christian Watson,GB,WR,vs ATL,recYds,Caesars,49.5,over,69.75,-213,,0.6805,0.6805,,1,0.6725,-0.0080,-0.0080,ev,none,live,202609250580A50A,2026-09-22T17:47:03.773Z
2026,3,16649,Tucker Kraft,GB,TE,vs ATL,receptions,DraftKings,5.5,over,3.83,270,,0.2703,0.2703,,1,0.2623,-0.0080,-0.0080,ev,none,live,202609250580A50A,2026-09-22T17:47:03.773Z
2026,3,15868,Drake London,ATL,WR,at GB,recYds,Hard Rock,33.5,over,61.67,-550,325,0.8462,0.7824,0.0814,0,0.8382,-0.0080,0.0558,ev,multiplicative,live,202609250580A50A,2026-09-22T17:47:03.773Z
2026,3,14411,CeeDee Lamb,DAL,WR,vs BAL,recYds,FanDuel,84.5,under,81.88,-114,-114,0.5327,0.5000,0.0654,0,0.5246,-0.0081,0.0246,ev,multiplicative,live,202609270726D5A2,2026-09-22T17:47:03.773Z
2026,3,15868,Drake London,ATL,WR,at GB,recYds,Hard Rock,39.5,over,61.67,-375,240,0.7895,0.7286,0.0836,0,0.7814,-0.0081,0.0528,ev,multiplicative,live,202609250580A50A,2026-09-22T17:47:03.773Z
2026,3,14411,CeeDee Lamb,DAL,WR,vs BAL,recYds,Hard Rock,100.5,under,81.88,-210,145,0.6774,0.6240,0.0856,0,0.6693,-0.0081,0.0453,ev,multiplicative,live,202609270726D5A2,2026-09-22T17:47:03.773Z
2026,3,14371,Jordan Love,GB,QB,vs ATL,passYds,DraftKings,329.5,over,232.97,980,,0.0926,0.0926,,1,0.0844,-0.0082,-0.0082,ev,none,live,202609250580A50A,2026-09-22T17:47:03.773Z
2026,3,16649,Tucker Kraft,GB,TE,vs ATL,recYds,theScore,9.5,over,49.04,-2500,,0.9615,0.9615,,1,0.9534,-0.0082,-0.0082,ev,none,live,202609250580A50A,2026-09-22T17:47:03.773Z
2026,3,17700,Michael Penix Jr.,ATL,QB,at GB,passTD,FanDuel,2.5,over,1.15,746,,0.1182,0.1182,,1,0.1099,-0.0083,-0.0083,ev,none,live,202609250580A50A,2026-09-22T17:47:03.773Z
2026,3,14446,Justin Herbert,LAC,QB,at BUF,passTD,Caesars,3.5,over,1.37,1600,,0.0588,0.0588,,1,0.0504,-0.0084,-0.0084,ev,none,live,2026092763BB8AC8,2026-09-22T17:47:03.773Z
2026,3,15306,Javonte Williams,DAL,RB,vs BAL,rushYds,FanDuel,39.5,over,63.83,-364,,0.7845,0.7845,,1,0.7761,-0.0084,-0.0084,ev,none,live,202609270726D5A2,2026-09-22T17:47:03.773Z
2026,3,15868,Drake London,ATL,WR,at GB,recYds,Hard Rock,38.5,over,61.67,-400,250,0.8000,0.7368,0.0857,0,0.7916,-0.0084,0.0547,ev,multiplicative,live,202609250580A50A,2026-09-22T17:47:03.773Z
2026,3,15876,James Cook,BUF,RB,vs LAC,rushYds,theScore,29.5,over,76.14,-4000,,0.9756,0.9756,,1,0.9672,-0.0084,-0.0084,ev,none,live,2026092763BB8AC8,2026-09-22T17:47:03.773Z
2026,3,15946,Christian Watson,GB,WR,vs ATL,recYds,DraftKings,89.5,over,69.75,203,,0.3300,0.3300,,1,0.3214,-0.0086,-0.0086,ev,none,live,202609250580A50A,2026-09-22T17:47:03.773Z
2026,3,15946,Christian Watson,GB,WR,vs ATL,recYds,FanDuel,89.5,over,69.75,203,,0.3300,0.3300,,1,0.3214,-0.0086,-0.0086,ev,none,live,202609250580A50A,2026-09-22T17:47:03.773Z
2026,3,12483,Josh Allen,BUF,QB,vs LAC,passYds,Hard Rock,188.5,under,256.07,325,-525,0.2353,0.2188,0.0753,0,0.2266,-0.0087,0.0078,ev,multiplicative,live,2026092763BB8AC8,2026-09-22T17:47:03.773Z
2026,3,16899,Quentin Johnston,LAC,WR,at BUF,receptions,Hard Rock,3.5,over,2.74,135,-175,0.4255,0.4007,0.0619,0,0.4168,-0.0087,0.0161,ev,multiplicative,live,2026092763BB8AC8,2026-09-22T17:47:03.773Z
2026,3,16899,Quentin Johnston,LAC,WR,at BUF,recYds,DraftKings,119.5,over,42.06,3700,,0.0263,0.0263,,1,0.0175,-0.0088,-0.0088,ev,none,live,2026092763BB8AC8,2026-09-22T17:47:03.773Z
2026,3,14446,Justin Herbert,LAC,QB,at BUF,passYds,BetRivers,274.5,over,223.25,340,,0.2273,0.2273,,1,0.2184,-0.0088,-0.0088,ev,none,live,2026092763BB8AC8,2026-09-22T17:47:03.773Z
2026,3,14371,Jordan Love,GB,QB,vs ATL,passYds,theScore,274.5,over,232.97,250,,0.2857,0.2857,,1,0.2769,-0.0088,-0.0088,ev,none,live,202609250580A50A,2026-09-22T17:47:03.773Z
2026,3,15853,George Pickens,DAL,WR,vs BAL,receptions,Hard Rock,4.5,under,4.89,130,-180,0.4348,0.4035,0.0776,0,0.4260,-0.0088,0.0225,ev,multiplicative,live,202609270726D5A2,2026-09-22T17:47:03.773Z
2026,3,12561,Lamar Jackson,BAL,QB,at DAL,passTD,BetRivers,2.5,over,1.77,270,,0.2703,0.2703,,1,0.2614,-0.0089,-0.0089,ev,none,live,202609270726D5A2,2026-09-22T17:47:03.773Z
2026,3,12561,Lamar Jackson,BAL,QB,at DAL,passTD,BetRivers,1.5,under,1.77,108,-143,0.4808,0.4496,0.0692,0,0.4718,-0.0089,0.0222,ev,multiplicative,live,202609270726D5A2,2026-09-22T17:47:03.773Z
2026,3,17700,Michael Penix Jr.,ATL,QB,at GB,passTD,theScore,3.5,over,1.15,2500,,0.0385,0.0385,,1,0.0296,-0.0089,-0.0089,ev,none,live,202609250580A50A,2026-09-22T17:47:03.773Z
2026,3,16649,Tucker Kraft,GB,TE,vs ATL,receptions,theScore,4.5,over,3.83,145,,0.4082,0.4082,,1,0.3992,-0.0089,-0.0089,ev,none,live,202609250580A50A,2026-09-22T17:47:03.773Z
2026,3,14371,Jordan Love,GB,QB,vs ATL,passYds,DraftKings,339.5,over,232.97,1260,,0.0735,0.0735,,1,0.0644,-0.0091,-0.0091,ev,none,live,202609250580A50A,2026-09-22T17:47:03.773Z
2026,3,16739,Bijan Robinson,ATL,RB,at GB,rushYds,Hard Rock,108.5,over,87.97,250,-375,0.2857,0.2657,0.0752,0,0.2766,-0.0091,0.0108,ev,multiplicative,live,202609250580A50A,2026-09-22T17:47:03.773Z
2026,3,17724,Ladd McConkey,LAC,WR,at BUF,recYds,Caesars,79.5,over,64.26,225,,0.3077,0.3077,,1,0.2984,-0.0093,-0.0093,ev,none,live,2026092763BB8AC8,2026-09-22T17:47:03.773Z
2026,3,14446,Justin Herbert,LAC,QB,at BUF,passYds,DraftKings,219.5,over,223.25,-112,-112,0.5283,0.5000,0.0566,0,0.5189,-0.0094,0.0189,ev,multiplicative,live,2026092763BB8AC8,2026-09-22T17:47:03.773Z
2026,3,15876,James Cook,BUF,RB,vs LAC,rushYds,DraftKings,49.5,over,76.14,-630,,0.8630,0.8630,,1,0.8536,-0.0094,-0.0094,ev,none,live,2026092763BB8AC8,2026-09-22T17:47:03.773Z
2026,3,16739,Bijan Robinson,ATL,RB,at GB,rushAtt,Hard Rock,20.5,over,18.91,180,,0.3571,0.3571,,1,0.3478,-0.0094,-0.0094,ev,none,live,202609250580A50A,2026-09-22T17:47:03.773Z
2026,3,15853,George Pickens,DAL,WR,vs BAL,recYds,theScore,9.5,over,75.47,-6000,,0.9836,0.9836,,1,0.9742,-0.0094,-0.0094,ev,none,live,202609270726D5A2,2026-09-22T17:47:03.773Z
2026,3,15868,Drake London,ATL,WR,at GB,recYds,Hard Rock,64.5,under,61.67,-125,-110,0.5556,0.5147,0.0794,0,0.5461,-0.0095,0.0314,ev,multiplicative,live,202609250580A50A,2026-09-22T17:47:03.773Z
2026,3,15868,Drake London,ATL,WR,at GB,recYds,theScore,64.5,under,61.67,-125,-105,0.5556,0.5203,0.0678,0,0.5461,-0.0095,0.0258,ev,multiplicative,live,202609250580A50A,2026-09-22T17:47:03.773Z
2026,3,14371,Jordan Love,GB,QB,vs ATL,passYds,Caesars,227.5,over,232.97,-115,-113,0.5349,0.5020,0.0654,0,0.5252,-0.0096,0.0232,ev,multiplicative,live,202609250580A50A,2026-09-22T17:47:03.773Z
2026,3,12561,Lamar Jackson,BAL,QB,at DAL,passTD,FanDuel,2.5,over,1.77,269,,0.2710,0.2710,,1,0.2614,-0.0096,-0.0096,ev,none,live,202609270726D5A2,2026-09-22T17:47:03.773Z
2026,3,14371,Jordan Love,GB,QB,vs ATL,passYds,Hard Rock,227.5,over,232.97,-115,-115,0.5349,0.5000,0.0698,0,0.5252,-0.0096,0.0252,ev,multiplicative,live,202609250580A50A,2026-09-22T17:47:03.773Z
2026,3,17700,Michael Penix Jr.,ATL,QB,at GB,passTD,DraftKings,1.5,over,1.15,204,-266,0.3289,0.3116,0.0557,0,0.3192,-0.0097,0.0076,ev,multiplicative,live,202609250580A50A,2026-09-22T17:47:03.773Z
2026,3,17700,Michael Penix Jr.,ATL,QB,at GB,passYds,Hard Rock,249.5,under,199.74,-375,240,0.7895,0.7286,0.0836,0,0.7797,-0.0098,0.0511,ev,multiplicative,live,202609250580A50A,2026-09-22T17:47:03.773Z
2026,3,14371,Jordan Love,GB,QB,vs ATL,passYds,theScore,249.5,over,232.97,140,,0.4167,0.4167,,1,0.4069,-0.0098,-0.0098,ev,none,live,202609250580A50A,2026-09-22T17:47:03.773Z
2026,3,12477,DJ Moore,BUF,WR,vs LAC,recYds,Hard Rock,84.5,over,52.56,400,-650,0.2000,0.1875,0.0667,0,0.1902,-0.0098,0.0027,ev,multiplicative,live,2026092763BB8AC8,2026-09-22T17:47:03.773Z
2026,3,15876,James Cook,BUF,RB,vs LAC,rushYds,Hard Rock,46.5,over,76.14,-800,425,0.8889,0.8235,0.0794,0,0.8791,-0.0098,0.0556,ev,multiplicative,live,2026092763BB8AC8,2026-09-22T17:47:03.773Z
2026,3,15907,Brian Robinson Jr.,ATL,RB,at GB,rushYds,DraftKings,9.5,over,22,-710,,0.8765,0.8765,,1,0.8667,-0.0099,-0.0099,ev,none,live,202609250580A50A,2026-09-22T17:47:03.773Z
2026,3,14371,Jordan Love,GB,QB,vs ATL,passYds,DraftKings,229.5,over,232.97,-111,-113,0.5261,0.4979,0.0566,0,0.5160,-0.0100,0.0181,ev,multiplicative,live,202609250580A50A,2026-09-22T17:47:03.773Z
2026,3,18478,Tre Harris,LAC,WR,at BUF,receptions,BetRivers,5.5,over,2.74,800,,0.1111,0.1111,,1,0.1011,-0.0100,-0.0100,ev,none,live,2026092763BB8AC8,2026-09-22T17:47:03.773Z
2026,3,14446,Justin Herbert,LAC,QB,at BUF,rushYds,FanDuel,24.5,over,22.63,144,,0.4098,0.4098,,1,0.3998,-0.0100,-0.0100,ev,none,live,2026092763BB8AC8,2026-09-22T17:47:03.773Z
2026,3,16649,Tucker Kraft,GB,TE,vs ATL,receptions,Hard Rock,8.5,over,3.83,2000,,0.0476,0.0476,,1,0.0376,-0.0100,-0.0100,ev,none,live,202609250580A50A,2026-09-22T17:47:03.773Z
2026,3,17700,Michael Penix Jr.,ATL,QB,at GB,passYds,Hard Rock,324.5,under,199.74,-6000,1400,0.9836,0.9365,0.0503,0,0.9734,-0.0102,0.0369,ev,multiplicative,live,202609250580A50A,2026-09-22T17:47:03.773Z
2026,3,14371,Jordan Love,GB,QB,vs ATL,passYds,Hard Rock,197.5,under,232.97,185,-260,0.3509,0.3270,0.0731,0,0.3407,-0.0102,0.0137,ev,multiplicative,live,202609250580A50A,2026-09-22T17:47:03.773Z
2026,3,16649,Tucker Kraft,GB,TE,vs ATL,receptions,FanDuel,1.5,over,3.83,-1454,,0.9356,0.9356,,1,0.9253,-0.0103,-0.0103,ev,none,live,202609250580A50A,2026-09-22T17:47:03.773Z
2026,3,14411,CeeDee Lamb,DAL,WR,vs BAL,recYds,Caesars,84.5,under,81.88,-115,-113,0.5349,0.5020,0.0654,0,0.5246,-0.0103,0.0225,ev,multiplicative,live,202609270726D5A2,2026-09-22T17:47:03.773Z
2026,3,15947,Jake Ferguson,DAL,TE,vs BAL,receptions,Caesars,5.5,over,3.73,375,,0.2105,0.2105,,1,0.2002,-0.0103,-0.0103,ev,none,live,202609270726D5A2,2026-09-22T17:47:03.773Z
2026,3,14371,Jordan Love,GB,QB,vs ATL,passYds,Hard Rock,299.5,over,232.97,450,-850,0.1818,0.1689,0.0766,0,0.1715,-0.0103,0.0026,ev,multiplicative,live,202609250580A50A,2026-09-22T17:47:03.773Z
2026,3,15265,Kyle Pitts,ATL,TE,at GB,receptions,FanDuel,3.5,under,3.52,-102,-130,0.5050,0.4718,0.0702,0,0.4945,-0.0104,0.0227,ev,multiplicative,live,202609250580A50A,2026-09-22T17:47:03.773Z
2026,3,15265,Kyle Pitts,ATL,TE,at GB,receptions,Caesars,3.5,under,3.52,-102,-118,0.5050,0.4826,0.0462,0,0.4945,-0.0104,0.0119,ev,multiplicative,live,202609250580A50A,2026-09-22T17:47:03.773Z
2026,3,12561,Lamar Jackson,BAL,QB,at DAL,passYds,Hard Rock,208.5,over,259.92,-260,180,0.7222,0.6691,0.0794,0,0.7117,-0.0105,0.0426,ev,multiplicative,live,202609270726D5A2,2026-09-22T17:47:03.773Z
2026,3,12477,DJ Moore,BUF,WR,vs LAC,receptions,Caesars,1.5,over,3.37,-1200,,0.9231,0.9231,,1,0.9125,-0.0106,-0.0106,ev,none,live,2026092763BB8AC8,2026-09-22T17:47:03.773Z
2026,3,16899,Quentin Johnston,LAC,WR,at BUF,receptions,DraftKings,3.5,over,2.74,134,-172,0.4274,0.4033,0.0597,0,0.4168,-0.0106,0.0135,ev,multiplicative,live,2026092763BB8AC8,2026-09-22T17:47:03.773Z
2026,3,17700,Michael Penix Jr.,ATL,QB,at GB,passYds,Hard Rock,326.5,under,199.74,-7000,1400,0.9859,0.9367,0.0526,0,0.9753,-0.0106,0.0386,ev,multiplicative,live,202609250580A50A,2026-09-22T17:47:03.773Z
2026,3,12561,Lamar Jackson,BAL,QB,at DAL,passYds,FanDuel,174.5,over,259.92,-502,,0.8339,0.8339,,1,0.8232,-0.0107,-0.0107,ev,none,live,202609270726D5A2,2026-09-22T17:47:03.773Z
2026,3,18478,Tre Harris,LAC,WR,at BUF,recYds,theScore,34.5,over,34.63,-105,-125,0.5122,0.4797,0.0678,0,0.5015,-0.0107,0.0218,ev,multiplicative,live,2026092763BB8AC8,2026-09-22T17:47:03.773Z
2026,3,10819,Derrick Henry,BAL,RB,at DAL,rushYds,theScore,124.5,over,97.69,300,,0.2500,0.2500,,1,0.2393,-0.0107,-0.0107,ev,none,live,202609270726D5A2,2026-09-22T17:47:03.773Z
2026,3,15853,George Pickens,DAL,WR,vs BAL,receptions,DraftKings,5.5,over,4.89,124,-158,0.4464,0.4216,0.0588,0,0.4357,-0.0108,0.0140,ev,multiplicative,live,202609270726D5A2,2026-09-22T17:47:03.773Z
2026,3,15265,Kyle Pitts,ATL,TE,at GB,receptions,theScore,1.5,over,3.52,-1300,,0.9286,0.9286,,1,0.9178,-0.0108,-0.0108,ev,none,live,202609250580A50A,2026-09-22T17:47:03.773Z
2026,3,14371,Jordan Love,GB,QB,vs ATL,passYds,Hard Rock,367.5,over,232.97,2500,,0.0385,0.0385,,1,0.0276,-0.0109,-0.0109,ev,none,live,202609250580A50A,2026-09-22T17:47:03.773Z
2026,3,10819,Derrick Henry,BAL,RB,at DAL,rushYds,Hard Rock,38.5,over,97.69,-2500,800,0.9615,0.8964,0.0726,0,0.9506,-0.0109,0.0542,ev,multiplicative,live,202609270726D5A2,2026-09-22T17:47:03.773Z
2026,3,15947,Jake Ferguson,DAL,TE,vs BAL,recYds,Hard Rock,49.5,under,34.7,-575,325,0.8519,0.7836,0.0871,0,0.8409,-0.0109,0.0574,ev,multiplicative,live,202609270726D5A2,2026-09-22T17:47:03.773Z
2026,3,15868,Drake London,ATL,WR,at GB,recYds,FanDuel,39.5,over,61.67,-382,,0.7925,0.7925,,1,0.7814,-0.0112,-0.0112,ev,none,live,202609250580A50A,2026-09-22T17:47:03.773Z
2026,3,14446,Justin Herbert,LAC,QB,at BUF,passYds,DraftKings,279.5,over,223.25,381,,0.2079,0.2079,,1,0.1967,-0.0112,-0.0112,ev,none,live,2026092763BB8AC8,2026-09-22T17:47:03.773Z
2026,3,15907,Brian Robinson Jr.,ATL,RB,at GB,rushYds,FanDuel,79.5,over,22,1699,,0.0556,0.0556,,1,0.0443,-0.0113,-0.0113,ev,none,live,202609250580A50A,2026-09-22T17:47:03.773Z
2026,3,18445,Omarion Hampton,LAC,RB,at BUF,rushYds,FanDuel,124.5,over,69.88,916,,0.0984,0.0984,,1,0.0871,-0.0113,-0.0113,ev,none,live,2026092763BB8AC8,2026-09-22T17:47:03.773Z
2026,3,15907,Brian Robinson Jr.,ATL,RB,at GB,rushYds,Hard Rock,17.5,over,22,-200,145,0.6667,0.6203,0.0748,0,0.6554,-0.0113,0.0351,ev,multiplicative,live,202609250580A50A,2026-09-22T17:47:03.773Z
2026,3,15265,Kyle Pitts,ATL,TE,at GB,receptions,BetRivers,2.5,over,3.52,-335,,0.7701,0.7701,,1,0.7587,-0.0114,-0.0114,ev,none,live,202609250580A50A,2026-09-22T17:47:03.773Z
2026,3,15876,James Cook,BUF,RB,vs LAC,rushYds,Hard Rock,51.5,over,76.14,-550,325,0.8462,0.7824,0.0814,0,0.8347,-0.0114,0.0523,ev,multiplicative,live,2026092763BB8AC8,2026-09-22T17:47:03.773Z
2026,3,15868,Drake London,ATL,WR,at GB,recYds,Hard Rock,28.5,over,61.67,-800,425,0.8889,0.8235,0.0794,0,0.8774,-0.0115,0.0539,ev,multiplicative,live,202609250580A50A,2026-09-22T17:47:03.773Z
2026,3,14411,CeeDee Lamb,DAL,WR,vs BAL,recYds,Hard Rock,90.5,under,81.88,-145,105,0.5918,0.5482,0.0796,0,0.5803,-0.0115,0.0321,ev,multiplicative,live,202609270726D5A2,2026-09-22T17:47:03.773Z
2026,3,14371,Jordan Love,GB,QB,vs ATL,passYds,Hard Rock,297.5,over,232.97,425,-800,0.1905,0.1765,0.0794,0,0.1788,-0.0116,0.0024,ev,multiplicative,live,202609250580A50A,2026-09-22T17:47:03.773Z
2026,3,15876,James Cook,BUF,RB,vs LAC,rushYds,theScore,34.5,over,76.14,-2500,,0.9615,0.9615,,1,0.9499,-0.0116,-0.0116,ev,none,live,2026092763BB8AC8,2026-09-22T17:47:03.773Z
2026,3,15853,George Pickens,DAL,WR,vs BAL,recYds,Hard Rock,14.5,over,75.47,-4000,900,0.9756,0.9070,0.0756,0,0.9640,-0.0116,0.0570,ev,multiplicative,live,202609270726D5A2,2026-09-22T17:47:03.773Z
2026,3,12561,Lamar Jackson,BAL,QB,at DAL,rushYds,DraftKings,14.5,over,52.86,-870,,0.8969,0.8969,,1,0.8852,-0.0117,-0.0117,ev,none,live,202609270726D5A2,2026-09-22T17:47:03.773Z
2026,3,14371,Jordan Love,GB,QB,vs ATL,passYds,DraftKings,349.5,over,232.97,1560,,0.0602,0.0602,,1,0.0484,-0.0119,-0.0119,ev,none,live,202609250580A50A,2026-09-22T17:47:03.773Z
2026,3,14446,Justin Herbert,LAC,QB,at BUF,passYds,BetRivers,249.5,over,223.25,180,,0.3571,0.3571,,1,0.3452,-0.0119,-0.0119,ev,none,live,2026092763BB8AC8,2026-09-22T17:47:03.773Z
2026,3,15853,George Pickens,DAL,WR,vs BAL,recYds,DraftKings,129.5,over,75.47,1020,,0.0893,0.0893,,1,0.0774,-0.0119,-0.0119,ev,none,live,202609270726D5A2,2026-09-22T17:47:03.773Z
2026,3,14371,Jordan Love,GB,QB,vs ATL,passYds,BetRivers,228.5,over,232.97,-114,-117,0.5327,0.4970,0.0719,0,0.5206,-0.0121,0.0236,ev,multiplicative,live,202609250580A50A,2026-09-22T17:47:03.773Z
2026,3,17700,Michael Penix Jr.,ATL,QB,at GB,passYds,Hard Rock,246.5,under,199.74,-350,230,0.7778,0.7196,0.0808,0,0.7657,-0.0121,0.0461,ev,multiplicative,live,202609250580A50A,2026-09-22T17:47:03.773Z
2026,3,14446,Justin Herbert,LAC,QB,at BUF,passTD,FanDuel,3.5,over,1.37,1498,,0.0626,0.0626,,1,0.0504,-0.0122,-0.0122,ev,none,live,2026092763BB8AC8,2026-09-22T17:47:03.773Z
2026,3,15868,Drake London,ATL,WR,at GB,recYds,Hard Rock,43.5,over,61.67,-300,200,0.7500,0.6923,0.0833,0,0.7378,-0.0122,0.0455,ev,multiplicative,live,202609250580A50A,2026-09-22T17:47:03.773Z
2026,3,16649,Tucker Kraft,GB,TE,vs ATL,receptions,Hard Rock,6.5,over,3.83,500,-1000,0.1667,0.1549,0.0758,0,0.1545,-0.0122,-0.0005,ev,multiplicative,live,202609250580A50A,2026-09-22T17:47:03.773Z
2026,3,17700,Michael Penix Jr.,ATL,QB,at GB,passYds,Hard Rock,274.5,under,199.74,-800,425,0.8889,0.8235,0.0794,0,0.8767,-0.0122,0.0532,ev,multiplicative,live,202609250580A50A,2026-09-22T17:47:03.773Z
2026,3,16649,Tucker Kraft,GB,TE,vs ATL,receptions,theScore,1.5,over,3.83,-1500,,0.9375,0.9375,,1,0.9253,-0.0122,-0.0122,ev,none,live,202609250580A50A,2026-09-22T17:47:03.773Z
2026,3,15265,Kyle Pitts,ATL,TE,at GB,receptions,BetRivers,6.5,over,3.52,800,,0.1111,0.1111,,1,0.0988,-0.0123,-0.0123,ev,none,live,202609250580A50A,2026-09-22T17:47:03.773Z
2026,3,18445,Omarion Hampton,LAC,RB,at BUF,receptions,Hard Rock,5.5,over,2.28,1300,-6000,0.0714,0.0677,0.0550,0,0.0591,-0.0123,-0.0086,ev,multiplicative,live,2026092763BB8AC8,2026-09-22T17:47:03.773Z
2026,3,11008,Dak Prescott,DAL,QB,vs BAL,passYds,Hard Rock,274.5,under,260.17,-145,105,0.5918,0.5482,0.0796,0,0.5796,-0.0123,0.0314,ev,multiplicative,live,202609270726D5A2,2026-09-22T17:47:03.773Z
2026,3,15265,Kyle Pitts,ATL,TE,at GB,receptions,BetRivers,5.5,over,3.52,380,,0.2083,0.2083,,1,0.1960,-0.0124,-0.0124,ev,none,live,202609250580A50A,2026-09-22T17:47:03.773Z
2026,3,16649,Tucker Kraft,GB,TE,vs ATL,receptions,DraftKings,8.5,over,3.83,1900,,0.0500,0.0500,,1,0.0376,-0.0124,-0.0124,ev,none,live,202609250580A50A,2026-09-22T17:47:03.773Z
2026,3,14371,Jordan Love,GB,QB,vs ATL,passYds,DraftKings,359.5,over,232.97,1980,,0.0481,0.0481,,1,0.0357,-0.0124,-0.0124,ev,none,live,202609250580A50A,2026-09-22T17:47:03.773Z
2026,3,18500,Matthew Golden,GB,WR,vs ATL,receptions,theScore,4.5,over,4,115,-150,0.4651,0.4367,0.0651,0,0.4527,-0.0124,0.0161,ev,multiplicative,live,202609250580A50A,2026-09-22T17:47:03.773Z
2026,3,15868,Drake London,ATL,WR,at GB,recYds,FanDuel,29.5,over,61.67,-752,,0.8826,0.8826,,1,0.8702,-0.0125,-0.0125,ev,none,live,202609250580A50A,2026-09-22T17:47:03.773Z
2026,3,14371,Jordan Love,GB,QB,vs ATL,passYds,DraftKings,369.5,over,232.97,2500,,0.0385,0.0385,,1,0.0258,-0.0126,-0.0126,ev,none,live,202609250580A50A,2026-09-22T17:47:03.773Z
2026,3,17795,MarShawn Lloyd,GB,RB,vs ATL,recYds,Hard Rock,39.5,over,12.1,2500,,0.0385,0.0385,,1,0.0259,-0.0126,-0.0126,ev,none,live,202609250580A50A,2026-09-22T17:47:03.773Z
2026,3,14371,Jordan Love,GB,QB,vs ATL,passYds,Hard Rock,377.5,over,232.97,3000,,0.0323,0.0323,,1,0.0197,-0.0126,-0.0126,ev,none,live,202609250580A50A,2026-09-22T17:47:03.773Z
2026,3,15868,Drake London,ATL,WR,at GB,receptions,Hard Rock,10.5,over,4.64,2500,,0.0385,0.0385,,1,0.0258,-0.0127,-0.0127,ev,none,live,202609250580A50A,2026-09-22T17:47:03.773Z
2026,3,15907,Brian Robinson Jr.,ATL,RB,at GB,rushYds,DraftKings,23.5,under,22,-113,-111,0.5305,0.5021,0.0566,0,0.5177,-0.0128,0.0156,ev,multiplicative,live,202609250580A50A,2026-09-22T17:47:03.773Z
2026,3,12483,Josh Allen,BUF,QB,vs LAC,passYds,Caesars,209.5,over,256.07,-245,,0.7101,0.7101,,1,0.6974,-0.0128,-0.0128,ev,none,live,2026092763BB8AC8,2026-09-22T17:47:03.773Z
2026,3,12483,Josh Allen,BUF,QB,vs LAC,rushYds,Hard Rock,8.5,under,32.45,800,-3000,0.1111,0.1030,0.0789,0,0.0983,-0.0128,-0.0047,ev,multiplicative,live,2026092763BB8AC8,2026-09-22T17:47:03.773Z
2026,3,15265,Kyle Pitts,ATL,TE,at GB,receptions,DraftKings,3.5,under,3.52,-103,-123,0.5074,0.4791,0.0590,0,0.4945,-0.0129,0.0154,ev,multiplicative,live,202609250580A50A,2026-09-22T17:47:03.773Z
2026,3,15946,Christian Watson,GB,WR,vs ATL,recYds,Hard Rock,43.5,under,69.75,240,-350,0.2941,0.2744,0.0719,0,0.2812,-0.0129,0.0068,ev,multiplicative,live,202609250580A50A,2026-09-22T17:47:03.773Z
2026,3,17724,Ladd McConkey,LAC,WR,at BUF,recYds,Hard Rock,13.5,under,64.26,800,-3000,0.1111,0.1030,0.0789,0,0.0982,-0.0129,-0.0048,ev,multiplicative,live,2026092763BB8AC8,2026-09-22T17:47:03.773Z
2026,3,16899,Quentin Johnston,LAC,WR,at BUF,recYds,theScore,89.5,over,42.06,800,,0.1111,0.1111,,1,0.0982,-0.0129,-0.0129,ev,none,live,2026092763BB8AC8,2026-09-22T17:47:03.773Z
2026,3,14446,Justin Herbert,LAC,QB,at BUF,passYds,Hard Rock,191.5,under,223.25,180,-260,0.3571,0.3309,0.0794,0,0.3442,-0.0130,0.0133,ev,multiplicative,live,2026092763BB8AC8,2026-09-22T17:47:03.773Z
2026,3,15876,James Cook,BUF,RB,vs LAC,rushYds,Hard Rock,49.5,over,76.14,-650,375,0.8667,0.8046,0.0772,0,0.8536,-0.0131,0.0490,ev,multiplicative,live,2026092763BB8AC8,2026-09-22T17:47:03.773Z
2026,3,12561,Lamar Jackson,BAL,QB,at DAL,rushYds,Hard Rock,86.5,over,52.86,1200,-5000,0.0769,0.0728,0.0573,0,0.0638,-0.0131,-0.0090,ev,multiplicative,live,202609270726D5A2,2026-09-22T17:47:03.773Z
2026,3,15947,Jake Ferguson,DAL,TE,vs BAL,receptions,Hard Rock,4.5,over,3.73,170,-240,0.3704,0.3441,0.0763,0,0.3573,-0.0131,0.0131,ev,multiplicative,live,202609270726D5A2,2026-09-22T17:47:03.773Z
2026,3,17724,Ladd McConkey,LAC,WR,at BUF,recYds,DraftKings,89.5,over,64.26,391,,0.2037,0.2037,,1,0.1905,-0.0132,-0.0132,ev,none,live,2026092763BB8AC8,2026-09-22T17:47:03.773Z
2026,3,14411,CeeDee Lamb,DAL,WR,vs BAL,recYds,Hard Rock,79.5,under,81.88,105,-145,0.4878,0.4518,0.0796,0,0.4746,-0.0132,0.0228,ev,multiplicative,live,202609270726D5A2,2026-09-22T17:47:03.773Z
2026,3,10819,Derrick Henry,BAL,RB,at DAL,rushYds,BetRivers,59.5,over,97.69,-670,,0.8701,0.8701,,1,0.8566,-0.0135,-0.0135,ev,none,live,202609270726D5A2,2026-09-22T17:47:03.773Z
2026,3,14446,Justin Herbert,LAC,QB,at BUF,passYds,Hard Rock,351.5,under,223.25,-8000,1750,0.9877,0.9481,0.0417,0,0.9742,-0.0135,0.0260,ev,multiplicative,live,2026092763BB8AC8,2026-09-22T17:47:03.773Z
2026,3,12561,Lamar Jackson,BAL,QB,at DAL,passYds,Hard Rock,168.5,under,259.92,475,-1000,0.1739,0.1606,0.0830,0,0.1604,-0.0135,-0.0001,ev,multiplicative,live,202609270726D5A2,2026-09-22T17:47:03.773Z
2026,3,15853,George Pickens,DAL,WR,vs BAL,recYds,Hard Rock,9.5,over,75.47,-8000,1600,0.9877,0.9438,0.0465,0,0.9742,-0.0135,0.0304,ev,multiplicative,live,202609270726D5A2,2026-09-22T17:47:03.773Z
2026,3,12561,Lamar Jackson,BAL,QB,at DAL,passYds,Hard Rock,174.5,under,259.92,425,-800,0.1905,0.1765,0.0794,0,0.1768,-0.0136,0.0004,ev,multiplicative,live,202609270726D5A2,2026-09-22T17:47:03.773Z
2026,3,15853,George Pickens,DAL,WR,vs BAL,receptions,Hard Rock,3.5,under,4.89,275,-425,0.2667,0.2478,0.0762,0,0.2530,-0.0136,0.0053,ev,multiplicative,live,202609270726D5A2,2026-09-22T17:47:03.773Z
2026,3,16741,Chris Brooks,GB,RB,vs ATL,recYds,Hard Rock,17.5,under,9.58,-400,250,0.8000,0.7368,0.0857,0,0.7863,-0.0137,0.0495,ev,multiplicative,live,202609250580A50A,2026-09-22T17:47:03.773Z
2026,3,14446,Justin Herbert,LAC,QB,at BUF,passYds,DraftKings,289.5,over,223.25,484,,0.1712,0.1712,,1,0.1574,-0.0138,-0.0138,ev,none,live,2026092763BB8AC8,2026-09-22T17:47:03.773Z
2026,3,18478,Tre Harris,LAC,WR,at BUF,receptions,DraftKings,5.5,over,2.74,770,,0.1149,0.1149,,1,0.1011,-0.0138,-0.0138,ev,none,live,2026092763BB8AC8,2026-09-22T17:47:03.773Z
2026,3,10819,Derrick Henry,BAL,RB,at DAL,rushYds,Hard Rock,39.5,over,97.69,-2500,800,0.9615,0.8964,0.0726,0,0.9477,-0.0138,0.0513,ev,multiplicative,live,202609270726D5A2,2026-09-22T17:47:03.773Z
2026,3,14371,Jordan Love,GB,QB,vs ATL,passYds,DraftKings,379.5,over,232.97,3000,,0.0323,0.0323,,1,0.0184,-0.0139,-0.0139,ev,none,live,202609250580A50A,2026-09-22T17:47:03.773Z
2026,3,16899,Quentin Johnston,LAC,WR,at BUF,receptions,Caesars,1.5,over,2.74,-560,,0.8485,0.8485,,1,0.8346,-0.0139,-0.0139,ev,none,live,2026092763BB8AC8,2026-09-22T17:47:03.773Z
2026,3,16649,Tucker Kraft,GB,TE,vs ATL,receptions,FanDuel,4.5,over,3.83,142,,0.4132,0.4132,,1,0.3992,-0.0140,-0.0140,ev,none,live,202609250580A50A,2026-09-22T17:47:03.773Z
2026,3,17724,Ladd McConkey,LAC,WR,at BUF,receptions,Hard Rock,3.5,over,4.77,-225,155,0.6923,0.6384,0.0845,0,0.6783,-0.0140,0.0399,ev,multiplicative,live,2026092763BB8AC8,2026-09-22T17:47:03.773Z
2026,3,18478,Tre Harris,LAC,WR,at BUF,receptions,BetRivers,4.5,over,2.74,350,,0.2222,0.2222,,1,0.2081,-0.0141,-0.0141,ev,none,live,2026092763BB8AC8,2026-09-22T17:47:03.773Z
2026,3,11008,Dak Prescott,DAL,QB,vs BAL,passYds,FanDuel,263.5,under,260.17,-114,-114,0.5327,0.5000,0.0654,0,0.5186,-0.0141,0.0186,ev,multiplicative,live,202609270726D5A2,2026-09-22T17:47:03.773Z
2026,3,17700,Michael Penix Jr.,ATL,QB,at GB,passTD,theScore,1.5,over,1.15,200,-280,0.3333,0.3115,0.0702,0,0.3192,-0.0141,0.0078,ev,multiplicative,live,202609250580A50A,2026-09-22T17:47:03.773Z
2026,3,18445,Omarion Hampton,LAC,RB,at BUF,rushYds,theScore,29.5,over,69.88,-900,,0.9000,0.9000,,1,0.8859,-0.0141,-0.0141,ev,none,live,2026092763BB8AC8,2026-09-22T17:47:03.773Z
2026,3,17795,MarShawn Lloyd,GB,RB,vs ATL,rushYds,FanDuel,89.5,over,45.05,998,,0.0911,0.0911,,1,0.0769,-0.0142,-0.0142,ev,none,live,202609250580A50A,2026-09-22T17:47:03.773Z
2026,3,14371,Jordan Love,GB,QB,vs ATL,passYds,BetMGM,228.5,over,232.97,-115,-115,0.5349,0.5000,0.0698,0,0.5206,-0.0142,0.0206,ev,multiplicative,live,202609250580A50A,2026-09-22T17:47:03.773Z
2026,3,15868,Drake London,ATL,WR,at GB,recYds,Caesars,19.5,over,61.67,-1700,,0.9444,0.9444,,1,0.9302,-0.0142,-0.0142,ev,none,live,202609250580A50A,2026-09-22T17:47:03.773Z
2026,3,14371,Jordan Love,GB,QB,vs ATL,passYds,DraftKings,389.5,over,232.97,3600,,0.0270,0.0270,,1,0.0128,-0.0142,-0.0142,ev,none,live,202609250580A50A,2026-09-22T17:47:03.773Z
2026,3,16899,Quentin Johnston,LAC,WR,at BUF,receptions,FanDuel,3.5,over,2.74,132,-178,0.4310,0.4023,0.0713,0,0.4168,-0.0142,0.0145,ev,multiplicative,live,2026092763BB8AC8,2026-09-22T17:47:03.773Z
2026,3,16649,Tucker Kraft,GB,TE,vs ATL,receptions,DraftKings,2.5,over,3.83,-424,,0.8092,0.8092,,1,0.7947,-0.0144,-0.0144,ev,none,live,202609250580A50A,2026-09-22T17:47:03.773Z
2026,3,15946,Christian Watson,GB,WR,vs ATL,recYds,Hard Rock,39.5,under,69.75,275,-450,0.2667,0.2458,0.0848,0,0.2522,-0.0144,0.0064,ev,multiplicative,live,202609250580A50A,2026-09-22T17:47:03.773Z
2026,3,14371,Jordan Love,GB,QB,vs ATL,passYds,FanDuel,224.5,over,232.97,-124,,0.5536,0.5536,,1,0.5391,-0.0145,-0.0145,ev,none,live,202609250580A50A,2026-09-22T17:47:03.773Z
2026,3,15868,Drake London,ATL,WR,at GB,recYds,Hard Rock,48.5,over,61.67,-225,160,0.6923,0.6429,0.0769,0,0.6778,-0.0145,0.0349,ev,multiplicative,live,202609250580A50A,2026-09-22T17:47:03.773Z
2026,3,14411,CeeDee Lamb,DAL,WR,vs BAL,recYds,BetRivers,84.5,under,81.88,-117,-114,0.5392,0.5030,0.0719,0,0.5246,-0.0146,0.0216,ev,multiplicative,live,202609270726D5A2,2026-09-22T17:47:03.773Z
2026,3,14446,Justin Herbert,LAC,QB,at BUF,passTD,Hard Rock,2.5,over,1.37,475,,0.1739,0.1739,,1,0.1593,-0.0146,-0.0146,ev,none,live,2026092763BB8AC8,2026-09-22T17:47:03.773Z
2026,3,17724,Ladd McConkey,LAC,WR,at BUF,recYds,Hard Rock,83.5,over,64.26,275,-450,0.2667,0.2458,0.0848,0,0.2521,-0.0146,0.0063,ev,multiplicative,live,2026092763BB8AC8,2026-09-22T17:47:03.773Z
2026,3,15876,James Cook,BUF,RB,vs LAC,rushYds,Hard Rock,31.5,over,76.14,-4000,1100,0.9756,0.9213,0.0589,0,0.9610,-0.0146,0.0397,ev,multiplicative,live,2026092763BB8AC8,2026-09-22T17:47:03.773Z
2026,3,16739,Bijan Robinson,ATL,RB,at GB,rushYds,Caesars,109.5,over,87.97,255,,0.2817,0.2817,,1,0.2670,-0.0147,-0.0147,ev,none,live,202609250580A50A,2026-09-22T17:47:03.773Z
2026,3,12477,DJ Moore,BUF,WR,vs LAC,recYds,FanDuel,69.5,over,52.56,198,,0.3356,0.3356,,1,0.3209,-0.0147,-0.0147,ev,none,live,2026092763BB8AC8,2026-09-22T17:47:03.773Z
2026,3,10819,Derrick Henry,BAL,RB,at DAL,rushYds,Caesars,109.5,over,97.69,155,,0.3922,0.3922,,1,0.3775,-0.0147,-0.0147,ev,none,live,202609270726D5A2,2026-09-22T17:47:03.773Z
2026,3,17724,Ladd McConkey,LAC,WR,at BUF,recYds,Hard Rock,28.5,over,64.26,-500,300,0.8333,0.7692,0.0833,0,0.8186,-0.0147,0.0494,ev,multiplicative,live,2026092763BB8AC8,2026-09-22T17:47:03.773Z
2026,3,15868,Drake London,ATL,WR,at GB,receptions,Hard Rock,1.5,under,4.64,1500,-7000,0.0625,0.0596,0.0484,0,0.0477,-0.0148,-0.0119,ev,multiplicative,live,202609250580A50A,2026-09-22T17:47:03.773Z
2026,3,17724,Ladd McConkey,LAC,WR,at BUF,receptions,FanDuel,3.5,over,4.77,-226,,0.6933,0.6933,,1,0.6783,-0.0149,-0.0149,ev,none,live,2026092763BB8AC8,2026-09-22T17:47:03.773Z
2026,3,15306,Javonte Williams,DAL,RB,vs BAL,rushYds,BetRivers,49.5,over,63.83,-220,,0.6875,0.6875,,1,0.6726,-0.0149,-0.0149,ev,none,live,202609270726D5A2,2026-09-22T17:47:03.773Z
2026,3,11008,Dak Prescott,DAL,QB,vs BAL,passYds,Hard Rock,395.5,under,260.17,-7000,1600,0.9859,0.9437,0.0447,0,0.9711,-0.0149,0.0274,ev,multiplicative,live,202609270726D5A2,2026-09-22T17:47:03.773Z
2026,3,15306,Javonte Williams,DAL,RB,vs BAL,rushYds,theScore,49.5,over,63.83,-220,,0.6875,0.6875,,1,0.6726,-0.0149,-0.0149,ev,none,live,202609270726D5A2,2026-09-22T17:47:03.773Z
2026,3,11008,Dak Prescott,DAL,QB,vs BAL,passYds,Hard Rock,275.5,under,260.17,-150,110,0.6000,0.5575,0.0762,0,0.5851,-0.0149,0.0275,ev,multiplicative,live,202609270726D5A2,2026-09-22T17:47:03.773Z
2026,3,14446,Justin Herbert,LAC,QB,at BUF,passYds,BetRivers,224.5,over,223.25,-103,,0.5074,0.5074,,1,0.4924,-0.0150,-0.0150,ev,none,live,2026092763BB8AC8,2026-09-22T17:47:03.773Z
2026,3,15946,Christian Watson,GB,WR,vs ATL,recYds,BetRivers,109.5,over,69.75,425,,0.1905,0.1905,,1,0.1754,-0.0151,-0.0151,ev,none,live,202609250580A50A,2026-09-22T17:47:03.773Z
2026,3,14446,Justin Herbert,LAC,QB,at BUF,passYds,DraftKings,359.5,over,223.25,2800,,0.0345,0.0345,,1,0.0194,-0.0151,-0.0151,ev,none,live,2026092763BB8AC8,2026-09-22T17:47:03.773Z
2026,3,14446,Justin Herbert,LAC,QB,at BUF,rushYds,DraftKings,24.5,over,22.63,141,,0.4149,0.4149,,1,0.3998,-0.0151,-0.0151,ev,none,live,2026092763BB8AC8,2026-09-22T17:47:03.773Z
2026,3,15876,James Cook,BUF,RB,vs LAC,rushYds,Caesars,39.5,over,76.14,-1600,,0.9412,0.9412,,1,0.9260,-0.0151,-0.0151,ev,none,live,2026092763BB8AC8,2026-09-22T17:47:03.773Z
2026,3,17700,Michael Penix Jr.,ATL,QB,at GB,passTD,Hard Rock,2.5,over,1.15,700,,0.1250,0.1250,,1,0.1099,-0.0151,-0.0151,ev,none,live,202609250580A50A,2026-09-22T17:47:03.773Z
2026,3,15876,James Cook,BUF,RB,vs LAC,rushYds,Hard Rock,39.5,over,76.14,-1600,600,0.9412,0.8682,0.0840,0,0.9260,-0.0151,0.0578,ev,multiplicative,live,2026092763BB8AC8,2026-09-22T17:47:03.773Z
2026,3,15306,Javonte Williams,DAL,RB,vs BAL,rushYds,Hard Rock,24.5,under,63.83,700,-2200,0.1250,0.1156,0.0815,0,0.1099,-0.0151,-0.0057,ev,multiplicative,live,202609270726D5A2,2026-09-22T17:47:03.773Z
2026,3,14446,Justin Herbert,LAC,QB,at BUF,passYds,DraftKings,299.5,over,223.25,620,,0.1389,0.1389,,1,0.1237,-0.0152,-0.0152,ev,none,live,2026092763BB8AC8,2026-09-22T17:47:03.773Z
2026,3,15876,James Cook,BUF,RB,vs LAC,rushYds,FanDuel,39.5,over,76.14,-1602,,0.9412,0.9412,,1,0.9260,-0.0152,-0.0152,ev,none,live,2026092763BB8AC8,2026-09-22T17:47:03.773Z
2026,3,15946,Christian Watson,GB,WR,vs ATL,recYds,FanDuel,99.5,over,69.75,288,,0.2577,0.2577,,1,0.2425,-0.0153,-0.0153,ev,none,live,202609250580A50A,2026-09-22T17:47:03.773Z
2026,3,15907,Brian Robinson Jr.,ATL,RB,at GB,rushYds,Caesars,29.5,over,22,134,,0.4274,0.4274,,1,0.4121,-0.0153,-0.0153,ev,none,live,202609250580A50A,2026-09-22T17:47:03.773Z
2026,3,18478,Tre Harris,LAC,WR,at BUF,recYds,DraftKings,33.5,over,34.63,-112,-112,0.5283,0.5000,0.0566,0,0.5130,-0.0153,0.0130,ev,multiplicative,live,2026092763BB8AC8,2026-09-22T17:47:03.773Z
2026,3,14371,Jordan Love,GB,QB,vs ATL,passAtt,DraftKings,35.5,over,32.45,229,,0.3040,0.3040,,1,0.2886,-0.0154,-0.0154,ev,none,live,202609250580A50A,2026-09-22T17:47:03.773Z
2026,3,17795,MarShawn Lloyd,GB,RB,vs ATL,rushYds,Hard Rock,8.5,under,45.05,650,-1600,0.1333,0.1241,0.0745,0,0.1180,-0.0154,-0.0061,ev,multiplicative,live,202609250580A50A,2026-09-22T17:47:03.773Z
2026,3,14371,Jordan Love,GB,QB,vs ATL,passYds,Hard Rock,347.5,over,232.97,1400,-6000,0.0667,0.0635,0.0503,0,0.0513,-0.0154,-0.0122,ev,multiplicative,live,202609250580A50A,2026-09-22T17:47:03.773Z
2026,3,16649,Tucker Kraft,GB,TE,vs ATL,receptions,Hard Rock,5.5,over,3.83,260,-425,0.2778,0.2555,0.0873,0,0.2623,-0.0155,0.0068,ev,multiplicative,live,202609250580A50A,2026-09-22T17:47:03.773Z
2026,3,15306,Javonte Williams,DAL,RB,vs BAL,rushYds,Caesars,39.5,over,63.83,-380,,0.7917,0.7917,,1,0.7761,-0.0156,-0.0156,ev,none,live,202609270726D5A2,2026-09-22T17:47:03.773Z
2026,3,17700,Michael Penix Jr.,ATL,QB,at GB,passYds,Hard Rock,316.5,under,199.74,-5000,1100,0.9804,0.9217,0.0637,0,0.9648,-0.0156,0.0432,ev,multiplicative,live,202609250580A50A,2026-09-22T17:47:03.773Z
2026,3,15946,Christian Watson,GB,WR,vs ATL,receptions,BetRivers,6.5,over,3.95,280,,0.2632,0.2632,,1,0.2475,-0.0157,-0.0157,ev,none,live,202609250580A50A,2026-09-22T17:47:03.773Z
2026,3,15907,Brian Robinson Jr.,ATL,RB,at GB,rushYds,Caesars,9.5,over,22,-750,,0.8824,0.8824,,1,0.8667,-0.0157,-0.0157,ev,none,live,202609250580A50A,2026-09-22T17:47:03.773Z
2026,3,18478,Tre Harris,LAC,WR,at BUF,recYds,theScore,29.5,over,34.63,-135,,0.5745,0.5745,,1,0.5588,-0.0157,-0.0157,ev,none,live,2026092763BB8AC8,2026-09-22T17:47:03.773Z
2026,3,14446,Justin Herbert,LAC,QB,at BUF,passYds,DraftKings,309.5,over,223.25,800,,0.1111,0.1111,,1,0.0954,-0.0158,-0.0158,ev,none,live,2026092763BB8AC8,2026-09-22T17:47:03.773Z
2026,3,14446,Justin Herbert,LAC,QB,at BUF,passYds,DraftKings,349.5,over,223.25,2200,,0.0435,0.0435,,1,0.0277,-0.0158,-0.0158,ev,none,live,2026092763BB8AC8,2026-09-22T17:47:03.773Z
2026,3,14371,Jordan Love,GB,QB,vs ATL,passYds,Hard Rock,307.5,over,232.97,525,-1100,0.1600,0.1486,0.0767,0,0.1440,-0.0160,-0.0046,ev,multiplicative,live,202609250580A50A,2026-09-22T17:47:03.773Z
2026,3,16649,Tucker Kraft,GB,TE,vs ATL,recYds,Hard Rock,61.5,under,49.04,-250,170,0.7143,0.6585,0.0847,0,0.6983,-0.0160,0.0397,ev,multiplicative,live,202609250580A50A,2026-09-22T17:47:03.773Z
2026,3,12561,Lamar Jackson,BAL,QB,at DAL,passTD,Hard Rock,1.5,under,1.77,105,-135,0.4878,0.4592,0.0623,0,0.4718,-0.0160,0.0126,ev,multiplicative,live,202609270726D5A2,2026-09-22T17:47:03.773Z
2026,3,12561,Lamar Jackson,BAL,QB,at DAL,passTD,theScore,1.5,under,1.77,105,-135,0.4878,0.4592,0.0623,0,0.4718,-0.0160,0.0126,ev,multiplicative,live,202609270726D5A2,2026-09-22T17:47:03.773Z
2026,3,14446,Justin Herbert,LAC,QB,at BUF,passYds,DraftKings,379.5,over,223.25,3900,,0.0250,0.0250,,1,0.0089,-0.0161,-0.0161,ev,none,live,2026092763BB8AC8,2026-09-22T17:47:03.773Z
2026,3,14371,Jordan Love,GB,QB,vs ATL,passYds,Hard Rock,357.5,over,232.97,1750,-9000,0.0541,0.0518,0.0431,0,0.0379,-0.0161,-0.0139,ev,multiplicative,live,202609250580A50A,2026-09-22T17:47:03.773Z
2026,3,12483,Josh Allen,BUF,QB,vs LAC,rushYds,theScore,33.5,under,32.45,-120,-110,0.5455,0.5101,0.0693,0,0.5293,-0.0161,0.0192,ev,multiplicative,live,2026092763BB8AC8,2026-09-22T17:47:03.773Z
2026,3,11008,Dak Prescott,DAL,QB,vs BAL,passYds,Hard Rock,295.5,under,260.17,-240,170,0.7059,0.6559,0.0763,0,0.6897,-0.0161,0.0339,ev,multiplicative,live,202609270726D5A2,2026-09-22T17:47:03.773Z
2026,3,14446,Justin Herbert,LAC,QB,at BUF,passYds,DraftKings,369.5,over,223.25,3300,,0.0294,0.0294,,1,0.0133,-0.0162,-0.0162,ev,none,live,2026092763BB8AC8,2026-09-22T17:47:03.773Z
2026,3,14446,Justin Herbert,LAC,QB,at BUF,passYds,theScore,224.5,under,223.25,-110,-120,0.5238,0.4899,0.0693,0,0.5076,-0.0162,0.0177,ev,multiplicative,live,2026092763BB8AC8,2026-09-22T17:47:03.773Z
2026,3,17700,Michael Penix Jr.,ATL,QB,at GB,passTD,FanDuel,1.5,over,1.15,198,-275,0.3356,0.3139,0.0689,0,0.3192,-0.0163,0.0053,ev,multiplicative,live,202609250580A50A,2026-09-22T17:47:03.773Z
2026,3,12561,Lamar Jackson,BAL,QB,at DAL,rushYds,Hard Rock,16.5,over,52.86,-800,425,0.8889,0.8235,0.0794,0,0.8726,-0.0163,0.0490,ev,multiplicative,live,202609270726D5A2,2026-09-22T17:47:03.773Z
2026,3,16739,Bijan Robinson,ATL,RB,at GB,rushYds,FanDuel,124.5,over,87.97,517,,0.1621,0.1621,,1,0.1457,-0.0164,-0.0164,ev,none,live,202609250580A50A,2026-09-22T17:47:03.773Z
2026,3,12561,Lamar Jackson,BAL,QB,at DAL,passTD,Hard Rock,2.5,over,1.77,260,,0.2778,0.2778,,1,0.2614,-0.0164,-0.0164,ev,none,live,202609270726D5A2,2026-09-22T17:47:03.773Z
2026,3,16649,Tucker Kraft,GB,TE,vs ATL,receptions,DraftKings,1.5,over,3.83,-1620,,0.9419,0.9419,,1,0.9253,-0.0165,-0.0165,ev,none,live,202609250580A50A,2026-09-22T17:47:03.773Z
2026,3,18500,Matthew Golden,GB,WR,vs ATL,recYds,Hard Rock,32.5,under,52.68,225,-350,0.3077,0.2835,0.0855,0,0.2912,-0.0165,0.0077,ev,multiplicative,live,202609250580A50A,2026-09-22T17:47:03.773Z
2026,3,14371,Jordan Love,GB,QB,vs ATL,passYds,Hard Rock,224.5,over,232.97,-125,-110,0.5556,0.5147,0.0794,0,0.5391,-0.0165,0.0244,ev,multiplicative,live,202609250580A50A,2026-09-22T17:47:03.773Z
2026,3,11008,Dak Prescott,DAL,QB,vs BAL,passYds,Hard Rock,285.5,under,260.17,-190,135,0.6552,0.6062,0.0807,0,0.6387,-0.0165,0.0324,ev,multiplicative,live,202609270726D5A2,2026-09-22T17:47:03.773Z
2026,3,15946,Christian Watson,GB,WR,vs ATL,recYds,DraftKings,99.5,over,69.75,286,,0.2591,0.2591,,1,0.2425,-0.0166,-0.0166,ev,none,live,202609250580A50A,2026-09-22T17:47:03.773Z
2026,3,18478,Tre Harris,LAC,WR,at BUF,receptions,DraftKings,4.5,over,2.74,345,,0.2247,0.2247,,1,0.2081,-0.0166,-0.0166,ev,none,live,2026092763BB8AC8,2026-09-22T17:47:03.773Z
2026,3,17795,MarShawn Lloyd,GB,RB,vs ATL,recYds,Hard Rock,40.5,over,12.1,2500,,0.0385,0.0385,,1,0.0219,-0.0166,-0.0166,ev,none,live,202609250580A50A,2026-09-22T17:47:03.773Z
2026,3,15265,Kyle Pitts,ATL,TE,at GB,receptions,Hard Rock,8.5,over,3.52,3000,,0.0323,0.0323,,1,0.0157,-0.0166,-0.0166,ev,none,live,202609250580A50A,2026-09-22T17:47:03.773Z
2026,3,18500,Matthew Golden,GB,WR,vs ATL,receptions,DraftKings,4.5,over,4,113,-144,0.4695,0.4431,0.0596,0,0.4527,-0.0167,0.0097,ev,multiplicative,live,202609250580A50A,2026-09-22T17:47:03.773Z
2026,3,18500,Matthew Golden,GB,WR,vs ATL,receptions,Caesars,4.5,over,4,113,-148,0.4695,0.4403,0.0663,0,0.4527,-0.0167,0.0124,ev,multiplicative,live,202609250580A50A,2026-09-22T17:47:03.773Z
2026,3,12483,Josh Allen,BUF,QB,vs LAC,passYds,DraftKings,219.5,over,256.07,-207,,0.6743,0.6743,,1,0.6576,-0.0167,-0.0167,ev,none,live,2026092763BB8AC8,2026-09-22T17:47:03.773Z
2026,3,14446,Justin Herbert,LAC,QB,at BUF,passYds,DraftKings,339.5,over,223.25,1700,,0.0556,0.0556,,1,0.0389,-0.0167,-0.0167,ev,none,live,2026092763BB8AC8,2026-09-22T17:47:03.773Z
2026,3,17700,Michael Penix Jr.,ATL,QB,at GB,passYds,Hard Rock,306.5,under,199.74,-3000,850,0.9677,0.9019,0.0730,0,0.9510,-0.0167,0.0491,ev,multiplicative,live,202609250580A50A,2026-09-22T17:47:03.773Z
2026,3,15946,Christian Watson,GB,WR,vs ATL,recYds,Caesars,59.5,over,69.75,-154,,0.6063,0.6063,,1,0.5895,-0.0168,-0.0168,ev,none,live,202609250580A50A,2026-09-22T17:47:03.773Z
2026,3,14446,Justin Herbert,LAC,QB,at BUF,rushYds,theScore,24.5,over,22.63,140,,0.4167,0.4167,,1,0.3998,-0.0168,-0.0168,ev,none,live,2026092763BB8AC8,2026-09-22T17:47:03.773Z
2026,3,12561,Lamar Jackson,BAL,QB,at DAL,passYds,theScore,174.5,over,259.92,-525,,0.8400,0.8400,,1,0.8232,-0.0168,-0.0168,ev,none,live,202609270726D5A2,2026-09-22T17:47:03.773Z
2026,3,15265,Kyle Pitts,ATL,TE,at GB,receptions,BetRivers,1.5,over,3.52,-1430,,0.9346,0.9346,,1,0.9178,-0.0169,-0.0169,ev,none,live,202609250580A50A,2026-09-22T17:47:03.773Z
2026,3,15876,James Cook,BUF,RB,vs LAC,rushYds,FanDuel,49.5,over,76.14,-672,,0.8705,0.8705,,1,0.8536,-0.0169,-0.0169,ev,none,live,2026092763BB8AC8,2026-09-22T17:47:03.773Z
2026,3,14446,Justin Herbert,LAC,QB,at BUF,passYds,DraftKings,329.5,over,223.25,1320,,0.0704,0.0704,,1,0.0535,-0.0169,-0.0169,ev,none,live,2026092763BB8AC8,2026-09-22T17:47:03.773Z
2026,3,18478,Tre Harris,LAC,WR,at BUF,recYds,Hard Rock,39.5,under,34.63,-165,120,0.6226,0.5780,0.0772,0,0.6057,-0.0169,0.0277,ev,multiplicative,live,2026092763BB8AC8,2026-09-22T17:47:03.773Z
2026,3,12561,Lamar Jackson,BAL,QB,at DAL,int,BetRivers,0.5,under,0.44,-195,148,0.6610,0.6211,0.0642,0,0.6440,-0.0170,0.0229,ev,multiplicative,live,202609270726D5A2,2026-09-22T17:47:03.773Z
2026,3,15947,Jake Ferguson,DAL,TE,vs BAL,receptions,DraftKings,6.5,over,3.73,800,,0.1111,0.1111,,1,0.0941,-0.0170,-0.0170,ev,none,live,202609270726D5A2,2026-09-22T17:47:03.773Z
2026,3,16649,Tucker Kraft,GB,TE,vs ATL,recYds,Hard Rock,51.5,over,49.04,110,-150,0.4762,0.4425,0.0762,0,0.4592,-0.0170,0.0167,ev,multiplicative,live,202609250580A50A,2026-09-22T17:47:03.773Z
2026,3,16649,Tucker Kraft,GB,TE,vs ATL,recYds,Hard Rock,11.5,over,49.04,-2500,750,0.9615,0.8910,0.0792,0,0.9445,-0.0171,0.0535,ev,multiplicative,live,202609250580A50A,2026-09-22T17:47:03.773Z
2026,3,17700,Michael Penix Jr.,ATL,QB,at GB,passYds,Hard Rock,266.5,under,199.74,-650,350,0.8667,0.7959,0.0889,0,0.8496,-0.0171,0.0537,ev,multiplicative,live,202609250580A50A,2026-09-22T17:47:03.773Z
2026,3,17700,Michael Penix Jr.,ATL,QB,at GB,passYds,Hard Rock,276.5,under,199.74,-900,450,0.9000,0.8319,0.0818,0,0.8829,-0.0171,0.0510,ev,multiplicative,live,202609250580A50A,2026-09-22T17:47:03.773Z
2026,3,15907,Brian Robinson Jr.,ATL,RB,at GB,rushYds,BetMGM,21.5,over,22,-115,-115,0.5349,0.5000,0.0698,0,0.5177,-0.0172,0.0177,ev,multiplicative,live,202609250580A50A,2026-09-22T17:47:03.773Z
2026,3,14446,Justin Herbert,LAC,QB,at BUF,passYds,DraftKings,319.5,over,223.25,1020,,0.0893,0.0893,,1,0.0721,-0.0172,-0.0172,ev,none,live,2026092763BB8AC8,2026-09-22T17:47:03.773Z
2026,3,16649,Tucker Kraft,GB,TE,vs ATL,receptions,FanDuel,7.5,over,3.83,916,,0.0984,0.0984,,1,0.0810,-0.0174,-0.0174,ev,none,live,202609250580A50A,2026-09-22T17:47:03.773Z
2026,3,15876,James Cook,BUF,RB,vs LAC,rushYds,Caesars,49.5,over,76.14,-675,,0.8710,0.8710,,1,0.8536,-0.0174,-0.0174,ev,none,live,2026092763BB8AC8,2026-09-22T17:47:03.773Z
2026,3,11008,Dak Prescott,DAL,QB,vs BAL,passYds,DraftKings,429.5,over,260.17,3700,,0.0263,0.0263,,1,0.0088,-0.0175,-0.0175,ev,none,live,202609270726D5A2,2026-09-22T17:47:03.773Z
2026,3,12483,Josh Allen,BUF,QB,vs LAC,rushAtt,Hard Rock,5.5,over,7.02,-250,,0.7143,0.7143,,1,0.6968,-0.0175,-0.0175,ev,none,live,2026092763BB8AC8,2026-09-22T17:47:03.773Z
2026,3,14411,CeeDee Lamb,DAL,WR,vs BAL,recYds,Hard Rock,35.5,under,81.88,700,-2000,0.1250,0.1160,0.0774,0,0.1075,-0.0175,-0.0085,ev,multiplicative,live,202609270726D5A2,2026-09-22T17:47:03.773Z
2026,3,11008,Dak Prescott,DAL,QB,vs BAL,passYds,Hard Rock,415.5,over,260.17,3000,,0.0323,0.0323,,1,0.0147,-0.0175,-0.0175,ev,none,live,202609270726D5A2,2026-09-22T17:47:03.773Z
2026,3,16649,Tucker Kraft,GB,TE,vs ATL,receptions,DraftKings,3.5,under,3.83,129,-165,0.4367,0.4122,0.0593,0,0.4191,-0.0176,0.0069,ev,multiplicative,live,202609250580A50A,2026-09-22T17:47:03.773Z
2026,3,17795,MarShawn Lloyd,GB,RB,vs ATL,recYds,DraftKings,39.5,over,12.1,2200,,0.0435,0.0435,,1,0.0259,-0.0176,-0.0176,ev,none,live,202609250580A50A,2026-09-22T17:47:03.773Z
2026,3,17700,Michael Penix Jr.,ATL,QB,at GB,passYds,Hard Rock,299.5,under,199.74,-2200,700,0.9565,0.8844,0.0815,0,0.9390,-0.0176,0.0545,ev,multiplicative,live,202609250580A50A,2026-09-22T17:47:03.773Z
2026,3,15306,Javonte Williams,DAL,RB,vs BAL,rushYds,DraftKings,39.5,over,63.83,-385,,0.7938,0.7938,,1,0.7761,-0.0177,-0.0177,ev,none,live,202609270726D5A2,2026-09-22T17:47:03.773Z
2026,3,17700,Michael Penix Jr.,ATL,QB,at GB,passTD,Caesars,0.5,under,1.15,199,-250,0.3344,0.3189,0.0487,0,0.3166,-0.0178,-0.0023,ev,multiplicative,live,202609250580A50A,2026-09-22T17:47:03.773Z
2026,3,14371,Jordan Love,GB,QB,vs ATL,rushYds,FanDuel,19.5,over,14.63,317,,0.2398,0.2398,,1,0.2219,-0.0179,-0.0179,ev,none,live,202609250580A50A,2026-09-22T17:47:03.773Z
2026,3,11008,Dak Prescott,DAL,QB,vs BAL,passTD,DraftKings,4.5,over,1.57,2400,,0.0400,0.0400,,1,0.0221,-0.0179,-0.0179,ev,none,live,202609270726D5A2,2026-09-22T17:47:03.773Z
2026,3,17700,Michael Penix Jr.,ATL,QB,at GB,passYds,Hard Rock,286.5,under,199.74,-1300,550,0.9286,0.8579,0.0824,0,0.9106,-0.0179,0.0528,ev,multiplicative,live,202609250580A50A,2026-09-22T17:47:03.773Z
2026,3,15907,Brian Robinson Jr.,ATL,RB,at GB,rushYds,Hard Rock,22.5,under,22,-110,-120,0.5238,0.4899,0.0693,0,0.5059,-0.0179,0.0160,ev,multiplicative,live,202609250580A50A,2026-09-22T17:47:03.773Z
2026,3,18478,Tre Harris,LAC,WR,at BUF,recYds,Hard Rock,23.5,under,34.63,155,-220,0.3922,0.3632,0.0797,0,0.3742,-0.0179,0.0110,ev,multiplicative,live,2026092763BB8AC8,2026-09-22T17:47:03.773Z
2026,3,16649,Tucker Kraft,GB,TE,vs ATL,receptions,DraftKings,9.5,over,3.83,2900,,0.0333,0.0333,,1,0.0154,-0.0180,-0.0180,ev,none,live,202609250580A50A,2026-09-22T17:47:03.773Z
2026,3,16899,Quentin Johnston,LAC,WR,at BUF,recYds,Hard Rock,99.5,over,42.06,1200,-5000,0.0769,0.0728,0.0573,0,0.0589,-0.0180,-0.0139,ev,multiplicative,live,2026092763BB8AC8,2026-09-22T17:47:03.773Z
2026,3,14371,Jordan Love,GB,QB,vs ATL,passTD,DraftKings,4.5,over,1.48,2700,,0.0357,0.0357,,1,0.0177,-0.0181,-0.0181,ev,none,live,202609250580A50A,2026-09-22T17:47:03.773Z
2026,3,12561,Lamar Jackson,BAL,QB,at DAL,passAtt,Caesars,29.5,under,28.71,-136,103,0.5763,0.5391,0.0689,0,0.5582,-0.0181,0.0191,ev,multiplicative,live,202609270726D5A2,2026-09-22T17:47:03.773Z
2026,3,15868,Drake London,ATL,WR,at GB,recYds,DraftKings,39.5,over,61.67,-399,,0.7996,0.7996,,1,0.7814,-0.0182,-0.0182,ev,none,live,202609250580A50A,2026-09-22T17:47:03.773Z
2026,3,18445,Omarion Hampton,LAC,RB,at BUF,recYds,BetRivers,19.5,over,12.02,240,,0.2941,0.2941,,1,0.2759,-0.0182,-0.0182,ev,none,live,2026092763BB8AC8,2026-09-22T17:47:03.773Z
2026,3,15265,Kyle Pitts,ATL,TE,at GB,receptions,BetMGM,3.5,over,3.52,-110,-120,0.5238,0.4899,0.0693,0,0.5055,-0.0183,0.0156,ev,multiplicative,live,202609250580A50A,2026-09-22T17:47:03.773Z
2026,3,12477,DJ Moore,BUF,WR,vs LAC,receptions,FanDuel,4.5,over,3.37,154,,0.3937,0.3937,,1,0.3754,-0.0183,-0.0183,ev,none,live,2026092763BB8AC8,2026-09-22T17:47:03.773Z
2026,3,15868,Drake London,ATL,WR,at GB,receptions,Hard Rock,6.5,under,4.64,-300,200,0.7500,0.6923,0.0833,0,0.7317,-0.0183,0.0394,ev,multiplicative,live,202609250580A50A,2026-09-22T17:47:03.773Z
2026,3,18478,Tre Harris,LAC,WR,at BUF,receptions,Hard Rock,7.5,over,2.74,3000,,0.0323,0.0323,,1,0.0139,-0.0183,-0.0183,ev,none,live,2026092763BB8AC8,2026-09-22T17:47:03.773Z
2026,3,15876,James Cook,BUF,RB,vs LAC,rushAtt,Hard Rock,11.5,over,15.5,-1300,,0.9286,0.9286,,1,0.9102,-0.0183,-0.0183,ev,none,live,2026092763BB8AC8,2026-09-22T17:47:03.773Z
2026,3,17724,Ladd McConkey,LAC,WR,at BUF,receptions,Hard Rock,2.5,under,4.77,350,-600,0.2222,0.2059,0.0794,0,0.2039,-0.0183,-0.0019,ev,multiplicative,live,2026092763BB8AC8,2026-09-22T17:47:03.773Z
2026,3,12477,DJ Moore,BUF,WR,vs LAC,recYds,DraftKings,79.5,over,52.56,303,,0.2481,0.2481,,1,0.2297,-0.0184,-0.0184,ev,none,live,2026092763BB8AC8,2026-09-22T17:47:03.773Z
2026,3,12561,Lamar Jackson,BAL,QB,at DAL,passTD,FanDuel,1.5,under,1.77,104,-138,0.4902,0.4581,0.0700,0,0.4718,-0.0184,0.0137,ev,multiplicative,live,202609270726D5A2,2026-09-22T17:47:03.773Z
2026,3,15946,Christian Watson,GB,WR,vs ATL,recYds,theScore,59.5,over,69.75,-155,,0.6078,0.6078,,1,0.5895,-0.0184,-0.0184,ev,none,live,202609250580A50A,2026-09-22T17:47:03.773Z
2026,3,14371,Jordan Love,GB,QB,vs ATL,passYds,FanDuel,299.5,over,232.97,426,,0.1901,0.1901,,1,0.1715,-0.0186,-0.0186,ev,none,live,202609250580A50A,2026-09-22T17:47:03.773Z
2026,3,16899,Quentin Johnston,LAC,WR,at BUF,receptions,DraftKings,1.5,over,2.74,-581,,0.8532,0.8532,,1,0.8346,-0.0186,-0.0186,ev,none,live,2026092763BB8AC8,2026-09-22T17:47:03.773Z
2026,3,17724,Ladd McConkey,LAC,WR,at BUF,receptions,BetRivers,3.5,over,4.77,-230,,0.6970,0.6970,,1,0.6783,-0.0186,-0.0186,ev,none,live,2026092763BB8AC8,2026-09-22T17:47:03.773Z
2026,3,15868,Drake London,ATL,WR,at GB,recYds,theScore,39.5,over,61.67,-400,,0.8000,0.8000,,1,0.7814,-0.0186,-0.0186,ev,none,live,202609250580A50A,2026-09-22T17:47:03.773Z
2026,3,18500,Matthew Golden,GB,WR,vs ATL,recYds,BetRivers,79.5,over,52.68,275,,0.2667,0.2667,,1,0.2480,-0.0187,-0.0187,ev,none,live,202609250580A50A,2026-09-22T17:47:03.773Z
2026,3,15868,Drake London,ATL,WR,at GB,recYds,theScore,29.5,over,61.67,-800,,0.8889,0.8889,,1,0.8702,-0.0187,-0.0187,ev,none,live,202609250580A50A,2026-09-22T17:47:03.773Z
2026,3,12561,Lamar Jackson,BAL,QB,at DAL,passYds,DraftKings,209.5,over,259.92,-266,,0.7268,0.7268,,1,0.7080,-0.0188,-0.0188,ev,none,live,202609270726D5A2,2026-09-22T17:47:03.773Z
2026,3,14371,Jordan Love,GB,QB,vs ATL,passYds,Caesars,339.5,over,232.97,1100,,0.0833,0.0833,,1,0.0644,-0.0189,-0.0189,ev,none,live,202609250580A50A,2026-09-22T17:47:03.773Z
2026,3,14446,Justin Herbert,LAC,QB,at BUF,passTD,Caesars,1.5,over,1.37,140,-173,0.4167,0.3967,0.0504,0,0.3978,-0.0189,0.0011,ev,multiplicative,live,2026092763BB8AC8,2026-09-22T17:47:03.773Z
2026,3,14446,Justin Herbert,LAC,QB,at BUF,passTD,BetRivers,1.5,over,1.37,140,-186,0.4167,0.3905,0.0670,0,0.3978,-0.0189,0.0073,ev,multiplicative,live,2026092763BB8AC8,2026-09-22T17:47:03.773Z
2026,3,14446,Justin Herbert,LAC,QB,at BUF,passYds,Caesars,220.5,over,223.25,-114,-114,0.5327,0.5000,0.0654,0,0.5139,-0.0189,0.0139,ev,multiplicative,live,2026092763BB8AC8,2026-09-22T17:47:03.773Z
2026,3,15853,George Pickens,DAL,WR,vs BAL,receptions,Caesars,5.5,over,4.89,120,-157,0.4545,0.4266,0.0654,0,0.4357,-0.0189,0.0090,ev,multiplicative,live,202609270726D5A2,2026-09-22T17:47:03.773Z
2026,3,14371,Jordan Love,GB,QB,vs ATL,passYds,theScore,229.5,over,232.97,-115,-115,0.5349,0.5000,0.0698,0,0.5160,-0.0189,0.0160,ev,multiplicative,live,202609250580A50A,2026-09-22T17:47:03.773Z
2026,3,14371,Jordan Love,GB,QB,vs ATL,passAtt,DraftKings,29.5,over,32.45,-185,,0.6491,0.6491,,1,0.6301,-0.0190,-0.0190,ev,none,live,202609250580A50A,2026-09-22T17:47:03.773Z
2026,3,17700,Michael Penix Jr.,ATL,QB,at GB,passYds,DraftKings,359.5,over,199.74,3800,,0.0256,0.0256,,1,0.0066,-0.0190,-0.0190,ev,none,live,202609250580A50A,2026-09-22T17:47:03.773Z
2026,3,18500,Matthew Golden,GB,WR,vs ATL,receptions,FanDuel,4.5,over,4,112,-148,0.4717,0.4415,0.0685,0,0.4527,-0.0190,0.0113,ev,multiplicative,live,202609250580A50A,2026-09-22T17:47:03.773Z
2026,3,14371,Jordan Love,GB,QB,vs ATL,passAtt,theScore,29.5,over,32.45,-185,,0.6491,0.6491,,1,0.6301,-0.0190,-0.0190,ev,none,live,202609250580A50A,2026-09-22T17:47:03.773Z
2026,3,16649,Tucker Kraft,GB,TE,vs ATL,receptions,Hard Rock,7.5,over,3.83,900,-3000,0.1000,0.0937,0.0677,0,0.0810,-0.0190,-0.0127,ev,multiplicative,live,202609250580A50A,2026-09-22T17:47:03.773Z
2026,3,15876,James Cook,BUF,RB,vs LAC,rushYds,Hard Rock,56.5,over,76.14,-400,260,0.8000,0.7423,0.0778,0,0.7810,-0.0190,0.0387,ev,multiplicative,live,2026092763BB8AC8,2026-09-22T17:47:03.773Z
2026,3,15876,James Cook,BUF,RB,vs LAC,rushYds,Hard Rock,41.5,over,76.14,-1400,550,0.9333,0.8585,0.0872,0,0.9143,-0.0190,0.0558,ev,multiplicative,live,2026092763BB8AC8,2026-09-22T17:47:03.773Z
2026,3,16741,Chris Brooks,GB,RB,vs ATL,recYds,FanDuel,14.5,over,9.58,203,,0.3300,0.3300,,1,0.3110,-0.0191,-0.0191,ev,none,live,202609250580A50A,2026-09-22T17:47:03.773Z
2026,3,15868,Drake London,ATL,WR,at GB,recYds,Hard Rock,23.5,over,61.67,-1300,575,0.9286,0.8624,0.0767,0,0.9095,-0.0191,0.0470,ev,multiplicative,live,202609250580A50A,2026-09-22T17:47:03.773Z
2026,3,16649,Tucker Kraft,GB,TE,vs ATL,recYds,Hard Rock,6.5,over,49.04,-6000,1300,0.9836,0.9323,0.0550,0,0.9645,-0.0191,0.0322,ev,multiplicative,live,202609250580A50A,2026-09-22T17:47:03.773Z
2026,3,10819,Derrick Henry,BAL,RB,at DAL,rushYds,Hard Rock,123.5,over,97.69,275,-450,0.2667,0.2458,0.0848,0,0.2476,-0.0191,0.0018,ev,multiplicative,live,202609270726D5A2,2026-09-22T17:47:03.773Z
2026,3,15868,Drake London,ATL,WR,at GB,recYds,FanDuel,62.5,under,61.67,-114,-114,0.5327,0.5000,0.0654,0,0.5135,-0.0192,0.0135,ev,multiplicative,live,202609250580A50A,2026-09-22T17:47:03.773Z
2026,3,17700,Michael Penix Jr.,ATL,QB,at GB,passYds,Hard Rock,296.5,under,199.74,-2000,650,0.9524,0.8772,0.0857,0,0.9331,-0.0192,0.0560,ev,multiplicative,live,202609250580A50A,2026-09-22T17:47:03.773Z
2026,3,14371,Jordan Love,GB,QB,vs ATL,passYds,Hard Rock,317.5,over,232.97,650,-1800,0.1333,0.1234,0.0807,0,0.1141,-0.0192,-0.0093,ev,multiplicative,live,202609250580A50A,2026-09-22T17:47:03.773Z
2026,3,12561,Lamar Jackson,BAL,QB,at DAL,rushAtt,Hard Rock,0.5,over,8.65,-9000,,0.9890,0.9890,,1,0.9697,-0.0193,-0.0193,ev,none,live,202609270726D5A2,2026-09-22T17:47:03.773Z
2026,3,15868,Drake London,ATL,WR,at GB,recYds,FanDuel,49.5,over,61.67,-217,,0.6845,0.6845,,1,0.6651,-0.0194,-0.0194,ev,none,live,202609250580A50A,2026-09-22T17:47:03.773Z
2026,3,11008,Dak Prescott,DAL,QB,vs BAL,passYds,DraftKings,419.5,over,260.17,3000,,0.0323,0.0323,,1,0.0128,-0.0195,-0.0195,ev,none,live,202609270726D5A2,2026-09-22T17:47:03.773Z
2026,3,15868,Drake London,ATL,WR,at GB,recYds,Hard Rock,24.5,over,61.67,-1200,525,0.9231,0.8523,0.0831,0,0.9036,-0.0195,0.0513,ev,multiplicative,live,202609250580A50A,2026-09-22T17:47:03.773Z
2026,3,15306,Javonte Williams,DAL,RB,vs BAL,rushAtt,Hard Rock,8.5,over,17.31,-2000,,0.9524,0.9524,,1,0.9328,-0.0196,-0.0196,ev,none,live,202609270726D5A2,2026-09-22T17:47:03.773Z
2026,3,18478,Tre Harris,LAC,WR,at BUF,recYds,FanDuel,33.5,over,34.63,-114,-114,0.5327,0.5000,0.0654,0,0.5130,-0.0197,0.0130,ev,multiplicative,live,2026092763BB8AC8,2026-09-22T17:47:03.773Z
2026,3,18478,Tre Harris,LAC,WR,at BUF,recYds,Caesars,33.5,over,34.63,-114,-115,0.5327,0.4990,0.0676,0,0.5130,-0.0197,0.0140,ev,multiplicative,live,2026092763BB8AC8,2026-09-22T17:47:03.773Z
2026,3,18478,Tre Harris,LAC,WR,at BUF,recYds,BetRivers,33.5,over,34.63,-114,-117,0.5327,0.4970,0.0719,0,0.5130,-0.0197,0.0160,ev,multiplicative,live,2026092763BB8AC8,2026-09-22T17:47:03.773Z
2026,3,17700,Michael Penix Jr.,ATL,QB,at GB,passTD,BetMGM,1.5,over,1.15,195,-275,0.3390,0.3161,0.0723,0,0.3192,-0.0198,0.0031,ev,multiplicative,live,202609250580A50A,2026-09-22T17:47:03.773Z
2026,3,16649,Tucker Kraft,GB,TE,vs ATL,recYds,theScore,49.5,over,49.04,-105,-125,0.5122,0.4797,0.0678,0,0.4924,-0.0198,0.0127,ev,multiplicative,live,202609250580A50A,2026-09-22T17:47:03.773Z
2026,3,17700,Michael Penix Jr.,ATL,QB,at GB,passTD,Hard Rock,1.5,over,1.15,195,,0.3390,0.3390,,1,0.3192,-0.0198,-0.0198,ev,none,live,202609250580A50A,2026-09-22T17:47:03.773Z
2026,3,15265,Kyle Pitts,ATL,TE,at GB,receptions,Hard Rock,7.5,over,3.52,1500,-7000,0.0625,0.0596,0.0484,0,0.0426,-0.0199,-0.0170,ev,multiplicative,live,202609250580A50A,2026-09-22T17:47:03.773Z
2026,3,17724,Ladd McConkey,LAC,WR,at BUF,recYds,Hard Rock,103.5,under,64.26,-1400,575,0.9333,0.8630,0.0815,0,0.9134,-0.0199,0.0504,ev,multiplicative,live,2026092763BB8AC8,2026-09-22T17:47:03.773Z
2026,3,11008,Dak Prescott,DAL,QB,vs BAL,passYds,Hard Rock,385.5,under,260.17,-5000,1200,0.9804,0.9272,0.0573,0,0.9605,-0.0199,0.0332,ev,multiplicative,live,202609270726D5A2,2026-09-22T17:47:03.773Z
2026,3,14446,Justin Herbert,LAC,QB,at BUF,passYds,Hard Rock,341.5,under,223.25,-6000,1300,0.9836,0.9323,0.0550,0,0.9636,-0.0200,0.0313,ev,multiplicative,live,2026092763BB8AC8,2026-09-22T17:47:03.773Z
2026,3,14446,Justin Herbert,LAC,QB,at BUF,passYds,Hard Rock,371.5,over,223.25,3000,,0.0323,0.0323,,1,0.0123,-0.0200,-0.0200,ev,none,live,2026092763BB8AC8,2026-09-22T17:47:03.773Z
2026,3,17724,Ladd McConkey,LAC,WR,at BUF,recYds,BetRivers,89.5,over,64.26,375,,0.2105,0.2105,,1,0.1905,-0.0201,-0.0201,ev,none,live,2026092763BB8AC8,2026-09-22T17:47:03.773Z
2026,3,14371,Jordan Love,GB,QB,vs ATL,passYds,Caesars,239.5,over,232.97,107,,0.4831,0.4831,,1,0.4629,-0.0202,-0.0202,ev,none,live,202609250580A50A,2026-09-22T17:47:03.773Z
2026,3,14371,Jordan Love,GB,QB,vs ATL,passTD,BetRivers,3.5,over,1.48,1100,,0.0833,0.0833,,1,0.0632,-0.0202,-0.0202,ev,none,live,202609250580A50A,2026-09-22T17:47:03.773Z
2026,3,12477,DJ Moore,BUF,WR,vs LAC,recYds,BetRivers,79.5,over,52.56,300,,0.2500,0.2500,,1,0.2297,-0.0203,-0.0203,ev,none,live,2026092763BB8AC8,2026-09-22T17:47:03.773Z
2026,3,12477,DJ Moore,BUF,WR,vs LAC,recYds,Hard Rock,79.5,over,52.56,300,-525,0.2500,0.2294,0.0900,0,0.2297,-0.0203,0.0003,ev,multiplicative,live,2026092763BB8AC8,2026-09-22T17:47:03.773Z
2026,3,15876,James Cook,BUF,RB,vs LAC,rushYds,Hard Rock,36.5,over,76.14,-2500,750,0.9615,0.8910,0.0792,0,0.9413,-0.0203,0.0503,ev,multiplicative,live,2026092763BB8AC8,2026-09-22T17:47:03.773Z
2026,3,15947,Jake Ferguson,DAL,TE,vs BAL,receptions,Hard Rock,7.5,under,3.73,-6000,1300,0.9836,0.9323,0.0550,0,0.9633,-0.0203,0.0310,ev,multiplicative,live,202609270726D5A2,2026-09-22T17:47:03.773Z
2026,3,14371,Jordan Love,GB,QB,vs ATL,passYds,BetRivers,224.5,over,232.97,-127,,0.5595,0.5595,,1,0.5391,-0.0204,-0.0204,ev,none,live,202609250580A50A,2026-09-22T17:47:03.773Z
2026,3,18478,Tre Harris,LAC,WR,at BUF,receptions,DraftKings,6.5,over,2.74,1520,,0.0617,0.0617,,1,0.0412,-0.0205,-0.0205,ev,none,live,2026092763BB8AC8,2026-09-22T17:47:03.773Z
2026,3,11008,Dak Prescott,DAL,QB,vs BAL,passTD,BetRivers,3.5,over,1.57,950,,0.0952,0.0952,,1,0.0747,-0.0205,-0.0205,ev,none,live,202609270726D5A2,2026-09-22T17:47:03.773Z
2026,3,12483,Josh Allen,BUF,QB,vs LAC,rushYds,Hard Rock,13.5,under,32.45,475,-950,0.1739,0.1612,0.0787,0,0.1535,-0.0205,-0.0078,ev,multiplicative,live,2026092763BB8AC8,2026-09-22T17:47:03.773Z
2026,3,15947,Jake Ferguson,DAL,TE,vs BAL,receptions,Hard Rock,8.5,over,3.73,3000,,0.0323,0.0323,,1,0.0117,-0.0205,-0.0205,ev,none,live,202609270726D5A2,2026-09-22T17:47:03.773Z
2026,3,12561,Lamar Jackson,BAL,QB,at DAL,passYds,Hard Rock,199.5,over,259.92,-325,220,0.7647,0.7099,0.0772,0,0.7441,-0.0206,0.0342,ev,multiplicative,live,202609270726D5A2,2026-09-22T17:47:03.773Z
2026,3,12477,DJ Moore,BUF,WR,vs LAC,receptions,DraftKings,1.5,over,3.37,-1400,,0.9333,0.9333,,1,0.9125,-0.0208,-0.0208,ev,none,live,2026092763BB8AC8,2026-09-22T17:47:03.773Z
2026,3,15265,Kyle Pitts,ATL,TE,at GB,receptions,DraftKings,5.5,over,3.52,361,,0.2169,0.2169,,1,0.1960,-0.0209,-0.0209,ev,none,live,202609250580A50A,2026-09-22T17:47:03.773Z
2026,3,16649,Tucker Kraft,GB,TE,vs ATL,receptions,Caesars,4.5,over,3.83,138,-182,0.4202,0.3943,0.0656,0,0.3992,-0.0209,0.0049,ev,multiplicative,live,202609250580A50A,2026-09-22T17:47:03.773Z
2026,3,14446,Justin Herbert,LAC,QB,at BUF,passYds,BetRivers,220.5,over,223.25,-115,-115,0.5349,0.5000,0.0698,0,0.5139,-0.0210,0.0139,ev,multiplicative,live,2026092763BB8AC8,2026-09-22T17:47:03.773Z
2026,3,16739,Bijan Robinson,ATL,RB,at GB,rushYds,theScore,124.5,over,87.97,500,,0.1667,0.1667,,1,0.1457,-0.0210,-0.0210,ev,none,live,202609250580A50A,2026-09-22T17:47:03.773Z
2026,3,18500,Matthew Golden,GB,WR,vs ATL,recYds,BetRivers,89.5,over,52.68,410,,0.1961,0.1961,,1,0.1750,-0.0211,-0.0211,ev,none,live,202609250580A50A,2026-09-22T17:47:03.773Z
2026,3,17700,Michael Penix Jr.,ATL,QB,at GB,passYds,DraftKings,349.5,over,199.74,3100,,0.0313,0.0313,,1,0.0101,-0.0211,-0.0211,ev,none,live,202609250580A50A,2026-09-22T17:47:03.773Z
2026,3,12561,Lamar Jackson,BAL,QB,at DAL,passTD,DraftKings,2.5,over,1.77,254,,0.2825,0.2825,,1,0.2614,-0.0211,-0.0211,ev,none,live,202609270726D5A2,2026-09-22T17:47:03.773Z
2026,3,12561,Lamar Jackson,BAL,QB,at DAL,rushYds,Hard Rock,99.5,over,52.86,2500,,0.0385,0.0385,,1,0.0173,-0.0211,-0.0211,ev,none,live,202609270726D5A2,2026-09-22T17:47:03.773Z
2026,3,14446,Justin Herbert,LAC,QB,at BUF,passYds,DraftKings,209.5,over,223.25,-144,,0.5902,0.5902,,1,0.5690,-0.0212,-0.0212,ev,none,live,2026092763BB8AC8,2026-09-22T17:47:03.773Z
2026,3,14371,Jordan Love,GB,QB,vs ATL,passYds,Hard Rock,199.5,under,232.97,170,-250,0.3704,0.3415,0.0847,0,0.3492,-0.0212,0.0077,ev,multiplicative,live,202609250580A50A,2026-09-22T17:47:03.773Z
2026,3,15868,Drake London,ATL,WR,at GB,recYds,BetMGM,62.5,under,61.67,-115,-115,0.5349,0.5000,0.0698,0,0.5135,-0.0213,0.0135,ev,multiplicative,live,202609250580A50A,2026-09-22T17:47:03.773Z
2026,3,15265,Kyle Pitts,ATL,TE,at GB,receptions,BetRivers,4.5,over,3.52,180,,0.3571,0.3571,,1,0.3359,-0.0213,-0.0213,ev,none,live,202609250580A50A,2026-09-22T17:47:03.773Z
2026,3,15853,George Pickens,DAL,WR,vs BAL,recYds,DraftKings,179.5,over,75.47,4000,,0.0244,0.0244,,1,0.0031,-0.0213,-0.0213,ev,none,live,202609270726D5A2,2026-09-22T17:47:03.773Z
2026,3,15876,James Cook,BUF,RB,vs LAC,rushYds,theScore,39.5,over,76.14,-1800,,0.9474,0.9474,,1,0.9260,-0.0213,-0.0213,ev,none,live,2026092763BB8AC8,2026-09-22T17:47:03.773Z
2026,3,15265,Kyle Pitts,ATL,TE,at GB,receptions,Caesars,5.5,over,3.52,360,,0.2174,0.2174,,1,0.1960,-0.0214,-0.0214,ev,none,live,202609250580A50A,2026-09-22T17:47:03.773Z
2026,3,12477,DJ Moore,BUF,WR,vs LAC,receptions,Caesars,4.5,over,3.37,152,,0.3968,0.3968,,1,0.3754,-0.0214,-0.0214,ev,none,live,2026092763BB8AC8,2026-09-22T17:47:03.773Z
2026,3,14411,CeeDee Lamb,DAL,WR,vs BAL,recYds,Hard Rock,50.5,under,81.88,350,-550,0.2222,0.2080,0.0684,0,0.2008,-0.0215,-0.0072,ev,multiplicative,live,202609270726D5A2,2026-09-22T17:47:03.773Z
2026,3,15265,Kyle Pitts,ATL,TE,at GB,recYds,Hard Rock,45.5,over,40.08,145,-210,0.4082,0.3760,0.0856,0,0.3866,-0.0216,0.0106,ev,multiplicative,live,202609250580A50A,2026-09-22T17:47:03.773Z
2026,3,14371,Jordan Love,GB,QB,vs ATL,passYds,Hard Rock,324.5,over,232.97,750,-2500,0.1176,0.1090,0.0792,0,0.0960,-0.0216,-0.0130,ev,multiplicative,live,202609250580A50A,2026-09-22T17:47:03.773Z
2026,3,18478,Tre Harris,LAC,WR,at BUF,receptions,Hard Rock,6.5,under,2.74,-5000,1200,0.9804,0.9272,0.0573,0,0.9588,-0.0216,0.0316,ev,multiplicative,live,2026092763BB8AC8,2026-09-22T17:47:03.773Z
2026,3,15265,Kyle Pitts,ATL,TE,at GB,receptions,DraftKings,6.5,over,3.52,730,,0.1205,0.1205,,1,0.0988,-0.0217,-0.0217,ev,none,live,202609250580A50A,2026-09-22T17:47:03.773Z
2026,3,15853,George Pickens,DAL,WR,vs BAL,recYds,DraftKings,139.5,over,75.47,1380,,0.0676,0.0676,,1,0.0459,-0.0217,-0.0217,ev,none,live,202609270726D5A2,2026-09-22T17:47:03.773Z
2026,3,14411,CeeDee Lamb,DAL,WR,vs BAL,recYds,Caesars,59.5,over,81.88,-295,,0.7468,0.7468,,1,0.7252,-0.0217,-0.0217,ev,none,live,202609270726D5A2,2026-09-22T17:47:03.773Z
2026,3,15853,George Pickens,DAL,WR,vs BAL,receptions,Hard Rock,2.5,under,4.89,575,-1300,0.1481,0.1376,0.0767,0,0.1265,-0.0217,-0.0111,ev,multiplicative,live,202609270726D5A2,2026-09-22T17:47:03.773Z
2026,3,15868,Drake London,ATL,WR,at GB,recYds,DraftKings,24.5,over,61.67,-1240,,0.9254,0.9254,,1,0.9036,-0.0218,-0.0218,ev,none,live,202609250580A50A,2026-09-22T17:47:03.773Z
2026,3,18478,Tre Harris,LAC,WR,at BUF,receptions,DraftKings,7.5,over,2.74,2700,,0.0357,0.0357,,1,0.0139,-0.0218,-0.0218,ev,none,live,2026092763BB8AC8,2026-09-22T17:47:03.773Z
2026,3,11008,Dak Prescott,DAL,QB,vs BAL,passYds,DraftKings,409.5,over,260.17,2400,,0.0400,0.0400,,1,0.0182,-0.0218,-0.0218,ev,none,live,202609270726D5A2,2026-09-22T17:47:03.773Z
2026,3,18478,Tre Harris,LAC,WR,at BUF,recYds,Hard Rock,33.5,over,34.63,-115,-115,0.5349,0.5000,0.0698,0,0.5130,-0.0219,0.0130,ev,multiplicative,live,2026092763BB8AC8,2026-09-22T17:47:03.773Z
2026,3,16649,Tucker Kraft,GB,TE,vs ATL,receptions,Hard Rock,1.5,over,3.83,-1800,650,0.9474,0.8766,0.0807,0,0.9253,-0.0220,0.0487,ev,multiplicative,live,202609250580A50A,2026-09-22T17:47:03.773Z
2026,3,15907,Brian Robinson Jr.,ATL,RB,at GB,rushYds,Hard Rock,2.5,over,22,-5000,1100,0.9804,0.9217,0.0637,0,0.9584,-0.0220,0.0368,ev,multiplicative,live,202609250580A50A,2026-09-22T17:47:03.773Z
2026,3,15947,Jake Ferguson,DAL,TE,vs BAL,receptions,Hard Rock,5.5,over,3.73,350,-575,0.2222,0.2069,0.0741,0,0.2002,-0.0220,-0.0066,ev,multiplicative,live,202609270726D5A2,2026-09-22T17:47:03.773Z
2026,3,14371,Jordan Love,GB,QB,vs ATL,passYds,FanDuel,324.5,over,232.97,746,,0.1182,0.1182,,1,0.0960,-0.0222,-0.0222,ev,none,live,202609250580A50A,2026-09-22T17:47:03.773Z
2026,3,12477,DJ Moore,BUF,WR,vs LAC,receptions,BetRivers,1.5,over,3.37,-1430,,0.9346,0.9346,,1,0.9125,-0.0222,-0.0222,ev,none,live,2026092763BB8AC8,2026-09-22T17:47:03.773Z
2026,3,14371,Jordan Love,GB,QB,vs ATL,passYds,Hard Rock,327.5,over,232.97,800,-3000,0.1111,0.1030,0.0789,0,0.0889,-0.0222,-0.0141,ev,multiplicative,live,202609250580A50A,2026-09-22T17:47:03.773Z
2026,3,17724,Ladd McConkey,LAC,WR,at BUF,recYds,Hard Rock,88.5,over,64.26,350,-575,0.2222,0.2069,0.0741,0,0.2000,-0.0222,-0.0069,ev,multiplicative,live,2026092763BB8AC8,2026-09-22T17:47:03.773Z
2026,3,12561,Lamar Jackson,BAL,QB,at DAL,passYds,Hard Rock,178.5,under,259.92,375,-700,0.2105,0.1939,0.0855,0,0.1883,-0.0222,-0.0056,ev,multiplicative,live,202609270726D5A2,2026-09-22T17:47:03.773Z
2026,3,18500,Matthew Golden,GB,WR,vs ATL,recYds,DraftKings,159.5,over,52.68,3800,,0.0256,0.0256,,1,0.0033,-0.0223,-0.0223,ev,none,live,202609250580A50A,2026-09-22T17:47:03.773Z
2026,3,14411,CeeDee Lamb,DAL,WR,vs BAL,recYds,Hard Rock,75.5,under,81.88,120,-170,0.4545,0.4193,0.0842,0,0.4323,-0.0223,0.0130,ev,multiplicative,live,202609270726D5A2,2026-09-22T17:47:03.773Z
2026,3,18500,Matthew Golden,GB,WR,vs ATL,recYds,BetRivers,69.5,over,52.68,180,,0.3571,0.3571,,1,0.3347,-0.0224,-0.0224,ev,none,live,202609250580A50A,2026-09-22T17:47:03.773Z
2026,3,18500,Matthew Golden,GB,WR,vs ATL,recYds,DraftKings,69.5,over,52.68,180,,0.3571,0.3571,,1,0.3347,-0.0224,-0.0224,ev,none,live,202609250580A50A,2026-09-22T17:47:03.773Z
2026,3,15868,Drake London,ATL,WR,at GB,recYds,Hard Rock,49.5,over,61.67,-220,150,0.6875,0.6322,0.0875,0,0.6651,-0.0224,0.0329,ev,multiplicative,live,202609250580A50A,2026-09-22T17:47:03.773Z
2026,3,15876,James Cook,BUF,RB,vs LAC,rushYds,theScore,44.5,over,76.14,-1100,,0.9167,0.9167,,1,0.8943,-0.0224,-0.0224,ev,none,live,2026092763BB8AC8,2026-09-22T17:47:03.773Z
2026,3,14446,Justin Herbert,LAC,QB,at BUF,passTD,Caesars,2.5,over,1.37,450,,0.1818,0.1818,,1,0.1593,-0.0225,-0.0225,ev,none,live,2026092763BB8AC8,2026-09-22T17:47:03.773Z
2026,3,15947,Jake Ferguson,DAL,TE,vs BAL,receptions,FanDuel,5.5,over,3.73,349,,0.2227,0.2227,,1,0.2002,-0.0225,-0.0225,ev,none,live,202609270726D5A2,2026-09-22T17:47:03.773Z
2026,3,16899,Quentin Johnston,LAC,WR,at BUF,receptions,Hard Rock,1.5,over,2.74,-600,350,0.8571,0.7941,0.0794,0,0.8346,-0.0225,0.0405,ev,multiplicative,live,2026092763BB8AC8,2026-09-22T17:47:03.773Z
2026,3,16739,Bijan Robinson,ATL,RB,at GB,rushYds,Caesars,139.5,over,87.97,1000,,0.0909,0.0909,,1,0.0683,-0.0226,-0.0226,ev,none,live,202609250580A50A,2026-09-22T17:47:03.773Z
2026,3,15306,Javonte Williams,DAL,RB,vs BAL,recYds,Hard Rock,6.5,over,15.36,-325,220,0.7647,0.7099,0.0772,0,0.7420,-0.0227,0.0321,ev,multiplicative,live,202609270726D5A2,2026-09-22T17:47:03.773Z
2026,3,10819,Derrick Henry,BAL,RB,at DAL,rushYds,Hard Rock,138.5,under,97.69,-750,425,0.8824,0.8225,0.0728,0,0.8596,-0.0227,0.0372,ev,multiplicative,live,202609270726D5A2,2026-09-22T17:47:03.773Z
2026,3,14371,Jordan Love,GB,QB,vs ATL,passYds,Hard Rock,337.5,over,232.97,1000,-4000,0.0909,0.0852,0.0665,0,0.0681,-0.0228,-0.0171,ev,multiplicative,live,202609250580A50A,2026-09-22T17:47:03.773Z
2026,3,12483,Josh Allen,BUF,QB,vs LAC,passYds,FanDuel,199.5,over,256.07,-313,,0.7579,0.7579,,1,0.7350,-0.0229,-0.0229,ev,none,live,2026092763BB8AC8,2026-09-22T17:47:03.773Z
2026,3,12561,Lamar Jackson,BAL,QB,at DAL,rushYds,DraftKings,89.5,over,52.86,1300,,0.0714,0.0714,,1,0.0485,-0.0229,-0.0229,ev,none,live,202609270726D5A2,2026-09-22T17:47:03.773Z
2026,3,15946,Christian Watson,GB,WR,vs ATL,recYds,Hard Rock,73.5,over,69.75,105,-145,0.4878,0.4518,0.0796,0,0.4649,-0.0229,0.0131,ev,multiplicative,live,202609250580A50A,2026-09-22T17:47:03.773Z
2026,3,15907,Brian Robinson Jr.,ATL,RB,at GB,rushYds,Caesars,19.5,over,22,-157,,0.6109,0.6109,,1,0.5879,-0.0230,-0.0230,ev,none,live,202609250580A50A,2026-09-22T17:47:03.773Z
2026,3,14371,Jordan Love,GB,QB,vs ATL,passTD,DraftKings,3.5,over,1.48,1060,,0.0862,0.0862,,1,0.0632,-0.0230,-0.0230,ev,none,live,202609250580A50A,2026-09-22T17:47:03.773Z
2026,3,17724,Ladd McConkey,LAC,WR,at BUF,recYds,FanDuel,24.5,over,64.26,-653,,0.8672,0.8672,,1,0.8442,-0.0230,-0.0230,ev,none,live,2026092763BB8AC8,2026-09-22T17:47:03.773Z
2026,3,15265,Kyle Pitts,ATL,TE,at GB,recYds,Hard Rock,50.5,under,40.08,-275,185,0.7333,0.6764,0.0842,0,0.7103,-0.0230,0.0339,ev,multiplicative,live,202609250580A50A,2026-09-22T17:47:03.773Z
2026,3,18478,Tre Harris,LAC,WR,at BUF,recYds,Hard Rock,24.5,under,34.63,145,-200,0.4082,0.3797,0.0748,0,0.3852,-0.0230,0.0054,ev,multiplicative,live,2026092763BB8AC8,2026-09-22T17:47:03.773Z
2026,3,15853,George Pickens,DAL,WR,vs BAL,receptions,BetRivers,5.5,over,4.89,118,,0.4587,0.4587,,1,0.4357,-0.0231,-0.0231,ev,none,live,202609270726D5A2,2026-09-22T17:47:03.773Z
2026,3,12561,Lamar Jackson,BAL,QB,at DAL,rushYds,DraftKings,119.5,over,52.86,4000,,0.0244,0.0244,,1,0.0013,-0.0231,-0.0231,ev,none,live,202609270726D5A2,2026-09-22T17:47:03.773Z
2026,3,17795,MarShawn Lloyd,GB,RB,vs ATL,rushYds,theScore,89.5,over,45.05,900,,0.1000,0.1000,,1,0.0769,-0.0231,-0.0231,ev,none,live,202609250580A50A,2026-09-22T17:47:03.773Z
2026,3,16899,Quentin Johnston,LAC,WR,at BUF,receptions,Hard Rock,0.5,over,2.74,-6000,1300,0.9836,0.9323,0.0550,0,0.9605,-0.0231,0.0282,ev,multiplicative,live,2026092763BB8AC8,2026-09-22T17:47:03.773Z
2026,3,12477,DJ Moore,BUF,WR,vs LAC,receptions,FanDuel,1.5,over,3.37,-1454,,0.9356,0.9356,,1,0.9125,-0.0232,-0.0232,ev,none,live,2026092763BB8AC8,2026-09-22T17:47:03.773Z
2026,3,18500,Matthew Golden,GB,WR,vs ATL,recYds,BetRivers,59.5,over,52.68,120,,0.4545,0.4545,,1,0.4313,-0.0233,-0.0233,ev,none,live,202609250580A50A,2026-09-22T17:47:03.773Z
2026,3,18500,Matthew Golden,GB,WR,vs ATL,recYds,DraftKings,59.5,over,52.68,120,,0.4545,0.4545,,1,0.4313,-0.0233,-0.0233,ev,none,live,202609250580A50A,2026-09-22T17:47:03.773Z
2026,3,17700,Michael Penix Jr.,ATL,QB,at GB,passYds,DraftKings,339.5,over,199.74,2500,,0.0385,0.0385,,1,0.0152,-0.0233,-0.0233,ev,none,live,202609250580A50A,2026-09-22T17:47:03.773Z
2026,3,18445,Omarion Hampton,LAC,RB,at BUF,rushYds,FanDuel,24.5,over,69.88,-1453,,0.9356,0.9356,,1,0.9122,-0.0234,-0.0234,ev,none,live,2026092763BB8AC8,2026-09-22T17:47:03.773Z
2026,3,16899,Quentin Johnston,LAC,WR,at BUF,receptions,FanDuel,1.5,over,2.74,-604,,0.8580,0.8580,,1,0.8346,-0.0234,-0.0234,ev,none,live,2026092763BB8AC8,2026-09-22T17:47:03.773Z
2026,3,14446,Justin Herbert,LAC,QB,at BUF,passYds,Caesars,329.5,over,223.25,1200,,0.0769,0.0769,,1,0.0535,-0.0234,-0.0234,ev,none,live,2026092763BB8AC8,2026-09-22T17:47:03.773Z
2026,3,18500,Matthew Golden,GB,WR,vs ATL,receptions,BetMGM,4.5,over,4,110,-150,0.4762,0.4425,0.0762,0,0.4527,-0.0235,0.0103,ev,multiplicative,live,202609250580A50A,2026-09-22T17:47:03.773Z
2026,3,17700,Michael Penix Jr.,ATL,QB,at GB,passTD,Caesars,2.5,over,1.15,650,,0.1333,0.1333,,1,0.1099,-0.0235,-0.0235,ev,none,live,202609250580A50A,2026-09-22T17:47:03.773Z
2026,3,15947,Jake Ferguson,DAL,TE,vs BAL,receptions,Caesars,6.5,over,3.73,750,,0.1176,0.1176,,1,0.0941,-0.0235,-0.0235,ev,none,live,202609270726D5A2,2026-09-22T17:47:03.773Z
2026,3,18500,Matthew Golden,GB,WR,vs ATL,receptions,Hard Rock,4.5,over,4,110,-145,0.4762,0.4459,0.0680,0,0.4527,-0.0235,0.0069,ev,multiplicative,live,202609250580A50A,2026-09-22T17:47:03.773Z
2026,3,18478,Tre Harris,LAC,WR,at BUF,recYds,Hard Rock,38.5,under,34.63,-155,115,0.6078,0.5665,0.0730,0,0.5844,-0.0235,0.0179,ev,multiplicative,live,2026092763BB8AC8,2026-09-22T17:47:03.773Z
2026,3,15946,Christian Watson,GB,WR,vs ATL,recYds,DraftKings,179.5,over,69.75,3400,,0.0286,0.0286,,1,0.0050,-0.0236,-0.0236,ev,none,live,202609250580A50A,2026-09-22T17:47:03.773Z
2026,3,15946,Christian Watson,GB,WR,vs ATL,recYds,DraftKings,49.5,over,69.75,-229,,0.6960,0.6960,,1,0.6725,-0.0236,-0.0236,ev,none,live,202609250580A50A,2026-09-22T17:47:03.773Z
2026,3,11008,Dak Prescott,DAL,QB,vs BAL,passYds,DraftKings,399.5,over,260.17,1940,,0.0490,0.0490,,1,0.0254,-0.0236,-0.0236,ev,none,live,202609270726D5A2,2026-09-22T17:47:03.773Z
2026,3,15853,George Pickens,DAL,WR,vs BAL,recYds,DraftKings,169.5,over,75.47,3200,,0.0303,0.0303,,1,0.0066,-0.0237,-0.0237,ev,none,live,202609270726D5A2,2026-09-22T17:47:03.773Z
2026,3,15868,Drake London,ATL,WR,at GB,receptions,Hard Rock,9.5,over,4.64,1200,-5000,0.0769,0.0728,0.0573,0,0.0532,-0.0237,-0.0196,ev,multiplicative,live,202609250580A50A,2026-09-22T17:47:03.773Z
2026,3,11008,Dak Prescott,DAL,QB,vs BAL,passYds,Hard Rock,324.5,under,260.17,-525,325,0.8400,0.7812,0.0753,0,0.8163,-0.0237,0.0352,ev,multiplicative,live,202609270726D5A2,2026-09-22T17:47:03.773Z
2026,3,15946,Christian Watson,GB,WR,vs ATL,recYds,DraftKings,109.5,over,69.75,402,,0.1992,0.1992,,1,0.1754,-0.0238,-0.0238,ev,none,live,202609250580A50A,2026-09-22T17:47:03.773Z
2026,3,12483,Josh Allen,BUF,QB,vs LAC,passTD,theScore,4.5,over,1.41,2500,,0.0385,0.0385,,1,0.0147,-0.0238,-0.0238,ev,none,live,2026092763BB8AC8,2026-09-22T17:47:03.773Z
2026,3,18478,Tre Harris,LAC,WR,at BUF,receptions,Caesars,5.5,over,2.74,700,,0.1250,0.1250,,1,0.1011,-0.0239,-0.0239,ev,none,live,2026092763BB8AC8,2026-09-22T17:47:03.773Z
2026,3,15946,Christian Watson,GB,WR,vs ATL,recYds,Hard Rock,68.5,over,69.75,-115,-115,0.5349,0.5000,0.0698,0,0.5110,-0.0239,0.0110,ev,multiplicative,live,202609250580A50A,2026-09-22T17:47:03.773Z
2026,3,15306,Javonte Williams,DAL,RB,vs BAL,rushYds,theScore,39.5,over,63.83,-400,,0.8000,0.8000,,1,0.7761,-0.0239,-0.0239,ev,none,live,202609270726D5A2,2026-09-22T17:47:03.773Z
2026,3,15306,Javonte Williams,DAL,RB,vs BAL,rushYds,Hard Rock,39.5,over,63.83,-400,250,0.8000,0.7368,0.0857,0,0.7761,-0.0239,0.0392,ev,multiplicative,live,202609270726D5A2,2026-09-22T17:47:03.773Z
2026,3,16739,Bijan Robinson,ATL,RB,at GB,rushYds,DraftKings,189.5,over,87.97,3800,,0.0256,0.0256,,1,0.0017,-0.0240,-0.0240,ev,none,live,202609250580A50A,2026-09-22T17:47:03.773Z
2026,3,12483,Josh Allen,BUF,QB,vs LAC,rushYds,Hard Rock,18.5,under,32.45,300,-475,0.2500,0.2323,0.0761,0,0.2260,-0.0240,-0.0063,ev,multiplicative,live,2026092763BB8AC8,2026-09-22T17:47:03.773Z
2026,3,18500,Matthew Golden,GB,WR,vs ATL,recYds,Hard Rock,37.5,under,52.68,175,-250,0.3636,0.3373,0.0779,0,0.3396,-0.0241,0.0022,ev,multiplicative,live,202609250580A50A,2026-09-22T17:47:03.773Z
2026,3,11008,Dak Prescott,DAL,QB,vs BAL,passYds,Hard Rock,299.5,under,260.17,-275,185,0.7333,0.6764,0.0842,0,0.7092,-0.0241,0.0329,ev,multiplicative,live,202609270726D5A2,2026-09-22T17:47:03.773Z
2026,3,17724,Ladd McConkey,LAC,WR,at BUF,recYds,DraftKings,24.5,over,64.26,-660,,0.8684,0.8684,,1,0.8442,-0.0242,-0.0242,ev,none,live,2026092763BB8AC8,2026-09-22T17:47:03.773Z
2026,3,14411,CeeDee Lamb,DAL,WR,vs BAL,receptions,Hard Rock,9.5,over,5.87,325,-575,0.2353,0.2164,0.0871,0,0.2111,-0.0242,-0.0054,ev,multiplicative,live,202609270726D5A2,2026-09-22T17:47:03.773Z
2026,3,17700,Michael Penix Jr.,ATL,QB,at GB,rushYds,DraftKings,39.5,over,8.86,4000,,0.0244,0.0244,,1,0.0000,-0.0244,-0.0244,ev,none,live,202609250580A50A,2026-09-22T17:47:03.773Z
2026,3,18478,Tre Harris,LAC,WR,at BUF,receptions,Caesars,4.5,over,2.74,330,,0.2326,0.2326,,1,0.2081,-0.0245,-0.0245,ev,none,live,2026092763BB8AC8,2026-09-22T17:47:03.773Z
2026,3,16649,Tucker Kraft,GB,TE,vs ATL,recYds,Caesars,49.5,over,49.04,-107,,0.5169,0.5169,,1,0.4924,-0.0246,-0.0246,ev,none,live,202609250580A50A,2026-09-22T17:47:03.773Z
2026,3,16899,Quentin Johnston,LAC,WR,at BUF,recYds,FanDuel,99.5,over,42.06,1098,,0.0835,0.0835,,1,0.0589,-0.0246,-0.0246,ev,none,live,2026092763BB8AC8,2026-09-22T17:47:03.773Z
2026,3,12477,DJ Moore,BUF,WR,vs LAC,receptions,DraftKings,4.5,over,3.37,150,,0.4000,0.4000,,1,0.3754,-0.0246,-0.0246,ev,none,live,2026092763BB8AC8,2026-09-22T17:47:03.773Z
2026,3,12477,DJ Moore,BUF,WR,vs LAC,receptions,Hard Rock,4.5,over,3.37,150,-210,0.4000,0.3713,0.0774,0,0.3754,-0.0246,0.0041,ev,multiplicative,live,2026092763BB8AC8,2026-09-22T17:47:03.773Z
2026,3,14446,Justin Herbert,LAC,QB,at BUF,passYds,Hard Rock,361.5,over,223.25,2250,,0.0426,0.0426,,1,0.0180,-0.0246,-0.0246,ev,none,live,2026092763BB8AC8,2026-09-22T17:47:03.773Z
2026,3,15306,Javonte Williams,DAL,RB,vs BAL,rushYds,Hard Rock,29.5,under,63.83,500,-1000,0.1667,0.1549,0.0758,0,0.1421,-0.0246,-0.0128,ev,multiplicative,live,202609270726D5A2,2026-09-22T17:47:03.773Z
2026,3,12561,Lamar Jackson,BAL,QB,at DAL,rushYds,Caesars,9.5,over,52.86,-1500,,0.9375,0.9375,,1,0.9127,-0.0248,-0.0248,ev,none,live,202609270726D5A2,2026-09-22T17:47:03.773Z
2026,3,14446,Justin Herbert,LAC,QB,at BUF,passYds,Hard Rock,201.5,under,223.25,140,-195,0.4167,0.3866,0.0777,0,0.3917,-0.0249,0.0051,ev,multiplicative,live,2026092763BB8AC8,2026-09-22T17:47:03.773Z
2026,3,18500,Matthew Golden,GB,WR,vs ATL,recYds,BetMGM,51.5,under,52.68,-105,-125,0.5122,0.4797,0.0678,0,0.4872,-0.0250,0.0075,ev,multiplicative,live,202609250580A50A,2026-09-22T17:47:03.773Z
2026,3,18500,Matthew Golden,GB,WR,vs ATL,recYds,FanDuel,69.5,over,52.68,178,,0.3597,0.3597,,1,0.3347,-0.0250,-0.0250,ev,none,live,202609250580A50A,2026-09-22T17:47:03.773Z
2026,3,18515,Kaleb Johnson,GB,RB,vs ATL,rushYds,DraftKings,129.5,over,21.07,3900,,0.0250,0.0250,,1,0.0000,-0.0250,-0.0250,ev,none,live,202609250580A50A,2026-09-22T17:47:03.773Z
2026,3,11008,Dak Prescott,DAL,QB,vs BAL,rushYds,DraftKings,59.5,over,9.5,3900,,0.0250,0.0250,,1,0.0000,-0.0250,-0.0250,ev,none,live,202609270726D5A2,2026-09-22T17:47:03.773Z
2026,3,11008,Dak Prescott,DAL,QB,vs BAL,passYds,Hard Rock,345.5,under,260.17,-1000,500,0.9091,0.8451,0.0758,0,0.8841,-0.0250,0.0390,ev,multiplicative,live,202609270726D5A2,2026-09-22T17:47:03.773Z
2026,3,16649,Tucker Kraft,GB,TE,vs ATL,receptions,FanDuel,8.5,over,3.83,1496,,0.0627,0.0627,,1,0.0376,-0.0251,-0.0251,ev,none,live,202609250580A50A,2026-09-22T17:47:03.773Z
2026,3,12561,Lamar Jackson,BAL,QB,at DAL,rushYds,FanDuel,89.5,over,52.86,1259,,0.0736,0.0736,,1,0.0485,-0.0251,-0.0251,ev,none,live,202609270726D5A2,2026-09-22T17:47:03.773Z
2026,3,14411,CeeDee Lamb,DAL,WR,vs BAL,recYds,Hard Rock,45.5,under,81.88,425,-750,0.1905,0.1775,0.0728,0,0.1654,-0.0251,-0.0122,ev,multiplicative,live,202609270726D5A2,2026-09-22T17:47:03.773Z
2026,3,15868,Drake London,ATL,WR,at GB,receptions,Caesars,8.5,over,4.64,700,,0.1250,0.1250,,1,0.0998,-0.0252,-0.0252,ev,none,live,202609250580A50A,2026-09-22T17:47:03.773Z
2026,3,18500,Matthew Golden,GB,WR,vs ATL,recYds,FanDuel,79.5,over,52.68,266,,0.2732,0.2732,,1,0.2480,-0.0252,-0.0252,ev,none,live,202609250580A50A,2026-09-22T17:47:03.773Z
2026,3,14411,CeeDee Lamb,DAL,WR,vs BAL,recYds,Hard Rock,39.5,under,81.88,550,-1300,0.1538,0.1421,0.0824,0,0.1286,-0.0252,-0.0135,ev,multiplicative,live,202609270726D5A2,2026-09-22T17:47:03.773Z
2026,3,18500,Matthew Golden,GB,WR,vs ATL,recYds,DraftKings,149.5,over,52.68,3000,,0.0323,0.0323,,1,0.0070,-0.0253,-0.0253,ev,none,live,202609250580A50A,2026-09-22T17:47:03.773Z
2026,3,12483,Josh Allen,BUF,QB,vs LAC,rushYds,BetRivers,29.5,over,32.45,-143,,0.5885,0.5885,,1,0.5632,-0.0253,-0.0253,ev,none,live,2026092763BB8AC8,2026-09-22T17:47:03.773Z
2026,3,10819,Derrick Henry,BAL,RB,at DAL,rushYds,FanDuel,124.5,over,97.69,278,,0.2646,0.2646,,1,0.2393,-0.0253,-0.0253,ev,none,live,202609270726D5A2,2026-09-22T17:47:03.773Z
2026,3,11008,Dak Prescott,DAL,QB,vs BAL,passYds,DraftKings,389.5,over,260.17,1560,,0.0602,0.0602,,1,0.0350,-0.0253,-0.0253,ev,none,live,202609270726D5A2,2026-09-22T17:47:03.773Z
2026,3,15946,Christian Watson,GB,WR,vs ATL,recYds,Hard Rock,79.5,over,69.75,130,-180,0.4348,0.4035,0.0776,0,0.4095,-0.0253,0.0060,ev,multiplicative,live,202609250580A50A,2026-09-22T17:47:03.773Z
2026,3,11008,Dak Prescott,DAL,QB,vs BAL,passTD,theScore,3.5,over,1.57,900,,0.1000,0.1000,,1,0.0747,-0.0253,-0.0253,ev,none,live,202609270726D5A2,2026-09-22T17:47:03.773Z
2026,3,16649,Tucker Kraft,GB,TE,vs ATL,receptions,FanDuel,3.5,over,3.83,-154,116,0.6063,0.5670,0.0693,0,0.5809,-0.0254,0.0139,ev,multiplicative,live,202609250580A50A,2026-09-22T17:47:03.773Z
2026,3,17700,Michael Penix Jr.,ATL,QB,at GB,passYds,DraftKings,329.5,over,199.74,2000,,0.0476,0.0476,,1,0.0222,-0.0255,-0.0255,ev,none,live,202609250580A50A,2026-09-22T17:47:03.773Z
2026,3,12477,DJ Moore,BUF,WR,vs LAC,recYds,DraftKings,149.5,over,52.56,3300,,0.0294,0.0294,,1,0.0039,-0.0255,-0.0255,ev,none,live,2026092763BB8AC8,2026-09-22T17:47:03.773Z
2026,3,16739,Bijan Robinson,ATL,RB,at GB,rushYds,Hard Rock,128.5,under,87.97,-950,475,0.9048,0.8388,0.0787,0,0.8792,-0.0256,0.0404,ev,multiplicative,live,202609250580A50A,2026-09-22T17:47:03.773Z
2026,3,16739,Bijan Robinson,ATL,RB,at GB,rushYds,DraftKings,129.5,over,87.97,610,,0.1408,0.1408,,1,0.1151,-0.0257,-0.0257,ev,none,live,202609250580A50A,2026-09-22T17:47:03.773Z
2026,3,15868,Drake London,ATL,WR,at GB,receptions,DraftKings,11.5,over,4.64,2600,,0.0370,0.0370,,1,0.0113,-0.0257,-0.0257,ev,none,live,202609250580A50A,2026-09-22T17:47:03.773Z
2026,3,15876,James Cook,BUF,RB,vs LAC,rushYds,DraftKings,59.5,over,76.14,-335,,0.7701,0.7701,,1,0.7444,-0.0257,-0.0257,ev,none,live,2026092763BB8AC8,2026-09-22T17:47:03.773Z
2026,3,14446,Justin Herbert,LAC,QB,at BUF,rushYds,Hard Rock,24.5,over,22.63,135,-190,0.4255,0.3938,0.0807,0,0.3998,-0.0257,0.0061,ev,multiplicative,live,2026092763BB8AC8,2026-09-22T17:47:03.773Z
2026,3,14446,Justin Herbert,LAC,QB,at BUF,passYds,Hard Rock,241.5,over,223.25,140,-195,0.4167,0.3866,0.0777,0,0.3909,-0.0257,0.0043,ev,multiplicative,live,2026092763BB8AC8,2026-09-22T17:47:03.773Z
2026,3,14411,CeeDee Lamb,DAL,WR,vs BAL,recYds,Hard Rock,40.5,under,81.88,525,-1200,0.1600,0.1477,0.0831,0,0.1343,-0.0257,-0.0134,ev,multiplicative,live,202609270726D5A2,2026-09-22T17:47:03.773Z
2026,3,12561,Lamar Jackson,BAL,QB,at DAL,completions,Hard Rock,18.5,under,18.74,-105,-125,0.5122,0.4797,0.0678,0,0.4865,-0.0257,0.0068,ev,multiplicative,live,202609270726D5A2,2026-09-22T17:47:03.773Z
2026,3,15946,Christian Watson,GB,WR,vs ATL,recYds,Hard Rock,78.5,over,69.75,125,-175,0.4444,0.4112,0.0808,0,0.4186,-0.0258,0.0074,ev,multiplicative,live,202609250580A50A,2026-09-22T17:47:03.773Z
2026,3,15946,Christian Watson,GB,WR,vs ATL,recYds,FanDuel,59.5,over,69.75,-160,,0.6154,0.6154,,1,0.5895,-0.0259,-0.0259,ev,none,live,202609250580A50A,2026-09-22T17:47:03.773Z
2026,3,14446,Justin Herbert,LAC,QB,at BUF,passYds,Hard Rock,331.5,under,223.25,-4000,1000,0.9756,0.9148,0.0665,0,0.9497,-0.0259,0.0350,ev,multiplicative,live,2026092763BB8AC8,2026-09-22T17:47:03.773Z
2026,3,12477,DJ Moore,BUF,WR,vs LAC,recYds,Caesars,59.5,over,52.56,122,,0.4505,0.4505,,1,0.4244,-0.0260,-0.0260,ev,none,live,2026092763BB8AC8,2026-09-22T17:47:03.773Z
2026,3,15868,Drake London,ATL,WR,at GB,receptions,Hard Rock,2.5,under,4.64,550,-1300,0.1538,0.1421,0.0824,0,0.1279,-0.0260,-0.0143,ev,multiplicative,live,202609250580A50A,2026-09-22T17:47:03.773Z
2026,3,14446,Justin Herbert,LAC,QB,at BUF,passYds,Hard Rock,231.5,over,223.25,110,-155,0.4762,0.4393,0.0840,0,0.4502,-0.0260,0.0109,ev,multiplicative,live,2026092763BB8AC8,2026-09-22T17:47:03.773Z
2026,3,12483,Josh Allen,BUF,QB,vs LAC,rushYds,FanDuel,19.5,over,32.45,-362,,0.7835,0.7835,,1,0.7575,-0.0261,-0.0261,ev,none,live,2026092763BB8AC8,2026-09-22T17:47:03.773Z
2026,3,18478,Tre Harris,LAC,WR,at BUF,receptions,Caesars,3.5,under,2.74,-197,149,0.6633,0.6229,0.0649,0,0.6372,-0.0261,0.0144,ev,multiplicative,live,2026092763BB8AC8,2026-09-22T17:47:03.773Z
2026,3,18500,Matthew Golden,GB,WR,vs ATL,recYds,Hard Rock,102.5,under,52.68,-1200,550,0.9231,0.8571,0.0769,0,0.8970,-0.0261,0.0399,ev,multiplicative,live,202609250580A50A,2026-09-22T17:47:03.773Z
2026,3,15868,Drake London,ATL,WR,at GB,recYds,Hard Rock,13.5,over,61.67,-5000,1200,0.9804,0.9272,0.0573,0,0.9543,-0.0261,0.0270,ev,multiplicative,live,202609250580A50A,2026-09-22T17:47:03.773Z
2026,3,14446,Justin Herbert,LAC,QB,at BUF,passYds,Hard Rock,221.5,over,223.25,-115,-115,0.5349,0.5000,0.0698,0,0.5088,-0.0261,0.0088,ev,multiplicative,live,2026092763BB8AC8,2026-09-22T17:47:03.773Z
2026,3,14446,Justin Herbert,LAC,QB,at BUF,passYds,Hard Rock,199.5,under,223.25,145,-210,0.4082,0.3760,0.0856,0,0.3821,-0.0261,0.0061,ev,multiplicative,live,2026092763BB8AC8,2026-09-22T17:47:03.773Z
2026,3,11008,Dak Prescott,DAL,QB,vs BAL,passYds,Hard Rock,325.5,under,260.17,-550,325,0.8462,0.7824,0.0814,0,0.8200,-0.0261,0.0376,ev,multiplicative,live,202609270726D5A2,2026-09-22T17:47:03.773Z
2026,3,15265,Kyle Pitts,ATL,TE,at GB,receptions,Caesars,6.5,over,3.52,700,,0.1250,0.1250,,1,0.0988,-0.0262,-0.0262,ev,none,live,202609250580A50A,2026-09-22T17:47:03.773Z
2026,3,15876,James Cook,BUF,RB,vs LAC,rushYds,DraftKings,189.5,over,76.14,3700,,0.0263,0.0263,,1,0.0002,-0.0262,-0.0262,ev,none,live,2026092763BB8AC8,2026-09-22T17:47:03.773Z
2026,3,15946,Christian Watson,GB,WR,vs ATL,recYds,Hard Rock,118.5,under,69.75,-900,450,0.9000,0.8319,0.0818,0,0.8738,-0.0262,0.0419,ev,multiplicative,live,202609250580A50A,2026-09-22T17:47:03.773Z
2026,3,15265,Kyle Pitts,ATL,TE,at GB,receptions,Hard Rock,5.5,over,3.52,350,-600,0.2222,0.2059,0.0794,0,0.1960,-0.0262,-0.0099,ev,multiplicative,live,202609250580A50A,2026-09-22T17:47:03.773Z
2026,3,14371,Jordan Love,GB,QB,vs ATL,passYds,theScore,224.5,over,232.97,-130,,0.5652,0.5652,,1,0.5391,-0.0262,-0.0262,ev,none,live,202609250580A50A,2026-09-22T17:47:03.773Z
2026,3,15306,Javonte Williams,DAL,RB,vs BAL,rushYds,theScore,34.5,over,63.83,-550,,0.8462,0.8462,,1,0.8199,-0.0262,-0.0262,ev,none,live,202609270726D5A2,2026-09-22T17:47:03.773Z
2026,3,16649,Tucker Kraft,GB,TE,vs ATL,receptions,BetMGM,4.5,over,3.83,135,-185,0.4255,0.3960,0.0747,0,0.3992,-0.0263,0.0033,ev,multiplicative,live,202609250580A50A,2026-09-22T17:47:03.773Z
2026,3,18500,Matthew Golden,GB,WR,vs ATL,recYds,DraftKings,52.5,over,52.68,-112,-112,0.5283,0.5000,0.0566,0,0.5020,-0.0263,0.0020,ev,multiplicative,live,202609250580A50A,2026-09-22T17:47:03.773Z
2026,3,15868,Drake London,ATL,WR,at GB,recYds,BetRivers,39.5,over,61.67,-420,,0.8077,0.8077,,1,0.7814,-0.0263,-0.0263,ev,none,live,202609250580A50A,2026-09-22T17:47:03.773Z
2026,3,16649,Tucker Kraft,GB,TE,vs ATL,recYds,DraftKings,149.5,over,49.04,3700,,0.0263,0.0263,,1,0.0000,-0.0263,-0.0263,ev,none,live,202609250580A50A,2026-09-22T17:47:03.773Z
2026,3,17795,MarShawn Lloyd,GB,RB,vs ATL,recYds,DraftKings,49.5,over,12.1,3200,,0.0303,0.0303,,1,0.0040,-0.0263,-0.0263,ev,none,live,202609250580A50A,2026-09-22T17:47:03.773Z
2026,3,15306,Javonte Williams,DAL,RB,vs BAL,recYds,DraftKings,79.5,over,15.36,3700,,0.0263,0.0263,,1,0.0000,-0.0263,-0.0263,ev,none,live,202609270726D5A2,2026-09-22T17:47:03.773Z
2026,3,16649,Tucker Kraft,GB,TE,vs ATL,receptions,Hard Rock,4.5,over,3.83,135,-185,0.4255,0.3960,0.0747,0,0.3992,-0.0263,0.0033,ev,multiplicative,live,202609250580A50A,2026-09-22T17:47:03.773Z
2026,3,18500,Matthew Golden,GB,WR,vs ATL,recYds,Caesars,39.5,over,52.68,-200,,0.6667,0.6667,,1,0.6403,-0.0264,-0.0264,ev,none,live,202609250580A50A,2026-09-22T17:47:03.773Z
2026,3,18500,Matthew Golden,GB,WR,vs ATL,recYds,Hard Rock,99.5,under,52.68,-1000,500,0.9091,0.8451,0.0758,0,0.8827,-0.0264,0.0376,ev,multiplicative,live,202609250580A50A,2026-09-22T17:47:03.773Z
2026,3,17724,Ladd McConkey,LAC,WR,at BUF,recYds,Hard Rock,98.5,under,64.26,-1000,475,0.9091,0.8394,0.0830,0,0.8827,-0.0264,0.0433,ev,multiplicative,live,2026092763BB8AC8,2026-09-22T17:47:03.773Z
2026,3,14411,CeeDee Lamb,DAL,WR,vs BAL,recYds,Hard Rock,65.5,under,81.88,180,-260,0.3571,0.3309,0.0794,0,0.3307,-0.0264,-0.0002,ev,multiplicative,live,202609270726D5A2,2026-09-22T17:47:03.773Z
2026,3,14371,Jordan Love,GB,QB,vs ATL,passYds,DraftKings,219.5,over,232.97,-143,,0.5885,0.5885,,1,0.5620,-0.0265,-0.0265,ev,none,live,202609250580A50A,2026-09-22T17:47:03.773Z
2026,3,14446,Justin Herbert,LAC,QB,at BUF,passYds,FanDuel,249.5,over,223.25,169,,0.3717,0.3717,,1,0.3452,-0.0265,-0.0265,ev,none,live,2026092763BB8AC8,2026-09-22T17:47:03.773Z
2026,3,10819,Derrick Henry,BAL,RB,at DAL,rushYds,DraftKings,129.5,over,97.69,341,,0.2268,0.2268,,1,0.2002,-0.0265,-0.0265,ev,none,live,202609270726D5A2,2026-09-22T17:47:03.773Z
2026,3,12477,DJ Moore,BUF,WR,vs LAC,recYds,BetRivers,89.5,over,52.56,450,,0.1818,0.1818,,1,0.1552,-0.0266,-0.0266,ev,none,live,2026092763BB8AC8,2026-09-22T17:47:03.773Z
2026,3,15853,George Pickens,DAL,WR,vs BAL,recYds,DraftKings,159.5,over,75.47,2400,,0.0400,0.0400,,1,0.0134,-0.0266,-0.0266,ev,none,live,202609270726D5A2,2026-09-22T17:47:03.773Z
2026,3,15947,Jake Ferguson,DAL,TE,vs BAL,receptions,DraftKings,7.5,over,3.73,1480,,0.0633,0.0633,,1,0.0367,-0.0266,-0.0266,ev,none,live,202609270726D5A2,2026-09-22T17:47:03.773Z
2026,3,18500,Matthew Golden,GB,WR,vs ATL,recYds,theScore,53.5,under,52.68,-115,-115,0.5349,0.5000,0.0698,0,0.5083,-0.0266,0.0083,ev,multiplicative,live,202609250580A50A,2026-09-22T17:47:03.773Z
2026,3,15946,Christian Watson,GB,WR,vs ATL,receptions,Hard Rock,5.5,under,3.95,-220,155,0.6875,0.6368,0.0797,0,0.6609,-0.0266,0.0241,ev,multiplicative,live,202609250580A50A,2026-09-22T17:47:03.773Z
2026,3,15946,Christian Watson,GB,WR,vs ATL,recYds,Hard Rock,83.5,over,69.75,150,-210,0.4000,0.3713,0.0774,0,0.3734,-0.0266,0.0022,ev,multiplicative,live,202609250580A50A,2026-09-22T17:47:03.773Z
2026,3,12477,DJ Moore,BUF,WR,vs LAC,recYds,Hard Rock,89.5,over,52.56,450,-900,0.1818,0.1681,0.0818,0,0.1552,-0.0266,-0.0129,ev,multiplicative,live,2026092763BB8AC8,2026-09-22T17:47:03.773Z
2026,3,14371,Jordan Love,GB,QB,vs ATL,passYds,Caesars,329.5,over,232.97,800,,0.1111,0.1111,,1,0.0844,-0.0267,-0.0267,ev,none,live,202609250580A50A,2026-09-22T17:47:03.773Z
2026,3,15947,Jake Ferguson,DAL,TE,vs BAL,receptions,DraftKings,8.5,over,3.73,2500,,0.0385,0.0385,,1,0.0117,-0.0267,-0.0267,ev,none,live,202609270726D5A2,2026-09-22T17:47:03.773Z
2026,3,15868,Drake London,ATL,WR,at GB,recYds,Hard Rock,18.5,over,61.67,-2500,750,0.9615,0.8910,0.0792,0,0.9348,-0.0267,0.0438,ev,multiplicative,live,202609250580A50A,2026-09-22T17:47:03.773Z
2026,3,15265,Kyle Pitts,ATL,TE,at GB,receptions,DraftKings,7.5,over,3.52,1340,,0.0694,0.0694,,1,0.0426,-0.0268,-0.0268,ev,none,live,202609250580A50A,2026-09-22T17:47:03.773Z
2026,3,15907,Brian Robinson Jr.,ATL,RB,at GB,rushYds,Caesars,22.5,under,22,-114,-114,0.5327,0.5000,0.0654,0,0.5059,-0.0268,0.0059,ev,multiplicative,live,202609250580A50A,2026-09-22T17:47:03.773Z
2026,3,15907,Brian Robinson Jr.,ATL,RB,at GB,rushYds,FanDuel,22.5,under,22,-114,-114,0.5327,0.5000,0.0654,0,0.5059,-0.0268,0.0059,ev,multiplicative,live,202609250580A50A,2026-09-22T17:47:03.773Z
2026,3,11008,Dak Prescott,DAL,QB,vs BAL,passYds,Hard Rock,405.5,over,260.17,2000,,0.0476,0.0476,,1,0.0208,-0.0268,-0.0268,ev,none,live,202609270726D5A2,2026-09-22T17:47:03.773Z
2026,3,18500,Matthew Golden,GB,WR,vs ATL,recYds,DraftKings,49.5,over,52.68,-128,,0.5614,0.5614,,1,0.5345,-0.0269,-0.0269,ev,none,live,202609250580A50A,2026-09-22T17:47:03.773Z
2026,3,12483,Josh Allen,BUF,QB,vs LAC,passYds,Caesars,199.5,over,256.07,-320,,0.7619,0.7619,,1,0.7350,-0.0269,-0.0269,ev,none,live,2026092763BB8AC8,2026-09-22T17:47:03.773Z
2026,3,17724,Ladd McConkey,LAC,WR,at BUF,recYds,Caesars,89.5,over,64.26,360,,0.2174,0.2174,,1,0.1905,-0.0269,-0.0269,ev,none,live,2026092763BB8AC8,2026-09-22T17:47:03.773Z
2026,3,16649,Tucker Kraft,GB,TE,vs ATL,receptions,Hard Rock,3.5,over,3.83,-155,120,0.6078,0.5721,0.0624,0,0.5809,-0.0269,0.0088,ev,multiplicative,live,202609250580A50A,2026-09-22T17:47:03.773Z
2026,3,16649,Tucker Kraft,GB,TE,vs ATL,receptions,theScore,3.5,over,3.83,-155,120,0.6078,0.5721,0.0624,0,0.5809,-0.0269,0.0088,ev,multiplicative,live,202609250580A50A,2026-09-22T17:47:03.773Z
2026,3,15850,Jahan Dotson,ATL,WR,at GB,recYds,DraftKings,89.5,over,17.4,3600,,0.0270,0.0270,,1,0.0000,-0.0270,-0.0270,ev,none,live,202609250580A50A,2026-09-22T17:47:03.773Z
2026,3,15868,Drake London,ATL,WR,at GB,recYds,DraftKings,169.5,over,61.67,3600,,0.0270,0.0270,,1,0.0000,-0.0270,-0.0270,ev,none,live,202609250580A50A,2026-09-22T17:47:03.773Z
2026,3,17724,Ladd McConkey,LAC,WR,at BUF,recYds,DraftKings,149.5,over,64.26,3400,,0.0286,0.0286,,1,0.0015,-0.0270,-0.0270,ev,none,live,2026092763BB8AC8,2026-09-22T17:47:03.773Z
2026,3,12483,Josh Allen,BUF,QB,vs LAC,passTD,DraftKings,4.5,over,1.41,2300,,0.0417,0.0417,,1,0.0147,-0.0270,-0.0270,ev,none,live,2026092763BB8AC8,2026-09-22T17:47:03.773Z
2026,3,15853,George Pickens,DAL,WR,vs BAL,recYds,DraftKings,149.5,over,75.47,1800,,0.0526,0.0526,,1,0.0256,-0.0270,-0.0270,ev,none,live,202609270726D5A2,2026-09-22T17:47:03.773Z
2026,3,15947,Jake Ferguson,DAL,TE,vs BAL,recYds,DraftKings,99.5,over,34.7,3600,,0.0270,0.0270,,1,0.0000,-0.0270,-0.0270,ev,none,live,202609270726D5A2,2026-09-22T17:47:03.773Z
2026,3,14371,Jordan Love,GB,QB,vs ATL,passYds,Hard Rock,357.5,under,232.97,-9000,1750,0.9890,0.9482,0.0431,0,0.9621,-0.0270,0.0139,ev,multiplicative,live,202609250580A50A,2026-09-22T17:47:03.773Z
2026,3,17700,Michael Penix Jr.,ATL,QB,at GB,passYds,Hard Rock,346.5,over,199.74,2500,,0.0385,0.0385,,1,0.0115,-0.0270,-0.0270,ev,none,live,202609250580A50A,2026-09-22T17:47:03.773Z
2026,3,16739,Bijan Robinson,ATL,RB,at GB,rushYds,Caesars,119.5,over,87.97,380,,0.2083,0.2083,,1,0.1812,-0.0271,-0.0271,ev,none,live,202609250580A50A,2026-09-22T17:47:03.773Z
2026,3,16649,Tucker Kraft,GB,TE,vs ATL,receptions,BetRivers,1.5,over,3.83,-2000,,0.9524,0.9524,,1,0.9253,-0.0271,-0.0271,ev,none,live,202609250580A50A,2026-09-22T17:47:03.773Z
2026,3,17700,Michael Penix Jr.,ATL,QB,at GB,passYds,DraftKings,319.5,over,199.74,1600,,0.0588,0.0588,,1,0.0317,-0.0271,-0.0271,ev,none,live,202609250580A50A,2026-09-22T17:47:03.773Z
2026,3,12561,Lamar Jackson,BAL,QB,at DAL,completions,DraftKings,19.5,under,18.74,-136,107,0.5763,0.5440,0.0594,0,0.5492,-0.0271,0.0052,ev,multiplicative,live,202609270726D5A2,2026-09-22T17:47:03.773Z
2026,3,15946,Christian Watson,GB,WR,vs ATL,recYds,Hard Rock,113.5,under,69.75,-700,400,0.8750,0.8140,0.0750,0,0.8478,-0.0272,0.0339,ev,multiplicative,live,202609250580A50A,2026-09-22T17:47:03.773Z
2026,3,15868,Drake London,ATL,WR,at GB,recYds,theScore,9.5,over,61.67,-15000,,0.9934,0.9934,,1,0.9662,-0.0272,-0.0272,ev,none,live,202609250580A50A,2026-09-22T17:47:03.773Z
2026,3,15868,Drake London,ATL,WR,at GB,recYds,theScore,19.5,over,61.67,-2250,,0.9574,0.9574,,1,0.9302,-0.0272,-0.0272,ev,none,live,202609250580A50A,2026-09-22T17:47:03.773Z
2026,3,15868,Drake London,ATL,WR,at GB,recYds,theScore,49.5,over,61.67,-225,,0.6923,0.6923,,1,0.6651,-0.0272,-0.0272,ev,none,live,202609250580A50A,2026-09-22T17:47:03.773Z
2026,3,14411,CeeDee Lamb,DAL,WR,vs BAL,receptions,BetRivers,8.5,over,5.87,225,,0.3077,0.3077,,1,0.2804,-0.0273,-0.0273,ev,none,live,202609270726D5A2,2026-09-22T17:47:03.773Z
2026,3,17724,Ladd McConkey,LAC,WR,at BUF,recYds,Hard Rock,99.5,under,64.26,-1100,500,0.9167,0.8462,0.0833,0,0.8894,-0.0273,0.0432,ev,multiplicative,live,2026092763BB8AC8,2026-09-22T17:47:03.773Z
2026,3,11008,Dak Prescott,DAL,QB,vs BAL,passYds,Hard Rock,305.5,under,260.17,-325,210,0.7647,0.7033,0.0873,0,0.7374,-0.0273,0.0341,ev,multiplicative,live,202609270726D5A2,2026-09-22T17:47:03.773Z
2026,3,15947,Jake Ferguson,DAL,TE,vs BAL,recYds,Hard Rock,47.5,under,34.7,-500,300,0.8333,0.7692,0.0833,0,0.8060,-0.0273,0.0368,ev,multiplicative,live,202609270726D5A2,2026-09-22T17:47:03.773Z
2026,3,15946,Christian Watson,GB,WR,vs ATL,recYds,DraftKings,169.5,over,69.75,2600,,0.0370,0.0370,,1,0.0096,-0.0274,-0.0274,ev,none,live,202609250580A50A,2026-09-22T17:47:03.773Z
2026,3,17795,MarShawn Lloyd,GB,RB,vs ATL,rushYds,DraftKings,9.5,over,45.05,-930,,0.9029,0.9029,,1,0.8755,-0.0274,-0.0274,ev,none,live,202609250580A50A,2026-09-22T17:47:03.773Z
2026,3,12561,Lamar Jackson,BAL,QB,at DAL,rushYds,Hard Rock,11.5,under,52.86,700,-2200,0.1250,0.1156,0.0815,0,0.0976,-0.0274,-0.0179,ev,multiplicative,live,202609270726D5A2,2026-09-22T17:47:03.773Z
2026,3,16899,Quentin Johnston,LAC,WR,at BUF,receptions,BetRivers,1.5,over,2.74,-625,,0.8621,0.8621,,1,0.8346,-0.0275,-0.0275,ev,none,live,2026092763BB8AC8,2026-09-22T17:47:03.773Z
2026,3,14411,CeeDee Lamb,DAL,WR,vs BAL,recYds,DraftKings,199.5,over,81.88,3200,,0.0303,0.0303,,1,0.0028,-0.0275,-0.0275,ev,none,live,202609270726D5A2,2026-09-22T17:47:03.773Z
2026,3,14371,Jordan Love,GB,QB,vs ATL,passYds,Caesars,259.5,over,232.97,163,,0.3802,0.3802,,1,0.3527,-0.0276,-0.0276,ev,none,live,202609250580A50A,2026-09-22T17:47:03.773Z
2026,3,18500,Matthew Golden,GB,WR,vs ATL,recYds,Hard Rock,97.5,under,52.68,-900,450,0.9000,0.8319,0.0818,0,0.8724,-0.0276,0.0405,ev,multiplicative,live,202609250580A50A,2026-09-22T17:47:03.773Z
2026,3,11008,Dak Prescott,DAL,QB,vs BAL,passTD,FanDuel,3.5,over,1.57,876,,0.1025,0.1025,,1,0.0747,-0.0277,-0.0277,ev,none,live,202609270726D5A2,2026-09-22T17:47:03.773Z
2026,3,14411,CeeDee Lamb,DAL,WR,vs BAL,recYds,Hard Rock,70.5,under,81.88,145,-210,0.4082,0.3760,0.0856,0,0.3805,-0.0277,0.0045,ev,multiplicative,live,202609270726D5A2,2026-09-22T17:47:03.773Z
2026,3,15265,Kyle Pitts,ATL,TE,at GB,receptions,DraftKings,4.5,over,3.52,175,,0.3636,0.3636,,1,0.3359,-0.0278,-0.0278,ev,none,live,202609250580A50A,2026-09-22T17:47:03.773Z
2026,3,16741,Chris Brooks,GB,RB,vs ATL,rushYds,DraftKings,79.5,over,28.67,3500,,0.0278,0.0278,,1,0.0000,-0.0278,-0.0278,ev,none,live,202609250580A50A,2026-09-22T17:47:03.773Z
2026,3,15265,Kyle Pitts,ATL,TE,at GB,receptions,Caesars,4.5,over,3.52,175,,0.3636,0.3636,,1,0.3359,-0.0278,-0.0278,ev,none,live,202609250580A50A,2026-09-22T17:47:03.773Z
2026,3,15265,Kyle Pitts,ATL,TE,at GB,receptions,DraftKings,8.5,over,3.52,2200,,0.0435,0.0435,,1,0.0157,-0.0278,-0.0278,ev,none,live,202609250580A50A,2026-09-22T17:47:03.773Z
2026,3,15265,Kyle Pitts,ATL,TE,at GB,receptions,Hard Rock,4.5,over,3.52,175,-250,0.3636,0.3373,0.0779,0,0.3359,-0.0278,-0.0015,ev,multiplicative,live,202609250580A50A,2026-09-22T17:47:03.773Z
2026,3,14371,Jordan Love,GB,QB,vs ATL,passTD,Hard Rock,3.5,over,1.48,1000,,0.0909,0.0909,,1,0.0632,-0.0278,-0.0278,ev,none,live,202609250580A50A,2026-09-22T17:47:03.773Z
2026,3,14446,Justin Herbert,LAC,QB,at BUF,passTD,Hard Rock,1.5,over,1.37,135,-185,0.4255,0.3960,0.0747,0,0.3978,-0.0278,0.0018,ev,multiplicative,live,2026092763BB8AC8,2026-09-22T17:47:03.773Z
2026,3,14446,Justin Herbert,LAC,QB,at BUF,passTD,theScore,1.5,over,1.37,135,-180,0.4255,0.3983,0.0684,0,0.3978,-0.0278,-0.0005,ev,multiplicative,live,2026092763BB8AC8,2026-09-22T17:47:03.773Z
2026,3,18445,Omarion Hampton,LAC,RB,at BUF,rushYds,theScore,19.5,over,69.88,-2500,,0.9615,0.9615,,1,0.9337,-0.0279,-0.0279,ev,none,live,2026092763BB8AC8,2026-09-22T17:47:03.773Z
2026,3,11008,Dak Prescott,DAL,QB,vs BAL,passYds,Hard Rock,335.5,under,260.17,-750,400,0.8824,0.8152,0.0824,0,0.8544,-0.0279,0.0392,ev,multiplicative,live,202609270726D5A2,2026-09-22T17:47:03.773Z
2026,3,12477,DJ Moore,BUF,WR,vs LAC,recYds,FanDuel,79.5,over,52.56,288,,0.2577,0.2577,,1,0.2297,-0.0280,-0.0280,ev,none,live,2026092763BB8AC8,2026-09-22T17:47:03.773Z
2026,3,14371,Jordan Love,GB,QB,vs ATL,rushYds,theScore,19.5,over,14.63,300,,0.2500,0.2500,,1,0.2219,-0.0281,-0.0281,ev,none,live,202609250580A50A,2026-09-22T17:47:03.773Z
2026,3,16739,Bijan Robinson,ATL,RB,at GB,rushYds,DraftKings,179.5,over,87.97,3000,,0.0323,0.0323,,1,0.0041,-0.0282,-0.0282,ev,none,live,202609250580A50A,2026-09-22T17:47:03.773Z
2026,3,12561,Lamar Jackson,BAL,QB,at DAL,rushYds,DraftKings,109.5,over,52.86,2900,,0.0333,0.0333,,1,0.0051,-0.0282,-0.0282,ev,none,live,202609270726D5A2,2026-09-22T17:47:03.773Z
2026,3,17700,Michael Penix Jr.,ATL,QB,at GB,passTD,Hard Rock,0.5,under,1.15,190,-275,0.3448,0.3198,0.0782,0,0.3166,-0.0282,-0.0032,ev,multiplicative,live,202609250580A50A,2026-09-22T17:47:03.773Z
2026,3,14446,Justin Herbert,LAC,QB,at BUF,passYds,Hard Rock,351.5,over,223.25,1750,-8000,0.0541,0.0519,0.0417,0,0.0258,-0.0282,-0.0260,ev,multiplicative,live,2026092763BB8AC8,2026-09-22T17:47:03.773Z
2026,3,18500,Matthew Golden,GB,WR,vs ATL,recYds,DraftKings,79.5,over,52.68,262,,0.2762,0.2762,,1,0.2480,-0.0283,-0.0283,ev,none,live,202609250580A50A,2026-09-22T17:47:03.773Z
2026,3,11008,Dak Prescott,DAL,QB,vs BAL,passYds,Hard Rock,355.5,under,260.17,-1500,600,0.9375,0.8678,0.0804,0,0.9092,-0.0283,0.0414,ev,multiplicative,live,202609270726D5A2,2026-09-22T17:47:03.773Z
2026,3,17724,Ladd McConkey,LAC,WR,at BUF,recYds,FanDuel,89.5,over,64.26,357,,0.2188,0.2188,,1,0.1905,-0.0284,-0.0284,ev,none,live,2026092763BB8AC8,2026-09-22T17:47:03.773Z
2026,3,15946,Christian Watson,GB,WR,vs ATL,recYds,Hard Rock,64.5,over,69.75,-135,100,0.5745,0.5347,0.0745,0,0.5461,-0.0284,0.0115,ev,multiplicative,live,202609250580A50A,2026-09-22T17:47:03.773Z
2026,3,11008,Dak Prescott,DAL,QB,vs BAL,passYds,DraftKings,379.5,over,260.17,1220,,0.0758,0.0758,,1,0.0472,-0.0285,-0.0285,ev,none,live,202609270726D5A2,2026-09-22T17:47:03.773Z
2026,3,15946,Christian Watson,GB,WR,vs ATL,recYds,Hard Rock,63.5,over,69.75,-140,100,0.5833,0.5385,0.0833,0,0.5548,-0.0285,0.0164,ev,multiplicative,live,202609250580A50A,2026-09-22T17:47:03.773Z
2026,3,14371,Jordan Love,GB,QB,vs ATL,passYds,theScore,299.5,over,232.97,400,,0.2000,0.2000,,1,0.1715,-0.0285,-0.0285,ev,none,live,202609250580A50A,2026-09-22T17:47:03.773Z
2026,3,15868,Drake London,ATL,WR,at GB,receptions,DraftKings,10.5,over,4.64,1740,,0.0543,0.0543,,1,0.0258,-0.0286,-0.0286,ev,none,live,202609250580A50A,2026-09-22T17:47:03.773Z
2026,3,15265,Kyle Pitts,ATL,TE,at GB,receptions,Hard Rock,7.5,under,3.52,-7000,1500,0.9859,0.9404,0.0484,0,0.9574,-0.0286,0.0170,ev,multiplicative,live,202609250580A50A,2026-09-22T17:47:03.773Z
2026,3,11008,Dak Prescott,DAL,QB,vs BAL,passYds,Hard Rock,375.5,under,260.17,-4000,900,0.9756,0.9070,0.0756,0,0.9470,-0.0286,0.0399,ev,multiplicative,live,202609270726D5A2,2026-09-22T17:47:03.773Z
2026,3,11008,Dak Prescott,DAL,QB,vs BAL,passYds,Hard Rock,315.5,under,260.17,-425,260,0.8095,0.7445,0.0873,0,0.7809,-0.0286,0.0364,ev,multiplicative,live,202609270726D5A2,2026-09-22T17:47:03.773Z
2026,3,14411,CeeDee Lamb,DAL,WR,vs BAL,receptions,FanDuel,9.5,over,5.87,317,,0.2398,0.2398,,1,0.2111,-0.0287,-0.0287,ev,none,live,202609270726D5A2,2026-09-22T17:47:03.773Z
2026,3,12477,DJ Moore,BUF,WR,vs LAC,receptions,Hard Rock,1.5,over,3.37,-1600,650,0.9412,0.8759,0.0745,0,0.9125,-0.0287,0.0366,ev,multiplicative,live,2026092763BB8AC8,2026-09-22T17:47:03.773Z
2026,3,14411,CeeDee Lamb,DAL,WR,vs BAL,recYds,Hard Rock,60.5,under,81.88,220,-325,0.3125,0.2901,0.0772,0,0.2838,-0.0287,-0.0063,ev,multiplicative,live,202609270726D5A2,2026-09-22T17:47:03.773Z
2026,3,14371,Jordan Love,GB,QB,vs ATL,passYds,FanDuel,349.5,over,232.97,1196,,0.0772,0.0772,,1,0.0484,-0.0288,-0.0288,ev,none,live,202609250580A50A,2026-09-22T17:47:03.773Z
2026,3,12483,Josh Allen,BUF,QB,vs LAC,rushYds,Hard Rock,28.5,under,32.45,125,-175,0.4444,0.4112,0.0808,0,0.4157,-0.0288,0.0045,ev,multiplicative,live,2026092763BB8AC8,2026-09-22T17:47:03.773Z
2026,3,14446,Justin Herbert,LAC,QB,at BUF,passYds,FanDuel,222.5,over,223.25,-114,-114,0.5327,0.5000,0.0654,0,0.5038,-0.0289,0.0038,ev,multiplicative,live,2026092763BB8AC8,2026-09-22T17:47:03.773Z
2026,3,18500,Matthew Golden,GB,WR,vs ATL,recYds,theScore,69.5,over,52.68,175,,0.3636,0.3636,,1,0.3347,-0.0289,-0.0289,ev,none,live,202609250580A50A,2026-09-22T17:47:03.773Z
2026,3,14371,Jordan Love,GB,QB,vs ATL,passYds,Hard Rock,217.5,over,232.97,-150,110,0.6000,0.5575,0.0762,0,0.5711,-0.0289,0.0135,ev,multiplicative,live,202609250580A50A,2026-09-22T17:47:03.773Z
2026,3,14411,CeeDee Lamb,DAL,WR,vs BAL,recYds,Hard Rock,49.5,under,81.88,350,-600,0.2222,0.2059,0.0794,0,0.1933,-0.0289,-0.0125,ev,multiplicative,live,202609270726D5A2,2026-09-22T17:47:03.773Z
2026,3,14371,Jordan Love,GB,QB,vs ATL,passYds,Caesars,309.5,over,232.97,500,,0.1667,0.1667,,1,0.1377,-0.0290,-0.0290,ev,none,live,202609250580A50A,2026-09-22T17:47:03.773Z
2026,3,14371,Jordan Love,GB,QB,vs ATL,passYds,theScore,324.5,over,232.97,700,,0.1250,0.1250,,1,0.0960,-0.0290,-0.0290,ev,none,live,202609250580A50A,2026-09-22T17:47:03.773Z
2026,3,18445,Omarion Hampton,LAC,RB,at BUF,rushYds,theScore,24.5,over,69.88,-1600,,0.9412,0.9412,,1,0.9122,-0.0290,-0.0290,ev,none,live,2026092763BB8AC8,2026-09-22T17:47:03.773Z
2026,3,12483,Josh Allen,BUF,QB,vs LAC,passYds,Hard Rock,199.5,under,256.07,240,-375,0.2941,0.2714,0.0836,0,0.2650,-0.0291,-0.0064,ev,multiplicative,live,2026092763BB8AC8,2026-09-22T17:47:03.773Z
2026,3,12477,DJ Moore,BUF,WR,vs LAC,recYds,Hard Rock,94.5,over,52.56,550,-1200,0.1538,0.1429,0.0769,0,0.1247,-0.0291,-0.0182,ev,multiplicative,live,2026092763BB8AC8,2026-09-22T17:47:03.773Z
2026,3,14371,Jordan Love,GB,QB,vs ATL,passYds,Caesars,319.5,over,232.97,625,,0.1379,0.1379,,1,0.1087,-0.0292,-0.0292,ev,none,live,202609250580A50A,2026-09-22T17:47:03.773Z
2026,3,12477,DJ Moore,BUF,WR,vs LAC,recYds,DraftKings,89.5,over,52.56,442,,0.1845,0.1845,,1,0.1552,-0.0293,-0.0293,ev,none,live,2026092763BB8AC8,2026-09-22T17:47:03.773Z
2026,3,15876,James Cook,BUF,RB,vs LAC,rushYds,FanDuel,59.5,over,76.14,-342,,0.7738,0.7738,,1,0.7444,-0.0293,-0.0293,ev,none,live,2026092763BB8AC8,2026-09-22T17:47:03.773Z
2026,3,15265,Kyle Pitts,ATL,TE,at GB,receptions,Hard Rock,3.5,under,3.52,-110,-120,0.5238,0.4899,0.0693,0,0.4945,-0.0293,0.0046,ev,multiplicative,live,202609250580A50A,2026-09-22T17:47:03.773Z
2026,3,16739,Bijan Robinson,ATL,RB,at GB,recYds,DraftKings,119.5,over,32.4,3300,,0.0294,0.0294,,1,0.0000,-0.0294,-0.0294,ev,none,live,202609250580A50A,2026-09-22T17:47:03.773Z
2026,3,18478,Tre Harris,LAC,WR,at BUF,recYds,DraftKings,109.5,over,34.63,3300,,0.0294,0.0294,,1,0.0000,-0.0294,-0.0294,ev,none,live,2026092763BB8AC8,2026-09-22T17:47:03.773Z
2026,3,18478,Tre Harris,LAC,WR,at BUF,receptions,BetRivers,3.5,over,2.74,155,,0.3922,0.3922,,1,0.3628,-0.0294,-0.0294,ev,none,live,2026092763BB8AC8,2026-09-22T17:47:03.773Z
2026,3,18478,Tre Harris,LAC,WR,at BUF,receptions,Hard Rock,3.5,under,2.74,-200,145,0.6667,0.6203,0.0748,0,0.6372,-0.0294,0.0170,ev,multiplicative,live,2026092763BB8AC8,2026-09-22T17:47:03.773Z
2026,3,16899,Quentin Johnston,LAC,WR,at BUF,recYds,FanDuel,109.5,over,42.06,1497,,0.0626,0.0626,,1,0.0331,-0.0295,-0.0295,ev,none,live,2026092763BB8AC8,2026-09-22T17:47:03.773Z
2026,3,15907,Brian Robinson Jr.,ATL,RB,at GB,rushYds,Hard Rock,24.5,over,22,100,-135,0.5000,0.4653,0.0745,0,0.4705,-0.0295,0.0051,ev,multiplicative,live,202609250580A50A,2026-09-22T17:47:03.773Z
2026,3,14446,Justin Herbert,LAC,QB,at BUF,passYds,Hard Rock,251.5,over,223.25,175,-250,0.3636,0.3373,0.0779,0,0.3341,-0.0295,-0.0032,ev,multiplicative,live,2026092763BB8AC8,2026-09-22T17:47:03.773Z
2026,3,15853,George Pickens,DAL,WR,vs BAL,receptions,Hard Rock,5.5,over,4.89,115,-150,0.4651,0.4367,0.0651,0,0.4357,-0.0295,-0.0010,ev,multiplicative,live,202609270726D5A2,2026-09-22T17:47:03.773Z
2026,3,14446,Justin Herbert,LAC,QB,at BUF,passTD,DraftKings,1.5,over,1.37,134,-172,0.4274,0.4033,0.0597,0,0.3978,-0.0296,-0.0055,ev,multiplicative,live,2026092763BB8AC8,2026-09-22T17:47:03.773Z
2026,3,14446,Justin Herbert,LAC,QB,at BUF,passTD,FanDuel,1.5,over,1.37,134,-180,0.4274,0.3993,0.0702,0,0.3978,-0.0296,-0.0015,ev,multiplicative,live,2026092763BB8AC8,2026-09-22T17:47:03.773Z
2026,3,15946,Christian Watson,GB,WR,vs ATL,recYds,Hard Rock,49.5,under,69.75,180,-260,0.3571,0.3309,0.0794,0,0.3275,-0.0296,-0.0034,ev,multiplicative,live,202609250580A50A,2026-09-22T17:47:03.773Z
2026,3,14446,Justin Herbert,LAC,QB,at BUF,passYds,Hard Rock,321.5,under,223.25,-2500,750,0.9615,0.8910,0.0792,0,0.9320,-0.0296,0.0410,ev,multiplicative,live,2026092763BB8AC8,2026-09-22T17:47:03.773Z
2026,3,18500,Matthew Golden,GB,WR,vs ATL,recYds,DraftKings,139.5,over,52.68,2200,,0.0435,0.0435,,1,0.0138,-0.0297,-0.0297,ev,none,live,202609250580A50A,2026-09-22T17:47:03.773Z
2026,3,18478,Tre Harris,LAC,WR,at BUF,recYds,BetRivers,29.5,over,34.63,-143,,0.5885,0.5885,,1,0.5588,-0.0297,-0.0297,ev,none,live,2026092763BB8AC8,2026-09-22T17:47:03.773Z
2026,3,11008,Dak Prescott,DAL,QB,vs BAL,passYds,Caesars,379.5,over,260.17,1200,,0.0769,0.0769,,1,0.0472,-0.0297,-0.0297,ev,none,live,202609270726D5A2,2026-09-22T17:47:03.773Z
2026,3,15907,Brian Robinson Jr.,ATL,RB,at GB,rushYds,theScore,22.5,over,22,-110,-120,0.5238,0.4899,0.0693,0,0.4941,-0.0297,0.0042,ev,multiplicative,live,202609250580A50A,2026-09-22T17:47:03.773Z
2026,3,12483,Josh Allen,BUF,QB,vs LAC,passYds,theScore,199.5,over,256.07,-325,,0.7647,0.7647,,1,0.7350,-0.0297,-0.0297,ev,none,live,2026092763BB8AC8,2026-09-22T17:47:03.773Z
2026,3,15868,Drake London,ATL,WR,at GB,recYds,FanDuel,24.5,over,61.67,-1402,,0.9334,0.9334,,1,0.9036,-0.0298,-0.0298,ev,none,live,202609250580A50A,2026-09-22T17:47:03.773Z
2026,3,14371,Jordan Love,GB,QB,vs ATL,passYds,Caesars,249.5,over,232.97,129,,0.4367,0.4367,,1,0.4069,-0.0298,-0.0298,ev,none,live,202609250580A50A,2026-09-22T17:47:03.773Z
2026,3,14411,CeeDee Lamb,DAL,WR,vs BAL,recYds,Hard Rock,64.5,under,81.88,185,-275,0.3509,0.3236,0.0842,0,0.3211,-0.0298,-0.0025,ev,multiplicative,live,202609270726D5A2,2026-09-22T17:47:03.773Z
2026,3,11008,Dak Prescott,DAL,QB,vs BAL,passYds,Hard Rock,395.5,over,260.17,1600,-7000,0.0588,0.0563,0.0447,0,0.0289,-0.0299,-0.0274,ev,multiplicative,live,202609270726D5A2,2026-09-22T17:47:03.773Z
2026,3,15946,Christian Watson,GB,WR,vs ATL,recYds,FanDuel,109.5,over,69.75,387,,0.2053,0.2053,,1,0.1754,-0.0300,-0.0300,ev,none,live,202609250580A50A,2026-09-22T17:47:03.773Z
2026,3,12477,DJ Moore,BUF,WR,vs LAC,recYds,DraftKings,139.5,over,52.56,2500,,0.0385,0.0385,,1,0.0085,-0.0300,-0.0300,ev,none,live,2026092763BB8AC8,2026-09-22T17:47:03.773Z
2026,3,14446,Justin Herbert,LAC,QB,at BUF,passYds,Hard Rock,324.5,under,223.25,-3000,800,0.9677,0.8970,0.0789,0,0.9377,-0.0300,0.0407,ev,multiplicative,live,2026092763BB8AC8,2026-09-22T17:47:03.773Z
2026,3,12477,DJ Moore,BUF,WR,vs LAC,recYds,theScore,69.5,over,52.56,185,,0.3509,0.3509,,1,0.3209,-0.0300,-0.0300,ev,none,live,2026092763BB8AC8,2026-09-22T17:47:03.773Z
2026,3,14446,Justin Herbert,LAC,QB,at BUF,passTD,DraftKings,1.5,under,1.37,-172,134,0.6324,0.5967,0.0597,0,0.6022,-0.0301,0.0055,ev,multiplicative,live,2026092763BB8AC8,2026-09-22T17:47:03.773Z
2026,3,12477,DJ Moore,BUF,WR,vs LAC,receptions,Hard Rock,2.5,under,3.37,240,-375,0.2941,0.2714,0.0836,0,0.2640,-0.0301,-0.0074,ev,multiplicative,live,2026092763BB8AC8,2026-09-22T17:47:03.773Z
2026,3,15868,Drake London,ATL,WR,at GB,receptions,BetRivers,9.5,over,4.64,1100,,0.0833,0.0833,,1,0.0532,-0.0302,-0.0302,ev,none,live,202609250580A50A,2026-09-22T17:47:03.773Z
2026,3,17700,Michael Penix Jr.,ATL,QB,at GB,passYds,DraftKings,309.5,over,199.74,1240,,0.0746,0.0746,,1,0.0445,-0.0302,-0.0302,ev,none,live,202609250580A50A,2026-09-22T17:47:03.773Z
2026,3,15868,Drake London,ATL,WR,at GB,recYds,Hard Rock,53.5,over,61.67,-180,130,0.6429,0.5965,0.0776,0,0.6127,-0.0302,0.0161,ev,multiplicative,live,202609250580A50A,2026-09-22T17:47:03.773Z
2026,3,12561,Lamar Jackson,BAL,QB,at DAL,passYds,Hard Rock,198.5,over,259.92,-350,230,0.7778,0.7196,0.0808,0,0.7476,-0.0302,0.0280,ev,multiplicative,live,202609270726D5A2,2026-09-22T17:47:03.773Z
2026,3,18500,Matthew Golden,GB,WR,vs ATL,recYds,DraftKings,52.5,under,52.68,-112,-112,0.5283,0.5000,0.0566,0,0.4980,-0.0303,-0.0020,ev,multiplicative,live,202609250580A50A,2026-09-22T17:47:03.773Z
2026,3,15306,Javonte Williams,DAL,RB,vs BAL,rushYds,DraftKings,149.5,over,63.83,3200,,0.0303,0.0303,,1,0.0000,-0.0303,-0.0303,ev,none,live,202609270726D5A2,2026-09-22T17:47:03.773Z
2026,3,12561,Lamar Jackson,BAL,QB,at DAL,rushYds,DraftKings,99.5,over,52.86,2000,,0.0476,0.0476,,1,0.0173,-0.0303,-0.0303,ev,none,live,202609270726D5A2,2026-09-22T17:47:03.773Z
2026,3,15868,Drake London,ATL,WR,at GB,receptions,FanDuel,9.5,over,4.64,1096,,0.0836,0.0836,,1,0.0532,-0.0304,-0.0304,ev,none,live,202609250580A50A,2026-09-22T17:47:03.773Z
2026,3,15265,Kyle Pitts,ATL,TE,at GB,recYds,Hard Rock,49.5,under,40.08,-260,180,0.7222,0.6691,0.0794,0,0.6918,-0.0304,0.0227,ev,multiplicative,live,202609250580A50A,2026-09-22T17:47:03.773Z
2026,3,14411,CeeDee Lamb,DAL,WR,vs BAL,receptions,Hard Rock,8.5,under,5.87,-300,200,0.7500,0.6923,0.0833,0,0.7196,-0.0304,0.0273,ev,multiplicative,live,202609270726D5A2,2026-09-22T17:47:03.773Z
2026,3,15946,Christian Watson,GB,WR,vs ATL,recYds,Caesars,69.5,over,69.75,-114,,0.5327,0.5327,,1,0.5022,-0.0305,-0.0305,ev,none,live,202609250580A50A,2026-09-22T17:47:03.773Z
2026,3,17700,Michael Penix Jr.,ATL,QB,at GB,passYds,Hard Rock,336.5,over,199.74,2000,,0.0476,0.0476,,1,0.0170,-0.0306,-0.0306,ev,none,live,202609250580A50A,2026-09-22T17:47:03.773Z
2026,3,17700,Michael Penix Jr.,ATL,QB,at GB,passYds,DraftKings,299.5,over,199.74,990,,0.0917,0.0917,,1,0.0610,-0.0307,-0.0307,ev,none,live,202609250580A50A,2026-09-22T17:47:03.773Z
2026,3,18500,Matthew Golden,GB,WR,vs ATL,recYds,Caesars,109.5,over,52.68,850,,0.1053,0.1053,,1,0.0746,-0.0307,-0.0307,ev,none,live,202609250580A50A,2026-09-22T17:47:03.773Z
2026,3,14446,Justin Herbert,LAC,QB,at BUF,passYds,Caesars,219.5,over,223.25,-122,,0.5495,0.5495,,1,0.5189,-0.0307,-0.0307,ev,none,live,2026092763BB8AC8,2026-09-22T17:47:03.773Z
2026,3,11008,Dak Prescott,DAL,QB,vs BAL,passYds,DraftKings,369.5,over,260.17,970,,0.0935,0.0935,,1,0.0627,-0.0307,-0.0307,ev,none,live,202609270726D5A2,2026-09-22T17:47:03.773Z
2026,3,15265,Kyle Pitts,ATL,TE,at GB,recYds,DraftKings,49.5,over,40.08,195,,0.3390,0.3390,,1,0.3082,-0.0308,-0.0308,ev,none,live,202609250580A50A,2026-09-22T17:47:03.773Z
2026,3,18500,Matthew Golden,GB,WR,vs ATL,recYds,FanDuel,52.5,over,52.68,-114,-114,0.5327,0.5000,0.0654,0,0.5020,-0.0308,0.0020,ev,multiplicative,live,202609250580A50A,2026-09-22T17:47:03.773Z
2026,3,17724,Ladd McConkey,LAC,WR,at BUF,recYds,Hard Rock,24.5,over,64.26,-700,375,0.8750,0.8061,0.0855,0,0.8442,-0.0308,0.0382,ev,multiplicative,live,2026092763BB8AC8,2026-09-22T17:47:03.773Z
2026,3,17700,Michael Penix Jr.,ATL,QB,at GB,passTD,Caesars,0.5,over,1.15,-250,199,0.7143,0.6811,0.0487,0,0.6834,-0.0309,0.0023,ev,multiplicative,live,202609250580A50A,2026-09-22T17:47:03.773Z
2026,3,17700,Michael Penix Jr.,ATL,QB,at GB,passTD,BetRivers,0.5,over,1.15,-250,185,0.7143,0.6706,0.0652,0,0.6834,-0.0309,0.0128,ev,multiplicative,live,202609250580A50A,2026-09-22T17:47:03.773Z
2026,3,18500,Matthew Golden,GB,WR,vs ATL,recYds,Hard Rock,92.5,under,52.68,-700,400,0.8750,0.8140,0.0750,0,0.8440,-0.0310,0.0300,ev,multiplicative,live,202609250580A50A,2026-09-22T17:47:03.773Z
2026,3,12561,Lamar Jackson,BAL,QB,at DAL,passYds,Hard Rock,188.5,under,259.92,300,-475,0.2500,0.2323,0.0761,0,0.2190,-0.0310,-0.0133,ev,multiplicative,live,202609270726D5A2,2026-09-22T17:47:03.773Z
2026,3,15868,Drake London,ATL,WR,at GB,recYds,Hard Rock,13.5,under,61.67,1200,-5000,0.0769,0.0728,0.0573,0,0.0457,-0.0312,-0.0270,ev,multiplicative,live,202609250580A50A,2026-09-22T17:47:03.773Z
2026,3,18500,Matthew Golden,GB,WR,vs ATL,recYds,Hard Rock,67.5,over,52.68,160,-225,0.3846,0.3571,0.0769,0,0.3534,-0.0312,-0.0038,ev,multiplicative,live,202609250580A50A,2026-09-22T17:47:03.773Z
2026,3,12483,Josh Allen,BUF,QB,vs LAC,rushYds,FanDuel,32.5,under,32.45,-114,-114,0.5327,0.5000,0.0654,0,0.5014,-0.0313,0.0014,ev,multiplicative,live,2026092763BB8AC8,2026-09-22T17:47:03.773Z
2026,3,15946,Christian Watson,GB,WR,vs ATL,recYds,Hard Rock,48.5,under,69.75,185,-275,0.3509,0.3236,0.0842,0,0.3196,-0.0313,-0.0040,ev,multiplicative,live,202609250580A50A,2026-09-22T17:47:03.773Z
2026,3,15868,Drake London,ATL,WR,at GB,receptions,theScore,1.5,over,4.64,-6000,,0.9836,0.9836,,1,0.9523,-0.0313,-0.0313,ev,none,live,202609250580A50A,2026-09-22T17:47:03.773Z
2026,3,14446,Justin Herbert,LAC,QB,at BUF,passYds,Hard Rock,224.5,over,223.25,-110,-130,0.5238,0.4810,0.0890,0,0.4924,-0.0314,0.0114,ev,multiplicative,live,2026092763BB8AC8,2026-09-22T17:47:03.773Z
2026,3,14371,Jordan Love,GB,QB,vs ATL,passYds,Caesars,229.5,over,232.97,-121,,0.5475,0.5475,,1,0.5160,-0.0315,-0.0315,ev,none,live,202609250580A50A,2026-09-22T17:47:03.773Z
2026,3,14446,Justin Herbert,LAC,QB,at BUF,passTD,Caesars,1.5,under,1.37,-173,140,0.6337,0.6033,0.0504,0,0.6022,-0.0315,-0.0011,ev,multiplicative,live,2026092763BB8AC8,2026-09-22T17:47:03.773Z
2026,3,18500,Matthew Golden,GB,WR,vs ATL,recYds,Hard Rock,72.5,over,52.68,195,-275,0.3390,0.3161,0.0723,0,0.3074,-0.0315,-0.0087,ev,multiplicative,live,202609250580A50A,2026-09-22T17:47:03.773Z
2026,3,14446,Justin Herbert,LAC,QB,at BUF,passYds,Hard Rock,311.5,under,223.25,-1600,650,0.9412,0.8759,0.0745,0,0.9097,-0.0315,0.0338,ev,multiplicative,live,2026092763BB8AC8,2026-09-22T17:47:03.773Z
2026,3,11008,Dak Prescott,DAL,QB,vs BAL,passYds,Hard Rock,365.5,under,260.17,-2500,750,0.9615,0.8910,0.0792,0,0.9300,-0.0315,0.0391,ev,multiplicative,live,202609270726D5A2,2026-09-22T17:47:03.773Z
2026,3,12561,Lamar Jackson,BAL,QB,at DAL,rushYds,FanDuel,14.5,over,52.86,-1101,,0.9167,0.9167,,1,0.8852,-0.0316,-0.0316,ev,none,live,202609270726D5A2,2026-09-22T17:47:03.773Z
2026,3,14446,Justin Herbert,LAC,QB,at BUF,passYds,Hard Rock,261.5,over,223.25,220,-325,0.3125,0.2901,0.0772,0,0.2809,-0.0316,-0.0092,ev,multiplicative,live,2026092763BB8AC8,2026-09-22T17:47:03.773Z
2026,3,15876,James Cook,BUF,RB,vs LAC,rushYds,Hard Rock,61.5,over,76.14,-300,200,0.7500,0.6923,0.0833,0,0.7184,-0.0316,0.0261,ev,multiplicative,live,2026092763BB8AC8,2026-09-22T17:47:03.773Z
2026,3,14446,Justin Herbert,LAC,QB,at BUF,passYds,Hard Rock,274.5,over,223.25,300,-475,0.2500,0.2323,0.0761,0,0.2184,-0.0316,-0.0139,ev,multiplicative,live,2026092763BB8AC8,2026-09-22T17:47:03.773Z
2026,3,16649,Tucker Kraft,GB,TE,vs ATL,receptions,DraftKings,4.5,over,3.83,132,,0.4310,0.4310,,1,0.3992,-0.0318,-0.0318,ev,none,live,202609250580A50A,2026-09-22T17:47:03.773Z
2026,3,17724,Ladd McConkey,LAC,WR,at BUF,recYds,Hard Rock,18.5,under,64.26,550,-1300,0.1538,0.1421,0.0824,0,0.1221,-0.0318,-0.0201,ev,multiplicative,live,2026092763BB8AC8,2026-09-22T17:47:03.773Z
2026,3,15907,Brian Robinson Jr.,ATL,RB,at GB,rushYds,DraftKings,24.5,over,22,-101,,0.5025,0.5025,,1,0.4705,-0.0320,-0.0320,ev,none,live,202609250580A50A,2026-09-22T17:47:03.773Z
2026,3,12483,Josh Allen,BUF,QB,vs LAC,rushYds,BetRivers,19.5,over,32.45,-375,,0.7895,0.7895,,1,0.7575,-0.0320,-0.0320,ev,none,live,2026092763BB8AC8,2026-09-22T17:47:03.773Z
2026,3,15868,Drake London,ATL,WR,at GB,recYds,Hard Rock,58.5,under,61.67,105,-145,0.4878,0.4518,0.0796,0,0.4558,-0.0320,0.0040,ev,multiplicative,live,202609250580A50A,2026-09-22T17:47:03.773Z
2026,3,16899,Quentin Johnston,LAC,WR,at BUF,receptions,Hard Rock,0.5,under,2.74,1300,-6000,0.0714,0.0677,0.0550,0,0.0395,-0.0320,-0.0282,ev,multiplicative,live,2026092763BB8AC8,2026-09-22T17:47:03.773Z
2026,3,18515,Kaleb Johnson,GB,RB,vs ATL,rushYds,DraftKings,119.5,over,21.07,3000,,0.0323,0.0323,,1,0.0002,-0.0321,-0.0321,ev,none,live,202609250580A50A,2026-09-22T17:47:03.773Z
2026,3,15265,Kyle Pitts,ATL,TE,at GB,recYds,DraftKings,109.5,over,40.08,3000,,0.0323,0.0323,,1,0.0001,-0.0321,-0.0321,ev,none,live,202609250580A50A,2026-09-22T17:47:03.773Z
2026,3,12561,Lamar Jackson,BAL,QB,at DAL,passYds,FanDuel,149.5,over,259.92,-1102,,0.9168,0.9168,,1,0.8847,-0.0321,-0.0321,ev,none,live,202609270726D5A2,2026-09-22T17:47:03.773Z
2026,3,17724,Ladd McConkey,LAC,WR,at BUF,recYds,Hard Rock,23.5,over,64.26,-750,400,0.8824,0.8152,0.0824,0,0.8502,-0.0321,0.0350,ev,multiplicative,live,2026092763BB8AC8,2026-09-22T17:47:03.773Z
2026,3,12483,Josh Allen,BUF,QB,vs LAC,passYds,Hard Rock,208.5,over,256.07,-275,185,0.7333,0.6764,0.0842,0,0.7012,-0.0321,0.0249,ev,multiplicative,live,2026092763BB8AC8,2026-09-22T17:47:03.773Z
2026,3,14446,Justin Herbert,LAC,QB,at BUF,passYds,Hard Rock,249.5,over,223.25,165,-230,0.3774,0.3513,0.0743,0,0.3452,-0.0321,-0.0060,ev,multiplicative,live,2026092763BB8AC8,2026-09-22T17:47:03.773Z
2026,3,14446,Justin Herbert,LAC,QB,at BUF,passYds,theScore,249.5,over,223.25,165,,0.3774,0.3774,,1,0.3452,-0.0321,-0.0321,ev,none,live,2026092763BB8AC8,2026-09-22T17:47:03.773Z
2026,3,12561,Lamar Jackson,BAL,QB,at DAL,completions,DraftKings,19.5,over,18.74,107,-136,0.4831,0.4560,0.0594,0,0.4508,-0.0322,-0.0052,ev,multiplicative,live,202609270726D5A2,2026-09-22T17:47:03.773Z
2026,3,12561,Lamar Jackson,BAL,QB,at DAL,completions,Caesars,19.5,over,18.74,107,-141,0.4831,0.4523,0.0682,0,0.4508,-0.0322,-0.0014,ev,multiplicative,live,202609270726D5A2,2026-09-22T17:47:03.773Z
2026,3,15946,Christian Watson,GB,WR,vs ATL,recYds,Hard Rock,53.5,under,69.75,155,-220,0.3922,0.3632,0.0797,0,0.3600,-0.0322,-0.0033,ev,multiplicative,live,202609250580A50A,2026-09-22T17:47:03.773Z
2026,3,16741,Chris Brooks,GB,RB,vs ATL,recYds,Hard Rock,47.5,over,9.58,3000,,0.0323,0.0323,,1,0.0001,-0.0322,-0.0322,ev,none,live,202609250580A50A,2026-09-22T17:47:03.773Z
2026,3,12561,Lamar Jackson,BAL,QB,at DAL,rushAtt,Hard Rock,17.5,over,8.65,3000,,0.0323,0.0323,,1,0.0000,-0.0322,-0.0322,ev,none,live,202609270726D5A2,2026-09-22T17:47:03.773Z
2026,3,17795,MarShawn Lloyd,GB,RB,vs ATL,rushYds,FanDuel,99.5,over,45.05,1278,,0.0726,0.0726,,1,0.0403,-0.0323,-0.0323,ev,none,live,202609250580A50A,2026-09-22T17:47:03.773Z
2026,3,16741,Chris Brooks,GB,RB,vs ATL,recYds,DraftKings,59.5,over,9.58,3000,,0.0323,0.0323,,1,0.0000,-0.0323,-0.0323,ev,none,live,202609250580A50A,2026-09-22T17:47:03.773Z
2026,3,15946,Christian Watson,GB,WR,vs ATL,recYds,Hard Rock,103.5,under,69.75,-450,275,0.8182,0.7542,0.0848,0,0.7859,-0.0323,0.0317,ev,multiplicative,live,202609250580A50A,2026-09-22T17:47:03.773Z
2026,3,16741,Chris Brooks,GB,RB,vs ATL,rushYds,Hard Rock,79.5,over,28.67,3000,,0.0323,0.0323,,1,0.0000,-0.0323,-0.0323,ev,none,live,202609250580A50A,2026-09-22T17:47:03.773Z
2026,3,17700,Michael Penix Jr.,ATL,QB,at GB,rushYds,Hard Rock,49.5,over,8.86,3000,,0.0323,0.0323,,1,0.0000,-0.0323,-0.0323,ev,none,live,202609250580A50A,2026-09-22T17:47:03.773Z
2026,3,17700,Michael Penix Jr.,ATL,QB,at GB,rushYds,Hard Rock,48.5,over,8.86,3000,,0.0323,0.0323,,1,0.0000,-0.0323,-0.0323,ev,none,live,202609250580A50A,2026-09-22T17:47:03.773Z
2026,3,18500,Matthew Golden,GB,WR,vs ATL,recYds,Hard Rock,47.5,under,52.68,110,-150,0.4762,0.4425,0.0762,0,0.4439,-0.0323,0.0014,ev,multiplicative,live,202609250580A50A,2026-09-22T17:47:03.773Z
2026,3,11008,Dak Prescott,DAL,QB,vs BAL,rushYds,Hard Rock,57.5,over,9.5,3000,,0.0323,0.0323,,1,0.0000,-0.0323,-0.0323,ev,none,live,202609270726D5A2,2026-09-22T17:47:03.773Z
2026,3,16739,Bijan Robinson,ATL,RB,at GB,rushYds,DraftKings,169.5,over,87.97,2300,,0.0417,0.0417,,1,0.0093,-0.0324,-0.0324,ev,none,live,202609250580A50A,2026-09-22T17:47:03.773Z
2026,3,15946,Christian Watson,GB,WR,vs ATL,recYds,DraftKings,119.5,over,69.75,550,,0.1538,0.1538,,1,0.1214,-0.0324,-0.0324,ev,none,live,202609250580A50A,2026-09-22T17:47:03.773Z
2026,3,15853,George Pickens,DAL,WR,vs BAL,receptions,FanDuel,5.5,under,4.89,-148,112,0.5968,0.5585,0.0685,0,0.5643,-0.0324,0.0058,ev,multiplicative,live,202609270726D5A2,2026-09-22T17:47:03.773Z
2026,3,15946,Christian Watson,GB,WR,vs ATL,recYds,theScore,119.5,over,69.75,550,,0.1538,0.1538,,1,0.1214,-0.0324,-0.0324,ev,none,live,202609250580A50A,2026-09-22T17:47:03.773Z
2026,3,18500,Matthew Golden,GB,WR,vs ATL,recYds,Hard Rock,39.5,under,52.68,155,-230,0.3922,0.3601,0.0891,0,0.3597,-0.0324,-0.0003,ev,multiplicative,live,202609250580A50A,2026-09-22T17:47:03.773Z
2026,3,14371,Jordan Love,GB,QB,vs ATL,passYds,Caesars,299.5,over,232.97,390,,0.2041,0.2041,,1,0.1715,-0.0326,-0.0326,ev,none,live,202609250580A50A,2026-09-22T17:47:03.773Z
2026,3,14371,Jordan Love,GB,QB,vs ATL,passYds,Hard Rock,207.5,under,232.97,140,-200,0.4167,0.3846,0.0833,0,0.3840,-0.0326,-0.0006,ev,multiplicative,live,202609250580A50A,2026-09-22T17:47:03.773Z
2026,3,12483,Josh Allen,BUF,QB,vs LAC,passYds,Hard Rock,198.5,under,256.07,240,-375,0.2941,0.2714,0.0836,0,0.2614,-0.0327,-0.0100,ev,multiplicative,live,2026092763BB8AC8,2026-09-22T17:47:03.773Z
2026,3,17724,Ladd McConkey,LAC,WR,at BUF,recYds,Caesars,109.5,over,64.26,1000,,0.0909,0.0909,,1,0.0582,-0.0328,-0.0328,ev,none,live,2026092763BB8AC8,2026-09-22T17:47:03.773Z
2026,3,15876,James Cook,BUF,RB,vs LAC,rushYds,DraftKings,179.5,over,76.14,2900,,0.0333,0.0333,,1,0.0005,-0.0328,-0.0328,ev,none,live,2026092763BB8AC8,2026-09-22T17:47:03.773Z
2026,3,14411,CeeDee Lamb,DAL,WR,vs BAL,recYds,DraftKings,189.5,over,81.88,2500,,0.0385,0.0385,,1,0.0057,-0.0328,-0.0328,ev,none,live,202609270726D5A2,2026-09-22T17:47:03.773Z
2026,3,14446,Justin Herbert,LAC,QB,at BUF,passYds,Hard Rock,299.5,under,223.25,-1000,500,0.9091,0.8451,0.0758,0,0.8763,-0.0328,0.0312,ev,multiplicative,live,2026092763BB8AC8,2026-09-22T17:47:03.773Z
2026,3,18500,Matthew Golden,GB,WR,vs ATL,recYds,Caesars,52.5,over,52.68,-115,-114,0.5349,0.5010,0.0676,0,0.5020,-0.0329,0.0009,ev,multiplicative,live,202609250580A50A,2026-09-22T17:47:03.773Z
2026,3,15946,Christian Watson,GB,WR,vs ATL,recYds,DraftKings,159.5,over,69.75,1880,,0.0505,0.0505,,1,0.0176,-0.0329,-0.0329,ev,none,live,202609250580A50A,2026-09-22T17:47:03.773Z
2026,3,12483,Josh Allen,BUF,QB,vs LAC,rushYds,FanDuel,24.5,over,32.45,-232,,0.6988,0.6988,,1,0.6659,-0.0329,-0.0329,ev,none,live,2026092763BB8AC8,2026-09-22T17:47:03.773Z
2026,3,11008,Dak Prescott,DAL,QB,vs BAL,completions,DraftKings,35.5,over,22.43,1580,,0.0595,0.0595,,1,0.0266,-0.0329,-0.0329,ev,none,live,202609270726D5A2,2026-09-22T17:47:03.773Z
2026,3,18500,Matthew Golden,GB,WR,vs ATL,recYds,Hard Rock,52.5,over,52.68,-115,-115,0.5349,0.5000,0.0698,0,0.5020,-0.0329,0.0020,ev,multiplicative,live,202609250580A50A,2026-09-22T17:47:03.773Z
2026,3,15876,James Cook,BUF,RB,vs LAC,rushYds,Hard Rock,66.5,under,76.14,160,-230,0.3846,0.3556,0.0816,0,0.3517,-0.0329,-0.0039,ev,multiplicative,live,2026092763BB8AC8,2026-09-22T17:47:03.773Z
2026,3,15868,Drake London,ATL,WR,at GB,receptions,DraftKings,9.5,over,4.64,1060,,0.0862,0.0862,,1,0.0532,-0.0330,-0.0330,ev,none,live,202609250580A50A,2026-09-22T17:47:03.773Z
2026,3,18500,Matthew Golden,GB,WR,vs ATL,recYds,BetRivers,53.5,under,52.68,-118,-113,0.5413,0.5050,0.0718,0,0.5083,-0.0330,0.0033,ev,multiplicative,live,202609250580A50A,2026-09-22T17:47:03.773Z
2026,3,16739,Bijan Robinson,ATL,RB,at GB,rushYds,Caesars,129.5,over,87.97,575,,0.1481,0.1481,,1,0.1151,-0.0330,-0.0330,ev,none,live,202609250580A50A,2026-09-22T17:47:03.773Z
2026,3,11008,Dak Prescott,DAL,QB,vs BAL,passYds,DraftKings,359.5,over,260.17,770,,0.1149,0.1149,,1,0.0820,-0.0330,-0.0330,ev,none,live,202609270726D5A2,2026-09-22T17:47:03.773Z
2026,3,15853,George Pickens,DAL,WR,vs BAL,recYds,Hard Rock,9.5,under,75.47,1600,-8000,0.0588,0.0562,0.0465,0,0.0258,-0.0330,-0.0304,ev,multiplicative,live,202609270726D5A2,2026-09-22T17:47:03.773Z
2026,3,14446,Justin Herbert,LAC,QB,at BUF,passYds,Caesars,319.5,over,223.25,850,,0.1053,0.1053,,1,0.0721,-0.0331,-0.0331,ev,none,live,2026092763BB8AC8,2026-09-22T17:47:03.773Z
2026,3,16649,Tucker Kraft,GB,TE,vs ATL,recYds,Hard Rock,56.5,under,49.04,-190,135,0.6552,0.6062,0.0807,0,0.6221,-0.0331,0.0158,ev,multiplicative,live,202609250580A50A,2026-09-22T17:47:03.773Z
2026,3,17700,Michael Penix Jr.,ATL,QB,at GB,rushYds,FanDuel,19.5,over,8.86,746,,0.1182,0.1182,,1,0.0850,-0.0332,-0.0332,ev,none,live,202609250580A50A,2026-09-22T17:47:03.773Z
2026,3,18500,Matthew Golden,GB,WR,vs ATL,recYds,Hard Rock,62.5,over,52.68,130,-180,0.4348,0.4035,0.0776,0,0.4016,-0.0332,-0.0019,ev,multiplicative,live,202609250580A50A,2026-09-22T17:47:03.773Z
2026,3,16649,Tucker Kraft,GB,TE,vs ATL,recYds,DraftKings,139.5,over,49.04,2900,,0.0333,0.0333,,1,0.0001,-0.0333,-0.0333,ev,none,live,202609250580A50A,2026-09-22T17:47:03.773Z
2026,3,15946,Christian Watson,GB,WR,vs ATL,recYds,Hard Rock,108.5,under,69.75,-575,325,0.8519,0.7836,0.0871,0,0.8185,-0.0333,0.0349,ev,multiplicative,live,202609250580A50A,2026-09-22T17:47:03.773Z
2026,3,18500,Matthew Golden,GB,WR,vs ATL,recYds,DraftKings,89.5,over,52.68,380,,0.2083,0.2083,,1,0.1750,-0.0334,-0.0334,ev,none,live,202609250580A50A,2026-09-22T17:47:03.773Z
2026,3,15946,Christian Watson,GB,WR,vs ATL,recYds,BetRivers,49.5,over,69.75,-240,,0.7059,0.7059,,1,0.6725,-0.0334,-0.0334,ev,none,live,202609250580A50A,2026-09-22T17:47:03.773Z
2026,3,10819,Derrick Henry,BAL,RB,at DAL,rushYds,DraftKings,199.5,over,97.69,2600,,0.0370,0.0370,,1,0.0036,-0.0335,-0.0335,ev,none,live,202609270726D5A2,2026-09-22T17:47:03.773Z
2026,3,15868,Drake London,ATL,WR,at GB,receptions,Hard Rock,8.5,over,4.64,650,-1800,0.1333,0.1234,0.0807,0,0.0998,-0.0335,-0.0235,ev,multiplicative,live,202609250580A50A,2026-09-22T17:47:03.773Z
2026,3,12483,Josh Allen,BUF,QB,vs LAC,rushYds,FanDuel,29.5,over,32.45,-148,,0.5968,0.5968,,1,0.5632,-0.0336,-0.0336,ev,none,live,2026092763BB8AC8,2026-09-22T17:47:03.773Z
2026,3,15868,Drake London,ATL,WR,at GB,receptions,Hard Rock,1.5,over,4.64,-7000,1500,0.9859,0.9404,0.0484,0,0.9523,-0.0336,0.0119,ev,multiplicative,live,202609250580A50A,2026-09-22T17:47:03.773Z
2026,3,15868,Drake London,ATL,WR,at GB,receptions,Hard Rock,9.5,under,4.64,-5000,1200,0.9804,0.9272,0.0573,0,0.9468,-0.0336,0.0196,ev,multiplicative,live,202609250580A50A,2026-09-22T17:47:03.773Z
2026,3,15946,Christian Watson,GB,WR,vs ATL,recYds,Hard Rock,88.5,over,69.75,175,-250,0.3636,0.3373,0.0779,0,0.3299,-0.0337,-0.0074,ev,multiplicative,live,202609250580A50A,2026-09-22T17:47:03.773Z
2026,3,14446,Justin Herbert,LAC,QB,at BUF,passYds,Hard Rock,281.5,over,223.25,350,-575,0.2222,0.2069,0.0741,0,0.1884,-0.0338,-0.0185,ev,multiplicative,live,2026092763BB8AC8,2026-09-22T17:47:03.773Z
2026,3,18500,Matthew Golden,GB,WR,vs ATL,recYds,DraftKings,129.5,over,52.68,1580,,0.0595,0.0595,,1,0.0256,-0.0339,-0.0339,ev,none,live,202609250580A50A,2026-09-22T17:47:03.773Z
2026,3,17724,Ladd McConkey,LAC,WR,at BUF,recYds,DraftKings,139.5,over,64.26,2500,,0.0385,0.0385,,1,0.0045,-0.0340,-0.0340,ev,none,live,2026092763BB8AC8,2026-09-22T17:47:03.773Z
2026,3,12561,Lamar Jackson,BAL,QB,at DAL,passTD,Caesars,3.5,over,1.77,625,,0.1379,0.1379,,1,0.1039,-0.0340,-0.0340,ev,none,live,202609270726D5A2,2026-09-22T17:47:03.773Z
2026,3,12561,Lamar Jackson,BAL,QB,at DAL,completions,BetRivers,18.5,over,18.74,-121,,0.5475,0.5475,,1,0.5135,-0.0340,-0.0340,ev,none,live,202609270726D5A2,2026-09-22T17:47:03.773Z
2026,3,15946,Christian Watson,GB,WR,vs ATL,recYds,Hard Rock,93.5,over,69.75,210,-300,0.3226,0.3008,0.0726,0,0.2886,-0.0340,-0.0122,ev,multiplicative,live,202609250580A50A,2026-09-22T17:47:03.773Z
2026,3,12483,Josh Allen,BUF,QB,vs LAC,rushYds,BetRivers,32.5,over,32.45,-114,-117,0.5327,0.4970,0.0719,0,0.4986,-0.0341,0.0016,ev,multiplicative,live,2026092763BB8AC8,2026-09-22T17:47:03.773Z
2026,3,12483,Josh Allen,BUF,QB,vs LAC,rushYds,FanDuel,32.5,over,32.45,-114,-114,0.5327,0.5000,0.0654,0,0.4986,-0.0341,-0.0014,ev,multiplicative,live,2026092763BB8AC8,2026-09-22T17:47:03.773Z
2026,3,18478,Tre Harris,LAC,WR,at BUF,receptions,DraftKings,3.5,over,2.74,152,,0.3968,0.3968,,1,0.3628,-0.0341,-0.0341,ev,none,live,2026092763BB8AC8,2026-09-22T17:47:03.773Z
2026,3,17700,Michael Penix Jr.,ATL,QB,at GB,passYds,DraftKings,289.5,over,199.74,760,,0.1163,0.1163,,1,0.0821,-0.0342,-0.0342,ev,none,live,202609250580A50A,2026-09-22T17:47:03.773Z
2026,3,17700,Michael Penix Jr.,ATL,QB,at GB,passTD,BetRivers,0.5,under,1.15,185,-250,0.3509,0.3294,0.0652,0,0.3166,-0.0342,-0.0128,ev,multiplicative,live,202609250580A50A,2026-09-22T17:47:03.773Z
2026,3,12483,Josh Allen,BUF,QB,vs LAC,rushYds,Caesars,19.5,over,32.45,-380,,0.7917,0.7917,,1,0.7575,-0.0342,-0.0342,ev,none,live,2026092763BB8AC8,2026-09-22T17:47:03.773Z
2026,3,14446,Justin Herbert,LAC,QB,at BUF,passYds,Hard Rock,301.5,under,223.25,-1100,500,0.9167,0.8462,0.0833,0,0.8824,-0.0343,0.0363,ev,multiplicative,live,2026092763BB8AC8,2026-09-22T17:47:03.773Z
2026,3,14371,Jordan Love,GB,QB,vs ATL,rushYds,BetRivers,19.5,over,14.63,290,,0.2564,0.2564,,1,0.2219,-0.0345,-0.0345,ev,none,live,202609250580A50A,2026-09-22T17:47:03.773Z
2026,3,15265,Kyle Pitts,ATL,TE,at GB,receptions,Hard Rock,6.5,over,3.52,650,-2000,0.1333,0.1228,0.0857,0,0.0988,-0.0345,-0.0240,ev,multiplicative,live,202609250580A50A,2026-09-22T17:47:03.773Z
2026,3,18500,Matthew Golden,GB,WR,vs ATL,recYds,Hard Rock,49.5,under,52.68,100,-135,0.5000,0.4653,0.0745,0,0.4655,-0.0345,0.0001,ev,multiplicative,live,202609250580A50A,2026-09-22T17:47:03.773Z
2026,3,18500,Matthew Golden,GB,WR,vs ATL,recYds,Hard Rock,87.5,under,52.68,-550,325,0.8462,0.7824,0.0814,0,0.8116,-0.0345,0.0292,ev,multiplicative,live,202609250580A50A,2026-09-22T17:47:03.773Z
2026,3,15868,Drake London,ATL,WR,at GB,recYds,DraftKings,49.5,over,61.67,-233,,0.6997,0.6997,,1,0.6651,-0.0346,-0.0346,ev,none,live,202609250580A50A,2026-09-22T17:47:03.773Z
2026,3,18500,Matthew Golden,GB,WR,vs ATL,recYds,Hard Rock,64.5,over,52.68,140,-200,0.4167,0.3846,0.0833,0,0.3821,-0.0346,-0.0025,ev,multiplicative,live,202609250580A50A,2026-09-22T17:47:03.773Z
2026,3,14446,Justin Herbert,LAC,QB,at BUF,passYds,Hard Rock,271.5,over,223.25,275,-425,0.2667,0.2478,0.0762,0,0.2321,-0.0346,-0.0157,ev,multiplicative,live,2026092763BB8AC8,2026-09-22T17:47:03.773Z
2026,3,18500,Matthew Golden,GB,WR,vs ATL,recYds,Caesars,52.5,under,52.68,-114,-115,0.5327,0.4990,0.0676,0,0.4980,-0.0347,-0.0009,ev,multiplicative,live,202609250580A50A,2026-09-22T17:47:03.773Z
2026,3,18500,Matthew Golden,GB,WR,vs ATL,recYds,FanDuel,52.5,under,52.68,-114,-114,0.5327,0.5000,0.0654,0,0.4980,-0.0347,-0.0020,ev,multiplicative,live,202609250580A50A,2026-09-22T17:47:03.773Z
2026,3,12477,DJ Moore,BUF,WR,vs LAC,recYds,Caesars,99.5,over,52.56,650,,0.1333,0.1333,,1,0.0987,-0.0347,-0.0347,ev,none,live,2026092763BB8AC8,2026-09-22T17:47:03.773Z
2026,3,16739,Bijan Robinson,ATL,RB,at GB,rushYds,Hard Rock,123.5,under,87.97,-750,375,0.8824,0.8074,0.0929,0,0.8476,-0.0347,0.0403,ev,multiplicative,live,202609250580A50A,2026-09-22T17:47:03.773Z
2026,3,12477,DJ Moore,BUF,WR,vs LAC,recYds,Hard Rock,99.5,over,52.56,650,-1800,0.1333,0.1234,0.0807,0,0.0987,-0.0347,-0.0247,ev,multiplicative,live,2026092763BB8AC8,2026-09-22T17:47:03.773Z
2026,3,16739,Bijan Robinson,ATL,RB,at GB,rushYds,DraftKings,139.5,over,87.97,870,,0.1031,0.1031,,1,0.0683,-0.0348,-0.0348,ev,none,live,202609250580A50A,2026-09-22T17:47:03.773Z
2026,3,14371,Jordan Love,GB,QB,vs ATL,passYds,Caesars,219.5,over,232.97,-148,,0.5968,0.5968,,1,0.5620,-0.0348,-0.0348,ev,none,live,202609250580A50A,2026-09-22T17:47:03.773Z
2026,3,15868,Drake London,ATL,WR,at GB,receptions,FanDuel,7.5,over,4.64,386,,0.2058,0.2058,,1,0.1710,-0.0348,-0.0348,ev,none,live,202609250580A50A,2026-09-22T17:47:03.773Z
2026,3,12477,DJ Moore,BUF,WR,vs LAC,recYds,DraftKings,129.5,over,52.56,1820,,0.0521,0.0521,,1,0.0173,-0.0348,-0.0348,ev,none,live,2026092763BB8AC8,2026-09-22T17:47:03.773Z
2026,3,18500,Matthew Golden,GB,WR,vs ATL,recYds,Hard Rock,42.5,under,52.68,135,-195,0.4255,0.3916,0.0865,0,0.3907,-0.0348,-0.0009,ev,multiplicative,live,202609250580A50A,2026-09-22T17:47:03.773Z
2026,3,15947,Jake Ferguson,DAL,TE,vs BAL,receptions,Hard Rock,7.5,over,3.73,1300,-6000,0.0714,0.0677,0.0550,0,0.0367,-0.0348,-0.0310,ev,multiplicative,live,202609270726D5A2,2026-09-22T17:47:03.773Z
2026,3,16739,Bijan Robinson,ATL,RB,at GB,rushAtt,DraftKings,21.5,over,18.91,237,,0.2967,0.2967,,1,0.2619,-0.0349,-0.0349,ev,none,live,202609250580A50A,2026-09-22T17:47:03.773Z
2026,3,14371,Jordan Love,GB,QB,vs ATL,passYds,Hard Rock,347.5,under,232.97,-6000,1400,0.9836,0.9365,0.0503,0,0.9487,-0.0349,0.0122,ev,multiplicative,live,202609250580A50A,2026-09-22T17:47:03.773Z
2026,3,15946,Christian Watson,GB,WR,vs ATL,recYds,Caesars,79.5,over,69.75,125,,0.4444,0.4444,,1,0.4095,-0.0350,-0.0350,ev,none,live,202609250580A50A,2026-09-22T17:47:03.773Z
2026,3,14446,Justin Herbert,LAC,QB,at BUF,passYds,Hard Rock,341.5,over,223.25,1300,-6000,0.0714,0.0677,0.0550,0,0.0364,-0.0350,-0.0313,ev,multiplicative,live,2026092763BB8AC8,2026-09-22T17:47:03.773Z
2026,3,18500,Matthew Golden,GB,WR,vs ATL,recYds,DraftKings,39.5,over,52.68,-208,,0.6753,0.6753,,1,0.6403,-0.0351,-0.0351,ev,none,live,202609250580A50A,2026-09-22T17:47:03.773Z
2026,3,16741,Chris Brooks,GB,RB,vs ATL,rushYds,Hard Rock,36.5,over,28.67,400,-700,0.2000,0.1860,0.0750,0,0.1649,-0.0351,-0.0211,ev,multiplicative,live,202609250580A50A,2026-09-22T17:47:03.773Z
2026,3,15946,Christian Watson,GB,WR,vs ATL,recYds,DraftKings,149.5,over,69.75,1420,,0.0658,0.0658,,1,0.0306,-0.0352,-0.0352,ev,none,live,202609250580A50A,2026-09-22T17:47:03.773Z
2026,3,14371,Jordan Love,GB,QB,vs ATL,passTD,FanDuel,3.5,over,1.48,917,,0.0983,0.0983,,1,0.0632,-0.0352,-0.0352,ev,none,live,202609250580A50A,2026-09-22T17:47:03.773Z
2026,3,15306,Javonte Williams,DAL,RB,vs BAL,recYds,Caesars,9.5,over,15.36,-235,,0.7015,0.7015,,1,0.6663,-0.0352,-0.0352,ev,none,live,202609270726D5A2,2026-09-22T17:47:03.773Z
2026,3,15946,Christian Watson,GB,WR,vs ATL,recYds,theScore,109.5,over,69.75,375,,0.2105,0.2105,,1,0.1754,-0.0352,-0.0352,ev,none,live,202609250580A50A,2026-09-22T17:47:03.773Z
2026,3,14446,Justin Herbert,LAC,QB,at BUF,passYds,Hard Rock,211.5,under,223.25,110,-155,0.4762,0.4393,0.0840,0,0.4410,-0.0352,0.0017,ev,multiplicative,live,2026092763BB8AC8,2026-09-22T17:47:03.773Z
2026,3,18478,Tre Harris,LAC,WR,at BUF,recYds,Hard Rock,28.5,under,34.63,115,-160,0.4651,0.4305,0.0805,0,0.4299,-0.0352,-0.0006,ev,multiplicative,live,2026092763BB8AC8,2026-09-22T17:47:03.773Z
2026,3,10819,Derrick Henry,BAL,RB,at DAL,rushYds,Caesars,119.5,over,97.69,215,,0.3175,0.3175,,1,0.2822,-0.0353,-0.0353,ev,none,live,202609270726D5A2,2026-09-22T17:47:03.773Z
2026,3,15876,James Cook,BUF,RB,vs LAC,rushYds,theScore,49.5,over,76.14,-800,,0.8889,0.8889,,1,0.8536,-0.0353,-0.0353,ev,none,live,2026092763BB8AC8,2026-09-22T17:47:03.773Z
2026,3,15947,Jake Ferguson,DAL,TE,vs BAL,receptions,Hard Rock,6.5,under,3.73,-1600,650,0.9412,0.8759,0.0745,0,0.9059,-0.0353,0.0300,ev,multiplicative,live,202609270726D5A2,2026-09-22T17:47:03.773Z
2026,3,16649,Tucker Kraft,GB,TE,vs ATL,receptions,Hard Rock,3.5,under,3.83,120,-155,0.4545,0.4279,0.0624,0,0.4191,-0.0354,-0.0088,ev,multiplicative,live,202609250580A50A,2026-09-22T17:47:03.773Z
2026,3,16649,Tucker Kraft,GB,TE,vs ATL,receptions,theScore,3.5,under,3.83,120,-155,0.4545,0.4279,0.0624,0,0.4191,-0.0354,-0.0088,ev,multiplicative,live,202609250580A50A,2026-09-22T17:47:03.773Z
2026,3,15868,Drake London,ATL,WR,at GB,recYds,DraftKings,159.5,over,61.67,2700,,0.0357,0.0357,,1,0.0000,-0.0357,-0.0357,ev,none,live,202609250580A50A,2026-09-22T17:47:03.773Z
2026,3,14446,Justin Herbert,LAC,QB,at BUF,rushYds,DraftKings,69.5,over,22.63,2700,,0.0357,0.0357,,1,0.0000,-0.0357,-0.0357,ev,none,live,2026092763BB8AC8,2026-09-22T17:47:03.773Z
2026,3,18478,Tre Harris,LAC,WR,at BUF,receptions,Hard Rock,6.5,over,2.74,1200,-5000,0.0769,0.0728,0.0573,0,0.0412,-0.0357,-0.0316,ev,multiplicative,live,2026092763BB8AC8,2026-09-22T17:47:03.773Z
2026,3,15853,George Pickens,DAL,WR,vs BAL,receptions,Hard Rock,5.5,under,4.89,-150,115,0.6000,0.5633,0.0651,0,0.5643,-0.0357,0.0010,ev,multiplicative,live,202609270726D5A2,2026-09-22T17:47:03.773Z
2026,3,15265,Kyle Pitts,ATL,TE,at GB,receptions,Caesars,3.5,over,3.52,-118,-102,0.5413,0.5174,0.0462,0,0.5055,-0.0358,-0.0119,ev,multiplicative,live,202609250580A50A,2026-09-22T17:47:03.773Z
2026,3,15876,James Cook,BUF,RB,vs LAC,rushYds,Caesars,59.5,over,76.14,-355,,0.7802,0.7802,,1,0.7444,-0.0358,-0.0358,ev,none,live,2026092763BB8AC8,2026-09-22T17:47:03.773Z
2026,3,17700,Michael Penix Jr.,ATL,QB,at GB,passYds,DraftKings,279.5,over,199.74,594,,0.1441,0.1441,,1,0.1082,-0.0359,-0.0359,ev,none,live,202609250580A50A,2026-09-22T17:47:03.773Z
2026,3,12561,Lamar Jackson,BAL,QB,at DAL,completions,Caesars,19.5,under,18.74,-141,107,0.5851,0.5477,0.0682,0,0.5492,-0.0359,0.0014,ev,multiplicative,live,202609270726D5A2,2026-09-22T17:47:03.773Z
2026,3,16649,Tucker Kraft,GB,TE,vs ATL,recYds,Hard Rock,6.5,under,49.04,1300,-6000,0.0714,0.0677,0.0550,0,0.0355,-0.0359,-0.0322,ev,multiplicative,live,202609250580A50A,2026-09-22T17:47:03.773Z
2026,3,15868,Drake London,ATL,WR,at GB,receptions,FanDuel,8.5,over,4.64,636,,0.1359,0.1359,,1,0.0998,-0.0360,-0.0360,ev,none,live,202609250580A50A,2026-09-22T17:47:03.773Z
2026,3,18500,Matthew Golden,GB,WR,vs ATL,recYds,FanDuel,59.5,over,52.68,114,,0.4673,0.4673,,1,0.4313,-0.0360,-0.0360,ev,none,live,202609250580A50A,2026-09-22T17:47:03.773Z
2026,3,12483,Josh Allen,BUF,QB,vs LAC,passYds,DraftKings,209.5,over,256.07,-275,,0.7333,0.7333,,1,0.6974,-0.0360,-0.0360,ev,none,live,2026092763BB8AC8,2026-09-22T17:47:03.773Z
2026,3,17724,Ladd McConkey,LAC,WR,at BUF,recYds,DraftKings,99.5,over,64.26,582,,0.1466,0.1466,,1,0.1106,-0.0360,-0.0360,ev,none,live,2026092763BB8AC8,2026-09-22T17:47:03.773Z
2026,3,15853,George Pickens,DAL,WR,vs BAL,receptions,FanDuel,5.5,over,4.89,112,-148,0.4717,0.4415,0.0685,0,0.4357,-0.0360,-0.0058,ev,multiplicative,live,202609270726D5A2,2026-09-22T17:47:03.773Z
2026,3,12561,Lamar Jackson,BAL,QB,at DAL,passYds,DraftKings,199.5,over,259.92,-355,,0.7802,0.7802,,1,0.7441,-0.0361,-0.0361,ev,none,live,202609270726D5A2,2026-09-22T17:47:03.773Z
2026,3,15850,Jahan Dotson,ATL,WR,at GB,receptions,Hard Rock,5.5,over,1.43,2500,,0.0385,0.0385,,1,0.0023,-0.0361,-0.0361,ev,none,live,202609250580A50A,2026-09-22T17:47:03.773Z
2026,3,15907,Brian Robinson Jr.,ATL,RB,at GB,rushYds,DraftKings,19.5,over,22,-166,,0.6241,0.6241,,1,0.5879,-0.0362,-0.0362,ev,none,live,202609250580A50A,2026-09-22T17:47:03.773Z
2026,3,16739,Bijan Robinson,ATL,RB,at GB,rushYds,Hard Rock,113.5,over,87.97,275,-475,0.2667,0.2440,0.0928,0,0.2304,-0.0362,-0.0136,ev,multiplicative,live,202609250580A50A,2026-09-22T17:47:03.773Z
2026,3,12483,Josh Allen,BUF,QB,vs LAC,rushYds,Hard Rock,23.5,under,32.45,185,-275,0.3509,0.3236,0.0842,0,0.3147,-0.0362,-0.0089,ev,multiplicative,live,2026092763BB8AC8,2026-09-22T17:47:03.773Z
2026,3,14371,Jordan Love,GB,QB,vs ATL,passYds,Caesars,279.5,over,232.97,245,,0.2899,0.2899,,1,0.2536,-0.0363,-0.0363,ev,none,live,202609250580A50A,2026-09-22T17:47:03.773Z
2026,3,12483,Josh Allen,BUF,QB,vs LAC,rushYds,Hard Rock,24.5,under,32.45,170,-250,0.3704,0.3415,0.0847,0,0.3341,-0.0363,-0.0074,ev,multiplicative,live,2026092763BB8AC8,2026-09-22T17:47:03.773Z
2026,3,15946,Christian Watson,GB,WR,vs ATL,recYds,FanDuel,124.5,over,69.75,637,,0.1357,0.1357,,1,0.0993,-0.0364,-0.0364,ev,none,live,202609250580A50A,2026-09-22T17:47:03.773Z
2026,3,11008,Dak Prescott,DAL,QB,vs BAL,passTD,DraftKings,3.5,over,1.57,800,,0.1111,0.1111,,1,0.0747,-0.0364,-0.0364,ev,none,live,202609270726D5A2,2026-09-22T17:47:03.773Z
2026,3,14371,Jordan Love,GB,QB,vs ATL,passYds,Caesars,269.5,over,232.97,196,,0.3378,0.3378,,1,0.3013,-0.0365,-0.0365,ev,none,live,202609250580A50A,2026-09-22T17:47:03.773Z
2026,3,18500,Matthew Golden,GB,WR,vs ATL,recYds,DraftKings,99.5,over,52.68,550,,0.1538,0.1538,,1,0.1173,-0.0365,-0.0365,ev,none,live,202609250580A50A,2026-09-22T17:47:03.773Z
2026,3,14446,Justin Herbert,LAC,QB,at BUF,passYds,FanDuel,222.5,under,223.25,-114,-114,0.5327,0.5000,0.0654,0,0.4962,-0.0365,-0.0038,ev,multiplicative,live,2026092763BB8AC8,2026-09-22T17:47:03.773Z
2026,3,18500,Matthew Golden,GB,WR,vs ATL,recYds,Hard Rock,57.5,over,52.68,105,-145,0.4878,0.4518,0.0796,0,0.4513,-0.0365,-0.0005,ev,multiplicative,live,202609250580A50A,2026-09-22T17:47:03.773Z
2026,3,17795,MarShawn Lloyd,GB,RB,vs ATL,rushYds,theScore,99.5,over,45.05,1200,,0.0769,0.0769,,1,0.0403,-0.0366,-0.0366,ev,none,live,202609250580A50A,2026-09-22T17:47:03.773Z
2026,3,14371,Jordan Love,GB,QB,vs ATL,passYds,Caesars,289.5,over,232.97,305,,0.2469,0.2469,,1,0.2102,-0.0367,-0.0367,ev,none,live,202609250580A50A,2026-09-22T17:47:03.773Z
2026,3,15265,Kyle Pitts,ATL,TE,at GB,recYds,FanDuel,49.5,over,40.08,190,,0.3448,0.3448,,1,0.3082,-0.0367,-0.0367,ev,none,live,202609250580A50A,2026-09-22T17:47:03.773Z
2026,3,16739,Bijan Robinson,ATL,RB,at GB,rushYds,DraftKings,159.5,over,87.97,1680,,0.0562,0.0562,,1,0.0194,-0.0368,-0.0368,ev,none,live,202609250580A50A,2026-09-22T17:47:03.773Z
2026,3,15868,Drake London,ATL,WR,at GB,receptions,FanDuel,10.5,over,4.64,1499,,0.0625,0.0625,,1,0.0258,-0.0368,-0.0368,ev,none,live,202609250580A50A,2026-09-22T17:47:03.773Z
2026,3,18500,Matthew Golden,GB,WR,vs ATL,recYds,Hard Rock,52.5,under,52.68,-115,-115,0.5349,0.5000,0.0698,0,0.4980,-0.0368,-0.0020,ev,multiplicative,live,202609250580A50A,2026-09-22T17:47:03.773Z
2026,3,14371,Jordan Love,GB,QB,vs ATL,passTD,theScore,3.5,over,1.48,900,,0.1000,0.1000,,1,0.0632,-0.0368,-0.0368,ev,none,live,202609250580A50A,2026-09-22T17:47:03.773Z
2026,3,15306,Javonte Williams,DAL,RB,vs BAL,recYds,Hard Rock,11.5,under,15.36,135,-185,0.4255,0.3960,0.0747,0,0.3886,-0.0369,-0.0074,ev,multiplicative,live,202609270726D5A2,2026-09-22T17:47:03.773Z
2026,3,14371,Jordan Love,GB,QB,vs ATL,rushYds,DraftKings,49.5,over,14.63,2600,,0.0370,0.0370,,1,0.0000,-0.0370,-0.0370,ev,none,live,202609250580A50A,2026-09-22T17:47:03.773Z
2026,3,15306,Javonte Williams,DAL,RB,vs BAL,recYds,DraftKings,69.5,over,15.36,2600,,0.0370,0.0370,,1,0.0000,-0.0370,-0.0370,ev,none,live,202609270726D5A2,2026-09-22T17:47:03.773Z
2026,3,12477,DJ Moore,BUF,WR,vs LAC,recYds,theScore,79.5,over,52.56,275,,0.2667,0.2667,,1,0.2297,-0.0370,-0.0370,ev,none,live,2026092763BB8AC8,2026-09-22T17:47:03.773Z
2026,3,11008,Dak Prescott,DAL,QB,vs BAL,passYds,FanDuel,399.5,over,260.17,1499,,0.0625,0.0625,,1,0.0254,-0.0371,-0.0371,ev,none,live,202609270726D5A2,2026-09-22T17:47:03.773Z
2026,3,14446,Justin Herbert,LAC,QB,at BUF,passYds,DraftKings,199.5,over,223.25,-190,,0.6552,0.6552,,1,0.6179,-0.0372,-0.0372,ev,none,live,2026092763BB8AC8,2026-09-22T17:47:03.773Z
2026,3,15306,Javonte Williams,DAL,RB,vs BAL,rushYds,Hard Rock,34.5,over,63.83,-600,350,0.8571,0.7941,0.0794,0,0.8199,-0.0372,0.0258,ev,multiplicative,live,202609270726D5A2,2026-09-22T17:47:03.773Z
2026,3,15868,Drake London,ATL,WR,at GB,receptions,Caesars,7.5,over,4.64,380,,0.2083,0.2083,,1,0.1710,-0.0373,-0.0373,ev,none,live,202609250580A50A,2026-09-22T17:47:03.773Z
2026,3,15306,Javonte Williams,DAL,RB,vs BAL,rushYds,FanDuel,29.5,over,63.83,-854,,0.8952,0.8952,,1,0.8579,-0.0373,-0.0373,ev,none,live,202609270726D5A2,2026-09-22T17:47:03.773Z
2026,3,11008,Dak Prescott,DAL,QB,vs BAL,passYds,Caesars,369.5,over,260.17,900,,0.1000,0.1000,,1,0.0627,-0.0373,-0.0373,ev,none,live,202609270726D5A2,2026-09-22T17:47:03.773Z
2026,3,17795,MarShawn Lloyd,GB,RB,vs ATL,recYds,Hard Rock,35.5,under,12.1,-9000,1750,0.9890,0.9482,0.0431,0,0.9517,-0.0373,0.0035,ev,multiplicative,live,202609250580A50A,2026-09-22T17:47:03.773Z
2026,3,18478,Tre Harris,LAC,WR,at BUF,recYds,theScore,19.5,over,34.63,-240,,0.7059,0.7059,,1,0.6686,-0.0373,-0.0373,ev,none,live,2026092763BB8AC8,2026-09-22T17:47:03.773Z
2026,3,16649,Tucker Kraft,GB,TE,vs ATL,receptions,Caesars,3.5,over,3.83,-162,,0.6183,0.6183,,1,0.5809,-0.0374,-0.0374,ev,none,live,202609250580A50A,2026-09-22T17:47:03.773Z
2026,3,17724,Ladd McConkey,LAC,WR,at BUF,recYds,Hard Rock,93.5,under,64.26,-750,400,0.8824,0.8152,0.0824,0,0.8450,-0.0374,0.0297,ev,multiplicative,live,2026092763BB8AC8,2026-09-22T17:47:03.773Z
2026,3,14411,CeeDee Lamb,DAL,WR,vs BAL,recYds,Hard Rock,55.5,under,81.88,260,-425,0.2778,0.2555,0.0873,0,0.2403,-0.0374,-0.0151,ev,multiplicative,live,202609270726D5A2,2026-09-22T17:47:03.773Z
2026,3,11008,Dak Prescott,DAL,QB,vs BAL,passYds,Hard Rock,385.5,over,260.17,1200,-5000,0.0769,0.0728,0.0573,0,0.0395,-0.0374,-0.0332,ev,multiplicative,live,202609270726D5A2,2026-09-22T17:47:03.773Z
2026,3,12477,DJ Moore,BUF,WR,vs LAC,recYds,Caesars,69.5,over,52.56,179,,0.3584,0.3584,,1,0.3209,-0.0375,-0.0375,ev,none,live,2026092763BB8AC8,2026-09-22T17:47:03.773Z
2026,3,11008,Dak Prescott,DAL,QB,vs BAL,passYds,DraftKings,349.5,over,260.17,600,,0.1429,0.1429,,1,0.1053,-0.0375,-0.0375,ev,none,live,202609270726D5A2,2026-09-22T17:47:03.773Z
2026,3,18500,Matthew Golden,GB,WR,vs ATL,recYds,Hard Rock,79.5,under,52.68,-375,250,0.7895,0.7343,0.0752,0,0.7520,-0.0375,0.0177,ev,multiplicative,live,202609250580A50A,2026-09-22T17:47:03.773Z
2026,3,17700,Michael Penix Jr.,ATL,QB,at GB,completions,DraftKings,27.5,over,16.68,1300,,0.0714,0.0714,,1,0.0337,-0.0377,-0.0377,ev,none,live,202609250580A50A,2026-09-22T17:47:03.773Z
2026,3,15868,Drake London,ATL,WR,at GB,receptions,Hard Rock,7.5,under,4.64,-650,350,0.8667,0.7959,0.0889,0,0.8290,-0.0377,0.0331,ev,multiplicative,live,202609250580A50A,2026-09-22T17:47:03.773Z
2026,3,18500,Matthew Golden,GB,WR,vs ATL,recYds,Hard Rock,79.5,over,52.68,250,-375,0.2857,0.2657,0.0752,0,0.2480,-0.0377,-0.0177,ev,multiplicative,live,202609250580A50A,2026-09-22T17:47:03.773Z
2026,3,18500,Matthew Golden,GB,WR,vs ATL,recYds,theScore,79.5,over,52.68,250,,0.2857,0.2857,,1,0.2480,-0.0377,-0.0377,ev,none,live,202609250580A50A,2026-09-22T17:47:03.773Z
2026,3,15306,Javonte Williams,DAL,RB,vs BAL,recYds,Hard Rock,11.5,over,15.36,-185,135,0.6491,0.6040,0.0747,0,0.6114,-0.0377,0.0074,ev,multiplicative,live,202609270726D5A2,2026-09-22T17:47:03.773Z
2026,3,12483,Josh Allen,BUF,QB,vs LAC,rushYds,BetRivers,32.5,under,32.45,-117,-114,0.5392,0.5030,0.0719,0,0.5014,-0.0378,-0.0016,ev,multiplicative,live,2026092763BB8AC8,2026-09-22T17:47:03.773Z
2026,3,12561,Lamar Jackson,BAL,QB,at DAL,rushYds,DraftKings,9.5,over,52.86,-1920,,0.9505,0.9505,,1,0.9127,-0.0378,-0.0378,ev,none,live,202609270726D5A2,2026-09-22T17:47:03.773Z
2026,3,16739,Bijan Robinson,ATL,RB,at GB,rushYds,DraftKings,149.5,over,87.97,1220,,0.0758,0.0758,,1,0.0378,-0.0380,-0.0380,ev,none,live,202609250580A50A,2026-09-22T17:47:03.773Z
2026,3,14446,Justin Herbert,LAC,QB,at BUF,passYds,Caesars,309.5,over,223.25,650,,0.1333,0.1333,,1,0.0954,-0.0380,-0.0380,ev,none,live,2026092763BB8AC8,2026-09-22T17:47:03.773Z
2026,3,18500,Matthew Golden,GB,WR,vs ATL,recYds,Caesars,49.5,over,52.68,-134,,0.5726,0.5726,,1,0.5345,-0.0381,-0.0381,ev,none,live,202609250580A50A,2026-09-22T17:47:03.773Z
2026,3,14446,Justin Herbert,LAC,QB,at BUF,passYds,FanDuel,224.5,over,223.25,-113,,0.5305,0.5305,,1,0.4924,-0.0381,-0.0381,ev,none,live,2026092763BB8AC8,2026-09-22T17:47:03.773Z
2026,3,15946,Christian Watson,GB,WR,vs ATL,receptions,theScore,5.5,over,3.95,165,,0.3774,0.3774,,1,0.3391,-0.0382,-0.0382,ev,none,live,202609250580A50A,2026-09-22T17:47:03.773Z
2026,3,12477,DJ Moore,BUF,WR,vs LAC,recYds,DraftKings,99.5,over,52.56,630,,0.1370,0.1370,,1,0.0987,-0.0383,-0.0383,ev,none,live,2026092763BB8AC8,2026-09-22T17:47:03.773Z
2026,3,15946,Christian Watson,GB,WR,vs ATL,recYds,Hard Rock,58.5,over,69.75,-175,125,0.6364,0.5888,0.0808,0,0.5980,-0.0383,0.0092,ev,multiplicative,live,202609250580A50A,2026-09-22T17:47:03.773Z
2026,3,15306,Javonte Williams,DAL,RB,vs BAL,receptions,Hard Rock,7.5,over,2.63,2500,,0.0385,0.0385,,1,0.0002,-0.0383,-0.0383,ev,none,live,202609270726D5A2,2026-09-22T17:47:03.773Z
2026,3,18500,Matthew Golden,GB,WR,vs ATL,recYds,DraftKings,119.5,over,52.68,1100,,0.0833,0.0833,,1,0.0449,-0.0384,-0.0384,ev,none,live,202609250580A50A,2026-09-22T17:47:03.773Z
2026,3,12561,Lamar Jackson,BAL,QB,at DAL,passYds,theScore,149.5,over,259.92,-1200,,0.9231,0.9231,,1,0.8847,-0.0384,-0.0384,ev,none,live,202609270726D5A2,2026-09-22T17:47:03.773Z
2026,3,14371,Jordan Love,GB,QB,vs ATL,passAtt,DraftKings,37.5,over,32.45,362,,0.2165,0.2165,,1,0.1780,-0.0385,-0.0385,ev,none,live,202609250580A50A,2026-09-22T17:47:03.773Z
2026,3,17700,Michael Penix Jr.,ATL,QB,at GB,rushYds,DraftKings,19.5,over,8.86,710,,0.1235,0.1235,,1,0.0850,-0.0385,-0.0385,ev,none,live,202609250580A50A,2026-09-22T17:47:03.773Z
2026,3,12561,Lamar Jackson,BAL,QB,at DAL,int,BetRivers,1.5,over,0.44,800,,0.1111,0.1111,,1,0.0726,-0.0385,-0.0385,ev,none,live,202609270726D5A2,2026-09-22T17:47:03.773Z
2026,3,14446,Justin Herbert,LAC,QB,at BUF,rushYds,Hard Rock,64.5,over,22.63,2500,,0.0385,0.0385,,1,0.0000,-0.0385,-0.0385,ev,none,live,2026092763BB8AC8,2026-09-22T17:47:03.773Z
2026,3,15306,Javonte Williams,DAL,RB,vs BAL,recYds,Hard Rock,79.5,over,15.36,2500,,0.0385,0.0385,,1,0.0000,-0.0385,-0.0385,ev,none,live,202609270726D5A2,2026-09-22T17:47:03.773Z
2026,3,11008,Dak Prescott,DAL,QB,vs BAL,rushYds,Hard Rock,52.5,over,9.5,2500,,0.0385,0.0385,,1,0.0000,-0.0385,-0.0385,ev,none,live,202609270726D5A2,2026-09-22T17:47:03.773Z
2026,3,16739,Bijan Robinson,ATL,RB,at GB,receptions,DraftKings,10.5,over,4.13,2400,,0.0400,0.0400,,1,0.0014,-0.0386,-0.0386,ev,none,live,202609250580A50A,2026-09-22T17:47:03.773Z
2026,3,15907,Brian Robinson Jr.,ATL,RB,at GB,rushYds,Caesars,22.5,over,22,-114,-114,0.5327,0.5000,0.0654,0,0.4941,-0.0386,-0.0059,ev,multiplicative,live,202609250580A50A,2026-09-22T17:47:03.773Z
2026,3,15265,Kyle Pitts,ATL,TE,at GB,receptions,FanDuel,6.5,over,3.52,628,,0.1374,0.1374,,1,0.0988,-0.0386,-0.0386,ev,none,live,202609250580A50A,2026-09-22T17:47:03.773Z
2026,3,15907,Brian Robinson Jr.,ATL,RB,at GB,rushYds,FanDuel,22.5,over,22,-114,-114,0.5327,0.5000,0.0654,0,0.4941,-0.0386,-0.0059,ev,multiplicative,live,202609250580A50A,2026-09-22T17:47:03.773Z
2026,3,15946,Christian Watson,GB,WR,vs ATL,recYds,DraftKings,39.5,over,69.75,-368,,0.7863,0.7863,,1,0.7478,-0.0386,-0.0386,ev,none,live,202609250580A50A,2026-09-22T17:47:03.773Z
2026,3,15946,Christian Watson,GB,WR,vs ATL,recYds,Hard Rock,93.5,under,69.75,-300,210,0.7500,0.6992,0.0726,0,0.7114,-0.0386,0.0122,ev,multiplicative,live,202609250580A50A,2026-09-22T17:47:03.773Z
2026,3,18478,Tre Harris,LAC,WR,at BUF,receptions,Hard Rock,5.5,under,2.74,-1500,600,0.9375,0.8678,0.0804,0,0.8989,-0.0386,0.0311,ev,multiplicative,live,2026092763BB8AC8,2026-09-22T17:47:03.773Z
2026,3,10819,Derrick Henry,BAL,RB,at DAL,rushYds,Hard Rock,133.5,under,97.69,-650,350,0.8667,0.7959,0.0889,0,0.8280,-0.0386,0.0321,ev,multiplicative,live,202609270726D5A2,2026-09-22T17:47:03.773Z
2026,3,15946,Christian Watson,GB,WR,vs ATL,recYds,DraftKings,129.5,over,69.75,740,,0.1190,0.1190,,1,0.0803,-0.0387,-0.0387,ev,none,live,202609250580A50A,2026-09-22T17:47:03.773Z
2026,3,15853,George Pickens,DAL,WR,vs BAL,receptions,DraftKings,2.5,over,4.89,-1040,,0.9123,0.9123,,1,0.8735,-0.0387,-0.0387,ev,none,live,202609270726D5A2,2026-09-22T17:47:03.773Z
2026,3,14411,CeeDee Lamb,DAL,WR,vs BAL,recYds,DraftKings,179.5,over,81.88,1920,,0.0495,0.0495,,1,0.0108,-0.0387,-0.0387,ev,none,live,202609270726D5A2,2026-09-22T17:47:03.773Z
2026,3,18500,Matthew Golden,GB,WR,vs ATL,recYds,Hard Rock,77.5,over,52.68,230,-350,0.3030,0.2804,0.0808,0,0.2643,-0.0387,-0.0160,ev,multiplicative,live,202609250580A50A,2026-09-22T17:47:03.773Z
2026,3,18500,Matthew Golden,GB,WR,vs ATL,recYds,BetRivers,53.5,over,52.68,-113,-118,0.5305,0.4950,0.0718,0,0.4917,-0.0388,-0.0033,ev,multiplicative,live,202609250580A50A,2026-09-22T17:47:03.773Z
2026,3,17700,Michael Penix Jr.,ATL,QB,at GB,passYds,Caesars,309.5,over,199.74,1100,,0.0833,0.0833,,1,0.0445,-0.0389,-0.0389,ev,none,live,202609250580A50A,2026-09-22T17:47:03.773Z
2026,3,18478,Tre Harris,LAC,WR,at BUF,receptions,Caesars,3.5,over,2.74,149,-197,0.4016,0.3771,0.0649,0,0.3628,-0.0389,-0.0144,ev,multiplicative,live,2026092763BB8AC8,2026-09-22T17:47:03.773Z
2026,3,18500,Matthew Golden,GB,WR,vs ATL,recYds,DraftKings,109.5,over,52.68,780,,0.1136,0.1136,,1,0.0746,-0.0390,-0.0390,ev,none,live,202609250580A50A,2026-09-22T17:47:03.773Z
2026,3,15868,Drake London,ATL,WR,at GB,receptions,DraftKings,8.5,over,4.64,620,,0.1389,0.1389,,1,0.0998,-0.0391,-0.0391,ev,none,live,202609250580A50A,2026-09-22T17:47:03.773Z
2026,3,11008,Dak Prescott,DAL,QB,vs BAL,passYds,FanDuel,324.5,over,260.17,349,,0.2227,0.2227,,1,0.1837,-0.0391,-0.0391,ev,none,live,202609270726D5A2,2026-09-22T17:47:03.773Z
2026,3,14446,Justin Herbert,LAC,QB,at BUF,passYds,Hard Rock,291.5,under,223.25,-800,425,0.8889,0.8235,0.0794,0,0.8498,-0.0391,0.0262,ev,multiplicative,live,2026092763BB8AC8,2026-09-22T17:47:03.773Z
2026,3,15947,Jake Ferguson,DAL,TE,vs BAL,receptions,Hard Rock,6.5,over,3.73,650,-1600,0.1333,0.1241,0.0745,0,0.0941,-0.0392,-0.0300,ev,multiplicative,live,202609270726D5A2,2026-09-22T17:47:03.773Z
2026,3,12477,DJ Moore,BUF,WR,vs LAC,receptions,BetRivers,2.5,over,3.37,-345,,0.7753,0.7753,,1,0.7360,-0.0393,-0.0393,ev,none,live,2026092763BB8AC8,2026-09-22T17:47:03.773Z
2026,3,15946,Christian Watson,GB,WR,vs ATL,recYds,Hard Rock,98.5,under,69.75,-375,240,0.7895,0.7286,0.0836,0,0.7501,-0.0393,0.0216,ev,multiplicative,live,202609250580A50A,2026-09-22T17:47:03.773Z
2026,3,15265,Kyle Pitts,ATL,TE,at GB,receptions,theScore,5.5,over,3.52,325,,0.2353,0.2353,,1,0.1960,-0.0393,-0.0393,ev,none,live,202609250580A50A,2026-09-22T17:47:03.773Z
2026,3,16899,Quentin Johnston,LAC,WR,at BUF,recYds,Hard Rock,99.5,under,42.06,-5000,1200,0.9804,0.9272,0.0573,0,0.9411,-0.0393,0.0139,ev,multiplicative,live,2026092763BB8AC8,2026-09-22T17:47:03.773Z
2026,3,15868,Drake London,ATL,WR,at GB,receptions,theScore,7.5,over,4.64,375,,0.2105,0.2105,,1,0.1710,-0.0395,-0.0395,ev,none,live,202609250580A50A,2026-09-22T17:47:03.773Z
2026,3,15907,Brian Robinson Jr.,ATL,RB,at GB,rushYds,theScore,22.5,under,22,-120,-110,0.5455,0.5101,0.0693,0,0.5059,-0.0395,-0.0042,ev,multiplicative,live,202609250580A50A,2026-09-22T17:47:03.773Z
2026,3,18500,Matthew Golden,GB,WR,vs ATL,recYds,FanDuel,89.5,over,52.68,366,,0.2146,0.2146,,1,0.1750,-0.0396,-0.0396,ev,none,live,202609250580A50A,2026-09-22T17:47:03.773Z
2026,3,15306,Javonte Williams,DAL,RB,vs BAL,recYds,theScore,9.5,over,15.36,-240,,0.7059,0.7059,,1,0.6663,-0.0396,-0.0396,ev,none,live,202609270726D5A2,2026-09-22T17:47:03.773Z
2026,3,17700,Michael Penix Jr.,ATL,QB,at GB,passYds,DraftKings,269.5,over,199.74,457,,0.1795,0.1795,,1,0.1398,-0.0397,-0.0397,ev,none,live,202609250580A50A,2026-09-22T17:47:03.773Z
2026,3,15946,Christian Watson,GB,WR,vs ATL,receptions,FanDuel,5.5,over,3.95,164,,0.3788,0.3788,,1,0.3391,-0.0397,-0.0397,ev,none,live,202609250580A50A,2026-09-22T17:47:03.773Z
2026,3,15947,Jake Ferguson,DAL,TE,vs BAL,recYds,DraftKings,89.5,over,34.7,2400,,0.0400,0.0400,,1,0.0001,-0.0399,-0.0399,ev,none,live,202609270726D5A2,2026-09-22T17:47:03.773Z
2026,3,16741,Chris Brooks,GB,RB,vs ATL,rushYds,Hard Rock,36.5,under,28.67,-700,400,0.8750,0.8140,0.0750,0,0.8351,-0.0399,0.0211,ev,multiplicative,live,202609250580A50A,2026-09-22T17:47:03.773Z
2026,3,18500,Matthew Golden,GB,WR,vs ATL,recYds,Hard Rock,49.5,over,52.68,-135,100,0.5745,0.5347,0.0745,0,0.5345,-0.0399,-0.0001,ev,multiplicative,live,202609250580A50A,2026-09-22T17:47:03.773Z
2026,3,15850,Jahan Dotson,ATL,WR,at GB,recYds,DraftKings,79.5,over,17.4,2400,,0.0400,0.0400,,1,0.0000,-0.0400,-0.0400,ev,none,live,202609250580A50A,2026-09-22T17:47:03.773Z
2026,3,17700,Michael Penix Jr.,ATL,QB,at GB,rushYds,Caesars,19.5,over,8.86,700,,0.1250,0.1250,,1,0.0850,-0.0400,-0.0400,ev,none,live,202609250580A50A,2026-09-22T17:47:03.773Z
2026,3,15265,Kyle Pitts,ATL,TE,at GB,receptions,FanDuel,8.5,over,3.52,1698,,0.0556,0.0556,,1,0.0157,-0.0400,-0.0400,ev,none,live,202609250580A50A,2026-09-22T17:47:03.773Z
2026,3,16741,Chris Brooks,GB,RB,vs ATL,rushYds,DraftKings,69.5,over,28.67,2400,,0.0400,0.0400,,1,0.0000,-0.0400,-0.0400,ev,none,live,202609250580A50A,2026-09-22T17:47:03.773Z
2026,3,14446,Justin Herbert,LAC,QB,at BUF,passYds,FanDuel,274.5,over,223.25,287,,0.2584,0.2584,,1,0.2184,-0.0400,-0.0400,ev,none,live,2026092763BB8AC8,2026-09-22T17:47:03.773Z
2026,3,15306,Javonte Williams,DAL,RB,vs BAL,rushYds,DraftKings,139.5,over,63.83,2400,,0.0400,0.0400,,1,0.0000,-0.0400,-0.0400,ev,none,live,202609270726D5A2,2026-09-22T17:47:03.773Z
2026,3,15306,Javonte Williams,DAL,RB,vs BAL,rushYds,DraftKings,29.5,over,63.83,-880,,0.8980,0.8980,,1,0.8579,-0.0400,-0.0400,ev,none,live,202609270726D5A2,2026-09-22T17:47:03.773Z
2026,3,15265,Kyle Pitts,ATL,TE,at GB,receptions,Hard Rock,3.5,over,3.52,-120,-110,0.5455,0.5101,0.0693,0,0.5055,-0.0400,-0.0046,ev,multiplicative,live,202609250580A50A,2026-09-22T17:47:03.773Z
2026,3,17700,Michael Penix Jr.,ATL,QB,at GB,rushYds,theScore,19.5,over,8.86,700,,0.1250,0.1250,,1,0.0850,-0.0400,-0.0400,ev,none,live,202609250580A50A,2026-09-22T17:47:03.773Z
2026,3,12483,Josh Allen,BUF,QB,vs LAC,rushYds,theScore,24.5,over,32.45,-240,,0.7059,0.7059,,1,0.6659,-0.0400,-0.0400,ev,none,live,2026092763BB8AC8,2026-09-22T17:47:03.773Z
2026,3,15946,Christian Watson,GB,WR,vs ATL,recYds,DraftKings,139.5,over,69.75,1000,,0.0909,0.0909,,1,0.0508,-0.0401,-0.0401,ev,none,live,202609250580A50A,2026-09-22T17:47:03.773Z
2026,3,15265,Kyle Pitts,ATL,TE,at GB,receptions,FanDuel,4.5,over,3.52,166,,0.3759,0.3759,,1,0.3359,-0.0401,-0.0401,ev,none,live,202609250580A50A,2026-09-22T17:47:03.773Z
2026,3,17700,Michael Penix Jr.,ATL,QB,at GB,passYds,Hard Rock,324.5,over,199.74,1400,-6000,0.0667,0.0635,0.0503,0,0.0266,-0.0401,-0.0369,ev,multiplicative,live,202609250580A50A,2026-09-22T17:47:03.773Z
2026,3,15853,George Pickens,DAL,WR,vs BAL,receptions,Hard Rock,1.5,over,4.89,-8000,1750,0.9877,0.9481,0.0417,0,0.9476,-0.0401,-0.0005,ev,multiplicative,live,202609270726D5A2,2026-09-22T17:47:03.773Z
2026,3,14446,Justin Herbert,LAC,QB,at BUF,passYds,Hard Rock,291.5,over,223.25,425,-800,0.1905,0.1765,0.0794,0,0.1502,-0.0402,-0.0262,ev,multiplicative,live,2026092763BB8AC8,2026-09-22T17:47:03.773Z
2026,3,14446,Justin Herbert,LAC,QB,at BUF,passYds,Hard Rock,281.5,under,223.25,-575,350,0.8519,0.7931,0.0741,0,0.8116,-0.0403,0.0185,ev,multiplicative,live,2026092763BB8AC8,2026-09-22T17:47:03.773Z
2026,3,12483,Josh Allen,BUF,QB,vs LAC,passYds,FanDuel,174.5,over,256.07,-603,,0.8578,0.8578,,1,0.8174,-0.0404,-0.0404,ev,none,live,2026092763BB8AC8,2026-09-22T17:47:03.773Z
2026,3,18515,Kaleb Johnson,GB,RB,vs ATL,rushYds,Hard Rock,99.5,over,21.07,2250,,0.0426,0.0426,,1,0.0021,-0.0404,-0.0404,ev,none,live,202609250580A50A,2026-09-22T17:47:03.773Z
2026,3,12477,DJ Moore,BUF,WR,vs LAC,recYds,DraftKings,119.5,over,52.56,1260,,0.0735,0.0735,,1,0.0330,-0.0405,-0.0405,ev,none,live,2026092763BB8AC8,2026-09-22T17:47:03.773Z
2026,3,10819,Derrick Henry,BAL,RB,at DAL,rushYds,DraftKings,189.5,over,97.69,1980,,0.0481,0.0481,,1,0.0076,-0.0405,-0.0405,ev,none,live,202609270726D5A2,2026-09-22T17:47:03.773Z
2026,3,12477,DJ Moore,BUF,WR,vs LAC,recYds,Caesars,79.5,over,52.56,270,,0.2703,0.2703,,1,0.2297,-0.0406,-0.0406,ev,none,live,2026092763BB8AC8,2026-09-22T17:47:03.773Z
2026,3,14446,Justin Herbert,LAC,QB,at BUF,passTD,FanDuel,1.5,under,1.37,-180,134,0.6429,0.6007,0.0702,0,0.6022,-0.0406,0.0015,ev,multiplicative,live,2026092763BB8AC8,2026-09-22T17:47:03.773Z
2026,3,14446,Justin Herbert,LAC,QB,at BUF,passTD,theScore,1.5,under,1.37,-180,135,0.6429,0.6017,0.0684,0,0.6022,-0.0406,0.0005,ev,multiplicative,live,2026092763BB8AC8,2026-09-22T17:47:03.773Z
2026,3,14446,Justin Herbert,LAC,QB,at BUF,passYds,Hard Rock,331.5,over,223.25,1000,-4000,0.0909,0.0852,0.0665,0,0.0503,-0.0406,-0.0350,ev,multiplicative,live,2026092763BB8AC8,2026-09-22T17:47:03.773Z
2026,3,15853,George Pickens,DAL,WR,vs BAL,receptions,DraftKings,3.5,over,4.89,-371,,0.7877,0.7877,,1,0.7470,-0.0407,-0.0407,ev,none,live,202609270726D5A2,2026-09-22T17:47:03.773Z
2026,3,15868,Drake London,ATL,WR,at GB,recYds,BetRivers,49.5,over,61.67,-240,,0.7059,0.7059,,1,0.6651,-0.0408,-0.0408,ev,none,live,202609250580A50A,2026-09-22T17:47:03.773Z
2026,3,15265,Kyle Pitts,ATL,TE,at GB,receptions,FanDuel,7.5,over,3.52,1098,,0.0835,0.0835,,1,0.0426,-0.0408,-0.0408,ev,none,live,202609250580A50A,2026-09-22T17:47:03.773Z
2026,3,18500,Matthew Golden,GB,WR,vs ATL,recYds,Hard Rock,72.5,under,52.68,-275,195,0.7333,0.6839,0.0723,0,0.6926,-0.0408,0.0087,ev,multiplicative,live,202609250580A50A,2026-09-22T17:47:03.773Z
2026,3,15876,James Cook,BUF,RB,vs LAC,rushYds,Hard Rock,64.5,under,76.14,175,-260,0.3636,0.3349,0.0859,0,0.3229,-0.0408,-0.0120,ev,multiplicative,live,2026092763BB8AC8,2026-09-22T17:47:03.773Z
2026,3,17724,Ladd McConkey,LAC,WR,at BUF,recYds,DraftKings,129.5,over,64.26,1800,,0.0526,0.0526,,1,0.0118,-0.0409,-0.0409,ev,none,live,2026092763BB8AC8,2026-09-22T17:47:03.773Z
2026,3,15946,Christian Watson,GB,WR,vs ATL,receptions,DraftKings,5.5,over,3.95,163,,0.3802,0.3802,,1,0.3391,-0.0411,-0.0411,ev,none,live,202609250580A50A,2026-09-22T17:47:03.773Z
2026,3,12477,DJ Moore,BUF,WR,vs LAC,recYds,DraftKings,109.5,over,52.56,900,,0.1000,0.1000,,1,0.0589,-0.0411,-0.0411,ev,none,live,2026092763BB8AC8,2026-09-22T17:47:03.773Z
2026,3,14411,CeeDee Lamb,DAL,WR,vs BAL,receptions,DraftKings,8.5,over,5.87,211,,0.3215,0.3215,,1,0.2804,-0.0411,-0.0411,ev,none,live,202609270726D5A2,2026-09-22T17:47:03.773Z
2026,3,15850,Jahan Dotson,ATL,WR,at GB,receptions,DraftKings,5.5,over,1.43,2200,,0.0435,0.0435,,1,0.0023,-0.0412,-0.0412,ev,none,live,202609250580A50A,2026-09-22T17:47:03.773Z
2026,3,18478,Tre Harris,LAC,WR,at BUF,recYds,Caesars,29.5,over,34.63,-150,,0.6000,0.6000,,1,0.5588,-0.0412,-0.0412,ev,none,live,2026092763BB8AC8,2026-09-22T17:47:03.773Z
2026,3,15947,Jake Ferguson,DAL,TE,vs BAL,receptions,FanDuel,6.5,over,3.73,639,,0.1353,0.1353,,1,0.0941,-0.0412,-0.0412,ev,none,live,202609270726D5A2,2026-09-22T17:47:03.773Z
2026,3,18478,Tre Harris,LAC,WR,at BUF,recYds,DraftKings,33.5,under,34.63,-112,-112,0.5283,0.5000,0.0566,0,0.4870,-0.0413,-0.0130,ev,multiplicative,live,2026092763BB8AC8,2026-09-22T17:47:03.773Z
2026,3,18478,Tre Harris,LAC,WR,at BUF,receptions,Hard Rock,4.5,under,2.74,-500,300,0.8333,0.7692,0.0833,0,0.7919,-0.0414,0.0227,ev,multiplicative,live,2026092763BB8AC8,2026-09-22T17:47:03.773Z
2026,3,14371,Jordan Love,GB,QB,vs ATL,passYds,Caesars,199.5,over,232.97,-225,,0.6923,0.6923,,1,0.6508,-0.0415,-0.0415,ev,none,live,202609250580A50A,2026-09-22T17:47:03.773Z
2026,3,15265,Kyle Pitts,ATL,TE,at GB,receptions,theScore,4.5,over,3.52,165,,0.3774,0.3774,,1,0.3359,-0.0415,-0.0415,ev,none,live,202609250580A50A,2026-09-22T17:47:03.773Z
2026,3,14446,Justin Herbert,LAC,QB,at BUF,passYds,Hard Rock,271.5,under,223.25,-425,275,0.8095,0.7522,0.0762,0,0.7679,-0.0416,0.0157,ev,multiplicative,live,2026092763BB8AC8,2026-09-22T17:47:03.773Z
2026,3,18500,Matthew Golden,GB,WR,vs ATL,recYds,BetRivers,49.5,over,52.68,-136,,0.5763,0.5763,,1,0.5345,-0.0417,-0.0417,ev,none,live,202609250580A50A,2026-09-22T17:47:03.773Z
2026,3,16739,Bijan Robinson,ATL,RB,at GB,recYds,DraftKings,109.5,over,32.4,2300,,0.0417,0.0417,,1,0.0000,-0.0417,-0.0417,ev,none,live,202609250580A50A,2026-09-22T17:47:03.773Z
2026,3,16649,Tucker Kraft,GB,TE,vs ATL,receptions,DraftKings,3.5,over,3.83,-165,129,0.6226,0.5878,0.0593,0,0.5809,-0.0417,-0.0069,ev,multiplicative,live,202609250580A50A,2026-09-22T17:47:03.773Z
2026,3,12477,DJ Moore,BUF,WR,vs LAC,recYds,FanDuel,89.5,over,52.56,408,,0.1969,0.1969,,1,0.1552,-0.0417,-0.0417,ev,none,live,2026092763BB8AC8,2026-09-22T17:47:03.773Z
2026,3,11008,Dak Prescott,DAL,QB,vs BAL,rushYds,DraftKings,49.5,over,9.5,2300,,0.0417,0.0417,,1,0.0000,-0.0417,-0.0417,ev,none,live,202609270726D5A2,2026-09-22T17:47:03.773Z
2026,3,18478,Tre Harris,LAC,WR,at BUF,receptions,Hard Rock,5.5,over,2.74,600,-1500,0.1429,0.1322,0.0804,0,0.1011,-0.0417,-0.0311,ev,multiplicative,live,2026092763BB8AC8,2026-09-22T17:47:03.773Z
2026,3,17700,Michael Penix Jr.,ATL,QB,at GB,passTD,Caesars,1.5,over,1.15,177,,0.3610,0.3610,,1,0.3192,-0.0418,-0.0418,ev,none,live,202609250580A50A,2026-09-22T17:47:03.773Z
2026,3,15907,Brian Robinson Jr.,ATL,RB,at GB,rushYds,Hard Rock,2.5,under,22,1100,-5000,0.0833,0.0783,0.0637,0,0.0416,-0.0418,-0.0368,ev,multiplicative,live,202609250580A50A,2026-09-22T17:47:03.773Z
2026,3,15946,Christian Watson,GB,WR,vs ATL,recYds,theScore,49.5,over,69.75,-250,,0.7143,0.7143,,1,0.6725,-0.0418,-0.0418,ev,none,live,202609250580A50A,2026-09-22T17:47:03.773Z
2026,3,15876,James Cook,BUF,RB,vs LAC,rushYds,DraftKings,169.5,over,76.14,2200,,0.0435,0.0435,,1,0.0015,-0.0419,-0.0419,ev,none,live,2026092763BB8AC8,2026-09-22T17:47:03.773Z
2026,3,17700,Michael Penix Jr.,ATL,QB,at GB,passYds,Hard Rock,326.5,over,199.74,1400,-7000,0.0667,0.0633,0.0526,0,0.0247,-0.0419,-0.0386,ev,multiplicative,live,202609250580A50A,2026-09-22T17:47:03.773Z
2026,3,18478,Tre Harris,LAC,WR,at BUF,receptions,Hard Rock,4.5,over,2.74,300,-500,0.2500,0.2308,0.0833,0,0.2081,-0.0419,-0.0227,ev,multiplicative,live,2026092763BB8AC8,2026-09-22T17:47:03.773Z
2026,3,14371,Jordan Love,GB,QB,vs ATL,passYds,DraftKings,209.5,over,232.97,-185,,0.6491,0.6491,,1,0.6071,-0.0420,-0.0420,ev,none,live,202609250580A50A,2026-09-22T17:47:03.773Z
2026,3,11008,Dak Prescott,DAL,QB,vs BAL,passYds,FanDuel,349.5,over,260.17,579,,0.1473,0.1473,,1,0.1053,-0.0420,-0.0420,ev,none,live,202609270726D5A2,2026-09-22T17:47:03.773Z
2026,3,11008,Dak Prescott,DAL,QB,vs BAL,passYds,DraftKings,339.5,over,260.17,471,,0.1751,0.1751,,1,0.1331,-0.0420,-0.0420,ev,none,live,202609270726D5A2,2026-09-22T17:47:03.773Z
2026,3,15306,Javonte Williams,DAL,RB,vs BAL,rushYds,Caesars,29.5,over,63.83,-900,,0.9000,0.9000,,1,0.8579,-0.0421,-0.0421,ev,none,live,202609270726D5A2,2026-09-22T17:47:03.773Z
2026,3,18500,Matthew Golden,GB,WR,vs ATL,recYds,Hard Rock,82.5,over,52.68,275,-450,0.2667,0.2458,0.0848,0,0.2245,-0.0421,-0.0213,ev,multiplicative,live,202609250580A50A,2026-09-22T17:47:03.773Z
2026,3,18500,Matthew Golden,GB,WR,vs ATL,recYds,Hard Rock,77.5,under,52.68,-350,230,0.7778,0.7196,0.0808,0,0.7357,-0.0421,0.0160,ev,multiplicative,live,202609250580A50A,2026-09-22T17:47:03.773Z
2026,3,12561,Lamar Jackson,BAL,QB,at DAL,completions,Hard Rock,18.5,over,18.74,-125,-105,0.5556,0.5203,0.0678,0,0.5135,-0.0421,-0.0068,ev,multiplicative,live,202609270726D5A2,2026-09-22T17:47:03.773Z
2026,3,15306,Javonte Williams,DAL,RB,vs BAL,rushYds,Hard Rock,34.5,under,63.83,350,-600,0.2222,0.2059,0.0794,0,0.1801,-0.0421,-0.0258,ev,multiplicative,live,202609270726D5A2,2026-09-22T17:47:03.773Z
2026,3,14446,Justin Herbert,LAC,QB,at BUF,passYds,Caesars,259.5,over,223.25,200,,0.3333,0.3333,,1,0.2912,-0.0422,-0.0422,ev,none,live,2026092763BB8AC8,2026-09-22T17:47:03.773Z
2026,3,14411,CeeDee Lamb,DAL,WR,vs BAL,recYds,Caesars,29.5,over,81.88,-2500,,0.9615,0.9615,,1,0.9193,-0.0422,-0.0422,ev,none,live,202609270726D5A2,2026-09-22T17:47:03.773Z
2026,3,14446,Justin Herbert,LAC,QB,at BUF,passYds,Hard Rock,249.5,under,223.25,-230,165,0.6970,0.6487,0.0743,0,0.6548,-0.0422,0.0060,ev,multiplicative,live,2026092763BB8AC8,2026-09-22T17:47:03.773Z
2026,3,15868,Drake London,ATL,WR,at GB,recYds,FanDuel,59.5,over,61.67,-134,,0.5726,0.5726,,1,0.5303,-0.0423,-0.0423,ev,none,live,202609250580A50A,2026-09-22T17:47:03.773Z
2026,3,10819,Derrick Henry,BAL,RB,at DAL,rushYds,Hard Rock,128.5,over,97.69,300,-525,0.2500,0.2294,0.0900,0,0.2077,-0.0423,-0.0216,ev,multiplicative,live,202609270726D5A2,2026-09-22T17:47:03.773Z
2026,3,14411,CeeDee Lamb,DAL,WR,vs BAL,recYds,DraftKings,39.5,over,81.88,-1060,,0.9138,0.9138,,1,0.8714,-0.0424,-0.0424,ev,none,live,202609270726D5A2,2026-09-22T17:47:03.773Z
2026,3,14411,CeeDee Lamb,DAL,WR,vs BAL,recYds,BetRivers,69.5,over,81.88,-205,,0.6721,0.6721,,1,0.6297,-0.0425,-0.0425,ev,none,live,202609270726D5A2,2026-09-22T17:47:03.773Z
2026,3,14411,CeeDee Lamb,DAL,WR,vs BAL,recYds,Caesars,69.5,over,81.88,-205,,0.6721,0.6721,,1,0.6297,-0.0425,-0.0425,ev,none,live,202609270726D5A2,2026-09-22T17:47:03.773Z
2026,3,15946,Christian Watson,GB,WR,vs ATL,recYds,Hard Rock,58.5,under,69.75,125,-175,0.4444,0.4112,0.0808,0,0.4020,-0.0425,-0.0092,ev,multiplicative,live,202609250580A50A,2026-09-22T17:47:03.773Z
2026,3,15946,Christian Watson,GB,WR,vs ATL,recYds,Hard Rock,99.5,under,69.75,-400,250,0.8000,0.7368,0.0857,0,0.7575,-0.0425,0.0207,ev,multiplicative,live,202609250580A50A,2026-09-22T17:47:03.773Z
2026,3,12483,Josh Allen,BUF,QB,vs LAC,rushYds,theScore,19.5,over,32.45,-400,,0.8000,0.8000,,1,0.7575,-0.0425,-0.0425,ev,none,live,2026092763BB8AC8,2026-09-22T17:47:03.773Z
2026,3,14371,Jordan Love,GB,QB,vs ATL,rushYds,Hard Rock,43.5,over,14.63,2250,,0.0426,0.0426,,1,0.0000,-0.0426,-0.0426,ev,none,live,202609250580A50A,2026-09-22T17:47:03.773Z
2026,3,12483,Josh Allen,BUF,QB,vs LAC,rushAtt,Hard Rock,20.5,over,7.02,2250,,0.0426,0.0426,,1,0.0000,-0.0426,-0.0426,ev,none,live,2026092763BB8AC8,2026-09-22T17:47:03.773Z
2026,3,18500,Matthew Golden,GB,WR,vs ATL,recYds,BetMGM,51.5,over,52.68,-125,-105,0.5556,0.5203,0.0678,0,0.5128,-0.0427,-0.0075,ev,multiplicative,live,202609250580A50A,2026-09-22T17:47:03.773Z
2026,3,15265,Kyle Pitts,ATL,TE,at GB,recYds,BetRivers,49.5,over,40.08,185,,0.3509,0.3509,,1,0.3082,-0.0427,-0.0427,ev,none,live,202609250580A50A,2026-09-22T17:47:03.773Z
2026,3,18500,Matthew Golden,GB,WR,vs ATL,recYds,Caesars,99.5,over,52.68,525,,0.1600,0.1600,,1,0.1173,-0.0427,-0.0427,ev,none,live,202609250580A50A,2026-09-22T17:47:03.773Z
2026,3,14446,Justin Herbert,LAC,QB,at BUF,passYds,Caesars,229.5,over,223.25,-102,,0.5050,0.5050,,1,0.4622,-0.0427,-0.0427,ev,none,live,2026092763BB8AC8,2026-09-22T17:47:03.773Z
2026,3,18500,Matthew Golden,GB,WR,vs ATL,recYds,Hard Rock,82.5,under,52.68,-450,275,0.8182,0.7542,0.0848,0,0.7755,-0.0427,0.0213,ev,multiplicative,live,202609250580A50A,2026-09-22T17:47:03.773Z
2026,3,15265,Kyle Pitts,ATL,TE,at GB,recYds,theScore,49.5,over,40.08,185,,0.3509,0.3509,,1,0.3082,-0.0427,-0.0427,ev,none,live,202609250580A50A,2026-09-22T17:47:03.773Z
2026,3,18445,Omarion Hampton,LAC,RB,at BUF,receptions,Hard Rock,5.5,under,2.28,-6000,1300,0.9836,0.9323,0.0550,0,0.9409,-0.0427,0.0086,ev,multiplicative,live,2026092763BB8AC8,2026-09-22T17:47:03.773Z
2026,3,18500,Matthew Golden,GB,WR,vs ATL,receptions,DraftKings,4.5,under,4,-144,113,0.5902,0.5569,0.0596,0,0.5473,-0.0429,-0.0097,ev,multiplicative,live,202609250580A50A,2026-09-22T17:47:03.773Z
2026,3,18515,Kaleb Johnson,GB,RB,vs ATL,rushYds,DraftKings,109.5,over,21.07,2200,,0.0435,0.0435,,1,0.0006,-0.0429,-0.0429,ev,none,live,202609250580A50A,2026-09-22T17:47:03.773Z
2026,3,15868,Drake London,ATL,WR,at GB,receptions,BetRivers,8.5,over,4.64,600,,0.1429,0.1429,,1,0.0998,-0.0430,-0.0430,ev,none,live,202609250580A50A,2026-09-22T17:47:03.773Z
2026,3,14446,Justin Herbert,LAC,QB,at BUF,passYds,Caesars,299.5,over,223.25,500,,0.1667,0.1667,,1,0.1237,-0.0430,-0.0430,ev,none,live,2026092763BB8AC8,2026-09-22T17:47:03.773Z
2026,3,17700,Michael Penix Jr.,ATL,QB,at GB,rushYds,theScore,34.5,over,8.86,2200,,0.0435,0.0435,,1,0.0005,-0.0430,-0.0430,ev,none,live,202609250580A50A,2026-09-22T17:47:03.773Z
2026,3,14446,Justin Herbert,LAC,QB,at BUF,passYds,Hard Rock,311.5,over,223.25,650,-1600,0.1333,0.1241,0.0745,0,0.0903,-0.0430,-0.0338,ev,multiplicative,live,2026092763BB8AC8,2026-09-22T17:47:03.773Z
2026,3,14446,Justin Herbert,LAC,QB,at BUF,passYds,Hard Rock,299.5,over,223.25,500,-1000,0.1667,0.1549,0.0758,0,0.1237,-0.0430,-0.0312,ev,multiplicative,live,2026092763BB8AC8,2026-09-22T17:47:03.773Z
2026,3,16649,Tucker Kraft,GB,TE,vs ATL,recYds,DraftKings,129.5,over,49.04,2200,,0.0435,0.0435,,1,0.0004,-0.0431,-0.0431,ev,none,live,202609250580A50A,2026-09-22T17:47:03.773Z
2026,3,18500,Matthew Golden,GB,WR,vs ATL,recYds,Hard Rock,57.5,under,52.68,-145,105,0.5918,0.5482,0.0796,0,0.5487,-0.0431,0.0005,ev,multiplicative,live,202609250580A50A,2026-09-22T17:47:03.773Z
2026,3,18500,Matthew Golden,GB,WR,vs ATL,recYds,FanDuel,109.5,over,52.68,749,,0.1178,0.1178,,1,0.0746,-0.0432,-0.0432,ev,none,live,202609250580A50A,2026-09-22T17:47:03.773Z
2026,3,17724,Ladd McConkey,LAC,WR,at BUF,recYds,Caesars,99.5,over,64.26,550,,0.1538,0.1538,,1,0.1106,-0.0432,-0.0432,ev,none,live,2026092763BB8AC8,2026-09-22T17:47:03.773Z
2026,3,14411,CeeDee Lamb,DAL,WR,vs BAL,recYds,DraftKings,49.5,over,81.88,-566,,0.8498,0.8498,,1,0.8067,-0.0432,-0.0432,ev,none,live,202609270726D5A2,2026-09-22T17:47:03.773Z
2026,3,18500,Matthew Golden,GB,WR,vs ATL,recYds,theScore,53.5,over,52.68,-115,-115,0.5349,0.5000,0.0698,0,0.4917,-0.0432,-0.0083,ev,multiplicative,live,202609250580A50A,2026-09-22T17:47:03.773Z
2026,3,15265,Kyle Pitts,ATL,TE,at GB,receptions,FanDuel,5.5,over,3.52,318,,0.2392,0.2392,,1,0.1960,-0.0433,-0.0433,ev,none,live,202609250580A50A,2026-09-22T17:47:03.773Z
2026,3,18478,Tre Harris,LAC,WR,at BUF,recYds,DraftKings,99.5,over,34.63,2200,,0.0435,0.0435,,1,0.0002,-0.0433,-0.0433,ev,none,live,2026092763BB8AC8,2026-09-22T17:47:03.773Z
2026,3,14446,Justin Herbert,LAC,QB,at BUF,passYds,FanDuel,324.5,over,223.25,847,,0.1056,0.1056,,1,0.0623,-0.0433,-0.0433,ev,none,live,2026092763BB8AC8,2026-09-22T17:47:03.773Z
2026,3,15946,Christian Watson,GB,WR,vs ATL,recYds,Hard Rock,99.5,over,69.75,250,-400,0.2857,0.2632,0.0857,0,0.2425,-0.0433,-0.0207,ev,multiplicative,live,202609250580A50A,2026-09-22T17:47:03.773Z
2026,3,15946,Christian Watson,GB,WR,vs ATL,recYds,FanDuel,49.5,over,69.75,-252,,0.7159,0.7159,,1,0.6725,-0.0434,-0.0434,ev,none,live,202609250580A50A,2026-09-22T17:47:03.773Z
2026,3,18478,Tre Harris,LAC,WR,at BUF,recYds,theScore,49.5,over,34.63,300,,0.2500,0.2500,,1,0.2065,-0.0435,-0.0435,ev,none,live,2026092763BB8AC8,2026-09-22T17:47:03.773Z
2026,3,11008,Dak Prescott,DAL,QB,vs BAL,passYds,BetRivers,324.5,over,260.17,340,,0.2273,0.2273,,1,0.1837,-0.0436,-0.0436,ev,none,live,202609270726D5A2,2026-09-22T17:47:03.773Z
2026,3,11008,Dak Prescott,DAL,QB,vs BAL,passYds,FanDuel,374.5,over,260.17,919,,0.0981,0.0981,,1,0.0546,-0.0436,-0.0436,ev,none,live,202609270726D5A2,2026-09-22T17:47:03.773Z
2026,3,10819,Derrick Henry,BAL,RB,at DAL,rushYds,DraftKings,139.5,over,97.69,461,,0.1783,0.1783,,1,0.1346,-0.0437,-0.0437,ev,none,live,202609270726D5A2,2026-09-22T17:47:03.773Z
2026,3,15306,Javonte Williams,DAL,RB,vs BAL,rushYds,BetRivers,39.5,over,63.83,-455,,0.8198,0.8198,,1,0.7761,-0.0437,-0.0437,ev,none,live,202609270726D5A2,2026-09-22T17:47:03.773Z
2026,3,14371,Jordan Love,GB,QB,vs ATL,passYds,Hard Rock,337.5,under,232.97,-4000,1000,0.9756,0.9148,0.0665,0,0.9319,-0.0437,0.0171,ev,multiplicative,live,202609250580A50A,2026-09-22T17:47:03.773Z
2026,3,14446,Justin Herbert,LAC,QB,at BUF,passYds,Hard Rock,221.5,under,223.25,-115,-115,0.5349,0.5000,0.0698,0,0.4912,-0.0437,-0.0088,ev,multiplicative,live,2026092763BB8AC8,2026-09-22T17:47:03.773Z
2026,3,15907,Brian Robinson Jr.,ATL,RB,at GB,rushYds,DraftKings,23.5,over,22,-111,-113,0.5261,0.4979,0.0566,0,0.4823,-0.0438,-0.0156,ev,multiplicative,live,202609250580A50A,2026-09-22T17:47:03.773Z
2026,3,12477,DJ Moore,BUF,WR,vs LAC,receptions,FanDuel,2.5,over,3.37,-354,,0.7797,0.7797,,1,0.7360,-0.0438,-0.0438,ev,none,live,2026092763BB8AC8,2026-09-22T17:47:03.773Z
2026,3,16649,Tucker Kraft,GB,TE,vs ATL,receptions,FanDuel,3.5,under,3.83,116,-154,0.4630,0.4330,0.0693,0,0.4191,-0.0439,-0.0139,ev,multiplicative,live,202609250580A50A,2026-09-22T17:47:03.773Z
2026,3,15947,Jake Ferguson,DAL,TE,vs BAL,receptions,FanDuel,8.5,over,3.73,1699,,0.0556,0.0556,,1,0.0117,-0.0439,-0.0439,ev,none,live,202609270726D5A2,2026-09-22T17:47:03.773Z
2026,3,18500,Matthew Golden,GB,WR,vs ATL,recYds,Hard Rock,47.5,over,52.68,-150,110,0.6000,0.5575,0.0762,0,0.5561,-0.0439,-0.0014,ev,multiplicative,live,202609250580A50A,2026-09-22T17:47:03.773Z
2026,3,16741,Chris Brooks,GB,RB,vs ATL,recYds,BetRivers,19.5,over,9.58,390,,0.2041,0.2041,,1,0.1601,-0.0440,-0.0440,ev,none,live,202609250580A50A,2026-09-22T17:47:03.773Z
2026,3,18500,Matthew Golden,GB,WR,vs ATL,recYds,Hard Rock,92.5,over,52.68,400,-700,0.2000,0.1860,0.0750,0,0.1560,-0.0440,-0.0300,ev,multiplicative,live,202609250580A50A,2026-09-22T17:47:03.773Z
2026,3,17700,Michael Penix Jr.,ATL,QB,at GB,passYds,DraftKings,259.5,over,199.74,352,,0.2212,0.2212,,1,0.1772,-0.0441,-0.0441,ev,none,live,202609250580A50A,2026-09-22T17:47:03.773Z
2026,3,17724,Ladd McConkey,LAC,WR,at BUF,recYds,FanDuel,19.5,over,64.26,-1103,,0.9169,0.9169,,1,0.8727,-0.0442,-0.0442,ev,none,live,2026092763BB8AC8,2026-09-22T17:47:03.773Z
2026,3,15946,Christian Watson,GB,WR,vs ATL,recYds,Hard Rock,88.5,under,69.75,-250,175,0.7143,0.6627,0.0779,0,0.6701,-0.0442,0.0074,ev,multiplicative,live,202609250580A50A,2026-09-22T17:47:03.773Z
2026,3,15868,Drake London,ATL,WR,at GB,recYds,theScore,59.5,over,61.67,-135,,0.5745,0.5745,,1,0.5303,-0.0442,-0.0442,ev,none,live,202609250580A50A,2026-09-22T17:47:03.773Z
2026,3,12561,Lamar Jackson,BAL,QB,at DAL,rushYds,Hard Rock,86.5,under,52.86,-5000,1200,0.9804,0.9272,0.0573,0,0.9362,-0.0442,0.0090,ev,multiplicative,live,202609270726D5A2,2026-09-22T17:47:03.773Z
2026,3,18478,Tre Harris,LAC,WR,at BUF,recYds,DraftKings,39.5,over,34.63,128,,0.4386,0.4386,,1,0.3943,-0.0443,-0.0443,ev,none,live,2026092763BB8AC8,2026-09-22T17:47:03.773Z
2026,3,15946,Christian Watson,GB,WR,vs ATL,recYds,Hard Rock,98.5,over,69.75,240,-375,0.2941,0.2714,0.0836,0,0.2499,-0.0443,-0.0216,ev,multiplicative,live,202609250580A50A,2026-09-22T17:47:03.773Z
2026,3,18500,Matthew Golden,GB,WR,vs ATL,recYds,Hard Rock,62.5,under,52.68,-180,130,0.6429,0.5965,0.0776,0,0.5984,-0.0444,0.0019,ev,multiplicative,live,202609250580A50A,2026-09-22T17:47:03.773Z
2026,3,15876,James Cook,BUF,RB,vs LAC,rushYds,Hard Rock,31.5,under,76.14,1100,-4000,0.0833,0.0787,0.0589,0,0.0390,-0.0444,-0.0397,ev,multiplicative,live,2026092763BB8AC8,2026-09-22T17:47:03.773Z
2026,3,16649,Tucker Kraft,GB,TE,vs ATL,recYds,FanDuel,59.5,over,49.04,166,,0.3759,0.3759,,1,0.3314,-0.0445,-0.0445,ev,none,live,202609250580A50A,2026-09-22T17:47:03.773Z
2026,3,14446,Justin Herbert,LAC,QB,at BUF,passYds,Hard Rock,274.5,under,223.25,-475,300,0.8261,0.7677,0.0761,0,0.7816,-0.0445,0.0139,ev,multiplicative,live,2026092763BB8AC8,2026-09-22T17:47:03.773Z
2026,3,16649,Tucker Kraft,GB,TE,vs ATL,receptions,Caesars,4.5,under,3.83,-182,138,0.6454,0.6057,0.0656,0,0.6008,-0.0446,-0.0049,ev,multiplicative,live,202609250580A50A,2026-09-22T17:47:03.773Z
2026,3,18500,Matthew Golden,GB,WR,vs ATL,receptions,Hard Rock,4.5,under,4,-145,110,0.5918,0.5541,0.0680,0,0.5473,-0.0446,-0.0069,ev,multiplicative,live,202609250580A50A,2026-09-22T17:47:03.773Z
2026,3,15946,Christian Watson,GB,WR,vs ATL,recYds,Caesars,129.5,over,69.75,700,,0.1250,0.1250,,1,0.0803,-0.0447,-0.0447,ev,none,live,202609250580A50A,2026-09-22T17:47:03.773Z
2026,3,12483,Josh Allen,BUF,QB,vs LAC,rushYds,theScore,29.5,over,32.45,-155,,0.6078,0.6078,,1,0.5632,-0.0447,-0.0447,ev,none,live,2026092763BB8AC8,2026-09-22T17:47:03.773Z
2026,3,12477,DJ Moore,BUF,WR,vs LAC,recYds,Caesars,89.5,over,52.56,400,,0.2000,0.2000,,1,0.1552,-0.0448,-0.0448,ev,none,live,2026092763BB8AC8,2026-09-22T17:47:03.773Z
2026,3,14446,Justin Herbert,LAC,QB,at BUF,passYds,Caesars,209.5,over,223.25,-159,,0.6139,0.6139,,1,0.5690,-0.0449,-0.0449,ev,none,live,2026092763BB8AC8,2026-09-22T17:47:03.773Z
2026,3,14446,Justin Herbert,LAC,QB,at BUF,passYds,FanDuel,349.5,over,223.25,1277,,0.0726,0.0726,,1,0.0277,-0.0449,-0.0449,ev,none,live,2026092763BB8AC8,2026-09-22T17:47:03.773Z
2026,3,14411,CeeDee Lamb,DAL,WR,vs BAL,recYds,BetRivers,59.5,over,81.88,-335,,0.7701,0.7701,,1,0.7252,-0.0449,-0.0449,ev,none,live,202609270726D5A2,2026-09-22T17:47:03.773Z
2026,3,18500,Matthew Golden,GB,WR,vs ATL,recYds,theScore,59.5,over,52.68,110,,0.4762,0.4762,,1,0.4313,-0.0449,-0.0449,ev,none,live,202609250580A50A,2026-09-22T17:47:03.773Z
2026,3,18500,Matthew Golden,GB,WR,vs ATL,recYds,FanDuel,99.5,over,52.68,516,,0.1623,0.1623,,1,0.1173,-0.0450,-0.0450,ev,none,live,202609250580A50A,2026-09-22T17:47:03.773Z
2026,3,15947,Jake Ferguson,DAL,TE,vs BAL,recYds,BetRivers,49.5,over,34.7,390,,0.2041,0.2041,,1,0.1591,-0.0450,-0.0450,ev,none,live,202609270726D5A2,2026-09-22T17:47:03.773Z
2026,3,16739,Bijan Robinson,ATL,RB,at GB,rushYds,Hard Rock,24.5,under,87.97,1600,-8000,0.0588,0.0562,0.0465,0,0.0139,-0.0450,-0.0423,ev,multiplicative,live,202609250580A50A,2026-09-22T17:47:03.773Z
2026,3,15907,Brian Robinson Jr.,ATL,RB,at GB,rushYds,Hard Rock,24.5,under,22,-135,100,0.5745,0.5347,0.0745,0,0.5295,-0.0450,-0.0051,ev,multiplicative,live,202609250580A50A,2026-09-22T17:47:03.773Z
2026,3,15876,James Cook,BUF,RB,vs LAC,rushYds,theScore,59.5,over,76.14,-375,,0.7895,0.7895,,1,0.7444,-0.0450,-0.0450,ev,none,live,2026092763BB8AC8,2026-09-22T17:47:03.773Z
2026,3,17724,Ladd McConkey,LAC,WR,at BUF,recYds,Hard Rock,93.5,over,64.26,400,-750,0.2000,0.1848,0.0824,0,0.1550,-0.0450,-0.0297,ev,multiplicative,live,2026092763BB8AC8,2026-09-22T17:47:03.773Z
2026,3,12483,Josh Allen,BUF,QB,vs LAC,passTD,BetRivers,3.5,over,1.41,900,,0.1000,0.1000,,1,0.0549,-0.0451,-0.0451,ev,none,live,2026092763BB8AC8,2026-09-22T17:47:03.773Z
2026,3,15876,James Cook,BUF,RB,vs LAC,rushYds,Hard Rock,64.5,over,76.14,-260,175,0.7222,0.6651,0.0859,0,0.6771,-0.0451,0.0120,ev,multiplicative,live,2026092763BB8AC8,2026-09-22T17:47:03.773Z
2026,3,12561,Lamar Jackson,BAL,QB,at DAL,passYds,Hard Rock,188.5,over,259.92,-475,300,0.8261,0.7677,0.0761,0,0.7810,-0.0451,0.0133,ev,multiplicative,live,202609270726D5A2,2026-09-22T17:47:03.773Z
2026,3,15306,Javonte Williams,DAL,RB,vs BAL,rushAtt,DraftKings,17.5,over,17.31,264,,0.2747,0.2747,,1,0.2295,-0.0452,-0.0452,ev,none,live,202609270726D5A2,2026-09-22T17:47:03.773Z
2026,3,14411,CeeDee Lamb,DAL,WR,vs BAL,recYds,DraftKings,169.5,over,81.88,1440,,0.0649,0.0649,,1,0.0197,-0.0453,-0.0453,ev,none,live,202609270726D5A2,2026-09-22T17:47:03.773Z
2026,3,18478,Tre Harris,LAC,WR,at BUF,recYds,Hard Rock,28.5,over,34.63,-160,115,0.6154,0.5695,0.0805,0,0.5701,-0.0453,0.0006,ev,multiplicative,live,2026092763BB8AC8,2026-09-22T17:47:03.773Z
2026,3,16741,Chris Brooks,GB,RB,vs ATL,recYds,DraftKings,49.5,over,9.58,2100,,0.0455,0.0455,,1,0.0000,-0.0454,-0.0454,ev,none,live,202609250580A50A,2026-09-22T17:47:03.773Z
2026,3,14446,Justin Herbert,LAC,QB,at BUF,passYds,Caesars,199.5,over,223.25,-197,,0.6633,0.6633,,1,0.6179,-0.0454,-0.0454,ev,none,live,2026092763BB8AC8,2026-09-22T17:47:03.773Z
2026,3,18478,Tre Harris,LAC,WR,at BUF,receptions,Hard Rock,3.5,over,2.74,145,-200,0.4082,0.3797,0.0748,0,0.3628,-0.0454,-0.0170,ev,multiplicative,live,2026092763BB8AC8,2026-09-22T17:47:03.773Z
2026,3,15946,Christian Watson,GB,WR,vs ATL,receptions,Caesars,5.5,over,3.95,160,,0.3846,0.3846,,1,0.3391,-0.0455,-0.0455,ev,none,live,202609250580A50A,2026-09-22T17:47:03.773Z
2026,3,14446,Justin Herbert,LAC,QB,at BUF,passYds,Hard Rock,261.5,under,223.25,-325,220,0.7647,0.7099,0.0772,0,0.7191,-0.0456,0.0092,ev,multiplicative,live,2026092763BB8AC8,2026-09-22T17:47:03.773Z
2026,3,18478,Tre Harris,LAC,WR,at BUF,recYds,FanDuel,33.5,under,34.63,-114,-114,0.5327,0.5000,0.0654,0,0.4870,-0.0457,-0.0130,ev,multiplicative,live,2026092763BB8AC8,2026-09-22T17:47:03.773Z
2026,3,10819,Derrick Henry,BAL,RB,at DAL,rushYds,DraftKings,179.5,over,97.69,1540,,0.0610,0.0610,,1,0.0153,-0.0457,-0.0457,ev,none,live,202609270726D5A2,2026-09-22T17:47:03.773Z
2026,3,18500,Matthew Golden,GB,WR,vs ATL,recYds,Hard Rock,67.5,under,52.68,-225,160,0.6923,0.6429,0.0769,0,0.6466,-0.0457,0.0038,ev,multiplicative,live,202609250580A50A,2026-09-22T17:47:03.773Z
2026,3,14446,Justin Herbert,LAC,QB,at BUF,passYds,Caesars,239.5,over,223.25,123,,0.4484,0.4484,,1,0.4026,-0.0458,-0.0458,ev,none,live,2026092763BB8AC8,2026-09-22T17:47:03.773Z
2026,3,12477,DJ Moore,BUF,WR,vs LAC,receptions,Hard Rock,1.5,under,3.37,650,-1600,0.1333,0.1241,0.0745,0,0.0875,-0.0458,-0.0366,ev,multiplicative,live,2026092763BB8AC8,2026-09-22T17:47:03.773Z
2026,3,11008,Dak Prescott,DAL,QB,vs BAL,passYds,FanDuel,299.5,over,260.17,197,,0.3367,0.3367,,1,0.2908,-0.0459,-0.0459,ev,none,live,202609270726D5A2,2026-09-22T17:47:03.773Z
2026,3,15946,Christian Watson,GB,WR,vs ATL,recYds,Hard Rock,68.5,under,69.75,-115,-115,0.5349,0.5000,0.0698,0,0.4890,-0.0459,-0.0110,ev,multiplicative,live,202609250580A50A,2026-09-22T17:47:03.773Z
2026,3,16649,Tucker Kraft,GB,TE,vs ATL,recYds,BetRivers,59.5,over,49.04,165,,0.3774,0.3774,,1,0.3314,-0.0460,-0.0460,ev,none,live,202609250580A50A,2026-09-22T17:47:03.773Z
2026,3,17700,Michael Penix Jr.,ATL,QB,at GB,passTD,DraftKings,1.5,under,1.15,-266,204,0.7268,0.6884,0.0557,0,0.6808,-0.0460,-0.0076,ev,multiplicative,live,202609250580A50A,2026-09-22T17:47:03.773Z
2026,3,12477,DJ Moore,BUF,WR,vs LAC,recYds,Hard Rock,99.5,under,52.56,-1800,650,0.9474,0.8766,0.0807,0,0.9013,-0.0460,0.0247,ev,multiplicative,live,2026092763BB8AC8,2026-09-22T17:47:03.773Z
2026,3,15265,Kyle Pitts,ATL,TE,at GB,receptions,DraftKings,3.5,over,3.52,-123,-103,0.5516,0.5209,0.0590,0,0.5055,-0.0461,-0.0154,ev,multiplicative,live,202609250580A50A,2026-09-22T17:47:03.773Z
2026,3,16739,Bijan Robinson,ATL,RB,at GB,rushYds,Hard Rock,118.5,under,87.97,-600,325,0.8571,0.7846,0.0924,0,0.8111,-0.0461,0.0265,ev,multiplicative,live,202609250580A50A,2026-09-22T17:47:03.773Z
2026,3,15946,Christian Watson,GB,WR,vs ATL,recYds,Hard Rock,64.5,under,69.75,100,-135,0.5000,0.4653,0.0745,0,0.4539,-0.0461,-0.0115,ev,multiplicative,live,202609250580A50A,2026-09-22T17:47:03.773Z
2026,3,14411,CeeDee Lamb,DAL,WR,vs BAL,recYds,Hard Rock,24.5,over,81.88,-6000,1400,0.9836,0.9365,0.0503,0,0.9375,-0.0461,0.0010,ev,multiplicative,live,202609270726D5A2,2026-09-22T17:47:03.773Z
2026,3,15868,Drake London,ATL,WR,at GB,recYds,FanDuel,62.5,over,61.67,-114,-114,0.5327,0.5000,0.0654,0,0.4865,-0.0463,-0.0135,ev,multiplicative,live,202609250580A50A,2026-09-22T17:47:03.773Z
2026,3,12561,Lamar Jackson,BAL,QB,at DAL,passTD,Hard Rock,1.5,over,1.77,-135,105,0.5745,0.5408,0.0623,0,0.5282,-0.0463,-0.0126,ev,multiplicative,live,202609270726D5A2,2026-09-22T17:47:03.773Z
2026,3,12561,Lamar Jackson,BAL,QB,at DAL,passTD,theScore,1.5,over,1.77,-135,105,0.5745,0.5408,0.0623,0,0.5282,-0.0463,-0.0126,ev,multiplicative,live,202609270726D5A2,2026-09-22T17:47:03.773Z
2026,3,12561,Lamar Jackson,BAL,QB,at DAL,passYds,BetRivers,179.5,over,259.92,-590,,0.8551,0.8551,,1,0.8087,-0.0464,-0.0464,ev,none,live,202609270726D5A2,2026-09-22T17:47:03.773Z
2026,3,16739,Bijan Robinson,ATL,RB,at GB,rushYds,Hard Rock,118.5,over,87.97,325,-600,0.2353,0.2154,0.0924,0,0.1889,-0.0464,-0.0265,ev,multiplicative,live,202609250580A50A,2026-09-22T17:47:03.773Z
2026,3,14371,Jordan Love,GB,QB,vs ATL,passYds,DraftKings,229.5,under,232.97,-113,-111,0.5305,0.5021,0.0566,0,0.4840,-0.0465,-0.0181,ev,multiplicative,live,202609250580A50A,2026-09-22T17:47:03.773Z
2026,3,15946,Christian Watson,GB,WR,vs ATL,recYds,FanDuel,149.5,over,69.75,1197,,0.0771,0.0771,,1,0.0306,-0.0465,-0.0465,ev,none,live,202609250580A50A,2026-09-22T17:47:03.773Z
2026,3,17700,Michael Penix Jr.,ATL,QB,at GB,rushYds,DraftKings,29.5,over,8.86,1880,,0.0505,0.0505,,1,0.0039,-0.0466,-0.0466,ev,none,live,202609250580A50A,2026-09-22T17:47:03.773Z
2026,3,14446,Justin Herbert,LAC,QB,at BUF,passYds,Caesars,220.5,under,223.25,-114,-114,0.5327,0.5000,0.0654,0,0.4861,-0.0466,-0.0139,ev,multiplicative,live,2026092763BB8AC8,2026-09-22T17:47:03.773Z
2026,3,14446,Justin Herbert,LAC,QB,at BUF,passYds,Caesars,289.5,over,223.25,390,,0.2041,0.2041,,1,0.1574,-0.0466,-0.0466,ev,none,live,2026092763BB8AC8,2026-09-22T17:47:03.773Z
2026,3,12477,DJ Moore,BUF,WR,vs LAC,receptions,Caesars,2.5,over,3.37,-360,,0.7826,0.7826,,1,0.7360,-0.0466,-0.0466,ev,none,live,2026092763BB8AC8,2026-09-22T17:47:03.773Z
2026,3,15853,George Pickens,DAL,WR,vs BAL,receptions,Caesars,5.5,under,4.89,-157,120,0.6109,0.5734,0.0654,0,0.5643,-0.0466,-0.0090,ev,multiplicative,live,202609270726D5A2,2026-09-22T17:47:03.773Z
2026,3,14446,Justin Herbert,LAC,QB,at BUF,passYds,FanDuel,299.5,over,223.25,487,,0.1704,0.1704,,1,0.1237,-0.0467,-0.0467,ev,none,live,2026092763BB8AC8,2026-09-22T17:47:03.773Z
2026,3,15947,Jake Ferguson,DAL,TE,vs BAL,receptions,FanDuel,7.5,over,3.73,1099,,0.0834,0.0834,,1,0.0367,-0.0467,-0.0467,ev,none,live,202609270726D5A2,2026-09-22T17:47:03.773Z
2026,3,15265,Kyle Pitts,ATL,TE,at GB,recYds,DraftKings,99.5,over,40.08,2000,,0.0476,0.0476,,1,0.0008,-0.0468,-0.0468,ev,none,live,202609250580A50A,2026-09-22T17:47:03.773Z
2026,3,14371,Jordan Love,GB,QB,vs ATL,rushYds,DraftKings,19.5,over,14.63,272,,0.2688,0.2688,,1,0.2219,-0.0469,-0.0469,ev,none,live,202609250580A50A,2026-09-22T17:47:03.773Z
2026,3,14446,Justin Herbert,LAC,QB,at BUF,passYds,Caesars,249.5,over,223.25,155,,0.3922,0.3922,,1,0.3452,-0.0469,-0.0469,ev,none,live,2026092763BB8AC8,2026-09-22T17:47:03.773Z
2026,3,18500,Matthew Golden,GB,WR,vs ATL,recYds,Hard Rock,87.5,over,52.68,325,-550,0.2353,0.2176,0.0814,0,0.1884,-0.0469,-0.0292,ev,multiplicative,live,202609250580A50A,2026-09-22T17:47:03.773Z
2026,3,14446,Justin Herbert,LAC,QB,at BUF,passTD,Hard Rock,1.5,under,1.37,-185,135,0.6491,0.6040,0.0747,0,0.6022,-0.0469,-0.0018,ev,multiplicative,live,2026092763BB8AC8,2026-09-22T17:47:03.773Z
2026,3,14411,CeeDee Lamb,DAL,WR,vs BAL,recYds,Hard Rock,50.5,over,81.88,-550,350,0.8462,0.7920,0.0684,0,0.7992,-0.0469,0.0072,ev,multiplicative,live,202609270726D5A2,2026-09-22T17:47:03.773Z
2026,3,17724,Ladd McConkey,LAC,WR,at BUF,recYds,DraftKings,119.5,over,64.26,1240,,0.0746,0.0746,,1,0.0276,-0.0470,-0.0470,ev,none,live,2026092763BB8AC8,2026-09-22T17:47:03.773Z
2026,3,11008,Dak Prescott,DAL,QB,vs BAL,passYds,Hard Rock,375.5,over,260.17,900,-4000,0.1000,0.0930,0.0756,0,0.0530,-0.0470,-0.0399,ev,multiplicative,live,202609270726D5A2,2026-09-22T17:47:03.773Z
2026,3,17700,Michael Penix Jr.,ATL,QB,at GB,passYds,DraftKings,249.5,over,199.74,274,,0.2674,0.2674,,1,0.2203,-0.0471,-0.0471,ev,none,live,202609250580A50A,2026-09-22T17:47:03.773Z
2026,3,17724,Ladd McConkey,LAC,WR,at BUF,recYds,DraftKings,109.5,over,64.26,850,,0.1053,0.1053,,1,0.0582,-0.0471,-0.0471,ev,none,live,2026092763BB8AC8,2026-09-22T17:47:03.773Z
2026,3,11008,Dak Prescott,DAL,QB,vs BAL,passYds,Caesars,359.5,over,260.17,675,,0.1290,0.1290,,1,0.0820,-0.0471,-0.0471,ev,none,live,202609270726D5A2,2026-09-22T17:47:03.773Z
2026,3,11008,Dak Prescott,DAL,QB,vs BAL,passYds,DraftKings,329.5,over,260.17,370,,0.2128,0.2128,,1,0.1656,-0.0471,-0.0471,ev,none,live,202609270726D5A2,2026-09-22T17:47:03.773Z
2026,3,16741,Chris Brooks,GB,RB,vs ATL,recYds,Hard Rock,42.5,over,9.58,2000,,0.0476,0.0476,,1,0.0005,-0.0471,-0.0471,ev,none,live,202609250580A50A,2026-09-22T17:47:03.773Z
2026,3,18500,Matthew Golden,GB,WR,vs ATL,recYds,Caesars,59.5,over,52.68,109,,0.4785,0.4785,,1,0.4313,-0.0472,-0.0472,ev,none,live,202609250580A50A,2026-09-22T17:47:03.773Z
2026,3,14446,Justin Herbert,LAC,QB,at BUF,passYds,DraftKings,219.5,under,223.25,-112,-112,0.5283,0.5000,0.0566,0,0.4811,-0.0472,-0.0189,ev,multiplicative,live,2026092763BB8AC8,2026-09-22T17:47:03.773Z
2026,3,18500,Matthew Golden,GB,WR,vs ATL,recYds,theScore,89.5,over,52.68,350,,0.2222,0.2222,,1,0.1750,-0.0472,-0.0472,ev,none,live,202609250580A50A,2026-09-22T17:47:03.773Z
2026,3,15868,Drake London,ATL,WR,at GB,receptions,Hard Rock,8.5,under,4.64,-1800,650,0.9474,0.8766,0.0807,0,0.9002,-0.0472,0.0235,ev,multiplicative,live,202609250580A50A,2026-09-22T17:47:03.773Z
2026,3,12561,Lamar Jackson,BAL,QB,at DAL,int,BetRivers,0.5,over,0.44,148,-195,0.4032,0.3789,0.0642,0,0.3560,-0.0473,-0.0229,ev,multiplicative,live,202609270726D5A2,2026-09-22T17:47:03.773Z
2026,3,11008,Dak Prescott,DAL,QB,vs BAL,completions,DraftKings,33.5,over,22.43,920,,0.0980,0.0980,,1,0.0508,-0.0473,-0.0473,ev,none,live,202609270726D5A2,2026-09-22T17:47:03.773Z
2026,3,14371,Jordan Love,GB,QB,vs ATL,passYds,Hard Rock,217.5,under,232.97,110,-150,0.4762,0.4425,0.0762,0,0.4289,-0.0473,-0.0135,ev,multiplicative,live,202609250580A50A,2026-09-22T17:47:03.773Z
2026,3,15868,Drake London,ATL,WR,at GB,recYds,Hard Rock,53.5,under,61.67,130,-180,0.4348,0.4035,0.0776,0,0.3873,-0.0474,-0.0161,ev,multiplicative,live,202609250580A50A,2026-09-22T17:47:03.773Z
2026,3,15868,Drake London,ATL,WR,at GB,recYds,DraftKings,149.5,over,61.67,2000,,0.0476,0.0476,,1,0.0002,-0.0475,-0.0475,ev,none,live,202609250580A50A,2026-09-22T17:47:03.773Z
2026,3,14411,CeeDee Lamb,DAL,WR,vs BAL,receptions,Caesars,8.5,over,5.87,205,,0.3279,0.3279,,1,0.2804,-0.0475,-0.0475,ev,none,live,202609270726D5A2,2026-09-22T17:47:03.773Z
2026,3,15946,Christian Watson,GB,WR,vs ATL,recYds,Hard Rock,53.5,over,69.75,-220,155,0.6875,0.6368,0.0797,0,0.6400,-0.0475,0.0033,ev,multiplicative,live,202609250580A50A,2026-09-22T17:47:03.773Z
2026,3,17700,Michael Penix Jr.,ATL,QB,at GB,rushYds,Hard Rock,43.5,over,8.86,2000,,0.0476,0.0476,,1,0.0000,-0.0476,-0.0476,ev,none,live,202609250580A50A,2026-09-22T17:47:03.773Z
2026,3,16649,Tucker Kraft,GB,TE,vs ATL,recYds,Hard Rock,56.5,over,49.04,135,-190,0.4255,0.3938,0.0807,0,0.3779,-0.0476,-0.0158,ev,multiplicative,live,202609250580A50A,2026-09-22T17:47:03.773Z
2026,3,15868,Drake London,ATL,WR,at GB,recYds,Hard Rock,58.5,over,61.67,-145,105,0.5918,0.5482,0.0796,0,0.5442,-0.0476,-0.0040,ev,multiplicative,live,202609250580A50A,2026-09-22T17:47:03.773Z
2026,3,11008,Dak Prescott,DAL,QB,vs BAL,rushAtt,Hard Rock,11.5,over,2.62,2000,,0.0476,0.0476,,1,0.0000,-0.0476,-0.0476,ev,none,live,202609270726D5A2,2026-09-22T17:47:03.773Z
2026,3,11008,Dak Prescott,DAL,QB,vs BAL,passYds,Hard Rock,365.5,over,260.17,750,-2500,0.1176,0.1090,0.0792,0,0.0700,-0.0477,-0.0391,ev,multiplicative,live,202609270726D5A2,2026-09-22T17:47:03.773Z
2026,3,14411,CeeDee Lamb,DAL,WR,vs BAL,recYds,Hard Rock,45.5,over,81.88,-750,425,0.8824,0.8225,0.0728,0,0.8346,-0.0477,0.0122,ev,multiplicative,live,202609270726D5A2,2026-09-22T17:47:03.773Z
2026,3,10819,Derrick Henry,BAL,RB,at DAL,rushYds,Hard Rock,128.5,under,97.69,-525,300,0.8400,0.7706,0.0900,0,0.7923,-0.0477,0.0216,ev,multiplicative,live,202609270726D5A2,2026-09-22T17:47:03.773Z
2026,3,15946,Christian Watson,GB,WR,vs ATL,recYds,Hard Rock,113.5,over,69.75,400,-700,0.2000,0.1860,0.0750,0,0.1522,-0.0478,-0.0339,ev,multiplicative,live,202609250580A50A,2026-09-22T17:47:03.773Z
2026,3,12477,DJ Moore,BUF,WR,vs LAC,recYds,Hard Rock,94.5,under,52.56,-1200,550,0.9231,0.8571,0.0769,0,0.8753,-0.0478,0.0182,ev,multiplicative,live,2026092763BB8AC8,2026-09-22T17:47:03.773Z
2026,3,18478,Tre Harris,LAC,WR,at BUF,recYds,Caesars,33.5,under,34.63,-115,-114,0.5349,0.5010,0.0676,0,0.4870,-0.0479,-0.0140,ev,multiplicative,live,2026092763BB8AC8,2026-09-22T17:47:03.773Z
2026,3,16649,Tucker Kraft,GB,TE,vs ATL,recYds,theScore,49.5,under,49.04,-125,-105,0.5556,0.5203,0.0678,0,0.5076,-0.0479,-0.0127,ev,multiplicative,live,202609250580A50A,2026-09-22T17:47:03.773Z
2026,3,18478,Tre Harris,LAC,WR,at BUF,recYds,Hard Rock,33.5,under,34.63,-115,-115,0.5349,0.5000,0.0698,0,0.4870,-0.0479,-0.0130,ev,multiplicative,live,2026092763BB8AC8,2026-09-22T17:47:03.773Z
2026,3,12483,Josh Allen,BUF,QB,vs LAC,completions,BetRivers,19.5,over,20.77,-159,,0.6139,0.6139,,1,0.5659,-0.0480,-0.0480,ev,none,live,2026092763BB8AC8,2026-09-22T17:47:03.773Z
2026,3,12483,Josh Allen,BUF,QB,vs LAC,rushYds,Hard Rock,23.5,over,32.45,-275,185,0.7333,0.6764,0.0842,0,0.6853,-0.0480,0.0089,ev,multiplicative,live,2026092763BB8AC8,2026-09-22T17:47:03.773Z
2026,3,15265,Kyle Pitts,ATL,TE,at GB,receptions,BetRivers,3.5,over,3.52,-124,,0.5536,0.5536,,1,0.5055,-0.0481,-0.0481,ev,none,live,202609250580A50A,2026-09-22T17:47:03.773Z
2026,3,14371,Jordan Love,GB,QB,vs ATL,passYds,Caesars,209.5,over,232.97,-190,,0.6552,0.6552,,1,0.6071,-0.0481,-0.0481,ev,none,live,202609250580A50A,2026-09-22T17:47:03.773Z
2026,3,14446,Justin Herbert,LAC,QB,at BUF,passTD,BetRivers,1.5,under,1.37,-186,140,0.6503,0.6095,0.0670,0,0.6022,-0.0481,-0.0073,ev,multiplicative,live,2026092763BB8AC8,2026-09-22T17:47:03.773Z
2026,3,15853,George Pickens,DAL,WR,vs BAL,receptions,DraftKings,5.5,under,4.89,-158,124,0.6124,0.5784,0.0588,0,0.5643,-0.0481,-0.0140,ev,multiplicative,live,202609270726D5A2,2026-09-22T17:47:03.773Z
2026,3,14411,CeeDee Lamb,DAL,WR,vs BAL,recYds,DraftKings,59.5,over,81.88,-341,,0.7732,0.7732,,1,0.7252,-0.0481,-0.0481,ev,none,live,202609270726D5A2,2026-09-22T17:47:03.773Z
2026,3,14411,CeeDee Lamb,DAL,WR,vs BAL,recYds,FanDuel,59.5,over,81.88,-341,,0.7732,0.7732,,1,0.7252,-0.0481,-0.0481,ev,none,live,202609270726D5A2,2026-09-22T17:47:03.773Z
2026,3,15868,Drake London,ATL,WR,at GB,receptions,FanDuel,6.5,over,4.64,216,,0.3165,0.3165,,1,0.2683,-0.0482,-0.0482,ev,none,live,202609250580A50A,2026-09-22T17:47:03.773Z
2026,3,17700,Michael Penix Jr.,ATL,QB,at GB,passYds,Hard Rock,316.5,over,199.74,1100,-5000,0.0833,0.0783,0.0637,0,0.0352,-0.0482,-0.0432,ev,multiplicative,live,202609250580A50A,2026-09-22T17:47:03.773Z
2026,3,16649,Tucker Kraft,GB,TE,vs ATL,receptions,BetMGM,4.5,under,3.83,-185,135,0.6491,0.6040,0.0747,0,0.6008,-0.0484,-0.0033,ev,multiplicative,live,202609250580A50A,2026-09-22T17:47:03.773Z
2026,3,15868,Drake London,ATL,WR,at GB,recYds,BetMGM,62.5,over,61.67,-115,-115,0.5349,0.5000,0.0698,0,0.4865,-0.0484,-0.0135,ev,multiplicative,live,202609250580A50A,2026-09-22T17:47:03.773Z
2026,3,14411,CeeDee Lamb,DAL,WR,vs BAL,recYds,BetRivers,49.5,over,81.88,-590,,0.8551,0.8551,,1,0.8067,-0.0484,-0.0484,ev,none,live,202609270726D5A2,2026-09-22T17:47:03.773Z
2026,3,16649,Tucker Kraft,GB,TE,vs ATL,receptions,Hard Rock,4.5,under,3.83,-185,135,0.6491,0.6040,0.0747,0,0.6008,-0.0484,-0.0033,ev,multiplicative,live,202609250580A50A,2026-09-22T17:47:03.773Z
2026,3,14446,Justin Herbert,LAC,QB,at BUF,passYds,Hard Rock,251.5,under,223.25,-250,175,0.7143,0.6627,0.0779,0,0.6659,-0.0484,0.0032,ev,multiplicative,live,2026092763BB8AC8,2026-09-22T17:47:03.773Z
2026,3,12483,Josh Allen,BUF,QB,vs LAC,rushYds,Hard Rock,24.5,over,32.45,-250,170,0.7143,0.6585,0.0847,0,0.6659,-0.0484,0.0074,ev,multiplicative,live,2026092763BB8AC8,2026-09-22T17:47:03.773Z
2026,3,14411,CeeDee Lamb,DAL,WR,vs BAL,recYds,Hard Rock,60.5,over,81.88,-325,220,0.7647,0.7099,0.0772,0,0.7162,-0.0485,0.0063,ev,multiplicative,live,202609270726D5A2,2026-09-22T17:47:03.773Z
2026,3,14446,Justin Herbert,LAC,QB,at BUF,passYds,BetRivers,220.5,under,223.25,-115,-115,0.5349,0.5000,0.0698,0,0.4861,-0.0487,-0.0139,ev,multiplicative,live,2026092763BB8AC8,2026-09-22T17:47:03.773Z
2026,3,16649,Tucker Kraft,GB,TE,vs ATL,receptions,Hard Rock,7.5,under,3.83,-3000,900,0.9677,0.9063,0.0677,0,0.9190,-0.0487,0.0127,ev,multiplicative,live,202609250580A50A,2026-09-22T17:47:03.773Z
2026,3,18500,Matthew Golden,GB,WR,vs ATL,recYds,Hard Rock,64.5,under,52.68,-200,140,0.6667,0.6154,0.0833,0,0.6179,-0.0487,0.0025,ev,multiplicative,live,202609250580A50A,2026-09-22T17:47:03.773Z
2026,3,15876,James Cook,BUF,RB,vs LAC,rushYds,Hard Rock,66.5,over,76.14,-230,160,0.6970,0.6444,0.0816,0,0.6483,-0.0487,0.0039,ev,multiplicative,live,2026092763BB8AC8,2026-09-22T17:47:03.773Z
2026,3,18500,Matthew Golden,GB,WR,vs ATL,recYds,FanDuel,49.5,over,52.68,-140,,0.5833,0.5833,,1,0.5345,-0.0488,-0.0488,ev,none,live,202609250580A50A,2026-09-22T17:47:03.773Z
2026,3,12477,DJ Moore,BUF,WR,vs LAC,recYds,FanDuel,99.5,over,52.56,578,,0.1475,0.1475,,1,0.0987,-0.0488,-0.0488,ev,none,live,2026092763BB8AC8,2026-09-22T17:47:03.773Z
2026,3,18500,Matthew Golden,GB,WR,vs ATL,recYds,theScore,49.5,over,52.68,-140,,0.5833,0.5833,,1,0.5345,-0.0488,-0.0488,ev,none,live,202609250580A50A,2026-09-22T17:47:03.773Z
2026,3,14446,Justin Herbert,LAC,QB,at BUF,passYds,Hard Rock,211.5,over,223.25,-155,110,0.6078,0.5607,0.0840,0,0.5590,-0.0488,-0.0017,ev,multiplicative,live,2026092763BB8AC8,2026-09-22T17:47:03.773Z
2026,3,14446,Justin Herbert,LAC,QB,at BUF,passYds,Hard Rock,324.5,over,223.25,800,-3000,0.1111,0.1030,0.0789,0,0.0623,-0.0488,-0.0407,ev,multiplicative,live,2026092763BB8AC8,2026-09-22T17:47:03.773Z
2026,3,15946,Christian Watson,GB,WR,vs ATL,recYds,Caesars,89.5,over,69.75,170,,0.3704,0.3704,,1,0.3214,-0.0489,-0.0489,ev,none,live,202609250580A50A,2026-09-22T17:47:03.773Z
2026,3,15265,Kyle Pitts,ATL,TE,at GB,recYds,Hard Rock,49.5,over,40.08,180,-260,0.3571,0.3309,0.0794,0,0.3082,-0.0490,-0.0227,ev,multiplicative,live,202609250580A50A,2026-09-22T17:47:03.773Z
2026,3,11008,Dak Prescott,DAL,QB,vs BAL,passYds,FanDuel,274.5,over,260.17,113,,0.4695,0.4695,,1,0.4204,-0.0491,-0.0491,ev,none,live,202609270726D5A2,2026-09-22T17:47:03.773Z
2026,3,14446,Justin Herbert,LAC,QB,at BUF,passYds,Hard Rock,301.5,over,223.25,500,-1100,0.1667,0.1538,0.0833,0,0.1176,-0.0491,-0.0363,ev,multiplicative,live,2026092763BB8AC8,2026-09-22T17:47:03.773Z
2026,3,12483,Josh Allen,BUF,QB,vs LAC,rushYds,Caesars,9.5,over,32.45,-1600,,0.9412,0.9412,,1,0.8920,-0.0492,-0.0492,ev,none,live,2026092763BB8AC8,2026-09-22T17:47:03.773Z
2026,3,16899,Quentin Johnston,LAC,WR,at BUF,receptions,DraftKings,3.5,under,2.74,-172,134,0.6324,0.5967,0.0597,0,0.5832,-0.0492,-0.0135,ev,multiplicative,live,2026092763BB8AC8,2026-09-22T17:47:03.773Z
2026,3,12561,Lamar Jackson,BAL,QB,at DAL,passYds,DraftKings,189.5,over,259.92,-478,,0.8270,0.8270,,1,0.7777,-0.0492,-0.0492,ev,none,live,202609270726D5A2,2026-09-22T17:47:03.773Z
2026,3,18500,Matthew Golden,GB,WR,vs ATL,recYds,FanDuel,124.5,over,52.68,1099,,0.0834,0.0834,,1,0.0341,-0.0493,-0.0493,ev,none,live,202609250580A50A,2026-09-22T17:47:03.773Z
2026,3,12483,Josh Allen,BUF,QB,vs LAC,passYds,theScore,174.5,over,256.07,-650,,0.8667,0.8667,,1,0.8174,-0.0493,-0.0493,ev,none,live,2026092763BB8AC8,2026-09-22T17:47:03.773Z
2026,3,18500,Matthew Golden,GB,WR,vs ATL,recYds,Hard Rock,99.5,over,52.68,500,-1000,0.1667,0.1549,0.0758,0,0.1173,-0.0494,-0.0376,ev,multiplicative,live,202609250580A50A,2026-09-22T17:47:03.773Z
2026,3,18500,Matthew Golden,GB,WR,vs ATL,recYds,theScore,99.5,over,52.68,500,,0.1667,0.1667,,1,0.1173,-0.0494,-0.0494,ev,none,live,202609250580A50A,2026-09-22T17:47:03.773Z
2026,3,18500,Matthew Golden,GB,WR,vs ATL,receptions,Caesars,4.5,under,4,-148,113,0.5968,0.5597,0.0663,0,0.5473,-0.0495,-0.0124,ev,multiplicative,live,202609250580A50A,2026-09-22T17:47:03.773Z
2026,3,18500,Matthew Golden,GB,WR,vs ATL,receptions,FanDuel,4.5,under,4,-148,112,0.5968,0.5585,0.0685,0,0.5473,-0.0495,-0.0113,ev,multiplicative,live,202609250580A50A,2026-09-22T17:47:03.773Z
2026,3,15853,George Pickens,DAL,WR,vs BAL,receptions,Caesars,2.5,over,4.89,-1200,,0.9231,0.9231,,1,0.8735,-0.0495,-0.0495,ev,none,live,202609270726D5A2,2026-09-22T17:47:03.773Z
2026,3,18478,Tre Harris,LAC,WR,at BUF,recYds,Hard Rock,38.5,over,34.63,115,-155,0.4651,0.4335,0.0730,0,0.4156,-0.0495,-0.0179,ev,multiplicative,live,2026092763BB8AC8,2026-09-22T17:47:03.773Z
2026,3,14446,Justin Herbert,LAC,QB,at BUF,passYds,Hard Rock,321.5,over,223.25,750,-2500,0.1176,0.1090,0.0792,0,0.0680,-0.0496,-0.0410,ev,multiplicative,live,2026092763BB8AC8,2026-09-22T17:47:03.773Z
2026,3,15946,Christian Watson,GB,WR,vs ATL,recYds,Hard Rock,49.5,over,69.75,-260,180,0.7222,0.6691,0.0794,0,0.6725,-0.0497,0.0034,ev,multiplicative,live,202609250580A50A,2026-09-22T17:47:03.773Z
2026,3,14371,Jordan Love,GB,QB,vs ATL,passYds,FanDuel,199.5,over,232.97,-234,,0.7006,0.7006,,1,0.6508,-0.0498,-0.0498,ev,none,live,202609250580A50A,2026-09-22T17:47:03.773Z
2026,3,10819,Derrick Henry,BAL,RB,at DAL,rushYds,Caesars,129.5,over,97.69,300,,0.2500,0.2500,,1,0.2002,-0.0498,-0.0498,ev,none,live,202609270726D5A2,2026-09-22T17:47:03.773Z
2026,3,14411,CeeDee Lamb,DAL,WR,vs BAL,recYds,Hard Rock,55.5,over,81.88,-425,260,0.8095,0.7445,0.0873,0,0.7597,-0.0499,0.0151,ev,multiplicative,live,202609270726D5A2,2026-09-22T17:47:03.773Z
2026,3,14446,Justin Herbert,LAC,QB,at BUF,passYds,DraftKings,189.5,over,223.25,-251,,0.7151,0.7151,,1,0.6651,-0.0500,-0.0500,ev,none,live,2026092763BB8AC8,2026-09-22T17:47:03.773Z
2026,3,14446,Justin Herbert,LAC,QB,at BUF,passTD,Caesars,0.5,over,1.37,-390,,0.7959,0.7959,,1,0.7459,-0.0500,-0.0500,ev,none,live,2026092763BB8AC8,2026-09-22T17:47:03.773Z
2026,3,17700,Michael Penix Jr.,ATL,QB,at GB,passTD,Hard Rock,0.5,over,1.15,-275,190,0.7333,0.6802,0.0782,0,0.6834,-0.0500,0.0032,ev,multiplicative,live,202609250580A50A,2026-09-22T17:47:03.773Z
2026,3,17700,Michael Penix Jr.,ATL,QB,at GB,passYds,Caesars,299.5,over,199.74,800,,0.1111,0.1111,,1,0.0610,-0.0501,-0.0501,ev,none,live,202609250580A50A,2026-09-22T17:47:03.773Z
2026,3,10819,Derrick Henry,BAL,RB,at DAL,rushYds,Hard Rock,138.5,over,97.69,425,-750,0.1905,0.1775,0.0728,0,0.1404,-0.0501,-0.0372,ev,multiplicative,live,202609270726D5A2,2026-09-22T17:47:03.773Z
2026,3,14446,Justin Herbert,LAC,QB,at BUF,passYds,Caesars,279.5,over,223.25,305,,0.2469,0.2469,,1,0.1967,-0.0502,-0.0502,ev,none,live,2026092763BB8AC8,2026-09-22T17:47:03.773Z
2026,3,15265,Kyle Pitts,ATL,TE,at GB,receptions,Hard Rock,4.5,under,3.52,-250,175,0.7143,0.6627,0.0779,0,0.6641,-0.0502,0.0015,ev,multiplicative,live,202609250580A50A,2026-09-22T17:47:03.773Z
2026,3,17724,Ladd McConkey,LAC,WR,at BUF,recYds,Hard Rock,23.5,under,64.26,400,-750,0.2000,0.1848,0.0824,0,0.1498,-0.0502,-0.0350,ev,multiplicative,live,2026092763BB8AC8,2026-09-22T17:47:03.773Z
2026,3,10819,Derrick Henry,BAL,RB,at DAL,rushYds,Hard Rock,133.5,over,97.69,350,-650,0.2222,0.2041,0.0889,0,0.1720,-0.0503,-0.0321,ev,multiplicative,live,202609270726D5A2,2026-09-22T17:47:03.773Z
2026,3,11008,Dak Prescott,DAL,QB,vs BAL,passTD,Hard Rock,3.5,over,1.57,700,,0.1250,0.1250,,1,0.0747,-0.0503,-0.0503,ev,none,live,202609270726D5A2,2026-09-22T17:47:03.773Z
2026,3,17700,Michael Penix Jr.,ATL,QB,at GB,passYds,FanDuel,324.5,over,199.74,1199,,0.0770,0.0770,,1,0.0266,-0.0504,-0.0504,ev,none,live,202609250580A50A,2026-09-22T17:47:03.773Z
2026,3,17724,Ladd McConkey,LAC,WR,at BUF,recYds,Caesars,19.5,over,64.26,-1200,,0.9231,0.9231,,1,0.8727,-0.0504,-0.0504,ev,none,live,2026092763BB8AC8,2026-09-22T17:47:03.773Z
2026,3,15306,Javonte Williams,DAL,RB,vs BAL,receptions,DraftKings,7.5,over,2.63,1880,,0.0505,0.0505,,1,0.0002,-0.0504,-0.0504,ev,none,live,202609270726D5A2,2026-09-22T17:47:03.773Z
2026,3,18500,Matthew Golden,GB,WR,vs ATL,recYds,theScore,109.5,over,52.68,700,,0.1250,0.1250,,1,0.0746,-0.0504,-0.0504,ev,none,live,202609250580A50A,2026-09-22T17:47:03.773Z
2026,3,12483,Josh Allen,BUF,QB,vs LAC,passTD,theScore,3.5,over,1.41,850,,0.1053,0.1053,,1,0.0549,-0.0504,-0.0504,ev,none,live,2026092763BB8AC8,2026-09-22T17:47:03.773Z
2026,3,14411,CeeDee Lamb,DAL,WR,vs BAL,recYds,Caesars,49.5,over,81.88,-600,,0.8571,0.8571,,1,0.8067,-0.0505,-0.0505,ev,none,live,202609270726D5A2,2026-09-22T17:47:03.773Z
2026,3,14411,CeeDee Lamb,DAL,WR,vs BAL,recYds,Hard Rock,49.5,over,81.88,-600,350,0.8571,0.7941,0.0794,0,0.8067,-0.0505,0.0125,ev,multiplicative,live,202609270726D5A2,2026-09-22T17:47:03.773Z
2026,3,17700,Michael Penix Jr.,ATL,QB,at GB,passYds,DraftKings,239.5,over,199.74,213,,0.3195,0.3195,,1,0.2689,-0.0506,-0.0506,ev,none,live,202609250580A50A,2026-09-22T17:47:03.773Z
2026,3,17724,Ladd McConkey,LAC,WR,at BUF,recYds,DraftKings,14.5,over,64.26,-1820,,0.9479,0.9479,,1,0.8973,-0.0506,-0.0506,ev,none,live,2026092763BB8AC8,2026-09-22T17:47:03.773Z
2026,3,12483,Josh Allen,BUF,QB,vs LAC,passTD,FanDuel,3.5,over,1.41,848,,0.1055,0.1055,,1,0.0549,-0.0506,-0.0506,ev,none,live,2026092763BB8AC8,2026-09-22T17:47:03.773Z
2026,3,12561,Lamar Jackson,BAL,QB,at DAL,passAtt,DraftKings,41.5,over,28.71,1580,,0.0595,0.0595,,1,0.0089,-0.0506,-0.0506,ev,none,live,202609270726D5A2,2026-09-22T17:47:03.773Z
2026,3,17724,Ladd McConkey,LAC,WR,at BUF,recYds,Hard Rock,18.5,over,64.26,-1300,550,0.9286,0.8579,0.0824,0,0.8779,-0.0506,0.0201,ev,multiplicative,live,2026092763BB8AC8,2026-09-22T17:47:03.773Z
2026,3,12561,Lamar Jackson,BAL,QB,at DAL,passYds,Hard Rock,198.5,under,259.92,230,-350,0.3030,0.2804,0.0808,0,0.2524,-0.0506,-0.0280,ev,multiplicative,live,202609270726D5A2,2026-09-22T17:47:03.773Z
2026,3,14411,CeeDee Lamb,DAL,WR,vs BAL,recYds,FanDuel,49.5,over,81.88,-601,,0.8573,0.8573,,1,0.8067,-0.0507,-0.0507,ev,none,live,202609270726D5A2,2026-09-22T17:47:03.773Z
2026,3,14371,Jordan Love,GB,QB,vs ATL,passYds,Hard Rock,207.5,over,232.97,-200,140,0.6667,0.6154,0.0833,0,0.6160,-0.0507,0.0006,ev,multiplicative,live,202609250580A50A,2026-09-22T17:47:03.773Z
2026,3,12561,Lamar Jackson,BAL,QB,at DAL,passAtt,Caesars,29.5,over,28.71,103,-136,0.4926,0.4609,0.0689,0,0.4418,-0.0508,-0.0191,ev,multiplicative,live,202609270726D5A2,2026-09-22T17:47:03.773Z
2026,3,15946,Christian Watson,GB,WR,vs ATL,recYds,Hard Rock,83.5,under,69.75,-210,150,0.6774,0.6287,0.0774,0,0.6266,-0.0508,-0.0022,ev,multiplicative,live,202609250580A50A,2026-09-22T17:47:03.773Z
2026,3,11008,Dak Prescott,DAL,QB,vs BAL,passYds,Hard Rock,345.5,over,260.17,500,-1000,0.1667,0.1549,0.0758,0,0.1159,-0.0508,-0.0390,ev,multiplicative,live,202609270726D5A2,2026-09-22T17:47:03.773Z
2026,3,15265,Kyle Pitts,ATL,TE,at GB,receptions,BetMGM,3.5,under,3.52,-120,-110,0.5455,0.5101,0.0693,0,0.4945,-0.0509,-0.0156,ev,multiplicative,live,202609250580A50A,2026-09-22T17:47:03.773Z
2026,3,15868,Drake London,ATL,WR,at GB,receptions,Caesars,2.5,over,4.64,-1200,,0.9231,0.9231,,1,0.8721,-0.0509,-0.0509,ev,none,live,202609250580A50A,2026-09-22T17:47:03.773Z
2026,3,18500,Matthew Golden,GB,WR,vs ATL,recYds,Hard Rock,102.5,over,52.68,550,-1200,0.1538,0.1429,0.0769,0,0.1030,-0.0509,-0.0399,ev,multiplicative,live,202609250580A50A,2026-09-22T17:47:03.773Z
2026,3,14371,Jordan Love,GB,QB,vs ATL,passYds,theScore,229.5,under,232.97,-115,-115,0.5349,0.5000,0.0698,0,0.4840,-0.0509,-0.0160,ev,multiplicative,live,202609250580A50A,2026-09-22T17:47:03.773Z
2026,3,12483,Josh Allen,BUF,QB,vs LAC,passYds,Hard Rock,198.5,over,256.07,-375,240,0.7895,0.7286,0.0836,0,0.7386,-0.0509,0.0100,ev,multiplicative,live,2026092763BB8AC8,2026-09-22T17:47:03.773Z
2026,3,15306,Javonte Williams,DAL,RB,vs BAL,rushYds,DraftKings,24.5,over,63.83,-1600,,0.9412,0.9412,,1,0.8901,-0.0511,-0.0511,ev,none,live,202609270726D5A2,2026-09-22T17:47:03.773Z
2026,3,15306,Javonte Williams,DAL,RB,vs BAL,rushYds,theScore,19.5,over,63.83,-3000,,0.9677,0.9677,,1,0.9167,-0.0511,-0.0511,ev,none,live,202609270726D5A2,2026-09-22T17:47:03.773Z
2026,3,15306,Javonte Williams,DAL,RB,vs BAL,rushYds,FanDuel,24.5,over,63.83,-1604,,0.9413,0.9413,,1,0.8901,-0.0512,-0.0512,ev,none,live,202609270726D5A2,2026-09-22T17:47:03.773Z
2026,3,15265,Kyle Pitts,ATL,TE,at GB,receptions,Hard Rock,6.5,under,3.52,-2000,650,0.9524,0.8772,0.0857,0,0.9012,-0.0512,0.0240,ev,multiplicative,live,202609250580A50A,2026-09-22T17:47:03.773Z
2026,3,15868,Drake London,ATL,WR,at GB,receptions,Hard Rock,7.5,over,4.64,350,-650,0.2222,0.2041,0.0889,0,0.1710,-0.0512,-0.0331,ev,multiplicative,live,202609250580A50A,2026-09-22T17:47:03.773Z
2026,3,15306,Javonte Williams,DAL,RB,vs BAL,rushYds,Hard Rock,29.5,over,63.83,-1000,500,0.9091,0.8451,0.0758,0,0.8579,-0.0512,0.0128,ev,multiplicative,live,202609270726D5A2,2026-09-22T17:47:03.773Z
2026,3,15306,Javonte Williams,DAL,RB,vs BAL,rushYds,theScore,29.5,over,63.83,-1000,,0.9091,0.9091,,1,0.8579,-0.0512,-0.0512,ev,none,live,202609270726D5A2,2026-09-22T17:47:03.773Z
2026,3,17724,Ladd McConkey,LAC,WR,at BUF,receptions,DraftKings,2.5,over,4.77,-555,,0.8473,0.8473,,1,0.7961,-0.0513,-0.0513,ev,none,live,2026092763BB8AC8,2026-09-22T17:47:03.773Z
2026,3,11008,Dak Prescott,DAL,QB,vs BAL,passYds,FanDuel,263.5,over,260.17,-114,-114,0.5327,0.5000,0.0654,0,0.4814,-0.0513,-0.0186,ev,multiplicative,live,202609270726D5A2,2026-09-22T17:47:03.773Z
2026,3,12483,Josh Allen,BUF,QB,vs LAC,passYds,DraftKings,199.5,over,256.07,-368,,0.7863,0.7863,,1,0.7350,-0.0514,-0.0514,ev,none,live,2026092763BB8AC8,2026-09-22T17:47:03.773Z
2026,3,15907,Brian Robinson Jr.,ATL,RB,at GB,rushYds,Hard Rock,22.5,over,22,-120,-110,0.5455,0.5101,0.0693,0,0.4941,-0.0514,-0.0160,ev,multiplicative,live,202609250580A50A,2026-09-22T17:47:03.773Z
2026,3,17724,Ladd McConkey,LAC,WR,at BUF,recYds,FanDuel,99.5,over,64.26,517,,0.1621,0.1621,,1,0.1106,-0.0515,-0.0515,ev,none,live,2026092763BB8AC8,2026-09-22T17:47:03.773Z
2026,3,15853,George Pickens,DAL,WR,vs BAL,receptions,DraftKings,4.5,over,4.89,-167,,0.6255,0.6255,,1,0.5740,-0.0515,-0.0515,ev,none,live,202609270726D5A2,2026-09-22T17:47:03.773Z
2026,3,16741,Chris Brooks,GB,RB,vs ATL,rushYds,theScore,34.5,over,28.67,250,,0.2857,0.2857,,1,0.2341,-0.0516,-0.0516,ev,none,live,202609250580A50A,2026-09-22T17:47:03.773Z
2026,3,11008,Dak Prescott,DAL,QB,vs BAL,passYds,Hard Rock,324.5,over,260.17,325,-525,0.2353,0.2188,0.0753,0,0.1837,-0.0516,-0.0352,ev,multiplicative,live,202609270726D5A2,2026-09-22T17:47:03.773Z
2026,3,12561,Lamar Jackson,BAL,QB,at DAL,passTD,FanDuel,1.5,over,1.77,-138,104,0.5798,0.5419,0.0700,0,0.5282,-0.0517,-0.0137,ev,multiplicative,live,202609270726D5A2,2026-09-22T17:47:03.773Z
2026,3,18500,Matthew Golden,GB,WR,vs ATL,recYds,Hard Rock,42.5,over,52.68,-195,135,0.6610,0.6084,0.0865,0,0.6093,-0.0517,0.0009,ev,multiplicative,live,202609250580A50A,2026-09-22T17:47:03.773Z
2026,3,15876,James Cook,BUF,RB,vs LAC,rushYds,Hard Rock,61.5,under,76.14,200,-300,0.3333,0.3077,0.0833,0,0.2816,-0.0517,-0.0261,ev,multiplicative,live,2026092763BB8AC8,2026-09-22T17:47:03.773Z
2026,3,14371,Jordan Love,GB,QB,vs ATL,passAtt,DraftKings,43.5,over,32.45,1260,,0.0735,0.0735,,1,0.0217,-0.0518,-0.0518,ev,none,live,202609250580A50A,2026-09-22T17:47:03.773Z
2026,3,10819,Derrick Henry,BAL,RB,at DAL,rushYds,DraftKings,169.5,over,97.69,1140,,0.0806,0.0806,,1,0.0289,-0.0518,-0.0518,ev,none,live,202609270726D5A2,2026-09-22T17:47:03.773Z
2026,3,15946,Christian Watson,GB,WR,vs ATL,recYds,Caesars,109.5,over,69.75,340,,0.2273,0.2273,,1,0.1754,-0.0519,-0.0519,ev,none,live,202609250580A50A,2026-09-22T17:47:03.773Z
2026,3,10819,Derrick Henry,BAL,RB,at DAL,rushYds,FanDuel,149.5,over,97.69,628,,0.1374,0.1374,,1,0.0854,-0.0519,-0.0519,ev,none,live,202609270726D5A2,2026-09-22T17:47:03.773Z
2026,3,14411,CeeDee Lamb,DAL,WR,vs BAL,recYds,DraftKings,69.5,over,81.88,-214,,0.6815,0.6815,,1,0.6297,-0.0519,-0.0519,ev,none,live,202609270726D5A2,2026-09-22T17:47:03.773Z
2026,3,17724,Ladd McConkey,LAC,WR,at BUF,recYds,Hard Rock,88.5,under,64.26,-575,350,0.8519,0.7931,0.0741,0,0.8000,-0.0519,0.0069,ev,multiplicative,live,2026092763BB8AC8,2026-09-22T17:47:03.773Z
2026,3,18478,Tre Harris,LAC,WR,at BUF,recYds,Hard Rock,24.5,over,34.63,-200,145,0.6667,0.6203,0.0748,0,0.6148,-0.0519,-0.0054,ev,multiplicative,live,2026092763BB8AC8,2026-09-22T17:47:03.773Z
2026,3,12483,Josh Allen,BUF,QB,vs LAC,rushYds,Hard Rock,28.5,over,32.45,-175,125,0.6364,0.5888,0.0808,0,0.5843,-0.0520,-0.0045,ev,multiplicative,live,2026092763BB8AC8,2026-09-22T17:47:03.773Z
2026,3,14446,Justin Herbert,LAC,QB,at BUF,passYds,Hard Rock,241.5,under,223.25,-195,140,0.6610,0.6134,0.0777,0,0.6091,-0.0520,-0.0043,ev,multiplicative,live,2026092763BB8AC8,2026-09-22T17:47:03.773Z
2026,3,15306,Javonte Williams,DAL,RB,vs BAL,recYds,DraftKings,59.5,over,15.36,1820,,0.0521,0.0521,,1,0.0000,-0.0521,-0.0521,ev,none,live,202609270726D5A2,2026-09-22T17:47:03.773Z
2026,3,12483,Josh Allen,BUF,QB,vs LAC,rushYds,Hard Rock,18.5,over,32.45,-475,300,0.8261,0.7677,0.0761,0,0.7740,-0.0521,0.0063,ev,multiplicative,live,2026092763BB8AC8,2026-09-22T17:47:03.773Z
2026,3,12483,Josh Allen,BUF,QB,vs LAC,passYds,Hard Rock,208.5,under,256.07,185,-275,0.3509,0.3236,0.0842,0,0.2988,-0.0521,-0.0249,ev,multiplicative,live,2026092763BB8AC8,2026-09-22T17:47:03.773Z
2026,3,11008,Dak Prescott,DAL,QB,vs BAL,passYds,Hard Rock,355.5,over,260.17,600,-1500,0.1429,0.1322,0.0804,0,0.0908,-0.0521,-0.0414,ev,multiplicative,live,202609270726D5A2,2026-09-22T17:47:03.773Z
2026,3,15947,Jake Ferguson,DAL,TE,vs BAL,receptions,Hard Rock,5.5,under,3.73,-575,350,0.8519,0.7931,0.0741,0,0.7998,-0.0521,0.0066,ev,multiplicative,live,202609270726D5A2,2026-09-22T17:47:03.773Z
2026,3,17700,Michael Penix Jr.,ATL,QB,at GB,passYds,DraftKings,229.5,over,199.74,167,,0.3745,0.3745,,1,0.3223,-0.0522,-0.0522,ev,none,live,202609250580A50A,2026-09-22T17:47:03.773Z
2026,3,18478,Tre Harris,LAC,WR,at BUF,recYds,BetRivers,33.5,under,34.63,-117,-114,0.5392,0.5030,0.0719,0,0.4870,-0.0522,-0.0160,ev,multiplicative,live,2026092763BB8AC8,2026-09-22T17:47:03.773Z
2026,3,15946,Christian Watson,GB,WR,vs ATL,recYds,Hard Rock,79.5,under,69.75,-180,130,0.6429,0.5965,0.0776,0,0.5905,-0.0523,-0.0060,ev,multiplicative,live,202609250580A50A,2026-09-22T17:47:03.773Z
2026,3,17724,Ladd McConkey,LAC,WR,at BUF,receptions,Caesars,2.5,over,4.77,-560,,0.8485,0.8485,,1,0.7961,-0.0524,-0.0524,ev,none,live,2026092763BB8AC8,2026-09-22T17:47:03.773Z
2026,3,15946,Christian Watson,GB,WR,vs ATL,recYds,Caesars,119.5,over,69.75,475,,0.1739,0.1739,,1,0.1214,-0.0525,-0.0525,ev,none,live,202609250580A50A,2026-09-22T17:47:03.773Z
2026,3,12477,DJ Moore,BUF,WR,vs LAC,recYds,FanDuel,109.5,over,52.56,797,,0.1115,0.1115,,1,0.0589,-0.0525,-0.0525,ev,none,live,2026092763BB8AC8,2026-09-22T17:47:03.773Z
2026,3,10819,Derrick Henry,BAL,RB,at DAL,rushYds,Caesars,149.5,over,97.69,625,,0.1379,0.1379,,1,0.0854,-0.0525,-0.0525,ev,none,live,202609270726D5A2,2026-09-22T17:47:03.773Z
2026,3,15868,Drake London,ATL,WR,at GB,recYds,Hard Rock,18.5,under,61.67,750,-2500,0.1176,0.1090,0.0792,0,0.0652,-0.0525,-0.0438,ev,multiplicative,live,202609250580A50A,2026-09-22T17:47:03.773Z
2026,3,17700,Michael Penix Jr.,ATL,QB,at GB,passTD,BetMGM,1.5,under,1.15,-275,195,0.7333,0.6839,0.0723,0,0.6808,-0.0526,-0.0031,ev,multiplicative,live,202609250580A50A,2026-09-22T17:47:03.773Z
2026,3,15907,Brian Robinson Jr.,ATL,RB,at GB,rushYds,BetMGM,21.5,under,22,-115,-115,0.5349,0.5000,0.0698,0,0.4823,-0.0526,-0.0177,ev,multiplicative,live,202609250580A50A,2026-09-22T17:47:03.773Z
2026,3,17700,Michael Penix Jr.,ATL,QB,at GB,passTD,FanDuel,1.5,under,1.15,-275,198,0.7333,0.6861,0.0689,0,0.6808,-0.0526,-0.0053,ev,multiplicative,live,202609250580A50A,2026-09-22T17:47:03.773Z
2026,3,12477,DJ Moore,BUF,WR,vs LAC,receptions,DraftKings,2.5,over,3.37,-373,,0.7886,0.7886,,1,0.7360,-0.0526,-0.0526,ev,none,live,2026092763BB8AC8,2026-09-22T17:47:03.773Z
2026,3,15946,Christian Watson,GB,WR,vs ATL,recYds,Hard Rock,103.5,over,69.75,275,-450,0.2667,0.2458,0.0848,0,0.2141,-0.0526,-0.0317,ev,multiplicative,live,202609250580A50A,2026-09-22T17:47:03.773Z
2026,3,18500,Matthew Golden,GB,WR,vs ATL,receptions,BetMGM,4.5,under,4,-150,110,0.6000,0.5575,0.0762,0,0.5473,-0.0527,-0.0103,ev,multiplicative,live,202609250580A50A,2026-09-22T17:47:03.773Z
2026,3,14446,Justin Herbert,LAC,QB,at BUF,passYds,Caesars,269.5,over,223.25,240,,0.2941,0.2941,,1,0.2415,-0.0527,-0.0527,ev,none,live,2026092763BB8AC8,2026-09-22T17:47:03.773Z
2026,3,14411,CeeDee Lamb,DAL,WR,vs BAL,recYds,BetRivers,79.5,over,81.88,-137,,0.5781,0.5781,,1,0.5254,-0.0527,-0.0527,ev,none,live,202609270726D5A2,2026-09-22T17:47:03.773Z
2026,3,18500,Matthew Golden,GB,WR,vs ATL,receptions,theScore,4.5,under,4,-150,115,0.6000,0.5633,0.0651,0,0.5473,-0.0527,-0.0161,ev,multiplicative,live,202609250580A50A,2026-09-22T17:47:03.773Z
2026,3,12561,Lamar Jackson,BAL,QB,at DAL,passTD,FanDuel,0.5,over,1.77,-751,,0.8825,0.8825,,1,0.8297,-0.0528,-0.0528,ev,none,live,202609270726D5A2,2026-09-22T17:47:03.773Z
2026,3,12477,DJ Moore,BUF,WR,vs LAC,receptions,Hard Rock,4.5,under,3.37,-210,150,0.6774,0.6287,0.0774,0,0.6246,-0.0528,-0.0041,ev,multiplicative,live,2026092763BB8AC8,2026-09-22T17:47:03.773Z
2026,3,14446,Justin Herbert,LAC,QB,at BUF,passYds,Hard Rock,201.5,over,223.25,-195,140,0.6610,0.6134,0.0777,0,0.6083,-0.0528,-0.0051,ev,multiplicative,live,2026092763BB8AC8,2026-09-22T17:47:03.773Z
2026,3,15947,Jake Ferguson,DAL,TE,vs BAL,recYds,Hard Rock,79.5,over,34.7,1750,-9000,0.0541,0.0518,0.0431,0,0.0013,-0.0528,-0.0506,ev,multiplicative,live,202609270726D5A2,2026-09-22T17:47:03.773Z
2026,3,11008,Dak Prescott,DAL,QB,vs BAL,passYds,DraftKings,319.5,over,260.17,291,,0.2558,0.2558,,1,0.2029,-0.0529,-0.0529,ev,none,live,202609270726D5A2,2026-09-22T17:47:03.773Z
2026,3,15946,Christian Watson,GB,WR,vs ATL,recYds,Hard Rock,48.5,over,69.75,-275,185,0.7333,0.6764,0.0842,0,0.6804,-0.0529,0.0040,ev,multiplicative,live,202609250580A50A,2026-09-22T17:47:03.773Z
2026,3,14411,CeeDee Lamb,DAL,WR,vs BAL,receptions,Hard Rock,8.5,over,5.87,200,-300,0.3333,0.3077,0.0833,0,0.2804,-0.0529,-0.0273,ev,multiplicative,live,202609270726D5A2,2026-09-22T17:47:03.773Z
2026,3,15946,Christian Watson,GB,WR,vs ATL,receptions,BetRivers,5.5,over,3.95,155,,0.3922,0.3922,,1,0.3391,-0.0530,-0.0530,ev,none,live,202609250580A50A,2026-09-22T17:47:03.773Z
2026,3,12477,DJ Moore,BUF,WR,vs LAC,recYds,FanDuel,124.5,over,52.56,1197,,0.0771,0.0771,,1,0.0241,-0.0530,-0.0530,ev,none,live,2026092763BB8AC8,2026-09-22T17:47:03.773Z
2026,3,15853,George Pickens,DAL,WR,vs BAL,receptions,Caesars,3.5,over,4.89,-400,,0.8000,0.8000,,1,0.7470,-0.0530,-0.0530,ev,none,live,202609270726D5A2,2026-09-22T17:47:03.773Z
2026,3,15946,Christian Watson,GB,WR,vs ATL,receptions,Hard Rock,5.5,over,3.95,155,-220,0.3922,0.3632,0.0797,0,0.3391,-0.0530,-0.0241,ev,multiplicative,live,202609250580A50A,2026-09-22T17:47:03.773Z
2026,3,14446,Justin Herbert,LAC,QB,at BUF,passYds,theScore,224.5,over,223.25,-120,-110,0.5455,0.5101,0.0693,0,0.4924,-0.0530,-0.0177,ev,multiplicative,live,2026092763BB8AC8,2026-09-22T17:47:03.773Z
2026,3,14411,CeeDee Lamb,DAL,WR,vs BAL,recYds,Hard Rock,65.5,over,81.88,-260,180,0.7222,0.6691,0.0794,0,0.6693,-0.0530,0.0002,ev,multiplicative,live,202609270726D5A2,2026-09-22T17:47:03.773Z
2026,3,17795,MarShawn Lloyd,GB,RB,vs ATL,rushYds,Caesars,9.5,over,45.05,-1300,,0.9286,0.9286,,1,0.8755,-0.0531,-0.0531,ev,none,live,202609250580A50A,2026-09-22T17:47:03.773Z
2026,3,15265,Kyle Pitts,ATL,TE,at GB,receptions,Hard Rock,5.5,under,3.52,-600,350,0.8571,0.7941,0.0794,0,0.8040,-0.0531,0.0099,ev,multiplicative,live,202609250580A50A,2026-09-22T17:47:03.773Z
2026,3,16739,Bijan Robinson,ATL,RB,at GB,rushYds,Hard Rock,128.5,over,87.97,475,-950,0.1739,0.1612,0.0787,0,0.1208,-0.0531,-0.0404,ev,multiplicative,live,202609250580A50A,2026-09-22T17:47:03.773Z
2026,3,16649,Tucker Kraft,GB,TE,vs ATL,recYds,theScore,59.5,over,49.04,160,,0.3846,0.3846,,1,0.3314,-0.0532,-0.0532,ev,none,live,202609250580A50A,2026-09-22T17:47:03.773Z
2026,3,12483,Josh Allen,BUF,QB,vs LAC,rushYds,theScore,33.5,over,32.45,-110,-120,0.5238,0.4899,0.0693,0,0.4707,-0.0532,-0.0192,ev,multiplicative,live,2026092763BB8AC8,2026-09-22T17:47:03.773Z
2026,3,16899,Quentin Johnston,LAC,WR,at BUF,receptions,Hard Rock,3.5,under,2.74,-175,135,0.6364,0.5993,0.0619,0,0.5832,-0.0532,-0.0161,ev,multiplicative,live,2026092763BB8AC8,2026-09-22T17:47:03.773Z
2026,3,16739,Bijan Robinson,ATL,RB,at GB,rushYds,FanDuel,149.5,over,87.97,997,,0.0912,0.0912,,1,0.0378,-0.0534,-0.0534,ev,none,live,202609250580A50A,2026-09-22T17:47:03.773Z
2026,3,12561,Lamar Jackson,BAL,QB,at DAL,passTD,Caesars,1.5,over,1.77,-139,113,0.5816,0.5533,0.0511,0,0.5282,-0.0534,-0.0252,ev,multiplicative,live,202609270726D5A2,2026-09-22T17:47:03.773Z
2026,3,10819,Derrick Henry,BAL,RB,at DAL,rushYds,DraftKings,149.5,over,97.69,620,,0.1389,0.1389,,1,0.0854,-0.0534,-0.0534,ev,none,live,202609270726D5A2,2026-09-22T17:47:03.773Z
2026,3,12477,DJ Moore,BUF,WR,vs LAC,receptions,Hard Rock,2.5,over,3.37,-375,240,0.7895,0.7286,0.0836,0,0.7360,-0.0535,0.0074,ev,multiplicative,live,2026092763BB8AC8,2026-09-22T17:47:03.773Z
2026,3,12483,Josh Allen,BUF,QB,vs LAC,passTD,DraftKings,3.5,over,1.41,820,,0.1087,0.1087,,1,0.0549,-0.0538,-0.0538,ev,none,live,2026092763BB8AC8,2026-09-22T17:47:03.773Z
2026,3,14411,CeeDee Lamb,DAL,WR,vs BAL,recYds,DraftKings,159.5,over,81.88,1040,,0.0877,0.0877,,1,0.0340,-0.0538,-0.0538,ev,none,live,202609270726D5A2,2026-09-22T17:47:03.773Z
2026,3,18500,Matthew Golden,GB,WR,vs ATL,recYds,Hard Rock,37.5,over,52.68,-250,175,0.7143,0.6627,0.0779,0,0.6604,-0.0538,-0.0022,ev,multiplicative,live,202609250580A50A,2026-09-22T17:47:03.773Z
2026,3,15946,Christian Watson,GB,WR,vs ATL,recYds,Hard Rock,108.5,over,69.75,325,-575,0.2353,0.2164,0.0871,0,0.1815,-0.0538,-0.0349,ev,multiplicative,live,202609250580A50A,2026-09-22T17:47:03.773Z
2026,3,17700,Michael Penix Jr.,ATL,QB,at GB,rushYds,DraftKings,24.5,over,8.86,1220,,0.0758,0.0758,,1,0.0218,-0.0539,-0.0539,ev,none,live,202609250580A50A,2026-09-22T17:47:03.773Z
2026,3,14411,CeeDee Lamb,DAL,WR,vs BAL,recYds,FanDuel,69.5,over,81.88,-216,,0.6835,0.6835,,1,0.6297,-0.0539,-0.0539,ev,none,live,202609270726D5A2,2026-09-22T17:47:03.773Z
2026,3,12483,Josh Allen,BUF,QB,vs LAC,passYds,FanDuel,149.5,over,256.07,-1453,,0.9356,0.9356,,1,0.8816,-0.0540,-0.0540,ev,none,live,2026092763BB8AC8,2026-09-22T17:47:03.773Z
2026,3,17700,Michael Penix Jr.,ATL,QB,at GB,rushYds,Hard Rock,39.5,over,8.86,1750,-8000,0.0541,0.0519,0.0417,0,0.0000,-0.0540,-0.0519,ev,multiplicative,live,202609250580A50A,2026-09-22T17:47:03.773Z
2026,3,18478,Tre Harris,LAC,WR,at BUF,recYds,BetRivers,39.5,over,34.63,123,,0.4484,0.4484,,1,0.3943,-0.0541,-0.0541,ev,none,live,2026092763BB8AC8,2026-09-22T17:47:03.773Z
2026,3,12561,Lamar Jackson,BAL,QB,at DAL,passYds,BetRivers,174.5,over,259.92,-715,,0.8773,0.8773,,1,0.8232,-0.0541,-0.0541,ev,none,live,202609270726D5A2,2026-09-22T17:47:03.773Z
2026,3,10819,Derrick Henry,BAL,RB,at DAL,rushYds,Caesars,159.5,over,97.69,850,,0.1053,0.1053,,1,0.0512,-0.0541,-0.0541,ev,none,live,202609270726D5A2,2026-09-22T17:47:03.773Z
2026,3,16741,Chris Brooks,GB,RB,vs ATL,rushYds,Hard Rock,66.5,over,28.67,1750,-9000,0.0541,0.0518,0.0431,0,0.0000,-0.0541,-0.0518,ev,multiplicative,live,202609250580A50A,2026-09-22T17:47:03.773Z
2026,3,14446,Justin Herbert,LAC,QB,at BUF,rushYds,Hard Rock,59.5,over,22.63,1750,-9000,0.0541,0.0518,0.0431,0,0.0000,-0.0541,-0.0518,ev,multiplicative,live,2026092763BB8AC8,2026-09-22T17:47:03.773Z
2026,3,14446,Justin Herbert,LAC,QB,at BUF,passTD,Hard Rock,0.5,over,1.37,-400,,0.8000,0.8000,,1,0.7459,-0.0541,-0.0541,ev,none,live,2026092763BB8AC8,2026-09-22T17:47:03.773Z
2026,3,11008,Dak Prescott,DAL,QB,vs BAL,rushYds,Hard Rock,49.5,over,9.5,1750,,0.0541,0.0541,,1,0.0000,-0.0541,-0.0541,ev,none,live,202609270726D5A2,2026-09-22T17:47:03.773Z
2026,3,15868,Drake London,ATL,WR,at GB,receptions,DraftKings,7.5,over,4.64,344,,0.2252,0.2252,,1,0.1710,-0.0542,-0.0542,ev,none,live,202609250580A50A,2026-09-22T17:47:03.773Z
2026,3,17700,Michael Penix Jr.,ATL,QB,at GB,passTD,DraftKings,0.5,over,1.15,-281,,0.7375,0.7375,,1,0.6834,-0.0542,-0.0542,ev,none,live,202609250580A50A,2026-09-22T17:47:03.773Z
2026,3,14446,Justin Herbert,LAC,QB,at BUF,passYds,BetRivers,199.5,over,223.25,-205,,0.6721,0.6721,,1,0.6179,-0.0542,-0.0542,ev,none,live,2026092763BB8AC8,2026-09-22T17:47:03.773Z
2026,3,14411,CeeDee Lamb,DAL,WR,vs BAL,recYds,BetRivers,89.5,over,81.88,107,,0.4831,0.4831,,1,0.4289,-0.0542,-0.0542,ev,none,live,202609270726D5A2,2026-09-22T17:47:03.773Z
2026,3,18500,Matthew Golden,GB,WR,vs ATL,recYds,Hard Rock,97.5,over,52.68,450,-900,0.1818,0.1681,0.0818,0,0.1276,-0.0542,-0.0405,ev,multiplicative,live,202609250580A50A,2026-09-22T17:47:03.773Z
2026,3,12561,Lamar Jackson,BAL,QB,at DAL,rushYds,Hard Rock,11.5,over,52.86,-2200,700,0.9565,0.8844,0.0815,0,0.9024,-0.0542,0.0179,ev,multiplicative,live,202609270726D5A2,2026-09-22T17:47:03.773Z
2026,3,15868,Drake London,ATL,WR,at GB,receptions,theScore,6.5,over,4.64,210,,0.3226,0.3226,,1,0.2683,-0.0543,-0.0543,ev,none,live,202609250580A50A,2026-09-22T17:47:03.773Z
2026,3,14371,Jordan Love,GB,QB,vs ATL,passAtt,DraftKings,27.5,over,32.45,-327,,0.7658,0.7658,,1,0.7114,-0.0544,-0.0544,ev,none,live,202609250580A50A,2026-09-22T17:47:03.773Z
2026,3,14411,CeeDee Lamb,DAL,WR,vs BAL,recYds,Hard Rock,64.5,over,81.88,-275,185,0.7333,0.6764,0.0842,0,0.6789,-0.0544,0.0025,ev,multiplicative,live,202609270726D5A2,2026-09-22T17:47:03.773Z
2026,3,11008,Dak Prescott,DAL,QB,vs BAL,passYds,Hard Rock,335.5,over,260.17,400,-750,0.2000,0.1848,0.0824,0,0.1456,-0.0544,-0.0392,ev,multiplicative,live,202609270726D5A2,2026-09-22T17:47:03.773Z
2026,3,12483,Josh Allen,BUF,QB,vs LAC,passYds,BetRivers,199.5,over,256.07,-375,,0.7895,0.7895,,1,0.7350,-0.0545,-0.0545,ev,none,live,2026092763BB8AC8,2026-09-22T17:47:03.773Z
2026,3,12483,Josh Allen,BUF,QB,vs LAC,passYds,Hard Rock,199.5,over,256.07,-375,240,0.7895,0.7286,0.0836,0,0.7350,-0.0545,0.0064,ev,multiplicative,live,2026092763BB8AC8,2026-09-22T17:47:03.773Z
2026,3,15306,Javonte Williams,DAL,RB,vs BAL,recYds,Hard Rock,6.5,under,15.36,220,-325,0.3125,0.2901,0.0772,0,0.2580,-0.0545,-0.0321,ev,multiplicative,live,202609270726D5A2,2026-09-22T17:47:03.773Z
2026,3,14371,Jordan Love,GB,QB,vs ATL,passAtt,DraftKings,39.5,over,32.45,552,,0.1534,0.1534,,1,0.0988,-0.0546,-0.0546,ev,none,live,202609250580A50A,2026-09-22T17:47:03.773Z
2026,3,15946,Christian Watson,GB,WR,vs ATL,recYds,DraftKings,66.5,under,69.75,-111,-113,0.5261,0.4979,0.0566,0,0.4714,-0.0546,-0.0265,ev,multiplicative,live,202609250580A50A,2026-09-22T17:47:03.773Z
2026,3,16649,Tucker Kraft,GB,TE,vs ATL,recYds,DraftKings,59.5,over,49.04,159,,0.3861,0.3861,,1,0.3314,-0.0547,-0.0547,ev,none,live,202609250580A50A,2026-09-22T17:47:03.773Z
2026,3,11008,Dak Prescott,DAL,QB,vs BAL,passYds,Caesars,349.5,over,260.17,525,,0.1600,0.1600,,1,0.1053,-0.0547,-0.0547,ev,none,live,202609270726D5A2,2026-09-22T17:47:03.773Z
2026,3,12483,Josh Allen,BUF,QB,vs LAC,passYds,Hard Rock,368.5,under,256.07,-9000,1750,0.9890,0.9482,0.0431,0,0.9343,-0.0547,-0.0139,ev,multiplicative,live,2026092763BB8AC8,2026-09-22T17:47:03.773Z
2026,3,15868,Drake London,ATL,WR,at GB,recYds,Caesars,59.5,over,61.67,-141,,0.5851,0.5851,,1,0.5303,-0.0548,-0.0548,ev,none,live,202609250580A50A,2026-09-22T17:47:03.773Z
2026,3,15946,Christian Watson,GB,WR,vs ATL,recYds,Hard Rock,63.5,under,69.75,100,-140,0.5000,0.4615,0.0833,0,0.4452,-0.0548,-0.0164,ev,multiplicative,live,202609250580A50A,2026-09-22T17:47:03.773Z
2026,3,17724,Ladd McConkey,LAC,WR,at BUF,recYds,Hard Rock,24.5,under,64.26,375,-700,0.2105,0.1939,0.0855,0,0.1558,-0.0548,-0.0382,ev,multiplicative,live,2026092763BB8AC8,2026-09-22T17:47:03.773Z
2026,3,15850,Jahan Dotson,ATL,WR,at GB,receptions,BetRivers,4.5,over,1.43,1300,,0.0714,0.0714,,1,0.0164,-0.0550,-0.0550,ev,none,live,202609250580A50A,2026-09-22T17:47:03.773Z
2026,3,15946,Christian Watson,GB,WR,vs ATL,recYds,Hard Rock,78.5,under,69.75,-175,125,0.6364,0.5888,0.0808,0,0.5814,-0.0550,-0.0074,ev,multiplicative,live,202609250580A50A,2026-09-22T17:47:03.773Z
2026,3,14446,Justin Herbert,LAC,QB,at BUF,rushYds,Hard Rock,24.5,under,22.63,-190,135,0.6552,0.6062,0.0807,0,0.6002,-0.0550,-0.0061,ev,multiplicative,live,2026092763BB8AC8,2026-09-22T17:47:03.773Z
2026,3,15853,George Pickens,DAL,WR,vs BAL,receptions,Hard Rock,2.5,over,4.89,-1300,575,0.9286,0.8624,0.0767,0,0.8735,-0.0550,0.0111,ev,multiplicative,live,202609270726D5A2,2026-09-22T17:47:03.773Z
2026,3,18500,Matthew Golden,GB,WR,vs ATL,recYds,DraftKings,24.5,over,52.68,-502,,0.8339,0.8339,,1,0.7787,-0.0551,-0.0551,ev,none,live,202609250580A50A,2026-09-22T17:47:03.773Z
2026,3,12483,Josh Allen,BUF,QB,vs LAC,rushYds,Caesars,29.5,over,32.45,-162,,0.6183,0.6183,,1,0.5632,-0.0551,-0.0551,ev,none,live,2026092763BB8AC8,2026-09-22T17:47:03.773Z
2026,3,14411,CeeDee Lamb,DAL,WR,vs BAL,recYds,Caesars,84.5,over,81.88,-113,-115,0.5305,0.4980,0.0654,0,0.4754,-0.0551,-0.0225,ev,multiplicative,live,202609270726D5A2,2026-09-22T17:47:03.773Z
2026,3,14371,Jordan Love,GB,QB,vs ATL,passAtt,theScore,39.5,over,32.45,550,,0.1538,0.1538,,1,0.0988,-0.0551,-0.0551,ev,none,live,202609250580A50A,2026-09-22T17:47:03.773Z
2026,3,18500,Matthew Golden,GB,WR,vs ATL,recYds,theScore,119.5,over,52.68,900,,0.1000,0.1000,,1,0.0449,-0.0551,-0.0551,ev,none,live,202609250580A50A,2026-09-22T17:47:03.773Z
2026,3,14371,Jordan Love,GB,QB,vs ATL,completions,DraftKings,15.5,over,21.3,-458,,0.8208,0.8208,,1,0.7656,-0.0552,-0.0552,ev,none,live,202609250580A50A,2026-09-22T17:47:03.773Z
2026,3,10819,Derrick Henry,BAL,RB,at DAL,rushYds,DraftKings,159.5,over,97.69,840,,0.1064,0.1064,,1,0.0512,-0.0552,-0.0552,ev,none,live,202609270726D5A2,2026-09-22T17:47:03.773Z
2026,3,12477,DJ Moore,BUF,WR,vs LAC,recYds,Hard Rock,89.5,under,52.56,-900,450,0.9000,0.8319,0.0818,0,0.8448,-0.0552,0.0129,ev,multiplicative,live,2026092763BB8AC8,2026-09-22T17:47:03.773Z
2026,3,11008,Dak Prescott,DAL,QB,vs BAL,passYds,Hard Rock,325.5,over,260.17,325,-550,0.2353,0.2176,0.0814,0,0.1800,-0.0553,-0.0376,ev,multiplicative,live,202609270726D5A2,2026-09-22T17:47:03.773Z
2026,3,12483,Josh Allen,BUF,QB,vs LAC,rushYds,FanDuel,9.5,over,32.45,-1801,,0.9474,0.9474,,1,0.8920,-0.0554,-0.0554,ev,none,live,2026092763BB8AC8,2026-09-22T17:47:03.773Z
2026,3,14371,Jordan Love,GB,QB,vs ATL,passYds,BetMGM,228.5,under,232.97,-115,-115,0.5349,0.5000,0.0698,0,0.4794,-0.0555,-0.0206,ev,multiplicative,live,202609250580A50A,2026-09-22T17:47:03.773Z
2026,3,17700,Michael Penix Jr.,ATL,QB,at GB,completions,DraftKings,25.5,over,16.68,710,,0.1235,0.1235,,1,0.0680,-0.0555,-0.0555,ev,none,live,202609250580A50A,2026-09-22T17:47:03.773Z
2026,3,15947,Jake Ferguson,DAL,TE,vs BAL,recYds,DraftKings,49.5,over,34.7,366,,0.2146,0.2146,,1,0.1591,-0.0555,-0.0555,ev,none,live,202609270726D5A2,2026-09-22T17:47:03.773Z
2026,3,15853,George Pickens,DAL,WR,vs BAL,receptions,Caesars,4.5,over,4.89,-170,,0.6296,0.6296,,1,0.5740,-0.0556,-0.0556,ev,none,live,202609270726D5A2,2026-09-22T17:47:03.773Z
2026,3,15306,Javonte Williams,DAL,RB,vs BAL,rushYds,DraftKings,129.5,over,63.83,1700,,0.0556,0.0556,,1,0.0000,-0.0556,-0.0556,ev,none,live,202609270726D5A2,2026-09-22T17:47:03.773Z
2026,3,15306,Javonte Williams,DAL,RB,vs BAL,rushAtt,DraftKings,23.5,over,17.31,1700,,0.0556,0.0556,,1,0.0000,-0.0556,-0.0556,ev,none,live,202609270726D5A2,2026-09-22T17:47:03.773Z
2026,3,15946,Christian Watson,GB,WR,vs ATL,recYds,Hard Rock,118.5,over,69.75,450,-900,0.1818,0.1681,0.0818,0,0.1262,-0.0556,-0.0419,ev,multiplicative,live,202609250580A50A,2026-09-22T17:47:03.773Z
2026,3,14371,Jordan Love,GB,QB,vs ATL,passYds,Caesars,227.5,under,232.97,-113,-115,0.5305,0.4980,0.0654,0,0.4748,-0.0558,-0.0232,ev,multiplicative,live,202609250580A50A,2026-09-22T17:47:03.773Z
2026,3,18500,Matthew Golden,GB,WR,vs ATL,recYds,Caesars,69.5,over,52.68,156,,0.3906,0.3906,,1,0.3347,-0.0559,-0.0559,ev,none,live,202609250580A50A,2026-09-22T17:47:03.773Z
2026,3,10819,Derrick Henry,BAL,RB,at DAL,rushYds,Caesars,139.5,over,97.69,425,,0.1905,0.1905,,1,0.1346,-0.0559,-0.0559,ev,none,live,202609270726D5A2,2026-09-22T17:47:03.773Z
2026,3,10819,Derrick Henry,BAL,RB,at DAL,rushYds,FanDuel,174.5,over,97.69,1198,,0.0770,0.0770,,1,0.0212,-0.0559,-0.0559,ev,none,live,202609270726D5A2,2026-09-22T17:47:03.773Z
2026,3,14411,CeeDee Lamb,DAL,WR,vs BAL,recYds,FanDuel,99.5,over,81.88,153,,0.3953,0.3953,,1,0.3393,-0.0560,-0.0560,ev,none,live,202609270726D5A2,2026-09-22T17:47:03.773Z
2026,3,15947,Jake Ferguson,DAL,TE,vs BAL,recYds,Hard Rock,47.5,over,34.7,300,-500,0.2500,0.2308,0.0833,0,0.1940,-0.0560,-0.0368,ev,multiplicative,live,202609270726D5A2,2026-09-22T17:47:03.773Z
2026,3,15946,Christian Watson,GB,WR,vs ATL,recYds,Caesars,99.5,over,69.75,235,,0.2985,0.2985,,1,0.2425,-0.0561,-0.0561,ev,none,live,202609250580A50A,2026-09-22T17:47:03.773Z
2026,3,15876,James Cook,BUF,RB,vs LAC,rushYds,DraftKings,159.5,over,76.14,1560,,0.0602,0.0602,,1,0.0041,-0.0561,-0.0561,ev,none,live,2026092763BB8AC8,2026-09-22T17:47:03.773Z
2026,3,12561,Lamar Jackson,BAL,QB,at DAL,passTD,Caesars,2.5,over,1.77,215,,0.3175,0.3175,,1,0.2614,-0.0561,-0.0561,ev,none,live,202609270726D5A2,2026-09-22T17:47:03.773Z
2026,3,17700,Michael Penix Jr.,ATL,QB,at GB,passTD,theScore,1.5,under,1.15,-280,200,0.7368,0.6885,0.0702,0,0.6808,-0.0561,-0.0078,ev,multiplicative,live,202609250580A50A,2026-09-22T17:47:03.773Z
2026,3,17724,Ladd McConkey,LAC,WR,at BUF,recYds,Hard Rock,99.5,over,64.26,500,-1100,0.1667,0.1538,0.0833,0,0.1106,-0.0561,-0.0432,ev,multiplicative,live,2026092763BB8AC8,2026-09-22T17:47:03.773Z
2026,3,14411,CeeDee Lamb,DAL,WR,vs BAL,receptions,FanDuel,8.5,over,5.87,197,,0.3367,0.3367,,1,0.2804,-0.0563,-0.0563,ev,none,live,202609270726D5A2,2026-09-22T17:47:03.773Z
2026,3,17700,Michael Penix Jr.,ATL,QB,at GB,passYds,Hard Rock,306.5,over,199.74,850,-3000,0.1053,0.0981,0.0730,0,0.0490,-0.0563,-0.0491,ev,multiplicative,live,202609250580A50A,2026-09-22T17:47:03.773Z
2026,3,16739,Bijan Robinson,ATL,RB,at GB,rushAtt,DraftKings,29.5,over,18.91,1540,,0.0610,0.0610,,1,0.0046,-0.0564,-0.0564,ev,none,live,202609250580A50A,2026-09-22T17:47:03.773Z
2026,3,15868,Drake London,ATL,WR,at GB,receptions,Hard Rock,2.5,over,4.64,-1300,550,0.9286,0.8579,0.0824,0,0.8721,-0.0564,0.0143,ev,multiplicative,live,202609250580A50A,2026-09-22T17:47:03.773Z
2026,3,11008,Dak Prescott,DAL,QB,vs BAL,passYds,BetRivers,299.5,over,260.17,188,,0.3472,0.3472,,1,0.2908,-0.0565,-0.0565,ev,none,live,202609270726D5A2,2026-09-22T17:47:03.773Z
2026,3,16739,Bijan Robinson,ATL,RB,at GB,rushYds,Hard Rock,113.5,under,87.97,-475,275,0.8261,0.7560,0.0928,0,0.7696,-0.0565,0.0136,ev,multiplicative,live,202609250580A50A,2026-09-22T17:47:03.773Z
2026,3,16739,Bijan Robinson,ATL,RB,at GB,receptions,DraftKings,9.5,over,4.13,1500,,0.0625,0.0625,,1,0.0059,-0.0566,-0.0566,ev,none,live,202609250580A50A,2026-09-22T17:47:03.773Z
2026,3,17724,Ladd McConkey,LAC,WR,at BUF,recYds,Hard Rock,98.5,over,64.26,475,-1000,0.1739,0.1606,0.0830,0,0.1173,-0.0566,-0.0433,ev,multiplicative,live,2026092763BB8AC8,2026-09-22T17:47:03.773Z
2026,3,12561,Lamar Jackson,BAL,QB,at DAL,passYds,Hard Rock,199.5,under,259.92,220,-325,0.3125,0.2901,0.0772,0,0.2559,-0.0566,-0.0342,ev,multiplicative,live,202609270726D5A2,2026-09-22T17:47:03.773Z
2026,3,17700,Michael Penix Jr.,ATL,QB,at GB,passYds,FanDuel,299.5,over,199.74,749,,0.1178,0.1178,,1,0.0610,-0.0567,-0.0567,ev,none,live,202609250580A50A,2026-09-22T17:47:03.773Z
2026,3,14446,Justin Herbert,LAC,QB,at BUF,completions,BetRivers,20.5,over,20.22,-117,,0.5392,0.5392,,1,0.4825,-0.0567,-0.0567,ev,none,live,2026092763BB8AC8,2026-09-22T17:47:03.773Z
2026,3,14371,Jordan Love,GB,QB,vs ATL,passYds,Hard Rock,327.5,under,232.97,-3000,800,0.9677,0.8970,0.0789,0,0.9111,-0.0567,0.0141,ev,multiplicative,live,202609250580A50A,2026-09-22T17:47:03.773Z
2026,3,18500,Matthew Golden,GB,WR,vs ATL,recYds,Hard Rock,39.5,over,52.68,-230,155,0.6970,0.6399,0.0891,0,0.6403,-0.0567,0.0003,ev,multiplicative,live,202609250580A50A,2026-09-22T17:47:03.773Z
2026,3,15946,Christian Watson,GB,WR,vs ATL,recYds,Hard Rock,73.5,under,69.75,-145,105,0.5918,0.5482,0.0796,0,0.5351,-0.0568,-0.0131,ev,multiplicative,live,202609250580A50A,2026-09-22T17:47:03.773Z
2026,3,16899,Quentin Johnston,LAC,WR,at BUF,receptions,Hard Rock,1.5,under,2.74,350,-600,0.2222,0.2059,0.0794,0,0.1654,-0.0568,-0.0405,ev,multiplicative,live,2026092763BB8AC8,2026-09-22T17:47:03.773Z
2026,3,12477,DJ Moore,BUF,WR,vs LAC,recYds,Hard Rock,84.5,under,52.56,-650,400,0.8667,0.8125,0.0667,0,0.8098,-0.0569,-0.0027,ev,multiplicative,live,2026092763BB8AC8,2026-09-22T17:47:03.773Z
2026,3,15947,Jake Ferguson,DAL,TE,vs BAL,recYds,Hard Rock,77.5,over,34.7,1600,-8000,0.0588,0.0562,0.0465,0,0.0019,-0.0569,-0.0543,ev,multiplicative,live,202609270726D5A2,2026-09-22T17:47:03.773Z
2026,3,17700,Michael Penix Jr.,ATL,QB,at GB,passYds,DraftKings,219.5,over,199.74,129,,0.4367,0.4367,,1,0.3797,-0.0570,-0.0570,ev,none,live,202609250580A50A,2026-09-22T17:47:03.773Z
2026,3,18478,Tre Harris,LAC,WR,at BUF,recYds,theScore,34.5,under,34.63,-125,-105,0.5556,0.5203,0.0678,0,0.4985,-0.0570,-0.0218,ev,multiplicative,live,2026092763BB8AC8,2026-09-22T17:47:03.773Z
2026,3,15876,James Cook,BUF,RB,vs LAC,rushAtt,Hard Rock,26.5,over,15.5,1600,,0.0588,0.0588,,1,0.0018,-0.0570,-0.0570,ev,none,live,2026092763BB8AC8,2026-09-22T17:47:03.773Z
2026,3,16899,Quentin Johnston,LAC,WR,at BUF,receptions,FanDuel,3.5,under,2.74,-178,132,0.6403,0.5977,0.0713,0,0.5832,-0.0571,-0.0145,ev,multiplicative,live,2026092763BB8AC8,2026-09-22T17:47:03.773Z
2026,3,12483,Josh Allen,BUF,QB,vs LAC,rushYds,theScore,34.5,over,32.45,100,,0.5000,0.5000,,1,0.4429,-0.0571,-0.0571,ev,none,live,2026092763BB8AC8,2026-09-22T17:47:03.773Z
2026,3,14411,CeeDee Lamb,DAL,WR,vs BAL,recYds,Caesars,39.5,over,81.88,-1300,,0.9286,0.9286,,1,0.8714,-0.0572,-0.0572,ev,none,live,202609270726D5A2,2026-09-22T17:47:03.773Z
2026,3,14411,CeeDee Lamb,DAL,WR,vs BAL,recYds,Hard Rock,39.5,over,81.88,-1300,550,0.9286,0.8579,0.0824,0,0.8714,-0.0572,0.0135,ev,multiplicative,live,202609270726D5A2,2026-09-22T17:47:03.773Z
2026,3,18478,Tre Harris,LAC,WR,at BUF,recYds,DraftKings,24.5,over,34.63,-205,,0.6721,0.6721,,1,0.6148,-0.0573,-0.0573,ev,none,live,2026092763BB8AC8,2026-09-22T17:47:03.773Z
2026,3,14411,CeeDee Lamb,DAL,WR,vs BAL,recYds,BetRivers,84.5,over,81.88,-114,-117,0.5327,0.4970,0.0719,0,0.4754,-0.0573,-0.0216,ev,multiplicative,live,202609270726D5A2,2026-09-22T17:47:03.773Z
2026,3,14411,CeeDee Lamb,DAL,WR,vs BAL,recYds,FanDuel,84.5,over,81.88,-114,-114,0.5327,0.5000,0.0654,0,0.4754,-0.0573,-0.0246,ev,multiplicative,live,202609270726D5A2,2026-09-22T17:47:03.773Z
2026,3,15306,Javonte Williams,DAL,RB,vs BAL,rushYds,theScore,24.5,over,63.83,-1800,,0.9474,0.9474,,1,0.8901,-0.0573,-0.0573,ev,none,live,202609270726D5A2,2026-09-22T17:47:03.773Z
2026,3,14411,CeeDee Lamb,DAL,WR,vs BAL,recYds,Hard Rock,40.5,over,81.88,-1200,525,0.9231,0.8523,0.0831,0,0.8657,-0.0574,0.0134,ev,multiplicative,live,202609270726D5A2,2026-09-22T17:47:03.773Z
2026,3,17700,Michael Penix Jr.,ATL,QB,at GB,passYds,BetRivers,249.5,over,199.74,260,,0.2778,0.2778,,1,0.2203,-0.0575,-0.0575,ev,none,live,202609250580A50A,2026-09-22T17:47:03.773Z
2026,3,16741,Chris Brooks,GB,RB,vs ATL,recYds,Hard Rock,39.5,over,9.58,1600,-7000,0.0588,0.0563,0.0447,0,0.0014,-0.0575,-0.0549,ev,multiplicative,live,202609250580A50A,2026-09-22T17:47:03.773Z
2026,3,14371,Jordan Love,GB,QB,vs ATL,passYds,Hard Rock,324.5,under,232.97,-2500,750,0.9615,0.8910,0.0792,0,0.9040,-0.0575,0.0130,ev,multiplicative,live,202609250580A50A,2026-09-22T17:47:03.773Z
2026,3,16741,Chris Brooks,GB,RB,vs ATL,recYds,theScore,39.5,over,9.58,1600,,0.0588,0.0588,,1,0.0014,-0.0575,-0.0575,ev,none,live,202609250580A50A,2026-09-22T17:47:03.773Z
2026,3,12477,DJ Moore,BUF,WR,vs LAC,recYds,Hard Rock,9.5,under,52.56,1100,-5000,0.0833,0.0783,0.0637,0,0.0259,-0.0575,-0.0525,ev,multiplicative,live,2026092763BB8AC8,2026-09-22T17:47:03.773Z
2026,3,18500,Matthew Golden,GB,WR,vs ATL,recYds,Caesars,89.5,over,52.68,330,,0.2326,0.2326,,1,0.1750,-0.0576,-0.0576,ev,none,live,202609250580A50A,2026-09-22T17:47:03.773Z
2026,3,15947,Jake Ferguson,DAL,TE,vs BAL,recYds,DraftKings,79.5,over,34.7,1600,,0.0588,0.0588,,1,0.0013,-0.0576,-0.0576,ev,none,live,202609270726D5A2,2026-09-22T17:47:03.773Z
2026,3,15868,Drake London,ATL,WR,at GB,recYds,Hard Rock,23.5,under,61.67,575,-1300,0.1481,0.1376,0.0767,0,0.0905,-0.0576,-0.0470,ev,multiplicative,live,202609250580A50A,2026-09-22T17:47:03.773Z
2026,3,14446,Justin Herbert,LAC,QB,at BUF,passYds,Hard Rock,224.5,under,223.25,-130,-110,0.5652,0.5190,0.0890,0,0.5076,-0.0577,-0.0114,ev,multiplicative,live,2026092763BB8AC8,2026-09-22T17:47:03.773Z
2026,3,14411,CeeDee Lamb,DAL,WR,vs BAL,recYds,FanDuel,174.5,over,81.88,1278,,0.0726,0.0726,,1,0.0147,-0.0579,-0.0579,ev,none,live,202609270726D5A2,2026-09-22T17:47:03.773Z
2026,3,14411,CeeDee Lamb,DAL,WR,vs BAL,recYds,Hard Rock,70.5,over,81.88,-210,145,0.6774,0.6240,0.0856,0,0.6195,-0.0579,-0.0045,ev,multiplicative,live,202609270726D5A2,2026-09-22T17:47:03.773Z
2026,3,14446,Justin Herbert,LAC,QB,at BUF,passYds,Hard Rock,231.5,under,223.25,-155,110,0.6078,0.5607,0.0840,0,0.5498,-0.0580,-0.0109,ev,multiplicative,live,2026092763BB8AC8,2026-09-22T17:47:03.773Z
2026,3,16741,Chris Brooks,GB,RB,vs ATL,rushYds,DraftKings,59.5,over,28.67,1620,,0.0581,0.0581,,1,0.0001,-0.0581,-0.0581,ev,none,live,202609250580A50A,2026-09-22T17:47:03.773Z
2026,3,18515,Kaleb Johnson,GB,RB,vs ATL,rushYds,DraftKings,99.5,over,21.07,1560,,0.0602,0.0602,,1,0.0021,-0.0581,-0.0581,ev,none,live,202609250580A50A,2026-09-22T17:47:03.773Z
2026,3,12561,Lamar Jackson,BAL,QB,at DAL,passAtt,DraftKings,29.5,over,28.71,100,-127,0.5000,0.4719,0.0595,0,0.4418,-0.0582,-0.0301,ev,multiplicative,live,202609270726D5A2,2026-09-22T17:47:03.773Z
2026,3,16739,Bijan Robinson,ATL,RB,at GB,rushYds,Hard Rock,123.5,over,87.97,375,-750,0.2105,0.1926,0.0929,0,0.1524,-0.0582,-0.0403,ev,multiplicative,live,202609250580A50A,2026-09-22T17:47:03.773Z
2026,3,12483,Josh Allen,BUF,QB,vs LAC,rushYds,Hard Rock,13.5,over,32.45,-950,475,0.9048,0.8388,0.0787,0,0.8465,-0.0582,0.0078,ev,multiplicative,live,2026092763BB8AC8,2026-09-22T17:47:03.773Z
2026,3,15306,Javonte Williams,DAL,RB,vs BAL,recYds,theScore,14.5,over,15.36,-140,110,0.5833,0.5506,0.0595,0,0.5251,-0.0582,-0.0254,ev,multiplicative,live,202609270726D5A2,2026-09-22T17:47:03.773Z
2026,3,11008,Dak Prescott,DAL,QB,vs BAL,passYds,DraftKings,309.5,over,260.17,230,,0.3030,0.3030,,1,0.2447,-0.0583,-0.0583,ev,none,live,202609270726D5A2,2026-09-22T17:47:03.773Z
2026,3,15868,Drake London,ATL,WR,at GB,recYds,theScore,64.5,over,61.67,-105,-125,0.5122,0.4797,0.0678,0,0.4539,-0.0583,-0.0258,ev,multiplicative,live,202609250580A50A,2026-09-22T17:47:03.773Z
2026,3,14371,Jordan Love,GB,QB,vs ATL,passYds,DraftKings,199.5,over,232.97,-244,,0.7093,0.7093,,1,0.6508,-0.0585,-0.0585,ev,none,live,202609250580A50A,2026-09-22T17:47:03.773Z
2026,3,17700,Michael Penix Jr.,ATL,QB,at GB,rushYds,theScore,29.5,over,8.86,1500,,0.0625,0.0625,,1,0.0039,-0.0586,-0.0586,ev,none,live,202609250580A50A,2026-09-22T17:47:03.773Z
2026,3,16649,Tucker Kraft,GB,TE,vs ATL,receptions,Hard Rock,1.5,under,3.83,650,-1800,0.1333,0.1234,0.0807,0,0.0747,-0.0587,-0.0487,ev,multiplicative,live,202609250580A50A,2026-09-22T17:47:03.773Z
2026,3,12483,Josh Allen,BUF,QB,vs LAC,rushYds,Hard Rock,83.5,over,32.45,1600,-8000,0.0588,0.0562,0.0465,0,0.0002,-0.0587,-0.0560,ev,multiplicative,live,2026092763BB8AC8,2026-09-22T17:47:03.773Z
2026,3,11008,Dak Prescott,DAL,QB,vs BAL,passYds,Hard Rock,315.5,over,260.17,260,-425,0.2778,0.2555,0.0873,0,0.2191,-0.0587,-0.0364,ev,multiplicative,live,202609270726D5A2,2026-09-22T17:47:03.773Z
2026,3,14446,Justin Herbert,LAC,QB,at BUF,rushYds,DraftKings,59.5,over,22.63,1600,,0.0588,0.0588,,1,0.0000,-0.0588,-0.0588,ev,none,live,2026092763BB8AC8,2026-09-22T17:47:03.773Z
2026,3,14371,Jordan Love,GB,QB,vs ATL,rushYds,Hard Rock,39.5,over,14.63,1600,-7000,0.0588,0.0563,0.0447,0,0.0000,-0.0588,-0.0563,ev,multiplicative,live,202609250580A50A,2026-09-22T17:47:03.773Z
2026,3,17700,Michael Penix Jr.,ATL,QB,at GB,rushYds,Hard Rock,38.5,over,8.86,1600,-8000,0.0588,0.0562,0.0465,0,0.0001,-0.0588,-0.0561,ev,multiplicative,live,202609250580A50A,2026-09-22T17:47:03.773Z
2026,3,16739,Bijan Robinson,ATL,RB,at GB,recYds,Hard Rock,99.5,over,32.4,1600,-8000,0.0588,0.0562,0.0465,0,0.0000,-0.0588,-0.0562,ev,multiplicative,live,202609250580A50A,2026-09-22T17:47:03.773Z
2026,3,16741,Chris Brooks,GB,RB,vs ATL,rushYds,Hard Rock,64.5,over,28.67,1600,-8000,0.0588,0.0562,0.0465,0,0.0000,-0.0588,-0.0562,ev,multiplicative,live,202609250580A50A,2026-09-22T17:47:03.773Z
2026,3,15876,James Cook,BUF,RB,vs LAC,rushYds,Hard Rock,56.5,under,76.14,260,-400,0.2778,0.2577,0.0778,0,0.2190,-0.0588,-0.0387,ev,multiplicative,live,2026092763BB8AC8,2026-09-22T17:47:03.773Z
2026,3,11008,Dak Prescott,DAL,QB,vs BAL,rushYds,Hard Rock,47.5,over,9.5,1600,-8000,0.0588,0.0562,0.0465,0,0.0000,-0.0588,-0.0562,ev,multiplicative,live,202609270726D5A2,2026-09-22T17:47:03.773Z
2026,3,10819,Derrick Henry,BAL,RB,at DAL,rushYds,Hard Rock,39.5,under,97.69,800,-2500,0.1111,0.1036,0.0726,0,0.0523,-0.0588,-0.0513,ev,multiplicative,live,202609270726D5A2,2026-09-22T17:47:03.773Z
2026,3,15876,James Cook,BUF,RB,vs LAC,rushYds,Hard Rock,36.5,under,76.14,750,-2500,0.1176,0.1090,0.0792,0,0.0587,-0.0589,-0.0503,ev,multiplicative,live,2026092763BB8AC8,2026-09-22T17:47:03.773Z
2026,3,15946,Christian Watson,GB,WR,vs ATL,recYds,Hard Rock,43.5,over,69.75,-350,240,0.7778,0.7256,0.0719,0,0.7188,-0.0590,-0.0068,ev,multiplicative,live,202609250580A50A,2026-09-22T17:47:03.773Z
2026,3,17795,MarShawn Lloyd,GB,RB,vs ATL,rushYds,Hard Rock,8.5,over,45.05,-1600,650,0.9412,0.8759,0.0745,0,0.8820,-0.0591,0.0061,ev,multiplicative,live,202609250580A50A,2026-09-22T17:47:03.773Z
2026,3,16649,Tucker Kraft,GB,TE,vs ATL,recYds,Hard Rock,51.5,under,49.04,-150,110,0.6000,0.5575,0.0762,0,0.5408,-0.0592,-0.0167,ev,multiplicative,live,202609250580A50A,2026-09-22T17:47:03.773Z
2026,3,12561,Lamar Jackson,BAL,QB,at DAL,rushYds,Hard Rock,6.5,over,52.86,-7000,1400,0.9859,0.9367,0.0526,0,0.9267,-0.0592,-0.0100,ev,multiplicative,live,202609270726D5A2,2026-09-22T17:47:03.773Z
2026,3,12561,Lamar Jackson,BAL,QB,at DAL,passTD,theScore,0.5,over,1.77,-800,,0.8889,0.8889,,1,0.8297,-0.0592,-0.0592,ev,none,live,202609270726D5A2,2026-09-22T17:47:03.773Z
2026,3,16649,Tucker Kraft,GB,TE,vs ATL,recYds,DraftKings,119.5,over,49.04,1540,,0.0610,0.0610,,1,0.0017,-0.0593,-0.0593,ev,none,live,202609250580A50A,2026-09-22T17:47:03.773Z
2026,3,16739,Bijan Robinson,ATL,RB,at GB,recYds,DraftKings,99.5,over,32.4,1580,,0.0595,0.0595,,1,0.0000,-0.0595,-0.0595,ev,none,live,202609250580A50A,2026-09-22T17:47:03.773Z
2026,3,14446,Justin Herbert,LAC,QB,at BUF,passYds,Hard Rock,199.5,over,223.25,-210,145,0.6774,0.6240,0.0856,0,0.6179,-0.0595,-0.0061,ev,multiplicative,live,2026092763BB8AC8,2026-09-22T17:47:03.773Z
2026,3,12483,Josh Allen,BUF,QB,vs LAC,passYds,theScore,149.5,over,256.07,-1600,,0.9412,0.9412,,1,0.8816,-0.0596,-0.0596,ev,none,live,2026092763BB8AC8,2026-09-22T17:47:03.773Z
2026,3,15265,Kyle Pitts,ATL,TE,at GB,receptions,FanDuel,3.5,over,3.52,-130,-102,0.5652,0.5282,0.0702,0,0.5055,-0.0597,-0.0227,ev,multiplicative,live,202609250580A50A,2026-09-22T17:47:03.773Z
2026,3,14371,Jordan Love,GB,QB,vs ATL,passAtt,DraftKings,41.5,over,32.45,820,,0.1087,0.1087,,1,0.0490,-0.0597,-0.0597,ev,none,live,202609250580A50A,2026-09-22T17:47:03.773Z
2026,3,12561,Lamar Jackson,BAL,QB,at DAL,passYds,DraftKings,179.5,over,259.92,-660,,0.8684,0.8684,,1,0.8087,-0.0597,-0.0597,ev,none,live,202609270726D5A2,2026-09-22T17:47:03.773Z
2026,3,14411,CeeDee Lamb,DAL,WR,vs BAL,recYds,FanDuel,79.5,over,81.88,-141,,0.5851,0.5851,,1,0.5254,-0.0597,-0.0597,ev,none,live,202609270726D5A2,2026-09-22T17:47:03.773Z
2026,3,15265,Kyle Pitts,ATL,TE,at GB,receptions,theScore,3.5,over,3.52,-130,100,0.5652,0.5306,0.0652,0,0.5055,-0.0597,-0.0251,ev,multiplicative,live,202609250580A50A,2026-09-22T17:47:03.773Z
2026,3,14371,Jordan Love,GB,QB,vs ATL,passYds,BetRivers,228.5,under,232.97,-117,-114,0.5392,0.5030,0.0719,0,0.4794,-0.0598,-0.0236,ev,multiplicative,live,202609250580A50A,2026-09-22T17:47:03.773Z
2026,3,15868,Drake London,ATL,WR,at GB,recYds,DraftKings,59.5,over,61.67,-144,,0.5902,0.5902,,1,0.5303,-0.0599,-0.0599,ev,none,live,202609250580A50A,2026-09-22T17:47:03.773Z
2026,3,15946,Christian Watson,GB,WR,vs ATL,recYds,BetRivers,39.5,over,69.75,-420,,0.8077,0.8077,,1,0.7478,-0.0599,-0.0599,ev,none,live,202609250580A50A,2026-09-22T17:47:03.773Z
2026,3,15853,George Pickens,DAL,WR,vs BAL,receptions,FanDuel,2.5,over,4.89,-1402,,0.9334,0.9334,,1,0.8735,-0.0599,-0.0599,ev,none,live,202609270726D5A2,2026-09-22T17:47:03.773Z
2026,3,14411,CeeDee Lamb,DAL,WR,vs BAL,recYds,Hard Rock,35.5,over,81.88,-2000,700,0.9524,0.8840,0.0774,0,0.8925,-0.0599,0.0085,ev,multiplicative,live,202609270726D5A2,2026-09-22T17:47:03.773Z
2026,3,11008,Dak Prescott,DAL,QB,vs BAL,passYds,Hard Rock,305.5,over,260.17,210,-325,0.3226,0.2967,0.0873,0,0.2626,-0.0599,-0.0341,ev,multiplicative,live,202609270726D5A2,2026-09-22T17:47:03.773Z
2026,3,14371,Jordan Love,GB,QB,vs ATL,passAtt,theScore,19.5,over,32.45,-8000,,0.9877,0.9877,,1,0.9276,-0.0600,-0.0600,ev,none,live,202609250580A50A,2026-09-22T17:47:03.773Z
2026,3,14371,Jordan Love,GB,QB,vs ATL,passYds,Hard Rock,227.5,under,232.97,-115,-115,0.5349,0.5000,0.0698,0,0.4748,-0.0601,-0.0252,ev,multiplicative,live,202609250580A50A,2026-09-22T17:47:03.773Z
2026,3,11008,Dak Prescott,DAL,QB,vs BAL,passYds,Hard Rock,295.5,over,260.17,170,-240,0.3704,0.3441,0.0763,0,0.3103,-0.0601,-0.0339,ev,multiplicative,live,202609270726D5A2,2026-09-22T17:47:03.773Z
2026,3,11008,Dak Prescott,DAL,QB,vs BAL,passYds,Hard Rock,299.5,over,260.17,185,-275,0.3509,0.3236,0.0842,0,0.2908,-0.0601,-0.0329,ev,multiplicative,live,202609270726D5A2,2026-09-22T17:47:03.773Z
2026,3,18500,Matthew Golden,GB,WR,vs ATL,recYds,FanDuel,39.5,over,52.68,-234,,0.7006,0.7006,,1,0.6403,-0.0603,-0.0603,ev,none,live,202609250580A50A,2026-09-22T17:47:03.773Z
2026,3,12561,Lamar Jackson,BAL,QB,at DAL,passTD,BetRivers,1.5,over,1.77,-143,108,0.5885,0.5504,0.0692,0,0.5282,-0.0603,-0.0222,ev,multiplicative,live,202609270726D5A2,2026-09-22T17:47:03.773Z
2026,3,18478,Tre Harris,LAC,WR,at BUF,recYds,Hard Rock,39.5,over,34.63,120,-165,0.4545,0.4220,0.0772,0,0.3943,-0.0603,-0.0277,ev,multiplicative,live,2026092763BB8AC8,2026-09-22T17:47:03.773Z
2026,3,15946,Christian Watson,GB,WR,vs ATL,recYds,FanDuel,39.5,over,69.75,-422,,0.8084,0.8084,,1,0.7478,-0.0607,-0.0607,ev,none,live,202609250580A50A,2026-09-22T17:47:03.773Z
2026,3,15853,George Pickens,DAL,WR,vs BAL,receptions,BetRivers,3.5,over,4.89,-420,,0.8077,0.8077,,1,0.7470,-0.0607,-0.0607,ev,none,live,202609270726D5A2,2026-09-22T17:47:03.773Z
2026,3,14411,CeeDee Lamb,DAL,WR,vs BAL,recYds,BetRivers,99.5,over,81.88,150,,0.4000,0.4000,,1,0.3393,-0.0607,-0.0607,ev,none,live,202609270726D5A2,2026-09-22T17:47:03.773Z
2026,3,16739,Bijan Robinson,ATL,RB,at GB,receptions,Hard Rock,9.5,over,4.13,1400,-6000,0.0667,0.0635,0.0503,0,0.0059,-0.0607,-0.0575,ev,multiplicative,live,202609250580A50A,2026-09-22T17:47:03.773Z
2026,3,14371,Jordan Love,GB,QB,vs ATL,passYds,Hard Rock,307.5,under,232.97,-1100,525,0.9167,0.8514,0.0767,0,0.8560,-0.0607,0.0046,ev,multiplicative,live,202609250580A50A,2026-09-22T17:47:03.773Z
2026,3,17700,Michael Penix Jr.,ATL,QB,at GB,passYds,Caesars,289.5,over,199.74,600,,0.1429,0.1429,,1,0.0821,-0.0608,-0.0608,ev,none,live,202609250580A50A,2026-09-22T17:47:03.773Z
2026,3,17700,Michael Penix Jr.,ATL,QB,at GB,completions,theScore,24.5,over,16.68,550,,0.1538,0.1538,,1,0.0931,-0.0608,-0.0608,ev,none,live,202609250580A50A,2026-09-22T17:47:03.773Z
2026,3,15850,Jahan Dotson,ATL,WR,at GB,recYds,DraftKings,69.5,over,17.4,1540,,0.0610,0.0610,,1,0.0000,-0.0610,-0.0610,ev,none,live,202609250580A50A,2026-09-22T17:47:03.773Z
2026,3,15853,George Pickens,DAL,WR,vs BAL,receptions,BetRivers,2.5,over,4.89,-1430,,0.9346,0.9346,,1,0.8735,-0.0611,-0.0611,ev,none,live,202609270726D5A2,2026-09-22T17:47:03.773Z
2026,3,17724,Ladd McConkey,LAC,WR,at BUF,receptions,Hard Rock,2.5,over,4.77,-600,350,0.8571,0.7941,0.0794,0,0.7961,-0.0611,0.0019,ev,multiplicative,live,2026092763BB8AC8,2026-09-22T17:47:03.773Z
2026,3,16739,Bijan Robinson,ATL,RB,at GB,receptions,FanDuel,10.5,over,4.13,1497,,0.0626,0.0626,,1,0.0014,-0.0612,-0.0612,ev,none,live,202609250580A50A,2026-09-22T17:47:03.773Z
2026,3,15265,Kyle Pitts,ATL,TE,at GB,recYds,Hard Rock,50.5,over,40.08,185,-275,0.3509,0.3236,0.0842,0,0.2897,-0.0612,-0.0339,ev,multiplicative,live,202609250580A50A,2026-09-22T17:47:03.773Z
2026,3,11008,Dak Prescott,DAL,QB,vs BAL,passYds,Hard Rock,275.5,over,260.17,110,-150,0.4762,0.4425,0.0762,0,0.4149,-0.0612,-0.0275,ev,multiplicative,live,202609270726D5A2,2026-09-22T17:47:03.773Z
2026,3,15946,Christian Watson,GB,WR,vs ATL,recYds,FanDuel,66.5,under,69.75,-114,-114,0.5327,0.5000,0.0654,0,0.4714,-0.0613,-0.0286,ev,multiplicative,live,202609250580A50A,2026-09-22T17:47:03.773Z
2026,3,17724,Ladd McConkey,LAC,WR,at BUF,receptions,FanDuel,2.5,over,4.77,-601,,0.8573,0.8573,,1,0.7961,-0.0613,-0.0613,ev,none,live,2026092763BB8AC8,2026-09-22T17:47:03.773Z
2026,3,15868,Drake London,ATL,WR,at GB,receptions,FanDuel,2.5,over,4.64,-1404,,0.9335,0.9335,,1,0.8721,-0.0614,-0.0614,ev,none,live,202609250580A50A,2026-09-22T17:47:03.773Z
2026,3,14411,CeeDee Lamb,DAL,WR,vs BAL,recYds,DraftKings,79.5,over,81.88,-142,,0.5868,0.5868,,1,0.5254,-0.0614,-0.0614,ev,none,live,202609270726D5A2,2026-09-22T17:47:03.773Z
2026,3,15853,George Pickens,DAL,WR,vs BAL,receptions,FanDuel,3.5,over,4.89,-422,,0.8084,0.8084,,1,0.7470,-0.0615,-0.0615,ev,none,live,202609270726D5A2,2026-09-22T17:47:03.773Z
2026,3,14371,Jordan Love,GB,QB,vs ATL,passYds,Hard Rock,317.5,under,232.97,-1800,650,0.9474,0.8766,0.0807,0,0.8859,-0.0615,0.0093,ev,multiplicative,live,202609250580A50A,2026-09-22T17:47:03.773Z
2026,3,17700,Michael Penix Jr.,ATL,QB,at GB,rushYds,theScore,24.5,over,8.86,1100,,0.0833,0.0833,,1,0.0218,-0.0615,-0.0615,ev,none,live,202609250580A50A,2026-09-22T17:47:03.773Z
2026,3,17724,Ladd McConkey,LAC,WR,at BUF,recYds,Hard Rock,8.5,over,64.26,-6000,1500,0.9836,0.9403,0.0461,0,0.9221,-0.0615,-0.0182,ev,multiplicative,live,2026092763BB8AC8,2026-09-22T17:47:03.773Z
2026,3,15868,Drake London,ATL,WR,at GB,receptions,BetRivers,7.5,over,4.64,330,,0.2326,0.2326,,1,0.1710,-0.0616,-0.0616,ev,none,live,202609250580A50A,2026-09-22T17:47:03.773Z
2026,3,15306,Javonte Williams,DAL,RB,vs BAL,recYds,DraftKings,14.5,over,15.36,-142,,0.5868,0.5868,,1,0.5251,-0.0616,-0.0616,ev,none,live,202609270726D5A2,2026-09-22T17:47:03.773Z
2026,3,17724,Ladd McConkey,LAC,WR,at BUF,recYds,Hard Rock,103.5,over,64.26,575,-1400,0.1481,0.1370,0.0815,0,0.0866,-0.0616,-0.0504,ev,multiplicative,live,2026092763BB8AC8,2026-09-22T17:47:03.773Z
2026,3,18478,Tre Harris,LAC,WR,at BUF,recYds,Hard Rock,23.5,over,34.63,-220,155,0.6875,0.6368,0.0797,0,0.6258,-0.0617,-0.0110,ev,multiplicative,live,2026092763BB8AC8,2026-09-22T17:47:03.773Z
2026,3,10819,Derrick Henry,BAL,RB,at DAL,rushYds,Hard Rock,38.5,under,97.69,800,-2500,0.1111,0.1036,0.0726,0,0.0494,-0.0617,-0.0542,ev,multiplicative,live,202609270726D5A2,2026-09-22T17:47:03.773Z
2026,3,16649,Tucker Kraft,GB,TE,vs ATL,recYds,FanDuel,124.5,over,49.04,1497,,0.0626,0.0626,,1,0.0008,-0.0618,-0.0618,ev,none,live,202609250580A50A,2026-09-22T17:47:03.773Z
2026,3,14446,Justin Herbert,LAC,QB,at BUF,passTD,BetRivers,0.5,over,1.37,-420,,0.8077,0.8077,,1,0.7459,-0.0618,-0.0618,ev,none,live,2026092763BB8AC8,2026-09-22T17:47:03.773Z
2026,3,14411,CeeDee Lamb,DAL,WR,vs BAL,recYds,Caesars,149.5,over,81.88,750,,0.1176,0.1176,,1,0.0559,-0.0618,-0.0618,ev,none,live,202609270726D5A2,2026-09-22T17:47:03.773Z
2026,3,14411,CeeDee Lamb,DAL,WR,vs BAL,recYds,DraftKings,149.5,over,81.88,750,,0.1176,0.1176,,1,0.0559,-0.0618,-0.0618,ev,none,live,202609270726D5A2,2026-09-22T17:47:03.773Z
2026,3,15306,Javonte Williams,DAL,RB,vs BAL,rushYds,Hard Rock,39.5,under,63.83,250,-400,0.2857,0.2632,0.0857,0,0.2239,-0.0618,-0.0392,ev,multiplicative,live,202609270726D5A2,2026-09-22T17:47:03.773Z
2026,3,15265,Kyle Pitts,ATL,TE,at GB,recYds,FanDuel,99.5,over,40.08,1496,,0.0627,0.0627,,1,0.0008,-0.0619,-0.0619,ev,none,live,202609250580A50A,2026-09-22T17:47:03.773Z
2026,3,14411,CeeDee Lamb,DAL,WR,vs BAL,recYds,Hard Rock,75.5,over,81.88,-170,120,0.6296,0.5807,0.0842,0,0.5677,-0.0619,-0.0130,ev,multiplicative,live,202609270726D5A2,2026-09-22T17:47:03.773Z
2026,3,14411,CeeDee Lamb,DAL,WR,vs BAL,recYds,FanDuel,39.5,over,81.88,-1401,,0.9334,0.9334,,1,0.8714,-0.0620,-0.0620,ev,none,live,202609270726D5A2,2026-09-22T17:47:03.773Z
2026,3,15868,Drake London,ATL,WR,at GB,receptions,DraftKings,2.5,over,4.64,-1420,,0.9342,0.9342,,1,0.8721,-0.0621,-0.0621,ev,none,live,202609250580A50A,2026-09-22T17:47:03.773Z
2026,3,16649,Tucker Kraft,GB,TE,vs ATL,recYds,Hard Rock,11.5,under,49.04,750,-2500,0.1176,0.1090,0.0792,0,0.0555,-0.0621,-0.0535,ev,multiplicative,live,202609250580A50A,2026-09-22T17:47:03.773Z
2026,3,14411,CeeDee Lamb,DAL,WR,vs BAL,recYds,DraftKings,85.5,over,81.88,-112,-112,0.5283,0.5000,0.0566,0,0.4661,-0.0622,-0.0339,ev,multiplicative,live,202609270726D5A2,2026-09-22T17:47:03.773Z
2026,3,11008,Dak Prescott,DAL,QB,vs BAL,passYds,Caesars,259.5,over,260.17,-130,,0.5652,0.5652,,1,0.5030,-0.0622,-0.0622,ev,none,live,202609270726D5A2,2026-09-22T17:47:03.773Z
2026,3,18478,Tre Harris,LAC,WR,at BUF,recYds,Hard Rock,99.5,over,34.63,1500,-7000,0.0625,0.0596,0.0484,0,0.0002,-0.0623,-0.0594,ev,multiplicative,live,2026092763BB8AC8,2026-09-22T17:47:03.773Z
2026,3,15868,Drake London,ATL,WR,at GB,recYds,Hard Rock,48.5,under,61.67,160,-225,0.3846,0.3571,0.0769,0,0.3222,-0.0624,-0.0349,ev,multiplicative,live,202609250580A50A,2026-09-22T17:47:03.773Z
2026,3,16739,Bijan Robinson,ATL,RB,at GB,recYds,FanDuel,109.5,over,32.4,1499,,0.0625,0.0625,,1,0.0000,-0.0625,-0.0625,ev,none,live,202609250580A50A,2026-09-22T17:47:03.773Z
2026,3,12483,Josh Allen,BUF,QB,vs LAC,rushYds,FanDuel,89.5,over,32.45,1498,,0.0626,0.0626,,1,0.0000,-0.0625,-0.0625,ev,none,live,2026092763BB8AC8,2026-09-22T17:47:03.773Z
2026,3,17700,Michael Penix Jr.,ATL,QB,at GB,int,theScore,2.5,over,0.5,1200,,0.0769,0.0769,,1,0.0144,-0.0625,-0.0625,ev,none,live,202609250580A50A,2026-09-22T17:47:03.773Z
2026,3,15306,Javonte Williams,DAL,RB,vs BAL,recYds,Hard Rock,66.5,over,15.36,1500,-7000,0.0625,0.0596,0.0484,0,0.0000,-0.0625,-0.0596,ev,multiplicative,live,202609270726D5A2,2026-09-22T17:47:03.773Z
2026,3,14371,Jordan Love,GB,QB,vs ATL,passYds,FanDuel,226.5,under,232.97,-114,-114,0.5327,0.5000,0.0654,0,0.4701,-0.0626,-0.0299,ev,multiplicative,live,202609250580A50A,2026-09-22T17:47:03.773Z
2026,3,17700,Michael Penix Jr.,ATL,QB,at GB,passYds,DraftKings,209.5,over,199.74,-101,,0.5025,0.5025,,1,0.4399,-0.0626,-0.0626,ev,none,live,202609250580A50A,2026-09-22T17:47:03.773Z
2026,3,14446,Justin Herbert,LAC,QB,at BUF,passYds,FanDuel,199.5,over,223.25,-213,,0.6805,0.6805,,1,0.6179,-0.0626,-0.0626,ev,none,live,2026092763BB8AC8,2026-09-22T17:47:03.773Z
2026,3,15947,Jake Ferguson,DAL,TE,vs BAL,recYds,Hard Rock,2.5,under,34.7,1200,-5000,0.0769,0.0728,0.0573,0,0.0144,-0.0626,-0.0584,ev,multiplicative,live,202609270726D5A2,2026-09-22T17:47:03.773Z
2026,3,15853,George Pickens,DAL,WR,vs BAL,receptions,Hard Rock,3.5,over,4.89,-425,275,0.8095,0.7522,0.0762,0,0.7470,-0.0626,-0.0053,ev,multiplicative,live,202609270726D5A2,2026-09-22T17:47:03.773Z
2026,3,17700,Michael Penix Jr.,ATL,QB,at GB,passTD,FanDuel,0.5,over,1.15,-294,,0.7462,0.7462,,1,0.6834,-0.0628,-0.0628,ev,none,live,202609250580A50A,2026-09-22T17:47:03.773Z
2026,3,18478,Tre Harris,LAC,WR,at BUF,recYds,DraftKings,89.5,over,34.63,1460,,0.0641,0.0641,,1,0.0013,-0.0628,-0.0628,ev,none,live,2026092763BB8AC8,2026-09-22T17:47:03.773Z
2026,3,12483,Josh Allen,BUF,QB,vs LAC,passTD,Hard Rock,3.5,over,1.41,750,,0.1176,0.1176,,1,0.0549,-0.0628,-0.0628,ev,none,live,2026092763BB8AC8,2026-09-22T17:47:03.773Z
2026,3,14371,Jordan Love,GB,QB,vs ATL,passYds,Hard Rock,224.5,under,232.97,-110,-125,0.5238,0.4853,0.0794,0,0.4609,-0.0629,-0.0244,ev,multiplicative,live,202609250580A50A,2026-09-22T17:47:03.773Z
2026,3,14371,Jordan Love,GB,QB,vs ATL,passYds,Hard Rock,197.5,over,232.97,-260,185,0.7222,0.6730,0.0731,0,0.6593,-0.0629,-0.0137,ev,multiplicative,live,202609250580A50A,2026-09-22T17:47:03.773Z
2026,3,14411,CeeDee Lamb,DAL,WR,vs BAL,receptions,Hard Rock,9.5,under,5.87,-575,325,0.8519,0.7836,0.0871,0,0.7889,-0.0629,0.0054,ev,multiplicative,live,202609270726D5A2,2026-09-22T17:47:03.773Z
2026,3,14446,Justin Herbert,LAC,QB,at BUF,passYds,DraftKings,179.5,over,223.25,-340,,0.7727,0.7727,,1,0.7098,-0.0630,-0.0630,ev,none,live,2026092763BB8AC8,2026-09-22T17:47:03.773Z
2026,3,12561,Lamar Jackson,BAL,QB,at DAL,rushYds,Hard Rock,16.5,under,52.86,425,-800,0.1905,0.1765,0.0794,0,0.1274,-0.0630,-0.0490,ev,multiplicative,live,202609270726D5A2,2026-09-22T17:47:03.773Z
2026,3,15876,James Cook,BUF,RB,vs LAC,rushYds,Caesars,69.5,over,76.14,-200,,0.6667,0.6667,,1,0.6034,-0.0632,-0.0632,ev,none,live,2026092763BB8AC8,2026-09-22T17:47:03.773Z
2026,3,15876,James Cook,BUF,RB,vs LAC,rushYds,DraftKings,69.5,over,76.14,-200,,0.6667,0.6667,,1,0.6034,-0.0632,-0.0632,ev,none,live,2026092763BB8AC8,2026-09-22T17:47:03.773Z
2026,3,15947,Jake Ferguson,DAL,TE,vs BAL,receptions,Hard Rock,4.5,under,3.73,-240,170,0.7059,0.6559,0.0763,0,0.6427,-0.0632,-0.0131,ev,multiplicative,live,202609270726D5A2,2026-09-22T17:47:03.773Z
2026,3,12561,Lamar Jackson,BAL,QB,at DAL,passYds,Hard Rock,178.5,over,259.92,-700,375,0.8750,0.8061,0.0855,0,0.8117,-0.0633,0.0056,ev,multiplicative,live,202609270726D5A2,2026-09-22T17:47:03.773Z
2026,3,15868,Drake London,ATL,WR,at GB,recYds,DraftKings,139.5,over,61.67,1460,,0.0641,0.0641,,1,0.0007,-0.0634,-0.0634,ev,none,live,202609250580A50A,2026-09-22T17:47:03.773Z
2026,3,14371,Jordan Love,GB,QB,vs ATL,passYds,Hard Rock,199.5,over,232.97,-250,170,0.7143,0.6585,0.0847,0,0.6508,-0.0635,-0.0077,ev,multiplicative,live,202609250580A50A,2026-09-22T17:47:03.773Z
2026,3,15907,Brian Robinson Jr.,ATL,RB,at GB,rushYds,Hard Rock,17.5,under,22,145,-200,0.4082,0.3797,0.0748,0,0.3446,-0.0635,-0.0351,ev,multiplicative,live,202609250580A50A,2026-09-22T17:47:03.773Z
2026,3,14371,Jordan Love,GB,QB,vs ATL,passYds,theScore,199.5,over,232.97,-250,,0.7143,0.7143,,1,0.6508,-0.0635,-0.0635,ev,none,live,202609250580A50A,2026-09-22T17:47:03.773Z
2026,3,15868,Drake London,ATL,WR,at GB,recYds,Hard Rock,24.5,under,61.67,525,-1200,0.1600,0.1477,0.0831,0,0.0964,-0.0636,-0.0513,ev,multiplicative,live,202609250580A50A,2026-09-22T17:47:03.773Z
2026,3,16649,Tucker Kraft,GB,TE,vs ATL,receptions,Hard Rock,6.5,under,3.83,-1000,500,0.9091,0.8451,0.0758,0,0.8455,-0.0636,0.0005,ev,multiplicative,live,202609250580A50A,2026-09-22T17:47:03.773Z
2026,3,14411,CeeDee Lamb,DAL,WR,vs BAL,recYds,DraftKings,89.5,over,81.88,103,,0.4926,0.4926,,1,0.4289,-0.0637,-0.0637,ev,none,live,202609270726D5A2,2026-09-22T17:47:03.773Z
2026,3,14411,CeeDee Lamb,DAL,WR,vs BAL,recYds,FanDuel,89.5,over,81.88,103,,0.4926,0.4926,,1,0.4289,-0.0637,-0.0637,ev,none,live,202609270726D5A2,2026-09-22T17:47:03.773Z
2026,3,16739,Bijan Robinson,ATL,RB,at GB,rushYds,Hard Rock,28.5,under,87.97,1100,-5000,0.0833,0.0783,0.0637,0,0.0196,-0.0637,-0.0588,ev,multiplicative,live,202609250580A50A,2026-09-22T17:47:03.773Z
2026,3,15306,Javonte Williams,DAL,RB,vs BAL,rushYds,Hard Rock,19.5,over,63.83,-5000,1100,0.9804,0.9217,0.0637,0,0.9167,-0.0637,-0.0050,ev,multiplicative,live,202609270726D5A2,2026-09-22T17:47:03.773Z
2026,3,15946,Christian Watson,GB,WR,vs ATL,recYds,DraftKings,24.5,over,69.75,-950,,0.9048,0.9048,,1,0.8410,-0.0638,-0.0638,ev,none,live,202609250580A50A,2026-09-22T17:47:03.773Z
2026,3,17700,Michael Penix Jr.,ATL,QB,at GB,passYds,DraftKings,205.5,over,199.74,-112,-112,0.5283,0.5000,0.0566,0,0.4644,-0.0639,-0.0356,ev,multiplicative,live,202609250580A50A,2026-09-22T17:47:03.773Z
2026,3,11008,Dak Prescott,DAL,QB,vs BAL,passYds,DraftKings,299.5,over,260.17,182,,0.3546,0.3546,,1,0.2908,-0.0639,-0.0639,ev,none,live,202609270726D5A2,2026-09-22T17:47:03.773Z
2026,3,16741,Chris Brooks,GB,RB,vs ATL,rushYds,DraftKings,39.5,over,28.67,554,,0.1529,0.1529,,1,0.0889,-0.0640,-0.0640,ev,none,live,202609250580A50A,2026-09-22T17:47:03.773Z
2026,3,18445,Omarion Hampton,LAC,RB,at BUF,rushAtt,BetRivers,19.5,over,14.54,350,,0.2222,0.2222,,1,0.1583,-0.0640,-0.0640,ev,none,live,2026092763BB8AC8,2026-09-22T17:47:03.773Z
2026,3,17700,Michael Penix Jr.,ATL,QB,at GB,passYds,Hard Rock,299.5,over,199.74,700,-2200,0.1250,0.1156,0.0815,0,0.0610,-0.0640,-0.0545,ev,multiplicative,live,202609250580A50A,2026-09-22T17:47:03.773Z
2026,3,15265,Kyle Pitts,ATL,TE,at GB,recYds,Hard Rock,45.5,under,40.08,-210,145,0.6774,0.6240,0.0856,0,0.6134,-0.0640,-0.0106,ev,multiplicative,live,202609250580A50A,2026-09-22T17:47:03.773Z
2026,3,15853,George Pickens,DAL,WR,vs BAL,recYds,Hard Rock,14.5,under,75.47,900,-4000,0.1000,0.0930,0.0756,0,0.0360,-0.0640,-0.0570,ev,multiplicative,live,202609270726D5A2,2026-09-22T17:47:03.773Z
2026,3,15876,James Cook,BUF,RB,vs LAC,rushYds,Hard Rock,49.5,under,76.14,375,-650,0.2105,0.1954,0.0772,0,0.1464,-0.0641,-0.0490,ev,multiplicative,live,2026092763BB8AC8,2026-09-22T17:47:03.773Z
2026,3,12483,Josh Allen,BUF,QB,vs LAC,rushYds,Hard Rock,33.5,over,32.45,-115,-115,0.5349,0.5000,0.0698,0,0.4707,-0.0642,-0.0293,ev,multiplicative,live,2026092763BB8AC8,2026-09-22T17:47:03.773Z
2026,3,11008,Dak Prescott,DAL,QB,vs BAL,passYds,Hard Rock,285.5,over,260.17,135,-190,0.4255,0.3938,0.0807,0,0.3613,-0.0642,-0.0324,ev,multiplicative,live,202609270726D5A2,2026-09-22T17:47:03.773Z
2026,3,17700,Michael Penix Jr.,ATL,QB,at GB,passYds,BetMGM,204.5,over,199.74,-115,-115,0.5349,0.5000,0.0698,0,0.4706,-0.0643,-0.0294,ev,multiplicative,live,202609250580A50A,2026-09-22T17:47:03.773Z
2026,3,17700,Michael Penix Jr.,ATL,QB,at GB,passAtt,DraftKings,43.5,over,29.07,1380,,0.0676,0.0676,,1,0.0033,-0.0643,-0.0643,ev,none,live,202609250580A50A,2026-09-22T17:47:03.773Z
2026,3,11008,Dak Prescott,DAL,QB,vs BAL,passTD,FanDuel,2.5,over,1.57,266,,0.2732,0.2732,,1,0.2089,-0.0643,-0.0643,ev,none,live,202609270726D5A2,2026-09-22T17:47:03.773Z
2026,3,18500,Matthew Golden,GB,WR,vs ATL,recYds,Caesars,79.5,over,52.68,220,,0.3125,0.3125,,1,0.2480,-0.0645,-0.0645,ev,none,live,202609250580A50A,2026-09-22T17:47:03.773Z
2026,3,17700,Michael Penix Jr.,ATL,QB,at GB,passYds,Hard Rock,286.5,over,199.74,550,-1300,0.1538,0.1421,0.0824,0,0.0894,-0.0645,-0.0528,ev,multiplicative,live,202609250580A50A,2026-09-22T17:47:03.773Z
2026,3,12561,Lamar Jackson,BAL,QB,at DAL,passYds,Hard Rock,128.5,over,259.92,-8000,1600,0.9877,0.9438,0.0465,0,0.9232,-0.0645,-0.0206,ev,multiplicative,live,202609270726D5A2,2026-09-22T17:47:03.773Z
2026,3,15947,Jake Ferguson,DAL,TE,vs BAL,recYds,FanDuel,49.5,over,34.7,347,,0.2237,0.2237,,1,0.1591,-0.0646,-0.0646,ev,none,live,202609270726D5A2,2026-09-22T17:47:03.773Z
2026,3,15306,Javonte Williams,DAL,RB,vs BAL,rushAtt,Hard Rock,17.5,over,17.31,240,,0.2941,0.2941,,1,0.2295,-0.0646,-0.0646,ev,none,live,202609270726D5A2,2026-09-22T17:47:03.773Z
2026,3,11008,Dak Prescott,DAL,QB,vs BAL,passYds,Caesars,265.5,over,260.17,-115,-114,0.5349,0.5010,0.0676,0,0.4702,-0.0647,-0.0308,ev,multiplicative,live,202609270726D5A2,2026-09-22T17:47:03.773Z
2026,3,17700,Michael Penix Jr.,ATL,QB,at GB,passYds,Hard Rock,276.5,over,199.74,450,-900,0.1818,0.1681,0.0818,0,0.1171,-0.0647,-0.0510,ev,multiplicative,live,202609250580A50A,2026-09-22T17:47:03.773Z
2026,3,15868,Drake London,ATL,WR,at GB,recYds,Hard Rock,63.5,over,61.67,-115,-115,0.5349,0.5000,0.0698,0,0.4702,-0.0647,-0.0298,ev,multiplicative,live,202609250580A50A,2026-09-22T17:47:03.773Z
2026,3,11008,Dak Prescott,DAL,QB,vs BAL,passYds,Hard Rock,265.5,over,260.17,-115,-115,0.5349,0.5000,0.0698,0,0.4702,-0.0647,-0.0298,ev,multiplicative,live,202609270726D5A2,2026-09-22T17:47:03.773Z
2026,3,12561,Lamar Jackson,BAL,QB,at DAL,passAtt,DraftKings,39.5,over,28.71,1040,,0.0877,0.0877,,1,0.0228,-0.0649,-0.0649,ev,none,live,202609270726D5A2,2026-09-22T17:47:03.773Z
2026,3,15868,Drake London,ATL,WR,at GB,receptions,Caesars,6.5,over,4.64,200,,0.3333,0.3333,,1,0.2683,-0.0650,-0.0650,ev,none,live,202609250580A50A,2026-09-22T17:47:03.773Z
2026,3,15853,George Pickens,DAL,WR,vs BAL,receptions,BetRivers,4.5,over,4.89,-177,,0.6390,0.6390,,1,0.5740,-0.0650,-0.0650,ev,none,live,202609270726D5A2,2026-09-22T17:47:03.773Z
2026,3,15868,Drake London,ATL,WR,at GB,receptions,Hard Rock,6.5,over,4.64,200,-300,0.3333,0.3077,0.0833,0,0.2683,-0.0650,-0.0394,ev,multiplicative,live,202609250580A50A,2026-09-22T17:47:03.773Z
2026,3,12561,Lamar Jackson,BAL,QB,at DAL,passYds,DraftKings,169.5,over,259.92,-920,,0.9020,0.9020,,1,0.8369,-0.0651,-0.0651,ev,none,live,202609270726D5A2,2026-09-22T17:47:03.773Z
2026,3,12561,Lamar Jackson,BAL,QB,at DAL,passTD,Caesars,0.5,over,1.77,-850,,0.8947,0.8947,,1,0.8297,-0.0651,-0.0651,ev,none,live,202609270726D5A2,2026-09-22T17:47:03.773Z
2026,3,15868,Drake London,ATL,WR,at GB,recYds,Hard Rock,49.5,under,61.67,150,-220,0.4000,0.3678,0.0875,0,0.3349,-0.0651,-0.0329,ev,multiplicative,live,202609250580A50A,2026-09-22T17:47:03.773Z
2026,3,15265,Kyle Pitts,ATL,TE,at GB,recYds,DraftKings,89.5,over,40.08,1340,,0.0694,0.0694,,1,0.0043,-0.0652,-0.0652,ev,none,live,202609250580A50A,2026-09-22T17:47:03.773Z
2026,3,14371,Jordan Love,GB,QB,vs ATL,passYds,FanDuel,174.5,over,232.97,-444,,0.8162,0.8162,,1,0.7508,-0.0654,-0.0654,ev,none,live,202609250580A50A,2026-09-22T17:47:03.773Z
2026,3,17724,Ladd McConkey,LAC,WR,at BUF,recYds,FanDuel,124.5,over,64.26,1096,,0.0836,0.0836,,1,0.0183,-0.0654,-0.0654,ev,none,live,2026092763BB8AC8,2026-09-22T17:47:03.773Z
2026,3,18445,Omarion Hampton,LAC,RB,at BUF,recYds,FanDuel,19.5,over,12.02,193,,0.3413,0.3413,,1,0.2759,-0.0654,-0.0654,ev,none,live,2026092763BB8AC8,2026-09-22T17:47:03.773Z
2026,3,15868,Drake London,ATL,WR,at GB,receptions,theScore,2.5,over,4.64,-1500,,0.9375,0.9375,,1,0.8721,-0.0654,-0.0654,ev,none,live,202609250580A50A,2026-09-22T17:47:03.773Z
2026,3,15876,James Cook,BUF,RB,vs LAC,rushYds,FanDuel,69.5,over,76.14,-202,,0.6689,0.6689,,1,0.6034,-0.0655,-0.0655,ev,none,live,2026092763BB8AC8,2026-09-22T17:47:03.773Z
2026,3,15947,Jake Ferguson,DAL,TE,vs BAL,recYds,FanDuel,79.5,over,34.7,1397,,0.0668,0.0668,,1,0.0013,-0.0655,-0.0655,ev,none,live,202609270726D5A2,2026-09-22T17:47:03.773Z
2026,3,18500,Matthew Golden,GB,WR,vs ATL,recYds,BetRivers,39.5,over,52.68,-240,,0.7059,0.7059,,1,0.6403,-0.0656,-0.0656,ev,none,live,202609250580A50A,2026-09-22T17:47:03.773Z
2026,3,17700,Michael Penix Jr.,ATL,QB,at GB,passYds,FanDuel,274.5,over,199.74,429,,0.1890,0.1890,,1,0.1233,-0.0657,-0.0657,ev,none,live,202609250580A50A,2026-09-22T17:47:03.773Z
2026,3,12561,Lamar Jackson,BAL,QB,at DAL,passYds,Hard Rock,174.5,over,259.92,-800,425,0.8889,0.8235,0.0794,0,0.8232,-0.0657,-0.0004,ev,multiplicative,live,202609270726D5A2,2026-09-22T17:47:03.773Z
2026,3,10819,Derrick Henry,BAL,RB,at DAL,rushYds,Hard Rock,123.5,under,97.69,-450,275,0.8182,0.7542,0.0848,0,0.7524,-0.0658,-0.0018,ev,multiplicative,live,202609270726D5A2,2026-09-22T17:47:03.773Z
2026,3,14371,Jordan Love,GB,QB,vs ATL,passTD,Caesars,3.5,over,1.48,675,,0.1290,0.1290,,1,0.0632,-0.0659,-0.0659,ev,none,live,202609250580A50A,2026-09-22T17:47:03.773Z
2026,3,17724,Ladd McConkey,LAC,WR,at BUF,recYds,Hard Rock,13.5,over,64.26,-3000,800,0.9677,0.8970,0.0789,0,0.9018,-0.0659,0.0048,ev,multiplicative,live,2026092763BB8AC8,2026-09-22T17:47:03.773Z
2026,3,17724,Ladd McConkey,LAC,WR,at BUF,receptions,BetRivers,2.5,over,4.77,-625,,0.8621,0.8621,,1,0.7961,-0.0660,-0.0660,ev,none,live,2026092763BB8AC8,2026-09-22T17:47:03.773Z
2026,3,12483,Josh Allen,BUF,QB,vs LAC,rushYds,Hard Rock,8.5,over,32.45,-3000,800,0.9677,0.8970,0.0789,0,0.9017,-0.0660,0.0047,ev,multiplicative,live,2026092763BB8AC8,2026-09-22T17:47:03.773Z
2026,3,12561,Lamar Jackson,BAL,QB,at DAL,passYds,Hard Rock,368.5,under,259.92,-9000,1750,0.9890,0.9482,0.0431,0,0.9230,-0.0660,-0.0252,ev,multiplicative,live,202609270726D5A2,2026-09-22T17:47:03.773Z
2026,3,12561,Lamar Jackson,BAL,QB,at DAL,rushAtt,Hard Rock,11.5,over,8.65,525,,0.1600,0.1600,,1,0.0940,-0.0660,-0.0660,ev,none,live,202609270726D5A2,2026-09-22T17:47:03.773Z
2026,3,17700,Michael Penix Jr.,ATL,QB,at GB,passYds,BetRivers,224.5,over,199.74,140,,0.4167,0.4167,,1,0.3506,-0.0661,-0.0661,ev,none,live,202609250580A50A,2026-09-22T17:47:03.773Z
2026,3,12483,Josh Allen,BUF,QB,vs LAC,passYds,DraftKings,189.5,over,256.07,-510,,0.8361,0.8361,,1,0.7700,-0.0661,-0.0661,ev,none,live,2026092763BB8AC8,2026-09-22T17:47:03.773Z
2026,3,16739,Bijan Robinson,ATL,RB,at GB,rushYds,Hard Rock,108.5,under,87.97,-375,250,0.7895,0.7343,0.0752,0,0.7234,-0.0661,-0.0108,ev,multiplicative,live,202609250580A50A,2026-09-22T17:47:03.773Z
2026,3,14411,CeeDee Lamb,DAL,WR,vs BAL,recYds,DraftKings,139.5,over,81.88,550,,0.1538,0.1538,,1,0.0877,-0.0662,-0.0662,ev,none,live,202609270726D5A2,2026-09-22T17:47:03.773Z
2026,3,14371,Jordan Love,GB,QB,vs ATL,passYds,Hard Rock,299.5,under,232.97,-850,450,0.8947,0.8311,0.0766,0,0.8285,-0.0662,-0.0026,ev,multiplicative,live,202609250580A50A,2026-09-22T17:47:03.773Z
2026,3,14446,Justin Herbert,LAC,QB,at BUF,passYds,Hard Rock,191.5,over,223.25,-260,180,0.7222,0.6691,0.0794,0,0.6558,-0.0664,-0.0133,ev,multiplicative,live,2026092763BB8AC8,2026-09-22T17:47:03.773Z
2026,3,15306,Javonte Williams,DAL,RB,vs BAL,rushYds,Hard Rock,24.5,over,63.83,-2200,700,0.9565,0.8844,0.0815,0,0.8901,-0.0664,0.0057,ev,multiplicative,live,202609270726D5A2,2026-09-22T17:47:03.773Z
2026,3,15868,Drake London,ATL,WR,at GB,recYds,BetRivers,59.5,over,61.67,-148,,0.5968,0.5968,,1,0.5303,-0.0665,-0.0665,ev,none,live,202609250580A50A,2026-09-22T17:47:03.773Z
2026,3,17700,Michael Penix Jr.,ATL,QB,at GB,passYds,Hard Rock,296.5,over,199.74,650,-2000,0.1333,0.1228,0.0857,0,0.0669,-0.0665,-0.0560,ev,multiplicative,live,202609250580A50A,2026-09-22T17:47:03.773Z
2026,3,14411,CeeDee Lamb,DAL,WR,vs BAL,recYds,Hard Rock,79.5,over,81.88,-145,105,0.5918,0.5482,0.0796,0,0.5254,-0.0665,-0.0228,ev,multiplicative,live,202609270726D5A2,2026-09-22T17:47:03.773Z
2026,3,15868,Drake London,ATL,WR,at GB,recYds,FanDuel,149.5,over,61.67,1397,,0.0668,0.0668,,1,0.0002,-0.0666,-0.0666,ev,none,live,202609250580A50A,2026-09-22T17:47:03.773Z
2026,3,14371,Jordan Love,GB,QB,vs ATL,rushYds,Hard Rock,38.5,over,14.63,1400,-7000,0.0667,0.0633,0.0526,0,0.0001,-0.0666,-0.0632,ev,multiplicative,live,202609250580A50A,2026-09-22T17:47:03.773Z
2026,3,16741,Chris Brooks,GB,RB,vs ATL,rushYds,Hard Rock,61.5,over,28.67,1400,-6000,0.0667,0.0635,0.0503,0,0.0000,-0.0666,-0.0635,ev,multiplicative,live,202609250580A50A,2026-09-22T17:47:03.773Z
2026,3,17700,Michael Penix Jr.,ATL,QB,at GB,passTD,theScore,0.5,over,1.15,-300,,0.7500,0.7500,,1,0.6834,-0.0666,-0.0666,ev,none,live,202609250580A50A,2026-09-22T17:47:03.773Z
2026,3,12483,Josh Allen,BUF,QB,vs LAC,passYds,Hard Rock,188.5,over,256.07,-525,325,0.8400,0.7812,0.0753,0,0.7734,-0.0666,-0.0078,ev,multiplicative,live,2026092763BB8AC8,2026-09-22T17:47:03.773Z
2026,3,18515,Kaleb Johnson,GB,RB,vs ATL,rushYds,FanDuel,124.5,over,21.07,1398,,0.0668,0.0668,,1,0.0001,-0.0667,-0.0667,ev,none,live,202609250580A50A,2026-09-22T17:47:03.773Z
2026,3,14411,CeeDee Lamb,DAL,WR,vs BAL,recYds,FanDuel,109.5,over,81.88,208,,0.3247,0.3247,,1,0.2580,-0.0667,-0.0667,ev,none,live,202609270726D5A2,2026-09-22T17:47:03.773Z
2026,3,15850,Jahan Dotson,ATL,WR,at GB,recYds,Hard Rock,79.5,over,17.4,1400,-7000,0.0667,0.0633,0.0526,0,0.0000,-0.0667,-0.0633,ev,multiplicative,live,202609250580A50A,2026-09-22T17:47:03.773Z
2026,3,15306,Javonte Williams,DAL,RB,vs BAL,rushAtt,Hard Rock,23.5,over,17.31,1400,,0.0667,0.0667,,1,0.0000,-0.0667,-0.0667,ev,none,live,202609270726D5A2,2026-09-22T17:47:03.773Z
2026,3,14446,Justin Herbert,LAC,QB,at BUF,rushYds,FanDuel,59.5,over,22.63,1398,,0.0668,0.0668,,1,0.0000,-0.0668,-0.0668,ev,none,live,2026092763BB8AC8,2026-09-22T17:47:03.773Z
2026,3,14446,Justin Herbert,LAC,QB,at BUF,passTD,DraftKings,0.5,over,1.37,-434,,0.8127,0.8127,,1,0.7459,-0.0668,-0.0668,ev,none,live,2026092763BB8AC8,2026-09-22T17:47:03.773Z
2026,3,16649,Tucker Kraft,GB,TE,vs ATL,recYds,Hard Rock,49.5,under,49.04,-135,100,0.5745,0.5347,0.0745,0,0.5076,-0.0668,-0.0270,ev,multiplicative,live,202609250580A50A,2026-09-22T17:47:03.773Z
2026,3,16899,Quentin Johnston,LAC,WR,at BUF,receptions,Caesars,2.5,over,2.74,-179,,0.6416,0.6416,,1,0.5747,-0.0669,-0.0669,ev,none,live,2026092763BB8AC8,2026-09-22T17:47:03.773Z
2026,3,11008,Dak Prescott,DAL,QB,vs BAL,passYds,Caesars,339.5,over,260.17,400,,0.2000,0.2000,,1,0.1331,-0.0669,-0.0669,ev,none,live,202609270726D5A2,2026-09-22T17:47:03.773Z
2026,3,14371,Jordan Love,GB,QB,vs ATL,passTD,BetRivers,2.5,over,1.48,295,,0.2532,0.2532,,1,0.1861,-0.0670,-0.0670,ev,none,live,202609250580A50A,2026-09-22T17:47:03.773Z
2026,3,12561,Lamar Jackson,BAL,QB,at DAL,passTD,DraftKings,1.5,over,1.77,-147,115,0.5951,0.5613,0.0603,0,0.5282,-0.0670,-0.0331,ev,multiplicative,live,202609270726D5A2,2026-09-22T17:47:03.773Z
2026,3,14411,CeeDee Lamb,DAL,WR,vs BAL,recYds,DraftKings,99.5,over,81.88,146,,0.4065,0.4065,,1,0.3393,-0.0672,-0.0672,ev,none,live,202609270726D5A2,2026-09-22T17:47:03.773Z
2026,3,17700,Michael Penix Jr.,ATL,QB,at GB,passYds,Hard Rock,274.5,over,199.74,425,-800,0.1905,0.1765,0.0794,0,0.1233,-0.0672,-0.0532,ev,multiplicative,live,202609250580A50A,2026-09-22T17:47:03.773Z
2026,3,11008,Dak Prescott,DAL,QB,vs BAL,passYds,Hard Rock,274.5,over,260.17,105,-145,0.4878,0.4518,0.0796,0,0.4204,-0.0674,-0.0314,ev,multiplicative,live,202609270726D5A2,2026-09-22T17:47:03.773Z
2026,3,17724,Ladd McConkey,LAC,WR,at BUF,recYds,FanDuel,109.5,over,64.26,696,,0.1256,0.1256,,1,0.0582,-0.0675,-0.0675,ev,none,live,2026092763BB8AC8,2026-09-22T17:47:03.773Z
2026,3,14371,Jordan Love,GB,QB,vs ATL,passYds,Hard Rock,297.5,under,232.97,-800,425,0.8889,0.8235,0.0794,0,0.8212,-0.0677,-0.0024,ev,multiplicative,live,202609250580A50A,2026-09-22T17:47:03.773Z
2026,3,17700,Michael Penix Jr.,ATL,QB,at GB,passYds,FanDuel,224.5,over,199.74,139,,0.4184,0.4184,,1,0.3506,-0.0678,-0.0678,ev,none,live,202609250580A50A,2026-09-22T17:47:03.773Z
2026,3,15868,Drake London,ATL,WR,at GB,recYds,Hard Rock,28.5,under,61.67,425,-800,0.1905,0.1765,0.0794,0,0.1226,-0.0679,-0.0539,ev,multiplicative,live,202609250580A50A,2026-09-22T17:47:03.773Z
2026,3,14411,CeeDee Lamb,DAL,WR,vs BAL,recYds,Hard Rock,90.5,over,81.88,105,-145,0.4878,0.4518,0.0796,0,0.4197,-0.0681,-0.0321,ev,multiplicative,live,202609270726D5A2,2026-09-22T17:47:03.773Z
2026,3,17700,Michael Penix Jr.,ATL,QB,at GB,passYds,DraftKings,199.5,over,199.74,-132,,0.5690,0.5690,,1,0.5008,-0.0682,-0.0682,ev,none,live,202609250580A50A,2026-09-22T17:47:03.773Z
2026,3,12483,Josh Allen,BUF,QB,vs LAC,passYds,Hard Rock,358.5,under,256.07,-6000,1400,0.9836,0.9365,0.0503,0,0.9154,-0.0682,-0.0212,ev,multiplicative,live,2026092763BB8AC8,2026-09-22T17:47:03.773Z
2026,3,15876,James Cook,BUF,RB,vs LAC,rushYds,Hard Rock,41.5,under,76.14,550,-1400,0.1538,0.1415,0.0872,0,0.0857,-0.0682,-0.0558,ev,multiplicative,live,2026092763BB8AC8,2026-09-22T17:47:03.773Z
2026,3,17700,Michael Penix Jr.,ATL,QB,at GB,passYds,FanDuel,205.5,over,199.74,-114,-114,0.5327,0.5000,0.0654,0,0.4644,-0.0683,-0.0356,ev,multiplicative,live,202609250580A50A,2026-09-22T17:47:03.773Z
2026,3,14371,Jordan Love,GB,QB,vs ATL,passTD,DraftKings,2.5,over,1.48,293,,0.2545,0.2545,,1,0.1861,-0.0683,-0.0683,ev,none,live,202609250580A50A,2026-09-22T17:47:03.773Z
2026,3,12561,Lamar Jackson,BAL,QB,at DAL,passYds,DraftKings,159.5,over,259.92,-1340,,0.9306,0.9306,,1,0.8622,-0.0683,-0.0683,ev,none,live,202609270726D5A2,2026-09-22T17:47:03.773Z
2026,3,15850,Jahan Dotson,ATL,WR,at GB,receptions,DraftKings,4.5,over,1.43,1080,,0.0847,0.0847,,1,0.0164,-0.0684,-0.0684,ev,none,live,202609250580A50A,2026-09-22T17:47:03.773Z
2026,3,18478,Tre Harris,LAC,WR,at BUF,recYds,theScore,59.5,over,34.63,550,,0.1538,0.1538,,1,0.0854,-0.0684,-0.0684,ev,none,live,2026092763BB8AC8,2026-09-22T17:47:03.773Z
2026,3,12483,Josh Allen,BUF,QB,vs LAC,rushYds,Caesars,33.5,over,32.45,-117,-113,0.5392,0.5040,0.0697,0,0.4707,-0.0685,-0.0334,ev,multiplicative,live,2026092763BB8AC8,2026-09-22T17:47:03.773Z
2026,3,15876,James Cook,BUF,RB,vs LAC,rushYds,BetRivers,59.5,over,76.14,-435,,0.8131,0.8131,,1,0.7444,-0.0686,-0.0686,ev,none,live,2026092763BB8AC8,2026-09-22T17:47:03.773Z
2026,3,16649,Tucker Kraft,GB,TE,vs ATL,recYds,Hard Rock,61.5,over,49.04,170,-250,0.3704,0.3415,0.0847,0,0.3017,-0.0686,-0.0397,ev,multiplicative,live,202609250580A50A,2026-09-22T17:47:03.773Z
2026,3,17724,Ladd McConkey,LAC,WR,at BUF,recYds,Hard Rock,28.5,under,64.26,300,-500,0.2500,0.2308,0.0833,0,0.1814,-0.0686,-0.0494,ev,multiplicative,live,2026092763BB8AC8,2026-09-22T17:47:03.773Z
2026,3,14411,CeeDee Lamb,DAL,WR,vs BAL,recYds,Hard Rock,80.5,over,81.88,-140,105,0.5833,0.5446,0.0711,0,0.5147,-0.0686,-0.0299,ev,multiplicative,live,202609270726D5A2,2026-09-22T17:47:03.773Z
2026,3,17700,Michael Penix Jr.,ATL,QB,at GB,passYds,Hard Rock,246.5,over,199.74,230,-350,0.3030,0.2804,0.0808,0,0.2343,-0.0687,-0.0461,ev,multiplicative,live,202609250580A50A,2026-09-22T17:47:03.773Z
2026,3,16739,Bijan Robinson,ATL,RB,at GB,rushAtt,DraftKings,23.5,over,18.91,405,,0.1980,0.1980,,1,0.1293,-0.0688,-0.0688,ev,none,live,202609250580A50A,2026-09-22T17:47:03.773Z
2026,3,12561,Lamar Jackson,BAL,QB,at DAL,passYds,Hard Rock,208.5,under,259.92,180,-260,0.3571,0.3309,0.0794,0,0.2883,-0.0688,-0.0426,ev,multiplicative,live,202609270726D5A2,2026-09-22T17:47:03.773Z
2026,3,14411,CeeDee Lamb,DAL,WR,vs BAL,recYds,Hard Rock,85.5,over,81.88,-115,-115,0.5349,0.5000,0.0698,0,0.4661,-0.0688,-0.0339,ev,multiplicative,live,202609270726D5A2,2026-09-22T17:47:03.773Z
2026,3,11008,Dak Prescott,DAL,QB,vs BAL,passTD,BetRivers,2.5,over,1.57,260,,0.2778,0.2778,,1,0.2089,-0.0689,-0.0689,ev,none,live,202609270726D5A2,2026-09-22T17:47:03.773Z
2026,3,16741,Chris Brooks,GB,RB,vs ATL,recYds,Hard Rock,37.5,over,9.58,1300,-6000,0.0714,0.0677,0.0550,0,0.0026,-0.0689,-0.0651,ev,multiplicative,live,202609250580A50A,2026-09-22T17:47:03.773Z
2026,3,15876,James Cook,BUF,RB,vs LAC,rushYds,Hard Rock,39.5,under,76.14,600,-1600,0.1429,0.1318,0.0840,0,0.0740,-0.0689,-0.0578,ev,multiplicative,live,2026092763BB8AC8,2026-09-22T17:47:03.773Z
2026,3,11008,Dak Prescott,DAL,QB,vs BAL,passTD,theScore,2.5,over,1.57,260,,0.2778,0.2778,,1,0.2089,-0.0689,-0.0689,ev,none,live,202609270726D5A2,2026-09-22T17:47:03.773Z
2026,3,15853,George Pickens,DAL,WR,vs BAL,receptions,Hard Rock,4.5,over,4.89,-180,130,0.6429,0.5965,0.0776,0,0.5740,-0.0689,-0.0225,ev,multiplicative,live,202609270726D5A2,2026-09-22T17:47:03.773Z
2026,3,10819,Derrick Henry,BAL,RB,at DAL,rushYds,Hard Rock,118.5,under,97.69,-350,240,0.7778,0.7256,0.0719,0,0.7088,-0.0689,-0.0168,ev,multiplicative,live,202609270726D5A2,2026-09-22T17:47:03.773Z
2026,3,16649,Tucker Kraft,GB,TE,vs ATL,recYds,DraftKings,46.5,under,49.04,-111,-112,0.5261,0.4989,0.0544,0,0.4571,-0.0690,-0.0419,ev,multiplicative,live,202609250580A50A,2026-09-22T17:47:03.773Z
2026,3,17724,Ladd McConkey,LAC,WR,at BUF,receptions,Caesars,1.5,over,4.77,-2000,,0.9524,0.9524,,1,0.8834,-0.0690,-0.0690,ev,none,live,2026092763BB8AC8,2026-09-22T17:47:03.773Z
2026,3,18500,Matthew Golden,GB,WR,vs ATL,recYds,Hard Rock,32.5,over,52.68,-350,225,0.7778,0.7165,0.0855,0,0.7088,-0.0690,-0.0077,ev,multiplicative,live,202609250580A50A,2026-09-22T17:47:03.773Z
2026,3,17795,MarShawn Lloyd,GB,RB,vs ATL,rushYds,Hard Rock,13.5,under,45.05,350,-575,0.2222,0.2069,0.0741,0,0.1531,-0.0691,-0.0538,ev,multiplicative,live,202609250580A50A,2026-09-22T17:47:03.773Z
2026,3,18515,Kaleb Johnson,GB,RB,vs ATL,rushYds,Hard Rock,87.5,over,21.07,1200,-5000,0.0769,0.0728,0.0573,0,0.0077,-0.0692,-0.0651,ev,multiplicative,live,202609250580A50A,2026-09-22T17:47:03.773Z
2026,3,11008,Dak Prescott,DAL,QB,vs BAL,passYds,DraftKings,289.5,over,260.17,144,,0.4098,0.4098,,1,0.3405,-0.0693,-0.0693,ev,none,live,202609270726D5A2,2026-09-22T17:47:03.773Z
2026,3,14371,Jordan Love,GB,QB,vs ATL,rushYds,DraftKings,39.5,over,14.63,1340,,0.0694,0.0694,,1,0.0000,-0.0694,-0.0694,ev,none,live,202609250580A50A,2026-09-22T17:47:03.773Z
2026,3,12561,Lamar Jackson,BAL,QB,at DAL,passYds,Hard Rock,168.5,over,259.92,-1000,475,0.9091,0.8394,0.0830,0,0.8396,-0.0695,0.0001,ev,multiplicative,live,202609270726D5A2,2026-09-22T17:47:03.773Z
2026,3,14446,Justin Herbert,LAC,QB,at BUF,passTD,FanDuel,0.5,over,1.37,-442,,0.8155,0.8155,,1,0.7459,-0.0696,-0.0696,ev,none,live,2026092763BB8AC8,2026-09-22T17:47:03.773Z
2026,3,15876,James Cook,BUF,RB,vs LAC,rushYds,Hard Rock,46.5,under,76.14,425,-800,0.1905,0.1765,0.0794,0,0.1209,-0.0696,-0.0556,ev,multiplicative,live,2026092763BB8AC8,2026-09-22T17:47:03.773Z
2026,3,11008,Dak Prescott,DAL,QB,vs BAL,passYds,Caesars,329.5,over,260.17,325,,0.2353,0.2353,,1,0.1656,-0.0697,-0.0697,ev,none,live,202609270726D5A2,2026-09-22T17:47:03.773Z
2026,3,12477,DJ Moore,BUF,WR,vs LAC,recYds,Hard Rock,79.5,under,52.56,-525,300,0.8400,0.7706,0.0900,0,0.7703,-0.0697,-0.0003,ev,multiplicative,live,2026092763BB8AC8,2026-09-22T17:47:03.773Z
2026,3,15850,Jahan Dotson,ATL,WR,at GB,recYds,FanDuel,9.5,over,17.4,-281,,0.7375,0.7375,,1,0.6677,-0.0698,-0.0698,ev,none,live,202609250580A50A,2026-09-22T17:47:03.773Z
2026,3,11008,Dak Prescott,DAL,QB,vs BAL,passYds,BetRivers,274.5,over,260.17,104,,0.4902,0.4902,,1,0.4204,-0.0698,-0.0698,ev,none,live,202609270726D5A2,2026-09-22T17:47:03.773Z
2026,3,12483,Josh Allen,BUF,QB,vs LAC,passYds,Hard Rock,218.5,under,256.07,145,-200,0.4082,0.3797,0.0748,0,0.3383,-0.0698,-0.0414,ev,multiplicative,live,2026092763BB8AC8,2026-09-22T17:47:03.773Z
2026,3,14411,CeeDee Lamb,DAL,WR,vs BAL,recYds,BetRivers,109.5,over,81.88,205,,0.3279,0.3279,,1,0.2580,-0.0699,-0.0699,ev,none,live,202609270726D5A2,2026-09-22T17:47:03.773Z
2026,3,14411,CeeDee Lamb,DAL,WR,vs BAL,receptions,BetRivers,7.5,over,5.87,133,,0.4292,0.4292,,1,0.3592,-0.0699,-0.0699,ev,none,live,202609270726D5A2,2026-09-22T17:47:03.773Z
2026,3,15868,Drake London,ATL,WR,at GB,recYds,Hard Rock,64.5,over,61.67,-110,-125,0.5238,0.4853,0.0794,0,0.4539,-0.0699,-0.0314,ev,multiplicative,live,202609250580A50A,2026-09-22T17:47:03.773Z
2026,3,15876,James Cook,BUF,RB,vs LAC,rushYds,Hard Rock,51.5,under,76.14,325,-550,0.2353,0.2176,0.0814,0,0.1653,-0.0700,-0.0523,ev,multiplicative,live,2026092763BB8AC8,2026-09-22T17:47:03.773Z
2026,3,15946,Christian Watson,GB,WR,vs ATL,recYds,BetRivers,65.5,under,69.75,-114,-115,0.5327,0.4990,0.0676,0,0.4626,-0.0701,-0.0363,ev,multiplicative,live,202609250580A50A,2026-09-22T17:47:03.773Z
2026,3,15946,Christian Watson,GB,WR,vs ATL,recYds,Caesars,65.5,under,69.75,-114,-115,0.5327,0.4990,0.0676,0,0.4626,-0.0701,-0.0363,ev,multiplicative,live,202609250580A50A,2026-09-22T17:47:03.773Z
2026,3,14411,CeeDee Lamb,DAL,WR,vs BAL,recYds,Hard Rock,95.5,over,81.88,125,-170,0.4444,0.4138,0.0741,0,0.3744,-0.0701,-0.0394,ev,multiplicative,live,202609270726D5A2,2026-09-22T17:47:03.773Z
2026,3,14446,Justin Herbert,LAC,QB,at BUF,passYds,FanDuel,174.5,over,223.25,-403,,0.8012,0.8012,,1,0.7310,-0.0702,-0.0702,ev,none,live,2026092763BB8AC8,2026-09-22T17:47:03.773Z
2026,3,17724,Ladd McConkey,LAC,WR,at BUF,recYds,Hard Rock,83.5,under,64.26,-450,275,0.8182,0.7542,0.0848,0,0.7479,-0.0703,-0.0063,ev,multiplicative,live,2026092763BB8AC8,2026-09-22T17:47:03.773Z
2026,3,12561,Lamar Jackson,BAL,QB,at DAL,passTD,Hard Rock,0.5,over,1.77,-900,,0.9000,0.9000,,1,0.8297,-0.0703,-0.0703,ev,none,live,202609270726D5A2,2026-09-22T17:47:03.773Z
2026,3,15946,Christian Watson,GB,WR,vs ATL,recYds,Caesars,39.5,over,69.75,-450,,0.8182,0.8182,,1,0.7478,-0.0704,-0.0704,ev,none,live,202609250580A50A,2026-09-22T17:47:03.773Z
2026,3,11008,Dak Prescott,DAL,QB,vs BAL,rushAtt,DraftKings,7.5,over,2.62,1320,,0.0704,0.0704,,1,0.0000,-0.0704,-0.0704,ev,none,live,202609270726D5A2,2026-09-22T17:47:03.773Z
2026,3,15946,Christian Watson,GB,WR,vs ATL,recYds,Hard Rock,39.5,over,69.75,-450,275,0.8182,0.7542,0.0848,0,0.7478,-0.0704,-0.0064,ev,multiplicative,live,202609250580A50A,2026-09-22T17:47:03.773Z
2026,3,15946,Christian Watson,GB,WR,vs ATL,recYds,theScore,39.5,over,69.75,-450,,0.8182,0.8182,,1,0.7478,-0.0704,-0.0704,ev,none,live,202609250580A50A,2026-09-22T17:47:03.773Z
2026,3,12561,Lamar Jackson,BAL,QB,at DAL,passAtt,Hard Rock,29.5,over,28.71,-105,-125,0.5122,0.4797,0.0678,0,0.4418,-0.0704,-0.0379,ev,multiplicative,live,202609270726D5A2,2026-09-22T17:47:03.773Z
2026,3,17700,Michael Penix Jr.,ATL,QB,at GB,passYds,Caesars,205.5,over,199.74,-115,-114,0.5349,0.5010,0.0676,0,0.4644,-0.0705,-0.0366,ev,multiplicative,live,202609250580A50A,2026-09-22T17:47:03.773Z
2026,3,16739,Bijan Robinson,ATL,RB,at GB,rushAtt,DraftKings,27.5,over,18.91,1040,,0.0877,0.0877,,1,0.0172,-0.0705,-0.0705,ev,none,live,202609250580A50A,2026-09-22T17:47:03.773Z
2026,3,17724,Ladd McConkey,LAC,WR,at BUF,receptions,Hard Rock,3.5,under,4.77,155,-225,0.3922,0.3616,0.0845,0,0.3217,-0.0705,-0.0399,ev,multiplicative,live,2026092763BB8AC8,2026-09-22T17:47:03.773Z
2026,3,15265,Kyle Pitts,ATL,TE,at GB,recYds,Caesars,49.5,over,40.08,164,,0.3788,0.3788,,1,0.3082,-0.0706,-0.0706,ev,none,live,202609250580A50A,2026-09-22T17:47:03.773Z
2026,3,11008,Dak Prescott,DAL,QB,vs BAL,passAtt,DraftKings,49.5,over,35.07,1220,,0.0758,0.0758,,1,0.0051,-0.0706,-0.0706,ev,none,live,202609270726D5A2,2026-09-22T17:47:03.773Z
2026,3,15265,Kyle Pitts,ATL,TE,at GB,recYds,Hard Rock,99.5,over,40.08,1300,-6000,0.0714,0.0677,0.0550,0,0.0008,-0.0706,-0.0669,ev,multiplicative,live,202609250580A50A,2026-09-22T17:47:03.773Z
2026,3,16739,Bijan Robinson,ATL,RB,at GB,rushAtt,Hard Rock,23.5,over,18.91,400,,0.2000,0.2000,,1,0.1293,-0.0707,-0.0707,ev,none,live,202609250580A50A,2026-09-22T17:47:03.773Z
2026,3,14446,Justin Herbert,LAC,QB,at BUF,passYds,FanDuel,149.5,over,223.25,-853,,0.8951,0.8951,,1,0.8243,-0.0708,-0.0708,ev,none,live,2026092763BB8AC8,2026-09-22T17:47:03.773Z
2026,3,16899,Quentin Johnston,LAC,WR,at BUF,recYds,Hard Rock,85.5,under,42.06,-2000,700,0.9524,0.8840,0.0774,0,0.8816,-0.0708,-0.0024,ev,multiplicative,live,2026092763BB8AC8,2026-09-22T17:47:03.773Z
2026,3,12483,Josh Allen,BUF,QB,vs LAC,rushYds,Hard Rock,79.5,over,32.45,1300,-6000,0.0714,0.0677,0.0550,0,0.0005,-0.0709,-0.0672,ev,multiplicative,live,2026092763BB8AC8,2026-09-22T17:47:03.773Z
2026,3,12477,DJ Moore,BUF,WR,vs LAC,recYds,Hard Rock,69.5,under,52.56,-300,210,0.7500,0.6992,0.0726,0,0.6791,-0.0709,-0.0201,ev,multiplicative,live,2026092763BB8AC8,2026-09-22T17:47:03.773Z
2026,3,14411,CeeDee Lamb,DAL,WR,vs BAL,recYds,DraftKings,109.5,over,81.88,204,,0.3289,0.3289,,1,0.2580,-0.0710,-0.0710,ev,none,live,202609270726D5A2,2026-09-22T17:47:03.773Z
2026,3,14411,CeeDee Lamb,DAL,WR,vs BAL,recYds,DraftKings,129.5,over,81.88,394,,0.2024,0.2024,,1,0.1314,-0.0711,-0.0711,ev,none,live,202609270726D5A2,2026-09-22T17:47:03.773Z
2026,3,15868,Drake London,ATL,WR,at GB,recYds,Hard Rock,43.5,under,61.67,200,-300,0.3333,0.3077,0.0833,0,0.2622,-0.0712,-0.0455,ev,multiplicative,live,202609250580A50A,2026-09-22T17:47:03.773Z
2026,3,15946,Christian Watson,GB,WR,vs ATL,recYds,Hard Rock,38.5,over,69.75,-475,300,0.8261,0.7677,0.0761,0,0.7547,-0.0713,-0.0129,ev,multiplicative,live,202609250580A50A,2026-09-22T17:47:03.773Z
2026,3,14411,CeeDee Lamb,DAL,WR,vs BAL,recYds,Caesars,79.5,over,81.88,-148,,0.5968,0.5968,,1,0.5254,-0.0714,-0.0714,ev,none,live,202609270726D5A2,2026-09-22T17:47:03.773Z
2026,3,15947,Jake Ferguson,DAL,TE,vs BAL,recYds,Hard Rock,72.5,over,34.7,1200,-5000,0.0769,0.0728,0.0573,0,0.0054,-0.0715,-0.0674,ev,multiplicative,live,202609270726D5A2,2026-09-22T17:47:03.773Z
2026,3,14411,CeeDee Lamb,DAL,WR,vs BAL,recYds,DraftKings,119.5,over,81.88,285,,0.2597,0.2597,,1,0.1881,-0.0716,-0.0716,ev,none,live,202609270726D5A2,2026-09-22T17:47:03.773Z
2026,3,15306,Javonte Williams,DAL,RB,vs BAL,rushYds,Hard Rock,44.5,under,63.83,190,-275,0.3448,0.3198,0.0782,0,0.2732,-0.0716,-0.0466,ev,multiplicative,live,202609270726D5A2,2026-09-22T17:47:03.773Z
2026,3,17700,Michael Penix Jr.,ATL,QB,at GB,passYds,Caesars,199.5,over,199.74,-134,,0.5726,0.5726,,1,0.5008,-0.0718,-0.0718,ev,none,live,202609250580A50A,2026-09-22T17:47:03.773Z
2026,3,16649,Tucker Kraft,GB,TE,vs ATL,receptions,Hard Rock,5.5,under,3.83,-425,260,0.8095,0.7445,0.0873,0,0.7377,-0.0718,-0.0068,ev,multiplicative,live,202609250580A50A,2026-09-22T17:47:03.773Z
2026,3,17700,Michael Penix Jr.,ATL,QB,at GB,passYds,Hard Rock,266.5,over,199.74,350,-650,0.2222,0.2041,0.0889,0,0.1504,-0.0718,-0.0537,ev,multiplicative,live,202609250580A50A,2026-09-22T17:47:03.773Z
2026,3,18445,Omarion Hampton,LAC,RB,at BUF,rushAtt,BetRivers,15.5,over,14.54,102,,0.4950,0.4950,,1,0.4231,-0.0719,-0.0719,ev,none,live,2026092763BB8AC8,2026-09-22T17:47:03.773Z
2026,3,16899,Quentin Johnston,LAC,WR,at BUF,receptions,Caesars,3.5,under,2.74,-190,140,0.6552,0.6113,0.0718,0,0.5832,-0.0720,-0.0281,ev,multiplicative,live,2026092763BB8AC8,2026-09-22T17:47:03.773Z
2026,3,16741,Chris Brooks,GB,RB,vs ATL,recYds,Hard Rock,17.5,over,9.58,250,-400,0.2857,0.2632,0.0857,0,0.2137,-0.0720,-0.0495,ev,multiplicative,live,202609250580A50A,2026-09-22T17:47:03.773Z
2026,3,14371,Jordan Love,GB,QB,vs ATL,rushYds,Caesars,19.5,over,14.63,240,,0.2941,0.2941,,1,0.2219,-0.0722,-0.0722,ev,none,live,202609250580A50A,2026-09-22T17:47:03.773Z
2026,3,14371,Jordan Love,GB,QB,vs ATL,passTD,FanDuel,2.5,over,1.48,287,,0.2584,0.2584,,1,0.1861,-0.0722,-0.0722,ev,none,live,202609250580A50A,2026-09-22T17:47:03.773Z
2026,3,16741,Chris Brooks,GB,RB,vs ATL,recYds,Caesars,29.5,over,9.58,950,,0.0952,0.0952,,1,0.0229,-0.0723,-0.0723,ev,none,live,202609250580A50A,2026-09-22T17:47:03.773Z
2026,3,14446,Justin Herbert,LAC,QB,at BUF,passTD,theScore,0.5,over,1.37,-450,,0.8182,0.8182,,1,0.7459,-0.0723,-0.0723,ev,none,live,2026092763BB8AC8,2026-09-22T17:47:03.773Z
2026,3,15868,Drake London,ATL,WR,at GB,receptions,Hard Rock,3.5,over,4.64,-400,260,0.8000,0.7423,0.0778,0,0.7276,-0.0724,-0.0147,ev,multiplicative,live,202609250580A50A,2026-09-22T17:47:03.773Z
2026,3,16649,Tucker Kraft,GB,TE,vs ATL,receptions,Hard Rock,2.5,under,3.83,260,-400,0.2778,0.2577,0.0778,0,0.2053,-0.0725,-0.0525,ev,multiplicative,live,202609250580A50A,2026-09-22T17:47:03.773Z
2026,3,14411,CeeDee Lamb,DAL,WR,vs BAL,recYds,FanDuel,149.5,over,81.88,678,,0.1285,0.1285,,1,0.0559,-0.0726,-0.0726,ev,none,live,202609270726D5A2,2026-09-22T17:47:03.773Z
2026,3,11008,Dak Prescott,DAL,QB,vs BAL,completions,DraftKings,31.5,over,22.43,515,,0.1626,0.1626,,1,0.0899,-0.0727,-0.0727,ev,none,live,202609270726D5A2,2026-09-22T17:47:03.773Z
2026,3,17700,Michael Penix Jr.,ATL,QB,at GB,passYds,Hard Rock,236.5,over,199.74,180,-260,0.3571,0.3309,0.0794,0,0.2844,-0.0727,-0.0464,ev,multiplicative,live,202609250580A50A,2026-09-22T17:47:03.773Z
2026,3,18445,Omarion Hampton,LAC,RB,at BUF,rushAtt,BetRivers,14.5,over,14.54,-136,,0.5763,0.5763,,1,0.5035,-0.0728,-0.0728,ev,none,live,2026092763BB8AC8,2026-09-22T17:47:03.773Z
2026,3,15265,Kyle Pitts,ATL,TE,at GB,recYds,Caesars,79.5,over,40.08,1000,,0.0909,0.0909,,1,0.0180,-0.0729,-0.0729,ev,none,live,202609250580A50A,2026-09-22T17:47:03.773Z
2026,3,15265,Kyle Pitts,ATL,TE,at GB,recYds,FanDuel,89.5,over,40.08,1196,,0.0772,0.0772,,1,0.0043,-0.0729,-0.0729,ev,none,live,202609250580A50A,2026-09-22T17:47:03.773Z
2026,3,12561,Lamar Jackson,BAL,QB,at DAL,rushYds,Hard Rock,81.5,under,52.86,-4000,900,0.9756,0.9070,0.0756,0,0.9027,-0.0729,-0.0043,ev,multiplicative,live,202609270726D5A2,2026-09-22T17:47:03.773Z
2026,3,18500,Matthew Golden,GB,WR,vs ATL,recYds,FanDuel,29.5,over,52.68,-424,,0.8092,0.8092,,1,0.7362,-0.0730,-0.0730,ev,none,live,202609250580A50A,2026-09-22T17:47:03.773Z
2026,3,15946,Christian Watson,GB,WR,vs ATL,recYds,DraftKings,14.5,over,69.75,-2500,,0.9615,0.9615,,1,0.8886,-0.0730,-0.0730,ev,none,live,202609250580A50A,2026-09-22T17:47:03.773Z
2026,3,18500,Matthew Golden,GB,WR,vs ATL,receptions,BetRivers,3.5,over,4,-186,,0.6503,0.6503,,1,0.5773,-0.0731,-0.0731,ev,none,live,202609250580A50A,2026-09-22T17:47:03.773Z
2026,3,15850,Jahan Dotson,ATL,WR,at GB,recYds,Hard Rock,14.5,over,17.4,-175,130,0.6364,0.5941,0.0711,0,0.5632,-0.0731,-0.0309,ev,multiplicative,live,202609250580A50A,2026-09-22T17:47:03.773Z
2026,3,16741,Chris Brooks,GB,RB,vs ATL,recYds,DraftKings,39.5,over,9.58,1240,,0.0746,0.0746,,1,0.0014,-0.0733,-0.0733,ev,none,live,202609250580A50A,2026-09-22T17:47:03.773Z
2026,3,15876,James Cook,BUF,RB,vs LAC,rushYds,DraftKings,149.5,over,76.14,1100,,0.0833,0.0833,,1,0.0101,-0.0733,-0.0733,ev,none,live,2026092763BB8AC8,2026-09-22T17:47:03.773Z
2026,3,12477,DJ Moore,BUF,WR,vs LAC,recYds,Hard Rock,74.5,under,52.56,-400,260,0.8000,0.7423,0.0778,0,0.7266,-0.0734,-0.0157,ev,multiplicative,live,2026092763BB8AC8,2026-09-22T17:47:03.773Z
2026,3,15947,Jake Ferguson,DAL,TE,vs BAL,recYds,Caesars,49.5,over,34.7,330,,0.2326,0.2326,,1,0.1591,-0.0735,-0.0735,ev,none,live,202609270726D5A2,2026-09-22T17:47:03.773Z
2026,3,15946,Christian Watson,GB,WR,vs ATL,receptions,Hard Rock,6.5,under,3.95,-475,300,0.8261,0.7677,0.0761,0,0.7525,-0.0735,-0.0151,ev,multiplicative,live,202609250580A50A,2026-09-22T17:47:03.773Z
2026,3,15868,Drake London,ATL,WR,at GB,recYds,Hard Rock,33.5,under,61.67,325,-550,0.2353,0.2176,0.0814,0,0.1618,-0.0735,-0.0558,ev,multiplicative,live,202609250580A50A,2026-09-22T17:47:03.773Z
2026,3,17700,Michael Penix Jr.,ATL,QB,at GB,passYds,Caesars,279.5,over,199.74,450,,0.1818,0.1818,,1,0.1082,-0.0736,-0.0736,ev,none,live,202609250580A50A,2026-09-22T17:47:03.773Z
2026,3,14446,Justin Herbert,LAC,QB,at BUF,passYds,DraftKings,169.5,over,223.25,-472,,0.8252,0.8252,,1,0.7514,-0.0737,-0.0737,ev,none,live,2026092763BB8AC8,2026-09-22T17:47:03.773Z
2026,3,15265,Kyle Pitts,ATL,TE,at GB,recYds,Hard Rock,5.5,under,40.08,800,-3000,0.1111,0.1030,0.0789,0,0.0374,-0.0737,-0.0656,ev,multiplicative,live,202609250580A50A,2026-09-22T17:47:03.773Z
2026,3,17700,Michael Penix Jr.,ATL,QB,at GB,passYds,Hard Rock,249.5,over,199.74,240,-375,0.2941,0.2714,0.0836,0,0.2203,-0.0738,-0.0511,ev,multiplicative,live,202609250580A50A,2026-09-22T17:47:03.773Z
2026,3,15868,Drake London,ATL,WR,at GB,receptions,FanDuel,3.5,over,4.64,-404,,0.8016,0.8016,,1,0.7276,-0.0740,-0.0740,ev,none,live,202609250580A50A,2026-09-22T17:47:03.773Z
2026,3,18500,Matthew Golden,GB,WR,vs ATL,recYds,theScore,39.5,over,52.68,-250,,0.7143,0.7143,,1,0.6403,-0.0740,-0.0740,ev,none,live,202609250580A50A,2026-09-22T17:47:03.773Z
2026,3,15306,Javonte Williams,DAL,RB,vs BAL,rushYds,BetRivers,60.5,under,63.83,-114,-117,0.5327,0.4970,0.0719,0,0.4586,-0.0741,-0.0384,ev,multiplicative,live,202609270726D5A2,2026-09-22T17:47:03.773Z
2026,3,12561,Lamar Jackson,BAL,QB,at DAL,passYds,Hard Rock,138.5,over,259.92,-5000,1100,0.9804,0.9217,0.0637,0,0.9063,-0.0741,-0.0154,ev,multiplicative,live,202609270726D5A2,2026-09-22T17:47:03.773Z
2026,3,14371,Jordan Love,GB,QB,vs ATL,passYds,Hard Rock,237.5,under,232.97,-150,110,0.6000,0.5575,0.0762,0,0.5257,-0.0743,-0.0318,ev,multiplicative,live,202609250580A50A,2026-09-22T17:47:03.773Z
2026,3,14411,CeeDee Lamb,DAL,WR,vs BAL,receptions,Hard Rock,11.5,under,5.87,-3000,850,0.9677,0.9019,0.0730,0,0.8934,-0.0743,-0.0085,ev,multiplicative,live,202609270726D5A2,2026-09-22T17:47:03.773Z
2026,3,17700,Michael Penix Jr.,ATL,QB,at GB,passYds,BetRivers,206.5,over,199.74,-114,-117,0.5327,0.4970,0.0719,0,0.4583,-0.0744,-0.0387,ev,multiplicative,live,202609250580A50A,2026-09-22T17:47:03.773Z
2026,3,15868,Drake London,ATL,WR,at GB,recYds,DraftKings,64.5,over,61.67,-112,-112,0.5283,0.5000,0.0566,0,0.4539,-0.0744,-0.0461,ev,multiplicative,live,202609250580A50A,2026-09-22T17:47:03.773Z
2026,3,14446,Justin Herbert,LAC,QB,at BUF,passYds,theScore,199.5,over,223.25,-225,,0.6923,0.6923,,1,0.6179,-0.0744,-0.0744,ev,none,live,2026092763BB8AC8,2026-09-22T17:47:03.773Z
2026,3,15850,Jahan Dotson,ATL,WR,at GB,recYds,FanDuel,14.5,over,17.4,-176,,0.6377,0.6377,,1,0.5632,-0.0745,-0.0745,ev,none,live,202609250580A50A,2026-09-22T17:47:03.773Z
2026,3,16899,Quentin Johnston,LAC,WR,at BUF,receptions,DraftKings,2.5,over,2.74,-185,,0.6491,0.6491,,1,0.5747,-0.0745,-0.0745,ev,none,live,2026092763BB8AC8,2026-09-22T17:47:03.773Z
2026,3,16899,Quentin Johnston,LAC,WR,at BUF,receptions,Hard Rock,2.5,over,2.74,-185,135,0.6491,0.6040,0.0747,0,0.5747,-0.0745,-0.0294,ev,multiplicative,live,2026092763BB8AC8,2026-09-22T17:47:03.773Z
2026,3,17700,Michael Penix Jr.,ATL,QB,at GB,passYds,FanDuel,249.5,over,199.74,239,,0.2950,0.2950,,1,0.2203,-0.0747,-0.0747,ev,none,live,202609250580A50A,2026-09-22T17:47:03.773Z
2026,3,12561,Lamar Jackson,BAL,QB,at DAL,passAtt,DraftKings,31.5,over,28.71,165,,0.3774,0.3774,,1,0.3026,-0.0748,-0.0748,ev,none,live,202609270726D5A2,2026-09-22T17:47:03.773Z
2026,3,11008,Dak Prescott,DAL,QB,vs BAL,passYds,Caesars,319.5,over,260.17,260,,0.2778,0.2778,,1,0.2029,-0.0749,-0.0749,ev,none,live,202609270726D5A2,2026-09-22T17:47:03.773Z
2026,3,17700,Michael Penix Jr.,ATL,QB,at GB,passYds,Hard Rock,224.5,over,199.74,135,-190,0.4255,0.3938,0.0807,0,0.3506,-0.0749,-0.0432,ev,multiplicative,live,202609250580A50A,2026-09-22T17:47:03.773Z
2026,3,17700,Michael Penix Jr.,ATL,QB,at GB,passYds,theScore,224.5,over,199.74,135,,0.4255,0.4255,,1,0.3506,-0.0749,-0.0749,ev,none,live,202609250580A50A,2026-09-22T17:47:03.773Z
2026,3,14411,CeeDee Lamb,DAL,WR,vs BAL,recYds,BetRivers,119.5,over,81.88,280,,0.2632,0.2632,,1,0.1881,-0.0750,-0.0750,ev,none,live,202609270726D5A2,2026-09-22T17:47:03.773Z
2026,3,15306,Javonte Williams,DAL,RB,vs BAL,rushYds,Hard Rock,64.5,under,63.83,-150,110,0.6000,0.5575,0.0762,0,0.5250,-0.0750,-0.0325,ev,multiplicative,live,202609270726D5A2,2026-09-22T17:47:03.773Z
2026,3,15907,Brian Robinson Jr.,ATL,RB,at GB,rushYds,Hard Rock,7.5,under,22,475,-950,0.1739,0.1612,0.0787,0,0.0988,-0.0751,-0.0625,ev,multiplicative,live,202609250580A50A,2026-09-22T17:47:03.773Z
2026,3,14371,Jordan Love,GB,QB,vs ATL,passYds,BetRivers,199.5,over,232.97,-265,,0.7260,0.7260,,1,0.6508,-0.0752,-0.0752,ev,none,live,202609250580A50A,2026-09-22T17:47:03.773Z
2026,3,14446,Justin Herbert,LAC,QB,at BUF,rushYds,Hard Rock,4.5,under,22.63,575,-1400,0.1481,0.1370,0.0815,0,0.0730,-0.0752,-0.0640,ev,multiplicative,live,2026092763BB8AC8,2026-09-22T17:47:03.773Z
2026,3,11008,Dak Prescott,DAL,QB,vs BAL,rushYds,Hard Rock,7.5,over,9.5,-250,175,0.7143,0.6627,0.0779,0,0.6391,-0.0752,-0.0236,ev,multiplicative,live,202609270726D5A2,2026-09-22T17:47:03.773Z
2026,3,14371,Jordan Love,GB,QB,vs ATL,passYds,theScore,174.5,over,232.97,-475,,0.8261,0.8261,,1,0.7508,-0.0753,-0.0753,ev,none,live,202609250580A50A,2026-09-22T17:47:03.773Z
2026,3,15868,Drake London,ATL,WR,at GB,receptions,FanDuel,5.5,over,4.64,116,-154,0.4630,0.4330,0.0693,0,0.3875,-0.0754,-0.0454,ev,multiplicative,live,202609250580A50A,2026-09-22T17:47:03.773Z
2026,3,14371,Jordan Love,GB,QB,vs ATL,passYds,DraftKings,189.5,over,232.97,-331,,0.7680,0.7680,,1,0.6926,-0.0754,-0.0754,ev,none,live,202609250580A50A,2026-09-22T17:47:03.773Z
2026,3,15946,Christian Watson,GB,WR,vs ATL,recYds,theScore,67.5,under,69.75,-125,-105,0.5556,0.5203,0.0678,0,0.4802,-0.0754,-0.0401,ev,multiplicative,live,202609250580A50A,2026-09-22T17:47:03.773Z
2026,3,15868,Drake London,ATL,WR,at GB,recYds,Hard Rock,39.5,under,61.67,240,-375,0.2941,0.2714,0.0836,0,0.2186,-0.0755,-0.0528,ev,multiplicative,live,202609250580A50A,2026-09-22T17:47:03.773Z
2026,3,16649,Tucker Kraft,GB,TE,vs ATL,recYds,FanDuel,46.5,under,49.04,-114,-114,0.5327,0.5000,0.0654,0,0.4571,-0.0756,-0.0429,ev,multiplicative,live,202609250580A50A,2026-09-22T17:47:03.773Z
2026,3,14371,Jordan Love,GB,QB,vs ATL,passYds,Hard Rock,287.5,under,232.97,-600,350,0.8571,0.7941,0.0794,0,0.7815,-0.0756,-0.0126,ev,multiplicative,live,202609250580A50A,2026-09-22T17:47:03.773Z
2026,3,16899,Quentin Johnston,LAC,WR,at BUF,receptions,BetRivers,2.5,over,2.74,-186,,0.6503,0.6503,,1,0.5747,-0.0757,-0.0757,ev,none,live,2026092763BB8AC8,2026-09-22T17:47:03.773Z
2026,3,12483,Josh Allen,BUF,QB,vs LAC,passYds,DraftKings,179.5,over,256.07,-720,,0.8780,0.8780,,1,0.8023,-0.0758,-0.0758,ev,none,live,2026092763BB8AC8,2026-09-22T17:47:03.773Z
2026,3,12561,Lamar Jackson,BAL,QB,at DAL,passTD,DraftKings,0.5,over,1.77,-960,,0.9057,0.9057,,1,0.8297,-0.0760,-0.0760,ev,none,live,202609270726D5A2,2026-09-22T17:47:03.773Z
2026,3,14371,Jordan Love,GB,QB,vs ATL,passYds,Hard Rock,267.5,under,232.97,-325,220,0.7647,0.7099,0.0772,0,0.6887,-0.0760,-0.0212,ev,multiplicative,live,202609250580A50A,2026-09-22T17:47:03.773Z
2026,3,14411,CeeDee Lamb,DAL,WR,vs BAL,receptions,Hard Rock,10.5,under,5.87,-1200,525,0.9231,0.8523,0.0831,0,0.8471,-0.0760,-0.0052,ev,multiplicative,live,202609270726D5A2,2026-09-22T17:47:03.773Z
2026,3,11008,Dak Prescott,DAL,QB,vs BAL,passYds,Caesars,289.5,over,260.17,140,,0.4167,0.4167,,1,0.3405,-0.0761,-0.0761,ev,none,live,202609270726D5A2,2026-09-22T17:47:03.773Z
2026,3,17795,MarShawn Lloyd,GB,RB,vs ATL,recYds,Hard Rock,30.5,under,12.1,-5000,1100,0.9804,0.9217,0.0637,0,0.9043,-0.0761,-0.0174,ev,multiplicative,live,202609250580A50A,2026-09-22T17:47:03.773Z
2026,3,11008,Dak Prescott,DAL,QB,vs BAL,passYds,Caesars,279.5,over,260.17,113,,0.4695,0.4695,,1,0.3932,-0.0762,-0.0762,ev,none,live,202609270726D5A2,2026-09-22T17:47:03.773Z
2026,3,17700,Michael Penix Jr.,ATL,QB,at GB,rushYds,Hard Rock,33.5,over,8.86,1200,-5000,0.0769,0.0728,0.0573,0,0.0007,-0.0762,-0.0720,ev,multiplicative,live,202609250580A50A,2026-09-22T17:47:03.773Z
2026,3,15947,Jake Ferguson,DAL,TE,vs BAL,recYds,Hard Rock,49.5,over,34.7,325,-575,0.2353,0.2164,0.0871,0,0.1591,-0.0762,-0.0574,ev,multiplicative,live,202609270726D5A2,2026-09-22T17:47:03.773Z
2026,3,15947,Jake Ferguson,DAL,TE,vs BAL,recYds,theScore,49.5,over,34.7,325,,0.2353,0.2353,,1,0.1591,-0.0762,-0.0762,ev,none,live,202609270726D5A2,2026-09-22T17:47:03.773Z
2026,3,12483,Josh Allen,BUF,QB,vs LAC,rushYds,Hard Rock,78.5,over,32.45,1200,-5000,0.0769,0.0728,0.0573,0,0.0006,-0.0763,-0.0721,ev,multiplicative,live,2026092763BB8AC8,2026-09-22T17:47:03.773Z
2026,3,14371,Jordan Love,GB,QB,vs ATL,passYds,FanDuel,149.5,over,232.97,-1004,,0.9094,0.9094,,1,0.8331,-0.0764,-0.0764,ev,none,live,202609250580A50A,2026-09-22T17:47:03.773Z
2026,3,15946,Christian Watson,GB,WR,vs ATL,recYds,FanDuel,29.5,over,69.75,-802,,0.8891,0.8891,,1,0.8127,-0.0764,-0.0764,ev,none,live,202609250580A50A,2026-09-22T17:47:03.773Z
2026,3,15876,James Cook,BUF,RB,vs LAC,rushYds,Hard Rock,71.5,over,76.14,-185,130,0.6491,0.5989,0.0839,0,0.5727,-0.0764,-0.0262,ev,multiplicative,live,2026092763BB8AC8,2026-09-22T17:47:03.773Z
2026,3,15907,Brian Robinson Jr.,ATL,RB,at GB,rushYds,Hard Rock,67.5,under,22,-8000,1600,0.9877,0.9438,0.0465,0,0.9111,-0.0765,-0.0327,ev,multiplicative,live,202609250580A50A,2026-09-22T17:47:03.773Z
2026,3,18500,Matthew Golden,GB,WR,vs ATL,recYds,DraftKings,14.5,over,52.68,-1280,,0.9275,0.9275,,1,0.8509,-0.0766,-0.0766,ev,none,live,202609250580A50A,2026-09-22T17:47:03.773Z
2026,3,17795,MarShawn Lloyd,GB,RB,vs ATL,rushYds,Hard Rock,3.5,over,45.05,-8000,1750,0.9877,0.9481,0.0417,0,0.9111,-0.0766,-0.0370,ev,multiplicative,live,202609250580A50A,2026-09-22T17:47:03.773Z
2026,3,17700,Michael Penix Jr.,ATL,QB,at GB,passYds,Hard Rock,206.5,over,199.74,-115,-115,0.5349,0.5000,0.0698,0,0.4583,-0.0766,-0.0417,ev,multiplicative,live,202609250580A50A,2026-09-22T17:47:03.773Z
2026,3,12561,Lamar Jackson,BAL,QB,at DAL,passYds,Hard Rock,158.5,over,259.92,-1600,600,0.9412,0.8682,0.0840,0,0.8646,-0.0766,-0.0036,ev,multiplicative,live,202609270726D5A2,2026-09-22T17:47:03.773Z
2026,3,17700,Michael Penix Jr.,ATL,QB,at GB,passYds,theScore,274.5,over,199.74,400,,0.2000,0.2000,,1,0.1233,-0.0767,-0.0767,ev,none,live,202609250580A50A,2026-09-22T17:47:03.773Z
2026,3,14446,Justin Herbert,LAC,QB,at BUF,passYds,Hard Rock,181.5,over,223.25,-350,230,0.7778,0.7196,0.0808,0,0.7011,-0.0767,-0.0186,ev,multiplicative,live,2026092763BB8AC8,2026-09-22T17:47:03.773Z
2026,3,11008,Dak Prescott,DAL,QB,vs BAL,passYds,Caesars,299.5,over,260.17,172,,0.3676,0.3676,,1,0.2908,-0.0769,-0.0769,ev,none,live,202609270726D5A2,2026-09-22T17:47:03.773Z
2026,3,16739,Bijan Robinson,ATL,RB,at GB,rushYds,Hard Rock,103.5,under,87.97,-300,210,0.7500,0.6992,0.0726,0,0.6731,-0.0769,-0.0261,ev,multiplicative,live,202609250580A50A,2026-09-22T17:47:03.773Z
2026,3,14371,Jordan Love,GB,QB,vs ATL,passYds,Hard Rock,274.5,under,232.97,-400,260,0.8000,0.7423,0.0778,0,0.7231,-0.0769,-0.0192,ev,multiplicative,live,202609250580A50A,2026-09-22T17:47:03.773Z
2026,3,14446,Justin Herbert,LAC,QB,at BUF,rushYds,Hard Rock,54.5,over,22.63,1200,-5000,0.0769,0.0728,0.0573,0,0.0000,-0.0769,-0.0727,ev,multiplicative,live,2026092763BB8AC8,2026-09-22T17:47:03.773Z
2026,3,15306,Javonte Williams,DAL,RB,vs BAL,recYds,Hard Rock,64.5,over,15.36,1200,-5000,0.0769,0.0728,0.0573,0,0.0000,-0.0769,-0.0728,ev,multiplicative,live,202609270726D5A2,2026-09-22T17:47:03.773Z
2026,3,14411,CeeDee Lamb,DAL,WR,vs BAL,recYds,BetRivers,129.5,over,81.88,380,,0.2083,0.2083,,1,0.1314,-0.0770,-0.0770,ev,none,live,202609270726D5A2,2026-09-22T17:47:03.773Z
2026,3,14371,Jordan Love,GB,QB,vs ATL,passYds,Hard Rock,187.5,over,232.97,-350,230,0.7778,0.7196,0.0808,0,0.7007,-0.0771,-0.0189,ev,multiplicative,live,202609250580A50A,2026-09-22T17:47:03.773Z
2026,3,16739,Bijan Robinson,ATL,RB,at GB,recYds,FanDuel,99.5,over,32.4,1196,,0.0772,0.0772,,1,0.0000,-0.0772,-0.0772,ev,none,live,202609250580A50A,2026-09-22T17:47:03.773Z
2026,3,17700,Michael Penix Jr.,ATL,QB,at GB,passYds,BetRivers,199.5,over,199.74,-137,,0.5781,0.5781,,1,0.5008,-0.0772,-0.0772,ev,none,live,202609250580A50A,2026-09-22T17:47:03.773Z
2026,3,17700,Michael Penix Jr.,ATL,QB,at GB,passYds,FanDuel,199.5,over,199.74,-137,,0.5781,0.5781,,1,0.5008,-0.0772,-0.0772,ev,none,live,202609250580A50A,2026-09-22T17:47:03.773Z
2026,3,11008,Dak Prescott,DAL,QB,vs BAL,passYds,FanDuel,249.5,over,260.17,-167,,0.6255,0.6255,,1,0.5483,-0.0772,-0.0772,ev,none,live,202609270726D5A2,2026-09-22T17:47:03.773Z
2026,3,17700,Michael Penix Jr.,ATL,QB,at GB,passYds,Hard Rock,256.5,over,199.74,275,-450,0.2667,0.2458,0.0848,0,0.1895,-0.0772,-0.0563,ev,multiplicative,live,202609250580A50A,2026-09-22T17:47:03.773Z
2026,3,16741,Chris Brooks,GB,RB,vs ATL,recYds,Hard Rock,12.5,under,9.58,-225,155,0.6923,0.6384,0.0845,0,0.6151,-0.0772,-0.0233,ev,multiplicative,live,202609250580A50A,2026-09-22T17:47:03.773Z
2026,3,15947,Jake Ferguson,DAL,TE,vs BAL,recYds,Hard Rock,42.5,under,34.7,-350,230,0.7778,0.7196,0.0808,0,0.7006,-0.0772,-0.0190,ev,multiplicative,live,202609270726D5A2,2026-09-22T17:47:03.773Z
2026,3,15868,Drake London,ATL,WR,at GB,recYds,Hard Rock,38.5,under,61.67,250,-400,0.2857,0.2632,0.0857,0,0.2084,-0.0773,-0.0547,ev,multiplicative,live,202609250580A50A,2026-09-22T17:47:03.773Z
2026,3,12477,DJ Moore,BUF,WR,vs LAC,recYds,Hard Rock,64.5,under,52.56,-240,170,0.7059,0.6559,0.0763,0,0.6285,-0.0774,-0.0274,ev,multiplicative,live,2026092763BB8AC8,2026-09-22T17:47:03.773Z
2026,3,14411,CeeDee Lamb,DAL,WR,vs BAL,recYds,Hard Rock,100.5,over,81.88,145,-210,0.4082,0.3760,0.0856,0,0.3307,-0.0774,-0.0453,ev,multiplicative,live,202609270726D5A2,2026-09-22T17:47:03.773Z
2026,3,14411,CeeDee Lamb,DAL,WR,vs BAL,recYds,Hard Rock,99.5,over,81.88,140,-200,0.4167,0.3846,0.0833,0,0.3393,-0.0774,-0.0453,ev,multiplicative,live,202609270726D5A2,2026-09-22T17:47:03.773Z
2026,3,14371,Jordan Love,GB,QB,vs ATL,passAtt,DraftKings,31.5,under,32.45,-115,-111,0.5349,0.5042,0.0610,0,0.4574,-0.0775,-0.0468,ev,multiplicative,live,202609250580A50A,2026-09-22T17:47:03.773Z
2026,3,16649,Tucker Kraft,GB,TE,vs ATL,recYds,Caesars,99.5,over,49.04,950,,0.0952,0.0952,,1,0.0177,-0.0775,-0.0775,ev,none,live,202609250580A50A,2026-09-22T17:47:03.773Z
2026,3,16739,Bijan Robinson,ATL,RB,at GB,receptions,FanDuel,9.5,over,4.13,1098,,0.0835,0.0835,,1,0.0059,-0.0775,-0.0775,ev,none,live,202609250580A50A,2026-09-22T17:47:03.773Z
2026,3,11008,Dak Prescott,DAL,QB,vs BAL,int,BetRivers,1.5,over,0.59,410,,0.1961,0.1961,,1,0.1186,-0.0775,-0.0775,ev,none,live,202609270726D5A2,2026-09-22T17:47:03.773Z
2026,3,17700,Michael Penix Jr.,ATL,QB,at GB,passYds,Hard Rock,226.5,over,199.74,140,-200,0.4167,0.3846,0.0833,0,0.3392,-0.0775,-0.0454,ev,multiplicative,live,202609250580A50A,2026-09-22T17:47:03.773Z
2026,3,10819,Derrick Henry,BAL,RB,at DAL,rushYds,Hard Rock,43.5,under,97.69,600,-1500,0.1429,0.1322,0.0804,0,0.0653,-0.0775,-0.0669,ev,multiplicative,live,202609270726D5A2,2026-09-22T17:47:03.773Z
2026,3,15306,Javonte Williams,DAL,RB,vs BAL,rushYds,theScore,59.5,under,63.83,-110,-120,0.5238,0.4899,0.0693,0,0.4463,-0.0775,-0.0436,ev,multiplicative,live,202609270726D5A2,2026-09-22T17:47:03.773Z
2026,3,15868,Drake London,ATL,WR,at GB,receptions,BetMGM,5.5,over,4.64,115,-155,0.4651,0.4335,0.0730,0,0.3875,-0.0776,-0.0460,ev,multiplicative,live,202609250580A50A,2026-09-22T17:47:03.773Z
2026,3,17700,Michael Penix Jr.,ATL,QB,at GB,passYds,Caesars,269.5,over,199.74,360,,0.2174,0.2174,,1,0.1398,-0.0776,-0.0776,ev,none,live,202609250580A50A,2026-09-22T17:47:03.773Z
2026,3,12561,Lamar Jackson,BAL,QB,at DAL,passAtt,DraftKings,27.5,over,28.71,-176,,0.6377,0.6377,,1,0.5601,-0.0776,-0.0776,ev,none,live,202609270726D5A2,2026-09-22T17:47:03.773Z
2026,3,14371,Jordan Love,GB,QB,vs ATL,passYds,Hard Rock,257.5,under,232.97,-250,175,0.7143,0.6627,0.0779,0,0.6367,-0.0776,-0.0260,ev,multiplicative,live,202609250580A50A,2026-09-22T17:47:03.773Z
2026,3,15868,Drake London,ATL,WR,at GB,receptions,Hard Rock,5.5,over,4.64,115,-145,0.4651,0.4401,0.0570,0,0.3875,-0.0776,-0.0525,ev,multiplicative,live,202609250580A50A,2026-09-22T17:47:03.773Z
2026,3,15868,Drake London,ATL,WR,at GB,receptions,theScore,5.5,over,4.64,115,-150,0.4651,0.4367,0.0651,0,0.3875,-0.0776,-0.0491,ev,multiplicative,live,202609250580A50A,2026-09-22T17:47:03.773Z
2026,3,16649,Tucker Kraft,GB,TE,vs ATL,recYds,BetRivers,46.5,under,49.04,-115,-115,0.5349,0.5000,0.0698,0,0.4571,-0.0778,-0.0429,ev,multiplicative,live,202609250580A50A,2026-09-22T17:47:03.773Z
2026,3,15265,Kyle Pitts,ATL,TE,at GB,receptions,Hard Rock,1.5,under,3.52,525,-1100,0.1600,0.1486,0.0767,0,0.0822,-0.0778,-0.0664,ev,multiplicative,live,202609250580A50A,2026-09-22T17:47:03.773Z
2026,3,16649,Tucker Kraft,GB,TE,vs ATL,recYds,Hard Rock,46.5,under,49.04,-115,-115,0.5349,0.5000,0.0698,0,0.4571,-0.0778,-0.0429,ev,multiplicative,live,202609250580A50A,2026-09-22T17:47:03.773Z
2026,3,17724,Ladd McConkey,LAC,WR,at BUF,receptions,DraftKings,1.5,over,4.77,-2500,,0.9615,0.9615,,1,0.8834,-0.0781,-0.0781,ev,none,live,2026092763BB8AC8,2026-09-22T17:47:03.773Z
2026,3,15907,Brian Robinson Jr.,ATL,RB,at GB,rushYds,Hard Rock,27.5,under,22,-180,130,0.6429,0.5965,0.0776,0,0.5647,-0.0781,-0.0318,ev,multiplicative,live,202609250580A50A,2026-09-22T17:47:03.773Z
2026,3,15306,Javonte Williams,DAL,RB,vs BAL,recYds,DraftKings,16.5,over,15.36,-112,-112,0.5283,0.5000,0.0566,0,0.4500,-0.0783,-0.0500,ev,multiplicative,live,202609270726D5A2,2026-09-22T17:47:03.773Z
2026,3,11008,Dak Prescott,DAL,QB,vs BAL,passYds,DraftKings,279.5,over,260.17,112,,0.4717,0.4717,,1,0.3932,-0.0785,-0.0785,ev,none,live,202609270726D5A2,2026-09-22T17:47:03.773Z
2026,3,17700,Michael Penix Jr.,ATL,QB,at GB,passYds,Hard Rock,216.5,over,199.74,110,-150,0.4762,0.4425,0.0762,0,0.3975,-0.0787,-0.0450,ev,multiplicative,live,202609250580A50A,2026-09-22T17:47:03.773Z
2026,3,15853,George Pickens,DAL,WR,vs BAL,receptions,FanDuel,4.5,over,4.89,-188,,0.6528,0.6528,,1,0.5740,-0.0788,-0.0788,ev,none,live,202609270726D5A2,2026-09-22T17:47:03.773Z
2026,3,12477,DJ Moore,BUF,WR,vs LAC,recYds,theScore,49.5,under,52.56,-110,-120,0.5238,0.4899,0.0693,0,0.4450,-0.0788,-0.0449,ev,multiplicative,live,2026092763BB8AC8,2026-09-22T17:47:03.773Z
2026,3,12477,DJ Moore,BUF,WR,vs LAC,recYds,Hard Rock,54.5,under,52.56,-150,110,0.6000,0.5575,0.0762,0,0.5212,-0.0788,-0.0363,ev,multiplicative,live,2026092763BB8AC8,2026-09-22T17:47:03.773Z
2026,3,11008,Dak Prescott,DAL,QB,vs BAL,passYds,Hard Rock,255.5,over,260.17,-150,110,0.6000,0.5575,0.0762,0,0.5212,-0.0788,-0.0364,ev,multiplicative,live,202609270726D5A2,2026-09-22T17:47:03.773Z
2026,3,16649,Tucker Kraft,GB,TE,vs ATL,recYds,DraftKings,109.5,over,49.04,1080,,0.0847,0.0847,,1,0.0059,-0.0789,-0.0789,ev,none,live,202609250580A50A,2026-09-22T17:47:03.773Z
2026,3,15868,Drake London,ATL,WR,at GB,receptions,DraftKings,6.5,over,4.64,188,,0.3472,0.3472,,1,0.2683,-0.0789,-0.0789,ev,none,live,202609250580A50A,2026-09-22T17:47:03.773Z
2026,3,14411,CeeDee Lamb,DAL,WR,vs BAL,recYds,Caesars,139.5,over,81.88,500,,0.1667,0.1667,,1,0.0877,-0.0790,-0.0790,ev,none,live,202609270726D5A2,2026-09-22T17:47:03.773Z
2026,3,14371,Jordan Love,GB,QB,vs ATL,passYds,Hard Rock,247.5,under,232.97,-195,140,0.6610,0.6134,0.0777,0,0.5820,-0.0790,-0.0313,ev,multiplicative,live,202609250580A50A,2026-09-22T17:47:03.773Z
2026,3,11008,Dak Prescott,DAL,QB,vs BAL,passTD,Caesars,3.5,over,1.57,550,,0.1538,0.1538,,1,0.0747,-0.0791,-0.0791,ev,none,live,202609270726D5A2,2026-09-22T17:47:03.773Z
2026,3,16741,Chris Brooks,GB,RB,vs ATL,recYds,FanDuel,19.5,over,9.58,318,,0.2392,0.2392,,1,0.1601,-0.0792,-0.0792,ev,none,live,202609250580A50A,2026-09-22T17:47:03.773Z
2026,3,17700,Michael Penix Jr.,ATL,QB,at GB,passYds,Caesars,259.5,over,199.74,290,,0.2564,0.2564,,1,0.1772,-0.0792,-0.0792,ev,none,live,202609250580A50A,2026-09-22T17:47:03.773Z
2026,3,16739,Bijan Robinson,ATL,RB,at GB,rushAtt,DraftKings,25.5,over,18.91,660,,0.1316,0.1316,,1,0.0524,-0.0792,-0.0792,ev,none,live,202609250580A50A,2026-09-22T17:47:03.773Z
2026,3,11008,Dak Prescott,DAL,QB,vs BAL,passYds,BetRivers,268.5,over,260.17,-114,-117,0.5327,0.4970,0.0719,0,0.4535,-0.0792,-0.0435,ev,multiplicative,live,202609270726D5A2,2026-09-22T17:47:03.773Z
2026,3,16649,Tucker Kraft,GB,TE,vs ATL,recYds,Hard Rock,64.5,over,49.04,195,-275,0.3390,0.3161,0.0723,0,0.2596,-0.0793,-0.0565,ev,multiplicative,live,202609250580A50A,2026-09-22T17:47:03.773Z
2026,3,15868,Drake London,ATL,WR,at GB,recYds,Caesars,63.5,over,61.67,-122,-110,0.5495,0.5120,0.0734,0,0.4702,-0.0794,-0.0418,ev,multiplicative,live,202609250580A50A,2026-09-22T17:47:03.773Z
2026,3,15306,Javonte Williams,DAL,RB,vs BAL,rushYds,DraftKings,119.5,over,63.83,1160,,0.0794,0.0794,,1,0.0000,-0.0794,-0.0794,ev,none,live,202609270726D5A2,2026-09-22T17:47:03.773Z
2026,3,14411,CeeDee Lamb,DAL,WR,vs BAL,recYds,Hard Rock,115.5,over,81.88,240,-350,0.2941,0.2744,0.0719,0,0.2146,-0.0795,-0.0598,ev,multiplicative,live,202609270726D5A2,2026-09-22T17:47:03.773Z
2026,3,15850,Jahan Dotson,ATL,WR,at GB,recYds,DraftKings,14.5,over,17.4,-180,,0.6429,0.6429,,1,0.5632,-0.0796,-0.0796,ev,none,live,202609250580A50A,2026-09-22T17:47:03.773Z
2026,3,18478,Tre Harris,LAC,WR,at BUF,recYds,Caesars,39.5,over,34.63,111,,0.4739,0.4739,,1,0.3943,-0.0796,-0.0796,ev,none,live,2026092763BB8AC8,2026-09-22T17:47:03.773Z
2026,3,18500,Matthew Golden,GB,WR,vs ATL,recYds,Hard Rock,27.5,over,52.68,-500,300,0.8333,0.7692,0.0833,0,0.7537,-0.0796,-0.0155,ev,multiplicative,live,202609250580A50A,2026-09-22T17:47:03.773Z
2026,3,12477,DJ Moore,BUF,WR,vs LAC,recYds,Hard Rock,59.5,under,52.56,-190,135,0.6552,0.6062,0.0807,0,0.5756,-0.0796,-0.0307,ev,multiplicative,live,2026092763BB8AC8,2026-09-22T17:47:03.773Z
2026,3,16739,Bijan Robinson,ATL,RB,at GB,receptions,DraftKings,8.5,over,4.13,900,,0.1000,0.1000,,1,0.0203,-0.0797,-0.0797,ev,none,live,202609250580A50A,2026-09-22T17:47:03.773Z
2026,3,15947,Jake Ferguson,DAL,TE,vs BAL,recYds,DraftKings,69.5,over,34.7,1020,,0.0893,0.0893,,1,0.0095,-0.0798,-0.0798,ev,none,live,202609270726D5A2,2026-09-22T17:47:03.773Z
2026,3,18515,Kaleb Johnson,GB,RB,vs ATL,rushYds,DraftKings,89.5,over,21.07,1060,,0.0862,0.0862,,1,0.0063,-0.0799,-0.0799,ev,none,live,202609250580A50A,2026-09-22T17:47:03.773Z
2026,3,12561,Lamar Jackson,BAL,QB,at DAL,passAtt,DraftKings,37.5,over,28.71,660,,0.1316,0.1316,,1,0.0517,-0.0799,-0.0799,ev,none,live,202609270726D5A2,2026-09-22T17:47:03.773Z
2026,3,12561,Lamar Jackson,BAL,QB,at DAL,rushAtt,Hard Rock,14.5,over,8.65,1100,,0.0833,0.0833,,1,0.0034,-0.0799,-0.0799,ev,none,live,202609270726D5A2,2026-09-22T17:47:03.773Z
2026,3,15868,Drake London,ATL,WR,at GB,receptions,BetRivers,2.5,over,4.64,-2000,,0.9524,0.9524,,1,0.8721,-0.0802,-0.0802,ev,none,live,202609250580A50A,2026-09-22T17:47:03.773Z
2026,3,11008,Dak Prescott,DAL,QB,vs BAL,passYds,Caesars,269.5,over,260.17,-112,,0.5283,0.5283,,1,0.4480,-0.0803,-0.0803,ev,none,live,202609270726D5A2,2026-09-22T17:47:03.773Z
2026,3,16739,Bijan Robinson,ATL,RB,at GB,rushAtt,Hard Rock,26.5,over,18.91,800,,0.1111,0.1111,,1,0.0309,-0.0803,-0.0803,ev,none,live,202609250580A50A,2026-09-22T17:47:03.773Z
2026,3,14446,Justin Herbert,LAC,QB,at BUF,passYds,DraftKings,159.5,over,223.25,-670,,0.8701,0.8701,,1,0.7897,-0.0804,-0.0804,ev,none,live,2026092763BB8AC8,2026-09-22T17:47:03.773Z
2026,3,14371,Jordan Love,GB,QB,vs ATL,passTD,Hard Rock,2.5,over,1.48,275,,0.2667,0.2667,,1,0.1861,-0.0805,-0.0805,ev,none,live,202609250580A50A,2026-09-22T17:47:03.773Z
2026,3,14371,Jordan Love,GB,QB,vs ATL,passTD,theScore,2.5,over,1.48,275,,0.2667,0.2667,,1,0.1861,-0.0805,-0.0805,ev,none,live,202609250580A50A,2026-09-22T17:47:03.773Z
2026,3,18478,Tre Harris,LAC,WR,at BUF,recYds,theScore,9.5,over,34.63,-550,,0.8462,0.8462,,1,0.7655,-0.0807,-0.0807,ev,none,live,2026092763BB8AC8,2026-09-22T17:47:03.773Z
2026,3,15306,Javonte Williams,DAL,RB,vs BAL,rushYds,Hard Rock,49.5,under,63.83,145,-200,0.4082,0.3797,0.0748,0,0.3274,-0.0807,-0.0523,ev,multiplicative,live,202609270726D5A2,2026-09-22T17:47:03.773Z
2026,3,16899,Quentin Johnston,LAC,WR,at BUF,recYds,Hard Rock,5.5,under,42.06,800,-3000,0.1111,0.1030,0.0789,0,0.0302,-0.0809,-0.0728,ev,multiplicative,live,2026092763BB8AC8,2026-09-22T17:47:03.773Z
2026,3,16899,Quentin Johnston,LAC,WR,at BUF,recYds,Hard Rock,80.5,under,42.06,-1400,575,0.9333,0.8630,0.0815,0,0.8524,-0.0809,-0.0106,ev,multiplicative,live,2026092763BB8AC8,2026-09-22T17:47:03.773Z
2026,3,12561,Lamar Jackson,BAL,QB,at DAL,passYds,Hard Rock,148.5,over,259.92,-3000,850,0.9677,0.9019,0.0730,0,0.8868,-0.0809,-0.0151,ev,multiplicative,live,202609270726D5A2,2026-09-22T17:47:03.773Z
2026,3,12477,DJ Moore,BUF,WR,vs LAC,recYds,DraftKings,49.5,under,52.56,-111,-113,0.5261,0.4979,0.0566,0,0.4450,-0.0810,-0.0529,ev,multiplicative,live,2026092763BB8AC8,2026-09-22T17:47:03.773Z
2026,3,18478,Tre Harris,LAC,WR,at BUF,receptions,DraftKings,2.5,over,2.74,-161,126,0.6169,0.5823,0.0593,0,0.5358,-0.0810,-0.0465,ev,multiplicative,live,2026092763BB8AC8,2026-09-22T17:47:03.773Z
2026,3,14371,Jordan Love,GB,QB,vs ATL,rushYds,Hard Rock,18.5,under,14.63,-425,260,0.8095,0.7445,0.0873,0,0.7286,-0.0810,-0.0160,ev,multiplicative,live,202609250580A50A,2026-09-22T17:47:03.773Z
2026,3,14371,Jordan Love,GB,QB,vs ATL,passYds,Hard Rock,277.5,under,232.97,-450,275,0.8182,0.7542,0.0848,0,0.7372,-0.0810,-0.0170,ev,multiplicative,live,202609250580A50A,2026-09-22T17:47:03.773Z
2026,3,14411,CeeDee Lamb,DAL,WR,vs BAL,recYds,FanDuel,124.5,over,81.88,318,,0.2392,0.2392,,1,0.1581,-0.0811,-0.0811,ev,none,live,202609270726D5A2,2026-09-22T17:47:03.773Z
2026,3,14411,CeeDee Lamb,DAL,WR,vs BAL,recYds,Hard Rock,105.5,over,81.88,170,-250,0.3704,0.3415,0.0847,0,0.2893,-0.0811,-0.0522,ev,multiplicative,live,202609270726D5A2,2026-09-22T17:47:03.773Z
2026,3,11008,Dak Prescott,DAL,QB,vs BAL,passYds,Caesars,249.5,over,260.17,-170,,0.6296,0.6296,,1,0.5483,-0.0814,-0.0814,ev,none,live,202609270726D5A2,2026-09-22T17:47:03.773Z
2026,3,12561,Lamar Jackson,BAL,QB,at DAL,passYds,Hard Rock,358.5,under,259.92,-6000,1400,0.9836,0.9365,0.0503,0,0.9022,-0.0814,-0.0343,ev,multiplicative,live,202609270726D5A2,2026-09-22T17:47:03.773Z
2026,3,12561,Lamar Jackson,BAL,QB,at DAL,rushYds,Hard Rock,79.5,under,52.86,-3000,850,0.9677,0.9019,0.0730,0,0.8862,-0.0815,-0.0157,ev,multiplicative,live,202609270726D5A2,2026-09-22T17:47:03.773Z
2026,3,16649,Tucker Kraft,GB,TE,vs ATL,recYds,Caesars,59.5,over,49.04,142,,0.4132,0.4132,,1,0.3314,-0.0818,-0.0818,ev,none,live,202609250580A50A,2026-09-22T17:47:03.773Z
2026,3,14371,Jordan Love,GB,QB,vs ATL,passAtt,DraftKings,25.5,over,32.45,-640,,0.8649,0.8649,,1,0.7831,-0.0818,-0.0818,ev,none,live,202609250580A50A,2026-09-22T17:47:03.773Z
2026,3,15947,Jake Ferguson,DAL,TE,vs BAL,recYds,Caesars,59.5,over,34.7,675,,0.1290,0.1290,,1,0.0472,-0.0818,-0.0818,ev,none,live,202609270726D5A2,2026-09-22T17:47:03.773Z
2026,3,15306,Javonte Williams,DAL,RB,vs BAL,recYds,DraftKings,49.5,over,15.36,1120,,0.0820,0.0820,,1,0.0001,-0.0819,-0.0819,ev,none,live,202609270726D5A2,2026-09-22T17:47:03.773Z
2026,3,18500,Matthew Golden,GB,WR,vs ATL,recYds,theScore,29.5,over,52.68,-450,,0.8182,0.8182,,1,0.7362,-0.0820,-0.0820,ev,none,live,202609250580A50A,2026-09-22T17:47:03.773Z
2026,3,16649,Tucker Kraft,GB,TE,vs ATL,recYds,Caesars,46.5,under,49.04,-117,-112,0.5392,0.5051,0.0675,0,0.4571,-0.0821,-0.0480,ev,multiplicative,live,202609250580A50A,2026-09-22T17:47:03.773Z
2026,3,15850,Jahan Dotson,ATL,WR,at GB,recYds,Caesars,9.5,over,17.4,-300,,0.7500,0.7500,,1,0.6677,-0.0823,-0.0823,ev,none,live,202609250580A50A,2026-09-22T17:47:03.773Z
2026,3,15850,Jahan Dotson,ATL,WR,at GB,recYds,Hard Rock,9.5,over,17.4,-300,195,0.7500,0.6887,0.0890,0,0.6677,-0.0823,-0.0210,ev,multiplicative,live,202609250580A50A,2026-09-22T17:47:03.773Z
2026,3,15850,Jahan Dotson,ATL,WR,at GB,recYds,theScore,9.5,over,17.4,-300,,0.7500,0.7500,,1,0.6677,-0.0823,-0.0823,ev,none,live,202609250580A50A,2026-09-22T17:47:03.773Z
2026,3,14371,Jordan Love,GB,QB,vs ATL,rushYds,theScore,34.5,over,14.63,1100,,0.0833,0.0833,,1,0.0009,-0.0824,-0.0824,ev,none,live,202609250580A50A,2026-09-22T17:47:03.773Z
2026,3,17700,Michael Penix Jr.,ATL,QB,at GB,passYds,Hard Rock,199.5,over,199.74,-140,100,0.5833,0.5385,0.0833,0,0.5008,-0.0825,-0.0376,ev,multiplicative,live,202609250580A50A,2026-09-22T17:47:03.773Z
2026,3,17700,Michael Penix Jr.,ATL,QB,at GB,passYds,theScore,199.5,over,199.74,-140,,0.5833,0.5833,,1,0.5008,-0.0825,-0.0825,ev,none,live,202609250580A50A,2026-09-22T17:47:03.773Z
2026,3,15868,Drake London,ATL,WR,at GB,receptions,BetRivers,6.5,over,4.64,185,,0.3509,0.3509,,1,0.2683,-0.0826,-0.0826,ev,none,live,202609250580A50A,2026-09-22T17:47:03.773Z
2026,3,18500,Matthew Golden,GB,WR,vs ATL,receptions,DraftKings,3.5,over,4,-194,,0.6599,0.6599,,1,0.5773,-0.0826,-0.0826,ev,none,live,202609250580A50A,2026-09-22T17:47:03.773Z
2026,3,16899,Quentin Johnston,LAC,WR,at BUF,recYds,Hard Rock,79.5,under,42.06,-1300,575,0.9286,0.8624,0.0767,0,0.8460,-0.0826,-0.0164,ev,multiplicative,live,2026092763BB8AC8,2026-09-22T17:47:03.773Z
2026,3,15306,Javonte Williams,DAL,RB,vs BAL,receptions,DraftKings,6.5,over,2.63,1080,,0.0847,0.0847,,1,0.0021,-0.0827,-0.0827,ev,none,live,202609270726D5A2,2026-09-22T17:47:03.773Z
2026,3,14411,CeeDee Lamb,DAL,WR,vs BAL,recYds,Hard Rock,125.5,over,81.88,325,-525,0.2353,0.2188,0.0753,0,0.1525,-0.0828,-0.0663,ev,multiplicative,live,202609270726D5A2,2026-09-22T17:47:03.773Z
2026,3,15876,James Cook,BUF,RB,vs LAC,rushYds,Caesars,139.5,over,76.14,850,,0.1053,0.1053,,1,0.0224,-0.0829,-0.0829,ev,none,live,2026092763BB8AC8,2026-09-22T17:47:03.773Z
2026,3,14446,Justin Herbert,LAC,QB,at BUF,passYds,Hard Rock,121.5,over,223.25,-6000,1400,0.9836,0.9365,0.0503,0,0.9007,-0.0829,-0.0358,ev,multiplicative,live,2026092763BB8AC8,2026-09-22T17:47:03.773Z
2026,3,14411,CeeDee Lamb,DAL,WR,vs BAL,recYds,Hard Rock,110.5,over,81.88,200,-300,0.3333,0.3077,0.0833,0,0.2504,-0.0829,-0.0572,ev,multiplicative,live,202609270726D5A2,2026-09-22T17:47:03.773Z
2026,3,12483,Josh Allen,BUF,QB,vs LAC,rushYds,FanDuel,79.5,over,32.45,1098,,0.0835,0.0835,,1,0.0005,-0.0830,-0.0830,ev,none,live,2026092763BB8AC8,2026-09-22T17:47:03.773Z
2026,3,12483,Josh Allen,BUF,QB,vs LAC,passYds,Hard Rock,348.5,under,256.07,-4000,1000,0.9756,0.9148,0.0665,0,0.8926,-0.0830,-0.0222,ev,multiplicative,live,2026092763BB8AC8,2026-09-22T17:47:03.773Z
2026,3,12561,Lamar Jackson,BAL,QB,at DAL,passYds,Hard Rock,149.5,over,259.92,-3000,800,0.9677,0.8970,0.0789,0,0.8847,-0.0830,-0.0123,ev,multiplicative,live,202609270726D5A2,2026-09-22T17:47:03.773Z
2026,3,16649,Tucker Kraft,GB,TE,vs ATL,recYds,Hard Rock,16.5,under,49.04,500,-1100,0.1667,0.1538,0.0833,0,0.0836,-0.0831,-0.0702,ev,multiplicative,live,202609250580A50A,2026-09-22T17:47:03.773Z
2026,3,11008,Dak Prescott,DAL,QB,vs BAL,passYds,Caesars,309.5,over,260.17,205,,0.3279,0.3279,,1,0.2447,-0.0832,-0.0832,ev,none,live,202609270726D5A2,2026-09-22T17:47:03.773Z
2026,3,11008,Dak Prescott,DAL,QB,vs BAL,rushYds,DraftKings,39.5,over,9.5,1100,,0.0833,0.0833,,1,0.0000,-0.0833,-0.0833,ev,none,live,202609270726D5A2,2026-09-22T17:47:03.773Z
2026,3,11008,Dak Prescott,DAL,QB,vs BAL,rushYds,Hard Rock,42.5,over,9.5,1100,-5000,0.0833,0.0783,0.0637,0,0.0000,-0.0833,-0.0783,ev,multiplicative,live,202609270726D5A2,2026-09-22T17:47:03.773Z
2026,3,14371,Jordan Love,GB,QB,vs ATL,passYds,DraftKings,179.5,over,232.97,-442,,0.8155,0.8155,,1,0.7321,-0.0834,-0.0834,ev,none,live,202609250580A50A,2026-09-22T17:47:03.773Z
2026,3,12477,DJ Moore,BUF,WR,vs LAC,receptions,BetRivers,3.5,over,3.37,-132,,0.5690,0.5690,,1,0.4854,-0.0835,-0.0835,ev,none,live,2026092763BB8AC8,2026-09-22T17:47:03.773Z
2026,3,11008,Dak Prescott,DAL,QB,vs BAL,passYds,Caesars,239.5,over,260.17,-209,,0.6764,0.6764,,1,0.5929,-0.0835,-0.0835,ev,none,live,202609270726D5A2,2026-09-22T17:47:03.773Z
2026,3,12483,Josh Allen,BUF,QB,vs LAC,passYds,Hard Rock,178.5,over,256.07,-800,425,0.8889,0.8235,0.0794,0,0.8054,-0.0835,-0.0182,ev,multiplicative,live,2026092763BB8AC8,2026-09-22T17:47:03.773Z
2026,3,12483,Josh Allen,BUF,QB,vs LAC,passYds,DraftKings,169.5,over,256.07,-1080,,0.9153,0.9153,,1,0.8317,-0.0836,-0.0836,ev,none,live,2026092763BB8AC8,2026-09-22T17:47:03.773Z
2026,3,11008,Dak Prescott,DAL,QB,vs BAL,passYds,DraftKings,270.5,over,260.17,-111,-113,0.5261,0.4979,0.0566,0,0.4424,-0.0836,-0.0554,ev,multiplicative,live,202609270726D5A2,2026-09-22T17:47:03.773Z
2026,3,17700,Michael Penix Jr.,ATL,QB,at GB,rushYds,Hard Rock,18.5,over,8.86,425,-800,0.1905,0.1765,0.0794,0,0.1069,-0.0836,-0.0696,ev,multiplicative,live,202609250580A50A,2026-09-22T17:47:03.773Z
2026,3,15850,Jahan Dotson,ATL,WR,at GB,receptions,Hard Rock,4.5,over,1.43,900,-4000,0.1000,0.0930,0.0756,0,0.0164,-0.0836,-0.0766,ev,multiplicative,live,202609250580A50A,2026-09-22T17:47:03.773Z
2026,3,12483,Josh Allen,BUF,QB,vs LAC,passYds,Hard Rock,138.5,over,256.07,-8000,1600,0.9877,0.9438,0.0465,0,0.9040,-0.0836,-0.0397,ev,multiplicative,live,2026092763BB8AC8,2026-09-22T17:47:03.773Z
2026,3,15265,Kyle Pitts,ATL,TE,at GB,recYds,DraftKings,59.5,over,40.08,326,,0.2347,0.2347,,1,0.1508,-0.0839,-0.0839,ev,none,live,202609250580A50A,2026-09-22T17:47:03.773Z
2026,3,14446,Justin Herbert,LAC,QB,at BUF,passYds,DraftKings,149.5,over,223.25,-990,,0.9083,0.9083,,1,0.8243,-0.0840,-0.0840,ev,none,live,2026092763BB8AC8,2026-09-22T17:47:03.773Z
2026,3,14446,Justin Herbert,LAC,QB,at BUF,passYds,BetRivers,179.5,over,223.25,-385,,0.7938,0.7938,,1,0.7098,-0.0840,-0.0840,ev,none,live,2026092763BB8AC8,2026-09-22T17:47:03.773Z
2026,3,15853,George Pickens,DAL,WR,vs BAL,recYds,Hard Rock,19.5,under,75.47,650,-1600,0.1333,0.1241,0.0745,0,0.0493,-0.0840,-0.0748,ev,multiplicative,live,202609270726D5A2,2026-09-22T17:47:03.773Z
2026,3,15876,James Cook,BUF,RB,vs LAC,rushYds,theScore,69.5,over,76.14,-220,,0.6875,0.6875,,1,0.6034,-0.0841,-0.0841,ev,none,live,2026092763BB8AC8,2026-09-22T17:47:03.773Z
2026,3,14411,CeeDee Lamb,DAL,WR,vs BAL,recYds,Hard Rock,130.5,over,81.88,375,-650,0.2105,0.1954,0.0772,0,0.1264,-0.0841,-0.0690,ev,multiplicative,live,202609270726D5A2,2026-09-22T17:47:03.773Z
2026,3,15306,Javonte Williams,DAL,RB,vs BAL,rushYds,Caesars,59.5,under,63.83,-113,-117,0.5305,0.4960,0.0697,0,0.4463,-0.0842,-0.0497,ev,multiplicative,live,202609270726D5A2,2026-09-22T17:47:03.773Z
2026,3,15306,Javonte Williams,DAL,RB,vs BAL,rushYds,DraftKings,59.5,under,63.83,-113,-111,0.5305,0.5021,0.0566,0,0.4463,-0.0842,-0.0558,ev,multiplicative,live,202609270726D5A2,2026-09-22T17:47:03.773Z
2026,3,14371,Jordan Love,GB,QB,vs ATL,passYds,Hard Rock,249.5,under,232.97,-210,145,0.6774,0.6240,0.0856,0,0.5931,-0.0843,-0.0309,ev,multiplicative,live,202609250580A50A,2026-09-22T17:47:03.773Z
2026,3,17724,Ladd McConkey,LAC,WR,at BUF,receptions,Hard Rock,1.5,over,4.77,-3000,850,0.9677,0.9019,0.0730,0,0.8834,-0.0843,-0.0185,ev,multiplicative,live,2026092763BB8AC8,2026-09-22T17:47:03.773Z
2026,3,18478,Tre Harris,LAC,WR,at BUF,recYds,BetRivers,19.5,over,34.63,-305,,0.7531,0.7531,,1,0.6686,-0.0845,-0.0845,ev,none,live,2026092763BB8AC8,2026-09-22T17:47:03.773Z
2026,3,15853,George Pickens,DAL,WR,vs BAL,receptions,Hard Rock,6.5,under,4.89,-300,210,0.7500,0.6992,0.0726,0,0.6655,-0.0845,-0.0337,ev,multiplicative,live,202609270726D5A2,2026-09-22T17:47:03.773Z
2026,3,16649,Tucker Kraft,GB,TE,vs ATL,recYds,BetRivers,69.5,over,49.04,255,,0.2817,0.2817,,1,0.1969,-0.0848,-0.0848,ev,none,live,202609250580A50A,2026-09-22T17:47:03.773Z
2026,3,14446,Justin Herbert,LAC,QB,at BUF,passYds,theScore,149.5,over,223.25,-1000,,0.9091,0.9091,,1,0.8243,-0.0848,-0.0848,ev,none,live,2026092763BB8AC8,2026-09-22T17:47:03.773Z
2026,3,14411,CeeDee Lamb,DAL,WR,vs BAL,recYds,Hard Rock,120.5,over,81.88,275,-450,0.2667,0.2458,0.0848,0,0.1819,-0.0848,-0.0639,ev,multiplicative,live,202609270726D5A2,2026-09-22T17:47:03.773Z
2026,3,16739,Bijan Robinson,ATL,RB,at GB,receptions,BetRivers,8.5,over,4.13,850,,0.1053,0.1053,,1,0.0203,-0.0849,-0.0849,ev,none,live,202609250580A50A,2026-09-22T17:47:03.773Z
2026,3,15306,Javonte Williams,DAL,RB,vs BAL,receptions,BetRivers,6.5,over,2.63,1050,,0.0870,0.0870,,1,0.0021,-0.0849,-0.0849,ev,none,live,202609270726D5A2,2026-09-22T17:47:03.773Z
2026,3,15306,Javonte Williams,DAL,RB,vs BAL,recYds,Hard Rock,16.5,over,15.36,-115,-115,0.5349,0.5000,0.0698,0,0.4500,-0.0849,-0.0500,ev,multiplicative,live,202609270726D5A2,2026-09-22T17:47:03.773Z
2026,3,15868,Drake London,ATL,WR,at GB,recYds,DraftKings,129.5,over,61.67,1040,,0.0877,0.0877,,1,0.0028,-0.0850,-0.0850,ev,none,live,202609250580A50A,2026-09-22T17:47:03.773Z
2026,3,17700,Michael Penix Jr.,ATL,QB,at GB,passYds,theScore,204.5,over,199.74,-125,-105,0.5556,0.5203,0.0678,0,0.4706,-0.0850,-0.0497,ev,multiplicative,live,202609250580A50A,2026-09-22T17:47:03.773Z
2026,3,15947,Jake Ferguson,DAL,TE,vs BAL,recYds,Hard Rock,52.5,over,34.7,400,-750,0.2000,0.1848,0.0824,0,0.1150,-0.0850,-0.0698,ev,multiplicative,live,202609270726D5A2,2026-09-22T17:47:03.773Z
2026,3,12561,Lamar Jackson,BAL,QB,at DAL,passAtt,DraftKings,33.5,over,28.71,267,,0.2725,0.2725,,1,0.1874,-0.0851,-0.0851,ev,none,live,202609270726D5A2,2026-09-22T17:47:03.773Z
2026,3,17700,Michael Penix Jr.,ATL,QB,at GB,completions,DraftKings,23.5,over,16.68,377,,0.2096,0.2096,,1,0.1245,-0.0852,-0.0852,ev,none,live,202609250580A50A,2026-09-22T17:47:03.773Z
2026,3,14411,CeeDee Lamb,DAL,WR,vs BAL,receptions,Caesars,7.5,over,5.87,125,-165,0.4444,0.4165,0.0671,0,0.3592,-0.0852,-0.0573,ev,multiplicative,live,202609270726D5A2,2026-09-22T17:47:03.773Z
2026,3,16649,Tucker Kraft,GB,TE,vs ATL,recYds,FanDuel,109.5,over,49.04,997,,0.0912,0.0912,,1,0.0059,-0.0853,-0.0853,ev,none,live,202609250580A50A,2026-09-22T17:47:03.773Z
2026,3,15907,Brian Robinson Jr.,ATL,RB,at GB,rushYds,BetRivers,20.5,under,22,-114,-117,0.5327,0.4970,0.0719,0,0.4470,-0.0857,-0.0500,ev,multiplicative,live,202609250580A50A,2026-09-22T17:47:03.773Z
2026,3,18500,Matthew Golden,GB,WR,vs ATL,receptions,Caesars,3.5,over,4,-197,,0.6633,0.6633,,1,0.5773,-0.0860,-0.0860,ev,none,live,202609250580A50A,2026-09-22T17:47:03.773Z
2026,3,12483,Josh Allen,BUF,QB,vs LAC,rushYds,Caesars,69.5,over,32.45,1000,,0.0909,0.0909,,1,0.0047,-0.0862,-0.0862,ev,none,live,2026092763BB8AC8,2026-09-22T17:47:03.773Z
2026,3,15946,Christian Watson,GB,WR,vs ATL,recYds,theScore,19.5,over,69.75,-2000,,0.9524,0.9524,,1,0.8662,-0.0862,-0.0862,ev,none,live,202609250580A50A,2026-09-22T17:47:03.773Z
2026,3,17724,Ladd McConkey,LAC,WR,at BUF,recYds,Hard Rock,33.5,under,64.26,230,-350,0.3030,0.2804,0.0808,0,0.2168,-0.0862,-0.0635,ev,multiplicative,live,2026092763BB8AC8,2026-09-22T17:47:03.773Z
2026,3,15306,Javonte Williams,DAL,RB,vs BAL,rushYds,FanDuel,59.5,under,63.83,-114,-114,0.5327,0.5000,0.0654,0,0.4463,-0.0864,-0.0537,ev,multiplicative,live,202609270726D5A2,2026-09-22T17:47:03.773Z
2026,3,15907,Brian Robinson Jr.,ATL,RB,at GB,rushYds,Hard Rock,12.5,under,22,250,-375,0.2857,0.2657,0.0752,0,0.1993,-0.0864,-0.0665,ev,multiplicative,live,202609250580A50A,2026-09-22T17:47:03.773Z
2026,3,14446,Justin Herbert,LAC,QB,at BUF,passYds,Hard Rock,124.5,over,223.25,-5000,1100,0.9804,0.9217,0.0637,0,0.8939,-0.0865,-0.0278,ev,multiplicative,live,2026092763BB8AC8,2026-09-22T17:47:03.773Z
2026,3,15947,Jake Ferguson,DAL,TE,vs BAL,recYds,Hard Rock,67.5,over,34.7,900,-3000,0.1000,0.0937,0.0677,0,0.0135,-0.0865,-0.0802,ev,multiplicative,live,202609270726D5A2,2026-09-22T17:47:03.773Z
2026,3,14371,Jordan Love,GB,QB,vs ATL,completions,theScore,14.5,over,21.3,-800,,0.8889,0.8889,,1,0.8022,-0.0867,-0.0867,ev,none,live,202609250580A50A,2026-09-22T17:47:03.773Z
2026,3,18478,Tre Harris,LAC,WR,at BUF,receptions,BetRivers,2.5,over,2.74,-165,,0.6226,0.6226,,1,0.5358,-0.0868,-0.0868,ev,none,live,2026092763BB8AC8,2026-09-22T17:47:03.773Z
2026,3,18478,Tre Harris,LAC,WR,at BUF,receptions,Hard Rock,2.5,over,2.74,-165,125,0.6226,0.5835,0.0671,0,0.5358,-0.0868,-0.0477,ev,multiplicative,live,2026092763BB8AC8,2026-09-22T17:47:03.773Z
2026,3,14411,CeeDee Lamb,DAL,WR,vs BAL,recYds,Hard Rock,135.5,over,81.88,425,-800,0.1905,0.1765,0.0794,0,0.1037,-0.0868,-0.0728,ev,multiplicative,live,202609270726D5A2,2026-09-22T17:47:03.773Z
2026,3,11008,Dak Prescott,DAL,QB,vs BAL,passYds,DraftKings,269.5,over,260.17,-115,,0.5349,0.5349,,1,0.4480,-0.0869,-0.0869,ev,none,live,202609270726D5A2,2026-09-22T17:47:03.773Z
2026,3,15946,Christian Watson,GB,WR,vs ATL,recYds,Hard Rock,33.5,over,69.75,-700,375,0.8750,0.8061,0.0855,0,0.7881,-0.0869,-0.0180,ev,multiplicative,live,202609250580A50A,2026-09-22T17:47:03.773Z
2026,3,14446,Justin Herbert,LAC,QB,at BUF,completions,BetRivers,19.5,over,20.22,-167,,0.6255,0.6255,,1,0.5384,-0.0871,-0.0871,ev,none,live,2026092763BB8AC8,2026-09-22T17:47:03.773Z
2026,3,14446,Justin Herbert,LAC,QB,at BUF,passYds,theScore,174.5,over,223.25,-450,,0.8182,0.8182,,1,0.7310,-0.0872,-0.0872,ev,none,live,2026092763BB8AC8,2026-09-22T17:47:03.773Z
2026,3,14446,Justin Herbert,LAC,QB,at BUF,passYds,Hard Rock,174.5,over,223.25,-450,275,0.8182,0.7542,0.0848,0,0.7310,-0.0872,-0.0232,ev,multiplicative,live,2026092763BB8AC8,2026-09-22T17:47:03.773Z
2026,3,15946,Christian Watson,GB,WR,vs ATL,recYds,Caesars,29.5,over,69.75,-900,,0.9000,0.9000,,1,0.8127,-0.0873,-0.0873,ev,none,live,202609250580A50A,2026-09-22T17:47:03.773Z
2026,3,15946,Christian Watson,GB,WR,vs ATL,recYds,theScore,29.5,over,69.75,-900,,0.9000,0.9000,,1,0.8127,-0.0873,-0.0873,ev,none,live,202609250580A50A,2026-09-22T17:47:03.773Z
2026,3,15946,Christian Watson,GB,WR,vs ATL,receptions,Hard Rock,8.5,under,3.95,-4000,900,0.9756,0.9070,0.0756,0,0.8884,-0.0873,-0.0187,ev,multiplicative,live,202609250580A50A,2026-09-22T17:47:03.773Z
2026,3,12561,Lamar Jackson,BAL,QB,at DAL,passAtt,DraftKings,35.5,over,28.71,422,,0.1916,0.1916,,1,0.1042,-0.0874,-0.0874,ev,none,live,202609270726D5A2,2026-09-22T17:47:03.773Z
2026,3,17700,Michael Penix Jr.,ATL,QB,at GB,passYds,theScore,249.5,over,199.74,225,,0.3077,0.3077,,1,0.2203,-0.0874,-0.0874,ev,none,live,202609250580A50A,2026-09-22T17:47:03.773Z
2026,3,12483,Josh Allen,BUF,QB,vs LAC,passYds,Hard Rock,174.5,over,256.07,-950,450,0.9048,0.8327,0.0866,0,0.8174,-0.0874,-0.0153,ev,multiplicative,live,2026092763BB8AC8,2026-09-22T17:47:03.773Z
2026,3,16899,Quentin Johnston,LAC,WR,at BUF,receptions,FanDuel,2.5,over,2.74,-196,,0.6622,0.6622,,1,0.5747,-0.0875,-0.0875,ev,none,live,2026092763BB8AC8,2026-09-22T17:47:03.773Z
2026,3,18515,Kaleb Johnson,GB,RB,vs ATL,rushYds,Hard Rock,82.5,over,21.07,900,-4000,0.1000,0.0930,0.0756,0,0.0125,-0.0875,-0.0805,ev,multiplicative,live,202609250580A50A,2026-09-22T17:47:03.773Z
2026,3,15907,Brian Robinson Jr.,ATL,RB,at GB,rushYds,Hard Rock,64.5,under,22,-6000,1300,0.9836,0.9323,0.0550,0,0.8960,-0.0876,-0.0363,ev,multiplicative,live,202609250580A50A,2026-09-22T17:47:03.773Z
2026,3,16739,Bijan Robinson,ATL,RB,at GB,recYds,DraftKings,89.5,over,32.4,1040,,0.0877,0.0877,,1,0.0001,-0.0877,-0.0877,ev,none,live,202609250580A50A,2026-09-22T17:47:03.773Z
2026,3,12477,DJ Moore,BUF,WR,vs LAC,recYds,FanDuel,49.5,under,52.56,-114,-114,0.5327,0.5000,0.0654,0,0.4450,-0.0877,-0.0550,ev,multiplicative,live,2026092763BB8AC8,2026-09-22T17:47:03.773Z
2026,3,15946,Christian Watson,GB,WR,vs ATL,receptions,Hard Rock,7.5,under,3.95,-1100,525,0.9167,0.8514,0.0767,0,0.8290,-0.0877,-0.0224,ev,multiplicative,live,202609250580A50A,2026-09-22T17:47:03.773Z
2026,3,18500,Matthew Golden,GB,WR,vs ATL,recYds,Hard Rock,22.5,over,52.68,-750,400,0.8824,0.8152,0.0824,0,0.7946,-0.0878,-0.0206,ev,multiplicative,live,202609250580A50A,2026-09-22T17:47:03.773Z
2026,3,18500,Matthew Golden,GB,WR,vs ATL,recYds,Hard Rock,24.5,over,52.68,-650,350,0.8667,0.7959,0.0889,0,0.7787,-0.0879,-0.0172,ev,multiplicative,live,202609250580A50A,2026-09-22T17:47:03.773Z
2026,3,17724,Ladd McConkey,LAC,WR,at BUF,recYds,Hard Rock,79.5,under,64.26,-375,250,0.7895,0.7343,0.0752,0,0.7016,-0.0879,-0.0327,ev,multiplicative,live,2026092763BB8AC8,2026-09-22T17:47:03.773Z
2026,3,12561,Lamar Jackson,BAL,QB,at DAL,passTD,BetRivers,0.5,over,1.77,-1115,,0.9177,0.9177,,1,0.8297,-0.0880,-0.0880,ev,none,live,202609270726D5A2,2026-09-22T17:47:03.773Z
2026,3,14411,CeeDee Lamb,DAL,WR,vs BAL,recYds,Caesars,89.5,over,81.88,-107,,0.5169,0.5169,,1,0.4289,-0.0880,-0.0880,ev,none,live,202609270726D5A2,2026-09-22T17:47:03.773Z
2026,3,14371,Jordan Love,GB,QB,vs ATL,passAtt,Hard Rock,31.5,under,32.45,-120,-110,0.5455,0.5101,0.0693,0,0.4574,-0.0880,-0.0527,ev,multiplicative,live,202609250580A50A,2026-09-22T17:47:03.773Z
2026,3,10819,Derrick Henry,BAL,RB,at DAL,rushYds,Hard Rock,113.5,under,97.69,-300,200,0.7500,0.6923,0.0833,0,0.6620,-0.0880,-0.0303,ev,multiplicative,live,202609270726D5A2,2026-09-22T17:47:03.773Z
2026,3,18445,Omarion Hampton,LAC,RB,at BUF,receptions,Hard Rock,4.5,under,2.28,-1800,650,0.9474,0.8766,0.0807,0,0.8593,-0.0881,-0.0173,ev,multiplicative,live,2026092763BB8AC8,2026-09-22T17:47:03.773Z
2026,3,11008,Dak Prescott,DAL,QB,vs BAL,passYds,Hard Rock,249.5,over,260.17,-175,125,0.6364,0.5888,0.0808,0,0.5483,-0.0881,-0.0405,ev,multiplicative,live,202609270726D5A2,2026-09-22T17:47:03.773Z
2026,3,12483,Josh Allen,BUF,QB,vs LAC,passYds,DraftKings,242.5,under,256.07,-112,-112,0.5283,0.5000,0.0566,0,0.4401,-0.0882,-0.0599,ev,multiplicative,live,2026092763BB8AC8,2026-09-22T17:47:03.773Z
2026,3,18478,Tre Harris,LAC,WR,at BUF,receptions,FanDuel,2.5,over,2.74,-166,124,0.6241,0.5830,0.0705,0,0.5358,-0.0882,-0.0471,ev,multiplicative,live,2026092763BB8AC8,2026-09-22T17:47:03.773Z
2026,3,16739,Bijan Robinson,ATL,RB,at GB,rushYds,Hard Rock,33.5,under,87.97,750,-2500,0.1176,0.1090,0.0792,0,0.0295,-0.0882,-0.0796,ev,multiplicative,live,202609250580A50A,2026-09-22T17:47:03.773Z
2026,3,15876,James Cook,BUF,RB,vs LAC,rushYds,FanDuel,149.5,over,76.14,917,,0.0983,0.0983,,1,0.0101,-0.0883,-0.0883,ev,none,live,2026092763BB8AC8,2026-09-22T17:47:03.773Z
2026,3,15265,Kyle Pitts,ATL,TE,at GB,recYds,DraftKings,79.5,over,40.08,840,,0.1064,0.1064,,1,0.0180,-0.0884,-0.0884,ev,none,live,202609250580A50A,2026-09-22T17:47:03.773Z
2026,3,17700,Michael Penix Jr.,ATL,QB,at GB,int,BetRivers,1.5,over,0.5,460,,0.1786,0.1786,,1,0.0902,-0.0884,-0.0884,ev,none,live,202609250580A50A,2026-09-22T17:47:03.773Z
2026,3,18478,Tre Harris,LAC,WR,at BUF,recYds,DraftKings,79.5,over,34.63,950,,0.0952,0.0952,,1,0.0067,-0.0885,-0.0885,ev,none,live,2026092763BB8AC8,2026-09-22T17:47:03.773Z
2026,3,18500,Matthew Golden,GB,WR,vs ATL,recYds,FanDuel,24.5,over,52.68,-654,,0.8674,0.8674,,1,0.7787,-0.0886,-0.0886,ev,none,live,202609250580A50A,2026-09-22T17:47:03.773Z
2026,3,15868,Drake London,ATL,WR,at GB,recYds,FanDuel,69.5,over,61.67,116,,0.4630,0.4630,,1,0.3744,-0.0886,-0.0886,ev,none,live,202609250580A50A,2026-09-22T17:47:03.773Z
2026,3,15306,Javonte Williams,DAL,RB,vs BAL,rushYds,Hard Rock,59.5,under,63.83,-115,-115,0.5349,0.5000,0.0698,0,0.4463,-0.0886,-0.0537,ev,multiplicative,live,202609270726D5A2,2026-09-22T17:47:03.773Z
2026,3,18515,Kaleb Johnson,GB,RB,vs ATL,rushYds,Caesars,79.5,over,21.07,850,,0.1053,0.1053,,1,0.0165,-0.0887,-0.0887,ev,none,live,202609250580A50A,2026-09-22T17:47:03.773Z
2026,3,16741,Chris Brooks,GB,RB,vs ATL,rushYds,DraftKings,49.5,over,28.67,970,,0.0935,0.0935,,1,0.0048,-0.0887,-0.0887,ev,none,live,202609250580A50A,2026-09-22T17:47:03.773Z
2026,3,14446,Justin Herbert,LAC,QB,at BUF,passYds,BetRivers,174.5,over,223.25,-455,,0.8198,0.8198,,1,0.7310,-0.0888,-0.0888,ev,none,live,2026092763BB8AC8,2026-09-22T17:47:03.773Z
2026,3,15306,Javonte Williams,DAL,RB,vs BAL,receptions,Hard Rock,6.5,over,2.63,1000,-4000,0.0909,0.0852,0.0665,0,0.0021,-0.0888,-0.0832,ev,multiplicative,live,202609270726D5A2,2026-09-22T17:47:03.773Z
2026,3,15876,James Cook,BUF,RB,vs LAC,rushYds,BetRivers,69.5,over,76.14,-225,,0.6923,0.6923,,1,0.6034,-0.0889,-0.0889,ev,none,live,2026092763BB8AC8,2026-09-22T17:47:03.773Z
2026,3,15947,Jake Ferguson,DAL,TE,vs BAL,recYds,FanDuel,69.5,over,34.7,917,,0.0983,0.0983,,1,0.0095,-0.0889,-0.0889,ev,none,live,202609270726D5A2,2026-09-22T17:47:03.773Z
2026,3,16649,Tucker Kraft,GB,TE,vs ATL,recYds,theScore,69.5,over,49.04,250,,0.2857,0.2857,,1,0.1969,-0.0889,-0.0889,ev,none,live,202609250580A50A,2026-09-22T17:47:03.773Z
2026,3,10819,Derrick Henry,BAL,RB,at DAL,rushYds,Hard Rock,48.5,under,97.69,475,-950,0.1739,0.1612,0.0787,0,0.0850,-0.0889,-0.0762,ev,multiplicative,live,202609270726D5A2,2026-09-22T17:47:03.773Z
2026,3,17700,Michael Penix Jr.,ATL,QB,at GB,passYds,Hard Rock,196.5,over,199.74,-150,110,0.6000,0.5575,0.0762,0,0.5110,-0.0890,-0.0466,ev,multiplicative,live,202609250580A50A,2026-09-22T17:47:03.773Z
2026,3,16649,Tucker Kraft,GB,TE,vs ATL,recYds,Hard Rock,66.5,over,49.04,210,-300,0.3226,0.3008,0.0726,0,0.2334,-0.0892,-0.0674,ev,multiplicative,live,202609250580A50A,2026-09-22T17:47:03.773Z
2026,3,17700,Michael Penix Jr.,ATL,QB,at GB,passAtt,DraftKings,41.5,over,29.07,910,,0.0990,0.0990,,1,0.0096,-0.0894,-0.0894,ev,none,live,202609250580A50A,2026-09-22T17:47:03.773Z
2026,3,18500,Matthew Golden,GB,WR,vs ATL,receptions,Hard Rock,3.5,over,4,-200,145,0.6667,0.6203,0.0748,0,0.5773,-0.0894,-0.0430,ev,multiplicative,live,202609250580A50A,2026-09-22T17:47:03.773Z
2026,3,15265,Kyle Pitts,ATL,TE,at GB,recYds,FanDuel,59.5,over,40.08,316,,0.2404,0.2404,,1,0.1508,-0.0896,-0.0896,ev,none,live,202609250580A50A,2026-09-22T17:47:03.773Z
2026,3,17700,Michael Penix Jr.,ATL,QB,at GB,passYds,Caesars,219.5,over,199.74,113,,0.4695,0.4695,,1,0.3797,-0.0898,-0.0898,ev,none,live,202609250580A50A,2026-09-22T17:47:03.773Z
2026,3,18500,Matthew Golden,GB,WR,vs ATL,recYds,Caesars,29.5,over,52.68,-475,,0.8261,0.8261,,1,0.7362,-0.0899,-0.0899,ev,none,live,202609250580A50A,2026-09-22T17:47:03.773Z
2026,3,12477,DJ Moore,BUF,WR,vs LAC,recYds,Caesars,49.5,under,52.56,-115,-113,0.5349,0.5020,0.0654,0,0.4450,-0.0899,-0.0570,ev,multiplicative,live,2026092763BB8AC8,2026-09-22T17:47:03.773Z
2026,3,16741,Chris Brooks,GB,RB,vs ATL,recYds,theScore,19.5,over,9.58,300,,0.2500,0.2500,,1,0.1601,-0.0899,-0.0899,ev,none,live,202609250580A50A,2026-09-22T17:47:03.773Z
2026,3,12477,DJ Moore,BUF,WR,vs LAC,recYds,Hard Rock,49.5,under,52.56,-115,-115,0.5349,0.5000,0.0698,0,0.4450,-0.0899,-0.0550,ev,multiplicative,live,2026092763BB8AC8,2026-09-22T17:47:03.773Z
2026,3,14371,Jordan Love,GB,QB,vs ATL,passYds,theScore,149.5,over,232.97,-1200,,0.9231,0.9231,,1,0.8331,-0.0900,-0.0900,ev,none,live,202609250580A50A,2026-09-22T17:47:03.773Z
2026,3,14446,Justin Herbert,LAC,QB,at BUF,passYds,Hard Rock,171.5,over,223.25,-500,300,0.8333,0.7692,0.0833,0,0.7434,-0.0900,-0.0259,ev,multiplicative,live,2026092763BB8AC8,2026-09-22T17:47:03.773Z
2026,3,12561,Lamar Jackson,BAL,QB,at DAL,passYds,Hard Rock,218.5,under,259.92,140,-195,0.4167,0.3866,0.0777,0,0.3265,-0.0902,-0.0602,ev,multiplicative,live,202609270726D5A2,2026-09-22T17:47:03.773Z
2026,3,18515,Kaleb Johnson,GB,RB,vs ATL,rushYds,FanDuel,109.5,over,21.07,998,,0.0911,0.0911,,1,0.0006,-0.0904,-0.0904,ev,none,live,202609250580A50A,2026-09-22T17:47:03.773Z
2026,3,15947,Jake Ferguson,DAL,TE,vs BAL,recYds,FanDuel,59.5,over,34.7,627,,0.1376,0.1376,,1,0.0472,-0.0904,-0.0904,ev,none,live,202609270726D5A2,2026-09-22T17:47:03.773Z
2026,3,16899,Quentin Johnston,LAC,WR,at BUF,recYds,Hard Rock,75.5,under,42.06,-1000,475,0.9091,0.8394,0.0830,0,0.8187,-0.0904,-0.0207,ev,multiplicative,live,2026092763BB8AC8,2026-09-22T17:47:03.773Z
2026,3,16649,Tucker Kraft,GB,TE,vs ATL,recYds,FanDuel,69.5,over,49.04,248,,0.2874,0.2874,,1,0.1969,-0.0905,-0.0905,ev,none,live,202609250580A50A,2026-09-22T17:47:03.773Z
2026,3,15946,Christian Watson,GB,WR,vs ATL,recYds,Hard Rock,28.5,over,69.75,-1000,500,0.9091,0.8451,0.0758,0,0.8186,-0.0905,-0.0264,ev,multiplicative,live,202609250580A50A,2026-09-22T17:47:03.773Z
2026,3,17700,Michael Penix Jr.,ATL,QB,at GB,passYds,Caesars,209.5,over,199.74,-113,,0.5305,0.5305,,1,0.4399,-0.0906,-0.0906,ev,none,live,202609250580A50A,2026-09-22T17:47:03.773Z
2026,3,15868,Drake London,ATL,WR,at GB,receptions,theScore,3.5,over,4.64,-450,,0.8182,0.8182,,1,0.7276,-0.0906,-0.0906,ev,none,live,202609250580A50A,2026-09-22T17:47:03.773Z
2026,3,16741,Chris Brooks,GB,RB,vs ATL,rushYds,Hard Rock,56.5,over,28.67,1000,-4000,0.0909,0.0852,0.0665,0,0.0003,-0.0906,-0.0850,ev,multiplicative,live,202609250580A50A,2026-09-22T17:47:03.773Z
2026,3,12477,DJ Moore,BUF,WR,vs LAC,recYds,Hard Rock,14.5,under,52.56,650,-1800,0.1333,0.1234,0.0807,0,0.0428,-0.0906,-0.0806,ev,multiplicative,live,2026092763BB8AC8,2026-09-22T17:47:03.773Z
2026,3,15868,Drake London,ATL,WR,at GB,recYds,theScore,69.5,over,61.67,115,,0.4651,0.4651,,1,0.3744,-0.0907,-0.0907,ev,none,live,202609250580A50A,2026-09-22T17:47:03.773Z
2026,3,15306,Javonte Williams,DAL,RB,vs BAL,rushYds,Hard Rock,54.5,under,63.83,110,-155,0.4762,0.4393,0.0840,0,0.3855,-0.0907,-0.0538,ev,multiplicative,live,202609270726D5A2,2026-09-22T17:47:03.773Z
2026,3,14411,CeeDee Lamb,DAL,WR,vs BAL,recYds,Caesars,129.5,over,81.88,350,,0.2222,0.2222,,1,0.1314,-0.0908,-0.0908,ev,none,live,202609270726D5A2,2026-09-22T17:47:03.773Z
2026,3,15853,George Pickens,DAL,WR,vs BAL,receptions,Hard Rock,9.5,under,4.89,-5000,1300,0.9804,0.9321,0.0518,0,0.8896,-0.0908,-0.0425,ev,multiplicative,live,202609270726D5A2,2026-09-22T17:47:03.773Z
2026,3,15868,Drake London,ATL,WR,at GB,receptions,Caesars,5.5,over,4.64,109,-141,0.4785,0.4499,0.0635,0,0.3875,-0.0909,-0.0624,ev,multiplicative,live,202609250580A50A,2026-09-22T17:47:03.773Z
2026,3,16739,Bijan Robinson,ATL,RB,at GB,recYds,Hard Rock,90.5,over,32.4,1000,-4000,0.0909,0.0852,0.0665,0,0.0000,-0.0909,-0.0852,ev,multiplicative,live,202609250580A50A,2026-09-22T17:47:03.773Z
2026,3,12483,Josh Allen,BUF,QB,vs LAC,rushAtt,Hard Rock,17.5,over,7.02,1000,,0.0909,0.0909,,1,0.0000,-0.0909,-0.0909,ev,none,live,2026092763BB8AC8,2026-09-22T17:47:03.773Z
2026,3,15306,Javonte Williams,DAL,RB,vs BAL,recYds,Hard Rock,61.5,over,15.36,1000,-4000,0.0909,0.0852,0.0665,0,0.0000,-0.0909,-0.0852,ev,multiplicative,live,202609270726D5A2,2026-09-22T17:47:03.773Z
2026,3,15850,Jahan Dotson,ATL,WR,at GB,recYds,Hard Rock,4.5,over,17.4,-575,325,0.8519,0.7836,0.0871,0,0.7605,-0.0913,-0.0230,ev,multiplicative,live,202609250580A50A,2026-09-22T17:47:03.773Z
2026,3,18500,Matthew Golden,GB,WR,vs ATL,recYds,BetRivers,29.5,over,52.68,-480,,0.8276,0.8276,,1,0.7362,-0.0914,-0.0914,ev,none,live,202609250580A50A,2026-09-22T17:47:03.773Z
2026,3,12483,Josh Allen,BUF,QB,vs LAC,passYds,Hard Rock,224.5,under,256.07,120,-170,0.4545,0.4193,0.0842,0,0.3630,-0.0915,-0.0562,ev,multiplicative,live,2026092763BB8AC8,2026-09-22T17:47:03.773Z
2026,3,15850,Jahan Dotson,ATL,WR,at GB,receptions,BetRivers,3.5,over,1.43,500,,0.1667,0.1667,,1,0.0750,-0.0916,-0.0916,ev,none,live,202609250580A50A,2026-09-22T17:47:03.773Z
2026,3,18500,Matthew Golden,GB,WR,vs ATL,receptions,FanDuel,3.5,over,4,-202,,0.6689,0.6689,,1,0.5773,-0.0916,-0.0916,ev,none,live,202609250580A50A,2026-09-22T17:47:03.773Z
2026,3,15947,Jake Ferguson,DAL,TE,vs BAL,recYds,DraftKings,59.5,over,34.7,620,,0.1389,0.1389,,1,0.0472,-0.0917,-0.0917,ev,none,live,202609270726D5A2,2026-09-22T17:47:03.773Z
2026,3,14411,CeeDee Lamb,DAL,WR,vs BAL,recYds,Caesars,99.5,over,81.88,132,,0.4310,0.4310,,1,0.3393,-0.0917,-0.0917,ev,none,live,202609270726D5A2,2026-09-22T17:47:03.773Z
2026,3,16739,Bijan Robinson,ATL,RB,at GB,rushYds,Hard Rock,99.5,under,87.97,-260,185,0.7222,0.6730,0.0731,0,0.6305,-0.0918,-0.0426,ev,multiplicative,live,202609250580A50A,2026-09-22T17:47:03.773Z
2026,3,12483,Josh Allen,BUF,QB,vs LAC,passYds,Hard Rock,148.5,over,256.07,-4000,1000,0.9756,0.9148,0.0665,0,0.8837,-0.0919,-0.0310,ev,multiplicative,live,2026092763BB8AC8,2026-09-22T17:47:03.773Z
2026,3,15265,Kyle Pitts,ATL,TE,at GB,receptions,Hard Rock,2.5,under,3.52,200,-300,0.3333,0.3077,0.0833,0,0.2413,-0.0920,-0.0664,ev,multiplicative,live,202609250580A50A,2026-09-22T17:47:03.773Z
2026,3,11008,Dak Prescott,DAL,QB,vs BAL,passYds,DraftKings,259.5,over,260.17,-147,,0.5951,0.5951,,1,0.5030,-0.0921,-0.0921,ev,none,live,202609270726D5A2,2026-09-22T17:47:03.773Z
2026,3,17700,Michael Penix Jr.,ATL,QB,at GB,passYds,Caesars,249.5,over,199.74,220,,0.3125,0.3125,,1,0.2203,-0.0922,-0.0922,ev,none,live,202609250580A50A,2026-09-22T17:47:03.773Z
2026,3,14371,Jordan Love,GB,QB,vs ATL,passYds,Hard Rock,124.5,over,232.97,-8000,1600,0.9877,0.9438,0.0465,0,0.8954,-0.0923,-0.0484,ev,multiplicative,live,202609250580A50A,2026-09-22T17:47:03.773Z
2026,3,15946,Christian Watson,GB,WR,vs ATL,recYds,Hard Rock,24.5,over,69.75,-1400,575,0.9333,0.8630,0.0815,0,0.8410,-0.0924,-0.0221,ev,multiplicative,live,202609250580A50A,2026-09-22T17:47:03.773Z
2026,3,10819,Derrick Henry,BAL,RB,at DAL,rushYds,Hard Rock,49.5,under,97.69,450,-850,0.1818,0.1689,0.0766,0,0.0894,-0.0924,-0.0795,ev,multiplicative,live,202609270726D5A2,2026-09-22T17:47:03.773Z
2026,3,15946,Christian Watson,GB,WR,vs ATL,recYds,FanDuel,24.5,over,69.75,-1402,,0.9334,0.9334,,1,0.8410,-0.0925,-0.0925,ev,none,live,202609250580A50A,2026-09-22T17:47:03.773Z
2026,3,15876,James Cook,BUF,RB,vs LAC,rushYds,DraftKings,139.5,over,76.14,770,,0.1149,0.1149,,1,0.0224,-0.0926,-0.0926,ev,none,live,2026092763BB8AC8,2026-09-22T17:47:03.773Z
2026,3,14446,Justin Herbert,LAC,QB,at BUF,passYds,Hard Rock,161.5,over,223.25,-700,400,0.8750,0.8140,0.0750,0,0.7823,-0.0927,-0.0316,ev,multiplicative,live,2026092763BB8AC8,2026-09-22T17:47:03.773Z
2026,3,15876,James Cook,BUF,RB,vs LAC,rushYds,BetRivers,109.5,over,76.14,320,,0.2381,0.2381,,1,0.1453,-0.0928,-0.0928,ev,none,live,2026092763BB8AC8,2026-09-22T17:47:03.773Z
2026,3,16741,Chris Brooks,GB,RB,vs ATL,rushYds,Hard Rock,39.5,over,28.67,450,-900,0.1818,0.1681,0.0818,0,0.0889,-0.0929,-0.0792,ev,multiplicative,live,202609250580A50A,2026-09-22T17:47:03.773Z
2026,3,17700,Michael Penix Jr.,ATL,QB,at GB,rushYds,Hard Rock,13.5,under,8.86,-450,275,0.8182,0.7542,0.0848,0,0.7252,-0.0930,-0.0290,ev,multiplicative,live,202609250580A50A,2026-09-22T17:47:03.773Z
2026,3,14411,CeeDee Lamb,DAL,WR,vs BAL,receptions,DraftKings,7.5,over,5.87,121,,0.4525,0.4525,,1,0.3592,-0.0932,-0.0932,ev,none,live,202609270726D5A2,2026-09-22T17:47:03.773Z
2026,3,12483,Josh Allen,BUF,QB,vs LAC,passTD,Caesars,3.5,over,1.41,575,,0.1481,0.1481,,1,0.0549,-0.0933,-0.0933,ev,none,live,2026092763BB8AC8,2026-09-22T17:47:03.773Z
2026,3,10819,Derrick Henry,BAL,RB,at DAL,rushYds,Hard Rock,108.5,under,97.69,-240,175,0.7059,0.6600,0.0695,0,0.6124,-0.0934,-0.0476,ev,multiplicative,live,202609270726D5A2,2026-09-22T17:47:03.773Z
2026,3,15265,Kyle Pitts,ATL,TE,at GB,recYds,FanDuel,79.5,over,40.08,796,,0.1116,0.1116,,1,0.0180,-0.0936,-0.0936,ev,none,live,202609250580A50A,2026-09-22T17:47:03.773Z
2026,3,14371,Jordan Love,GB,QB,vs ATL,passYds,Hard Rock,177.5,over,232.97,-500,300,0.8333,0.7692,0.0833,0,0.7396,-0.0937,-0.0296,ev,multiplicative,live,202609250580A50A,2026-09-22T17:47:03.773Z
2026,3,18478,Tre Harris,LAC,WR,at BUF,receptions,Caesars,2.5,over,2.74,-170,,0.6296,0.6296,,1,0.5358,-0.0938,-0.0938,ev,none,live,2026092763BB8AC8,2026-09-22T17:47:03.773Z
2026,3,15868,Drake London,ATL,WR,at GB,receptions,DraftKings,3.5,over,4.64,-460,,0.8214,0.8214,,1,0.7276,-0.0939,-0.0939,ev,none,live,202609250580A50A,2026-09-22T17:47:03.773Z
2026,3,15868,Drake London,ATL,WR,at GB,receptions,Caesars,3.5,over,4.64,-460,,0.8214,0.8214,,1,0.7276,-0.0939,-0.0939,ev,none,live,202609250580A50A,2026-09-22T17:47:03.773Z
2026,3,12483,Josh Allen,BUF,QB,vs LAC,passYds,Hard Rock,149.5,over,256.07,-4000,1000,0.9756,0.9148,0.0665,0,0.8816,-0.0940,-0.0332,ev,multiplicative,live,2026092763BB8AC8,2026-09-22T17:47:03.773Z
2026,3,12483,Josh Allen,BUF,QB,vs LAC,passYds,Hard Rock,168.5,over,256.07,-1300,550,0.9286,0.8579,0.0824,0,0.8345,-0.0941,-0.0234,ev,multiplicative,live,2026092763BB8AC8,2026-09-22T17:47:03.773Z
2026,3,11008,Dak Prescott,DAL,QB,vs BAL,passTD,Hard Rock,2.5,over,1.57,230,,0.3030,0.3030,,1,0.2089,-0.0941,-0.0941,ev,none,live,202609270726D5A2,2026-09-22T17:47:03.773Z
2026,3,14371,Jordan Love,GB,QB,vs ATL,passYds,DraftKings,169.5,over,232.97,-630,,0.8630,0.8630,,1,0.7688,-0.0942,-0.0942,ev,none,live,202609250580A50A,2026-09-22T17:47:03.773Z
2026,3,15853,George Pickens,DAL,WR,vs BAL,recYds,Hard Rock,109.5,under,75.47,-1000,475,0.9091,0.8394,0.0830,0,0.8149,-0.0942,-0.0245,ev,multiplicative,live,202609270726D5A2,2026-09-22T17:47:03.773Z
2026,3,14371,Jordan Love,GB,QB,vs ATL,passAtt,DraftKings,23.5,over,32.45,-1500,,0.9375,0.9375,,1,0.8432,-0.0943,-0.0943,ev,none,live,202609250580A50A,2026-09-22T17:47:03.773Z
2026,3,14371,Jordan Love,GB,QB,vs ATL,passAtt,theScore,24.5,over,32.45,-1000,,0.9091,0.9091,,1,0.8147,-0.0944,-0.0944,ev,none,live,202609250580A50A,2026-09-22T17:47:03.773Z
2026,3,16741,Chris Brooks,GB,RB,vs ATL,recYds,Hard Rock,32.5,over,9.58,850,-3000,0.1053,0.0981,0.0730,0,0.0108,-0.0945,-0.0873,ev,multiplicative,live,202609250580A50A,2026-09-22T17:47:03.773Z
2026,3,14371,Jordan Love,GB,QB,vs ATL,passYds,Hard Rock,127.5,over,232.97,-6000,1400,0.9836,0.9365,0.0503,0,0.8890,-0.0946,-0.0476,ev,multiplicative,live,202609250580A50A,2026-09-22T17:47:03.773Z
2026,3,18515,Kaleb Johnson,GB,RB,vs ATL,rushYds,Hard Rock,79.5,over,21.07,800,-2500,0.1111,0.1036,0.0726,0,0.0165,-0.0946,-0.0871,ev,multiplicative,live,202609250580A50A,2026-09-22T17:47:03.773Z
2026,3,15947,Jake Ferguson,DAL,TE,vs BAL,recYds,Hard Rock,62.5,over,34.7,700,-2000,0.1250,0.1160,0.0774,0,0.0304,-0.0946,-0.0856,ev,multiplicative,live,202609270726D5A2,2026-09-22T17:47:03.773Z
2026,3,17700,Michael Penix Jr.,ATL,QB,at GB,passYds,Caesars,239.5,over,199.74,175,,0.3636,0.3636,,1,0.2689,-0.0948,-0.0948,ev,none,live,202609250580A50A,2026-09-22T17:47:03.773Z
2026,3,16739,Bijan Robinson,ATL,RB,at GB,rushYds,Hard Rock,98.5,under,87.97,-250,175,0.7143,0.6627,0.0779,0,0.6195,-0.0948,-0.0431,ev,multiplicative,live,202609250580A50A,2026-09-22T17:47:03.773Z
2026,3,11008,Dak Prescott,DAL,QB,vs BAL,passYds,Hard Rock,245.5,over,260.17,-195,140,0.6610,0.6134,0.0777,0,0.5662,-0.0948,-0.0472,ev,multiplicative,live,202609270726D5A2,2026-09-22T17:47:03.773Z
2026,3,15946,Christian Watson,GB,WR,vs ATL,recYds,Hard Rock,23.5,over,69.75,-1600,600,0.9412,0.8682,0.0840,0,0.8462,-0.0949,-0.0220,ev,multiplicative,live,202609250580A50A,2026-09-22T17:47:03.773Z
2026,3,15868,Drake London,ATL,WR,at GB,recYds,BetRivers,65.5,over,61.67,-114,-117,0.5327,0.4970,0.0719,0,0.4378,-0.0950,-0.0592,ev,multiplicative,live,202609250580A50A,2026-09-22T17:47:03.773Z
2026,3,11008,Dak Prescott,DAL,QB,vs BAL,passTD,DraftKings,2.5,over,1.57,229,,0.3040,0.3040,,1,0.2089,-0.0950,-0.0950,ev,none,live,202609270726D5A2,2026-09-22T17:47:03.773Z
2026,3,18500,Matthew Golden,GB,WR,vs ATL,recYds,Hard Rock,7.5,over,52.68,-7000,1400,0.9859,0.9367,0.0526,0,0.8909,-0.0950,-0.0458,ev,multiplicative,live,202609250580A50A,2026-09-22T17:47:03.773Z
2026,3,15306,Javonte Williams,DAL,RB,vs BAL,rushAtt,DraftKings,21.5,over,17.31,950,,0.0952,0.0952,,1,0.0000,-0.0952,-0.0952,ev,none,live,202609270726D5A2,2026-09-22T17:47:03.773Z
2026,3,18500,Matthew Golden,GB,WR,vs ATL,recYds,theScore,9.5,over,52.68,-4000,,0.9756,0.9756,,1,0.8804,-0.0953,-0.0953,ev,none,live,202609250580A50A,2026-09-22T17:47:03.773Z
2026,3,14411,CeeDee Lamb,DAL,WR,vs BAL,receptions,Hard Rock,7.5,over,5.87,120,-165,0.4545,0.4220,0.0772,0,0.3592,-0.0953,-0.0627,ev,multiplicative,live,202609270726D5A2,2026-09-22T17:47:03.773Z
2026,3,15947,Jake Ferguson,DAL,TE,vs BAL,recYds,Hard Rock,64.5,over,34.7,750,-2200,0.1176,0.1095,0.0742,0,0.0222,-0.0954,-0.0873,ev,multiplicative,live,202609270726D5A2,2026-09-22T17:47:03.773Z
2026,3,15907,Brian Robinson Jr.,ATL,RB,at GB,rushYds,Hard Rock,62.5,under,22,-5000,1200,0.9804,0.9272,0.0573,0,0.8849,-0.0955,-0.0424,ev,multiplicative,live,202609250580A50A,2026-09-22T17:47:03.773Z
2026,3,18478,Tre Harris,LAC,WR,at BUF,recYds,Hard Rock,43.5,over,34.63,145,-210,0.4082,0.3760,0.0856,0,0.3126,-0.0955,-0.0633,ev,multiplicative,live,2026092763BB8AC8,2026-09-22T17:47:03.773Z
2026,3,15850,Jahan Dotson,ATL,WR,at GB,receptions,FanDuel,3.5,over,1.43,486,,0.1706,0.1706,,1,0.0750,-0.0956,-0.0956,ev,none,live,202609250580A50A,2026-09-22T17:47:03.773Z
2026,3,15947,Jake Ferguson,DAL,TE,vs BAL,recYds,theScore,59.5,over,34.7,600,,0.1429,0.1429,,1,0.0472,-0.0957,-0.0957,ev,none,live,202609270726D5A2,2026-09-22T17:47:03.773Z
2026,3,12483,Josh Allen,BUF,QB,vs LAC,passYds,Hard Rock,158.5,over,256.07,-2200,750,0.9565,0.8905,0.0742,0,0.8606,-0.0959,-0.0299,ev,multiplicative,live,2026092763BB8AC8,2026-09-22T17:47:03.773Z
2026,3,17700,Michael Penix Jr.,ATL,QB,at GB,passYds,Caesars,229.5,over,199.74,139,,0.4184,0.4184,,1,0.3223,-0.0961,-0.0961,ev,none,live,202609250580A50A,2026-09-22T17:47:03.773Z
2026,3,11008,Dak Prescott,DAL,QB,vs BAL,completions,BetRivers,29.5,over,22.43,310,,0.2439,0.2439,,1,0.1478,-0.0961,-0.0961,ev,none,live,202609270726D5A2,2026-09-22T17:47:03.773Z
2026,3,14371,Jordan Love,GB,QB,vs ATL,passAtt,Caesars,31.5,under,32.45,-124,-107,0.5536,0.5171,0.0705,0,0.4574,-0.0962,-0.0597,ev,multiplicative,live,202609250580A50A,2026-09-22T17:47:03.773Z
2026,3,15306,Javonte Williams,DAL,RB,vs BAL,recYds,FanDuel,9.5,over,15.36,-321,,0.7625,0.7625,,1,0.6663,-0.0962,-0.0962,ev,none,live,202609270726D5A2,2026-09-22T17:47:03.773Z
2026,3,11008,Dak Prescott,DAL,QB,vs BAL,passAtt,DraftKings,47.5,over,35.07,810,,0.1099,0.1099,,1,0.0135,-0.0964,-0.0964,ev,none,live,202609270726D5A2,2026-09-22T17:47:03.773Z
2026,3,15876,James Cook,BUF,RB,vs LAC,rushYds,Hard Rock,76.5,over,76.14,-145,105,0.5918,0.5482,0.0796,0,0.4955,-0.0964,-0.0527,ev,multiplicative,live,2026092763BB8AC8,2026-09-22T17:47:03.773Z
2026,3,12483,Josh Allen,BUF,QB,vs LAC,passYds,Hard Rock,228.5,under,256.07,110,-155,0.4762,0.4393,0.0840,0,0.3798,-0.0964,-0.0595,ev,multiplicative,live,2026092763BB8AC8,2026-09-22T17:47:03.773Z
2026,3,18445,Omarion Hampton,LAC,RB,at BUF,recYds,FanDuel,24.5,over,12.02,289,,0.2571,0.2571,,1,0.1604,-0.0966,-0.0966,ev,none,live,2026092763BB8AC8,2026-09-22T17:47:03.773Z
2026,3,18445,Omarion Hampton,LAC,RB,at BUF,recYds,FanDuel,39.5,over,12.02,799,,0.1112,0.1112,,1,0.0144,-0.0968,-0.0968,ev,none,live,2026092763BB8AC8,2026-09-22T17:47:03.773Z
2026,3,15946,Christian Watson,GB,WR,vs ATL,recYds,Hard Rock,18.5,over,69.75,-3000,850,0.9677,0.9019,0.0730,0,0.8709,-0.0968,-0.0310,ev,multiplicative,live,202609250580A50A,2026-09-22T17:47:03.773Z
2026,3,15850,Jahan Dotson,ATL,WR,at GB,recYds,DraftKings,59.5,over,17.4,930,,0.0971,0.0971,,1,0.0002,-0.0969,-0.0969,ev,none,live,202609250580A50A,2026-09-22T17:47:03.773Z
2026,3,17724,Ladd McConkey,LAC,WR,at BUF,receptions,BetRivers,1.5,over,4.77,-5000,,0.9804,0.9804,,1,0.8834,-0.0970,-0.0970,ev,none,live,2026092763BB8AC8,2026-09-22T17:47:03.773Z
2026,3,11008,Dak Prescott,DAL,QB,vs BAL,passYds,Caesars,229.5,over,260.17,-275,,0.7333,0.7333,,1,0.6363,-0.0970,-0.0970,ev,none,live,202609270726D5A2,2026-09-22T17:47:03.773Z
2026,3,15265,Kyle Pitts,ATL,TE,at GB,recYds,Hard Rock,55.5,over,40.08,230,-350,0.3030,0.2804,0.0808,0,0.2060,-0.0970,-0.0743,ev,multiplicative,live,202609250580A50A,2026-09-22T17:47:03.773Z
2026,3,16649,Tucker Kraft,GB,TE,vs ATL,recYds,DraftKings,99.5,over,49.04,770,,0.1149,0.1149,,1,0.0177,-0.0972,-0.0972,ev,none,live,202609250580A50A,2026-09-22T17:47:03.773Z
2026,3,11008,Dak Prescott,DAL,QB,vs BAL,passYds,Caesars,219.5,over,260.17,-345,,0.7753,0.7753,,1,0.6780,-0.0973,-0.0973,ev,none,live,202609270726D5A2,2026-09-22T17:47:03.773Z
2026,3,16739,Bijan Robinson,ATL,RB,at GB,receptions,Hard Rock,8.5,over,4.13,750,-2500,0.1176,0.1090,0.0792,0,0.0203,-0.0973,-0.0887,ev,multiplicative,live,202609250580A50A,2026-09-22T17:47:03.773Z
2026,3,18500,Matthew Golden,GB,WR,vs ATL,recYds,Hard Rock,17.5,over,52.68,-1300,550,0.9286,0.8579,0.0824,0,0.8312,-0.0974,-0.0267,ev,multiplicative,live,202609250580A50A,2026-09-22T17:47:03.773Z
2026,3,15265,Kyle Pitts,ATL,TE,at GB,recYds,DraftKings,69.5,over,40.08,540,,0.1563,0.1563,,1,0.0588,-0.0975,-0.0975,ev,none,live,202609250580A50A,2026-09-22T17:47:03.773Z
2026,3,14371,Jordan Love,GB,QB,vs ATL,passYds,DraftKings,159.5,over,232.97,-900,,0.9000,0.9000,,1,0.8025,-0.0975,-0.0975,ev,none,live,202609250580A50A,2026-09-22T17:47:03.773Z
2026,3,16739,Bijan Robinson,ATL,RB,at GB,receptions,FanDuel,8.5,over,4.13,748,,0.1179,0.1179,,1,0.0203,-0.0976,-0.0976,ev,none,live,202609250580A50A,2026-09-22T17:47:03.773Z
2026,3,15868,Drake London,ATL,WR,at GB,recYds,Hard Rock,68.5,over,61.67,105,-145,0.4878,0.4518,0.0796,0,0.3900,-0.0978,-0.0618,ev,multiplicative,live,202609250580A50A,2026-09-22T17:47:03.773Z
2026,3,16649,Tucker Kraft,GB,TE,vs ATL,recYds,BetRivers,79.5,over,49.04,400,,0.2000,0.2000,,1,0.1021,-0.0979,-0.0979,ev,none,live,202609250580A50A,2026-09-22T17:47:03.773Z
2026,3,12477,DJ Moore,BUF,WR,vs LAC,receptions,FanDuel,3.5,over,3.37,-140,106,0.5833,0.5458,0.0688,0,0.4854,-0.0979,-0.0604,ev,multiplicative,live,2026092763BB8AC8,2026-09-22T17:47:03.773Z
2026,3,12477,DJ Moore,BUF,WR,vs LAC,receptions,Hard Rock,3.5,over,3.37,-140,105,0.5833,0.5446,0.0711,0,0.4854,-0.0979,-0.0592,ev,multiplicative,live,2026092763BB8AC8,2026-09-22T17:47:03.773Z
2026,3,15947,Jake Ferguson,DAL,TE,vs BAL,recYds,Hard Rock,57.5,over,34.7,525,-1200,0.1600,0.1477,0.0831,0,0.0620,-0.0980,-0.0857,ev,multiplicative,live,202609270726D5A2,2026-09-22T17:47:03.773Z
2026,3,16649,Tucker Kraft,GB,TE,vs ATL,recYds,DraftKings,69.5,over,49.04,239,,0.2950,0.2950,,1,0.1969,-0.0981,-0.0981,ev,none,live,202609250580A50A,2026-09-22T17:47:03.773Z
2026,3,15306,Javonte Williams,DAL,RB,vs BAL,rushYds,FanDuel,124.5,over,63.83,919,,0.0981,0.0981,,1,0.0000,-0.0981,-0.0981,ev,none,live,202609270726D5A2,2026-09-22T17:47:03.773Z
2026,3,12561,Lamar Jackson,BAL,QB,at DAL,passYds,Hard Rock,348.5,under,259.92,-4000,1000,0.9756,0.9148,0.0665,0,0.8776,-0.0981,-0.0372,ev,multiplicative,live,202609270726D5A2,2026-09-22T17:47:03.773Z
2026,3,15876,James Cook,BUF,RB,vs LAC,rushYds,BetRivers,99.5,over,76.14,205,,0.3279,0.3279,,1,0.2296,-0.0982,-0.0982,ev,none,live,2026092763BB8AC8,2026-09-22T17:47:03.773Z
2026,3,14371,Jordan Love,GB,QB,vs ATL,passAtt,theScore,31.5,under,32.45,-125,-105,0.5556,0.5203,0.0678,0,0.4574,-0.0982,-0.0629,ev,multiplicative,live,202609250580A50A,2026-09-22T17:47:03.773Z
2026,3,14371,Jordan Love,GB,QB,vs ATL,completions,DraftKings,13.5,over,21.3,-1400,,0.9333,0.9333,,1,0.8350,-0.0983,-0.0983,ev,none,live,202609250580A50A,2026-09-22T17:47:03.773Z
2026,3,15946,Christian Watson,GB,WR,vs ATL,recYds,BetMGM,62.5,under,69.75,-115,-115,0.5349,0.5000,0.0698,0,0.4365,-0.0984,-0.0635,ev,multiplicative,live,202609250580A50A,2026-09-22T17:47:03.773Z
2026,3,14446,Justin Herbert,LAC,QB,at BUF,int,BetRivers,1.5,over,0.55,390,,0.2041,0.2041,,1,0.1057,-0.0984,-0.0984,ev,none,live,2026092763BB8AC8,2026-09-22T17:47:03.773Z
2026,3,11008,Dak Prescott,DAL,QB,vs BAL,rushYds,FanDuel,39.5,over,9.5,916,,0.0984,0.0984,,1,0.0000,-0.0984,-0.0984,ev,none,live,202609270726D5A2,2026-09-22T17:47:03.773Z
2026,3,14371,Jordan Love,GB,QB,vs ATL,rushYds,Hard Rock,33.5,over,14.63,900,-4000,0.1000,0.0930,0.0756,0,0.0015,-0.0985,-0.0915,ev,multiplicative,live,202609250580A50A,2026-09-22T17:47:03.773Z
2026,3,12477,DJ Moore,BUF,WR,vs LAC,receptions,Hard Rock,7.5,under,3.37,-4000,1100,0.9756,0.9213,0.0589,0,0.8771,-0.0985,-0.0442,ev,multiplicative,live,2026092763BB8AC8,2026-09-22T17:47:03.773Z
2026,3,12561,Lamar Jackson,BAL,QB,at DAL,rushYds,Hard Rock,76.5,under,52.86,-2200,750,0.9565,0.8905,0.0742,0,0.8579,-0.0986,-0.0326,ev,multiplicative,live,202609270726D5A2,2026-09-22T17:47:03.773Z
2026,3,15876,James Cook,BUF,RB,vs LAC,rushYds,BetRivers,89.5,over,76.14,130,,0.4348,0.4348,,1,0.3361,-0.0987,-0.0987,ev,none,live,2026092763BB8AC8,2026-09-22T17:47:03.773Z
2026,3,14446,Justin Herbert,LAC,QB,at BUF,passYds,Hard Rock,131.5,over,223.25,-4000,900,0.9756,0.9070,0.0756,0,0.8768,-0.0988,-0.0302,ev,multiplicative,live,2026092763BB8AC8,2026-09-22T17:47:03.773Z
2026,3,14446,Justin Herbert,LAC,QB,at BUF,passYds,Hard Rock,149.5,over,223.25,-1200,550,0.9231,0.8571,0.0769,0,0.8243,-0.0988,-0.0329,ev,multiplicative,live,2026092763BB8AC8,2026-09-22T17:47:03.773Z
2026,3,18478,Tre Harris,LAC,WR,at BUF,recYds,Hard Rock,18.5,over,34.63,-350,220,0.7778,0.7134,0.0903,0,0.6789,-0.0988,-0.0344,ev,multiplicative,live,2026092763BB8AC8,2026-09-22T17:47:03.773Z
2026,3,14446,Justin Herbert,LAC,QB,at BUF,passYds,Hard Rock,151.5,over,223.25,-1100,525,0.9167,0.8514,0.0767,0,0.8176,-0.0990,-0.0337,ev,multiplicative,live,2026092763BB8AC8,2026-09-22T17:47:03.773Z
2026,3,14371,Jordan Love,GB,QB,vs ATL,passAtt,BetMGM,30.5,under,32.45,-105,-130,0.5122,0.4754,0.0774,0,0.4131,-0.0991,-0.0623,ev,multiplicative,live,202609250580A50A,2026-09-22T17:47:03.773Z
2026,3,12561,Lamar Jackson,BAL,QB,at DAL,passYds,DraftKings,243.5,under,259.92,-112,-112,0.5283,0.5000,0.0566,0,0.4292,-0.0991,-0.0708,ev,multiplicative,live,202609270726D5A2,2026-09-22T17:47:03.773Z
2026,3,14371,Jordan Love,GB,QB,vs ATL,passYds,Hard Rock,167.5,over,232.97,-700,400,0.8750,0.8140,0.0750,0,0.7758,-0.0992,-0.0382,ev,multiplicative,live,202609250580A50A,2026-09-22T17:47:03.773Z
2026,3,15265,Kyle Pitts,ATL,TE,at GB,recYds,theScore,59.5,over,40.08,300,,0.2500,0.2500,,1,0.1508,-0.0992,-0.0992,ev,none,live,202609250580A50A,2026-09-22T17:47:03.773Z
2026,3,11008,Dak Prescott,DAL,QB,vs BAL,passYds,FanDuel,224.5,over,260.17,-311,,0.7567,0.7567,,1,0.6574,-0.0993,-0.0993,ev,none,live,202609270726D5A2,2026-09-22T17:47:03.773Z
2026,3,14371,Jordan Love,GB,QB,vs ATL,passYds,DraftKings,149.5,over,232.97,-1380,,0.9324,0.9324,,1,0.8331,-0.0994,-0.0994,ev,none,live,202609250580A50A,2026-09-22T17:47:03.773Z
2026,3,12477,DJ Moore,BUF,WR,vs LAC,receptions,Caesars,3.5,over,3.37,-141,108,0.5851,0.5489,0.0658,0,0.4854,-0.0996,-0.0635,ev,multiplicative,live,2026092763BB8AC8,2026-09-22T17:47:03.773Z
2026,3,15265,Kyle Pitts,ATL,TE,at GB,recYds,theScore,79.5,over,40.08,750,,0.1176,0.1176,,1,0.0180,-0.0996,-0.0996,ev,none,live,202609250580A50A,2026-09-22T17:47:03.773Z
2026,3,17700,Michael Penix Jr.,ATL,QB,at GB,rushYds,Hard Rock,28.5,over,8.86,850,-3000,0.1053,0.0981,0.0730,0,0.0057,-0.0996,-0.0924,ev,multiplicative,live,202609250580A50A,2026-09-22T17:47:03.773Z
2026,3,18500,Matthew Golden,GB,WR,vs ATL,recYds,FanDuel,19.5,over,52.68,-1104,,0.9169,0.9169,,1,0.8171,-0.0999,-0.0999,ev,none,live,202609250580A50A,2026-09-22T17:47:03.773Z
2026,3,15850,Jahan Dotson,ATL,WR,at GB,recYds,Hard Rock,69.5,over,17.4,900,-4000,0.1000,0.0930,0.0756,0,0.0000,-0.1000,-0.0930,ev,multiplicative,live,202609250580A50A,2026-09-22T17:47:03.773Z
2026,3,17724,Ladd McConkey,LAC,WR,at BUF,recYds,Hard Rock,78.5,under,64.26,-375,240,0.7895,0.7286,0.0836,0,0.6895,-0.1000,-0.0391,ev,multiplicative,live,2026092763BB8AC8,2026-09-22T17:47:03.773Z
2026,3,15876,James Cook,BUF,RB,vs LAC,rushYds,FanDuel,81.5,over,76.14,-114,-114,0.5327,0.5000,0.0654,0,0.4326,-0.1001,-0.0674,ev,multiplicative,live,2026092763BB8AC8,2026-09-22T17:47:03.773Z
2026,3,15947,Jake Ferguson,DAL,TE,vs BAL,receptions,FanDuel,3.5,under,3.73,-108,-120,0.5192,0.4877,0.0647,0,0.4191,-0.1001,-0.0686,ev,multiplicative,live,202609270726D5A2,2026-09-22T17:47:03.773Z
2026,3,18500,Matthew Golden,GB,WR,vs ATL,receptions,theScore,3.5,over,4,-210,,0.6774,0.6774,,1,0.5773,-0.1001,-0.1001,ev,none,live,202609250580A50A,2026-09-22T17:47:03.773Z
2026,3,16649,Tucker Kraft,GB,TE,vs ATL,recYds,FanDuel,99.5,over,49.04,748,,0.1179,0.1179,,1,0.0177,-0.1002,-0.1002,ev,none,live,202609250580A50A,2026-09-22T17:47:03.773Z
2026,3,14411,CeeDee Lamb,DAL,WR,vs BAL,recYds,Caesars,109.5,over,81.88,179,,0.3584,0.3584,,1,0.2580,-0.1004,-0.1004,ev,none,live,202609270726D5A2,2026-09-22T17:47:03.773Z
2026,3,11008,Dak Prescott,DAL,QB,vs BAL,passYds,FanDuel,174.5,over,260.17,-1451,,0.9355,0.9355,,1,0.8349,-0.1007,-0.1007,ev,none,live,202609270726D5A2,2026-09-22T17:47:03.773Z
2026,3,12477,DJ Moore,BUF,WR,vs LAC,receptions,Hard Rock,5.5,under,3.37,-475,300,0.8261,0.7677,0.0761,0,0.7253,-0.1008,-0.0424,ev,multiplicative,live,2026092763BB8AC8,2026-09-22T17:47:03.773Z
2026,3,15850,Jahan Dotson,ATL,WR,at GB,recYds,BetRivers,19.5,over,17.4,-113,-115,0.5305,0.4980,0.0654,0,0.4296,-0.1010,-0.0684,ev,multiplicative,live,202609250580A50A,2026-09-22T17:47:03.773Z
2026,3,16649,Tucker Kraft,GB,TE,vs ATL,recYds,Hard Rock,21.5,under,49.04,350,-600,0.2222,0.2059,0.0794,0,0.1212,-0.1010,-0.0847,ev,multiplicative,live,202609250580A50A,2026-09-22T17:47:03.773Z
2026,3,14371,Jordan Love,GB,QB,vs ATL,passYds,Hard Rock,174.5,over,232.97,-575,325,0.8519,0.7836,0.0871,0,0.7508,-0.1011,-0.0328,ev,multiplicative,live,202609250580A50A,2026-09-22T17:47:03.773Z
2026,3,17724,Ladd McConkey,LAC,WR,at BUF,recYds,Hard Rock,38.5,under,64.26,180,-250,0.3571,0.3333,0.0714,0,0.2560,-0.1011,-0.0773,ev,multiplicative,live,2026092763BB8AC8,2026-09-22T17:47:03.773Z
2026,3,16649,Tucker Kraft,GB,TE,vs ATL,recYds,Hard Rock,24.5,under,49.04,300,-475,0.2500,0.2323,0.0761,0,0.1488,-0.1012,-0.0835,ev,multiplicative,live,202609250580A50A,2026-09-22T17:47:03.773Z
2026,3,16741,Chris Brooks,GB,RB,vs ATL,rushYds,Caesars,39.5,over,28.67,425,,0.1905,0.1905,,1,0.0889,-0.1016,-0.1016,ev,none,live,202609250580A50A,2026-09-22T17:47:03.773Z
2026,3,14411,CeeDee Lamb,DAL,WR,vs BAL,receptions,FanDuel,7.5,over,5.87,117,,0.4608,0.4608,,1,0.3592,-0.1016,-0.1016,ev,none,live,202609270726D5A2,2026-09-22T17:47:03.773Z
2026,3,14371,Jordan Love,GB,QB,vs ATL,rushYds,FanDuel,24.5,over,14.63,517,,0.1621,0.1621,,1,0.0604,-0.1017,-0.1017,ev,none,live,202609250580A50A,2026-09-22T17:47:03.773Z
2026,3,14411,CeeDee Lamb,DAL,WR,vs BAL,recYds,Caesars,119.5,over,81.88,245,,0.2899,0.2899,,1,0.1881,-0.1017,-0.1017,ev,none,live,202609270726D5A2,2026-09-22T17:47:03.773Z
2026,3,16649,Tucker Kraft,GB,TE,vs ATL,recYds,Hard Rock,41.5,under,49.04,110,-155,0.4762,0.4393,0.0840,0,0.3745,-0.1017,-0.0648,ev,multiplicative,live,202609250580A50A,2026-09-22T17:47:03.773Z
2026,3,16649,Tucker Kraft,GB,TE,vs ATL,recYds,Hard Rock,39.5,under,49.04,125,-175,0.4444,0.4112,0.0808,0,0.3428,-0.1017,-0.0685,ev,multiplicative,live,202609250580A50A,2026-09-22T17:47:03.773Z
2026,3,16899,Quentin Johnston,LAC,WR,at BUF,recYds,Hard Rock,70.5,under,42.06,-750,400,0.8824,0.8152,0.0824,0,0.7807,-0.1017,-0.0346,ev,multiplicative,live,2026092763BB8AC8,2026-09-22T17:47:03.773Z
2026,3,14371,Jordan Love,GB,QB,vs ATL,rushYds,FanDuel,29.5,over,14.63,797,,0.1115,0.1115,,1,0.0097,-0.1018,-0.1018,ev,none,live,202609250580A50A,2026-09-22T17:47:03.773Z
2026,3,11008,Dak Prescott,DAL,QB,vs BAL,int,BetRivers,0.5,over,0.59,-121,-109,0.5475,0.5122,0.0690,0,0.4457,-0.1018,-0.0665,ev,multiplicative,live,202609270726D5A2,2026-09-22T17:47:03.773Z
2026,3,15876,James Cook,BUF,RB,vs LAC,rushYds,BetRivers,79.5,over,76.14,-127,,0.5595,0.5595,,1,0.4576,-0.1019,-0.1019,ev,none,live,2026092763BB8AC8,2026-09-22T17:47:03.773Z
2026,3,14446,Justin Herbert,LAC,QB,at BUF,rushYds,FanDuel,49.5,over,22.63,878,,0.1022,0.1022,,1,0.0001,-0.1021,-0.1021,ev,none,live,2026092763BB8AC8,2026-09-22T17:47:03.773Z
2026,3,12483,Josh Allen,BUF,QB,vs LAC,passYds,Hard Rock,338.5,under,256.07,-3000,800,0.9677,0.8970,0.0789,0,0.8657,-0.1021,-0.0313,ev,multiplicative,live,2026092763BB8AC8,2026-09-22T17:47:03.773Z
2026,3,15876,James Cook,BUF,RB,vs LAC,rushYds,Caesars,81.5,over,76.14,-115,-113,0.5349,0.5020,0.0654,0,0.4326,-0.1023,-0.0695,ev,multiplicative,live,2026092763BB8AC8,2026-09-22T17:47:03.773Z
2026,3,15876,James Cook,BUF,RB,vs LAC,rushYds,BetRivers,81.5,over,76.14,-115,-114,0.5349,0.5010,0.0676,0,0.4326,-0.1023,-0.0684,ev,multiplicative,live,2026092763BB8AC8,2026-09-22T17:47:03.773Z
2026,3,15876,James Cook,BUF,RB,vs LAC,rushYds,Hard Rock,81.5,over,76.14,-115,-115,0.5349,0.5000,0.0698,0,0.4326,-0.1023,-0.0674,ev,multiplicative,live,2026092763BB8AC8,2026-09-22T17:47:03.773Z
2026,3,15265,Kyle Pitts,ATL,TE,at GB,recYds,BetRivers,59.5,over,40.08,295,,0.2532,0.2532,,1,0.1508,-0.1024,-0.1024,ev,none,live,202609250580A50A,2026-09-22T17:47:03.773Z
2026,3,16741,Chris Brooks,GB,RB,vs ATL,rushYds,FanDuel,69.5,over,28.67,876,,0.1025,0.1025,,1,0.0000,-0.1025,-0.1025,ev,none,live,202609250580A50A,2026-09-22T17:47:03.773Z
2026,3,15868,Drake London,ATL,WR,at GB,recYds,Caesars,129.5,over,61.67,850,,0.1053,0.1053,,1,0.0028,-0.1025,-0.1025,ev,none,live,202609250580A50A,2026-09-22T17:47:03.773Z
2026,3,11008,Dak Prescott,DAL,QB,vs BAL,passYds,FanDuel,199.5,over,260.17,-601,,0.8573,0.8573,,1,0.7547,-0.1026,-0.1026,ev,none,live,202609270726D5A2,2026-09-22T17:47:03.773Z
2026,3,16741,Chris Brooks,GB,RB,vs ATL,recYds,FanDuel,24.5,over,9.58,488,,0.1701,0.1701,,1,0.0674,-0.1027,-0.1027,ev,none,live,202609250580A50A,2026-09-22T17:47:03.773Z
2026,3,12483,Josh Allen,BUF,QB,vs LAC,rushYds,FanDuel,39.5,over,32.45,142,,0.4132,0.4132,,1,0.3105,-0.1027,-0.1027,ev,none,live,2026092763BB8AC8,2026-09-22T17:47:03.773Z
2026,3,16739,Bijan Robinson,ATL,RB,at GB,receptions,Caesars,7.5,over,4.13,525,,0.1600,0.1600,,1,0.0572,-0.1028,-0.1028,ev,none,live,202609250580A50A,2026-09-22T17:47:03.773Z
2026,3,16741,Chris Brooks,GB,RB,vs ATL,rushYds,Hard Rock,6.5,under,28.67,275,-450,0.2667,0.2458,0.0848,0,0.1637,-0.1029,-0.0821,ev,multiplicative,live,202609250580A50A,2026-09-22T17:47:03.773Z
2026,3,14446,Justin Herbert,LAC,QB,at BUF,rushYds,DraftKings,49.5,over,22.63,870,,0.1031,0.1031,,1,0.0001,-0.1030,-0.1030,ev,none,live,2026092763BB8AC8,2026-09-22T17:47:03.773Z
2026,3,16741,Chris Brooks,GB,RB,vs ATL,recYds,Caesars,19.5,over,9.58,280,,0.2632,0.2632,,1,0.1601,-0.1031,-0.1031,ev,none,live,202609250580A50A,2026-09-22T17:47:03.773Z
2026,3,15850,Jahan Dotson,ATL,WR,at GB,recYds,FanDuel,19.5,over,17.4,-114,-114,0.5327,0.5000,0.0654,0,0.4296,-0.1032,-0.0704,ev,multiplicative,live,202609250580A50A,2026-09-22T17:47:03.773Z
2026,3,11008,Dak Prescott,DAL,QB,vs BAL,passTD,FanDuel,0.5,over,1.57,-854,,0.8952,0.8952,,1,0.7920,-0.1032,-0.1032,ev,none,live,202609270726D5A2,2026-09-22T17:47:03.773Z
2026,3,16649,Tucker Kraft,GB,TE,vs ATL,recYds,Hard Rock,71.5,over,49.04,260,-400,0.2778,0.2577,0.0778,0,0.1746,-0.1032,-0.0832,ev,multiplicative,live,202609250580A50A,2026-09-22T17:47:03.773Z
2026,3,14446,Justin Herbert,LAC,QB,at BUF,passYds,Hard Rock,141.5,over,223.25,-2000,700,0.9524,0.8840,0.0774,0,0.8491,-0.1032,-0.0348,ev,multiplicative,live,2026092763BB8AC8,2026-09-22T17:47:03.773Z
2026,3,12477,DJ Moore,BUF,WR,vs LAC,recYds,BetRivers,48.5,under,52.56,-113,-118,0.5305,0.4950,0.0718,0,0.4272,-0.1033,-0.0677,ev,multiplicative,live,2026092763BB8AC8,2026-09-22T17:47:03.773Z
2026,3,12483,Josh Allen,BUF,QB,vs LAC,rushYds,Hard Rock,73.5,over,32.45,850,-3000,0.1053,0.0981,0.0730,0,0.0020,-0.1033,-0.0961,ev,multiplicative,live,2026092763BB8AC8,2026-09-22T17:47:03.773Z
2026,3,15265,Kyle Pitts,ATL,TE,at GB,recYds,FanDuel,69.5,over,40.08,516,,0.1623,0.1623,,1,0.0588,-0.1035,-0.1035,ev,none,live,202609250580A50A,2026-09-22T17:47:03.773Z
2026,3,15306,Javonte Williams,DAL,RB,vs BAL,receptions,Hard Rock,0.5,over,2.63,-7000,1500,0.9859,0.9404,0.0484,0,0.8825,-0.1035,-0.0579,ev,multiplicative,live,202609270726D5A2,2026-09-22T17:47:03.773Z
2026,3,15306,Javonte Williams,DAL,RB,vs BAL,receptions,FanDuel,6.5,over,2.63,846,,0.1057,0.1057,,1,0.0021,-0.1036,-0.1036,ev,none,live,202609270726D5A2,2026-09-22T17:47:03.773Z
2026,3,12561,Lamar Jackson,BAL,QB,at DAL,rushYds,Hard Rock,21.5,under,52.86,275,-425,0.2667,0.2478,0.0762,0,0.1631,-0.1036,-0.0847,ev,multiplicative,live,202609270726D5A2,2026-09-22T17:47:03.773Z
2026,3,15876,James Cook,BUF,RB,vs LAC,rushYds,DraftKings,79.5,over,76.14,-128,,0.5614,0.5614,,1,0.4576,-0.1038,-0.1038,ev,none,live,2026092763BB8AC8,2026-09-22T17:47:03.773Z
2026,3,15876,James Cook,BUF,RB,vs LAC,rushYds,theScore,74.5,over,76.14,-170,,0.6296,0.6296,,1,0.5258,-0.1038,-0.1038,ev,none,live,2026092763BB8AC8,2026-09-22T17:47:03.773Z
2026,3,11008,Dak Prescott,DAL,QB,vs BAL,passYds,Hard Rock,235.5,over,260.17,-250,175,0.7143,0.6627,0.0779,0,0.6104,-0.1039,-0.0522,ev,multiplicative,live,202609270726D5A2,2026-09-22T17:47:03.773Z
2026,3,15946,Christian Watson,GB,WR,vs ATL,receptions,BetMGM,4.5,over,3.95,-120,-111,0.5455,0.5090,0.0715,0,0.4415,-0.1040,-0.0676,ev,multiplicative,live,202609250580A50A,2026-09-22T17:47:03.773Z
2026,3,15868,Drake London,ATL,WR,at GB,recYds,DraftKings,69.5,over,61.67,109,,0.4785,0.4785,,1,0.3744,-0.1041,-0.1041,ev,none,live,202609250580A50A,2026-09-22T17:47:03.773Z
2026,3,17700,Michael Penix Jr.,ATL,QB,at GB,completions,theScore,22.5,over,16.68,275,,0.2667,0.2667,,1,0.1626,-0.1041,-0.1041,ev,none,live,202609250580A50A,2026-09-22T17:47:03.773Z
2026,3,11008,Dak Prescott,DAL,QB,vs BAL,rushYds,Hard Rock,2.5,under,9.5,375,-700,0.2105,0.1939,0.0855,0,0.1064,-0.1041,-0.0875,ev,multiplicative,live,202609270726D5A2,2026-09-22T17:47:03.773Z
2026,3,12561,Lamar Jackson,BAL,QB,at DAL,passYds,Hard Rock,224.5,under,259.92,120,-170,0.4545,0.4193,0.0842,0,0.3503,-0.1043,-0.0690,ev,multiplicative,live,202609270726D5A2,2026-09-22T17:47:03.773Z
2026,3,17700,Michael Penix Jr.,ATL,QB,at GB,passYds,DraftKings,189.5,over,199.74,-177,,0.6390,0.6390,,1,0.5346,-0.1044,-0.1044,ev,none,live,202609250580A50A,2026-09-22T17:47:03.773Z
2026,3,17724,Ladd McConkey,LAC,WR,at BUF,receptions,Hard Rock,4.5,under,4.77,-130,100,0.5652,0.5306,0.0652,0,0.4608,-0.1044,-0.0698,ev,multiplicative,live,2026092763BB8AC8,2026-09-22T17:47:03.773Z
2026,3,11008,Dak Prescott,DAL,QB,vs BAL,passYds,DraftKings,249.5,over,260.17,-188,,0.6528,0.6528,,1,0.5483,-0.1045,-0.1045,ev,none,live,202609270726D5A2,2026-09-22T17:47:03.773Z
2026,3,18500,Matthew Golden,GB,WR,vs ATL,recYds,Hard Rock,12.5,over,52.68,-3000,800,0.9677,0.8970,0.0789,0,0.8632,-0.1045,-0.0338,ev,multiplicative,live,202609250580A50A,2026-09-22T17:47:03.773Z
2026,3,15853,George Pickens,DAL,WR,vs BAL,recYds,Hard Rock,104.5,under,75.47,-750,425,0.8824,0.8225,0.0728,0,0.7777,-0.1046,-0.0447,ev,multiplicative,live,202609270726D5A2,2026-09-22T17:47:03.773Z
2026,3,15947,Jake Ferguson,DAL,TE,vs BAL,receptions,Hard Rock,3.5,under,3.73,-110,-120,0.5238,0.4899,0.0693,0,0.4191,-0.1047,-0.0707,ev,multiplicative,live,202609270726D5A2,2026-09-22T17:47:03.773Z
2026,3,11008,Dak Prescott,DAL,QB,vs BAL,passYds,Hard Rock,155.5,over,260.17,-8000,1600,0.9877,0.9438,0.0465,0,0.8829,-0.1048,-0.0609,ev,multiplicative,live,202609270726D5A2,2026-09-22T17:47:03.773Z
2026,3,16739,Bijan Robinson,ATL,RB,at GB,rushYds,Hard Rock,38.5,under,87.97,575,-1300,0.1481,0.1376,0.0767,0,0.0431,-0.1050,-0.0945,ev,multiplicative,live,202609250580A50A,2026-09-22T17:47:03.773Z
2026,3,18515,Kaleb Johnson,GB,RB,vs ATL,rushYds,Hard Rock,77.5,over,21.07,700,-2200,0.1250,0.1156,0.0815,0,0.0198,-0.1052,-0.0958,ev,multiplicative,live,202609250580A50A,2026-09-22T17:47:03.773Z
2026,3,15306,Javonte Williams,DAL,RB,vs BAL,rushYds,Caesars,109.5,over,63.83,850,,0.1053,0.1053,,1,0.0000,-0.1053,-0.1053,ev,none,live,202609270726D5A2,2026-09-22T17:47:03.773Z
2026,3,15850,Jahan Dotson,ATL,WR,at GB,recYds,Hard Rock,19.5,over,17.4,-115,-115,0.5349,0.5000,0.0698,0,0.4296,-0.1053,-0.0704,ev,multiplicative,live,202609250580A50A,2026-09-22T17:47:03.773Z
2026,3,18515,Kaleb Johnson,GB,RB,vs ATL,rushYds,DraftKings,79.5,over,21.07,720,,0.1220,0.1220,,1,0.0165,-0.1054,-0.1054,ev,none,live,202609250580A50A,2026-09-22T17:47:03.773Z
2026,3,16741,Chris Brooks,GB,RB,vs ATL,recYds,FanDuel,29.5,over,9.58,678,,0.1285,0.1285,,1,0.0229,-0.1056,-0.1056,ev,none,live,202609250580A50A,2026-09-22T17:47:03.773Z
2026,3,16739,Bijan Robinson,ATL,RB,at GB,recYds,FanDuel,89.5,over,32.4,846,,0.1057,0.1057,,1,0.0001,-0.1056,-0.1056,ev,none,live,202609250580A50A,2026-09-22T17:47:03.773Z
2026,3,15306,Javonte Williams,DAL,RB,vs BAL,rushYds,DraftKings,69.5,over,63.83,148,,0.4032,0.4032,,1,0.2977,-0.1056,-0.1056,ev,none,live,202609270726D5A2,2026-09-22T17:47:03.773Z
2026,3,10819,Derrick Henry,BAL,RB,at DAL,rushYds,Hard Rock,103.5,under,97.69,-200,145,0.6667,0.6203,0.0748,0,0.5610,-0.1056,-0.0592,ev,multiplicative,live,202609270726D5A2,2026-09-22T17:47:03.773Z
2026,3,12483,Josh Allen,BUF,QB,vs LAC,passYds,Caesars,239.5,under,256.07,-114,-114,0.5327,0.5000,0.0654,0,0.4270,-0.1057,-0.0730,ev,multiplicative,live,2026092763BB8AC8,2026-09-22T17:47:03.773Z
2026,3,15868,Drake London,ATL,WR,at GB,receptions,BetRivers,3.5,over,4.64,-500,,0.8333,0.8333,,1,0.7276,-0.1058,-0.1058,ev,none,live,202609250580A50A,2026-09-22T17:47:03.773Z
2026,3,18500,Matthew Golden,GB,WR,vs ATL,recYds,Caesars,19.5,over,52.68,-1200,,0.9231,0.9231,,1,0.8171,-0.1060,-0.1060,ev,none,live,202609250580A50A,2026-09-22T17:47:03.773Z
2026,3,18500,Matthew Golden,GB,WR,vs ATL,recYds,theScore,19.5,over,52.68,-1200,,0.9231,0.9231,,1,0.8171,-0.1060,-0.1060,ev,none,live,202609250580A50A,2026-09-22T17:47:03.773Z
2026,3,12483,Josh Allen,BUF,QB,vs LAC,rushYds,BetRivers,39.5,over,32.45,140,,0.4167,0.4167,,1,0.3105,-0.1061,-0.1061,ev,none,live,2026092763BB8AC8,2026-09-22T17:47:03.773Z
2026,3,12483,Josh Allen,BUF,QB,vs LAC,rushYds,theScore,39.5,over,32.45,140,,0.4167,0.4167,,1,0.3105,-0.1061,-0.1061,ev,none,live,2026092763BB8AC8,2026-09-22T17:47:03.773Z
2026,3,14371,Jordan Love,GB,QB,vs ATL,rushYds,theScore,24.5,over,14.63,500,,0.1667,0.1667,,1,0.0604,-0.1063,-0.1063,ev,none,live,202609250580A50A,2026-09-22T17:47:03.773Z
2026,3,12477,DJ Moore,BUF,WR,vs LAC,recYds,Hard Rock,19.5,under,52.56,475,-950,0.1739,0.1612,0.0787,0,0.0676,-0.1063,-0.0936,ev,multiplicative,live,2026092763BB8AC8,2026-09-22T17:47:03.773Z
2026,3,15868,Drake London,ATL,WR,at GB,recYds,FanDuel,124.5,over,61.67,797,,0.1115,0.1115,,1,0.0051,-0.1064,-0.1064,ev,none,live,202609250580A50A,2026-09-22T17:47:03.773Z
2026,3,15947,Jake Ferguson,DAL,TE,vs BAL,recYds,Hard Rock,39.5,under,34.7,-275,190,0.7333,0.6802,0.0782,0,0.6269,-0.1064,-0.0532,ev,multiplicative,live,202609270726D5A2,2026-09-22T17:47:03.773Z
2026,3,15265,Kyle Pitts,ATL,TE,at GB,recYds,Hard Rock,40.5,under,40.08,-160,115,0.6154,0.5695,0.0805,0,0.5089,-0.1065,-0.0606,ev,multiplicative,live,202609250580A50A,2026-09-22T17:47:03.773Z
2026,3,15850,Jahan Dotson,ATL,WR,at GB,receptions,Caesars,3.5,over,1.43,450,,0.1818,0.1818,,1,0.0750,-0.1068,-0.1068,ev,none,live,202609250580A50A,2026-09-22T17:47:03.773Z
2026,3,11008,Dak Prescott,DAL,QB,vs BAL,passYds,BetRivers,249.5,over,260.17,-190,,0.6552,0.6552,,1,0.5483,-0.1069,-0.1069,ev,none,live,202609270726D5A2,2026-09-22T17:47:03.773Z
2026,3,16741,Chris Brooks,GB,RB,vs ATL,recYds,DraftKings,24.5,over,9.58,473,,0.1745,0.1745,,1,0.0674,-0.1071,-0.1071,ev,none,live,202609250580A50A,2026-09-22T17:47:03.773Z
2026,3,12561,Lamar Jackson,BAL,QB,at DAL,passAtt,DraftKings,25.5,over,28.71,-322,,0.7630,0.7630,,1,0.6558,-0.1073,-0.1073,ev,none,live,202609270726D5A2,2026-09-22T17:47:03.773Z
2026,3,16649,Tucker Kraft,GB,TE,vs ATL,recYds,Hard Rock,99.5,over,49.04,700,-2200,0.1250,0.1156,0.0815,0,0.0177,-0.1073,-0.0979,ev,multiplicative,live,202609250580A50A,2026-09-22T17:47:03.773Z
2026,3,15850,Jahan Dotson,ATL,WR,at GB,recYds,DraftKings,19.5,over,17.4,-116,-108,0.5370,0.5084,0.0563,0,0.4296,-0.1075,-0.0789,ev,multiplicative,live,202609250580A50A,2026-09-22T17:47:03.773Z
2026,3,16739,Bijan Robinson,ATL,RB,at GB,rushYds,Hard Rock,39.5,under,87.97,550,-1200,0.1538,0.1429,0.0769,0,0.0464,-0.1075,-0.0965,ev,multiplicative,live,202609250580A50A,2026-09-22T17:47:03.773Z
2026,3,15876,James Cook,BUF,RB,vs LAC,rushYds,FanDuel,79.5,over,76.14,-130,,0.5652,0.5652,,1,0.4576,-0.1076,-0.1076,ev,none,live,2026092763BB8AC8,2026-09-22T17:47:03.773Z
2026,3,15876,James Cook,BUF,RB,vs LAC,rushYds,Hard Rock,79.5,over,76.14,-130,-110,0.5652,0.5190,0.0890,0,0.4576,-0.1076,-0.0614,ev,multiplicative,live,2026092763BB8AC8,2026-09-22T17:47:03.773Z
2026,3,14371,Jordan Love,GB,QB,vs ATL,passYds,Hard Rock,157.5,over,232.97,-1100,525,0.9167,0.8514,0.0767,0,0.8089,-0.1078,-0.0425,ev,multiplicative,live,202609250580A50A,2026-09-22T17:47:03.773Z
2026,3,12483,Josh Allen,BUF,QB,vs LAC,passYds,theScore,239.5,under,256.07,-115,-115,0.5349,0.5000,0.0698,0,0.4270,-0.1078,-0.0730,ev,multiplicative,live,2026092763BB8AC8,2026-09-22T17:47:03.773Z
2026,3,15265,Kyle Pitts,ATL,TE,at GB,recYds,Caesars,69.5,over,40.08,500,,0.1667,0.1667,,1,0.0588,-0.1079,-0.1079,ev,none,live,202609250580A50A,2026-09-22T17:47:03.773Z
2026,3,15265,Kyle Pitts,ATL,TE,at GB,recYds,theScore,69.5,over,40.08,500,,0.1667,0.1667,,1,0.0588,-0.1079,-0.1079,ev,none,live,202609250580A50A,2026-09-22T17:47:03.773Z
2026,3,14371,Jordan Love,GB,QB,vs ATL,rushYds,Caesars,29.5,over,14.63,750,,0.1176,0.1176,,1,0.0097,-0.1080,-0.1080,ev,none,live,202609250580A50A,2026-09-22T17:47:03.773Z
2026,3,14371,Jordan Love,GB,QB,vs ATL,rushYds,theScore,29.5,over,14.63,750,,0.1176,0.1176,,1,0.0097,-0.1080,-0.1080,ev,none,live,202609250580A50A,2026-09-22T17:47:03.773Z
2026,3,11008,Dak Prescott,DAL,QB,vs BAL,passTD,theScore,0.5,over,1.57,-900,,0.9000,0.9000,,1,0.7920,-0.1080,-0.1080,ev,none,live,202609270726D5A2,2026-09-22T17:47:03.773Z
2026,3,15946,Christian Watson,GB,WR,vs ATL,receptions,FanDuel,4.5,over,3.95,-122,-108,0.5495,0.5142,0.0688,0,0.4415,-0.1081,-0.0727,ev,multiplicative,live,202609250580A50A,2026-09-22T17:47:03.773Z
2026,3,15946,Christian Watson,GB,WR,vs ATL,receptions,DraftKings,4.5,over,3.95,-122,-105,0.5495,0.5176,0.0617,0,0.4415,-0.1081,-0.0761,ev,multiplicative,live,202609250580A50A,2026-09-22T17:47:03.773Z
2026,3,15876,James Cook,BUF,RB,vs LAC,rushYds,DraftKings,82.5,over,76.14,-112,-110,0.5283,0.5021,0.0521,0,0.4202,-0.1081,-0.0820,ev,multiplicative,live,2026092763BB8AC8,2026-09-22T17:47:03.773Z
2026,3,12561,Lamar Jackson,BAL,QB,at DAL,completions,DraftKings,17.5,over,18.74,-210,,0.6774,0.6774,,1,0.5693,-0.1081,-0.1081,ev,none,live,202609270726D5A2,2026-09-22T17:47:03.773Z
2026,3,17724,Ladd McConkey,LAC,WR,at BUF,receptions,FanDuel,4.5,under,4.77,-132,100,0.5690,0.5323,0.0690,0,0.4608,-0.1082,-0.0715,ev,multiplicative,live,2026092763BB8AC8,2026-09-22T17:47:03.773Z
2026,3,17724,Ladd McConkey,LAC,WR,at BUF,receptions,DraftKings,4.5,under,4.77,-132,103,0.5690,0.5360,0.0616,0,0.4608,-0.1082,-0.0752,ev,multiplicative,live,2026092763BB8AC8,2026-09-22T17:47:03.773Z
2026,3,16649,Tucker Kraft,GB,TE,vs ATL,recYds,Hard Rock,26.5,under,49.04,260,-400,0.2778,0.2577,0.0778,0,0.1693,-0.1084,-0.0884,ev,multiplicative,live,202609250580A50A,2026-09-22T17:47:03.773Z
2026,3,16649,Tucker Kraft,GB,TE,vs ATL,recYds,FanDuel,89.5,over,49.04,548,,0.1543,0.1543,,1,0.0458,-0.1085,-0.1085,ev,none,live,202609250580A50A,2026-09-22T17:47:03.773Z
2026,3,12483,Josh Allen,BUF,QB,vs LAC,rushYds,Hard Rock,38.5,over,32.45,125,-170,0.4444,0.4138,0.0741,0,0.3357,-0.1087,-0.0781,ev,multiplicative,live,2026092763BB8AC8,2026-09-22T17:47:03.773Z
2026,3,18478,Tre Harris,LAC,WR,at BUF,recYds,DraftKings,14.5,over,34.63,-481,,0.8279,0.8279,,1,0.7190,-0.1088,-0.1088,ev,none,live,2026092763BB8AC8,2026-09-22T17:47:03.773Z
2026,3,16739,Bijan Robinson,ATL,RB,at GB,receptions,DraftKings,7.5,over,4.13,502,,0.1661,0.1661,,1,0.0572,-0.1089,-0.1089,ev,none,live,202609250580A50A,2026-09-22T17:47:03.773Z
2026,3,16741,Chris Brooks,GB,RB,vs ATL,rushYds,Hard Rock,51.5,over,28.67,800,-3000,0.1111,0.1030,0.0789,0,0.0022,-0.1089,-0.1007,ev,multiplicative,live,202609250580A50A,2026-09-22T17:47:03.773Z
2026,3,14371,Jordan Love,GB,QB,vs ATL,rushYds,Hard Rock,23.5,over,14.63,425,-800,0.1905,0.1765,0.0794,0,0.0816,-0.1089,-0.0949,ev,multiplicative,live,202609250580A50A,2026-09-22T17:47:03.773Z
2026,3,12483,Josh Allen,BUF,QB,vs LAC,passTD,theScore,2.5,over,1.41,260,,0.2778,0.2778,,1,0.1689,-0.1089,-0.1089,ev,none,live,2026092763BB8AC8,2026-09-22T17:47:03.773Z
2026,3,18478,Tre Harris,LAC,WR,at BUF,recYds,DraftKings,49.5,over,34.63,217,,0.3155,0.3155,,1,0.2065,-0.1090,-0.1090,ev,none,live,2026092763BB8AC8,2026-09-22T17:47:03.773Z
2026,3,18515,Kaleb Johnson,GB,RB,vs ATL,rushYds,FanDuel,99.5,over,21.07,799,,0.1112,0.1112,,1,0.0021,-0.1091,-0.1091,ev,none,live,202609250580A50A,2026-09-22T17:47:03.773Z
2026,3,16649,Tucker Kraft,GB,TE,vs ATL,recYds,Hard Rock,76.5,over,49.04,325,-525,0.2353,0.2188,0.0753,0,0.1262,-0.1091,-0.0927,ev,multiplicative,live,202609250580A50A,2026-09-22T17:47:03.773Z
2026,3,14371,Jordan Love,GB,QB,vs ATL,passYds,BetRivers,179.5,over,232.97,-530,,0.8413,0.8413,,1,0.7321,-0.1092,-0.1092,ev,none,live,202609250580A50A,2026-09-22T17:47:03.773Z
2026,3,15947,Jake Ferguson,DAL,TE,vs BAL,receptions,Caesars,3.5,under,3.73,-112,-117,0.5283,0.4949,0.0675,0,0.4191,-0.1092,-0.0758,ev,multiplicative,live,202609270726D5A2,2026-09-22T17:47:03.773Z
2026,3,16741,Chris Brooks,GB,RB,vs ATL,recYds,BetMGM,7.5,under,9.58,-110,-120,0.5238,0.4899,0.0693,0,0.4144,-0.1094,-0.0755,ev,multiplicative,live,202609250580A50A,2026-09-22T17:47:03.773Z
2026,3,16649,Tucker Kraft,GB,TE,vs ATL,recYds,Hard Rock,96.5,over,49.04,650,-1800,0.1333,0.1234,0.0807,0,0.0239,-0.1094,-0.0994,ev,multiplicative,live,202609250580A50A,2026-09-22T17:47:03.773Z
2026,3,15850,Jahan Dotson,ATL,WR,at GB,recYds,Caesars,19.5,over,17.4,-117,-113,0.5392,0.5040,0.0697,0,0.4296,-0.1096,-0.0745,ev,multiplicative,live,202609250580A50A,2026-09-22T17:47:03.773Z
2026,3,12561,Lamar Jackson,BAL,QB,at DAL,passYds,Hard Rock,228.5,under,259.92,110,-150,0.4762,0.4425,0.0762,0,0.3665,-0.1097,-0.0760,ev,multiplicative,live,202609270726D5A2,2026-09-22T17:47:03.773Z
2026,3,15850,Jahan Dotson,ATL,WR,at GB,receptions,DraftKings,3.5,over,1.43,441,,0.1848,0.1848,,1,0.0750,-0.1098,-0.1098,ev,none,live,202609250580A50A,2026-09-22T17:47:03.773Z
2026,3,15265,Kyle Pitts,ATL,TE,at GB,recYds,Hard Rock,85.5,over,40.08,750,-2200,0.1176,0.1095,0.0742,0,0.0078,-0.1098,-0.1017,ev,multiplicative,live,202609250580A50A,2026-09-22T17:47:03.773Z
2026,3,11008,Dak Prescott,DAL,QB,vs BAL,passYds,Caesars,209.5,over,260.17,-480,,0.8276,0.8276,,1,0.7176,-0.1099,-0.1099,ev,none,live,202609270726D5A2,2026-09-22T17:47:03.773Z
2026,3,15868,Drake London,ATL,WR,at GB,receptions,DraftKings,5.5,over,4.64,101,-129,0.4975,0.4690,0.0608,0,0.3875,-0.1100,-0.0814,ev,multiplicative,live,202609250580A50A,2026-09-22T17:47:03.773Z
2026,3,12483,Josh Allen,BUF,QB,vs LAC,passYds,FanDuel,238.5,under,256.07,-114,-114,0.5327,0.5000,0.0654,0,0.4227,-0.1100,-0.0773,ev,multiplicative,live,2026092763BB8AC8,2026-09-22T17:47:03.773Z
2026,3,14371,Jordan Love,GB,QB,vs ATL,passYds,Hard Rock,137.5,over,232.97,-4000,900,0.9756,0.9070,0.0756,0,0.8655,-0.1101,-0.0415,ev,multiplicative,live,202609250580A50A,2026-09-22T17:47:03.773Z
2026,3,15265,Kyle Pitts,ATL,TE,at GB,recYds,Hard Rock,10.5,under,40.08,475,-1000,0.1739,0.1606,0.0830,0,0.0637,-0.1102,-0.0969,ev,multiplicative,live,202609250580A50A,2026-09-22T17:47:03.773Z
2026,3,14371,Jordan Love,GB,QB,vs ATL,passTD,FanDuel,0.5,over,1.48,-753,,0.8828,0.8828,,1,0.7724,-0.1104,-0.1104,ev,none,live,202609250580A50A,2026-09-22T17:47:03.773Z
2026,3,12483,Josh Allen,BUF,QB,vs LAC,passTD,FanDuel,2.5,over,1.41,258,,0.2793,0.2793,,1,0.1689,-0.1104,-0.1104,ev,none,live,2026092763BB8AC8,2026-09-22T17:47:03.773Z
2026,3,16741,Chris Brooks,GB,RB,vs ATL,recYds,theScore,29.5,over,9.58,650,,0.1333,0.1333,,1,0.0229,-0.1104,-0.1104,ev,none,live,202609250580A50A,2026-09-22T17:47:03.773Z
2026,3,18478,Tre Harris,LAC,WR,at BUF,recYds,Caesars,69.5,over,34.63,625,,0.1379,0.1379,,1,0.0274,-0.1105,-0.1105,ev,none,live,2026092763BB8AC8,2026-09-22T17:47:03.773Z
2026,3,16899,Quentin Johnston,LAC,WR,at BUF,recYds,Hard Rock,64.5,under,42.06,-525,325,0.8400,0.7812,0.0753,0,0.7294,-0.1106,-0.0518,ev,multiplicative,live,2026092763BB8AC8,2026-09-22T17:47:03.773Z
2026,3,16649,Tucker Kraft,GB,TE,vs ATL,recYds,Hard Rock,31.5,under,49.04,195,-275,0.3390,0.3161,0.0723,0,0.2283,-0.1107,-0.0878,ev,multiplicative,live,202609250580A50A,2026-09-22T17:47:03.773Z
2026,3,15306,Javonte Williams,DAL,RB,vs BAL,recYds,theScore,19.5,over,15.36,130,,0.4348,0.4348,,1,0.3241,-0.1107,-0.1107,ev,none,live,202609270726D5A2,2026-09-22T17:47:03.773Z
2026,3,15853,George Pickens,DAL,WR,vs BAL,receptions,Hard Rock,7.5,under,4.89,-650,375,0.8667,0.8046,0.0772,0,0.7559,-0.1108,-0.0487,ev,multiplicative,live,202609270726D5A2,2026-09-22T17:47:03.773Z
2026,3,16649,Tucker Kraft,GB,TE,vs ATL,recYds,Hard Rock,36.5,under,49.04,145,-210,0.4082,0.3760,0.0856,0,0.2973,-0.1109,-0.0787,ev,multiplicative,live,202609250580A50A,2026-09-22T17:47:03.773Z
2026,3,16739,Bijan Robinson,ATL,RB,at GB,recYds,Hard Rock,85.5,over,32.4,800,-3000,0.1111,0.1030,0.0789,0,0.0002,-0.1109,-0.1028,ev,multiplicative,live,202609250580A50A,2026-09-22T17:47:03.773Z
2026,3,14446,Justin Herbert,LAC,QB,at BUF,rushYds,theScore,49.5,over,22.63,800,,0.1111,0.1111,,1,0.0001,-0.1110,-0.1110,ev,none,live,2026092763BB8AC8,2026-09-22T17:47:03.773Z
2026,3,14446,Justin Herbert,LAC,QB,at BUF,rushYds,Hard Rock,49.5,over,22.63,800,-3000,0.1111,0.1030,0.0789,0,0.0001,-0.1110,-0.1029,ev,multiplicative,live,2026092763BB8AC8,2026-09-22T17:47:03.773Z
2026,3,15306,Javonte Williams,DAL,RB,vs BAL,recYds,Hard Rock,56.5,over,15.36,800,-2500,0.1111,0.1036,0.0726,0,0.0000,-0.1111,-0.1036,ev,multiplicative,live,202609270726D5A2,2026-09-22T17:47:03.773Z
2026,3,11008,Dak Prescott,DAL,QB,vs BAL,rushYds,Hard Rock,39.5,over,9.5,800,-3000,0.1111,0.1030,0.0789,0,0.0000,-0.1111,-0.1030,ev,multiplicative,live,202609270726D5A2,2026-09-22T17:47:03.773Z
2026,3,15907,Brian Robinson Jr.,ATL,RB,at GB,rushYds,Hard Rock,32.5,under,22,-275,190,0.7333,0.6802,0.0782,0,0.6221,-0.1112,-0.0581,ev,multiplicative,live,202609250580A50A,2026-09-22T17:47:03.773Z
2026,3,16649,Tucker Kraft,GB,TE,vs ATL,recYds,BetMGM,44.5,under,49.04,-115,-115,0.5349,0.5000,0.0698,0,0.4236,-0.1113,-0.0764,ev,multiplicative,live,202609250580A50A,2026-09-22T17:47:03.773Z
2026,3,15265,Kyle Pitts,ATL,TE,at GB,recYds,Hard Rock,60.5,over,40.08,300,-475,0.2500,0.2323,0.0761,0,0.1387,-0.1113,-0.0936,ev,multiplicative,live,202609250580A50A,2026-09-22T17:47:03.773Z
2026,3,15947,Jake Ferguson,DAL,TE,vs BAL,receptions,DraftKings,3.5,under,3.73,-113,-113,0.5305,0.5000,0.0610,0,0.4191,-0.1114,-0.0809,ev,multiplicative,live,202609270726D5A2,2026-09-22T17:47:03.773Z
2026,3,16741,Chris Brooks,GB,RB,vs ATL,rushYds,Hard Rock,41.5,over,28.67,500,-1100,0.1667,0.1538,0.0833,0,0.0552,-0.1115,-0.0987,ev,multiplicative,live,202609250580A50A,2026-09-22T17:47:03.773Z
2026,3,17700,Michael Penix Jr.,ATL,QB,at GB,rushYds,Hard Rock,24.5,over,8.86,650,-1800,0.1333,0.1234,0.0807,0,0.0218,-0.1115,-0.1015,ev,multiplicative,live,202609250580A50A,2026-09-22T17:47:03.773Z
2026,3,16649,Tucker Kraft,GB,TE,vs ATL,recYds,FanDuel,79.5,over,49.04,368,,0.2137,0.2137,,1,0.1021,-0.1116,-0.1116,ev,none,live,202609250580A50A,2026-09-22T17:47:03.773Z
2026,3,18478,Tre Harris,LAC,WR,at BUF,recYds,Caesars,19.5,over,34.63,-355,,0.7802,0.7802,,1,0.6686,-0.1117,-0.1117,ev,none,live,2026092763BB8AC8,2026-09-22T17:47:03.773Z
2026,3,18445,Omarion Hampton,LAC,RB,at BUF,recYds,BetRivers,10.5,under,12.02,-121,-110,0.5475,0.5111,0.0713,0,0.4358,-0.1117,-0.0753,ev,multiplicative,live,2026092763BB8AC8,2026-09-22T17:47:03.773Z
2026,3,17724,Ladd McConkey,LAC,WR,at BUF,receptions,Caesars,4.5,under,4.77,-134,102,0.5726,0.5363,0.0677,0,0.4608,-0.1119,-0.0755,ev,multiplicative,live,2026092763BB8AC8,2026-09-22T17:47:03.773Z
2026,3,16741,Chris Brooks,GB,RB,vs ATL,recYds,Hard Rock,27.5,over,9.58,575,-1300,0.1481,0.1376,0.0767,0,0.0362,-0.1119,-0.1013,ev,multiplicative,live,202609250580A50A,2026-09-22T17:47:03.773Z
2026,3,15946,Christian Watson,GB,WR,vs ATL,receptions,Caesars,4.5,over,3.95,-124,-105,0.5536,0.5194,0.0658,0,0.4415,-0.1121,-0.0779,ev,multiplicative,live,202609250580A50A,2026-09-22T17:47:03.773Z
2026,3,18500,Matthew Golden,GB,WR,vs ATL,receptions,theScore,1.5,over,4,-1800,,0.9474,0.9474,,1,0.8351,-0.1122,-0.1122,ev,none,live,202609250580A50A,2026-09-22T17:47:03.773Z
2026,3,12483,Josh Allen,BUF,QB,vs LAC,passYds,Hard Rock,238.5,under,256.07,-115,-115,0.5349,0.5000,0.0698,0,0.4227,-0.1122,-0.0773,ev,multiplicative,live,2026092763BB8AC8,2026-09-22T17:47:03.773Z
2026,3,15265,Kyle Pitts,ATL,TE,at GB,recYds,Caesars,59.5,over,40.08,280,,0.2632,0.2632,,1,0.1508,-0.1124,-0.1124,ev,none,live,202609250580A50A,2026-09-22T17:47:03.773Z
2026,3,15306,Javonte Williams,DAL,RB,vs BAL,rushYds,DraftKings,109.5,over,63.83,790,,0.1124,0.1124,,1,0.0000,-0.1124,-0.1124,ev,none,live,202609270726D5A2,2026-09-22T17:47:03.773Z
2026,3,16739,Bijan Robinson,ATL,RB,at GB,recYds,theScore,9.5,over,32.4,-2000,,0.9524,0.9524,,1,0.8400,-0.1124,-0.1124,ev,none,live,202609250580A50A,2026-09-22T17:47:03.773Z
2026,3,15868,Drake London,ATL,WR,at GB,receptions,BetRivers,5.5,over,4.64,100,,0.5000,0.5000,,1,0.3875,-0.1125,-0.1125,ev,none,live,202609250580A50A,2026-09-22T17:47:03.773Z
2026,3,15876,James Cook,BUF,RB,vs LAC,rushYds,DraftKings,129.5,over,76.14,533,,0.1580,0.1580,,1,0.0455,-0.1125,-0.1125,ev,none,live,2026092763BB8AC8,2026-09-22T17:47:03.773Z
2026,3,15306,Javonte Williams,DAL,RB,vs BAL,recYds,FanDuel,14.5,over,15.36,-176,,0.6377,0.6377,,1,0.5251,-0.1125,-0.1125,ev,none,live,202609270726D5A2,2026-09-22T17:47:03.773Z
2026,3,18515,Kaleb Johnson,GB,RB,vs ATL,rushYds,Hard Rock,72.5,over,21.07,600,-1400,0.1429,0.1327,0.0762,0,0.0303,-0.1125,-0.1024,ev,multiplicative,live,202609250580A50A,2026-09-22T17:47:03.773Z
2026,3,18500,Matthew Golden,GB,WR,vs ATL,receptions,Caesars,2.5,over,4,-500,,0.8333,0.8333,,1,0.7207,-0.1127,-0.1127,ev,none,live,202609250580A50A,2026-09-22T17:47:03.773Z
2026,3,18500,Matthew Golden,GB,WR,vs ATL,receptions,DraftKings,2.5,over,4,-500,,0.8333,0.8333,,1,0.7207,-0.1127,-0.1127,ev,none,live,202609250580A50A,2026-09-22T17:47:03.773Z
2026,3,18500,Matthew Golden,GB,WR,vs ATL,receptions,theScore,2.5,over,4,-500,,0.8333,0.8333,,1,0.7207,-0.1127,-0.1127,ev,none,live,202609250580A50A,2026-09-22T17:47:03.773Z
2026,3,12561,Lamar Jackson,BAL,QB,at DAL,passYds,Hard Rock,338.5,under,259.92,-2500,800,0.9615,0.8964,0.0726,0,0.8489,-0.1127,-0.0476,ev,multiplicative,live,202609270726D5A2,2026-09-22T17:47:03.773Z
2026,3,12483,Josh Allen,BUF,QB,vs LAC,passTD,BetRivers,2.5,over,1.41,255,,0.2817,0.2817,,1,0.1689,-0.1128,-0.1128,ev,none,live,2026092763BB8AC8,2026-09-22T17:47:03.773Z
2026,3,16741,Chris Brooks,GB,RB,vs ATL,recYds,Hard Rock,22.5,over,9.58,375,-700,0.2105,0.1939,0.0855,0,0.0977,-0.1128,-0.0963,ev,multiplicative,live,202609250580A50A,2026-09-22T17:47:03.773Z
2026,3,16741,Chris Brooks,GB,RB,vs ATL,rushYds,Hard Rock,49.5,over,28.67,750,-2500,0.1176,0.1090,0.0792,0,0.0048,-0.1129,-0.1042,ev,multiplicative,live,202609250580A50A,2026-09-22T17:47:03.773Z
2026,3,12483,Josh Allen,BUF,QB,vs LAC,passYds,Hard Rock,328.5,under,256.07,-1800,650,0.9474,0.8766,0.0807,0,0.8345,-0.1129,-0.0421,ev,multiplicative,live,2026092763BB8AC8,2026-09-22T17:47:03.773Z
2026,3,12477,DJ Moore,BUF,WR,vs LAC,receptions,DraftKings,3.5,over,3.37,-149,116,0.5984,0.5638,0.0614,0,0.4854,-0.1130,-0.0784,ev,multiplicative,live,2026092763BB8AC8,2026-09-22T17:47:03.773Z
2026,3,17724,Ladd McConkey,LAC,WR,at BUF,recYds,Hard Rock,39.5,under,64.26,165,-240,0.3774,0.3484,0.0832,0,0.2643,-0.1131,-0.0841,ev,multiplicative,live,2026092763BB8AC8,2026-09-22T17:47:03.773Z
2026,3,18500,Matthew Golden,GB,WR,vs ATL,receptions,FanDuel,2.5,over,4,-502,,0.8339,0.8339,,1,0.7207,-0.1132,-0.1132,ev,none,live,202609250580A50A,2026-09-22T17:47:03.773Z
2026,3,12483,Josh Allen,BUF,QB,vs LAC,rushYds,FanDuel,69.5,over,32.45,748,,0.1179,0.1179,,1,0.0047,-0.1132,-0.1132,ev,none,live,2026092763BB8AC8,2026-09-22T17:47:03.773Z
2026,3,17700,Michael Penix Jr.,ATL,QB,at GB,rushYds,Hard Rock,23.5,over,8.86,600,-1600,0.1429,0.1318,0.0840,0,0.0295,-0.1133,-0.1023,ev,multiplicative,live,202609250580A50A,2026-09-22T17:47:03.773Z
2026,3,16649,Tucker Kraft,GB,TE,vs ATL,recYds,DraftKings,89.5,over,49.04,528,,0.1592,0.1592,,1,0.0458,-0.1134,-0.1134,ev,none,live,202609250580A50A,2026-09-22T17:47:03.773Z
2026,3,15868,Drake London,ATL,WR,at GB,recYds,BetRivers,69.5,over,61.67,105,,0.4878,0.4878,,1,0.3744,-0.1134,-0.1134,ev,none,live,202609250580A50A,2026-09-22T17:47:03.773Z
2026,3,16741,Chris Brooks,GB,RB,vs ATL,recYds,theScore,6.5,under,9.58,105,-135,0.4878,0.4592,0.0623,0,0.3744,-0.1134,-0.0848,ev,multiplicative,live,202609250580A50A,2026-09-22T17:47:03.773Z
2026,3,10819,Derrick Henry,BAL,RB,at DAL,rushYds,Hard Rock,53.5,under,97.69,350,-650,0.2222,0.2041,0.0889,0,0.1089,-0.1134,-0.0952,ev,multiplicative,live,202609270726D5A2,2026-09-22T17:47:03.773Z
2026,3,16899,Quentin Johnston,LAC,WR,at BUF,recYds,Hard Rock,65.5,under,42.06,-575,325,0.8519,0.7836,0.0871,0,0.7384,-0.1135,-0.0452,ev,multiplicative,live,2026092763BB8AC8,2026-09-22T17:47:03.773Z
2026,3,11008,Dak Prescott,DAL,QB,vs BAL,completions,DraftKings,29.5,over,22.43,282,,0.2618,0.2618,,1,0.1478,-0.1139,-0.1139,ev,none,live,202609270726D5A2,2026-09-22T17:47:03.773Z
2026,3,16739,Bijan Robinson,ATL,RB,at GB,rushYds,Hard Rock,93.5,under,87.97,-210,145,0.6774,0.6240,0.0856,0,0.5635,-0.1140,-0.0606,ev,multiplicative,live,202609250580A50A,2026-09-22T17:47:03.773Z
2026,3,15946,Christian Watson,GB,WR,vs ATL,receptions,theScore,4.5,over,3.95,-125,-105,0.5556,0.5203,0.0678,0,0.4415,-0.1141,-0.0788,ev,multiplicative,live,202609250580A50A,2026-09-22T17:47:03.773Z
2026,3,15946,Christian Watson,GB,WR,vs ATL,receptions,Hard Rock,4.5,over,3.95,-125,-105,0.5556,0.5203,0.0678,0,0.4415,-0.1141,-0.0788,ev,multiplicative,live,202609250580A50A,2026-09-22T17:47:03.773Z
2026,3,18478,Tre Harris,LAC,WR,at BUF,recYds,Hard Rock,83.5,over,34.63,750,-2500,0.1176,0.1090,0.0792,0,0.0036,-0.1141,-0.1055,ev,multiplicative,live,2026092763BB8AC8,2026-09-22T17:47:03.773Z
2026,3,16649,Tucker Kraft,GB,TE,vs ATL,recYds,Caesars,89.5,over,49.04,525,,0.1600,0.1600,,1,0.0458,-0.1142,-0.1142,ev,none,live,202609250580A50A,2026-09-22T17:47:03.773Z
2026,3,15907,Brian Robinson Jr.,ATL,RB,at GB,rushYds,Hard Rock,57.5,under,22,-3000,850,0.9677,0.9019,0.0730,0,0.8535,-0.1142,-0.0484,ev,multiplicative,live,202609250580A50A,2026-09-22T17:47:03.773Z
2026,3,18445,Omarion Hampton,LAC,RB,at BUF,recYds,FanDuel,29.5,over,12.02,409,,0.1965,0.1965,,1,0.0822,-0.1143,-0.1143,ev,none,live,2026092763BB8AC8,2026-09-22T17:47:03.773Z
2026,3,14371,Jordan Love,GB,QB,vs ATL,passYds,Hard Rock,149.5,over,232.97,-1800,650,0.9474,0.8766,0.0807,0,0.8331,-0.1143,-0.0436,ev,multiplicative,live,202609250580A50A,2026-09-22T17:47:03.773Z
2026,3,16741,Chris Brooks,GB,RB,vs ATL,recYds,Hard Rock,24.5,over,9.58,450,-850,0.1818,0.1689,0.0766,0,0.0674,-0.1144,-0.1015,ev,multiplicative,live,202609250580A50A,2026-09-22T17:47:03.773Z
2026,3,15868,Drake London,ATL,WR,at GB,recYds,DraftKings,119.5,over,61.67,710,,0.1235,0.1235,,1,0.0090,-0.1145,-0.1145,ev,none,live,202609250580A50A,2026-09-22T17:47:03.773Z
2026,3,15265,Kyle Pitts,ATL,TE,at GB,recYds,BetRivers,36.5,under,40.08,-118,-113,0.5413,0.5050,0.0718,0,0.4268,-0.1145,-0.0782,ev,multiplicative,live,202609250580A50A,2026-09-22T17:47:03.773Z
2026,3,11008,Dak Prescott,DAL,QB,vs BAL,passYds,DraftKings,239.5,over,260.17,-242,,0.7076,0.7076,,1,0.5929,-0.1147,-0.1147,ev,none,live,202609270726D5A2,2026-09-22T17:47:03.773Z
2026,3,15265,Kyle Pitts,ATL,TE,at GB,recYds,DraftKings,35.5,under,40.08,-109,-113,0.5215,0.4957,0.0520,0,0.4067,-0.1148,-0.0890,ev,multiplicative,live,202609250580A50A,2026-09-22T17:47:03.773Z
2026,3,17795,MarShawn Lloyd,GB,RB,vs ATL,rushYds,Hard Rock,79.5,under,45.05,-5000,1100,0.9804,0.9217,0.0637,0,0.8655,-0.1149,-0.0561,ev,multiplicative,live,202609250580A50A,2026-09-22T17:47:03.773Z
2026,3,15876,James Cook,BUF,RB,vs LAC,rushYds,Caesars,79.5,over,76.14,-134,,0.5726,0.5726,,1,0.4576,-0.1150,-0.1150,ev,none,live,2026092763BB8AC8,2026-09-22T17:47:03.773Z
2026,3,14411,CeeDee Lamb,DAL,WR,vs BAL,receptions,Caesars,3.5,over,5.87,-1700,,0.9444,0.9444,,1,0.8293,-0.1151,-0.1151,ev,none,live,202609270726D5A2,2026-09-22T17:47:03.773Z
2026,3,12483,Josh Allen,BUF,QB,vs LAC,rushYds,DraftKings,35.5,over,32.45,-113,-111,0.5305,0.5021,0.0566,0,0.4153,-0.1152,-0.0868,ev,multiplicative,live,2026092763BB8AC8,2026-09-22T17:47:03.773Z
2026,3,17724,Ladd McConkey,LAC,WR,at BUF,receptions,Hard Rock,8.5,under,4.77,-5000,1100,0.9804,0.9217,0.0637,0,0.8651,-0.1153,-0.0566,ev,multiplicative,live,2026092763BB8AC8,2026-09-22T17:47:03.773Z
2026,3,16649,Tucker Kraft,GB,TE,vs ATL,recYds,Hard Rock,91.5,over,49.04,550,-1200,0.1538,0.1429,0.0769,0,0.0384,-0.1155,-0.1045,ev,multiplicative,live,202609250580A50A,2026-09-22T17:47:03.773Z
2026,3,15853,George Pickens,DAL,WR,vs BAL,recYds,Hard Rock,24.5,under,75.47,450,-900,0.1818,0.1681,0.0818,0,0.0663,-0.1155,-0.1018,ev,multiplicative,live,202609270726D5A2,2026-09-22T17:47:03.773Z
2026,3,15947,Jake Ferguson,DAL,TE,vs BAL,recYds,Hard Rock,7.5,under,34.7,575,-1400,0.1481,0.1370,0.0815,0,0.0323,-0.1158,-0.1047,ev,multiplicative,live,202609270726D5A2,2026-09-22T17:47:03.773Z
2026,3,15850,Jahan Dotson,ATL,WR,at GB,recYds,BetMGM,19.5,over,17.4,-120,-111,0.5455,0.5090,0.0715,0,0.4296,-0.1159,-0.0795,ev,multiplicative,live,202609250580A50A,2026-09-22T17:47:03.773Z
2026,3,15850,Jahan Dotson,ATL,WR,at GB,recYds,theScore,19.5,over,17.4,-120,-110,0.5455,0.5101,0.0693,0,0.4296,-0.1159,-0.0806,ev,multiplicative,live,202609250580A50A,2026-09-22T17:47:03.773Z
2026,3,11008,Dak Prescott,DAL,QB,vs BAL,passYds,Caesars,199.5,over,260.17,-675,,0.8710,0.8710,,1,0.7547,-0.1162,-0.1162,ev,none,live,202609270726D5A2,2026-09-22T17:47:03.773Z
2026,3,15853,George Pickens,DAL,WR,vs BAL,receptions,Hard Rock,8.5,under,4.89,-1800,650,0.9474,0.8766,0.0807,0,0.8311,-0.1162,-0.0455,ev,multiplicative,live,202609270726D5A2,2026-09-22T17:47:03.773Z
2026,3,16649,Tucker Kraft,GB,TE,vs ATL,recYds,DraftKings,79.5,over,49.04,358,,0.2183,0.2183,,1,0.1021,-0.1163,-0.1163,ev,none,live,202609250580A50A,2026-09-22T17:47:03.773Z
2026,3,15876,James Cook,BUF,RB,vs LAC,rushYds,Hard Rock,86.5,over,76.14,105,-145,0.4878,0.4518,0.0796,0,0.3714,-0.1164,-0.0804,ev,multiplicative,live,2026092763BB8AC8,2026-09-22T17:47:03.773Z
2026,3,12483,Josh Allen,BUF,QB,vs LAC,passYds,BetRivers,237.5,under,256.07,-115,-115,0.5349,0.5000,0.0698,0,0.4184,-0.1165,-0.0816,ev,multiplicative,live,2026092763BB8AC8,2026-09-22T17:47:03.773Z
2026,3,14371,Jordan Love,GB,QB,vs ATL,passTD,theScore,0.5,over,1.48,-800,,0.8889,0.8889,,1,0.7724,-0.1165,-0.1165,ev,none,live,202609250580A50A,2026-09-22T17:47:03.773Z
2026,3,15876,James Cook,BUF,RB,vs LAC,rushYds,theScore,84.5,over,76.14,-105,-125,0.5122,0.4797,0.0678,0,0.3956,-0.1166,-0.0841,ev,multiplicative,live,2026092763BB8AC8,2026-09-22T17:47:03.773Z
2026,3,16739,Bijan Robinson,ATL,RB,at GB,receptions,BetRivers,7.5,over,4.13,475,,0.1739,0.1739,,1,0.0572,-0.1167,-0.1167,ev,none,live,202609250580A50A,2026-09-22T17:47:03.773Z
2026,3,12483,Josh Allen,BUF,QB,vs LAC,passYds,Hard Rock,324.5,under,256.07,-1500,600,0.9375,0.8678,0.0804,0,0.8208,-0.1167,-0.0470,ev,multiplicative,live,2026092763BB8AC8,2026-09-22T17:47:03.773Z
2026,3,14371,Jordan Love,GB,QB,vs ATL,passTD,Caesars,2.5,over,1.48,230,,0.3030,0.3030,,1,0.1861,-0.1169,-0.1169,ev,none,live,202609250580A50A,2026-09-22T17:47:03.773Z
2026,3,15876,James Cook,BUF,RB,vs LAC,rushYds,theScore,79.5,over,76.14,-135,,0.5745,0.5745,,1,0.4576,-0.1169,-0.1169,ev,none,live,2026092763BB8AC8,2026-09-22T17:47:03.773Z
2026,3,15265,Kyle Pitts,ATL,TE,at GB,recYds,theScore,35.5,under,40.08,-110,-120,0.5238,0.4899,0.0693,0,0.4067,-0.1171,-0.0832,ev,multiplicative,live,202609250580A50A,2026-09-22T17:47:03.773Z
2026,3,18500,Matthew Golden,GB,WR,vs ATL,receptions,Caesars,1.5,over,4,-2000,,0.9524,0.9524,,1,0.8351,-0.1172,-0.1172,ev,none,live,202609250580A50A,2026-09-22T17:47:03.773Z
2026,3,17795,MarShawn Lloyd,GB,RB,vs ATL,rushYds,Hard Rock,78.5,under,45.05,-4000,1000,0.9756,0.9148,0.0665,0,0.8584,-0.1172,-0.0563,ev,multiplicative,live,202609250580A50A,2026-09-22T17:47:03.773Z
2026,3,16899,Quentin Johnston,LAC,WR,at BUF,recYds,Hard Rock,60.5,under,42.06,-425,275,0.8095,0.7522,0.0762,0,0.6922,-0.1173,-0.0600,ev,multiplicative,live,2026092763BB8AC8,2026-09-22T17:47:03.773Z
2026,3,14411,CeeDee Lamb,DAL,WR,vs BAL,receptions,DraftKings,3.5,over,5.87,-1780,,0.9468,0.9468,,1,0.8293,-0.1175,-0.1175,ev,none,live,202609270726D5A2,2026-09-22T17:47:03.773Z
2026,3,18478,Tre Harris,LAC,WR,at BUF,recYds,Hard Rock,13.5,over,34.63,-550,325,0.8462,0.7824,0.0814,0,0.7287,-0.1175,-0.0538,ev,multiplicative,live,2026092763BB8AC8,2026-09-22T17:47:03.773Z
2026,3,15850,Jahan Dotson,ATL,WR,at GB,recYds,Hard Rock,64.5,over,17.4,750,-2500,0.1176,0.1090,0.0792,0,0.0000,-0.1176,-0.1090,ev,multiplicative,live,202609250580A50A,2026-09-22T17:47:03.773Z
2026,3,11008,Dak Prescott,DAL,QB,vs BAL,rushYds,Hard Rock,37.5,over,9.5,750,-2500,0.1176,0.1090,0.0792,0,0.0001,-0.1176,-0.1089,ev,multiplicative,live,202609270726D5A2,2026-09-22T17:47:03.773Z
2026,3,15850,Jahan Dotson,ATL,WR,at GB,recYds,FanDuel,59.5,over,17.4,748,,0.1179,0.1179,,1,0.0002,-0.1177,-0.1177,ev,none,live,202609250580A50A,2026-09-22T17:47:03.773Z
2026,3,14371,Jordan Love,GB,QB,vs ATL,passYds,Hard Rock,147.5,over,232.97,-2200,700,0.9565,0.8844,0.0815,0,0.8388,-0.1177,-0.0456,ev,multiplicative,live,202609250580A50A,2026-09-22T17:47:03.773Z
2026,3,11008,Dak Prescott,DAL,QB,vs BAL,passTD,theScore,1.5,over,1.57,-140,110,0.5833,0.5506,0.0595,0,0.4653,-0.1180,-0.0852,ev,multiplicative,live,202609270726D5A2,2026-09-22T17:47:03.773Z
2026,3,12477,DJ Moore,BUF,WR,vs LAC,receptions,Hard Rock,6.5,under,3.37,-1300,550,0.9286,0.8579,0.0824,0,0.8105,-0.1181,-0.0474,ev,multiplicative,live,2026092763BB8AC8,2026-09-22T17:47:03.773Z
2026,3,15868,Drake London,ATL,WR,at GB,receptions,FanDuel,4.5,over,4.64,-184,,0.6479,0.6479,,1,0.5296,-0.1183,-0.1183,ev,none,live,202609250580A50A,2026-09-22T17:47:03.773Z
2026,3,16741,Chris Brooks,GB,RB,vs ATL,recYds,FanDuel,7.5,under,9.58,-114,-114,0.5327,0.5000,0.0654,0,0.4144,-0.1183,-0.0856,ev,multiplicative,live,202609250580A50A,2026-09-22T17:47:03.773Z
2026,3,12477,DJ Moore,BUF,WR,vs LAC,recYds,Hard Rock,44.5,under,52.56,110,-155,0.4762,0.4393,0.0840,0,0.3579,-0.1183,-0.0814,ev,multiplicative,live,2026092763BB8AC8,2026-09-22T17:47:03.773Z
2026,3,15876,James Cook,BUF,RB,vs LAC,rushYds,FanDuel,89.5,over,76.14,120,,0.4545,0.4545,,1,0.3361,-0.1185,-0.1185,ev,none,live,2026092763BB8AC8,2026-09-22T17:47:03.773Z
2026,3,16739,Bijan Robinson,ATL,RB,at GB,receptions,Hard Rock,1.5,over,4.13,-5000,1200,0.9804,0.9272,0.0573,0,0.8618,-0.1186,-0.0655,ev,multiplicative,live,202609250580A50A,2026-09-22T17:47:03.773Z
2026,3,15850,Jahan Dotson,ATL,WR,at GB,receptions,BetRivers,2.5,over,1.43,188,,0.3472,0.3472,,1,0.2284,-0.1188,-0.1188,ev,none,live,202609250580A50A,2026-09-22T17:47:03.773Z
2026,3,18478,Tre Harris,LAC,WR,at BUF,recYds,DraftKings,69.5,over,34.63,584,,0.1462,0.1462,,1,0.0274,-0.1188,-0.1188,ev,none,live,2026092763BB8AC8,2026-09-22T17:47:03.773Z
2026,3,12483,Josh Allen,BUF,QB,vs LAC,rushYds,Hard Rock,68.5,over,32.45,700,-2000,0.1250,0.1160,0.0774,0,0.0057,-0.1193,-0.1103,ev,multiplicative,live,2026092763BB8AC8,2026-09-22T17:47:03.773Z
2026,3,14371,Jordan Love,GB,QB,vs ATL,passYds,BetRivers,174.5,over,232.97,-670,,0.8701,0.8701,,1,0.7508,-0.1194,-0.1194,ev,none,live,202609250580A50A,2026-09-22T17:47:03.773Z
2026,3,18500,Matthew Golden,GB,WR,vs ATL,receptions,DraftKings,1.5,over,4,-2100,,0.9545,0.9545,,1,0.8351,-0.1194,-0.1194,ev,none,live,202609250580A50A,2026-09-22T17:47:03.773Z
2026,3,15868,Drake London,ATL,WR,at GB,receptions,Hard Rock,4.5,over,4.64,-185,130,0.6491,0.5989,0.0839,0,0.5296,-0.1195,-0.0692,ev,multiplicative,live,202609250580A50A,2026-09-22T17:47:03.773Z
2026,3,15868,Drake London,ATL,WR,at GB,receptions,theScore,4.5,over,4.64,-185,,0.6491,0.6491,,1,0.5296,-0.1195,-0.1195,ev,none,live,202609250580A50A,2026-09-22T17:47:03.773Z
2026,3,15265,Kyle Pitts,ATL,TE,at GB,recYds,Hard Rock,39.5,under,40.08,-155,110,0.6078,0.5607,0.0840,0,0.4881,-0.1198,-0.0726,ev,multiplicative,live,202609250580A50A,2026-09-22T17:47:03.773Z
2026,3,12477,DJ Moore,BUF,WR,vs LAC,recYds,Hard Rock,24.5,under,52.56,350,-575,0.2222,0.2069,0.0741,0,0.1025,-0.1198,-0.1044,ev,multiplicative,live,2026092763BB8AC8,2026-09-22T17:47:03.773Z
2026,3,16649,Tucker Kraft,GB,TE,vs ATL,recYds,theScore,79.5,over,49.04,350,,0.2222,0.2222,,1,0.1021,-0.1201,-0.1201,ev,none,live,202609250580A50A,2026-09-22T17:47:03.773Z
2026,3,16741,Chris Brooks,GB,RB,vs ATL,rushYds,Hard Rock,46.5,over,28.67,650,-1800,0.1333,0.1234,0.0807,0,0.0132,-0.1201,-0.1101,ev,multiplicative,live,202609250580A50A,2026-09-22T17:47:03.773Z
2026,3,16649,Tucker Kraft,GB,TE,vs ATL,recYds,Hard Rock,79.5,over,49.04,350,-600,0.2222,0.2059,0.0794,0,0.1021,-0.1201,-0.1038,ev,multiplicative,live,202609250580A50A,2026-09-22T17:47:03.773Z
2026,3,12483,Josh Allen,BUF,QB,vs LAC,rushYds,theScore,69.5,over,32.45,700,,0.1250,0.1250,,1,0.0047,-0.1203,-0.1203,ev,none,live,2026092763BB8AC8,2026-09-22T17:47:03.773Z
2026,3,11008,Dak Prescott,DAL,QB,vs BAL,passYds,Hard Rock,224.5,over,260.17,-350,230,0.7778,0.7196,0.0808,0,0.6574,-0.1204,-0.0622,ev,multiplicative,live,202609270726D5A2,2026-09-22T17:47:03.773Z
2026,3,15868,Drake London,ATL,WR,at GB,recYds,Hard Rock,73.5,over,61.67,130,-180,0.4348,0.4035,0.0776,0,0.3142,-0.1205,-0.0892,ev,multiplicative,live,202609250580A50A,2026-09-22T17:47:03.773Z
2026,3,14446,Justin Herbert,LAC,QB,at BUF,rushYds,Hard Rock,9.5,under,22.63,275,-450,0.2667,0.2458,0.0848,0,0.1462,-0.1205,-0.0996,ev,multiplicative,live,2026092763BB8AC8,2026-09-22T17:47:03.773Z
2026,3,18500,Matthew Golden,GB,WR,vs ATL,receptions,BetRivers,2.5,over,4,-530,,0.8413,0.8413,,1,0.7207,-0.1206,-0.1206,ev,none,live,202609250580A50A,2026-09-22T17:47:03.773Z
2026,3,15876,James Cook,BUF,RB,vs LAC,rushYds,DraftKings,89.5,over,76.14,119,,0.4566,0.4566,,1,0.3361,-0.1206,-0.1206,ev,none,live,2026092763BB8AC8,2026-09-22T17:47:03.773Z
2026,3,16649,Tucker Kraft,GB,TE,vs ATL,recYds,theScore,89.5,over,49.04,500,,0.1667,0.1667,,1,0.0458,-0.1208,-0.1208,ev,none,live,202609250580A50A,2026-09-22T17:47:03.773Z
2026,3,10819,Derrick Henry,BAL,RB,at DAL,rushYds,Hard Rock,98.5,under,97.69,-170,125,0.6296,0.5862,0.0741,0,0.5085,-0.1211,-0.0777,ev,multiplicative,live,202609270726D5A2,2026-09-22T17:47:03.773Z
2026,3,15876,James Cook,BUF,RB,vs LAC,rushYds,Caesars,129.5,over,76.14,500,,0.1667,0.1667,,1,0.0455,-0.1212,-0.1212,ev,none,live,2026092763BB8AC8,2026-09-22T17:47:03.773Z
2026,3,14371,Jordan Love,GB,QB,vs ATL,passTD,DraftKings,0.5,over,1.48,-840,,0.8936,0.8936,,1,0.7724,-0.1213,-0.1213,ev,none,live,202609250580A50A,2026-09-22T17:47:03.773Z
2026,3,16899,Quentin Johnston,LAC,WR,at BUF,recYds,Hard Rock,10.5,under,42.06,475,-950,0.1739,0.1612,0.0787,0,0.0525,-0.1214,-0.1087,ev,multiplicative,live,2026092763BB8AC8,2026-09-22T17:47:03.773Z
2026,3,11008,Dak Prescott,DAL,QB,vs BAL,passYds,Hard Rock,165.5,over,260.17,-5000,1100,0.9804,0.9217,0.0637,0,0.8590,-0.1214,-0.0626,ev,multiplicative,live,202609270726D5A2,2026-09-22T17:47:03.773Z
2026,3,15306,Javonte Williams,DAL,RB,vs BAL,recYds,Caesars,17.5,over,15.36,-112,-118,0.5283,0.4939,0.0696,0,0.4068,-0.1215,-0.0872,ev,multiplicative,live,202609270726D5A2,2026-09-22T17:47:03.773Z
2026,3,14371,Jordan Love,GB,QB,vs ATL,rushYds,Hard Rock,24.5,over,14.63,450,-900,0.1818,0.1681,0.0818,0,0.0604,-0.1215,-0.1077,ev,multiplicative,live,202609250580A50A,2026-09-22T17:47:03.773Z
2026,3,15265,Kyle Pitts,ATL,TE,at GB,recYds,Caesars,35.5,under,40.08,-112,-120,0.5283,0.4920,0.0738,0,0.4067,-0.1216,-0.0853,ev,multiplicative,live,202609250580A50A,2026-09-22T17:47:03.773Z
2026,3,17700,Michael Penix Jr.,ATL,QB,at GB,passYds,Hard Rock,186.5,over,199.74,-200,145,0.6667,0.6203,0.0748,0,0.5447,-0.1219,-0.0755,ev,multiplicative,live,202609250580A50A,2026-09-22T17:47:03.773Z
2026,3,16899,Quentin Johnston,LAC,WR,at BUF,recYds,Hard Rock,55.5,under,42.06,-325,220,0.7647,0.7099,0.0772,0,0.6428,-0.1219,-0.0671,ev,multiplicative,live,2026092763BB8AC8,2026-09-22T17:47:03.773Z
2026,3,14371,Jordan Love,GB,QB,vs ATL,passTD,Hard Rock,0.5,over,1.48,-850,,0.8947,0.8947,,1,0.7724,-0.1224,-0.1224,ev,none,live,202609250580A50A,2026-09-22T17:47:03.773Z
2026,3,15850,Jahan Dotson,ATL,WR,at GB,receptions,theScore,2.5,over,1.43,185,,0.3509,0.3509,,1,0.2284,-0.1224,-0.1224,ev,none,live,202609250580A50A,2026-09-22T17:47:03.773Z
2026,3,15306,Javonte Williams,DAL,RB,vs BAL,rushYds,FanDuel,69.5,over,63.83,138,,0.4202,0.4202,,1,0.2977,-0.1225,-0.1225,ev,none,live,202609270726D5A2,2026-09-22T17:47:03.773Z
2026,3,15306,Javonte Williams,DAL,RB,vs BAL,rushYds,BetRivers,69.5,over,63.83,138,,0.4202,0.4202,,1,0.2977,-0.1225,-0.1225,ev,none,live,202609270726D5A2,2026-09-22T17:47:03.773Z
2026,3,16649,Tucker Kraft,GB,TE,vs ATL,recYds,Hard Rock,81.5,over,49.04,375,-700,0.2105,0.1939,0.0855,0,0.0880,-0.1225,-0.1059,ev,multiplicative,live,202609250580A50A,2026-09-22T17:47:03.773Z
2026,3,16741,Chris Brooks,GB,RB,vs ATL,recYds,DraftKings,7.5,under,9.58,-116,-108,0.5370,0.5084,0.0563,0,0.4144,-0.1226,-0.0940,ev,multiplicative,live,202609250580A50A,2026-09-22T17:47:03.773Z
2026,3,16649,Tucker Kraft,GB,TE,vs ATL,recYds,Hard Rock,86.5,over,49.04,450,-900,0.1818,0.1681,0.0818,0,0.0592,-0.1226,-0.1089,ev,multiplicative,live,202609250580A50A,2026-09-22T17:47:03.773Z
2026,3,16899,Quentin Johnston,LAC,WR,at BUF,receptions,Hard Rock,4.5,under,2.74,-425,275,0.8095,0.7522,0.0762,0,0.6867,-0.1228,-0.0655,ev,multiplicative,live,2026092763BB8AC8,2026-09-22T17:47:03.773Z
2026,3,14446,Justin Herbert,LAC,QB,at BUF,rushYds,theScore,19.5,under,22.63,-110,-120,0.5238,0.4899,0.0693,0,0.4009,-0.1229,-0.0890,ev,multiplicative,live,2026092763BB8AC8,2026-09-22T17:47:03.773Z
2026,3,15868,Drake London,ATL,WR,at GB,recYds,Caesars,69.5,over,61.67,101,,0.4975,0.4975,,1,0.3744,-0.1231,-0.1231,ev,none,live,202609250580A50A,2026-09-22T17:47:03.773Z
2026,3,10819,Derrick Henry,BAL,RB,at DAL,rushYds,Caesars,89.5,under,97.69,-114,-114,0.5327,0.5000,0.0654,0,0.4096,-0.1231,-0.0904,ev,multiplicative,live,202609270726D5A2,2026-09-22T17:47:03.773Z
2026,3,14411,CeeDee Lamb,DAL,WR,vs BAL,receptions,BetRivers,3.5,over,5.87,-2000,,0.9524,0.9524,,1,0.8293,-0.1231,-0.1231,ev,none,live,202609270726D5A2,2026-09-22T17:47:03.773Z
2026,3,17700,Michael Penix Jr.,ATL,QB,at GB,int,BetRivers,0.5,over,0.5,-107,-124,0.5169,0.4829,0.0705,0,0.3935,-0.1234,-0.0894,ev,multiplicative,live,202609250580A50A,2026-09-22T17:47:03.773Z
2026,3,17700,Michael Penix Jr.,ATL,QB,at GB,passAtt,DraftKings,39.5,over,29.07,575,,0.1481,0.1481,,1,0.0247,-0.1234,-0.1234,ev,none,live,202609250580A50A,2026-09-22T17:47:03.773Z
2026,3,16739,Bijan Robinson,ATL,RB,at GB,rushYds,Hard Rock,88.5,under,87.97,-170,125,0.6296,0.5862,0.0741,0,0.5061,-0.1235,-0.0801,ev,multiplicative,live,202609250580A50A,2026-09-22T17:47:03.773Z
2026,3,14371,Jordan Love,GB,QB,vs ATL,rushYds,DraftKings,29.5,over,14.63,650,,0.1333,0.1333,,1,0.0097,-0.1236,-0.1236,ev,none,live,202609250580A50A,2026-09-22T17:47:03.773Z
2026,3,15850,Jahan Dotson,ATL,WR,at GB,receptions,FanDuel,2.5,over,1.43,184,,0.3521,0.3521,,1,0.2284,-0.1237,-0.1237,ev,none,live,202609250580A50A,2026-09-22T17:47:03.773Z
2026,3,15946,Christian Watson,GB,WR,vs ATL,receptions,BetRivers,4.5,over,3.95,-130,,0.5652,0.5652,,1,0.4415,-0.1237,-0.1237,ev,none,live,202609250580A50A,2026-09-22T17:47:03.773Z
2026,3,10819,Derrick Henry,BAL,RB,at DAL,rushYds,Hard Rock,99.5,under,97.69,-180,125,0.6429,0.5912,0.0873,0,0.5191,-0.1238,-0.0722,ev,multiplicative,live,202609270726D5A2,2026-09-22T17:47:03.773Z
2026,3,11008,Dak Prescott,DAL,QB,vs BAL,passYds,DraftKings,229.5,over,260.17,-317,,0.7602,0.7602,,1,0.6363,-0.1239,-0.1239,ev,none,live,202609270726D5A2,2026-09-22T17:47:03.773Z
2026,3,12483,Josh Allen,BUF,QB,vs LAC,passYds,Hard Rock,318.5,under,256.07,-1200,525,0.9231,0.8523,0.0831,0,0.7989,-0.1241,-0.0533,ev,multiplicative,live,2026092763BB8AC8,2026-09-22T17:47:03.773Z
2026,3,17724,Ladd McConkey,LAC,WR,at BUF,recYds,Hard Rock,73.5,under,64.26,-300,200,0.7500,0.6923,0.0833,0,0.6258,-0.1242,-0.0665,ev,multiplicative,live,2026092763BB8AC8,2026-09-22T17:47:03.773Z
2026,3,12483,Josh Allen,BUF,QB,vs LAC,rushYds,Hard Rock,39.5,over,32.45,130,-185,0.4348,0.4011,0.0839,0,0.3105,-0.1242,-0.0906,ev,multiplicative,live,2026092763BB8AC8,2026-09-22T17:47:03.773Z
2026,3,12561,Lamar Jackson,BAL,QB,at DAL,passAtt,DraftKings,23.5,over,28.71,-650,,0.8667,0.8667,,1,0.7424,-0.1243,-0.1243,ev,none,live,202609270726D5A2,2026-09-22T17:47:03.773Z
2026,3,15868,Drake London,ATL,WR,at GB,recYds,theScore,119.5,over,61.67,650,,0.1333,0.1333,,1,0.0090,-0.1243,-0.1243,ev,none,live,202609250580A50A,2026-09-22T17:47:03.773Z
2026,3,16739,Bijan Robinson,ATL,RB,at GB,receptions,Hard Rock,7.5,over,4.13,450,-900,0.1818,0.1681,0.0818,0,0.0572,-0.1246,-0.1108,ev,multiplicative,live,202609250580A50A,2026-09-22T17:47:03.773Z
2026,3,11008,Dak Prescott,DAL,QB,vs BAL,passYds,Hard Rock,225.5,over,260.17,-350,225,0.7778,0.7165,0.0855,0,0.6532,-0.1246,-0.0633,ev,multiplicative,live,202609270726D5A2,2026-09-22T17:47:03.773Z
2026,3,12561,Lamar Jackson,BAL,QB,at DAL,passYds,Caesars,238.5,under,259.92,-114,-114,0.5327,0.5000,0.0654,0,0.4080,-0.1247,-0.0920,ev,multiplicative,live,202609270726D5A2,2026-09-22T17:47:03.773Z
2026,3,11008,Dak Prescott,DAL,QB,vs BAL,passTD,Hard Rock,0.5,over,1.57,-1100,,0.9167,0.9167,,1,0.7920,-0.1247,-0.1247,ev,none,live,202609270726D5A2,2026-09-22T17:47:03.773Z
2026,3,11008,Dak Prescott,DAL,QB,vs BAL,passTD,FanDuel,1.5,over,1.57,-144,108,0.5902,0.5511,0.0709,0,0.4653,-0.1248,-0.0858,ev,multiplicative,live,202609270726D5A2,2026-09-22T17:47:03.773Z
2026,3,15850,Jahan Dotson,ATL,WR,at GB,recYds,theScore,59.5,over,17.4,700,,0.1250,0.1250,,1,0.0002,-0.1248,-0.1248,ev,none,live,202609250580A50A,2026-09-22T17:47:03.773Z
2026,3,15265,Kyle Pitts,ATL,TE,at GB,recYds,Hard Rock,79.5,over,40.08,600,-1500,0.1429,0.1322,0.0804,0,0.0180,-0.1249,-0.1142,ev,multiplicative,live,202609250580A50A,2026-09-22T17:47:03.773Z
2026,3,16739,Bijan Robinson,ATL,RB,at GB,recYds,DraftKings,14.5,over,32.4,-970,,0.9065,0.9065,,1,0.7815,-0.1250,-0.1250,ev,none,live,202609250580A50A,2026-09-22T17:47:03.773Z
2026,3,15850,Jahan Dotson,ATL,WR,at GB,receptions,Hard Rock,3.5,over,1.43,400,-750,0.2000,0.1848,0.0824,0,0.0750,-0.1250,-0.1098,ev,multiplicative,live,202609250580A50A,2026-09-22T17:47:03.773Z
2026,3,15306,Javonte Williams,DAL,RB,vs BAL,recYds,FanDuel,49.5,over,15.36,698,,0.1253,0.1253,,1,0.0001,-0.1252,-0.1252,ev,none,live,202609270726D5A2,2026-09-22T17:47:03.773Z
2026,3,15265,Kyle Pitts,ATL,TE,at GB,recYds,Hard Rock,64.5,over,40.08,350,-600,0.2222,0.2059,0.0794,0,0.0970,-0.1252,-0.1089,ev,multiplicative,live,202609250580A50A,2026-09-22T17:47:03.773Z
2026,3,12561,Lamar Jackson,BAL,QB,at DAL,rushYds,Hard Rock,24.5,under,52.86,220,-325,0.3125,0.2901,0.0772,0,0.1873,-0.1252,-0.1028,ev,multiplicative,live,202609270726D5A2,2026-09-22T17:47:03.773Z
2026,3,11008,Dak Prescott,DAL,QB,vs BAL,passAtt,DraftKings,45.5,over,35.07,537,,0.1570,0.1570,,1,0.0317,-0.1253,-0.1253,ev,none,live,202609270726D5A2,2026-09-22T17:47:03.773Z
2026,3,15868,Drake London,ATL,WR,at GB,receptions,Caesars,4.5,over,4.64,-190,,0.6552,0.6552,,1,0.5296,-0.1255,-0.1255,ev,none,live,202609250580A50A,2026-09-22T17:47:03.773Z
2026,3,18500,Matthew Golden,GB,WR,vs ATL,receptions,Hard Rock,2.5,over,4,-550,325,0.8462,0.7824,0.0814,0,0.7207,-0.1255,-0.0618,ev,multiplicative,live,202609250580A50A,2026-09-22T17:47:03.773Z
2026,3,18500,Matthew Golden,GB,WR,vs ATL,receptions,Hard Rock,5.5,under,4,-325,210,0.7647,0.7033,0.0873,0,0.6392,-0.1255,-0.0641,ev,multiplicative,live,202609250580A50A,2026-09-22T17:47:03.773Z
2026,3,18478,Tre Harris,LAC,WR,at BUF,recYds,Hard Rock,78.5,over,34.63,650,-1600,0.1333,0.1241,0.0745,0,0.0079,-0.1255,-0.1162,ev,multiplicative,live,2026092763BB8AC8,2026-09-22T17:47:03.773Z
2026,3,16649,Tucker Kraft,GB,TE,vs ATL,recYds,Caesars,69.5,over,49.04,210,,0.3226,0.3226,,1,0.1969,-0.1257,-0.1257,ev,none,live,202609250580A50A,2026-09-22T17:47:03.773Z
2026,3,11008,Dak Prescott,DAL,QB,vs BAL,passTD,BetRivers,0.5,over,1.57,-1115,,0.9177,0.9177,,1,0.7920,-0.1257,-0.1257,ev,none,live,202609270726D5A2,2026-09-22T17:47:03.773Z
2026,3,15265,Kyle Pitts,ATL,TE,at GB,recYds,FanDuel,35.5,under,40.08,-114,-114,0.5327,0.5000,0.0654,0,0.4067,-0.1260,-0.0933,ev,multiplicative,live,202609250580A50A,2026-09-22T17:47:03.773Z
2026,3,11008,Dak Prescott,DAL,QB,vs BAL,passTD,DraftKings,0.5,over,1.57,-1120,,0.9180,0.9180,,1,0.7920,-0.1261,-0.1261,ev,none,live,202609270726D5A2,2026-09-22T17:47:03.773Z
2026,3,15876,James Cook,BUF,RB,vs LAC,rushYds,DraftKings,119.5,over,76.14,374,,0.2110,0.2110,,1,0.0848,-0.1262,-0.1262,ev,none,live,2026092763BB8AC8,2026-09-22T17:47:03.773Z
2026,3,18478,Tre Harris,LAC,WR,at BUF,recYds,Hard Rock,79.5,over,34.63,650,-1800,0.1333,0.1234,0.0807,0,0.0067,-0.1266,-0.1166,ev,multiplicative,live,2026092763BB8AC8,2026-09-22T17:47:03.773Z
2026,3,12561,Lamar Jackson,BAL,QB,at DAL,passYds,Hard Rock,238.5,under,259.92,-115,-115,0.5349,0.5000,0.0698,0,0.4080,-0.1268,-0.0920,ev,multiplicative,live,202609270726D5A2,2026-09-22T17:47:03.773Z
2026,3,16741,Chris Brooks,GB,RB,vs ATL,recYds,Caesars,7.5,under,9.58,-118,-110,0.5413,0.5082,0.0651,0,0.4144,-0.1269,-0.0938,ev,multiplicative,live,202609250580A50A,2026-09-22T17:47:03.773Z
2026,3,16741,Chris Brooks,GB,RB,vs ATL,recYds,BetRivers,7.5,under,9.58,-118,-112,0.5413,0.5061,0.0696,0,0.4144,-0.1269,-0.0916,ev,multiplicative,live,202609250580A50A,2026-09-22T17:47:03.773Z
2026,3,18478,Tre Harris,LAC,WR,at BUF,recYds,BetRivers,49.5,over,34.63,200,,0.3333,0.3333,,1,0.2065,-0.1269,-0.1269,ev,none,live,2026092763BB8AC8,2026-09-22T17:47:03.773Z
2026,3,17724,Ladd McConkey,LAC,WR,at BUF,recYds,Hard Rock,43.5,under,64.26,135,-190,0.4255,0.3938,0.0807,0,0.2986,-0.1269,-0.0951,ev,multiplicative,live,2026092763BB8AC8,2026-09-22T17:47:03.773Z
2026,3,15876,James Cook,BUF,RB,vs LAC,rushYds,FanDuel,124.5,over,76.14,427,,0.1898,0.1898,,1,0.0627,-0.1270,-0.1270,ev,none,live,2026092763BB8AC8,2026-09-22T17:47:03.773Z
2026,3,12561,Lamar Jackson,BAL,QB,at DAL,passAtt,DraftKings,21.5,over,28.71,-1660,,0.9432,0.9432,,1,0.8161,-0.1271,-0.1271,ev,none,live,202609270726D5A2,2026-09-22T17:47:03.773Z
2026,3,15265,Kyle Pitts,ATL,TE,at GB,recYds,Hard Rock,80.5,over,40.08,600,-1600,0.1429,0.1318,0.0840,0,0.0158,-0.1271,-0.1160,ev,multiplicative,live,202609250580A50A,2026-09-22T17:47:03.773Z
2026,3,17795,MarShawn Lloyd,GB,RB,vs ATL,recYds,Hard Rock,25.5,under,12.1,-2200,700,0.9565,0.8844,0.0815,0,0.8293,-0.1272,-0.0551,ev,multiplicative,live,202609250580A50A,2026-09-22T17:47:03.773Z
2026,3,15876,James Cook,BUF,RB,vs LAC,rushYds,FanDuel,99.5,over,76.14,180,,0.3571,0.3571,,1,0.2296,-0.1275,-0.1275,ev,none,live,2026092763BB8AC8,2026-09-22T17:47:03.773Z
2026,3,14371,Jordan Love,GB,QB,vs ATL,passTD,Caesars,1.5,over,1.48,-129,105,0.5633,0.5359,0.0511,0,0.4355,-0.1279,-0.1005,ev,multiplicative,live,202609250580A50A,2026-09-22T17:47:03.773Z
2026,3,15306,Javonte Williams,DAL,RB,vs BAL,rushYds,theScore,69.5,over,63.83,135,,0.4255,0.4255,,1,0.2977,-0.1279,-0.1279,ev,none,live,202609270726D5A2,2026-09-22T17:47:03.773Z
2026,3,15306,Javonte Williams,DAL,RB,vs BAL,rushYds,Hard Rock,69.5,over,63.83,135,-190,0.4255,0.3938,0.0807,0,0.2977,-0.1279,-0.0961,ev,multiplicative,live,202609270726D5A2,2026-09-22T17:47:03.773Z
2026,3,15265,Kyle Pitts,ATL,TE,at GB,recYds,Hard Rock,35.5,under,40.08,-115,-115,0.5349,0.5000,0.0698,0,0.4067,-0.1282,-0.0933,ev,multiplicative,live,202609250580A50A,2026-09-22T17:47:03.773Z
2026,3,16739,Bijan Robinson,ATL,RB,at GB,receptions,BetRivers,1.5,over,4.13,-10000,,0.9901,0.9901,,1,0.8618,-0.1283,-0.1283,ev,none,live,202609250580A50A,2026-09-22T17:47:03.773Z
2026,3,14371,Jordan Love,GB,QB,vs ATL,rushYds,Hard Rock,28.5,over,14.63,600,-1600,0.1429,0.1318,0.0840,0,0.0146,-0.1283,-0.1172,ev,multiplicative,live,202609250580A50A,2026-09-22T17:47:03.773Z
2026,3,18478,Tre Harris,LAC,WR,at BUF,recYds,Hard Rock,48.5,over,34.63,185,-275,0.3509,0.3236,0.0842,0,0.2225,-0.1284,-0.1011,ev,multiplicative,live,2026092763BB8AC8,2026-09-22T17:47:03.773Z
2026,3,18500,Matthew Golden,GB,WR,vs ATL,receptions,Hard Rock,8.5,under,4,-7000,1400,0.9859,0.9367,0.0526,0,0.8574,-0.1285,-0.0793,ev,multiplicative,live,202609250580A50A,2026-09-22T17:47:03.773Z
2026,3,17724,Ladd McConkey,LAC,WR,at BUF,recYds,DraftKings,54.5,under,64.26,-113,-111,0.5305,0.5021,0.0566,0,0.4019,-0.1286,-0.1002,ev,multiplicative,live,2026092763BB8AC8,2026-09-22T17:47:03.773Z
2026,3,16741,Chris Brooks,GB,RB,vs ATL,rushYds,FanDuel,59.5,over,28.67,676,,0.1289,0.1289,,1,0.0001,-0.1288,-0.1288,ev,none,live,202609250580A50A,2026-09-22T17:47:03.773Z
2026,3,18515,Kaleb Johnson,GB,RB,vs ATL,rushYds,Hard Rock,67.5,over,21.07,475,-950,0.1739,0.1612,0.0787,0,0.0452,-0.1288,-0.1161,ev,multiplicative,live,202609250580A50A,2026-09-22T17:47:03.773Z
2026,3,18445,Omarion Hampton,LAC,RB,at BUF,receptions,Hard Rock,3.5,under,2.28,-575,325,0.8519,0.7836,0.0871,0,0.7231,-0.1288,-0.0605,ev,multiplicative,live,2026092763BB8AC8,2026-09-22T17:47:03.773Z
2026,3,16739,Bijan Robinson,ATL,RB,at GB,rushYds,Hard Rock,43.5,under,87.97,425,-800,0.1905,0.1765,0.0794,0,0.0615,-0.1290,-0.1150,ev,multiplicative,live,202609250580A50A,2026-09-22T17:47:03.773Z
2026,3,17700,Michael Penix Jr.,ATL,QB,at GB,passAtt,theScore,39.5,over,29.07,550,,0.1538,0.1538,,1,0.0247,-0.1291,-0.1291,ev,none,live,202609250580A50A,2026-09-22T17:47:03.773Z
2026,3,15876,James Cook,BUF,RB,vs LAC,rushYds,theScore,89.5,over,76.14,115,,0.4651,0.4651,,1,0.3361,-0.1291,-0.1291,ev,none,live,2026092763BB8AC8,2026-09-22T17:47:03.773Z
2026,3,14371,Jordan Love,GB,QB,vs ATL,completions,DraftKings,18.5,under,21.3,103,-131,0.4926,0.4649,0.0597,0,0.3633,-0.1293,-0.1016,ev,multiplicative,live,202609250580A50A,2026-09-22T17:47:03.773Z
2026,3,15868,Drake London,ATL,WR,at GB,recYds,FanDuel,79.5,over,61.67,176,,0.3623,0.3623,,1,0.2329,-0.1294,-0.1294,ev,none,live,202609250580A50A,2026-09-22T17:47:03.773Z
2026,3,14371,Jordan Love,GB,QB,vs ATL,rushYds,DraftKings,24.5,over,14.63,427,,0.1898,0.1898,,1,0.0604,-0.1294,-0.1294,ev,none,live,202609250580A50A,2026-09-22T17:47:03.773Z
2026,3,16899,Quentin Johnston,LAC,WR,at BUF,recYds,Hard Rock,45.5,under,42.06,-200,140,0.6667,0.6154,0.0833,0,0.5373,-0.1294,-0.0781,ev,multiplicative,live,2026092763BB8AC8,2026-09-22T17:47:03.773Z
2026,3,10819,Derrick Henry,BAL,RB,at DAL,rushYds,BetRivers,89.5,under,97.69,-117,-113,0.5392,0.5040,0.0697,0,0.4096,-0.1295,-0.0944,ev,multiplicative,live,202609270726D5A2,2026-09-22T17:47:03.773Z
2026,3,10819,Derrick Henry,BAL,RB,at DAL,rushYds,Hard Rock,58.5,under,97.69,275,-475,0.2667,0.2440,0.0928,0,0.1372,-0.1295,-0.1069,ev,multiplicative,live,202609270726D5A2,2026-09-22T17:47:03.773Z
2026,3,16739,Bijan Robinson,ATL,RB,at GB,receptions,Caesars,6.5,over,4.13,280,,0.2632,0.2632,,1,0.1335,-0.1297,-0.1297,ev,none,live,202609250580A50A,2026-09-22T17:47:03.773Z
2026,3,12483,Josh Allen,BUF,QB,vs LAC,passYds,Hard Rock,308.5,under,256.07,-800,425,0.8889,0.8235,0.0794,0,0.7592,-0.1297,-0.0644,ev,multiplicative,live,2026092763BB8AC8,2026-09-22T17:47:03.773Z
2026,3,16899,Quentin Johnston,LAC,WR,at BUF,receptions,Hard Rock,6.5,under,2.74,-5000,1100,0.9804,0.9217,0.0637,0,0.8507,-0.1297,-0.0710,ev,multiplicative,live,2026092763BB8AC8,2026-09-22T17:47:03.773Z
2026,3,14371,Jordan Love,GB,QB,vs ATL,passTD,FanDuel,1.5,over,1.48,-130,-102,0.5652,0.5282,0.0702,0,0.4355,-0.1298,-0.0927,ev,multiplicative,live,202609250580A50A,2026-09-22T17:47:03.773Z
2026,3,14371,Jordan Love,GB,QB,vs ATL,passTD,Hard Rock,1.5,over,1.48,-130,100,0.5652,0.5306,0.0652,0,0.4355,-0.1298,-0.0952,ev,multiplicative,live,202609250580A50A,2026-09-22T17:47:03.773Z
2026,3,14371,Jordan Love,GB,QB,vs ATL,passTD,theScore,1.5,over,1.48,-130,100,0.5652,0.5306,0.0652,0,0.4355,-0.1298,-0.0952,ev,multiplicative,live,202609250580A50A,2026-09-22T17:47:03.773Z
2026,3,15947,Jake Ferguson,DAL,TE,vs BAL,receptions,Hard Rock,1.5,under,3.73,550,-1200,0.1538,0.1429,0.0769,0,0.0239,-0.1299,-0.1190,ev,multiplicative,live,202609270726D5A2,2026-09-22T17:47:03.773Z
2026,3,11008,Dak Prescott,DAL,QB,vs BAL,passYds,DraftKings,219.5,over,260.17,-421,,0.8081,0.8081,,1,0.6780,-0.1300,-0.1300,ev,none,live,202609270726D5A2,2026-09-22T17:47:03.773Z
2026,3,15876,James Cook,BUF,RB,vs LAC,rushYds,DraftKings,99.5,over,76.14,178,,0.3597,0.3597,,1,0.2296,-0.1301,-0.1301,ev,none,live,2026092763BB8AC8,2026-09-22T17:47:03.773Z
2026,3,15853,George Pickens,DAL,WR,vs BAL,recYds,Hard Rock,99.5,under,75.47,-650,375,0.8667,0.8046,0.0772,0,0.7366,-0.1301,-0.0680,ev,multiplicative,live,202609270726D5A2,2026-09-22T17:47:03.773Z
2026,3,15265,Kyle Pitts,ATL,TE,at GB,recYds,Hard Rock,75.5,over,40.08,525,-1100,0.1600,0.1486,0.0767,0,0.0298,-0.1302,-0.1188,ev,multiplicative,live,202609250580A50A,2026-09-22T17:47:03.773Z
2026,3,16649,Tucker Kraft,GB,TE,vs ATL,recYds,Caesars,79.5,over,49.04,330,,0.2326,0.2326,,1,0.1021,-0.1305,-0.1305,ev,none,live,202609250580A50A,2026-09-22T17:47:03.773Z
2026,3,15907,Brian Robinson Jr.,ATL,RB,at GB,rushYds,Hard Rock,52.5,under,22,-1800,650,0.9474,0.8766,0.0807,0,0.8169,-0.1305,-0.0598,ev,multiplicative,live,202609250580A50A,2026-09-22T17:47:03.773Z
2026,3,12477,DJ Moore,BUF,WR,vs LAC,recYds,Hard Rock,39.5,under,52.56,145,-210,0.4082,0.3760,0.0856,0,0.2776,-0.1306,-0.0984,ev,multiplicative,live,2026092763BB8AC8,2026-09-22T17:47:03.773Z
2026,3,15868,Drake London,ATL,WR,at GB,recYds,theScore,79.5,over,61.67,175,,0.3636,0.3636,,1,0.2329,-0.1307,-0.1307,ev,none,live,202609250580A50A,2026-09-22T17:47:03.773Z
2026,3,16739,Bijan Robinson,ATL,RB,at GB,recYds,DraftKings,79.5,over,32.4,660,,0.1316,0.1316,,1,0.0008,-0.1308,-0.1308,ev,none,live,202609250580A50A,2026-09-22T17:47:03.773Z
2026,3,18515,Kaleb Johnson,GB,RB,vs ATL,rushYds,FanDuel,89.5,over,21.07,629,,0.1372,0.1372,,1,0.0063,-0.1309,-0.1309,ev,none,live,202609250580A50A,2026-09-22T17:47:03.773Z
2026,3,15876,James Cook,BUF,RB,vs LAC,rushYds,DraftKings,109.5,over,76.14,262,,0.2762,0.2762,,1,0.1453,-0.1310,-0.1310,ev,none,live,2026092763BB8AC8,2026-09-22T17:47:03.773Z
2026,3,15876,James Cook,BUF,RB,vs LAC,rushYds,FanDuel,109.5,over,76.14,262,,0.2762,0.2762,,1,0.1453,-0.1310,-0.1310,ev,none,live,2026092763BB8AC8,2026-09-22T17:47:03.773Z
2026,3,18478,Tre Harris,LAC,WR,at BUF,recYds,DraftKings,59.5,over,34.63,362,,0.2165,0.2165,,1,0.0854,-0.1310,-0.1310,ev,none,live,2026092763BB8AC8,2026-09-22T17:47:03.773Z
2026,3,16741,Chris Brooks,GB,RB,vs ATL,recYds,Hard Rock,7.5,under,9.58,-120,-110,0.5455,0.5101,0.0693,0,0.4144,-0.1310,-0.0957,ev,multiplicative,live,202609250580A50A,2026-09-22T17:47:03.773Z
2026,3,15947,Jake Ferguson,DAL,TE,vs BAL,recYds,Hard Rock,37.5,under,34.7,-240,165,0.7059,0.6516,0.0832,0,0.5749,-0.1310,-0.0767,ev,multiplicative,live,202609270726D5A2,2026-09-22T17:47:03.773Z
2026,3,11008,Dak Prescott,DAL,QB,vs BAL,passTD,Caesars,0.5,over,1.57,-1200,,0.9231,0.9231,,1,0.7920,-0.1311,-0.1311,ev,none,live,202609270726D5A2,2026-09-22T17:47:03.773Z
2026,3,11008,Dak Prescott,DAL,QB,vs BAL,passTD,Caesars,2.5,over,1.57,194,,0.3401,0.3401,,1,0.2089,-0.1312,-0.1312,ev,none,live,202609270726D5A2,2026-09-22T17:47:03.773Z
2026,3,15876,James Cook,BUF,RB,vs LAC,rushYds,Hard Rock,91.5,over,76.14,125,-175,0.4444,0.4112,0.0808,0,0.3133,-0.1312,-0.0980,ev,multiplicative,live,2026092763BB8AC8,2026-09-22T17:47:03.773Z
2026,3,16899,Quentin Johnston,LAC,WR,at BUF,recYds,Hard Rock,50.5,under,42.06,-260,180,0.7222,0.6691,0.0794,0,0.5909,-0.1313,-0.0782,ev,multiplicative,live,2026092763BB8AC8,2026-09-22T17:47:03.773Z
2026,3,12561,Lamar Jackson,BAL,QB,at DAL,passYds,Hard Rock,328.5,under,259.92,-1800,650,0.9474,0.8766,0.0807,0,0.8160,-0.1314,-0.0606,ev,multiplicative,live,202609270726D5A2,2026-09-22T17:47:03.773Z
2026,3,11008,Dak Prescott,DAL,QB,vs BAL,passYds,DraftKings,189.5,over,260.17,-1160,,0.9206,0.9206,,1,0.7891,-0.1316,-0.1316,ev,none,live,202609270726D5A2,2026-09-22T17:47:03.773Z
2026,3,14411,CeeDee Lamb,DAL,WR,vs BAL,receptions,BetRivers,6.5,over,5.87,-136,,0.5763,0.5763,,1,0.4446,-0.1317,-0.1317,ev,none,live,202609270726D5A2,2026-09-22T17:47:03.773Z
2026,3,14446,Justin Herbert,LAC,QB,at BUF,rushYds,FanDuel,19.5,under,22.63,-114,-114,0.5327,0.5000,0.0654,0,0.4009,-0.1318,-0.0991,ev,multiplicative,live,2026092763BB8AC8,2026-09-22T17:47:03.773Z
2026,3,14446,Justin Herbert,LAC,QB,at BUF,rushYds,Caesars,19.5,under,22.63,-114,-115,0.5327,0.4990,0.0676,0,0.4009,-0.1318,-0.0981,ev,multiplicative,live,2026092763BB8AC8,2026-09-22T17:47:03.773Z
2026,3,15306,Javonte Williams,DAL,RB,vs BAL,receptions,FanDuel,1.5,over,2.63,-654,,0.8674,0.8674,,1,0.7356,-0.1318,-0.1318,ev,none,live,202609270726D5A2,2026-09-22T17:47:03.773Z
2026,3,14446,Justin Herbert,LAC,QB,at BUF,rushYds,theScore,44.5,over,22.63,650,,0.1333,0.1333,,1,0.0015,-0.1318,-0.1318,ev,none,live,2026092763BB8AC8,2026-09-22T17:47:03.773Z
2026,3,11008,Dak Prescott,DAL,QB,vs BAL,passYds,Hard Rock,215.5,over,260.17,-475,300,0.8261,0.7677,0.0761,0,0.6942,-0.1319,-0.0735,ev,multiplicative,live,202609270726D5A2,2026-09-22T17:47:03.773Z
2026,3,16739,Bijan Robinson,ATL,RB,at GB,receptions,FanDuel,7.5,over,4.13,428,,0.1894,0.1894,,1,0.0572,-0.1322,-0.1322,ev,none,live,202609250580A50A,2026-09-22T17:47:03.773Z
2026,3,14411,CeeDee Lamb,DAL,WR,vs BAL,receptions,Hard Rock,3.5,over,5.87,-2500,750,0.9615,0.8910,0.0792,0,0.8293,-0.1322,-0.0617,ev,multiplicative,live,202609270726D5A2,2026-09-22T17:47:03.773Z
2026,3,14371,Jordan Love,GB,QB,vs ATL,passTD,Caesars,0.5,over,1.48,-950,,0.9048,0.9048,,1,0.7724,-0.1324,-0.1324,ev,none,live,202609250580A50A,2026-09-22T17:47:03.773Z
2026,3,15306,Javonte Williams,DAL,RB,vs BAL,recYds,BetRivers,17.5,over,15.36,-117,-114,0.5392,0.5030,0.0719,0,0.4068,-0.1324,-0.0962,ev,multiplicative,live,202609270726D5A2,2026-09-22T17:47:03.773Z
2026,3,17700,Michael Penix Jr.,ATL,QB,at GB,completions,DraftKings,21.5,over,16.68,194,,0.3401,0.3401,,1,0.2076,-0.1325,-0.1325,ev,none,live,202609250580A50A,2026-09-22T17:47:03.773Z
2026,3,14446,Justin Herbert,LAC,QB,at BUF,int,BetRivers,0.5,over,0.55,-125,-105,0.5556,0.5203,0.0678,0,0.4231,-0.1325,-0.0973,ev,multiplicative,live,2026092763BB8AC8,2026-09-22T17:47:03.773Z
2026,3,18478,Tre Harris,LAC,WR,at BUF,recYds,Hard Rock,49.5,over,34.63,195,-275,0.3390,0.3161,0.0723,0,0.2065,-0.1325,-0.1097,ev,multiplicative,live,2026092763BB8AC8,2026-09-22T17:47:03.773Z
2026,3,16739,Bijan Robinson,ATL,RB,at GB,receptions,FanDuel,2.5,over,4.13,-752,,0.8826,0.8826,,1,0.7500,-0.1326,-0.1326,ev,none,live,202609250580A50A,2026-09-22T17:47:03.773Z
2026,3,16739,Bijan Robinson,ATL,RB,at GB,recYds,Caesars,79.5,over,32.4,650,,0.1333,0.1333,,1,0.0008,-0.1326,-0.1326,ev,none,live,202609250580A50A,2026-09-22T17:47:03.773Z
2026,3,18500,Matthew Golden,GB,WR,vs ATL,receptions,Hard Rock,1.5,over,4,-3000,800,0.9677,0.8970,0.0789,0,0.8351,-0.1326,-0.0619,ev,multiplicative,live,202609250580A50A,2026-09-22T17:47:03.773Z
2026,3,15265,Kyle Pitts,ATL,TE,at GB,recYds,Hard Rock,15.5,under,40.08,325,-525,0.2353,0.2188,0.0753,0,0.1027,-0.1326,-0.1162,ev,multiplicative,live,202609250580A50A,2026-09-22T17:47:03.773Z
2026,3,15907,Brian Robinson Jr.,ATL,RB,at GB,rushYds,Hard Rock,37.5,under,22,-425,275,0.8095,0.7522,0.0762,0,0.6769,-0.1326,-0.0753,ev,multiplicative,live,202609250580A50A,2026-09-22T17:47:03.773Z
2026,3,12561,Lamar Jackson,BAL,QB,at DAL,rushYds,Hard Rock,71.5,under,52.86,-1400,600,0.9333,0.8673,0.0762,0,0.8008,-0.1326,-0.0665,ev,multiplicative,live,202609270726D5A2,2026-09-22T17:47:03.773Z
2026,3,16739,Bijan Robinson,ATL,RB,at GB,recYds,Hard Rock,80.5,over,32.4,650,-1800,0.1333,0.1234,0.0807,0,0.0006,-0.1327,-0.1228,ev,multiplicative,live,202609250580A50A,2026-09-22T17:47:03.773Z
2026,3,15876,James Cook,BUF,RB,vs LAC,rushYds,Hard Rock,96.5,over,76.14,155,-220,0.3922,0.3632,0.0797,0,0.2595,-0.1327,-0.1038,ev,multiplicative,live,2026092763BB8AC8,2026-09-22T17:47:03.773Z
2026,3,15306,Javonte Williams,DAL,RB,vs BAL,receptions,DraftKings,1.5,over,2.63,-660,,0.8684,0.8684,,1,0.7356,-0.1328,-0.1328,ev,none,live,202609270726D5A2,2026-09-22T17:47:03.773Z
2026,3,11008,Dak Prescott,DAL,QB,vs BAL,passYds,Hard Rock,174.5,over,260.17,-3000,850,0.9677,0.9019,0.0730,0,0.8349,-0.1329,-0.0670,ev,multiplicative,live,202609270726D5A2,2026-09-22T17:47:03.773Z
2026,3,10819,Derrick Henry,BAL,RB,at DAL,rushYds,Hard Rock,63.5,under,97.69,230,-350,0.3030,0.2804,0.0808,0,0.1701,-0.1329,-0.1103,ev,multiplicative,live,202609270726D5A2,2026-09-22T17:47:03.773Z
2026,3,12561,Lamar Jackson,BAL,QB,at DAL,passYds,FanDuel,236.5,under,259.92,-114,-114,0.5327,0.5000,0.0654,0,0.3996,-0.1331,-0.1004,ev,multiplicative,live,202609270726D5A2,2026-09-22T17:47:03.773Z
2026,3,12561,Lamar Jackson,BAL,QB,at DAL,passYds,theScore,239.5,under,259.92,-120,-110,0.5455,0.5101,0.0693,0,0.4123,-0.1332,-0.0979,ev,multiplicative,live,202609270726D5A2,2026-09-22T17:47:03.773Z
2026,3,17700,Michael Penix Jr.,ATL,QB,at GB,passYds,DraftKings,179.5,over,199.74,-235,,0.7015,0.7015,,1,0.5682,-0.1333,-0.1333,ev,none,live,202609250580A50A,2026-09-22T17:47:03.773Z
2026,3,16739,Bijan Robinson,ATL,RB,at GB,receptions,theScore,7.5,over,4.13,425,,0.1905,0.1905,,1,0.0572,-0.1333,-0.1333,ev,none,live,202609250580A50A,2026-09-22T17:47:03.773Z
2026,3,16741,Chris Brooks,GB,RB,vs ATL,rushYds,theScore,59.5,over,28.67,650,,0.1333,0.1333,,1,0.0001,-0.1333,-0.1333,ev,none,live,202609250580A50A,2026-09-22T17:47:03.773Z
2026,3,15876,James Cook,BUF,RB,vs LAC,rushAtt,Hard Rock,14.5,over,15.5,-325,,0.7647,0.7647,,1,0.6314,-0.1333,-0.1333,ev,none,live,2026092763BB8AC8,2026-09-22T17:47:03.773Z
2026,3,15306,Javonte Williams,DAL,RB,vs BAL,recYds,Hard Rock,51.5,over,15.36,650,-1800,0.1333,0.1234,0.0807,0,0.0000,-0.1333,-0.1233,ev,multiplicative,live,202609270726D5A2,2026-09-22T17:47:03.773Z
2026,3,11008,Dak Prescott,DAL,QB,vs BAL,rushAtt,Hard Rock,8.5,over,2.62,650,,0.1333,0.1333,,1,0.0000,-0.1333,-0.1333,ev,none,live,202609270726D5A2,2026-09-22T17:47:03.773Z
2026,3,12483,Josh Allen,BUF,QB,vs LAC,passYds,Hard Rock,248.5,under,256.07,-150,110,0.6000,0.5575,0.0762,0,0.4665,-0.1335,-0.0910,ev,multiplicative,live,2026092763BB8AC8,2026-09-22T17:47:03.773Z
2026,3,15850,Jahan Dotson,ATL,WR,at GB,receptions,Caesars,2.5,over,1.43,176,-240,0.3623,0.3392,0.0682,0,0.2284,-0.1339,-0.1108,ev,multiplicative,live,202609250580A50A,2026-09-22T17:47:03.773Z
2026,3,11008,Dak Prescott,DAL,QB,vs BAL,passYds,Hard Rock,205.5,over,260.17,-650,375,0.8667,0.8046,0.0772,0,0.7328,-0.1339,-0.0718,ev,multiplicative,live,202609270726D5A2,2026-09-22T17:47:03.773Z
2026,3,16739,Bijan Robinson,ATL,RB,at GB,receptions,FanDuel,4.5,over,4.13,-130,-102,0.5652,0.5282,0.0702,0,0.4312,-0.1340,-0.0970,ev,multiplicative,live,202609250580A50A,2026-09-22T17:47:03.773Z
2026,3,14446,Justin Herbert,LAC,QB,at BUF,rushYds,FanDuel,29.5,over,22.63,223,,0.3096,0.3096,,1,0.1756,-0.1340,-0.1340,ev,none,live,2026092763BB8AC8,2026-09-22T17:47:03.773Z
2026,3,14446,Justin Herbert,LAC,QB,at BUF,rushYds,DraftKings,19.5,under,22.63,-115,-109,0.5349,0.5063,0.0564,0,0.4009,-0.1340,-0.1054,ev,multiplicative,live,2026092763BB8AC8,2026-09-22T17:47:03.773Z
2026,3,16739,Bijan Robinson,ATL,RB,at GB,receptions,theScore,4.5,over,4.13,-130,100,0.5652,0.5306,0.0652,0,0.4312,-0.1340,-0.0994,ev,multiplicative,live,202609250580A50A,2026-09-22T17:47:03.773Z
2026,3,14446,Justin Herbert,LAC,QB,at BUF,rushYds,Hard Rock,19.5,under,22.63,-115,-115,0.5349,0.5000,0.0698,0,0.4009,-0.1340,-0.0991,ev,multiplicative,live,2026092763BB8AC8,2026-09-22T17:47:03.773Z
2026,3,16899,Quentin Johnston,LAC,WR,at BUF,recYds,Hard Rock,49.5,under,42.06,-250,170,0.7143,0.6585,0.0847,0,0.5803,-0.1340,-0.0783,ev,multiplicative,live,2026092763BB8AC8,2026-09-22T17:47:03.773Z
2026,3,15876,James Cook,BUF,RB,vs LAC,rushYds,theScore,99.5,over,76.14,175,,0.3636,0.3636,,1,0.2296,-0.1340,-0.1340,ev,none,live,2026092763BB8AC8,2026-09-22T17:47:03.773Z
2026,3,12483,Josh Allen,BUF,QB,vs LAC,passTD,DraftKings,2.5,over,1.41,230,,0.3030,0.3030,,1,0.1689,-0.1341,-0.1341,ev,none,live,2026092763BB8AC8,2026-09-22T17:47:03.773Z
2026,3,15265,Kyle Pitts,ATL,TE,at GB,recYds,Hard Rock,65.5,over,40.08,350,-600,0.2222,0.2059,0.0794,0,0.0882,-0.1341,-0.1177,ev,multiplicative,live,202609250580A50A,2026-09-22T17:47:03.773Z
2026,3,12483,Josh Allen,BUF,QB,vs LAC,passTD,Hard Rock,2.5,over,1.41,230,,0.3030,0.3030,,1,0.1689,-0.1341,-0.1341,ev,none,live,2026092763BB8AC8,2026-09-22T17:47:03.773Z
2026,3,11008,Dak Prescott,DAL,QB,vs BAL,passYds,Hard Rock,199.5,over,260.17,-800,425,0.8889,0.8235,0.0794,0,0.7547,-0.1341,-0.0688,ev,multiplicative,live,202609270726D5A2,2026-09-22T17:47:03.773Z
2026,3,14371,Jordan Love,GB,QB,vs ATL,completions,Caesars,18.5,under,21.3,101,-134,0.4975,0.4649,0.0702,0,0.3633,-0.1342,-0.1016,ev,multiplicative,live,202609250580A50A,2026-09-22T17:47:03.773Z
2026,3,11008,Dak Prescott,DAL,QB,vs BAL,passYds,DraftKings,209.5,over,260.17,-575,,0.8519,0.8519,,1,0.7176,-0.1342,-0.1342,ev,none,live,202609270726D5A2,2026-09-22T17:47:03.773Z
2026,3,15876,James Cook,BUF,RB,vs LAC,rushYds,Hard Rock,131.5,over,76.14,475,-1000,0.1739,0.1606,0.0830,0,0.0397,-0.1342,-0.1209,ev,multiplicative,live,2026092763BB8AC8,2026-09-22T17:47:03.773Z
2026,3,15850,Jahan Dotson,ATL,WR,at GB,recYds,Caesars,49.5,over,17.4,625,,0.1379,0.1379,,1,0.0033,-0.1346,-0.1346,ev,none,live,202609250580A50A,2026-09-22T17:47:03.773Z
2026,3,11008,Dak Prescott,DAL,QB,vs BAL,passTD,BetRivers,1.5,over,1.57,-150,114,0.6000,0.5622,0.0673,0,0.4653,-0.1347,-0.0968,ev,multiplicative,live,202609270726D5A2,2026-09-22T17:47:03.773Z
2026,3,15853,George Pickens,DAL,WR,vs BAL,recYds,Hard Rock,29.5,under,75.47,350,-600,0.2222,0.2059,0.0794,0,0.0875,-0.1347,-0.1184,ev,multiplicative,live,202609270726D5A2,2026-09-22T17:47:03.773Z
2026,3,15306,Javonte Williams,DAL,RB,vs BAL,recYds,DraftKings,39.5,over,15.36,620,,0.1389,0.1389,,1,0.0039,-0.1350,-0.1350,ev,none,live,202609270726D5A2,2026-09-22T17:47:03.773Z
2026,3,15876,James Cook,BUF,RB,vs LAC,rushYds,Hard Rock,126.5,over,76.14,425,-750,0.1905,0.1775,0.0728,0,0.0553,-0.1352,-0.1222,ev,multiplicative,live,2026092763BB8AC8,2026-09-22T17:47:03.773Z
2026,3,15876,James Cook,BUF,RB,vs LAC,rushYds,Hard Rock,121.5,over,76.14,375,-600,0.2105,0.1972,0.0677,0,0.0754,-0.1352,-0.1218,ev,multiplicative,live,2026092763BB8AC8,2026-09-22T17:47:03.773Z
2026,3,10819,Derrick Henry,BAL,RB,at DAL,rushYds,Hard Rock,64.5,under,97.69,220,-325,0.3125,0.2901,0.0772,0,0.1773,-0.1352,-0.1128,ev,multiplicative,live,202609270726D5A2,2026-09-22T17:47:03.773Z
2026,3,15306,Javonte Williams,DAL,RB,vs BAL,receptions,Caesars,1.5,over,2.63,-675,,0.8710,0.8710,,1,0.7356,-0.1353,-0.1353,ev,none,live,202609270726D5A2,2026-09-22T17:47:03.773Z
2026,3,16739,Bijan Robinson,ATL,RB,at GB,recYds,FanDuel,14.5,over,32.4,-1104,,0.9169,0.9169,,1,0.7815,-0.1354,-0.1354,ev,none,live,202609250580A50A,2026-09-22T17:47:03.773Z
2026,3,18500,Matthew Golden,GB,WR,vs ATL,receptions,BetRivers,1.5,over,4,-3335,,0.9709,0.9709,,1,0.8351,-0.1357,-0.1357,ev,none,live,202609250580A50A,2026-09-22T17:47:03.773Z
2026,3,11008,Dak Prescott,DAL,QB,vs BAL,passYds,Hard Rock,175.5,over,260.17,-3000,800,0.9677,0.8970,0.0789,0,0.8320,-0.1357,-0.0650,ev,multiplicative,live,202609270726D5A2,2026-09-22T17:47:03.773Z
2026,3,12483,Josh Allen,BUF,QB,vs LAC,rushYds,Hard Rock,64.5,over,32.45,575,-1400,0.1481,0.1370,0.0815,0,0.0123,-0.1358,-0.1247,ev,multiplicative,live,2026092763BB8AC8,2026-09-22T17:47:03.773Z
2026,3,12561,Lamar Jackson,BAL,QB,at DAL,passYds,Hard Rock,324.5,under,259.92,-1500,600,0.9375,0.8678,0.0804,0,0.8017,-0.1358,-0.0661,ev,multiplicative,live,202609270726D5A2,2026-09-22T17:47:03.773Z
2026,3,11008,Dak Prescott,DAL,QB,vs BAL,passYds,Hard Rock,195.5,over,260.17,-950,475,0.9048,0.8388,0.0787,0,0.7688,-0.1359,-0.0700,ev,multiplicative,live,202609270726D5A2,2026-09-22T17:47:03.773Z
2026,3,10819,Derrick Henry,BAL,RB,at DAL,rushYds,Hard Rock,88.5,under,97.69,-115,-115,0.5349,0.5000,0.0698,0,0.3988,-0.1360,-0.1012,ev,multiplicative,live,202609270726D5A2,2026-09-22T17:47:03.773Z
2026,3,15907,Brian Robinson Jr.,ATL,RB,at GB,rushYds,Hard Rock,49.5,under,22,-1300,575,0.9286,0.8624,0.0767,0,0.7923,-0.1362,-0.0701,ev,multiplicative,live,202609250580A50A,2026-09-22T17:47:03.773Z
2026,3,11008,Dak Prescott,DAL,QB,vs BAL,passYds,DraftKings,199.5,over,260.17,-820,,0.8913,0.8913,,1,0.7547,-0.1366,-0.1366,ev,none,live,202609270726D5A2,2026-09-22T17:47:03.773Z
2026,3,14371,Jordan Love,GB,QB,vs ATL,passTD,BetRivers,0.5,over,1.48,-1000,,0.9091,0.9091,,1,0.7724,-0.1367,-0.1367,ev,none,live,202609250580A50A,2026-09-22T17:47:03.773Z
2026,3,17795,MarShawn Lloyd,GB,RB,vs ATL,recYds,Hard Rock,24.5,under,12.1,-1800,650,0.9474,0.8766,0.0807,0,0.8107,-0.1367,-0.0659,ev,multiplicative,live,202609250580A50A,2026-09-22T17:47:03.773Z
2026,3,14371,Jordan Love,GB,QB,vs ATL,completions,theScore,18.5,under,21.3,100,-130,0.5000,0.4694,0.0652,0,0.3633,-0.1367,-0.1061,ev,multiplicative,live,202609250580A50A,2026-09-22T17:47:03.773Z
2026,3,15876,James Cook,BUF,RB,vs LAC,rushAtt,Hard Rock,23.5,over,15.5,550,,0.1538,0.1538,,1,0.0172,-0.1367,-0.1367,ev,none,live,2026092763BB8AC8,2026-09-22T17:47:03.773Z
2026,3,12483,Josh Allen,BUF,QB,vs LAC,passYds,Hard Rock,249.5,under,256.07,-155,110,0.6078,0.5607,0.0840,0,0.4709,-0.1369,-0.0898,ev,multiplicative,live,2026092763BB8AC8,2026-09-22T17:47:03.773Z
2026,3,15265,Kyle Pitts,ATL,TE,at GB,recYds,BetMGM,34.5,under,40.08,-110,-120,0.5238,0.4899,0.0693,0,0.3869,-0.1370,-0.1030,ev,multiplicative,live,202609250580A50A,2026-09-22T17:47:03.773Z
2026,3,12477,DJ Moore,BUF,WR,vs LAC,recYds,Hard Rock,29.5,under,52.56,250,-375,0.2857,0.2657,0.0752,0,0.1488,-0.1370,-0.1170,ev,multiplicative,live,2026092763BB8AC8,2026-09-22T17:47:03.773Z
2026,3,18515,Kaleb Johnson,GB,RB,vs ATL,rushYds,DraftKings,69.5,over,21.07,469,,0.1757,0.1757,,1,0.0386,-0.1371,-0.1371,ev,none,live,202609250580A50A,2026-09-22T17:47:03.773Z
2026,3,12483,Josh Allen,BUF,QB,vs LAC,passYds,Hard Rock,299.5,under,256.07,-600,350,0.8571,0.7941,0.0794,0,0.7200,-0.1371,-0.0741,ev,multiplicative,live,2026092763BB8AC8,2026-09-22T17:47:03.773Z
2026,3,14371,Jordan Love,GB,QB,vs ATL,passTD,BetRivers,1.5,over,1.48,-134,102,0.5726,0.5363,0.0677,0,0.4355,-0.1372,-0.1009,ev,multiplicative,live,202609250580A50A,2026-09-22T17:47:03.773Z
2026,3,18478,Tre Harris,LAC,WR,at BUF,recYds,Caesars,49.5,over,34.63,191,,0.3436,0.3436,,1,0.2065,-0.1372,-0.1372,ev,none,live,2026092763BB8AC8,2026-09-22T17:47:03.773Z
2026,3,15306,Javonte Williams,DAL,RB,vs BAL,rushYds,FanDuel,109.5,over,63.83,629,,0.1372,0.1372,,1,0.0000,-0.1372,-0.1372,ev,none,live,202609270726D5A2,2026-09-22T17:47:03.773Z
2026,3,15876,James Cook,BUF,RB,vs LAC,rushYds,theScore,124.5,over,76.14,400,,0.2000,0.2000,,1,0.0627,-0.1373,-0.1373,ev,none,live,2026092763BB8AC8,2026-09-22T17:47:03.773Z
2026,3,12477,DJ Moore,BUF,WR,vs LAC,recYds,Hard Rock,34.5,under,52.56,190,-275,0.3448,0.3198,0.0782,0,0.2073,-0.1375,-0.1125,ev,multiplicative,live,2026092763BB8AC8,2026-09-22T17:47:03.773Z
2026,3,15306,Javonte Williams,DAL,RB,vs BAL,receptions,DraftKings,5.5,over,2.63,548,,0.1543,0.1543,,1,0.0167,-0.1376,-0.1376,ev,none,live,202609270726D5A2,2026-09-22T17:47:03.773Z
2026,3,12561,Lamar Jackson,BAL,QB,at DAL,passYds,Hard Rock,318.5,under,259.92,-1100,525,0.9167,0.8514,0.0767,0,0.7791,-0.1376,-0.0723,ev,multiplicative,live,202609270726D5A2,2026-09-22T17:47:03.773Z
2026,3,15850,Jahan Dotson,ATL,WR,at GB,receptions,FanDuel,1.5,over,1.43,-162,122,0.6183,0.5785,0.0688,0,0.4806,-0.1377,-0.0979,ev,multiplicative,live,202609250580A50A,2026-09-22T17:47:03.773Z
2026,3,11008,Dak Prescott,DAL,QB,vs BAL,rushYds,Caesars,9.5,over,9.5,-176,,0.6377,0.6377,,1,0.5000,-0.1377,-0.1377,ev,none,live,202609270726D5A2,2026-09-22T17:47:03.773Z
2026,3,15265,Kyle Pitts,ATL,TE,at GB,recYds,Hard Rock,70.5,over,40.08,425,-850,0.1905,0.1755,0.0852,0,0.0528,-0.1377,-0.1227,ev,multiplicative,live,202609250580A50A,2026-09-22T17:47:03.773Z
2026,3,15868,Drake London,ATL,WR,at GB,receptions,DraftKings,4.5,over,4.64,-201,,0.6678,0.6678,,1,0.5296,-0.1381,-0.1381,ev,none,live,202609250580A50A,2026-09-22T17:47:03.773Z
2026,3,16739,Bijan Robinson,ATL,RB,at GB,receptions,DraftKings,6.5,over,4.13,268,,0.2717,0.2717,,1,0.1335,-0.1383,-0.1383,ev,none,live,202609250580A50A,2026-09-22T17:47:03.773Z
2026,3,14446,Justin Herbert,LAC,QB,at BUF,rushYds,BetRivers,19.5,under,22.63,-117,-113,0.5392,0.5040,0.0697,0,0.4009,-0.1383,-0.1031,ev,multiplicative,live,2026092763BB8AC8,2026-09-22T17:47:03.773Z
2026,3,17724,Ladd McConkey,LAC,WR,at BUF,recYds,Caesars,53.5,under,64.26,-113,-117,0.5305,0.4960,0.0697,0,0.3921,-0.1384,-0.1039,ev,multiplicative,live,2026092763BB8AC8,2026-09-22T17:47:03.773Z
2026,3,10819,Derrick Henry,BAL,RB,at DAL,rushYds,Hard Rock,93.5,under,97.69,-145,100,0.5918,0.5421,0.0918,0,0.4535,-0.1384,-0.0886,ev,multiplicative,live,202609270726D5A2,2026-09-22T17:47:03.773Z
2026,3,15907,Brian Robinson Jr.,ATL,RB,at GB,rushYds,Hard Rock,42.5,under,22,-650,375,0.8667,0.8046,0.0772,0,0.7282,-0.1385,-0.0764,ev,multiplicative,live,202609250580A50A,2026-09-22T17:47:03.773Z
2026,3,17724,Ladd McConkey,LAC,WR,at BUF,recYds,Hard Rock,68.5,under,64.26,-230,165,0.6970,0.6487,0.0743,0,0.5585,-0.1385,-0.0902,ev,multiplicative,live,2026092763BB8AC8,2026-09-22T17:47:03.773Z
2026,3,17795,MarShawn Lloyd,GB,RB,vs ATL,rushYds,Hard Rock,18.5,under,45.05,200,-300,0.3333,0.3077,0.0833,0,0.1946,-0.1387,-0.1131,ev,multiplicative,live,202609250580A50A,2026-09-22T17:47:03.773Z
2026,3,16739,Bijan Robinson,ATL,RB,at GB,receptions,theScore,2.5,over,4.13,-800,,0.8889,0.8889,,1,0.7500,-0.1389,-0.1389,ev,none,live,202609250580A50A,2026-09-22T17:47:03.773Z
2026,3,11008,Dak Prescott,DAL,QB,vs BAL,passYds,Hard Rock,185.5,over,260.17,-1600,600,0.9412,0.8682,0.0840,0,0.8019,-0.1392,-0.0663,ev,multiplicative,live,202609270726D5A2,2026-09-22T17:47:03.773Z
2026,3,15306,Javonte Williams,DAL,RB,vs BAL,receptions,Hard Rock,1.5,over,2.63,-700,400,0.8750,0.8140,0.0750,0,0.7356,-0.1394,-0.0783,ev,multiplicative,live,202609270726D5A2,2026-09-22T17:47:03.773Z
2026,3,16899,Quentin Johnston,LAC,WR,at BUF,recYds,Hard Rock,40.5,under,42.06,-155,110,0.6078,0.5607,0.0840,0,0.4681,-0.1398,-0.0927,ev,multiplicative,live,2026092763BB8AC8,2026-09-22T17:47:03.773Z
2026,3,15876,James Cook,BUF,RB,vs LAC,rushYds,Hard Rock,101.5,over,76.14,185,-260,0.3509,0.3270,0.0731,0,0.2109,-0.1400,-0.1161,ev,multiplicative,live,2026092763BB8AC8,2026-09-22T17:47:03.773Z
2026,3,15946,Christian Watson,GB,WR,vs ATL,receptions,Hard Rock,1.5,over,3.95,-5000,1100,0.9804,0.9217,0.0637,0,0.8402,-0.1401,-0.0814,ev,multiplicative,live,202609250580A50A,2026-09-22T17:47:03.773Z
2026,3,10819,Derrick Henry,BAL,RB,at DAL,rushYds,DraftKings,87.5,under,97.69,-112,-111,0.5283,0.5011,0.0544,0,0.3881,-0.1402,-0.1129,ev,multiplicative,live,202609270726D5A2,2026-09-22T17:47:03.773Z
2026,3,15850,Jahan Dotson,ATL,WR,at GB,receptions,Caesars,1.5,over,1.43,-164,,0.6212,0.6212,,1,0.4806,-0.1406,-0.1406,ev,none,live,202609250580A50A,2026-09-22T17:47:03.773Z
2026,3,17724,Ladd McConkey,LAC,WR,at BUF,recYds,FanDuel,53.5,under,64.26,-114,-114,0.5327,0.5000,0.0654,0,0.3921,-0.1406,-0.1079,ev,multiplicative,live,2026092763BB8AC8,2026-09-22T17:47:03.773Z
2026,3,14371,Jordan Love,GB,QB,vs ATL,passTD,DraftKings,1.5,over,1.48,-136,106,0.5763,0.5428,0.0617,0,0.4355,-0.1408,-0.1073,ev,multiplicative,live,202609250580A50A,2026-09-22T17:47:03.773Z
2026,3,16739,Bijan Robinson,ATL,RB,at GB,recYds,DraftKings,24.5,over,32.4,-345,,0.7753,0.7753,,1,0.6342,-0.1410,-0.1410,ev,none,live,202609250580A50A,2026-09-22T17:47:03.773Z
2026,3,16739,Bijan Robinson,ATL,RB,at GB,receptions,Caesars,4.5,over,4.13,-134,103,0.5726,0.5376,0.0653,0,0.4312,-0.1414,-0.1064,ev,multiplicative,live,202609250580A50A,2026-09-22T17:47:03.773Z
2026,3,17700,Michael Penix Jr.,ATL,QB,at GB,int,BetMGM,0.5,over,0.5,-115,-115,0.5349,0.5000,0.0698,0,0.3935,-0.1414,-0.1065,ev,multiplicative,live,202609250580A50A,2026-09-22T17:47:03.773Z
2026,3,14446,Justin Herbert,LAC,QB,at BUF,rushYds,Hard Rock,44.5,over,22.63,600,-1500,0.1429,0.1322,0.0804,0,0.0015,-0.1414,-0.1307,ev,multiplicative,live,2026092763BB8AC8,2026-09-22T17:47:03.773Z
2026,3,16739,Bijan Robinson,ATL,RB,at GB,recYds,FanDuel,19.5,over,32.4,-584,,0.8538,0.8538,,1,0.7124,-0.1415,-0.1415,ev,none,live,202609250580A50A,2026-09-22T17:47:03.773Z
2026,3,15868,Drake London,ATL,WR,at GB,recYds,DraftKings,109.5,over,61.67,500,,0.1667,0.1667,,1,0.0252,-0.1415,-0.1415,ev,none,live,202609250580A50A,2026-09-22T17:47:03.773Z
2026,3,15853,George Pickens,DAL,WR,vs BAL,recYds,Hard Rock,94.5,under,75.47,-500,300,0.8333,0.7692,0.0833,0,0.6919,-0.1415,-0.0773,ev,multiplicative,live,202609270726D5A2,2026-09-22T17:47:03.773Z
2026,3,15907,Brian Robinson Jr.,ATL,RB,at GB,rushYds,Hard Rock,47.5,under,22,-1100,500,0.9167,0.8462,0.0833,0,0.7750,-0.1417,-0.0712,ev,multiplicative,live,202609250580A50A,2026-09-22T17:47:03.773Z
2026,3,12483,Josh Allen,BUF,QB,vs LAC,passYds,Hard Rock,298.5,under,256.07,-600,350,0.8571,0.7941,0.0794,0,0.7155,-0.1417,-0.0787,ev,multiplicative,live,2026092763BB8AC8,2026-09-22T17:47:03.773Z
2026,3,10819,Derrick Henry,BAL,RB,at DAL,rushYds,Hard Rock,83.5,under,97.69,105,-140,0.4878,0.4554,0.0711,0,0.3461,-0.1417,-0.1093,ev,multiplicative,live,202609270726D5A2,2026-09-22T17:47:03.773Z
2026,3,15850,Jahan Dotson,ATL,WR,at GB,receptions,DraftKings,2.5,over,1.43,170,,0.3704,0.3704,,1,0.2284,-0.1419,-0.1419,ev,none,live,202609250580A50A,2026-09-22T17:47:03.773Z
2026,3,17700,Michael Penix Jr.,ATL,QB,at GB,passYds,BetRivers,179.5,over,199.74,-245,,0.7101,0.7101,,1,0.5682,-0.1419,-0.1419,ev,none,live,202609250580A50A,2026-09-22T17:47:03.773Z
2026,3,15850,Jahan Dotson,ATL,WR,at GB,receptions,Hard Rock,2.5,over,1.43,170,-240,0.3704,0.3441,0.0763,0,0.2284,-0.1419,-0.1157,ev,multiplicative,live,202609250580A50A,2026-09-22T17:47:03.773Z
2026,3,15850,Jahan Dotson,ATL,WR,at GB,receptions,BetRivers,1.5,over,1.43,-165,,0.6226,0.6226,,1,0.4806,-0.1421,-0.1421,ev,none,live,202609250580A50A,2026-09-22T17:47:03.773Z
2026,3,16739,Bijan Robinson,ATL,RB,at GB,receptions,FanDuel,3.5,over,4.13,-292,,0.7449,0.7449,,1,0.6028,-0.1421,-0.1421,ev,none,live,202609250580A50A,2026-09-22T17:47:03.773Z
2026,3,15850,Jahan Dotson,ATL,WR,at GB,receptions,BetMGM,1.5,over,1.43,-165,125,0.6226,0.5835,0.0671,0,0.4806,-0.1421,-0.1029,ev,multiplicative,live,202609250580A50A,2026-09-22T17:47:03.773Z
2026,3,16739,Bijan Robinson,ATL,RB,at GB,recYds,Hard Rock,79.5,over,32.4,600,-1600,0.1429,0.1318,0.0840,0,0.0008,-0.1421,-0.1310,ev,multiplicative,live,202609250580A50A,2026-09-22T17:47:03.773Z
2026,3,15907,Brian Robinson Jr.,ATL,RB,at GB,rushYds,Hard Rock,39.5,under,22,-525,300,0.8400,0.7706,0.0900,0,0.6979,-0.1421,-0.0727,ev,multiplicative,live,202609250580A50A,2026-09-22T17:47:03.773Z
2026,3,15850,Jahan Dotson,ATL,WR,at GB,receptions,Hard Rock,1.5,over,1.43,-165,125,0.6226,0.5835,0.0671,0,0.4806,-0.1421,-0.1029,ev,multiplicative,live,202609250580A50A,2026-09-22T17:47:03.773Z
2026,3,15876,James Cook,BUF,RB,vs LAC,rushYds,Caesars,89.5,over,76.14,109,,0.4785,0.4785,,1,0.3361,-0.1424,-0.1424,ev,none,live,2026092763BB8AC8,2026-09-22T17:47:03.773Z
2026,3,18478,Tre Harris,LAC,WR,at BUF,recYds,Hard Rock,8.5,over,34.63,-1100,525,0.9167,0.8514,0.0767,0,0.7742,-0.1424,-0.0772,ev,multiplicative,live,2026092763BB8AC8,2026-09-22T17:47:03.773Z
2026,3,11008,Dak Prescott,DAL,QB,vs BAL,passYds,BetRivers,224.5,over,260.17,-400,,0.8000,0.8000,,1,0.6574,-0.1426,-0.1426,ev,none,live,202609270726D5A2,2026-09-22T17:47:03.773Z
2026,3,15850,Jahan Dotson,ATL,WR,at GB,recYds,Hard Rock,59.5,over,17.4,600,-1600,0.1429,0.1318,0.0840,0,0.0002,-0.1427,-0.1316,ev,multiplicative,live,202609250580A50A,2026-09-22T17:47:03.773Z
2026,3,17724,Ladd McConkey,LAC,WR,at BUF,recYds,Hard Rock,53.5,under,64.26,-115,-115,0.5349,0.5000,0.0698,0,0.3921,-0.1428,-0.1079,ev,multiplicative,live,2026092763BB8AC8,2026-09-22T17:47:03.773Z
2026,3,15306,Javonte Williams,DAL,RB,vs BAL,rushYds,Hard Rock,109.5,over,63.83,600,-1400,0.1429,0.1327,0.0762,0,0.0000,-0.1428,-0.1327,ev,multiplicative,live,202609270726D5A2,2026-09-22T17:47:03.773Z
2026,3,15306,Javonte Williams,DAL,RB,vs BAL,recYds,Hard Rock,49.5,over,15.36,600,-1400,0.1429,0.1327,0.0762,0,0.0001,-0.1428,-0.1327,ev,multiplicative,live,202609270726D5A2,2026-09-22T17:47:03.773Z
2026,3,15306,Javonte Williams,DAL,RB,vs BAL,rushYds,Caesars,69.5,over,63.83,127,,0.4405,0.4405,,1,0.2977,-0.1429,-0.1429,ev,none,live,202609270726D5A2,2026-09-22T17:47:03.773Z
2026,3,10819,Derrick Henry,BAL,RB,at DAL,rushYds,Hard Rock,68.5,under,97.69,185,-275,0.3509,0.3236,0.0842,0,0.2078,-0.1431,-0.1159,ev,multiplicative,live,202609270726D5A2,2026-09-22T17:47:03.773Z
2026,3,15306,Javonte Williams,DAL,RB,vs BAL,receptions,Caesars,5.5,over,2.63,525,,0.1600,0.1600,,1,0.0167,-0.1433,-0.1433,ev,none,live,202609270726D5A2,2026-09-22T17:47:03.773Z
2026,3,16739,Bijan Robinson,ATL,RB,at GB,receptions,Hard Rock,4.5,over,4.13,-135,105,0.5745,0.5408,0.0623,0,0.4312,-0.1433,-0.1096,ev,multiplicative,live,202609250580A50A,2026-09-22T17:47:03.773Z
2026,3,18515,Kaleb Johnson,GB,RB,vs ATL,rushYds,Hard Rock,64.5,over,21.07,400,-750,0.2000,0.1848,0.0824,0,0.0566,-0.1434,-0.1282,ev,multiplicative,live,202609250580A50A,2026-09-22T17:47:03.773Z
2026,3,18478,Tre Harris,LAC,WR,at BUF,recYds,Caesars,9.5,over,34.63,-1000,,0.9091,0.9091,,1,0.7655,-0.1436,-0.1436,ev,none,live,2026092763BB8AC8,2026-09-22T17:47:03.773Z
2026,3,17724,Ladd McConkey,LAC,WR,at BUF,recYds,Hard Rock,48.5,under,64.26,105,-150,0.4878,0.4484,0.0878,0,0.3442,-0.1436,-0.1043,ev,multiplicative,live,2026092763BB8AC8,2026-09-22T17:47:03.773Z
2026,3,18478,Tre Harris,LAC,WR,at BUF,recYds,Hard Rock,73.5,over,34.63,525,-1200,0.1600,0.1477,0.0831,0,0.0162,-0.1438,-0.1316,ev,multiplicative,live,2026092763BB8AC8,2026-09-22T17:47:03.773Z
2026,3,16899,Quentin Johnston,LAC,WR,at BUF,recYds,Hard Rock,39.5,under,42.06,-145,105,0.5918,0.5482,0.0796,0,0.4477,-0.1441,-0.1005,ev,multiplicative,live,2026092763BB8AC8,2026-09-22T17:47:03.773Z
2026,3,15306,Javonte Williams,DAL,RB,vs BAL,recYds,Caesars,39.5,over,15.36,575,,0.1481,0.1481,,1,0.0039,-0.1442,-0.1442,ev,none,live,202609270726D5A2,2026-09-22T17:47:03.773Z
2026,3,16739,Bijan Robinson,ATL,RB,at GB,rushYds,Hard Rock,49.5,under,87.97,325,-525,0.2353,0.2188,0.0753,0,0.0911,-0.1442,-0.1277,ev,multiplicative,live,202609250580A50A,2026-09-22T17:47:03.773Z
2026,3,16739,Bijan Robinson,ATL,RB,at GB,receptions,BetRivers,6.5,over,4.13,260,,0.2778,0.2778,,1,0.1335,-0.1443,-0.1443,ev,none,live,202609250580A50A,2026-09-22T17:47:03.773Z
2026,3,16739,Bijan Robinson,ATL,RB,at GB,receptions,Caesars,5.5,over,4.13,147,,0.4049,0.4049,,1,0.2605,-0.1443,-0.1443,ev,none,live,202609250580A50A,2026-09-22T17:47:03.773Z
2026,3,12483,Josh Allen,BUF,QB,vs LAC,passTD,FanDuel,0.5,over,1.41,-902,,0.9002,0.9002,,1,0.7559,-0.1443,-0.1443,ev,none,live,2026092763BB8AC8,2026-09-22T17:47:03.773Z
2026,3,16739,Bijan Robinson,ATL,RB,at GB,receptions,Hard Rock,6.5,over,4.13,260,-400,0.2778,0.2577,0.0778,0,0.1335,-0.1443,-0.1243,ev,multiplicative,live,202609250580A50A,2026-09-22T17:47:03.773Z
2026,3,15868,Drake London,ATL,WR,at GB,recYds,Hard Rock,79.5,over,61.67,165,-230,0.3774,0.3513,0.0743,0,0.2329,-0.1444,-0.1183,ev,multiplicative,live,202609250580A50A,2026-09-22T17:47:03.773Z
2026,3,15876,James Cook,BUF,RB,vs LAC,rushYds,Hard Rock,106.5,over,76.14,220,-325,0.3125,0.2901,0.0772,0,0.1681,-0.1444,-0.1220,ev,multiplicative,live,2026092763BB8AC8,2026-09-22T17:47:03.773Z
2026,3,16739,Bijan Robinson,ATL,RB,at GB,receptions,Caesars,2.5,over,4.13,-850,,0.8947,0.8947,,1,0.7500,-0.1447,-0.1447,ev,none,live,202609250580A50A,2026-09-22T17:47:03.773Z
2026,3,16739,Bijan Robinson,ATL,RB,at GB,receptions,DraftKings,2.5,over,4.13,-850,,0.8947,0.8947,,1,0.7500,-0.1447,-0.1447,ev,none,live,202609250580A50A,2026-09-22T17:47:03.773Z
2026,3,15868,Drake London,ATL,WR,at GB,recYds,Caesars,119.5,over,61.67,550,,0.1538,0.1538,,1,0.0090,-0.1448,-0.1448,ev,none,live,202609250580A50A,2026-09-22T17:47:03.773Z
2026,3,15868,Drake London,ATL,WR,at GB,recYds,FanDuel,109.5,over,61.67,487,,0.1704,0.1704,,1,0.0252,-0.1451,-0.1451,ev,none,live,202609250580A50A,2026-09-22T17:47:03.773Z
2026,3,17700,Michael Penix Jr.,ATL,QB,at GB,int,theScore,1.5,over,0.5,325,,0.2353,0.2353,,1,0.0902,-0.1451,-0.1451,ev,none,live,202609250580A50A,2026-09-22T17:47:03.773Z
2026,3,18515,Kaleb Johnson,GB,RB,vs ATL,rushYds,Hard Rock,62.5,over,21.07,375,-650,0.2105,0.1954,0.0772,0,0.0654,-0.1452,-0.1301,ev,multiplicative,live,202609250580A50A,2026-09-22T17:47:03.773Z
2026,3,12483,Josh Allen,BUF,QB,vs LAC,rushYds,Hard Rock,63.5,over,32.45,525,-1200,0.1600,0.1477,0.0831,0,0.0147,-0.1453,-0.1330,ev,multiplicative,live,2026092763BB8AC8,2026-09-22T17:47:03.773Z
2026,3,18445,Omarion Hampton,LAC,RB,at BUF,rushYds,theScore,59.5,under,69.88,-110,-120,0.5238,0.4899,0.0693,0,0.3784,-0.1454,-0.1115,ev,multiplicative,live,2026092763BB8AC8,2026-09-22T17:47:03.773Z
2026,3,16739,Bijan Robinson,ATL,RB,at GB,recYds,FanDuel,24.5,over,32.4,-354,,0.7797,0.7797,,1,0.6342,-0.1455,-0.1455,ev,none,live,202609250580A50A,2026-09-22T17:47:03.773Z
2026,3,11008,Dak Prescott,DAL,QB,vs BAL,passTD,Caesars,1.5,over,1.57,-157,128,0.6109,0.5821,0.0495,0,0.4653,-0.1456,-0.1168,ev,multiplicative,live,202609270726D5A2,2026-09-22T17:47:03.773Z
2026,3,16899,Quentin Johnston,LAC,WR,at BUF,receptions,Hard Rock,5.5,under,2.74,-1200,525,0.9231,0.8523,0.0831,0,0.7773,-0.1458,-0.0750,ev,multiplicative,live,2026092763BB8AC8,2026-09-22T17:47:03.773Z
2026,3,14446,Justin Herbert,LAC,QB,at BUF,rushYds,DraftKings,29.5,over,22.63,211,,0.3215,0.3215,,1,0.1756,-0.1460,-0.1460,ev,none,live,2026092763BB8AC8,2026-09-22T17:47:03.773Z
2026,3,12561,Lamar Jackson,BAL,QB,at DAL,rushYds,Hard Rock,26.5,under,52.86,185,-260,0.3509,0.3270,0.0731,0,0.2046,-0.1463,-0.1224,ev,multiplicative,live,202609270726D5A2,2026-09-22T17:47:03.773Z
2026,3,15306,Javonte Williams,DAL,RB,vs BAL,receptions,DraftKings,2.5,over,2.63,-208,,0.6753,0.6753,,1,0.5289,-0.1464,-0.1464,ev,none,live,202609270726D5A2,2026-09-22T17:47:03.773Z
2026,3,16739,Bijan Robinson,ATL,RB,at GB,recYds,Hard Rock,10.5,over,32.4,-4000,900,0.9756,0.9070,0.0756,0,0.8292,-0.1464,-0.0778,ev,multiplicative,live,202609250580A50A,2026-09-22T17:47:03.773Z
2026,3,17724,Ladd McConkey,LAC,WR,at BUF,recYds,Hard Rock,49.5,under,64.26,100,-140,0.5000,0.4615,0.0833,0,0.3536,-0.1464,-0.1080,ev,multiplicative,live,2026092763BB8AC8,2026-09-22T17:47:03.773Z
2026,3,12483,Josh Allen,BUF,QB,vs LAC,passYds,Hard Rock,278.5,under,256.07,-325,220,0.7647,0.7099,0.0772,0,0.6183,-0.1464,-0.0916,ev,multiplicative,live,2026092763BB8AC8,2026-09-22T17:47:03.773Z
2026,3,11008,Dak Prescott,DAL,QB,vs BAL,rushYds,FanDuel,9.5,over,9.5,-183,,0.6466,0.6466,,1,0.5000,-0.1466,-0.1466,ev,none,live,202609270726D5A2,2026-09-22T17:47:03.773Z
2026,3,15868,Drake London,ATL,WR,at GB,recYds,Hard Rock,78.5,over,61.67,155,-225,0.3922,0.3616,0.0845,0,0.2456,-0.1466,-0.1160,ev,multiplicative,live,202609250580A50A,2026-09-22T17:47:03.773Z
2026,3,16739,Bijan Robinson,ATL,RB,at GB,receptions,BetRivers,4.5,over,4.13,-137,,0.5781,0.5781,,1,0.4312,-0.1469,-0.1469,ev,none,live,202609250580A50A,2026-09-22T17:47:03.773Z
2026,3,14446,Justin Herbert,LAC,QB,at BUF,rushYds,Hard Rock,29.5,over,22.63,210,-300,0.3226,0.3008,0.0726,0,0.1756,-0.1470,-0.1252,ev,multiplicative,live,2026092763BB8AC8,2026-09-22T17:47:03.773Z
2026,3,14446,Justin Herbert,LAC,QB,at BUF,rushYds,theScore,29.5,over,22.63,210,,0.3226,0.3226,,1,0.1756,-0.1470,-0.1470,ev,none,live,2026092763BB8AC8,2026-09-22T17:47:03.773Z
2026,3,18478,Tre Harris,LAC,WR,at BUF,recYds,Caesars,59.5,over,34.63,330,,0.2326,0.2326,,1,0.0854,-0.1471,-0.1471,ev,none,live,2026092763BB8AC8,2026-09-22T17:47:03.773Z
2026,3,16739,Bijan Robinson,ATL,RB,at GB,recYds,FanDuel,79.5,over,32.4,576,,0.1479,0.1479,,1,0.0008,-0.1472,-0.1472,ev,none,live,202609250580A50A,2026-09-22T17:47:03.773Z
2026,3,16739,Bijan Robinson,ATL,RB,at GB,receptions,theScore,3.5,over,4.13,-300,,0.7500,0.7500,,1,0.6028,-0.1472,-0.1472,ev,none,live,202609250580A50A,2026-09-22T17:47:03.773Z
2026,3,14411,CeeDee Lamb,DAL,WR,vs BAL,receptions,Hard Rock,6.5,over,5.87,-145,115,0.5918,0.5599,0.0570,0,0.4446,-0.1472,-0.1153,ev,multiplicative,live,202609270726D5A2,2026-09-22T17:47:03.773Z
2026,3,15868,Drake London,ATL,WR,at GB,recYds,DraftKings,79.5,over,61.67,163,,0.3802,0.3802,,1,0.2329,-0.1473,-0.1473,ev,none,live,202609250580A50A,2026-09-22T17:47:03.773Z
2026,3,16739,Bijan Robinson,ATL,RB,at GB,receptions,theScore,5.5,over,4.13,145,,0.4082,0.4082,,1,0.2605,-0.1476,-0.1476,ev,none,live,202609250580A50A,2026-09-22T17:47:03.773Z
2026,3,15876,James Cook,BUF,RB,vs LAC,rushYds,Hard Rock,99.5,over,76.14,165,-250,0.3774,0.3457,0.0916,0,0.2296,-0.1477,-0.1161,ev,multiplicative,live,2026092763BB8AC8,2026-09-22T17:47:03.773Z
2026,3,15876,James Cook,BUF,RB,vs LAC,rushYds,Caesars,119.5,over,76.14,330,,0.2326,0.2326,,1,0.0848,-0.1478,-0.1478,ev,none,live,2026092763BB8AC8,2026-09-22T17:47:03.773Z
2026,3,17724,Ladd McConkey,LAC,WR,at BUF,receptions,Hard Rock,5.5,under,4.77,-275,190,0.7333,0.6802,0.0782,0,0.5855,-0.1478,-0.0947,ev,multiplicative,live,2026092763BB8AC8,2026-09-22T17:47:03.773Z
2026,3,14371,Jordan Love,GB,QB,vs ATL,passTD,BetMGM,1.5,over,1.48,-140,105,0.5833,0.5446,0.0711,0,0.4355,-0.1479,-0.1091,ev,multiplicative,live,202609250580A50A,2026-09-22T17:47:03.773Z
2026,3,12483,Josh Allen,BUF,QB,vs LAC,passYds,Hard Rock,258.5,under,256.07,-195,140,0.6610,0.6134,0.0777,0,0.5130,-0.1480,-0.1004,ev,multiplicative,live,2026092763BB8AC8,2026-09-22T17:47:03.773Z
2026,3,12483,Josh Allen,BUF,QB,vs LAC,passYds,Hard Rock,268.5,under,256.07,-250,175,0.7143,0.6627,0.0779,0,0.5662,-0.1480,-0.0964,ev,multiplicative,live,2026092763BB8AC8,2026-09-22T17:47:03.773Z
2026,3,10819,Derrick Henry,BAL,RB,at DAL,rushYds,Hard Rock,78.5,under,97.69,125,-175,0.4444,0.4112,0.0808,0,0.2962,-0.1482,-0.1150,ev,multiplicative,live,202609270726D5A2,2026-09-22T17:47:03.773Z
2026,3,17795,MarShawn Lloyd,GB,RB,vs ATL,rushYds,Hard Rock,73.5,under,45.05,-3000,850,0.9677,0.9019,0.0730,0,0.8194,-0.1484,-0.0825,ev,multiplicative,live,202609250580A50A,2026-09-22T17:47:03.773Z
2026,3,10819,Derrick Henry,BAL,RB,at DAL,rushYds,Hard Rock,79.5,under,97.69,120,-165,0.4545,0.4220,0.0772,0,0.3059,-0.1486,-0.1160,ev,multiplicative,live,202609270726D5A2,2026-09-22T17:47:03.773Z
2026,3,18478,Tre Harris,LAC,WR,at BUF,receptions,Caesars,1.5,over,2.74,-480,,0.8276,0.8276,,1,0.6789,-0.1487,-0.1487,ev,none,live,2026092763BB8AC8,2026-09-22T17:47:03.773Z
2026,3,15946,Christian Watson,GB,WR,vs ATL,receptions,Caesars,2.5,over,3.95,-675,,0.8710,0.8710,,1,0.7221,-0.1488,-0.1488,ev,none,live,202609250580A50A,2026-09-22T17:47:03.773Z
2026,3,14411,CeeDee Lamb,DAL,WR,vs BAL,receptions,DraftKings,6.5,over,5.87,-146,114,0.5935,0.5595,0.0608,0,0.4446,-0.1489,-0.1149,ev,multiplicative,live,202609270726D5A2,2026-09-22T17:47:03.773Z
2026,3,15850,Jahan Dotson,ATL,WR,at GB,receptions,theScore,1.5,over,1.43,-170,130,0.6296,0.5915,0.0644,0,0.4806,-0.1490,-0.1109,ev,multiplicative,live,202609250580A50A,2026-09-22T17:47:03.773Z
2026,3,17700,Michael Penix Jr.,ATL,QB,at GB,passYds,FanDuel,174.5,over,199.74,-276,,0.7340,0.7340,,1,0.5848,-0.1492,-0.1492,ev,none,live,202609250580A50A,2026-09-22T17:47:03.773Z
2026,3,16739,Bijan Robinson,ATL,RB,at GB,receptions,FanDuel,5.5,over,4.13,144,,0.4098,0.4098,,1,0.2605,-0.1493,-0.1493,ev,none,live,202609250580A50A,2026-09-22T17:47:03.773Z
2026,3,12561,Lamar Jackson,BAL,QB,at DAL,passYds,Hard Rock,248.5,under,259.92,-150,110,0.6000,0.5575,0.0762,0,0.4507,-0.1493,-0.1069,ev,multiplicative,live,202609270726D5A2,2026-09-22T17:47:03.773Z
2026,3,15306,Javonte Williams,DAL,RB,vs BAL,receptions,BetRivers,1.5,over,2.63,-770,,0.8851,0.8851,,1,0.7356,-0.1494,-0.1494,ev,none,live,202609270726D5A2,2026-09-22T17:47:03.773Z
2026,3,15876,James Cook,BUF,RB,vs LAC,rushYds,Hard Rock,116.5,over,76.14,300,-500,0.2500,0.2308,0.0833,0,0.1005,-0.1495,-0.1303,ev,multiplicative,live,2026092763BB8AC8,2026-09-22T17:47:03.773Z
2026,3,16739,Bijan Robinson,ATL,RB,at GB,recYds,BetRivers,19.5,over,32.4,-625,,0.8621,0.8621,,1,0.7124,-0.1497,-0.1497,ev,none,live,202609250580A50A,2026-09-22T17:47:03.773Z
2026,3,15868,Drake London,ATL,WR,at GB,recYds,Hard Rock,113.5,over,61.67,500,-1000,0.1667,0.1549,0.0758,0,0.0170,-0.1497,-0.1379,ev,multiplicative,live,202609250580A50A,2026-09-22T17:47:03.773Z
2026,3,16739,Bijan Robinson,ATL,RB,at GB,receptions,FanDuel,6.5,over,4.13,253,,0.2833,0.2833,,1,0.1335,-0.1498,-0.1498,ev,none,live,202609250580A50A,2026-09-22T17:47:03.773Z
2026,3,15946,Christian Watson,GB,WR,vs ATL,receptions,BetRivers,1.5,over,3.95,-10000,,0.9901,0.9901,,1,0.8402,-0.1498,-0.1498,ev,none,live,202609250580A50A,2026-09-22T17:47:03.773Z
2026,3,16739,Bijan Robinson,ATL,RB,at GB,rushYds,Hard Rock,48.5,under,87.97,325,-550,0.2353,0.2176,0.0814,0,0.0855,-0.1498,-0.1320,ev,multiplicative,live,202609250580A50A,2026-09-22T17:47:03.773Z
2026,3,18445,Omarion Hampton,LAC,RB,at BUF,receptions,Hard Rock,2.5,under,2.28,-225,155,0.6923,0.6384,0.0845,0,0.5425,-0.1498,-0.0959,ev,multiplicative,live,2026092763BB8AC8,2026-09-22T17:47:03.773Z
2026,3,12483,Josh Allen,BUF,QB,vs LAC,passYds,Hard Rock,288.5,under,256.07,-450,275,0.8182,0.7542,0.0848,0,0.6683,-0.1499,-0.0859,ev,multiplicative,live,2026092763BB8AC8,2026-09-22T17:47:03.773Z
2026,3,15306,Javonte Williams,DAL,RB,vs BAL,receptions,BetRivers,5.5,over,2.63,500,,0.1667,0.1667,,1,0.0167,-0.1500,-0.1500,ev,none,live,202609270726D5A2,2026-09-22T17:47:03.773Z
2026,3,16739,Bijan Robinson,ATL,RB,at GB,receptions,Hard Rock,2.5,over,4.13,-900,450,0.9000,0.8319,0.0818,0,0.7500,-0.1500,-0.0819,ev,multiplicative,live,202609250580A50A,2026-09-22T17:47:03.773Z
2026,3,15306,Javonte Williams,DAL,RB,vs BAL,receptions,Hard Rock,5.5,over,2.63,500,-1100,0.1667,0.1538,0.0833,0,0.0167,-0.1500,-0.1371,ev,multiplicative,live,202609270726D5A2,2026-09-22T17:47:03.773Z
2026,3,17724,Ladd McConkey,LAC,WR,at BUF,recYds,Hard Rock,58.5,under,64.26,-145,105,0.5918,0.5482,0.0796,0,0.4417,-0.1501,-0.1065,ev,multiplicative,live,2026092763BB8AC8,2026-09-22T17:47:03.773Z
2026,3,10819,Derrick Henry,BAL,RB,at DAL,rushYds,Hard Rock,73.5,under,97.69,150,-220,0.4000,0.3678,0.0875,0,0.2499,-0.1501,-0.1179,ev,multiplicative,live,202609270726D5A2,2026-09-22T17:47:03.773Z
2026,3,11008,Dak Prescott,DAL,QB,vs BAL,passTD,Hard Rock,1.5,over,1.57,-160,120,0.6154,0.5752,0.0699,0,0.4653,-0.1501,-0.1098,ev,multiplicative,live,202609270726D5A2,2026-09-22T17:47:03.773Z
2026,3,16739,Bijan Robinson,ATL,RB,at GB,receptions,BetRivers,3.5,over,4.13,-305,,0.7531,0.7531,,1,0.6028,-0.1503,-0.1503,ev,none,live,202609250580A50A,2026-09-22T17:47:03.773Z
2026,3,12561,Lamar Jackson,BAL,QB,at DAL,passYds,Hard Rock,308.5,under,259.92,-800,425,0.8889,0.8235,0.0794,0,0.7382,-0.1507,-0.0854,ev,multiplicative,live,202609270726D5A2,2026-09-22T17:47:03.773Z
2026,3,17724,Ladd McConkey,LAC,WR,at BUF,receptions,Hard Rock,7.5,under,4.77,-1600,600,0.9412,0.8682,0.0840,0,0.7903,-0.1508,-0.0779,ev,multiplicative,live,2026092763BB8AC8,2026-09-22T17:47:03.773Z
2026,3,16739,Bijan Robinson,ATL,RB,at GB,receptions,BetRivers,5.5,over,4.13,143,,0.4115,0.4115,,1,0.2605,-0.1510,-0.1510,ev,none,live,202609250580A50A,2026-09-22T17:47:03.773Z
2026,3,16739,Bijan Robinson,ATL,RB,at GB,receptions,BetRivers,2.5,over,4.13,-910,,0.9010,0.9010,,1,0.7500,-0.1510,-0.1510,ev,none,live,202609250580A50A,2026-09-22T17:47:03.773Z
2026,3,14446,Justin Herbert,LAC,QB,at BUF,rushYds,Hard Rock,14.5,under,22.63,145,-210,0.4082,0.3760,0.0856,0,0.2572,-0.1510,-0.1188,ev,multiplicative,live,2026092763BB8AC8,2026-09-22T17:47:03.773Z
2026,3,12483,Josh Allen,BUF,QB,vs LAC,rushYds,Hard Rock,43.5,over,32.45,170,-240,0.3704,0.3441,0.0763,0,0.2192,-0.1511,-0.1249,ev,multiplicative,live,2026092763BB8AC8,2026-09-22T17:47:03.773Z
2026,3,18500,Matthew Golden,GB,WR,vs ATL,receptions,Hard Rock,6.5,under,4,-700,400,0.8750,0.8140,0.0750,0,0.7237,-0.1513,-0.0903,ev,multiplicative,live,202609250580A50A,2026-09-22T17:47:03.773Z
2026,3,16741,Chris Brooks,GB,RB,vs ATL,rushYds,FanDuel,39.5,over,28.67,316,,0.2404,0.2404,,1,0.0889,-0.1515,-0.1515,ev,none,live,202609250580A50A,2026-09-22T17:47:03.773Z
2026,3,15850,Jahan Dotson,ATL,WR,at GB,recYds,DraftKings,49.5,over,17.4,546,,0.1548,0.1548,,1,0.0033,-0.1515,-0.1515,ev,none,live,202609250580A50A,2026-09-22T17:47:03.773Z
2026,3,15850,Jahan Dotson,ATL,WR,at GB,receptions,DraftKings,1.5,over,1.43,-172,134,0.6324,0.5967,0.0597,0,0.4806,-0.1518,-0.1161,ev,multiplicative,live,202609250580A50A,2026-09-22T17:47:03.773Z
2026,3,18515,Kaleb Johnson,GB,RB,vs ATL,rushYds,Caesars,69.5,over,21.07,425,,0.1905,0.1905,,1,0.0386,-0.1518,-0.1518,ev,none,live,202609250580A50A,2026-09-22T17:47:03.773Z
2026,3,12483,Josh Allen,BUF,QB,vs LAC,rushYds,theScore,44.5,over,32.45,185,,0.3509,0.3509,,1,0.1991,-0.1518,-0.1518,ev,none,live,2026092763BB8AC8,2026-09-22T17:47:03.773Z
2026,3,17700,Michael Penix Jr.,ATL,QB,at GB,int,Hard Rock,0.5,over,0.5,-120,-110,0.5455,0.5101,0.0693,0,0.3935,-0.1520,-0.1167,ev,multiplicative,live,202609250580A50A,2026-09-22T17:47:03.773Z
2026,3,16739,Bijan Robinson,ATL,RB,at GB,receptions,DraftKings,4.5,over,4.13,-140,110,0.5833,0.5506,0.0595,0,0.4312,-0.1521,-0.1194,ev,multiplicative,live,202609250580A50A,2026-09-22T17:47:03.773Z
2026,3,18445,Omarion Hampton,LAC,RB,at BUF,rushYds,BetRivers,59.5,under,69.88,-113,-115,0.5305,0.4980,0.0654,0,0.3784,-0.1522,-0.1196,ev,multiplicative,live,2026092763BB8AC8,2026-09-22T17:47:03.773Z
2026,3,16739,Bijan Robinson,ATL,RB,at GB,receptions,theScore,6.5,over,4.13,250,,0.2857,0.2857,,1,0.1335,-0.1522,-0.1522,ev,none,live,202609250580A50A,2026-09-22T17:47:03.773Z
2026,3,14411,CeeDee Lamb,DAL,WR,vs BAL,receptions,DraftKings,4.5,over,5.87,-620,,0.8611,0.8611,,1,0.7089,-0.1523,-0.1523,ev,none,live,202609270726D5A2,2026-09-22T17:47:03.773Z
2026,3,12483,Josh Allen,BUF,QB,vs LAC,passYds,Hard Rock,274.5,under,256.07,-300,210,0.7500,0.6992,0.0726,0,0.5977,-0.1523,-0.1016,ev,multiplicative,live,2026092763BB8AC8,2026-09-22T17:47:03.773Z
2026,3,12483,Josh Allen,BUF,QB,vs LAC,rushYds,Caesars,39.5,over,32.45,116,,0.4630,0.4630,,1,0.3105,-0.1524,-0.1524,ev,none,live,2026092763BB8AC8,2026-09-22T17:47:03.773Z
2026,3,15306,Javonte Williams,DAL,RB,vs BAL,receptions,FanDuel,2.5,over,2.63,-214,,0.6815,0.6815,,1,0.5289,-0.1526,-0.1526,ev,none,live,202609270726D5A2,2026-09-22T17:47:03.773Z
2026,3,18478,Tre Harris,LAC,WR,at BUF,recYds,BetRivers,59.5,over,34.63,320,,0.2381,0.2381,,1,0.0854,-0.1527,-0.1527,ev,none,live,2026092763BB8AC8,2026-09-22T17:47:03.773Z
2026,3,15868,Drake London,ATL,WR,at GB,receptions,BetRivers,4.5,over,4.64,-215,,0.6825,0.6825,,1,0.5296,-0.1529,-0.1529,ev,none,live,202609250580A50A,2026-09-22T17:47:03.773Z
2026,3,16739,Bijan Robinson,ATL,RB,at GB,recYds,theScore,79.5,over,32.4,550,,0.1538,0.1538,,1,0.0008,-0.1531,-0.1531,ev,none,live,202609250580A50A,2026-09-22T17:47:03.773Z
2026,3,12483,Josh Allen,BUF,QB,vs LAC,passTD,Caesars,0.5,over,1.41,-1000,,0.9091,0.9091,,1,0.7559,-0.1532,-0.1532,ev,none,live,2026092763BB8AC8,2026-09-22T17:47:03.773Z
2026,3,14411,CeeDee Lamb,DAL,WR,vs BAL,receptions,Caesars,4.5,over,5.87,-625,,0.8621,0.8621,,1,0.7089,-0.1532,-0.1532,ev,none,live,202609270726D5A2,2026-09-22T17:47:03.773Z
2026,3,14411,CeeDee Lamb,DAL,WR,vs BAL,receptions,BetRivers,4.5,over,5.87,-625,,0.8621,0.8621,,1,0.7089,-0.1532,-0.1532,ev,none,live,202609270726D5A2,2026-09-22T17:47:03.773Z
2026,3,12483,Josh Allen,BUF,QB,vs LAC,passTD,theScore,0.5,over,1.41,-1000,,0.9091,0.9091,,1,0.7559,-0.1532,-0.1532,ev,none,live,2026092763BB8AC8,2026-09-22T17:47:03.773Z
2026,3,16739,Bijan Robinson,ATL,RB,at GB,receptions,DraftKings,3.5,over,4.13,-310,,0.7561,0.7561,,1,0.6028,-0.1533,-0.1533,ev,none,live,202609250580A50A,2026-09-22T17:47:03.773Z
2026,3,16739,Bijan Robinson,ATL,RB,at GB,receptions,Caesars,3.5,over,4.13,-310,,0.7561,0.7561,,1,0.6028,-0.1533,-0.1533,ev,none,live,202609250580A50A,2026-09-22T17:47:03.773Z
2026,3,16739,Bijan Robinson,ATL,RB,at GB,rushYds,Hard Rock,83.5,under,87.97,-145,105,0.5918,0.5482,0.0796,0,0.4384,-0.1534,-0.1098,ev,multiplicative,live,202609250580A50A,2026-09-22T17:47:03.773Z
2026,3,12483,Josh Allen,BUF,QB,vs LAC,rushYds,FanDuel,59.5,over,32.45,448,,0.1825,0.1825,,1,0.0289,-0.1535,-0.1535,ev,none,live,2026092763BB8AC8,2026-09-22T17:47:03.773Z
2026,3,18478,Tre Harris,LAC,WR,at BUF,recYds,Hard Rock,53.5,over,34.63,230,-350,0.3030,0.2804,0.0808,0,0.1494,-0.1536,-0.1310,ev,multiplicative,live,2026092763BB8AC8,2026-09-22T17:47:03.773Z
2026,3,16741,Chris Brooks,GB,RB,vs ATL,recYds,Hard Rock,2.5,under,9.58,160,-230,0.3846,0.3556,0.0816,0,0.2309,-0.1537,-0.1247,ev,multiplicative,live,202609250580A50A,2026-09-22T17:47:03.773Z
2026,3,14371,Jordan Love,GB,QB,vs ATL,completions,Hard Rock,19.5,under,21.3,-130,100,0.5652,0.5306,0.0652,0,0.4111,-0.1542,-0.1196,ev,multiplicative,live,202609250580A50A,2026-09-22T17:47:03.773Z
2026,3,16739,Bijan Robinson,ATL,RB,at GB,recYds,Caesars,19.5,over,32.4,-650,,0.8667,0.8667,,1,0.7124,-0.1543,-0.1543,ev,none,live,202609250580A50A,2026-09-22T17:47:03.773Z
2026,3,16739,Bijan Robinson,ATL,RB,at GB,recYds,theScore,19.5,over,32.4,-650,,0.8667,0.8667,,1,0.7124,-0.1543,-0.1543,ev,none,live,202609250580A50A,2026-09-22T17:47:03.773Z
2026,3,16739,Bijan Robinson,ATL,RB,at GB,receptions,DraftKings,5.5,over,4.13,141,,0.4149,0.4149,,1,0.2605,-0.1544,-0.1544,ev,none,live,202609250580A50A,2026-09-22T17:47:03.773Z
2026,3,15876,James Cook,BUF,RB,vs LAC,rushYds,Hard Rock,111.5,over,76.14,250,-400,0.2857,0.2632,0.0857,0,0.1313,-0.1544,-0.1319,ev,multiplicative,live,2026092763BB8AC8,2026-09-22T17:47:03.773Z
2026,3,16739,Bijan Robinson,ATL,RB,at GB,rushYds,DraftKings,78.5,under,87.97,-111,-113,0.5261,0.4979,0.0566,0,0.3713,-0.1548,-0.1266,ev,multiplicative,live,202609250580A50A,2026-09-22T17:47:03.773Z
2026,3,10819,Derrick Henry,BAL,RB,at DAL,rushAtt,BetRivers,14.5,over,16.49,-480,,0.8276,0.8276,,1,0.6727,-0.1549,-0.1549,ev,none,live,202609270726D5A2,2026-09-22T17:47:03.773Z
2026,3,17700,Michael Penix Jr.,ATL,QB,at GB,passYds,Hard Rock,176.5,over,199.74,-275,185,0.7333,0.6764,0.0842,0,0.5782,-0.1551,-0.0982,ev,multiplicative,live,202609250580A50A,2026-09-22T17:47:03.773Z
2026,3,14446,Justin Herbert,LAC,QB,at BUF,rushYds,Caesars,39.5,over,22.63,500,,0.1667,0.1667,,1,0.0110,-0.1556,-0.1556,ev,none,live,2026092763BB8AC8,2026-09-22T17:47:03.773Z
2026,3,18478,Tre Harris,LAC,WR,at BUF,recYds,Hard Rock,58.5,over,34.63,300,-475,0.2500,0.2323,0.0761,0,0.0944,-0.1556,-0.1379,ev,multiplicative,live,2026092763BB8AC8,2026-09-22T17:47:03.773Z
2026,3,10819,Derrick Henry,BAL,RB,at DAL,rushYds,theScore,84.5,under,97.69,-105,-125,0.5122,0.4797,0.0678,0,0.3565,-0.1557,-0.1232,ev,multiplicative,live,202609270726D5A2,2026-09-22T17:47:03.773Z
2026,3,12483,Josh Allen,BUF,QB,vs LAC,rushYds,FanDuel,49.5,over,32.45,268,,0.2717,0.2717,,1,0.1160,-0.1558,-0.1558,ev,none,live,2026092763BB8AC8,2026-09-22T17:47:03.773Z
2026,3,15853,George Pickens,DAL,WR,vs BAL,recYds,Hard Rock,89.5,under,75.47,-400,260,0.8000,0.7423,0.0778,0,0.6441,-0.1559,-0.0981,ev,multiplicative,live,202609270726D5A2,2026-09-22T17:47:03.773Z
2026,3,15265,Kyle Pitts,ATL,TE,at GB,recYds,Hard Rock,20.5,under,40.08,220,-325,0.3125,0.2901,0.0772,0,0.1565,-0.1560,-0.1336,ev,multiplicative,live,202609250580A50A,2026-09-22T17:47:03.773Z
2026,3,17700,Michael Penix Jr.,ATL,QB,at GB,passYds,BetRivers,174.5,over,199.74,-286,,0.7409,0.7409,,1,0.5848,-0.1561,-0.1561,ev,none,live,202609250580A50A,2026-09-22T17:47:03.773Z
2026,3,17700,Michael Penix Jr.,ATL,QB,at GB,int,Caesars,0.5,over,0.5,-122,-107,0.5495,0.5153,0.0665,0,0.3935,-0.1561,-0.1218,ev,multiplicative,live,202609250580A50A,2026-09-22T17:47:03.773Z
2026,3,16739,Bijan Robinson,ATL,RB,at GB,receptions,Hard Rock,5.5,over,4.13,140,-200,0.4167,0.3846,0.0833,0,0.2605,-0.1561,-0.1241,ev,multiplicative,live,202609250580A50A,2026-09-22T17:47:03.773Z
2026,3,15850,Jahan Dotson,ATL,WR,at GB,receptions,FanDuel,0.5,over,1.43,-854,,0.8952,0.8952,,1,0.7389,-0.1562,-0.1562,ev,none,live,202609250580A50A,2026-09-22T17:47:03.773Z
2026,3,12483,Josh Allen,BUF,QB,vs LAC,rushYds,BetRivers,59.5,over,32.45,440,,0.1852,0.1852,,1,0.0289,-0.1562,-0.1562,ev,none,live,2026092763BB8AC8,2026-09-22T17:47:03.773Z
2026,3,11008,Dak Prescott,DAL,QB,vs BAL,passAtt,DraftKings,43.5,over,35.07,348,,0.2232,0.2232,,1,0.0668,-0.1564,-0.1564,ev,none,live,202609270726D5A2,2026-09-22T17:47:03.773Z
2026,3,15868,Drake London,ATL,WR,at GB,recYds,theScore,109.5,over,61.67,450,,0.1818,0.1818,,1,0.0252,-0.1566,-0.1566,ev,none,live,202609250580A50A,2026-09-22T17:47:03.773Z
2026,3,12483,Josh Allen,BUF,QB,vs LAC,rushYds,Hard Rock,58.5,over,32.45,425,-750,0.1905,0.1775,0.0728,0,0.0339,-0.1566,-0.1437,ev,multiplicative,live,2026092763BB8AC8,2026-09-22T17:47:03.773Z
2026,3,17700,Michael Penix Jr.,ATL,QB,at GB,passAtt,DraftKings,37.5,over,29.07,370,,0.2128,0.2128,,1,0.0561,-0.1567,-0.1567,ev,none,live,202609250580A50A,2026-09-22T17:47:03.773Z
2026,3,15306,Javonte Williams,DAL,RB,vs BAL,receptions,Caesars,2.5,over,2.63,-218,,0.6855,0.6855,,1,0.5289,-0.1567,-0.1567,ev,none,live,202609270726D5A2,2026-09-22T17:47:03.773Z
2026,3,17724,Ladd McConkey,LAC,WR,at BUF,recYds,BetRivers,52.5,under,64.26,-117,-114,0.5392,0.5030,0.0719,0,0.3823,-0.1568,-0.1207,ev,multiplicative,live,2026092763BB8AC8,2026-09-22T17:47:03.773Z
2026,3,17724,Ladd McConkey,LAC,WR,at BUF,recYds,Hard Rock,63.5,under,64.26,-185,130,0.6491,0.5989,0.0839,0,0.4923,-0.1568,-0.1066,ev,multiplicative,live,2026092763BB8AC8,2026-09-22T17:47:03.773Z
2026,3,15868,Drake London,ATL,WR,at GB,recYds,FanDuel,99.5,over,61.67,358,,0.2183,0.2183,,1,0.0609,-0.1575,-0.1575,ev,none,live,202609250580A50A,2026-09-22T17:47:03.773Z
2026,3,15306,Javonte Williams,DAL,RB,vs BAL,rushYds,DraftKings,99.5,over,63.83,533,,0.1580,0.1580,,1,0.0004,-0.1576,-0.1576,ev,none,live,202609270726D5A2,2026-09-22T17:47:03.773Z
2026,3,17724,Ladd McConkey,LAC,WR,at BUF,recYds,Hard Rock,64.5,under,64.26,-195,140,0.6610,0.6134,0.0777,0,0.5033,-0.1577,-0.1100,ev,multiplicative,live,2026092763BB8AC8,2026-09-22T17:47:03.773Z
2026,3,12483,Josh Allen,BUF,QB,vs LAC,passTD,DraftKings,0.5,over,1.41,-1060,,0.9138,0.9138,,1,0.7559,-0.1579,-0.1579,ev,none,live,2026092763BB8AC8,2026-09-22T17:47:03.773Z
2026,3,16899,Quentin Johnston,LAC,WR,at BUF,recYds,theScore,36.5,under,42.06,-120,-110,0.5455,0.5101,0.0693,0,0.3876,-0.1579,-0.1225,ev,multiplicative,live,2026092763BB8AC8,2026-09-22T17:47:03.773Z
2026,3,15876,James Cook,BUF,RB,vs LAC,rushYds,Caesars,99.5,over,76.14,158,,0.3876,0.3876,,1,0.2296,-0.1580,-0.1580,ev,none,live,2026092763BB8AC8,2026-09-22T17:47:03.773Z
2026,3,17700,Michael Penix Jr.,ATL,QB,at GB,int,DraftKings,0.5,over,0.5,-123,-104,0.5516,0.5197,0.0614,0,0.3935,-0.1581,-0.1262,ev,multiplicative,live,202609250580A50A,2026-09-22T17:47:03.773Z
2026,3,16739,Bijan Robinson,ATL,RB,at GB,recYds,Hard Rock,75.5,over,32.4,525,-1200,0.1600,0.1477,0.0831,0,0.0019,-0.1581,-0.1459,ev,multiplicative,live,202609250580A50A,2026-09-22T17:47:03.773Z
2026,3,18515,Kaleb Johnson,GB,RB,vs ATL,rushYds,Hard Rock,57.5,over,21.07,300,-475,0.2500,0.2323,0.0761,0,0.0919,-0.1581,-0.1404,ev,multiplicative,live,202609250580A50A,2026-09-22T17:47:03.773Z
2026,3,12561,Lamar Jackson,BAL,QB,at DAL,passYds,Hard Rock,298.5,under,259.92,-575,350,0.8519,0.7931,0.0741,0,0.6937,-0.1581,-0.0994,ev,multiplicative,live,202609270726D5A2,2026-09-22T17:47:03.773Z
2026,3,15868,Drake London,ATL,WR,at GB,recYds,theScore,89.5,over,61.67,250,,0.2857,0.2857,,1,0.1275,-0.1582,-0.1582,ev,none,live,202609250580A50A,2026-09-22T17:47:03.773Z
2026,3,14411,CeeDee Lamb,DAL,WR,vs BAL,receptions,FanDuel,4.5,over,5.87,-653,,0.8672,0.8672,,1,0.7089,-0.1583,-0.1583,ev,none,live,202609270726D5A2,2026-09-22T17:47:03.773Z
2026,3,14411,CeeDee Lamb,DAL,WR,vs BAL,receptions,Caesars,6.5,over,5.87,-152,,0.6032,0.6032,,1,0.4446,-0.1586,-0.1586,ev,none,live,202609270726D5A2,2026-09-22T17:47:03.773Z
2026,3,11008,Dak Prescott,DAL,QB,vs BAL,passAtt,DraftKings,35.5,over,35.07,-169,,0.6283,0.6283,,1,0.4695,-0.1588,-0.1588,ev,none,live,202609270726D5A2,2026-09-22T17:47:03.773Z
2026,3,12561,Lamar Jackson,BAL,QB,at DAL,passYds,Hard Rock,299.5,under,259.92,-600,350,0.8571,0.7941,0.0794,0,0.6983,-0.1588,-0.0958,ev,multiplicative,live,202609270726D5A2,2026-09-22T17:47:03.773Z
2026,3,14446,Justin Herbert,LAC,QB,at BUF,rushYds,Caesars,29.5,over,22.63,199,,0.3344,0.3344,,1,0.1756,-0.1589,-0.1589,ev,none,live,2026092763BB8AC8,2026-09-22T17:47:03.773Z
2026,3,15868,Drake London,ATL,WR,at GB,recYds,Hard Rock,83.5,over,61.67,190,-275,0.3448,0.3198,0.0782,0,0.1860,-0.1589,-0.1339,ev,multiplicative,live,202609250580A50A,2026-09-22T17:47:03.773Z
2026,3,14446,Justin Herbert,LAC,QB,at BUF,rushYds,FanDuel,39.5,over,22.63,488,,0.1701,0.1701,,1,0.0110,-0.1590,-0.1590,ev,none,live,2026092763BB8AC8,2026-09-22T17:47:03.773Z
2026,3,15306,Javonte Williams,DAL,RB,vs BAL,recYds,BetRivers,19.5,over,15.36,107,,0.4831,0.4831,,1,0.3241,-0.1590,-0.1590,ev,none,live,202609270726D5A2,2026-09-22T17:47:03.773Z
2026,3,15850,Jahan Dotson,ATL,WR,at GB,recYds,Hard Rock,54.5,over,17.4,525,-1100,0.1600,0.1486,0.0767,0,0.0009,-0.1591,-0.1477,ev,multiplicative,live,202609250580A50A,2026-09-22T17:47:03.773Z
2026,3,16739,Bijan Robinson,ATL,RB,at GB,rushYds,Caesars,78.5,under,87.97,-113,-115,0.5305,0.4980,0.0654,0,0.3713,-0.1592,-0.1266,ev,multiplicative,live,202609250580A50A,2026-09-22T17:47:03.773Z
2026,3,11008,Dak Prescott,DAL,QB,vs BAL,rushYds,Hard Rock,32.5,over,9.5,525,-1200,0.1600,0.1477,0.0831,0,0.0008,-0.1592,-0.1469,ev,multiplicative,live,202609270726D5A2,2026-09-22T17:47:03.773Z
2026,3,18500,Matthew Golden,GB,WR,vs ATL,receptions,Hard Rock,7.5,under,4,-2200,700,0.9565,0.8844,0.0815,0,0.7971,-0.1594,-0.0873,ev,multiplicative,live,202609250580A50A,2026-09-22T17:47:03.773Z
2026,3,18478,Tre Harris,LAC,WR,at BUF,recYds,Hard Rock,68.5,over,34.63,425,-850,0.1905,0.1755,0.0852,0,0.0311,-0.1594,-0.1444,ev,multiplicative,live,2026092763BB8AC8,2026-09-22T17:47:03.773Z
2026,3,15306,Javonte Williams,DAL,RB,vs BAL,recYds,Hard Rock,46.5,over,15.36,525,-1100,0.1600,0.1486,0.0767,0,0.0003,-0.1597,-0.1483,ev,multiplicative,live,202609270726D5A2,2026-09-22T17:47:03.773Z
2026,3,18478,Tre Harris,LAC,WR,at BUF,receptions,DraftKings,1.5,over,2.74,-520,,0.8387,0.8387,,1,0.6789,-0.1598,-0.1598,ev,none,live,2026092763BB8AC8,2026-09-22T17:47:03.773Z
2026,3,15868,Drake London,ATL,WR,at GB,recYds,FanDuel,89.5,over,61.67,248,,0.2874,0.2874,,1,0.1275,-0.1599,-0.1599,ev,none,live,202609250580A50A,2026-09-22T17:47:03.773Z
2026,3,17700,Michael Penix Jr.,ATL,QB,at GB,passYds,DraftKings,169.5,over,199.74,-319,,0.7613,0.7613,,1,0.6013,-0.1600,-0.1600,ev,none,live,202609250580A50A,2026-09-22T17:47:03.773Z
2026,3,16739,Bijan Robinson,ATL,RB,at GB,recYds,Hard Rock,15.5,over,32.4,-1300,550,0.9286,0.8579,0.0824,0,0.7685,-0.1600,-0.0893,ev,multiplicative,live,202609250580A50A,2026-09-22T17:47:03.773Z
2026,3,12483,Josh Allen,BUF,QB,vs LAC,rushAtt,Hard Rock,14.5,over,7.02,525,,0.1600,0.1600,,1,0.0000,-0.1600,-0.1600,ev,none,live,2026092763BB8AC8,2026-09-22T17:47:03.773Z
2026,3,15306,Javonte Williams,DAL,RB,vs BAL,rushAtt,Hard Rock,20.5,over,17.31,525,,0.1600,0.1600,,1,0.0000,-0.1600,-0.1600,ev,none,live,202609270726D5A2,2026-09-22T17:47:03.773Z
2026,3,12561,Lamar Jackson,BAL,QB,at DAL,passYds,Hard Rock,249.5,under,259.92,-160,115,0.6154,0.5695,0.0805,0,0.4550,-0.1604,-0.1146,ev,multiplicative,live,202609270726D5A2,2026-09-22T17:47:03.773Z
2026,3,18478,Tre Harris,LAC,WR,at BUF,recYds,Hard Rock,64.5,over,34.63,375,-650,0.2105,0.1954,0.0772,0,0.0500,-0.1605,-0.1454,ev,multiplicative,live,2026092763BB8AC8,2026-09-22T17:47:03.773Z
2026,3,18478,Tre Harris,LAC,WR,at BUF,recYds,Hard Rock,3.5,over,34.63,-4000,900,0.9756,0.9070,0.0756,0,0.8151,-0.1605,-0.0919,ev,multiplicative,live,2026092763BB8AC8,2026-09-22T17:47:03.773Z
2026,3,15946,Christian Watson,GB,WR,vs ATL,receptions,DraftKings,3.5,over,3.95,-275,,0.7333,0.7333,,1,0.5725,-0.1608,-0.1608,ev,none,live,202609250580A50A,2026-09-22T17:47:03.773Z
2026,3,15946,Christian Watson,GB,WR,vs ATL,receptions,FanDuel,2.5,over,3.95,-754,,0.8829,0.8829,,1,0.7221,-0.1608,-0.1608,ev,none,live,202609250580A50A,2026-09-22T17:47:03.773Z
2026,3,15946,Christian Watson,GB,WR,vs ATL,receptions,Hard Rock,3.5,over,3.95,-275,195,0.7333,0.6839,0.0723,0,0.5725,-0.1608,-0.1113,ev,multiplicative,live,202609250580A50A,2026-09-22T17:47:03.773Z
2026,3,15946,Christian Watson,GB,WR,vs ATL,receptions,theScore,3.5,over,3.95,-275,,0.7333,0.7333,,1,0.5725,-0.1608,-0.1608,ev,none,live,202609250580A50A,2026-09-22T17:47:03.773Z
2026,3,12483,Josh Allen,BUF,QB,vs LAC,passTD,Hard Rock,0.5,over,1.41,-1100,,0.9167,0.9167,,1,0.7559,-0.1608,-0.1608,ev,none,live,2026092763BB8AC8,2026-09-22T17:47:03.773Z
2026,3,16739,Bijan Robinson,ATL,RB,at GB,rushYds,Hard Rock,79.5,under,87.97,-120,-115,0.5455,0.5049,0.0803,0,0.3845,-0.1610,-0.1204,ev,multiplicative,live,202609250580A50A,2026-09-22T17:47:03.773Z
2026,3,15850,Jahan Dotson,ATL,WR,at GB,receptions,theScore,0.5,over,1.43,-900,,0.9000,0.9000,,1,0.7389,-0.1611,-0.1611,ev,none,live,202609250580A50A,2026-09-22T17:47:03.773Z
2026,3,15850,Jahan Dotson,ATL,WR,at GB,receptions,Hard Rock,0.5,over,1.43,-900,450,0.9000,0.8319,0.0818,0,0.7389,-0.1611,-0.0930,ev,multiplicative,live,202609250580A50A,2026-09-22T17:47:03.773Z
2026,3,16741,Chris Brooks,GB,RB,vs ATL,rushYds,theScore,39.5,over,28.67,300,,0.2500,0.2500,,1,0.0889,-0.1611,-0.1611,ev,none,live,202609250580A50A,2026-09-22T17:47:03.773Z
2026,3,12561,Lamar Jackson,BAL,QB,at DAL,completions,DraftKings,15.5,over,18.74,-514,,0.8371,0.8371,,1,0.6759,-0.1612,-0.1612,ev,none,live,202609270726D5A2,2026-09-22T17:47:03.773Z
2026,3,15868,Drake London,ATL,WR,at GB,recYds,theScore,99.5,over,61.67,350,,0.2222,0.2222,,1,0.0609,-0.1613,-0.1613,ev,none,live,202609250580A50A,2026-09-22T17:47:03.773Z
2026,3,16739,Bijan Robinson,ATL,RB,at GB,rushYds,FanDuel,78.5,under,87.97,-114,-114,0.5327,0.5000,0.0654,0,0.3713,-0.1614,-0.1287,ev,multiplicative,live,202609250580A50A,2026-09-22T17:47:03.773Z
2026,3,12483,Josh Allen,BUF,QB,vs LAC,rushYds,Caesars,59.5,over,32.45,425,,0.1905,0.1905,,1,0.0289,-0.1615,-0.1615,ev,none,live,2026092763BB8AC8,2026-09-22T17:47:03.773Z
2026,3,12483,Josh Allen,BUF,QB,vs LAC,rushYds,theScore,59.5,over,32.45,425,,0.1905,0.1905,,1,0.0289,-0.1615,-0.1615,ev,none,live,2026092763BB8AC8,2026-09-22T17:47:03.773Z
2026,3,17724,Ladd McConkey,LAC,WR,at BUF,receptions,Hard Rock,6.5,under,4.77,-600,350,0.8571,0.7941,0.0794,0,0.6956,-0.1615,-0.0985,ev,multiplicative,live,2026092763BB8AC8,2026-09-22T17:47:03.773Z
2026,3,14411,CeeDee Lamb,DAL,WR,vs BAL,receptions,FanDuel,6.5,over,5.87,-154,116,0.6063,0.5670,0.0693,0,0.4446,-0.1617,-0.1224,ev,multiplicative,live,202609270726D5A2,2026-09-22T17:47:03.773Z
2026,3,11008,Dak Prescott,DAL,QB,vs BAL,passAtt,DraftKings,27.5,over,35.07,-2800,,0.9655,0.9655,,1,0.8038,-0.1617,-0.1617,ev,none,live,202609270726D5A2,2026-09-22T17:47:03.773Z
2026,3,12483,Josh Allen,BUF,QB,vs LAC,passTD,BetRivers,0.5,over,1.41,-1115,,0.9177,0.9177,,1,0.7559,-0.1618,-0.1618,ev,none,live,2026092763BB8AC8,2026-09-22T17:47:03.773Z
2026,3,16739,Bijan Robinson,ATL,RB,at GB,rushYds,Hard Rock,53.5,under,87.97,260,-400,0.2778,0.2577,0.0778,0,0.1160,-0.1618,-0.1418,ev,multiplicative,live,202609250580A50A,2026-09-22T17:47:03.773Z
2026,3,12483,Josh Allen,BUF,QB,vs LAC,rushYds,theScore,49.5,over,32.45,260,,0.2778,0.2778,,1,0.1160,-0.1618,-0.1618,ev,none,live,2026092763BB8AC8,2026-09-22T17:47:03.773Z
2026,3,16739,Bijan Robinson,ATL,RB,at GB,receptions,Hard Rock,3.5,over,4.13,-325,210,0.7647,0.7033,0.0873,0,0.6028,-0.1619,-0.1005,ev,multiplicative,live,202609250580A50A,2026-09-22T17:47:03.773Z
2026,3,15850,Jahan Dotson,ATL,WR,at GB,receptions,BetRivers,0.5,over,1.43,-910,,0.9010,0.9010,,1,0.7389,-0.1621,-0.1621,ev,none,live,202609250580A50A,2026-09-22T17:47:03.773Z
2026,3,17700,Michael Penix Jr.,ATL,QB,at GB,int,theScore,0.5,over,0.5,-125,-105,0.5556,0.5203,0.0678,0,0.3935,-0.1621,-0.1268,ev,multiplicative,live,202609250580A50A,2026-09-22T17:47:03.773Z
2026,3,15876,James Cook,BUF,RB,vs LAC,rushYds,Caesars,109.5,over,76.14,225,,0.3077,0.3077,,1,0.1453,-0.1624,-0.1624,ev,none,live,2026092763BB8AC8,2026-09-22T17:47:03.773Z
2026,3,15876,James Cook,BUF,RB,vs LAC,rushAtt,BetRivers,14.5,over,15.5,-385,,0.7938,0.7938,,1,0.6314,-0.1624,-0.1624,ev,none,live,2026092763BB8AC8,2026-09-22T17:47:03.773Z
2026,3,15868,Drake London,ATL,WR,at GB,recYds,Hard Rock,108.5,over,61.67,425,-800,0.1905,0.1765,0.0794,0,0.0277,-0.1628,-0.1488,ev,multiplicative,live,202609250580A50A,2026-09-22T17:47:03.773Z
2026,3,12561,Lamar Jackson,BAL,QB,at DAL,passYds,Hard Rock,288.5,under,259.92,-425,275,0.8095,0.7522,0.0762,0,0.6462,-0.1633,-0.1060,ev,multiplicative,live,202609270726D5A2,2026-09-22T17:47:03.773Z
2026,3,16739,Bijan Robinson,ATL,RB,at GB,recYds,FanDuel,29.5,over,32.4,-249,,0.7135,0.7135,,1,0.5501,-0.1634,-0.1634,ev,none,live,202609250580A50A,2026-09-22T17:47:03.773Z
2026,3,14446,Justin Herbert,LAC,QB,at BUF,rushYds,BetRivers,29.5,over,22.63,195,,0.3390,0.3390,,1,0.1756,-0.1634,-0.1634,ev,none,live,2026092763BB8AC8,2026-09-22T17:47:03.773Z
2026,3,15306,Javonte Williams,DAL,RB,vs BAL,receptions,BetRivers,2.5,over,2.63,-225,,0.6923,0.6923,,1,0.5289,-0.1634,-0.1634,ev,none,live,202609270726D5A2,2026-09-22T17:47:03.773Z
2026,3,15306,Javonte Williams,DAL,RB,vs BAL,receptions,Hard Rock,2.5,over,2.63,-225,155,0.6923,0.6384,0.0845,0,0.5289,-0.1634,-0.1095,ev,multiplicative,live,202609270726D5A2,2026-09-22T17:47:03.773Z
2026,3,15868,Drake London,ATL,WR,at GB,recYds,BetRivers,109.5,over,61.67,430,,0.1887,0.1887,,1,0.0252,-0.1635,-0.1635,ev,none,live,202609250580A50A,2026-09-22T17:47:03.773Z
2026,3,16739,Bijan Robinson,ATL,RB,at GB,rushYds,BetMGM,78.5,under,87.97,-115,-115,0.5349,0.5000,0.0698,0,0.3713,-0.1636,-0.1287,ev,multiplicative,live,202609250580A50A,2026-09-22T17:47:03.773Z
2026,3,15946,Christian Watson,GB,WR,vs ATL,receptions,FanDuel,3.5,over,3.95,-279,,0.7361,0.7361,,1,0.5725,-0.1636,-0.1636,ev,none,live,202609250580A50A,2026-09-22T17:47:03.773Z
2026,3,16739,Bijan Robinson,ATL,RB,at GB,rushYds,Hard Rock,78.5,under,87.97,-115,-115,0.5349,0.5000,0.0698,0,0.3713,-0.1636,-0.1287,ev,multiplicative,live,202609250580A50A,2026-09-22T17:47:03.773Z
2026,3,16899,Quentin Johnston,LAC,WR,at BUF,recYds,Hard Rock,15.5,under,42.06,300,-500,0.2500,0.2308,0.0833,0,0.0862,-0.1638,-0.1445,ev,multiplicative,live,2026092763BB8AC8,2026-09-22T17:47:03.773Z
2026,3,11008,Dak Prescott,DAL,QB,vs BAL,completions,DraftKings,27.5,over,22.43,156,,0.3906,0.3906,,1,0.2266,-0.1640,-0.1640,ev,none,live,202609270726D5A2,2026-09-22T17:47:03.773Z
2026,3,16739,Bijan Robinson,ATL,RB,at GB,recYds,BetRivers,29.5,over,32.4,-250,,0.7143,0.7143,,1,0.5501,-0.1642,-0.1642,ev,none,live,202609250580A50A,2026-09-22T17:47:03.773Z
2026,3,15946,Christian Watson,GB,WR,vs ATL,receptions,DraftKings,2.5,over,3.95,-780,,0.8864,0.8864,,1,0.7221,-0.1642,-0.1642,ev,none,live,202609250580A50A,2026-09-22T17:47:03.773Z
2026,3,16739,Bijan Robinson,ATL,RB,at GB,recYds,theScore,29.5,over,32.4,-250,,0.7143,0.7143,,1,0.5501,-0.1642,-0.1642,ev,none,live,202609250580A50A,2026-09-22T17:47:03.773Z
2026,3,15946,Christian Watson,GB,WR,vs ATL,receptions,Caesars,3.5,over,3.95,-280,,0.7368,0.7368,,1,0.5725,-0.1643,-0.1643,ev,none,live,202609250580A50A,2026-09-22T17:47:03.773Z
2026,3,15853,George Pickens,DAL,WR,vs BAL,recYds,Hard Rock,34.5,under,75.47,260,-425,0.2778,0.2555,0.0873,0,0.1134,-0.1644,-0.1421,ev,multiplicative,live,202609270726D5A2,2026-09-22T17:47:03.773Z
2026,3,12561,Lamar Jackson,BAL,QB,at DAL,passYds,BetRivers,230.5,under,259.92,-117,-114,0.5392,0.5030,0.0719,0,0.3747,-0.1645,-0.1283,ev,multiplicative,live,202609270726D5A2,2026-09-22T17:47:03.773Z
2026,3,16899,Quentin Johnston,LAC,WR,at BUF,recYds,FanDuel,35.5,under,42.06,-114,-114,0.5327,0.5000,0.0654,0,0.3681,-0.1646,-0.1319,ev,multiplicative,live,2026092763BB8AC8,2026-09-22T17:47:03.773Z
2026,3,16899,Quentin Johnston,LAC,WR,at BUF,recYds,Caesars,35.5,under,42.06,-114,-114,0.5327,0.5000,0.0654,0,0.3681,-0.1646,-0.1319,ev,multiplicative,live,2026092763BB8AC8,2026-09-22T17:47:03.773Z
2026,3,16899,Quentin Johnston,LAC,WR,at BUF,recYds,DraftKings,35.5,under,42.06,-114,-110,0.5327,0.5042,0.0565,0,0.3681,-0.1646,-0.1361,ev,multiplicative,live,2026092763BB8AC8,2026-09-22T17:47:03.773Z
2026,3,15868,Drake London,ATL,WR,at GB,recYds,DraftKings,99.5,over,61.67,343,,0.2257,0.2257,,1,0.0609,-0.1648,-0.1648,ev,none,live,202609250580A50A,2026-09-22T17:47:03.773Z
2026,3,17700,Michael Penix Jr.,ATL,QB,at GB,passYds,theScore,174.5,over,199.74,-300,,0.7500,0.7500,,1,0.5848,-0.1652,-0.1652,ev,none,live,202609250580A50A,2026-09-22T17:47:03.773Z
2026,3,17700,Michael Penix Jr.,ATL,QB,at GB,passYds,Hard Rock,174.5,over,199.74,-300,195,0.7500,0.6887,0.0890,0,0.5848,-0.1652,-0.1039,ev,multiplicative,live,202609250580A50A,2026-09-22T17:47:03.773Z
2026,3,12483,Josh Allen,BUF,QB,vs LAC,rushYds,Hard Rock,53.5,over,32.45,325,-525,0.2353,0.2188,0.0753,0,0.0700,-0.1653,-0.1488,ev,multiplicative,live,2026092763BB8AC8,2026-09-22T17:47:03.773Z
2026,3,15265,Kyle Pitts,ATL,TE,at GB,recYds,Hard Rock,30.5,under,40.08,110,-155,0.4762,0.4393,0.0840,0,0.3108,-0.1654,-0.1285,ev,multiplicative,live,202609250580A50A,2026-09-22T17:47:03.773Z
2026,3,18515,Kaleb Johnson,GB,RB,vs ATL,rushYds,FanDuel,79.5,over,21.07,449,,0.1821,0.1821,,1,0.0165,-0.1656,-0.1656,ev,none,live,202609250580A50A,2026-09-22T17:47:03.773Z
2026,3,11008,Dak Prescott,DAL,QB,vs BAL,rushYds,DraftKings,9.5,over,9.5,-199,,0.6656,0.6656,,1,0.5000,-0.1656,-0.1656,ev,none,live,202609270726D5A2,2026-09-22T17:47:03.773Z
2026,3,12483,Josh Allen,BUF,QB,vs LAC,rushYds,BetRivers,49.5,over,32.45,255,,0.2817,0.2817,,1,0.1160,-0.1657,-0.1657,ev,none,live,2026092763BB8AC8,2026-09-22T17:47:03.773Z
2026,3,11008,Dak Prescott,DAL,QB,vs BAL,passTD,DraftKings,1.5,over,1.57,-171,135,0.6310,0.5972,0.0565,0,0.4653,-0.1657,-0.1319,ev,multiplicative,live,202609270726D5A2,2026-09-22T17:47:03.773Z
2026,3,16741,Chris Brooks,GB,RB,vs ATL,rushYds,FanDuel,49.5,over,28.67,486,,0.1706,0.1706,,1,0.0048,-0.1659,-0.1659,ev,none,live,202609250580A50A,2026-09-22T17:47:03.773Z
2026,3,15265,Kyle Pitts,ATL,TE,at GB,recYds,Hard Rock,25.5,under,40.08,155,-220,0.3922,0.3632,0.0797,0,0.2262,-0.1659,-0.1370,ev,multiplicative,live,202609250580A50A,2026-09-22T17:47:03.773Z
2026,3,14411,CeeDee Lamb,DAL,WR,vs BAL,receptions,Hard Rock,4.5,over,5.87,-700,375,0.8750,0.8061,0.0855,0,0.7089,-0.1661,-0.0972,ev,multiplicative,live,202609270726D5A2,2026-09-22T17:47:03.773Z
2026,3,15265,Kyle Pitts,ATL,TE,at GB,recYds,Hard Rock,24.5,under,40.08,165,-240,0.3774,0.3484,0.0832,0,0.2110,-0.1663,-0.1373,ev,multiplicative,live,202609250580A50A,2026-09-22T17:47:03.773Z
2026,3,18478,Tre Harris,LAC,WR,at BUF,recYds,Hard Rock,63.5,over,34.63,350,-600,0.2222,0.2059,0.0794,0,0.0560,-0.1663,-0.1499,ev,multiplicative,live,2026092763BB8AC8,2026-09-22T17:47:03.773Z
2026,3,15306,Javonte Williams,DAL,RB,vs BAL,receptions,FanDuel,5.5,over,2.63,446,,0.1832,0.1832,,1,0.0167,-0.1665,-0.1665,ev,none,live,202609270726D5A2,2026-09-22T17:47:03.773Z
2026,3,15306,Javonte Williams,DAL,RB,vs BAL,rushYds,Hard Rock,104.5,over,63.83,500,-1100,0.1667,0.1538,0.0833,0,0.0001,-0.1666,-0.1538,ev,multiplicative,live,202609270726D5A2,2026-09-22T17:47:03.773Z
2026,3,15850,Jahan Dotson,ATL,WR,at GB,recYds,FanDuel,49.5,over,17.4,488,,0.1701,0.1701,,1,0.0033,-0.1667,-0.1667,ev,none,live,202609250580A50A,2026-09-22T17:47:03.773Z
2026,3,16899,Quentin Johnston,LAC,WR,at BUF,recYds,BetRivers,35.5,under,42.06,-115,-115,0.5349,0.5000,0.0698,0,0.3681,-0.1668,-0.1319,ev,multiplicative,live,2026092763BB8AC8,2026-09-22T17:47:03.773Z
2026,3,15946,Christian Watson,GB,WR,vs ATL,receptions,theScore,2.5,over,3.95,-800,,0.8889,0.8889,,1,0.7221,-0.1668,-0.1668,ev,none,live,202609250580A50A,2026-09-22T17:47:03.773Z
2026,3,16899,Quentin Johnston,LAC,WR,at BUF,recYds,Hard Rock,35.5,under,42.06,-115,-115,0.5349,0.5000,0.0698,0,0.3681,-0.1668,-0.1319,ev,multiplicative,live,2026092763BB8AC8,2026-09-22T17:47:03.773Z
2026,3,15306,Javonte Williams,DAL,RB,vs BAL,rushAtt,DraftKings,19.5,over,17.31,499,,0.1669,0.1669,,1,0.0000,-0.1669,-0.1669,ev,none,live,202609270726D5A2,2026-09-22T17:47:03.773Z
2026,3,15868,Drake London,ATL,WR,at GB,recYds,Hard Rock,103.5,over,61.67,375,-650,0.2105,0.1954,0.0772,0,0.0435,-0.1670,-0.1519,ev,multiplicative,live,202609250580A50A,2026-09-22T17:47:03.773Z
2026,3,15868,Drake London,ATL,WR,at GB,recYds,BetRivers,79.5,over,61.67,150,,0.4000,0.4000,,1,0.2329,-0.1671,-0.1671,ev,none,live,202609250580A50A,2026-09-22T17:47:03.773Z
2026,3,18478,Tre Harris,LAC,WR,at BUF,receptions,Hard Rock,1.5,over,2.74,-550,325,0.8462,0.7824,0.0814,0,0.6789,-0.1672,-0.1035,ev,multiplicative,live,2026092763BB8AC8,2026-09-22T17:47:03.773Z
2026,3,12561,Lamar Jackson,BAL,QB,at DAL,passYds,Hard Rock,258.5,under,259.92,-195,140,0.6610,0.6134,0.0777,0,0.4938,-0.1672,-0.1195,ev,multiplicative,live,202609270726D5A2,2026-09-22T17:47:03.773Z
2026,3,11008,Dak Prescott,DAL,QB,vs BAL,rushYds,FanDuel,29.5,over,9.5,486,,0.1706,0.1706,,1,0.0032,-0.1675,-0.1675,ev,none,live,202609270726D5A2,2026-09-22T17:47:03.773Z
2026,3,11008,Dak Prescott,DAL,QB,vs BAL,passAtt,DraftKings,33.5,over,35.07,-282,,0.7382,0.7382,,1,0.5704,-0.1678,-0.1678,ev,none,live,202609270726D5A2,2026-09-22T17:47:03.773Z
2026,3,16739,Bijan Robinson,ATL,RB,at GB,rushYds,BetRivers,78.5,under,87.97,-117,-114,0.5392,0.5030,0.0719,0,0.3713,-0.1679,-0.1317,ev,multiplicative,live,202609250580A50A,2026-09-22T17:47:03.773Z
2026,3,15868,Drake London,ATL,WR,at GB,recYds,DraftKings,89.5,over,61.67,238,,0.2959,0.2959,,1,0.1275,-0.1684,-0.1684,ev,none,live,202609250580A50A,2026-09-22T17:47:03.773Z
2026,3,11008,Dak Prescott,DAL,QB,vs BAL,rushYds,DraftKings,29.5,over,9.5,483,,0.1715,0.1715,,1,0.0032,-0.1684,-0.1684,ev,none,live,202609270726D5A2,2026-09-22T17:47:03.773Z
2026,3,12561,Lamar Jackson,BAL,QB,at DAL,passYds,Hard Rock,278.5,under,259.92,-325,220,0.7647,0.7099,0.0772,0,0.5963,-0.1684,-0.1135,ev,multiplicative,live,202609270726D5A2,2026-09-22T17:47:03.773Z
2026,3,12483,Josh Allen,BUF,QB,vs LAC,rushAtt,Hard Rock,7.5,over,7.02,-120,-110,0.5455,0.5101,0.0693,0,0.3766,-0.1688,-0.1335,ev,multiplicative,live,2026092763BB8AC8,2026-09-22T17:47:03.773Z
2026,3,16739,Bijan Robinson,ATL,RB,at GB,rushYds,Hard Rock,58.5,under,87.97,210,-300,0.3226,0.3008,0.0726,0,0.1534,-0.1692,-0.1474,ev,multiplicative,live,202609250580A50A,2026-09-22T17:47:03.773Z
2026,3,15868,Drake London,ATL,WR,at GB,recYds,Hard Rock,98.5,over,61.67,325,-525,0.2353,0.2188,0.0753,0,0.0660,-0.1693,-0.1528,ev,multiplicative,live,202609250580A50A,2026-09-22T17:47:03.773Z
2026,3,16739,Bijan Robinson,ATL,RB,at GB,recYds,Hard Rock,20.5,over,32.4,-650,350,0.8667,0.7959,0.0889,0,0.6974,-0.1693,-0.0986,ev,multiplicative,live,202609250580A50A,2026-09-22T17:47:03.773Z
2026,3,12561,Lamar Jackson,BAL,QB,at DAL,passYds,Hard Rock,268.5,under,259.92,-250,175,0.7143,0.6627,0.0779,0,0.5448,-0.1694,-0.1178,ev,multiplicative,live,202609270726D5A2,2026-09-22T17:47:03.773Z
2026,3,15947,Jake Ferguson,DAL,TE,vs BAL,recYds,Hard Rock,12.5,under,34.7,325,-550,0.2353,0.2176,0.0814,0,0.0658,-0.1695,-0.1518,ev,multiplicative,live,202609270726D5A2,2026-09-22T17:47:03.773Z
2026,3,18478,Tre Harris,LAC,WR,at BUF,receptions,BetRivers,1.5,over,2.74,-560,,0.8485,0.8485,,1,0.6789,-0.1696,-0.1696,ev,none,live,2026092763BB8AC8,2026-09-22T17:47:03.773Z
2026,3,12483,Josh Allen,BUF,QB,vs LAC,rushYds,Hard Rock,49.5,over,32.45,250,-400,0.2857,0.2632,0.0857,0,0.1160,-0.1698,-0.1472,ev,multiplicative,live,2026092763BB8AC8,2026-09-22T17:47:03.773Z
2026,3,15853,George Pickens,DAL,WR,vs BAL,recYds,Hard Rock,84.5,under,75.47,-325,220,0.7647,0.7099,0.0772,0,0.5940,-0.1707,-0.1159,ev,multiplicative,live,202609270726D5A2,2026-09-22T17:47:03.773Z
2026,3,14446,Justin Herbert,LAC,QB,at BUF,rushYds,theScore,39.5,over,22.63,450,,0.1818,0.1818,,1,0.0110,-0.1708,-0.1708,ev,none,live,2026092763BB8AC8,2026-09-22T17:47:03.773Z
2026,3,16739,Bijan Robinson,ATL,RB,at GB,rushAtt,DraftKings,17.5,under,18.91,-103,-124,0.5074,0.4782,0.0610,0,0.3363,-0.1711,-0.1420,ev,multiplicative,live,202609250580A50A,2026-09-22T17:47:03.773Z
2026,3,16739,Bijan Robinson,ATL,RB,at GB,rushYds,theScore,79.5,under,87.97,-125,-105,0.5556,0.5203,0.0678,0,0.3845,-0.1711,-0.1358,ev,multiplicative,live,202609250580A50A,2026-09-22T17:47:03.773Z
2026,3,12483,Josh Allen,BUF,QB,vs LAC,passTD,Caesars,2.5,over,1.41,194,,0.3401,0.3401,,1,0.1689,-0.1712,-0.1712,ev,none,live,2026092763BB8AC8,2026-09-22T17:47:03.773Z
2026,3,15868,Drake London,ATL,WR,at GB,recYds,Hard Rock,88.5,over,61.67,225,-350,0.3077,0.2835,0.0855,0,0.1362,-0.1715,-0.1472,ev,multiplicative,live,202609250580A50A,2026-09-22T17:47:03.773Z
2026,3,16739,Bijan Robinson,ATL,RB,at GB,recYds,Hard Rock,25.5,over,32.4,-375,240,0.7895,0.7286,0.0836,0,0.6178,-0.1717,-0.1108,ev,multiplicative,live,202609250580A50A,2026-09-22T17:47:03.773Z
2026,3,12483,Josh Allen,BUF,QB,vs LAC,passTD,theScore,1.5,over,1.41,-140,115,0.5833,0.5564,0.0484,0,0.4116,-0.1717,-0.1448,ev,multiplicative,live,2026092763BB8AC8,2026-09-22T17:47:03.773Z
2026,3,15850,Jahan Dotson,ATL,WR,at GB,recYds,FanDuel,24.5,over,17.4,124,,0.4464,0.4464,,1,0.2742,-0.1722,-0.1722,ev,none,live,202609250580A50A,2026-09-22T17:47:03.773Z
2026,3,15850,Jahan Dotson,ATL,WR,at GB,recYds,DraftKings,24.5,over,17.4,124,,0.4464,0.4464,,1,0.2742,-0.1722,-0.1722,ev,none,live,202609250580A50A,2026-09-22T17:47:03.773Z
2026,3,14446,Justin Herbert,LAC,QB,at BUF,rushYds,DraftKings,39.5,over,22.63,445,,0.1835,0.1835,,1,0.0110,-0.1725,-0.1725,ev,none,live,2026092763BB8AC8,2026-09-22T17:47:03.773Z
2026,3,15946,Christian Watson,GB,WR,vs ATL,receptions,Hard Rock,2.5,over,3.95,-850,425,0.8947,0.8245,0.0852,0,0.7221,-0.1726,-0.1024,ev,multiplicative,live,202609250580A50A,2026-09-22T17:47:03.773Z
2026,3,12483,Josh Allen,BUF,QB,vs LAC,rushYds,Hard Rock,48.5,over,32.45,230,-350,0.3030,0.2804,0.0808,0,0.1302,-0.1728,-0.1501,ev,multiplicative,live,2026092763BB8AC8,2026-09-22T17:47:03.773Z
2026,3,12483,Josh Allen,BUF,QB,vs LAC,rushAtt,Caesars,7.5,over,7.02,-122,-108,0.5495,0.5142,0.0688,0,0.3766,-0.1729,-0.1375,ev,multiplicative,live,2026092763BB8AC8,2026-09-22T17:47:03.773Z
2026,3,15947,Jake Ferguson,DAL,TE,vs BAL,recYds,theScore,29.5,under,34.7,-115,-115,0.5349,0.5000,0.0698,0,0.3620,-0.1729,-0.1380,ev,multiplicative,live,202609270726D5A2,2026-09-22T17:47:03.773Z
2026,3,12561,Lamar Jackson,BAL,QB,at DAL,rushYds,Hard Rock,66.5,under,52.86,-950,475,0.9048,0.8388,0.0787,0,0.7317,-0.1731,-0.1071,ev,multiplicative,live,202609270726D5A2,2026-09-22T17:47:03.773Z
2026,3,17700,Michael Penix Jr.,ATL,QB,at GB,completions,BetRivers,19.5,over,16.68,104,,0.4902,0.4902,,1,0.3168,-0.1734,-0.1734,ev,none,live,202609250580A50A,2026-09-22T17:47:03.773Z
2026,3,15306,Javonte Williams,DAL,RB,vs BAL,recYds,Caesars,19.5,over,15.36,101,,0.4975,0.4975,,1,0.3241,-0.1734,-0.1734,ev,none,live,202609270726D5A2,2026-09-22T17:47:03.773Z
2026,3,16739,Bijan Robinson,ATL,RB,at GB,rushAtt,Caesars,17.5,under,18.91,-104,-127,0.5098,0.4768,0.0693,0,0.3363,-0.1735,-0.1405,ev,multiplicative,live,202609250580A50A,2026-09-22T17:47:03.773Z
2026,3,15306,Javonte Williams,DAL,RB,vs BAL,rushYds,Caesars,99.5,over,63.83,475,,0.1739,0.1739,,1,0.0004,-0.1735,-0.1735,ev,none,live,202609270726D5A2,2026-09-22T17:47:03.773Z
2026,3,18515,Kaleb Johnson,GB,RB,vs ATL,rushYds,theScore,79.5,over,21.07,425,,0.1905,0.1905,,1,0.0165,-0.1740,-0.1740,ev,none,live,202609250580A50A,2026-09-22T17:47:03.773Z
2026,3,12561,Lamar Jackson,BAL,QB,at DAL,passYds,Hard Rock,274.5,under,259.92,-300,200,0.7500,0.6923,0.0833,0,0.5759,-0.1741,-0.1164,ev,multiplicative,live,202609270726D5A2,2026-09-22T17:47:03.773Z
2026,3,15946,Christian Watson,GB,WR,vs ATL,receptions,BetRivers,3.5,over,3.95,-295,,0.7468,0.7468,,1,0.5725,-0.1743,-0.1743,ev,none,live,202609250580A50A,2026-09-22T17:47:03.773Z
2026,3,14411,CeeDee Lamb,DAL,WR,vs BAL,receptions,BetRivers,5.5,over,5.87,-275,,0.7333,0.7333,,1,0.5590,-0.1743,-0.1743,ev,none,live,202609270726D5A2,2026-09-22T17:47:03.773Z
2026,3,15868,Drake London,ATL,WR,at GB,recYds,Hard Rock,99.5,over,61.67,325,-550,0.2353,0.2176,0.0814,0,0.0609,-0.1744,-0.1567,ev,multiplicative,live,202609250580A50A,2026-09-22T17:47:03.773Z
2026,3,16739,Bijan Robinson,ATL,RB,at GB,recYds,Hard Rock,24.5,over,32.4,-425,260,0.8095,0.7445,0.0873,0,0.6342,-0.1753,-0.1103,ev,multiplicative,live,202609250580A50A,2026-09-22T17:47:03.773Z
2026,3,12561,Lamar Jackson,BAL,QB,at DAL,completions,DraftKings,13.5,over,18.74,-1720,,0.9451,0.9451,,1,0.7697,-0.1754,-0.1754,ev,none,live,202609270726D5A2,2026-09-22T17:47:03.773Z
2026,3,16739,Bijan Robinson,ATL,RB,at GB,rushAtt,Hard Rock,17.5,under,18.91,-105,-125,0.5122,0.4797,0.0678,0,0.3363,-0.1759,-0.1434,ev,multiplicative,live,202609250580A50A,2026-09-22T17:47:03.773Z
2026,3,12483,Josh Allen,BUF,QB,vs LAC,rushAtt,DraftKings,7.5,over,7.02,-124,-103,0.5536,0.5218,0.0610,0,0.3766,-0.1769,-0.1451,ev,multiplicative,live,2026092763BB8AC8,2026-09-22T17:47:03.773Z
2026,3,16741,Chris Brooks,GB,RB,vs ATL,rushYds,theScore,49.5,over,28.67,450,,0.1818,0.1818,,1,0.0048,-0.1770,-0.1770,ev,none,live,202609250580A50A,2026-09-22T17:47:03.773Z
2026,3,11008,Dak Prescott,DAL,QB,vs BAL,passAtt,DraftKings,37.5,over,35.07,-104,-122,0.5098,0.4812,0.0594,0,0.3327,-0.1771,-0.1485,ev,multiplicative,live,202609270726D5A2,2026-09-22T17:47:03.773Z
2026,3,17795,MarShawn Lloyd,GB,RB,vs ATL,rushYds,Hard Rock,68.5,under,45.05,-2000,700,0.9524,0.8840,0.0774,0,0.7741,-0.1783,-0.1099,ev,multiplicative,live,202609250580A50A,2026-09-22T17:47:03.773Z
2026,3,15853,George Pickens,DAL,WR,vs BAL,recYds,Hard Rock,39.5,under,75.47,210,-300,0.3226,0.3008,0.0726,0,0.1443,-0.1783,-0.1565,ev,multiplicative,live,202609270726D5A2,2026-09-22T17:47:03.773Z
2026,3,11008,Dak Prescott,DAL,QB,vs BAL,passAtt,DraftKings,29.5,over,35.07,-1060,,0.9138,0.9138,,1,0.7354,-0.1784,-0.1784,ev,none,live,202609270726D5A2,2026-09-22T17:47:03.773Z
2026,3,17700,Michael Penix Jr.,ATL,QB,at GB,passYds,Hard Rock,166.5,over,199.74,-375,240,0.7895,0.7286,0.0836,0,0.6111,-0.1784,-0.1175,ev,multiplicative,live,202609250580A50A,2026-09-22T17:47:03.773Z
2026,3,14411,CeeDee Lamb,DAL,WR,vs BAL,receptions,DraftKings,5.5,over,5.87,-281,,0.7375,0.7375,,1,0.5590,-0.1785,-0.1785,ev,none,live,202609270726D5A2,2026-09-22T17:47:03.773Z
2026,3,15850,Jahan Dotson,ATL,WR,at GB,recYds,theScore,49.5,over,17.4,450,,0.1818,0.1818,,1,0.0033,-0.1785,-0.1785,ev,none,live,202609250580A50A,2026-09-22T17:47:03.773Z
2026,3,11008,Dak Prescott,DAL,QB,vs BAL,rushYds,Caesars,29.5,over,9.5,450,,0.1818,0.1818,,1,0.0032,-0.1787,-0.1787,ev,none,live,202609270726D5A2,2026-09-22T17:47:03.773Z
2026,3,11008,Dak Prescott,DAL,QB,vs BAL,rushYds,theScore,29.5,over,9.5,450,,0.1818,0.1818,,1,0.0032,-0.1787,-0.1787,ev,none,live,202609270726D5A2,2026-09-22T17:47:03.773Z
2026,3,15946,Christian Watson,GB,WR,vs ATL,receptions,BetRivers,2.5,over,3.95,-910,,0.9010,0.9010,,1,0.7221,-0.1789,-0.1789,ev,none,live,202609250580A50A,2026-09-22T17:47:03.773Z
2026,3,15868,Drake London,ATL,WR,at GB,recYds,Caesars,109.5,over,61.67,390,,0.2041,0.2041,,1,0.0252,-0.1789,-0.1789,ev,none,live,202609250580A50A,2026-09-22T17:47:03.773Z
2026,3,16739,Bijan Robinson,ATL,RB,at GB,rushYds,Hard Rock,63.5,under,87.97,165,-230,0.3774,0.3513,0.0743,0,0.1981,-0.1793,-0.1532,ev,multiplicative,live,202609250580A50A,2026-09-22T17:47:03.773Z
2026,3,11008,Dak Prescott,DAL,QB,vs BAL,passAtt,Caesars,37.5,over,35.07,-105,-127,0.5122,0.4779,0.0717,0,0.3327,-0.1795,-0.1452,ev,multiplicative,live,202609270726D5A2,2026-09-22T17:47:03.773Z
2026,3,14446,Justin Herbert,LAC,QB,at BUF,rushYds,Hard Rock,39.5,over,22.63,425,-850,0.1905,0.1755,0.0852,0,0.0110,-0.1795,-0.1645,ev,multiplicative,live,2026092763BB8AC8,2026-09-22T17:47:03.773Z
2026,3,11008,Dak Prescott,DAL,QB,vs BAL,passAtt,Hard Rock,37.5,over,35.07,-105,-125,0.5122,0.4797,0.0678,0,0.3327,-0.1795,-0.1470,ev,multiplicative,live,202609270726D5A2,2026-09-22T17:47:03.773Z
2026,3,11008,Dak Prescott,DAL,QB,vs BAL,passAtt,DraftKings,41.5,over,35.07,227,,0.3058,0.3058,,1,0.1262,-0.1796,-0.1796,ev,none,live,202609270726D5A2,2026-09-22T17:47:03.773Z
2026,3,16739,Bijan Robinson,ATL,RB,at GB,rushYds,Hard Rock,73.5,under,87.97,105,-145,0.4878,0.4518,0.0796,0,0.3079,-0.1799,-0.1439,ev,multiplicative,live,202609250580A50A,2026-09-22T17:47:03.773Z
2026,3,17700,Michael Penix Jr.,ATL,QB,at GB,passAtt,DraftKings,29.5,over,29.07,-184,,0.6479,0.6479,,1,0.4677,-0.1802,-0.1802,ev,none,live,202609250580A50A,2026-09-22T17:47:03.773Z
2026,3,12483,Josh Allen,BUF,QB,vs LAC,passTD,Caesars,1.5,over,1.41,-145,120,0.5918,0.5656,0.0464,0,0.4116,-0.1802,-0.1540,ev,multiplicative,live,2026092763BB8AC8,2026-09-22T17:47:03.773Z
2026,3,15850,Jahan Dotson,ATL,WR,at GB,recYds,Hard Rock,24.5,over,17.4,120,-165,0.4545,0.4220,0.0772,0,0.2742,-0.1803,-0.1478,ev,multiplicative,live,202609250580A50A,2026-09-22T17:47:03.773Z
2026,3,11008,Dak Prescott,DAL,QB,vs BAL,passAtt,DraftKings,31.5,over,35.07,-514,,0.8371,0.8371,,1,0.6567,-0.1805,-0.1805,ev,none,live,202609270726D5A2,2026-09-22T17:47:03.773Z
2026,3,16741,Chris Brooks,GB,RB,vs ATL,rushYds,Hard Rock,31.5,under,28.67,-450,275,0.8182,0.7542,0.0848,0,0.6376,-0.1805,-0.1165,ev,multiplicative,live,202609250580A50A,2026-09-22T17:47:03.773Z
2026,3,17700,Michael Penix Jr.,ATL,QB,at GB,completions,DraftKings,19.5,over,16.68,101,-129,0.4975,0.4690,0.0608,0,0.3168,-0.1807,-0.1522,ev,multiplicative,live,202609250580A50A,2026-09-22T17:47:03.773Z
2026,3,17700,Michael Penix Jr.,ATL,QB,at GB,completions,Caesars,19.5,over,16.68,101,-134,0.4975,0.4649,0.0702,0,0.3168,-0.1807,-0.1481,ev,multiplicative,live,202609250580A50A,2026-09-22T17:47:03.773Z
2026,3,18478,Tre Harris,LAC,WR,at BUF,receptions,Hard Rock,0.5,over,2.74,-5000,1200,0.9804,0.9272,0.0573,0,0.7994,-0.1810,-0.1279,ev,multiplicative,live,2026092763BB8AC8,2026-09-22T17:47:03.773Z
2026,3,17700,Michael Penix Jr.,ATL,QB,at GB,passYds,DraftKings,159.5,over,199.74,-440,,0.8148,0.8148,,1,0.6337,-0.1812,-0.1812,ev,none,live,202609250580A50A,2026-09-22T17:47:03.773Z
2026,3,15868,Drake London,ATL,WR,at GB,recYds,Hard Rock,93.5,over,61.67,260,-425,0.2778,0.2555,0.0873,0,0.0965,-0.1813,-0.1590,ev,multiplicative,live,202609250580A50A,2026-09-22T17:47:03.773Z
2026,3,16739,Bijan Robinson,ATL,RB,at GB,recYds,Hard Rock,30.5,over,32.4,-250,170,0.7143,0.6585,0.0847,0,0.5329,-0.1814,-0.1257,ev,multiplicative,live,202609250580A50A,2026-09-22T17:47:03.773Z
2026,3,17700,Michael Penix Jr.,ATL,QB,at GB,passAtt,theScore,29.5,over,29.07,-185,,0.6491,0.6491,,1,0.4677,-0.1814,-0.1814,ev,none,live,202609250580A50A,2026-09-22T17:47:03.773Z
2026,3,14446,Justin Herbert,LAC,QB,at BUF,rushYds,theScore,34.5,over,22.63,325,,0.2353,0.2353,,1,0.0536,-0.1817,-0.1817,ev,none,live,2026092763BB8AC8,2026-09-22T17:47:03.773Z
2026,3,12483,Josh Allen,BUF,QB,vs LAC,passTD,FanDuel,1.5,over,1.41,-146,110,0.5935,0.5548,0.0697,0,0.4116,-0.1819,-0.1432,ev,multiplicative,live,2026092763BB8AC8,2026-09-22T17:47:03.773Z
2026,3,15947,Jake Ferguson,DAL,TE,vs BAL,recYds,Hard Rock,32.5,under,34.7,-165,120,0.6226,0.5780,0.0772,0,0.4406,-0.1820,-0.1374,ev,multiplicative,live,202609270726D5A2,2026-09-22T17:47:03.773Z
2026,3,16739,Bijan Robinson,ATL,RB,at GB,recYds,Caesars,29.5,over,32.4,-275,,0.7333,0.7333,,1,0.5501,-0.1832,-0.1832,ev,none,live,202609250580A50A,2026-09-22T17:47:03.773Z
2026,3,17700,Michael Penix Jr.,ATL,QB,at GB,completions,theScore,19.5,over,16.68,100,-130,0.5000,0.4694,0.0652,0,0.3168,-0.1832,-0.1526,ev,multiplicative,live,202609250580A50A,2026-09-22T17:47:03.773Z
2026,3,16741,Chris Brooks,GB,RB,vs ATL,rushYds,Hard Rock,11.5,under,28.67,145,-210,0.4082,0.3760,0.0856,0,0.2241,-0.1841,-0.1519,ev,multiplicative,live,202609250580A50A,2026-09-22T17:47:03.773Z
2026,3,16739,Bijan Robinson,ATL,RB,at GB,rushYds,Hard Rock,64.5,under,87.97,155,-220,0.3922,0.3632,0.0797,0,0.2079,-0.1843,-0.1554,ev,multiplicative,live,202609250580A50A,2026-09-22T17:47:03.773Z
2026,3,17795,MarShawn Lloyd,GB,RB,vs ATL,recYds,Hard Rock,20.5,under,12.1,-1000,500,0.9091,0.8451,0.0758,0,0.7245,-0.1845,-0.1205,ev,multiplicative,live,202609250580A50A,2026-09-22T17:47:03.773Z
2026,3,16739,Bijan Robinson,ATL,RB,at GB,rushYds,Hard Rock,68.5,under,87.97,130,-185,0.4348,0.4011,0.0839,0,0.2498,-0.1850,-0.1513,ev,multiplicative,live,202609250580A50A,2026-09-22T17:47:03.773Z
2026,3,15947,Jake Ferguson,DAL,TE,vs BAL,receptions,Hard Rock,2.5,under,3.73,210,-325,0.3226,0.2967,0.0873,0,0.1375,-0.1851,-0.1592,ev,multiplicative,live,202609270726D5A2,2026-09-22T17:47:03.773Z
2026,3,16739,Bijan Robinson,ATL,RB,at GB,recYds,Hard Rock,70.5,over,32.4,425,-800,0.1905,0.1765,0.0794,0,0.0052,-0.1853,-0.1713,ev,multiplicative,live,202609250580A50A,2026-09-22T17:47:03.773Z
2026,3,17700,Michael Penix Jr.,ATL,QB,at GB,completions,Hard Rock,18.5,over,16.68,-130,100,0.5652,0.5306,0.0652,0,0.3792,-0.1860,-0.1514,ev,multiplicative,live,202609250580A50A,2026-09-22T17:47:03.773Z
2026,3,16741,Chris Brooks,GB,RB,vs ATL,rushYds,theScore,44.5,over,28.67,375,,0.2105,0.2105,,1,0.0244,-0.1861,-0.1861,ev,none,live,202609250580A50A,2026-09-22T17:47:03.773Z
2026,3,18515,Kaleb Johnson,GB,RB,vs ATL,rushYds,Hard Rock,52.5,over,21.07,220,-325,0.3125,0.2901,0.0772,0,0.1258,-0.1867,-0.1643,ev,multiplicative,live,202609250580A50A,2026-09-22T17:47:03.773Z
2026,3,15850,Jahan Dotson,ATL,WR,at GB,recYds,Hard Rock,49.5,over,17.4,425,-800,0.1905,0.1765,0.0794,0,0.0033,-0.1871,-0.1731,ev,multiplicative,live,202609250580A50A,2026-09-22T17:47:03.773Z
2026,3,14411,CeeDee Lamb,DAL,WR,vs BAL,receptions,Caesars,5.5,over,5.87,-295,,0.7468,0.7468,,1,0.5590,-0.1878,-0.1878,ev,none,live,202609270726D5A2,2026-09-22T17:47:03.773Z
2026,3,12561,Lamar Jackson,BAL,QB,at DAL,rushYds,Hard Rock,64.5,under,52.86,-800,450,0.8889,0.8302,0.0707,0,0.7010,-0.1879,-0.1292,ev,multiplicative,live,202609270726D5A2,2026-09-22T17:47:03.773Z
2026,3,17700,Michael Penix Jr.,ATL,QB,at GB,passYds,FanDuel,149.5,over,199.74,-581,,0.8532,0.8532,,1,0.6651,-0.1880,-0.1880,ev,none,live,202609250580A50A,2026-09-22T17:47:03.773Z
2026,3,11008,Dak Prescott,DAL,QB,vs BAL,passAtt,DraftKings,39.5,over,35.07,148,,0.4032,0.4032,,1,0.2152,-0.1880,-0.1880,ev,none,live,202609270726D5A2,2026-09-22T17:47:03.773Z
2026,3,18445,Omarion Hampton,LAC,RB,at BUF,receptions,Hard Rock,0.5,under,2.28,300,-500,0.2500,0.2308,0.0833,0,0.0619,-0.1881,-0.1689,ev,multiplicative,live,2026092763BB8AC8,2026-09-22T17:47:03.773Z
2026,3,12483,Josh Allen,BUF,QB,vs LAC,passTD,Hard Rock,1.5,over,1.41,-150,115,0.6000,0.5633,0.0651,0,0.4116,-0.1884,-0.1517,ev,multiplicative,live,2026092763BB8AC8,2026-09-22T17:47:03.773Z
2026,3,16899,Quentin Johnston,LAC,WR,at BUF,recYds,Hard Rock,20.5,under,42.06,210,-325,0.3226,0.2967,0.0873,0,0.1340,-0.1886,-0.1627,ev,multiplicative,live,2026092763BB8AC8,2026-09-22T17:47:03.773Z
2026,3,15868,Drake London,ATL,WR,at GB,recYds,BetRivers,99.5,over,61.67,300,,0.2500,0.2500,,1,0.0609,-0.1891,-0.1891,ev,none,live,202609250580A50A,2026-09-22T17:47:03.773Z
2026,3,17700,Michael Penix Jr.,ATL,QB,at GB,passAtt,DraftKings,35.5,over,29.07,231,,0.3021,0.3021,,1,0.1129,-0.1893,-0.1893,ev,none,live,202609250580A50A,2026-09-22T17:47:03.773Z
2026,3,15306,Javonte Williams,DAL,RB,vs BAL,rushYds,FanDuel,99.5,over,63.83,426,,0.1901,0.1901,,1,0.0004,-0.1897,-0.1897,ev,none,live,202609270726D5A2,2026-09-22T17:47:03.773Z
2026,3,15868,Drake London,ATL,WR,at GB,recYds,BetRivers,89.5,over,61.67,215,,0.3175,0.3175,,1,0.1275,-0.1900,-0.1900,ev,none,live,202609250580A50A,2026-09-22T17:47:03.773Z
2026,3,15306,Javonte Williams,DAL,RB,vs BAL,rushYds,Hard Rock,99.5,over,63.83,425,-800,0.1905,0.1765,0.0794,0,0.0004,-0.1901,-0.1761,ev,multiplicative,live,202609270726D5A2,2026-09-22T17:47:03.773Z
2026,3,15306,Javonte Williams,DAL,RB,vs BAL,recYds,FanDuel,19.5,over,15.36,-106,,0.5146,0.5146,,1,0.3241,-0.1905,-0.1905,ev,none,live,202609270726D5A2,2026-09-22T17:47:03.773Z
2026,3,16739,Bijan Robinson,ATL,RB,at GB,rushAtt,theScore,16.5,under,18.91,135,-175,0.4255,0.4007,0.0619,0,0.2350,-0.1905,-0.1657,ev,multiplicative,live,202609250580A50A,2026-09-22T17:47:03.773Z
2026,3,15868,Drake London,ATL,WR,at GB,recYds,Caesars,79.5,over,61.67,136,,0.4237,0.4237,,1,0.2329,-0.1908,-0.1908,ev,none,live,202609250580A50A,2026-09-22T17:47:03.773Z
2026,3,14411,CeeDee Lamb,DAL,WR,vs BAL,receptions,Hard Rock,5.5,over,5.87,-300,200,0.7500,0.6923,0.0833,0,0.5590,-0.1910,-0.1333,ev,multiplicative,live,202609270726D5A2,2026-09-22T17:47:03.773Z
2026,3,15853,George Pickens,DAL,WR,vs BAL,recYds,Hard Rock,79.5,under,75.47,-275,185,0.7333,0.6764,0.0842,0,0.5423,-0.1911,-0.1341,ev,multiplicative,live,202609270726D5A2,2026-09-22T17:47:03.773Z
2026,3,12483,Josh Allen,BUF,QB,vs LAC,passTD,BetRivers,1.5,over,1.41,-152,116,0.6032,0.5658,0.0661,0,0.4116,-0.1916,-0.1541,ev,multiplicative,live,2026092763BB8AC8,2026-09-22T17:47:03.773Z
2026,3,11008,Dak Prescott,DAL,QB,vs BAL,rushYds,FanDuel,12.5,over,9.5,-114,-114,0.5327,0.5000,0.0654,0,0.3410,-0.1917,-0.1590,ev,multiplicative,live,202609270726D5A2,2026-09-22T17:47:03.773Z
2026,3,18515,Kaleb Johnson,GB,RB,vs ATL,rushYds,theScore,74.5,over,21.07,360,,0.2174,0.2174,,1,0.0256,-0.1917,-0.1917,ev,none,live,202609250580A50A,2026-09-22T17:47:03.773Z
2026,3,17795,MarShawn Lloyd,GB,RB,vs ATL,rushYds,Hard Rock,23.5,under,45.05,130,-180,0.4348,0.4035,0.0776,0,0.2423,-0.1924,-0.1611,ev,multiplicative,live,202609250580A50A,2026-09-22T17:47:03.773Z
2026,3,12561,Lamar Jackson,BAL,QB,at DAL,rushYds,Hard Rock,31.5,under,52.86,125,-175,0.4444,0.4112,0.0808,0,0.2518,-0.1926,-0.1594,ev,multiplicative,live,202609270726D5A2,2026-09-22T17:47:03.773Z
2026,3,14411,CeeDee Lamb,DAL,WR,vs BAL,receptions,FanDuel,5.5,over,5.87,-303,,0.7519,0.7519,,1,0.5590,-0.1928,-0.1928,ev,none,live,202609270726D5A2,2026-09-22T17:47:03.773Z
2026,3,16739,Bijan Robinson,ATL,RB,at GB,receptions,BetMGM,5.5,over,4.13,120,-160,0.4545,0.4248,0.0699,0,0.2605,-0.1940,-0.1643,ev,multiplicative,live,202609250580A50A,2026-09-22T17:47:03.773Z
2026,3,17795,MarShawn Lloyd,GB,RB,vs ATL,receptions,Hard Rock,3.5,under,1.71,-8000,1600,0.9877,0.9438,0.0465,0,0.7927,-0.1950,-0.1511,ev,multiplicative,live,202609250580A50A,2026-09-22T17:47:03.773Z
2026,3,15306,Javonte Williams,DAL,RB,vs BAL,recYds,Hard Rock,21.5,over,15.36,125,-175,0.4444,0.4112,0.0808,0,0.2493,-0.1951,-0.1619,ev,multiplicative,live,202609270726D5A2,2026-09-22T17:47:03.773Z
2026,3,15947,Jake Ferguson,DAL,TE,vs BAL,recYds,FanDuel,28.5,under,34.7,-114,-114,0.5327,0.5000,0.0654,0,0.3368,-0.1959,-0.1632,ev,multiplicative,live,202609270726D5A2,2026-09-22T17:47:03.773Z
2026,3,17700,Michael Penix Jr.,ATL,QB,at GB,passYds,DraftKings,149.5,over,199.74,-620,,0.8611,0.8611,,1,0.6651,-0.1960,-0.1960,ev,none,live,202609250580A50A,2026-09-22T17:47:03.773Z
2026,3,14446,Justin Herbert,LAC,QB,at BUF,rushYds,Hard Rock,34.5,over,22.63,300,-500,0.2500,0.2308,0.0833,0,0.0536,-0.1964,-0.1772,ev,multiplicative,live,2026092763BB8AC8,2026-09-22T17:47:03.773Z
2026,3,17700,Michael Penix Jr.,ATL,QB,at GB,passYds,Hard Rock,156.5,over,199.74,-525,325,0.8400,0.7812,0.0753,0,0.6432,-0.1968,-0.1380,ev,multiplicative,live,202609250580A50A,2026-09-22T17:47:03.773Z
2026,3,15306,Javonte Williams,DAL,RB,vs BAL,recYds,FanDuel,39.5,over,15.36,398,,0.2008,0.2008,,1,0.0039,-0.1969,-0.1969,ev,none,live,202609270726D5A2,2026-09-22T17:47:03.773Z
2026,3,15853,George Pickens,DAL,WR,vs BAL,recYds,Hard Rock,44.5,under,75.47,165,-230,0.3774,0.3513,0.0743,0,0.1804,-0.1969,-0.1708,ev,multiplicative,live,202609270726D5A2,2026-09-22T17:47:03.773Z
2026,3,17700,Michael Penix Jr.,ATL,QB,at GB,passYds,FanDuel,124.5,over,199.74,-1451,,0.9355,0.9355,,1,0.7385,-0.1970,-0.1970,ev,none,live,202609250580A50A,2026-09-22T17:47:03.773Z
2026,3,17700,Michael Penix Jr.,ATL,QB,at GB,passAtt,theScore,34.5,over,29.07,185,,0.3509,0.3509,,1,0.1531,-0.1977,-0.1977,ev,none,live,202609250580A50A,2026-09-22T17:47:03.773Z
2026,3,17700,Michael Penix Jr.,ATL,QB,at GB,passAtt,DraftKings,31.5,over,29.07,-109,-117,0.5215,0.4917,0.0607,0,0.3235,-0.1980,-0.1681,ev,multiplicative,live,202609250580A50A,2026-09-22T17:47:03.773Z
2026,3,15306,Javonte Williams,DAL,RB,vs BAL,recYds,Hard Rock,41.5,over,15.36,400,-750,0.2000,0.1848,0.0824,0,0.0020,-0.1980,-0.1828,ev,multiplicative,live,202609270726D5A2,2026-09-22T17:47:03.773Z
2026,3,15947,Jake Ferguson,DAL,TE,vs BAL,recYds,Caesars,28.5,under,34.7,-115,-114,0.5349,0.5010,0.0676,0,0.3368,-0.1981,-0.1642,ev,multiplicative,live,202609270726D5A2,2026-09-22T17:47:03.773Z
2026,3,11008,Dak Prescott,DAL,QB,vs BAL,rushYds,BetRivers,12.5,over,9.5,-117,-114,0.5392,0.5030,0.0719,0,0.3410,-0.1981,-0.1620,ev,multiplicative,live,202609270726D5A2,2026-09-22T17:47:03.773Z
2026,3,15853,George Pickens,DAL,WR,vs BAL,recYds,Hard Rock,74.5,under,75.47,-220,155,0.6875,0.6368,0.0797,0,0.4886,-0.1989,-0.1482,ev,multiplicative,live,202609270726D5A2,2026-09-22T17:47:03.773Z
2026,3,12483,Josh Allen,BUF,QB,vs LAC,rushAtt,BetRivers,7.5,over,7.02,-136,,0.5763,0.5763,,1,0.3766,-0.1996,-0.1996,ev,none,live,2026092763BB8AC8,2026-09-22T17:47:03.773Z
2026,3,17795,MarShawn Lloyd,GB,RB,vs ATL,rushYds,Hard Rock,64.5,under,45.05,-1400,600,0.9333,0.8673,0.0762,0,0.7337,-0.1996,-0.1335,ev,multiplicative,live,202609250580A50A,2026-09-22T17:47:03.773Z
2026,3,15306,Javonte Williams,DAL,RB,vs BAL,rushYds,theScore,99.5,over,63.83,400,,0.2000,0.2000,,1,0.0004,-0.1996,-0.1996,ev,none,live,202609270726D5A2,2026-09-22T17:47:03.773Z
2026,3,16899,Quentin Johnston,LAC,WR,at BUF,recYds,Hard Rock,30.5,under,42.06,110,-155,0.4762,0.4393,0.0840,0,0.2763,-0.1999,-0.1630,ev,multiplicative,live,2026092763BB8AC8,2026-09-22T17:47:03.773Z
2026,3,18515,Kaleb Johnson,GB,RB,vs ATL,rushYds,FanDuel,69.5,over,21.07,319,,0.2387,0.2387,,1,0.0386,-0.2000,-0.2000,ev,none,live,202609250580A50A,2026-09-22T17:47:03.773Z
2026,3,16899,Quentin Johnston,LAC,WR,at BUF,recYds,Hard Rock,24.5,under,42.06,160,-230,0.3846,0.3556,0.0816,0,0.1835,-0.2011,-0.1721,ev,multiplicative,live,2026092763BB8AC8,2026-09-22T17:47:03.773Z
2026,3,12483,Josh Allen,BUF,QB,vs LAC,rushYds,Caesars,49.5,over,32.45,215,,0.3175,0.3175,,1,0.1160,-0.2015,-0.2015,ev,none,live,2026092763BB8AC8,2026-09-22T17:47:03.773Z
2026,3,17700,Michael Penix Jr.,ATL,QB,at GB,passYds,theScore,149.5,over,199.74,-650,,0.8667,0.8667,,1,0.6651,-0.2016,-0.2016,ev,none,live,202609250580A50A,2026-09-22T17:47:03.773Z
2026,3,17700,Michael Penix Jr.,ATL,QB,at GB,passYds,Hard Rock,106.5,over,199.74,-8000,1600,0.9877,0.9438,0.0465,0,0.7857,-0.2020,-0.1581,ev,multiplicative,live,202609250580A50A,2026-09-22T17:47:03.773Z
2026,3,17795,MarShawn Lloyd,GB,RB,vs ATL,rushYds,Hard Rock,24.5,under,45.05,120,-165,0.4545,0.4220,0.0772,0,0.2526,-0.2020,-0.1694,ev,multiplicative,live,202609250580A50A,2026-09-22T17:47:03.773Z
2026,3,12483,Josh Allen,BUF,QB,vs LAC,passTD,DraftKings,1.5,over,1.41,-159,124,0.6139,0.5790,0.0603,0,0.4116,-0.2023,-0.1674,ev,multiplicative,live,2026092763BB8AC8,2026-09-22T17:47:03.773Z
2026,3,16899,Quentin Johnston,LAC,WR,at BUF,recYds,Hard Rock,25.5,under,42.06,150,-220,0.4000,0.3678,0.0875,0,0.1975,-0.2025,-0.1703,ev,multiplicative,live,2026092763BB8AC8,2026-09-22T17:47:03.773Z
2026,3,15306,Javonte Williams,DAL,RB,vs BAL,receptions,Caesars,3.5,over,2.63,116,-152,0.4630,0.4342,0.0661,0,0.2595,-0.2034,-0.1747,ev,multiplicative,live,202609270726D5A2,2026-09-22T17:47:03.773Z
2026,3,15306,Javonte Williams,DAL,RB,vs BAL,receptions,FanDuel,3.5,over,2.63,116,-154,0.4630,0.4330,0.0693,0,0.2595,-0.2034,-0.1735,ev,multiplicative,live,202609270726D5A2,2026-09-22T17:47:03.773Z
2026,3,15306,Javonte Williams,DAL,RB,vs BAL,receptions,DraftKings,3.5,over,2.63,116,-147,0.4630,0.4375,0.0581,0,0.2595,-0.2034,-0.1780,ev,multiplicative,live,202609270726D5A2,2026-09-22T17:47:03.773Z
2026,3,11008,Dak Prescott,DAL,QB,vs BAL,completions,BetRivers,25.5,over,22.43,-112,,0.5283,0.5283,,1,0.3249,-0.2034,-0.2034,ev,none,live,202609270726D5A2,2026-09-22T17:47:03.773Z
2026,3,11008,Dak Prescott,DAL,QB,vs BAL,rushYds,Hard Rock,27.5,over,9.5,375,-650,0.2105,0.1954,0.0772,0,0.0070,-0.2035,-0.1884,ev,multiplicative,live,202609270726D5A2,2026-09-22T17:47:03.773Z
2026,3,11008,Dak Prescott,DAL,QB,vs BAL,rushYds,Caesars,12.5,over,9.5,-120,-109,0.5455,0.5112,0.0670,0,0.3410,-0.2044,-0.1702,ev,multiplicative,live,202609270726D5A2,2026-09-22T17:47:03.773Z
2026,3,11008,Dak Prescott,DAL,QB,vs BAL,rushYds,theScore,12.5,over,9.5,-120,-110,0.5455,0.5101,0.0693,0,0.3410,-0.2044,-0.1691,ev,multiplicative,live,202609270726D5A2,2026-09-22T17:47:03.773Z
2026,3,11008,Dak Prescott,DAL,QB,vs BAL,rushYds,Hard Rock,12.5,over,9.5,-120,-110,0.5455,0.5101,0.0693,0,0.3410,-0.2044,-0.1691,ev,multiplicative,live,202609270726D5A2,2026-09-22T17:47:03.773Z
2026,3,17700,Michael Penix Jr.,ATL,QB,at GB,passAtt,Caesars,31.5,over,29.07,-112,-120,0.5283,0.4920,0.0738,0,0.3235,-0.2048,-0.1685,ev,multiplicative,live,202609250580A50A,2026-09-22T17:47:03.773Z
2026,3,15853,George Pickens,DAL,WR,vs BAL,recYds,theScore,59.5,under,75.47,-110,-120,0.5238,0.4899,0.0693,0,0.3187,-0.2051,-0.1711,ev,multiplicative,live,202609270726D5A2,2026-09-22T17:47:03.773Z
2026,3,17795,MarShawn Lloyd,GB,RB,vs ATL,rushYds,Hard Rock,63.5,under,45.05,-1300,575,0.9286,0.8624,0.0767,0,0.7231,-0.2055,-0.1393,ev,multiplicative,live,202609250580A50A,2026-09-22T17:47:03.773Z
2026,3,15306,Javonte Williams,DAL,RB,vs BAL,receptions,Hard Rock,3.5,over,2.63,115,-150,0.4651,0.4367,0.0651,0,0.2595,-0.2056,-0.1772,ev,multiplicative,live,202609270726D5A2,2026-09-22T17:47:03.773Z
2026,3,14446,Justin Herbert,LAC,QB,at BUF,rushYds,BetRivers,39.5,over,22.63,360,,0.2174,0.2174,,1,0.0110,-0.2064,-0.2064,ev,none,live,2026092763BB8AC8,2026-09-22T17:47:03.773Z
2026,3,17700,Michael Penix Jr.,ATL,QB,at GB,completions,BetMGM,19.5,over,16.68,-110,-120,0.5238,0.4899,0.0693,0,0.3168,-0.2070,-0.1731,ev,multiplicative,live,202609250580A50A,2026-09-22T17:47:03.773Z
2026,3,12561,Lamar Jackson,BAL,QB,at DAL,rushYds,DraftKings,38.5,under,52.86,-115,-109,0.5349,0.5063,0.0564,0,0.3265,-0.2084,-0.1798,ev,multiplicative,live,202609270726D5A2,2026-09-22T17:47:03.773Z
2026,3,15868,Drake London,ATL,WR,at GB,recYds,Caesars,99.5,over,61.67,270,,0.2703,0.2703,,1,0.0609,-0.2094,-0.2094,ev,none,live,202609250580A50A,2026-09-22T17:47:03.773Z
2026,3,11008,Dak Prescott,DAL,QB,vs BAL,rushYds,BetRivers,29.5,over,9.5,370,,0.2128,0.2128,,1,0.0032,-0.2096,-0.2096,ev,none,live,202609270726D5A2,2026-09-22T17:47:03.773Z
2026,3,18515,Kaleb Johnson,GB,RB,vs ATL,rushYds,Hard Rock,47.5,over,21.07,165,-240,0.3774,0.3484,0.0832,0,0.1675,-0.2099,-0.1809,ev,multiplicative,live,202609250580A50A,2026-09-22T17:47:03.773Z
2026,3,17700,Michael Penix Jr.,ATL,QB,at GB,passYds,Hard Rock,149.5,over,199.74,-700,400,0.8750,0.8140,0.0750,0,0.6651,-0.2099,-0.1488,ev,multiplicative,live,202609250580A50A,2026-09-22T17:47:03.773Z
2026,3,11008,Dak Prescott,DAL,QB,vs BAL,completions,Hard Rock,25.5,over,22.43,-115,-115,0.5349,0.5000,0.0698,0,0.3249,-0.2100,-0.1751,ev,multiplicative,live,202609270726D5A2,2026-09-22T17:47:03.773Z
2026,3,17700,Michael Penix Jr.,ATL,QB,at GB,passAtt,theScore,31.5,over,29.07,-115,-115,0.5349,0.5000,0.0698,0,0.3235,-0.2113,-0.1765,ev,multiplicative,live,202609250580A50A,2026-09-22T17:47:03.773Z
2026,3,17700,Michael Penix Jr.,ATL,QB,at GB,passAtt,Hard Rock,31.5,over,29.07,-115,-115,0.5349,0.5000,0.0698,0,0.3235,-0.2113,-0.1765,ev,multiplicative,live,202609250580A50A,2026-09-22T17:47:03.773Z
2026,3,18515,Kaleb Johnson,GB,RB,vs ATL,rushYds,theScore,69.5,over,21.07,300,,0.2500,0.2500,,1,0.0386,-0.2114,-0.2114,ev,none,live,202609250580A50A,2026-09-22T17:47:03.773Z
2026,3,15947,Jake Ferguson,DAL,TE,vs BAL,recYds,Hard Rock,27.5,under,34.7,-110,-120,0.5238,0.4899,0.0693,0,0.3124,-0.2114,-0.1775,ev,multiplicative,live,202609270726D5A2,2026-09-22T17:47:03.773Z
2026,3,15853,George Pickens,DAL,WR,vs BAL,recYds,DraftKings,59.5,under,75.47,-113,-111,0.5305,0.5021,0.0566,0,0.3187,-0.2118,-0.1834,ev,multiplicative,live,202609270726D5A2,2026-09-22T17:47:03.773Z
2026,3,15947,Jake Ferguson,DAL,TE,vs BAL,recYds,Hard Rock,17.5,under,34.7,200,-300,0.3333,0.3077,0.0833,0,0.1213,-0.2120,-0.1863,ev,multiplicative,live,202609270726D5A2,2026-09-22T17:47:03.773Z
2026,3,17700,Michael Penix Jr.,ATL,QB,at GB,passYds,BetRivers,149.5,over,199.74,-715,,0.8773,0.8773,,1,0.6651,-0.2122,-0.2122,ev,none,live,202609250580A50A,2026-09-22T17:47:03.773Z
2026,3,15306,Javonte Williams,DAL,RB,vs BAL,receptions,BetRivers,3.5,over,2.63,112,,0.4717,0.4717,,1,0.2595,-0.2122,-0.2122,ev,none,live,202609270726D5A2,2026-09-22T17:47:03.773Z
2026,3,16739,Bijan Robinson,ATL,RB,at GB,recYds,Hard Rock,35.5,over,32.4,-170,120,0.6296,0.5807,0.0842,0,0.4174,-0.2122,-0.1633,ev,multiplicative,live,202609250580A50A,2026-09-22T17:47:03.773Z
2026,3,15853,George Pickens,DAL,WR,vs BAL,recYds,Hard Rock,69.5,under,75.47,-180,130,0.6429,0.5965,0.0776,0,0.4301,-0.2128,-0.1665,ev,multiplicative,live,202609270726D5A2,2026-09-22T17:47:03.773Z
2026,3,15853,George Pickens,DAL,WR,vs BAL,recYds,Hard Rock,49.5,under,75.47,130,-180,0.4348,0.4035,0.0776,0,0.2218,-0.2130,-0.1817,ev,multiplicative,live,202609270726D5A2,2026-09-22T17:47:03.773Z
2026,3,15853,George Pickens,DAL,WR,vs BAL,recYds,FanDuel,59.5,under,75.47,-114,-114,0.5327,0.5000,0.0654,0,0.3187,-0.2140,-0.1813,ev,multiplicative,live,202609270726D5A2,2026-09-22T17:47:03.773Z
2026,3,11008,Dak Prescott,DAL,QB,vs BAL,completions,Caesars,25.5,over,22.43,-117,-113,0.5392,0.5040,0.0697,0,0.3249,-0.2143,-0.1792,ev,multiplicative,live,202609270726D5A2,2026-09-22T17:47:03.773Z
2026,3,17700,Michael Penix Jr.,ATL,QB,at GB,passYds,Hard Rock,146.5,over,199.74,-800,425,0.8889,0.8235,0.0794,0,0.6743,-0.2146,-0.1492,ev,multiplicative,live,202609250580A50A,2026-09-22T17:47:03.773Z
2026,3,18445,Omarion Hampton,LAC,RB,at BUF,receptions,Hard Rock,1.5,under,2.28,115,-145,0.4651,0.4401,0.0570,0,0.2500,-0.2151,-0.1901,ev,multiplicative,live,2026092763BB8AC8,2026-09-22T17:47:03.773Z
2026,3,12561,Lamar Jackson,BAL,QB,at DAL,rushYds,Caesars,37.5,under,52.86,-113,-115,0.5305,0.4980,0.0654,0,0.3153,-0.2152,-0.1827,ev,multiplicative,live,202609270726D5A2,2026-09-22T17:47:03.773Z
2026,3,17700,Michael Penix Jr.,ATL,QB,at GB,passYds,Hard Rock,116.5,over,199.74,-4000,1100,0.9756,0.9213,0.0589,0,0.7601,-0.2155,-0.1612,ev,multiplicative,live,202609250580A50A,2026-09-22T17:47:03.773Z
2026,3,15853,George Pickens,DAL,WR,vs BAL,recYds,Hard Rock,59.5,under,75.47,-115,-115,0.5349,0.5000,0.0698,0,0.3187,-0.2161,-0.1813,ev,multiplicative,live,202609270726D5A2,2026-09-22T17:47:03.773Z
2026,3,11008,Dak Prescott,DAL,QB,vs BAL,completions,DraftKings,25.5,over,22.43,-118,-108,0.5413,0.5104,0.0605,0,0.3249,-0.2164,-0.1855,ev,multiplicative,live,202609270726D5A2,2026-09-22T17:47:03.773Z
2026,3,15306,Javonte Williams,DAL,RB,vs BAL,recYds,Hard Rock,39.5,over,15.36,350,-600,0.2222,0.2059,0.0794,0,0.0039,-0.2183,-0.2020,ev,multiplicative,live,202609270726D5A2,2026-09-22T17:47:03.773Z
2026,3,15868,Drake London,ATL,WR,at GB,recYds,Caesars,89.5,over,61.67,189,,0.3460,0.3460,,1,0.1275,-0.2185,-0.2185,ev,none,live,202609250580A50A,2026-09-22T17:47:03.773Z
2026,3,15853,George Pickens,DAL,WR,vs BAL,recYds,Hard Rock,64.5,under,75.47,-145,110,0.5918,0.5541,0.0680,0,0.3731,-0.2187,-0.1810,ev,multiplicative,live,202609270726D5A2,2026-09-22T17:47:03.773Z
2026,3,16741,Chris Brooks,GB,RB,vs ATL,rushYds,theScore,15.5,under,28.67,100,-130,0.5000,0.4694,0.0652,0,0.2804,-0.2196,-0.1890,ev,multiplicative,live,202609250580A50A,2026-09-22T17:47:03.773Z
2026,3,12561,Lamar Jackson,BAL,QB,at DAL,rushYds,Hard Rock,36.5,under,52.86,-110,-120,0.5238,0.4899,0.0693,0,0.3042,-0.2196,-0.1857,ev,multiplicative,live,202609270726D5A2,2026-09-22T17:47:03.773Z
2026,3,12561,Lamar Jackson,BAL,QB,at DAL,rushYds,theScore,36.5,under,52.86,-110,-120,0.5238,0.4899,0.0693,0,0.3042,-0.2196,-0.1857,ev,multiplicative,live,202609270726D5A2,2026-09-22T17:47:03.773Z
2026,3,15306,Javonte Williams,DAL,RB,vs BAL,rushAtt,Caesars,13.5,under,17.31,109,-143,0.4785,0.4484,0.0669,0,0.2587,-0.2198,-0.1897,ev,multiplicative,live,202609270726D5A2,2026-09-22T17:47:03.773Z
2026,3,15853,George Pickens,DAL,WR,vs BAL,recYds,Hard Rock,54.5,under,75.47,105,-145,0.4878,0.4518,0.0796,0,0.2680,-0.2198,-0.1838,ev,multiplicative,live,202609270726D5A2,2026-09-22T17:47:03.773Z
2026,3,15853,George Pickens,DAL,WR,vs BAL,recYds,Caesars,59.5,under,75.47,-117,-112,0.5392,0.5051,0.0675,0,0.3187,-0.2204,-0.1863,ev,multiplicative,live,202609270726D5A2,2026-09-22T17:47:03.773Z
2026,3,15853,George Pickens,DAL,WR,vs BAL,recYds,BetRivers,59.5,under,75.47,-117,-113,0.5392,0.5040,0.0697,0,0.3187,-0.2204,-0.1853,ev,multiplicative,live,202609270726D5A2,2026-09-22T17:47:03.773Z
2026,3,15947,Jake Ferguson,DAL,TE,vs BAL,recYds,Hard Rock,24.5,under,34.7,115,-155,0.4651,0.4335,0.0730,0,0.2442,-0.2209,-0.1893,ev,multiplicative,live,202609270726D5A2,2026-09-22T17:47:03.773Z
2026,3,18445,Omarion Hampton,LAC,RB,at BUF,receptions,Caesars,1.5,under,2.28,112,-148,0.4717,0.4415,0.0685,0,0.2500,-0.2217,-0.1915,ev,multiplicative,live,2026092763BB8AC8,2026-09-22T17:47:03.773Z
2026,3,18445,Omarion Hampton,LAC,RB,at BUF,receptions,FanDuel,1.5,under,2.28,112,-148,0.4717,0.4415,0.0685,0,0.2500,-0.2217,-0.1915,ev,multiplicative,live,2026092763BB8AC8,2026-09-22T17:47:03.773Z
2026,3,17700,Michael Penix Jr.,ATL,QB,at GB,passAtt,BetMGM,31.5,over,29.07,-120,-110,0.5455,0.5101,0.0693,0,0.3235,-0.2219,-0.1866,ev,multiplicative,live,202609250580A50A,2026-09-22T17:47:03.773Z
2026,3,12561,Lamar Jackson,BAL,QB,at DAL,rushYds,Hard Rock,61.5,under,52.86,-700,375,0.8750,0.8061,0.0855,0,0.6522,-0.2228,-0.1538,ev,multiplicative,live,202609270726D5A2,2026-09-22T17:47:03.773Z
2026,3,17700,Michael Penix Jr.,ATL,QB,at GB,passYds,Hard Rock,124.5,over,199.74,-2500,800,0.9615,0.8964,0.0726,0,0.7385,-0.2231,-0.1579,ev,multiplicative,live,202609250580A50A,2026-09-22T17:47:03.773Z
2026,3,17700,Michael Penix Jr.,ATL,QB,at GB,passYds,Hard Rock,136.5,over,199.74,-1300,550,0.9286,0.8579,0.0824,0,0.7043,-0.2243,-0.1536,ev,multiplicative,live,202609250580A50A,2026-09-22T17:47:03.773Z
2026,3,12561,Lamar Jackson,BAL,QB,at DAL,rushYds,BetRivers,36.5,under,52.86,-113,-118,0.5305,0.4950,0.0718,0,0.3042,-0.2263,-0.1908,ev,multiplicative,live,202609270726D5A2,2026-09-22T17:47:03.773Z
2026,3,18515,Kaleb Johnson,GB,RB,vs ATL,rushYds,Hard Rock,42.5,over,21.07,125,-170,0.4444,0.4138,0.0741,0,0.2172,-0.2273,-0.1966,ev,multiplicative,live,202609250580A50A,2026-09-22T17:47:03.773Z
2026,3,12561,Lamar Jackson,BAL,QB,at DAL,rushYds,FanDuel,36.5,under,52.86,-114,-114,0.5327,0.5000,0.0654,0,0.3042,-0.2285,-0.1958,ev,multiplicative,live,202609270726D5A2,2026-09-22T17:47:03.773Z
2026,3,17700,Michael Penix Jr.,ATL,QB,at GB,passYds,Hard Rock,126.5,over,199.74,-2500,750,0.9615,0.8910,0.0792,0,0.7329,-0.2286,-0.1581,ev,multiplicative,live,202609250580A50A,2026-09-22T17:47:03.773Z
2026,3,17795,MarShawn Lloyd,GB,RB,vs ATL,rushYds,BetRivers,30.5,under,45.05,-121,-110,0.5475,0.5111,0.0713,0,0.3185,-0.2290,-0.1925,ev,multiplicative,live,202609250580A50A,2026-09-22T17:47:03.773Z
2026,3,15947,Jake Ferguson,DAL,TE,vs BAL,recYds,Hard Rock,22.5,under,34.7,130,-185,0.4348,0.4011,0.0839,0,0.2036,-0.2311,-0.1975,ev,multiplicative,live,202609270726D5A2,2026-09-22T17:47:03.773Z
2026,3,17795,MarShawn Lloyd,GB,RB,vs ATL,rushYds,Hard Rock,58.5,under,45.05,-900,450,0.9000,0.8319,0.0818,0,0.6670,-0.2330,-0.1650,ev,multiplicative,live,202609250580A50A,2026-09-22T17:47:03.773Z
2026,3,15947,Jake Ferguson,DAL,TE,vs BAL,recYds,BetRivers,27.5,under,34.7,-120,-112,0.5455,0.5080,0.0738,0,0.3124,-0.2331,-0.1956,ev,multiplicative,live,202609270726D5A2,2026-09-22T17:47:03.773Z
2026,3,17700,Michael Penix Jr.,ATL,QB,at GB,rushYds,Hard Rock,8.5,under,8.86,-250,175,0.7143,0.6627,0.0779,0,0.4779,-0.2363,-0.1847,ev,multiplicative,live,202609250580A50A,2026-09-22T17:47:03.773Z
2026,3,17795,MarShawn Lloyd,GB,RB,vs ATL,recYds,Hard Rock,15.5,under,12.1,-525,325,0.8400,0.7812,0.0753,0,0.5954,-0.2446,-0.1858,ev,multiplicative,live,202609250580A50A,2026-09-22T17:47:03.773Z
2026,3,14371,Jordan Love,GB,QB,vs ATL,rushYds,Hard Rock,13.5,under,14.63,-230,160,0.6970,0.6444,0.0816,0,0.4517,-0.2453,-0.1927,ev,multiplicative,live,202609250580A50A,2026-09-22T17:47:03.773Z
2026,3,17795,MarShawn Lloyd,GB,RB,vs ATL,rushYds,Hard Rock,53.5,under,45.05,-650,375,0.8667,0.8046,0.0772,0,0.6069,-0.2598,-0.1977,ev,multiplicative,live,202609250580A50A,2026-09-22T17:47:03.773Z
